0,1,2,3,4,5,6,7,8,9,10,11,12,13,14
-0.20647278,-0.1457932,-0.107602246,-0.01997945,-0.25446686,0.106823355,-0.1392951,-0.22393751,-0.26336923,-0.15116408,-0.25782436,-0.052009445,-0.22929457,-0.108051285,-0.092163295
-0.17121983,-0.15109184,-0.13236567,-0.020057034,-0.29092413,0.106262095,-0.17744045,-0.21064526,-0.30489457,-0.18551987,-0.28630078,-0.047816932,-0.27601102,-0.11448178,-0.1216722
-0.007035954,0.07993514,-0.004981906,0.39208937,-0.06258743,0.10379783,0.031585686,0.08732325,-0.027467223,-0.051997975,-0.17992789,-0.16844302,-0.06614464,0.17601058,-0.017391339
0.024522644,0.06563759,-0.02835689,0.41298735,-0.05953694,0.048478108,0.04549185,0.115434155,-0.04342518,-0.067442805,-0.21241298,-0.18462469,-0.08903836,0.11922509,-0.00681463
-0.27356657,-0.2823832,-0.17786224,-0.20791477,-0.20638639,-0.050051525,-0.1272778,-0.22442421,-0.13372603,-0.18853012,-0.25561845,-0.096351966,-0.09480439,-0.19495563,-0.1388059
-0.30099788,-0.24609458,-0.120236576,-0.10382684,-0.16871145,-0.044739153,-0.11716738,-0.21983686,-0.14231023,-0.25797796,-0.27816924,-0.13046932,-0.12595999,-0.16142207,-0.09844907
0.083037,0.11201027,0.080187485,-0.10079562,-0.22002625,-0.17293563,-0.08521261,0.15973756,-0.23978987,-0.15750125,-0.16042085,0.1910057,-0.2609829,-0.1795953,-0.056023072
0.1967741,0.15970978,0.09843938,-0.070761874,-0.19223484,-0.14040598,0.00800194,0.14398605,-0.23297942,-0.085400306,-0.12494747,0.1336249,-0.22225662,-0.15860638,0.025801526
0.12038192,0.165212,0.023121513,0.0042063077,-0.113124765,-0.105272174,0.017738495,0.22181997,-0.22828224,-0.023026146,-0.116530865,0.20150083,-0.22760886,-0.13238706,-0.0011272824
0.115535304,0.117182955,-0.0149676185,-0.0109457355,-0.106249675,-0.09348485,-0.0017060488,0.17873535,-0.18290573,-0.05535157,-0.08521222,0.19749913,-0.18707585,-0.09556702,-0.0526873
0.030352492,-0.24656504,-0.23702627,-0.09781858,-0.1835849,-0.047115326,-0.10646182,-0.053849444,0.22398467,0.13886699,0.2111597,-0.13279566,0.2964098,-0.07166527,-0.22141922
0.02513849,-0.29702163,-0.2921229,-0.10196161,-0.20050326,-0.064264275,-0.1583204,-0.0729634,0.20256965,0.07647483,0.15990967,-0.17034757,0.2602113,-0.11408807,-0.26733437
-0.3266917,-0.1844069,-0.21020496,-0.0695103,-0.23661779,0.11588414,-0.017993947,-0.30966645,-0.036792874,-0.21957317,-0.3671736,-0.13746892,-0.1273161,-0.056845196,-0.1421349
-0.298748,-0.15732858,-0.20997968,-0.02233131,-0.24691239,0.14696938,-0.011161226,-0.3025734,-0.034321554,-0.18994974,-0.35334158,-0.1431901,-0.11852859,-0.018485004,-0.13237117
0.2427578,0.11669999,-0.15718198,0.009358661,-0.06860916,0.04895903,-0.020106677,0.022611849,-0.0412035,0.052127846,-0.05826863,0.027540527,-0.112654835,-0.024699869,0.04953353
0.26087308,0.10490456,-0.15731141,-0.0015938638,-0.09146747,0.033419944,-0.052920554,0.01997626,-0.028254166,0.045291737,-0.058904827,-0.033216737,-0.100406945,-0.058620445,0.046266943
-0.17919302,-0.10816188,-0.18606584,0.06809211,-0.19900168,0.10006754,0.008251524,-0.11358509,0.05727156,-0.1273395,-0.15508449,-0.019655082,-0.036475915,0.024149064,-0.18367736
-0.16531844,-0.07479321,-0.16219524,0.12213439,-0.15759274,0.12313909,0.036212206,-0.11838731,0.05407107,-0.12376161,-0.14962138,0.011082168,-0.04866536,0.07276275,-0.17735395
-0.036689125,0.056269057,-0.09542741,-0.01306999,0.33147615,0.10733387,0.1411558,-0.08754903,0.1656701,0.24352726,0.32481003,0.025881778,0.16633913,0.3544767,-0.03165628
-0.0006889382,0.01696949,-0.11203435,-0.029551368,0.31438652,0.09972048,0.1324532,-0.10374242,0.15683699,0.25495535,0.29691344,0.023654072,0.16635118,0.3407745,-0.053646445
0.29728466,-0.11890361,-0.063769326,0.16942681,-0.22988679,0.10070282,0.00047262828,0.2610885,-0.09772591,-0.09511669,-0.09078282,-0.12440297,-0.080795035,-0.11406882,-0.08659035
0.2698466,-0.102251574,-0.05600083,0.1810054,-0.18989709,0.12275544,0.036553495,0.30549604,-0.07604085,-0.07591878,-0.08766426,-0.12178825,-0.07596232,-0.07313769,-0.09431751
-0.08036185,-0.24781306,-0.37751782,-0.24425656,-0.10291639,0.26285613,-0.04167194,-0.21565263,0.29571795,0.2462573,0.24767104,-0.10505788,0.33015954,0.1860504,-0.3243683
-0.08004743,-0.25193557,-0.3698678,-0.23810042,-0.109542236,0.24136055,-0.049447767,-0.17637315,0.2864849,0.23967038,0.25245935,-0.10606472,0.32549927,0.18007265,-0.34388763
-0.2596231,-0.14100406,-0.09513262,-0.06717831,-0.11990723,0.12007719,0.07771999,-0.22794722,0.13657582,1.9477913e-05,-0.17735827,-0.04136151,0.092401795,0.01830447,0.006140648
-0.26023299,-0.11163223,-0.0933562,-0.047624633,-0.11331259,0.13879867,0.08523155,-0.22912115,0.13268532,0.029430218,-0.1747343,-0.041219134,0.08605587,0.036509804,0.02419488
0.36558354,0.24647334,0.18930165,0.051360995,-0.06415501,-0.067965046,0.04488066,0.1239678,0.0047992878,0.29147273,0.28477532,0.122816496,0.10198455,0.033579044,0.23684247
0.35745785,0.23864576,0.18019997,0.042061076,-0.0798585,-0.06397845,0.029160112,0.1239318,0.0062549473,0.2919799,0.26291105,0.13456066,0.09996649,0.019836126,0.22314328
0.121255666,0.29961222,0.10006748,0.49676782,-0.008230689,0.2322447,0.25624958,0.06261796,-0.19457075,0.11307955,-0.14802966,-0.20817114,-0.1312769,0.16974312,0.2769463
0.10117957,0.30335867,0.0973642,0.48736593,-0.0030119221,0.24432567,0.23314735,0.04000804,-0.19650157,0.11941791,-0.12899089,-0.2122683,-0.1338806,0.18501046,0.2742701
0.29196486,-0.17561935,-0.17761421,-0.039737187,0.15287432,0.08626615,0.016012603,-0.023498032,0.25771514,0.17567815,0.31336462,0.04866689,0.2872328,0.17257252,-0.035499923
0.29523152,-0.20246428,-0.21025383,-0.041339844,0.107950844,0.071412995,-0.0155241415,-0.052572817,0.26700032,0.16659498,0.30179965,0.062124833,0.29184723,0.14912152,-0.08335137
-0.25136334,-0.24307442,-0.2267887,-0.24013022,-0.37661418,0.054047488,-0.1986185,-0.3196378,-0.23346159,-0.35326642,-0.38795966,-0.058459572,-0.26132137,-0.25043347,-0.26081663
-0.2232558,-0.2245399,-0.22360033,-0.2514819,-0.41951084,0.026193451,-0.22483346,-0.31964225,-0.23395035,-0.36008623,-0.3961942,-0.033337403,-0.26893348,-0.26648852,-0.26013756
0.37790418,0.0035301538,0.0024456147,0.03532297,-0.30448025,-0.06046117,7.904833e-06,0.17737402,-0.17835781,0.026510622,-0.22513464,-0.15277725,-0.1251134,-0.26564658,0.094742715
0.38158637,-0.0033621253,-0.003780492,0.034134746,-0.29875705,-0.051869385,-0.010516438,0.16108486,-0.17205885,0.02264228,-0.21843371,-0.15273571,-0.123176605,-0.26252496,0.091489404
0.15534821,-0.0011526248,-0.11740281,0.16410351,0.105252564,0.31485263,0.3701021,-0.08509754,0.21079658,0.32255977,0.24249998,-0.097184405,0.32777014,0.3488506,-0.08567056
0.1539456,-0.0007813387,-0.11740612,0.16610166,0.106768176,0.31453598,0.36843908,-0.085919484,0.21080157,0.32254344,0.24193877,-0.09466481,0.32708305,0.35154507,-0.08542599
0.10180871,-0.19456348,-0.11513455,-0.16335042,-0.27885547,-0.23732197,-0.38048428,-0.061516307,-0.16449204,-0.35585892,-0.43639296,-0.16130912,-0.2689287,-0.31486815,-0.08610588
0.117593765,-0.18039753,-0.11559923,-0.15170762,-0.31651717,-0.23429248,-0.35286832,-0.0362767,-0.16363218,-0.35959494,-0.42446178,-0.19165987,-0.26282692,-0.33868882,-0.08980682
-0.05734536,-0.09547754,-0.03479987,-0.0785598,-0.09014419,0.06671367,-0.1573285,0.05925449,0.298433,-0.0016143993,-0.07567832,0.10392289,0.12769176,0.22103144,-0.1814946
-0.195231,-0.14232585,-0.019013429,-0.31307673,-0.22163853,-0.19299,-0.29335326,-0.23016357,-0.12925173,-0.13988292,-0.29303306,-0.044190384,-0.17541434,-0.19361903,0.018838193
-0.21353485,-0.1765863,-0.04911653,-0.32245448,-0.23225777,-0.18272433,-0.30089015,-0.2431992,-0.14539023,-0.18743531,-0.28530297,-0.01073244,-0.20017923,-0.2141475,-0.014015286
-0.18055075,-0.17048837,-0.050361656,-0.24142605,-0.21531564,-0.20684955,-0.23683816,-0.18870562,-0.17411198,-0.12152922,-0.2910691,-0.07659383,-0.13273394,-0.21996787,-0.010319467
-0.16488944,-0.15017438,-0.033312265,-0.23619899,-0.21076635,-0.20757763,-0.23690364,-0.160109,-0.19163218,-0.099979505,-0.3117488,-0.09491078,-0.15098749,-0.20805772,0.0011935234
0.014434527,-0.013383627,-0.13403127,0.1963073,0.20049886,0.16854148,0.17182744,-0.01267016,0.17463598,0.07708195,0.38884208,-0.10804303,0.25980315,0.13065334,-0.067037985
-0.0034999778,0.019435717,-0.0966177,0.16808197,0.09894895,0.18405822,0.16169353,0.0087650865,0.18162285,0.096688785,0.36427692,-0.104425155,0.2608992,0.10005264,-0.05926866
0.1925002,0.23837906,0.14082101,-0.09504125,-0.071666315,-0.027081791,0.12442705,0.10147318,0.18307526,0.3390906,0.27479112,0.052013583,0.18381175,0.11753045,0.1832129
0.22004765,0.20334151,0.12615699,-0.1182785,-0.08053678,-0.057907507,0.115781546,0.09822214,0.17529938,0.34989747,0.31127062,0.06315185,0.20011117,0.09949567,0.15282989
0.04178975,-0.19060509,-0.14954543,0.07710631,-0.022128982,0.18401557,0.22561821,-0.08608262,0.30077672,0.10911353,0.263898,-0.05704419,0.45766163,0.09837947,-0.12593877
0.026494991,-0.22250083,-0.2018474,0.031260163,-0.05821871,0.19289094,0.20038044,-0.14505546,0.27100408,0.08260462,0.17095084,-0.115425736,0.42818505,0.051322617,-0.17472434
0.36672318,0.26239833,0.25580248,0.06189588,0.13274118,0.008532815,0.079869255,0.2511194,0.2236117,0.46155658,0.29308254,0.09381977,0.2354291,0.28021258,0.27532405
0.4133119,0.2630952,0.22856048,0.058738396,0.13531443,0.032900594,0.10272816,0.24570893,0.21881002,0.50149995,0.30020043,0.091955304,0.24774711,0.26720834,0.26943767
0.39825496,0.2167483,0.09715262,0.33883408,0.42405328,0.2388481,0.47077876,0.25979257,0.25510788,0.3026428,0.284553,-0.0034222926,0.35129243,0.31186083,0.20746541
0.42338413,0.18133876,0.07240263,0.3020415,0.3897236,0.21923152,0.4173053,0.23667592,0.27095002,0.29839104,0.25611347,-0.0250659,0.3582828,0.28429726,0.19886346
0.018106347,-0.28540373,-0.31859016,0.07020718,-0.04262437,0.28415346,0.10893345,-0.063704185,0.1258007,-0.036797896,0.22244382,0.061478075,0.16216072,0.08583243,-0.35566092
-0.027681883,-0.29733372,-0.2905455,0.05353172,-0.09904033,0.23973683,0.04656946,-0.1042571,0.080613144,-0.07547562,0.16721484,0.09468876,0.12198315,0.028420467,-0.34160143
0.329887,0.23244226,0.27129775,0.027129736,-0.022780389,-0.13844235,0.074821204,0.15446863,-0.064689726,0.26319164,0.28481743,0.3742395,0.05794469,-0.07455279,0.2571192
0.31582978,0.19588006,0.24968095,0.011284021,-0.036532015,-0.14089526,0.09981857,0.12079321,-0.042092845,0.26693314,0.28791034,0.39578912,0.085014805,-0.0726744,0.23797311
0.33702606,0.20226468,0.24941051,0.13303764,0.1798303,-0.118019134,0.14670011,0.12475437,0.023800876,0.2994526,0.3260427,0.41646627,0.16485566,0.07877476,0.28721315
0.3283384,0.14360157,0.21522373,0.078025796,0.11788818,-0.12807721,0.106773555,0.09862551,0.00072158594,0.25468335,0.32478863,0.4229779,0.14226134,0.04256888,0.23097342
-0.0470066,-0.084763974,-0.14851315,-0.13627788,-0.030817743,0.21016532,0.011218773,-0.116924085,0.26070076,0.3153129,0.351452,0.16940385,0.3222103,0.29285175,-0.12793075
-0.040262654,-0.06872147,-0.12500434,-0.14527106,-0.039870434,0.20134497,0.014975139,-0.12782426,0.24873729,0.31942517,0.36168408,0.19089189,0.32015714,0.28560138,-0.104507774
-0.06429732,-0.035255432,-0.109220944,-0.17247832,-0.15716389,0.095029,0.12517616,-0.19720623,-0.1366711,-0.19805863,-0.34920675,-0.16397265,-0.1330014,-0.17723869,-0.02379426
-0.074986055,-0.021685075,-0.07904698,-0.2141568,-0.16136512,0.08298894,0.103829086,-0.20294833,-0.1531671,-0.18644321,-0.3550303,-0.16095284,-0.14780936,-0.16385807,-0.021777444
-0.20428266,-0.1269192,-0.09733093,-0.22379985,-0.2707078,-0.25156495,-0.3536851,-0.17107266,-0.1318964,-0.09946015,-0.4089229,-0.3084337,-0.189037,-0.29571897,-0.014727006
-0.15797868,-0.044436034,-0.06839113,-0.08192304,-0.22943652,-0.01067494,-0.0037136422,-0.2505716,-0.21916302,-0.063674346,-0.3719761,-0.11766962,-0.235199,-0.14305276,0.05802338
-0.13691255,-0.057174794,-0.10746814,-0.0974495,-0.2544497,-0.02767792,-0.002168789,-0.27804273,-0.24014491,-0.06560308,-0.38978165,-0.109348476,-0.26101458,-0.16954514,0.03518213
-0.23820788,-0.097667284,-0.14652982,-0.0058608158,-0.1542097,0.20095845,-0.11331947,-0.16449815,0.0788544,-0.10909495,-0.130137,-0.13924465,-0.056208402,0.05324894,-0.124852374
0.2000761,0.14182314,0.12084131,0.089612454,-0.011820436,-0.085416384,0.048809875,0.004187706,-0.32706216,0.021730158,-0.046262406,0.46208405,-0.22010499,-0.040527523,0.2075598
0.19584325,0.14824848,0.12134283,0.083142295,-0.01943373,-0.07043218,0.034135796,0.016844114,-0.33237815,0.02612075,-0.03695228,0.45165175,-0.2296569,-0.04305609,0.19471388
-0.080487505,-0.10284178,-0.15608832,-0.06053242,-0.0006884646,0.17282492,0.03365772,-0.12081054,0.09105735,0.088728815,0.2740031,0.28401607,0.05557671,0.24421376,-0.14143369
-0.0405474,-0.08513436,-0.121825546,-0.06974538,0.00930964,0.15878299,0.041580252,-0.103259176,0.091443285,0.110436186,0.27339512,0.31378442,0.06914557,0.23847854,-0.10952659
0.19986683,-0.17612141,-0.13860601,-0.20971389,-0.30556244,-0.19338289,-0.28416345,-0.02036125,-0.034000047,-0.1688266,-0.30337322,-0.25093645,-0.11029808,-0.2913525,-0.09152453
0.20533311,-0.1735197,-0.15505522,-0.19244964,-0.2907734,-0.15996313,-0.2920081,-0.0063472874,-0.015308963,-0.21217331,-0.24931045,-0.17662282,-0.1140244,-0.3084297,-0.09419857
-0.1794079,-0.065157756,-0.23705763,0.0018152455,-0.19570684,0.2599059,0.04505172,-0.1462883,0.09827112,-0.1709891,-0.09241781,-0.22638103,-0.006355077,0.030804612,-0.18932167
-0.18268156,0.056594577,-0.031135647,-0.1447095,-0.19342071,-0.015873734,-0.06853478,-0.17950529,-0.14220692,-0.06452853,-0.30561993,-0.24614757,-0.171575,-0.21766993,0.106973365
0.39346886,0.31406382,0.047576636,0.10795966,0.15412772,0.030592604,0.27884474,0.19084284,-0.09712443,0.41634482,0.32689846,0.1381059,0.008446122,0.13574797,0.12158513
0.35312352,0.30689394,0.026832543,0.15508795,0.15862839,0.10386576,0.24954937,0.17641994,-0.07897914,0.38290572,0.3454166,0.14494222,0.0058483826,0.17360002,0.10092227
0.06499346,-0.054509364,0.002848288,-0.07255848,-0.11088258,-0.1654511,-0.27948844,-0.14950837,-0.117453255,-0.30487147,-0.36635184,-0.025095128,-0.23329978,-0.13870203,0.070303656
0.06568798,-0.037216045,-0.0006724397,-0.062264934,-0.11252001,-0.15838054,-0.2890737,-0.1464299,-0.14002824,-0.31593895,-0.39202076,0.0027023163,-0.26332483,-0.12869391,0.07104726
0.06920601,-0.05466848,-0.014462238,0.05438012,-0.027245529,0.024766032,-0.103092864,-0.1190598,0.038404904,-0.042861134,-0.14869568,0.023606263,0.028325077,0.107849166,0.045966744
0.08318624,-0.061356433,-0.028023994,0.029049568,-0.04369498,0.011899311,-0.12855554,-0.10710724,0.05137927,-0.0072389646,-0.12285814,-0.011400959,0.05045646,0.11045653,0.03039059
-0.22305167,-0.12105321,-0.05374236,-0.21903202,-0.20018065,0.025370605,-0.14516012,-0.2272039,-0.16858727,-0.07069431,-0.23971438,-0.20836315,-0.10197796,-0.16650446,-0.00627844
-0.20661664,-0.080087155,-0.030194364,-0.21058974,-0.20262694,0.04525613,-0.1221391,-0.20815717,-0.17343228,-0.013818346,-0.21150607,-0.2325365,-0.10360201,-0.15293032,0.0202416
0.2616135,-0.05513524,-0.10840559,-0.054676503,-0.2507109,0.030853795,-0.030984025,-0.031872254,-0.24733266,-0.027822431,-0.16179934,-0.22770822,-0.1696095,-0.23965167,-0.0458226
0.23406303,-0.038511403,-0.086077146,-0.06780903,-0.27641767,0.017901847,-0.06002701,-0.021348245,-0.25398812,-0.006990539,-0.21742398,-0.24937037,-0.19417575,-0.23587957,-0.023485864
0.110817544,0.16596293,0.09586279,0.28170317,0.10335052,0.15276551,0.3130632,0.26600268,0.11531768,-0.01767075,-0.050793793,-0.13044406,0.027953237,0.057165824,0.143663
0.20870748,0.035759512,-0.070034906,0.02386576,0.11529379,0.18945184,-0.060856298,0.035793863,0.073316745,0.059554383,0.19573724,-0.026583508,0.037190404,0.10836552,0.07265224
0.1755639,-0.006242022,-0.07573415,-0.00834745,0.059071533,0.14019631,-0.09581007,0.011154162,0.06608432,0.02870528,0.122608654,-0.05439417,0.03411128,0.06054183,0.04656025
0.38678074,0.15828896,0.14506647,0.05200819,0.22649813,-0.037535615,0.14224872,0.06463078,0.034739304,0.40232968,0.41551125,0.30926383,0.17696619,0.18269876,0.1816275
0.37027425,0.13921383,0.12313298,0.04265152,0.22261691,-0.04034014,0.12592234,0.052931685,0.028879423,0.39205167,0.39915818,0.31879872,0.16736619,0.17021564,0.16324171
-0.10406907,-0.21003407,-0.17158128,-0.0012787408,-0.18465555,0.08651693,0.027208444,-0.18650553,0.044799194,-0.1946226,-0.045374636,-0.117740974,0.10333666,-0.06629942,-0.260781
-0.096518904,-0.28183135,-0.21426864,-0.09644967,-0.20954043,0.07054723,0.030821674,-0.24210432,0.08641113,-0.15448529,-0.055040106,-0.06271388,0.15487647,-0.07896127,-0.28069466
0.15071222,0.14557344,0.14915536,0.24805394,0.2773932,0.2365482,0.3506891,0.17224196,0.17486322,0.35690415,0.42248595,0.24662632,0.26784003,0.39528197,0.15942767
0.091089986,0.11210851,0.13526103,0.21401608,0.27000225,0.27057958,0.36506236,0.15266886,0.15963048,0.36858267,0.4255728,0.31299958,0.26181123,0.36587232,0.103439465
0.045487978,-0.16050756,-0.29199484,0.11296813,0.14760862,0.07373372,0.14272824,-0.04590147,0.029819157,-0.005151921,0.10916213,0.069934204,0.12207356,0.086786196,-0.17393097
-0.009435115,-0.2497325,-0.34933335,0.0041217953,0.019147888,0.020503003,0.0033754674,-0.14258793,0.05901645,-0.054743413,0.063378595,0.07864264,0.13557144,0.019283392,-0.2570833
0.008921761,-0.247141,-0.093639225,-0.11139361,-0.24994063,-0.11875458,-0.0016453061,-0.2085981,-0.11590241,-0.14610487,-0.17151535,-0.1336754,0.051501203,-0.24114889,-0.11033751
-0.010320159,-0.24250633,-0.09916627,-0.115555115,-0.24954824,-0.111287646,-0.02405405,-0.23303416,-0.121759735,-0.13607684,-0.17261195,-0.12779236,0.043620538,-0.23263901,-0.107683815
-0.08403419,-0.056452706,-0.24961388,-0.35445893,-0.226526,0.12525304,-0.25770727,-0.30145964,-0.20446515,-0.23727126,-0.31711,-0.06935234,-0.31602633,-0.105627626,-0.1738429
-0.08207209,-0.016948251,-0.22695258,-0.32558435,-0.22795475,0.12399341,-0.21517673,-0.29056364,-0.19519055,-0.2295991,-0.3116238,-0.13514012,-0.2984866,-0.110385135,-0.14518419
-0.23123881,-0.2935582,-0.17195925,-0.26937956,-0.3148437,0.029378196,-0.18728462,-0.18904948,-0.19920412,-0.14432552,-0.20428431,-0.13501823,-0.14224434,-0.17694117,-0.24712917
-0.22687353,-0.2893914,-0.19719517,-0.22998405,-0.31173888,0.08408949,-0.15611562,-0.16020483,-0.15920377,-0.14473236,-0.18237281,-0.14341542,-0.12215977,-0.14257699,-0.26735356
0.00020865304,-0.19035351,-0.119225025,-0.097512744,-0.21950115,-0.09542358,-0.07671508,-0.20123272,-0.15907583,-0.13558033,-0.23335722,0.019499851,-0.05468417,-0.20104444,-0.09416108
-0.00078536663,-0.19878064,-0.16185915,-0.11064448,-0.23965675,-0.09409605,-0.10684486,-0.23833895,-0.1790338,-0.15229543,-0.2530752,0.0046085697,-0.08273787,-0.21541446,-0.1198562
-0.30171174,-0.09909469,-0.18545395,-0.26195437,-0.32906932,0.056510665,-0.1846112,-0.3119007,-0.21629602,-0.16189821,-0.39092883,0.15720433,-0.28293413,-0.15610075,-0.122033626
-0.26190862,-0.04693967,-0.1733768,-0.26366496,-0.31731057,0.0888605,-0.15207592,-0.2968266,-0.18016425,-0.05418635,-0.28248724,0.19741783,-0.23861422,-0.09383452,-0.08661018
-0.14898452,-0.21792734,-0.29763204,-0.11605165,-0.19932431,0.0038324287,-0.030765148,-0.18480757,-0.003064896,0.01818752,-0.10336026,-0.09204215,-0.041566044,-0.018375251,-0.20388319
-0.1754984,-0.20356351,-0.26275456,-0.099962436,-0.18294756,-0.009583272,-0.034877338,-0.18004487,0.01458168,-0.00681554,-0.17357457,-0.14772269,-0.042646196,-0.012958988,-0.17961882
-0.15747473,-0.31401014,-0.28529024,-0.1774104,-0.30472636,0.059892848,-0.19476664,-0.17879891,-0.054555856,-0.18270543,-0.064578466,-0.09156196,-0.07240382,-0.064071365,-0.32668957
-0.13719973,-0.3014674,-0.2781416,-0.15946838,-0.2821039,0.0701811,-0.135305,-0.15149286,-0.06018297,-0.18668589,-0.13529691,-0.14152634,-0.07084669,-0.097944126,-0.31322533
0.041727044,-0.19946513,-0.20689137,0.0041957954,-0.14286444,0.0679619,0.012751592,-0.09737386,0.10666665,0.22336279,0.10237897,-0.15660867,0.22899619,0.03166579,-0.12990087
-0.023541588,-0.20917986,-0.22462654,-0.022088632,-0.122200444,0.046127237,-0.047226474,-0.15454414,0.07271001,0.18897414,0.08852587,-0.18956655,0.1813815,-0.008137935,-0.117754534
-0.1999473,-0.106367595,-0.06990355,-0.1046458,-0.2002797,0.11619413,-0.15982619,-0.23848675,-0.07387573,-0.13669446,-0.16310994,-0.09794,-0.056913067,-0.051520653,-0.030069225
-0.17849858,-0.1323097,-0.083565146,-0.11232972,-0.20938142,0.11761351,-0.12461746,-0.1940913,-0.106901556,-0.066142514,-0.17551303,-0.036676466,-0.0603019,-0.058038604,-0.07808475
0.034579158,-0.030365052,-0.00019228016,0.019989923,-0.1890114,-0.097010836,0.02132537,-0.1400075,-0.21659291,0.064833604,-0.15701708,-0.110458076,-0.051404484,-0.15436992,0.10386046
0.06100644,-0.03420885,-0.020781256,0.062830836,-0.21608813,-0.09935987,0.01854111,-0.14532346,-0.24065542,0.064131364,-0.18899807,-0.16522795,-0.0852998,-0.15383837,0.11364521
0.24160664,0.124188036,0.041555975,0.010673902,0.048504896,-0.032036036,0.12511158,0.21925242,0.264871,0.33178973,0.072702736,0.14930959,0.19999158,0.1886045,0.10887116
0.27090454,0.12973332,0.04524411,0.022077963,0.08495879,-0.019122114,0.1556698,0.23169382,0.26879442,0.3839389,0.16612251,0.1600602,0.21612544,0.23775677,0.11548327
-0.2312497,-0.18798581,-0.19557306,-0.110638425,-0.18453193,0.29892492,-0.04219903,-0.2540605,0.03667883,-0.1484746,-0.049250796,-0.18326616,0.008394087,0.036683187,-0.20871966
-0.21427315,-0.19322237,-0.19167422,-0.17135999,-0.21369924,0.26585674,-0.05462902,-0.27452642,0.04061406,-0.11730069,-0.05396405,-0.1947037,0.032340407,0.010826152,-0.21370831
-0.02772371,-0.111659445,-0.23418158,-0.08383766,0.06055272,0.22504324,0.024533167,-0.17411225,0.1795819,0.2410311,0.26578388,0.066725716,0.16874641,0.30912298,-0.16279143
-0.031477686,-0.1472311,-0.27490652,-0.086242765,0.06991517,0.18917292,-0.00018343213,-0.19449583,0.18641151,0.20129079,0.27018094,0.02138081,0.1637901,0.25363457,-0.19353527
0.25953516,0.47338456,0.5236268,0.28455636,0.13980275,0.003923511,0.19847098,0.5415327,-0.08744621,0.20862108,0.20940761,0.10051924,-0.010779951,0.11512442,0.33044884
0.25743926,0.46530914,0.52443373,0.2979554,0.1541481,0.0271722,0.18641184,0.55398285,-0.06734288,0.20966014,0.24929425,0.11192797,0.0070613064,0.14764595,0.31794852
0.244947,0.42631784,0.54542744,0.25699788,0.13526689,-0.06373778,0.11789656,0.51640236,-0.0622849,0.18577453,0.29355758,0.22880588,0.029061094,0.102131605,0.28729546
0.2657464,0.41966155,0.53704584,0.24459104,0.10708875,-0.09637859,0.09504084,0.52844274,-0.080661125,0.20293322,0.25676787,0.22003336,0.007728286,0.0843094,0.2851019
0.16931877,0.47159535,0.59014976,0.22825615,0.042958014,-0.09118298,0.09272436,0.508214,-0.13517556,0.1250653,0.13536663,0.19018051,-0.07668496,0.021977626,0.31232157
0.11034596,0.38634238,0.54047275,0.13977286,-0.024691844,-0.15183116,-0.0008530109,0.50121784,-0.14696975,0.04954385,0.04457914,0.19941711,-0.12205033,-0.040145125,0.22844434
-0.2543776,-0.07129088,0.0026738322,-0.20642307,-0.19596256,-0.040578853,-0.22853683,-0.1733186,-0.18709627,-0.17920673,-0.28721708,0.059009045,-0.27782264,-0.115878984,0.0067562917
-0.2585566,-0.06847051,0.0020824044,-0.18295501,-0.19023809,-0.018827664,-0.22248012,-0.17913955,-0.17510998,-0.19854963,-0.26701695,0.07533464,-0.26548225,-0.10269752,0.01130474
0.1359506,-0.21664195,-0.24395847,-0.13862498,-0.09607962,-0.032354966,-0.17221086,-0.2353422,-0.11257063,-0.19202435,-0.16668059,0.009762527,-0.093891636,-0.20234591,-0.14413042
0.13589117,-0.22344953,-0.2501233,-0.14490771,-0.09529265,-0.029236898,-0.19444871,-0.24708216,-0.11123788,-0.19463259,-0.16005148,0.015924625,-0.09445186,-0.1932404,-0.15079829
0.19955918,-0.103180006,-0.12461519,-0.048878256,-0.10003787,-0.03228197,-0.19479686,-0.13013615,-0.04715174,-0.084226966,-0.12432681,0.048845697,-0.037382368,-0.11301115,-0.020564737
0.087234,-0.13165125,-0.10430117,-0.12148847,-0.14760368,-0.00019270554,-0.23159987,-0.14842586,-0.03899978,-0.13171963,-0.20770144,0.050561193,-0.067983,-0.09244602,-0.06598296
0.24559289,-0.057323422,-0.10582893,-0.019667799,-0.03492418,0.023912854,-0.18493658,-0.10150777,-0.04830269,-0.02587031,-0.08987945,0.098333314,-0.05922442,-0.02626927,0.020320784
0.2670456,-0.04914874,-0.104773,-0.012411776,-0.03151477,0.031622633,-0.1891739,-0.0990382,-0.05553078,-0.005107424,-0.07009119,0.11898209,-0.062285364,-0.021992352,0.028683012
0.01767473,0.1755634,0.25517175,-0.013515971,0.1974218,-0.075176686,0.1987653,0.18619141,0.3083235,0.42633122,0.20734863,0.28790706,0.27470484,0.40159974,0.20801955
0.057477284,0.20062727,0.28277272,0.017628968,0.21111575,-0.07369657,0.224913,0.23016831,0.30565476,0.42997456,0.20494455,0.2595256,0.27492744,0.39899188,0.23721525
-0.00569946,0.12352528,0.22002408,-0.017027091,0.20553878,-0.07561534,0.16012973,0.02324094,0.20696568,0.35642326,0.24113798,0.25088555,0.24068019,0.41195083,0.2128241
0.003511971,0.14575525,0.22197013,-0.013360771,0.2121914,-0.077457495,0.16327,0.036063768,0.21123159,0.37656736,0.25153056,0.23212081,0.23876591,0.41755003,0.22616634
-0.08909814,-0.19327472,-0.31345513,-0.03536591,0.028052405,0.30832273,0.25124645,-0.20645702,0.3584622,0.23243964,0.226669,-0.09220868,0.40405414,0.2857476,-0.25973174
-0.16309893,-0.19192989,-0.24881491,-0.09466946,-0.081201114,0.28340277,0.0179821,-0.15670222,0.4397325,0.18350878,0.14935695,-0.0201732,0.36327583,0.25514913,-0.27681732
-0.039388545,-0.011000939,-0.115976155,-0.075654365,0.051288642,0.273868,0.11177778,-0.08880915,0.19545752,0.3585301,0.21514599,0.043929815,0.23986778,0.25998163,-0.11613002
0.12691177,0.025888935,-0.059154168,0.11841535,0.13024029,0.2741284,0.24014395,0.015406787,0.16910222,0.317199,0.43776035,0.07264472,0.3058685,0.27050966,-0.14446737
0.08697007,-0.0024443339,-0.08142455,0.108651966,0.13307056,0.28071558,0.2332454,-0.030740453,0.2169308,0.26070702,0.43928254,-0.0056366604,0.34376818,0.26101902,-0.15943494
0.28054455,0.33871785,0.21256295,0.4698516,0.3925171,0.3010498,0.36638278,0.31646258,0.20220914,0.39596504,0.45385742,0.15142277,0.26935107,0.4792578,0.16295883
0.18611604,0.12834525,-0.046689235,0.25920752,0.24389006,0.29555643,0.34809327,0.20761451,0.21404469,0.2500018,0.3514384,-0.013262823,0.25816274,0.29445535,-0.10511762
-0.17037699,-0.12948242,-0.096480906,-0.28772423,-0.3462801,-0.23136954,-0.2602497,-0.22386745,-0.1870389,-0.34251946,-0.45477158,-0.12833628,-0.24407241,-0.3782875,-0.09364097
-0.22442898,-0.17114212,-0.23374401,-0.07117894,-0.2266652,0.19282968,-0.25563115,-0.23221773,0.006283113,-0.24455515,-0.22522005,-0.18559974,-0.16092384,-0.02330254,-0.23040512
-0.3463238,-0.22265813,-0.16352758,-0.072186396,-0.23953429,0.08840539,-0.017473057,-0.24822888,-0.0039556567,-0.26953423,-0.3376876,-0.07610519,-0.09953472,-0.07931587,-0.22079694
-0.23773217,-0.18918237,-0.07922877,-0.24130547,-0.26665026,-0.15847042,-0.24879198,-0.16810691,-0.18469551,-0.4069625,-0.41783017,0.012442178,-0.23747355,-0.27498025,-0.15171373
-0.16305166,-0.17836666,-0.12648395,-0.22566009,-0.28188592,-0.037258774,-0.20975462,-0.17937195,-0.2418896,-0.081250824,-0.2884546,-0.28864717,-0.17530528,-0.1849606,-0.097460255
-0.15094471,-0.16536266,-0.1130483,-0.23339462,-0.27098417,-0.0527666,-0.18835545,-0.17077222,-0.22688733,-0.03720506,-0.27596667,-0.3063547,-0.15623768,-0.18752888,-0.07754406
-0.16520907,-0.3146727,-0.3412163,-0.2001604,-0.24307252,-0.022179196,-0.25563103,-0.16941029,0.19357878,0.03376842,-0.030790236,-0.07670708,0.1751721,0.002597101,-0.29527032
-0.16854507,-0.2896874,-0.3081674,-0.17287004,-0.23360084,-0.02036246,-0.2502089,-0.12133517,0.20063686,0.038716357,-0.02280201,-0.06875172,0.17193398,0.027170477,-0.29059368
0.3641466,-0.033592403,-0.04729466,-0.09140534,-0.25274822,-0.094435215,-0.14461198,0.01381075,-0.1059809,-0.012104686,-0.22624265,-0.20232067,-0.06725471,-0.24144432,0.04322061
0.3631895,-0.030463215,-0.04705923,-0.10968456,-0.2622273,-0.08502872,-0.16174653,0.008103217,-0.10703809,-0.0060134167,-0.21946532,-0.20103791,-0.06936224,-0.24129799,0.037457503
0.05531606,-0.2854653,-0.3584115,-0.24321976,-0.17730297,-0.02937473,-0.0895955,-0.38709968,-0.18535027,-0.21248552,-0.25845498,-0.2522239,-0.115041435,-0.28790885,-0.21063504
0.03226888,-0.2796005,-0.37364763,-0.24560979,-0.14938214,-0.005585598,-0.1168044,-0.40359145,-0.14992273,-0.21363187,-0.22784021,-0.2685184,-0.09421661,-0.25290975,-0.22331274
0.11909592,0.12209901,0.17547008,0.11648673,0.14584184,0.032154623,0.20630205,0.010319572,0.07743819,0.24576874,0.36038786,0.3875973,0.21245518,0.22738571,0.13591005
0.10655329,0.12889901,0.19253038,0.104162775,0.11108799,0.011545187,0.16895378,0.018204715,0.06508385,0.2224803,0.33286798,0.3856053,0.19613305,0.19701701,0.13121909
0.20738393,0.020312322,0.0074690366,0.0226155,-0.090208896,-0.20360504,0.0058340086,-0.068900056,-0.14117326,-0.011339536,-0.23824586,-0.09647413,-0.061994843,-0.16993392,0.18022488
0.21515775,0.05594147,0.034491785,0.027732547,-0.07600135,-0.18393366,0.027563259,-0.06448184,-0.13579684,0.022986433,-0.2327644,-0.10847226,-0.05499682,-0.13339174,0.20256677
-0.20638321,0.071798086,-0.09197433,0.12792787,-0.15471458,0.16124369,-0.11451718,-0.16825706,-0.147373,-0.28079522,-0.31358224,-0.049165074,-0.24070318,-0.00069632346,0.0574475
-0.20574766,0.06854216,-0.10083905,0.1020487,-0.16656977,0.15047592,-0.12984388,-0.17522496,-0.12627758,-0.27557287,-0.3178578,-0.05187739,-0.22651932,0.0047930325,0.044676453
0.3157941,0.030436499,0.060780235,0.0041816155,-0.18439806,-0.04574152,-0.0077682426,0.37950298,0.15218222,0.10638356,0.069684096,0.10997094,0.062911704,0.010076562,-0.036777027
0.35892284,0.036298715,0.0638177,0.037638653,-0.17123453,-0.04651223,0.014757307,0.38750935,0.15118672,0.16579789,0.10918108,0.032547045,0.08334366,0.022079892,-0.018054191
-0.29164577,-0.017875813,-0.0510424,-0.24363384,-0.24391012,0.04063841,-0.13717097,-0.21804512,-0.19576979,-0.2087429,-0.39059383,-0.17845708,-0.23427811,-0.2556107,0.027308369
-0.23741202,-0.18194744,-0.08110927,-0.077128604,-0.10219797,-0.05964089,-0.0030695382,-0.25135782,0.077058025,-0.19056019,-0.3219057,0.0046011005,-0.00046762452,-0.028956018,-0.022882244
-0.23665372,-0.20475402,-0.09532938,-0.06868304,-0.112883836,-0.027217427,0.00829725,-0.238547,0.10305206,-0.19918928,-0.31760335,-0.004770579,0.021233419,-0.015845874,-0.05221867
0.072083205,0.22612862,0.18037891,0.015694685,-0.02007351,0.16707367,0.34685448,0.10098854,0.02483477,0.24689072,-0.109984264,0.018164324,0.021887913,0.20630226,0.15580943
0.0931171,0.22078165,0.17211764,0.037749484,-0.011948392,0.13333012,0.3416042,0.12753914,0.029466078,0.2415789,-0.13093412,-0.01595727,0.02236267,0.18874997,0.16357297
-0.04809826,-0.13639003,-0.16982484,0.044655442,-0.053519562,0.25538635,0.31621787,-0.020113403,0.3046139,-0.014772562,0.25540823,-0.07192892,0.26444232,0.17112705,-0.14493914
-0.0575093,-0.13931534,-0.16817975,0.021085592,-0.03494988,0.25267908,0.344598,-0.024932135,0.3161828,0.0011580053,0.27250212,-0.074863836,0.27992862,0.16607614,-0.15186381
-0.18711638,0.16115193,-0.028138597,-0.029249169,-0.13305163,0.16218284,0.042031746,-0.24638543,-0.21017402,-0.045877043,-0.25688323,-0.17065899,-0.18212974,-0.085214645,0.18575352
-0.17959762,0.18267876,-0.015871447,-0.01924987,-0.12871212,0.16954464,0.05855408,-0.23529547,-0.19248736,-0.018799625,-0.23866378,-0.19183081,-0.16140807,-0.06750479,0.20207042
0.056660376,0.0051183426,-0.26220787,-0.19965512,-0.10976361,0.12963976,-0.18414137,-0.29130355,-0.31777754,-0.16853772,-0.25303847,-0.20650545,-0.33551025,-0.17580396,-0.01273833
0.06928916,0.010620739,-0.25238883,-0.22234026,-0.1297723,0.12725063,-0.2031912,-0.2779249,-0.31172866,-0.14898048,-0.22632071,-0.21245834,-0.3248163,-0.1760999,-0.022508355
0.17641242,-0.1524593,-0.16228539,-0.18516478,0.032603655,0.03603927,-0.16115159,-0.017422866,0.43199426,0.019181672,0.05730978,-0.1051476,0.30191,0.08560569,-0.06827564
0.1516184,-0.13671869,-0.146422,-0.17416656,0.046090193,0.026081685,-0.17652887,-0.019852733,0.42825314,0.012706159,0.055601016,-0.10576135,0.2903492,0.10730894,-0.06964446
-0.12393599,0.14214525,0.050021864,-0.00905234,-0.19112718,0.020899126,-0.16543284,-0.08216572,-0.31119162,-0.17493427,-0.2532173,0.010792928,-0.3335982,-0.14361742,0.079652414
-0.06722236,0.107886136,0.0012826808,-0.063525625,-0.215992,-0.01611891,-0.15163514,-0.061711133,-0.24952522,-0.12330759,-0.2621507,-0.10690054,-0.25857472,-0.18298952,0.038283274
0.29715663,0.17291299,-0.033879846,0.27885953,0.36276856,0.28808153,0.30356276,0.15155986,0.2871191,0.46198905,0.48262373,-0.26750866,0.37892377,0.34758112,0.14754951
0.26488888,0.18592176,-0.014080064,0.27053744,0.36263284,0.29398274,0.2789262,0.14667657,0.2767747,0.45637482,0.48731738,-0.2560178,0.35527432,0.353972,0.17626247
0.09459302,-0.12154852,-0.107832,0.026519626,-0.22755879,-0.1730336,-0.0820182,-0.15549141,-0.23008332,-0.20426941,-0.35144335,-0.12487886,-0.22464922,-0.3012865,0.002250902
0.10700428,-0.120340414,-0.087696,0.016431022,-0.24814329,-0.18224385,-0.10456739,-0.13712421,-0.23292135,-0.18467495,-0.3556487,-0.12712781,-0.21749458,-0.30193108,0.0010838718
-0.11093025,0.10803238,-0.12525702,0.10295515,-0.12999026,0.14153272,-0.093886584,-0.028566487,-0.07150489,-0.007448903,-0.036916677,-0.048286326,-0.18895999,0.17797719,-0.10698824
-0.15956134,0.072535306,-0.19808416,0.014260487,-0.18221119,0.16591948,-0.12848812,-0.14532483,-0.06821453,0.012103333,-0.0886221,-0.015983645,-0.20109037,0.15337056,-0.10784164
-0.19108081,-0.2396115,-0.17832908,-0.25415462,-0.2762013,-0.0019916152,-0.18796575,-0.3135445,0.034574404,-0.21801803,-0.16875112,-0.1036666,0.041471332,-0.10802973,-0.21193822
-0.15032601,-0.1829697,-0.15510325,-0.24603713,-0.24846089,0.019612577,-0.13802516,-0.32399315,0.0522886,-0.07458609,-0.1135371,-0.09149401,0.088317536,-0.059134208,-0.1671018
-0.03234626,-0.13090323,-0.07636203,-0.26330683,-0.2811294,-0.15072304,-0.10555065,-0.27864283,-0.22151084,-0.07609476,-0.24300086,-0.1573,-0.08004932,-0.27086338,-0.004033322
-0.05152467,-0.14448315,-0.08386736,-0.24594674,-0.27075082,-0.1263217,-0.11124273,-0.2849002,-0.20931023,-0.097888075,-0.23723508,-0.122594975,-0.07314575,-0.24996199,-0.015738731
0.2064326,-0.20166099,-0.24470434,-0.04527019,-0.31908464,-0.116939306,0.005410849,-0.16188999,-0.21898794,-0.11619058,-0.19509596,-0.017506178,-0.120241925,-0.27320716,-0.15723324
0.09900555,-0.22827442,-0.23675111,-0.14514372,-0.38393086,-0.1642259,-0.093363605,-0.16048086,-0.28374895,-0.23977472,-0.40474066,-0.04695583,-0.2702916,-0.3122033,-0.16440052
0.43655187,0.289468,0.18150175,0.31172866,-0.059924178,-0.03428657,0.21208206,0.2950349,-0.15018755,0.13442384,-0.19916165,-0.1790082,-0.10323763,-0.034029692,0.2898656
0.42094696,0.23897094,0.16429329,0.20760186,-0.14847931,-0.08389792,0.102862105,0.25569233,-0.16533576,0.0983289,-0.24231833,-0.22536519,-0.13174488,-0.10587526,0.26243725
0.3332826,0.08935751,-0.05107183,0.14138876,-0.18123463,-0.11769787,0.18319729,0.14176187,-0.23442653,-0.079685226,-0.2701125,-0.04058811,-0.18595958,-0.24154568,0.03856504
0.39485747,0.123805985,0.030584548,0.011823682,-0.25978184,-0.1509753,0.08636767,0.18432951,-0.23235978,-0.011300698,-0.2656142,-0.11913809,-0.17493704,-0.320138,0.10568331
0.3520982,0.08680454,-0.0017953619,0.2550164,-0.15338151,-0.06655439,0.13422236,0.18403241,-0.22322911,-0.07207368,-0.27811912,-0.110176675,-0.1849827,-0.16798994,0.08604278
0.33844325,0.049182504,-0.0049749506,0.13470948,-0.22190651,-0.12665072,0.042928733,0.12996493,-0.24427313,-0.08460753,-0.3203288,-0.15537995,-0.20586914,-0.23115782,0.07177831
0.072657555,-0.12490062,-0.075282395,-0.08236961,-0.11220738,-0.08642509,-0.18523148,-0.18514913,-0.07053397,-0.14955978,-0.32850662,-0.068795145,-0.085027754,-0.0778501,0.03686453
0.08803648,-0.11313282,-0.07320855,-0.06857894,-0.09583561,-0.06887618,-0.15665646,-0.18293546,-0.050221756,-0.13050243,-0.31502306,-0.07461134,-0.06719378,-0.05246727,0.042741105
0.033832084,0.03350991,-0.12380625,0.16878253,-0.20201595,0.17307521,0.16575393,-0.13377039,-0.109945774,0.020181077,0.07389464,-0.23069328,0.013809948,-0.093223155,0.12800011
-0.042354666,0.00094797555,-0.17553012,0.13114512,-0.19248705,0.20808247,0.12147349,-0.18495978,-0.11707771,-0.061262652,-0.054802142,-0.2837134,-0.00685232,-0.13952391,0.08378384
-0.0824512,0.076291084,-0.010215609,0.29467154,-0.11635203,0.18244074,-0.12389828,0.020070413,-0.034121096,-0.20636714,-0.19111848,-0.09730471,-0.21487966,0.105401725,0.036746208
-0.087503865,0.06457117,-0.030289177,0.3212258,-0.10581074,0.1880836,-0.07537234,0.012111288,-0.05336637,-0.23798698,-0.21449566,-0.11540686,-0.22235656,0.09050831,0.036211364
0.15753734,0.033777714,0.015775725,0.030765826,0.10326038,0.10088213,0.19730398,-0.07431622,0.31644833,0.42225072,0.32553378,0.20543242,0.44706833,0.44040164,0.06217467
0.174425,0.018393794,0.004853974,0.020557418,0.081620604,0.09088028,0.16656768,-0.07930994,0.29645142,0.4074992,0.33827728,0.24647352,0.42811674,0.4187799,0.04893449
0.32038516,0.026638672,-0.021738313,-0.1640031,-0.34964168,-0.06792901,-0.15471134,0.062238887,-0.15447576,-0.010979645,-0.24644998,-0.27128434,-0.1452981,-0.22906114,0.037598386
0.33273017,0.028590173,-0.025546607,-0.16529197,-0.35100186,-0.06049549,-0.15145046,0.076719895,-0.136866,0.015953101,-0.22549759,-0.29363096,-0.1254915,-0.21716735,0.031122256
-0.07908285,-0.1910288,-0.14728403,-0.0880619,-0.09461854,0.09347456,0.12543419,-0.21476546,0.3321933,0.16040733,0.1856662,0.1238191,0.31438246,0.21316633,-0.1679725
-0.08401413,-0.20066121,-0.16733661,-0.13237335,-0.105634764,0.058380548,0.11333624,-0.24298638,0.33128285,0.17700411,0.15639475,0.09740761,0.3216483,0.17876989,-0.16324456
-0.14990708,-0.053308588,-0.112543955,-0.13909271,-0.056052186,0.13561052,-0.10076422,-0.08213568,0.2937679,0.2739807,0.12458782,-0.0023627882,0.21998963,0.23534349,-0.16223277
-0.14881033,-0.049656168,-0.10696083,-0.13880685,-0.053447254,0.13285658,-0.10031832,-0.07843334,0.29143846,0.27535245,0.12474109,-0.00018030033,0.21615188,0.23968291,-0.15876314
-0.08168882,0.16325906,0.0030905926,0.31227213,0.22623968,0.33374238,0.17439169,0.13250689,0.103005156,0.028562665,0.25671026,0.027982973,0.11983472,0.19084063,0.13450374
-0.10183289,0.14291266,-0.02183703,0.2896517,0.19891146,0.3502187,0.12539205,0.10294561,0.08209497,0.0074840067,0.19548354,0.042626213,0.093253605,0.1677491,0.11306061
-0.048905432,-0.2517195,-0.18172209,-0.12792453,-0.22862944,-0.008571133,-0.21120518,-0.15980256,0.03739746,-0.21062651,-0.18885231,-0.13209417,0.024804799,-0.056492805,-0.22025505
-0.013819494,-0.23892987,-0.1556342,-0.09194867,-0.20018491,-0.012986546,-0.20907404,-0.11205092,0.05861202,-0.1939798,-0.15941562,-0.12079724,0.04378463,-0.04514812,-0.19073531
-0.32415235,-0.22865275,-0.19282931,-0.28913304,-0.38691875,-0.10928689,-0.23560621,-0.32484052,-0.2606327,-0.35252586,-0.42066878,0.11466827,-0.3152961,-0.2399329,-0.22248933
-0.29823336,-0.21214122,-0.1753183,-0.35839474,-0.44466764,-0.12973246,-0.32326216,-0.29856008,-0.29558462,-0.39322236,-0.4506684,0.108644545,-0.36063784,-0.298114,-0.2264079
0.4283092,0.09166817,0.031522498,0.40885663,0.50180984,0.05898043,0.38705447,0.27767247,0.20822076,0.34879035,0.47800905,0.06627393,0.35418513,0.37021065,0.22646512
0.4563951,0.08750137,0.029668344,0.4219309,0.45862037,0.066093355,0.3791014,0.2919554,0.202814,0.38386703,0.47481227,0.09618211,0.34436163,0.37073103,0.22207993
-0.18602502,0.07729038,0.0011391346,0.1012088,0.21779361,0.22455351,-0.010351969,-0.014922966,0.19156349,0.17686939,0.24535006,0.11846778,0.09523092,0.41599172,0.057548277
0.117175475,0.23367563,0.13428745,0.2236366,0.2736748,0.31600416,0.29231274,0.14577012,0.0941575,0.37557256,0.45750636,0.18569487,0.19259949,0.3916289,0.18453507
0.09693581,0.21204825,0.105882056,0.19911586,0.2694906,0.30371082,0.26744696,0.08371348,0.093005024,0.40410227,0.44438675,0.17993611,0.20709354,0.39992547,0.15177853
-0.10179214,0.2932672,0.5073873,0.23754981,0.12328152,-0.0735533,0.09982718,0.5190146,-0.013823288,0.0015296615,0.0115415035,0.31207466,-0.070136614,0.17799547,0.21352641
-0.113722116,0.31556702,0.51929665,0.22517781,0.11550533,-0.07324789,0.09549561,0.49868912,-0.01818915,-0.0064380486,-0.0053381873,0.2956251,-0.07459227,0.1762492,0.20998773
0.103641644,0.10747805,0.23461482,-0.039174315,-0.12913966,-0.26680672,-0.0061135236,0.00974281,-0.12183842,-0.00012025004,-0.103526026,0.20015329,-0.11448151,-0.038305942,0.2895777
0.09868783,0.11164512,0.25383154,-0.041907504,-0.11633399,-0.27527332,0.0034300252,0.021663263,-0.08394787,0.013909426,-0.0943781,0.19412753,-0.07856301,-0.020364817,0.2958703
0.0013429408,-0.27186602,-0.14671677,-0.11268091,-0.2255168,-0.05322568,0.014271052,-0.077765174,0.2033937,0.019716997,0.12330767,-0.17960131,0.3398485,-0.10727654,-0.23289183
-0.021938002,-0.2739619,-0.14631677,-0.1301525,-0.21380828,-0.06557083,0.016593013,-0.09503452,0.22082493,-0.00928133,0.12985897,-0.21537247,0.3475922,-0.10732929,-0.22241299
0.17228611,0.2267645,0.07808851,0.49169615,0.25807586,0.33183923,0.3400602,0.2834751,0.2242285,0.26837385,0.35751387,0.006358148,0.31325495,0.3543621,0.067909494
0.12371203,0.21390545,0.07623236,0.43470088,0.24453846,0.3229819,0.3686751,0.27348262,0.2807654,0.27925754,0.29004246,-0.0353117,0.3221822,0.40512997,0.044390954
-0.024759721,0.21824649,-0.0026830023,-0.0020265067,-0.026431981,0.14357126,0.056617044,-0.091518134,0.010318417,0.26562488,0.08916199,-0.19912642,0.026691109,0.11497174,0.06083265
-0.036413357,0.31035239,0.1750918,0.045065776,0.0074962294,0.16854212,0.112484686,0.023931498,0.041722603,0.3256555,0.073702216,-0.1438001,0.03845226,0.21010041,0.19036101
-0.07392673,0.16316462,-0.055247545,0.34033036,0.048847184,0.2987247,0.24754176,0.1479058,0.10589302,0.0802733,0.10940823,-0.11862387,0.054121025,0.23541157,0.0273004
-0.14269343,0.16120526,0.027615935,-0.06564725,-0.04614802,0.12976871,-0.0036965888,-0.1020295,0.0070774145,0.22601315,0.057618335,-0.095160134,0.005987458,0.09734983,0.055686075
-0.10185659,0.2763213,0.49952468,0.08894546,0.09922615,-0.15086192,0.068068355,0.42717987,-0.009763932,0.0012864005,-0.10246043,0.2661369,-0.044181414,0.019373111,0.25152436
-0.08891122,0.26179844,0.48502767,0.09865709,0.09796757,-0.15828508,0.06262182,0.44624376,-0.002859016,0.0053914515,-0.10486229,0.27757818,-0.04286471,0.035394624,0.22509784
0.006332808,0.34706262,0.5196439,0.085854545,0.02655214,-0.23507269,0.07493687,0.3699296,-0.08709903,0.07967119,-0.15020871,0.2708076,-0.09800297,-0.056574702,0.34623593
-0.001097884,0.33663613,0.51472986,0.07802692,0.047941983,-0.22014421,0.079186946,0.39376378,-0.068562984,0.09335464,-0.1351468,0.2899791,-0.081621304,-0.016830418,0.30679443
-0.08246975,0.065659344,-0.07154243,0.3666762,0.2842046,0.3525405,0.3322968,0.0408175,0.29291245,0.22286737,0.17534105,-0.046408433,0.24597208,0.54610586,-0.052950017
-0.06128253,0.07398609,-0.07128729,0.35940146,0.28489715,0.333366,0.34038517,0.038764425,0.29749003,0.2629773,0.19644411,-0.043446645,0.2585038,0.5627725,-0.05074673
-0.039689243,-0.00086124754,-0.09063489,-0.04849057,-0.096510835,0.16398007,-0.11481792,0.012164095,0.08122349,0.13988611,0.0934669,-0.111427784,0.034122013,0.095679194,-0.042993028
-0.036586422,-0.0007958999,-0.089637,-0.04824999,-0.09497148,0.16641955,-0.1156268,0.015083641,0.08055584,0.14025411,0.09662531,-0.10792449,0.032311566,0.09770116,-0.046231747
0.00075209,0.19196431,0.31754756,-0.16675705,-0.15879336,-0.08890886,-0.011733865,0.04929655,0.16866842,0.29446113,0.27861214,0.31681353,0.2036151,0.16937242,0.1295907
-0.050616175,0.0057414747,-0.08871577,-0.03422398,-0.09401807,0.1601119,-0.10023742,0.020782044,0.08363884,0.14219624,0.07532187,-0.11428483,0.0321406,0.0962552,-0.029836427
-0.0040358375,0.18290433,0.3048758,-0.1706197,-0.18484929,-0.10113541,-0.032399207,0.05450064,0.17446798,0.2875104,0.29038948,0.33014584,0.2049044,0.16518119,0.10911557
-0.21848747,-0.03253602,-0.021689696,-0.19469008,-0.2024428,-0.20159143,-0.15050793,-0.18961944,-0.19307333,-0.12131803,-0.4247169,-0.22022146,-0.22278523,-0.26833326,0.06288259
0.083059624,-0.19768965,-0.12506354,-0.1887484,-0.21607348,-0.09751586,-0.27682889,-0.1879197,-0.030987207,-0.20575222,-0.3187245,-0.008283361,-0.06513438,-0.14024091,-0.072161734
0.08130343,-0.20304763,-0.11557852,-0.19890359,-0.20470318,-0.11302756,-0.26643062,-0.18389994,-0.01178996,-0.19792286,-0.318931,-0.042829692,-0.04196979,-0.13666208,-0.076823354
-0.2789289,-0.21867087,-0.22953698,-0.2584576,-0.287874,-0.08541001,-0.29463142,-0.34174427,-0.3329056,-0.35290453,-0.4635653,0.0061404062,-0.37839377,-0.20598528,-0.2075023
-0.27968007,-0.21751827,-0.20483261,-0.30164272,-0.2812244,-0.12494414,-0.3140171,-0.3337862,-0.33181643,-0.3499162,-0.46794683,-0.045770638,-0.37584683,-0.2210143,-0.19082412
-0.17181109,-0.1810784,-0.08785808,-0.20667413,-0.2852885,-0.018107949,-0.13829103,-0.20493522,-0.039026693,-0.21194692,-0.2648483,0.009848121,0.00448364,-0.13362156,-0.12063052
-0.15453885,-0.19679281,-0.10047646,-0.24270555,-0.2922886,-0.022636464,-0.11789572,-0.19652224,-0.03415295,-0.20019543,-0.26183903,-0.005035473,0.01664484,-0.15962335,-0.12898189
0.25734594,0.20603892,0.28719938,0.07221575,-0.21800901,-0.23820513,-0.055408403,0.13884135,-0.19163874,-0.052715205,-0.06786424,0.25618076,-0.11809383,-0.23940834,0.20159131
0.2198487,0.25875473,0.32540643,0.07914056,-0.22172162,-0.2353074,-0.064683415,0.14433299,-0.22017132,-0.06943538,-0.09281333,0.260027,-0.17972916,-0.23119918,0.2121034
-0.063816205,0.08677308,-0.09048118,0.10500963,-0.19184995,0.07531314,-0.14992937,-0.034684062,-0.2657816,-0.16869727,-0.14517504,0.00093834405,-0.2702976,-0.11757635,-0.077844694
-0.06342259,0.06569515,-0.10986341,0.080626994,-0.23487441,0.050287217,-0.1682727,-0.061108,-0.25907463,-0.18003134,-0.17033342,0.020022357,-0.29155594,-0.13787454,-0.08317803
-0.27053356,-0.26384014,-0.14305186,-0.35989565,-0.37334588,-0.2344819,-0.38852182,-0.27964675,-0.0863719,-0.37599182,-0.36548412,-0.1170661,-0.18553436,-0.29726416,-0.17661259
-0.26667935,-0.32474145,-0.17407092,-0.39327517,-0.37385535,-0.22724846,-0.39706856,-0.299412,-0.04894885,-0.31277698,-0.28596222,-0.029282544,-0.12171112,-0.2855729,-0.23063487
-0.15836856,-0.16526413,-0.14124295,-0.2634974,-0.28973836,-0.16087177,-0.29640275,-0.19675842,-0.3128479,-0.23945388,-0.38640594,-0.059075996,-0.30750167,-0.28626308,-0.12297697
-0.1544825,-0.14857247,-0.118439436,-0.28249928,-0.31011453,-0.18633711,-0.28631568,-0.18733156,-0.30792496,-0.24315588,-0.39299464,-0.0888671,-0.29428774,-0.30014032,-0.10701665
-0.087189645,-0.14230187,-0.24966542,-0.0069735376,-0.15415272,0.0686501,0.09680322,-0.18005022,0.02875768,0.021219388,0.035305776,0.06532358,0.025048137,0.016806332,-0.22368419
-0.102461554,-0.12001401,-0.24286199,-0.007505049,-0.113439485,0.09108628,0.11009675,-0.16689831,0.036532,0.03428089,0.07820569,0.08183103,0.04076863,0.024222143,-0.21724147
0.117957875,-0.008587674,-0.036440063,0.23855649,0.07567603,-0.0010485792,0.010772826,0.37239742,0.0046311375,-0.0071668765,0.12293101,0.16185695,0.03414471,-0.021041987,-0.17531714
0.13200346,0.0024427741,-0.018325292,0.21812433,0.05697924,-0.027876994,0.01731179,0.3793075,-0.003467305,0.018243037,0.117742285,0.1719962,0.03134387,-0.037729606,-0.16290963
0.2548948,0.04984563,-0.11385724,0.2202321,-0.14075896,-0.007948864,0.21201289,0.24407351,-0.25919303,-0.084543854,-0.11469275,-0.032414384,-0.2111145,-0.18518665,-0.069389924
0.26920995,0.04612322,-0.12561633,0.1853682,-0.13412817,-0.032578018,0.2322129,0.22202483,-0.25618416,-0.0686637,-0.1452319,-0.03312712,-0.21001974,-0.21483539,-0.036119465
0.22802138,0.22920826,0.1851204,0.08977957,-0.20523873,-0.12921202,0.01757003,0.14403805,-0.31165445,-0.017553665,-0.082200885,0.38527185,-0.26038522,-0.10445002,0.11047849
0.26193583,0.25224286,0.20145276,0.05294758,-0.20724279,-0.13093446,0.031603042,0.20923588,-0.29812944,0.03510488,-0.087556586,0.42194787,-0.25849828,-0.10493426,0.12682585
0.26446787,0.23043284,-0.0066611934,0.28436205,-0.024397984,0.043484405,0.27232766,0.20141286,-0.25067478,0.034914993,-0.06488809,0.026593398,-0.2077496,-0.062033743,0.08746248
0.28746974,0.20328087,-0.040770367,0.21500355,-0.06524224,0.023909036,0.2817567,0.1584706,-0.23849191,0.044824347,-0.074206084,0.032576837,-0.19220042,-0.10568028,0.08090615
0.28680533,0.13770461,-0.096972674,0.19736162,-0.039624028,0.0943422,0.23158446,0.20886463,-0.18929943,0.03173148,0.056002613,0.011477485,-0.14739087,-0.041426823,-0.064695925
0.31867844,0.13403398,-0.09856251,0.17562032,-0.08318739,0.05233887,0.2263611,0.19195291,-0.22198755,0.018749285,0.0016631098,0.026572289,-0.1776867,-0.1011066,-0.029648352
0.017554462,0.083612934,0.0633058,0.41941616,0.24009743,0.4658607,0.28391907,0.21947333,0.32763135,0.18722263,0.3698558,0.0034269034,0.37513345,0.41058806,0.0065018395
0.03487361,0.08464469,0.07853672,0.4265054,0.23505725,0.46144825,0.29198343,0.23573732,0.3521108,0.18767373,0.35626054,-0.0066655846,0.39546603,0.41862684,0.018810928
0.18916392,-0.023412308,-0.17529365,0.12176615,0.3847295,0.22231793,0.19059294,-0.20412554,0.12699196,0.13425148,0.2414856,-0.09424735,0.17121041,0.28073967,0.14989555
0.18770951,-0.023857353,-0.17520796,0.11927734,0.3817886,0.22631033,0.17749044,-0.19826859,0.117477804,0.1331074,0.25819996,-0.10192248,0.16089326,0.27706432,0.15033227
0.0118153505,-0.06690365,-0.12262871,0.2959051,0.2206156,0.254937,0.22676381,0.059043907,0.19565704,0.15314385,0.34619763,0.07184212,0.26078355,0.3112095,-0.13802356
-0.005820487,-0.111895785,-0.16765103,0.24304083,0.18499663,0.24080351,0.19197772,0.025605239,0.19281927,0.15662992,0.33442542,0.06907901,0.25392655,0.26874328,-0.16417
0.015140712,-0.0788191,-0.039836816,-0.06636701,-0.18900383,-0.071834646,0.05496531,-0.22581907,-0.288301,0.017517217,-0.20826349,-0.11859813,-0.11063446,-0.22597829,0.0850328
0.0049127066,-0.08939612,-0.049096234,-0.08364195,-0.1906996,-0.08337471,0.029201124,-0.2300889,-0.29399085,0.016400348,-0.21419293,-0.12892753,-0.11559588,-0.237616,0.071415454
0.050966937,0.20793727,0.31171077,0.036045603,-0.0045129005,-0.26721025,-0.0011815084,0.25233036,-0.14295532,-0.034305725,-0.24588674,0.36509123,-0.23226833,0.01342634,0.23626067
0.060262218,0.21454908,0.30982018,0.035514317,-0.025039302,-0.26700956,-0.010241011,0.26415968,-0.13709483,-0.025112629,-0.26257566,0.35134882,-0.22718048,0.013350074,0.21536393
-0.1765738,-0.11101314,-0.17620315,-0.18802258,-0.33300486,-0.19012477,-0.2811575,-0.26192003,-0.22827208,-0.13848385,-0.30504298,0.005415516,-0.24417034,-0.17571862,-0.11002923
-0.19510572,-0.056595705,-0.10394829,-0.14059845,-0.2802738,-0.17684537,-0.23216373,-0.1899847,-0.20994255,-0.12531209,-0.2937311,0.060818713,-0.23776874,-0.095495656,-0.09454526
0.06338838,-0.09412454,-0.09844378,0.13850275,0.1166552,0.1822592,0.13621953,-0.0029957602,0.32959706,0.3104352,0.5097683,0.006190538,0.4376319,0.26333904,-0.053638466
0.05954398,-0.06796563,-0.117356576,0.12515919,0.119957626,0.19121519,0.113897115,-0.05637265,0.32479802,0.31482285,0.5015691,-0.07474523,0.43298662,0.25864908,-0.03312835
0.016639989,-0.1790747,-0.2273598,-0.18878123,-0.21552685,-0.11297885,-0.12363842,-0.2979678,-0.26904565,-0.07462917,-0.25318658,-0.098593004,-0.14652795,-0.20392638,-0.092929244
0.019243248,-0.18176267,-0.20131344,-0.23659256,-0.26382005,-0.17287496,-0.17349751,-0.27392748,-0.2803058,-0.08326031,-0.28913295,-0.12915097,-0.16861393,-0.2537499,-0.07501218
-0.006315861,-0.059939474,-0.25228366,0.14511126,0.16597083,0.29077587,0.24064705,-0.122765176,0.12497161,-0.007225726,0.2576188,-0.24455988,0.21934551,0.10530289,-0.09818506
4.286191e-05,-0.08202717,-0.25874224,0.118642405,0.121003166,0.29273403,0.24204008,-0.1305952,0.14614704,-0.018824942,0.25066274,-0.2613483,0.23924072,0.08465424,-0.08751775
-0.04839636,0.1032975,-0.08493628,0.06235739,0.051786654,0.326066,0.11490318,-0.068552844,0.13310567,0.28642672,0.3233751,0.22911832,0.13663626,0.34519953,-0.10304283
-0.03238696,0.13398719,-0.060589142,0.08762246,0.050133213,0.31227586,0.12268156,-0.05379798,0.1225577,0.30261016,0.3068508,0.22524418,0.11729425,0.37037277,-0.08472585
-0.21799405,-0.16639322,-0.24393606,-0.24470454,-0.19829378,-0.014464129,-0.34400052,-0.26351598,-0.14007673,-0.092458524,-0.4040382,-0.22885656,-0.24283084,-0.14604226,-0.08357814
-0.056284025,0.30347234,0.19140086,0.2227525,0.0017349971,0.24786127,0.21125504,0.17144647,0.11165101,0.04581198,-0.030368708,0.055887,-0.045795728,0.19343019,0.18499514
-0.04773601,0.31108284,0.18310967,0.22806084,-0.018822804,0.2653109,0.21981043,0.13800606,0.114797875,0.064123936,-0.059756607,0.061832685,-0.042027257,0.1996302,0.19521108
0.18841629,-0.09336693,-0.12763748,-0.076699495,0.07858535,0.20258841,-0.11934458,-0.14694694,0.22479102,0.016099034,0.13438453,0.006965874,0.1778097,0.16086262,-0.02371344
0.18803045,-0.117932245,-0.1570616,-0.104635164,0.0800533,0.18316925,-0.14186443,-0.15098938,0.2359739,-0.023674602,0.14621869,-0.048494697,0.18091202,0.12416235,-0.03709835
-0.22744896,-0.20058845,-0.18557899,-0.123553514,-0.28372893,0.20312792,-0.108875565,-0.25898468,-0.19628924,-0.28142178,-0.31870657,-0.0613127,-0.2321235,-0.101287365,-0.21324758
-0.2371831,-0.21332464,-0.18409014,-0.16199064,-0.26559246,0.19043185,-0.13223433,-0.22809015,-0.08868763,-0.20992355,-0.2837972,-0.089586996,-0.13505273,-0.08138958,-0.2135557
0.036910035,-0.020018324,0.02628024,-0.073228806,-0.16481507,-0.13173561,0.060347304,-0.14398088,-0.26213866,0.10429397,-0.17623532,-0.1746964,-0.0677568,-0.22092825,0.15077956
0.028316304,-0.024505313,0.016027413,-0.0891454,-0.18618792,-0.14183432,0.032479342,-0.1618185,-0.27719396,0.09153074,-0.18929437,-0.17653558,-0.08890748,-0.2373996,0.14210589
-0.011193394,-0.14588358,-0.24174969,-0.11893591,0.20462622,0.052032925,0.14312403,-0.28580362,0.11752279,0.26907697,0.28060567,0.054696493,0.19846877,0.20556363,-0.029188268
0.057859093,-0.13584892,-0.2417598,-0.06863131,0.25552875,0.09041208,0.1652378,-0.23116642,0.092726216,0.2527167,0.2827641,0.03037104,0.16552737,0.21155909,-0.0016896252
-0.023884831,-0.16971326,-0.08906874,-0.19870402,-0.27476114,-0.1015222,-0.049745776,-0.23786333,-0.26622802,-0.17539132,-0.28314766,-0.049029127,-0.11962992,-0.28516954,-0.061103653
-0.043898754,-0.17900729,-0.105968945,-0.20515409,-0.28159112,-0.07769284,-0.07084182,-0.26028222,-0.25954783,-0.18816277,-0.27935874,-0.030252028,-0.11651106,-0.27297914,-0.079101056
-0.12484348,-0.2210837,-0.15391311,-0.12173748,-0.21995243,-0.07707141,-0.19257933,-0.18310276,-0.32313,-0.18778124,-0.3108434,-0.0798043,-0.2521354,-0.24074323,-0.099144734
-0.13973737,-0.19823942,-0.11962489,-0.1120838,-0.20583792,-0.08957111,-0.18662693,-0.17248273,-0.33379647,-0.1843068,-0.30694693,-0.04948114,-0.26006487,-0.22287843,-0.07490215
0.43406984,0.0085366815,-0.09108689,0.028460987,-0.009710766,0.12491347,0.116353035,0.1580629,0.15937081,0.19812179,0.18955147,-0.020853773,0.12662666,0.05709633,0.040697575
0.38057446,0.13998535,-0.001302151,0.0063270135,-0.031364985,0.117378235,0.18540981,0.24005002,0.010167006,0.26434064,0.086746305,-0.069486186,0.015896127,-0.025150405,0.10228391
-0.07163888,-0.08590929,-0.20145103,-0.26955533,-0.25445294,-0.023992054,-0.24425086,-0.3305294,-0.2152819,-0.06289091,-0.2759359,-0.056445263,-0.21147108,-0.107131705,-0.059272453
-0.076805085,-0.113212906,-0.23998824,-0.2584618,-0.24448702,0.0053335675,-0.25141263,-0.3595092,-0.18878238,-0.0698632,-0.25792998,-0.048788004,-0.18956289,-0.092280254,-0.077768
-0.18339902,0.0074648177,-0.06274627,-0.099573135,-0.23565435,-0.048747953,-0.2874599,-0.16311505,-0.3975384,-0.3059327,-0.39144614,-0.10508003,-0.40885043,-0.21195075,-0.018116042
-0.18181044,0.0027524903,-0.01674845,-0.15190625,-0.22346878,-0.053331353,-0.21364555,-0.17058359,-0.33612433,-0.25285548,-0.34606272,-0.03516466,-0.31439227,-0.21135713,0.017436601
0.20919627,0.09289688,-0.15390518,0.18969715,0.19056022,0.18421324,0.19252783,0.073287085,0.30602112,0.40562937,0.36973843,-0.12710765,0.38893062,0.31252915,-0.020841427
0.29302102,0.09773416,-0.14745687,0.19586422,0.17034408,0.17848462,0.16654244,0.1270098,0.2951982,0.39029574,0.33118916,-0.22819513,0.352167,0.27974367,-0.016237408
-0.17337099,-0.1016088,-0.13026029,-0.22506367,-0.2933576,0.12769596,-0.14873922,-0.1788815,0.19909093,-0.089953765,-0.100068584,-0.042654224,0.03483641,-0.0073974524,-0.17474985
-0.20038286,-0.102330044,-0.11486782,-0.19445217,-0.30363643,0.11237943,-0.18355377,-0.15982884,0.17731607,-0.1253238,-0.10976131,-0.040021505,0.00990748,-0.012924827,-0.17283496
-0.28377032,-0.13345753,-0.30366975,-0.18713635,-0.08651596,0.17013726,-0.2694003,-0.26119053,-0.004294511,-0.15600178,-0.1469892,-0.084848106,-0.16032852,-0.011926668,-0.12728852
-0.11334503,-0.18776476,-0.20788093,-0.12772264,-0.22363463,0.28062308,-0.02746275,-0.13419065,0.2477305,0.03665737,0.0954027,-0.18324336,0.22964323,0.12513213,-0.23878822
-0.13393132,-0.20492989,-0.2248519,-0.14825669,-0.24408099,0.26549155,-0.03776271,-0.17944644,0.24758458,0.008418354,0.002799285,-0.18994632,0.23098707,0.08751121,-0.25050953
0.030317955,0.113104895,0.35867864,0.09115425,0.10585645,0.09002955,0.10297144,0.42117408,0.21273972,0.13695715,0.23217048,0.24014239,0.1820145,0.25602737,0.090895265
-0.21489634,-0.10064964,-0.031169737,-0.24684414,-0.23168185,0.07192608,-0.224285,-0.24124423,-0.067815214,-0.31569672,-0.2748114,0.10059023,-0.17541626,-0.06717424,-0.10984699
-0.2243562,-0.07265757,0.011042645,-0.19604038,-0.20275784,0.06933437,-0.21694294,-0.18701106,-0.04852174,-0.29638433,-0.25676835,0.11713373,-0.15293461,-0.04106256,-0.08464269
-0.1460543,-0.21415594,-0.1269468,-0.19032878,-0.2879021,-0.006950584,-0.0069336537,-0.19246113,0.064760394,-0.000604813,-0.015074989,-0.1490057,0.17235436,-0.105356395,-0.10544339
-0.14507559,-0.19842064,-0.13314158,-0.16430938,-0.2719039,0.023492709,0.0032700766,-0.19588482,0.074285306,0.014450287,0.0493009,-0.139043,0.16896534,-0.061642826,-0.09837213
0.024255982,-0.14006579,-0.09031674,0.008317484,-0.09333675,0.079848126,0.06718692,-0.1684139,0.0081441365,-0.042204335,-0.09304541,0.0015980853,0.12277321,-0.017437603,-0.054357834
-0.020078445,-0.20834343,-0.13614126,-0.084142484,-0.14018616,0.019903176,0.034498896,-0.23898497,-0.05751809,-0.097155325,-0.1620639,-0.050872922,0.074414946,-0.103505686,-0.08751011
-0.21553223,-0.14767021,-0.018966911,-0.18851823,-0.18970847,-0.13748895,-0.09392099,-0.19674458,-0.18746793,-0.11437118,-0.2659599,-0.09023911,-0.12173307,-0.2098181,0.0068118894
-0.20536451,-0.1461057,-0.0062680887,-0.21348603,-0.19017905,-0.14459032,-0.0980687,-0.19862956,-0.21382692,-0.115072966,-0.27355188,-0.11473356,-0.13445221,-0.21728721,-4.163198e-05
0.07143681,0.09876177,0.01823473,0.39940196,0.16417581,0.24956714,0.32192707,0.33000863,0.36356407,0.18410224,0.11480492,-0.066744536,0.25698295,0.33147323,0.037972953
0.06780763,0.09289107,0.016158167,0.4103039,0.17558,0.22539985,0.31234396,0.32617944,0.3753913,0.17309651,0.12994462,-0.07365502,0.26607352,0.34926802,0.02464883
-0.14219922,-0.22925115,-0.15429199,-0.23854813,-0.26708502,-0.09709453,-0.08915934,-0.2602339,-0.12828329,-0.122938134,-0.2304107,-0.26722425,-0.033127517,-0.19634387,-0.14712131
-0.12802461,-0.21026553,-0.12740089,-0.27252224,-0.26678735,-0.12105596,-0.094058916,-0.24611971,-0.10681773,-0.07239271,-0.19529341,-0.26239964,-0.0026736609,-0.19398522,-0.13129672
-0.0055502346,0.24138376,0.08810977,0.46337926,0.32600015,0.47149423,0.3327424,0.17377225,0.061468154,0.12126188,0.16616021,-0.03944461,0.02784868,0.57130593,0.13786298
0.016994696,0.23526427,0.071875885,0.427,0.31325403,0.46456596,0.3226295,0.16661161,0.08712062,0.14476883,0.22980852,-0.068561636,0.057919085,0.56546897,0.133744
-0.03285018,0.22817121,0.04308348,0.38895088,0.29486144,0.4961083,0.27644297,0.09025269,0.082249045,0.10549327,0.09719469,-0.06701088,0.02522297,0.55382097,0.1281999
-0.008179152,0.24825317,0.060085475,0.37267154,0.2954126,0.51188064,0.26957595,0.09016861,0.08420646,0.13834026,0.124711126,-0.027695056,0.032369167,0.575084,0.13958138
0.17396149,0.25823677,0.073749065,0.5005622,0.3017571,0.41837427,0.2996363,0.18393731,0.0128290765,0.19760576,0.3352995,-0.035638403,0.06637992,0.5330746,0.1440076
0.1813615,0.253294,0.06809743,0.5233458,0.31693107,0.43480948,0.3065634,0.20024472,0.042235054,0.20874971,0.28866464,-0.07715904,0.087747544,0.5620966,0.15367888
0.045229584,-0.14818779,-0.119106136,-0.2087487,-0.20042783,-0.18130754,-0.36240137,-0.20400272,-0.05844063,-0.26371822,-0.40185648,-0.054046888,-0.16071686,-0.21917778,-0.053839162
0.065853335,-0.1765943,-0.20959666,0.031517312,0.15124881,0.20146449,0.18539315,-0.07661019,0.3501117,0.2538049,0.45890778,0.16832253,0.43898448,0.29937065,-0.18306592
0.06905374,-0.20012215,-0.23128581,0.014317289,0.124655426,0.18225446,0.17631504,-0.09520006,0.34538132,0.26856393,0.4669143,0.16238873,0.44482052,0.27276987,-0.18294267
-0.1447605,-0.04457406,-0.038126364,-0.16210414,-0.2374798,0.0651576,-0.14293046,-0.21903783,-0.10999183,-0.14409986,-0.3153628,-0.04239726,-0.1937294,-0.08128725,0.008650732
-0.17932785,0.036450233,0.011574602,-0.05292696,-0.17112656,0.119778335,-0.13076982,-0.20799679,-0.10407171,-0.14832646,-0.3119695,-0.06360412,-0.204002,0.00623597,0.05160583
-0.26161522,-0.11019091,-0.16688663,-0.024598092,-0.13421214,0.28253835,0.0921859,-0.22881663,0.018236756,-0.14478862,-0.16728914,-0.13990964,-0.03344132,-0.0053847306,-0.035211895
-0.27607188,-0.12007537,-0.17960551,-0.06832142,-0.12938124,0.26934987,0.077476785,-0.23084553,0.027865842,-0.1257879,-0.16853023,-0.10592371,-0.032484446,-0.013823427,-0.057416134
-0.07018387,-0.2067262,-0.16834572,-0.30426922,-0.42907262,0.021131497,-0.19697845,-0.22406629,-0.33120376,-0.3278406,-0.33848947,-0.06273034,-0.30416632,-0.25101852,-0.2626738
-0.04799769,-0.22243911,-0.17801064,-0.33150163,-0.40252292,0.027117737,-0.16791177,-0.22853732,-0.3008943,-0.288675,-0.35492438,-0.06409857,-0.27119946,-0.23880967,-0.25387305
0.111948095,-0.15870154,-0.12045522,-0.15350252,-0.24815063,-0.027570428,-0.19877097,-0.084585235,0.02776501,-0.3123982,-0.2916487,-0.1408991,-0.06775681,-0.18339069,-0.10782726
0.1162729,-0.13103487,-0.1084359,-0.12183754,-0.23312005,-0.00019899383,-0.1764555,-0.06001851,0.046662584,-0.3072415,-0.2746596,-0.15591663,-0.05295333,-0.16495939,-0.09561999
-0.26457083,-0.18827626,-0.24202855,-0.12951297,-0.18593565,0.07124518,-0.09336963,-0.15515055,0.1509699,0.08670916,-0.09034215,-0.10940884,0.082456805,-0.046800278,-0.10812308
-0.2640233,-0.20106995,-0.24247172,-0.110051826,-0.1598427,0.07565254,-0.07498861,-0.11844854,0.2104548,0.10841638,-0.04542026,-0.092003375,0.13496616,0.013696915,-0.123809546
-0.11333239,-0.3348668,-0.34390786,-0.12230058,-0.14224777,-0.010248173,-0.04616697,-0.19853431,0.16614214,-0.10675111,-0.010678795,-0.0018223689,0.15256858,-0.06757234,-0.3290162
-0.10899825,-0.35846904,-0.3447221,-0.15053096,-0.17025024,-0.016626716,-0.056991868,-0.20005822,0.2175932,-0.08782911,0.00985009,-0.011255596,0.20436442,-0.070190996,-0.33055288
0.040773273,0.016100982,-0.031244997,0.07767049,0.14434531,0.20263888,0.26365277,0.041808885,0.25159708,0.20703392,0.2159207,0.024990192,0.20620237,0.3565175,-0.121384576
0.058211207,0.026324667,0.002302753,0.091119945,0.13520028,0.19875544,0.25438705,0.09161876,0.26578963,0.20873272,0.21898639,0.03573025,0.2154158,0.34571934,-0.108429596
-0.21616691,-0.050819963,-0.0130347535,0.041759763,-0.04876431,0.01820482,0.029977601,-0.15043026,0.058128923,-0.14550096,-0.29874095,0.06559391,-0.02605082,0.044524327,0.06467204
-0.2071683,-0.04461258,0.00046490598,0.027185673,-0.04495059,0.010236924,0.03501914,-0.14215437,0.058812454,-0.13672337,-0.29827407,0.063400455,-0.018413395,0.04095435,0.079255834
-0.09132318,-0.2584467,-0.34648842,-0.109420404,-0.078909084,0.13674057,-0.102700144,-0.12033363,0.1891951,0.14949146,0.24814203,-0.2028859,0.20480567,0.07863748,-0.27665925
-0.059037298,-0.27398074,-0.3546353,-0.11858149,-0.11304678,0.112661764,-0.11316173,-0.11281879,0.1886026,0.12477307,0.24108207,-0.22902338,0.20576844,0.06516642,-0.29244637
0.039929077,-0.17026225,-0.2801388,-0.0521189,-0.039384186,0.061650474,0.12737776,-0.011406722,0.28156367,0.23956484,0.17973036,-0.16285759,0.2531377,0.15426305,-0.20874827
0.101254284,-0.1814491,-0.29161453,-0.07718203,-0.0721045,0.07754363,0.105729714,-0.0061994595,0.2891599,0.25479877,0.20889816,-0.18368104,0.25862274,0.14315237,-0.22432265
-0.1600444,-0.039190955,-0.09266825,-0.026162332,-0.2206177,0.01003385,0.004449461,-0.15514341,-0.089519694,-0.09142201,-0.2648552,0.25913563,-0.1852874,-0.015240776,-0.08086321
-0.1520849,-0.017854411,-0.06810989,0.0014288267,-0.2150574,0.005417783,0.008477304,-0.15348703,-0.0961881,-0.10014345,-0.27220726,0.23634902,-0.19124782,0.0037428413,-0.07236102
-0.08023888,0.054004475,-0.08671533,0.30775654,0.07506479,0.1098777,0.35404122,-0.034786183,-0.057663865,-0.11442706,-0.18212608,-0.09406851,-0.11086622,0.049717207,0.059092052
-0.0927214,0.053511865,-0.07711566,0.29488662,0.07395371,0.109718144,0.2961365,0.0053908704,-0.025327416,-0.16719341,-0.15662481,-0.11208291,-0.10319476,0.061980475,0.029469721
-0.10676588,0.12063292,-0.04115148,0.35263848,0.09615432,0.12791713,0.28853697,0.02316745,-0.062051006,-0.16018939,-0.20604552,-0.16248137,-0.12989023,0.054763727,0.103396565
-0.08393499,0.083544835,-0.07301985,0.30550548,0.056510933,0.09587204,0.23487324,0.0035441064,-0.09284303,-0.16511701,-0.23490347,-0.1586832,-0.16182178,0.0117853,0.06696828
-0.0746701,0.38959402,0.35566378,0.26631197,0.16835836,0.07586363,0.25238347,0.22538546,-0.12870674,0.039033826,-0.14897129,0.3015378,-0.18614614,0.29372218,0.2498233
-0.047194015,0.40454954,0.3436565,0.23782712,0.1257202,0.082090646,0.25239503,0.18897709,-0.13853526,0.070416175,-0.16275093,0.311474,-0.19454248,0.28369132,0.25626972
-0.23375493,-0.29876214,-0.28707057,-0.21277937,-0.25517857,-0.11077809,-0.1516955,-0.1372784,0.26967603,-0.1575983,-0.13618168,-0.25426435,0.21775332,-0.11661651,-0.3219869
-0.24716458,-0.31780493,-0.28790307,-0.23900163,-0.27087498,-0.1307579,-0.1883339,-0.15680644,0.27152413,-0.1790638,-0.15436825,-0.30464256,0.21590942,-0.13323504,-0.3264326
0.29603198,0.03617368,0.045984976,0.03493152,-0.23014513,-0.17095576,-0.26508808,0.07101495,-0.20183085,-0.09936561,-0.27656257,-0.052519828,-0.18345538,-0.2663139,0.12602276
0.19350258,0.014855163,0.0779921,-0.02315239,-0.2693141,-0.19021484,-0.27166766,0.048301127,-0.18334138,-0.14756218,-0.3542555,-0.09907658,-0.18771443,-0.24844585,0.10455643
-0.102459244,-0.30101275,-0.26252198,-0.28144357,-0.34326953,-0.034978077,-0.21972936,-0.28571948,-0.08301982,-0.17467245,-0.23888037,-0.060037076,-0.04391255,-0.19214013,-0.2582418
-0.09264117,-0.31832817,-0.32452238,-0.2898064,-0.34167868,-0.016047139,-0.24403058,-0.3085636,-0.08933753,-0.17760229,-0.23092644,-0.08507195,-0.062277,-0.19371013,-0.28552365
0.41219622,0.2843012,0.037900656,0.4162764,0.5776293,0.37818557,0.34718543,0.21116862,0.20361024,0.32095402,0.42493546,0.012893885,0.24190581,0.4751513,0.26663023
0.42112702,0.26562864,0.02453304,0.4153037,0.5736483,0.38153768,0.32054526,0.20768026,0.20381396,0.32260415,0.42165947,0.021858476,0.24129097,0.47127372,0.2579478
0.14268768,0.10731511,-0.040169448,0.34805652,0.32385737,0.33989418,0.3459313,0.11986502,0.25949368,0.32997578,0.42484188,0.14139226,0.3666913,0.41022322,0.06786006
0.15579876,0.10579321,-0.028736148,0.34991157,0.34988973,0.32153255,0.37014908,0.13196784,0.2698799,0.34540865,0.42380166,0.10884703,0.38360125,0.4158197,0.08805433
0.18814903,0.25958928,0.12689942,0.15686285,0.2258434,0.1723401,0.2521034,0.019515678,0.12632692,0.3498069,0.41872188,0.20674463,0.2369082,0.30951792,0.22811551
0.1849683,0.25986868,0.13229445,0.13315168,0.21198353,0.16826577,0.24905777,0.018465072,0.13897151,0.36406466,0.41965526,0.20279399,0.24569675,0.30537146,0.23621431
0.0028786222,-0.24721453,-0.11283464,-0.18166336,-0.19722432,-0.0039377715,-0.017474992,-0.18096718,0.1494215,-0.04939309,-0.020669099,-0.028806083,0.25540334,-0.070321426,-0.13580677
-0.0044409395,-0.25465432,-0.11010357,-0.17040555,-0.17727782,-0.009411771,0.007087687,-0.16114771,0.1672346,-0.046141855,-0.034978773,-0.030947104,0.26981252,-0.06317572,-0.12679906
0.15952758,0.01780529,-0.07704566,-0.019457787,0.044815265,0.29506493,0.24143995,-0.019764887,0.031117672,0.22778016,0.1500386,0.110930145,0.0959618,0.22148415,-0.14660485
0.17825356,0.06280899,-0.024871543,-0.052289397,0.011743004,0.2701897,0.20277843,-0.022115879,0.019769745,0.26502538,0.1325745,0.10758198,0.08363752,0.23109715,-0.105440564
0.31201887,0.0516244,-0.030128377,0.019353049,0.1386404,0.18831378,0.21026324,-0.019076668,0.18060246,0.2841164,0.16201983,-0.06716885,0.23185459,0.22519061,0.027073516
0.3233876,0.041589484,-0.029971756,-0.002895052,0.12662615,0.1889273,0.21219003,-0.014733087,0.18484542,0.28098089,0.1389116,-0.10708988,0.23797943,0.21283719,0.039822
-0.27972108,-0.15849042,-0.22041821,-0.2842292,-0.39043975,-0.118077025,-0.36251867,-0.35494035,-0.17240722,-0.3742191,-0.38682258,-0.059585482,-0.32685018,-0.2788816,-0.17919283
-0.2586856,-0.17212181,-0.23107839,-0.25501433,-0.39122197,-0.13539529,-0.36423498,-0.33415622,-0.20220888,-0.4072611,-0.43028194,-0.12915495,-0.3492043,-0.2893141,-0.21381842
-0.21317732,-0.094070956,-0.122469425,-0.14769116,-0.17336482,0.018826488,-0.0847982,-0.29663876,-0.13087265,-0.13485652,-0.33330098,-0.09150818,-0.20175639,-0.097612515,-0.025288876
-0.2163617,-0.0814362,-0.10993832,-0.12822476,-0.15670681,0.028863352,-0.056887165,-0.2927674,-0.13259229,-0.1313124,-0.34281665,-0.10253903,-0.20674846,-0.07493586,-0.013574539
-0.26709145,-0.27217293,-0.33819538,-0.33831286,-0.2975253,-0.10376226,-0.48206836,-0.33806348,-0.30611277,-0.21693444,-0.40839028,-0.19380042,-0.35679662,-0.2865649,-0.21102199
-0.31370744,-0.2674745,-0.28915828,-0.34901965,-0.34002662,-0.12501353,-0.4567867,-0.3400343,-0.2970682,-0.2083498,-0.4174477,-0.18717653,-0.31902307,-0.28961998,-0.18561056
0.27359316,0.27407116,0.007710161,0.31716523,0.3249519,0.21563798,0.32672942,0.1252424,0.11570507,0.40824622,0.37940305,0.00088409544,0.2089375,0.40133977,0.10633466
0.29598317,0.20605293,-0.026591506,0.2943958,0.32184196,0.17076553,0.2709785,0.14888534,0.1354243,0.38027906,0.3659702,-0.0041297637,0.22148317,0.36289388,0.06564232
-0.13386899,-0.27699852,-0.17956114,-0.23592791,-0.29997307,-0.05920048,-0.14684233,-0.18809304,-0.10568562,-0.011326369,-0.12325864,-0.18525138,0.0030099312,-0.18447429,-0.21362221
-0.1269337,-0.2567332,-0.18044794,-0.23678258,-0.30721098,-0.08637703,-0.16926683,-0.20478334,-0.16133347,-0.026814556,-0.16930017,-0.22425568,-0.057226703,-0.19621077,-0.20903689
-0.002202653,-0.20722434,-0.12065798,-0.14142446,-0.23630896,-0.019317094,0.020300824,-0.1802828,-0.121979855,-0.01093453,-0.02592261,-0.0955216,0.050354913,-0.18144141,-0.1408169
-0.006554528,-0.2030229,-0.11791071,-0.14160618,-0.2315372,-0.02863774,0.020236857,-0.1940375,-0.12645173,-0.0022023967,-0.047024675,-0.12670231,0.047017485,-0.18107134,-0.11445676
0.3449824,0.10565752,0.035028182,0.13904965,0.038466033,0.066315755,0.013923793,0.021035332,0.036428623,0.12706153,0.008565493,-0.12839112,0.06285825,-0.0045895316,0.1937003
0.33866176,0.1010811,0.026039608,0.12783338,0.033079743,0.069525905,-0.007953976,0.010652789,0.037127823,0.12365055,0.005729513,-0.123219,0.056564797,-0.008652531,0.18674448
0.2855574,0.2381021,0.08543697,-0.070886835,-0.09433976,0.05079907,0.090553865,0.24201192,0.09254608,0.36062467,0.04515868,0.1556368,-0.0041812654,0.08258518,0.15199363
0.26063672,0.21525085,0.074543014,-0.07129377,-0.07309036,0.050198805,0.108084366,0.25758153,0.13995522,0.39299035,0.08319412,0.20445189,0.053728696,0.11858931,0.10047206
0.21892038,-0.042182744,-0.029068708,-0.05846284,-0.13988572,-0.027486112,-0.027637895,-0.090071686,0.09910397,0.05915733,-0.17137212,-0.07771617,0.12019472,-0.009903635,0.0588577
0.20710662,-0.045603752,-0.032852016,-0.06736311,-0.13788538,-0.014547328,-0.03044771,-0.102856405,0.08740388,0.057970956,-0.16287428,-0.08959539,0.106787875,0.0046064407,0.035324823
0.3135088,-0.09716424,-0.18669426,-0.024291266,0.09605187,0.11714403,0.00911017,-0.09835476,0.13624102,0.039834708,0.14199944,-0.15474519,0.18549588,-0.024724765,0.027466536
0.295834,-0.10375155,-0.18432039,-0.035590056,0.08226862,0.10014193,-0.019532768,-0.11772227,0.1250481,0.023049038,0.11898538,-0.17088582,0.17147405,-0.043894287,0.029708236
0.22096047,-0.14630464,-0.17426287,0.024512626,0.13704316,0.11927928,-0.006562329,-0.12857205,0.17607297,-0.043891896,0.13138326,-0.048704125,0.18683976,0.04999443,-0.014248668
0.2065403,-0.14718917,-0.17692,0.012526458,0.11872887,0.11629464,-0.027617492,-0.14818017,0.1686398,-0.046512835,0.11346337,-0.057669096,0.17732733,0.039218515,-0.015537247
-0.034111775,0.059872314,-0.04739859,-0.0016216468,0.16399121,0.08914449,0.23695102,-0.13752168,0.19637059,0.3161769,0.2603224,0.05038553,0.19310692,0.35594994,0.07457963
-0.005878335,0.093125135,-0.018233031,0.007258119,0.16372736,0.0849573,0.2390328,-0.0935997,0.17634712,0.3223063,0.26905936,0.059980765,0.16128317,0.34602374,0.08175427
-0.07198615,0.14357084,0.40576106,0.016903497,0.050206833,-0.08884231,-0.03722092,0.26843742,0.12637015,0.112609714,0.26262546,0.31636727,0.1376044,0.17234479,0.106182024
-0.058468834,0.14675911,0.41713998,0.014801132,0.023988605,-0.08643728,-0.034097165,0.29195505,0.12647513,0.098307244,0.24890041,0.340734,0.128931,0.16301875,0.100965604
-0.20782843,-0.27092767,-0.40367937,-0.084025465,-0.19673133,0.15906852,-0.22075063,-0.33871615,-0.11399929,-0.15934923,-0.19072288,-0.114177845,-0.17995009,-0.13311456,-0.2001865
-0.24268904,-0.26557457,-0.3512056,-0.126331,-0.25215143,0.14862636,-0.22119224,-0.32310823,-0.090426445,-0.13317007,-0.22546294,-0.12872997,-0.13610896,-0.1435869,-0.20679371
-0.16612324,-0.13132994,-0.32221073,-0.16129178,-0.069629,0.22412275,-0.09989275,-0.24147195,0.039740086,0.20999724,0.15732631,0.06777144,0.035856448,0.14101383,-0.111288935
-0.17722784,-0.14831066,-0.3295046,-0.1528689,-0.08724861,0.20034343,-0.10946045,-0.226024,0.05742485,0.19750929,0.1499658,0.05320701,0.048253402,0.11339308,-0.12614301
-0.11959703,-0.3495158,-0.29158676,-0.10374071,-0.2309286,-0.059640087,-0.22128472,-0.18432721,0.15828153,-0.008470239,0.1241612,-0.0244801,0.16851689,-0.09123406,-0.24607433
-0.16752596,-0.40761417,-0.3313111,-0.13061137,-0.28329694,-0.07362203,-0.23214388,-0.20957224,0.15669012,-0.07975805,-0.04380124,-0.020697393,0.1480009,-0.14243224,-0.311333
-0.25423568,-0.15907344,-0.15796581,-0.13088173,-0.1411818,0.2531643,-0.110089615,-0.12818661,0.08809402,-0.113678575,-0.03623318,-0.012161374,-0.017339472,-0.02399578,-0.18326697
-0.23888503,-0.16693315,-0.15883991,-0.14864026,-0.12547357,0.23407698,-0.11449393,-0.11835174,0.107194915,-0.0794415,0.0023008366,0.010059647,0.010332044,-0.032898337,-0.17689231
0.17992754,0.051112916,0.1449567,0.015001446,-0.26272804,-0.13809724,-0.21405107,0.17528202,-0.1112974,-0.10806573,-0.2648264,-0.17706308,-0.19140524,-0.18219385,0.13313061
0.16689092,0.053937905,0.14050287,0.00841587,-0.27114856,-0.12768665,-0.2256164,0.16810831,-0.12989938,-0.14970577,-0.2600493,-0.16864133,-0.21483998,-0.1869317,0.12518534
0.12121642,0.24247882,0.09403196,-0.006967117,-0.03856946,-0.015558402,0.14837429,0.2324442,0.05548504,0.3022958,0.18598464,0.13805616,0.053911753,0.13996279,0.010344108
0.0810109,0.2207607,0.06438046,-0.020055072,-0.004681361,-0.002286777,0.18218741,0.18401405,0.072799936,0.28498077,0.15007749,0.11625125,0.06047765,0.15001106,0.01043936
0.22474653,0.39549816,0.18208605,6.03348e-05,0.038478382,-0.08126499,0.20620763,0.11065531,-0.02983335,0.34357333,0.09829666,-0.014836919,-0.022887817,0.08185996,0.29468352
0.24560523,0.38994545,0.17730975,0.00038246578,0.003938166,-0.090946816,0.18592125,0.13006213,-0.027904553,0.35792592,0.07978781,-0.013913096,-0.018398022,0.068451114,0.27314597
-0.22190914,-0.08346379,0.0040699597,-0.2496874,-0.1250759,-0.054720305,-0.17238218,-0.208669,-0.048082687,-0.20288235,-0.25268596,0.03530711,-0.12272869,-0.08879112,-0.004901942
-0.2201896,-0.09012228,-0.00011108443,-0.2400038,-0.12896647,-0.039498907,-0.18760149,-0.19943222,-0.064018376,-0.22415322,-0.2665761,0.06589145,-0.14347994,-0.08605951,-0.019647812
-0.2083816,0.04653282,-0.0055861166,-0.20195657,-0.23889828,-0.07785585,-0.28513068,-0.24572116,-0.09875637,-0.028937712,-0.29383522,-0.21334958,-0.19727041,-0.17462876,0.11262418
-0.19662532,0.092105344,0.040969238,-0.15933606,-0.22509164,-0.07197627,-0.26569322,-0.19553342,-0.091323875,0.0038541274,-0.2792643,-0.21639879,-0.18329698,-0.15259354,0.14033145
-0.26895005,-0.2884519,-0.31844717,-0.18319839,-0.2036651,0.30344713,0.058288284,-0.29457676,0.2017141,-0.106474176,0.04950638,-0.09064905,0.17187895,0.028379591,-0.34352678
-0.24916723,-0.25280416,-0.29004192,-0.18104357,-0.20141512,0.2701735,0.058546342,-0.27489847,0.24501382,-0.02950593,0.15138395,-0.071986474,0.21589285,0.08423171,-0.31640443
-0.020836897,-0.19774413,-0.22035226,0.0031555062,-0.075911924,0.3530863,0.18742749,-0.13918185,0.33679897,0.15468931,0.30653042,0.06443311,0.44057548,0.22105557,-0.2614568
0.003985261,-0.20864,-0.24101517,-0.019614905,-0.03170283,0.33117014,0.21836218,-0.14560017,0.23027061,0.19445077,0.3016408,0.012565719,0.3622275,0.19254681,-0.25669488
-0.18598936,-0.17013533,-0.13271269,0.0073853466,-0.047956757,0.019386906,0.0071529457,-0.069334105,0.12285642,-0.05916138,0.044967584,0.30553854,0.046613213,0.057606965,-0.11588867
-0.16957232,-0.19441563,-0.17019132,-0.03657683,-0.0689655,-0.015473653,0.028313115,-0.14703853,0.13003778,-0.047271483,0.02700277,0.29686272,0.06568364,0.058758587,-0.10910545
-0.27691972,-0.2718709,-0.18698975,-0.020121058,-0.13099098,0.041858956,-0.020156208,-0.21405233,0.2870322,-0.07255586,-0.23881052,-0.03076895,0.19435914,0.060486436,-0.12993836
-0.21970047,-0.20561853,-0.13085908,0.06664387,-0.1358839,0.04793835,0.012479456,-0.12373677,0.291807,-0.03274571,-0.24865967,-0.05818341,0.1873431,0.092622146,-0.07138045
-0.039484967,0.17461494,0.14639854,0.39370918,0.25296307,0.17285362,0.21726215,0.36603218,0.13963391,0.059375912,0.07816492,0.029750047,0.047734983,0.2659017,0.08849715
0.00045198062,0.16568342,0.1338534,0.4026196,0.2805909,0.1681225,0.2219623,0.38831735,0.1671863,0.10044952,0.1745651,0.03886872,0.08727314,0.29324204,0.06777856
0.066155955,0.38903534,0.32556063,0.300506,0.2408348,0.14080626,0.22489956,0.39661217,0.18227339,0.3338942,0.21055558,0.17697714,0.0962451,0.4621257,0.23393656
0.08203097,0.37653768,0.31980816,0.28239202,0.19951004,0.11176768,0.18697426,0.4136367,0.17225948,0.3248906,0.18940777,0.1882115,0.079954825,0.42292115,0.21036272
-0.1783359,-0.31806338,-0.17360264,-0.1868441,-0.37626708,-0.0037769906,-0.13567355,-0.15916064,-0.2156288,-0.22033636,-0.14781666,-0.12865362,-0.17503524,-0.20366162,-0.28024763
-0.17676179,-0.3066131,-0.17133637,-0.1775438,-0.33694184,-0.00062396633,-0.12822348,-0.15068948,-0.24595815,-0.20692137,-0.2035606,-0.1555945,-0.20202687,-0.19466838,-0.2912116
0.03248196,-0.14049941,-0.22000265,-0.083782956,-0.22578765,0.06613235,0.037534893,-0.1791633,-0.047701,-0.15951139,-0.3643872,-0.13079242,-0.11450678,-0.03676769,-0.17413299
0.0501454,-0.1141351,-0.19238663,-0.041101858,-0.19613048,0.0882552,0.074470125,-0.14754255,-0.005880245,-0.12001549,-0.3443417,-0.14673139,-0.073742464,0.01330875,-0.14941789
0.23251332,0.19345671,0.22797439,0.18050703,0.15138587,-0.09124557,0.19899654,0.26234412,0.06533205,0.15747197,0.04812537,0.16266054,0.0066333897,0.11837971,0.23440635
0.2419684,0.2009761,0.24773926,0.1579141,0.11971106,-0.09685287,0.1752181,0.27158636,0.06350719,0.1544913,0.002975923,0.14836402,-0.0023831679,0.114671215,0.2363829
-0.03035865,-0.28108168,-0.18960983,-0.106561035,-0.18596601,-0.009843716,0.0040843613,-0.21798564,-0.19365704,-0.09487372,-0.13932814,-0.015155917,-0.047466747,-0.21507224,-0.15404576
-0.030199792,-0.26574582,-0.14496556,-0.11650614,-0.17193118,-0.02167269,0.014266893,-0.17794079,-0.16300802,-0.036237396,-0.11051147,-0.021335997,-0.011640211,-0.1972638,-0.10473237
0.19704291,-0.15666556,-0.059202574,0.09118962,-0.10549563,0.037789553,-0.14800194,0.037066743,0.08560592,-0.2149275,-0.19879642,0.02777147,-0.040437326,-0.02454238,0.0013521622
0.18620491,-0.14530998,-0.06607994,0.115088195,-0.08977078,0.018857228,-0.12751795,0.017719343,0.07668891,-0.2435361,-0.20191483,0.01044071,-0.05180338,-0.03228755,0.013645988
0.05163513,-0.2042548,-0.10032585,-0.03591875,-0.23961422,-0.1652033,-0.23623186,-0.15336981,-0.2066746,-0.18602619,-0.29530454,-0.12028922,-0.16857404,-0.16853292,-0.06741482
0.04785818,-0.20049039,-0.08815033,-0.04928323,-0.23187271,-0.16232741,-0.2503872,-0.14521345,-0.1978307,-0.17013568,-0.2887346,-0.12075183,-0.16102849,-0.15361235,-0.06968847
-0.30632412,-0.2479634,-0.23470122,-0.387075,-0.38719326,-0.20313455,-0.48049456,-0.31020415,-0.2993242,-0.35561368,-0.47751793,-0.055037715,-0.37829053,-0.35020727,-0.20495908
-0.2957261,-0.23392195,-0.23205316,-0.40061554,-0.38734847,-0.20510471,-0.46215615,-0.3247429,-0.27719206,-0.32959807,-0.4667228,-0.08706649,-0.34948075,-0.34542263,-0.17949477
-0.104970634,0.24388514,0.4518128,0.09310432,0.0799726,-0.19829346,0.03682334,0.32365116,0.0035244543,-0.054909255,-0.06303488,0.40910533,-0.06211386,0.052831016,0.17140333
-0.108630605,0.25907,0.45115155,0.084670074,0.07973222,-0.19624627,0.057008013,0.2752515,0.0079370495,-0.05560246,-0.049788587,0.38815683,-0.046740063,0.050646838,0.16762525
0.0038973964,0.31825298,0.4333554,0.10037404,0.02003223,-0.2101817,-0.006749588,0.34225148,-0.17054084,-0.11480207,-0.11115712,0.34554347,-0.22547638,-0.06667276,0.21252322
-0.0027446146,0.31643513,0.4307217,0.092227206,0.01370598,-0.22334816,-0.000591225,0.33956158,-0.14986826,-0.11674106,-0.12686105,0.3305058,-0.21165538,-0.06550051,0.20103651
-0.19514912,-0.20687377,-0.18460107,-0.086700305,-0.21601537,0.038565643,0.023708604,-0.25188407,-0.13162372,-0.0032270667,-0.25767934,-0.11403087,-0.138555,0.0023642262,-0.17283745
-0.17877242,-0.20318888,-0.16104588,-0.07841066,-0.20712686,0.023474421,0.03406965,-0.23940596,-0.13259968,0.0070778197,-0.25766993,-0.13253996,-0.13119504,-0.007715616,-0.16495347
-0.06646218,-0.07797451,-0.05839958,-0.16433425,-0.26873562,-0.19554693,-0.31005138,-0.118108205,-0.2530125,0.04391256,-0.2490902,-0.25145406,-0.21103963,-0.25245664,0.039751485
-0.07630348,-0.065578885,-0.041960128,-0.15635338,-0.2667138,-0.21143329,-0.30773818,-0.119583905,-0.26472378,0.048540264,-0.25738668,-0.25415546,-0.22285622,-0.24609616,0.04947434
-0.23605597,-0.20477448,-0.31295615,-0.27803066,-0.31360695,0.013736383,-0.4003426,-0.22074932,0.005328892,-0.15181065,-0.16243538,-0.094846725,-0.14283882,-0.10738076,-0.24657002
-0.23568977,-0.19978613,-0.30513275,-0.27636725,-0.3093823,0.0064669545,-0.4004038,-0.19917086,0.0009053224,-0.15910687,-0.19425407,-0.09746191,-0.15185392,-0.11482942,-0.24840361
0.094076484,0.033125926,-0.106483445,0.175638,0.52320063,0.2067771,0.17648989,-0.07957745,0.057561204,0.16582271,0.3311444,0.08049312,0.07476707,0.3722135,0.12058437
0.09279582,0.029153386,-0.093884766,0.17237997,0.5342552,0.214647,0.17984872,-0.0752126,0.06362431,0.17615165,0.33853805,0.117899925,0.08334095,0.4067996,0.12138009
0.3088538,0.076383606,-0.035254747,0.18160199,0.2755822,0.08611718,0.27193522,0.03801418,0.121337116,0.28207254,0.33285815,0.047130816,0.18624605,0.23498133,0.19265966
0.32794002,0.0686077,-0.0373299,0.19390777,0.2833162,0.109507516,0.2693206,0.038539134,0.14900976,0.30782032,0.33517122,0.038821563,0.2151032,0.24904379,0.19031408
-0.07142845,-0.02021538,-0.09028157,-0.07831702,-0.13824469,0.0968702,-0.18719092,-0.00024525757,0.0096863285,0.07259129,-0.0025507784,-0.12874806,-0.047189094,0.028589793,-0.042203136
-0.0632616,-0.009373562,-0.0823767,-0.07486519,-0.13639343,0.09661001,-0.18461281,0.00469699,0.0075543034,0.08323614,0.0049967016,-0.12556387,-0.05053008,0.032500952,-0.03638047
-0.18700191,0.041844353,0.024529926,-0.11268341,-0.11935208,-0.0823549,-0.043451615,-0.15992332,-0.1658178,-0.12866189,-0.32177976,-0.08165243,-0.19549045,-0.1715602,0.12529854
-0.06544104,-0.013233382,-0.093718044,-0.07327824,-0.13344993,0.10419739,-0.17272282,-0.0012768336,0.013674695,0.07772065,0.0093065975,-0.11124596,-0.04434465,0.03730514,-0.03665197
-0.18869096,0.046810202,0.029628245,-0.12073167,-0.1107115,-0.08169271,-0.03260785,-0.16113065,-0.16089582,-0.09701432,-0.32667306,-0.11008801,-0.18667415,-0.15239692,0.13006261
0.3167097,-0.11892128,-0.12933806,-0.036889583,-0.22527501,-0.10345054,0.029015243,-0.041049615,-0.26845568,-0.083008006,-0.2771231,-0.20680955,-0.15147972,-0.3268625,-0.009562003
0.32417208,-0.118268654,-0.1306178,-0.035712197,-0.23257563,-0.104403414,0.03400758,-0.039664973,-0.26280624,-0.070550114,-0.27647305,-0.20300919,-0.13945954,-0.32559347,-0.0087213
-0.1696254,-0.31563538,-0.23144346,-0.21496198,-0.24521407,0.14185774,-0.006596663,-0.24786933,0.18083343,-0.08431328,-0.0161993,-0.026166476,0.23413049,-0.09372264,-0.25182876
-0.19409263,-0.30213225,-0.21218678,-0.20259476,-0.2555312,0.11891571,-0.030790236,-0.25566608,0.15142174,-0.11540662,-0.053262345,-0.040458903,0.20853052,-0.08888668,-0.24884537
-0.24670292,-0.27380657,-0.19516444,-0.16682655,-0.22708413,0.13393073,-0.00785235,-0.17874897,0.2521214,-0.16490093,-0.13766608,-0.11580457,0.20395273,-0.061307553,-0.21450801
-0.34262794,-0.29621592,-0.2756279,-0.2996181,-0.25100744,0.004180505,-0.2900227,-0.3364162,-0.15568015,-0.15573606,-0.28715855,-0.12493914,-0.1899096,-0.19036838,-0.1970788
-0.33830708,-0.29769972,-0.28559518,-0.26402557,-0.2280519,0.051556222,-0.2642421,-0.31394994,-0.1265922,-0.14017478,-0.25536883,-0.10600508,-0.16901274,-0.17231533,-0.19637825
-0.04650098,-0.11504249,-0.23783952,0.20831628,-0.107402906,0.35532796,0.14867982,-0.025995294,0.061545014,-0.108751714,0.08393115,0.035189036,0.016162809,0.1349211,-0.27797943
-0.15750098,-0.08587689,-0.18350078,0.20501629,-0.08150965,0.26898038,0.18064196,-0.016673142,0.1361542,-0.1187653,0.035814703,-0.031943467,0.0033132192,0.19492668,-0.2199005
0.13728262,0.08924609,-0.10631254,0.310155,0.014330188,0.40334758,0.2607063,-0.0055386163,0.08171752,0.043322287,0.18229681,-0.05537393,0.08031427,0.26072222,-0.07326097
-0.061211947,0.058615513,-0.08870469,0.23850232,0.028921273,0.31979966,0.25375134,-0.013249137,0.16394709,-0.008149854,0.03765807,-0.040036082,0.03231704,0.32836637,-0.09706253
0.046241157,0.007734712,-0.022366341,0.25011903,0.18559304,0.27522397,0.39871684,0.13413526,0.2478542,0.030786263,0.31256396,-0.1013012,0.34524018,0.19533822,-0.090470865
0.07185084,-0.03184943,-0.06617588,0.2172617,0.13889354,0.31366307,0.4236368,0.15163034,0.22762078,0.07355897,0.29813504,-0.084999196,0.33079565,0.17657065,-0.13321745
-0.21600547,-0.11995441,-0.005195662,-0.21094713,-0.24866655,0.09643397,-0.08429311,-0.22094283,-0.18943286,-0.09291712,-0.18524191,-0.038416028,-0.1212607,-0.1126868,-0.06583425
-0.2022317,-0.15953472,-0.034139793,-0.21071872,-0.2353277,0.13847065,-0.06555163,-0.2202254,-0.17981721,-0.114085376,-0.18784219,-0.007228079,-0.12279907,-0.10462946,-0.12015061
0.2643172,0.1920678,0.054730263,0.117615476,-0.07429427,0.027141446,0.005415378,0.12435448,-0.1840775,0.055201743,-0.114307106,0.15329245,-0.24001557,-0.02081982,0.1275299
0.25790334,0.22752011,0.081332505,0.12405261,-0.062567025,0.012279145,0.021036066,0.10809241,-0.19597518,0.073199235,-0.15036131,0.14869824,-0.25108933,0.007032736,0.15496325
0.18729085,0.5592127,0.5865394,0.21379234,-0.003382591,-0.023746906,0.13166787,0.46416128,-0.20396468,0.2498475,0.10980271,0.23758188,-0.15596858,0.12026575,0.31707424
0.16944343,0.54150695,0.5736407,0.19704907,-0.0032890113,-0.0518438,0.11010949,0.4496618,-0.23336896,0.21633443,0.057880346,0.25627503,-0.1938675,0.10186708,0.3049981
0.210139,0.5365712,0.55790544,0.28955215,0.061343975,0.005466515,0.18007328,0.46741366,-0.23661995,0.19355264,0.08374208,0.2893191,-0.19393042,0.1380114,0.30485117
0.24094945,0.52786654,0.5647775,0.28016037,0.03499043,-0.016537728,0.16494486,0.4828521,-0.21926242,0.20340323,0.07828854,0.28990817,-0.18511844,0.12930126,0.31177318
0.019890808,-0.14578038,-0.12554663,-0.23432207,-0.25095326,-0.1544131,-0.3546847,-0.22530489,-0.2438494,-0.249385,-0.38261157,-0.09673344,-0.2613661,-0.2429135,-0.073480815
0.017515866,-0.15693782,-0.1340417,-0.23222229,-0.24031569,-0.13717012,-0.3694763,-0.23823607,-0.24086308,-0.25954705,-0.37038636,-0.08845017,-0.26346654,-0.23641792,-0.08093044
-0.23235872,-0.037681438,-0.021032559,-0.027813053,-0.12718052,-0.11354437,-0.0019984855,-0.23957026,-0.051099867,-0.012020448,-0.3394506,-0.08248415,-0.083011776,-0.05685023,0.123300135
-0.21000034,-0.04060528,-0.019577023,0.0027469108,-0.09408462,-0.103056744,0.048920043,-0.22996902,-0.032591145,-0.008516416,-0.3525185,-0.14251001,-0.060475558,-0.046380293,0.13403592
0.14250194,0.10355313,0.05475618,0.14879073,-0.17991193,-0.20242885,0.060716946,0.114282966,-0.1942662,-0.031396225,-0.33728907,-0.14297265,-0.2247222,-0.2595092,0.19410285
0.15891474,0.09967412,0.05638665,0.14047766,-0.19200417,-0.19842958,0.055784352,0.12621918,-0.19117641,-0.01924545,-0.33354953,-0.14761859,-0.21050657,-0.26904845,0.19218752
-0.29674417,-0.19565608,-0.11691217,-0.23997882,-0.23656699,-0.060283717,-0.13733687,-0.2637489,-0.05296725,-0.33385175,-0.39599022,0.07766728,-0.11868414,-0.1523669,-0.13948968
-0.28095382,-0.15591788,-0.078973606,-0.21701133,-0.23905681,-0.071876675,-0.15887147,-0.22241822,-0.063836396,-0.3447435,-0.38272122,0.059149288,-0.1291095,-0.16200593,-0.113765165
0.07817668,-0.12057395,-0.17495605,0.098547846,0.14245874,0.19166338,0.19776225,-0.045935165,0.34836072,0.29898697,0.4960598,0.12646009,0.45172518,0.30544153,-0.143751
0.08045066,-0.15199721,-0.1963684,0.061201908,0.10051069,0.1804342,0.18990539,-0.06510374,0.37190685,0.3026439,0.50542074,0.07930897,0.4770348,0.27318448,-0.1628645
0.14067678,0.06675557,-0.114055976,-0.16227493,-0.22563039,0.081933916,-0.1261227,-0.12123574,-0.20178273,0.10803789,-0.21412371,-0.073360175,-0.22441122,0.014191445,0.010574022
0.094409205,0.025912078,-0.10949914,-0.17512749,-0.24142002,0.036776878,-0.16417372,-0.13741592,-0.18055072,0.11644377,-0.24801382,-0.1307211,-0.18930256,0.015682826,-0.012703525
-0.30056274,-0.30858806,-0.15988785,-0.20906733,-0.22219211,0.056560785,-0.09856357,-0.25929385,-0.11550571,-0.20368053,-0.25189528,-0.07159236,-0.113391384,-0.13569488,-0.21384713
-0.28916186,-0.28154543,-0.1360918,-0.21613026,-0.21351251,0.05125517,-0.06967785,-0.27446592,-0.13037792,-0.19410375,-0.26841417,-0.09555447,-0.10275787,-0.13451836,-0.19097118
-0.14170982,-0.33798873,-0.3676781,-0.12849075,-0.12119375,0.15655622,-0.1536029,-0.24307442,0.13574772,-0.07001327,0.046479717,-0.061020706,0.082560785,0.13948376,-0.37120104
-0.12698089,-0.33649188,-0.371777,-0.117989264,-0.094152644,0.20793115,-0.09525059,-0.23631303,0.15118885,-0.0328692,0.08723729,0.032903105,0.09965608,0.16564164,-0.3487386
0.16858593,-0.080958664,-0.06721535,-0.11419362,-0.19302684,-0.072265916,-0.2595995,-0.12069439,0.05270873,0.009635442,-0.20590803,-0.09015535,0.038542863,-0.089630894,0.07210676
0.19344187,-0.08600212,-0.06065687,-0.11464462,-0.17409346,-0.07286154,-0.22947928,-0.09570713,0.09848504,0.057552226,-0.1856209,-0.11624116,0.092578396,-0.0534357,0.064578146
-0.15246615,-0.15401152,-0.11567628,-0.027501525,-0.19152492,-0.10774371,0.03962786,-0.23218712,-0.037718482,-0.14952712,-0.35087937,0.030741584,-0.092402145,-0.0672498,-0.034178663
-0.13726923,-0.14401549,-0.108332045,0.043092836,-0.1830028,-0.091920525,0.07370805,-0.2130897,-0.029880762,-0.157205,-0.35542637,-0.013628531,-0.08888438,-0.04456745,-0.022733547
-0.15266658,-0.08477984,-0.104295485,-0.036656987,-0.19936413,-0.09638295,-0.026689442,-0.23365548,-0.05444508,-0.13719779,-0.2807933,0.14631155,-0.14087515,-0.049634077,-0.05254461
-0.14203769,-0.07745363,-0.105355024,-0.008020577,-0.20409948,-0.07318853,-0.018926036,-0.22728075,-0.067231566,-0.1460804,-0.29220968,0.17093639,-0.15855452,-0.033148013,-0.058134943
0.10949996,-0.048041873,-0.0213002,-0.10535845,-0.18890299,-0.08292866,-0.3072636,-0.1462203,-0.072719604,-0.035331342,-0.27421808,-0.06329716,-0.11199061,-0.0872584,0.06573524
0.11616773,-0.056087174,-0.017979603,-0.110592395,-0.1791484,-0.09066208,-0.30021083,-0.13156661,-0.05321366,-0.011078114,-0.2756671,-0.0766779,-0.08811845,-0.07732898,0.059702557
-0.1512064,-0.08768988,-0.16954097,0.03516645,0.022308726,0.21836409,0.02158673,-0.124939114,0.32362217,0.19706538,0.16575187,0.09651378,0.17270929,0.37921667,-0.06404229
-0.1806616,-0.15187624,-0.22831847,-0.014870239,-0.00024296588,0.1965393,-0.001739697,-0.15294904,0.3026272,0.1468527,0.14792609,0.09944211,0.15216762,0.30964786,-0.10553982
-0.22284278,-0.15821862,-0.15140536,-0.13925514,-0.24452889,0.2588297,-0.006164364,-0.16761164,0.2719782,-0.14118317,-0.015375505,-0.049451187,0.17762858,0.0075584683,-0.17615525
0.24618232,-0.07705994,-0.18163118,0.17807879,0.027455065,0.09699239,0.23682234,-0.054865774,0.026128277,0.18404007,0.065458424,0.12183454,0.12982854,0.0955074,-0.1126819
0.24375209,-0.11161369,-0.20371243,0.16688222,-0.0022443584,0.08033803,0.24179909,-0.0688647,0.008191049,0.14139795,0.019453736,0.096247554,0.1121043,0.047297433,-0.1277775
0.33066696,0.14421497,-0.04288521,0.11374107,0.06665326,0.054996416,0.2878632,0.019535143,0.0022337642,0.29630303,0.03971099,0.0559794,0.10524671,0.06532377,0.07836887
0.30813938,0.10111037,-0.11045792,0.1077749,0.068326294,0.06725208,0.2706355,-0.025061432,-0.00042755436,0.23940006,0.029070685,0.043999135,0.08917783,0.06229637,0.032318227
0.2847523,-0.0020189076,-0.083565935,-0.0025622542,-0.08241433,0.026384965,-0.0345904,-0.13663304,-0.31867325,-0.026699577,-0.2752972,-0.14006138,-0.24353841,-0.11969966,0.07419406
0.24909753,-0.01579657,-0.08973147,-0.033843763,-0.105034396,0.059437614,-0.06744453,-0.1551935,-0.31515524,-0.060183212,-0.2853571,-0.12738714,-0.25639847,-0.13158351,0.049754858
-0.22099295,-0.05003848,-0.15294367,-0.26135457,-0.33148968,0.052640047,-0.18369251,-0.30661282,0.09708737,-0.059401266,-0.16643804,-0.20590842,-0.0010160469,-0.038800374,-0.1365093
-0.26072967,-0.144853,-0.17526552,-0.35943782,-0.35684526,-0.021456195,-0.22440803,-0.31248346,0.16585192,-0.08113846,-0.20384008,-0.17753357,0.07843427,-0.09963571,-0.17695615
-0.17942306,-0.17253916,-0.14999777,-0.22936775,-0.2543186,-0.12106459,-0.15654452,-0.25202793,-0.24333706,-0.3753244,-0.39922583,-0.17350693,-0.24281204,-0.32095444,-0.099979684
-0.16778746,-0.15030965,-0.15953624,-0.21489766,-0.27936023,-0.09453718,-0.1375041,-0.28111482,-0.22946423,-0.35225394,-0.41572326,-0.2012068,-0.2340517,-0.3082245,-0.08455896
-0.06707713,-0.06505525,-0.12818137,0.19730887,-0.19719033,-0.0576431,-0.0851727,0.052542225,-0.1803224,-0.21031892,-0.3536017,0.10799263,-0.27569842,-0.03827766,-0.15112518
0.07539411,-0.12603751,-0.11214794,0.09528038,-0.28798813,-0.006887694,-0.070375405,0.02092553,-0.14777802,-0.035511196,-0.30734453,-0.08522072,-0.091337085,-0.08981694,-0.10700409
0.062135495,-0.12634164,-0.13315997,0.12903532,-0.26918763,0.020765591,-0.08486071,0.010641197,-0.14776112,-0.05760254,-0.30641913,-0.052084573,-0.11275515,-0.05888459,-0.11942914
-0.23511344,-0.16365424,-0.17257696,-0.15236947,-0.21197024,0.13874549,-0.102352634,-0.159281,0.19474873,-0.06437738,-0.1226985,-0.21217981,0.10129472,0.015414328,-0.2007203
-0.1693613,-0.06640002,-0.09029378,-0.06048239,-0.271074,0.029816207,-0.26376152,-0.24091356,-0.234539,-0.28414783,-0.26409805,-0.024956,-0.24756339,-0.0856989,-0.053507164
-0.1846891,-0.078004934,-0.07285893,-0.14919233,-0.28872526,-0.055985656,-0.283028,-0.27812627,-0.27352452,-0.3037215,-0.3072733,-0.07507144,-0.26327723,-0.16756664,-0.040691525
0.03412558,-0.12085222,-0.14043963,-0.15936504,-0.14763115,-0.121599235,-0.35579124,-0.2389144,-0.23828758,-0.29039812,-0.33054766,-0.08041285,-0.26880404,-0.19601688,-0.058837
0.04583454,-0.0946009,-0.11664209,-0.16534585,-0.15147626,-0.116927125,-0.3676076,-0.22211969,-0.23949821,-0.2623272,-0.31367135,-0.105033316,-0.2699579,-0.18197808,-0.039702304
-0.06683551,-0.28527087,-0.30018175,-0.24871561,-0.21437153,-0.035609446,-0.3293261,-0.2795657,-0.0022538565,-0.4293722,-0.20247088,-0.046503935,-0.13580568,-0.23290378,-0.2633908
-0.24703701,-0.21608126,-0.17912605,-0.045379415,-0.10970709,0.13746409,0.036176994,-0.25378865,0.121754706,-0.09442329,-0.19186744,-0.0912991,0.071556844,0.005749847,-0.0787513
-0.25677294,-0.19192809,-0.13307276,-0.044230454,-0.11157173,0.10506551,0.02520391,-0.22656785,0.12198487,-0.08060479,-0.21524769,-0.08657768,0.070922226,0.011650847,-0.053567093
0.33446738,0.31297398,0.32963765,0.5559075,0.36206424,0.20912024,0.3288035,0.5920193,0.018579606,0.29457402,0.3717335,0.20950638,0.07881362,0.44993812,0.18429744
0.3420601,0.3021909,0.3301057,0.5259408,0.32651597,0.17918068,0.29670775,0.6221074,0.027463054,0.29871458,0.3722487,0.19251445,0.07710784,0.4200956,0.17707527
0.13672331,-0.086572185,-0.0340895,-0.20374787,-0.28872985,-0.21790531,-0.22852752,-0.022775728,-0.18875852,-0.24862042,-0.380158,-0.17246659,-0.22440657,-0.35368603,0.0044983895
0.16173093,-0.06805197,-0.017653167,-0.19288853,-0.29706937,-0.2152852,-0.21327308,-0.0014238954,-0.1878117,-0.21888608,-0.3715598,-0.1766961,-0.21626148,-0.34487292,0.020139059
-0.20553637,-0.08809005,0.031716153,-0.18045485,-0.16075677,-0.009762965,-0.21042651,-0.19596082,-0.13602819,-0.18667008,-0.2073639,0.015310349,-0.19547033,-0.08649421,0.007357436
-0.21678674,-0.069377504,0.017989004,-0.100482374,-0.15817592,0.049660712,-0.20739385,-0.21247044,-0.106144205,-0.2085756,-0.19703329,0.0076343557,-0.18419895,-0.027094927,0.005664648
0.1387295,0.10014592,0.11675906,-0.13782789,-0.29977244,-0.20524704,-0.0876656,-0.08221549,-0.17683226,0.00865141,-0.13695978,0.32828838,-0.16881685,-0.18643951,0.14302734
0.14782658,0.1309824,0.14258397,-0.115415424,-0.29992515,-0.2301926,-0.07996858,-0.053404644,-0.20091066,0.011966258,-0.1636833,0.31582558,-0.19220982,-0.1947091,0.15814848
0.17146122,0.21418062,0.10752702,0.051735908,-0.024816155,-0.019709826,0.12533666,-0.02493377,-0.093391374,0.13371544,0.18917489,0.16889334,-0.00853772,-0.0066839084,0.06902951
0.18307106,0.21378899,0.101810366,0.041716516,-0.02251706,-0.010992583,0.13619968,-0.02788514,-0.086366326,0.15512243,0.20814846,0.1526944,0.0025091805,-0.0066415803,0.073295854
-0.10806763,-0.17949891,-0.2392681,-0.3474067,-0.3240928,-0.07485069,-0.37687075,-0.2638229,0.05605929,-0.09421469,-0.22612022,-0.22180566,-0.09168549,-0.13207115,-0.15541321
-0.07898224,-0.15629053,-0.21952349,-0.3075424,-0.35226446,-0.09125382,-0.36356282,-0.19116011,0.006492398,-0.1659345,-0.24915421,-0.30038562,-0.15621729,-0.20480555,-0.15280145
0.16972364,-0.010977699,-0.13307042,0.20648655,-0.15631294,0.1644113,0.14702551,-0.08410555,-0.31821716,-0.089898534,-0.15743014,-0.23301062,-0.22917283,-0.12739408,0.02409129
0.16057432,-0.021674713,-0.14949928,0.16934311,-0.1773442,0.17835149,0.10661024,-0.11089915,-0.33787718,-0.09161721,-0.15590343,-0.22653839,-0.24676305,-0.13116017,-0.0022465084
-0.22371665,-0.28824204,-0.35489425,-0.3038088,-0.2386984,0.20691498,-0.2223871,-0.22411118,0.12760095,-0.26314098,-0.055906087,-0.035482217,-0.033384435,-0.070997804,-0.4083308
-0.20205545,-0.2445329,-0.30643308,-0.24247593,-0.21251945,0.2328291,-0.20471486,-0.17717415,0.11569041,-0.25977427,-0.013119863,-0.019866172,-0.046317913,-0.03690105,-0.37542832
0.17645073,0.021274794,-0.08720233,0.39490277,0.31706232,0.19078736,0.38138497,0.20597231,0.2149568,0.037729688,0.18478183,-0.07967957,0.23084652,0.2050902,0.07745093
0.21901532,0.008233214,-0.106938526,0.35908148,0.25844005,0.1721275,0.3328684,0.1485922,0.20778528,0.05274219,0.1656628,-0.12417634,0.23030376,0.17313504,0.07405984
0.18663263,0.18475266,0.1515654,-0.16514227,-0.095862776,-0.0800457,0.03618779,-0.029135682,0.015448708,0.2860552,0.2745664,0.20765832,0.0571656,0.11447589,0.085150704
0.19457723,0.19538961,0.16541407,-0.1594705,-0.0888924,-0.077219054,0.057791617,-0.0025414594,0.009066791,0.3110365,0.29147255,0.2144085,0.05999305,0.1273241,0.08982936
-0.06075885,0.0100982655,0.0062301746,0.02436992,0.07107152,-0.107734665,0.06653578,0.0012089957,0.19992897,0.13444921,0.06901446,0.33177507,0.14877108,0.15445367,0.055137232
-0.023244813,-0.00365512,-0.0042389366,0.055054888,0.1040729,-0.10508469,0.09814443,0.025558215,0.20850952,0.14973395,0.07522607,0.30990905,0.17602897,0.16224483,0.06166633
-0.0016697319,-0.115046114,-0.074781515,0.27714574,0.103101626,0.016386323,0.17500824,0.18863466,0.33062136,0.06493549,0.110418685,0.24089924,0.24081919,0.1431297,-0.083316945
-0.02014868,-0.09189348,-0.057444878,0.29260388,0.10405379,0.028184352,0.1910528,0.21114254,0.33524013,0.08741303,0.12893432,0.27521273,0.24055502,0.19300663,-0.076943755
0.033613868,-0.026317336,0.04147741,0.16147497,0.096708,-0.10243013,0.11980975,0.17277788,0.2302841,0.13926297,0.15130317,0.32331085,0.17753163,0.17230622,0.040343862
0.03365875,-0.039567385,0.010243234,0.19356342,0.117826425,-0.082764074,0.12538916,0.18065728,0.24964853,0.15953422,0.15269119,0.33000043,0.1926466,0.19657093,0.0049718125
0.2749913,0.1986508,-0.041574717,0.13202831,0.10343668,-0.042110443,0.1806166,0.1538836,0.23424703,0.33398256,0.22236067,-0.1315946,0.20029695,0.07008991,0.16964342
0.28003073,0.21339662,-0.030182676,0.13404007,0.08072134,-0.039087214,0.18605924,0.14926293,0.21773747,0.3257057,0.2111941,-0.12285581,0.18975744,0.053509206,0.17127192
0.18907101,0.27414602,0.11066214,0.08055772,-0.0031771937,-0.099993765,0.04426007,0.24203432,0.08032274,0.27761465,0.12959,0.124499224,0.023667697,0.0944668,0.14399229
0.31081784,0.32037687,0.099196434,0.09666093,-0.023240017,-0.12179105,0.0698756,0.20257229,0.05416093,0.3660855,0.15096813,0.12385918,0.06100373,0.056009036,0.19886705
0.135989,0.2722021,0.246883,0.13987364,0.03676337,-0.16337776,0.093965985,0.3333881,0.08513102,0.24151185,0.15105446,0.26542354,0.042753685,0.09028675,0.18365538
0.14860739,0.29017627,0.24919462,0.12786132,0.033574708,-0.14787483,0.11382808,0.29942715,0.08443777,0.26092795,0.16571446,0.27494383,0.056808956,0.086263016,0.19644901
-0.21110423,-0.11686514,-0.084699415,-0.17159477,-0.24066395,-0.16327362,-0.19220954,-0.25634852,-0.24363291,-0.2048374,-0.4271878,-0.20106882,-0.24631876,-0.25788128,0.0019733452
-0.21690992,-0.07845613,-0.015735008,-0.18196991,-0.2054654,-0.13045017,-0.15432224,-0.22623406,-0.21535528,-0.14919724,-0.38248903,-0.18216977,-0.19691399,-0.19149086,0.04009881
-0.24767971,-0.14729759,-0.12849498,-0.30079037,-0.33019,-0.2045372,-0.37590462,-0.29399544,-0.2534245,-0.2699531,-0.39809906,-0.20367193,-0.34069747,-0.3132049,-0.07839341
-0.2349914,-0.14436468,-0.14247082,-0.28763974,-0.35865092,-0.19351023,-0.38286334,-0.27299494,-0.26522765,-0.2944975,-0.4166795,-0.21606994,-0.3573858,-0.3233045,-0.116521746
-0.11489166,-0.29154468,-0.3113005,-0.08936098,-0.0074461377,0.05152799,-0.28007573,-0.15171301,0.42927134,-0.024515437,0.06468773,-0.11001867,0.27357516,0.18042818,-0.2717178
0.2577961,0.39766997,0.09649089,0.2185438,-0.097651385,0.032295123,0.17556804,0.10877592,-0.22689986,0.26770073,-0.09638548,-0.26913482,-0.20732927,-0.023007272,0.30111557
0.23398694,0.36199853,0.07304929,0.2011267,-0.118046105,0.0021907869,0.13202548,0.113307774,-0.22002447,0.23781374,-0.13019219,-0.29916462,-0.22566569,-0.05720322,0.2826395
-0.13585189,-0.08052012,0.03387671,-0.10963537,-0.13874516,-0.06843812,-0.08656072,-0.14788362,-0.038657438,-0.105356276,-0.24841243,-0.1368433,-0.06417194,-0.082023695,0.09927794
-0.16746646,-0.115595825,0.01581905,-0.17234421,-0.15851015,-0.06724127,-0.116527244,-0.17289026,-0.025199352,-0.1441845,-0.24635378,-0.09108776,-0.055998854,-0.08648141,0.057246845
0.0004807273,0.15802842,0.23160452,-0.14130622,-0.13402244,-0.047496665,-0.051272392,0.023928778,0.06435251,0.16145514,0.256589,0.3584891,0.038128942,0.05875516,0.047731034
-0.0099932235,0.20658666,0.2928964,-0.09606551,-0.11472961,-0.026316363,-0.059298314,0.09419525,0.061169885,0.12746513,0.2441447,0.3672665,0.0065049017,0.078296036,0.08624092
-0.009827647,0.06826746,-0.022908669,0.0075266995,-0.05113753,0.139074,-0.08861886,0.07328908,0.01889308,0.14175124,0.0715345,-0.1008918,-0.0144926375,0.08513349,0.03500112
0.0038813052,0.048966423,-0.049141236,-0.006080781,-0.07752633,0.15670118,-0.086637214,0.06102211,0.022517568,0.14451897,0.09784199,-0.10167292,-0.012471294,0.086240746,-0.009221172
0.020837717,-0.0009595142,-0.25346076,-0.32814574,-0.20360026,0.061394878,-0.30835328,-0.30713522,-0.15677412,-0.06798743,-0.25005102,-0.24451551,-0.26032597,-0.1232672,-0.02440766
0.0038054911,0.08806365,-0.012436594,0.023000902,-0.03433682,0.14892602,-0.06100224,0.08615659,0.023668878,0.15356763,0.09132793,-0.08849287,-0.0067883534,0.0980037,0.049417607
0.004930323,0.006370411,-0.24355394,-0.33209023,-0.191517,0.06985478,-0.3016382,-0.313257,-0.13492692,-0.042818904,-0.24816707,-0.24577025,-0.23819683,-0.0906095,-0.020462167
-0.24257368,-0.19762674,-0.09150632,-0.19792119,-0.19684768,-0.15680575,-0.11873864,-0.24170576,-0.1283855,-0.18372053,-0.31068283,-0.07809906,-0.11694797,-0.23957475,-0.06514968
-0.24489938,-0.1907866,-0.09459332,-0.17084739,-0.1968696,-0.15047403,-0.1059711,-0.24794844,-0.1453954,-0.21304955,-0.33423445,-0.0745889,-0.1397859,-0.23847309,-0.06778002
-0.19542749,-0.08992635,-0.107978806,-0.033545285,-0.24878544,-0.097465225,-0.060919017,-0.19676816,-0.11705684,-0.16372624,-0.3185306,0.06315349,-0.19033659,-0.12405779,-0.07232612
-0.1696102,-0.07411936,-0.09706183,-0.025279071,-0.26337764,-0.0915615,-0.06394501,-0.18682042,-0.12457566,-0.14442462,-0.3098145,0.078770965,-0.19556935,-0.1161686,-0.05956714
-0.095988244,0.0041572764,-0.024517717,-0.12374457,-0.29930675,-0.12130314,-0.14664966,-0.16136456,-0.27826884,-0.07721557,-0.36450684,0.21015379,-0.32161677,-0.080005266,-0.049209893
-0.13089052,-0.15331712,-0.16232413,-0.0634802,-0.32374787,-0.09341278,-0.17811683,-0.18372712,-0.28296065,-0.23544261,-0.29643258,0.1727601,-0.29861283,-0.2209981,-0.19868122
-0.08004126,-0.11793445,-0.16254021,-0.032858893,-0.341565,-0.11054752,-0.17389572,-0.15474588,-0.30804497,-0.21354413,-0.31476253,0.14327194,-0.32020634,-0.23223811,-0.16857725
-0.06564407,-0.2056722,-0.10802655,-0.23935848,-0.27945602,-0.13076603,-0.19349776,-0.18844643,-0.22786726,-0.21542409,-0.2587848,-0.082477525,-0.14494613,-0.26203424,-0.12913454
-0.043045096,-0.20835555,-0.11503224,-0.24055938,-0.27851444,-0.12254704,-0.16078734,-0.17203826,-0.20797624,-0.20474067,-0.24927352,-0.110512204,-0.11771251,-0.26951283,-0.12318677
0.07474002,-0.12583786,-0.26654184,-0.35862246,-0.26978865,0.012219828,-0.2683619,-0.27439106,-0.28662908,-0.16675793,-0.27316767,-0.16457538,-0.28291142,-0.23073806,-0.15041533
0.08911733,-0.097677365,-0.22254473,-0.34303027,-0.27409068,-6.0331076e-06,-0.26470768,-0.24697211,-0.286501,-0.15527049,-0.28157902,-0.19321702,-0.27676094,-0.2239701,-0.120897844
0.02328771,-0.10276174,-0.12563401,0.19453189,0.52553535,0.12617922,0.20154896,-0.026769603,0.22706962,0.15532887,0.19057474,0.12803093,0.18947455,0.39403754,0.056938667
0.039381362,-0.11424585,-0.1575386,0.19857399,0.5150733,0.12569481,0.19003221,-0.03782564,0.2313396,0.15265629,0.22792515,0.0562287,0.20113257,0.37251794,0.055610336
-0.24279547,-0.13200654,-0.08995831,-0.36477172,-0.27574426,-0.1840333,-0.29260802,-0.31896234,-0.09450276,-0.15579498,-0.3471703,-0.10293237,-0.15767016,-0.2278916,-0.011278747
-0.27224267,-0.14140749,-0.110484004,-0.34644374,-0.29485035,-0.18087654,-0.31589657,-0.33646268,-0.1162895,-0.21587202,-0.38892478,-0.061073665,-0.19677645,-0.23652023,-0.018907955
-0.085821636,-0.27912232,-0.3445693,-0.14802667,-0.036989838,0.059876204,0.07873528,-0.2279757,0.23219183,0.14275229,0.26919746,-0.04436288,0.22988361,0.12317237,-0.28541118
-0.06143481,-0.25925258,-0.33582097,-0.1599285,-0.048150644,0.04356578,0.06379261,-0.21101357,0.21619073,0.1633139,0.28945637,-0.045766182,0.22208112,0.114109635,-0.27793536
0.28336602,0.07576957,0.070977,0.011368465,0.18755941,-0.037482,0.09481041,0.03526734,0.25845835,0.29418603,0.28617322,0.030060105,0.27455688,0.15027434,0.24037674
0.309579,0.04118381,0.03337341,-0.0010763099,0.17911294,-0.029517299,0.10257377,0.016069116,0.24015863,0.3263747,0.31772667,0.055154935,0.27855182,0.15091702,0.21139246
0.004052353,-0.19468811,-0.1705903,0.055642962,-0.08006258,0.30959958,0.23570901,-0.14175934,0.19067676,0.04138262,0.2584334,-0.0015747348,0.2874522,0.099622265,-0.17490467
-0.015901443,-0.20799595,-0.17712635,0.025910847,-0.102694884,0.3194397,0.20798364,-0.16357332,0.19869375,0.02944132,0.21630356,0.013500564,0.288865,0.07965852,-0.19552174
0.2763692,0.15892762,0.08170168,0.27126062,0.33922866,0.15519635,0.40202832,0.19313507,0.30924767,0.3993293,0.4793287,0.02173939,0.41404083,0.4676172,0.11960758
0.2701913,0.15319946,0.073164314,0.26876062,0.33960378,0.16229512,0.3721977,0.1729138,0.32113203,0.41958952,0.48316887,0.0142694535,0.42260006,0.49819914,0.110790014
-0.096265346,-0.19976331,-0.1811319,-0.20355207,-0.35571307,-0.09782676,-0.22667825,-0.1940228,-0.29729056,-0.23858353,-0.37613177,0.03710955,-0.24343637,-0.2851889,-0.18826139
-0.10149989,-0.18498889,-0.15568748,-0.2032331,-0.355886,-0.13193998,-0.23055723,-0.15695229,-0.28739047,-0.22615367,-0.39378,-0.032176882,-0.24176916,-0.28461128,-0.16617256
-0.17748371,-0.2914583,-0.2867951,-0.13833722,-0.21315263,-0.14065914,-0.2446808,-0.14925289,0.21194947,-0.011761773,-0.037086766,0.029471705,0.1749242,-0.0069204075,-0.21553856
-0.19155434,-0.28732628,-0.26999146,-0.14868256,-0.20178616,-0.14295629,-0.23423325,-0.15009758,0.24558358,0.017037725,-0.015344797,0.020089809,0.2069444,0.02043117,-0.21159431
0.17419714,-0.10983224,-0.049144022,-0.1403781,-0.29697195,-0.17314395,-0.2953155,0.065017045,-0.17440522,-0.23347536,-0.3298741,-0.15027064,-0.24893792,-0.26385254,-0.06085598
0.17821291,-0.11471801,-0.046361722,-0.13827446,-0.29785308,-0.15512386,-0.27438122,0.0724418,-0.1490607,-0.22560269,-0.30894515,-0.13946673,-0.22231232,-0.2557964,-0.065464914
-0.18054414,-0.27397332,-0.1656206,-0.32588345,-0.35778898,-0.12148543,-0.26873457,-0.18124917,-0.059863087,-0.38553178,-0.44753116,-0.14823332,-0.1319594,-0.31941885,-0.23427135
0.006159727,0.07673777,0.047082007,0.2584859,0.19512741,0.23440823,0.42125365,0.113692954,0.3089276,0.083874434,0.103090316,0.03880133,0.22794196,0.3692842,0.02549536
0.015375442,0.07620432,0.061072282,0.24988945,0.2048752,0.24574995,0.4119668,0.15015209,0.30784392,0.07606266,0.08773358,0.0285543,0.21676785,0.36879012,0.014338754
0.20905259,-0.14443862,-0.20464325,0.029343065,0.11947255,0.048452027,0.027542476,-0.2442972,0.06720372,-0.08906101,-0.0036800723,0.10825926,0.10569927,-0.019254481,0.006171803
0.20533195,-0.14157632,-0.20571524,0.029626012,0.11084154,0.04033813,-0.00017853454,-0.24697882,0.04521186,-0.100131705,-0.008184779,0.1014255,0.08241517,-0.03406922,0.008472878
0.23518291,-0.17508304,-0.12016696,-0.0719236,-0.0030478886,-0.10782047,-0.16888876,0.014851801,0.40915245,0.07642323,0.1379992,-0.011507126,0.3463216,0.08126846,-0.07279529
-0.19688162,-0.10861015,-0.023822034,0.012256285,-0.066080295,0.14160678,0.12302799,-0.14252585,0.17165147,-0.054633122,-0.19992957,0.031043213,0.10302639,0.108349286,0.021318795
-0.07738275,0.18551198,0.2861275,-0.15665676,-0.2534806,-0.21273023,-0.121632144,-0.053236634,-0.06738889,0.0016256212,0.041298777,0.14937094,-0.058603294,-0.12902863,0.13415796
0.1829175,0.28582126,0.2579425,0.0129942065,-0.14724706,-0.13284674,-0.05306916,0.1612154,-0.13669166,0.10868087,0.025462208,0.040975302,-0.12142256,-0.10352342,0.2772808
0.19536194,0.27669936,0.24420258,0.024314512,-0.12212588,-0.111046046,-0.0080294395,0.16448447,-0.09474778,0.1333083,0.08268122,-0.0018658647,-0.0740057,-0.078324385,0.26366964
-0.056835968,0.21316758,0.3311428,-0.13839751,-0.25962314,-0.1404485,-0.13851948,-0.039438706,-0.17070892,-0.009654578,0.05346922,0.26779208,-0.13683453,-0.10401099,0.12473552
-0.04748604,0.20671156,0.31647488,-0.13118029,-0.25280967,-0.14729059,-0.13094914,-0.044095144,-0.17322947,-0.015970545,0.048873823,0.25283623,-0.13669956,-0.10885128,0.102338254
0.31874013,0.19472441,0.23702444,0.059033245,-0.016822089,-0.045018222,0.08592668,0.19438224,-0.03728173,0.20856233,0.23511216,0.5027511,0.04848834,0.120042905,0.1419605
0.30326864,0.13569538,0.15900011,-0.026043462,-0.06613268,-0.03839213,0.07680107,0.107182205,-0.043279972,0.19690412,0.20787936,0.5476601,0.038438126,0.06662722,0.10677606
0.029243123,0.23638183,0.39066324,0.16252597,0.011879867,-0.23576964,0.0016515842,0.36435318,-0.1832915,-0.098351166,-0.11581442,0.1864987,-0.14979625,-0.09841399,0.18300629
0.0013083746,0.23060796,0.36238283,0.15666872,0.0074134106,-0.22857913,-0.015737247,0.34787276,-0.18830086,-0.11104675,-0.1266731,0.16481516,-0.1717992,-0.10443609,0.15924701
0.43744564,0.06450628,-0.15567562,0.10238734,0.097630486,0.2026911,0.3600558,0.03171315,0.12772767,0.37441087,0.19234285,0.0005802461,0.2610393,0.19219962,0.01858518
0.4166937,0.013585467,-0.21586756,0.08539066,0.11705149,0.20777053,0.38905644,0.013134139,0.17273171,0.3432013,0.23252922,-0.07008408,0.29925424,0.15016559,-0.009373217
0.1449078,-0.02148601,-0.16203873,0.43405795,0.26068002,0.20237416,0.32622886,0.11630215,0.14738661,0.05629791,0.13918096,-0.028512392,0.20928988,0.26802158,-0.036615424
0.15437192,-0.039652914,-0.16943057,0.44153994,0.28789243,0.17173715,0.34469312,0.16000542,0.19400348,0.055268012,0.15720637,-0.052108735,0.24910611,0.24036567,-0.027799914
0.2312186,-0.049451746,-0.23387797,0.11520457,0.09610516,0.1767669,0.3266686,-0.045491595,0.062754706,0.18428801,0.2915128,0.041525286,0.186564,0.14686015,-0.07233961
0.21638094,-0.07503311,-0.28315076,0.09449601,0.13389444,0.15902594,0.3560842,-0.052679125,0.07758485,0.18185714,0.2747503,-0.0044427235,0.21032241,0.11694659,-0.11515428
0.4099729,0.2828685,0.19622186,0.1727872,-0.025516637,-0.013944753,0.12610266,0.31322426,-0.007872773,0.29794264,0.15194409,0.24703477,0.03581596,0.1311523,0.1806809
0.4073046,0.27359116,0.20509328,0.15251485,-0.06324087,-0.0042112595,0.12809768,0.34170914,0.028021242,0.31185374,0.17161874,0.2348151,0.067723915,0.13127714,0.17302504
0.4379601,0.2415072,0.12281721,0.12660116,-0.07574311,-0.053691767,0.10061522,0.2977172,0.0070928265,0.28474298,0.13469335,0.16540012,0.04608976,0.04192857,0.13809422
0.43614334,0.19735709,0.07996702,0.12483873,-0.09496735,-0.04647976,0.09526254,0.28048378,0.054752633,0.26558292,0.13629167,0.124715075,0.08950484,2.8507318e-05,0.12051827
0.39262992,0.25698194,0.1309695,0.14634398,-0.0014822235,-0.1168906,0.09963341,0.22822645,-0.06177813,0.26563066,0.11214396,0.2756836,-0.008052347,0.06623847,0.18044382
0.3867587,0.24033234,0.1225601,0.12972113,-0.019754704,-0.119512744,0.08298397,0.21950035,-0.05700359,0.25547248,0.09268875,0.27282715,-0.00822242,0.053065505,0.17275053
0.25215203,0.41163224,0.34911805,-0.0009810855,-0.20158881,-0.10122421,0.10030622,0.089490466,0.028081782,0.37694404,0.21141607,0.13542423,0.12637265,-0.006902724,0.29620904
0.24794608,0.3751694,0.30748218,-0.035043504,-0.20168045,-0.11675054,0.10522218,0.066908136,0.06666261,0.36527175,0.24287929,0.14595014,0.16658044,-0.032915443,0.27105573
0.13228512,0.43240154,0.5340164,0.19300142,0.29481474,0.14007789,0.2757783,0.22158024,0.025074443,0.29192823,0.37244973,0.34872383,0.14615768,0.39384943,0.41804045
0.1407158,0.4409501,0.5368368,0.18181199,0.26621687,0.12679513,0.25136247,0.23425725,-0.0056076385,0.30187792,0.33932537,0.3669217,0.11542278,0.36500317,0.42503995
0.4053718,0.4305138,0.49996483,0.19435892,0.15843672,-0.068455815,0.18635803,0.23766841,-0.13798028,0.2714936,0.206667,0.2668845,0.010495118,0.10073671,0.53168106
0.4085241,0.4287811,0.5075495,0.18564576,0.15153772,-0.09777929,0.17460346,0.2430219,-0.1251941,0.28006363,0.18871304,0.27601573,0.019181365,0.097170204,0.5505717
0.36630517,-0.1432428,-0.14376438,-0.104822345,-0.23202191,-0.07270104,-0.12608421,-0.027588634,-0.1345984,0.01947419,-0.13039042,-0.2762207,-0.03346552,-0.2064165,-0.03194218
0.340963,-0.14121777,-0.14337884,-0.12903687,-0.242612,-0.07366657,-0.16137235,-0.054520488,-0.1464904,0.012467434,-0.1617936,-0.27721435,-0.050297633,-0.21105683,-0.03264845
-0.2522689,-0.06700623,-0.009327681,-0.18731843,-0.16354887,-0.06819671,-0.14309213,-0.19790909,-0.20140341,-0.25154814,-0.34410548,-0.033559784,-0.21460563,-0.18603264,0.025627494
-0.24661358,-0.05014456,0.0040425416,-0.17041299,-0.14330883,-0.05995152,-0.11001709,-0.16899699,-0.18178469,-0.22466595,-0.35220647,-0.056624502,-0.19577226,-0.1885629,0.041262314
-0.015935827,-0.09474844,-0.082191676,0.050544478,-0.2353836,0.018163152,-0.025242465,-0.108306825,-0.24849884,-0.040445432,-0.15755005,-0.12995377,-0.15442559,-0.07421485,-0.15954164
0.01966938,-0.13573708,-0.12725136,0.082855664,-0.2472342,0.008430158,-0.023143623,-0.08676613,-0.24468082,-0.0698089,-0.17962638,-0.18170652,-0.16047855,-0.09703881,-0.19100463
-0.01853998,-0.2143856,-0.28298694,-0.0019360032,-0.05455875,0.21455897,0.11001484,-0.040933583,-0.015594787,0.05974573,0.15003929,-0.15974914,0.07523965,0.0047983583,-0.22262877
0.024760464,-0.19708307,-0.30384386,-0.021216918,-0.09124175,0.17815742,0.07797755,-0.1347117,-0.012572022,0.07337634,0.19844411,-0.17334342,0.08051201,-0.003953426,-0.1628625
-0.01387631,0.14709386,-0.1379119,-0.09439121,-0.11594309,0.11974645,0.16927534,-0.12935242,-0.04834162,0.15523481,-0.086000174,-0.06818659,-0.08907373,0.0376264,-0.06090754
-0.02390674,-0.33067387,-0.3340845,-0.0653617,-0.14792418,0.14911172,0.08975889,-0.1893695,-0.071129225,-0.043594643,0.008226603,-0.05012445,0.04583418,-0.12653887,-0.24795917
-0.049076628,-0.3287521,-0.3289346,-0.06786402,-0.13516462,0.16635212,0.07745558,-0.20496693,-0.07277066,-0.051763915,0.011148111,-0.048259795,0.038385108,-0.12180507,-0.24573186
-0.024172613,-0.09286404,0.034646578,-0.086521104,-0.11748823,-0.09726168,0.019018859,-0.15483321,-0.15306741,-0.03897456,-0.123681635,-0.06212454,0.009570096,-0.13687676,0.020768993
-0.03388095,-0.13185696,0.007764612,-0.13337237,-0.12808348,-0.12905607,0.0010937997,-0.1688296,-0.14838733,-0.050404936,-0.14713854,-0.09261411,0.007302112,-0.17029232,0.0043009855
-0.08379526,-0.2544388,-0.18315317,-0.19773924,-0.29939365,-0.08873585,-0.1892445,-0.32394952,-0.21963465,-0.1931586,-0.26031286,-0.006878078,-0.12676746,-0.19118708,-0.19684914
-0.10167514,-0.2844914,-0.18809593,-0.20719059,-0.3219414,-0.12124062,-0.20085949,-0.3233095,-0.24853207,-0.24588408,-0.2989759,-0.042115778,-0.16734159,-0.2327973,-0.19352439
0.13045217,-0.18294466,-0.11135158,-0.07716334,-0.0983902,0.012423392,-0.25648493,-0.0012890305,0.21006319,-0.22455412,-0.0745738,0.052989163,0.04665819,-0.01777536,-0.10771799
0.11039768,-0.19490972,-0.121540815,-0.07395611,-0.102543995,0.002349046,-0.25731048,-0.037763298,0.20409729,-0.2532133,-0.13670708,0.036163352,0.041537132,-0.02519824,-0.1130891
-0.24521758,-0.33867508,-0.27124798,-0.40134776,-0.42666817,-0.19724643,-0.49093258,-0.22398613,0.10733639,-0.3560078,-0.25017238,-0.2034693,-0.03193911,-0.30733758,-0.28492165
-0.24681836,-0.34920955,-0.28479743,-0.35581154,-0.38305968,-0.17361769,-0.48609477,-0.25828618,0.14331532,-0.3459266,-0.19186036,-0.13194165,0.0052381423,-0.25528517,-0.27847922
0.19663453,0.004297117,-0.027048979,-0.031881284,-0.12783456,-0.08969533,-0.2952294,-0.11620015,-0.13990165,0.06072732,-0.23440325,-0.089665696,-0.14878945,-0.10883454,0.15202862
0.19903874,0.0117901955,-0.020655751,-0.03732858,-0.12989324,-0.092200086,-0.29943907,-0.11681101,-0.15494636,0.06952023,-0.24985772,-0.10658352,-0.16354157,-0.10234518,0.15252447
-0.22177722,-0.24087474,-0.26386333,-0.28621227,-0.39185992,-0.16207233,-0.28861952,-0.3023836,-0.28858656,-0.39779866,-0.44008565,-0.12303707,-0.30295885,-0.3913082,-0.25966197
-0.24552268,-0.27512628,-0.25562766,-0.35064992,-0.38862276,-0.18724428,-0.2932472,-0.3256138,-0.23145622,-0.37609053,-0.4425159,-0.08704576,-0.24444777,-0.36040872,-0.26574418
-0.17850131,-0.14541899,-0.19646466,0.028967585,0.121786475,0.18649134,0.07173979,-0.10508385,0.4255967,0.21000478,0.07834299,-0.006882407,0.2856561,0.33947325,-0.08425244
-0.19220188,-0.1519315,-0.2095212,0.05493576,0.17759489,0.16908485,0.065897286,-0.10841662,0.4086675,0.1710454,0.04488176,-0.045085534,0.26062444,0.32617348,-0.091878735
0.20801316,0.1615818,0.18439436,0.033474177,-0.10609624,-0.1601015,0.010217132,0.21337429,-0.07601336,0.022898383,0.05458756,0.17540276,-0.082120955,-0.10411523,0.17217112
-0.21952274,-0.307864,-0.11877453,-0.32884622,-0.3080464,-0.13938415,-0.19551966,-0.29625028,0.024591625,-0.11635874,-0.15848505,-0.12135692,0.09725605,-0.17241281,-0.22019696
-0.25783104,-0.32571188,-0.14650017,-0.3540436,-0.2866469,-0.13798308,-0.16430238,-0.2728557,0.045012668,-0.1224101,-0.1893913,-0.17101863,0.07710733,-0.15382314,-0.23629323
0.17360517,-0.011019199,0.0498256,-0.08131817,-0.07849287,-0.14492075,-0.23693953,0.0039230348,0.09992738,-0.055422768,-0.18751614,-0.04718104,-0.0032812431,-0.06440699,0.14622316
0.1722703,-0.018189108,0.04427535,-0.05730459,-0.04846961,-0.1211068,-0.21840341,-0.0006423872,0.13096604,-0.06141317,-0.15565711,-0.023155477,0.020098886,-0.038613223,0.14337769
0.078012824,-0.18170837,-0.23663701,0.0968593,0.21125677,0.07983582,0.16540521,-0.11549355,0.25200844,0.2020393,0.31589335,-0.009073391,0.27868915,0.20335847,-0.12443922
0.07729134,-0.12678619,-0.20014092,0.10557487,0.21334796,0.11015423,0.19193146,-0.087503396,0.2506724,0.25169805,0.3417694,-0.03207647,0.27838868,0.2436214,-0.10134254
-0.29972452,-0.17500639,-0.2709295,-0.12051956,-0.055472545,0.16672882,-0.1025945,-0.24486554,0.19701993,-0.008920173,0.043038975,-0.09371176,0.102414794,0.16220236,-0.16006568
0.27324677,-0.023129284,-0.057063915,0.040857002,-0.053546138,0.123108976,-0.11650707,0.09482943,0.094611466,-0.016229518,0.06536133,-0.021366727,0.02122646,-0.029970031,0.048794612
0.07379155,-0.2187944,-0.122208945,-0.11960489,-0.38062382,-0.16793141,-0.23804688,-0.12223121,-0.28928465,-0.3212965,-0.36181372,-0.14378944,-0.253744,-0.28895617,-0.16861515
0.106254615,-0.17038831,-0.07375093,-0.06123669,-0.35376346,-0.15333122,-0.19158816,-0.06831272,-0.27144974,-0.2712676,-0.34698874,-0.16102162,-0.23537003,-0.23962927,-0.11674583
-0.18003356,-0.089411914,-0.14668387,-0.19046868,-0.27528906,0.046871744,-0.23110242,-0.21183738,-0.013183864,-0.29600015,-0.25099608,-0.06832268,-0.09542386,-0.13578291,-0.119962856
-0.16735777,-0.07022396,-0.14001514,-0.19469848,-0.25384498,0.08905518,-0.19097495,-0.21745914,0.00049234903,-0.2506298,-0.21808597,-0.050713606,-0.070263684,-0.10262971,-0.105136335
-0.06706183,-0.10758263,-0.1323302,0.09543448,-0.15363231,0.28375387,0.17051914,-0.15465945,-0.07093735,-0.0085716555,-0.061182745,-0.17887096,0.041480914,-0.031992164,-0.068132125
-0.0772961,-0.114038065,-0.1401754,0.059547037,-0.16983092,0.29660827,0.14749204,-0.16196546,-0.057696834,0.005311255,-0.058152445,-0.17381448,0.049584858,-0.038676977,-0.07971235
0.09309228,0.11466269,0.18886143,0.012786226,-0.09268397,-0.31544554,-0.057355963,0.1669308,-0.13163216,-0.09550461,-0.20425662,0.23093018,-0.16839463,-0.0654923,0.110434696
0.06912528,0.10178017,0.16372505,0.0117902905,-0.09839165,-0.3084365,-0.061906643,0.16306752,-0.11261836,-0.10389201,-0.20371152,0.2503431,-0.1680802,-0.05870495,0.07341765
0.1321961,0.019690394,-0.09698648,0.04351379,-0.10598282,0.09433776,0.21097288,-0.19651271,-0.29082695,0.07643317,-0.20110768,-0.12518688,-0.11954844,-0.13108392,0.12051366
0.24153024,-0.014052379,-0.11565766,0.014798362,-0.16473597,0.039374433,0.2222992,-0.10125172,-0.26388884,0.028211243,-0.24104835,-0.19615284,-0.12601003,-0.2484574,0.08735719
-0.12165992,-0.18198265,-0.14493755,-0.20013605,-0.31317604,-0.20164907,-0.25145954,-0.16933191,-0.30382305,-0.22220907,-0.34062147,-0.06233558,-0.24805942,-0.3148567,-0.089506894
-0.124521516,-0.18983404,-0.16213626,-0.19081753,-0.32094657,-0.203471,-0.2696787,-0.18355662,-0.3138529,-0.2261185,-0.35867682,-0.057244815,-0.2660929,-0.31633407,-0.09245614
0.4123699,-0.0009581498,-0.10849225,-0.06430138,-0.20602173,0.02034286,-0.21973577,0.104969755,-0.049994454,0.07137911,-0.12892517,-0.21505773,-0.060831815,-0.1438258,0.03599135
0.42973536,-0.015265727,-0.1370738,-0.09511791,-0.22351187,0.03261765,-0.21472871,0.110344544,-0.051102675,0.07882184,-0.09261505,-0.21631259,-0.059582844,-0.17099112,0.016236281
0.01275644,-0.19092046,-0.17189963,-0.15132117,-0.29071575,0.12933484,0.003700031,-0.23370737,-0.027263762,-0.077606566,-0.22085561,-0.036109917,0.04356327,-0.05947491,-0.19649778
0.042250533,-0.23635371,-0.23880726,-0.20319498,-0.27209115,0.112956285,-0.021294028,-0.25460085,-0.041415103,-0.10051784,-0.22006892,-0.06440886,0.02704832,-0.10925035,-0.23508018
0.22988209,0.21237947,0.1056702,0.3887649,0.2891667,0.29399413,0.32011235,0.35668293,0.21374671,0.25871626,0.4312966,-0.067012824,0.26595274,0.29607323,0.1663896
0.24016334,0.20167288,0.088981286,0.3761006,0.28065085,0.3028394,0.30419868,0.34037387,0.19857138,0.2615761,0.44776726,-0.079287656,0.25777265,0.29675293,0.1555478
-0.22803673,-0.16212998,-0.13789476,-0.18661681,-0.19535787,0.15721127,-0.2199811,-0.21879435,-0.018569062,-0.3517792,-0.23015018,0.074277386,-0.15781693,-0.032769524,-0.1489428
-0.22870916,-0.21384692,-0.20194791,-0.17975399,-0.22560827,0.17347825,-0.27505293,-0.24698082,-0.021716397,-0.4031225,-0.22942898,0.090730056,-0.17714441,-0.05415743,-0.21372767
-0.14816603,-0.14398257,-0.107051015,-0.21671516,-0.30167124,0.121934995,-0.06082061,-0.17546654,-0.07705492,-0.09870376,-0.14335233,-0.051281534,-0.041361704,-0.043280087,-0.19217762
-0.14028552,-0.1410805,-0.1209089,-0.21308306,-0.26641518,0.13405728,-0.047661945,-0.18995152,-0.058968294,-0.09484078,-0.110036425,-0.053132836,-0.026223639,-0.013933837,-0.19077134
-0.25973338,-0.18270943,-0.13467532,-0.10893935,-0.17419766,-0.014645207,-0.08285483,-0.25649044,0.05037535,-0.23204453,-0.34355372,-0.052773055,-0.04356127,-0.031087419,-0.09554683
-0.27860594,-0.19149375,-0.12985384,-0.11520047,-0.18296205,0.0030237148,-0.07584815,-0.2638479,0.046750706,-0.26311737,-0.35346013,-0.039542787,-0.05059016,-0.035922408,-0.10400729
0.14455299,-0.29985294,-0.28292534,-0.08106365,0.0129918475,0.023256872,-0.25084856,-0.11263484,0.2752257,-0.07379754,0.114877716,-0.10231496,0.1744057,0.09119922,-0.18388471
0.17498262,-0.2703818,-0.25814146,-0.07075767,0.04216889,0.051784992,-0.21885729,-0.095671795,0.28703302,-0.05660807,0.13456598,-0.14014673,0.18671612,0.11929764,-0.16139552
-0.28988934,-0.14527859,-0.037721455,-0.22640264,-0.24587534,-0.07960603,-0.27409953,-0.21876073,-0.18309513,-0.20919937,-0.33625066,-0.012765151,-0.26298773,-0.15355223,-0.07051878
-0.20128748,-0.2949659,-0.2235776,-0.22828168,-0.35631168,0.12529951,-0.15547818,-0.25817752,-0.26377672,-0.19079304,-0.21491817,-0.0148188025,-0.22357348,-0.1984987,-0.29280055
-0.19607343,-0.29695222,-0.23599257,-0.19743833,-0.34391713,0.08720617,-0.11958504,-0.22266161,-0.26067853,-0.17051178,-0.18377471,-0.055367894,-0.21537866,-0.18861188,-0.29407507
-0.138253,-0.38602704,-0.29760176,-0.29059917,-0.3521768,0.098640546,-0.07029052,-0.34222955,0.21363354,-0.16481063,-0.10613069,-0.0070772218,0.2173168,-0.08433193,-0.40097547
-0.11986375,-0.3791301,-0.30126074,-0.29554063,-0.37670478,0.07473938,-0.08356395,-0.33671823,0.15338883,-0.17790905,-0.16453075,-0.05893404,0.16299939,-0.12079489,-0.40391123
-0.120402835,-0.0153738335,-0.08103164,-0.0859724,-0.22182763,-0.14798573,-0.18649131,-0.165654,-0.16294095,-0.042082474,-0.23816782,-0.036123373,-0.17383736,-0.16037597,0.059488334
-0.07026515,-0.023299899,-0.07975488,-0.02719105,-0.22017646,-0.11390012,-0.16803257,-0.14051026,-0.14345023,-0.026080377,-0.1836069,-0.010874442,-0.16213864,-0.11358561,0.04279478
0.38547012,-0.0067588324,0.03718923,0.046183,0.060863197,0.011477856,0.053507313,0.08063564,0.2879967,0.25060606,0.21881212,0.022803556,0.33407772,0.06825528,0.22197393
0.3912177,-0.0024494322,0.03980784,0.040159285,0.08244538,0.005800903,0.031988095,0.092133716,0.30028492,0.27150837,0.19375882,0.054523658,0.33674043,0.104378656,0.20944062
-0.30698365,-0.21289247,-0.12647796,-0.23389894,-0.2733177,0.02092816,-0.23073667,-0.2663065,-0.21249431,-0.22362614,-0.30055743,-0.08206466,-0.22975782,-0.18176548,-0.11532969
-0.3033995,-0.20450906,-0.10970326,-0.2221638,-0.26023644,-0.01995909,-0.2257581,-0.27161762,-0.25768045,-0.19361308,-0.3275286,-0.10734126,-0.25628167,-0.18391198,-0.11306289
-0.098373264,-0.28128588,-0.3126585,-0.14563817,-0.16326886,-0.028852545,-0.21505044,-0.120799944,0.1567719,-0.07155146,-0.005498075,-0.11201118,0.10115524,-0.025001274,-0.29029372
-0.1024463,-0.27624655,-0.28928953,-0.16684568,-0.22797647,-0.0393932,-0.20359546,-0.09672366,0.14043522,-0.08040789,-0.051164076,-0.122642316,0.08857082,-0.08064093,-0.28754178
0.05758525,-0.22186747,-0.16718248,-0.2369717,-0.25558063,-0.039900392,-0.2745118,-0.20664147,-0.14762437,-0.33599877,-0.3132478,-0.05899425,-0.24736491,-0.26799682,-0.12934688
0.05354237,-0.24253646,-0.1874533,-0.22299975,-0.24395266,-0.036877558,-0.26742762,-0.21203896,-0.14522897,-0.35698473,-0.292241,-0.037514746,-0.24554947,-0.26400632,-0.14371213
-0.0001873374,-0.27611712,-0.23218054,-0.058275387,-0.22997585,0.008486096,-0.095018506,-0.15451866,0.11950091,-0.12643522,-0.07899797,-0.20460255,0.11187646,-0.028704401,-0.2729438
-0.025610823,-0.26268983,-0.23617634,-0.09064838,-0.28566325,-0.0058177495,-0.114901304,-0.15861122,0.07279676,-0.12575282,-0.097876385,-0.21707815,0.06664095,-0.048619814,-0.3042714
-0.013535267,-0.028272243,-0.061967574,0.044792965,-0.22580189,0.06082076,-0.0038000972,-0.18324536,-0.38317525,-0.06128434,-0.21866086,-0.061771937,-0.24138466,-0.18058899,0.057249427
-0.011492383,-0.026380729,-0.047435034,0.07139579,-0.2322802,0.107195124,-0.009241084,-0.15836346,-0.3909039,-0.08212002,-0.23206617,0.004294299,-0.26593333,-0.13986942,0.044997312
0.2537102,-0.1928981,-0.20117539,0.07182878,0.2131556,0.11327367,-0.036435112,-0.063497305,0.16112593,0.060807005,0.2628602,0.03408709,0.15955938,0.14824584,0.02349502
0.2327145,-0.21048293,-0.20119762,0.07281545,0.23980074,0.11228876,-0.031269148,-0.0810184,0.16211796,0.08772719,0.25069267,0.09328624,0.16919033,0.16788776,0.007823542
-0.006263068,0.045420267,-0.014820303,0.2637937,0.05952985,0.3416943,0.21093552,-0.020462845,0.14507352,0.09826037,0.20343566,-0.044437505,0.23212966,0.17568117,0.00029733172
-0.0039140834,0.011860712,-0.047922947,0.22574219,0.01607872,0.34769797,0.20472959,-0.044932876,0.16433528,0.14138891,0.18580997,-0.06089352,0.25595075,0.16994488,-0.01404687
0.2040579,0.15792623,0.06551953,0.115253136,0.25345647,-0.11175074,0.23193493,0.12294878,0.17728217,0.3217985,0.38851163,0.032988533,0.2748474,0.19661495,0.1375588
0.22909477,0.16998091,0.095019326,0.09962479,0.24200545,-0.13983393,0.2153323,0.14365405,0.19767755,0.33124125,0.38305658,0.021409206,0.28133392,0.19859283,0.15961346
-0.15239707,-0.31935018,-0.42510885,-0.2060625,-0.16575035,0.1406965,-0.08285728,-0.3139675,-0.03669165,-0.12076966,-0.019257218,-0.25652903,0.003080157,-0.14459875,-0.28064328
-0.14943421,-0.33982897,-0.4601773,-0.22378111,-0.14897701,0.13819768,-0.08139905,-0.3181522,-0.02204436,-0.08701219,-0.02453321,-0.24345872,0.01716915,-0.12459434,-0.31502807
-0.13281876,-0.21342032,-0.04196205,-0.11805194,-0.25154194,-0.058311976,-0.23115876,-0.11615114,-0.051562272,-0.25474942,-0.2722612,0.06978755,-0.16595274,-0.07059012,-0.19854605
-0.18443358,-0.17797416,-0.005115489,-0.059070587,-0.23804753,-0.007740875,-0.21170267,-0.08716573,-0.02600613,-0.2323289,-0.2610177,0.05957535,-0.14624213,-0.009600656,-0.1647633
0.19070224,-0.099657536,-0.019223839,-0.061067045,-0.25348,-0.161823,-0.30661786,0.04877089,-0.12632494,-0.18995121,-0.33140123,-0.1814673,-0.20435397,-0.15016803,-0.0019106637
0.18288334,-0.10481617,-0.03485082,-0.042605802,-0.25259206,-0.14574504,-0.31086203,0.033124533,-0.11970469,-0.21794583,-0.32341638,-0.16100918,-0.20781243,-0.14777774,-0.012309067
-0.20498455,-0.10804263,-0.008197764,-0.21018484,-0.19433302,-0.04892412,-0.09844661,-0.2267472,-0.19689617,-0.098957285,-0.25571376,-0.13162467,-0.12316139,-0.1636322,0.0036743074
-0.1830239,-0.09740108,-0.009769029,-0.20573553,-0.20009944,-0.043354772,-0.06618495,-0.19789386,-0.18445447,-0.060245693,-0.19251832,-0.15525806,-0.104307294,-0.16007578,0.019948384
0.007295367,-0.29408413,-0.27226967,-0.021316916,-0.1476723,0.18754345,0.09990913,-0.041088197,0.3063961,0.092795976,0.23410347,-0.0595305,0.3875637,0.09012179,-0.32313377
0.0005269761,-0.3318399,-0.29718244,-0.043127194,-0.17246608,0.1676225,0.077107355,-0.055481248,0.3092896,0.07442804,0.21938293,-0.08299615,0.3941008,0.05800423,-0.35176396
0.039731048,-0.21098344,-0.12731156,-0.104598485,-0.20194103,0.09930596,0.00030846568,-0.17755643,-0.19213852,-0.15362296,-0.18963939,0.021694606,-0.080255926,-0.13759574,-0.16933243
0.013814491,-0.21797723,-0.14709154,-0.1127837,-0.18778329,0.13448226,-0.01618457,-0.20309445,-0.16177347,-0.14231002,-0.17342046,0.014183866,-0.05763419,-0.099321075,-0.19543602
0.08644181,-0.12002164,-0.108380705,0.2510764,-0.011210047,0.32859367,0.23045957,-0.09255991,-0.13789721,-0.055932198,-0.0077874083,0.027291313,-0.03357225,0.11775482,-0.124873765
0.15673505,-0.016005889,-0.070265815,0.22680077,-0.0681642,0.36656463,0.29829276,-0.0027353517,-0.12345964,0.036920972,0.037337046,-0.038983032,-0.013206431,0.13536757,-0.08464798
-0.08182189,-0.13124466,-0.2187328,0.048374675,-0.007152484,0.28136307,0.23192866,-0.21319255,0.31953096,0.17941613,0.3290972,-0.11251351,0.39195675,0.221997,-0.056930177
-0.11220916,-0.16157858,-0.24367483,0.032733776,-0.0008543602,0.28941053,0.22331193,-0.23066935,0.36605522,0.14156827,0.26749212,-0.1630448,0.41536245,0.21693848,-0.09653469
-0.12529866,-0.10497919,-0.18118054,0.13999695,-0.013025352,0.3105778,0.17003748,-0.0053033475,0.3275202,0.059509255,0.26917988,-0.14208551,0.32077235,0.2447969,-0.07905394
-0.18596865,-0.13694954,-0.21490857,0.014916692,-0.012461292,0.30176204,0.17404214,-0.11871593,0.34484327,0.050514903,0.22008589,-0.14969462,0.3438586,0.1903324,-0.08677308
-0.10265745,-0.082093984,-0.18441926,0.13180396,-0.0155594535,0.36382717,0.1510621,-0.08193891,0.34926194,0.10501148,0.18364424,-0.13093874,0.35440394,0.31370953,-0.084232
-0.054637294,-0.027611792,-0.14922857,0.20337516,0.024274936,0.3805874,0.20113368,0.016896652,0.35719746,0.14789775,0.22841367,-0.13113102,0.3666076,0.360208,-0.047376357
0.08469702,-0.078944266,-0.18127725,0.19944039,0.091815576,0.30919427,0.3027677,-0.06353949,0.31776732,0.2748323,0.3899443,-0.11224393,0.45545477,0.30933458,-0.021709133
0.0644391,-0.09158391,-0.21421283,0.17736116,0.10764587,0.31782842,0.28302193,-0.0988781,0.31093466,0.2562236,0.37091577,-0.1421086,0.44101056,0.30294287,-0.046082884
0.006167544,-0.014448509,-0.12897359,0.16468573,0.14772552,0.37031454,0.2573943,-0.093061976,0.273484,0.28519207,0.3540138,-0.049176656,0.40448418,0.37635374,-0.007989475
0.007881448,-0.027991753,-0.14174074,0.15127537,0.13371843,0.35999888,0.27717838,-0.08586627,0.29279268,0.28106064,0.34814417,-0.062012002,0.42229292,0.35867012,0.0019638445
0.053203605,-0.10419831,-0.12485341,-0.20548749,-0.35841972,-0.18051773,-0.34653533,-0.04892081,-0.18554276,-0.3509728,-0.3456282,-0.12945041,-0.29944822,-0.2631361,-0.15519425
0.008293914,-0.12318234,-0.12419127,-0.19963053,-0.34482628,-0.18059132,-0.3744449,-0.080605164,-0.17829707,-0.3698549,-0.33865327,-0.13265666,-0.29318893,-0.24468172,-0.16446838
-0.20641673,-0.094468266,-0.05505497,-0.2190297,-0.3683962,-0.20955151,-0.34078515,-0.23470706,-0.17244351,-0.26296318,-0.31605166,-0.09353764,-0.22476867,-0.21211249,-0.069680914
-0.17092249,-0.056390345,-0.02056393,-0.2150414,-0.3648367,-0.20156859,-0.34527463,-0.20987967,-0.1947903,-0.27182817,-0.3072574,-0.0915744,-0.23409808,-0.2137174,-0.053693756
0.03215953,-0.17498128,-0.16185594,-0.15391183,-0.35089895,-0.14654991,-0.22389393,-0.02136882,-0.30364838,-0.30941877,-0.40280735,-0.2000902,-0.31389377,-0.35931292,-0.1624187
0.05137956,-0.17542228,-0.15673071,-0.15099724,-0.3719254,-0.13783407,-0.21155357,0.0031848475,-0.2857008,-0.28711265,-0.37944657,-0.20914772,-0.29071411,-0.3478492,-0.17279361
-0.022211343,-0.1316288,-0.02884531,-0.07341395,-0.23423372,-0.07209504,-0.0033646296,-0.07180024,-0.25190598,0.006096286,-0.08734058,-0.11341941,-0.06845395,-0.1811973,-0.050867975
-0.042379044,-0.16112813,-0.050854653,-0.090204485,-0.24651743,-0.07929698,-0.0131552005,-0.0862124,-0.26156443,-0.010960773,-0.11853245,-0.14200716,-0.086385295,-0.19414446,-0.06664001
-0.063957766,0.102228686,-0.09170041,0.050994396,-0.18184023,0.11504795,-0.14092997,-0.13775195,-0.373096,0.037429713,-0.21941397,-0.05786997,-0.33751565,-0.13630658,0.14935365
-0.10250228,0.13028894,0.041239843,0.00022642664,-0.22567694,-0.0074561685,-0.18028587,-0.09323072,-0.19307576,0.12489435,-0.255833,-0.2380074,-0.2071794,-0.11047535,0.1911486
-0.12937245,0.10151536,-0.073759735,0.014047807,-0.19972728,0.098604865,-0.16740668,-0.13333297,-0.35796112,-0.0074724862,-0.26473218,-0.08072085,-0.36362642,-0.15223151,0.15601465
0.13830703,0.19181189,0.13812837,0.24017371,0.13259616,0.1939765,0.13888311,0.27002347,0.198495,0.23474668,0.25435108,0.03900068,0.098962486,0.46683866,0.12838963
0.1350732,0.18251531,0.1346629,0.25483006,0.13673574,0.20229612,0.14098383,0.29093564,0.2210812,0.22393876,0.23382394,0.062934935,0.11161859,0.4636591,0.12353304
-0.32452443,-0.33690882,-0.2577085,-0.37798315,-0.3544531,-0.15679839,-0.4356866,-0.34426495,-0.08948492,-0.5098263,-0.39261916,-0.11168799,-0.2372049,-0.33026567,-0.28759667
-0.31584916,-0.33217734,-0.2671507,-0.3787694,-0.37318838,-0.16323894,-0.432023,-0.3384627,-0.099846266,-0.51885027,-0.3894492,-0.11676611,-0.24250612,-0.35903698,-0.2909603
-0.20248897,0.043166976,-0.07777596,0.03421292,-0.19263196,0.12553573,0.02026769,-0.017131587,-0.14603168,-0.13905397,-0.20694569,-0.124689616,-0.22915497,0.018365366,-0.09863588
-0.1951947,0.068516254,-0.064441994,0.052444838,-0.17754644,0.16256765,0.043422256,0.0076717753,-0.12980941,-0.11750752,-0.1984943,-0.09570393,-0.21531108,0.05558744,-0.08965627
-0.08760689,-0.103246614,-0.18181881,-0.09915671,0.034231223,0.15594253,0.21157667,-0.1652632,0.36959597,0.36174625,0.21802852,0.22711611,0.34977818,0.292869,-0.1435488
-0.08619191,-0.119033724,-0.19688977,-0.11441204,0.047459595,0.15274422,0.22781596,-0.17946196,0.38211697,0.35697764,0.2165555,0.2538082,0.3619907,0.30489892,-0.14729902
-0.24184595,-0.046624556,-0.20303014,-0.22302093,-0.23405026,0.1745199,-0.2931947,-0.258871,-0.009192519,-0.13456449,-0.14815858,-0.1749869,-0.1788371,-0.09128538,-0.022219142
-0.25502765,-0.04274837,-0.20851439,-0.19877166,-0.21321788,0.18659577,-0.281729,-0.26266062,-0.007216517,-0.15324226,-0.12961295,-0.17992583,-0.18243429,-0.07555935,-0.022661963
-0.056134924,-0.045387205,-0.120370075,-0.082789995,-0.1464532,0.123404026,-0.19226764,-0.014473599,0.016826408,0.07557264,0.012732653,-0.14841077,-0.03406907,0.02732756,-0.06998231
-0.05400455,-0.045082606,-0.11899561,-0.08135399,-0.14519548,0.12311912,-0.19594145,-0.010895786,0.016295686,0.07660804,0.0140412375,-0.1477454,-0.035293467,0.027373988,-0.07139586
0.082584485,-0.006444603,-0.10022284,-0.28517392,-0.40287054,-0.060238935,-0.26316032,-0.12053715,-0.26421678,0.11592943,-0.3070675,-0.25751588,-0.24532752,-0.2544552,-0.0045500346
-0.05502577,-0.040096436,-0.124053635,-0.077278376,-0.1420083,0.121834844,-0.17909586,-0.009858277,0.013856925,0.07419616,0.013089946,-0.14623727,-0.036247138,0.022056999,-0.06650497
0.108806804,0.049998518,-0.05720462,-0.24565701,-0.39175025,-0.073846966,-0.26168913,-0.1013148,-0.2566594,0.15535285,-0.27785897,-0.24427065,-0.24249695,-0.22304273,0.03629124
0.1515406,0.073564164,-0.04266478,0.17163238,0.15118784,0.15143737,0.2764391,0.019529419,0.13381335,0.2694584,0.46171623,0.1787973,0.252188,0.1788447,-0.012920462
0.1348719,0.04570239,-0.05285859,0.107550174,0.10132173,0.14663193,0.25208396,-0.019132538,0.15176068,0.27623987,0.45209605,0.18370992,0.2639801,0.15783158,-0.030560648
0.04064347,0.09253724,-0.106130965,0.35575855,-0.005406592,0.2255111,0.14890969,-0.019590076,0.004913498,-0.0227913,0.023207884,-0.13579696,0.06781032,0.11436471,0.011599729
0.030543622,0.079520226,-0.12066314,0.33948052,0.018712923,0.24378265,0.16493028,-0.052590065,0.005059854,-0.054075323,0.0011445647,-0.13658634,0.061519217,0.10166694,0.03189677
-0.16479114,0.0065578464,-0.16377774,-0.28768063,-0.25041252,-0.06185787,-0.22953643,-0.35708869,-0.30160332,0.007999324,-0.3876137,-0.30446225,-0.30301303,-0.22890404,0.06258968
-0.14446884,0.05285944,-0.1208251,-0.26121166,-0.22229949,-0.028227096,-0.18431872,-0.33662313,-0.28547513,0.060067162,-0.35409337,-0.31596145,-0.27194157,-0.18905018,0.1112746
-0.009719213,0.24058393,0.25216606,0.10900327,-0.064039245,0.10666941,0.024627622,0.10641624,-0.0706461,0.19593406,-0.0046764505,0.06532447,-0.059103698,0.28078192,0.14531673
0.026304994,0.20779121,0.23910688,0.10062379,-0.09697327,0.08723676,0.010082081,0.096228965,-0.045391843,0.21163478,0.010969618,0.03169786,-0.025767207,0.2804594,0.13774326
0.10711761,0.28602266,0.44501832,0.037699092,0.0014274893,-0.053408705,0.076934434,0.34695768,0.13190901,0.24615464,0.20549697,0.24257466,0.08523673,0.19828628,0.23644006
0.11589507,0.25207013,0.40894806,0.044813775,0.008543039,-0.05249911,0.07181878,0.35786033,0.14317273,0.24774715,0.22800803,0.25303113,0.10052191,0.20679042,0.19610575
-0.12895618,0.008243188,-0.102987275,-0.21294077,-0.3067215,-0.012372458,-0.24019822,-0.22079912,-0.055573266,0.12871286,-0.12666325,-0.24945077,-0.08336803,-0.0975183,0.071154036
-0.12531222,-0.0001914613,-0.12383334,-0.20968834,-0.29897338,-0.036930308,-0.24986684,-0.22102186,-0.032629687,0.1202586,-0.18236725,-0.3064207,-0.06613668,-0.123743474,0.050361495
-0.17281497,-0.2027278,-0.20259829,-0.026601013,-0.026070323,0.2339609,0.18215398,-0.14442122,0.34026524,0.035070598,-0.017585352,0.16723147,0.23041157,0.14406674,-0.122939974
-0.124719255,-0.1678811,-0.17196289,0.0040540206,0.0202129,0.31714433,0.23763096,-0.07052095,0.3482654,0.06706813,0.02248231,0.1593191,0.24544857,0.19898841,-0.13141444
-0.3189152,-0.24267289,-0.08187036,-0.25888237,-0.3293417,-0.083074346,-0.25165525,-0.24416581,-0.13673039,-0.30589938,-0.32643652,-0.06513502,-0.19424957,-0.23516268,-0.16993354
-0.31587172,-0.23596922,-0.11424008,-0.21009469,-0.33989078,-0.06414078,-0.25199932,-0.23431571,-0.11479892,-0.35203356,-0.3630998,-0.124442875,-0.19532877,-0.2546879,-0.18595806
-0.07263254,-0.122969985,-0.27121544,-0.15538892,-0.21332178,0.0060704304,-0.21621329,-0.3112837,-0.24176449,0.021993473,-0.2470859,-0.10331552,-0.20393491,-0.12396529,0.007235599
-0.06902122,-0.12258285,-0.26365554,-0.14865345,-0.19865096,0.017531507,-0.21536946,-0.31355608,-0.21098329,0.039233454,-0.23494253,-0.11149335,-0.17515504,-0.1100605,0.023745064
0.17243189,0.13316584,0.19700763,0.34590837,0.33345002,0.24769685,0.43081766,0.367045,0.3027146,0.19060871,0.40815526,0.15190512,0.38937223,0.3970968,0.064086474
0.1630705,0.087009676,0.13134998,0.3428624,0.34338897,0.25875348,0.41991478,0.32382,0.31103602,0.16253233,0.40768504,0.11289315,0.39839417,0.3797043,0.016542993
-0.22504966,-0.23978534,-0.37953562,-0.12477579,-0.13945724,0.13383193,-0.13800104,-0.32676387,-0.116563074,-0.06267546,-0.18815912,-0.18321633,-0.15387365,-0.014829893,-0.20905392
-0.20363426,-0.2455343,-0.35418233,-0.12581778,-0.16991487,0.11868453,-0.17606047,-0.2715773,-0.13184658,-0.049495995,-0.17718044,-0.1893042,-0.1513308,-0.056724332,-0.21090138
0.22854218,-0.11083841,-0.15753253,0.095092654,-0.0879107,0.21187598,0.0548461,0.008254794,0.053604573,0.025273379,0.015618607,-0.14360708,0.060238793,0.10362132,-0.07255514
0.2598142,-0.082044385,-0.14766559,0.13295768,-0.066689454,0.20959342,0.08080523,0.0395998,0.055349566,0.08248007,0.05589928,-0.18096785,0.074556015,0.12705216,-0.059181534
0.0024894753,-0.23389325,-0.22324136,0.020657524,-0.09425542,0.22856352,0.077452965,-0.10794917,0.29857498,0.10801008,0.32472453,0.06875137,0.36114413,0.110645235,-0.20894574
-0.2321243,-0.2818032,-0.2575558,-0.001211155,-0.07756016,0.18306759,0.0495667,-0.22514375,0.35946047,-0.05025369,0.10730195,-0.04435224,0.28699708,0.14696285,-0.225577
0.21019617,-0.06715593,-0.019802138,0.0585349,-0.042723015,-0.09642127,-0.055903725,-0.03229381,-0.028153602,0.029625483,-0.13074484,-0.08291057,0.03157883,-0.011572293,0.05893147
0.21414173,-0.054072484,-0.01251052,0.06366398,-0.03751483,-0.0789247,-0.062056184,-0.0301709,-0.022602666,0.046451326,-0.12119374,-0.072315544,0.03431716,0.01163853,0.06892097
0.11087254,-0.10936582,-0.009321147,-0.054877736,-0.1316381,-0.08778964,-0.20754391,-0.010147263,0.13963723,-0.15581667,-0.12861136,-0.12297116,0.029318713,-0.06727387,0.023398213
0.10037754,-0.13295217,-0.03940085,-0.062187858,-0.14959094,-0.096960485,-0.23551711,-0.05326321,0.12942198,-0.22217721,-0.120128274,-0.10432765,0.011477166,-0.084146544,-0.0025895378
-0.18623385,-0.15048844,-0.20790853,-0.073370405,0.08487332,0.18481943,0.09071079,-0.09548162,0.4030112,0.16493028,0.23694246,0.14242919,0.28912908,0.2920692,-0.16154075
-0.15646908,-0.16573533,-0.23193786,-0.056029104,0.07637613,0.2041601,0.10689029,-0.108474046,0.4137453,0.19073708,0.26638487,0.14193305,0.30630076,0.3108385,-0.16776885
-0.034205895,0.006696456,-0.099065304,-0.10324754,0.14297077,0.18311787,0.14683802,-0.03930209,0.29688326,0.368478,0.33910674,0.09814417,0.2443794,0.42910737,-0.065608546
0.022926975,-0.04236863,-0.16744545,-0.12962255,0.11457789,0.18813847,0.18215221,-0.08101991,0.3163842,0.381434,0.36030215,0.061435852,0.28105342,0.40795922,-0.089314334
0.14758965,0.19879985,0.25112998,-0.08292976,-0.05412565,-0.11408277,0.069293596,0.17812449,0.121432945,0.347005,0.21208146,0.26776633,0.09921363,0.086703904,0.10076544
0.1512196,0.17195089,0.22376144,-0.09600769,-0.042595293,-0.09898931,0.09517357,0.14642034,0.14591596,0.3538876,0.21631753,0.28211686,0.12694687,0.09974302,0.09822205
-0.22714974,-0.057465423,-0.10859808,-0.062451594,-0.20501271,0.22340143,-0.15422407,-0.1667856,0.0020228736,-0.17512634,-0.18268159,-0.09744103,-0.12375167,-0.051895376,-0.0820325
-0.23889221,-0.056839082,-0.12416236,-0.10385563,-0.2162844,0.21414053,-0.14073229,-0.18210739,-0.006549895,-0.14611614,-0.17815676,-0.10958581,-0.12240973,-0.06361311,-0.08661193
-0.25305945,0.044223107,0.0036266288,-0.0503321,-0.17741194,0.21866366,-0.06808136,-0.15389864,-0.044408314,-0.15033576,-0.21670443,-0.09158899,-0.13423607,-0.039391775,0.022583554
-0.2503807,0.03274898,-0.009449543,-0.08667186,-0.1782215,0.18574107,-0.08413222,-0.16844174,-0.045125015,-0.13195595,-0.21482092,-0.11302145,-0.13292198,-0.054186303,0.015818052
-0.24951503,-0.08953939,-0.09162496,-0.15585247,-0.25289267,0.21643569,-0.13150437,-0.22871335,-0.01730695,-0.18600187,-0.17169553,-0.07202408,-0.11790924,-0.06478931,-0.088633016
-0.26645768,-0.11764039,-0.11430408,-0.15750581,-0.25487703,0.21207356,-0.1476582,-0.24440306,-0.009543929,-0.20974493,-0.18495215,-0.093420796,-0.12304723,-0.06770297,-0.119026914
-0.16909122,-0.17110106,-0.12264836,-0.13712335,-0.33930174,0.31078666,0.0017851787,-0.23104739,-0.07172094,-0.14015716,-0.107760765,0.023517253,-0.04308506,-0.07776212,-0.16061819
-0.1965377,-0.16538227,-0.10762395,-0.15400761,-0.28852832,0.2876034,0.031392332,-0.24285936,-0.059555754,-0.10944542,-0.117940515,0.016889751,-0.018307826,-0.059088692,-0.1506874
0.14595246,0.04659871,-0.11152256,-0.21705315,-0.039333653,0.22221425,0.009144837,-0.22821274,-0.08660896,0.057893965,-0.14347494,-0.17648682,-0.086147,0.0030966871,0.084291786
0.15083353,0.056020547,-0.09546873,-0.19747302,-0.06648214,0.18682992,-0.020264467,-0.21173802,-0.09539462,0.07671614,-0.15532684,-0.19597039,-0.09322075,0.003949157,0.08518767
-0.20657858,-0.04029479,-0.077288546,-0.36093634,-0.4104402,-0.096793786,-0.34250423,-0.25463638,-0.27061015,-0.29840875,-0.47202992,0.06617591,-0.36320382,-0.21861985,-0.06413017
0.29442644,-0.057155333,-0.22813055,0.07800067,-0.07585255,0.2765237,0.2847765,0.0071785497,0.07446976,0.08484381,0.03893057,0.019420348,0.1743022,0.054813407,-0.1417818
0.31707072,-0.09976381,-0.2605868,0.020204369,-0.10888222,0.24397013,0.2652491,-0.04997331,0.09138698,0.067652024,0.014879515,-0.050889138,0.1931338,0.0042987214,-0.14736362
0.0048825843,-0.120120145,-0.23562223,0.10835412,0.14670002,0.36848682,0.21994859,-0.011068541,0.2359143,0.22398654,0.47397882,0.2064465,0.3227116,0.28855312,-0.20542148
-0.0472261,-0.13039783,-0.23360041,0.06645683,0.14372288,0.37095007,0.19555974,-0.005185029,0.26428682,0.22128017,0.4577657,0.19363248,0.33360383,0.2923007,-0.22108454
-0.2156741,-0.34631926,-0.32937568,-0.4323457,-0.36587828,-0.17010403,-0.5128015,-0.34695762,-0.20768818,-0.38125247,-0.37450176,-0.18159154,-0.3303604,-0.29459667,-0.30691832
-0.1537421,-0.32340595,-0.34092414,-0.39363047,-0.33457643,-0.14917773,-0.47553334,-0.33681142,-0.19634551,-0.3642745,-0.32951015,-0.18516341,-0.31799096,-0.2881736,-0.29478168
0.33272392,0.21623589,0.23139158,0.21360303,0.26776507,-0.082553074,0.15324867,0.14246565,0.067382514,0.34652993,0.36784944,0.12491901,0.20294154,0.3472566,0.26333243
0.31246808,0.20057958,0.20525005,0.20071924,0.27458763,-0.09008226,0.15100785,0.1055505,0.07746446,0.3021919,0.34902716,0.0744575,0.21000956,0.326406,0.24252644
0.15921956,0.22791444,0.22692287,0.19290397,0.22022942,-0.12750071,0.15573013,0.07333941,0.07455194,0.32510155,0.31184536,0.11671794,0.21764526,0.32863426,0.23368803
0.11857894,0.19379172,0.18787599,0.14774327,0.20785348,-0.11966853,0.124611214,0.005088241,0.09220529,0.30614537,0.30304828,0.07426183,0.23379612,0.31923258,0.20362443
-0.23936567,-0.12922463,-0.10753301,-0.21893498,-0.32688215,-0.11873001,-0.28453064,-0.20213921,-0.32642847,-0.3487754,-0.40520114,0.008301189,-0.33236057,-0.29428726,-0.11204693
-0.21802615,-0.10529981,-0.09193635,-0.21505134,-0.3221985,-0.11895016,-0.27677,-0.18453701,-0.3257348,-0.3203546,-0.386872,0.0009976858,-0.32182112,-0.28892234,-0.083329454
0.19806537,0.35915518,0.4506332,0.1444759,0.060401678,-0.07625289,0.09769669,0.44027302,0.028683756,0.2476691,0.01110971,0.18840887,0.047418177,0.15503079,0.28182638
0.21363208,0.34136945,0.41843385,0.12353963,0.04364243,-0.08400248,0.08989459,0.44087595,0.0035761213,0.23736942,-0.020798277,0.19123706,0.02108476,0.12611717,0.27021587
-0.057048738,-0.03428781,-0.12163024,-0.06884976,-0.13321126,0.14864878,-0.17267664,-0.009325504,0.028491177,0.074041635,0.060064793,-0.09793021,-0.028755885,0.044341873,-0.074423045
-0.05362986,-0.03337746,-0.11783931,-0.06685631,-0.13459253,0.1425538,-0.1785383,0.000221467,0.022557225,0.076953314,0.05481541,-0.103440136,-0.034167454,0.03956066,-0.07254763
-0.042623993,0.10348512,0.21084815,-0.13012359,-0.26125363,-0.13067858,-0.080436945,-0.035668604,-0.116423085,-0.05484339,-0.06469561,0.4574613,-0.13640268,-0.047868937,0.05197596
-0.045674555,-0.011065821,-0.114649095,-0.059198394,-0.115956105,0.16086276,-0.13868928,-0.0046765027,0.034621917,0.08796063,0.085296735,-0.06891262,-0.020416066,0.06497398,-0.06303009
-0.008281586,0.17888713,0.2407797,-0.12512001,-0.27338555,-0.103544965,-0.066079766,-0.02062932,-0.12443392,-0.013831534,-0.012116188,0.43385872,-0.13199018,-0.047476754,0.09845106
-0.1917212,-0.025254387,-0.10746241,-0.21910957,-0.3135503,-0.07847153,-0.34032795,-0.2611587,-0.2806834,-0.21000928,-0.30323926,-0.11762583,-0.32566828,-0.15713003,-0.013675332
-0.17656672,-0.022440035,-0.10181756,-0.23760079,-0.31353217,-0.083090305,-0.3140252,-0.26629123,-0.2871459,-0.18997175,-0.30062562,-0.123994805,-0.32048178,-0.16358873,-0.0068239635
-0.018076934,-0.24416614,-0.2655987,-0.09517326,-0.2150856,-0.13928486,-0.24204737,-0.26054683,-0.030192278,-0.40123123,-0.35602224,-0.108503245,-0.14980441,-0.2289699,-0.21111114
-0.021448722,-0.22837138,-0.2636813,-0.118616536,-0.27578077,-0.17087385,-0.25156072,-0.25154078,-0.071334295,-0.41497838,-0.39575842,-0.17427476,-0.18124114,-0.2876693,-0.21099016
0.033099294,-0.27231395,-0.27236038,-0.16065095,-0.35772735,0.12691619,-0.14575952,-0.13799249,-0.09925837,-0.13055503,-0.0709333,-0.15088066,-0.06988174,-0.1962959,-0.32708317
0.0589908,-0.21542089,-0.25195056,-0.12404758,-0.30801594,0.15437454,-0.14740847,-0.10028021,-0.086884536,-0.07673746,-0.039413385,-0.07758221,-0.08342506,-0.14120854,-0.29398036
0.23535673,0.2294048,0.018016566,0.31612432,0.10453885,0.1635041,0.3533396,0.20746136,-0.16721062,0.06890373,-0.17634088,0.072461054,-0.11710589,0.0739819,0.15961601
0.17419589,0.13983005,-0.063434705,0.3272757,0.1701269,0.13468699,0.2737922,0.11653727,-0.15776467,-0.0066141114,-0.20117739,0.012645589,-0.13322785,0.051925883,0.12601614
0.11318378,-0.041203693,-0.10587109,-0.18530615,-0.25614914,-0.106751636,-0.1948086,-0.09761856,-0.20852582,-0.2618982,-0.43116474,-0.1451384,-0.2742152,-0.28629807,-0.022471368
0.14442876,-0.043508906,-0.11296277,-0.21602222,-0.27786523,-0.10961661,-0.18065819,-0.09431593,-0.22047439,-0.24682741,-0.40347898,-0.16286743,-0.27283025,-0.31813958,-0.023347951
-0.19900984,-0.119625494,-0.08655897,-0.20148993,-0.24136874,-0.05971414,-0.20623809,-0.24724877,-0.23841107,-0.209582,-0.2952355,-0.004863905,-0.20390429,-0.21378672,-0.051412843
-0.19587165,-0.13372006,-0.083321385,-0.24297744,-0.23954965,-0.06936787,-0.18913913,-0.2494027,-0.2438887,-0.20491663,-0.27779046,-0.0070064683,-0.19060247,-0.24237448,-0.048029013
-0.28292516,-0.094379775,-0.1690135,-0.2640955,-0.2599548,-0.12970722,-0.3457797,-0.25752145,-0.24414377,-0.20880093,-0.51158655,-0.20258802,-0.3399337,-0.31258345,-0.0021787975
0.14226288,-0.079947226,-0.1407038,0.11837974,0.11735967,0.25860596,0.29009813,-0.05931134,0.2935224,0.2000112,0.46454644,0.017997902,0.41420484,0.2724213,-0.06497742
0.11399867,-0.08313851,-0.12574138,0.10183482,0.095653966,0.2679686,0.26681066,-0.059060715,0.31195295,0.22301479,0.46877992,0.072891906,0.42655876,0.28409702,-0.059313726
0.3021711,-0.029131077,-0.1495366,0.13444215,0.3995555,0.17118575,0.18410286,-0.074386224,0.26617834,0.1864503,0.4055956,-0.044824533,0.3464812,0.28889,0.06841736
0.2912788,-0.037269574,-0.16199699,0.115260944,0.38350132,0.16884512,0.14819302,-0.08256528,0.24774219,0.1965008,0.40493476,-0.014464711,0.32541072,0.2843542,0.06220286
-0.23089156,-0.34583738,-0.2154175,-0.31268555,-0.30661747,-0.1313385,-0.22475381,-0.2160221,0.19840565,-0.22816071,-0.24924374,-0.069407865,0.140817,-0.14817777,-0.29636344
-0.19529453,-0.35527974,-0.23267388,-0.3199054,-0.30327564,-0.11398166,-0.21493858,-0.2130314,0.22065969,-0.19878972,-0.22629008,-0.09248496,0.16846299,-0.13169655,-0.29761595
-0.18868238,-0.1815657,-0.059652623,-0.26216644,-0.23642538,-0.15211537,-0.19348742,-0.17401196,-0.092204615,-0.31963992,-0.34996527,-0.015698992,-0.13187203,-0.25139555,-0.12675035
0.04466109,-0.078197464,-0.05135775,0.09539567,-0.18801016,0.028173909,-0.039477102,-0.09713013,-0.2469227,-0.12774892,-0.15492937,0.06851545,-0.13513026,-0.08065176,-0.035360206
0.05453421,-0.1677672,-0.16254565,0.107152954,-0.2879511,0.016685985,-0.0136762,-0.18828747,-0.33469188,-0.25305212,-0.23030993,-0.039097376,-0.23279487,-0.19699803,-0.10289961
0.10642919,0.16404086,0.0005459464,0.5077956,0.046256,0.42950708,0.24602538,0.056120854,-0.07745953,0.07137126,0.04378455,-0.094303176,-0.019653153,0.28849846,0.10970156
0.09199405,0.16473046,-0.0008994709,0.48901004,0.05240395,0.44446218,0.25041053,0.0506371,-0.049867477,0.08230509,0.06230821,-0.11422937,0.00043473858,0.2980364,0.11884444
0.0984055,-0.1250352,-0.05649168,-0.14463851,-0.22256833,-0.14918365,-0.23588085,-0.08663194,-0.08920807,-0.3568099,-0.4181716,-0.072748795,-0.18874234,-0.22543955,-0.027947433
0.10485424,-0.08670916,-0.037151378,-0.113418415,-0.24174982,-0.14836359,-0.20686348,-0.05733733,-0.098026365,-0.3298501,-0.42627215,-0.11180687,-0.19299728,-0.23023611,-0.002162789
0.099633634,-0.04581974,-0.13133293,0.10945748,0.05581177,0.08394242,0.052271023,-0.12913531,-0.098043814,0.17089388,0.15292758,0.052591465,-0.06675406,0.19702873,0.03843952
0.14220776,-0.054583453,-0.13295704,0.10882979,0.044469573,0.07172193,0.009865989,-0.10873019,-0.10912727,0.13253482,0.14405134,-0.043846536,-0.08169873,0.15546301,0.015190224
-0.23385501,-0.26409218,-0.11610454,-0.32736468,-0.3006106,-0.1539694,-0.2371058,-0.25586802,-0.1914063,-0.36322516,-0.3586437,0.04250514,-0.19492093,-0.25460804,-0.19781506
-0.24555692,-0.2651692,-0.10820782,-0.32723376,-0.28170967,-0.14226706,-0.20697045,-0.26102304,-0.19932103,-0.36638936,-0.3826713,0.04972533,-0.19732016,-0.24197598,-0.19970614
0.010695679,0.12727043,0.14095971,-0.15486732,-0.115089625,0.03959079,0.049917564,0.04171904,0.16806915,0.33094314,0.34355474,0.29997274,0.16393788,0.22162151,0.0040821796
0.027310228,0.11253971,0.13519135,-0.15450871,-0.12357272,0.01815619,0.046721548,0.07249834,0.16291523,0.3223818,0.33910906,0.32202953,0.15184665,0.1924913,-0.015379185
0.3454178,0.0052615395,-0.09098223,-0.18854186,-0.20427415,0.057400744,-0.05051437,0.23369542,0.28783423,0.19497836,0.18910888,-0.011067338,0.23236609,0.023588823,-0.09484321
0.34899002,-0.006159179,-0.08408955,-0.18377551,-0.23578185,0.044635497,-0.03255055,0.24278101,0.2708999,0.18715136,0.15543419,-0.06985515,0.22422782,-0.00088473037,-0.09384409
0.2645853,0.1375525,0.071872115,0.19830304,0.08157731,-0.04741957,0.08495322,0.30709672,0.11372115,0.26997674,0.28538284,0.16831756,0.1804761,0.2804791,-0.016156197
0.32763386,0.08917316,0.04723005,0.16068512,0.008022459,-0.10277666,0.038581505,0.3474047,0.085341394,0.23739943,0.21515033,0.18571317,0.14698079,0.19112897,-0.037490897
0.2603584,0.12186803,0.108795375,0.015887078,-0.06371424,-0.13693808,0.0328422,0.28873307,0.054274615,0.18022999,0.22729698,0.24272704,0.13406011,0.060883656,-0.07556403
0.3227399,0.16094616,0.12904021,0.01687669,-0.04714433,-0.10649534,0.09320056,0.3210147,0.07847859,0.2961545,0.28595012,0.2615875,0.16523026,0.106044084,-0.033657618
0.1903801,0.19547889,0.06956626,0.14612731,0.22496165,0.23781654,0.3655545,0.1740174,0.07720488,0.2729082,0.22674733,0.0057060122,0.11616073,0.27836218,0.12814873
-0.22651067,-0.032423653,-0.022805449,-0.16035603,-0.16941142,0.01159023,-0.15491532,-0.18568781,-0.12615907,-0.122575104,-0.36241394,-0.15793979,-0.17772348,-0.14852646,0.035788108
-0.008035069,-0.1105669,-0.1459944,-0.09948912,-0.085453674,0.015824609,-0.30627215,-0.29025063,-0.05919983,-0.14524636,-0.2527934,-0.14311224,-0.12921342,-0.074522704,-0.02136921
-0.14275743,-0.2955287,-0.20620452,-0.31609565,-0.33349425,-0.1301059,-0.3186291,-0.25185853,-0.31523985,-0.32242864,-0.3505882,-0.0051574837,-0.28305122,-0.30198735,-0.23620105
-0.11943354,-0.28136384,-0.21082899,-0.32961875,-0.34895313,-0.13390657,-0.30036432,-0.26565075,-0.32281494,-0.30448276,-0.35027212,-0.04427383,-0.2782687,-0.31874317,-0.2160073
-0.109019555,-0.0321293,-0.14069563,-0.081432864,-0.0089221625,0.07081365,0.014958191,-0.11581256,0.20797235,0.1528894,0.12172769,0.09586169,0.07401252,0.2383394,-0.012207695
-0.085618615,0.00084411295,-0.121278346,-0.07532738,-0.017528582,0.08295353,0.018632276,-0.10350282,0.20231998,0.16818002,0.136168,0.10844965,0.061622,0.24038392,0.005748478
0.21056609,0.022667691,0.06078121,0.13417266,0.19035041,-0.052540682,0.17159684,0.08330098,0.17455965,0.12228133,0.09050989,0.07815952,0.14113174,0.119531356,0.3002752
0.222433,0.046126116,0.09056666,0.13130149,0.17458159,-0.070416674,0.1483632,0.10385606,0.18987094,0.14803936,0.083367206,0.07081048,0.14393474,0.13926831,0.3142801
0.17234305,0.25981152,-0.037169605,-0.05734228,-0.15219365,-0.0008109892,0.09802514,0.0099014165,-0.29520488,0.07324038,-0.24457604,0.06825642,-0.32521614,-0.09947713,0.08577585
0.18281735,0.2886235,-0.008790404,-0.06284084,-0.15472856,0.018039815,0.09381934,-0.008823147,-0.30613422,0.10836473,-0.2296063,0.07276246,-0.3285101,-0.06939461,0.11477526
0.2747752,0.051657163,-0.1417892,0.12771356,-0.122428715,-0.11396107,0.051282987,0.089526206,-0.27441245,-0.049182042,-0.1775115,0.049967237,-0.24400304,-0.17582679,-0.091120526
0.26345634,0.031106777,-0.15101251,0.11950199,-0.13517281,-0.116069146,0.029371038,0.088156015,-0.27376676,-0.047884844,-0.18037847,0.06720098,-0.24338868,-0.16849266,-0.11611767
0.2347799,0.100976914,0.088678785,0.114875436,0.2557283,-0.09773201,0.32254905,0.22588643,0.25771075,0.3898176,0.20408049,0.22540978,0.25363302,0.22762623,0.16781923
0.24220085,0.07730752,0.06572898,0.12650773,0.25638324,-0.09589324,0.28903416,0.25509828,0.26199785,0.37482208,0.20052993,0.2548316,0.24805571,0.2447561,0.11878587
0.22372147,-0.0378319,-0.059757963,0.109228246,0.21234661,-0.027552659,0.24953407,0.22101793,0.2572795,0.31243482,0.23868835,0.2898812,0.24216902,0.23912793,-0.056630295
0.24650665,-0.037100293,-0.061206765,0.125747,0.21808222,-0.015003292,0.24816209,0.22543287,0.2730107,0.3135854,0.24679369,0.30425125,0.24596125,0.2580296,-0.04752013
0.06973241,-0.101343274,-0.16042158,0.042097256,-0.05492722,0.28743955,0.20391053,0.011399127,0.22459576,0.19750924,0.26373556,-0.05322886,0.3523226,0.12886766,-0.09579409
0.014223341,-0.25617084,-0.25958437,-0.069418535,-0.111682825,0.15769216,0.10832685,-0.08058527,0.2453896,0.067720845,0.2263908,-0.06395042,0.36572182,0.04012385,-0.25820783
0.0057472475,0.37797487,0.36326832,0.29431948,0.27094263,0.11008732,0.24661821,0.29433542,0.1339122,0.3639326,0.19240922,0.08963237,0.107117414,0.47472662,0.24362394
0.017397337,0.39203995,0.36921918,0.28261286,0.2403205,0.10612313,0.22634083,0.30414405,0.14278439,0.3613458,0.19369115,0.06253949,0.11342592,0.46515888,0.23007855
0.30452037,0.018019509,-0.019628255,-0.13550857,-0.34547198,-0.10566197,-0.25227723,0.08214424,-0.2962861,-0.089227505,-0.31166518,-0.15803047,-0.28580278,-0.2660203,0.018559009
0.31192923,0.026935782,-0.005785253,-0.13359985,-0.35565597,-0.0994445,-0.24958369,0.11552355,-0.28563145,-0.07477336,-0.29202476,-0.1769306,-0.27159053,-0.2654639,0.019782733
0.14439587,0.09493849,-0.023439018,-0.022853505,0.20026922,0.0028192897,0.24245656,-0.09562428,0.20429954,0.46479493,0.4433478,0.1351818,0.29858655,0.35415262,0.032511123
0.16658416,0.07452896,-0.030287113,0.023776583,0.25413153,0.0029047374,0.28840423,-0.029941728,0.23377976,0.4728567,0.4537125,0.08447528,0.33024013,0.37961924,0.026723305
-0.012368489,-0.10602552,-0.108734675,-0.11917047,-0.19490427,-0.031334672,0.04193999,-0.19500159,-0.08084902,0.075185195,-0.13698603,-0.18392074,0.07274601,-0.18480681,0.05947323
-0.015822217,-0.118577756,-0.13707635,-0.12880886,-0.2079611,-0.0068439515,0.022709822,-0.2196184,-0.07581744,0.070894994,-0.13092427,-0.17563802,0.07123055,-0.1829038,0.04332217
-0.13116053,-0.16222109,-0.18872282,-0.31743753,-0.3556398,-0.1668365,-0.37760937,-0.24602224,-0.17022908,-0.17903292,-0.43382218,-0.28797227,-0.22380826,-0.25256035,-0.14643818
-0.2528379,-0.08888841,-0.09430876,0.03541526,-0.1295833,0.1266387,-0.04097851,-0.21218848,-0.0271799,-0.25004846,-0.36151594,-0.1319811,-0.13997754,-0.039312992,-0.08309916
0.26191133,0.056019492,-0.13958512,0.0052104453,0.1094719,0.15453173,0.21731108,0.013394078,0.19402012,0.32390285,0.2196366,0.09126069,0.28249946,0.21210292,-0.043202832
0.22187935,-0.00058595184,-0.1951688,-0.037307557,0.08109197,0.14314324,0.18883143,-0.034037188,0.19871819,0.28265053,0.18258274,0.08572866,0.2738146,0.1824781,-0.08823824
-0.18611751,-0.2743846,-0.1921542,-0.056183793,-0.12369224,-0.014511997,-0.20048904,-0.047476992,0.4426726,-0.08133701,0.059090015,0.034171827,0.3006757,0.094405025,-0.3301831
0.008349965,-0.030011857,-0.09072657,-0.11825577,-0.17693579,0.010029103,-0.019753713,-0.21185404,-0.2701248,-0.04953044,-0.2725253,-0.116530314,-0.16259675,-0.19550622,0.06964235
0.03061422,-0.029601214,-0.12894827,-0.13277894,-0.1695145,0.037918057,-0.025133755,-0.23654795,-0.2615701,-0.0277297,-0.25224015,-0.1332106,-0.15815736,-0.18165545,0.05843275
-0.19231457,-0.12902267,-0.12640569,-0.25463986,-0.35044622,-0.22459778,-0.4087125,-0.22066018,-0.15511748,-0.19747242,-0.4090293,-0.22336057,-0.26945776,-0.30670324,-0.1091596
-0.19926068,-0.080662,-0.109414645,-0.25032654,-0.3147277,-0.21427,-0.37450874,-0.21517868,-0.19376762,-0.19229555,-0.41386276,-0.2509164,-0.29578638,-0.3285147,-0.07195778
-0.15472658,-0.26083374,-0.25159967,-0.21502584,-0.059515364,-0.039456382,0.007832032,-0.26076055,0.25220186,0.099145845,0.2492045,0.3161611,0.26530266,0.17573328,-0.17438397
-0.05568227,-0.01537437,-0.08668579,-0.18150653,0.01742495,0.05016672,0.0059130522,-0.14271659,0.10510814,0.23136486,0.25357804,0.07847962,0.14267433,0.18396437,-0.1237741
-0.15781802,-0.16117823,-0.17191675,0.034598608,-0.08639482,0.07935076,-0.16688222,0.035317346,0.3684534,0.033431076,0.09063138,-0.23536861,0.2556915,0.14183386,-0.17333028
-0.20273243,-0.166601,-0.21374321,-0.12741536,-0.2585652,0.19210035,-0.1456177,-0.13554293,0.17088032,-0.071434684,-0.0070424555,-0.08844977,0.0589678,0.058495514,-0.15201649
0.12675357,-0.12554999,-0.286866,-0.113244146,-0.13289362,0.26498353,0.0899993,-0.11579321,0.0008246745,0.10068177,0.094178855,-0.23277116,0.041050896,0.015617195,-0.16198072
0.12685281,-0.13179865,-0.29272413,-0.10948311,-0.1316021,0.2504043,0.09373774,-0.122459695,0.00980223,0.07745637,0.018945798,-0.25877476,0.050126992,-0.016119957,-0.16546455
0.080481075,-0.025621615,-0.014877663,0.09886755,-0.22290123,0.009279304,0.12673223,-0.09693762,-0.23382483,0.016230017,-0.26120278,-0.10295473,-0.14120051,-0.12565383,0.0018259229
0.056075826,-0.03191543,-0.0076957485,0.058023617,-0.23326775,-0.005512405,0.08285735,-0.10750598,-0.23834503,0.029049736,-0.2606345,-0.09988713,-0.15006866,-0.12794983,-0.011104798
-0.28701007,-0.21124305,-0.22929743,-0.32478705,-0.29380786,-0.14259955,-0.37162685,-0.29126263,-0.10744111,-0.20668097,-0.42635363,-0.28502014,-0.19999442,-0.3259475,-0.12645368
0.21929918,0.045066033,-0.12050568,0.16214561,-0.21779224,0.14362493,0.2102516,0.0395087,-0.3003316,-0.11479463,-0.19964659,-0.1156974,-0.20751211,-0.22266328,-0.03936541
0.238871,0.028557919,-0.11905192,0.13202208,-0.24635467,0.12123896,0.1612921,0.02587736,-0.30265582,-0.1090119,-0.2589833,-0.17970775,-0.22258449,-0.24606545,-0.015574152
-0.13409789,-0.18515545,-0.27988702,-0.06461296,-0.28561124,-0.031918906,-0.41244155,-0.28393638,-0.2698915,-0.16899511,-0.35965106,-0.26763105,-0.32509166,-0.17212832,-0.13401346
-0.13018848,-0.19705674,-0.27901646,-0.035515413,-0.25333577,-0.026817072,-0.38409775,-0.27768254,-0.2514131,-0.16801552,-0.35785884,-0.27606922,-0.29543012,-0.15774637,-0.13182533
-0.0042437343,-0.10432273,-0.15335593,-0.045911357,-0.0849171,0.3433967,0.117672294,-0.04771246,0.17720824,0.20395121,0.17329584,0.09879395,0.20313075,0.29951763,-0.1812543
0.021819048,-0.047231913,-0.08214304,-0.0391777,-0.07458006,0.33771825,0.11092331,-0.030417198,0.16140899,0.25726295,0.19437203,0.16875648,0.18862699,0.36457413,-0.13782296
-0.30637538,-0.16521752,-0.18362853,0.041841947,-0.27636358,0.12195194,-0.008914217,-0.27625442,-0.28208196,-0.28661776,-0.371234,-0.104591176,-0.26954234,-0.1069591,-0.11639095
-0.28097105,-0.1864503,-0.19865793,-0.067895725,-0.29725474,0.083396286,0.014350359,-0.31676644,-0.27632016,-0.28255975,-0.33874255,-0.17870906,-0.2260451,-0.1895599,-0.1481842
0.24471718,0.43511218,0.2800832,0.21081844,0.076371655,-0.1820725,0.11832924,0.22995403,-0.29114538,0.084248014,-0.19538546,0.11222276,-0.2760952,-0.084582634,0.42648995
0.23233588,0.45127583,0.29736382,0.2130818,0.0742227,-0.18402079,0.110325694,0.22654977,-0.3035335,0.08435158,-0.18952705,0.11660227,-0.28902608,-0.08253586,0.43374515
0.2642188,0.4048232,0.21071212,0.22715506,0.045640707,-0.1319697,0.157062,0.23099813,-0.2093708,0.12566349,-0.122507624,0.01624283,-0.17627938,-0.00493009,0.29132694
0.28675783,0.3894474,0.19343176,0.19014958,0.00017213519,-0.14998728,0.1403684,0.19990231,-0.21589041,0.14097312,-0.14241424,0.00060424535,-0.18415982,-0.033588722,0.29002035
0.07834038,-0.13958797,-0.19133976,-0.006520289,-0.2760808,-0.17266409,-0.08895385,-0.18913242,-0.33517933,-0.19892702,-0.32889605,-0.10444073,-0.23736167,-0.29571515,-0.092218176
0.022189427,-0.11292218,-0.12130659,-0.08474863,-0.2800042,-0.14158425,-0.07807138,-0.27630526,-0.27496,-0.12166366,-0.28913057,-0.19090125,-0.14042385,-0.2606569,-0.017597988
-0.20346811,-0.103896014,-0.13316196,-0.14930302,-0.24307346,-0.06061636,-0.17033242,-0.27743548,-0.29948044,-0.22491324,-0.45861942,-0.14215097,-0.3135469,-0.21394393,0.008164078
0.20610578,-0.018284917,-0.04192408,0.23207635,0.28087586,0.18888415,0.13376173,0.06981613,0.16300799,0.05598606,0.29709923,0.040440597,0.18157825,0.29150197,0.09283101
0.1949657,-0.010222339,-0.023822753,0.2032989,0.25625187,0.1696965,0.09359677,0.051927447,0.16418324,0.045461975,0.2670174,0.02784064,0.17736392,0.28071725,0.096618295
0.33379102,0.52069527,0.47524777,0.49632558,0.33040243,0.08881552,0.32056856,0.5332644,-0.06257263,0.24583209,0.2504807,0.276785,0.002568663,0.24665119,0.43161124
0.34212768,0.49192,0.44563955,0.5008314,0.319327,0.08605093,0.3051138,0.5322931,-0.06947713,0.23180094,0.24133775,0.28798354,-0.008432301,0.22079296,0.41370624
0.29634833,0.20258126,0.104955986,0.51600707,0.1428617,0.19229212,0.1949343,0.56026417,0.020146219,0.10400829,0.088180415,-0.052304663,0.001871489,0.16082111,0.15086058
0.12820347,0.15456827,0.09370818,0.42243302,0.15651505,0.17200018,0.18822482,0.4541441,0.090935454,0.06593781,-0.023364618,-0.11483343,-0.01468011,0.22703525,0.12919109
0.28360954,0.21819532,0.063898586,0.4868514,0.15253097,0.2948063,0.25064301,0.42063105,-0.040527053,0.11016735,0.10806836,-0.1546422,-0.02704592,0.21322474,0.14800516
0.28627944,0.21311226,0.056713477,0.47877425,0.14642936,0.3164249,0.23782733,0.41273355,-0.021015836,0.12999347,0.13254549,-0.16001377,-0.007986319,0.23448119,0.12826566
-0.16618797,-0.29236165,-0.1859914,-0.33016473,-0.35304683,-0.03291294,-0.22967654,-0.32180113,-0.1824745,-0.31237316,-0.2598645,-0.02441242,-0.14639074,-0.27067876,-0.2285278
-0.19003814,-0.34049267,-0.20605946,-0.34704912,-0.3589092,-0.07613194,-0.22162092,-0.33474898,-0.21613753,-0.34160993,-0.32151735,-0.011755849,-0.17631605,-0.29896337,-0.27900106
0.077731505,0.2406115,0.39419526,-0.10712378,-0.19633578,-0.16723308,-0.07819688,0.18806335,0.012530117,0.13637891,0.17333612,0.106809795,0.009170305,-0.06873547,0.28835437
0.09422696,0.23673451,0.3755204,-0.10995685,-0.20552495,-0.15864256,-0.068337604,0.18820846,0.035538632,0.15714782,0.18428588,0.09304501,0.025378287,-0.048822142,0.26940483
0.069888905,0.009756052,-0.0011635809,0.08141689,0.010499539,0.15823713,0.20349008,-0.051148828,0.0686164,0.18258685,0.31914777,0.09156625,0.2015977,0.16568935,0.019295443
0.11432024,-0.03036866,-0.000803715,0.0644834,-0.03459087,0.117668614,0.21464746,-0.030530592,0.094717935,0.18777475,0.340176,0.020733405,0.24423194,0.14400707,0.008625563
-0.027143488,0.053865075,-0.05269499,-0.01910686,-0.061241142,0.18107164,-0.0815774,0.050884385,0.10102482,0.17327335,0.114537045,-0.07678053,0.03998874,0.14663327,-0.021217298
-0.019984398,0.059831277,-0.04936236,-0.016228698,-0.058133002,0.1820628,-0.07605054,0.05826284,0.09573434,0.17818491,0.12252435,-0.06908144,0.03444951,0.14655972,-0.021448867
-0.11529448,0.091537,-0.059451416,0.367176,0.10411877,0.38210014,0.09808775,0.23792636,0.2111364,0.089896515,0.15795398,-0.06807184,0.08338925,0.38617694,-0.034482412
-0.016578192,0.06988344,-0.04399803,-0.007164816,-0.05137086,0.18131275,-0.06365268,0.061794095,0.095254034,0.18067491,0.12533942,-0.06875335,0.03908074,0.14707008,-0.008876286
-0.123017415,0.07387945,-0.082850605,0.35103148,0.09719823,0.3709115,0.1041847,0.20748681,0.22011465,0.11273934,0.18063833,-0.068849385,0.0984913,0.39807183,-0.0441603
0.21646972,0.14771524,0.048287958,0.29900664,0.1277932,0.23157468,0.49819073,0.16298366,0.074017234,0.036026053,-0.007406137,-0.044749476,0.1472185,0.059921175,0.111119725
0.24440753,0.14182322,0.06711359,0.2755756,0.124122456,0.2189185,0.47717083,0.15986833,0.0638473,0.059394654,-0.01798658,-0.07617537,0.13892384,0.05756043,0.13816763
0.097410575,-0.054634172,-0.31067508,0.017892927,-0.1321221,0.31587318,0.21203032,-0.19877379,0.036603697,0.19666539,0.101465,-0.1720119,0.16368338,-0.011847481,-0.09980627
0.08155422,-0.085531056,-0.32122844,0.024390541,-0.15230446,0.27293786,0.16971767,-0.21897352,0.052660063,0.17202458,0.06565415,-0.21746978,0.17247978,-0.049983416,-0.07684369
0.13359004,0.10615408,-0.0720111,0.114121504,-0.062876076,0.18567306,0.22845508,-0.07824303,-0.20373902,-0.015946386,-0.13515532,0.06987973,-0.16262305,0.06736539,-0.020004148
0.14370003,0.06906674,-0.09040457,0.11436349,-0.059206575,0.16226599,0.272448,-0.046950176,-0.14857826,-0.017571382,-0.18062237,0.041848954,-0.11077592,0.028305663,-0.011297287
-0.19755921,-0.05188363,-0.022332255,-0.2556835,-0.29414076,-0.17223111,-0.2861946,-0.22474901,-0.20723009,-0.2937444,-0.28349972,-0.045144767,-0.24138962,-0.19978654,-0.012695456
-0.1988433,-0.031754628,8.077826e-05,-0.238644,-0.26736736,-0.15024593,-0.26861453,-0.20547284,-0.19316238,-0.2822132,-0.26632255,-0.034653183,-0.23141414,-0.17407128,0.0096681295
-0.24197239,-0.18479156,-0.06890346,-0.1096838,-0.19855592,-0.01968139,-0.12916082,-0.22055958,-0.28581345,-0.29816365,-0.35522604,-0.13674694,-0.27234232,-0.19074273,-0.103533775
-0.24019556,-0.1379239,-0.040998653,-0.08072083,-0.17437068,0.019959303,-0.08826015,-0.21985453,-0.25788978,-0.25515717,-0.34312654,-0.11952232,-0.24333982,-0.13515891,-0.065635234
0.027489955,0.00059194054,0.03479413,-0.12240024,-0.11745055,-0.087646134,0.008888931,-0.012964752,0.15269324,0.15580961,0.2471749,0.13811508,0.119103886,0.13630265,-0.09165861
0.034272596,-0.0012464446,0.036904037,-0.1189416,-0.11454399,-0.071262926,0.0152606005,-0.010567696,0.16216959,0.1602415,0.2575062,0.13871202,0.13013765,0.14584506,-0.09078428
0.33924866,0.062462766,-0.01435166,-0.09895888,-0.0087333005,0.03646233,0.021901634,-0.04303751,0.059127826,0.3333139,0.34826508,0.07569144,0.11239499,0.20443583,0.04403966
0.35654363,0.07379864,0.008461185,-0.08870091,-0.030702768,0.007068971,0.0052632093,-0.016299607,0.07437739,0.3245247,0.348256,0.045401648,0.120980024,0.19154435,0.047400348
0.4790296,0.21636891,0.15099284,0.0009278916,0.0771662,-0.070410326,0.1860938,0.11016534,0.012506087,0.4270106,0.42821252,0.1214623,0.16449454,0.09682667,0.18523133
0.47772956,0.22139682,0.15700644,-0.001368972,0.058421135,-0.07043043,0.16883564,0.11351931,0.012029129,0.432064,0.41810656,0.12252156,0.15992175,0.092735216,0.1832715
0.019682238,-0.18923071,-0.1677975,-0.15401053,-0.22921509,0.07801637,-0.017635833,-0.1962249,-0.16675124,-0.122800305,-0.20771502,-0.0947065,-0.06137552,-0.2182764,-0.10738914
0.02107673,-0.19365025,-0.17243099,-0.13847277,-0.2255109,0.082292415,-0.026797429,-0.21435341,-0.16075724,-0.113808155,-0.19161648,-0.058449324,-0.053239882,-0.1884081,-0.11408718
0.12439889,0.29354954,0.34808272,-0.061531235,-0.008335395,-0.009784854,0.022513863,0.12326494,0.07878877,0.2762435,0.3296662,0.14682159,0.076405,0.20257583,0.1797179
0.14357568,0.30065614,0.34714776,-0.027577585,0.008926759,0.018210996,0.038437456,0.1393759,0.10216065,0.2930048,0.34193832,0.12917385,0.08668813,0.2341829,0.21293446
-0.1839749,-0.13731,-0.07102057,-0.17114133,-0.25037858,-0.12236443,-0.10972038,-0.1970715,-0.1943813,-0.06728411,-0.24841481,-0.15315375,-0.11610845,-0.16152123,-0.031138573
-0.18709372,-0.10227729,-0.029554112,-0.14474449,-0.21671492,-0.101157516,-0.06882471,-0.17023912,-0.16970727,-0.019689435,-0.2429516,-0.1514464,-0.09463329,-0.11984037,0.012148918
-0.0008119965,-0.31858766,-0.2828927,0.0482002,-0.038880095,0.18003634,0.12667118,-0.13052833,0.21821535,-0.027888017,0.19967309,0.2545089,0.28192967,0.0968606,-0.32752675
0.011636085,-0.31534654,-0.28563052,0.0537303,-0.030350367,0.18744463,0.11518174,-0.13144547,0.22173436,0.0010864642,0.23805314,0.25539052,0.28944805,0.1169315,-0.32537532
-0.21082467,-0.11647862,-0.15065911,0.0030699596,-0.059026264,0.23027283,0.2069216,-0.093848705,0.21626747,-0.019587677,-0.08911577,-0.06531582,0.099955186,0.14831859,-0.12105906
-0.20160584,-0.14972726,-0.15796438,-0.060190853,-0.10364179,0.19418627,0.17607024,-0.11868425,0.24145716,0.005014632,-0.0580445,-0.09481701,0.13801482,0.114479735,-0.13958515
0.30009305,0.09132661,-0.11200921,-0.027722025,0.064780116,0.22697619,0.046329696,0.029329255,0.00078501087,0.34432912,0.3406697,0.114212185,0.0077387905,0.30228242,-0.0012996735
0.3066051,0.056336448,-0.121421695,0.00810563,0.07308829,0.21963978,0.034442447,0.037676506,-0.0030446136,0.32009625,0.33664966,0.14524141,0.004618265,0.30150265,-0.008991079
0.37089297,0.14574727,0.0520942,0.17146394,0.25272644,0.1682667,0.06422741,0.1384632,-0.03458761,0.23879771,0.34492812,0.2999727,0.0220551,0.3353769,0.06693146
0.37443426,0.12819143,0.04309642,0.16275433,0.24521977,0.1788848,0.059007764,0.13778561,-0.022639677,0.24741653,0.33710033,0.29171455,0.03010128,0.34718028,0.07043668
-0.15955022,-0.4012664,-0.31448302,-0.22097142,-0.28945178,-0.007638417,-0.20999204,-0.1703602,0.40199065,-0.23313156,-0.05020109,-0.031197086,0.25598282,-0.054996315,-0.3830555
-0.17269158,-0.43767846,-0.34408286,-0.2262051,-0.2918439,-0.028607806,-0.24396202,-0.21313223,0.39576983,-0.268999,-0.08922372,-0.010700041,0.24185473,-0.05512481,-0.40648502
-0.24655417,0.016380074,-0.062187586,-0.15960264,-0.2310341,-0.059495732,-0.15782431,-0.20984277,-0.16640352,-0.11145316,-0.42057618,-0.20785914,-0.21733221,-0.25057912,0.10469723
0.30639136,0.07789617,0.011504249,0.060118787,-0.20943111,-0.008661784,0.15950584,0.036730684,-0.22435734,-0.04423348,-0.28566974,-0.19433065,-0.13667163,-0.19627433,0.10102101
0.301074,0.07435372,0.0025114743,0.07596602,-0.20831835,0.008378701,0.14431676,0.045980908,-0.21444829,-0.057062395,-0.2840684,-0.18923473,-0.13829745,-0.1809677,0.09140669
0.023423512,-0.08629658,-0.14949514,0.2110622,-0.04150795,0.3575145,0.23646349,-0.08888538,0.24394222,0.16787155,0.2092377,-0.11446734,0.33644503,0.23545831,-0.046933975
0.009953304,-0.122295074,-0.18248221,0.19103286,-0.040476386,0.34993744,0.19665283,-0.12948622,0.24530756,0.1353303,0.17783757,-0.14607057,0.33245575,0.22158396,-0.08359897
-0.15346949,0.050025947,0.074111715,-0.08847909,-0.18193927,-0.08506054,-0.14785062,-0.070767775,-0.15910585,-0.1378574,-0.3659991,-0.15180185,-0.2304346,-0.16264603,0.12648357
-0.014152673,-0.14933646,-0.25524187,-0.23278895,-0.36640483,-0.0003814114,-0.26600832,-0.18117115,-0.35851473,-0.3106085,-0.38339114,-0.06327117,-0.37229538,-0.31282157,-0.22496596
-0.009325757,-0.15575537,-0.25678125,-0.25635532,-0.37962595,-0.024147272,-0.2787434,-0.21750054,-0.35607976,-0.2909062,-0.39908168,-0.055126384,-0.37491104,-0.30012965,-0.21518087
0.14436466,0.15402517,-0.05808921,0.098302625,-0.0027662255,0.22989511,0.13923484,-0.049745187,-0.1452347,0.22071579,-0.0066051222,0.042245023,-0.08592718,0.18640691,0.06448825
0.16987363,0.14482576,-0.058289602,0.11245519,-0.01836913,0.20196554,0.1520915,-0.022234352,-0.16303366,0.20908219,-0.054689795,-0.0031830496,-0.10596503,0.14400245,0.07551217
0.037168846,0.3223313,0.30248204,0.41766214,0.2217618,0.06644309,0.18747765,0.2978731,-0.19238721,-0.015549673,-0.055400997,0.32075197,-0.18534552,0.23239905,0.30423963
0.045331888,0.3259874,0.31171662,0.4047718,0.20964977,0.07310481,0.18495294,0.31815952,-0.19597524,-0.025003083,-0.046740867,0.33674335,-0.18978009,0.23360154,0.28985125
-0.040682208,0.3207291,0.31005865,0.38188112,0.22253934,0.16946542,0.15092765,0.3266189,-0.11166996,0.00025070738,0.082790226,0.30390173,-0.113226384,0.28586787,0.23556644
-0.009072315,0.22197762,0.14287677,0.025966644,-0.07575633,0.07950105,0.038599566,0.16366577,-0.12193162,0.14988217,0.016929366,0.18756086,-0.120038755,0.17196509,0.054279782
-0.15489894,-0.26252484,-0.28014246,-0.049420442,-0.25423336,0.15185523,-0.11166927,-0.17148468,0.28875008,-0.14713971,0.07666728,-0.08789749,0.21147439,0.044884622,-0.35003018
-0.058867134,-0.22670487,-0.26669744,0.003087026,-0.2066153,0.11949718,-0.07103901,-0.08583656,0.29690194,-0.06298731,0.2059682,-0.08104316,0.2341401,0.08479701,-0.30343315
0.047613718,-0.022804482,-0.015382472,0.0053434502,-0.30620158,-0.13308041,-0.06734124,0.06775344,-0.12745862,-0.15702005,-0.3831402,-0.14365362,-0.20542824,-0.3234531,0.030258024
0.061301365,-0.01628178,0.004458701,0.015509646,-0.30198854,-0.14428791,-0.05387402,0.0864022,-0.123332396,-0.1474188,-0.38693532,-0.17200203,-0.19526476,-0.3158998,0.039039962
-0.26610482,-0.21730815,-0.18000033,-0.34864616,-0.2219255,-0.09540263,-0.20026824,-0.31230628,-0.13424844,-0.42767024,-0.4467627,-0.10369219,-0.21083705,-0.29056644,-0.1815846
-0.24444693,0.039745674,0.020278517,0.055860043,-0.09410086,0.06604751,-0.0035393806,-0.20608133,-0.09381403,-0.15001187,-0.2558466,0.19634362,-0.19689965,0.12005201,0.095507786
-0.22800858,0.08985463,0.059185825,0.14117439,-0.059449084,0.06774049,0.032463845,-0.16420132,-0.0930503,-0.12678026,-0.24397862,0.16569273,-0.1959562,0.16875182,0.12992036
0.014944498,-0.105661094,-0.010575209,-0.020487718,-0.09047942,-0.042169914,0.051877744,-0.12565827,-0.19130725,0.07300097,-0.09793642,-0.1484705,-0.013043679,-0.10296564,0.07321575
-0.006615579,-0.1267884,-0.042402238,-0.046810187,-0.124145456,-0.048336193,0.022605788,-0.18268122,-0.1961247,0.039074462,-0.10637445,-0.14542791,-0.023916297,-0.12647723,0.050447255
-0.13262877,-0.2571568,-0.20805255,-0.17141691,-0.37973112,0.055802666,-0.12737267,-0.15664634,0.19586475,-0.18156585,-0.15020436,-0.090529144,0.16327319,-0.099340856,-0.24544007
-0.1311157,-0.23561114,-0.20372272,-0.17790261,-0.34156978,0.06548524,-0.10359703,-0.19203016,0.21188667,-0.15202537,-0.118918225,-0.10055563,0.18522392,-0.07166152,-0.21592951
-0.18398218,-0.2914859,-0.15978262,-0.27764118,-0.31118548,-0.27515587,-0.2343085,-0.2868972,-0.2371971,-0.36904198,-0.41566867,-0.19775698,-0.20849645,-0.35841942,-0.17456833
-0.16714084,-0.2802654,-0.11666846,-0.28398967,-0.27604342,-0.24263462,-0.17936093,-0.23934305,-0.21161631,-0.32013738,-0.37086755,-0.17495511,-0.15280321,-0.3203348,-0.14975592
-0.19696061,-0.037867695,0.0032629487,-0.08765537,-0.07739097,0.060696743,-0.06891897,-0.18004021,-0.14474632,-0.12555373,-0.22996168,-0.10911439,-0.11578272,-0.074745014,0.047825508
-0.17345524,-0.047440775,-0.0054908954,-0.10730913,-0.06527137,0.08285476,-0.03181746,-0.19065589,-0.11872798,-0.08815721,-0.2187747,-0.124533534,-0.07704256,-0.055817284,0.042502098
0.1636093,-0.089516126,-0.08225511,-0.04535286,-0.27313828,-0.12916657,-0.2958675,-0.10978242,-0.16059616,-0.15552889,-0.33138925,0.011375835,-0.1774374,-0.17604303,-0.009819801
0.1617105,-0.086869225,-0.0686139,-0.063267134,-0.266697,-0.1572007,-0.28837386,-0.11672005,-0.15642676,-0.14761162,-0.3434189,-0.06329891,-0.16693655,-0.18988329,0.0021502916
-0.029281784,-0.2937672,-0.1886903,-0.25723672,-0.29967052,-0.06614852,-0.14260605,-0.23057956,-0.21577306,-0.1848455,-0.2420435,-0.02871687,-0.12541325,-0.2864059,-0.20916551
-0.031293612,-0.28492856,-0.19086325,-0.25669497,-0.33266643,-0.06892359,-0.18728209,-0.23527287,-0.23254374,-0.1924308,-0.26371264,-0.034591854,-0.15664151,-0.28554103,-0.21863449
-0.07719493,-0.20713279,-0.14360487,0.0549363,-0.16092868,0.09965174,-0.040842105,-0.1343193,-0.02307726,-0.2266938,-0.12081212,0.0037288996,0.042497702,-0.027655397,-0.2438751
-0.06786845,-0.20539162,-0.13850072,0.043502726,-0.18216424,0.0953895,-0.037172914,-0.14057654,-0.01952064,-0.20090525,-0.13055049,-0.06247626,0.053098343,-0.02099116,-0.22021902
0.0016662545,-0.2512203,-0.17723393,0.03357248,-0.09086613,0.2671155,0.26168627,-0.1205438,0.101396814,0.018735493,0.16702005,0.19018683,0.23353612,0.032230947,-0.18488064
0.0015836721,-0.2617398,-0.18950403,0.026511222,-0.10666247,0.28212965,0.23608182,-0.1322891,0.09002812,0.0070692794,0.13591391,0.17599297,0.21794479,0.017608257,-0.18698695
-0.20545855,-0.2628616,-0.194247,-0.3587801,-0.36253446,-0.2776329,-0.38349426,-0.16342174,-0.09448703,-0.22218862,-0.44404244,-0.26715833,-0.17134452,-0.32079285,-0.19012538
-0.21649829,-0.27148676,-0.19795118,-0.36726058,-0.35948357,-0.25179186,-0.39152658,-0.16709073,-0.09116615,-0.21488744,-0.43660057,-0.26035362,-0.17034116,-0.30538642,-0.20091602
0.20484483,0.2534845,0.05572328,0.33476436,0.082946435,0.09712718,0.21568203,0.09013798,0.027366564,0.24963894,-0.07969615,-0.24451482,0.025097314,0.117935985,0.23308101
-0.0505437,0.1393081,0.01016224,0.18064758,0.06950475,0.080150336,0.020876795,-0.00091925624,0.012863504,0.042493373,-0.26783448,-0.23778364,-0.0777231,0.14106278,0.114206895
0.11287266,-0.17596912,-0.15782163,-0.004470543,0.17484416,0.041714698,-0.119568855,-0.07083533,0.32061657,-0.1103127,0.015194006,0.06924823,0.19645199,0.09460412,-0.044004552
-0.2142832,-0.034112297,-0.0895942,0.10811877,-0.05711498,0.16802445,0.082439534,-0.2389614,-0.058462963,-0.084111035,-0.26830214,-0.01972266,-0.13274136,0.092763744,0.075176954
-0.2084889,-0.019165426,-0.07754413,0.11326628,-0.05388231,0.17328769,0.10246469,-0.22904986,-0.032065224,-0.053639546,-0.2637488,-0.023024231,-0.10098486,0.10783775,0.08908221
0.02680893,-0.3092606,-0.27545768,-0.12214531,-0.25881904,-0.0898093,-0.036276154,-0.18204954,-0.14089026,-0.12061295,-0.21326944,-0.10555799,-0.033289403,-0.296613,-0.1995382
-0.015056412,-0.31972724,-0.27053514,-0.12984772,-0.25899953,-0.08500059,-0.052194834,-0.19569059,-0.11490752,-0.11860694,-0.20533161,-0.10422401,-0.008310697,-0.2827314,-0.20055696
0.054597713,0.17198108,0.059139844,0.039289035,0.24098943,0.16112942,0.35542864,0.035948724,0.24457112,0.3316149,0.252269,0.063082516,0.19924572,0.31085137,0.18369374
0.064543605,0.19460523,0.06286443,0.010164545,0.19103423,0.14375296,0.32506454,0.016892405,0.215417,0.3392277,0.23395059,0.06951071,0.17017415,0.28546405,0.17812258
-0.27340746,-0.26993197,-0.12118426,-0.23272216,-0.24070644,-0.08076692,-0.19018829,-0.26689953,-0.13311368,-0.39650202,-0.3901856,-0.08781856,-0.19890642,-0.2063242,-0.16341393
-0.3362871,-0.26962203,-0.16120008,-0.22343841,-0.23023981,-0.055315696,-0.15124431,-0.29421464,-0.031690672,-0.29350722,-0.38725364,-0.055047438,-0.1115547,-0.117847726,-0.18977283
-0.25933826,-0.27972376,-0.21209127,-0.13564801,-0.1573675,-0.011915567,-0.036441956,-0.29025447,0.04687562,-0.2232945,-0.3289312,0.04663606,-0.04318958,-0.05824612,-0.14466661
-0.23513916,-0.20353489,-0.18152094,-0.04641086,-0.13377464,0.02032361,-0.055003047,-0.24540289,0.0689831,-0.24235961,-0.25147927,-0.0053548007,-0.05476238,-0.0029161912,-0.12132463
-0.28768384,-0.089555316,-0.05176223,-0.1956253,-0.18127277,-0.033525057,-0.2147579,-0.21389039,-0.13775176,-0.32896945,-0.31482822,-0.024448235,-0.24049048,-0.14907119,0.0044958955
-0.26986519,-0.07365652,-0.016551439,-0.19170555,-0.18795198,-0.040042464,-0.18360317,-0.17951919,-0.13379018,-0.30702603,-0.31187612,-0.019476071,-0.21228477,-0.16941394,0.016786546
0.09136364,-0.16511896,-0.4012605,-0.13804069,-0.13767499,0.088760346,-0.08947068,-0.20715024,-0.14016955,0.13630423,0.024541173,0.008739875,-0.07437209,0.004286888,-0.25379485
0.047237508,-0.17497173,-0.40363485,-0.14121701,-0.15082759,0.10491642,-0.10830715,-0.18170366,-0.116304845,0.13611037,0.06737147,-0.0057403645,-0.061904233,0.006252732,-0.2733329
0.47422683,0.3841205,0.15434422,0.024099382,-0.0975987,0.043555986,0.1428042,0.18494925,-0.053540103,0.5052759,0.19838627,-0.071318984,0.03346631,0.018528495,0.26385218
0.4691677,0.37697977,0.14983562,0.024285689,-0.105511144,0.034663837,0.12267347,0.186766,-0.06923826,0.48768795,0.18374945,-0.063927405,0.01568056,0.0038018427,0.2588151
0.12067284,0.22422858,0.36499643,0.0011880137,-0.15296166,-0.14545915,0.03095634,0.16586262,0.0841189,0.22464511,0.19638455,0.21114238,0.19791558,0.08338572,0.118485525
0.09479286,0.14309344,0.27786618,-0.022011729,-0.11486435,-0.0807917,-0.0007206267,0.09404497,0.16155432,0.17745724,0.34041786,0.29231519,0.24594742,0.0942709,0.03438238
0.13857073,0.12444284,0.23245963,-0.024253014,-0.006056678,-0.16598377,0.042485,0.018451817,0.11472765,0.17820504,0.3376247,0.24443899,0.23525476,0.013543585,0.08771869
0.14829391,0.12982842,0.23066911,-0.0363482,-0.017297989,-0.16807768,0.03957636,0.008476924,0.11754774,0.16701236,0.32226694,0.20615089,0.23284169,0.0014732685,0.0970296
0.10509819,0.18242711,0.30287504,-0.05158542,-0.08600568,-0.19015011,0.003429161,0.01672996,0.03408865,0.18654601,0.25227866,0.31116152,0.14951915,0.0027640862,0.116131805
0.10459726,0.18963009,0.30557907,-0.054483566,-0.08408921,-0.17735156,-0.008604218,0.029516552,0.05211544,0.19023801,0.25893202,0.3073036,0.15384051,0.025264727,0.108549885
0.16426808,0.1614446,0.21566173,0.133423,0.20729434,-0.010717648,0.13440251,0.11288693,0.17022938,0.2915218,0.39530757,0.39291742,0.2725484,0.3719799,0.088590704
0.15015852,0.118107125,0.17865637,0.07307814,0.17221853,-0.017899096,0.10596947,0.06638244,0.18283053,0.2975028,0.38885468,0.40132666,0.28208536,0.36034197,0.055464685
0.33919138,0.047145404,-0.030245285,-0.07799286,-0.09078604,-0.014060795,-0.25721925,-0.03293602,0.051811695,0.11728827,-0.061225597,-0.085745975,0.032275334,-0.041923743,0.13958997
0.34660423,0.04965783,-0.03362863,-0.07742274,-0.09712067,-0.01217377,-0.26647097,-0.028220948,0.052942503,0.124227375,-0.04249267,-0.07917008,0.03128004,-0.045832314,0.13923603
0.27443135,0.37106824,0.39534068,0.1923385,-0.14675876,-0.09505728,-0.008132789,0.37549162,-0.22089475,0.116483994,-0.060958132,0.09532137,-0.16722104,0.018277444,0.25151658
0.25481805,0.3542264,0.39148787,0.19141695,-0.15016851,-0.112150356,-0.020776134,0.39321816,-0.217292,0.11095075,-0.08894151,0.07986897,-0.17178313,0.013396229,0.24468642
-0.2791085,-0.16290875,-0.12209006,-0.101590246,-0.12644655,0.09076335,-0.0015050543,-0.30800176,-0.09922667,-0.06588501,-0.24541408,-0.18769088,-0.09815396,-0.014799077,-0.050053127
-0.2887329,-0.15466031,-0.09723206,-0.12751102,-0.16314873,0.06114948,-0.03154043,-0.29816753,-0.10340442,-0.061471224,-0.2581115,-0.19828326,-0.09339003,-0.05029657,-0.044834152
0.2717669,0.07807063,0.081632785,-0.0069340966,0.058209706,-0.015711438,-0.12716533,0.0021181349,0.16146052,0.07204567,-0.0175319,0.013582095,0.06591946,0.029690567,0.28833354
0.27336633,0.0908604,0.0828097,0.0071323295,0.049485967,-0.027636666,-0.12769857,0.013266208,0.15874934,0.063905634,-0.02371346,-0.011192426,0.05461631,0.021463957,0.289768
-0.25861612,-0.056270808,-0.08552065,-0.16127898,-0.21953638,-0.117560074,-0.12965846,-0.30487257,-0.14981781,0.048376553,-0.38166806,-0.10054199,-0.18470956,-0.07632563,0.04212553
-0.2528658,-0.05235755,-0.08367321,-0.16392606,-0.2367276,-0.11642781,-0.12027244,-0.28726348,-0.1541382,0.06183863,-0.39063418,-0.14005558,-0.17720601,-0.08900823,0.044565685
-0.104243025,-0.019344505,-0.07443067,0.033499423,-0.10268892,0.04166351,0.1399756,-0.20302406,-0.05084511,-0.0054657026,-0.3224223,-0.0060235485,-0.12771809,0.0680707,0.027130075
-0.069998175,-0.052642178,-0.1003411,0.031695068,-0.119035214,0.015264196,0.13177381,-0.18817967,-0.061724685,-0.011099473,-0.33978075,-0.03882374,-0.1320661,0.03725238,0.0017665159
-0.22450003,-0.09933902,-0.0035174235,-0.21323007,-0.1813729,-0.11922757,-0.08854684,-0.17965215,-0.14458886,-0.14057207,-0.30182874,-0.14931917,-0.11949734,-0.21444324,0.021701215
-0.20680845,-0.07435542,0.019578641,-0.20839803,-0.18279853,-0.14472866,-0.092767596,-0.16052714,-0.14728606,-0.11862223,-0.3058198,-0.17804053,-0.11992806,-0.22073665,0.04686651
-0.24795312,-0.20535606,-0.060448453,-0.28618157,-0.350915,-0.11523986,-0.16489944,-0.2740178,-0.063071005,-0.17320526,-0.2089918,-0.11854537,-0.0103880735,-0.19073394,-0.18492018
-0.2529281,-0.20174113,-0.027698679,-0.27744645,-0.33506906,-0.1432251,-0.159334,-0.25048155,-0.09766081,-0.17776276,-0.25194877,-0.14018929,-0.04869197,-0.1819409,-0.1620324
-0.094020166,-0.15818915,-0.07610175,-0.041337132,-0.23805954,0.022234805,-0.10004228,-0.122218266,-0.21789923,-0.34461707,-0.34734243,0.005760215,-0.23466003,-0.17086536,-0.13344195
-0.10622841,-0.14299718,-0.052945644,-0.113689154,-0.2503,0.018554335,-0.1121024,-0.13095377,-0.2349948,-0.31587607,-0.34706703,0.014532811,-0.24263377,-0.17559308,-0.12752716
-0.110304296,-0.072563,0.027195694,-0.22093737,-0.32025307,-0.20776087,-0.12944576,-0.15019469,-0.20222148,0.002993479,-0.20776738,-0.16159505,-0.07572715,-0.22989632,0.006111063
-0.10737157,-0.0377172,0.04124304,-0.2198005,-0.31285527,-0.20617437,-0.119282,-0.15388441,-0.19963326,0.03150581,-0.1978252,-0.19005363,-0.075009644,-0.219821,0.040159967
-0.27754608,-0.32666153,-0.23863271,-0.3077948,-0.29606175,-0.23408695,-0.33753872,-0.28486547,-0.09952253,-0.34557736,-0.42895728,-0.05243756,-0.15306903,-0.25963032,-0.23428985
-0.24751657,-0.32012075,-0.25403062,-0.32014844,-0.31020445,-0.2098184,-0.31259823,-0.2915622,-0.09447123,-0.32923904,-0.44579038,-0.0990136,-0.14957389,-0.24847367,-0.25272396
-0.10548103,-0.1576694,-0.18049398,0.052517705,-0.07269868,0.0019129398,0.034877498,-0.115536466,-0.16074851,-0.28492147,-0.31343955,0.45006078,-0.23975092,-0.033843897,-0.11400482
-0.1362825,-0.17222685,-0.19314373,0.011287045,-0.075080305,0.0052925847,0.016446931,-0.113015465,-0.17791632,-0.30412155,-0.30154654,0.49792072,-0.25952074,-0.048456457,-0.15246646
0.20862797,-0.098721415,-0.111083806,-0.08003107,-0.10439342,-0.12850446,-0.1432398,-0.12582801,-0.0005652085,0.068242885,-0.1491859,-0.18584965,0.035218354,-0.14236864,0.054258943
0.19824767,-0.09861007,-0.108067185,-0.08472477,-0.11273658,-0.14107724,-0.16353609,-0.13240764,-0.011886422,0.05425331,-0.16270828,-0.19173492,0.019978838,-0.15797675,0.057517298
0.26534903,0.18806851,0.15312956,0.35510945,-0.01334038,0.012868302,0.18661882,0.39257973,-0.09473263,0.06974992,-0.039159846,0.35642213,-0.049373507,0.08145751,0.10416572
0.32079843,0.12665226,0.0838981,0.32119274,-0.0824927,-0.022356581,0.15764019,0.38342518,-0.09185229,0.054712128,-0.08121956,0.29567745,-0.05641492,-0.005230963,0.06475276
-0.2574221,-0.024425652,-0.04959348,-0.11799435,-0.11935474,-0.096473195,-0.0052994937,-0.21783642,-0.12944952,-0.037237152,-0.33130962,-0.13799179,-0.13277458,-0.12788107,0.07730883
-0.24782507,0.00810175,-0.016548477,-0.09974096,-0.08181733,-0.08380781,0.028757486,-0.21945906,-0.12884596,-0.008980688,-0.30869788,-0.14336306,-0.12504303,-0.1034315,0.114335254
0.1842998,-0.019581664,-0.13622677,0.12911288,-0.20391382,-0.030422674,0.14061369,-0.124131314,-0.27954596,0.10884283,-0.23807386,-0.30447024,-0.11983016,-0.16678348,0.068702206
0.13506834,-0.04145025,-0.13840812,0.06104929,-0.26227522,-0.020736223,0.07554254,-0.17561084,-0.30754098,0.12286523,-0.2610883,-0.2544792,-0.13910824,-0.16714375,0.044971973
0.028052423,-0.0051633846,-0.09065671,-0.10238093,-0.1532035,-0.09548871,0.0035570255,-0.24359326,-0.162186,0.16766733,-0.207933,-0.26912776,-0.037370354,-0.14350602,0.15627888
0.006763123,-0.036590554,-0.13301408,-0.12460922,-0.17484945,-0.10301164,-0.05173309,-0.26627228,-0.17172706,0.1456568,-0.22618422,-0.2803794,-0.06511122,-0.16776252,0.124636784
0.19338682,0.068231,0.109904416,-0.011499173,-0.030466076,-0.073789954,-0.0117156375,0.03621042,0.12820259,0.15125155,0.07400683,0.18496443,0.12854354,0.13626459,0.07918127
0.21847686,0.07458867,0.1102608,-0.01575044,-0.04358029,-0.062693395,-0.02518316,0.041474275,0.10091461,0.14901948,0.062020168,0.18099958,0.10974909,0.13879931,0.07952548
0.20485778,0.09435363,0.13520509,-0.0021978542,-0.025924778,-0.06688816,-0.03458798,0.025758265,0.10001007,0.15225443,0.062714525,0.16495872,0.12808901,0.13297266,0.1548131
0.21994317,0.065623865,0.10794009,-0.004575253,-0.0135107385,-0.07857294,-0.023119405,0.027792793,0.11341552,0.20227785,0.053800035,0.17962167,0.14460388,0.15096073,0.1314049
0.1564548,0.15053116,0.13386357,0.051940598,0.053493086,-0.0732906,0.036752403,0.030577028,0.046923865,0.14655137,0.031804323,0.18159378,0.038673967,0.14910462,0.12716681
0.18435341,0.12716626,0.12695836,0.04729433,0.06295386,-0.07982518,0.039410654,0.05697728,0.07444434,0.17646343,0.030461466,0.20430699,0.06626749,0.16941571,0.13291934
0.075115584,0.047412887,-0.24200511,0.0019915502,0.0746512,0.28363013,0.118163936,-0.20757416,0.17969829,0.1458799,0.06595856,-0.22726205,0.14559236,0.1312529,-0.04053171
0.073527336,0.02491462,-0.25465882,-0.05496734,0.056353293,0.27083126,0.10669075,-0.21973139,0.18604821,0.16873138,0.054684337,-0.19598913,0.15727508,0.13048331,-0.07758802
-0.083506435,0.2001904,0.11661786,-0.06518429,0.008360889,0.15239874,0.082759395,-0.06950392,0.10934019,0.28882164,0.21851219,0.3306521,0.10430767,0.3410509,0.02725057
-0.07258558,0.19518912,0.102403745,-0.04155864,0.011493294,0.13406171,0.085276544,-0.06860453,0.10537203,0.26836124,0.18644361,0.29736322,0.090383865,0.34668836,0.021506552
0.37929124,0.120146155,0.0031010997,0.20501392,-0.15489942,0.17447203,0.26984477,0.16710445,-0.15567082,0.049437396,-0.16777886,-0.120598674,-0.08604345,-0.07327895,0.11036316
0.3874389,0.063774094,-0.035138026,0.18768123,-0.18807171,0.2038081,0.17356373,0.18294802,-0.16889763,0.04632975,-0.15259612,-0.11543438,-0.12164831,-0.08549684,0.06821153
-0.015413935,-0.0041427896,-0.08284031,0.002394636,-0.03096409,0.11284818,0.017576022,-0.06772224,0.22588429,-0.055122398,0.006351355,-0.074364334,0.11245557,0.20924386,-0.17570016
-0.02764311,0.00462766,-0.08516844,0.005456455,-0.013094047,0.12163685,0.05711093,-0.111944064,0.2420338,-0.037143566,-0.013220055,-0.047838207,0.13109088,0.20782185,-0.1413603
0.16326253,-0.06936611,0.01343075,-0.0790814,-0.042173292,-0.041979022,-0.17657743,0.010081376,0.16525272,-0.123057276,-0.13938358,-0.016680637,0.037524577,-0.004266625,0.072462454
0.14129287,-0.09321813,-0.010179866,-0.08557707,-0.02175193,-0.024729533,-0.16979852,-0.0038860426,0.20309393,-0.15129642,-0.091696784,0.012027909,0.06908248,-0.017157424,0.0484211
0.01992126,-0.18008977,-0.19005369,-0.3365401,-0.20229393,-0.17069146,-0.34147584,-0.29844517,-0.18294984,-0.31265372,-0.369801,-0.18296728,-0.20890318,-0.3043692,-0.094191715
0.024881864,-0.17689034,-0.16792412,-0.32733828,-0.20038521,-0.1690009,-0.33704025,-0.27488804,-0.18143988,-0.29945102,-0.3694018,-0.1755076,-0.20171273,-0.29042518,-0.083859146
-0.2793885,-0.44431365,-0.31108326,-0.33478895,-0.45514172,-0.1529588,-0.36557698,-0.2598507,-0.06550905,-0.30214068,-0.27734444,-0.17991388,-0.062290817,-0.3011938,-0.38813245
-0.22620541,-0.4343431,-0.28919056,-0.33591694,-0.46905237,-0.17412804,-0.35005957,-0.22823834,-0.086950555,-0.2833031,-0.30542576,-0.21857879,-0.08311383,-0.3079206,-0.3903571
0.11959272,-0.1693394,-0.18411332,-0.3034329,-0.18888703,-0.044202503,-0.2804708,-0.08979996,0.04604773,-0.2311522,-0.18079954,-0.1809663,-0.080475464,-0.17969793,-0.13077348
0.11858708,-0.15885052,-0.17339514,-0.29431996,-0.21322039,-0.048220225,-0.25210994,-0.09341834,0.027135398,-0.22634041,-0.17830929,-0.19159031,-0.08149023,-0.19479667,-0.13179347
-0.17539644,-0.18940616,-0.21634379,0.047413975,-0.024174672,0.1241303,0.055335745,-0.06733284,0.23938449,0.06783429,0.24774367,0.03268137,0.177299,0.22417194,-0.19485933
-0.12252091,-0.20052855,-0.22946197,0.074685596,-0.018702801,0.095226765,0.08312836,-0.0500774,0.26162452,0.10056184,0.2601717,0.026652236,0.19874719,0.23249778,-0.20188871
-0.05315692,-0.11456072,-0.11909787,0.19107303,0.02507003,0.10188142,0.014790135,-0.04101763,0.07050097,0.052909933,0.28005683,0.097446114,0.10887246,0.17574215,-0.15128878
0.024647761,-0.113653116,-0.13605526,0.21121433,0.041415144,0.10732858,0.03292729,-0.004111541,0.07733809,0.08877845,0.29762292,0.11485107,0.113971055,0.20079587,-0.15298638
-0.002382619,0.052110195,0.0056525553,-0.025116045,0.13170913,-0.077832446,0.07777043,-0.09469199,0.10422145,0.33984333,0.30719516,0.18023908,0.15351358,0.2904042,0.063591056
0.003262643,0.051363222,-2.238003e-05,-0.03437463,0.11780372,-0.071323946,0.062003657,-0.11789183,0.09775184,0.32966465,0.29593277,0.19283344,0.15274942,0.28558362,0.07067098
0.45873287,0.13780627,0.092132784,0.26967144,0.29473537,0.03662735,0.22881252,0.123399496,0.047295645,0.2945459,0.36215597,0.2105352,0.16953772,0.20381093,0.22889343
0.468195,0.12959072,0.07707358,0.25890622,0.2665891,0.026222158,0.21971014,0.13751924,0.028568085,0.2945113,0.34493235,0.23376432,0.15463574,0.17077512,0.20440148
0.24922976,0.012734711,-0.065511286,0.31236583,0.4635914,0.10945155,0.16873719,0.002019606,0.1614323,0.16136014,0.386296,0.07762885,0.23406735,0.2837474,0.109208606
0.24486282,-0.0050542583,-0.078293666,0.30101857,0.44865566,0.11691025,0.14179355,-0.013671357,0.16485202,0.15204173,0.38257384,0.08983309,0.2304516,0.28535977,0.09546584
0.30188483,0.23867649,0.29230455,0.21181232,0.14279625,-0.014077466,0.15556934,0.1767183,0.041860044,0.36502504,0.40490353,0.28280744,0.16449332,0.2800725,0.2022295
0.32780838,0.2337707,0.25994182,0.2341378,0.11835083,-0.015287691,0.15035304,0.16928911,-0.0048065754,0.33977532,0.36823022,0.31283897,0.11085147,0.27008635,0.21927543
0.39961156,0.117414005,0.06153038,0.33329743,0.24969926,0.071107,0.34800106,0.27216178,0.05881507,0.25171807,0.3549579,0.09257081,0.15464646,0.14463921,0.15030226
0.4286114,0.108120695,0.04488279,0.32293105,0.254452,0.06874607,0.34088123,0.26283616,0.06285949,0.25778753,0.34966654,0.0823012,0.15741944,0.13534372,0.1525234
0.40112746,0.23148802,0.23450112,0.17493972,0.116173714,-0.09767782,0.08713079,0.13936852,-0.0940756,0.28075367,0.31807318,0.30983764,0.02925003,0.06277429,0.24909154
0.40216568,0.23018736,0.26751435,0.16256227,0.13284187,-0.115090966,0.09207769,0.14302908,-0.06518291,0.30923164,0.3380075,0.3084405,0.063198894,0.1016514,0.2766155
-0.21593048,0.013639916,-0.16777033,-0.0435979,-0.26453835,0.21467613,-0.033216067,-0.27934456,-0.26496196,-0.26485938,-0.23632354,-0.12829815,-0.27270988,-0.15504928,-0.044884328
-0.17245284,-0.010453361,-0.20339513,-0.009108275,-0.22202936,0.29600054,0.033752672,-0.23159067,-0.14245403,-0.21597967,-0.054426625,-0.09588368,-0.16502115,-0.050016306,-0.1000755
-0.25702035,-0.24282907,-0.2762329,0.11724691,-0.21093833,0.031033767,-0.20667493,-0.2747975,-0.17785528,-0.41174477,-0.41535828,-0.06547583,-0.3117264,-0.020236328,-0.22906779
-0.19052038,-0.17820442,-0.22882906,0.1091146,-0.2696925,0.015876317,-0.24230474,-0.22248177,-0.19974414,-0.35693187,-0.3895343,-0.06861668,-0.32857904,-0.036832392,-0.2015338
0.30579644,-0.14349717,-0.27483544,-0.09244949,-0.19706506,-0.039119266,-0.12930079,-0.11227003,-0.18006663,-0.10928017,-0.21204647,-0.2885766,-0.133445,-0.2519145,-0.11584608
0.28959402,-0.13720976,-0.28218532,-0.09425326,-0.19740334,-0.03311126,-0.14749858,-0.13536504,-0.15934739,-0.11313137,-0.21603876,-0.3077067,-0.12081194,-0.24435899,-0.11198981
-0.000112482114,-0.33608615,-0.26440382,-0.101946875,-0.11783465,0.09725198,0.04971808,-0.13760032,0.34515592,0.11359616,0.1785779,-0.020918544,0.44639403,0.08987659,-0.26158768
-0.035358652,-0.35302126,-0.29810268,-0.10715984,-0.15049592,0.09173293,-0.0046491446,-0.19070198,0.31517994,0.06470126,0.12548973,-0.06089118,0.39577478,0.073922835,-0.2783748
0.37145507,0.10296186,0.026409743,0.029094279,0.14526752,0.026995718,0.1356802,0.13648957,0.21032721,0.3494258,0.35048234,-0.004287976,0.26474434,0.11186664,0.1653834
0.3766927,0.106025755,0.024370387,0.028261574,0.15622899,0.018525269,0.13516954,0.13281986,0.194736,0.35968482,0.34865496,0.011602995,0.25503457,0.11584736,0.17073166
-0.18054909,0.06801676,0.039654188,-0.073924705,-0.13749388,0.033103537,-0.08594698,-0.18240501,-0.14888045,-0.066489115,-0.11075109,0.04575433,-0.18415296,-0.0396026,0.17790076
-0.1753278,0.06784885,0.026372496,-0.05902057,-0.13033038,0.05434944,-0.07525687,-0.18470041,-0.124264106,-0.04113136,-0.056202054,0.073801294,-0.15818685,-0.0021109213,0.1645931
-0.10385397,0.06888187,-0.01527133,0.053190183,-0.113156006,0.14379634,-0.07489931,-0.12734875,-0.14207268,-0.03570739,-0.018213885,0.11471518,-0.1670829,0.048398986,0.15567514
-0.11134368,0.09866938,0.024211299,0.039468236,-0.10027574,0.13666132,-0.067077234,-0.120202005,-0.14019424,-0.0031512226,-0.0031898255,0.11623363,-0.15750991,0.06185639,0.180502
0.059937745,-0.021483518,-0.108766176,0.0344071,-0.22216079,0.05102094,0.08712882,-0.12379731,-0.23856676,0.09390527,-0.22872177,-0.28435183,-0.07316138,-0.17749369,0.040810518
0.048058584,-0.05414278,-0.18286303,-0.015529141,-0.24946278,0.023939801,-0.0035473874,-0.15946127,-0.25838608,0.07558708,-0.23951694,-0.30977345,-0.111402884,-0.21203102,-0.01732552
0.08647871,-0.024486803,-0.1809806,0.03338669,0.27148664,0.31454295,0.2771138,0.050423384,0.25889486,0.33843118,0.41484344,0.025397062,0.26627308,0.40970016,-0.16420501
0.09033103,-0.02539057,-0.17228575,0.02420485,0.2491993,0.31416285,0.26593143,0.05236908,0.25253522,0.33857244,0.40665764,0.05962862,0.25977653,0.39970255,-0.17405345
0.26399288,0.2256627,0.21276066,-0.033579204,-0.2854276,-0.061701633,-0.26267743,0.18648209,-0.21554849,0.022334123,-0.28581935,0.06787701,-0.31683248,-0.056957923,0.19822104
0.2722022,0.21882674,0.21544325,-0.018374499,-0.2821225,-0.058535457,-0.24426532,0.20367931,-0.20243737,0.012595614,-0.27049768,0.09048064,-0.30315718,-0.054014415,0.19015816
-0.0030462635,-0.14197858,-0.06794831,-0.014872907,-0.19270515,-0.009846078,0.095996454,-0.18167043,-0.3082649,-0.044999786,-0.25531593,-0.05009036,-0.15665627,-0.16716897,-0.017964054
-0.035384268,-0.15882441,-0.06532548,-0.037322108,-0.19488744,0.017744051,0.053942412,-0.19766358,-0.29972205,-0.07662071,-0.24782115,-0.03444843,-0.1635666,-0.17066132,-0.042950816
0.07394914,-0.07544547,-0.18547055,0.11029799,0.12727952,0.3600595,0.367334,-0.048534147,0.3284495,0.34142667,0.39457375,0.104009986,0.452574,0.2600816,-0.066274814
0.094483465,-0.08403633,-0.20222324,0.10406278,0.10073521,0.3537479,0.34417605,-0.07063248,0.33367592,0.36400628,0.39228937,0.07432103,0.46064252,0.25673586,-0.08148515
0.12467715,-0.031725593,-0.14677584,0.13906378,0.12839271,0.37231606,0.34844524,-0.010083111,0.32330608,0.37116337,0.4304464,0.13759166,0.44906333,0.30629137,-0.056941967
0.1357434,-0.0714659,-0.19441497,0.07777277,0.09691088,0.34897584,0.32750183,-0.07042503,0.32028753,0.37185776,0.4118104,0.09213184,0.44214663,0.2660371,-0.06807636
0.22601292,0.20581976,0.25401133,0.2670617,0.183655,0.011952714,0.16803816,0.5125125,-0.003786257,0.12780452,0.20450252,0.44323248,0.05948484,0.15167463,0.08040563
0.23362623,0.15119688,0.22466302,0.22860417,0.17080712,0.016953735,0.12265608,0.4959669,-0.006848177,0.091487676,0.1596532,0.45682302,0.041706033,0.15885317,0.053441554
0.21645378,0.19921334,0.3082476,0.31431788,0.16905358,0.011719255,0.17155632,0.49432686,-0.0054804552,0.11135669,0.27376848,0.46330833,0.08566873,0.16238527,0.0932434
0.23130794,0.15986888,0.2709759,0.28116226,0.1227252,-0.027791712,0.14102599,0.48261654,-0.01851761,0.094587445,0.23810354,0.47751373,0.068482846,0.11681856,0.07185017
0.2605813,0.23751742,0.3397853,0.32062945,0.17002255,-0.009406981,0.23380604,0.48790863,0.010525417,0.16150068,0.29390836,0.38621277,0.12907006,0.16886307,0.13652281
0.2382299,0.19345969,0.313286,0.28817943,0.14170381,-0.049281705,0.18868273,0.4699287,0.032456756,0.08746803,0.26125994,0.3637759,0.13651764,0.13475507,0.107074946
-0.05448527,-0.15979779,-0.082772225,0.1183352,-0.17129223,0.2014575,0.061762642,-0.10177423,-0.06754154,-0.031307027,0.043411117,-0.016923364,0.021240523,0.019219594,-0.11132262
-0.09273103,-0.17097963,-0.079834774,0.07559786,-0.20134166,0.22174206,-0.020980721,-0.12829591,-0.11829216,-0.08620706,-0.061048478,-0.014756352,-0.054066878,-0.010446327,-0.13207096
0.10329731,-0.13342412,-0.15906954,-0.008410143,0.08285321,0.18792883,-0.07852332,-0.14637893,0.27660346,0.027706785,0.12375142,0.036423117,0.22928376,0.1868957,-0.06622945
0.12809637,-0.123402946,-0.16564989,-0.006712354,0.10395615,0.19825292,-0.08027317,-0.15263121,0.28547907,0.053123616,0.12970197,0.06274375,0.23508078,0.21510842,-0.066436045
-0.021071183,-0.22094285,-0.22530699,-0.08625548,-0.26415294,-0.03546949,0.044366896,-0.20280829,-0.18528242,-0.091015115,-0.17246062,-0.17631307,-0.030254759,-0.2586568,-0.11003483
-0.033757087,-0.23023567,-0.21971372,-0.08966313,-0.2813576,-0.04549582,0.00967871,-0.19460532,-0.17480391,-0.097277924,-0.17354208,-0.14759848,-0.027914027,-0.25908923,-0.11981569
0.2446415,-0.16677588,-0.23207939,0.062206715,0.15677315,0.15758927,0.0048097596,-0.2053162,0.102554604,0.05225176,0.10381745,-0.019561248,0.13301386,0.13299346,-0.0106148105
0.221813,-0.19028425,-0.22901317,0.047747314,0.14364386,0.118811324,0.0023993356,-0.19707042,0.13279283,0.02201248,0.11219154,-0.08204454,0.16092831,0.10742095,-0.029200558
-0.22884709,-0.07681339,0.019753933,-0.16796398,-0.17322806,-0.1668759,-0.166371,-0.17807038,-0.16548873,-0.15751162,-0.3341554,-0.062166642,-0.17097798,-0.1770575,0.05281028
-0.21833381,-0.054759137,0.050112266,-0.16369924,-0.14853576,-0.16584536,-0.14230075,-0.1595839,-0.16301778,-0.13601494,-0.32347596,-0.060583204,-0.16035104,-0.16311651,0.082423165
-0.21196407,-0.29054067,-0.30371296,0.041737147,-0.28518847,0.26258427,-0.1363566,-0.12888758,-0.019460965,-0.22494027,-0.09726246,-0.08900971,-0.12664744,-0.025946438,-0.31542075
-0.29631594,-0.34613907,-0.33784837,-0.17366004,-0.37466025,0.19440697,-0.16133595,-0.19758068,-0.059227988,-0.22795627,-0.11924775,-0.024093715,-0.13718784,-0.15531036,-0.358545
0.03721385,0.1513811,0.19244428,0.102841884,0.09317984,0.030115929,0.1941292,0.24950005,0.24424136,0.29024225,0.23032856,0.26991782,0.17238873,0.4246547,0.09607228
0.0522989,0.10073134,0.14247864,0.04282583,0.05859839,-0.025504412,0.1705405,0.20341145,0.2216577,0.29084238,0.21743256,0.2562046,0.15981638,0.38088608,0.069475256
0.049694665,0.08977714,0.05987647,0.37856877,0.27168044,0.2194897,0.38495523,0.27552354,0.31197202,0.18623507,0.22222242,0.086403064,0.22464043,0.42200816,0.07945399
0.06992675,0.091855444,0.06432222,0.38159472,0.2964586,0.18867731,0.39329514,0.26788157,0.3146675,0.19187799,0.24371698,0.05924577,0.23651484,0.441473,0.1007798
-0.032520294,0.11408868,0.103100404,0.30011344,0.29608452,0.2231789,0.37560797,0.19628826,0.3046245,0.28607076,0.2862007,0.20967355,0.24835572,0.5617135,0.080218725
-0.004471582,0.13502222,0.1509577,0.26720455,0.24212164,0.18081015,0.35719764,0.24959044,0.33887386,0.3194334,0.29877943,0.23022844,0.28736365,0.5553431,0.09919527
0.029524587,0.15910581,0.34747273,0.15943602,0.10826022,-0.06034943,0.05821045,0.4540875,0.18010221,0.2580421,0.20458947,0.31869072,0.11256399,0.35438013,0.107028455
0.015873589,0.13518053,0.3206901,0.14644387,0.10580721,-0.046064932,0.056487843,0.45684975,0.19266275,0.25199682,0.19342601,0.35309124,0.120852605,0.34550193,0.07595043
-0.16089866,-0.39927983,-0.3522622,-0.22630516,-0.23658109,0.117643096,-0.17468736,-0.23222157,0.1646766,-0.15396291,0.022466881,0.096008554,0.07768293,-0.031493146,-0.41133797
-0.15642896,-0.39998794,-0.36532784,-0.25266474,-0.217599,0.13517037,-0.18860753,-0.21972461,0.17150384,-0.12218971,0.0074434197,0.021862715,0.0982766,-0.02680936,-0.42501897
0.05795429,-0.08507092,-0.17672819,0.12217559,0.040106878,0.3079481,0.13075624,-0.007804051,-0.0069768503,0.05855313,0.30335018,0.23376413,0.04824186,0.25100657,-0.22423783
0.03140887,-0.090616785,-0.20115913,0.12602463,0.010564568,0.3102451,0.120035514,-0.015621976,0.004272055,0.05923716,0.27481806,0.20038985,0.04711119,0.24428381,-0.23421362
-0.22745341,-0.12957542,0.03493514,-0.18484437,-0.19824588,-0.08228275,-0.17201519,-0.24463138,-0.10396069,-0.22655186,-0.22988498,-0.0064605954,-0.14040105,-0.09369525,0.011115542
-0.23446992,-0.15815711,-0.015050753,-0.15766236,-0.21297893,-0.06127422,-0.185195,-0.2657056,-0.14239703,-0.27900463,-0.2705165,-0.0039981892,-0.18930107,-0.10978827,-0.032006007
-0.18184033,-0.2172718,-0.06137482,-0.22249907,-0.208484,-0.06676702,-0.09419706,-0.23651952,-0.013368455,-0.13643607,-0.23133191,-0.028131293,0.024281576,-0.14673536,-0.061714962
-0.15182117,-0.19921227,-0.040143743,-0.19546479,-0.19606206,-0.085732624,-0.06286803,-0.20574948,0.016906314,-0.11305955,-0.23441729,-0.062983364,0.06384835,-0.15105866,-0.030131988
0.1578519,0.32186896,0.24664778,0.20573518,0.0043079387,0.13554417,0.10609362,0.44131634,0.23895527,0.12608121,0.12373802,-0.022766903,0.10573395,0.19696671,0.14180632
0.1496082,0.2723583,0.18888474,0.205465,-0.015816648,0.12773901,0.08493759,0.41199172,0.22275597,0.08964427,0.09820899,-0.07146227,0.087340266,0.16724357,0.10527559
-0.25466862,-0.27615857,-0.22249189,-0.2846894,-0.36186132,-0.09934065,-0.1866311,-0.2874602,-0.017677452,-0.23397991,-0.25572002,-0.18648848,-0.010986498,-0.18953598,-0.2761256
-0.23532423,-0.26091465,-0.23191115,-0.29906625,-0.34061545,-0.07745412,-0.20628221,-0.2736295,-0.027901372,-0.23964033,-0.23505196,-0.20032191,-0.026950557,-0.19436675,-0.26539803
0.25122088,0.13174298,0.093724325,0.022564324,0.021929268,-0.040059593,0.2697523,0.19236866,0.2252768,0.42052948,0.36288312,0.08911313,0.27747357,0.28757122,0.09141062
0.23271376,0.15165114,0.113929756,0.014287852,0.0519672,-0.032154083,0.27388555,0.19007477,0.21188472,0.43052936,0.37576097,0.071148664,0.26922086,0.3030425,0.11168495
0.26213497,0.2465205,0.056544125,0.06544167,0.2797035,0.10176924,0.23201382,0.13230759,0.30798185,0.498913,0.21558869,0.07819508,0.24209696,0.35804397,0.2154584
0.26933765,0.2294293,0.031979974,0.056196712,0.24392402,0.09549445,0.20226584,0.12229152,0.31782416,0.47586584,0.18207538,0.04076498,0.24037012,0.310743,0.2009753
-0.29885593,-0.17878273,-0.10839525,-0.3060524,-0.24909206,-0.05912754,-0.27662468,-0.28649515,-0.07195424,-0.36952442,-0.35206205,0.06991093,-0.16794534,-0.17513427,-0.14697754
-0.14686769,-0.23535225,-0.2493163,-0.18453634,-0.070729464,0.20009482,0.023962889,-0.1971712,0.3051474,0.060697325,0.28108513,-0.07374202,0.30590948,0.16254804,-0.20035961
-0.13059852,-0.22136158,-0.23094082,-0.15826154,-0.070589945,0.2018215,0.034470696,-0.1780774,0.3182534,0.08958216,0.29575777,-0.06877971,0.31696045,0.2091735,-0.19603334
0.29516625,-0.150266,-0.21875206,-0.04252116,0.16085148,0.100670755,0.0728513,-0.11606172,0.24890736,0.16623688,0.30029333,-0.15682632,0.33628646,0.10811874,-0.02207283
0.30273312,-0.11986062,-0.19108681,-0.034781195,0.15642431,0.10539494,0.06529986,-0.108983606,0.23575103,0.17470038,0.3214547,-0.14997116,0.32041162,0.12082799,0.018470917
-0.18717887,-0.11045706,-0.11770098,-0.15079592,-0.2765696,0.0008329587,-0.18526003,-0.21656013,-0.3470229,-0.3720736,-0.42899173,-0.08807716,-0.35118687,-0.23882157,-0.10701652
-0.20119731,-0.10885845,-0.1309866,-0.19463652,-0.270114,0.022475366,-0.19614947,-0.2545047,-0.3404323,-0.34669706,-0.40703088,-0.083613634,-0.3418429,-0.22942507,-0.11580865
0.05178529,-0.14725439,-0.095457256,-0.057978693,-0.20645285,-0.03813397,-0.38498914,-0.0042860266,0.07198943,-0.16450295,-0.23864433,-0.10990632,-0.07060211,-0.07032952,-0.09885366
0.06845476,-0.18271078,-0.1438615,-0.01592768,-0.024732713,0.13037436,-0.06625314,-0.19345473,0.14654286,-0.05976364,0.0063592186,-0.02967187,0.14407189,0.04777009,-0.049599033
0.08799732,-0.18242952,-0.12771219,-0.020551028,-0.03651626,0.11826236,-0.08309692,-0.16103742,0.17064518,-0.029927418,0.01984429,-0.00031265896,0.16530043,0.05067484,-0.051374502
0.23577547,-0.13116986,-0.16065283,0.1432733,0.13194045,0.1788289,0.06062281,-0.08660506,0.12213776,0.001901389,0.16443573,-0.038591597,0.16255772,0.10262449,-0.030514851
0.20698574,-0.13889927,-0.16435581,0.121261865,0.12546894,0.17816764,0.03288334,-0.11680445,0.12274662,-0.021151705,0.11436376,-0.060402602,0.15287568,0.09358187,-0.039755616
0.40588713,0.15910959,0.028483381,0.1274217,-0.21028987,-0.062414408,-0.13361113,0.3240633,-0.20083886,0.03126207,-0.13640252,0.08012299,-0.22423318,-0.15042266,0.029441705
0.41454834,0.14589873,0.022686262,0.055876955,-0.25356245,-0.07585256,-0.1479455,0.3086154,-0.20441833,0.06142352,-0.14980584,0.042243,-0.21970223,-0.17192146,0.025766449
0.04512065,-0.32077533,-0.34013683,-0.08783887,-0.104351595,0.05270363,-0.09742959,-0.24085759,-0.15988919,-0.14854547,-0.033318277,-0.21073118,-0.083389625,-0.14002666,-0.29858315
0.040824518,-0.3258773,-0.33695817,-0.10326043,-0.13065949,0.01942476,-0.116183504,-0.26183903,-0.17238434,-0.14323045,-0.084592596,-0.2297307,-0.09467344,-0.15780094,-0.2825331
-0.22444117,-0.2078959,-0.3679539,-0.18855146,-0.21810094,0.3369543,-0.14911331,-0.3341599,-0.04531686,-0.10921712,-0.078526005,-0.1232543,-0.094104975,-0.016740676,-0.22606048
-0.21599331,-0.19665799,-0.35936612,-0.1817007,-0.21704972,0.32242715,-0.139983,-0.30620074,-0.08729394,-0.11636859,-0.057137944,-0.1301237,-0.12974069,-0.06441228,-0.20037493
-0.24891225,-0.36080146,-0.38282,-0.35987866,-0.46593785,-0.004818998,-0.31397474,-0.31487364,-0.06688848,-0.457115,-0.33337983,-0.0128078675,-0.20661864,-0.29703236,-0.4377842
0.0035220059,-0.11621553,-0.3273872,-0.107056454,-0.21639168,0.22990856,-0.048886932,-0.18300104,-0.26855394,0.026268989,-0.0660462,-0.28261423,-0.19825238,-0.08889334,-0.19042677
-0.0054443683,-0.11549855,-0.30677873,-0.10630139,-0.21802388,0.22737671,-0.06681074,-0.15949431,-0.2640605,0.014527639,-0.08343667,-0.24959338,-0.19945462,-0.08390864,-0.19624326
0.11190425,-0.28476715,-0.30581963,0.07336551,0.049472645,-0.012137841,0.049360238,-0.06555907,0.22508785,0.05241162,0.18490222,0.01035012,0.29319578,0.061109837,-0.20515801
0.100238174,-0.29316443,-0.30714592,0.052183777,0.032743674,-0.016281748,0.040772602,-0.087802425,0.21628562,0.04689862,0.21070337,0.015981067,0.29017964,0.04245802,-0.21027258
-0.12919086,-0.13587168,-0.10808629,-0.16839814,-0.30088773,0.10766509,-0.088772,-0.18266866,-0.2786335,-0.1423636,-0.18189892,-0.21996063,-0.1864955,-0.16888762,-0.12556776
-0.12929597,-0.1510751,-0.14212713,-0.20913875,-0.29886097,0.09435215,-0.09309087,-0.19926094,-0.28330487,-0.13729002,-0.19919927,-0.24944207,-0.19216134,-0.19022477,-0.14691743
0.004103769,-0.29800463,-0.4336742,-0.06541227,0.108007655,0.1945517,0.11858179,-0.19154175,0.2846509,0.06255967,0.30661887,-0.08674075,0.22666302,0.20084685,-0.2885165
0.07292058,0.10483132,0.043361735,-0.06360596,-0.07052125,0.0016901956,-0.008296184,-0.14541444,-0.0076216785,0.2906344,0.007267018,-0.228069,0.07591089,-0.044945292,0.121592045
0.060940135,-0.24824135,-0.41053534,-0.10027663,0.07326281,0.22176448,0.13477966,-0.20614,0.27206933,0.16411608,0.35224354,-0.09276284,0.22900958,0.23128507,-0.26975012
-0.18855521,-0.2625866,-0.29543963,-0.27252698,-0.2983628,-0.061341733,-0.37968832,-0.20225762,-0.14489985,-0.27485645,-0.25235593,-0.13816658,-0.18606359,-0.2601627,-0.25033185
-0.18838777,-0.2593365,-0.2774686,-0.27397555,-0.302467,-0.07134545,-0.38920695,-0.19606084,-0.15214768,-0.27345547,-0.2643494,-0.1496873,-0.1871737,-0.26118487,-0.24139187
-0.05153728,-0.2010656,-0.10987836,-0.019335723,-0.18748885,0.024569383,-0.107552856,-0.109954834,-0.04922659,-0.27772892,-0.34685355,-0.09600638,-0.16226438,-0.11094787,-0.126737
-0.02222768,-0.35706353,-0.26455012,-0.103685856,-0.13559967,0.047137856,0.00023598678,-0.08507845,0.25282878,-0.002454191,0.20148242,0.011702811,0.34205332,-0.015627572,-0.34657016
-0.01692638,-0.37058395,-0.2662323,-0.116463736,-0.15681715,0.04438568,-0.002772489,-0.08241977,0.2821124,0.015240078,0.19458248,0.0005748465,0.36545402,-0.015622117,-0.33353928
-0.17104094,-0.26566455,-0.15491197,-0.23125353,-0.27670932,0.015227381,-0.077086434,-0.29835212,-0.12720846,-0.28732777,-0.28293884,-0.015347124,-0.1150033,-0.16362454,-0.20817134
-0.16003221,-0.27656117,-0.16945565,-0.23225984,-0.28310966,0.00066769635,-0.07692054,-0.30352587,-0.13327608,-0.2901099,-0.2817383,-0.039025355,-0.109777555,-0.17995223,-0.21076246
-0.22067128,-0.030395884,-0.117537566,-0.22948626,-0.3058625,-0.055193815,-0.3220299,-0.24396157,-0.14767191,-0.0740654,-0.37092334,-0.18768527,-0.23420869,-0.18675211,-0.03197159
0.1762249,-0.07913318,0.002834104,-0.21831244,-0.26347,-0.16067696,-0.29067275,-0.002005577,-0.068924144,-0.20965514,-0.31403217,-0.122350805,-0.16124208,-0.2593147,0.010439729
0.15661578,-0.076464385,-0.012249734,-0.22134474,-0.2610851,-0.1545784,-0.28846624,-0.005832453,-0.07595565,-0.23529682,-0.3275651,-0.14990184,-0.17384511,-0.2841977,-0.003149298
-0.3436681,-0.29710132,-0.23597483,-0.28244212,-0.2995651,-0.06078326,-0.113663875,-0.3488074,-0.052909724,-0.33251417,-0.4143171,-0.084137745,-0.15109804,-0.19156338,-0.2941109
-0.35935256,-0.31226224,-0.22652453,-0.31297022,-0.33400017,-0.08805557,-0.15104371,-0.34158593,-0.06561337,-0.36542606,-0.4250856,-0.09638675,-0.15843025,-0.23302968,-0.3070631
0.13340755,-0.23334208,-0.281973,-0.1365025,0.084569685,0.045418195,-0.1665985,-0.19986466,0.33009768,-0.0074570607,0.10692996,-0.032947008,0.27151203,0.1561732,-0.16201338
0.14271061,-0.2914463,-0.29163277,-0.20039353,0.017869897,0.093316585,-0.15052047,-0.20127156,0.30782425,-0.0016073105,0.07306622,-0.026262011,0.28125858,0.110419124,-0.19820738
-0.2380038,-0.1888721,-0.09325566,-0.35248893,-0.35884035,-0.27051616,-0.39151436,-0.26647553,-0.17748752,-0.2635233,-0.38990277,-0.06336121,-0.25997618,-0.29601613,-0.11459087
-0.25276268,-0.18145344,-0.08676584,-0.3734475,-0.3721568,-0.2773437,-0.42102635,-0.26683673,-0.20018026,-0.28183395,-0.39801806,-0.04602569,-0.29020962,-0.31486118,-0.112656444
0.077718705,-0.13009739,-0.078118466,-0.11321844,-0.30079716,-0.12968346,-0.20107943,-0.15477891,-0.19341609,-0.34476793,-0.372716,-0.03984456,-0.2667772,-0.28212142,-0.044320524
0.067970246,-0.13126636,-0.08381893,-0.108658515,-0.2641029,-0.1292053,-0.19854465,-0.16314234,-0.17515774,-0.334538,-0.3650514,-0.05508562,-0.25104588,-0.2652349,-0.04380011
-0.20777446,-0.22092982,-0.09912042,-0.31414822,-0.34616888,-0.13945626,-0.2477916,-0.17830475,-0.0738994,-0.14877173,-0.21853203,-0.16725573,-0.10729393,-0.18780658,-0.14890194
-0.18863896,-0.16915826,-0.049067505,-0.2428039,-0.33230203,-0.117122784,-0.23736066,-0.14711714,-0.084663875,-0.15175955,-0.20635554,-0.14038771,-0.12146993,-0.17586967,-0.108478844
0.061480083,-0.16661148,-0.19073004,-0.119560964,-0.27336183,-0.0062235533,-0.080106616,-0.1929436,-0.20005299,0.0402462,-0.16911693,-0.24550568,-0.079592526,-0.11271013,-0.14440465
0.009476888,-0.14402089,-0.18107522,-0.16151313,-0.2835849,0.0028861621,-0.09552845,-0.21891868,-0.19558816,0.06010901,-0.17214367,-0.23933962,-0.07841293,-0.102767825,-0.13803789
0.09127251,-0.059173077,-0.106505975,-0.15522514,-0.07236196,0.12457766,-0.22897062,-0.17001152,-0.016211944,-0.08389492,-0.113784954,-0.08598122,-0.06874299,-0.053651296,-0.0071729496
0.100055955,-0.043020178,-0.102296725,-0.15187475,-0.057915535,0.13146414,-0.22053665,-0.1697886,-0.006798812,-0.067970976,-0.09676806,-0.10439272,-0.061876446,-0.04661269,0.00887971
-0.22999161,-0.017394839,-0.020922732,-0.23830843,-0.24239281,-0.049638726,-0.22088033,-0.21841316,-0.29569647,-0.2611943,-0.39272726,-0.04667259,-0.36999545,-0.2028499,0.012178066
-0.23621534,0.047068477,0.023510138,-0.15601246,-0.23977125,0.03137111,-0.21097991,-0.18524379,-0.24939197,-0.23171042,-0.34207016,0.005374025,-0.3448181,-0.11038613,0.032791782
-0.24638164,-0.12849602,-0.04589781,-0.27942112,-0.27227324,-0.24655236,-0.3154393,-0.23814557,-0.18402112,-0.4049136,-0.43378764,-0.115586355,-0.2728448,-0.2982793,-0.032631
-0.06479166,-0.14888051,-0.1066191,-0.18191832,-0.29140836,-0.23216002,-0.19427851,-0.23569338,-0.27943927,-0.25047523,-0.29166377,-0.19258338,-0.18130526,-0.3219619,-0.02242425
-0.08153449,-0.1735359,-0.1401155,-0.1939897,-0.30517435,-0.23531929,-0.23076904,-0.24174717,-0.27738717,-0.2629332,-0.30853814,-0.20730066,-0.191343,-0.33279264,-0.049698062
-0.20309886,-0.24089108,-0.19316462,-0.130442,-0.17528582,0.23081365,-0.10909486,-0.1562663,0.38947064,-0.0336953,0.09762983,0.042060576,0.34342438,0.14349417,-0.21405587
-0.18886608,-0.3307765,-0.23289002,-0.24549103,-0.22899958,0.14318042,-0.12288218,-0.17489207,0.3955304,-0.054984257,0.07030564,0.01852592,0.36470547,0.027175784,-0.2848228
-0.145925,-0.23920226,-0.18851979,-0.15806682,-0.122097924,0.2195719,0.002983873,-0.15125579,0.4357592,-0.0050811726,0.10864178,0.013669131,0.37334234,0.1113648,-0.2275216
-0.07217831,-0.27942038,-0.30688757,-0.075755656,-0.04732668,0.17980349,0.008650173,-0.13242152,0.35136536,0.17724967,0.23262775,0.0049603805,0.4247204,0.15367243,-0.2348623
-0.07397227,-0.29982677,-0.34382337,-0.083342895,-0.032048665,0.20870242,-0.016675392,-0.14922947,0.35682845,0.1664488,0.22011797,-0.0027446044,0.40713954,0.16946384,-0.24743539
-0.00029112492,-0.21437049,-0.16489264,-0.14827423,-0.06500977,0.027629733,-0.24355629,-0.28574276,0.035438605,-0.35299236,-0.14916462,-0.09364908,-0.078016594,-0.07217795,-0.11418364
-0.0011431882,-0.23670727,-0.17989245,-0.15907556,-0.06316905,0.021626739,-0.24567622,-0.28433657,0.044752687,-0.35200655,-0.13110238,-0.07247987,-0.065796554,-0.07807605,-0.1346864
0.06928067,-0.22327298,-0.18992803,-0.096113764,-0.06693537,0.05052463,-0.29451093,-0.10961902,0.1312805,-0.2988137,-0.07169976,-0.020391233,-0.02562764,-0.030875105,-0.15422948
0.07356717,-0.20094186,-0.17096919,-0.09667894,-0.10266738,0.024996065,-0.3169093,-0.10354271,0.06231364,-0.30418772,-0.120522104,-0.040473416,-0.08796276,-0.059485115,-0.1446315
-0.04659553,-0.26183128,-0.3166178,-0.34775543,-0.38237327,-0.10889024,-0.39593434,-0.27642682,-0.12719458,-0.36583674,-0.3507523,-0.07064657,-0.2739817,-0.2778604,-0.29796723
-0.086824924,-0.19599685,-0.28256118,-0.27333778,-0.3325029,-0.034026727,-0.33080667,-0.2714225,-0.12732993,-0.32258698,-0.24064173,0.015711147,-0.28616315,-0.16377729,-0.26780015
0.028369173,-0.32024258,-0.2864176,-0.32620153,-0.3040731,-0.08571984,-0.2600821,-0.26423243,-0.06855959,-0.38996226,-0.3698253,-0.093172625,-0.16253884,-0.25796112,-0.29018918
0.029638153,-0.27335453,-0.25833136,-0.34419262,-0.2865796,-0.09066123,-0.23526004,-0.25402135,-0.080208726,-0.36984253,-0.35633594,-0.13527566,-0.16656011,-0.26268256,-0.26283658
0.01857433,0.17067131,0.35787684,0.26730898,0.13055867,-0.030550793,0.048926346,0.57178676,0.024728956,0.07953927,0.055902608,0.31168818,-0.05485194,0.21372977,0.06725834
0.0077936263,0.17089415,0.36338413,0.24897087,0.119782746,-0.0372358,0.044362895,0.57413375,0.028689964,0.080204636,0.05247339,0.30298388,-0.052477542,0.21377794,0.057863995
-0.003673762,0.11475298,0.16486366,0.37744552,0.14042908,0.16431136,0.12544526,0.46259707,0.09518546,0.03423751,0.17768346,0.14959621,0.015508841,0.25544465,-0.021024734
0.012634181,0.10961743,0.17957863,0.33024547,0.10723468,0.10176796,0.09003024,0.47646785,0.0674353,0.061105408,0.1593377,0.12296644,-0.0017075799,0.21983916,-0.044138342
0.2506957,0.21433493,0.199361,0.25208426,0.2942509,0.05626315,0.20034264,0.29322088,-0.08577278,0.22962971,0.114986286,0.2212373,-0.0873464,0.28249905,0.24113458
0.25381804,0.19709112,0.19745794,0.22869512,0.27797252,0.031166421,0.1798856,0.296139,-0.07150322,0.24466634,0.11516541,0.22806142,-0.077393524,0.2815445,0.20858848
0.14332566,0.14572717,0.02034193,0.12741779,0.108145654,0.15908697,0.25096303,-0.069861956,0.05306872,0.23313627,0.35688746,0.29032928,0.16092995,0.24205065,0.14732209
0.1794782,0.10081202,-0.023079932,0.04124739,0.06562342,0.14427269,0.25345376,-0.07618162,0.052882016,0.2564241,0.36418062,0.27613646,0.17284176,0.20838425,0.09785417
-0.28411755,-0.35448417,-0.25040376,-0.29403457,-0.33545905,0.0038596273,-0.44708365,-0.2728339,0.03839265,-0.38477114,-0.21676062,0.08735178,-0.13119698,-0.12033616,-0.3216641
-0.26700413,-0.3348651,-0.21944183,-0.24800816,-0.32950115,0.024196085,-0.41671312,-0.25059733,0.013051612,-0.40145838,-0.21504778,0.09691989,-0.15256955,-0.10063468,-0.32228935
0.008653997,-0.21364266,-0.19185114,0.12021052,-0.20224744,0.065970354,-0.072018996,-0.16839622,-0.22436598,-0.27246052,-0.26327616,-0.021219198,-0.16131046,-0.07229924,-0.20232554
0.030914064,-0.21259277,-0.19700313,0.122390725,-0.21860054,0.043426245,-0.046485335,-0.17449276,-0.23668465,-0.26788664,-0.29879358,-0.07169247,-0.17005956,-0.10677467,-0.17256999
0.14862585,-0.15944907,-0.12690185,-0.0029042088,-0.0037725226,0.118787736,-0.011818602,-0.08972348,0.22133055,0.0064732307,0.23674831,-0.012453534,0.22926632,0.14363796,-0.08980586
0.15641992,-0.16566849,-0.13469735,-0.0051504383,0.011865478,0.12084657,0.020036291,-0.07879196,0.2358954,0.011235391,0.23929678,-0.058102705,0.24410531,0.13720632,-0.10115978
-0.20864397,-0.13495669,-0.21269205,0.040135242,-0.12706661,0.26518512,0.08548401,-0.29835743,-0.003167361,-0.06740885,-0.20686552,-0.25908345,-0.03230406,0.044126786,-0.07178775
-0.19363086,-0.11859578,-0.21918277,0.045989312,-0.12524015,0.30380547,0.080858335,-0.2690832,-0.028601984,-0.0604342,-0.20169935,-0.2828449,-0.057077155,0.086498484,-0.10133532
0.28580427,0.07660845,-0.016961649,0.18736242,0.20437348,0.17524067,0.35035482,0.011063743,0.19996385,0.38800818,0.49563837,0.1287022,0.34043348,0.31762967,0.055216573
0.30489635,0.081042446,-0.036258586,0.15409471,0.16895509,0.1605708,0.3103186,-0.014319797,0.16828924,0.3901288,0.46631694,0.14612661,0.29468971,0.27861726,0.052019395
0.03313816,-0.30351833,-0.38464463,-0.17810577,-0.20879534,-0.06746573,-0.29654795,-0.11722112,-0.13746165,-0.16771896,-0.17202616,-0.09036836,-0.17014998,-0.25653094,-0.27494422
-0.015568818,-0.31877366,-0.40277392,-0.20115583,-0.21297637,-0.04078895,-0.3111165,-0.12821329,-0.11419745,-0.16834548,-0.15992008,-0.10034606,-0.16213462,-0.2299208,-0.3141632
-0.21492791,-0.082373515,-0.039895944,-0.23679401,-0.24057522,-0.24334997,-0.25021902,-0.2071681,-0.2052377,-0.085690305,-0.36286202,-0.10575892,-0.18924189,-0.25625288,0.049850658
-0.20680042,-0.03467703,0.0061999187,-0.20009193,-0.20606416,-0.21985427,-0.19544485,-0.18929398,-0.1663084,-0.03368355,-0.33749533,-0.13268603,-0.14875342,-0.21283418,0.0971151
0.3152059,-0.026762761,-0.055315085,0.20452423,0.33670527,0.20442598,0.11571237,0.13820985,0.33084345,0.28024843,0.31266153,0.1406422,0.36057487,0.2835326,0.11372784
0.29505607,-0.026316285,-0.060143933,0.2032566,0.33327812,0.21161431,0.100659505,0.13469803,0.34817886,0.2821408,0.28812295,0.12293527,0.3689499,0.27211756,0.10640854
0.23425317,0.03406102,0.09458916,0.061601516,-0.09377928,-0.23799674,-0.11003932,0.26838404,-0.09377836,0.040073074,-0.1879162,0.21874598,-0.13862063,-0.006337238,0.08776517
0.2975154,0.015834847,0.037952784,0.028890816,-0.13846934,-0.20093137,-0.1271821,0.20499706,-0.06073028,0.067455225,-0.19295436,0.14030683,-0.10100342,-0.019901484,0.078033514
0.179971,0.1266566,0.03458805,0.6060006,0.14657748,0.20353377,0.3500585,0.18534651,-0.112269625,-0.008449929,-0.055278342,-0.15000126,-0.05025889,0.1933558,0.11561201
0.18454263,0.12697469,0.047275126,0.5992359,0.136201,0.20977437,0.36176217,0.18671125,-0.10565856,-0.0015927244,-0.0647138,-0.15396848,-0.044529278,0.19099158,0.1331115
-0.1808067,-0.12163477,-0.17825857,-0.14238724,-0.16336438,0.19144428,-0.18528569,-0.20033818,0.21372366,-0.024707599,-0.017010683,-0.03879125,0.072970636,0.06304417,-0.12818769
-0.1840854,-0.08439264,-0.14369598,-0.08757584,-0.15905574,0.19222814,-0.1626401,-0.15148124,0.2048578,-0.04243185,-0.053715877,-0.07310504,0.052472714,0.06759769,-0.10429336
-0.30139554,-0.2855622,-0.26206332,-0.2842629,-0.28931755,-0.051040463,-0.28712296,-0.37265027,-0.21639636,-0.39664888,-0.36449325,-0.016876645,-0.24217469,-0.23674253,-0.25133836
-0.30811775,-0.3060124,-0.27371854,-0.3159473,-0.2799722,-0.05043762,-0.2913004,-0.39210203,-0.2220293,-0.40352088,-0.3792609,-0.05797323,-0.25813794,-0.24175729,-0.270962
0.14089862,0.12624516,-0.045723356,0.48971355,0.3299017,0.32658732,0.18992737,0.22027692,0.14804421,0.08137043,0.21038744,0.00029130466,0.06450839,0.47655547,0.095961854
0.14620897,0.107393816,-0.06486412,0.44926262,0.25393724,0.30422857,0.15370123,0.25396395,0.1338926,0.09821971,0.1806516,-0.0245585,0.04922124,0.43597245,0.03465234
-0.2610673,-0.13535737,-0.027516339,-0.2214025,-0.17732048,-0.061135165,-0.23200074,-0.22436035,-0.05616779,-0.2758605,-0.31691664,0.06351725,-0.1425828,-0.090556316,-0.06692617
-0.25381202,-0.11570999,-0.0041292286,-0.22897226,-0.19371128,-0.061118226,-0.22420427,-0.20779568,-0.07708852,-0.27240625,-0.3161957,0.077128604,-0.15311545,-0.11343163,-0.06061844
0.34608597,0.09204677,0.13121271,0.1289638,0.11703457,-0.01645385,0.16949064,0.33084983,0.08798398,0.19350863,0.20508093,0.31575203,0.13432859,0.1432499,0.15485832
0.33869302,0.10707164,0.13425224,0.1381715,0.09743267,-0.017727591,0.16488102,0.32633337,0.07506549,0.19051051,0.15132026,0.33456582,0.11514853,0.13788506,0.15718935
-0.12056825,-0.08960296,-0.14984378,-0.043215327,0.10357159,0.1480944,0.1677477,-0.03706382,0.45694596,0.31152934,0.32361954,0.1898273,0.38841295,0.34686235,-0.16382183
-0.08116348,-0.068898275,-0.14734904,-0.023057945,0.12673435,0.1577327,0.21430242,-0.05309476,0.43889716,0.3877641,0.3485383,0.20917857,0.39641798,0.38167828,-0.1377916
-0.13935351,-0.24689957,-0.2434023,-0.22938149,-0.30550104,0.051340714,-0.15293041,-0.22053277,-0.017020885,0.02974389,-0.15153685,-0.10047516,0.027229603,-0.0033753153,-0.23444356
-0.11328195,-0.080197975,-0.10649553,-0.21997172,-0.23279923,0.10353646,-0.18009569,-0.14598525,-0.033627775,0.15419252,-0.033668175,-0.21775588,0.006062529,-0.06593618,-0.07200473
-0.19511025,-0.13603473,-0.23623863,-0.22153375,-0.28386393,0.271509,-0.00077529834,-0.20595087,0.035980046,-0.11635537,-0.064287804,-0.14784436,0.014371659,-0.18643564,-0.13537405
-0.23139614,-0.119407475,-0.18881437,-0.23568507,-0.2598117,0.24620958,-0.01324972,-0.1882259,0.061667033,-0.13992213,-0.117511764,-0.09894994,0.0039755707,-0.1674732,-0.1228943
0.0032490054,-0.268471,-0.28894585,-0.041040085,-0.075342886,0.19575766,0.18124661,-0.16874826,0.27043313,0.07483624,0.19790547,-0.07174142,0.405903,0.0049224542,-0.21869025
-0.0039301086,-0.28648084,-0.3173163,-0.06769152,-0.10512282,0.19358897,0.15387402,-0.17615965,0.26266372,0.06477177,0.17607266,-0.070494235,0.39547628,-0.01701772,-0.24323568
0.27474982,0.11516383,0.05189193,0.1557325,0.2938836,-9.934674e-05,0.084731385,0.0849959,0.110953,0.12998852,0.20445836,0.08568161,0.079358526,0.20746905,0.22509044
0.2733727,0.11675362,0.059926085,0.1352056,0.2774637,-0.0080281785,0.067660354,0.09667316,0.10005166,0.117275275,0.20518878,0.071048945,0.06346615,0.18406603,0.23158479
0.030982144,-0.22363254,-0.19863313,0.06962236,0.044496834,0.22727922,0.20219582,-0.014747193,0.2910083,0.17555758,0.44404566,0.11470465,0.3831663,0.24957599,-0.25031614
0.029568952,-0.22156924,-0.21739437,0.069599226,0.0113099925,0.20428851,0.17709643,-0.023752594,0.2755164,0.1780405,0.4455952,0.091714256,0.36910608,0.23270392,-0.2656439
-0.18928902,-0.22124957,-0.00636692,-0.33410007,-0.24551575,-0.25473237,-0.21298796,-0.20113778,-0.09670695,-0.2840151,-0.33478543,-0.08979057,-0.12427311,-0.22426188,-0.082947835
-0.17270973,-0.2698628,-0.057530146,-0.35758692,-0.29880565,-0.2840103,-0.25918043,-0.19297023,-0.098876506,-0.2950791,-0.34684002,-0.08279681,-0.12715736,-0.26007038,-0.13905966
-0.14350495,-0.21515368,-0.13304976,-0.34725368,-0.36006367,-0.3523427,-0.34718746,-0.17228924,-0.1400803,-0.25057232,-0.46533215,-0.31560177,-0.17651948,-0.38826594,-0.11909503
-0.1841446,-0.014863461,0.0782449,-0.21033268,-0.18118241,-0.17815217,-0.15961735,-0.1317174,-0.20712388,-0.09338683,-0.3022563,-0.109641984,-0.16835767,-0.20334302,0.09695775
-0.1802293,0.0025690137,0.094559565,-0.20066401,-0.1573241,-0.16988024,-0.14500889,-0.12388624,-0.1933184,-0.06979662,-0.2899049,-0.11514518,-0.15270822,-0.18311264,0.123069756
0.02594452,0.2154684,0.03396834,0.30199248,0.18517004,0.1942961,0.32946604,0.22738424,0.19035544,0.22764757,0.14012769,-0.12760234,0.15157405,0.2432625,0.054758992
0.026936797,0.2526255,0.08315122,0.28395623,0.16291541,0.24178639,0.3282035,0.25253674,0.21423009,0.2544245,0.17801255,-0.14244479,0.1766764,0.28152055,0.07453617
0.14210525,0.2293348,0.18444785,0.24135615,0.08748271,-0.116712265,0.27090538,0.2339095,-0.0980355,-0.045985766,-0.3308382,0.057240926,-0.1650355,-0.052478675,0.31474486
0.14859071,0.23201418,0.18433125,0.23744276,0.09042865,-0.12098937,0.28007805,0.23015127,-0.073012516,-0.025120758,-0.33021465,0.044517666,-0.13796696,-0.03927897,0.317836
0.09149409,0.13164777,0.031281278,0.25525185,0.12751739,0.031126246,0.45204893,0.120896205,-0.075904675,-0.11514157,-0.24849615,0.008549159,-0.11936943,-0.044835884,0.17434795
0.11239973,0.12075621,0.015020599,0.23782893,0.13096933,0.03760481,0.45424965,0.0967948,-0.07242315,-0.11060609,-0.23466009,0.018936053,-0.11722249,-0.034656476,0.17256553
-0.20785451,0.009445456,-0.028746288,-0.138814,-0.20150363,0.055325337,-0.055178612,-0.19618553,-0.1812599,-0.27115756,-0.3559227,-0.017839238,-0.2663113,-0.12984394,0.01745782
-0.19989085,-0.013624245,-0.07119727,-0.0888363,-0.21925893,0.0864481,-0.05186236,-0.20531468,-0.1631333,-0.30139136,-0.35260445,-0.019464124,-0.2595999,-0.113162376,-0.0093318485
-0.26800385,-0.1017337,-0.06576381,-0.23283044,-0.17476465,-0.0076336884,-0.13368978,-0.27549314,-0.12360251,-0.3188412,-0.31489104,-0.060226664,-0.20232654,-0.16955647,-0.04002072
-0.26734543,-0.082718045,-0.05719862,-0.21988644,-0.15634578,0.014060309,-0.1470733,-0.26942968,-0.11185758,-0.31185395,-0.28850073,-0.05693952,-0.19400436,-0.15436,-0.0296351
0.18771052,0.28918767,0.32188106,-0.105921835,-0.21810126,-0.2000638,0.058299884,0.25683162,-0.064902276,0.2194714,-0.05561595,0.2150657,-0.04784768,-0.04571773,0.12299164
0.21586542,0.2912138,0.3120651,-0.09880685,-0.21127939,-0.205024,0.047469802,0.24776056,-0.0748916,0.23110864,-0.046848454,0.19338319,-0.055339854,-0.044055574,0.12597936
-0.015528005,0.1978319,0.30999213,-0.096120365,-0.095142685,-0.07754062,0.04980015,0.28093752,0.16738063,0.30096495,0.17820582,0.33689404,0.13854548,0.193152,-0.02312351
0.017936759,0.21374564,0.30469316,-0.08137973,-0.09302222,-0.07538058,0.062395435,0.2631809,0.14228895,0.32009053,0.17473738,0.32066745,0.13442582,0.1977874,-0.011886372
0.18412708,-0.075640276,-0.27470446,0.11884278,0.25741732,0.30795333,0.18489113,0.00017039315,0.3385064,0.34761384,0.46442658,-0.12112421,0.38637695,0.39050382,-0.08528051
0.16953495,-0.08706422,-0.28626794,0.11236371,0.24510932,0.3174823,0.14891517,-0.011405562,0.35081613,0.35462075,0.4598754,-0.09923399,0.39030498,0.4064623,-0.10423549
0.15001944,-0.20889845,-0.2362059,-0.07424232,-0.16104172,-0.017339004,-0.08046613,-0.2642416,-0.31459197,-0.25053686,-0.23779717,-0.19965348,-0.22166744,-0.2491895,-0.17063236
0.14135134,-0.23374829,-0.23872256,-0.10748722,-0.15351811,-0.050307635,-0.06360136,-0.2688769,-0.30644327,-0.2559927,-0.27014524,-0.19625652,-0.21300188,-0.25839013,-0.16202188
-0.2450375,-0.15219823,-0.092959896,-0.2331011,-0.20704632,-0.12174643,-0.37842727,-0.24996254,-0.054998726,-0.10341367,-0.3216251,-0.19504687,-0.16128847,-0.09611146,-0.0449095
-0.21624064,-0.08143782,-0.04724484,-0.17360622,-0.17968763,-0.088475764,-0.33990395,-0.20127544,-0.08321774,-0.075921446,-0.32550615,-0.23035023,-0.19051996,-0.060084995,-0.009148928
-0.06417526,-0.048974987,-0.116465695,-0.07294358,-0.13311216,0.11744015,-0.18076995,0.011557538,0.03609017,0.0790397,0.036499683,-0.11590124,-0.01792031,0.04032208,-0.06981188
-0.056874007,-0.041899633,-0.11143994,-0.0727258,-0.13609597,0.11740868,-0.17949857,0.014472495,0.03480503,0.08851055,0.040860392,-0.11717881,-0.01822358,0.038675472,-0.06452969
-0.22431472,-0.06376987,-0.2368099,-0.27347112,-0.20037918,0.025025181,-0.31714576,-0.32569104,-0.07787244,0.03557334,-0.1913917,-0.16133979,-0.16579126,-0.031060804,-0.07775031
-0.059677973,-0.03950453,-0.115190394,-0.06465906,-0.13299102,0.1205941,-0.17383465,0.014271063,0.03257666,0.08313208,0.039146915,-0.117823765,-0.019763585,0.039693013,-0.061771583
-0.20030062,-0.032086864,-0.21959263,-0.267469,-0.23638931,0.012335684,-0.30937117,-0.2980039,-0.08575994,0.041772496,-0.22177583,-0.21033555,-0.18035924,-0.052506052,-0.07002692
-0.05814943,-0.22689404,-0.12016199,-0.022490121,-0.13003172,0.060229674,0.023978,-0.18613839,-0.14684199,-0.024202779,-0.09980601,-0.024842475,-0.010651191,-0.07235007,-0.13772869
-0.05168856,-0.26952672,-0.15501249,-0.061189476,-0.16463833,0.012604309,-0.003842292,-0.18021993,-0.17123157,-0.04693202,-0.1359789,-0.0993898,-0.02906576,-0.14907344,-0.14181346
0.22139598,-0.0651793,-0.06286226,-0.089443125,-0.017806273,0.13060004,-0.16038233,0.031421546,0.36198366,0.043739773,0.068276644,-0.072234,0.25310677,0.072903246,0.02263907
-0.015729196,-0.21965455,-0.18491453,-0.10477531,-0.11814043,0.17687306,-0.024439648,-0.12827094,0.27271986,0.18064122,0.3053027,0.1591394,0.30063665,0.31178892,-0.24568039
0.009367833,-0.18748257,-0.16737571,-0.07555284,-0.10319322,0.15523842,-0.012813909,-0.09689768,0.26469463,0.19218221,0.28977948,0.10894127,0.29482472,0.32554084,-0.21796016
-0.054290697,0.24158631,0.16178167,0.2880867,0.2827381,0.34211648,0.3957687,0.23317589,0.20688772,0.1326192,0.02972106,0.005879384,0.11118606,0.3369454,0.17188358
-0.04536193,0.23623152,0.1421653,0.2811654,0.28200588,0.3467486,0.4026342,0.22865176,0.20458025,0.13940063,0.030110657,-0.0038553032,0.10950713,0.32996762,0.16052482
0.38498604,0.14672661,-0.016413791,-0.011807036,-0.16510724,-0.02495465,0.030998018,0.04564258,-0.25217927,-0.037364565,-0.27613133,-0.017441861,-0.21429235,-0.2922979,0.170467
0.36541474,0.14089154,-0.0113905845,-0.039135545,-0.15649071,-0.0058513205,-0.039894808,0.034061417,-0.22771925,-0.033271052,-0.25253996,-0.04413772,-0.2040948,-0.2741244,0.16466701
-0.20738629,-0.06264228,-0.117086515,-0.045137748,-0.18147966,0.12517297,-0.15538888,-0.16378686,-0.019938465,-0.08717034,-0.2358861,-0.25054094,-0.1035603,-0.06284493,-0.040540352
-0.21384491,-0.15038094,-0.0060377396,-0.25570574,-0.15858339,-0.11304039,-0.19910637,-0.22239241,-0.08737891,-0.23720118,-0.24973196,0.07214772,-0.14093049,-0.13850924,-0.021049514
-0.22980225,-0.15019101,-0.0030168688,-0.26215205,-0.16784725,-0.11748992,-0.19636093,-0.23134258,-0.099428065,-0.25276518,-0.25532007,0.08752624,-0.14748554,-0.14980134,-0.026541784
-0.16132405,-0.19477233,-0.064984664,-0.36587298,-0.33783114,-0.20457575,-0.32210582,-0.23801951,-0.19665407,-0.32334164,-0.37533075,0.037059642,-0.2620722,-0.31050324,-0.09675134
-0.17112881,-0.17288423,-0.048773967,-0.34640294,-0.30841556,-0.1695719,-0.28374806,-0.20714879,-0.18098865,-0.32059622,-0.35625833,0.048656143,-0.2407425,-0.29322216,-0.08509879
-0.28498334,-0.14103693,-0.19811723,-0.2737794,-0.291719,0.11353737,-0.18940596,-0.28210396,-0.13480958,-0.26114213,-0.24379335,-0.047851536,-0.24894577,-0.18678322,-0.25050917
-0.023634896,-0.18793783,-0.18421504,-0.17901465,-0.059790615,-0.038851254,-0.1378895,-0.19259094,0.3156745,0.13317761,0.19335803,-0.057541788,0.24660689,0.11411925,-0.14761984
-0.04375875,-0.15355247,-0.1452061,-0.20054203,-0.12881795,-0.11621095,-0.17015639,-0.21764646,0.2727499,0.07052193,0.14045544,-0.0426505,0.20933506,0.048058227,-0.123919636
0.0035672989,-0.27157986,-0.2878886,0.03156069,0.016871262,0.15682307,0.08427736,-0.12684394,0.35185117,0.060482774,0.30062923,-0.047198467,0.42158207,0.14246672,-0.27565247
0.002668247,-0.28232294,-0.28617567,0.0027736016,-0.004574854,0.17224234,0.0828612,-0.1352332,0.3754768,0.06492071,0.29483318,-0.03226429,0.43823856,0.13385685,-0.2659139
-0.06501602,-0.08904162,-0.14370789,0.04221445,-0.3417487,-0.031436805,-0.31893325,0.020888306,-0.09117958,-0.32028878,-0.3400303,-0.031438526,-0.27475184,-0.098588005,-0.15516073
-0.08390765,-0.09776683,-0.14728108,0.075943716,-0.30384773,-0.031053346,-0.29863724,0.045853887,-0.079591244,-0.33559287,-0.33260775,0.007580865,-0.26082787,-0.082282335,-0.16915984
0.33276665,-0.11252937,-0.10552354,0.11179814,-0.01790531,0.12216598,0.08532474,0.088228606,-0.020443903,-0.010854924,-0.0502695,-0.07728409,0.02098756,-0.021219855,-0.052740842
0.3037622,-0.129254,-0.10814198,0.08112873,-0.041811522,0.10320335,0.04094651,0.05760138,-0.018917406,-0.026835486,-0.063895166,-0.05882673,0.0137471305,-0.03899377,-0.059571765
0.13670433,-0.082398854,-0.16453734,0.14163503,0.17924464,0.09533051,0.31449348,0.0915187,0.15106368,0.10810278,0.23457685,-0.034031082,0.14274317,0.10221389,-0.01835684
0.14476077,-0.09849222,-0.17837855,0.14082591,0.18231285,0.07226671,0.30417955,0.076579146,0.1545889,0.105077684,0.23311213,-0.043335162,0.14647968,0.09628518,-0.017093424
0.23830418,-0.081404015,-0.032473974,0.008281612,-0.03321369,-0.04296583,-0.16127056,-0.021478921,0.14008299,-0.059195008,-0.013393521,-0.02569627,0.11710158,-0.05062738,0.11172011
0.25483805,-0.08630304,-0.032699425,0.003619195,-0.017631218,-0.012042668,-0.14965183,-0.006247082,0.1645539,-0.055069625,0.026060142,0.024775958,0.13886842,-0.023156863,0.10207614
-0.15070677,0.1711938,-0.012537792,0.11439359,-0.14164045,0.27355528,-0.03349346,-0.079443455,-0.041654322,-0.031132247,-0.2902167,-0.21934542,-0.1647135,0.117188856,0.082037956
-0.15562588,0.1892685,-0.0014555156,0.1321132,-0.12590323,0.2848084,-0.053512655,-0.08135639,-0.035509136,-0.0036631972,-0.26297212,-0.19422165,-0.16275904,0.16066164,0.09912832
0.31070143,0.050285123,-0.03461828,-0.057874463,-0.24685422,-0.036617875,0.07580576,0.0065379883,-0.25147957,-0.08438334,-0.29621285,-0.16761038,-0.19883546,-0.3148409,0.090902664
0.31446505,0.06426506,-0.041645087,-0.036064602,-0.21431515,-0.0027750912,0.11892797,-0.0072284914,-0.22923055,-0.06979753,-0.2801062,-0.16041976,-0.17720681,-0.28089052,0.096535705
-0.20927772,-0.09250845,-0.15202406,-0.09421915,-0.14622003,0.15740483,-0.20294417,-0.20825547,-0.06679843,-0.011618098,-0.037872873,-0.023443524,-0.12610377,0.102599904,-0.034459792
-0.263669,-0.12505868,-0.18937902,-0.15764938,-0.20469645,0.15031494,-0.2464316,-0.22202957,-0.06850441,-0.045335352,-0.18126573,-0.113969654,-0.15449488,0.028552363,-0.08776235
0.08367451,-0.13287169,-0.17600134,-0.15101063,-0.0017787806,-0.026979756,-0.09012526,-0.1883499,-0.028145187,0.17836693,0.18159816,0.2299648,0.011194958,0.15069616,-0.054400228
0.14639813,-0.12379746,-0.16024637,-0.11333267,-0.00697281,-0.04740911,-0.10321125,-0.15918878,-0.043785356,0.16254097,0.15778533,0.25612384,-0.010719106,0.13515604,-0.034010958
-0.2525022,-0.32775193,-0.29863206,-0.36441106,-0.3669371,-0.18849978,-0.47834486,-0.32331377,-0.30771178,-0.36374858,-0.47452122,-0.086783215,-0.35878572,-0.348157,-0.26480153
-0.23964146,-0.31939906,-0.28471664,-0.37365556,-0.3783986,-0.1865053,-0.4807133,-0.29981244,-0.29643726,-0.3494757,-0.45685214,-0.08062453,-0.3481483,-0.3471911,-0.25887474
-0.24082406,-0.050448135,0.04734175,-0.16662253,-0.19870153,-0.10752976,-0.15571186,-0.21731451,-0.14129303,-0.19269717,-0.25488627,-0.10595401,-0.14040217,-0.16170669,0.085356474
-0.23409429,-0.06789072,0.060999006,-0.17335877,-0.17283574,-0.14031176,-0.1366049,-0.19829783,-0.16410515,-0.18683186,-0.27515095,-0.13047051,-0.15124415,-0.1606264,0.082315385
-0.2390274,-0.19347763,-0.28773838,-0.088985026,-0.28642416,0.21212927,-0.08381059,-0.36165267,-0.3350832,-0.3255731,-0.35179996,-0.14687136,-0.35677546,-0.20697895,-0.19680257
-0.25455165,-0.19960994,-0.2372532,-0.13765676,-0.3072428,0.16642347,-0.08348349,-0.34193623,-0.32727763,-0.30724752,-0.3412187,-0.12167981,-0.332857,-0.21352634,-0.20202094
-0.035308875,-0.024318928,-0.11302368,0.03528616,-0.22483286,0.1724486,-0.052845165,-0.18228948,-0.2900837,-0.053979505,-0.20148553,-0.07909072,-0.2340714,-0.05782889,-0.05834333
-0.0141554065,-0.048547298,-0.13152681,0.010626783,-0.24999474,0.15869717,-0.07445906,-0.17553854,-0.30271554,-0.054508373,-0.22084185,-0.085800275,-0.24604288,-0.09541282,-0.07051636
0.036349695,-0.20413142,-0.13894224,0.0035615957,-0.053159826,0.13319078,0.156448,-0.108637854,0.2290554,0.14869174,0.36532974,-0.044134296,0.36583656,0.09030104,-0.087717235
0.011960444,-0.2478179,-0.1739306,-0.04395783,-0.09315963,0.1270523,0.114982784,-0.12766264,0.22397007,0.12879437,0.33792186,-0.07501356,0.3600003,0.05726151,-0.1275162
0.26436627,0.303505,0.22223601,0.11520636,0.15909992,0.15037759,0.3623317,0.14878199,0.061305493,0.49829945,0.46009296,0.2033503,0.21047157,0.3613405,0.19433585
0.2482832,0.27090126,0.18216422,0.111306116,0.16555461,0.1533556,0.34424233,0.09225329,0.04529708,0.48171946,0.44911826,0.21832237,0.20606259,0.3453352,0.18593317
-0.095453665,0.12675883,0.058043316,0.035144486,0.13548622,0.15493044,0.16124639,-0.1361522,0.073575474,0.17244138,0.16267018,0.28332165,0.023341667,0.34312007,0.1326558
0.060248636,0.05659092,0.12531394,-0.0034500305,0.13677095,0.0026693996,0.15304159,0.18544234,0.3017257,0.29727113,0.20142359,0.29450816,0.24476863,0.30428553,0.08823963
0.06950724,0.050571106,0.12378125,0.01069,0.16198456,0.0065631447,0.16638201,0.18940176,0.2938776,0.30829751,0.2267039,0.32198742,0.24445459,0.3293953,0.0756485
0.3057744,0.3109134,0.1553642,0.049594596,0.2505837,0.038470488,0.20413515,0.17257383,0.08384797,0.41088253,0.34246108,0.07144657,0.093275,0.26919422,0.16395462
-0.08631563,-0.04945942,-0.198931,-0.09511745,-0.15945962,0.03209065,-0.0062563242,-0.16499707,-0.043612987,0.0730114,-0.024208546,0.2257123,-0.093071416,0.07597366,-0.15829241
-0.09547694,-0.04504971,-0.19508722,-0.11144681,-0.1735068,0.04447743,-0.0124697825,-0.15679953,-0.02367371,0.071137995,-0.040960386,0.21044168,-0.078347,0.06547128,-0.16306065
-0.2300739,0.010771463,-0.10829452,0.08375249,-0.17718709,0.18110466,-0.037925538,-0.23748937,-0.27847195,-0.13045347,-0.2907375,-0.07063875,-0.2782622,-0.062281363,0.06847593
-0.2121837,0.028125081,-0.07760337,0.06161143,-0.1541067,0.1692071,-0.059555225,-0.21254054,-0.28203383,-0.10462728,-0.28736335,-0.064505175,-0.28098035,-0.054046974,0.08964604
-0.13217965,-0.23408812,-0.15844524,-0.16147232,-0.17193489,-0.09458614,0.0024962123,-0.32300496,-0.11690213,-0.22397478,-0.23262858,-0.10822375,0.011891434,-0.20180368,-0.103051394
-0.15732269,-0.2260924,-0.14824797,-0.17387973,-0.19269063,-0.09038866,-0.015554532,-0.32649606,-0.08379194,-0.2182478,-0.21406049,-0.071292296,0.03706757,-0.19206631,-0.099408835
-0.17021914,-0.25517565,-0.38533294,-0.22602338,-0.2857065,0.034961358,-0.21706486,-0.20594159,0.061800078,-0.053845666,-0.039731838,-0.16955456,-0.039375793,-0.02654969,-0.31928527
-0.15590662,-0.2088087,-0.33529356,-0.2307383,-0.27796885,0.058787182,-0.19722547,-0.15668488,0.083883576,-0.008447433,-0.0043940498,-0.14281999,-0.013891613,-0.0036836562,-0.29733124
-0.23116413,-0.17341995,-0.13066213,-0.162674,-0.33478177,0.05532641,-0.19526707,-0.16846177,-0.049739897,-0.23357585,-0.24646083,-0.14395583,-0.14794087,-0.11198883,-0.25292736
-0.2453394,-0.20682018,-0.16042878,-0.20170142,-0.2826543,-0.04240067,-0.17407961,-0.18062183,-0.08044313,-0.3863359,-0.37842074,-0.1273195,-0.16234052,-0.22259441,-0.17108962
-0.25612664,-0.20354405,-0.13951734,-0.21385291,-0.25628215,-0.015007266,-0.16749662,-0.17865886,-0.031324252,-0.35834408,-0.3373403,-0.07269233,-0.11927334,-0.18732546,-0.16832012
-0.23145805,-0.06471774,-0.022711437,-0.12562281,-0.16214916,-0.026255291,-0.060763225,-0.2504971,-0.022872876,-0.07447851,-0.31843197,-0.06419818,-0.079244256,-0.07602584,0.09349367
-0.22389153,-0.021118134,0.015995914,-0.10054252,-0.14538282,-0.011889704,-0.03723336,-0.22824897,-0.010722565,-0.039717793,-0.3159129,-0.08099703,-0.06720734,-0.037613213,0.1323011
-0.26542327,-0.04748275,0.062381215,-0.24975146,-0.11836741,-0.039670862,-0.104345396,-0.18747398,-0.024838109,-0.251343,-0.24017155,0.07774983,-0.08630125,-0.08118597,0.038028684
-0.2674358,0.01652491,0.10608527,-0.18953949,-0.08200659,0.010204939,-0.059386887,-0.1524893,0.01368468,-0.19804025,-0.20398343,0.07704763,-0.04946609,-0.018865634,0.07988146
-0.36167613,-0.22816801,-0.30278745,-0.12210568,-0.26907265,0.042801023,-0.20144652,-0.32646364,0.15574041,-0.0739014,-0.28242725,-0.099272124,0.04937238,-0.083507456,-0.14646852
-0.3481925,-0.18996768,-0.29218024,-0.05703938,-0.25484344,0.08434749,-0.16350168,-0.29343194,0.14407498,-0.042312965,-0.26392308,-0.14377546,0.04243585,-0.057539646,-0.13114008
-0.23411818,-0.22402108,-0.18471318,-0.17484212,-0.25121632,0.18607551,-0.119945966,-0.23969263,0.0989708,-0.26130733,-0.074862115,-0.09590006,0.051346406,-0.061892558,-0.21073502
-0.2713799,-0.274817,-0.20554695,-0.23843512,-0.24075197,0.17291638,-0.10171732,-0.24952653,0.07382895,-0.25904888,-0.10477455,-0.025152097,0.03037904,-0.1126969,-0.24696174
0.006342201,-0.2506562,-0.30313957,-0.004118669,-0.1417417,0.1884095,-0.08013864,0.00912603,0.3581778,0.0053391983,0.0017584166,-0.2147524,0.24810222,0.12783988,-0.34409517
-0.052172307,-0.23876172,-0.30239862,-0.034242712,-0.16084853,0.1995036,-0.09652854,-0.023120422,0.3601513,0.02084215,0.010338437,-0.19362277,0.24252374,0.14824057,-0.35176152
-0.19174549,-0.16384004,-0.19532764,-0.082593106,-0.32360196,0.2621341,-0.04333949,-0.30457532,-0.22059199,-0.11154412,-0.06432275,-0.08497489,-0.19245398,-0.069905356,-0.18419734
-0.17881119,-0.15374202,-0.1817169,-0.111910686,-0.34262753,0.23667575,-0.055338465,-0.30439985,-0.2564997,-0.10783146,-0.07546638,-0.08491227,-0.21762574,-0.101146415,-0.17575899
-0.015730789,-0.22243628,-0.21398108,0.0006776071,-0.21515575,0.25678223,0.05454022,-0.27335897,-0.13769329,-0.060016304,-0.06394941,-0.025322836,-0.03664527,-0.019793032,-0.1967485
-0.025465203,-0.20250478,-0.21762756,-0.005513894,-0.20587273,0.2723328,0.043124735,-0.29384413,-0.13386567,-0.046532713,-0.06935348,-0.04710792,-0.03588853,-0.009493003,-0.17710191
0.05799198,-0.26356798,-0.2576408,-0.22769938,-0.2415033,-0.04504806,-0.17540038,-0.2773885,0.027856346,-0.15482086,-0.15430379,-0.3098406,0.036917977,-0.14671494,-0.22749001
0.079197004,-0.24510258,-0.2680449,-0.24331577,-0.23302892,-0.029415246,-0.1933126,-0.24697635,0.035978474,-0.14241081,-0.122863434,-0.3351596,0.036830083,-0.13426027,-0.23318523
-0.27269062,-0.22531995,-0.21492007,0.071772724,-0.04955487,0.3046338,0.16633442,-0.0738111,0.12924534,-0.11048322,0.062456314,-0.019848008,0.052159928,0.13491559,-0.23207274
-0.228729,-0.18918648,-0.17384097,0.07064363,-0.039280914,0.30066478,0.21275473,-0.024954889,0.17544279,-0.056276485,0.1322925,-0.048710987,0.11198794,0.16025251,-0.2108674
0.0695115,0.07250434,-0.009262649,0.010993026,-0.16182774,0.01081297,0.073400244,-0.11285114,-0.21646714,0.14927429,-0.18377069,-0.22729927,-0.089039475,-0.14238463,0.19125721
0.07202658,0.071767345,-0.025212348,0.011235066,-0.15789706,0.0080654295,0.043883987,-0.12909612,-0.23017891,0.15438417,-0.17708486,-0.2526334,-0.103044495,-0.13944909,0.19049829
-0.028443744,-0.20967066,-0.21120574,-0.18647103,-0.32026035,-0.15143147,-0.20558348,-0.31712356,-0.3037327,-0.17502701,-0.3046592,-0.014692525,-0.2020307,-0.31725055,-0.1275311
-0.03872092,-0.21895143,-0.22575644,-0.18005173,-0.33741236,-0.1544196,-0.24587649,-0.31663817,-0.302316,-0.19200781,-0.3150046,-0.017713487,-0.21652222,-0.3193858,-0.1430406
-0.06094179,-0.13227628,-0.07633053,-0.1724486,-0.28015983,-0.14043967,-0.19583029,-0.21264824,-0.26611036,-0.13985935,-0.19083363,-0.02800085,-0.16565931,-0.25008056,-0.08838743
-0.054972526,-0.14320017,-0.08360483,-0.22284248,-0.3148703,-0.19727686,-0.21544269,-0.21492311,-0.2775809,-0.15066221,-0.23495232,-0.074263185,-0.18583961,-0.30315757,-0.07091588
0.004140356,-0.10356833,-0.069891505,-0.16577467,-0.20980579,-0.11571632,-0.05230829,-0.23855385,-0.24646544,-0.05306279,-0.15340096,-0.011748858,-0.10542469,-0.22030753,0.0070408895
-0.01001677,-0.12336562,-0.06718536,-0.19438976,-0.23372436,-0.16823503,-0.07242376,-0.22829182,-0.25864717,-0.06451655,-0.21236995,-0.071548976,-0.121077165,-0.2581337,0.010729235
-0.23351485,-0.25591487,-0.3013403,-0.44041306,-0.36155245,-0.0983752,-0.47969592,-0.35705888,-0.29237518,-0.29443353,-0.3646689,-0.09652038,-0.3485853,-0.25560084,-0.24008423
-0.24004564,-0.2804855,-0.29030252,-0.46399218,-0.38188732,-0.13039337,-0.49125242,-0.36126292,-0.299141,-0.27427563,-0.3955171,-0.07011034,-0.3404482,-0.26758167,-0.25736153
0.025115993,0.3747832,0.57566315,0.3209144,0.18113136,0.033543773,0.14025669,0.4228076,-0.03353093,0.096808285,0.11160407,0.50278217,0.0016514957,0.29631403,0.29964614
0.004164863,0.3713164,0.53619444,0.35373956,0.26403028,0.106782794,0.17412713,0.41747937,-0.102281876,0.053844452,0.026957525,0.4640864,-0.0661389,0.33354557,0.31742945
0.00957167,-0.22928041,-0.2973277,-0.062564835,0.056594573,0.09962475,-0.056596257,-0.28756577,0.28248435,-0.030049458,0.06968691,-0.12419729,0.24347207,0.10439332,-0.17439093
0.012556787,-0.21579757,-0.26942503,-0.082586356,0.050012983,0.08692191,-0.060420476,-0.2830206,0.30732292,-0.0034991726,0.051534664,-0.110724136,0.2760885,0.11493552,-0.15864462
-0.15025583,-0.31601185,-0.2138716,-0.35774073,-0.31579357,-0.0982314,-0.2598042,-0.3428102,-0.29133052,-0.36085746,-0.365458,0.03917127,-0.25117323,-0.29232654,-0.27562124
-0.13211367,-0.3335877,-0.23106837,-0.34471583,-0.31594217,-0.13107479,-0.26379555,-0.3306886,-0.32107067,-0.36861044,-0.37949675,-0.023718823,-0.2777803,-0.32391018,-0.2896697
-0.2209077,-0.10822951,-0.08294607,-0.28679687,-0.3301386,-0.23765522,-0.28513157,-0.21273611,-0.28678936,-0.23169258,-0.47548372,-0.23036706,-0.30757815,-0.37624532,-0.03638018
-0.02037657,-0.2561609,-0.29084378,-0.048089135,-0.10380506,0.16926232,-0.00056895637,-0.13403344,0.306951,0.18738532,0.16546434,-0.07882404,0.3737507,0.06854842,-0.15402359
-0.05197105,-0.2733382,-0.30410868,-0.064733505,-0.12914562,0.14939114,-0.053359754,-0.17270662,0.29004222,0.15724027,0.11085281,-0.0981237,0.35076404,0.043739513,-0.16563016
0.120343834,-0.19273755,-0.07447148,-0.08261849,-0.16775924,-0.08159849,-0.08962929,-0.08199489,0.11827712,-0.10052544,-0.16650692,-0.054757547,0.1368872,-0.09956309,-0.027497932
0.13708156,-0.20557743,-0.09074485,-0.0874691,-0.16372372,-0.09203918,-0.06316671,-0.08410895,0.14559424,-0.07098889,-0.16157877,-0.07467623,0.1701347,-0.089221075,-0.047914624
0.41180664,0.02932186,0.02233702,0.010920591,-0.19306654,-0.18523851,0.1236155,0.14283891,-0.048142403,0.07411842,-0.03941116,-0.10272008,0.067081735,-0.23921935,0.049967162
0.42026496,0.04337596,0.024822,0.022654578,-0.17976883,-0.1846107,0.12886849,0.14020208,-0.048185647,0.08841972,-0.018859455,-0.104644,0.06948613,-0.23338519,0.059840303
-0.053590983,-0.20999794,-0.13160379,-0.24680567,-0.2991554,-0.16986206,-0.27015856,-0.19664526,-0.18719591,-0.3683428,-0.39246422,-0.12082695,-0.2567635,-0.307504,-0.13149291
-0.11570143,-0.15173364,-0.046995908,-0.25028974,-0.27159274,-0.15585944,-0.2438001,-0.19922397,-0.15594576,-0.31437755,-0.35064507,-0.07230682,-0.21364585,-0.253313,-0.06563379
-0.23312987,-0.2786718,-0.05850763,-0.23955667,-0.27706665,-0.09611459,-0.30563366,-0.20187013,-0.011071869,-0.3379609,-0.29748374,0.03481626,-0.11191963,-0.113041066,-0.18102571
-0.21680422,-0.27218512,-0.08066809,-0.14856735,-0.29964817,-0.06040713,-0.33227235,-0.17625922,-0.011494958,-0.3603226,-0.3067185,0.043084994,-0.1342059,-0.08462064,-0.18587314
-0.025767721,-0.015214398,0.03194889,-0.061710823,-0.23011482,0.015069105,-0.14788112,-0.09967746,-0.21718457,-0.085962154,-0.16921619,-0.03515421,-0.12817582,-0.12574238,-0.009719794
-0.027596332,-0.030884106,0.025295729,-0.12312737,-0.24505864,-0.020203535,-0.14448203,-0.11198512,-0.21370411,-0.0811631,-0.19047195,-0.06679939,-0.1251707,-0.15604189,-0.0059794355
0.29856098,0.16570099,0.15326726,0.28169876,0.33583155,0.107030116,0.11603685,0.08664912,0.07018507,0.2610022,0.1720171,0.1885522,0.14248359,0.3446961,0.31761694
0.28891394,0.16737072,0.15712152,0.2713887,0.31429136,0.09992567,0.09638936,0.07104349,0.052213717,0.24994946,0.15316743,0.19402412,0.12429594,0.33203274,0.32226795
-0.1307635,-0.097153895,-0.1950957,-0.093099095,-0.30407608,0.010260153,-0.21096784,-0.15763584,-0.14704692,-0.19594076,-0.18753271,0.19375868,-0.209446,-0.08406946,-0.23224938
-0.1211236,-0.08859116,-0.21658711,-0.13604479,-0.3089724,0.034180902,-0.16884838,-0.19696651,-0.1401524,-0.16796795,-0.19108221,0.16627142,-0.19456337,-0.06829385,-0.23454969
-0.06298684,-0.014160911,-0.027126404,0.0122278575,-0.2118047,-0.055757407,-0.06296814,0.003955769,-0.08786372,-0.13144606,-0.057857424,0.12646392,-0.050406303,-0.14380947,-0.15798509
-0.06580005,-0.014233476,-0.03846319,0.0012337869,-0.21950242,-0.048762944,-0.048906434,-0.010406321,-0.08067911,-0.110602096,-0.0561529,0.1265655,-0.040904015,-0.13449736,-0.16426617
-0.04470166,-0.086375624,-0.2040607,0.00039015268,0.0272477,0.20205122,-0.018829241,-0.030162325,0.3288893,0.26447886,0.39021543,-0.04546023,0.26430053,0.40295362,-0.17762712
-0.031615824,-0.09311724,-0.21472672,-0.0054115076,0.01284463,0.22320345,-0.0071591567,-0.037372082,0.32780015,0.27208996,0.3953824,-0.031456947,0.26517168,0.39952612,-0.18379372
-0.23583727,-0.17507498,-0.13228719,-0.20496158,-0.30727684,-0.19745663,-0.28306055,-0.23133124,-0.2623604,-0.21780425,-0.43294343,-0.21133833,-0.2579505,-0.28993505,-0.08239118
-0.21964127,-0.13759366,-0.11017355,-0.18565792,-0.2805683,-0.19130027,-0.2738821,-0.20712917,-0.2623622,-0.18943092,-0.42880103,-0.2469247,-0.2648167,-0.2720661,-0.037453026
-0.19355549,-0.42603174,-0.32635045,-0.3980137,-0.43158704,-0.043188192,-0.16301516,-0.37473705,0.10890795,-0.26359445,-0.13661472,0.045056477,0.11102371,-0.25371242,-0.37867922
-0.16316718,-0.43725243,-0.3480573,-0.39171982,-0.4186319,-0.038966708,-0.17545427,-0.3774436,0.025030933,-0.28967595,-0.16726112,0.09360637,0.03959381,-0.26292503,-0.40203643
-0.15728436,-0.19211966,-0.24937782,-0.17510474,-0.28902155,0.1612333,-0.0017067228,-0.29666805,-0.20380145,-0.31979197,-0.30493337,-0.21539325,-0.18646991,-0.2125805,-0.17785679
-0.15190396,-0.20641154,-0.2562548,-0.23453319,-0.30617818,0.16537413,-0.020463647,-0.28436083,-0.16634092,-0.2756889,-0.27459663,-0.19193721,-0.14548784,-0.20746475,-0.20646814
0.019932937,-0.20314333,-0.18117523,0.03262009,-0.024436655,0.21158281,0.1419478,-0.12768471,-0.008533209,0.04944583,0.1400832,0.04951354,0.138549,-0.0072177537,-0.14428791
0.0005484598,-0.20364527,-0.167035,-0.005298349,-0.102431804,0.17556727,0.1267014,-0.15180378,-0.04334125,0.0367684,0.12070422,0.01189827,0.10080923,-0.04858938,-0.11494596
0.057929218,-0.20264736,-0.18913844,-0.17367291,-0.19940072,-0.16512005,-0.23908654,-0.29300022,-0.1612652,-0.24314196,-0.37646478,-0.06664871,-0.16686979,-0.2480864,-0.06344895
0.051435485,-0.20173806,-0.16786598,-0.17887358,-0.1903013,-0.16202846,-0.21290177,-0.2988602,-0.116337,-0.20244752,-0.35857645,-0.09479712,-0.1080333,-0.20641798,-0.06844074
0.26249236,-0.2485758,-0.36803836,0.050168455,0.05596001,0.26146,0.11789614,-0.14833319,0.30861828,0.082299575,0.37113625,-0.042605646,0.33632794,0.19073597,-0.30662486
0.118642375,-0.3277921,-0.4513796,-0.057888083,0.06320572,0.289989,0.12455084,-0.25669056,0.33727965,0.022680007,0.25798553,-0.09298605,0.29244232,0.2061537,-0.38654307
-0.30913606,-0.08823166,-0.07768916,-0.12451791,-0.21252528,0.14472726,-0.091269836,-0.21857166,-0.015552826,-0.22632983,-0.30919302,-0.13183227,-0.12699503,-0.066067874,-0.091709845
0.009742511,-0.16837734,-0.1707241,-0.08963871,-0.24037525,-0.05189395,-0.2610749,-0.20960319,-0.29912263,-0.22107576,-0.39068922,-0.102124944,-0.30925196,-0.18774813,-0.10884188
0.0065643005,-0.17326161,-0.17056996,-0.13219658,-0.24231109,-0.047627,-0.27202046,-0.22341284,-0.28880918,-0.21047798,-0.38995862,-0.09068624,-0.2951553,-0.18717739,-0.1212534
-0.0019569527,0.014226646,-0.0769591,0.34020334,0.23770484,0.2333118,0.34138754,0.07992986,0.27794558,-0.026977919,-0.085665144,0.20966056,0.13694096,0.41382372,-0.029849004
0.008012034,0.034619518,-0.049096256,0.33232844,0.20613945,0.23062046,0.34360403,0.107121795,0.285029,-0.021060202,-0.098856166,0.17284264,0.14506185,0.4061604,-0.021605263
0.32121766,0.09096111,0.11147483,-0.004118279,-0.26070625,-0.24241827,-0.053320635,-0.0054204455,-0.3144083,-0.03763467,-0.21572736,0.20227125,-0.21624255,-0.21969122,0.17348245
0.3150999,0.07750593,0.10205665,-0.0055614337,-0.26614827,-0.25699082,-0.08544855,-0.01284269,-0.32403392,-0.050648436,-0.22252634,0.1917024,-0.23080848,-0.23855075,0.1615786
0.082655266,0.0944802,0.012810521,0.041879818,0.008556071,-0.17848407,0.033703405,-0.051221214,-0.08087936,0.11194235,0.04581196,0.2511399,-0.041090492,-0.012865115,0.04335592
0.08406011,0.053982012,-0.047123328,0.036419284,0.016236784,-0.17213163,0.033063162,-0.057648808,-0.048239417,0.13509895,0.03965628,0.21887529,-0.0010207146,-0.007049433,-0.0017184705
0.10195243,0.2126141,0.25196028,0.10747315,0.10916264,-0.27422133,-0.024670811,0.17166868,-0.08345007,0.08616981,0.021939626,0.2738385,-0.051860332,-0.0037844856,0.19676588
0.10546833,0.23635688,0.26280588,0.12872835,0.1268853,-0.25576055,0.01551191,0.17470194,-0.04504916,0.11547282,0.019583765,0.26930147,-0.025964962,0.03789397,0.21237698
0.022871187,-0.008729849,-0.018810626,0.1389947,0.20278323,-0.24017099,0.09648808,0.019011773,0.054860998,0.06267879,0.046425417,0.27009505,0.055615302,0.03914629,0.052933116
0.036787868,0.029057086,0.010976753,0.13290931,0.1853472,-0.26551288,0.07271916,0.05956202,0.019974593,0.10732767,0.024362091,0.21802077,0.03126427,0.041862644,0.044095345
-0.36295503,-0.2908281,-0.17510486,-0.20664828,-0.2062327,-0.061430708,-0.14524427,-0.3372295,-0.026633255,-0.12904492,-0.31640837,-0.10924117,-0.06739746,-0.100826934,-0.16986153
-0.35581264,-0.32447004,-0.19259417,-0.23147854,-0.20657781,-0.0436278,-0.14594617,-0.3263776,0.03517431,-0.11955528,-0.29065025,-0.101268776,0.001957465,-0.088364445,-0.20662823
-0.07351037,-0.13507235,-0.06609874,0.01505732,-0.094717346,0.09522098,-0.000110889785,-0.086950004,-0.133623,-0.005901444,-0.12498667,-0.11466361,-0.05285816,-0.0915056,-0.01936531
-0.05999613,-0.1389679,-0.08208655,-0.0030077742,-0.11234392,0.087536514,-0.018338906,-0.11133401,-0.14710502,-0.0036429476,-0.1309739,-0.11957744,-0.061065994,-0.105765685,-0.021739542
-0.15559581,-0.17809159,-0.19305,-0.11060294,-0.3329284,-0.006417745,-0.072615206,-0.20455217,-0.18203165,-0.12810266,-0.1629802,-0.26909035,-0.09669271,-0.25633326,-0.12387358
-0.17047699,-0.13282935,-0.1764507,-0.11589604,-0.28469902,0.0024115993,-0.046060078,-0.20455883,-0.15884215,-0.08918286,-0.17263797,-0.27244166,-0.07553905,-0.22533044,-0.09503804
-0.06646614,-0.04527795,-0.07284267,0.0052567353,-0.23977095,-0.020532846,-0.1067951,-0.11225707,-0.32787156,-0.23204917,-0.3225062,0.0050953166,-0.2802888,-0.17453074,-0.017171603
-0.07027075,-0.055579666,-0.083608404,-0.03631017,-0.23624119,-0.005412285,-0.100963935,-0.13838956,-0.32279176,-0.22379106,-0.31934524,0.03953411,-0.2721675,-0.18133423,-0.024750933
-0.045017578,0.28937513,0.47001886,0.052668117,-0.061872303,-0.11451414,-0.01543839,0.27496523,-0.022704965,0.022750568,0.07398832,0.3053941,-0.09052948,0.11023591,0.22978514
-0.08170929,-0.16817898,-0.17218795,-0.2970571,-0.41816664,-0.25448605,-0.36349463,-0.2679124,-0.38135427,-0.31066382,-0.50347483,-0.2270782,-0.38833708,-0.34619898,-0.15609655
-0.00029968534,-0.31044835,-0.36172593,-0.16891176,-0.1700747,0.08767888,0.008907229,-0.2416749,0.07493484,-0.17536852,-0.08034006,-0.27288955,0.05249846,-0.16075611,-0.23127776
-0.029067533,-0.32309356,-0.3722949,-0.19471118,-0.14579087,0.08484055,0.0005123509,-0.30804688,0.053411976,-0.16256797,-0.12934291,-0.25313687,0.052743368,-0.13517031,-0.23880729
-0.029288488,-0.16660008,-0.16083917,0.168282,-0.03074254,0.11922424,0.26879603,-0.045183696,0.23568144,0.11645512,0.14410889,-0.20480198,0.39707923,0.092180505,-0.06778929
-0.04641181,-0.21084061,-0.2024095,0.122940525,-0.06600189,0.121543035,0.2139668,-0.093984544,0.24729708,0.096573964,0.1353183,-0.19287178,0.40280646,0.059975535,-0.0927293
-0.068788186,-0.10891124,-0.09273865,0.024644103,-0.12771705,0.15921554,0.12588966,-0.15402377,-0.10774097,-0.05218746,-0.036422215,-0.030439224,-0.01986643,-0.045223556,-0.14099212
-0.09771167,-0.08972427,-0.0834031,0.03958404,-0.13014635,0.16159078,0.093119755,-0.17395423,-0.12015979,-0.09306674,-0.057685312,-0.062078077,-0.045740932,-0.0501827,-0.13560876
-0.29228228,-0.20504993,-0.2640366,-0.24291115,-0.22487569,0.17423402,-0.098072916,-0.31681806,0.11215009,-0.24813241,-0.084436476,-0.22399199,-0.0151570765,-0.06925249,-0.20276606
-0.32388857,-0.20527998,-0.27963778,-0.17365888,-0.1899115,0.18874714,-0.14994541,-0.36134508,0.06380987,-0.3311119,-0.17057315,-0.24796465,-0.07487223,-0.010794855,-0.22161967
-0.20548728,-0.21787179,-0.28451562,-0.091253206,-0.1661205,0.2860283,0.049455278,-0.24106187,0.07068677,-0.24694848,-0.0931218,-0.21975157,0.01425425,-0.024805661,-0.23885983
-0.09433457,-0.24405348,-0.30192226,-0.05368554,-0.13875717,0.2276995,-0.02566532,-0.16447097,0.06796732,-0.25722086,-0.15542938,-0.22522295,-0.013680281,-0.050702795,-0.26022512
-0.24550988,-0.12545171,-0.18282399,-0.07652974,-0.16466266,0.23796463,0.1574626,-0.14539981,0.11546625,-0.24495256,-0.14790726,-0.14561525,0.0524711,-0.050694596,-0.1528434
-0.22079578,-0.12852864,-0.20623079,-0.09483287,-0.15303357,0.25018322,0.16920725,-0.14905466,0.09635322,-0.21756475,-0.13012728,-0.12933232,0.036395326,-0.045246214,-0.16847232
-0.20561728,-0.11626488,-0.10384931,-0.23979086,-0.25945774,-0.010957213,-0.22708318,-0.22787917,-0.21944499,-0.27034426,-0.31763488,-0.055208646,-0.22940575,-0.19104914,-0.081781104
-0.20213981,-0.1183028,-0.1061763,-0.2710249,-0.25583142,-0.018146422,-0.22387373,-0.2403727,-0.22665474,-0.25565356,-0.32351905,-0.062489733,-0.23504087,-0.18926927,-0.08133161
0.10770315,0.11801417,-0.010545095,0.24059594,0.07801677,0.24248624,0.22906245,-0.07827364,0.025713116,0.25585705,0.31182325,0.19609967,0.12849635,0.24646689,0.122386545
0.103803456,0.11454861,-0.012852427,0.23693514,0.07820228,0.24049377,0.22666499,-0.082166776,0.0263302,0.2531786,0.31174463,0.19885623,0.12956037,0.24449834,0.12035181
0.11795716,-0.08829294,-0.2902334,-0.13068599,-0.24479443,0.08476019,-0.16502704,-0.24585143,-0.20581296,-0.11832132,-0.2691499,-0.13529344,-0.19974917,-0.10169853,-0.1639452
0.04770883,-0.0817622,-0.3188175,-0.17337926,-0.2514668,0.1010969,-0.17898655,-0.30478776,-0.21172823,-0.10308871,-0.2813009,-0.11984964,-0.21824214,-0.105350584,-0.1584639
-0.22165787,-0.27711767,-0.12634811,-0.18284413,-0.25317523,0.031276233,-0.09706408,-0.09422591,-0.008116087,-0.22208074,-0.13604784,-0.08504176,-0.018570352,-0.14829633,-0.20287922
-0.22410958,-0.26696664,-0.13885702,-0.14811975,-0.24510631,0.042458486,-0.08384362,-0.08163784,-0.026896948,-0.22796208,-0.12121697,-0.10345444,-0.04512768,-0.1364311,-0.21168321
0.21682261,-0.08666316,-0.067396425,0.14556447,0.08320159,0.027642787,0.24237397,0.21039698,0.14201209,0.12743331,0.3152138,0.15156406,0.16993389,0.11949974,-0.032476105
0.19758356,-0.119603574,-0.1030639,0.14756465,0.11950969,0.052806504,0.26529348,0.18917727,0.16322458,0.13913748,0.32066485,0.16596675,0.18271989,0.15056325,-0.062775515
-0.24114273,-0.07926853,-0.06258261,-0.22271158,-0.23743112,-0.053296715,-0.25985003,-0.22950165,-0.121698946,-0.16473055,-0.2725411,-0.1627441,-0.21036832,-0.18499982,0.009696523
-0.24766031,-0.26680744,-0.24138716,-0.22201928,-0.3424651,-0.068761684,-0.21785948,-0.2964692,-0.2881351,-0.20678714,-0.38572478,-0.15812568,-0.2723444,-0.2998082,-0.14879778
-0.24317607,-0.23233128,-0.22439331,-0.23333871,-0.332503,-0.07109494,-0.22680601,-0.29610568,-0.306662,-0.19240439,-0.38442507,-0.18763229,-0.29058078,-0.3042232,-0.13215321
-0.20799145,-0.16701815,-0.06506832,-0.03032488,-0.13868394,0.054927103,0.063425645,-0.1350885,0.16224506,-0.07492268,-0.18117233,-0.019417286,0.10354869,0.033384297,-0.01717969
-0.20582952,-0.1724492,-0.075709864,-0.053845532,-0.1480056,0.036670208,0.07493824,-0.14284196,0.14867014,-0.04738161,-0.19319701,-0.07945889,0.10672024,0.024622902,-0.016665615
0.060369365,-0.110640995,-0.2513047,0.038246576,0.09427718,0.27845907,0.11873517,-0.094985485,0.36794898,0.28139552,0.31965238,-0.16041872,0.43110174,0.32268912,-0.17634995
0.057918437,-0.12255726,-0.2615771,0.024089623,0.08076671,0.30019647,0.114351794,-0.11135382,0.39145607,0.31597883,0.3036652,-0.14566118,0.44819778,0.33477783,-0.1717324
0.21059653,-0.00079809246,-0.0817614,-0.08596246,-0.08111189,-0.1543121,-0.15517259,-0.15876701,-0.17132653,-0.12739268,-0.21559045,-0.16636284,-0.15258887,-0.13045129,0.047423538
0.21296066,-0.0041808765,-0.081358224,-0.09963018,-0.094157934,-0.1544135,-0.18165329,-0.15581761,-0.16866115,-0.12541607,-0.21640392,-0.168443,-0.15505776,-0.13636583,0.046216
-0.240488,-0.069517,-0.056276478,-0.056133516,-0.13412951,-0.02809429,-0.0052499147,-0.2086677,-0.038273517,-0.15269884,-0.34354535,0.12640035,-0.11350241,-0.060778007,0.049770962
-0.22146851,-0.06243147,-0.0435948,-0.05539427,-0.10088919,-0.0023048446,0.021148598,-0.19112277,-0.0061202403,-0.11346423,-0.32618704,0.072305344,-0.07376231,-0.032449402,0.067543864
-0.222668,-0.07703233,-0.0439622,-0.07304905,-0.11829288,-0.025420396,-0.010064031,-0.22142458,0.0142994,-0.12238492,-0.304513,0.12210009,-0.062430084,-0.037993453,0.05606507
-0.2279852,-0.08576385,-0.04381111,-0.081082515,-0.120018646,-0.011350841,0.009124074,-0.2187652,0.01845114,-0.13412958,-0.31025043,0.14307687,-0.053305667,-0.0354428,0.0517289
-0.11790337,-0.093026385,-0.11687794,0.04371077,-0.22579376,-0.12932098,-0.15686509,-0.17885792,-0.20452361,-0.29725498,-0.4301204,-0.29787302,-0.25373372,-0.15266111,-0.07119
-0.010898194,-0.09684031,-0.13417406,0.016638316,-0.27598602,-0.14259404,-0.15841916,-0.15061554,-0.20978713,-0.24294233,-0.4309309,-0.32006627,-0.24611744,-0.18378496,-0.07548623
-0.19965366,-0.14563875,-0.13540682,-0.02597177,-0.2009345,0.21904637,0.0062248465,-0.28365454,-0.13183169,-0.09277152,-0.2039447,-0.10958202,-0.06826353,-0.023557859,-0.087739035
-0.20172971,-0.14111915,-0.13470197,-0.025426228,-0.20056114,0.222135,0.01356836,-0.28968823,-0.14186361,-0.09947349,-0.22876339,-0.13646063,-0.08105072,-0.026514675,-0.085971534
0.06922667,-0.073945165,-0.2504756,0.10314904,-0.16744556,0.16869615,0.15404241,-0.22833851,-0.23306496,-0.17841288,-0.21377814,-0.004466706,-0.12861381,-0.1349589,-0.056567803
-0.048091043,-0.09522316,-0.21733353,0.048880894,-0.16893947,0.17771706,0.092230156,-0.26137945,-0.27430373,-0.229985,-0.2602753,-0.040004075,-0.17237416,-0.15181728,-0.05764042
0.11994849,-0.2802766,-0.20568477,-0.043258224,0.06670548,0.029818721,-0.13894388,-0.07201499,0.31419712,-0.14021584,0.107308686,0.01923546,0.19008663,0.07104446,-0.17328313
-0.05698391,0.0032433765,-0.0777047,0.08700767,0.027251117,0.07344532,-0.0533012,0.26802248,0.043242257,0.14862907,0.13281733,0.2102288,-0.018062245,0.22624394,-0.17801696
-0.037639,-0.00797875,-0.073943965,0.09715085,0.009842549,0.070136786,-0.062317055,0.30762473,0.051976476,0.14270532,0.16369882,0.17874019,-0.0071142237,0.20716289,-0.1884853
-0.08238104,0.11953169,-0.018677732,0.0033727875,-0.07299038,-0.001283892,0.06380265,-0.20316805,-0.12735666,-0.072855756,-0.33772588,-0.28938186,-0.18554947,-0.14195308,0.215858
-0.06160888,0.12098185,-0.036143206,-0.005429023,-0.09602341,0.012956512,0.063178875,-0.17998882,-0.102364406,-0.07473878,-0.3164936,-0.30989152,-0.16782853,-0.164482,0.1820131
0.24113649,0.26951453,0.41583025,0.1932847,0.025467668,-0.096631445,0.07954207,0.43768907,-0.007570018,0.15895621,0.21011415,0.2806355,0.049957234,0.049364343,0.32645917
0.22108424,0.2404749,0.39641666,0.16582435,-0.0050578145,-0.11059515,0.03918563,0.43379414,-0.012609033,0.14195788,0.19220172,0.28843224,0.030509189,0.04367637,0.29936582
0.031079015,-0.24882558,-0.1802685,-0.050553177,-0.06562304,-0.113665834,-0.2355747,-0.14103,0.30612934,-0.18097667,-0.09733938,-0.027049718,0.17132398,-0.03194818,-0.17060065
0.047962975,-0.31641668,-0.2244705,-0.055245854,-0.09099956,-0.14416654,-0.25405395,-0.106768616,0.32847533,-0.18254027,-0.023020588,0.0047500953,0.20812169,-0.066890925,-0.23668778
0.17729789,-0.18468657,-0.1825948,-0.024304908,-0.083271176,-0.04845022,-0.16007262,-0.28293025,-0.13310522,-0.10672633,-0.18575725,-0.119757235,-0.07159287,-0.124762826,-0.046370625
0.16827127,-0.18674943,-0.18665653,-0.05639577,-0.09612191,-0.031226017,-0.17799476,-0.29834247,-0.14229767,-0.11175903,-0.1943518,-0.11560376,-0.08134566,-0.14133978,-0.044266663
-0.017939622,-0.11836429,-0.029521178,-0.19374776,-0.16043165,-0.06711559,0.00023153797,-0.18448657,-0.18568055,-0.06120926,-0.16043542,0.0053177006,-0.019979654,-0.18880956,0.00030130148
-0.035990607,-0.13284917,-0.05287662,-0.2118576,-0.17161229,-0.084630564,-0.032080587,-0.21203536,-0.18839143,-0.08069423,-0.1810368,-0.01560157,-0.03310375,-0.20320532,-0.025395561
-0.19927883,0.07928519,-0.010833884,0.054963782,-0.07152173,0.15398854,-0.028540678,-0.051000357,-0.021958217,0.100769624,-0.048592016,-0.18468982,-0.065621376,0.13279667,0.026245069
-0.25669187,-0.022826385,-0.09986535,0.008220336,-0.0835531,0.17605454,-0.026919503,-0.096043035,0.017123194,0.07059267,-0.124009445,-0.1271821,-0.06218849,0.122204944,-0.06267306
0.16388342,-0.20131323,-0.14606038,0.006604756,-0.011880018,-0.0525174,-0.056043334,-0.057593353,0.23810025,0.015476862,0.017636558,0.07371118,0.2577824,0.06063708,-0.092504136
0.17323762,-0.20024642,-0.14625102,-0.010629265,-0.036513697,-0.054312136,-0.06593816,-0.06013041,0.24241716,0.03623801,0.04794313,0.059391327,0.26117483,0.056267057,-0.1032315
0.36582193,0.06211888,0.08313234,0.015529707,0.023357492,-0.0225793,-0.0019067056,0.06128493,0.1891883,0.16574761,0.041982036,0.058882266,0.21648774,0.031332012,0.2560492
0.38000453,0.070432305,0.08597526,0.004116907,0.0036342076,-0.023776248,-0.0063452995,0.07388106,0.17380816,0.17083919,0.018387526,0.08657256,0.20123927,0.030721549,0.2445676
0.12996219,-0.31872237,-0.31976312,0.069924444,0.040008467,0.07342436,0.0018332908,-0.110408105,0.19996913,-0.11890082,0.06284586,-0.02412561,0.20549057,0.0591306,-0.31834298
0.102010794,-0.3305016,-0.32886457,0.04117255,0.048463155,0.055239614,-0.04632449,-0.14912048,0.18935668,-0.15085399,0.03676555,-0.053222906,0.1889313,0.037345964,-0.31356588
0.3738889,-0.0289466,-0.19398955,0.25488782,0.4047861,0.26188675,0.23219633,-0.022146892,0.06526781,0.1853565,0.4311949,-0.014013242,0.15361802,0.24633095,0.037777916
0.3658077,-0.05315849,-0.21049358,0.20402512,0.36058664,0.25728625,0.20848149,-0.055231176,0.07781356,0.19767722,0.42081597,-0.027969416,0.1634585,0.2359281,0.026179545
0.31641293,0.04377924,-0.13694268,0.23369697,0.44188234,0.21906027,0.13555053,0.0011034156,0.089243904,0.27802077,0.43973655,0.00500484,0.14684127,0.32463807,0.074288435
0.3076725,0.008259781,-0.16807799,0.19902757,0.4178052,0.19329798,0.11356228,-0.02890497,0.11087254,0.26413023,0.4277538,-0.013651703,0.16921562,0.29451934,0.04645361
-0.15053084,-0.1937761,-0.21170825,-0.14163736,-0.20568137,-0.061116334,0.04621084,-0.35863256,0.02168795,-0.16751659,-0.35879746,-0.06012073,-0.008600894,-0.13247393,-0.08969839
-0.16513364,-0.1802338,-0.19906291,-0.13689467,-0.2209388,-0.06339158,0.04149743,-0.36280927,0.032825455,-0.17649433,-0.36256447,-0.12291676,0.00042659976,-0.1346928,-0.078358084
-0.31094643,-0.037592508,-0.11029147,-0.08822174,-0.10805563,0.21343943,0.026464868,-0.15302503,0.21386793,-0.17165916,-0.17133604,-0.19820766,0.10271411,-0.029047634,-0.066315375
-0.3061936,-0.04214491,-0.118519925,-0.10169482,-0.11334745,0.22731882,0.018333724,-0.15114541,0.23307271,-0.1486339,-0.13989788,-0.20119306,0.11934196,-0.020374168,-0.078132264
-0.082978174,-0.21026917,-0.30420542,-0.16621399,-0.15987802,0.2102714,0.021552928,-0.20004782,0.11117477,-0.16731496,-0.026453838,-0.19081603,0.06390626,0.058675103,-0.35028625
-0.024324652,-0.051982217,-0.18730879,-0.04099779,-0.0641059,0.22864446,0.1348924,-0.10941231,0.07534589,-0.10203083,-0.0045627006,-0.19720872,0.042786974,0.12340601,-0.20697328
0.23802495,0.151589,0.07052968,-0.02736077,-0.0060205907,-0.0143870795,-0.13483927,-0.101517245,-0.16980013,-0.041947216,-0.09349256,0.062278606,-0.17447534,0.03938493,0.21920094
0.16910395,0.08849655,0.014803794,-0.062274545,-0.056565195,-0.0382811,-0.17896116,-0.13799162,-0.17480093,-0.1021203,-0.16019501,0.009347274,-0.18505825,-0.02569822,0.16413546
0.00096775126,-0.22563213,-0.3432171,-0.077435955,-0.038368825,0.099506296,0.04557698,-0.16868392,0.30067796,0.16952924,0.28564298,0.17178476,0.3212147,0.11892067,-0.24525529
-0.1876254,-0.27357298,-0.3398313,-0.14538312,-0.03484667,0.09420493,0.041725587,-0.20959492,0.38472608,0.14503442,0.23334968,0.13579002,0.294662,0.23133388,-0.29076388
0.16307533,-0.22065562,-0.26665795,-0.2952484,-0.3411259,-0.0786418,-0.20929307,-0.19000977,-0.17622073,-0.28753722,-0.34806263,-0.23807704,-0.18139301,-0.36494148,-0.16969672
0.16674481,-0.20018071,-0.23561057,-0.29891,-0.3389327,-0.0619416,-0.21165974,-0.17975478,-0.15468907,-0.26989502,-0.3460647,-0.22434577,-0.15821451,-0.3278746,-0.15380338
0.25440848,0.30062917,0.12717876,-0.025924165,0.12699032,0.058565088,0.057698436,0.124496095,-0.06122434,0.31790844,0.25899014,0.23131481,-0.061857495,0.19035615,0.15534171
0.2522209,0.2545554,0.085979715,-0.045423105,0.12033985,0.045044553,0.041915677,0.081315085,-0.06835509,0.29729566,0.2621352,0.2644987,-0.054305214,0.1602689,0.1086998
-0.10808302,0.15680268,0.19306773,-0.1850131,-0.13941441,-0.09564476,-0.046538547,-0.094822235,-0.0002953494,0.076230034,0.18816319,0.24640064,-0.028879665,0.03657893,0.059487164
-0.095466055,0.1409415,0.18263063,-0.19252405,-0.13830927,-0.07941061,-0.018943211,-0.10759677,0.06397649,0.12137997,0.23647252,0.24753964,0.044759117,0.07339529,0.053729378
-0.08345595,0.13604729,0.19892028,-0.21370777,-0.20230971,-0.13594683,-0.059686247,-0.1631393,-0.0063723037,0.12788177,0.20821258,0.22649775,0.0237183,-0.009114233,0.10212191
-0.07356228,0.12872294,0.19169797,-0.2070244,-0.1825996,-0.12497367,-0.023639876,-0.1700699,0.03278152,0.15429893,0.24995047,0.24145836,0.075049795,0.025236325,0.087040186
-0.031190632,-0.14303385,-0.10717891,-0.023885477,-0.18080135,-0.0175751,-0.098964304,-0.13182357,0.004959128,-0.0968914,-0.048830427,-0.17868754,0.08659549,-0.08655399,-0.15158239
-0.061883166,-0.15504828,-0.09870972,-0.103999846,-0.20256528,-0.022984292,-0.10388479,-0.14395499,0.026385121,-0.068896815,-0.07317738,-0.17825338,0.10587226,-0.11047676,-0.13349055
0.31392473,0.26974398,0.049324907,0.5399585,0.18283202,0.29638034,0.39648753,0.24471569,0.043389697,0.13937598,0.28565472,-0.013665,0.07495299,0.27504456,0.17489785
0.29170722,0.26879013,0.060512625,0.55389404,0.18888587,0.31254447,0.38358688,0.24911174,0.03631024,0.13259307,0.27352017,-0.0031295684,0.06411686,0.2990656,0.17840286
0.32450527,0.035671756,-0.013821712,0.08923691,0.048748963,0.13559523,-0.11153898,0.06009408,0.26342463,0.2333459,0.15211833,0.04157867,0.22724992,0.18916276,0.08922533
0.3324463,0.06328368,0.0017794662,0.08626386,0.037398413,0.13361785,-0.10240881,0.068299435,0.24277785,0.23102275,0.1558615,0.003173349,0.20934866,0.17345947,0.102944665
-0.23235641,-0.14785242,-0.122394316,-0.114932194,-0.3109763,0.22247094,-0.03448665,-0.20331031,-0.052863758,-0.20574597,-0.1451757,-0.100847095,-0.1088296,-0.060155816,-0.17859837
-0.2647363,-0.17511964,-0.12524626,-0.16981977,-0.2890576,0.18191703,-0.011428236,-0.18501374,-0.06601389,-0.20743425,-0.16609311,-0.12277934,-0.11655611,-0.11808667,-0.19750455
-0.11908275,-0.18362834,-0.13068017,-0.22256537,-0.35713038,-0.21303001,-0.28642505,-0.2172793,-0.2939378,-0.24018256,-0.33745652,-0.023860116,-0.24222618,-0.30000442,-0.14427432
-0.11752127,-0.20351006,-0.1456171,-0.26696533,-0.36109546,-0.23398867,-0.2690556,-0.23193619,-0.30404073,-0.24601033,-0.33648816,-0.07916671,-0.24003723,-0.33996922,-0.14293304
0.0043963008,-0.06946499,-0.03575297,0.010566891,-0.099014096,0.0962293,0.17597154,-0.15361503,-0.14262007,0.022777785,-0.10623364,-0.08033681,0.038683932,-0.12904066,0.07386343
-0.0097356085,-0.06793695,-0.050281446,-0.0194497,-0.10520512,0.09380716,0.124801904,-0.17200011,-0.15136948,0.027132887,-0.10289371,-0.074707836,0.025510017,-0.13872164,0.060558543
0.2906912,-0.13916886,-0.19392677,0.09534466,0.13279696,0.17673853,0.0894983,-0.08493471,0.2868976,0.1795921,0.26680335,-0.020082988,0.3526242,0.17295045,-0.06356324
0.27348033,-0.14018223,-0.19030656,0.07353399,0.12255478,0.17238434,0.06638051,-0.11246445,0.28760177,0.16203925,0.27064058,-0.03339078,0.35079572,0.16861907,-0.063665144
-0.2108195,0.061211932,0.06317161,-0.12224904,-0.060694925,0.116019264,-0.054829672,-0.18151921,-0.08546442,-0.08705083,-0.18748808,-0.031665504,-0.14186737,-0.037335634,0.15227808
-0.2105149,0.0770123,0.05493276,-0.099988066,-0.10039437,0.14682163,-0.053731926,-0.16839346,-0.09264868,-0.108317055,-0.18947494,-0.049188577,-0.1601532,-0.054701377,0.1413822
-0.29148567,-0.261912,-0.39299375,-0.2931553,-0.16744813,0.1135585,-0.25404462,-0.4279406,-0.16602772,-0.272829,-0.27366477,-0.24356651,-0.23452993,-0.20081547,-0.2188529
-0.31016564,-0.27526763,-0.3827218,-0.28942585,-0.17553815,0.09841177,-0.24556243,-0.40153706,-0.12407164,-0.28427187,-0.3031426,-0.24708697,-0.1996447,-0.20329434,-0.22783811
0.296108,0.2549462,0.17795926,0.10663606,0.044896215,-0.023333494,0.14881325,0.21108842,0.023752475,0.30661696,0.06651966,0.118938155,-0.025864903,0.24272425,0.20813034
0.35625356,0.18275404,0.133259,0.10796052,0.05723632,-0.0409266,0.12637843,0.21280375,0.04884053,0.31741846,0.060421593,0.10221839,0.01723101,0.23519671,0.18704176
-0.16212003,-0.2795681,-0.16668877,-0.28887933,-0.3291811,-0.11765317,-0.30732194,-0.22769827,-0.25960246,-0.3117156,-0.34937996,-0.07134752,-0.22573902,-0.2795689,-0.22220841
-0.13136514,-0.2602464,-0.17232662,-0.29429,-0.33752167,-0.11964943,-0.28673363,-0.22029561,-0.2792042,-0.29333174,-0.35591772,-0.11531103,-0.23682334,-0.29442236,-0.2145838
-0.28050622,-0.35060912,-0.34384874,-0.48942342,-0.52950823,-0.15905032,-0.52073944,-0.36035472,-0.20898834,-0.33732545,-0.40753478,-0.21648493,-0.2508554,-0.41129398,-0.31954002
-0.26436442,-0.3258078,-0.32136413,-0.4318154,-0.49401712,-0.16689822,-0.4669919,-0.3299485,-0.14173174,-0.29373702,-0.4074563,-0.28789794,-0.1871967,-0.37713468,-0.27428764
-0.0044658603,-0.19496806,-0.14500183,-0.26717302,-0.33157486,-0.1827982,-0.18407395,-0.21553284,-0.24532625,-0.07814358,-0.2711199,-0.11838819,-0.1262135,-0.3125387,-0.10074653
-0.041329943,-0.21591204,-0.1583657,-0.27509898,-0.34132206,-0.1736131,-0.20734586,-0.24080405,-0.21569577,-0.09631577,-0.27231577,-0.08336163,-0.10729066,-0.3121831,-0.12054993
-0.30111623,-0.1978531,-0.31909794,-0.25856793,-0.2860496,0.016372759,-0.3953629,-0.44473517,-0.21222264,-0.16264683,-0.3723244,-0.30510694,-0.27299762,-0.14250006,-0.12430089
-0.2842993,-0.16321188,-0.28764844,-0.26324022,-0.2729566,0.0103788115,-0.33231682,-0.41500413,-0.16873793,-0.0812589,-0.33535945,-0.3095278,-0.21870889,-0.131517,-0.086653456
-0.0335467,0.23241213,0.40831196,-0.043429904,-0.020519309,-0.036121354,0.052998923,0.24953935,0.1937647,0.24589644,0.3052904,0.25316447,0.18180317,0.16756994,0.097850785
-0.017260183,0.20916805,0.39722484,-0.06218766,-0.052191913,-0.041360915,0.03679734,0.28086013,0.19180459,0.23221356,0.2760558,0.27944288,0.17533657,0.1377964,0.0881848
-0.088653535,0.3245468,0.5281626,0.09784784,0.14115953,0.060571037,0.12771711,0.39945066,0.19741787,0.24699396,0.2018711,0.19800702,0.1626147,0.30897278,0.1957323
-0.081883505,0.31111017,0.5223639,0.10889255,0.15741156,0.056673024,0.14255139,0.40377298,0.21393326,0.2515891,0.2200003,0.19866864,0.18451424,0.32862324,0.18904416
0.16535795,0.043711957,0.062482268,0.08563438,0.18083718,0.011456453,-0.12436147,-0.029214507,0.3120216,-0.001205689,-0.056905054,-0.033869676,0.18539682,0.19813724,0.17208354
0.20096035,0.07944645,0.1814982,0.08021757,0.09884247,-0.029402703,0.10981247,0.13408504,0.092463136,0.3727928,0.3966437,0.3188154,0.21284896,0.2944324,0.06333746
0.1819589,0.0564064,0.1642504,0.074698105,0.12280161,0.056076344,0.14616865,0.1526401,0.10207535,0.35696244,0.3990553,0.2901575,0.20584781,0.33109242,0.046271294
-0.21639237,-0.3757517,-0.28418794,-0.23300824,-0.29994726,0.10630043,-0.20427427,-0.2754196,0.12123019,-0.21028382,-0.08116441,0.16211578,0.053745516,-0.026267368,-0.39147913
-0.2373921,-0.3384713,-0.24573559,-0.24530599,-0.30969673,0.085646175,-0.16015625,-0.29261628,0.09312773,-0.2182279,-0.21836361,0.06227223,0.020061858,-0.03808979,-0.3644179
0.110031754,-0.12089839,-0.1216639,0.1378558,-0.058898978,0.007240827,-0.06900956,-0.03156641,-0.07030557,-0.16561434,0.016621243,0.10430427,-0.06357987,0.0041542477,-0.17184263
0.113674045,-0.12578209,-0.10802695,0.12226072,-0.084450185,-0.009535957,-0.07829839,-0.023234349,-0.061675407,-0.15521209,0.00429593,0.11248521,-0.05380001,-0.0035043438,-0.1685482
-0.08116709,-0.12986815,-0.18567286,0.1022771,0.058647744,-0.0028372754,0.23244062,-0.12009266,0.09245024,-0.111038685,-0.22233209,-0.05324935,0.0010985862,0.0065525007,-0.0047358675
-0.047233596,-0.14001542,-0.16942453,0.082591414,-0.020851944,-0.027057206,0.1946229,-0.10794789,0.09600337,-0.10770759,-0.25321525,-0.09371501,0.0064700707,-0.021687917,-0.027860047
-0.20365658,-0.11844728,0.0104718,-0.21315342,-0.23562041,-0.10068698,-0.2887187,-0.23008814,-0.18731391,-0.23326069,-0.2597776,0.017490953,-0.2480807,-0.13815333,-0.051710155
-0.21210101,-0.095432304,0.025453113,-0.19520986,-0.2477583,-0.08748844,-0.2873335,-0.20671251,-0.17956112,-0.2535286,-0.26971674,-0.0003339136,-0.24296199,-0.14850408,-0.042026967
-0.29736224,-0.262412,-0.18020654,-0.3337041,-0.33775058,-0.12501876,-0.2682976,-0.3201362,-0.10873178,-0.4482116,-0.4232726,-0.05074135,-0.19362018,-0.27554423,-0.24525392
-0.28313854,-0.2604066,-0.1740157,-0.35278928,-0.33504105,-0.12534302,-0.25369677,-0.30738872,-0.12456493,-0.42561173,-0.4104724,-0.07087042,-0.19384941,-0.28261423,-0.23749143
0.020997658,0.0137264235,-0.07046705,0.102049515,0.09153971,0.14750081,0.029804181,0.07125455,0.31225437,0.1639229,0.22715026,-0.08086395,0.18912512,0.3251286,-0.084446795
-0.043162078,0.025878593,0.16507329,-0.17614526,-0.086536616,-0.05432863,0.07496187,0.061389737,0.31967273,0.23207644,0.34241194,0.20755382,0.32588556,0.13030332,-0.0047334377
-0.035876468,0.015418968,0.15579139,-0.20263544,-0.10294555,-0.045405455,0.074157655,0.049217783,0.32748437,0.2199715,0.35240278,0.21319613,0.33424884,0.12914845,-0.019777125
0.19569698,-0.19291052,-0.17370117,-0.07079906,0.0055910028,0.11073668,-0.04271595,-0.12028687,0.30431396,0.041303173,0.21541817,-0.07539855,0.29638582,0.09206305,-0.07851916
0.23006341,-0.17800128,-0.16752025,-0.061241124,0.013701279,0.116788894,-0.021839244,-0.101983845,0.26911795,0.091628365,0.24426031,-0.068315,0.28039408,0.11120808,-0.07793363
-0.19342244,-0.36457634,-0.35017806,-0.165616,-0.16443999,0.010126847,-0.07384461,-0.21371308,0.44228178,0.10605328,0.21327311,0.018501466,0.38897517,0.08570732,-0.30667472
-0.18432087,-0.34777778,-0.33610418,-0.17896894,-0.19504872,0.019427707,-0.10865758,-0.21480423,0.43138438,0.1078904,0.19659054,-0.026249701,0.38060576,0.07542311,-0.32369262
0.44870988,0.09101476,0.005080249,0.087977506,-0.21345681,0.07356294,-0.017875485,0.30005652,-0.07309304,0.22791693,0.055877045,-0.17492765,-0.013935589,0.011466941,0.03667227
0.45335132,0.099475965,0.012786538,0.07087746,-0.22810788,0.07993851,-0.031651456,0.2887454,-0.07269307,0.23681231,0.03300087,-0.15776448,-0.01480493,0.010994812,0.045253746
0.076730296,-0.101783045,-0.14893124,-0.056993753,0.032109417,0.111960255,0.05444468,-0.17341125,0.097334474,0.2560157,0.3561436,0.26666486,0.18152559,0.2962553,-0.04479793
0.05878102,-0.12708715,-0.1711166,-0.07856846,0.008563042,0.09488912,0.019119583,-0.18351172,0.08569918,0.22972281,0.32712892,0.29079708,0.16386916,0.27047977,-0.06670353
-0.24067168,-0.07979089,-0.16885574,0.023871321,0.0072235027,0.28219876,0.020710226,-0.09926525,0.21850434,-0.2215944,0.02903786,-0.170317,0.10055274,0.17538083,-0.1758436
-0.22666493,-0.066110104,-0.16815409,0.025122102,0.01759026,0.29905182,0.018075882,-0.117458485,0.21057144,-0.2009334,0.0138615295,-0.14704747,0.08869216,0.18747984,-0.15303984
0.32715005,-0.09465368,-0.11481477,-0.042443946,-0.17338967,0.08275114,-0.04195129,0.14035383,-0.024579909,0.13084492,0.10628268,-1.7652754e-05,-0.021496367,-0.11156805,-0.034521393
0.32232815,-0.13183108,-0.13901645,-0.057373658,-0.20752597,0.07009087,-0.07519035,0.1363233,-0.023274787,0.08778648,0.07755426,-0.049469627,-0.020365594,-0.15948564,-0.061809093
0.32706726,0.19590673,0.05783782,0.33240092,0.36485028,0.4512921,0.50130546,0.245866,0.26195282,0.43683827,0.52950776,0.10577007,0.36194628,0.52099574,0.0541825
0.33525562,0.19020279,0.050506122,0.34877422,0.37126225,0.44445652,0.5167123,0.25091457,0.28081155,0.43429148,0.5264831,0.068315096,0.38265806,0.5141878,0.06015582
0.48412055,0.2769249,0.20285761,0.16438554,0.1829088,0.10555808,0.4128716,0.3544127,0.19370669,0.49057376,0.42184144,0.2217751,0.30995739,0.27652916,0.18322594
0.47518072,0.26973277,0.20228453,0.19069329,0.20762871,0.10290702,0.44129884,0.3693399,0.21478626,0.4766748,0.3952342,0.16806829,0.31981835,0.24868983,0.21850377
-0.35846505,-0.30829495,-0.24795885,-0.30208057,-0.34240156,0.056814272,-0.14902595,-0.41069117,-0.084477395,-0.17143634,-0.33938178,-0.11390355,-0.1255603,-0.14135663,-0.25672925
-0.3499145,-0.31122398,-0.24781105,-0.30499148,-0.34521073,0.05100912,-0.13726607,-0.3935003,-0.08781786,-0.14519098,-0.3363397,-0.11380879,-0.11499618,-0.1513829,-0.25873536
-0.2018784,-0.027233753,-0.16173038,0.10997806,-0.15041697,0.2969525,0.037526727,-0.2299766,-0.12559327,-0.1872975,-0.16900851,-0.19242114,-0.15986797,0.013999434,0.011460169
-0.22098076,0.005829219,-0.13410732,0.11046814,-0.14254768,0.28381318,0.0371172,-0.2124262,-0.11206289,-0.18014306,-0.17381027,-0.17177454,-0.15922607,0.015023025,0.032974795
-0.01947762,-0.06377813,-0.23192021,0.13042149,-0.033502605,0.27050465,0.07367045,-0.11049523,0.05064879,-0.043681733,0.18427916,0.042589016,0.11151616,0.11525467,-0.16526237
-0.013036491,-0.10640186,-0.2944822,0.08879626,-0.064045,0.30084366,0.093539745,-0.14704081,0.082423896,-0.026109137,0.19085321,-0.009003921,0.1478681,0.104762174,-0.17819005
0.281442,0.47234607,0.21913354,0.3519201,0.34469706,0.23608622,0.3765344,0.4099381,0.14762713,0.3239138,0.29693663,-0.14058957,0.13846713,0.27145895,0.35792392
0.30379337,0.4867657,0.22829817,0.3400332,0.32657093,0.23023099,0.35792875,0.40077308,0.13625738,0.34602675,0.30593085,-0.14031906,0.1358182,0.26289225,0.37303817
-0.08713112,-0.18813173,-0.20933864,-0.11075065,-0.33712965,-0.1456795,-0.09032519,-0.29890066,-0.2474261,-0.21610668,-0.39675903,-0.08102967,-0.20186773,-0.2862032,-0.1233428
-0.17000812,-0.19081026,-0.17652282,-0.12942661,-0.34059465,-0.15354186,-0.09559488,-0.26314348,-0.21927209,-0.3109403,-0.5053278,-0.18180469,-0.24499667,-0.27812994,-0.12185865
-0.20835194,-0.40340763,-0.1873045,-0.40182352,-0.38194767,-0.27131814,-0.3177567,-0.24364597,-0.08049801,-0.35916543,-0.3196307,-0.060265094,-0.11853266,-0.3137288,-0.2840268
-0.15601417,-0.35464424,-0.15737674,-0.36569718,-0.4209,-0.26630497,-0.3158856,-0.197938,-0.13392103,-0.3639886,-0.3553849,-0.10266,-0.17802162,-0.32446453,-0.2686299
-0.26955122,-0.32158566,-0.20513558,-0.42643613,-0.39760107,-0.209948,-0.3634007,-0.30496603,-0.17972168,-0.3654374,-0.38919312,0.016604735,-0.19638607,-0.3313411,-0.29148066
-0.26475412,-0.36301884,-0.23238513,-0.43654153,-0.41437852,-0.21237637,-0.33351082,-0.28251112,-0.17051423,-0.3819565,-0.39588857,-0.015381791,-0.17544916,-0.35119188,-0.32430363
0.12113781,-0.1537945,-0.18303075,-0.36759496,-0.27502924,-0.05662409,-0.33852142,-0.23838848,-0.18058477,-0.13677245,-0.2821163,-0.023105513,-0.19199716,-0.20232037,-0.13357604
0.11927755,-0.15410247,-0.18562788,-0.37973636,-0.29907292,-0.081599325,-0.34177282,-0.23078582,-0.2015861,-0.1612052,-0.31093845,-0.072025165,-0.21491551,-0.24021167,-0.1380232
-0.22511084,-0.18004256,-0.13822344,-0.17901301,-0.26321644,0.01828058,-0.108337164,-0.110054955,-0.13555971,-0.24290964,-0.2852583,-0.27598056,-0.18864527,-0.1811659,-0.178275
-0.312984,-0.21693876,-0.09392592,-0.10469431,-0.22117856,0.13820857,-0.08692312,-0.30128884,-0.039547596,-0.23813236,-0.30087426,0.14507893,-0.09973498,-0.011693861,-0.14552659
-0.30852103,-0.2032911,-0.099616274,-0.087885275,-0.20779945,0.13834362,-0.042667776,-0.29621822,-0.01784379,-0.2080168,-0.32660133,0.21563295,-0.094074205,0.016555084,-0.12677361
0.093741424,-0.2056782,-0.13548595,-0.18992256,-0.31016004,-0.07601713,-0.2735988,-0.18129396,-0.23168236,-0.22735822,-0.32410276,-0.05752572,-0.21778156,-0.30202103,-0.103075296
0.120293885,-0.21293753,-0.14688574,-0.19309464,-0.33175364,-0.061130047,-0.26440084,-0.16361192,-0.25292957,-0.22027129,-0.30794418,-0.04484874,-0.22920376,-0.3143537,-0.12752469
0.041071597,-0.1037415,-0.13395593,-0.14761987,-0.1342752,-0.047094733,-0.14989242,-0.32257974,-0.2290349,-0.12126173,-0.31935167,-0.17051908,-0.18877827,-0.15478706,0.022253336
0.055119637,-0.10823665,-0.13887095,-0.15494663,-0.12763044,-0.047933392,-0.14826107,-0.32564253,-0.23448277,-0.10630947,-0.33204657,-0.1540321,-0.18834127,-0.15750961,0.019040465
-0.109887324,0.0622056,-0.025341412,0.08155388,0.19356185,0.1860731,0.2696678,0.09699339,0.36672178,0.24954589,0.17897063,0.09646782,0.32290134,0.24162564,-0.018063098
-0.1091242,0.07641116,-0.022675991,0.085441664,0.1982459,0.21591517,0.28182817,0.083754025,0.35462594,0.28556472,0.17988914,0.121720776,0.3161167,0.26892805,0.003615647
0.026173854,0.11569392,0.15890238,0.3471547,0.2279394,0.19270094,0.21298218,0.40956292,0.31379014,0.18937755,0.1748237,0.13910764,0.22847103,0.35653946,0.01651658
0.033086296,0.0989105,0.12095186,0.3278485,0.2093105,0.18425292,0.22004326,0.41157532,0.31328943,0.15956086,0.14098516,0.102673545,0.21277758,0.30374074,-0.004440791
-0.05603922,0.15878636,0.14878932,0.3296824,0.27171242,0.19244605,0.24127515,0.3684166,0.31725228,0.2137412,0.14079967,0.16836655,0.23305508,0.36579782,0.043802105
-0.032159436,0.14890873,0.1395819,0.31788284,0.26996988,0.169458,0.22384948,0.39843774,0.2930026,0.22160089,0.14689463,0.1831587,0.20752805,0.3383562,0.030581474
0.19125247,0.260507,0.44165272,0.30975553,0.09223239,0.14910764,0.17269896,0.43133608,0.23058008,0.2708106,0.4673229,0.2873277,0.3191291,0.38326037,0.15439934
0.20893481,0.2534676,0.4403804,0.29389405,0.09332195,0.14556998,0.19385712,0.44986576,0.24463704,0.29002824,0.48595127,0.27445728,0.3360312,0.38605255,0.14216849
-0.080944784,-0.10980201,-0.030990645,0.06832734,-0.19091527,-0.1105054,-0.119734645,-0.1146293,-0.2884228,-0.24692103,-0.37891787,-0.2096348,-0.26041323,-0.1297859,-0.010162078
-0.011136294,-0.086517975,-0.013981698,0.13211314,-0.14279966,-0.059928976,-0.031532116,-0.04659167,-0.25057155,-0.13216011,-0.33876687,-0.16732086,-0.21183886,-0.03838356,0.0007621269
-0.15453476,-0.17522827,-0.15930888,-0.2236929,-0.35599595,0.00029916898,-0.22169024,-0.23715192,-0.32187536,-0.2648089,-0.3400879,0.07505603,-0.2848398,-0.23808901,-0.23942533
-0.16792777,-0.18092723,-0.14267997,-0.24840572,-0.35633063,-0.03816697,-0.20326704,-0.25733197,-0.30827266,-0.24191913,-0.37125212,0.0076684337,-0.2660346,-0.2466114,-0.20263192
0.021003343,-0.20092316,-0.27663344,0.043576367,-0.10818356,0.2891047,-0.0049520894,-0.1324588,0.11359911,-0.046348225,0.1609484,-0.028813343,0.13490595,0.1045747,-0.25580657
0.035682194,-0.19788924,-0.2872675,0.018138807,-0.0994875,0.30483592,-0.014785126,-0.14373827,0.12378384,-0.024956614,0.18738173,-0.022560028,0.14096825,0.11423618,-0.25818145
0.089829735,0.23764977,0.12754099,0.22131222,0.13302961,0.14323968,0.20793045,0.17990717,0.009339191,0.1559699,0.31851974,0.014959494,0.09632027,0.15888175,0.05072723
0.0714474,0.23297602,0.14347818,0.2010823,0.10051881,0.1222488,0.21505558,0.13550982,-0.039624766,0.1606921,0.24320069,-0.015883662,0.06431295,0.14331132,0.08623679
0.03791752,0.28566778,0.5146314,0.09550476,0.0017386277,-0.0048479317,0.03743062,0.32684672,0.03179768,0.12394605,0.27161074,0.34253064,0.08746305,0.13097031,0.16023731
0.035516836,0.28891373,0.5226698,0.09828237,-0.0043490725,-0.0071488577,0.044532184,0.33652967,0.03367446,0.13450557,0.24672908,0.32253337,0.09018125,0.13593772,0.1661214
0.2095635,-0.07490653,-0.03832559,-0.034162894,0.017933916,0.04074938,-0.07552317,-0.009330881,0.28279167,0.026994206,-0.0012652534,0.0032911242,0.2370215,0.06777309,0.11464158
0.21485908,-0.07331046,-0.035499778,-0.034314897,0.01052182,0.028642233,-0.07605962,0.0009176262,0.27917498,0.032329734,-0.03416603,0.008383739,0.23084012,0.07336581,0.11159757
-0.28475446,-0.295191,-0.29758564,-0.26605958,-0.2599573,-0.08396636,-0.3443465,-0.30251133,-0.14345157,-0.18104051,-0.285734,-0.10106264,-0.1848491,-0.24442525,-0.15524188
-0.27737647,-0.2820945,-0.2905227,-0.26568595,-0.24779402,-0.044201218,-0.2939233,-0.30826324,-0.08195661,-0.14792156,-0.266329,-0.120575964,-0.12241708,-0.21025279,-0.1504782
-0.008324275,0.37424225,0.54732376,0.23431784,0.10397008,0.07343515,0.15431836,0.54509455,0.10031186,0.1343672,0.11956487,0.18747461,0.045663666,0.2789291,0.23153374
-0.017593436,0.34425187,0.5297941,0.22384948,0.103069305,0.052096374,0.1378663,0.5630764,0.089031294,0.103252955,0.09958907,0.19162002,0.03025023,0.25074032,0.20654887
-0.018040761,-0.019432034,-0.09423611,-0.040140316,-0.12256488,0.18436077,-0.13596597,-0.0029421477,0.06821097,0.14688993,0.119127125,-0.117294945,0.038491625,0.08209853,-0.039267674
-0.015924975,-0.019865815,-0.09290013,-0.038092874,-0.11997035,0.18542826,-0.13792643,-0.00041947304,0.06761655,0.150654,0.118958384,-0.1187195,0.037441075,0.085865796,-0.03904309
0.027690604,-0.06941865,-0.2005984,0.1445688,-0.045322746,0.18307754,0.06846501,-0.041465823,0.431584,0.27799523,0.06706809,-0.1871239,0.3404625,0.31415132,-0.029004835
-0.012113589,-0.0012074611,-0.087159395,-0.031488635,-0.11402057,0.19165623,-0.11539705,-0.00091457414,0.068457045,0.15438667,0.13262418,-0.10085572,0.039387524,0.09243919,-0.028292079
0.057913173,-0.06849927,-0.19059467,0.110591084,-0.059251733,0.17737813,0.046793036,-0.04024557,0.44817397,0.30194604,0.08004241,-0.1812842,0.35455483,0.29763514,-0.038091455
0.4422754,0.0031267358,-0.13309917,-0.016985316,0.04151038,0.16011629,0.13924946,0.0006611431,0.023120796,0.07609923,-0.002361747,-0.0011246919,0.07555889,-0.03601428,0.019370478
0.43786547,-0.030484905,-0.16934884,-0.043617826,0.015663581,0.15384136,0.09290833,-0.023418501,-0.0007921634,0.03543512,-0.01900837,0.02584983,0.047073193,-0.07704465,-0.010917296
0.31292593,0.06894417,0.0030308648,0.04174193,0.017301288,0.14028618,-0.012646478,-0.003943049,0.21765819,0.22256762,0.13008796,-0.1435489,0.19327635,0.117246166,0.17266473
0.3171505,0.048735395,-0.018313512,0.036427125,0.016601527,0.14457816,-0.021059845,-0.0018631518,0.24249625,0.21586965,0.11715554,-0.16646358,0.21301632,0.12504297,0.14023203
0.03618313,-0.08820306,-0.008821405,0.094201855,-0.18539812,0.19182569,0.11123432,-0.09567651,0.11914484,0.036561348,0.066548675,0.025222473,0.18755779,0.05788584,-0.060384773
-0.025306191,-0.025452193,-0.018946249,0.08978886,-0.24226788,0.088442914,0.12698945,-0.14084974,0.031131104,-0.039124236,-0.15283516,-0.022252895,0.01630607,0.033156212,-0.015054408
-0.23528862,-0.25754303,-0.10981985,-0.25999016,-0.3243782,0.09521341,-0.12443052,-0.28003746,-0.21245372,-0.26086956,-0.20833245,-0.041887082,-0.17120683,-0.18595347,-0.24827847
-0.22316736,-0.22384979,-0.06972782,-0.19553179,-0.31753832,0.025816608,-0.09357271,-0.24603933,-0.225966,-0.23761943,-0.25874436,-0.094610944,-0.18010044,-0.17854214,-0.20189306
0.043690596,-0.11712543,-0.15123942,0.074009016,-0.1236861,0.06406361,0.022056853,-0.20500025,-0.092078246,0.063765444,-0.19209449,-0.1986761,0.022973202,-0.04789015,-0.004882491
0.049556226,-0.13875297,-0.15980965,0.03957983,-0.13912363,0.04799827,0.02532084,-0.21564886,-0.078037076,0.076626465,-0.19132555,-0.22269171,0.04073357,-0.062107258,-0.0044905352
0.28706354,0.30295596,0.38616553,-0.011382028,-0.026286907,-0.07972341,0.104248,0.10328086,0.0011631027,0.3205192,0.3706584,0.21362212,0.14086479,0.037673004,0.27721214
0.29540616,0.31292838,0.3779056,-0.023733666,-0.02801083,-0.06538128,0.11763471,0.105362356,0.008904429,0.33343467,0.38231283,0.18500668,0.14757216,0.041411452,0.26921654
-0.19898014,-0.12923688,-0.038926907,-0.14978772,-0.0678595,-0.091995485,0.02405129,-0.20491561,-0.03987655,-0.12719837,-0.26419863,-0.070148766,-0.031454735,-0.097447656,0.02909733
-0.21362817,-0.12794745,-0.023331394,-0.16686618,-0.073147826,-0.12534218,-0.0028436966,-0.2044847,-0.07123554,-0.1454371,-0.29893532,-0.057243578,-0.064900555,-0.11534137,0.025996046
0.14631175,-0.08750883,-0.12921718,-0.049469516,0.01721775,0.045481466,-0.14139935,-0.18613166,0.02940096,-0.07127759,-0.086264394,-0.07704998,0.006933723,-0.058157243,0.027621083
0.13424785,-0.09377684,-0.1394982,-0.056167275,0.0023400723,0.018049274,-0.17462498,-0.2068464,-0.0024273042,-0.09022179,-0.114400774,-0.069933765,-0.023149883,-0.09020989,0.027860057
0.23694426,0.17940655,-0.07190572,-0.016094556,-0.024141539,0.025825556,0.08308225,-0.018041711,-0.045480408,0.20313056,-0.1069776,-0.30104613,-0.11200522,-0.05462358,0.1801243
0.2249974,0.15871498,-0.08701859,-0.039222747,-0.034383368,0.02171179,0.075523965,-0.05511561,-0.062325917,0.1632311,-0.11352903,-0.2978753,-0.123183325,-0.065308005,0.15429172
0.23053098,0.06605005,-0.1048242,-0.02280818,0.1589936,0.06678043,0.19857356,-0.15273559,0.12212552,0.45386463,0.42565504,0.02891438,0.26799268,0.24914101,0.060323767
0.22934116,0.06621223,-0.104793854,-0.022334896,0.15848973,0.06552112,0.19622073,-0.15108013,0.121058196,0.45217645,0.4253925,0.029380726,0.26638073,0.24868411,0.05860797
0.0004611609,-0.3695292,-0.32956094,0.0013935,-0.19415557,0.12793621,0.011471722,-0.25668973,-0.07239078,-0.12205118,0.074952394,0.009547111,0.051148698,-0.088781625,-0.29470134
-0.06221886,-0.38043877,-0.39276677,-0.11885567,-0.26068908,0.11312835,-0.028401364,-0.35595754,-0.18495399,-0.21745628,-0.12990028,-0.14233467,-0.12724331,-0.18625663,-0.2955627
0.13067292,0.032674138,-0.102020755,0.24829268,0.28746867,0.34864914,0.40050662,0.06189674,0.23581806,0.29408866,0.5285128,0.080861345,0.3618287,0.41687196,-0.019978363
0.1188889,-0.004584252,-0.08731133,0.29806447,0.2514044,0.3565842,0.3495952,0.12499313,0.28310627,0.28917262,0.54644054,0.072566,0.40258223,0.4193268,-0.048803817
0.03971842,-0.17174768,-0.26287165,0.043861214,0.0035127578,0.06022653,0.09304947,-0.08377155,0.20951648,0.12021479,0.25072873,0.17717777,0.2736326,0.1494085,-0.2230653
0.018763665,-0.2201291,-0.24682909,0.062084917,0.020334449,0.07816246,0.108471334,-0.03396453,0.27018625,0.14295167,0.23547061,0.0027791327,0.32658762,0.18816876,-0.2200095
0.0048342836,-0.0994422,-0.21798418,0.23823807,0.14103413,0.27714002,0.004407908,0.021066993,0.2175185,0.021238182,0.22047852,0.06263899,0.06925558,0.34308887,-0.12475577
-0.0021231552,-0.13715681,-0.24751726,0.23709098,0.12330976,0.27412984,-0.0341242,0.006800947,0.2221455,-0.033737518,0.16652107,0.09701547,0.06601639,0.29623026,-0.16364369
-0.24628007,-0.24163803,-0.17955974,-0.16406696,-0.27789092,-0.20556165,-0.042705998,-0.34179935,-0.13534038,-0.25045943,-0.41448885,-0.12756279,-0.16678496,-0.21775645,-0.12357979
-0.25347653,-0.20727915,-0.14294231,-0.1642505,-0.21269557,-0.20830342,-0.022150382,-0.31523287,-0.09863533,-0.20781666,-0.380786,-0.14055611,-0.12252984,-0.18885154,-0.06922552
-0.2203734,-0.2596553,-0.109959275,-0.31269318,-0.3208117,-0.22546756,-0.21646789,-0.24456644,-0.2479671,-0.32018977,-0.4048481,-0.052268367,-0.23248968,-0.34590223,-0.1626448
-0.21909475,-0.23230207,-0.085299015,-0.31483653,-0.32022232,-0.21419573,-0.19303647,-0.2631777,-0.2508742,-0.28586176,-0.40154904,-0.029752403,-0.22837205,-0.31311634,-0.1390859
0.19103724,0.035240155,0.0030064168,0.37077862,0.1317453,0.29260504,0.432074,0.17913955,0.18976831,0.21630803,0.20215544,-0.057055123,0.3020355,0.16962887,0.065710336
0.21063432,0.18779233,0.07538991,0.11560486,0.14129484,0.08310625,0.11392206,0.3162055,0.121955365,0.39413086,0.20026964,0.24497676,0.0657218,0.32614797,-0.0021045306
0.2175449,0.16023222,0.05278463,0.07741074,0.10649005,0.091432706,0.08667159,0.2947641,0.116893224,0.38018867,0.21726096,0.2608778,0.062970914,0.30954272,-0.03262744
0.14065072,-0.07507907,-0.11422005,0.15734003,-0.17957076,-0.058658205,-0.1877078,-0.029515587,-0.1684631,-0.10774796,-0.25353956,-0.0099622905,-0.19005243,-0.077696055,-0.046372306
0.083379276,-0.13338868,-0.10124254,0.06046577,-0.20439242,-0.10608549,-0.2225581,-0.07505858,-0.14170492,-0.09329906,-0.2877608,-0.05628759,-0.14731094,-0.081867516,-0.055600427
0.0860306,-0.10925322,-0.10987685,-0.14550227,-0.10959171,-0.048665024,-0.34015438,-0.17339793,0.009562164,-0.12028869,-0.3128613,-0.17153235,-0.08513455,-0.12560675,0.052640524
-0.24347451,-0.11098382,-0.028391719,-0.13345923,-0.2889918,0.096165866,-0.12686154,-0.17519775,-0.187859,-0.13568403,-0.2055683,-0.12061447,-0.1738682,-0.047234844,-0.12291093
-0.24621567,-0.10191606,-0.0011355486,-0.15342747,-0.29362404,0.06579339,-0.12994361,-0.14694831,-0.17921314,-0.10580227,-0.23020881,-0.13665092,-0.16337243,-0.06370067,-0.11546917
0.33827597,0.35308054,0.44300443,0.29519266,0.020001147,0.10242607,0.25033712,0.51596105,0.020651944,0.2565511,0.18213096,0.05832219,0.106886856,0.20144755,0.30276328
0.3307757,0.3369754,0.42362812,0.2856437,0.01674785,0.087434016,0.24999966,0.51701486,0.047140077,0.24965888,0.1683029,0.031636685,0.12363505,0.18932807,0.30237487
-0.115000606,0.055742346,-0.046174876,0.037683606,-0.072625816,0.10027924,0.029398784,0.0070388117,0.062222846,-0.048996136,0.1512658,0.14778067,0.076351106,-0.0063840556,-0.13141236
-0.10260223,0.08937468,-0.009047463,0.032396764,-0.057615872,0.11446489,0.056307778,0.032787822,0.053901784,-0.025119781,0.17323768,0.15011498,0.07226325,0.013060304,-0.1163371
0.106597565,-0.16910133,-0.14722311,-0.066523984,-0.02118068,0.08006122,-0.034306064,-0.26626268,0.13875273,8.191494e-05,0.073828176,-0.13477135,0.1791547,-0.0016672562,0.009708571
0.10898337,-0.16093686,-0.1426537,-0.09353492,-0.033372376,0.08990387,-0.03685445,-0.27819967,0.14395332,0.034005366,0.031110788,-0.13469745,0.18342763,0.016147785,0.0038926676
-0.0014986366,-0.08505714,-0.21533237,0.10850042,0.11554302,0.16773245,0.11435583,-0.0013853635,0.043774076,-0.031630784,0.17265746,0.1385493,-0.039673258,0.19446617,-0.13547075
0.016187046,-0.07438405,-0.21013281,0.07922833,0.058019966,0.14614691,0.10385856,-0.035726853,0.029563177,0.01044324,0.19899699,0.11134243,-0.037647277,0.18326533,-0.118082315
-0.013060112,-0.29090375,-0.18505959,-0.26637608,-0.24150807,-0.12367314,-0.1077891,-0.25389257,-0.17237951,-0.102854535,-0.19129184,-0.12782112,-0.022120325,-0.24652451,-0.16394296
-0.020454405,-0.29231185,-0.19088507,-0.25959975,-0.23384482,-0.11208742,-0.10492118,-0.27048984,-0.14436081,-0.10043074,-0.18073614,-0.11327809,0.001641944,-0.22963023,-0.15952176
0.22269836,-0.10308087,-0.13993563,-0.2386291,-0.20549244,-0.04184356,-0.3304481,-0.06846534,0.024606226,-0.06094914,-0.21061057,-0.1962565,-0.09147911,-0.14189205,-0.009206993
0.22429247,-0.10279008,-0.15124813,-0.23753637,-0.17950349,-0.024082325,-0.3164308,-0.0843961,0.029144105,-0.06585031,-0.1866371,-0.18839923,-0.09085354,-0.13616458,-0.0037946634
-0.2912491,-0.21833688,-0.2518596,-0.18377918,-0.3549892,-0.013166029,-0.27388746,-0.31770292,-0.18584034,-0.17332631,-0.29160944,-0.069370404,-0.21983549,-0.23196116,-0.19554165
-0.29235387,-0.22868288,-0.2606625,-0.17402184,-0.32257932,-0.0043736487,-0.26459092,-0.29132038,-0.15158781,-0.15408914,-0.27370566,-0.11517081,-0.18859696,-0.21981505,-0.21176417
-0.2655375,-0.13906375,-0.0970996,-0.13049775,-0.22709161,-0.041185632,-0.20024109,-0.24548346,-0.26169443,-0.22511575,-0.32179835,-0.18002528,-0.24755073,-0.20055638,-0.041517973
-0.27115405,-0.10288398,-0.067349344,-0.11263657,-0.20600417,-0.039464638,-0.17717317,-0.22346976,-0.22120196,-0.19476503,-0.31702507,-0.20169038,-0.21820806,-0.1791667,-0.0071316753
0.29373395,0.15206467,-0.08913656,0.12976184,0.108847804,0.1962227,0.26656482,-0.016510839,-0.3256892,0.06456495,-0.08286202,-0.0025097185,-0.23668931,0.027817652,0.06035603
0.28222927,0.18033293,-0.05799987,0.14169472,0.117613,0.18319574,0.28418422,-0.03987085,-0.33544332,0.081288435,-0.12681332,-0.021976661,-0.24136901,0.025283791,0.11967052
-0.2649526,-0.16649064,-0.12675399,-0.077330306,-0.17827478,0.17581983,-0.08951752,-0.19045998,0.0024757814,-0.11030215,-0.12173432,-0.11137369,-0.038273104,0.021880873,-0.09128775
-0.26496452,-0.17269409,-0.13061836,-0.100645214,-0.19457044,0.18089071,-0.090516225,-0.20019412,-0.02480855,-0.10384607,-0.10638669,-0.081909716,-0.055361263,0.0060838563,-0.10243584
-0.023294304,-0.28415278,-0.09173678,-0.22293168,-0.3045172,-0.20574929,-0.13178691,-0.11213774,-0.2155042,-0.11324305,-0.2304934,-0.16755053,-0.079163864,-0.25556707,-0.19795743
-0.030269908,-0.29300654,-0.08929409,-0.21956736,-0.28487813,-0.22718602,-0.12262979,-0.12926388,-0.21781072,-0.11719433,-0.252774,-0.19927293,-0.08075754,-0.2623967,-0.18125522
0.25162643,-0.035759,-0.029431924,0.13550225,-0.18567276,0.12508449,-0.17763522,0.22389978,0.11058433,-0.118378535,0.049431592,-0.06694743,-0.038849503,0.026159696,-0.030297875
0.31067896,-0.024367528,-0.03357508,0.25180292,-0.102966376,0.1789184,-0.1452244,0.24592261,0.14486223,-0.094089314,0.019463403,-0.06789029,0.012186956,0.07693513,-0.019107493
0.06375122,-0.15549849,-0.21761587,0.08379928,0.07460987,0.20022154,0.13199824,-0.10567087,0.31396484,0.3801828,0.4163198,-0.010136407,0.42582786,0.29906508,-0.14371985
0.056169916,-0.17842299,-0.23554775,0.080991626,0.06903407,0.21354476,0.1257528,-0.104221895,0.3325281,0.3696006,0.41847622,-0.009728197,0.43494374,0.28963813,-0.1636582
0.0033263166,-0.11360554,-0.20233482,0.00541016,0.2576482,-0.020377286,0.17755495,-0.09235231,0.1334013,0.21077025,0.2628544,-0.05151266,0.12622966,0.26682955,-0.04838836
0.026299952,-0.09544968,-0.18843617,0.035070658,0.2524504,0.0021610383,0.189188,-0.041865133,0.14986096,0.24198094,0.2670874,-0.03424678,0.12763275,0.29883254,-0.046978623
0.2949111,-0.17423628,-0.24068965,0.030944917,0.035039462,0.095882595,0.09715796,-0.12639795,-0.018018713,0.053623207,0.19047172,-0.11676736,0.08199337,0.03386469,-0.09599994
0.27901033,-0.16912639,-0.2449444,0.0109491255,0.018436193,0.09886183,0.078647,-0.16385302,-0.033153877,0.05299268,0.17893219,-0.10480651,0.06335257,0.025555171,-0.09673546
-0.29390416,-0.23836808,-0.36198074,-0.043701384,-0.11313578,0.114498936,-0.14958969,-0.2992732,0.0669039,-0.0713792,-0.1510707,-0.17558488,-0.0764962,0.05547091,-0.15865931
-0.2889917,-0.21035148,-0.33680707,-0.02411738,-0.11820496,0.10550042,-0.1452668,-0.27651426,0.078304045,-0.07991595,-0.2154049,-0.1877616,-0.083911486,0.047078215,-0.13635059
-0.17918059,-0.04993832,-0.16590865,-0.03262145,-0.24187586,0.17802078,-0.14272735,-0.19533229,0.1400592,0.048464857,-0.09698619,-0.22778726,0.02465234,0.02812548,-0.08006384
-0.15240626,-0.06950471,-0.17463042,-0.054459143,-0.21632478,0.20709617,-0.109499045,-0.18860044,0.16279,0.0600956,-0.058708236,-0.22323573,0.058543734,0.04115363,-0.09838143
-0.18953606,-0.0385667,-0.0071508875,-0.17178272,-0.17049944,-0.17722352,-0.17090562,-0.16435598,-0.16817848,-0.09681626,-0.33057144,-0.21054584,-0.17204306,-0.23247203,0.080220655
-0.17425723,-0.022899603,-0.0010783365,-0.16759609,-0.16622837,-0.16907543,-0.15191373,-0.14756706,-0.16179046,-0.071711086,-0.32810336,-0.22527757,-0.16310887,-0.22615054,0.09232495
0.29815054,0.27053428,0.26599643,0.54062784,0.32824683,0.14575198,0.3596715,0.4543802,0.07192003,0.17820585,0.06828384,0.084234715,0.083365746,0.30120996,0.28002226
0.29210806,0.28039005,0.2769987,0.5278038,0.3517667,0.16533081,0.35984802,0.4633774,0.07755457,0.20058215,0.10698679,0.106300324,0.08814793,0.33130795,0.27355307
0.096330166,-0.07400498,-0.03717897,-0.078420654,-0.13458745,-0.1281969,-0.30160254,-0.11104975,-0.0131533025,-0.17940883,-0.332498,-0.1515423,-0.132992,-0.1263045,0.055138156
0.08526371,-0.06300883,-0.042422615,-0.060870133,-0.15333107,-0.112421885,-0.3131677,-0.11658473,-0.014775969,-0.20933832,-0.33659267,-0.15263337,-0.14936745,-0.12297262,0.051028673
0.31218797,-0.08805945,-0.09750614,-0.054106377,-0.1304347,0.06944481,-0.25481495,0.12112297,0.24315734,0.013250117,0.010632558,-0.006418149,0.09620465,0.024348546,-0.023578689
0.28521454,-0.10540527,-0.103607476,-0.035715926,-0.10845052,0.05795706,-0.26196086,0.100815766,0.2716392,-0.005614863,0.022115221,0.0050788973,0.12234294,0.044737555,-0.032611333
0.40431833,0.41442794,0.2791667,0.48572138,0.1564334,0.2691124,0.2749315,0.46797836,-0.010583482,0.24559164,0.11598267,-0.1447972,0.02388665,0.21878508,0.38372153
0.40293437,0.40183568,0.2518511,0.5121363,0.13693751,0.27347288,0.27485955,0.41564,-0.0052197548,0.24561074,0.07016368,-0.18229559,0.025300063,0.2282952,0.40153098
-0.008056939,0.28613168,0.23158294,0.38487768,0.32651806,0.40293515,0.28650796,0.32028008,0.098392144,0.15347248,0.21649408,-0.07249653,0.07485829,0.49671,0.17529738
-0.0019434299,0.27368683,0.22585696,0.39582795,0.3327619,0.3876446,0.2934789,0.32942128,0.106032446,0.18004914,0.22150631,-0.10736041,0.09113796,0.4977271,0.16468242
0.09364525,-0.03258028,0.002729681,-0.07930063,-0.18132865,-0.11728297,0.049508996,-0.13518798,-0.25730705,0.09130165,-0.17946903,-0.22889134,-0.06945777,-0.21325472,0.1289593
0.07402351,-0.04483157,0.004712195,-0.075673126,-0.18520926,-0.11552514,0.028811041,-0.12750053,-0.2558742,0.081564546,-0.17076692,-0.19784893,-0.07335484,-0.21495573,0.12936756
-0.24515271,-0.16085988,-0.05312067,-0.23880431,-0.2866472,-0.13414347,-0.335695,-0.22315487,-0.10689376,-0.32658577,-0.36864597,0.05744208,-0.21170609,-0.1415811,-0.13385496
-0.21397454,-0.14947045,-0.045967855,-0.25247633,-0.29135323,-0.10112502,-0.30898046,-0.20638838,-0.09924531,-0.30793908,-0.35913712,0.054537997,-0.19690338,-0.13793011,-0.13841632
-0.042686045,-0.19421673,-0.10977256,-0.22212462,-0.42558926,-0.19239193,-0.25757557,-0.11911636,-0.23631687,-0.40030092,-0.46204805,-0.16758147,-0.2827143,-0.39692688,-0.17546847
0.081196114,-0.10647736,-0.11642529,-0.1275008,-0.2654708,-0.2031767,-0.28274357,-0.08523692,-0.16901909,-0.3647317,-0.52181375,-0.1333591,-0.2756436,-0.3502791,-0.04957549
0.15836515,0.0019922424,-0.070464894,0.14243159,0.11768909,0.30780786,0.31515464,0.024350684,0.3097002,0.39259332,0.43457273,0.09227691,0.41747642,0.48733306,-0.07239032
0.17203528,0.0004992271,-0.06861936,0.16585287,0.114490286,0.31507385,0.32157677,0.032759514,0.3194381,0.40048528,0.43447906,0.09593375,0.4322043,0.4898912,-0.06958928
0.06259119,-0.05656591,-0.12256551,0.009160727,0.11523861,0.32715985,0.30967116,-0.02021093,0.3131352,0.3480335,0.38485482,0.067721784,0.4130303,0.37123835,-0.1375872
0.039463393,-0.04181726,-0.117441714,0.020793464,0.118472636,0.36378747,0.27776718,-0.036116667,0.31338385,0.35067862,0.37453347,0.09138684,0.4092399,0.39609277,-0.12614366
-0.1153,-0.18408716,-0.32711905,-0.18573877,-0.022040505,0.1860462,-0.05206133,-0.20952001,0.31880015,0.23722652,0.31226674,0.025677878,0.2867204,0.27406472,-0.23471886
-0.1156236,-0.18288183,-0.31048557,-0.19800964,-0.020144772,0.19122854,-0.043583207,-0.20004241,0.34713197,0.25626662,0.31678218,0.012990923,0.3244272,0.28372476,-0.22724316
0.24315682,-0.22043554,-0.1825089,0.032795027,0.07230345,0.120815106,-0.017015843,-0.052865453,0.31134605,0.1224938,0.235327,-0.0031502564,0.33631504,0.11499049,-0.013909819
0.23554838,-0.22429553,-0.18108249,0.052643962,0.08724231,0.09319891,-0.026491506,-0.047504216,0.3255959,0.12093888,0.24727218,-0.0016601782,0.3448899,0.12549558,-0.017273182
-0.016442316,-0.19565096,-0.19625002,-0.18407801,-0.07831046,0.009442633,-0.34859195,-0.2227443,0.068572536,-0.24217096,-0.18073379,-0.09154816,-0.07901402,-0.09247716,-0.10684973
-0.028261421,-0.1553764,-0.14711893,-0.082971856,-0.025998808,0.04608669,-0.2960443,-0.17641304,0.097672,-0.24441999,-0.1758484,-0.038977418,-0.056202523,0.0061696437,-0.09166314
-0.30413407,-0.09896722,-0.25000098,0.063746214,-0.0893327,0.3049119,-0.117078125,-0.19466224,0.052353263,-0.1973751,-0.083333746,-0.2596125,-0.089094445,0.13849878,-0.19558457
-0.2889819,-0.14806667,-0.2987824,-0.064787775,-0.1606369,0.29088685,-0.15512031,-0.22686869,0.04304067,-0.16075316,-0.08443918,-0.23728734,-0.09380817,0.064128436,-0.24048555
-0.045804888,0.021193512,0.015654039,0.0823105,-0.083917804,0.07338461,0.16946085,-0.16394196,-0.23619194,0.018878808,-0.1296444,-0.13391083,-0.07427147,-0.09733928,0.1713476
-0.04567931,0.017829198,0.014754735,0.05407445,-0.08800675,0.077668905,0.16407569,-0.16886441,-0.2192767,0.035751946,-0.12621564,-0.12395029,-0.056439735,-0.102755114,0.16913345
-0.07607597,-0.24914859,-0.15152717,-0.08476189,-0.16604015,0.16428345,-0.04420945,-0.06889629,0.042091846,-0.037324753,0.0930151,0.060862847,0.12444195,-0.05344722,-0.21915346
-0.114309624,-0.2632598,-0.16253164,-0.09551592,-0.18114452,0.14530319,-0.011601653,-0.10315624,0.004527346,-0.052463137,0.034897078,-0.03271797,0.10499258,-0.10418223,-0.20151466
-0.027758647,0.15849379,0.3078902,0.049233936,0.17722112,-0.07227237,-0.0043232394,0.07176611,0.0031610783,-0.040879298,0.1522131,0.2288101,-0.008098296,0.12189883,0.3168083
-0.0064598415,0.15280859,0.29235476,0.046981286,0.13338491,-0.056671787,-0.0059317574,0.09208405,0.007773119,-0.05981464,0.14726155,0.2138339,-0.010569173,0.098420635,0.2978688
0.1505853,-0.18720618,-0.21056286,-0.15841946,-0.09845027,-0.16927022,-0.30225447,-0.15097243,0.082620084,-0.17471746,-0.2810136,-0.021962008,-0.037913132,-0.08994227,-0.08755909
0.14556225,-0.18581137,-0.21934539,-0.15008302,-0.12158157,-0.16833425,-0.317294,-0.14345846,0.07463063,-0.1808356,-0.27071035,-0.059944097,-0.04902217,-0.1021499,-0.09982679
-0.15382524,-0.32436866,-0.29380158,-0.32042703,-0.26595408,-0.2135663,-0.38651776,-0.3094031,0.047309943,-0.29940644,-0.38979846,-0.020482779,-0.09421506,-0.164103,-0.24804395
-0.18144739,-0.33827373,-0.3154306,-0.32249737,-0.29043314,-0.19748124,-0.4175603,-0.3077241,0.0681158,-0.29624075,-0.30918047,-0.038942553,-0.08917442,-0.14848608,-0.2690458
0.030547135,-0.14785233,-0.11359052,-0.19430968,-0.24698713,-0.16057049,-0.34110993,-0.24274826,-0.22246942,-0.29644775,-0.41213083,-0.08024338,-0.24067438,-0.2360268,-0.05051997
0.042067282,-0.13884063,-0.09584345,-0.16431317,-0.21324629,-0.14510128,-0.30919552,-0.2377182,-0.21442373,-0.27972862,-0.39384705,-0.08477922,-0.2211692,-0.20055112,-0.03312864
0.023622744,-0.10331307,-0.05676721,0.0670646,-0.14270198,0.152035,0.091026746,-0.12573636,-0.15651153,-0.1284767,-0.14249223,0.024005666,-0.03729232,-0.055058304,-0.029840209
0.029554725,-0.08416556,-0.0686468,0.09854342,-0.13952577,0.17392087,0.07981088,-0.15058416,-0.17375422,-0.14319596,-0.15328735,0.008817413,-0.060668916,-0.034847245,-0.028472438
0.1129787,-0.16083948,-0.17745224,0.23347339,0.1282697,0.21138677,0.21340093,0.08573013,0.2385785,0.09360321,0.18109018,0.047299728,0.21401505,0.27237314,-0.23022366
0.12848006,-0.20043583,-0.21689947,0.17722818,0.077297434,0.2000148,0.18109696,0.034527294,0.21905053,0.09193945,0.18173465,-0.009024082,0.21538164,0.22389466,-0.2407575
-0.029031835,-0.23113061,-0.19645643,-0.13578758,-0.11455005,-0.017555134,-0.20273894,-0.28950155,0.014248506,-0.32966974,-0.27563083,-0.11304071,-0.07198179,-0.08515701,-0.14761968
-0.025658302,-0.19372743,-0.18467122,-0.09351764,-0.17810524,0.007844555,-0.17446145,-0.25495255,-0.042598408,-0.35318777,-0.34364307,-0.14332157,-0.13039933,-0.13530517,-0.14276569
-0.100676954,-0.2815361,-0.33750403,-0.07047694,-0.040861264,0.0023303365,0.11648672,-0.20889646,0.40005603,0.16556568,0.19773331,-0.015024645,0.34881532,0.15980488,-0.15033194
-0.084572986,-0.2534003,-0.30424765,-0.0700798,-0.059880916,-0.01604666,0.103967905,-0.19368166,0.41749737,0.18696934,0.1949842,-0.013963567,0.3557545,0.1813752,-0.135882
0.19622241,0.1980411,0.29051942,0.009110119,-0.10399984,-0.11165165,0.048310973,0.08576409,0.08550511,0.30491185,0.35618508,0.30751473,0.19536471,0.13691592,0.18967542
0.19512564,0.18031007,0.2611097,0.0029283068,-0.11684318,-0.084882975,0.055684466,0.034383386,0.08272363,0.28291544,0.34804383,0.31115472,0.1865587,0.140754,0.182926
-0.24622324,-0.22475362,-0.18563834,-0.29049826,-0.3144304,0.047270417,-0.2708332,-0.3121313,-0.18065742,-0.37001252,-0.35106713,0.028808665,-0.20557618,-0.15749672,-0.22839859
-0.22599564,-0.22101921,-0.20829374,-0.2879187,-0.30068764,0.086520255,-0.2386712,-0.32084277,-0.16949478,-0.35965633,-0.33494544,0.046158753,-0.19639307,-0.14535457,-0.22959
0.43239576,0.1480124,0.13106903,0.11113301,0.025318064,-0.047546797,0.017380806,0.12766561,0.15538207,0.30487245,0.15470034,-0.101204716,0.24560983,-0.036164172,0.35175058
0.39833945,0.1564072,0.14622907,0.08526427,-0.01784493,-0.069257945,-0.04064893,0.117623,0.15246004,0.23829001,0.13305117,-0.11439075,0.22617704,-0.06983713,0.34366456
0.02344314,0.12836681,-0.059368752,0.15997872,0.123651594,0.30490482,0.22801495,-0.0695094,0.15554634,0.22909905,0.34689325,-0.098351315,0.23805068,0.23634428,-0.027791537
0.016912974,0.09919574,-0.08751946,0.16007465,0.124086104,0.29122,0.19567202,-0.07590598,0.14642875,0.20292191,0.33940047,-0.12959419,0.22649097,0.22018236,-0.05181264
0.0054832348,0.13951373,0.024216425,0.17241107,0.09069872,0.1808495,0.15446362,0.029064346,0.15694207,0.22421414,0.35281295,-0.04990101,0.24808408,0.2082254,-0.036845803
0.010564566,0.10157958,-0.017857056,0.16049711,0.113283135,0.18765408,0.16675211,0.010639202,0.16792586,0.23907146,0.3792198,-0.08591741,0.26451045,0.20699015,-0.06755606
0.05572851,0.07329394,-0.008338188,0.23007901,0.09088288,0.25212654,0.21828647,0.0697869,0.1063329,0.15996169,0.33667788,-0.041577093,0.1941215,0.15183312,-0.11154459
0.07021967,0.09274471,0.009247479,0.23814039,0.08041425,0.22551034,0.21977144,0.0830739,0.119862735,0.14786658,0.3116715,-0.08615483,0.20034978,0.14014558,-0.10041093
0.01758339,0.12983441,0.01848296,0.25660777,0.11620383,0.2969063,0.1997278,0.028124984,0.13643849,0.14273295,0.31887677,-0.1531302,0.20246789,0.19902396,-0.016875103
0.025539342,0.14768639,0.014239951,0.24420126,0.12755266,0.2963017,0.21151131,0.010530429,0.12041062,0.15787822,0.34763885,-0.18151556,0.19736451,0.18525892,0.019364594
-0.1730262,0.013920982,0.046841234,-0.0887409,-0.15122417,-0.026209902,-0.09915459,-0.1671986,-0.20707943,-0.22259983,-0.35792953,-0.077349514,-0.20626979,-0.11265759,0.059548363
-0.14933953,0.020065127,0.04484322,-0.119384184,-0.17114638,-0.048352584,-0.108231865,-0.17301321,-0.22330025,-0.1948673,-0.36024824,-0.08750016,-0.2079067,-0.1271995,0.07170149
-0.19933829,-0.110534355,-0.06181962,-0.22699411,-0.22276273,-0.12354113,-0.22431242,-0.23687094,-0.13423303,-0.06801769,-0.2597321,-0.2511377,-0.096734695,-0.23216772,0.005261277
-0.1812602,-0.08862401,-0.024352323,-0.19321096,-0.20603858,-0.123262286,-0.19397551,-0.19139344,-0.1276494,-0.035323657,-0.26330447,-0.2736172,-0.075972475,-0.21525413,0.037634604
0.34677467,0.23901364,0.08360942,0.31237948,0.33962256,0.18943918,0.35393777,0.47488785,0.06181282,0.30749893,0.37065488,0.034973435,0.14159913,0.17247778,0.04045795
0.3831954,0.19948965,0.050044216,0.28233907,0.34676027,0.19834237,0.3732862,0.49097642,0.10564132,0.3263192,0.40846002,0.026469987,0.18325976,0.1714216,0.030740228
-0.12655841,-0.23654369,-0.21556991,-0.18645652,-0.20292088,0.2593583,-0.018675655,-0.22642994,0.121878386,-0.085041955,-0.050638042,0.025079016,0.13426244,0.015691739,-0.18671119
-0.11711261,-0.23253848,-0.22105217,-0.18578057,-0.21020758,0.27571037,-0.0038730314,-0.21584272,0.10705503,-0.07079126,-0.018616062,0.016421339,0.13697565,0.016802434,-0.20925143
-0.23801976,-0.119607225,-0.06352675,-0.053874236,-0.12435076,-0.11343455,-0.001927522,-0.21972111,-0.061370995,-0.12364426,-0.34450293,0.027680848,-0.10286671,-0.10107737,0.06512049
-0.2303718,-0.08388637,-0.024439398,-0.023663636,-0.105386026,-0.10108775,0.013254413,-0.18612304,-0.03811564,-0.09042853,-0.32419848,0.006788168,-0.080509074,-0.0641385,0.094018064
0.0011750855,-0.097551845,-0.16014746,-0.03398128,-0.1063045,0.17182001,-0.17600995,-0.084790036,0.10101684,-0.09917557,-0.10044865,-0.20591193,-0.04103992,-0.0025225761,-0.14637502
-0.06211271,-0.08300502,-0.10037069,0.1533325,-0.22929783,-0.041299764,-0.09229213,0.015794728,-0.21607387,-0.2596197,-0.433271,-0.26122612,-0.27376026,-0.19895528,-0.03955191
-0.057276078,-0.044691604,-0.080853924,0.17130649,-0.21845603,-0.013988302,-0.042642117,0.038988084,-0.1857386,-0.22072607,-0.40435988,-0.27804428,-0.2411855,-0.17581287,-0.019144254
0.195337,0.08519755,-0.064025275,0.34236312,0.14642772,0.41308975,0.47239995,0.23604721,-0.031215807,0.06971724,0.18848263,0.010597744,0.034167588,0.14268082,-0.013769787
0.19823068,0.056442603,-0.096439555,0.3102097,0.14331236,0.40058762,0.47989854,0.19883142,-0.0042745974,0.07052271,0.18554124,-0.018492555,0.0610684,0.116265446,-0.0077522956
-0.3432802,-0.2321675,-0.26466522,-0.26918322,-0.15205781,0.12023085,-0.17846555,-0.35622624,-0.2727887,-0.32967705,-0.25204304,-0.16964924,-0.28181404,-0.20687374,-0.14704457
-0.3415696,-0.23313493,-0.2672459,-0.28640807,-0.15821531,0.105795324,-0.18477899,-0.35107854,-0.27096397,-0.31973028,-0.26984286,-0.1702283,-0.28758454,-0.20307124,-0.15724543
0.1279372,-0.17936148,-0.23792161,-0.06971659,-0.21316272,0.16323526,-0.20089522,-0.04956203,0.058601856,-0.20924026,-0.15180582,-0.1377693,-0.0805481,-0.028194845,-0.1826174
0.101959705,-0.14497516,-0.20791465,-0.043320052,-0.21561094,0.16933317,-0.2079789,-0.029372133,0.051304817,-0.2174862,-0.14964429,-0.1434345,-0.09920723,-0.0109598525,-0.17157516
0.062454976,-0.09998782,-0.03767576,-0.024739068,-0.16037306,-0.057733268,0.052219383,-0.14678033,-0.19260883,0.11188781,-0.12424789,-0.17298688,-0.021158027,-0.1429534,0.04281925
0.0383529,-0.13910699,-0.07363172,-0.06736203,-0.18087208,-0.062409833,0.016378578,-0.17750925,-0.20500958,0.07923981,-0.12519558,-0.15228453,-0.037989967,-0.18350106,0.012265297
0.3220224,0.08812441,-0.07226083,0.3299601,0.15586303,0.39170408,0.42847896,0.29969516,0.31350178,0.33941153,0.403122,-0.043345623,0.38287574,0.36361554,-0.07447541
0.3329293,0.091518834,-0.071315244,0.3020847,0.13503045,0.40536445,0.42053437,0.28670043,0.30908173,0.35105506,0.38725346,-0.020837605,0.37736374,0.36261952,-0.076884076
-0.21805397,0.071080364,0.099408984,-0.120428644,-0.05459588,-0.09724341,-0.08012676,-0.1489748,-0.13896394,-0.14554709,-0.3450746,-0.06553996,-0.17693031,-0.12668967,0.1677784
-0.2466305,-0.112489685,-0.09185536,-0.077045135,-0.07208191,-0.01468658,0.058512777,-0.25382465,-0.027491907,-0.2069476,-0.32582927,-0.10698707,-0.08921964,-0.054979414,-0.03480176
-0.22874433,-0.09074807,-0.07833322,-0.07232505,-0.030195769,0.028253315,0.079834715,-0.23515874,-0.008264722,-0.17971441,-0.30523264,-0.09905365,-0.07145215,-0.007886231,-0.025229754
0.052320056,0.18148407,-0.038561616,-0.17641377,-0.1443975,0.11364928,-0.198959,-0.15743226,-0.24522825,-0.012118938,-0.1427356,-0.023894107,-0.30268526,0.04505556,0.06110175
0.039836258,0.18603829,-0.022314614,-0.1687634,-0.14916696,0.11956951,-0.20494005,-0.15173137,-0.23012236,-0.004724959,-0.13022271,-0.022767194,-0.2921224,0.06480709,0.067821465
-0.2028507,-0.109422505,-0.05414858,0.01896659,-0.06701237,0.102601334,0.03298573,-0.19784394,0.10470098,-0.079004005,-0.20384306,0.046228886,0.017821383,0.11196456,0.0021615305
-0.20032237,-0.13106962,-0.060382828,0.009866742,-0.055119045,0.110434376,0.037709806,-0.19110537,0.13417879,-0.07233503,-0.19553655,0.03874415,0.05009586,0.117241345,-0.002184981
0.15124945,0.027081227,0.08335173,-0.05782039,-0.10231252,-0.046568476,-0.018761436,-0.10499258,-0.098913476,0.15046936,0.27452493,0.17824265,-0.0011209631,0.049530044,0.1441305
0.19132033,0.012095201,0.07941678,-0.037637725,-0.08682899,-0.057445213,-0.0008368208,-0.07176307,-0.06405006,0.16267063,0.29096532,0.14754912,0.03818711,0.052566342,0.13692504
0.21623695,0.12821376,0.14174569,0.12329888,0.0435372,0.0038422106,0.10444022,-0.0012344355,-0.0040754164,0.33475763,0.4013028,0.09808846,0.13861036,0.2315202,0.23409685
0.2150183,0.1262536,0.14057043,0.12073803,0.040905572,0.0044396915,0.1015733,-0.0014266407,-0.0029494297,0.33436173,0.40210384,0.09977049,0.13905832,0.23113807,0.23159686
0.18076852,-0.07206226,-0.30735424,-0.059411805,-0.052159283,0.067176536,0.04110847,-0.2286097,-0.28905812,0.059246693,-0.15030608,-0.24642202,-0.19694775,-0.08090853,-0.06388424
0.18090665,-0.062354945,-0.3096575,-0.09111111,-0.08589055,0.062178764,0.012980815,-0.24162298,-0.28917238,0.0685738,-0.16470207,-0.25705254,-0.20538473,-0.09282629,-0.058908366
0.04882119,-0.21010625,-0.14527296,0.04175013,-0.14817615,0.037203237,0.10209571,-0.09986398,0.05982937,0.024010208,0.2392316,-0.020970058,0.20520824,0.0016893651,-0.09430673
0.015733173,-0.22982167,-0.17407425,0.01397103,-0.15172485,0.018964063,0.094974786,-0.09188935,0.060782205,0.013832115,0.22771841,-0.036636777,0.19980639,-0.0360446,-0.10544976
-0.11518316,-0.045841258,-0.07643278,-0.24376956,-0.24108823,-0.08257626,-0.1201053,-0.25704592,-0.24231309,-0.19658259,-0.33634785,-0.12328358,-0.20055006,-0.28484213,-0.007002943
-0.14145525,-0.027186481,-0.063012354,-0.24637413,-0.21409805,-0.07652362,-0.11450493,-0.2753183,-0.24244104,-0.17996252,-0.32273763,-0.11766637,-0.20132357,-0.25714868,0.015194325
-0.11842828,-0.32063606,-0.3988838,-0.3293701,-0.41533327,0.11679347,-0.16619115,-0.330107,-0.17297268,-0.35333434,-0.3027412,-0.16318636,-0.19723132,-0.3057889,-0.34595037
-0.21797115,-0.32574183,-0.38773632,-0.35509688,-0.36996692,0.13150635,-0.17428607,-0.37024924,-0.14127016,-0.35689542,-0.26238763,-0.124908775,-0.16954581,-0.26278841,-0.35877472
-0.24283472,-0.32805926,-0.20929372,-0.41702673,-0.42210895,-0.29087827,-0.34267747,-0.33823824,-0.19213215,-0.37873065,-0.4020234,-0.14792167,-0.2058825,-0.3843388,-0.24293327
-0.1991053,-0.3422807,-0.23501807,-0.4171298,-0.40922225,-0.31084076,-0.32215095,-0.3521905,-0.23941654,-0.36277145,-0.4554792,-0.12395931,-0.24610308,-0.3911038,-0.26561883
0.07151811,-0.05580713,-0.040480282,0.104739785,0.0069758184,0.31257737,0.2719198,-0.057902813,0.047953192,0.14379016,0.10281055,0.018808873,0.1412555,0.14562938,-0.06412513
0.051371813,-0.10330756,-0.08793713,0.07436015,-0.026153784,0.30692354,0.23664406,-0.11219833,0.04684071,0.10642873,0.07212648,-0.00475463,0.13904145,0.10447949,-0.09581796
0.08716278,-0.049857136,-0.03026988,0.105321094,-0.013857862,0.31227487,0.25583762,0.011969713,0.05689033,0.15286256,0.1886649,0.06302196,0.13833423,0.15968138,-0.09988129
0.03590877,-0.085806414,-0.06432297,0.06649805,-0.02792128,0.32391632,0.21804082,-0.05118551,0.03823276,0.10920285,0.12888527,0.07339966,0.108622566,0.13128689,-0.12468284
-0.17887357,-0.28782335,-0.17499772,-0.15021807,-0.20075287,0.14224535,-0.08046174,-0.30807516,-0.088183895,-0.13317429,-0.16392478,-0.024583142,-0.046084784,-0.08287759,-0.23358339
-0.17668162,-0.26435742,-0.14641494,-0.15234539,-0.19753045,0.12358609,-0.07032451,-0.29730713,-0.09377092,-0.10242154,-0.19944778,-0.056486346,-0.04859457,-0.06873938,-0.21216166
0.13912165,-0.33630395,-0.4003805,-0.18462676,-0.24324524,0.037899323,-0.10297782,-0.20712736,0.025629342,-0.2596649,-0.20241925,-0.101408765,-0.02053032,-0.21467908,-0.3270381
0.16917571,-0.2990619,-0.3666177,-0.16749462,-0.18451425,0.051316224,-0.049986877,-0.18062755,0.01832651,-0.23658961,-0.22944564,-0.12593517,-0.014449989,-0.2110454,-0.26506406
0.31160805,-0.12117918,-0.16263676,-0.10183044,-0.18713012,0.007890102,-0.2112832,-0.02140876,-0.04333297,-0.09057123,-0.15049738,-0.053188197,-0.030240728,-0.16124159,-0.07762798
0.30827814,-0.1122392,-0.16445202,-0.08946447,-0.18661174,0.030513775,-0.23082355,-0.021169875,-0.05020994,-0.09242688,-0.1609383,-0.052619286,-0.04888328,-0.1416139,-0.08074703
-0.14833933,-0.2368079,-0.1143871,-0.30371964,-0.23842621,-0.16451028,-0.1894755,-0.22241451,-0.15090656,-0.3174497,-0.3615163,-0.08318647,-0.14554405,-0.2573468,-0.14837122
-0.11371026,-0.23197654,-0.11699392,-0.28676075,-0.25946337,-0.16481039,-0.16934413,-0.20494452,-0.18981254,-0.3044532,-0.38853645,-0.074759185,-0.17946872,-0.28814545,-0.13384059
0.2676743,0.3192411,0.23837717,-0.018860137,-0.15483809,-0.0030641195,0.11825435,0.12595478,0.017097654,0.25926924,0.23427466,0.34755367,0.07939629,0.07068809,0.10082213
0.27232456,0.3193779,0.23242715,-0.024446338,-0.16406687,-0.0140899,0.1091809,0.105550736,-0.00577957,0.25619298,0.21398038,0.3380397,0.058576867,0.061579943,0.1085574
0.3138041,0.3257144,0.23921886,-0.06283907,-0.1288845,0.049333,0.16015339,0.16017145,0.13112345,0.35372597,0.3514899,0.25132477,0.1989494,0.0837885,0.10595478
0.29385236,0.32949635,0.24241307,-0.055378713,-0.13535362,0.04218623,0.13862878,0.16036288,0.12510426,0.34234428,0.3436104,0.25037682,0.18776143,0.08034952,0.10228045
0.04719077,-0.051772542,-0.15701747,0.07645539,-0.11848545,0.10965356,-0.017288858,0.010339981,0.15871403,0.08519544,0.2823563,0.08052395,0.17010872,0.0398583,-0.21287057
0.03976956,-0.0663057,-0.16341284,0.041398607,-0.14887173,0.12199816,-0.026254943,-0.016706202,0.17749274,0.10688142,0.26009116,0.1308155,0.18281181,0.045022108,-0.21196678
0.044860147,-0.17426807,-0.12048419,-0.07616337,-0.041026182,-0.0040829415,-0.33235925,-0.11382968,0.21977448,-0.16943735,-0.09595905,0.09716906,0.060050853,0.07453269,-0.08652691
0.036134228,-0.19526848,-0.13940021,-0.08268842,-0.05209741,-0.013885486,-0.34884477,-0.12228571,0.21935919,-0.17131737,-0.08113028,0.103521004,0.062407233,0.060233634,-0.107098356
-0.037113182,-0.055773687,-0.08690385,0.049057633,-0.021748176,0.10418307,-0.09492022,0.04053382,0.2459956,0.03647745,0.22159028,0.09992817,0.13457254,0.30231386,-0.05367147
-0.012485962,-0.03230506,-0.08192405,0.109611966,0.004100538,0.12582384,-0.07400959,0.12635815,0.23788843,0.03036135,0.22060782,0.03759094,0.11488928,0.30890694,-0.06145265
-0.13563168,-0.32323444,-0.20928195,-0.20331818,-0.25956237,0.015161294,-0.19454241,-0.3067727,-0.18269001,-0.33010417,-0.27056307,-0.022948086,-0.16649413,-0.19085649,-0.27546945
-0.09460262,-0.3360848,-0.23058534,-0.24803555,-0.29890946,6.55686e-05,-0.20255244,-0.29663542,-0.20414701,-0.32157493,-0.27939916,-0.057475932,-0.18482065,-0.24744073,-0.2845591
0.46092653,0.044322338,-0.009824331,0.109663725,0.031550646,-0.04876253,0.025841564,0.03127677,0.047972508,0.1072519,-0.074754685,0.09405658,0.109941535,-0.051584315,0.17293164
0.48345327,0.065297835,0.014377865,0.10689776,0.03456823,-0.052912787,0.014290376,0.026806984,0.022309633,0.11390529,-0.0783031,0.09200154,0.089507475,-0.052314762,0.2196702
-0.07969591,0.21003509,0.20554766,0.39240402,0.30099922,0.2658392,0.4184451,0.2802436,0.27947974,0.12783954,0.17989105,0.17278078,0.18085258,0.43228847,0.18344761
-0.06860345,0.19965976,0.22223759,0.37155074,0.2969765,0.23168941,0.40928465,0.30443585,0.28212965,0.16944566,0.18733382,0.20521706,0.19493076,0.4334011,0.1539598
0.07440925,-0.07353826,-0.18704587,-0.09183253,0.22565326,0.024126776,-0.0076748654,-0.13687311,0.09274061,0.08323622,0.26806417,0.18255652,0.07982853,0.19340505,-0.0002567565
0.100145504,-0.09957993,-0.21692884,-0.10900198,0.20487362,0.025551114,-0.057162926,-0.14051059,0.11566164,0.098361954,0.28642887,0.16310924,0.088375345,0.19661579,-0.035202075
0.08307597,-0.106752664,-0.2808846,0.009214878,0.10687028,0.3660143,0.12733461,-0.19503444,0.017039554,0.06852204,0.13400067,-0.0641782,0.05091739,0.22584035,-0.19120942
-0.013898951,-0.24723014,-0.35711515,-0.08060658,0.074551634,0.2793634,0.037042595,-0.31136692,0.024404634,-0.0151922265,0.11208391,-0.10438584,0.062236436,0.15121363,-0.2722386
0.051688842,-0.17832315,-0.15697458,-0.1532091,-0.21173833,-0.07894194,-0.3026481,-0.1257357,-0.08532886,-0.26990008,-0.34407604,-0.135914,-0.15763032,-0.16062295,-0.12475437
0.07847841,-0.15287834,-0.13155046,-0.12364639,-0.19478168,-0.09269233,-0.28977704,-0.08325532,-0.08186462,-0.21888226,-0.33153474,-0.1481773,-0.14794612,-0.12631944,-0.103152715
-0.076532766,-0.28841174,-0.23680651,0.06330165,-0.0135209365,0.1972684,0.0717717,-0.15208757,0.14897946,-0.0963572,0.18229136,0.055387147,0.22012909,0.066923544,-0.28265256
-0.0338448,-0.31026697,-0.24992591,0.025815949,-0.0607431,0.2220703,0.10251788,-0.15011302,0.16769123,-0.009114893,0.21872127,0.084622465,0.24845065,0.0653473,-0.2903238
-0.060739513,-0.26351804,-0.17486976,0.02403244,-0.03886097,0.09220557,0.011069685,0.018086232,0.14823611,-0.007990903,0.31262082,0.014157785,0.21237573,0.040797528,-0.3122483
-0.050530538,-0.26901135,-0.1810196,0.0064698993,-0.06735644,0.10198831,0.018006347,0.0025502173,0.1624864,0.0182751,0.3273272,0.033198748,0.22201544,0.045046955,-0.30355483
-0.118768856,-0.25584763,-0.3219718,-0.021226097,0.02749328,0.30059665,0.08511611,-0.22939825,0.2645051,-0.00979173,0.037275005,-0.016058374,0.15854251,0.24294427,-0.3275435
-0.09366867,-0.2490148,-0.30587035,-0.06704079,-0.05097501,0.253205,0.036018297,-0.25157288,0.1998439,-0.021021359,-0.051070925,-0.022041347,0.09777194,0.1858317,-0.31511247
0.048951287,0.023244144,-0.05198675,0.1447462,0.16599388,0.34688693,0.3159096,-0.0140839685,0.23142278,0.23574272,0.21445532,0.07440898,0.28440696,0.33771384,-0.04254143
0.035525914,-0.014420299,-0.08858682,0.1379383,0.15365978,0.34818348,0.2888589,-0.048812523,0.21318515,0.22220212,0.18734965,0.110385254,0.2684227,0.32850546,-0.06432179
-0.18754923,-0.17114043,-0.041258816,-0.044928715,-0.22810136,0.12371731,-0.0026213934,-0.07663345,-0.16991901,-0.17046398,-0.22082537,-0.06877804,-0.14243017,-0.03469824,-0.16821632
-0.118819796,-0.13286601,-0.030978454,-0.047568336,-0.20721176,0.17468533,0.033721037,-0.05075667,-0.17951916,-0.11201559,-0.20963922,-0.081564784,-0.13575521,-0.0145588145,-0.13913801
-0.2725799,-0.3322413,-0.31590155,-0.25741816,-0.25369588,0.08321053,-0.33960485,-0.26291463,0.25957254,-0.18368222,-0.12845472,-0.025967266,0.08313653,-0.016337244,-0.3271729
-0.2903704,-0.30373725,-0.2980799,-0.2508194,-0.27053478,0.06742376,-0.33232728,-0.23728217,0.18035023,-0.22388956,-0.1721987,-0.08845494,0.015335916,-0.119597465,-0.30451834
0.055323172,0.19091055,0.21451697,0.16605704,0.17148545,-0.016015746,0.061597828,0.11532755,0.1747556,0.27247977,0.2257235,0.2418851,0.20286055,0.28990728,0.077089
0.09025544,0.20983467,0.23245437,0.16364767,0.1364746,-0.030393314,0.08290182,0.17659955,0.15644827,0.24567118,0.20215255,0.23090574,0.19138718,0.25200376,0.059837267
0.13221379,0.42597985,0.5676497,0.24385518,0.1668743,-0.004950297,0.15633035,0.4720984,0.08181282,0.23775987,0.31379816,0.382905,0.12142153,0.2524674,0.24160798
0.14178126,0.41097307,0.5518906,0.22134064,0.15290308,-0.016597483,0.16156045,0.4683478,0.10232409,0.2654975,0.32624543,0.3743828,0.14546126,0.24772839,0.2297787
0.24586749,0.399912,0.46674448,0.14889993,0.13167971,0.06427795,0.25821775,0.38190302,0.09435349,0.42783517,0.36284715,0.44653845,0.19750002,0.26878765,0.21416706
0.2706176,0.40348017,0.4858024,0.17222634,0.12399751,0.04029067,0.26776323,0.43112758,0.12349535,0.44294372,0.37095505,0.39076847,0.22623168,0.27841187,0.2276285
-0.0821631,-0.26191145,-0.3321486,-0.17279813,-0.3109817,0.1461707,-0.15244575,-0.2788607,-0.0662068,-0.150314,-0.08576315,-0.21949199,-0.083024964,-0.0865407,-0.3613693
-0.028197706,-0.24474096,-0.31922483,-0.11759425,-0.26037934,0.12578465,-0.10035888,-0.19974262,-0.007983293,-0.11227602,0.0011851015,-0.22806779,-0.023686279,-0.033575907,-0.33593988
0.15553616,0.057427146,0.013123526,0.13429165,-0.015908783,0.1987032,0.17336631,0.060939617,8.620974e-05,0.22751899,0.0920321,0.058439396,0.09755534,0.23833615,-0.10172188
0.15660568,0.07028719,0.013292125,0.15994179,0.01517231,0.21394128,0.17243889,0.031257678,-0.013749864,0.22181156,0.08363363,0.058930907,0.077932864,0.2681619,-0.08089493
0.025144592,-0.009736384,-0.06342617,0.16763602,0.10698792,0.21292357,0.1706398,0.088513955,0.06546275,0.105364844,0.13112226,0.02304674,0.09940617,0.2573474,-0.20965952
0.0030079696,-0.03762223,-0.09655258,0.12959425,0.072125144,0.22468942,0.13930857,0.04000675,0.07167566,0.082009956,0.15120924,-0.011563556,0.08677091,0.26692444,-0.23671818
0.030428123,0.075601846,0.024909088,-0.08908041,-0.24403118,0.1331177,-0.045705132,-0.120723166,-0.27198327,-0.017028797,-0.25926638,-0.04182034,-0.20637676,-0.072876774,0.03999217
0.036313765,0.06336563,-0.0014334843,-0.12536034,-0.26461264,0.15257633,-0.068322495,-0.13775697,-0.26375023,-0.017181933,-0.25556326,-0.034382567,-0.21196243,-0.07115142,0.003178407
0.19437811,0.50993097,0.53425205,0.16163342,0.063823104,0.05722273,0.17476736,0.5384677,0.032743525,0.35079485,0.27871192,0.19213946,0.0065427828,0.21771175,0.30809313
0.19037929,0.49910972,0.5200142,0.15325455,0.06645082,0.06214937,0.17717469,0.5394038,0.06840233,0.33806702,0.27859107,0.17771646,0.028839706,0.21505442,0.28651243
0.2679446,0.50383353,0.5149753,0.122713685,0.084859625,0.05977427,0.20513415,0.55215967,0.014205884,0.31048566,0.27072057,0.1864884,-0.011206899,0.14890347,0.3144177
0.2765237,0.4803179,0.49724746,0.09777494,0.05483952,0.051500827,0.19004765,0.53487647,0.024659913,0.3141154,0.2741232,0.19574034,-0.0035082446,0.14296247,0.2942487
-0.17712234,-0.22612196,-0.07906051,-0.26401263,-0.3031681,-0.18575537,-0.2794116,-0.13409209,-0.18282339,-0.085682586,-0.29803145,-0.16579899,-0.123162344,-0.20098287,-0.11929119
-0.1734173,-0.213341,-0.08073416,-0.24832393,-0.3098404,-0.18618816,-0.23641156,-0.14016955,-0.19863832,-0.05072984,-0.3048022,-0.22318766,-0.12234251,-0.19311197,-0.11155306
-0.20632607,-0.2053037,-0.13902482,-0.27923265,-0.3435592,-0.14765117,-0.29339606,-0.27113068,-0.25853086,-0.20964256,-0.38208365,-0.13816941,-0.2509671,-0.2686841,-0.10771397
-0.20980367,-0.17210564,-0.10867897,-0.22863153,-0.30974966,-0.1256806,-0.2358577,-0.24023819,-0.23890224,-0.1880044,-0.36281788,-0.1419868,-0.22700812,-0.24569055,-0.0674591
-0.276209,-0.14646703,-0.12372055,0.0042635584,-0.19086483,0.2590224,0.07250537,-0.17002991,0.10342802,-0.22250989,-0.15321136,-0.054129064,0.014957465,0.0033869226,-0.17084453
-0.25080705,-0.16093254,-0.1477114,-0.002901137,-0.20343423,0.25447714,0.06086239,-0.19486417,0.101117894,-0.19213074,-0.13362958,-0.068609476,0.019197384,0.02343399,-0.18799168
0.15052563,-0.14068103,-0.23338245,0.35307714,0.1368498,0.091509365,0.17558569,-0.12992615,-0.062154457,-0.16007896,-0.09951462,-0.037834827,-0.0288904,0.06552557,-0.028525691
0.12884,-0.15638518,-0.24314266,0.3726738,0.15139842,0.12010876,0.15008211,-0.09942435,-0.049554564,-0.18505174,-0.08321938,-0.008110635,-0.03286556,0.09670909,-0.064206295
-0.10832417,-0.33214355,-0.3755289,-0.26788667,-0.19135419,-0.08491431,-0.1821316,-0.33949512,-0.1564179,-0.35320318,-0.28759605,0.012789285,-0.15616404,-0.2719561,-0.2535038
-0.15441576,-0.3357948,-0.38271552,-0.23717265,-0.13602257,-0.042233497,-0.1358721,-0.3589102,-0.09588483,-0.3511233,-0.24286509,0.04690402,-0.10325281,-0.20240133,-0.23407996
0.014891539,0.036017895,-0.012843761,-0.14794743,0.14782104,0.07725473,0.008520547,-0.13310999,0.11474624,0.38453963,0.33262032,0.25991628,0.15239716,0.3983546,0.006322366
0.04132296,0.047941998,-0.052864164,-0.14840893,0.12301768,0.105477095,0.020559087,-0.12149602,0.11469051,0.3995954,0.3374954,0.28303337,0.14910418,0.34957784,-0.019526146
-0.23929878,-0.120812654,-0.072407156,-0.19722405,-0.12859811,-0.11992347,-0.10349307,-0.3004117,-0.052395165,-0.19719417,-0.34874606,-0.26014143,-0.11367385,-0.12592435,-0.0015609454
-0.23936267,-0.16219497,-0.119352505,-0.24487905,-0.17158216,-0.15703887,-0.16382235,-0.32044852,-0.09763096,-0.23809142,-0.37867528,-0.2662454,-0.15369913,-0.20618896,-0.035817347
-0.14356706,-0.22721389,-0.17864417,-0.28207982,-0.33159423,-0.21790847,-0.18055588,-0.285164,-0.16045012,-0.3112061,-0.43564594,-0.19570501,-0.180818,-0.31335887,-0.15831709
-0.13189387,-0.19873579,-0.15394944,-0.31670475,-0.28770858,-0.22637028,-0.13998477,-0.2617854,-0.18207398,-0.3020876,-0.407309,-0.18530539,-0.20049399,-0.33589116,-0.11849566
-0.14891031,0.052192975,-0.0072807833,-0.056440998,-0.07191531,-0.010191254,-0.015851011,0.08085661,0.07042435,0.0022882982,0.035346404,0.1907064,0.017525725,0.086988285,-0.1984216
-0.14347178,0.053179078,-0.0048693125,-0.04512553,-0.05927261,-0.020202518,-0.0066243224,0.078330636,0.060984544,-0.018437833,0.021316348,0.17204547,0.0094312765,0.069437206,-0.18983623
0.17688772,0.35222542,0.46452755,0.09741105,-0.19902602,0.060242422,0.09716958,0.1986328,-0.085929215,0.2082699,0.124542475,0.44139686,0.0069618654,0.13098553,0.19519746
0.1932069,0.3418362,0.45833835,0.08195525,-0.2043469,0.05754692,0.09767559,0.19343188,-0.07947329,0.22986138,0.13601588,0.4549673,0.013128303,0.12985517,0.20266964
0.10025395,0.35346675,0.51627797,0.12915802,0.039854594,0.029910136,0.18171525,0.5188873,0.1332094,0.23329376,0.18543464,0.19435078,0.1055376,0.16977894,0.24361861
0.099193856,0.33819905,0.51276404,0.13429457,0.072218314,0.04387883,0.19812392,0.5154786,0.13740906,0.25341305,0.22222045,0.22745088,0.13208675,0.19500116,0.22172709
-0.16227297,-0.06616574,-0.100633174,-0.1094691,-0.17050347,0.046242706,0.018101705,-0.16107768,0.14852747,0.0921222,-0.1236908,0.27442092,0.07818082,0.12301224,-0.12365087
-0.130384,-0.087414585,-0.13898289,-0.114151895,-0.18054345,0.02687018,0.063795246,-0.17995155,0.14435741,0.09791154,-0.11313908,0.24206617,0.084397756,0.08897955,-0.13997352
-0.23457894,-0.26616502,-0.22884767,-0.21685208,-0.31213695,-0.03979677,-0.19396627,-0.30487058,0.08054843,-0.1521986,-0.13469741,-0.049022384,0.08094236,-0.09980597,-0.28209406
-0.24317746,-0.26940984,-0.22048488,-0.21213768,-0.30184376,0.021862365,-0.13922432,-0.2915644,0.10278906,-0.08170958,-0.116404966,0.04559668,0.11958541,-0.051725924,-0.29409832
0.39825618,0.13872336,-0.038486935,0.33464152,0.21889834,0.0030475385,0.14395946,0.22024754,-0.11571543,0.07089273,0.047377843,0.10991293,-0.06692338,-0.018820394,0.19689399
0.42531544,0.15893199,-0.017143065,0.31262976,0.17429304,0.011585362,0.13606767,0.22518566,-0.12230019,0.05853847,-0.00015264284,0.102828875,-0.09236708,-0.061619334,0.25750482
0.34595406,-0.0737956,-0.14507757,0.21404292,0.25931203,0.10697175,0.11295189,0.050514072,0.2603558,0.25325415,0.44727916,-0.00052133243,0.33135793,0.2721669,-0.004681231
0.34183824,-0.07704672,-0.14115101,0.21466583,0.25985575,0.1128027,0.112072006,0.055788815,0.25822628,0.26905727,0.44854224,0.017530426,0.3319934,0.28092155,-0.00188133
0.2605684,0.1219714,0.11315136,0.45019352,0.27321613,0.23912087,0.19615036,0.25988364,0.22791395,0.26109838,0.2506989,0.21212603,0.23766962,0.5477419,0.054071933
0.26172662,0.13441566,0.1315906,0.4278944,0.26934832,0.23962593,0.1922415,0.24720106,0.21896552,0.2771412,0.2576782,0.23241384,0.23062445,0.54866904,0.06432329
0.09153476,-0.11018804,-0.08370592,-0.07261875,-0.16373391,0.13739333,0.16666102,-0.20022517,-0.058978193,0.0059748576,-0.057987466,0.032278746,0.10741509,-0.036630366,-0.05373487
0.087260336,-0.10293177,-0.063289866,-0.070107564,-0.1579812,0.1262924,0.18539867,-0.21646167,-0.047323413,0.025464594,-0.062939,-0.019976068,0.12101043,-0.04111021,-0.0067926347
0.054288693,0.12656923,-0.15325469,-0.17453201,-0.20883402,-0.06925017,-0.16731787,-0.17023894,-0.22371164,0.0014869969,-0.2670839,-0.13719225,-0.32294372,-0.17226186,0.08263966
-0.03954199,0.30819637,0.18296447,-0.012170108,-0.09672729,0.049588267,-0.04916349,0.017378274,-0.006845141,0.30200392,-0.024631524,-0.14719126,-0.052819468,0.0816195,0.26106286
0.06956778,0.1325028,0.14474496,0.3652143,0.3732412,0.12499891,0.38491118,0.4017159,0.19613884,0.22018965,0.22840515,0.026500544,0.19401939,0.37566322,0.049161166
0.09686565,0.166219,0.16865669,0.3612856,0.37563527,0.12568794,0.40455216,0.40260434,0.17033078,0.2777872,0.26166394,0.02235346,0.18991789,0.3865981,0.07564178
-0.025229156,0.1487793,0.17774504,0.35387963,0.42704266,0.18976742,0.37848848,0.35805947,0.18068,0.16924609,0.20124733,0.048690125,0.1598834,0.42374948,0.049112752
-0.0006658938,0.1567953,0.1782828,0.36870456,0.42206916,0.18867218,0.40290102,0.37217373,0.16900705,0.17273077,0.21639477,0.041168004,0.1526797,0.42138946,0.0555441
0.060975723,0.23535478,0.24082631,0.32263935,0.27524638,0.23316503,0.29253918,0.47275865,0.18390599,0.20442729,0.23787525,0.011313433,0.1605998,0.33817065,0.08744511
0.088804066,0.23031376,0.22878858,0.3238053,0.26432055,0.21706921,0.29763672,0.4705846,0.17213646,0.21672496,0.23233545,-0.00517447,0.15882851,0.32087475,0.08171634
0.2691726,0.31399876,0.267714,0.46072626,0.34297597,0.27806187,0.43671888,0.5472185,0.0895237,0.25657186,0.32508728,0.048374243,0.13395555,0.30803615,0.1661704
0.2642104,0.29685703,0.2621011,0.45405248,0.3338735,0.28333127,0.41923296,0.5474504,0.098215595,0.25591776,0.329004,0.047847822,0.1429461,0.30736616,0.14905961
0.19753075,0.3253769,0.32736778,0.46720764,0.38546282,0.2646417,0.42228898,0.5404918,0.0638679,0.22221006,0.32070005,0.1373332,0.12741806,0.34451818,0.19171317
0.20346221,0.33559495,0.33687204,0.46035224,0.3582791,0.27304798,0.4085952,0.5354674,0.058815792,0.2248641,0.31542295,0.14704248,0.120871656,0.3388303,0.19627938
0.22056359,0.33234045,0.29221037,0.46717432,0.38952982,0.27985227,0.46485782,0.48158032,0.12136422,0.31789368,0.37889877,0.026614306,0.20482798,0.33182812,0.21218033
0.20904168,0.31628853,0.28230536,0.4599532,0.3806215,0.27790606,0.44804883,0.4808845,0.117266886,0.31300718,0.3667497,0.035883836,0.19777566,0.32569438,0.19606951
-0.18003963,-0.01896395,-0.09577368,-0.090733595,-0.19174755,0.03441346,-0.15024698,-0.22069904,-0.27584583,-0.26714367,-0.34400284,-0.035427645,-0.2977208,-0.20847628,-0.009218432
-0.18973807,-0.017870853,-0.07497425,-0.08650032,-0.17456597,0.04587694,-0.13369389,-0.19678716,-0.26495215,-0.25289616,-0.34306327,-0.04283908,-0.28801417,-0.18629691,-0.0012813071
0.1605877,0.048612177,0.020638993,0.05049192,-0.07120931,-0.15394028,-0.10317156,-0.15447962,-0.11310862,-0.08392905,-0.37244812,-0.06960106,-0.15801919,-0.12801251,0.24938592
0.1847485,0.05540262,0.02231237,0.0340924,-0.09902078,-0.14725572,-0.099409804,-0.14770702,-0.122363,-0.037238106,-0.37396938,-0.04015375,-0.164781,-0.12295404,0.23766223
-0.2554668,-0.11103085,-0.04407593,-0.28827637,-0.24359354,-0.1596528,-0.21238728,-0.18729198,-0.19566195,-0.33440936,-0.3840745,0.021013273,-0.24869746,-0.24762969,-0.073749974
-0.24729738,-0.10968433,-0.04749883,-0.3080822,-0.24492444,-0.1388554,-0.21025148,-0.1885321,-0.1842562,-0.31762722,-0.382732,0.030404937,-0.23920771,-0.2347602,-0.07558958
-0.06996755,-0.17733899,-0.1361228,-0.15277359,-0.30487615,-0.096041046,-0.16907713,-0.1997115,-0.23691739,-0.22428346,-0.27472764,0.03838876,-0.15445158,-0.23570204,-0.12194803
-0.06796211,-0.18126702,-0.1178597,-0.22288112,-0.318465,-0.12766832,-0.18292317,-0.19375958,-0.2417374,-0.20060606,-0.26620916,0.037233885,-0.14561477,-0.27457368,-0.10294127
-0.080293074,-0.3239805,-0.30778232,-0.13560799,-0.23548649,0.047144383,-0.18287435,-0.16269654,0.19206779,-0.19102982,-0.029219225,-0.19285214,0.15592682,-0.064216994,-0.35552418
-0.048725806,-0.31551376,-0.2867208,-0.13240334,-0.1996556,0.0021854667,-0.18321499,-0.18689814,0.19192983,-0.1771589,-0.04751696,-0.1893717,0.16244698,-0.051927257,-0.3217511
0.25123405,0.082405254,-0.04060266,0.0016889081,-0.22645333,0.06986281,-0.1300574,0.17355895,0.03232438,-0.08575153,-0.19368596,-0.24294372,-0.09007852,-0.10338416,0.0013720402
-0.048791204,0.07051924,0.06710906,0.0018240223,0.14147016,0.14435574,0.25902176,0.05081742,0.32820874,0.35966206,0.2704687,0.37397534,0.26695418,0.48913106,0.05416452
-0.056171246,0.062312268,0.055483766,-0.01798726,0.11376925,0.12664145,0.24509588,0.026694216,0.33399248,0.34895426,0.26215434,0.3807701,0.2722174,0.4752128,0.056384906
-0.026860533,-0.2214165,-0.26843762,-0.20785654,-0.29556838,0.048697233,-0.12688625,-0.27502656,-0.1383187,-0.13526386,-0.16892353,-0.058737267,-0.060110293,-0.19195321,-0.1897789
-0.047911845,-0.19880608,-0.237441,-0.20086905,-0.3032153,0.042455744,-0.11876334,-0.26971793,-0.1388119,-0.117013216,-0.17778745,-0.09977259,-0.05517842,-0.19114092,-0.13773164
-0.15077484,-0.13434282,-0.053550407,-0.060055684,-0.15754767,0.012372628,0.109329425,-0.11553666,0.28526196,0.11448962,-0.1462431,-0.11748965,0.29222718,0.06535819,-0.020961136
-0.14868526,-0.11949523,-0.04931421,-0.062910706,-0.15537108,0.0015053134,0.09972287,-0.12416697,0.27569395,0.12426828,-0.14904961,-0.1201194,0.28184032,0.07700236,-0.018044695
-0.25422993,-0.06492606,-0.11130734,-0.067685485,-0.1764059,0.16348018,-0.021303764,-0.09883421,0.02313533,-0.21203038,-0.1933433,-0.21741141,-0.066302165,-0.044476643,-0.16849327
0.20193194,-0.15796122,-0.15812868,0.055302322,-0.007498393,0.23817289,0.028558891,-0.10973458,0.16363323,-0.004924546,0.13549642,0.020935908,0.14255778,0.1277315,-0.054281272
0.2184203,-0.1520656,-0.1638206,0.044672366,-0.031209432,0.2617756,0.00049665,-0.09738363,0.15572834,0.01123878,0.116969794,0.026396373,0.1300354,0.114476696,-0.055068452
-0.2113255,-0.27596045,-0.1367543,-0.19618426,-0.30288148,-0.19109906,-0.36113864,-0.20518142,-0.19547257,-0.2833851,-0.39898282,-0.21016598,-0.2743815,-0.20773277,-0.18437709
-0.073537804,-0.23955676,-0.15289599,-0.08979259,-0.24842313,-0.16220906,-0.32570708,-0.12779364,-0.17986645,-0.30785292,-0.38492483,-0.19543144,-0.28132218,-0.19416448,-0.17548116
-0.25089929,0.142302,-0.03662618,0.004038785,-0.071688674,0.2036894,-0.15658687,-0.1590519,-0.095199406,0.039481536,-0.19626498,-0.27932596,-0.19006315,0.08609711,0.12586445
-0.22742349,-0.028083129,-0.2357912,-0.22196332,-0.1763064,0.16844127,-0.14238578,-0.3160774,-0.13080293,-0.1375239,-0.28409672,-0.27974084,-0.2371675,-0.1098956,-0.019212242
-0.21559393,0.00095053716,-0.20294994,-0.2542317,-0.15343264,0.18092895,-0.13618091,-0.31808174,-0.12861183,-0.075356275,-0.24236475,-0.25899747,-0.2211393,-0.09669414,0.007992325
0.018917382,0.015416564,0.0039570197,0.030053902,-0.13549617,0.122626126,0.054500777,-0.10061555,-0.25673848,-0.003961916,-0.0896956,0.054521013,-0.10315645,-0.08858183,0.0805255
0.010238738,-0.019993136,-0.027373258,-0.01780172,-0.1763939,0.08260325,0.04924441,-0.14660886,-0.29616052,-0.017515441,-0.14328781,0.027504094,-0.13371174,-0.14317843,0.06653723
0.042058893,-0.1836648,-0.19355658,0.06467818,-0.31366667,0.064162165,-0.13064253,-0.042856783,-0.016131066,-0.2901448,-0.3066077,-0.14945273,-0.12663248,-0.0325856,-0.21838069
0.08924264,-0.060081042,-0.14284207,-0.088338345,-0.2998837,-0.1743436,-0.046987146,-0.09839978,-0.27064413,-0.19931045,-0.47484136,-0.301113,-0.28359544,-0.38112095,-0.0015357812
0.08496378,-0.05236796,-0.1368736,-0.087104015,-0.30798173,-0.18331984,-0.059339806,-0.08701624,-0.2708342,-0.19205157,-0.4745946,-0.29980385,-0.28818133,-0.38053566,-0.0036909853
0.113474526,-0.058570825,-0.25292408,0.19997601,0.08435637,0.27321607,0.21866807,-0.12637508,-0.05804609,0.019508798,0.28797892,0.25481027,-0.008844981,0.15379524,-0.13247316
0.06649755,-0.06749982,-0.2509905,0.16531806,0.070927806,0.2768908,0.23711447,-0.14410079,-0.010611422,0.023057092,0.29533356,0.2609098,0.041346893,0.1543119,-0.11691333
-0.10055037,-0.15504867,-0.18301466,-0.09991725,0.006903412,0.3648191,0.14874014,-0.12951753,0.32255173,0.24498537,0.25932577,0.06568718,0.34422964,0.29727697,-0.21149763
-0.108438835,-0.14513125,-0.17288686,-0.091117024,-0.0023958792,0.37157074,0.15545008,-0.113278106,0.33196276,0.23990071,0.24393718,0.06924935,0.34029764,0.3122598,-0.2162562
-0.09219067,-0.051162507,0.031777278,-0.140978,-0.17050812,-0.13270718,-0.013018853,-0.14789897,-0.08163954,0.09988694,-0.18862331,-0.20024449,0.044423036,-0.14742482,0.087555096
-0.11464383,-0.07273186,0.011174143,-0.16927528,-0.18913084,-0.1508773,-0.06469177,-0.16650335,-0.09100218,0.06597952,-0.21731818,-0.2156934,0.016883746,-0.1728251,0.059790976
-0.0003335229,-0.112111576,-0.026546001,-0.094888024,-0.18434611,-0.15025717,0.044156983,-0.14712413,-0.059138753,0.09948805,-0.16444242,-0.18006425,0.09773184,-0.16601115,0.04681047
-0.030313268,-0.12699799,-0.045984067,-0.12573929,-0.19771054,-0.16767403,0.0010931138,-0.17865068,-0.05468829,0.07772626,-0.17538425,-0.18155055,0.09011929,-0.19571355,0.032293938
0.52662766,0.3889298,0.28552952,0.2688328,0.026075842,0.11752255,0.32985544,0.5277841,-0.021560658,0.34203127,0.20277204,0.061518326,0.068651035,0.07632707,0.2973807
0.5200355,0.38507265,0.29054588,0.25208586,0.014451504,0.10440713,0.3210617,0.52734995,-0.03284274,0.32923263,0.14875492,0.044510778,0.05238872,0.0571853,0.31253576
0.094522536,-0.19522613,-0.12925377,-0.13045692,-0.15001145,-0.111503676,-0.33764207,-0.11523412,0.1480248,-0.16776763,-0.23974775,-0.06803116,0.019156758,-0.1023803,-0.061874595
0.101983875,-0.20089215,-0.14983054,-0.107573204,-0.1327582,-0.089821994,-0.3384978,-0.13126087,0.1472269,-0.18837488,-0.2086789,-0.016113898,0.009995149,-0.0995024,-0.066804856
0.102840826,-0.00049444987,-0.053792983,0.2577189,0.24452169,0.24543752,0.37803295,0.14309645,0.10529578,0.072223514,0.29051068,0.009388547,0.17577672,0.27721754,-0.069180176
0.0641769,-0.006981956,-0.062476948,0.24227774,0.22827664,0.23727995,0.3453902,0.1283673,0.1158381,0.07659079,0.29224527,0.000938933,0.17461652,0.27056524,-0.08098638
-0.042818375,-0.21470012,-0.13628823,-0.24535778,-0.35794905,-0.13441649,-0.077359855,-0.27200902,-0.23414741,-0.17148954,-0.3044805,-0.152275,-0.1056857,-0.29924953,-0.13014653
-0.046858355,-0.23656172,-0.14422722,-0.2888528,-0.3618237,-0.15255007,-0.11984017,-0.27253574,-0.21546075,-0.1661031,-0.31848523,-0.14877412,-0.09498964,-0.3151991,-0.15089875
0.2601605,-0.13351342,-0.10610299,0.03854668,-0.36895633,0.020481218,-0.1607211,0.1781967,-0.20006868,-0.121448204,-0.22604746,-0.16221455,-0.1967172,-0.2327339,-0.102713436
0.26791465,-0.16001773,-0.13677928,-0.029276006,-0.40379423,0.008330095,-0.18896228,0.14974795,-0.20141958,-0.120563656,-0.21876755,-0.1820224,-0.19220746,-0.26710922,-0.13662592
-0.2442585,-0.2766758,-0.1579764,-0.34118393,-0.37380177,-0.1313991,-0.38370073,-0.19658107,-0.16050752,-0.2481583,-0.30838436,-0.16050212,-0.22530177,-0.22419712,-0.24294324
-0.24048978,-0.28191,-0.16415295,-0.34141973,-0.3942249,-0.13998955,-0.39403817,-0.20459482,-0.16899344,-0.2628637,-0.31556156,-0.14565042,-0.23679325,-0.23957224,-0.24145621
-0.17831498,-0.26438388,-0.32929268,-0.18389072,-0.15277058,-0.013012411,-0.35867018,-0.30074358,-0.050699227,-0.3328253,-0.23259383,-0.08508134,-0.22139189,-0.12439392,-0.1913785
-0.2096833,-0.26398236,-0.34462488,-0.17495944,-0.18562844,-0.010970209,-0.36285755,-0.2943257,-0.07366869,-0.35026807,-0.17208973,-0.051278513,-0.25226706,-0.1420649,-0.2183688
-0.2298635,-0.30482277,-0.31213903,-0.20761055,-0.25064018,0.0367264,-0.35718495,-0.22800705,0.13159317,-0.26934773,0.033765808,-0.050982863,-0.04051339,-0.08132164,-0.2850327
-0.25168356,-0.3041914,-0.30256668,-0.2104065,-0.3034159,0.0342765,-0.3670355,-0.20714423,0.105158895,-0.31245917,-0.018113514,-0.050765112,-0.073625095,-0.12439488,-0.29273832
-0.23379235,-0.3123361,-0.3719796,-0.0698749,-0.16271918,0.16758485,-0.040920176,-0.38948393,0.038855772,-0.04905376,-0.220067,-0.16473803,-0.0230014,0.020683412,-0.23749834
-0.14104511,-0.25160003,-0.32295984,-0.025901023,-0.0954041,0.2310695,-0.00023662101,-0.27359185,0.10634321,0.02782063,-0.16610652,-0.07523724,0.033368398,0.08822678,-0.22125444
-0.09140582,-0.1525327,-0.11538349,-0.060748078,-0.20055889,-0.009341674,-0.0523163,-0.13558048,-0.13680002,-0.092565425,-0.034899086,-0.20841229,-0.020952292,-0.1558158,-0.11795929
-0.096931376,-0.1542756,-0.13509803,-0.068900205,-0.19943,0.0056227334,-0.06342752,-0.15648012,-0.14350699,-0.09512858,-0.034957558,-0.2299639,-0.031335007,-0.15426606,-0.1271978
-0.017189343,0.071938954,-0.03339448,0.06484553,-0.022593558,0.15871754,0.06590449,0.1678606,0.07708359,0.021201883,0.23071557,0.043183893,0.056316987,0.034719888,-0.14528067
-0.02205408,0.060096357,-0.039028674,0.040038668,-0.04106214,0.1596825,0.05075182,0.14284423,0.04995867,0.011732931,0.2179834,0.13669068,0.031621482,0.037132494,-0.1604304
-0.17406419,0.035671875,0.014026722,-0.06454225,-0.10531378,-0.02949271,-0.017368287,0.1259778,0.007548101,0.0033407044,0.00097120646,0.23993346,-0.031048728,0.04039693,-0.21263844
-0.17929064,0.029489405,0.0077381507,-0.097376004,-0.1024529,-0.016537346,-0.0033701682,0.11815545,0.014974858,0.013261335,0.0046384996,0.23367539,-0.0121835675,0.038943917,-0.22516724
0.10844635,0.108306974,-0.08140229,0.29035717,0.036238186,0.41006988,0.2870543,0.08276327,-0.08395083,0.11393049,0.23356876,0.065514416,0.014933332,0.15666008,-0.013882583
0.09447606,0.08831704,-0.113878906,0.33191812,0.072433725,0.44859952,0.31549895,0.16162981,-0.06421095,0.08402887,0.23137382,-0.007893082,-0.0074266708,0.14747885,-0.02316335
0.023424542,0.03850335,-0.098109215,0.008455239,0.083924696,0.35187954,0.22794375,-0.014844675,0.10355686,0.16963543,0.22622904,0.21813479,0.11625084,0.28934973,-0.12609446
0.0441278,0.030019218,-0.105547085,-0.0048890165,0.12697978,0.38393375,0.27768445,-0.03345131,0.1817629,0.25448966,0.31247208,0.11582053,0.20970868,0.37660623,-0.115652256
-0.17534481,-0.22077885,-0.27282882,-0.12932992,-0.06413022,0.34901682,0.00896346,-0.12875244,0.28652483,0.058265,0.22995168,0.054073513,0.22810334,0.27152082,-0.3214819
-0.1333408,-0.17505552,-0.24055305,-0.124144815,-0.006264732,0.3606435,0.058313087,-0.11409044,0.27175522,0.17770986,0.28624663,0.12061082,0.25693715,0.30912685,-0.27010632
-0.04469634,-0.047922492,-0.10958075,-0.07847851,-0.123927966,0.14378694,-0.15539709,0.009234332,0.06793627,0.07019244,0.08081436,-0.07798061,0.011560253,0.05867942,-0.08295481
-0.037276585,-0.04100859,-0.1062561,-0.075217724,-0.12413765,0.1435035,-0.15647317,0.011310274,0.06192097,0.07658177,0.081104055,-0.075915806,0.0052057425,0.060353894,-0.07968193
-0.07077576,-0.20110315,-0.23810428,-0.132139,-0.1571492,-0.015364092,-0.18043816,-0.16216904,-0.08356305,0.03429786,-0.15381087,-0.15695205,-0.06258407,-0.07812227,-0.13022259
-0.05002553,-0.038025815,-0.10412745,-0.063231364,-0.11674313,0.14458638,-0.14776835,0.016970182,0.06073636,0.07694718,0.07946257,-0.07086941,0.0065220254,0.0654834,-0.06813396
-0.06796387,-0.19872382,-0.23393093,-0.11904922,-0.1572425,-0.0026057693,-0.18517464,-0.1557985,-0.07473044,0.03119021,-0.14813878,-0.17506194,-0.063113526,-0.059786957,-0.14555372
-0.19796078,-0.20220251,-0.2516691,-0.19289023,-0.20120232,-0.0139816655,-0.2262221,-0.23926672,-0.07488975,0.0077549657,-0.15668325,-0.062016044,-0.085292056,-0.046236295,-0.15996364
-0.19497117,-0.2144599,-0.25604615,-0.18658946,-0.22823617,-0.028699758,-0.21839243,-0.2263327,-0.05585264,0.016450182,-0.17520964,-0.12262064,-0.06500968,-0.06185688,-0.17300075
-0.045509562,-0.11366516,-0.21431774,0.011551721,0.2469419,0.020165494,0.19300278,-0.08043815,0.25575727,0.13959388,0.25602293,0.03171228,0.18847631,0.2792741,-0.092191234
-0.040988296,-0.12379372,-0.23323944,0.007983144,0.24492174,0.03276278,0.20772311,-0.06895561,0.26488376,0.14804094,0.25982833,0.019987859,0.20106593,0.27015662,-0.10269678
0.0025663152,-0.13708797,-0.078282624,0.0028486894,-0.15159856,0.07529862,0.07274654,-0.18372588,-0.25903124,0.012805892,-0.15273902,-0.11778858,-0.07878623,-0.12970744,-0.0151869375
-0.011408302,-0.13957459,-0.08753427,-0.015012097,-0.1465678,0.08223864,0.05387923,-0.20873696,-0.2655065,0.015833154,-0.14812632,-0.109847546,-0.08608393,-0.12482394,-0.024129339
0.100070976,0.043243796,0.13748471,-0.1087715,-0.12062456,-0.044293124,0.032146025,-0.09518346,0.024862723,0.11603606,0.25383314,0.26070312,0.14932089,0.022857621,0.1693826
0.10787532,0.059389777,0.15554392,-0.11272429,-0.1261671,-0.052692473,0.035462648,-0.09306459,0.03673585,0.124344766,0.2550041,0.24245831,0.15816158,0.02369992,0.182964
-0.24928288,-0.36257392,-0.2797858,-0.37529624,-0.39202774,-0.07261128,-0.33452684,-0.2231631,0.14115816,-0.26840597,-0.20494814,-0.07255337,0.06894378,-0.13605729,-0.39788696
-0.25506595,-0.35185936,-0.28671816,-0.36963242,-0.38356715,-0.049577277,-0.31291968,-0.21773085,0.14041081,-0.24782401,-0.1970097,-0.04819064,0.06772971,-0.11344761,-0.4015428
-0.12783404,-0.3502531,-0.2676815,-0.22393519,-0.29978767,0.035373345,-0.18973193,-0.28336012,-0.12414783,-0.23048583,-0.20121151,-0.009847705,-0.087673075,-0.20607084,-0.3043276
-0.14242654,-0.38766247,-0.3599165,-0.24836421,-0.29182768,0.030862212,-0.24868399,-0.353853,-0.15457103,-0.27235037,-0.21284421,-0.11518021,-0.1365255,-0.24154252,-0.35618132
0.035200283,-0.043338038,-0.038085196,0.16701049,-0.045602743,0.15923895,0.17150807,-0.09391717,-0.2034795,0.060606275,-0.04968193,-0.042423774,-0.02728439,-0.02807637,0.0704928
0.029784989,-0.06874469,-0.04097196,0.11394901,-0.08393605,0.0900011,0.13357069,-0.11259512,-0.22877687,0.0566902,-0.08832176,-0.096506,-0.04646808,-0.08060242,0.07689322
-0.1761218,-0.21084788,-0.29155433,-0.21386683,-0.1356922,0.22451498,-0.14152455,-0.19802074,0.32484514,0.06321136,0.13435063,-0.09526901,0.20580368,0.13177566,-0.23388873
-0.19456379,-0.046572484,0.030752135,-0.16569942,-0.15192142,-0.0727054,-0.031927876,-0.184081,-0.09348443,-0.21323742,-0.37103063,-0.078018285,-0.1295448,-0.17686328,0.048166756
0.357094,0.01934493,-0.091664486,0.116408266,-0.058276847,-0.0007633477,-0.006872622,0.08930521,0.014847627,0.019665463,0.05447927,0.032660767,-0.025687115,-0.027079605,-0.0017284955
0.35323632,0.017297894,-0.07814344,0.10376144,-0.05314572,-0.023438731,-0.013270253,0.07975614,-0.0012675528,0.05801869,0.041226692,0.06504235,-0.0211139,-0.012785785,-0.0059336023
-0.119281635,-0.0010807537,-0.24548604,-0.018248543,0.015343006,0.3959052,0.065160155,-0.15163413,0.21006796,0.031406507,0.18556923,-0.044293266,0.14987281,0.23920257,-0.10269418
-0.1361517,-0.00064221025,-0.23054543,-0.042328224,0.009718205,0.38195038,0.08538917,-0.1515636,0.220312,0.03490538,0.1683324,-0.1051438,0.16639984,0.19143769,-0.08899625
-0.24818578,-0.28590667,-0.27004087,-0.1580444,-0.19039688,-0.043611627,-0.25527593,-0.2886161,-0.09521526,-0.121927895,-0.28141034,-0.22175972,-0.07787196,-0.17590377,-0.12698796
-0.22931588,-0.31446606,-0.29151487,-0.12668072,-0.18891102,-0.056134257,-0.26624632,-0.2736531,-0.08302463,-0.14494377,-0.27187195,-0.23643717,-0.07145895,-0.17853564,-0.14943886
-0.04423368,-0.12383998,-0.022830611,-0.12645891,-0.22223246,-0.16728958,-0.044204496,-0.22764465,-0.03315151,-0.06400742,-0.18889561,-0.2214512,0.0848743,-0.17937806,0.016539477
-0.063901134,-0.15708753,-0.04612039,-0.14743203,-0.23586997,-0.18818638,-0.06768413,-0.23380898,-0.036972024,-0.091363624,-0.20673509,-0.24014437,0.07211727,-0.21254566,-0.009760188
0.0011306953,-0.1404182,-0.34064764,0.11665408,-0.030346718,0.25994295,0.07951571,-0.17870614,0.05641737,0.010617497,0.13502377,-0.23311713,0.11404867,0.05318827,-0.09982159
-0.0023483401,-0.13417363,-0.3330198,0.10529508,-0.04266323,0.26454413,0.06550245,-0.17800075,0.05519271,0.01512113,0.13489912,-0.2228772,0.10821999,0.051635027,-0.10247676
-0.21673359,-0.06803401,0.030060591,-0.12697351,-0.10282685,-0.052526392,-0.07392649,-0.22275133,-0.02037301,-0.18309055,-0.23593158,0.0072011785,-0.07550348,-0.053759158,0.06395566
-0.20850332,-0.066100165,0.031319417,-0.1337237,-0.122257516,-0.05707115,-0.07635801,-0.19325957,-0.023477387,-0.17795154,-0.21012482,0.006776608,-0.07413191,-0.08566269,0.05317876
0.13716742,-0.06411755,-0.119445086,-0.26740557,-0.28913552,-0.12970163,-0.25797656,-0.20191178,-0.28254652,-0.1861407,-0.33608246,-0.23586924,-0.26859778,-0.35405958,0.008447318
0.13493574,-0.065025665,-0.11914108,-0.27675253,-0.28772897,-0.12305091,-0.28223714,-0.21763593,-0.280173,-0.19348115,-0.33420146,-0.22409907,-0.26932958,-0.34701142,0.009253573
0.07128024,0.23314792,0.23413576,0.44095898,0.24857879,0.030607698,0.350832,0.38464487,-0.133414,-0.062552795,-0.11530678,0.084123,-0.12079628,0.0803161,0.25717232
0.08478451,0.21588269,0.21172932,0.4453532,0.25005224,0.032280065,0.3516413,0.35516432,-0.13760434,-0.055503078,-0.13631676,0.08070708,-0.12003575,0.085273005,0.25751632
0.06477879,-0.1404475,-0.23927116,0.20072237,0.43280512,0.35620046,0.31953514,-0.08388524,0.2843091,0.04998246,0.40048212,-0.09649637,0.35605633,0.30927968,-0.14135689
0.06749813,-0.09400996,-0.16750282,0.24509026,0.4791693,0.37027133,0.33779758,-0.033480864,0.30844083,0.08118574,0.4205638,-0.056465812,0.36922562,0.3757193,-0.0769982
-0.13320266,0.009543862,0.005062451,0.008182593,-0.15557814,0.08023793,-0.20766135,-0.13108683,-0.15373161,-0.2075138,-0.31246656,-0.06650919,-0.2758699,-0.03833899,0.051715106
-0.1333586,0.050281487,0.044588022,-0.006042108,-0.1538615,0.04851856,-0.18658152,-0.10451734,-0.1594255,-0.17806625,-0.28815323,-0.09804664,-0.26644418,-0.07063107,0.09516154
0.26120943,0.18307489,0.21139243,-0.03417992,-0.22696868,-0.026049461,0.050598487,0.20915148,-0.17785585,0.09219177,-0.21273988,0.038696382,-0.15384567,-0.074674845,0.17870155
0.28006732,0.17674953,0.21461576,-0.04733446,-0.23824678,-0.020537954,0.02516308,0.23753345,-0.13675067,0.13157165,-0.18278566,-0.0045320457,-0.11913708,-0.061561856,0.16479939
-0.2461662,-0.020943915,-0.029993955,-0.21518785,-0.25148654,-0.19298548,-0.3124765,-0.15803725,-0.19606093,-0.22416547,-0.44331554,-0.19242246,-0.28954607,-0.27421463,0.003796856
-0.20284572,-0.04110357,-0.16530327,-0.023936726,-0.040593952,0.041992605,-0.0019299719,-0.059452765,-0.098331265,-0.09182446,-0.04647529,0.21860471,-0.108836174,-0.0050457437,-0.07508546
-0.20547171,-0.038907,-0.16719535,-0.053495206,-0.03858471,0.04479019,0.0058799493,-0.0792492,-0.121355526,-0.06798528,-0.06572834,0.2252172,-0.12003602,-0.017856274,-0.06527735
-0.25110766,-0.014783019,0.002517427,-0.108938456,-0.27272165,0.06848822,-0.11428928,-0.2574707,-0.2746355,-0.16097057,-0.3439147,-0.13374445,-0.23931006,-0.12806997,0.03926655
-0.23278433,0.009303267,0.021339983,-0.122669265,-0.26030034,0.033146217,-0.095761955,-0.23928031,-0.2646308,-0.12164978,-0.36082578,-0.16230899,-0.23107857,-0.12475391,0.05165473
-0.23290235,-0.21273425,-0.2363146,-0.25577134,-0.24291733,0.16181028,-0.07141255,-0.35515428,-0.20984039,-0.16658917,-0.26242507,-0.17127249,-0.18660197,-0.20516133,-0.16458094
-0.2498522,-0.17554438,-0.21250127,-0.2590059,-0.22882587,0.16037434,-0.06642916,-0.36400464,-0.2447942,-0.16474047,-0.28339013,-0.19236362,-0.21768492,-0.19951749,-0.13792418
-0.29308972,-0.09529855,-0.06739151,-0.21835333,-0.1511443,0.086637996,-0.13563298,-0.21995857,-0.16402553,-0.23264244,-0.36544538,-0.06213837,-0.22961313,-0.11355257,-0.08536644
-0.239272,-0.1598717,-0.09942603,-0.26950848,-0.29941612,-0.1518818,-0.21465367,-0.1916812,-0.17264462,-0.36862397,-0.43666372,-0.053623773,-0.25872716,-0.3057608,-0.12881646
0.22694,-0.088473365,-0.21594328,0.38432384,0.4805295,0.17015086,0.3206743,0.08678864,0.21839243,0.060704596,0.33639884,0.016644875,0.28514022,0.2619592,-0.0066735074
0.19713297,-0.095583275,-0.23584396,0.36750537,0.48786265,0.19993821,0.29929072,0.053194597,0.21692836,0.051374484,0.33860773,0.0030732765,0.27871913,0.28487933,-0.025338497
0.17017306,0.2770244,0.05153671,0.09901953,0.13009346,0.16398731,0.22761546,0.13743278,0.062471986,0.43054798,0.15412286,0.020582533,0.14373223,0.23109949,0.10560314
0.009740968,0.2687375,0.08110976,0.048628926,0.11646855,0.18970062,0.22285017,0.05631335,0.1177329,0.39354163,0.07209988,0.004058668,0.1301971,0.30691803,0.1053092
0.001671707,0.1993488,0.0665538,0.17779568,0.31311238,0.32623756,0.23202994,0.061061632,0.29176167,0.44355834,0.43721414,0.084203556,0.31122074,0.548653,0.14843047
0.021596074,0.23699307,0.088872686,0.18723106,0.33566836,0.34134534,0.2433674,0.056592546,0.2868169,0.44271886,0.434834,0.04755134,0.308334,0.5502904,0.18808496
-0.2010326,-0.15409221,-0.14346609,-0.0930306,-0.24254256,0.20949271,-0.060568217,-0.059438504,0.19045785,-0.13545752,-0.019529711,-0.23442428,0.0777938,0.017061852,-0.22140394
-0.18394077,-0.13636371,-0.12700525,-0.08370052,-0.22950438,0.20554698,-0.042993866,-0.035111655,0.19643554,-0.105817795,0.0004911432,-0.23330218,0.08291911,0.033377327,-0.20135252
-0.22338355,0.039439313,0.02149931,-0.14076544,-0.08423248,0.08015528,-0.10654485,-0.19771917,-0.0998065,-0.11101544,-0.23274463,-0.041713636,-0.18171908,0.0058654025,0.09521772
-0.21099883,0.012562126,0.025766844,-0.1539102,-0.09799956,0.06585738,-0.118301004,-0.18228598,-0.10002257,-0.13314708,-0.22370067,0.0052242493,-0.17917196,-0.029337049,0.08047804
-0.23933312,-0.2577472,-0.15988892,-0.37159082,-0.31888935,0.041123092,-0.30943763,-0.24872628,-0.0321637,-0.3663699,-0.24960437,0.015987888,-0.14788525,-0.18804264,-0.26565754
-0.23027658,-0.24992767,-0.15289581,-0.33209282,-0.31931722,0.03275663,-0.30778563,-0.21947402,-0.05203349,-0.388749,-0.28586367,-0.006542723,-0.17096156,-0.19374153,-0.25945884
-0.09474704,-0.08054831,-0.117953196,0.04193996,-0.09987756,0.21936229,-0.11864911,-0.06627311,-0.19133328,-0.043018833,-0.05533211,0.17200175,-0.18331033,0.10784462,-0.18451548
-0.12571125,-0.07508406,-0.110105544,0.008873674,-0.1154125,0.2147238,-0.13838616,-0.08607985,-0.19434011,-0.02951955,-0.0734729,0.12213781,-0.19815007,0.11180482,-0.16017911
-0.23437138,-0.026953056,0.08602127,-0.21654077,-0.14517304,-0.04520506,-0.14574185,-0.124114335,-0.10081506,-0.12471791,-0.24343777,-0.08104323,-0.15519741,-0.12507935,0.0967382
-0.22428912,-0.002913207,0.10396152,-0.21016191,-0.19017746,-0.044773616,-0.15701994,-0.075659156,-0.12225345,-0.13348553,-0.26058298,-0.103400365,-0.18015003,-0.1355434,0.08893441
-0.19058034,-0.08933667,-0.0019325921,-0.21587443,-0.22343093,-0.08295897,-0.08621619,-0.14493981,-0.27466285,-0.13600484,-0.2834271,-0.19164516,-0.19249493,-0.26942182,0.045712557
-0.17719343,-0.09203994,-0.005660689,-0.2123994,-0.20507391,-0.08286536,-0.06568633,-0.1517151,-0.28423813,-0.13165784,-0.29051548,-0.1848647,-0.1893748,-0.26811516,0.044713195
-0.13396345,-0.11111603,-0.075740054,-0.21803033,-0.2481829,-0.042176485,-0.08457418,-0.23139635,-0.3500425,-0.08112013,-0.2678575,-0.18587872,-0.22404116,-0.27083024,0.008758201
-0.13505259,-0.09052773,-0.05333359,-0.21142095,-0.23656909,-0.050268732,-0.09218967,-0.22799756,-0.32861352,-0.049634077,-0.24156597,-0.19630888,-0.2027018,-0.25643146,0.030066675
0.07054551,0.05145284,-0.014213137,0.31549528,-0.08989185,0.02406795,0.13912052,0.11714083,-0.17095481,-0.21006203,-0.33505678,-0.13336737,-0.23257929,-0.07384427,0.08875908
0.08163899,0.074749306,0.0010292067,0.32407868,-0.09459886,0.016137846,0.13413556,0.13995132,-0.17034037,-0.19121088,-0.32719308,-0.13893852,-0.23338109,-0.0762513,0.10466088
-0.1923177,-0.001760897,-0.05381348,0.09942491,-0.21391384,0.09694012,-0.015043268,-0.21436708,-0.3456307,-0.1657235,-0.36814868,-0.15806767,-0.3198013,-0.11479363,0.071378686
-0.17222807,0.070355795,-0.02358855,0.20878166,-0.17068636,0.16102232,0.062612504,-0.17188337,-0.3097398,-0.13052674,-0.31830776,-0.15895844,-0.30602565,-0.022940254,0.09697599
0.1448955,0.06336365,-0.069789216,0.33141106,-0.13762629,0.21959224,0.2066032,-0.07762128,-0.23036075,0.07268242,-0.08952344,-0.22780834,-0.11319836,-0.0018600267,0.09170498
-0.061087433,0.11121106,-0.0025165398,0.47258294,0.009611244,0.20824571,0.27103025,0.0684875,-0.098716766,-0.12073636,-0.24229133,-0.14303535,-0.14641224,0.13220432,0.112095356
-0.015095396,-0.114988804,-0.13665755,-0.12543672,-0.30217183,-0.047138497,-0.29321465,-0.12718706,-0.20575406,-0.31788552,-0.438191,-0.055241585,-0.2758636,-0.20427763,-0.14195581
0.0040084934,-0.08631467,-0.11807807,-0.10141599,-0.2866453,-0.017798524,-0.2496355,-0.11566217,-0.1734404,-0.28528744,-0.4456309,-0.063780494,-0.24478741,-0.16073638,-0.1268135
-0.142913,-0.21192747,-0.095580965,-0.19280735,-0.20674337,-0.1720246,-0.11162287,-0.21643838,-0.25129235,-0.10761914,-0.22576338,-0.18417186,-0.124024555,-0.289137,-0.04161953
-0.13077323,-0.17992043,-0.07607442,-0.14903694,-0.17012262,-0.16789526,-0.07783566,-0.19375338,-0.24448165,-0.08557346,-0.24007607,-0.23630056,-0.11684584,-0.2567731,-0.0150407655
-0.103546456,-0.20769762,-0.27560785,-0.2158176,-0.25689074,-0.113931365,-0.229022,-0.25526035,-0.24149972,-0.17833203,-0.29771262,-0.23926088,-0.20610282,-0.28756678,-0.1802776
-0.09271766,-0.24671867,-0.29528326,-0.24758318,-0.2829582,-0.16842735,-0.26464972,-0.27140695,-0.18318546,-0.16621988,-0.28756812,-0.2283914,-0.15157485,-0.29603145,-0.17811313
0.2584353,-0.24763381,-0.28052422,0.106670246,0.14743188,0.073572405,0.18564212,-0.08688162,0.31825602,0.08029328,0.25807658,-0.10279005,0.39910632,0.05652585,-0.1835236
0.24397126,-0.26178157,-0.2859491,0.09058626,0.112635925,0.064849615,0.15296334,-0.09616643,0.33638877,0.056826606,0.2268435,-0.1268577,0.40541595,0.041802924,-0.18948251
0.19965604,0.09670279,-0.06605362,0.16118005,0.2017293,0.35357857,0.3415939,0.008834817,0.17234537,0.36728346,0.49262592,0.0460298,0.2605342,0.40193415,-0.0022963064
0.21199784,0.07438126,-0.097902134,0.15193933,0.18032196,0.34626633,0.34129322,0.0016846568,0.17544276,0.36275816,0.48750275,0.016159883,0.2648728,0.36878693,-0.021516286
-0.033074357,-0.2597276,-0.25192508,0.15086156,-0.169669,0.047680706,-0.104825824,-0.20414446,-0.07242147,-0.18677686,-0.14125669,0.013507551,-0.028957242,-0.006533929,-0.2295249
-0.06226992,-0.2587863,-0.24017526,0.1261223,-0.18165259,0.0069811754,-0.13754791,-0.21274868,-0.04682342,-0.25202262,-0.16847578,-0.11715306,-0.017897803,-0.05283877,-0.2114326
-0.19192901,-0.4191401,-0.36339036,-0.20381665,-0.36938483,0.028449072,-0.23235005,-0.2971002,0.08430277,-0.49017552,-0.3105449,-0.20941311,-0.020912815,-0.21269467,-0.42952144
-0.19442743,-0.43687934,-0.37545094,-0.28076252,-0.37469497,0.050790146,-0.20912912,-0.2978121,0.0618404,-0.46073484,-0.31686166,-0.18090105,-0.02542242,-0.2406785,-0.4529495
0.3034418,0.17321423,0.16320077,0.015955867,-0.0855857,-0.05006035,-0.07642536,0.05572568,0.02739,0.11568847,-0.10112172,-0.124050155,-0.0004910091,-0.0864785,0.35480523
0.3155987,0.16528252,0.15084356,0.006902146,-0.074603304,-0.04966138,-0.077891275,0.055562958,0.05556178,0.13762726,-0.078809485,-0.13813186,0.026067419,-0.06978625,0.33878505
0.11279425,-0.08628239,-0.09424306,-0.10112618,-0.12104784,0.07352036,-0.21541,-0.20765153,-0.15870556,-0.06377069,-0.23249796,0.0021696112,-0.1656472,0.028124487,-0.007996401
0.10807946,-0.119585335,-0.12884884,-0.13785185,-0.13885581,0.05347114,-0.23405188,-0.25196475,-0.13230512,-0.082054466,-0.22033161,-0.028565113,-0.14079766,0.011728285,-0.04169979
-0.17430267,-0.2636279,-0.31357688,-0.20081949,-0.2404731,0.32417014,-0.021934003,-0.30272016,0.1677774,-0.08633495,0.108795896,-0.09670922,0.13402852,0.05657053,-0.31456256
-0.13407923,-0.24054018,-0.29702896,-0.21580347,-0.24319434,0.38070363,0.042926736,-0.28642312,0.14724673,-0.001160779,0.16325662,-0.041371394,0.1389059,0.06882889,-0.29384047
0.04244221,0.23741663,0.48505753,0.021244895,-0.019208923,-0.050419502,0.016155595,0.20826976,0.038382683,0.19382411,0.30720538,0.36049068,0.12145622,0.14716326,0.21731332
0.035930496,0.23602307,0.48735842,0.00936655,-0.027762234,-0.07141278,0.0025034826,0.20840031,0.028137207,0.18880832,0.29215634,0.36472994,0.11086979,0.13013068,0.21381815
-0.3078372,-0.3632056,-0.34627733,-0.0735465,-0.13420963,0.105184615,-0.013918582,-0.20809099,0.27182645,-0.24783206,-0.020557405,0.070016816,0.19354239,-0.008601726,-0.33534247
-0.29103893,-0.31890035,-0.32088095,-0.039737865,-0.13019544,0.11692865,0.017217916,-0.17214046,0.27640766,-0.22911969,-0.024894033,0.043712698,0.19563635,0.011607976,-0.30896634
0.1417358,-0.35206363,-0.38861734,-0.027639989,-0.0342274,0.030004269,-0.07158056,-0.122705184,0.19611542,-0.13461775,0.061018474,-0.08487046,0.1770415,-0.060047634,-0.27889225
0.1692492,-0.32927966,-0.36362934,0.007017266,0.02349205,0.0301539,-0.04903403,-0.09108043,0.19056697,-0.0747977,0.08311874,-0.09980519,0.17820838,-0.011947558,-0.2614832
-0.21590897,-0.14384608,-0.17012182,0.0143496115,-0.11335498,0.05731275,-0.08990742,-0.14127979,0.0484014,-0.12246901,-0.1833418,0.0046885414,-0.011006169,0.018577553,-0.084961414
-0.2255767,-0.18263087,-0.19556224,-0.053579137,-0.111335285,0.05750064,-0.114795394,-0.1952815,0.07338038,-0.09067388,-0.20117953,-0.01428701,0.027011752,-0.00021302223,-0.10124024
0.2771861,0.25364628,0.019490657,0.15828219,0.035896353,0.17949268,0.17701912,0.070028484,-0.09764829,0.3466128,0.23095271,0.23545854,-0.020543331,0.22979003,0.12354658
0.28497288,0.22562352,0.007728164,0.15032142,0.0151142115,0.16428392,0.13592637,0.07515527,-0.09163165,0.34363985,0.23023093,0.23499304,-0.015772136,0.22010222,0.100274906
-0.26687402,-0.10234964,-0.18206277,-0.15574655,-0.3078831,0.15115938,-0.123116195,-0.26676065,-0.054271486,-0.32430315,-0.24589854,0.06081038,-0.19566306,-0.100362144,-0.13476634
-0.28208417,-0.08039616,-0.1321027,-0.15319493,-0.32687882,0.100017145,-0.179445,-0.27153912,-0.12618823,-0.3525709,-0.3268516,0.0385368,-0.25943083,-0.14342412,-0.095963426
-0.32537782,-0.20275843,-0.26086894,-0.08495322,-0.2838832,0.17214924,-0.033741407,-0.24067721,-0.029310144,-0.44529045,-0.29709294,-0.0023838924,-0.15379235,-0.13455126,-0.27097303
-0.27519482,-0.17915148,-0.2395261,-0.028333994,-0.2599371,0.20028257,0.032906566,-0.18350455,-0.015486642,-0.38907057,-0.3042965,-0.0039074,-0.14057009,-0.08953591,-0.2580772
-0.1231347,-0.03951442,-0.065667525,-0.207105,-0.27487433,-0.0058965487,-0.1780494,-0.21510966,-0.23078877,-0.042198002,-0.19137546,-0.05054097,-0.14067352,-0.20063612,-0.057618402
-0.14728475,-0.04140183,-0.058863208,-0.28281677,-0.30495942,-0.053669453,-0.2072666,-0.22991426,-0.22360592,-0.035497528,-0.25641483,-0.10226992,-0.15928099,-0.22136453,-0.039248023
-0.20080967,-0.12943576,-0.21048307,-0.08320367,-0.043706037,0.22436777,-0.018912477,-0.12126751,0.2845657,0.009670654,0.13411775,0.051390704,0.15329885,0.17381153,-0.22673061
-0.10479463,-0.1901167,-0.2938606,-0.083630785,0.00995817,0.21668808,0.19597813,-0.18535937,0.2844057,0.18211459,0.2504536,0.03494226,0.2376511,0.25646883,-0.30325487
-0.10429968,-0.143778,-0.24051996,-0.07885888,0.026816685,0.19513375,0.20239879,-0.16613883,0.262621,0.19216773,0.2739219,0.033313088,0.22852737,0.27514222,-0.26239514
-0.2621014,-0.11734242,-0.10481328,-0.021511145,-0.1478597,0.15505996,0.03086904,-0.20427977,0.1577301,-0.11113356,-0.2377972,-0.09997321,0.049157836,0.035608243,-0.023822676
-0.24737935,-0.07577768,-0.07450491,0.0077220844,-0.11720686,0.16054557,0.035551306,-0.16016275,0.18245098,-0.10619688,-0.18505692,-0.14389232,0.07137718,0.051459726,0.0048803054
0.19705132,-0.075801775,-0.061975583,-0.17267777,-0.36365616,-0.13063428,-0.35261703,0.0621124,-0.20322916,-0.194823,-0.36719364,-0.09139251,-0.26651618,-0.29203594,-0.044815525
0.20221639,-0.07197453,-0.057540745,-0.15941873,-0.35080874,-0.1074025,-0.3428889,0.06083905,-0.17932674,-0.1740599,-0.36329865,-0.0968319,-0.2502576,-0.261596,-0.038346596
-0.21350577,-0.18991625,-0.11068064,-0.03364575,-0.21992025,0.07653406,-0.14326143,-0.14057122,0.27031595,-0.22684254,-0.12740237,-0.086242646,0.13246602,0.0636002,-0.24912024
-0.22647467,-0.19260415,-0.10695834,-0.1165698,-0.26892143,0.06501308,-0.17669271,-0.17305765,0.2259131,-0.24295157,-0.15180105,-0.08444708,0.1005416,0.019964416,-0.26375952
0.12001556,-0.095234595,-0.10614674,-0.1441778,0.01853247,-0.05736593,-0.1742803,-0.09892699,0.29617694,-0.120359786,-0.04191144,-0.09809277,0.1740858,0.0030984273,-0.006051232
-0.069427095,0.1312928,-0.09723401,0.061169263,-0.0032155851,0.110364094,0.26296514,-0.22179252,-0.06529421,0.040973254,-0.29714817,-0.16298924,-0.12261576,0.038112592,0.12867166
-0.04876945,0.14282346,-0.096110165,0.0442741,-0.0084308665,0.1392744,0.2673404,-0.20211776,-0.047597308,0.059380524,-0.29331222,-0.13180475,-0.11567259,0.059290033,0.12425643
-0.04731804,0.13007766,-0.046035573,0.15625446,0.018980356,-0.0023164572,0.26148736,-0.111346975,-0.02636051,0.05649789,-0.27619344,-0.2191897,-0.09230749,-0.011686749,0.18564379
-0.03921417,0.1612038,-0.014522694,0.1510503,0.032569144,-0.0021387162,0.28378764,-0.08558354,-0.03327036,0.06886457,-0.27241206,-0.20382474,-0.09891556,0.0021603284,0.20365463
0.049237553,0.103896365,-0.043744758,0.16899505,0.020878531,0.005583157,0.30449414,-0.00083125895,-0.09567995,-0.007360433,-0.2556554,-0.22020003,-0.12782371,-0.079821244,0.14449166
0.063677795,0.10255925,-0.036254264,0.16896713,0.015578798,0.00655492,0.28858298,0.016309917,-0.09272428,-0.0058823265,-0.2737852,-0.21228,-0.13386968,-0.071550675,0.14390735
0.12069291,0.31424835,0.18488792,0.3101902,0.004805218,-0.022012597,0.14885643,0.2675509,-0.122617446,0.06813156,-0.24723011,-0.1673153,-0.196392,-0.020363186,0.29435962
0.11694278,0.3290568,0.19526035,0.29112476,0.00400641,-0.03145057,0.16121206,0.263184,-0.11867274,0.09150015,-0.243313,-0.17623183,-0.1899387,-0.0176304,0.30471432
0.1484602,0.29220068,0.15692034,0.30878082,-0.0050720433,-0.044736885,0.17219448,0.26575857,-0.08168933,0.06530817,-0.23889765,-0.18493041,-0.16454595,-0.024696685,0.28490058
0.1521621,0.3193149,0.19176549,0.31587806,0.014040034,-0.049175013,0.16751982,0.273234,-0.08226311,0.09015435,-0.23730084,-0.1761971,-0.16456324,0.000118889846,0.3189572
0.19137995,0.22745809,0.114959665,0.33202934,0.053303845,-0.042543404,0.22411117,0.2422777,-0.100162745,0.035020217,-0.26005858,-0.11946976,-0.16443092,-0.026331624,0.28739715
0.19013882,0.28031844,0.15747702,0.31935155,0.053097468,-0.046892136,0.23417526,0.26212683,-0.121964425,0.058287345,-0.2720396,-0.1107173,-0.1783202,-0.026587505,0.32050663
0.109766215,0.20018095,0.07615349,0.32073048,0.058254495,-0.0034490316,0.26275244,0.23448554,-0.10910511,-0.0542383,-0.2507306,-0.102131486,-0.18776625,-0.022196596,0.21261954
0.115873635,0.1933729,0.07703428,0.29312038,0.04282193,-0.034147568,0.26560974,0.22786297,-0.10921089,-0.03450876,-0.2713247,-0.09855142,-0.1819072,-0.03961603,0.21146962
0.0838186,0.26900148,0.13693883,0.39874727,0.22106895,0.023245202,0.39799598,0.2177064,-0.02765725,0.055413492,-0.20388025,-0.1066602,-0.082552776,0.10034788,0.30457562
0.10376915,0.27763543,0.15021327,0.3955041,0.22692837,0.017908141,0.40497082,0.23990375,-0.02196923,0.08637392,-0.19017395,-0.10023062,-0.06815865,0.11109318,0.3087477
-0.15747829,-0.089753546,-0.07635538,0.015483287,-0.22926086,0.029932708,-0.021847785,-0.16024944,-0.22132939,-0.2632962,-0.39991212,-0.26237273,-0.26108506,-0.1997396,-0.055676818
0.2161524,-0.04291963,-0.019596845,0.025136705,-0.36060908,-0.10927035,-0.056134276,0.12614965,-0.2602297,-0.20197225,-0.37062347,-0.13644703,-0.2304755,-0.32989722,-0.021034498
0.24484736,-0.021188665,0.0067004533,0.04770597,-0.33737814,-0.09630376,-0.026668191,0.14294508,-0.2409975,-0.15766846,-0.35139805,-0.15538535,-0.1944992,-0.30595112,0.0121541545
0.011857869,0.014533525,-0.051643487,-0.032246105,0.04995192,0.06630183,0.13396081,0.002858699,0.2005249,0.36048752,0.23857294,0.26842004,0.18728504,0.35883972,-0.008041063
0.03955449,0.024684167,-0.035146385,-0.03961025,0.0318524,0.05656278,0.13055687,0.03249594,0.17942479,0.36443898,0.23741162,0.26930827,0.16608346,0.33512878,-0.006563291
-0.08047265,-0.06823249,-0.04690111,-0.09427681,-0.21812078,-0.14313489,-0.12798825,-0.22169834,-0.35691965,-0.16482912,-0.27205265,-0.07165176,-0.24122182,-0.2465422,0.01881075
-0.0668408,-0.10664599,-0.03979559,-0.12005059,-0.19852316,-0.14883941,-0.058715735,-0.1691257,-0.30469978,-0.09125486,-0.26310307,-0.079849355,-0.17387576,-0.24386694,0.027425308
-0.20376608,-0.29985148,-0.20655262,-0.3542375,-0.35333738,-0.13309895,-0.31513238,-0.30039826,-0.21767518,-0.3179255,-0.34741348,0.18623672,-0.23039874,-0.24879177,-0.25311306
-0.18853456,-0.3202507,-0.21372518,-0.35353607,-0.3594651,-0.1304109,-0.29893845,-0.28821328,-0.233549,-0.3189067,-0.3448868,0.21134222,-0.22492608,-0.25846684,-0.27234805
0.3449383,-0.071243145,0.000949123,0.04882866,-0.11794186,-0.17002463,-0.17142355,0.23962288,0.24589273,0.12385005,0.17718041,-0.013816239,0.21717107,0.02891833,-0.023053434
0.35343373,-0.06270643,-0.0032129327,0.04576958,-0.094474174,-0.15144762,-0.15444787,0.25608975,0.2529081,0.13797268,0.23351333,-0.03199403,0.22306481,0.042970523,-0.026291508
0.18877746,-0.072857015,-0.08153358,-0.12142574,-0.20347756,-0.05948557,-0.31699726,-0.06381293,0.013740865,-0.003796491,-0.15659314,-0.097904444,-0.017107286,-0.033117443,-0.024047535
0.2027646,-0.073935986,-0.087659,-0.12194368,-0.21449043,-0.06051998,-0.31146163,-0.052962832,0.016222881,0.0028254979,-0.1363357,-0.102657795,-0.010383565,-0.028007288,-0.03958618
-0.21558549,-0.14332812,-0.026387388,-0.258281,-0.28996885,-0.09895442,-0.26963115,-0.20963353,-0.1822913,-0.22444429,-0.34117904,-0.08965671,-0.24564916,-0.20143913,-0.038748555
-0.2058459,-0.1484201,-0.036525667,-0.281213,-0.3141696,-0.10154804,-0.26805824,-0.2123379,-0.16765487,-0.21465467,-0.34062985,-0.085313424,-0.22821796,-0.20992132,-0.0579969
0.1276032,-0.12642191,-0.06553361,-0.16716532,-0.36269826,-0.16219664,-0.24934827,0.025599167,-0.19968086,-0.2259551,-0.35352385,-0.19367445,-0.24931961,-0.31729388,-0.049929045
0.13193509,-0.12651521,-0.06133928,-0.17145242,-0.3625992,-0.16322398,-0.26208293,0.04250063,-0.18711618,-0.22165436,-0.3484354,-0.20707405,-0.2360298,-0.3147173,-0.060164273
-0.12598075,-0.21347587,-0.16936728,-0.1641202,-0.15137658,0.2052223,-0.05336178,-0.13431947,0.34811342,0.06426342,0.16919954,-0.011687735,0.27480927,0.099775776,-0.14460862
0.33583236,-0.0863148,-0.06288272,-0.012073001,-0.10144141,-0.14291385,-0.21654737,-0.049756497,-0.043911602,-0.04858366,-0.2307197,-0.11230553,-0.01902088,-0.119454786,0.056868613
0.33069667,-0.095715016,-0.07427049,-0.020348404,-0.11786123,-0.13751508,-0.24765071,-0.0521664,-0.035252713,-0.054743655,-0.22456601,-0.10503571,-0.019807665,-0.12237254,0.039336912
-0.055520125,-0.052893743,0.09570366,-0.19487342,-0.19453758,-0.20325595,-0.14148593,0.0009469768,0.2164113,0.055947825,0.2205815,0.23571177,0.21852762,0.000592059,-0.096839234
-0.032219365,-0.046906296,0.10664402,-0.16030861,-0.20515922,-0.19283104,-0.16418684,0.07422051,0.22785728,0.056220576,0.20521882,0.24849635,0.19861364,0.019958878,-0.123347
0.021966211,-0.052869268,-0.09944102,-0.086280316,-0.21047318,-0.129614,-0.056974642,-0.19224364,-0.27607417,0.08168498,-0.17883462,-0.2356164,-0.113937825,-0.22911099,0.06401421
0.019258492,-0.07143539,-0.08974678,-0.08915174,-0.21790147,-0.14105886,-0.05711083,-0.17023805,-0.24072745,0.09013848,-0.19130033,-0.26757976,-0.0862858,-0.23579656,0.081209145
-0.19211426,-0.0041338867,-0.09277807,-0.0007312633,-0.079429716,0.0690474,0.088613436,-0.25187805,-0.07123349,-0.075539246,-0.26633906,-0.044771317,-0.11267504,-0.026288169,0.06002131
-0.2030148,0.026196107,-0.047011435,0.029215755,-0.045316905,0.09452714,0.12075472,-0.22227257,-0.014524486,-0.07185222,-0.2581156,-0.04338324,-0.06350636,0.020403706,0.09550303
-0.16780064,-0.0096134255,-0.18815348,0.024371725,-0.07973117,0.25423637,0.028325979,-0.12144452,0.0787358,-0.07589294,0.12331382,0.0052959225,-0.046633743,0.15497082,-0.11573622
-0.14243254,-0.0055059902,-0.1859,0.006870159,-0.11165634,0.22448803,0.044996254,-0.15277286,0.117514774,-0.032777473,0.13295004,0.029530227,-0.0077646445,0.14789152,-0.10814476
0.060653,-0.038174275,-0.0767171,-0.002031614,-0.1814188,-0.019307474,-0.29004505,-0.12469897,-0.20115632,-0.2380965,-0.3521545,0.00846735,-0.26433766,-0.096007146,-0.020419534
0.072279945,-0.037459463,-0.06919012,-0.029338725,-0.20200893,-0.03269996,-0.30066884,-0.1269624,-0.21627411,-0.23572695,-0.35044008,-0.011723916,-0.26584995,-0.1272299,-0.02064957
-0.08189395,0.13256645,0.06723879,0.50579554,0.20968077,0.32242975,0.31562158,0.15964076,0.2788062,0.067854114,0.019770859,-0.13429135,0.2193912,0.4490442,0.097183794
-0.059044763,0.14959508,0.07274762,0.5098249,0.22867708,0.30238676,0.33675557,0.17874603,0.28119582,0.10345188,0.019888273,-0.15208945,0.22934538,0.44778484,0.11223838
-0.22549781,-0.025071502,-0.022500021,-0.20572358,-0.19288847,-0.087820336,-0.16840297,-0.14318115,-0.14999434,-0.23093294,-0.36145008,-0.036897242,-0.21037243,-0.2201726,0.006917362
-0.20159054,0.0020979084,-0.0052947337,-0.19055137,-0.19121459,-0.095773116,-0.15511745,-0.13480976,-0.12979199,-0.20494093,-0.36359847,-0.0703861,-0.19232382,-0.20570621,0.033963796
-0.35148343,-0.059790146,-0.13841334,-0.3774736,-0.31695428,-0.17441247,-0.29612455,-0.30832526,-0.24037242,-0.2784238,-0.52744997,-0.15214798,-0.33418345,-0.32820106,-0.05739779
0.2045613,-0.058886886,-0.04106345,-0.05799584,0.009420804,-0.06294271,-0.10489901,-0.11245677,0.005399339,-0.05622435,-0.14635953,-0.027346272,0.017659688,-0.0675591,0.11288723
0.21204568,-0.05955621,-0.033191305,-0.064349666,-0.004846253,-0.081352025,-0.06870122,-0.08829847,0.0030770916,-0.025835652,-0.15098712,-0.064835474,0.031957388,-0.07351296,0.10960592
-0.328669,-0.121597126,-0.17264518,-0.30514875,-0.20933828,0.008437994,-0.20549794,-0.29646987,-0.10027824,-0.19808593,-0.34809387,-0.25205094,-0.18081895,-0.20993963,-0.09816943
-0.3243883,-0.11277813,-0.16915418,-0.29877248,-0.22268757,-0.0023197518,-0.20991987,-0.29489487,-0.09755531,-0.17875095,-0.35152775,-0.23447663,-0.179577,-0.19469866,-0.09206683
0.1310838,-0.13963822,-0.12934108,-0.20738669,-0.3461241,-0.13627046,-0.26489395,-0.04227716,-0.27557492,-0.2553115,-0.3900133,-0.1281873,-0.27698463,-0.3092463,-0.09767945
0.1445389,-0.12685195,-0.1108064,-0.19275415,-0.34456426,-0.12787265,-0.24340579,-0.0214896,-0.266308,-0.24065897,-0.38122737,-0.14795753,-0.26074564,-0.2943307,-0.08738895
-0.18792805,-0.06468547,-0.11845918,-0.14811659,-0.22464474,-0.16670324,-0.17577747,-0.22877192,-0.2919947,-0.092488386,-0.37956375,-0.19390994,-0.28985077,-0.2657299,0.049575295
-0.19400518,-0.044175297,-0.09390715,-0.14655894,-0.21295473,-0.16810575,-0.15934539,-0.22423413,-0.28433645,-0.11441184,-0.41057435,-0.2552686,-0.28947556,-0.28123122,0.06607115
0.25600532,0.20059784,0.1082951,0.3471539,0.28897902,0.23059526,0.49347317,0.25893146,0.12598869,0.250772,0.48440504,0.043852583,0.24343222,0.26750675,0.13452363
0.32055447,0.17505953,0.14191717,0.23386014,0.16227841,0.18303014,0.4475546,0.27391595,0.12951419,0.31791767,0.46895298,0.08950046,0.24272648,0.21038745,0.13975954
-0.0012952869,-0.28634334,-0.40035927,-0.16639008,0.11382198,0.11579156,-0.08515361,-0.28366613,0.27641687,0.11951015,0.28300238,-0.06058058,0.24359545,0.20259851,-0.25247613
-0.0009637757,-0.22147554,-0.34016794,-0.0810419,0.123368025,0.15015367,-0.050925553,-0.23360324,0.26889104,0.19027147,0.32676864,-0.04875288,0.23717538,0.2939676,-0.22878721
-0.2904699,-0.15270688,-0.088847175,-0.26919678,-0.27573097,0.0142746335,-0.27224362,-0.26578486,-0.13909386,-0.36223158,-0.34753394,0.23853785,-0.2615958,-0.12101017,-0.12941769
-0.3090136,-0.14305604,-0.12755434,-0.25802302,-0.31627497,0.03681404,-0.32520068,-0.29300654,-0.15836728,-0.41709548,-0.3604796,0.21709701,-0.31395027,-0.14636768,-0.16111715
0.20784418,-0.048030406,-0.19697453,0.1753165,0.37276924,0.3026399,0.50973344,0.06425768,0.33112323,0.20543167,0.3933877,-0.020961324,0.43448567,0.27856034,-0.0951616
0.187989,-0.048444778,-0.2015197,0.15804215,0.35310817,0.31853575,0.4778874,0.04117281,0.33417487,0.20474139,0.36766768,-0.024753809,0.43148017,0.27412227,-0.106263615
-0.2166444,-0.054953158,-0.00022558193,-0.18695018,-0.20067838,-0.08223355,-0.15814975,-0.21995252,-0.19174778,-0.15491098,-0.27834356,-0.18576491,-0.17339936,-0.20252556,0.059708446
-0.2023716,-0.031047318,0.016442265,-0.16998735,-0.19034237,-0.046001114,-0.1244827,-0.19372042,-0.19522226,-0.09900175,-0.26960835,-0.16210487,-0.17490655,-0.17414583,0.07739739
-0.14723982,-0.062185775,-0.29594508,-0.11622505,-0.004023948,0.35536897,-0.094987616,-0.20719025,-0.012914627,-0.027899977,0.057479437,-0.22965169,-0.047180384,0.013461906,-0.08264487
-0.14256433,-0.057735976,-0.2804563,-0.10244199,-0.024693925,0.3345148,-0.13445458,-0.19671467,-0.04115668,-0.08109337,0.03298788,-0.2454103,-0.07705779,-0.008603686,-0.080481485
-0.27798074,-0.12166071,-0.1293332,0.07112843,-0.060476102,0.1439653,0.04407257,-0.21538942,-0.013016922,-0.3084578,-0.29208517,0.107207105,-0.11604927,0.06589652,-0.08265533
-0.26313993,-0.12080423,-0.13651359,0.10545553,-0.047470294,0.16056731,0.09519772,-0.1957974,-0.0071762255,-0.29362148,-0.29087618,0.08254352,-0.10024564,0.079177886,-0.07996173
-0.22526386,-0.17839742,-0.24700019,-0.005287776,-0.20577753,0.36424282,-0.0066910274,-0.2649286,0.11767748,-0.13998264,-0.022011947,-0.044736926,0.096792236,0.094698384,-0.22685693
-0.21671236,-0.1515221,-0.22665934,-0.016756818,-0.2082262,0.4011171,0.018366328,-0.25048175,0.05092071,-0.10878355,-0.04552765,-0.035543613,0.036833532,0.09071584,-0.20287266
-0.07397277,0.2790351,0.38051137,0.14998212,0.09050119,-0.10809836,0.08558529,0.23967445,-0.071036234,-0.024204738,-0.13821302,0.52096254,-0.16020566,0.19190909,0.20407502
-0.061974607,0.2802441,0.37509888,0.13519618,0.07629135,-0.11008986,0.07924776,0.22226359,-0.07321385,-0.024129111,-0.14935029,0.52688164,-0.16172136,0.18496227,0.19215561
-0.014435361,0.21729812,0.3057202,0.22927499,0.11712924,-0.100259155,0.11071605,0.27419862,-0.14493038,-0.058001332,-0.15501183,0.48534173,-0.21365565,0.19185854,0.14703616
-0.04280676,0.21536025,0.30211675,0.19354475,0.064547494,-0.10591665,0.08468202,0.25895107,-0.15540431,-0.07478437,-0.18403888,0.48925132,-0.23104247,0.16458645,0.11893188
-0.014053784,0.22479033,0.31010473,0.18440908,0.1088182,-0.08822633,0.15958214,0.2803768,-0.10382517,-0.03428577,-0.13522407,0.43636027,-0.15520981,0.18407857,0.1509851
-0.011046288,0.20609042,0.3119214,0.16705811,0.098337516,-0.10110588,0.15131296,0.28805006,-0.10239162,-0.04073259,-0.12753826,0.44152617,-0.14615662,0.17168981,0.13128953
0.12326586,0.36269867,0.45842823,0.34446847,0.18552783,0.12239052,0.22783247,0.38636658,-0.1350692,0.09727453,0.08404341,0.43755445,-0.06959223,0.34316298,0.27830976
0.12514368,0.31633282,0.43178234,0.32037634,0.15008286,0.095990986,0.21076591,0.3791383,-0.12623505,0.075598426,0.025050713,0.43834853,-0.066286646,0.30606073,0.24818303
-0.21912335,-0.086906485,0.009859432,-0.2564934,-0.20271145,-0.12941161,-0.23383647,-0.21072692,-0.07967633,-0.31013757,-0.2928931,0.014448564,-0.13519372,-0.16354093,-0.0012113182
-0.21514256,-0.07618597,0.012048697,-0.22425838,-0.2028739,-0.11238401,-0.22170275,-0.17116623,-0.09611051,-0.3247119,-0.29128575,0.015128084,-0.15140489,-0.17901276,-0.0027318983
-0.004343132,-0.09900193,-0.047693305,-0.18532085,-0.24852331,-0.10241112,-0.010383713,-0.18322352,-0.13678843,-0.04767125,-0.16415873,-0.06886259,0.016671158,-0.22334096,0.01293751
-0.008332308,-0.12992918,-0.0874838,-0.21176605,-0.2698608,-0.10096995,-0.04366868,-0.20876834,-0.13159707,-0.052317232,-0.17273197,-0.07804771,0.017238297,-0.237078,-0.024903862
-0.26684994,-0.1718024,-0.05704675,-0.11190644,-0.108393535,0.013573019,0.07433975,-0.29898247,0.0929928,-0.18849596,-0.2926985,0.036694143,0.016208248,0.015330907,-0.039921135
-0.24366508,-0.15102698,-0.034536004,-0.091924995,-0.09711085,0.031989913,0.10447243,-0.27472663,0.094222546,-0.16519788,-0.2718209,0.034727868,0.027169328,0.02830539,-0.025033996
-0.17560041,-0.20742229,-0.16679347,-0.26949692,-0.3274365,0.10169767,-0.119508654,-0.34127408,-0.19451748,-0.29680124,-0.26370645,-0.067155056,-0.17345607,-0.18518144,-0.1957621
-0.1547557,-0.20812818,-0.18287648,-0.2725042,-0.3459589,0.083880745,-0.12654196,-0.3279328,-0.15780947,-0.2657628,-0.25539714,-0.10191502,-0.12759331,-0.1886676,-0.19953912
0.14141041,-0.18505362,-0.19861738,0.1656278,-0.21296138,0.076518245,-0.05025445,-0.03762156,-0.120714396,-0.22202852,-0.19391063,-0.10552505,-0.093634084,-0.042894807,-0.16883257
0.110295594,-0.16821867,-0.18913123,0.19895846,-0.16721445,0.08958286,-0.04520677,-0.033391234,-0.09580069,-0.22718476,-0.17841852,-0.082331456,-0.07983856,0.0074793748,-0.15990698
-0.31451094,-0.28667432,-0.22341613,-0.15951246,-0.32915464,0.18871132,-0.24583465,-0.27382612,-0.1773296,-0.32666558,-0.23836187,0.116717,-0.23705472,-0.137702,-0.28743523
-0.31517583,-0.28024346,-0.20017487,-0.15555346,-0.33706602,0.18349749,-0.21316288,-0.25952584,-0.16239667,-0.31621474,-0.24315953,0.13190274,-0.21442011,-0.14114279,-0.2685431
-0.21902508,-0.29597664,-0.21981968,-0.38924387,-0.41389382,-0.20636863,-0.41167957,-0.30149972,-0.20951459,-0.23067197,-0.34368297,-0.07458763,-0.20351645,-0.28804553,-0.22926202
-0.17494318,-0.30381346,-0.24004786,-0.40441465,-0.42149436,-0.2125389,-0.3870391,-0.32063848,-0.25276428,-0.22361048,-0.36645943,-0.1469408,-0.2328076,-0.30920225,-0.25628668
-0.03375134,-0.006892724,-0.05547376,0.18114048,0.13001254,0.29458144,0.1305635,0.0371454,0.11700174,0.116529286,0.36189622,0.14716843,0.15157267,0.29349154,-0.091485694
-0.02817863,-0.038008172,-0.0881537,0.17912848,0.16504034,0.3041559,0.16469374,0.050451286,0.1586536,0.13227989,0.35232615,0.12899743,0.18301329,0.30360103,-0.11210393
0.5093128,-0.12852992,-0.11701061,0.17080426,0.21538064,0.048903015,0.15969925,0.07878345,0.22170317,0.16832972,0.22597638,0.05106839,0.30342737,0.043464694,0.12278892
0.4958693,-0.13935292,-0.117537424,0.17147711,0.20487791,0.039247647,0.13407928,0.07935831,0.21578765,0.15467924,0.23931757,0.06343219,0.2932806,0.032556385,0.10690418
0.10867368,-0.16239706,-0.12627268,-0.16868982,-0.10957289,0.03927291,-0.21144515,-0.15744202,0.05093976,-0.13993898,-0.09493619,-0.09484151,0.027041512,-0.029821992,-0.084217966
0.12786609,-0.15763652,-0.12727822,-0.1427063,-0.08520721,0.052601818,-0.19469932,-0.12515303,0.07077281,-0.11367069,-0.047596052,-0.12041998,0.04697144,-0.013970961,-0.084742814
0.25032225,-0.108027235,-0.18878137,0.11351203,0.25889516,0.24721876,0.352454,-0.047300473,0.16425362,0.13180372,0.18651664,-0.019006956,0.27784282,0.22379768,-0.10377617
0.24624512,-0.10508801,-0.18127881,0.11378225,0.22491957,0.2714369,0.35417947,-0.04131119,0.14300177,0.14247146,0.15775049,-0.005142598,0.25909176,0.20709313,-0.11046687
0.015129829,-0.14642918,-0.11696154,-0.17349619,-0.15407827,-0.21948764,-0.25570065,-0.24234384,-0.13889739,-0.15420419,-0.34985945,-0.23891357,-0.13730216,-0.19387358,0.0018903947
0.025850333,-0.12947789,-0.11005694,-0.16499422,-0.14596123,-0.21238165,-0.24497229,-0.22772688,-0.12295338,-0.12869942,-0.3360708,-0.26322237,-0.12334909,-0.1744581,0.000121635385
0.22024663,-0.054663662,-0.06869398,-0.054785885,-0.104343325,0.09306259,-0.05697654,-0.03213174,0.16698407,-0.0031173117,-0.10494247,-0.16489705,0.14483532,0.08695732,0.028332759
0.23578182,-0.06461525,-0.06929603,-0.057275183,-0.11539578,0.05041629,-0.05757589,0.0018119487,0.14379524,0.020081852,-0.111236274,-0.19701198,0.13705426,0.071751334,0.008992303
-0.23164593,-0.2657023,-0.18817693,-0.15113856,-0.2577937,0.06150411,0.01447943,-0.17848879,0.16915995,-0.058187056,-0.06129691,-0.16246912,0.22227848,-0.049487606,-0.20110673
-0.22282684,-0.26467296,-0.2141369,-0.13134933,-0.2517962,0.07833947,0.023744151,-0.16444227,0.15012659,-0.044268847,-0.053111162,-0.19500223,0.20234278,-0.041923523,-0.216662
0.14840889,-0.11913479,-0.1739329,-0.018525159,-0.11493416,0.120965555,-0.19398317,-0.0665369,0.20656633,-0.12535313,-0.03620114,0.04629243,0.12484377,0.040400468,-0.106522344
0.17653504,-0.11863053,-0.18241024,-0.04090769,-0.14280996,0.10689011,-0.1808497,-0.06274089,0.20054474,-0.11963109,-0.057919286,0.0067351875,0.122962534,0.004416267,-0.097722545
-0.28926104,-0.31467432,-0.23218352,-0.34802896,-0.3061846,-0.10435112,-0.2797307,-0.35809326,-0.03779618,-0.38398302,-0.41223615,-0.048615687,-0.14872089,-0.1727719,-0.28205723
-0.041192982,-0.16379789,-0.06862448,-0.12599158,-0.28716165,-0.024329523,0.014675496,-0.12829882,-0.024102233,0.011277815,-0.023384884,-0.18247637,0.13590741,-0.16703263,-0.14865461
-0.04440777,-0.17296502,-0.08026335,-0.13085213,-0.31006217,-0.040788904,0.020867324,-0.14905961,-0.052706767,-0.004332428,-0.056949496,-0.21706666,0.10661113,-0.1856761,-0.14560363
-0.13906693,-0.035576284,0.005396224,0.08709033,-0.20379587,0.100346655,-0.10436647,-0.09056437,-0.25176945,-0.14711347,-0.24487656,-0.14653915,-0.24408472,-0.01176321,-0.051737197
-0.16310519,-0.073693715,-0.028684951,-0.030639509,-0.24691325,0.108943366,-0.08913833,-0.15321997,-0.2557259,-0.17620657,-0.25933358,-0.14083362,-0.2329751,-0.06030385,-0.08275904
-0.15783586,-0.1514804,-0.24227819,0.016383212,0.21468344,0.13214776,0.115907155,-0.1797884,0.25551087,0.13781324,0.2562638,0.16667208,0.2201637,0.32241422,-0.1653695
-0.1048903,-0.17721991,-0.28217128,0.024272941,0.18971956,0.1450731,0.08183366,-0.19327722,0.1890791,0.09671919,0.25813907,0.14014286,0.18044794,0.269803,-0.19502711
0.2542038,0.053971324,0.13169649,-0.051991396,-0.109545454,-0.1534678,-0.02855007,0.11893207,0.09985185,0.1478489,0.14870277,0.09947011,0.09385926,0.059330452,0.18433195
0.23434782,0.037907887,0.12381522,-0.07213661,-0.104387,-0.18140993,-0.04066205,0.10748367,0.10401343,0.14670679,0.12653072,0.14058134,0.09936295,0.057541583,0.16756271
-0.092799746,-0.25201648,-0.16108418,-0.21073031,-0.34047475,0.0428425,-0.12060295,-0.22400275,-0.077029124,-0.07053825,-0.22021222,-0.118165836,-0.022517243,-0.109500475,-0.25423664
-0.0648846,-0.21761076,-0.09418088,-0.12967178,-0.3139168,-0.0077260504,-0.10403103,-0.10079703,-0.06500153,-0.06847014,-0.23084503,-0.10087143,-0.020797484,-0.089107074,-0.19904006
-0.04318286,-0.1123932,-0.19614425,-0.096360296,-0.10513879,0.072876856,0.042389564,-0.24333012,0.13771148,0.14432639,-0.15429553,-0.07133742,0.11504596,0.13607576,-0.06242109
-0.16015482,-0.15864094,-0.15404102,-0.118414894,-0.11624701,0.028347332,0.020037955,-0.19226833,0.16596976,0.054460645,-0.2293545,-0.13885573,0.09345436,0.10120824,-0.074249744
-0.1841886,-0.3205192,-0.2578799,-0.28708148,-0.43089563,-0.1656926,-0.23587309,-0.3092019,-0.36348718,-0.42973274,-0.4791687,-0.08928087,-0.36574197,-0.38173896,-0.3077597
-0.12453289,-0.30515718,-0.2542834,-0.22644162,-0.41068482,-0.13408656,-0.19628698,-0.2687092,-0.35809,-0.39720353,-0.45675057,-0.11005509,-0.3448823,-0.35902244,-0.29409933
0.006043275,-0.104051925,-0.07215874,-0.09537284,-0.3317939,-0.0934171,-0.09557069,-0.06261642,-0.2436763,-0.094902314,-0.25394118,-0.16418746,-0.118191995,-0.27562034,-0.062156115
-0.016195126,-0.1434637,-0.10416938,-0.13899043,-0.32275224,-0.07847984,-0.10718776,-0.11727339,-0.21943422,-0.09256952,-0.23455998,-0.14150676,-0.085998476,-0.2684137,-0.09621769
0.012998492,-0.18979025,-0.16856584,-0.052427094,0.04174571,0.12326589,-0.15728736,-0.12069407,0.25888646,-0.22383371,0.007825355,0.038992345,0.12873045,0.04120498,-0.12891716
0.01720207,-0.19633394,-0.17485851,-0.04295011,0.05583918,0.1383134,-0.13973159,-0.12297484,0.25639445,-0.23343933,0.013222127,0.03821432,0.13009548,0.044271212,-0.13168955
0.0049390546,-0.13057142,-0.115385085,0.06511441,-0.05728685,0.28164446,0.15749066,-0.11471105,0.11459063,0.029724749,0.30917442,0.02528948,0.20763734,0.14444134,-0.14351322
0.0047592595,-0.12680003,-0.12231004,0.060844023,-0.05597344,0.29895422,0.1515173,-0.11048772,0.122325525,0.04771001,0.3321126,0.03889754,0.21082947,0.15292658,-0.14657855
0.13606219,-0.21220988,-0.22640014,0.08048781,-0.015039464,0.2782309,0.22884655,-0.17350659,0.13831262,0.07868366,0.36363682,-0.02426014,0.26877993,0.14721203,-0.17127834
0.1341556,-0.21939394,-0.2519559,0.06519166,0.00094318856,0.27660275,0.22353932,-0.18793339,0.13594677,0.063734405,0.36779466,-0.059833348,0.264754,0.13553351,-0.18684958
-0.18817388,-0.12158549,-0.12898369,-0.25896782,-0.30926245,-0.15256599,-0.22793993,-0.26137874,-0.2052696,-0.3351317,-0.4877674,-0.15717643,-0.2665921,-0.31253776,-0.12301707
-0.065615326,-0.20683545,-0.1157081,-0.15281817,-0.24108094,-0.07272899,-0.048828363,-0.18915287,-0.11118798,-0.012283828,-0.10326792,-0.12072177,0.033526294,-0.12142777,-0.15831448
-0.07103564,-0.21367541,-0.115646824,-0.18139112,-0.24907966,-0.079396516,-0.06595655,-0.20102452,-0.09749778,-0.00039111916,-0.09212583,-0.11795431,0.047914144,-0.13362871,-0.15716311
-0.05248262,-0.008516512,-0.09550707,-0.05382999,-0.10610965,0.14187108,-0.14020999,0.023048084,0.022479892,0.08831074,0.072995305,-0.07619228,-0.024877977,0.050941,-0.050359294
-0.049397305,-0.009218942,-0.093509056,-0.053583395,-0.10889357,0.14138502,-0.14382733,0.025395844,0.020598676,0.089141175,0.07391111,-0.075343154,-0.027373493,0.049046524,-0.050602473
-0.15165111,-0.061235975,-0.11330129,-0.16247001,-0.14175394,0.1535563,-0.20202357,-0.21157722,-0.021976424,0.051176332,0.14722595,0.08921366,-0.06050806,0.14834154,-0.036486227
-0.043504003,0.0047828564,-0.09275336,-0.04751967,-0.09711546,0.14300025,-0.12368293,0.026200816,0.023437876,0.09977056,0.09170223,-0.06322721,-0.02098134,0.06412989,-0.047440235
-0.15149418,-0.070665695,-0.11674789,-0.16223553,-0.133885,0.14703447,-0.20456427,-0.2087097,-0.014783902,0.034102663,0.145693,0.09077406,-0.05954354,0.13933901,-0.032610048
-0.23322125,-0.087796375,0.008777873,-0.25274122,-0.179997,-0.070081525,-0.22139141,-0.19649479,-0.13345785,-0.2523476,-0.31352752,0.03807553,-0.20859069,-0.13598603,-0.027246313
-0.21644951,-0.025420072,0.029234456,-0.21143278,-0.18580061,-0.03569865,-0.19884083,-0.15087757,-0.124473825,-0.23852566,-0.3350313,0.054101102,-0.21791002,-0.10374161,0.0044110557
-0.13852924,-0.28513134,-0.18360066,-0.1733616,-0.17261998,0.16528314,-0.06781024,-0.052746177,0.4136635,0.020289134,0.22929232,0.002512169,0.33783114,0.1665242,-0.34266633
-0.13740897,-0.27872324,-0.1782234,-0.17375316,-0.15856194,0.14033936,-0.068089575,-0.052030943,0.4346487,0.049165763,0.24445458,-0.003828,0.36311483,0.16973102,-0.33844128
-0.23751736,-0.16968998,-0.17498355,-0.23342933,-0.29174662,0.0048306454,-0.31602368,-0.28488934,-0.082652815,-0.4228035,-0.3468743,-0.06648022,-0.23879269,-0.14248085,-0.20037553
-0.21725205,-0.14754573,-0.17483595,-0.20070288,-0.29757357,0.016415566,-0.26229072,-0.26102751,-0.07472117,-0.42061502,-0.36058646,-0.07815993,-0.2237578,-0.1543923,-0.19802305
-0.061060145,-0.28423303,-0.34389842,-0.04540632,-0.14262569,0.2429471,0.015658041,-0.24560359,0.21106908,-0.020396492,0.17113861,-0.029600646,0.22477445,0.15115507,-0.41225934
-0.019680655,-0.23293696,-0.2993272,-0.025493532,-0.13862062,0.29083332,0.04807448,-0.19897434,0.22899999,0.084470205,0.2066734,0.0356054,0.24429877,0.1870598,-0.36063647
-0.26202238,-0.28452027,-0.2515796,-0.14762816,-0.20749044,0.15956378,-0.128566,-0.35470295,-0.20572418,-0.29660392,-0.27399224,0.00590932,-0.21341169,-0.10721469,-0.22737457
-0.27823532,-0.28165883,-0.25134727,-0.16245478,-0.21023503,0.15196434,-0.13634259,-0.33570737,-0.22936347,-0.3074881,-0.28102863,-0.01475374,-0.24325103,-0.13562372,-0.22379965
-0.21492025,-0.1914278,-0.13436505,-0.08838733,-0.24482843,-0.039403655,-0.11726407,-0.24217118,-0.18896905,-0.13199472,-0.28075436,-0.21573538,-0.16228715,-0.18070102,-0.096112296
-0.1816402,-0.16059996,-0.09019571,-0.041021146,-0.2380723,-0.06708594,-0.091908775,-0.19530433,-0.18257338,-0.100654446,-0.2880012,-0.23592745,-0.14657627,-0.16397059,-0.055437252
-0.17492685,-0.23892698,-0.15773866,-0.031824417,-0.16584072,0.17362407,-0.11935185,-0.16507345,0.1841098,-0.1972806,-0.08812636,-0.030621307,0.06272297,0.08060322,-0.19935368
-0.21927753,-0.18194129,-0.13765979,0.015816135,-0.15824161,0.1955528,-0.1183673,-0.18210524,0.124562204,-0.2674018,-0.14566526,-0.017943464,-0.014685676,0.08947675,-0.18544793
0.15999408,0.24394864,0.20918518,-0.029043738,-0.05171255,-0.07347177,-0.0029410874,0.052354723,-0.028105149,0.29762977,0.21039638,0.22483663,-0.059738703,0.11212192,0.21315834
0.1438447,0.20949075,0.18386054,-0.057270728,-0.067794085,-0.06545601,-0.011242873,0.030842192,-0.024554178,0.28792626,0.22461748,0.26983002,-0.048961587,0.11032951,0.16915826
-0.20255518,0.00035237684,0.08830878,-0.1228822,-0.122749925,-0.034892857,-0.1503459,-0.17789814,-0.08580418,-0.1136439,-0.25774255,-0.06807181,-0.14859332,-0.0034962269,0.11769233
-0.22726882,-0.023538042,0.067486346,-0.11920917,-0.12867467,-0.0047196327,-0.14038813,-0.20130473,-0.07187005,-0.15542386,-0.2395666,-0.039462868,-0.13877535,0.003874431,0.09081666
0.15838763,0.008637894,0.028157676,0.41876218,0.09276222,0.3208019,0.33172312,0.28778058,0.10448648,0.09581284,0.2741813,0.046133995,0.16714981,0.23665833,-0.026090696
0.16269985,-0.021532772,0.004930473,0.41301128,0.06710249,0.3199011,0.33020332,0.2546788,0.10338397,0.0878675,0.23603597,0.015990917,0.17318408,0.21147826,-0.039108973
-0.11363503,0.24995932,0.28388306,-0.010287819,-0.12328774,-0.1272625,-0.06949978,0.06710796,-0.26292068,-0.15418056,-0.21348749,0.1681367,-0.2782206,0.015220066,0.115584835
-0.07250003,0.28824407,0.3089378,0.009966247,-0.12245698,-0.1053389,-0.054845802,0.058985114,-0.25271395,-0.1230125,-0.19906965,0.14718705,-0.2728064,0.048380394,0.163423
-0.061151057,0.29317492,0.37274134,-0.036585413,-0.06250225,-0.20272285,-0.025989434,0.0021445567,-0.19472632,-0.006299765,-0.088072404,0.35424566,-0.20051967,0.08362442,0.26068532
-0.11853255,0.2821951,0.3929507,-0.059766717,-0.043369837,-0.21782857,0.008534323,0.007681464,-0.09338577,0.028220695,-0.06299817,0.33018994,-0.12112795,0.13882007,0.2334094
0.042751186,0.14862111,0.06086272,0.045412526,0.036040653,0.055374015,0.09167747,-0.06471361,0.013281975,0.20985271,0.31908494,0.325867,0.09789419,0.1518924,-0.013354308
0.064266264,0.14468002,0.03220501,0.03891334,0.0022637998,0.07480547,0.1297725,-0.09274161,0.032109223,0.21208368,0.29991534,0.33315545,0.1146013,0.14539501,0.0020294045
-0.04517451,0.045729686,0.1018823,-0.11523667,-0.07738575,-0.037696097,-0.018683262,-0.019783137,0.059284996,0.16683269,0.32517922,0.39314958,0.1532271,0.03767632,-0.08714552
-0.04555755,0.023668198,0.0695549,-0.14102975,-0.10318991,-0.037342463,-0.0235545,-0.04473547,0.06638189,0.17364499,0.3176399,0.39265454,0.15672284,0.034784637,-0.10043673
0.096138515,0.1748023,0.17377587,-0.046099782,-0.060775314,-0.05899428,0.07873113,-0.056382366,-0.006158286,0.22774935,0.29173917,0.43575886,0.11070311,0.025192391,0.12723106
0.0644502,0.10726993,0.09592117,-0.053730343,-0.03348381,-0.05534559,0.08984456,-0.10090449,0.01912237,0.21635196,0.3177101,0.41319573,0.14297818,0.054272085,0.06777502
0.032951757,-0.26801965,-0.24185315,-0.00072768144,-0.12445976,0.13529813,0.07761681,-0.1593706,0.27459922,-0.042883873,0.19358669,-0.0053599644,0.3666069,0.024493832,-0.30160797
0.033987816,-0.3008274,-0.2706693,-0.03206294,-0.14846839,0.14321,0.08657372,-0.19160207,0.28427258,-0.040517345,0.19173107,-0.0011021991,0.37847084,0.009958257,-0.3208637
-0.2564186,-0.1795508,-0.085707486,-0.2201158,-0.22555637,0.021440364,-0.18280739,-0.23693655,0.14727381,-0.33261028,-0.20896992,0.006429453,0.043822538,-0.08787212,-0.098408006
-0.26527172,-0.18816754,-0.09373528,-0.21476327,-0.2292241,0.031835888,-0.1979906,-0.23274316,0.14176506,-0.360156,-0.21419418,0.018929917,0.03279759,-0.09050795,-0.11519711
-0.19949496,-0.26316217,-0.23340598,-0.33670092,-0.36406368,-0.03031405,-0.17298666,-0.18327221,0.015043429,-0.16576481,-0.3494684,-0.2211174,-0.07067836,-0.122749135,-0.3284076
-0.088901825,0.0059747985,-0.021323754,-0.2364648,-0.2582324,-0.014145632,-0.17004475,-0.1977435,-0.24199139,0.021383762,-0.23566836,-0.16906787,-0.17189899,-0.20915118,0.044088963
-0.097187206,0.029377673,-0.0019620657,-0.24306548,-0.24706984,-0.02380337,-0.15948533,-0.20528416,-0.22351998,0.034480926,-0.23643668,-0.16060893,-0.15614265,-0.19827765,0.057700455
0.027009353,-0.03578092,-0.08274482,0.041177757,-0.081268825,0.27083912,0.08937662,-0.0221635,0.21291623,0.23824286,0.34308285,0.02576815,0.24284777,0.3386709,-0.10413293
0.02361336,-0.02344337,-0.05817767,0.0782699,-0.043946177,0.22330952,0.09413622,-0.0020452696,0.21652415,0.21584204,0.3571441,-0.009779023,0.23831604,0.3537973,-0.07493748
-0.25168717,-0.059024695,0.016605167,-0.20941877,-0.12863137,-0.0297442,-0.14095922,-0.22549479,-0.0838705,-0.21507293,-0.31092983,0.026933687,-0.16739744,-0.06461775,0.026551794
-0.21774676,-0.011217159,0.031155147,-0.17178324,-0.12078038,0.011438375,-0.120369166,-0.18458575,-0.09839375,-0.19170842,-0.30612385,0.025648758,-0.18783332,-0.037768528,0.035017543
0.09014253,0.14416239,0.1436641,-0.08358726,-0.09605335,-0.18901029,-0.01232379,0.02591313,0.06116322,0.33180398,0.21944079,0.16146588,0.07554409,0.14389807,0.04266779
0.10420929,0.12194522,0.13910943,-0.109947965,-0.09950565,-0.16256356,0.025770446,0.020047095,0.091040686,0.34394985,0.25463766,0.16115549,0.11798628,0.14255893,0.027735166
-0.17785212,-0.07554098,-0.13583657,0.0026913357,0.013477715,0.16851372,0.119932674,-0.13416857,0.18948969,-0.04204994,0.21223545,0.1698504,0.22524506,0.028156579,-0.11790416
-0.17136839,-0.08954853,-0.14411983,-0.005164328,0.049031693,0.15976346,0.152895,-0.15025786,0.20046008,-0.022260442,0.23495539,0.16861549,0.24520072,0.047685474,-0.12269725
0.15335536,-0.02759606,-0.18941295,-0.33676305,-0.15904926,0.046900548,-0.24528779,-0.2571305,-0.24857245,-0.10500494,-0.24896741,-0.012457731,-0.2852561,-0.121846154,-0.042460978
0.15473714,-0.023774322,-0.17344807,-0.3391693,-0.18341982,0.021440074,-0.2578153,-0.24591789,-0.25575328,-0.104037926,-0.27192032,-0.042213023,-0.28831035,-0.13377188,-0.040262252
0.18312323,0.1501663,0.026180724,0.29384083,0.33353722,0.3303093,0.36401826,0.31671315,0.050422806,0.19882497,0.37111574,0.09300559,0.11207682,0.37786907,-0.09570387
0.28786382,0.113683745,-0.030730277,0.23174602,0.28743315,0.30884743,0.35083342,0.28536767,0.048159223,0.22458537,0.3450287,0.06029296,0.107717834,0.31382024,-0.11368117
0.18640462,0.36941355,0.32219696,0.19990954,0.17814314,0.22532623,0.25669336,0.39476234,-0.013809398,0.30416518,0.35936657,0.23690826,0.053658046,0.34786254,0.07238859
0.25672632,0.3258977,0.27375013,0.15781507,0.15266725,0.21453866,0.27898157,0.3589511,-0.020129442,0.34901723,0.3580067,0.23448002,0.06792225,0.3367818,0.075390555
0.38590044,0.37463528,0.42931217,0.36225525,0.22712272,0.080767184,0.3843938,0.48453575,0.005130411,0.23190516,0.26254898,0.17432404,0.10724708,0.25062883,0.29418245
0.40576327,0.3786219,0.42153126,0.36500695,0.22353834,0.096105486,0.37382472,0.45943382,0.0014922637,0.24998873,0.28187007,0.16127545,0.10684523,0.25715706,0.29257202
0.3317055,0.16564485,0.081220075,0.50373894,0.32039124,0.18288401,0.39777005,0.43578815,0.04872601,0.1504114,0.23943293,0.104836844,0.1044719,0.3044333,0.033649236
0.31616044,0.17306384,0.09919831,0.52030337,0.303707,0.18903348,0.3706587,0.44463366,0.048419327,0.14898667,0.23009613,0.11822474,0.09973572,0.3138017,0.030096032
0.40518194,0.46390498,0.40564582,0.48557717,0.40323633,0.14385739,0.40631625,0.5856303,-0.013221476,0.3570763,0.27499628,0.19017339,0.05588109,0.3992157,0.36405185
0.40162408,0.47705042,0.41187584,0.48072103,0.40615714,0.14718191,0.40977636,0.5781231,-0.025859846,0.36819935,0.26785865,0.19919404,0.046505354,0.3992172,0.36733046
0.48461935,0.3263985,0.32188845,0.21104929,0.13527936,-0.016157422,0.20464486,0.3206901,-0.011852281,0.3209613,0.25894216,0.16491088,0.09502391,0.105565995,0.38692933
0.48671663,0.3002112,0.29026055,0.19232662,0.11163075,-0.019283742,0.17708918,0.27875692,-0.01030929,0.32009876,0.2501393,0.15891695,0.09865962,0.08755429,0.36945203
-0.24681886,-0.056246944,-0.012251071,-0.0797952,-0.17566732,0.07407977,0.0131109785,-0.17383222,-0.11982201,-0.22386268,-0.3448649,-0.12504345,-0.17886627,-0.14056498,-0.030972853
-0.28575724,-0.033197686,-0.06850246,-0.05775667,-0.15034357,-0.040280826,-0.09439823,-0.19810295,-0.14325663,-0.18164457,-0.35420573,0.013339629,-0.23519488,-0.082991436,0.029204596
-0.2699424,-0.0028498191,-0.036759734,-0.025734697,-0.1336688,-0.03435114,-0.05076442,-0.16993251,-0.124428704,-0.15371452,-0.36465037,-0.030189488,-0.21902105,-0.06146266,0.046971798
-0.028739747,0.111720026,0.05153403,0.08691338,-0.07306629,-0.062493715,0.05817464,0.2458128,0.059131365,0.06861751,-0.1202043,0.1278202,-0.057379693,0.052639626,-0.036466703
-0.1096653,-0.033849496,-0.22043097,-0.031027433,-0.08014565,0.21914758,-0.0007657828,0.033654977,0.08777841,0.01574444,0.08271578,0.098930866,-0.04065629,0.1893746,-0.26736993
-0.10111791,-0.06903525,-0.24764737,-0.023547655,-0.09703025,0.2367846,0.026057765,-0.0037907357,0.094299234,0.0013502007,0.074172646,0.11459232,-0.027734324,0.21535799,-0.27986842
0.019900454,0.14584757,0.029255472,-0.0152395,0.10160227,-0.01371514,0.15154639,0.074511446,0.009613829,0.2939421,0.09530679,0.3218099,-0.031359285,0.30525458,-0.0473507
0.045313768,0.15112711,0.028557563,-0.030780137,0.06989967,-0.00954422,0.16614252,0.08112945,-0.0032354482,0.28595674,0.06596893,0.3307863,-0.04299312,0.27648592,-0.045050208
0.06213788,0.19246471,0.094860554,0.006345986,-0.008476676,-0.0056434316,-0.058535904,0.1822597,0.006327112,0.17142576,0.059924096,0.23942026,-0.08699615,0.2162155,-0.04511626
-0.14082739,-0.25641042,-0.11919342,-0.2769955,-0.31309685,-0.13132647,-0.24595366,-0.24709457,-0.25348794,-0.25368378,-0.35299894,-0.04400497,-0.19413075,-0.26617053,-0.18437092
-0.15076,-0.26059747,-0.12154961,-0.30007237,-0.33377582,-0.14804548,-0.27064714,-0.24950758,-0.25745428,-0.262554,-0.3577339,-0.04234667,-0.20565666,-0.28392553,-0.19044441
0.041768946,-0.027944485,-0.044756554,-0.0033622817,-0.13029529,0.021871844,0.07202083,-0.17249352,-0.20703048,0.093920484,-0.19250715,-0.21817544,-0.06820564,-0.13835001,0.10774523
0.019729244,-0.025709094,-0.0600802,-0.00781247,-0.13434789,0.042655226,0.05354023,-0.1915853,-0.20995238,0.08822929,-0.1870768,-0.21227366,-0.075982004,-0.13395658,0.1014013
-0.21223068,-0.1905289,0.009266002,-0.32592463,-0.28939724,-0.14969271,-0.17179522,-0.17701691,-0.012548156,-0.11356985,-0.19452062,-0.100566655,-0.010867557,-0.11845052,-0.11507706
-0.19764268,-0.16039933,0.0013312476,-0.27543426,-0.31268826,-0.13910897,-0.15198025,-0.16800287,-0.054969195,-0.12698565,-0.19332749,-0.17371204,-0.055423863,-0.14321932,-0.091362596
0.10258894,0.3054604,0.06443282,0.3446784,0.1940387,0.32477403,0.23279327,0.11937214,0.14598966,0.3033893,0.19814046,-0.06607625,0.10608969,0.4774213,0.19076099
0.1240419,0.3047927,0.07017863,0.3315326,0.17723128,0.3023864,0.21894377,0.13839887,0.16546163,0.30290943,0.22457927,-0.095530234,0.12569103,0.475124,0.1782824
0.042356603,-0.022274327,-0.12672816,0.24607337,0.1343277,0.31853437,0.015561326,-0.019103754,0.25134972,-0.10232359,0.028869614,-0.1988068,0.14240706,0.28358132,-0.059081294
0.11550662,-0.13794976,-0.119397104,-0.050338127,-0.33558035,-0.12534243,-0.34425402,-0.07246564,-0.19263327,-0.20437135,-0.3854273,6.7506335e-05,-0.23164895,-0.23419099,-0.094095774
0.13806754,-0.14636381,-0.13338701,-0.07660597,-0.35169017,-0.16668606,-0.34830612,-0.068265,-0.21215224,-0.19240215,-0.39890826,-0.045671374,-0.23759966,-0.27959952,-0.092338055
-0.022532728,-0.22665906,-0.14688991,-0.15470289,-0.273992,-0.15792656,-0.20211117,-0.17542276,-0.256887,-0.066257305,-0.23022586,-0.14096124,-0.1422224,-0.28999802,-0.11809933
-0.020111613,-0.23430514,-0.15804058,-0.1657823,-0.28438234,-0.16602692,-0.22344959,-0.17274362,-0.26458886,-0.05958019,-0.2285716,-0.14553213,-0.15755755,-0.30062446,-0.11838664
0.014567751,-0.25959116,-0.21565859,-0.09066248,-0.20056614,0.0061872313,-0.08274274,-0.23267934,-0.112000965,-0.049725804,-0.11963227,-0.021302573,0.013067532,-0.21288131,-0.14933115
0.020715173,-0.2524523,-0.18075219,-0.09731811,-0.20644325,-0.07252896,-0.09559325,-0.18867221,-0.14540088,-0.04877123,-0.14887568,-0.08135143,-0.012101933,-0.24326366,-0.10935201
-0.06559841,-0.21059448,-0.19427723,-0.0023331498,-0.22436064,0.12969983,-0.036147248,-0.15425798,-0.1347594,-0.13020709,-0.1275137,-0.060306296,-0.061714634,-0.15279475,-0.18015458
-0.07439555,-0.24066058,-0.19397703,-0.0070713144,-0.23169643,0.114246786,-0.048093166,-0.1493006,-0.11205199,-0.13149755,-0.14834216,-0.073875934,-0.045282964,-0.16505498,-0.1848167
-0.3004224,-0.2598812,-0.24599996,-0.25377688,-0.3141384,0.07657968,-0.27526736,-0.29795235,-0.029925197,-0.24684063,-0.26866114,-0.111036554,-0.13960984,-0.17032251,-0.2549947
0.26549602,0.034902476,0.11663778,-0.03133173,-0.05572854,-0.18547784,0.07145172,-0.0072311866,0.11369607,0.1947349,0.27720025,0.25932848,0.24435195,-0.043114398,0.13983771
0.12362093,-0.08889195,0.042621374,-0.08525005,0.0049340334,-0.15427455,0.10102494,-0.035606593,0.22047341,0.14349505,0.24947682,0.25083297,0.27323276,0.047750477,0.035989054
-0.19864011,-0.15644145,-0.19485442,-0.08725004,-0.15938264,0.06151706,-0.2527973,-0.15948462,0.16568702,-0.01545317,-0.16057122,-0.35740077,0.056860313,-0.0037369602,-0.09646793
0.3447026,0.15396093,-0.009368447,0.21269634,-0.10471237,0.26401109,0.042649195,0.23508121,-0.085708804,0.0046182084,0.020359067,-0.124048755,-0.119645715,0.05135023,0.08399269
0.36989474,0.12644857,-0.017786995,0.19777825,-0.09737543,0.27124313,0.064921565,0.260871,-0.04823123,0.03835316,0.020499641,-0.1459339,-0.06853294,0.050751798,0.06995161
0.18932945,0.1854706,0.22867565,-0.054800525,-0.07496186,-0.17384061,0.096760616,-0.011309651,0.061236553,0.22987352,0.30189067,0.24102402,0.18200941,-0.040619895,0.21231374
0.19455472,0.16468297,0.20333546,-0.07176235,-0.10373062,-0.16444121,0.07137953,-0.01278783,0.07734415,0.22451705,0.31521475,0.229764,0.18869795,-0.04500628,0.16611391
-0.22978294,-0.13441762,0.042426884,-0.24856946,-0.14890611,-0.07740201,-0.18704048,-0.19168402,-0.025495537,-0.27073348,-0.22815405,0.110226646,-0.0812433,-0.09802083,-0.04540478
-0.2413186,-0.13373709,0.027359262,-0.22263348,-0.14810637,-0.038216062,-0.19080354,-0.20014748,-0.030248461,-0.28481233,-0.23163033,0.120396286,-0.09109035,-0.069597386,-0.057917245
-0.16792032,-0.27596045,-0.34185028,-0.16485631,-0.16584644,0.20172884,-0.074288845,-0.25681067,0.15366167,-0.18215719,-0.0069932896,-0.0019227702,0.08425443,0.06064014,-0.40794095
-0.1172862,-0.25959235,-0.33236608,-0.17257157,-0.17130065,0.19871561,-0.045118675,-0.2770423,0.17311808,-0.05933924,0.024650984,0.017607145,0.13308457,0.09379791,-0.3932002
-0.30907905,-0.21559708,-0.1449622,-0.33263886,-0.3582237,-0.031517237,-0.35465932,-0.27918264,-0.105513796,-0.25512388,-0.31257737,-0.010580702,-0.2065633,-0.18674873,-0.1788661
-0.30742142,-0.18832754,-0.10924293,-0.31100053,-0.35171187,-0.021884698,-0.34168223,-0.24222551,-0.11734356,-0.25919494,-0.32505178,-0.022099484,-0.21987931,-0.2036334,-0.14668642
-0.019716032,-0.16205752,-0.288023,-0.057498217,-0.18402001,0.068859845,0.025753379,-0.3103464,-0.05819409,0.058423765,-0.13243708,-0.2717669,0.06810128,-0.12740134,-0.08147159
-0.06060972,-0.18302467,-0.29817027,-0.09382886,-0.17746344,0.054552004,-0.019750899,-0.34118617,-0.06833928,0.03744112,-0.1584295,-0.26761803,0.029930253,-0.14062065,-0.097998224
0.27811578,0.18815023,0.17279723,0.15964654,-0.098353446,0.028000455,-0.17182565,0.25095713,-0.022625333,0.041574523,-0.19980085,0.19512123,-0.1655677,0.10487087,0.22774957
0.289513,0.17734468,0.17799488,0.20157968,-0.053692304,0.049355343,-0.15551667,0.27412763,0.02040734,0.026056308,-0.17582971,0.14748299,-0.12464202,0.13407724,0.23126227
-0.038114958,-0.046736665,-0.031195993,-0.09692427,-0.1990524,-0.15174778,-0.17565598,-0.16173121,-0.27656472,-0.05891194,-0.21961223,-0.019702408,-0.19121887,-0.19509558,0.03829477
-0.20929909,-0.028689269,0.009575686,-0.047519356,-0.12927309,-0.14170578,-0.046266187,-0.15999892,-0.17505044,-0.07311909,-0.35384208,-0.11300019,-0.1699003,-0.078656256,0.06859091
-0.03108624,-0.3633462,-0.42031652,-0.20285866,-0.1689476,0.10279737,-0.26930702,-0.24388985,0.33686984,-0.07457821,-0.03738008,-0.15900978,0.20888081,0.016665647,-0.33939594
-0.07594846,-0.34218752,-0.4048383,-0.20587373,-0.22809246,0.10773629,-0.28421184,-0.23000982,0.3213449,-0.11364675,-0.09076053,-0.20471436,0.1705924,-0.025747932,-0.33258313
-0.29176047,-0.21916503,-0.22051603,-0.1962193,-0.18958458,-0.1171498,-0.20782942,-0.3065592,-0.016644873,-0.46078154,-0.43396097,-0.28322518,-0.13483614,-0.21746312,-0.18006556
-0.018720247,-0.1780599,-0.1603069,0.017935658,-0.31389508,0.0760317,0.0454219,-0.1035572,-0.20774108,-0.074603386,-0.16160256,-0.19013095,-0.107642934,-0.1485867,-0.19826534
-0.020926967,-0.17536108,-0.17216805,-0.002388694,-0.33029616,0.09959379,0.040687237,-0.11706341,-0.19934507,-0.07118572,-0.15640664,-0.19747606,-0.10508685,-0.15640308,-0.19893074
0.0074936217,0.18765557,0.10589166,0.21662964,0.16189858,0.12074584,0.13566132,0.14396045,0.15839243,0.19527876,0.33640063,0.0672631,0.17824537,0.37167424,0.014288893
0.010948153,0.20186478,0.13082948,0.24773665,0.18683767,0.1268179,0.18425062,0.14890638,0.16117322,0.20138687,0.34521648,0.050573215,0.19414002,0.37734807,0.03469316
0.20364034,0.20765077,0.067559466,0.36178282,0.20602047,0.13292913,0.27132994,0.28033692,0.10956779,0.1715989,0.43124712,-0.04281143,0.1953631,0.16093543,0.0022815738
0.2233417,0.21181542,0.071623944,0.35416174,0.1792108,0.15246272,0.2796358,0.27283156,0.11836485,0.19656132,0.4504115,-0.03775247,0.20934376,0.16117248,0.010817541
0.10872458,0.25040802,0.25430262,0.25041616,0.124689244,0.063502,0.17851683,0.22647232,0.070262015,0.16563919,0.384758,0.22383566,0.17635849,0.20948812,0.087219
0.16148558,0.24592543,0.2469001,0.27243948,0.13831773,0.059760116,0.21863078,0.2190893,0.09251794,0.19304511,0.39347816,0.20733759,0.2093026,0.22594461,0.10255494
0.16404173,0.30167508,0.37938058,0.22931816,0.12896109,0.00980132,0.18402502,0.2408512,0.092899255,0.20578201,0.4052796,0.24647072,0.2174404,0.21684071,0.16100678
0.17576033,0.2931313,0.3616901,0.19817884,0.10111777,-0.00032512052,0.21625996,0.2389541,0.079272114,0.19991001,0.40017074,0.21133822,0.21008718,0.1498883,0.15713362
0.026501678,0.31337953,0.509347,0.16950384,0.09807019,0.00090241723,0.054225847,0.41573784,-0.017041018,0.070715345,0.13115875,0.35180056,0.018245934,0.19453368,0.16467698
0.046859767,0.29356194,0.494164,0.16308805,0.10618989,0.00342088,0.051076055,0.44354063,0.02186553,0.087316394,0.16470781,0.33654505,0.04913505,0.20552996,0.13877845
0.41687423,-0.094704956,-0.061711125,0.051262256,0.035447013,-0.031735633,0.114425965,0.07168394,0.38051903,0.1778036,0.20824836,-0.12575477,0.4597352,-0.022534566,0.094053105
0.424087,-0.07387169,-0.049039096,0.06105566,0.013612399,-0.016663464,0.12228203,0.090521604,0.35782415,0.21587363,0.18597987,-0.10083465,0.44301707,-0.044600587,0.114620976
-0.22883682,-0.23949659,-0.120953456,-0.34118226,-0.28700024,-0.1573155,-0.2832852,-0.29665238,-0.25138775,-0.34490132,-0.35537535,-0.07175535,-0.23697892,-0.26492915,-0.19350846
-0.24231368,-0.26563936,-0.14131582,-0.37686577,-0.30564255,-0.19324394,-0.29696217,-0.30991894,-0.2795983,-0.36624384,-0.386545,-0.09539959,-0.2640403,-0.30918342,-0.21812177
-0.31502575,-0.23636812,-0.16849005,-0.25049388,-0.29033962,0.017016381,-0.287589,-0.30033693,0.052232236,-0.28834176,-0.32036063,-0.050857686,-0.0746877,-0.13745268,-0.1357649
-0.27432033,-0.22353609,-0.17510512,-0.16059479,-0.3122583,0.043828312,-0.26711613,-0.24961478,0.06809468,-0.31095892,-0.33773175,-0.07105158,-0.07781634,-0.13429189,-0.15385705
0.011081565,-0.18259427,-0.09598176,-0.11028285,-0.30020297,-0.07349152,-0.06848635,-0.09247704,-0.20769113,0.005905436,-0.01600759,-0.016764158,-0.06314711,-0.16637689,-0.10753299
0.029025484,-0.15902458,-0.08906822,-0.07397399,-0.3191133,-0.08211064,-0.06463333,-0.092754036,-0.22458011,0.017855007,-0.042197585,-0.06525995,-0.081686296,-0.16355923,-0.06684843
-0.26400152,-0.100973815,-0.10219954,-0.2113061,-0.16228205,-0.034206256,-0.1338117,-0.2610659,-0.10221186,-0.22867575,-0.34873104,-0.14418033,-0.17092116,-0.12150544,-0.03356242
-0.25483808,-0.12357348,-0.14940865,-0.22082406,-0.16649885,-0.0034892475,-0.11169994,-0.29883653,-0.059351183,-0.20796558,-0.34586278,-0.16688293,-0.13890475,-0.09770847,-0.066428095
0.29091668,0.17746046,0.10937582,-0.08225918,-0.27100068,-0.13553852,-0.26301348,0.09233904,-0.24586232,-0.047024935,-0.3270799,0.008544165,-0.27083257,-0.26325652,0.17838338
0.28651544,0.17501815,0.11801453,-0.07932669,-0.27107686,-0.13209315,-0.26591086,0.09294717,-0.23421791,-0.043240942,-0.3200512,-0.0073923506,-0.2568124,-0.24932957,0.17986283
-0.17888461,-0.2330789,-0.3025987,-0.06400429,-0.087628104,-0.019759871,-0.098401085,-0.11456174,0.018004475,-0.16128656,0.08658457,0.06416035,-0.03809628,-0.0013188263,-0.2991268
-0.12317471,-0.2167424,-0.26079985,-0.10105981,-0.16560966,-0.02416341,-0.08419374,-0.16303962,0.06819976,-0.07385594,0.1451583,0.03338533,0.009555794,0.040378463,-0.24153613
0.16633967,-0.17583983,-0.21983838,-0.0875649,-0.021661103,0.13131589,-0.118347526,-0.18940914,0.17514399,-0.06440016,0.051236104,0.04938898,0.12938102,0.029304687,-0.091949485
0.18456611,-0.1712501,-0.22467536,-0.10483062,-0.011972618,0.14160267,-0.1045644,-0.17811978,0.18299636,-0.022202998,0.07059901,0.056639425,0.14400335,0.034241907,-0.09347136
-0.058426067,-0.08476156,-0.017895741,-0.080778554,-0.20431677,0.038634907,-0.085757524,-0.09768717,-0.18499015,0.062205847,-0.087495774,0.03984706,-0.088530265,-0.042408366,-0.08736293
-0.070635386,-0.13244002,-0.035358436,-0.13114487,-0.19699031,0.018804096,-0.10276076,-0.123802885,-0.1754086,0.069005415,-0.12161355,-0.017797682,-0.07341695,-0.060822673,-0.08472115
-0.15325229,-0.08809646,-0.2201603,0.05477128,-0.12138444,0.09414163,-0.13766608,-0.061141137,0.05564539,-0.038966008,-0.10269974,-0.18267679,-0.059057377,0.076864116,-0.20919862
0.009267829,-0.14590506,-0.2442728,0.033126324,-0.16701561,0.26845652,0.014449017,-0.19514753,0.21765469,-0.012026332,0.13570662,0.07163258,0.2402089,0.07521455,-0.1597559
-0.13423988,-0.1520857,-0.2448481,-0.073071286,-0.26600847,0.24428076,-0.054550465,-0.26881728,0.19276488,-0.17863384,-0.06243202,-0.08748659,0.14365721,0.022688778,-0.19045174
-0.23336963,-0.21071187,-0.030298319,-0.31679183,-0.18499106,-0.14449826,-0.23703521,-0.23309922,-0.06873843,-0.30649745,-0.281228,0.011273275,-0.12453728,-0.16997239,-0.095125556
-0.24386674,-0.20963842,-0.036491457,-0.3095223,-0.18574277,-0.14427015,-0.25026166,-0.24834105,-0.07859196,-0.32496628,-0.2868991,0.036876928,-0.13510285,-0.16715184,-0.095102414
0.052680075,-0.15695739,-0.21102318,0.06873126,-0.14465013,0.20541364,0.12412523,-0.14146769,-0.054568503,0.056976974,0.24616013,-0.10360162,0.062160045,-0.016424995,-0.047593657
0.045760833,-0.178076,-0.2233467,0.058448657,-0.15867065,0.20664614,0.09769796,-0.152003,-0.06270191,0.049266763,0.22753932,-0.11238082,0.051623955,-0.022590231,-0.066888206
0.23548862,-0.24329595,-0.24968812,-0.01532669,-0.13412628,0.040463775,-0.18378517,-0.0030179974,0.17515683,-0.14341815,-0.008255526,-0.12993549,0.086606525,-0.037654556,-0.18607977
0.22715347,-0.2273936,-0.21944103,0.005492171,-0.1381536,0.007283574,-0.19680902,0.023302928,0.18487224,-0.14549899,-0.035922755,-0.15852529,0.09036947,-0.039324343,-0.16994068
-0.11937229,-0.20846431,-0.2782701,-0.031865023,0.27980736,0.14435327,0.09183283,-0.19495097,0.2398217,0.070852295,0.32907498,-0.025751296,0.265621,0.27371997,-0.0694237
-0.10011207,-0.19658932,-0.2712597,-0.04845672,0.25206083,0.13291179,0.11033961,-0.19683135,0.23388523,0.08888267,0.33085465,-0.030269403,0.2654309,0.26678884,-0.05472683
-0.15480047,-0.15813737,-0.27508962,-0.098981306,0.19589488,0.05589597,0.030305926,-0.23884295,0.26724565,0.13232698,0.2932414,-0.03495182,0.2614212,0.25034672,-0.06579627
-0.14763999,-0.14745615,-0.24979496,-0.13862652,0.14702895,0.0548771,0.021103578,-0.2691617,0.24360871,0.14872059,0.30823213,0.010641571,0.2657382,0.22793998,-0.048044216
-0.233783,-0.30462092,-0.2144089,-0.3825203,-0.42492723,-0.29166925,-0.43045127,-0.15867214,-0.12848525,-0.31113285,-0.39808825,-0.15165679,-0.17681175,-0.3746448,-0.2487072
-0.23610511,-0.3084979,-0.20714879,-0.38868237,-0.41833454,-0.30482543,-0.42519122,-0.18178684,-0.13747245,-0.30897287,-0.413763,-0.1989802,-0.18169937,-0.35936952,-0.24462894
-0.14819437,-0.05245147,0.023883289,-0.24628857,-0.27587098,-0.15995836,-0.11357929,-0.16870907,-0.21399984,-0.051455166,-0.2395333,-0.17336503,-0.121096306,-0.22633052,0.014573687
-0.14725399,-0.031556185,0.033652984,-0.23703578,-0.26511282,-0.15837145,-0.10763796,-0.17177549,-0.20642778,-0.04205457,-0.24626425,-0.19784772,-0.11778498,-0.21658808,0.023942621
0.56262326,0.08804387,0.0704961,0.1657494,0.31701285,0.088904575,0.24045026,0.23249526,0.28806412,0.46369186,0.46371257,0.12678504,0.41319153,0.27940294,0.14731075
0.54853636,0.06457551,0.05038131,0.15605804,0.30686983,0.09777965,0.21368974,0.2192525,0.29588073,0.43954915,0.46107417,0.11805486,0.4126487,0.25918064,0.1249643
0.021523261,-0.11707941,-0.13318776,-0.034519263,-0.22618285,-0.033268888,0.034906182,-0.2600329,-0.2509964,-0.16152939,-0.20992938,0.045033023,-0.1012375,-0.21556227,-0.026610494
0.0031963019,-0.13606894,-0.10718499,-0.070737146,-0.23977,-0.091934085,-0.005496641,-0.2725497,-0.2627804,-0.16417632,-0.23512037,0.036946945,-0.1099507,-0.24976526,-0.0064694476
-0.12247326,-0.23707554,-0.26480162,-0.12496704,-0.27547878,-0.02972068,-0.20589828,-0.28977764,-0.15287405,-0.016363028,-0.20008354,-0.0044684727,-0.10764164,-0.082467966,-0.14792226
-0.12397535,-0.24049625,-0.29523796,-0.10976781,-0.2728663,-0.01769995,-0.23550963,-0.31817135,-0.17135814,-0.04747952,-0.22315678,-0.009629686,-0.1388224,-0.085769616,-0.15938193
-0.2031507,-0.12980631,-0.11196197,-0.12948258,-0.20167042,-0.15935889,-0.11986528,-0.2589692,-0.073404305,-0.036993567,-0.30028015,-0.16154219,-0.114262186,-0.121297,-0.020049425
-0.1857096,-0.12763974,-0.11353889,-0.13119924,-0.20132378,-0.14685856,-0.10949725,-0.25823826,-0.07368322,-0.020574205,-0.30703017,-0.18172127,-0.106607735,-0.11256039,-0.01223751
-0.057282038,-0.043520767,-0.20413119,0.030202938,-0.14928028,0.11619054,-0.002097521,-0.14390096,0.17069063,0.14850348,0.22568217,-0.10177381,0.1628167,0.13695876,-0.022536462
-0.022105034,-0.0030015316,-0.16492793,0.010458531,-0.14343366,0.122077264,0.018403236,-0.14534098,0.17150918,0.2112732,0.24829939,-0.12724215,0.17834231,0.14752701,0.011104287
0.17892313,-0.24176851,-0.2837115,-0.000790237,-0.03965373,0.20804113,0.24438392,-0.085485935,0.3339718,0.19336179,0.41807324,-0.10030532,0.46938574,0.11206421,-0.19980529
0.1689043,-0.24678206,-0.3069476,-0.013960043,-0.012496555,0.20504846,0.24467027,-0.10569475,0.3178025,0.19234535,0.4211395,-0.14338715,0.4608271,0.11061941,-0.21378468
0.11708784,-0.13220909,-0.08411106,-0.031035561,-0.15134273,-0.15354766,-0.20661023,-0.105417326,-0.09468333,-0.20104033,-0.34475774,-0.06779663,-0.11077096,-0.16050309,0.0007032946
0.11944591,-0.13433953,-0.08389619,-0.042737477,-0.14472204,-0.13012591,-0.19571933,-0.0931945,-0.062641956,-0.18387377,-0.32462287,-0.097853824,-0.08598577,-0.122052714,-0.017311722
0.006241656,0.07484484,0.30683547,-0.06578722,-0.07741101,0.01864049,-0.05567897,0.14456695,0.13912475,0.16444767,0.3433327,0.29046813,0.18034467,0.159221,0.10646735
0.047540214,0.0763662,0.30266848,-0.042862054,-0.035317928,0.030227445,-0.008306795,0.13378188,0.13080688,0.17699653,0.37986016,0.30289012,0.1898672,0.18517342,0.119559035
0.0027277023,0.121487,0.35077947,-0.02055829,-0.03728088,0.054933347,-0.025754236,0.2337535,0.10886301,0.12535131,0.33544052,0.3407486,0.13318342,0.20300609,0.09073886
0.008899182,0.09209546,0.31345117,-0.019778999,-0.020576729,0.06786691,-0.020647332,0.22411263,0.11054325,0.11666932,0.3299465,0.3485585,0.1313859,0.2171988,0.06906821
0.08450045,0.14830872,0.32527316,0.14093675,0.30067924,0.05290384,0.1484505,0.23998666,0.0566224,0.15945707,0.26175198,0.38278097,0.11074343,0.27350357,0.24857111
0.095563926,0.14022164,0.30986345,0.1448473,0.3279059,0.039226152,0.177351,0.22949857,0.045428984,0.16864043,0.29700184,0.39090532,0.102921575,0.2765686,0.2451481
0.033822898,0.30075783,0.32148683,0.15112898,0.13534355,0.11422278,0.013654874,0.24595174,0.005568809,0.20124833,0.34901673,0.32258475,-0.041998543,0.38163355,0.15472412
0.043900244,0.27325964,0.27899063,0.06796236,0.10286969,0.123592526,0.016688805,0.19358502,0.017818443,0.2283715,0.35266957,0.32114333,-0.02487583,0.3521803,0.13174862
-0.2559268,-0.17528379,-0.1545204,0.07051401,-0.11413997,0.13386594,0.018566823,-0.14124024,0.046316504,-0.10702306,-0.2734753,-0.11180441,-0.060424075,0.065884426,-0.07964873
-0.23411217,-0.118559875,-0.09913805,0.12592065,-0.08604915,0.11631461,0.030555403,-0.10363673,0.061268874,-0.048524074,-0.26455796,-0.13879913,-0.03510771,0.12889417,-0.027084969
-0.032572493,0.015560421,0.09827672,-0.25333628,-0.22444054,0.026911262,-0.021262398,-0.03396545,0.116080925,0.15676928,0.31655264,0.4969386,0.12978868,0.102327704,-0.1269035
-0.024038542,-0.010740356,0.086753465,-0.25875306,-0.20961902,0.031152863,-0.020144166,-0.023802062,0.13077748,0.16087809,0.31452638,0.50904334,0.14560379,0.11414242,-0.13057241
0.49056423,0.047524825,-0.07321257,0.12050837,0.1923193,0.13720721,0.055415414,0.061112724,0.1869335,0.28368735,0.38059574,-0.012986491,0.22621357,0.09291561,0.146931
0.4874276,0.051398523,-0.07274008,0.114121445,0.18869168,0.13341883,0.044469945,0.053068735,0.17905617,0.2852788,0.38069144,-0.018938206,0.22113663,0.08585449,0.14128904
-0.052658163,-0.17628026,-0.14778394,-0.1385275,-0.26549238,-0.17634588,-0.1855616,-0.17614812,-0.18439032,0.04275012,-0.24966167,-0.18325579,-0.09014328,-0.20300095,-0.04415272
-0.07004644,-0.17808378,-0.17498931,-0.15546066,-0.29040554,-0.17761855,-0.22195715,-0.1975689,-0.20425838,0.023459861,-0.2715193,-0.18360743,-0.12702695,-0.22137487,-0.06452944
-0.27538222,-0.3428822,-0.23849791,-0.21273679,-0.19828987,-0.004666374,-0.07091096,-0.25608754,0.26586834,-0.14295769,-0.10878524,-0.041354477,0.19829656,-0.0055748536,-0.26753458
-0.25006172,-0.32641834,-0.26353472,-0.1916306,-0.20461904,-0.0051059006,-0.072349995,-0.26082084,0.29057968,-0.15873396,-0.08712992,-0.117453665,0.23191276,-0.0058631254,-0.29068387
0.23703194,0.045793198,0.019900732,0.012864302,-0.11303136,0.15412953,-0.02674221,0.1445595,0.10252969,0.020638758,-0.095281884,-0.1400578,-0.00042348448,0.068565145,0.016091658
-0.18812023,-0.050607376,-0.080791876,-0.18063119,-0.2879879,-0.15074448,-0.16662276,-0.15303947,-0.2621763,-0.3474968,-0.5001857,-0.1461734,-0.3317352,-0.33471945,-0.029479919
0.048739478,0.29987067,0.39822453,0.22884601,0.17808992,-0.023281101,0.09308086,0.49880776,0.16977364,0.3202212,0.21211946,0.18238994,0.1014906,0.3804534,0.24143232
0.06261761,0.30294985,0.396499,0.21847717,0.18905452,-0.012435193,0.09548365,0.5049145,0.17976496,0.33597654,0.21085459,0.18044193,0.11239732,0.38456482,0.24149418
-0.12759566,-0.14307797,-0.12576105,-0.22257042,-0.34327048,-0.040551614,-0.18933097,-0.12262991,-0.13532099,-0.048852958,-0.1819388,-0.25110412,-0.08500567,-0.1982863,-0.13864261
-0.1250695,-0.14513613,-0.13528472,-0.23634559,-0.35386977,-0.052551962,-0.19463232,-0.11131865,-0.11807482,-0.031888686,-0.14635903,-0.2734027,-0.076049,-0.2014039,-0.14773487
0.30666444,0.11628075,0.20327035,0.08822581,0.021740751,-0.14136434,-0.0014738562,0.23770615,0.123023584,0.19082588,0.1638934,0.068522915,0.14739479,0.07027773,0.29008156
0.32374197,0.08874498,0.15673184,0.081056006,0.034503967,-0.12809026,0.019806467,0.21807396,0.14144197,0.20155075,0.1755223,0.03815841,0.1702503,0.06462723,0.27725282
-0.16220862,-0.18974993,-0.13892123,-0.13911927,-0.41680732,-0.16141415,-0.274702,-0.2429193,-0.34551144,-0.20928273,-0.33881012,-0.14485705,-0.2833718,-0.28023785,-0.11423108
-0.13520223,-0.16760752,-0.09846651,-0.12847714,-0.35769707,-0.1436232,-0.22356659,-0.17413719,-0.34156057,-0.13034895,-0.3024527,-0.15421858,-0.2529463,-0.26298237,-0.065755084
0.06099564,0.2274732,0.3679767,-0.025512615,-0.032862905,-0.12807517,-0.033588633,0.25892967,0.089144245,0.20549653,0.16919526,0.28304118,0.0009488594,0.15459059,0.1467494
0.11250521,0.21132621,0.32912907,-0.017554916,0.014888549,-0.0917014,0.026572254,0.29096237,0.13794209,0.2920875,0.2504807,0.22389188,0.072550066,0.21069402,0.11409457
-0.22296582,-0.18512945,-0.15937743,-0.27267927,-0.29890847,-0.02059761,-0.24336122,-0.31345013,-0.24828753,-0.26766664,-0.32865357,0.037098516,-0.25572306,-0.21259227,-0.14672089
-0.21622434,-0.18050557,-0.14634067,-0.28034127,-0.27817187,0.005753586,-0.21096162,-0.28414583,-0.21133988,-0.24309337,-0.32571828,0.025682941,-0.2143979,-0.18879077,-0.14879748
-0.009033656,0.0013254639,-0.08859157,-0.07157425,-0.029273491,-0.17495795,-0.03680972,-0.12166801,-0.025199326,0.12315554,-0.02622974,0.34781247,-0.009445564,0.068231955,-0.059127055
0.049741007,-0.07654521,-0.04170154,-0.10559946,-0.16566776,-0.040002726,-0.2293126,-0.1923626,-0.21219513,-0.1455411,-0.23645765,-0.09375727,-0.1936301,-0.16910024,0.023749039
0.06273819,-0.07472783,-0.038291402,-0.10997497,-0.15916887,-0.03462501,-0.21081832,-0.18837577,-0.22132353,-0.12671983,-0.24365577,-0.1093999,-0.19605036,-0.17271468,0.027625
0.05248656,-0.058256015,0.003896759,0.046246164,-0.09656151,0.07095457,0.1305879,-0.06432539,-0.23957373,0.07952236,-0.061866865,-0.16640544,-0.06403383,-0.10651603,0.07819201
0.027507305,-0.064251795,0.0014159363,0.035701293,-0.1188702,0.062055156,0.07639514,-0.11527412,-0.23258436,0.021517918,-0.08917539,-0.19638707,-0.06665974,-0.11132983,0.06321843
0.055216633,0.1310764,0.19670135,0.010451771,0.026346814,-0.08144234,0.13395518,-0.077836044,-0.009825688,0.12810653,0.2884509,0.34427112,0.124044865,0.04705251,0.17837629
0.064879,0.1447353,0.1989122,0.011404526,0.008464355,-0.09523211,0.11141323,-0.064746365,-0.03134292,0.11995298,0.27906805,0.3549837,0.09062977,0.027989445,0.1748181
0.23140433,0.25439322,0.2587592,0.09470834,0.031830393,-0.1438614,0.1773905,0.0398462,-0.09612462,0.13764162,0.22019567,0.26790887,0.0348022,-0.022407878,0.27982363
0.17934796,0.26918012,0.26302236,0.08131258,0.04127962,-0.12059294,0.1668614,0.026273035,-0.12686339,0.13486809,0.20960069,0.29076356,-0.0006593717,-0.011273858,0.27379748
-0.03751653,-0.024435358,-0.12198737,0.18385771,-0.07580484,0.40188593,0.10099588,-0.027649935,0.019328227,0.08659588,0.22908458,-0.091279626,0.05706954,0.17575583,-0.14152074
-0.07752766,-0.014117526,-0.0958582,0.15920979,-0.1076777,0.4029169,0.08710002,-0.035441794,0.04911718,0.078039564,0.1558598,-0.09398061,0.062123403,0.17075196,-0.1233138
0.24853681,0.16472864,0.22131276,0.095017835,0.0958115,-0.06576081,0.09491888,0.26295546,-0.0011795005,0.16093844,0.18350095,0.23089015,0.009408193,0.15355016,0.21393928
0.28737444,0.21102709,0.2652642,0.1233988,0.111413166,-0.062739626,0.10893068,0.2580475,0.004842057,0.21177353,0.22800641,0.2142101,0.03830219,0.2133074,0.27564114
-0.24851295,-0.22166488,-0.05773031,-0.15592286,-0.28546605,0.0890601,-0.15635878,-0.18028128,-0.034383833,-0.26261747,-0.21090615,0.08761942,-0.13217947,-0.060568497,-0.21991923
-0.25778916,-0.18416007,-0.043688253,-0.10453859,-0.24897856,0.12373891,-0.13556676,-0.17016707,-0.02364095,-0.27579233,-0.16480254,0.09303032,-0.12909535,-0.05593042,-0.19404896
-0.047367804,-0.16774109,-0.1240044,-0.09710329,-0.23953792,-0.044060163,-0.21273777,-0.20718184,-0.30389497,-0.20628163,-0.23754913,0.0433738,-0.22671781,-0.19431122,-0.13955142
-0.1454643,-0.18285367,-0.10949122,-0.14474651,-0.2340849,-0.06277937,-0.20664603,-0.20839185,-0.30303615,-0.30254793,-0.35457897,0.005827397,-0.2756756,-0.18752617,-0.1622362
0.38527215,0.033822805,-0.08045359,0.010158299,-0.28530622,0.0033954987,-0.07669546,0.08916275,-0.20602691,-0.04125224,-0.19281161,-0.1099289,-0.18068418,-0.20768954,0.032616664
0.29069227,0.026431855,-0.051017545,-0.035427503,-0.30154544,-0.019500325,-0.054933548,0.0777201,-0.1848339,-0.09558295,-0.3124562,-0.19437182,-0.20389743,-0.21101186,0.038832232
0.35830235,0.026317934,-0.03147513,0.09596507,-0.04831686,0.03082009,-0.09694365,0.008257368,-0.060863234,0.03238132,-0.14000389,-0.066929474,-0.030974131,-0.06319489,0.15511835
0.3558632,0.018767472,-0.03900734,0.0853838,-0.056813415,0.033870026,-0.11555478,0.0032445784,-0.065651834,0.03569892,-0.14147837,-0.055649072,-0.03686448,-0.06674569,0.15172958
-0.34694433,-0.1809201,-0.12714085,-0.20363228,-0.26265216,-0.042407274,-0.25114235,-0.19649574,-0.18936452,-0.34201282,-0.41825336,-0.102622785,-0.27196828,-0.26703644,-0.15783197
-0.33320668,-0.17549637,-0.09096578,-0.21430546,-0.25408465,-0.099486455,-0.21606265,-0.19594538,-0.18169425,-0.31272456,-0.4357689,-0.1210818,-0.25190723,-0.26495582,-0.12891538
-0.1587713,-0.18795401,-0.17285892,-0.24706686,-0.16964519,-0.0005020844,-0.35844976,-0.24567986,0.1535468,-0.006720843,-0.13978347,-0.18046421,0.029465092,0.026218183,-0.094188064
-0.18936762,-0.20900835,-0.19646235,-0.2505145,-0.1754344,-0.00016361102,-0.37980533,-0.26080292,0.15986022,-0.03950879,-0.13783787,-0.1549955,0.023643486,0.021708217,-0.10818027
-0.060818374,-0.22722407,-0.13767217,-0.057637155,-0.21866363,0.01498856,-0.0012987494,-0.13141152,-0.25797337,-0.10144339,-0.27627468,-0.080135286,-0.13207339,-0.14310084,-0.17525321
-0.06088545,-0.2535124,-0.21301106,-0.12569901,-0.25761032,0.027200049,-0.069823205,-0.216156,-0.30890077,-0.122947596,-0.27435392,-0.07456519,-0.19136241,-0.1667163,-0.22368386
0.13872242,0.20445126,0.15965885,0.30856502,0.35687035,0.1994479,0.40918338,0.34275216,0.27486867,0.22382401,0.24439418,0.08018758,0.20025101,0.39428663,0.18347065
0.1447202,0.20849463,0.15636936,0.29946393,0.3652837,0.19170079,0.4103195,0.34046984,0.26883715,0.21883175,0.23939542,0.06696649,0.19638512,0.38912547,0.19188547
0.027687237,-0.25592336,-0.23500946,-0.1378293,-0.17229453,-0.027579237,-0.010855517,-0.2911744,0.03304647,-0.006946326,-0.09755593,0.046249155,0.1609473,-0.063753046,-0.14143135
0.013596811,-0.26871663,-0.23036137,-0.1412438,-0.1807061,-0.03727801,-0.0052382275,-0.2961443,0.03712571,-0.012404015,-0.10730882,-0.028917205,0.16707817,-0.09272759,-0.12880579
-0.010020159,-0.14231747,-0.22000891,0.20507519,0.23888849,0.13900456,0.17598169,-0.059101336,0.10341457,0.15188527,0.23286709,0.108982906,0.18188363,0.18902665,0.039522775
-0.035001814,-0.16687393,-0.24504735,0.1752964,0.19538626,0.14868048,0.13729739,-0.081424944,0.097878546,0.13655278,0.21749544,0.10016446,0.16881558,0.16107485,0.007951022
0.04267451,0.17512396,0.29422134,-0.11290503,-0.07477994,-0.20705101,0.025715664,0.05912441,0.1323225,0.19452381,0.26452816,0.2361109,0.12679532,0.06444847,0.15510932
-0.14672992,-0.12942082,-0.24454871,-0.17120028,-0.12446526,0.060436785,0.036658198,-0.28809628,-0.09453809,0.041412696,-0.28018317,-0.3137826,-0.12147708,0.0140324645,-0.103341945
-0.19763695,-0.103502944,-0.19432253,-0.17005037,-0.13176583,0.060927216,0.019656874,-0.27310544,-0.07401291,0.05211515,-0.26285288,-0.26888585,-0.1112261,0.029154046,-0.07554734
-0.17116572,-0.13975593,-0.2278421,-0.0989192,-0.10672982,0.3052306,0.19999936,-0.11201778,0.30441898,0.11162917,0.2865184,-0.06788634,0.27161345,0.25407046,-0.25287986
-0.17870525,-0.13596365,-0.22978976,-0.104424596,-0.09272606,0.30201286,0.19978505,-0.10873857,0.28951746,0.077247486,0.27230448,-0.069087945,0.23877017,0.25907248,-0.26129997
0.17631046,-0.14895317,-0.2013032,0.102118015,0.027931906,0.32853433,0.21353045,-0.0010982491,0.29485738,0.17844878,0.4634816,-0.040821727,0.40147707,0.2722749,-0.22764665
0.16814473,-0.15819484,-0.21538909,0.07743852,-0.0011109943,0.3363876,0.16367638,-0.017650768,0.2863555,0.18837103,0.44676656,-0.02765913,0.3823346,0.25808203,-0.24292517
0.0796676,-0.11310399,-0.2063333,0.08922036,0.06463982,0.34612042,0.23498878,-0.074274115,0.2536172,0.19501871,0.389386,0.09142199,0.37674892,0.2873764,-0.17796335
0.089669615,-0.14847624,-0.24875858,0.06304004,0.06723301,0.32856756,0.25969076,-0.09114656,0.27675617,0.20356381,0.397125,0.061162468,0.40228045,0.27064037,-0.18376206
0.08875342,0.1828058,0.22504991,-0.1620619,-0.33838725,-0.16315836,-0.0040731495,0.13506436,0.15952036,0.15844847,0.098596856,0.1603999,0.15258083,-0.05782052,0.031596683
0.10061197,0.18452685,0.22975558,-0.15208012,-0.33526057,-0.16103142,0.019923253,0.1514226,0.161411,0.15424366,0.09792893,0.14997922,0.15255141,-0.054291658,0.028589552
-0.22035247,-0.15167828,-0.04855424,0.030017458,-0.052640893,0.08090225,0.12433164,-0.17147397,0.103765085,-0.09996556,-0.23787192,-0.07446278,0.043372937,0.059906896,-0.0037291073
-0.20554292,-0.12330272,-0.030838627,0.04602027,-0.07280323,0.10265022,0.11384382,-0.15123178,0.08397633,-0.101536706,-0.26737273,-0.051080592,0.006613341,0.09353994,-0.013459635
0.15593669,-0.12987462,-0.124510296,0.016073212,-0.26044992,-0.08363421,-0.22075637,-0.12376627,-0.34488994,-0.08418365,-0.3137095,-0.08229567,-0.29318058,-0.20868617,-0.07628967
0.16117659,-0.13168699,-0.12186094,0.01656658,-0.30411705,-0.09838051,-0.24482775,-0.109276086,-0.34746453,-0.093822725,-0.32536846,-0.09950146,-0.29999787,-0.23927781,-0.08455895
-0.041129626,-0.130662,-0.05357471,-0.050697625,-0.086826965,0.005668291,-0.037835933,-0.16353631,-0.050912216,-0.0053151827,-0.022640161,-0.11051963,0.056926906,-0.071309775,-0.0045036348
-0.064900115,-0.12746742,-0.049520914,-0.039999984,-0.07429077,-0.01762645,-0.038286924,-0.17784873,-0.03895851,-0.042698737,-0.06747734,-0.14702003,0.0534529,-0.087959304,0.00063449633
-0.2701895,-0.117273256,-0.083985075,-0.14797866,-0.16744003,0.022068419,-0.1163534,-0.23782963,-0.075170435,-0.19610512,-0.34718752,-0.104989104,-0.13673854,-0.10863594,-0.029379025
-0.24602494,-0.08810529,-0.055479083,-0.17267618,-0.17364198,-0.0044718,-0.122291386,-0.21300632,-0.09753338,-0.1442393,-0.3585796,-0.110794745,-0.14593787,-0.12388682,-0.02009393
-0.17888404,-0.2864279,-0.17948526,-0.1634014,-0.3461709,-0.15456495,-0.013133061,-0.1712078,-0.09510969,-0.18253985,-0.3738732,-0.1532332,-0.069879875,-0.19197178,-0.19139028
-0.19205424,-0.26135302,-0.14423537,-0.16745293,-0.2804441,-0.15915556,-0.009961793,-0.17505686,-0.055726364,-0.1504762,-0.34466603,-0.13648626,-0.029075414,-0.12708724,-0.17052843
0.13548212,-0.12801032,-0.07839279,0.24774487,-0.1478895,-0.040588938,0.06051331,0.04064809,-0.1488359,-0.1803122,-0.1568203,-0.057492375,-0.059752427,-0.06912785,-0.15273555
0.08751768,-0.15497524,-0.06569201,0.2123298,-0.17866853,-0.03509519,0.06966857,0.0095671695,-0.12450526,-0.18649133,-0.20121525,-0.050090406,-0.04052726,-0.0662387,-0.1506873
0.2231165,-0.104641885,-0.21558651,0.019865993,-0.069597095,0.15235373,0.22349909,0.064208105,0.15416014,0.19297005,0.32835314,-0.23836231,0.2660711,0.08537896,-0.17764565
0.2962023,-0.10056854,-0.19397116,0.04778575,-0.1004062,0.12506413,0.20414129,0.15302663,0.13063271,0.18931748,0.29108018,-0.24676262,0.23124444,0.05608803,-0.15786925
-0.00547806,0.03253509,0.046149354,-0.14714304,-0.110292055,-0.041701525,-0.03893752,0.10861911,0.20515217,0.2313785,0.20733887,0.26739874,0.12148916,0.15745558,-0.111408606
0.011117177,0.022806728,0.042328365,-0.13785131,-0.10555726,-0.031736657,-0.017097022,0.15263619,0.21510296,0.24211615,0.20600528,0.256741,0.13519213,0.15955721,-0.13087541
0.21553737,-0.23357412,-0.15674096,-0.041224748,-0.14716014,-0.07282341,-0.20951551,0.02395545,0.3229071,-0.03367483,0.0024484624,-0.03396309,0.23418078,-0.033556897,-0.089883566
0.23100483,-0.22298071,-0.15553975,-0.023194127,-0.13969997,-0.058867335,-0.19975463,0.0279301,0.343156,-0.005509248,0.012670537,-0.06827737,0.25907513,-0.004046874,-0.092779115
-0.2621867,-0.10807535,0.008399513,-0.14806062,-0.19389874,-0.016242482,-0.10993162,-0.17768544,-0.15367328,-0.21911088,-0.2908286,-0.06180185,-0.14902116,-0.16475639,0.01179029
-0.24814507,-0.11551856,0.012517622,-0.17761321,-0.1818836,-0.07159196,-0.06760104,-0.17617175,-0.17020836,-0.21771815,-0.29662102,-0.105014905,-0.14766836,-0.20930962,0.018662093
0.15948543,-0.12030019,-0.114775345,-0.05446551,-0.11801793,-0.14549363,-0.15059885,-0.11007418,-0.090978846,-0.17994174,-0.16490257,-0.055829015,-0.17945413,-0.12012072,0.015004726
-0.2539233,-0.1507045,-0.119249746,-0.36062303,-0.33740294,-0.10245478,-0.36134866,-0.29799646,-0.22919247,-0.36805215,-0.3917125,0.063856326,-0.31240445,-0.24231136,-0.13417685
-0.2309413,-0.13097802,-0.084946305,-0.32310736,-0.3034671,-0.06974548,-0.30730858,-0.2738498,-0.23852101,-0.33472276,-0.35644525,0.08999778,-0.2980553,-0.22490573,-0.1160805
-0.05775233,-0.082699165,-0.10878067,-0.19488767,-0.29034328,0.055857982,-0.24427597,-0.17359324,-0.22438964,-0.1973739,-0.2991922,0.011530799,-0.2272897,-0.14751662,-0.1236819
-0.05713824,-0.093524456,-0.11549748,-0.2141349,-0.28361404,0.0497771,-0.21705565,-0.17111278,-0.23375812,-0.1922378,-0.31382185,0.0016095144,-0.23020703,-0.16677463,-0.12854488
0.28225765,0.19991747,0.107529365,0.17301011,0.4569484,0.12760167,0.2540442,0.08355425,0.091744296,0.36809903,0.33829218,0.09648216,0.1215647,0.35236493,0.315857
-0.037508376,0.005984946,-0.08818262,-0.037903056,-0.08081954,0.14449468,-0.11864373,0.03745511,0.036810767,0.09411836,0.09490574,-0.05497987,-0.023736715,0.0825942,-0.037187494
-0.04132495,-0.0020411983,-0.08859281,-0.050970636,-0.10042835,0.13039978,-0.14228565,0.03505218,0.028504996,0.08693631,0.07223472,-0.07220672,-0.033725556,0.061280005,-0.041538935
0.029207509,0.23749352,-0.03072457,0.090548456,-0.0016747913,0.3483314,-0.094233364,0.0035798675,0.06888966,0.17528185,0.055523153,-0.27168822,-0.023889251,0.19995451,0.18596865
-0.035137612,0.008837814,-0.091323644,-0.03379414,-0.085293815,0.14301828,-0.11425844,0.0370694,0.03372667,0.094993204,0.092156485,-0.05012571,-0.02423452,0.0796109,-0.03389164
0.011681294,0.2595436,0.0054076035,0.07204729,-0.015237299,0.34415293,-0.10218972,0.00021707825,0.09642364,0.19337638,0.039735142,-0.27798826,-0.0011771452,0.20845252,0.19870657
-0.0034049202,-0.1933642,-0.049983174,-0.050764527,-0.17822751,0.08812733,0.12375907,-0.17001937,-0.106141895,-0.17218915,-0.15046662,0.0672255,0.016559286,-0.074275166,-0.13800378
-0.06631422,-0.21824141,-0.059272945,-0.11567308,-0.18795243,0.032231774,0.05969645,-0.21209683,-0.14237571,-0.21154296,-0.1954501,0.071888804,-0.026744496,-0.11047955,-0.13307042
-0.17135403,-0.08456114,-0.016598294,-0.30804685,-0.26477885,-0.13770184,-0.2500578,-0.1915772,-0.074446045,-0.0997642,-0.23485172,-0.083683655,-0.12923813,-0.22675522,0.009237535
-0.17128189,-0.06269925,-0.0063642086,-0.2716481,-0.2630885,-0.12465887,-0.23831975,-0.15884627,-0.093367055,-0.1122053,-0.25530422,-0.11501057,-0.15357271,-0.2221988,0.015787084
-0.20625475,-0.06860614,-0.091351345,-0.035257358,-0.21248268,-0.046361003,-0.1843481,-0.19093743,-0.14484195,-0.19195832,-0.3867014,-0.34766015,-0.20820451,-0.18105724,0.017050786
-0.26303282,-0.39842024,-0.3480814,-0.20231035,-0.26348844,0.105689995,-0.14366479,-0.21453823,0.33662945,0.0057950956,0.034965172,-0.13307174,0.27705574,0.024468876,-0.35157105
-0.23928234,-0.4050352,-0.35793874,-0.22945379,-0.27729872,0.09496249,-0.1249042,-0.21319856,0.34977025,0.04222443,0.024127724,-0.1497752,0.2986111,0.033321872,-0.36695656
-0.057507228,-0.18519183,-0.30122557,-0.10709235,-0.15981102,0.21431029,-0.06774694,-0.22256476,-0.14474972,-0.035186186,-0.010966182,-0.15208937,-0.07528664,-0.0348623,-0.25655773
-0.08317592,-0.21710591,-0.30077642,-0.15437996,-0.23493049,0.19047381,-0.09664033,-0.24821141,-0.14262998,-0.057329364,-0.0533795,-0.13071719,-0.08383169,-0.07130864,-0.279702
0.19269371,0.11869301,-0.16061357,0.07736938,0.114825286,0.1736537,0.19141516,0.058089033,-0.0004117377,0.2142537,0.26123524,-0.054910064,0.047923073,0.15247665,-0.077143766
0.21724877,0.15686066,-0.14857432,0.02706309,0.029383045,0.14151378,0.14448735,-0.025866924,-0.024190964,0.2644704,0.22963029,-0.13739085,0.028194608,0.101907566,0.0058955047
0.010512464,-0.1667592,-0.13904214,-0.13898022,-0.25202742,0.02329886,-0.113758445,-0.21342844,-0.27164623,-0.1505812,-0.26343322,0.014119984,-0.17931145,-0.14540434,-0.13616374
0.012748815,-0.17217328,-0.15281355,-0.13403323,-0.24734706,0.040699698,-0.10779004,-0.21972503,-0.26242042,-0.15479943,-0.2876126,0.014198085,-0.18140402,-0.1340464,-0.1475819
0.17869152,0.036819857,0.090985246,0.17326844,-0.19809364,-0.102815196,0.06454859,0.39971972,0.09106304,0.072828084,-0.078130506,-0.041912876,0.040818855,-0.0655363,0.0625813
0.1851048,0.050470203,0.09861833,0.17556235,-0.19463861,-0.102125965,0.075021274,0.3926326,0.07678228,0.07932031,-0.1117028,-0.058454074,0.031269222,-0.05767134,0.07317971
0.1033954,-0.15261868,-0.18315029,0.039684337,-0.14078432,0.18608828,0.18947545,-0.1273647,-0.048159476,0.0776615,0.18495807,-0.054441385,0.12268694,-0.078808635,-0.06825771
0.08045061,-0.18655084,-0.18411747,0.02431881,-0.12884268,0.17865396,0.18367139,-0.13237518,-0.06591964,0.067138225,0.077530935,-0.050522953,0.12093049,-0.11882275,-0.10102002
-0.1858373,-0.08729537,-0.26044494,-0.055817544,0.018590093,0.29885083,0.22387114,-0.08940812,0.2097035,-0.063850716,0.1482071,-0.09776372,0.13444607,0.14061663,-0.20302905
-0.19615647,-0.058924768,-0.22613622,-0.057841774,0.061033033,0.3233266,0.25489116,-0.07987404,0.23022673,-0.011812218,0.16395932,-0.07662563,0.15943322,0.17129898,-0.16763267
-0.047288366,-0.22868323,-0.4095841,-0.18060833,-0.1578877,0.07106201,-0.029243384,-0.27087015,-0.08022023,-0.007996368,-0.09963242,-0.19064689,-0.013938844,-0.075624734,-0.2851339
-0.066357575,-0.2465536,-0.41685796,-0.20574954,-0.17682816,0.05874483,-0.03649134,-0.26338634,-0.040303178,-0.0014728645,-0.09563978,-0.16651323,0.026872791,-0.089518696,-0.2986664
-0.06096021,0.20901477,0.09565718,0.33190787,0.2536267,0.37343085,0.22720817,0.114623934,0.08770025,0.1963412,0.2840358,0.14809915,0.155453,0.2939537,0.23448884
-0.07262978,0.20219064,0.08373457,0.3086121,0.23611411,0.3643981,0.19760646,0.08429868,0.06939662,0.18406847,0.27082768,0.16866904,0.13428235,0.28006703,0.22392868
-0.20761205,-0.2261369,-0.2530662,-0.10301149,-0.22863181,0.14005257,-0.22922485,-0.20885359,-0.011558331,-0.2939669,-0.11653848,-0.19231004,-0.16576418,-0.036346316,-0.26116902
-0.18491778,-0.2631848,-0.27575022,-0.104992524,-0.22708641,0.13907412,-0.21978271,-0.22340626,0.019157303,-0.33151555,-0.076170005,-0.14702371,-0.1291512,-0.049428523,-0.27793235
-0.05860488,-0.053513505,-0.06882882,-0.05692489,0.058919575,0.11995583,0.026310537,0.009659978,0.28074032,0.16870812,0.21500686,0.42130786,0.20268266,0.2940222,-0.20367116
-0.05339208,-0.044521883,-0.08245464,-0.05799717,0.049746625,0.12791696,0.006427123,-0.011132468,0.27445972,0.15732865,0.19749174,0.42460364,0.18824318,0.29853332,-0.20847723
0.018414732,0.16152334,0.303042,-0.01824445,-0.08981371,-0.07344097,-0.04700456,0.19768134,0.051435117,0.09443483,0.21414104,0.46188653,0.09760921,0.06616663,-0.059376754
0.02430491,0.11750096,0.27706236,-0.021226674,-0.06905393,-0.07955414,-0.062154688,0.23536794,0.095455155,0.104251176,0.25354382,0.45040298,0.13786454,0.0796346,-0.09346998
-0.023842948,0.08899811,0.28999925,-0.053961024,-0.08242169,-0.16220948,-0.07182334,0.18538716,0.11159303,0.08000538,0.22230747,0.38340193,0.1801995,0.017001867,-0.06607686
0.003981784,0.09171474,0.28951025,-0.051297463,-0.07406667,-0.1603076,-0.05597648,0.18054849,0.13256672,0.12438226,0.24765968,0.3852358,0.2082383,0.03607759,-0.050202195
-0.047511093,-0.055866614,-0.0068198456,-0.038994208,0.17232683,0.05585117,0.13596533,-0.059225824,0.43111616,0.3654589,0.33365744,0.30690378,0.39560673,0.48942432,-0.033467054
-0.00676265,-0.04551915,-0.010355873,-0.023033869,0.17102242,0.085074335,0.17975894,-0.036624104,0.43114167,0.42573673,0.34906158,0.30560654,0.40305582,0.50499,-0.03049954
-0.2177875,-0.33190638,-0.34367365,-0.25266558,-0.20308454,0.034835253,-0.20302245,-0.26075372,0.12793945,-0.11642107,0.06508657,0.048366606,0.1051127,-0.04951117,-0.30372903
-0.16636285,-0.26799154,-0.278553,-0.21462391,-0.1813614,0.022821743,-0.16724777,-0.20197788,0.12498294,-0.08022515,0.1669845,0.081497654,0.08140227,0.012738549,-0.23578107
-0.17389746,-0.0061397594,0.030038621,-0.011317156,-0.038559906,-0.056545176,0.051939104,-0.16958222,0.014272293,-0.059769288,-0.28180784,-0.0067143785,-0.03638339,-0.0015255576,0.13719405
-0.16444317,0.021319117,0.06871718,0.013363188,-0.01935411,-0.046611957,0.08972843,-0.14433837,0.029920189,-0.03349012,-0.26762533,-0.011047041,-0.009638337,0.02536568,0.17141382
-0.073355146,-0.089769796,-0.34853977,-0.23189148,-0.20793469,0.26659423,-0.162323,-0.3070613,0.119286165,0.057770565,0.00093059614,-0.08059095,0.059194148,0.050722405,-0.13511571
-0.054785296,-0.07332401,-0.3382969,-0.2278706,-0.2013083,0.2790944,-0.1627641,-0.26839337,0.1127515,0.06762564,0.015405668,-0.06996558,0.047231577,0.057704918,-0.1412651
-0.058239274,-0.1171864,-0.20811045,-0.03348308,-0.099583745,0.30339807,0.16396216,-0.16883329,0.067752466,0.21957928,0.11620018,0.02503676,0.13232866,0.1323235,-0.18012342
-0.08460246,-0.14463958,-0.2263023,-0.0896213,-0.09250192,0.3186467,0.15983514,-0.18745148,0.09152215,0.20989904,0.12221112,0.01775468,0.14076723,0.13351436,-0.20934571
0.31758058,-0.13115539,-0.26839498,0.12541457,0.09726863,0.14426255,-0.049188342,-0.12163072,0.11315918,0.26652318,0.1393024,-0.079479195,0.16068345,0.13220318,-0.009338253
0.33052707,-0.13669965,-0.28252265,0.12765127,0.067065425,0.14363053,-0.06906623,-0.113426656,0.09387981,0.2641284,0.13858697,-0.07403463,0.14041007,0.11493386,-0.014946735
-0.07996058,-0.22867393,-0.25000423,-0.12426366,-0.19452381,0.13971823,0.106110916,-0.26582608,-0.03490668,-0.014206488,-0.049858622,-0.18092854,0.10065282,-0.13664427,-0.13699192
-0.06995858,-0.25670266,-0.30284956,-0.18044388,-0.2264836,0.14475203,0.056277838,-0.3059466,-0.073283955,-0.016551437,-0.063758545,-0.19910806,0.055816196,-0.15670756,-0.18011543
-0.111638576,-0.20572597,-0.116822496,-0.25238752,-0.33437988,-0.16926953,-0.28218037,-0.20293617,-0.27164364,-0.30283952,-0.37478197,-0.0282333,-0.24109113,-0.29770428,-0.15589166
-0.09854293,-0.20219094,-0.11963966,-0.24818417,-0.33495888,-0.15796864,-0.26059207,-0.2085722,-0.27131873,-0.29699582,-0.38285482,-0.0964871,-0.23421912,-0.28576368,-0.16134071
0.21885028,-0.09155505,-0.19524497,-0.09950935,0.06939579,0.26656747,0.017611971,-0.17877528,0.18697843,0.17987773,0.15124267,0.020446887,0.19448733,0.16662523,-0.052979104
0.20921303,-0.08475834,-0.20275772,-0.11407448,0.048918374,0.27166507,0.022566848,-0.21594295,0.16878615,0.16839363,0.1186585,-0.026783135,0.17922968,0.1445295,-0.05434746
0.13379614,-0.11581324,-0.10803473,0.13881293,0.079395846,0.06787398,0.2951299,0.12029512,0.23027533,0.0416454,0.131125,0.15152782,0.15864274,0.16302618,-0.11561507
0.15672413,-0.123880625,-0.11353572,0.13341722,0.022053389,0.06586832,0.2982779,0.13940606,0.22118881,0.07432352,0.1813407,0.18202962,0.15663683,0.16492045,-0.117085546
-0.2776819,-0.2558504,-0.24148726,-0.07987474,-0.17711216,-0.026829556,-0.017626172,-0.2675171,-0.05718803,-0.2664052,-0.29897487,0.21106958,-0.15997261,-0.08017804,-0.21810544
-0.29254997,-0.2946174,-0.27207375,-0.09657996,-0.18336679,-0.011944268,-0.06281597,-0.26422733,-0.045792848,-0.28498974,-0.30159694,0.19794944,-0.15759124,-0.08586016,-0.23537853
-0.32272053,-0.07924402,-0.14410046,-0.20503244,-0.19875592,0.00017808587,-0.17680514,-0.24505642,-0.17743401,-0.39569503,-0.44685417,-0.057365928,-0.2893457,-0.24894163,-0.07735722
-0.24878228,0.016569708,0.07667034,-0.2442678,-0.20160487,-0.048819713,-0.19849774,-0.17216343,-0.1523731,-0.27714294,-0.28023177,0.06981612,-0.20942225,-0.16735879,0.062585555
-0.253569,0.02594519,0.07072296,-0.2534802,-0.22126505,-0.0147561915,-0.1884065,-0.1574975,-0.1376063,-0.272139,-0.2875044,0.062978715,-0.19879332,-0.15238185,0.038682602
-0.27272892,-0.20728648,-0.27012762,-0.41931975,-0.34784418,0.033366345,-0.2594787,-0.3893656,-0.13023286,-0.39596304,-0.33746904,0.0024992528,-0.2601671,-0.1943117,-0.31310952
-0.30922127,-0.22796774,-0.22509095,-0.37932432,-0.38121247,0.010143745,-0.30662882,-0.3755523,-0.10403473,-0.4039483,-0.29695398,0.07763498,-0.24041651,-0.16920097,-0.32281238
0.073434934,0.10400659,0.08568409,-0.21647525,-0.31099135,-0.018671678,-0.107401006,-0.13277811,-0.32880953,0.014823774,-0.32801664,0.019858293,-0.27426836,-0.0377156,0.055197027
0.075203374,0.10175635,0.07328351,-0.21260387,-0.29552546,0.0053045787,-0.11613244,-0.16243306,-0.31965724,0.03647604,-0.29514015,0.052085258,-0.264475,0.012275156,0.051342078
-0.21229726,-0.32256877,-0.16462347,-0.36321163,-0.35646495,-0.09149339,-0.25605533,-0.29404703,-0.14558855,-0.3465329,-0.25999022,-0.12974639,-0.1123119,-0.29899144,-0.2802022
-0.18202044,-0.30811408,-0.17626299,-0.3406651,-0.36204848,-0.095873445,-0.26351267,-0.28362632,-0.13851151,-0.36425698,-0.25730258,-0.16087517,-0.10810906,-0.30440944,-0.2656297
-0.21295981,-0.17666896,-0.2311337,-0.06997676,-0.22762425,0.18025798,-0.14948104,-0.26333663,-0.14144477,-0.3730585,-0.27528208,-0.12186379,-0.20315179,-0.095952705,-0.23107913
-0.22066163,-0.19040959,-0.22940376,-0.13739777,-0.24941422,0.20336616,-0.15449819,-0.26725942,-0.12525432,-0.3190542,-0.2437903,-0.054648444,-0.17746422,-0.09978134,-0.24096559
-0.23197603,-0.4352402,-0.3216371,-0.29729784,-0.32991868,-0.013867099,-0.20227392,-0.20716096,0.2298642,-0.19578144,-0.010473102,-0.101984814,0.21017055,-0.12042132,-0.4413972
-0.22823307,-0.44433048,-0.32349545,-0.28616098,-0.34063926,-0.012755653,-0.18722992,-0.21780425,0.20000324,-0.19556493,-0.07024524,-0.1317949,0.19251871,-0.12520179,-0.4390596
-0.01589071,-0.16546959,-0.10575647,-0.19126558,-0.35730812,-0.17394452,-0.10329005,-0.13863125,-0.24267235,-0.2073504,-0.35958806,-0.2222806,-0.17683063,-0.3276072,-0.10253505
-0.03669645,-0.17163298,-0.11153588,-0.2585417,-0.34918183,-0.17414922,-0.11636565,-0.15705955,-0.23934186,-0.20148273,-0.34929028,-0.22494622,-0.16631737,-0.34916285,-0.111794494
-0.025218405,-0.2941651,-0.20130497,-0.10161497,-0.24701652,0.12485229,0.08591995,-0.22061308,0.040494114,-0.15017164,-0.09970562,0.06621943,0.1395683,-0.09740879,-0.26536894
-0.05358481,-0.30290288,-0.19961831,-0.11950563,-0.26071334,0.121759504,0.05831337,-0.2285428,0.06503194,-0.1563631,-0.115733296,0.056350533,0.15197234,-0.10504317,-0.26957995
-0.33017212,-0.2951172,-0.3325718,-0.3350461,-0.3678519,-0.03727427,-0.36370352,-0.30569926,-0.026724663,-0.23953293,-0.4056704,-0.22007915,-0.12798318,-0.31244534,-0.27163523
-0.24410024,-0.21017906,-0.18099242,-0.39295316,-0.32207486,-0.20850521,-0.4525267,-0.30482006,-0.12786518,-0.2667014,-0.3799913,-0.046922974,-0.2496022,-0.24423496,-0.12573083
-0.27815354,-0.21339089,-0.18849245,-0.39636242,-0.33469746,-0.20630656,-0.48786473,-0.3054642,-0.11900176,-0.2997542,-0.4014841,-0.046268433,-0.259232,-0.24839768,-0.14042002
0.022910371,0.06723867,0.11185716,-0.25409335,-0.4140849,-0.1476948,-0.2759652,-0.15733963,-0.3056193,-0.016360883,-0.3048048,0.23728217,-0.30483645,-0.09036676,0.064989
0.02361897,0.06282869,0.11945402,-0.26412493,-0.42823592,-0.16782591,-0.2876647,-0.14492553,-0.2573976,0.010485955,-0.2994826,0.20534743,-0.25817055,-0.08352342,0.06035517
0.016632074,-0.24285722,-0.21876124,-0.05965747,-0.1645185,0.1287408,0.11820041,-0.12311117,0.13788997,0.12458642,0.02125798,-0.087836094,0.266357,0.06632629,-0.25074565
0.00599018,-0.287566,-0.25691682,-0.09454928,-0.19504473,0.1272065,0.09262936,-0.15680957,0.15561786,0.09731631,0.019491378,-0.08342924,0.28115678,0.040391084,-0.28356534
0.06943624,-0.09628759,-0.1619434,0.07341166,0.00085494434,0.025518412,-0.011149349,-0.04026392,0.054380104,0.13294806,-0.015300009,-0.16935183,0.12041332,0.090648495,-0.10986899
0.03070208,-0.12637562,-0.15906657,0.020570196,-0.08078955,-0.005943059,-0.044501487,-0.068416215,0.056179754,0.1232853,-0.05435607,-0.17020106,0.12228195,0.041260816,-0.11935443
-0.06360345,0.022704594,-0.068293564,0.33960018,-0.07310642,0.050945878,0.009186473,-0.0036132294,-0.1251992,-0.3272318,-0.34821692,-0.17359795,-0.21364008,0.017535616,0.0076147765
0.18628052,-0.034007143,-0.021233376,-0.113369435,-0.23285611,-0.083622724,-0.1273469,-0.055378623,-0.010107664,0.036540136,-0.20141807,-0.159455,0.02170256,-0.08472006,0.020992411
0.22075567,-0.069342054,-0.054275293,-0.119733185,-0.22061267,-0.07493596,-0.10238083,-0.030103566,0.058353107,0.0695104,-0.18046428,-0.17080057,0.09362651,-0.073156014,-0.0077103237
0.3111332,-0.14133519,-0.09737313,-0.008448429,0.020131737,-0.0220075,-0.03613072,0.062057987,0.26711187,0.061608195,0.16363671,-0.01786608,0.2947023,-0.0047098068,-0.03342998
0.31541437,-0.13931274,-0.10348751,-0.013338587,0.010188684,-0.0169294,-0.059981044,0.05733291,0.27590773,0.06412445,0.17094047,-0.015632648,0.29514724,-0.0029162983,-0.034824677
-0.24880132,0.055564158,0.043768883,-0.16662502,-0.11105201,0.04306149,-0.05342211,-0.19931838,-0.07668786,-0.1705444,-0.25903663,-0.053773265,-0.14229912,-0.07221965,0.10519261
-0.22727007,0.08319385,0.08445396,-0.15083756,-0.12102139,0.04104218,-0.04147566,-0.15365636,-0.07909851,-0.14756441,-0.24212128,-0.030324165,-0.13347554,-0.0751293,0.124602005
-0.25452545,-0.103976205,-0.060325734,-0.069741264,-0.15600723,0.08957191,0.040856197,-0.22039041,0.067665145,-0.021967629,-0.22240339,-0.09250955,-0.0142679885,0.043654602,0.017646234
-0.2211495,-0.07324866,-0.0028362356,-0.033229068,-0.08576599,0.099010095,0.068809405,-0.16673273,0.11306149,0.027090045,-0.22149369,-0.06503395,0.038280703,0.0976158,0.067106165
-0.21057042,-0.29235914,-0.3408907,-0.127005,0.0650819,-0.06288865,-0.030243091,-0.18471485,0.25565147,0.14484936,0.31443954,0.04451002,0.27714875,0.1959466,-0.28128546
-0.17446339,-0.26537544,-0.33102846,-0.14661738,0.04481972,-0.067064956,-0.00567785,-0.21068539,0.23720858,0.18963811,0.295166,0.052193057,0.26662767,0.19059145,-0.25011215
-0.08083582,-0.13034675,-0.21231803,0.07232849,0.35311627,0.07551743,0.11660297,-0.12508307,0.36292797,0.15757781,0.07283348,0.00695459,0.2533255,0.3759255,-0.017881174
-0.024402637,-0.13019322,-0.19189972,0.07469131,0.3369574,0.06156157,0.11551755,-0.098776415,0.3640257,0.18532959,0.08453699,0.007829815,0.2687084,0.36292803,-0.017744608
-0.016332913,-0.19459425,-0.20893921,-0.20232883,-0.30054405,0.01965721,-0.27094305,-0.29284394,-0.20455943,-0.2717069,-0.39332253,-0.11493637,-0.24409933,-0.18454471,-0.15457219
-0.010741489,-0.1911313,-0.20323837,-0.20948432,-0.28948337,0.02494786,-0.2629602,-0.2839356,-0.1949074,-0.25399154,-0.3881272,-0.134333,-0.23154646,-0.17761093,-0.15199551
-0.12840351,-0.13086027,-0.0983291,-0.17235604,-0.2569567,-0.0102346605,-0.15947008,-0.25471342,-0.29119885,-0.0868099,-0.2612045,-0.15434416,-0.21387836,-0.18721116,-0.052780055
-0.13752958,-0.13815431,-0.124368966,-0.15329531,-0.2550601,0.018988024,-0.124884814,-0.26262522,-0.33337423,-0.08928323,-0.28894985,-0.17402542,-0.2494295,-0.18462569,-0.07487567
-0.18882947,-0.0023954553,0.0040150415,0.026631063,-0.10050908,0.008695088,-0.03287363,-0.132322,-0.19181484,-0.2111015,-0.32007766,0.0047541726,-0.19821674,-0.05892023,0.05577845
-0.19438513,0.0054823216,0.017005669,0.018245861,-0.095571935,0.014922485,-0.052722614,-0.13992858,-0.23659256,-0.2252573,-0.31788963,0.015886502,-0.22759083,-0.05766345,0.044839412
-0.26113492,-0.19496246,-0.18324937,-0.06375024,-0.17813233,0.11895699,-0.12507436,-0.26889694,-0.03397248,-0.09392251,-0.2697152,-0.04418353,-0.14398608,0.014962799,-0.15073317
-0.26004001,-0.18609536,-0.18328722,-0.06576587,-0.18860947,0.102887616,-0.1403404,-0.27592802,-0.040298466,-0.093765065,-0.2945149,-0.067016184,-0.15596664,0.019666506,-0.14887227
-0.12777877,-0.14570048,-0.1473566,-0.048203275,0.09636896,0.16856109,-0.023467712,-0.020470357,0.36608332,0.13722214,0.122426555,-0.07316479,0.27820262,0.37986565,-0.2247766
0.062109053,-0.1213031,-0.13958985,0.05647417,-0.099985614,0.2639533,0.18634829,-0.11666563,0.0107889315,0.062663175,0.08937136,-0.053242058,0.15996273,-0.020293586,-0.054563835
0.03835905,-0.1441228,-0.14696556,0.030592462,-0.120035276,0.24451752,0.16523746,-0.13340649,0.029416917,0.06076418,0.042531874,-0.0762138,0.17117923,-0.028764827,-0.05333138
-0.0473618,0.08215858,-0.1163715,0.035829104,0.11495675,0.42418975,0.22292033,0.015596086,0.17522003,0.14588977,0.2941896,0.03933242,0.09703934,0.30817658,-0.11137074
0.023400119,0.07633391,-0.15875271,-0.030034516,0.029467281,0.34830326,0.2122155,-0.0049025733,0.18964739,0.18081358,0.27810562,-0.08694315,0.14033608,0.2354607,-0.108876586
-0.29485315,-0.22413474,-0.25765216,-0.15373239,-0.24512672,0.18886372,-0.18089527,-0.1996268,-0.029731054,-0.02846082,-0.107253134,-0.06461826,-0.100386515,0.036023635,-0.24179827
-0.28985107,-0.23670074,-0.2692947,-0.18015173,-0.25173903,0.20765841,-0.18401417,-0.22129604,-0.0349966,-0.029656388,-0.08987279,-0.07663071,-0.09465734,0.020633662,-0.24291697
-0.24790406,-0.08367669,-0.17150015,0.06623099,-0.16977608,0.12301861,0.06461786,-0.2790779,-0.04022012,-0.03737103,-0.25734854,-0.1053447,-0.08533257,0.02306867,-0.090303384
-0.1692992,-0.00982118,-0.11318536,0.06258835,-0.11758767,0.1259303,0.08032182,-0.2254698,0.020499546,0.1284623,-0.13470374,-0.054215483,0.006739391,0.113114774,-0.05298701
-0.28217348,-0.1399416,-0.04582455,-0.21300194,-0.17864133,0.07847895,-0.15390924,-0.18974763,-0.12762527,-0.20925027,-0.31298518,0.017477911,-0.19696741,-0.1183663,-0.10605991
0.07800067,-0.16478854,-0.18578711,-0.028208144,-0.27967098,-0.09160285,-0.03625964,-0.274966,-0.2643837,-0.1388073,-0.25897336,-0.14395374,-0.13281515,-0.23681596,-0.073187664
0.084927686,-0.21983016,-0.26414663,-0.13473746,-0.29420483,-0.12043324,-0.11311149,-0.3525911,-0.27543056,-0.17928223,-0.27771294,-0.16592538,-0.15384954,-0.30823445,-0.13624376
-0.25134814,-0.14060028,-0.15824401,-0.23874581,-0.33384854,-0.04472442,-0.37890935,-0.25553307,-0.2406883,-0.1755935,-0.46145612,-0.10755032,-0.33527493,-0.18914059,-0.110425256
0.21245325,0.47363073,0.45382842,0.51163614,0.33509737,0.28862754,0.37953907,0.5845274,0.024256928,0.29683635,0.27941278,0.15374623,0.08229673,0.42919278,0.32846877
0.20461987,0.48395663,0.44718224,0.50296164,0.32217652,0.30635577,0.3739426,0.5539843,0.00211519,0.29139137,0.23801404,0.15225765,0.060500156,0.4272694,0.33214727
-0.088848785,0.11719548,0.16932729,-0.16423509,-0.15287417,-0.12901574,-0.16735765,-0.070866615,-0.03161878,0.10772662,-0.21630706,-0.19142054,-0.06694686,-0.056150597,0.18249261
-0.080901295,0.1434592,0.17957401,-0.14102645,-0.1577828,-0.124178246,-0.17032772,-0.04823181,-0.053042598,0.11000803,-0.22450511,-0.21610242,-0.09113851,-0.060804788,0.1966682
0.47751695,0.08892197,0.07253333,0.27272493,0.2922977,0.09266858,0.13629273,0.1592296,0.12752914,0.3151818,0.28383633,0.22595398,0.1898281,0.32119235,0.23169307
0.4632917,0.0406784,0.031220779,0.23262607,0.23188777,0.08376725,0.08884032,0.111078255,0.14420177,0.29429936,0.26276404,0.19159704,0.20690417,0.26826173,0.19873546
0.007309606,0.07561198,-0.037584238,-0.02878563,-0.0432539,0.16815391,-0.06293222,0.04622083,0.051931977,0.19269922,0.15626895,-0.053053334,0.012113767,0.12582663,0.016145488
0.0069901706,0.068808615,-0.039668646,-0.03229025,-0.05636611,0.16003463,-0.08220334,0.042677745,0.04743951,0.19234905,0.14649126,-0.07018383,0.0072941403,0.115495905,0.012207058
0.06889541,0.41390178,0.30527797,0.43176222,0.42780262,0.2321545,0.35697487,0.38317993,0.27129787,0.35456795,0.18236655,-0.015244895,0.16750595,0.4714467,0.3292063
0.02666885,0.36983275,0.26204014,0.4030264,0.44177666,0.25708926,0.3645017,0.33701634,0.3081218,0.34182507,0.18296763,-0.016961075,0.20816505,0.47810808,0.28438544
0.0098899435,0.08459912,-0.03307599,-0.023434378,-0.049416944,0.16919182,-0.05879859,0.05033143,0.05273015,0.19117683,0.14760035,-0.056351826,0.0122270845,0.121756986,0.022181567
0.17397106,0.34517658,0.2973091,0.37996578,0.42693657,0.11217831,0.45717192,0.4797265,0.28185183,0.3419137,0.25673577,0.13856433,0.22259428,0.39731228,0.26500928
0.19535059,0.2997696,0.2464193,0.4897678,0.57121235,0.14066303,0.54101336,0.41712275,0.25836235,0.29494512,0.28035533,0.15772498,0.22806059,0.4387478,0.33459228
0.22485161,0.3045408,0.2624899,0.4675913,0.5380347,0.13094899,0.5155397,0.47479177,0.24614912,0.31900853,0.28523475,0.17734934,0.21721321,0.41791648,0.3076296
0.29155034,0.36203542,0.28201285,0.5295087,0.6109992,0.24297036,0.6112752,0.49016193,0.20337093,0.37511107,0.4214779,0.15784696,0.2836585,0.44745463,0.36994496
0.3025397,0.3530485,0.27192396,0.5246419,0.5945783,0.24164665,0.6125814,0.47002354,0.19841726,0.37235928,0.4235335,0.14843574,0.2839133,0.43583423,0.3717874
-0.21895644,-0.22528431,-0.11372292,-0.24114859,-0.30492043,-0.104619816,-0.11526321,-0.19317044,-0.2699809,-0.10303579,-0.23651847,-0.20730585,-0.16657239,-0.24530303,-0.15552437
-0.21789652,-0.23603791,-0.12159142,-0.25096866,-0.2869131,-0.11384061,-0.11799206,-0.18791157,-0.2507743,-0.10036455,-0.22931632,-0.22281346,-0.14939058,-0.24058056,-0.17016713
0.07673599,-0.17104506,-0.27642232,-0.16947085,-0.24370739,-0.018559491,-0.082938656,-0.21571434,-0.2996915,-0.028915416,-0.11987311,-0.16117407,-0.1850902,-0.2891745,-0.18247163
-0.09049548,-0.22181916,-0.27851093,-0.24412256,-0.33735883,-0.101537526,-0.21747383,-0.23234402,-0.30775973,-0.07656335,-0.27794188,-0.31059206,-0.24920094,-0.28886664,-0.21928851
-0.26478845,-0.2819797,-0.19957289,-0.40532959,-0.3924814,-0.12180269,-0.2522867,-0.2957169,-0.16237144,-0.42503068,-0.43998247,0.030828595,-0.23698111,-0.33837414,-0.25928146
-0.25279254,-0.256681,-0.17832854,-0.41027665,-0.37060827,-0.11774237,-0.21379797,-0.28468505,-0.16009966,-0.39167058,-0.44195977,-0.04558048,-0.22261965,-0.33308733,-0.23486648
-0.3016525,-0.38497895,-0.2536113,-0.22742912,-0.23239088,-0.025847403,-0.07829502,-0.30241156,0.19290248,-0.17379957,-0.15300572,0.025190052,0.1205731,0.0015510735,-0.34351617
-0.26585203,-0.41331434,-0.26846984,-0.23129301,-0.25005904,-0.06410658,-0.0847038,-0.29656276,0.24316067,-0.15810937,-0.18279625,-0.0015645071,0.18611713,-0.016314346,-0.35392216
0.037092842,-0.24052107,-0.16605768,0.032931123,-0.14850667,0.10664931,0.085204035,0.0022058357,0.25969553,0.14698288,0.13399734,-0.04538528,0.372397,0.03084392,-0.13796744
0.029889166,-0.2296964,-0.1561664,0.027688492,-0.1761637,0.082747,0.049841702,0.008082478,0.22942206,0.14364645,0.09936157,-0.09823854,0.3436236,0.014401424,-0.13520394
0.1853024,0.048072778,-0.115510814,0.24720874,0.13080993,0.29127294,0.20968412,0.18764149,0.03702072,0.23094982,0.23291355,-0.01361846,0.08553981,0.21607715,0.006985875
0.17575648,0.0038134078,-0.12980038,0.26169145,0.13290405,0.27428395,0.19711508,0.19606176,0.055747956,0.22007081,0.26073405,-0.013378588,0.098538265,0.23046577,-0.016822856
-0.18549757,-0.18988405,-0.10909419,-0.31360573,-0.3001982,-0.12102601,-0.2814293,-0.22592229,-0.29222703,-0.26814753,-0.37044883,-0.032654136,-0.27346653,-0.23782584,-0.16660196
-0.18378177,-0.17818782,-0.10281755,-0.31447935,-0.30553,-0.107930735,-0.2600822,-0.22363698,-0.28382587,-0.26250786,-0.3732516,-0.028752593,-0.2667458,-0.22674033,-0.15434918
-0.2481359,-0.08858954,-0.048586622,-0.23160017,-0.27517194,-0.20577312,-0.2673514,-0.20766184,-0.20595369,-0.12699196,-0.36510718,-0.15145086,-0.21639994,-0.26606596,0.00030161254
-0.24401242,-0.07570497,-0.03711292,-0.21719593,-0.27754676,-0.20335568,-0.25823694,-0.19338542,-0.20503134,-0.11162934,-0.39070013,-0.16050687,-0.21968365,-0.25409853,0.004347278
-0.0864218,-0.051735293,-0.020665227,0.031610917,-0.1313698,0.029514255,-0.022039052,0.0004918997,0.10651365,-0.058097936,0.089479744,0.06435925,0.14935568,0.021580048,-0.21533832
-0.11880395,-0.1550749,-0.10214271,0.005210858,-0.16714728,-0.041389417,-0.07523139,-0.047271915,0.14001048,-0.07575957,0.004695326,-0.04683692,0.18022075,-0.024804924,-0.2691949
-0.2606858,-0.2912835,-0.10681728,-0.32792246,-0.31033143,-0.13208465,-0.313062,-0.24290489,-0.007949417,-0.38761652,-0.36279184,0.020754155,-0.10383758,-0.19251081,-0.22241396
-0.2524299,-0.27441648,-0.091049746,-0.32034618,-0.3273012,-0.15334707,-0.324511,-0.20952412,-0.01595653,-0.39262468,-0.37666225,-0.0003524361,-0.11143818,-0.21668771,-0.22188708
-0.0484771,-0.2613634,-0.2358126,-0.032723557,-0.25745535,0.1844324,-0.079256296,-0.14865175,0.027127162,-0.3068353,-0.2584666,-0.16250479,-0.09121952,-0.11756143,-0.3013811
-0.2537959,-0.27770594,-0.27360868,-0.24323177,-0.33750635,-0.03959006,-0.3135525,-0.20839435,0.07728414,-0.26997384,-0.2567709,-0.15960522,-0.055635184,-0.13903132,-0.30660412
-0.253974,-0.2826332,-0.28048587,-0.27609873,-0.37061054,-0.0440847,-0.31110555,-0.22153664,0.03997876,-0.29061025,-0.28811762,-0.14323387,-0.087182164,-0.17087996,-0.32508665
-0.26681188,-0.028399754,0.061620504,-0.20675014,-0.11993939,-0.03631041,-0.1593046,-0.1817961,-0.09037283,-0.2618695,-0.27234358,0.053664453,-0.16457427,-0.097772256,0.032019645
-0.27153772,0.011342322,0.09991386,-0.18072999,-0.12923029,-0.027538652,-0.13929501,-0.14513071,-0.09199716,-0.27074063,-0.26938003,0.060961664,-0.16732909,-0.095123105,0.05284749
-0.2368344,-0.27054042,-0.170981,-0.24552462,-0.29594505,-0.027247768,-0.13705525,-0.15614808,0.11886536,-0.124903515,-0.16643848,-0.20252588,0.083302,-0.114228085,-0.228962
-0.14883798,-0.16851291,-0.3542431,-0.20492305,-0.090286404,0.23955277,-0.19085383,-0.2754985,0.20760433,0.15183067,0.064276904,-0.18958229,0.14939748,0.19177587,-0.20746332
-0.12891445,-0.17194207,-0.36716792,-0.18472007,-0.06421621,0.23157232,-0.17771494,-0.28078318,0.18719003,0.16476303,0.06547259,-0.19293445,0.13775158,0.19343871,-0.21283
0.121995024,-0.09293179,-0.19794005,-0.100424744,0.01731076,0.17688987,-0.09468409,-0.1894407,0.21430898,0.037798584,0.00879545,-0.11278975,0.16287619,0.12822753,-0.076025926
0.1337466,-0.0729444,-0.18560827,-0.09492887,0.021562615,0.17165196,-0.077574864,-0.20562643,0.2256736,0.060834356,0.011730142,-0.13498414,0.18143593,0.1356506,-0.05809822
-0.061497122,-0.26396894,-0.31439835,-0.20106027,-0.19284213,0.26551157,-0.02993294,-0.24846919,0.24954242,0.083683744,0.13275193,-0.04910174,0.25653636,0.07452911,-0.31979835
-0.05908096,-0.24512878,-0.32060975,-0.1768921,-0.1779068,0.3018356,-0.014839557,-0.23563729,0.22985998,0.09176704,0.115116425,-0.044268772,0.23348713,0.09859522,-0.32791024
-0.18302414,-0.11523791,-0.10697994,-0.20431352,-0.24684843,0.06362695,-0.15534106,-0.25324354,-0.16735718,-0.26461035,-0.27577806,0.010988582,-0.15810359,-0.17195141,-0.08307338
-0.192945,-0.111775115,-0.114980936,-0.2061588,-0.2519924,0.051290117,-0.15102206,-0.2680757,-0.17690256,-0.26815274,-0.2827303,-0.016542753,-0.16883123,-0.17803553,-0.085393876
-0.30151242,-0.051502563,-0.007642575,-0.09982867,-0.20108035,0.009649103,-0.16876005,-0.25291303,-0.08273457,-0.30791306,-0.3709492,-0.067537814,-0.1750117,-0.06183797,0.015547987
-0.31455263,-0.08557993,-0.017581588,-0.09820458,-0.21588501,0.0037796432,-0.19098751,-0.25550961,-0.10692915,-0.36585286,-0.38691178,-0.021174777,-0.20598912,-0.06836615,-0.03274194
0.15614454,-0.111140944,-0.07429193,-0.03490098,-0.15359402,-0.17809367,-0.0602585,-0.12316244,-0.0647589,-0.0526256,-0.21887581,-0.16480213,-0.027790375,-0.15842599,0.04389583
0.15979731,-0.10075753,-0.07749955,-0.052259378,-0.15637155,-0.16788971,-0.0662932,-0.12445757,-0.07679447,-0.032287862,-0.22840825,-0.19205856,-0.034780603,-0.16763747,0.043447904
-0.025622346,0.00081860553,-0.13863784,0.16285124,0.021584004,0.263511,0.2550264,-0.12939535,-0.074789606,0.0036376081,0.13316622,-0.0065283594,0.031253114,0.004366646,0.024285916
-0.045035988,-0.0537559,-0.16620272,0.14008667,-0.010824046,0.25705522,0.22471718,-0.16117433,-0.04991492,-0.006679553,0.096804544,-0.03388936,0.05173968,-0.02494696,0.0147076575
-0.21611252,-0.08126752,0.008232693,-0.27399856,-0.32077447,-0.19373837,-0.3417215,-0.22721693,-0.18364276,-0.19356114,-0.242749,0.016853364,-0.24833179,-0.16885374,0.03901326
-0.22482368,-0.11294414,-0.0035237353,-0.26384836,-0.30498,-0.183913,-0.33766478,-0.22501403,-0.18876457,-0.20649822,-0.23870347,0.030866487,-0.25181067,-0.16164124,0.0245785
-0.012655201,-0.32320666,-0.31752902,0.003654065,-0.045871496,0.15473464,0.06919171,-0.12831064,0.32162046,0.11578134,0.25224268,0.07786551,0.3946486,0.0842358,-0.24445523
-0.1749736,-0.3547505,-0.31520003,-0.05938697,-0.081070535,0.12911594,0.09291975,-0.1621703,0.39643762,0.09533912,0.06520882,0.02389557,0.36351627,0.13272817,-0.2380673
-0.28124204,-0.340013,-0.19694863,-0.3522522,-0.34828466,-0.09982146,-0.26766744,-0.3118968,-0.14399879,-0.41892934,-0.31473213,-0.013826974,-0.18001011,-0.27148998,-0.32613182
-0.2749475,-0.31158882,-0.17794946,-0.34039447,-0.30266982,-0.07382123,-0.24095565,-0.27836448,-0.097269416,-0.40201217,-0.31856757,-0.00072610285,-0.1539641,-0.23779385,-0.30031908
0.18571106,0.3048467,0.47946328,0.121567786,-0.042523745,-0.032451026,0.07459749,0.45483083,0.120141685,0.28315672,0.28138536,0.32556242,0.17884558,0.17426987,0.11416445
0.18619838,0.28830394,0.45672125,0.10253906,-0.045562014,-0.03597988,0.060374305,0.43732828,0.109397985,0.29055095,0.2824809,0.35450083,0.17441657,0.16398296,0.09326622
0.34345257,0.3756444,0.48031706,0.18169406,0.10400528,-0.17686738,0.16740732,0.3510348,0.057944044,0.29820848,0.25696582,0.33041185,0.16192819,0.065046936,0.37978536
0.35780695,0.35938174,0.44948655,0.15881285,0.086042956,-0.18098019,0.15599516,0.31648463,0.050959665,0.31094018,0.2755847,0.31649047,0.16382813,0.04015739,0.37328753
-0.17377698,-0.15557542,-0.09654489,-0.2015127,-0.23515481,-0.015492865,-0.19526592,-0.16392504,-0.24292865,-0.27979085,-0.29092646,0.1077837,-0.21983784,-0.16768819,-0.12551278
-0.18308917,-0.1682378,-0.103098445,-0.2048394,-0.23786774,-0.025954045,-0.19085218,-0.17513178,-0.23726234,-0.2906599,-0.29169086,0.11809982,-0.21480489,-0.17816392,-0.13136995
0.013133237,-0.040674232,-0.0064068325,0.015611432,-0.08863734,0.018976366,0.052045483,-0.11240945,-0.2033144,-0.05300214,-0.17895336,0.031643815,-0.05896381,-0.08237545,0.044151776
-0.018477643,-0.07206879,-0.019486655,-0.04285983,-0.14041118,-0.029969234,0.018755537,-0.15412873,-0.23716184,-0.08353269,-0.24647176,-0.0024638078,-0.10443202,-0.13032526,0.041268498
0.01062427,-0.14459583,-0.108420566,-0.06376442,0.023344066,-0.004139155,-0.15025473,-0.1914855,0.15801173,-0.29930386,-0.26148817,-0.04507322,0.048659332,-0.036554426,-0.0062362854
0.034455143,-0.23221412,-0.2018005,-0.09588123,-0.22192799,0.00043238956,-0.07657618,-0.19436136,-0.22027794,-0.009273265,-0.16886237,-0.08964301,-0.0799503,-0.1986288,-0.10360997
0.02245159,-0.24712676,-0.25060397,-0.13559946,-0.21863672,-0.008104317,-0.108492985,-0.2537181,-0.25464463,-0.033285186,-0.19408196,-0.1236584,-0.11913557,-0.22551203,-0.12102917
0.1038086,-0.061912566,-0.06294716,-0.13229242,-0.12321334,-0.084928334,-0.20480242,-0.18151192,-0.12476083,-0.13894632,-0.284236,-0.055243798,-0.12872136,-0.16857465,0.052044187
0.11448674,-0.06491161,-0.063755706,-0.13582371,-0.121704355,-0.080985874,-0.19444017,-0.17976639,-0.1034444,-0.11646667,-0.28750122,-0.0676228,-0.10835169,-0.15457116,0.050666787
-0.21047398,0.07320179,-0.09946273,0.13458523,-0.1077012,0.035575043,-0.028509114,-0.12610108,-0.23770264,-0.17069283,-0.3267542,0.0684607,-0.34544483,0.0075318697,0.018057939
-0.18796508,0.016124094,-0.17131944,0.04025907,-0.14458229,-7.696636e-05,-0.051654093,-0.18217967,-0.2542376,-0.15603052,-0.3308041,0.059858635,-0.34951615,-0.055317987,-0.025139235
0.3085268,0.0076877223,0.052631833,0.14112125,-0.19329226,-0.051489167,0.031716883,0.40844905,0.0054778177,0.04214633,-0.073998556,-0.11430557,-0.03747677,-0.050984785,0.04080955
0.30857512,0.0007020158,0.035991147,0.11751041,-0.22405942,-0.06056878,0.0060393433,0.4039592,-0.005987564,0.032700382,-0.09230581,-0.14586948,-0.046357926,-0.095686354,0.018397428
0.17442209,0.106993854,0.07004232,0.45226905,0.3232349,0.17066231,0.22457677,0.20939398,0.063678086,0.046909492,0.09392774,0.1010714,0.07921797,0.25092867,0.2282454
0.18276885,0.079268016,0.047162347,0.44520602,0.34530932,0.17156684,0.21477464,0.22612923,0.09429153,0.056489013,0.16995755,0.07668696,0.1177561,0.25884527,0.19605687
-0.2735381,-0.31847286,-0.35204077,-0.28131443,-0.36358154,-0.022907898,-0.22873592,-0.14175704,-0.017894857,-0.26382875,-0.19597422,-0.11055353,-0.10395521,-0.18792361,-0.42004353
-0.24476889,-0.25818732,-0.31036836,-0.22665407,-0.3197621,-0.01838154,-0.21953046,-0.114863284,-0.00062217563,-0.28708142,-0.1627298,-0.12117468,-0.09688767,-0.16724887,-0.36945516
0.11337882,-0.027434152,-0.14246783,0.09781527,0.16069719,0.3378024,0.30711237,-0.0743663,0.256836,0.33506066,0.46845496,0.24060465,0.38408065,0.44198176,-0.09162079
0.12773117,-0.023600271,-0.14568536,0.121695474,0.15136364,0.3306914,0.30937263,-0.06738071,0.2675938,0.34795716,0.45707348,0.22275624,0.38358527,0.45343322,-0.08452305
0.06365271,-0.013255807,-0.118649185,0.5096879,0.34880063,0.17765048,0.35398012,0.06759466,-0.06313295,-0.06905195,0.011863266,-0.12055747,0.025332425,0.1901424,0.07672593
0.092951,0.00033147237,-0.10134415,0.51108396,0.3681532,0.17233951,0.33233818,0.059743453,-0.054408494,-0.035501048,0.014774663,-0.13223952,0.02924734,0.2281465,0.10616392
-0.24410802,-0.15287596,-0.10266015,-0.39896935,-0.3801008,-0.17284018,-0.43080088,-0.29866,-0.18979144,-0.14424941,-0.39228216,-0.18731377,-0.2737193,-0.23351827,-0.06982055
-0.25587922,-0.19689965,-0.15737219,-0.40003106,-0.38191882,-0.16258453,-0.4634166,-0.3400089,-0.18257877,-0.20292974,-0.38381416,-0.10987367,-0.28890127,-0.24265277,-0.111316755
-0.17646945,-0.2393911,-0.22778505,-0.2706576,-0.26417774,0.28330073,-0.07262876,-0.21435505,0.10703269,-0.060543034,0.03674159,0.10015242,0.08637701,-0.0010279852,-0.31203744
-0.19379416,-0.2481409,-0.23056267,-0.2738905,-0.25796968,0.24721703,-0.09816942,-0.22618812,0.10773598,-0.08751032,0.033358157,0.08258718,0.083943754,-0.006453616,-0.3213204
-0.08917006,-0.28116566,-0.26304644,-0.29002523,-0.35304242,-0.14377025,-0.3787083,-0.29025632,-0.3589551,-0.35451853,-0.40739676,-0.21277395,-0.35159636,-0.3621682,-0.25441828
-0.1007379,-0.27609003,-0.25817442,-0.29780832,-0.370684,-0.14812878,-0.40524036,-0.29899755,-0.34519592,-0.37261754,-0.40109152,-0.223122,-0.34237635,-0.36471745,-0.25040627
0.11027041,-0.28280646,-0.33169034,-0.24592152,-0.15724885,-0.031831965,-0.30992347,-0.17016377,0.14184125,-0.22047687,-0.18635744,-0.08693072,-0.0038292222,-0.1426527,-0.23606537
0.10104523,-0.2802475,-0.366081,-0.24522753,-0.13524136,-0.016504359,-0.25970793,-0.19304624,0.13344683,-0.2154817,-0.11049854,-0.09947501,-0.0012641847,-0.1523619,-0.24625778
-0.2201863,-0.04051351,0.06236568,-0.14316666,-0.161677,-0.04524684,-0.1722658,-0.15929198,-0.12709288,-0.13692544,-0.24526015,-0.0054590045,-0.1920521,-0.07755229,0.07470146
-0.24190906,-0.007822401,0.08452031,-0.112652734,-0.17603602,-0.02836598,-0.1844206,-0.12064597,-0.15212075,-0.16542338,-0.24720037,9.279279e-05,-0.22240078,-0.06406678,0.07324285
0.11244657,0.1865829,0.16569063,0.0383242,0.28380722,0.030446215,0.19406661,0.06025586,0.05484917,0.3057522,0.3691527,0.21765313,0.116904065,0.38032264,0.19416454
0.16157545,0.17755687,0.1500132,0.010220754,0.2546127,0.0026691759,0.18161497,0.03807278,0.05251209,0.31198862,0.36653543,0.19280627,0.1217075,0.3534388,0.1934255
0.18726785,0.20140195,0.23713955,0.022375612,0.22147465,-0.0978147,0.1926154,0.097009115,0.092697546,0.32060158,0.3010906,0.14032756,0.15233871,0.2721991,0.31451932
0.23848009,0.26529616,0.27197903,0.029111814,0.2168135,-0.09381318,0.19359285,0.11304552,0.072669536,0.35541642,0.3124633,0.094628006,0.13861862,0.29107308,0.35926646
-0.15269789,-0.2108495,-0.06258294,-0.16956592,-0.18485305,0.029221244,-0.09382594,-0.17566493,-0.23359475,-0.20726117,-0.19641823,-0.02771224,-0.15997791,-0.14847648,-0.08975339
-0.1361201,-0.21325663,-0.07431431,-0.16832352,-0.224005,0.0073028877,-0.10257511,-0.16245231,-0.2613753,-0.19635211,-0.23521385,-0.06640451,-0.17785802,-0.17850445,-0.104350016
0.0414301,0.21294236,0.15441465,-0.12447357,-0.09204738,-0.18815309,0.02106213,-0.086808704,-0.07586572,0.1875003,0.03852886,0.2096433,-0.1274271,0.0705765,0.22509481
0.062838756,0.19055142,0.15414828,-0.14227468,-0.09267579,-0.17850697,0.01416567,-0.053305708,0.010142065,0.22623035,0.12593271,0.20728497,-0.046121053,0.10604811,0.17988719
-0.079276845,-0.21901783,-0.13989367,-0.15049107,-0.3020861,-0.13881612,-0.2600114,-0.112971544,0.24649954,-0.16104089,-0.11708592,-0.13571966,0.14276099,-0.06209694,-0.21956097
-0.18721053,-0.22261867,-0.07593145,-0.25479028,-0.37677687,-0.1235857,-0.20623317,-0.13038519,0.29312992,-0.16435167,-0.07692325,-0.035485845,0.21436939,-0.10325952,-0.21289249
-0.02550296,-0.068835065,-0.05291085,0.106072396,-0.17856257,0.13449815,0.13000861,-0.11954987,-0.10690783,-0.11462402,-0.17139825,-0.05806847,0.016882436,-0.07456802,0.027366955
-0.030323949,-0.06929726,-0.06758252,0.11062524,-0.1806022,0.16427442,0.118207484,-0.12712562,-0.101702474,-0.12300604,-0.16371927,-0.044290423,0.012302082,-0.05431003,0.0022746562
-0.0027759157,-0.16195169,-0.15339121,0.054625824,-0.30690473,-0.12823404,-0.0925507,-0.1056792,-0.23272237,-0.26639926,-0.45641524,-0.20867603,-0.27120048,-0.25053176,-0.07387406
-0.15684709,-0.16326666,-0.11434568,-0.11463568,-0.3022198,-0.2347902,-0.2347698,-0.22428608,-0.29410172,-0.13594002,-0.39757836,-0.15860093,-0.2582944,-0.2406759,-0.062511526
-0.119375944,-0.16516338,-0.114990056,-0.08950384,-0.27416402,-0.23864612,-0.18722427,-0.20616707,-0.21057637,-0.05235149,-0.3670529,-0.15469465,-0.17139435,-0.19356295,-0.03434278
-0.20834191,0.056676157,0.026547283,-0.08590365,-0.19063267,0.022353936,-0.16097137,-0.24886078,-0.12566502,-0.17741953,-0.3070809,-0.08022587,-0.21254876,-0.031033346,0.116831616
-0.18849309,0.051640663,-0.037467718,-0.015110128,-0.20653453,0.048288483,-0.14677948,-0.24846825,-0.16344763,-0.25413418,-0.33341962,-0.1285981,-0.2689653,-0.04470773,0.072068624
-0.28336632,-0.21788241,-0.3176707,-0.20522851,-0.31579876,0.0708231,-0.23205043,-0.33081248,-0.1911299,-0.18032205,-0.23121984,-0.19985001,-0.22879812,-0.2230863,-0.17967159
-0.28859958,-0.14990693,-0.25235742,-0.17986925,-0.30947804,0.09670636,-0.16431385,-0.3147881,-0.20942393,-0.12385547,-0.24278748,-0.19342603,-0.22035393,-0.21915509,-0.122814104
-0.2390047,-0.2080564,-0.13292441,-0.2492328,-0.3490852,-0.08555424,-0.25057325,-0.21013038,-0.21377558,-0.37726095,-0.41361976,-0.07222745,-0.24047047,-0.24366441,-0.1842062
-0.24916953,-0.22376087,-0.18039897,-0.2550874,-0.38621014,-0.111557856,-0.29711297,-0.22274083,-0.23532546,-0.42016274,-0.45871025,-0.118632495,-0.28158718,-0.26535943,-0.21915998
-0.30243498,-0.16826212,-0.23969293,-0.16911694,-0.23247829,0.14603144,-0.09338625,-0.26647645,0.036287796,-0.23338176,-0.24266797,-0.22876456,-0.07075456,-0.12946844,-0.1643855
0.4807148,0.1275419,0.034652114,0.07233986,-0.06888606,0.10350163,0.26902503,0.22623742,-0.04102237,0.10542478,0.05054672,-0.18330298,0.05102609,-0.10321501,0.11889401
0.48289722,0.107673936,0.026205461,0.055184904,-0.10311,0.08983423,0.2348068,0.2246525,-0.048862353,0.09948562,0.0046246657,-0.1967138,0.03958507,-0.12707399,0.122623615
0.061986193,-0.13373776,-0.20968592,-0.21150175,-0.08375637,-0.08912463,-0.2975201,-0.33619142,-0.14154217,-0.16834587,-0.25527805,-0.31806713,-0.16068369,-0.19150919,-0.048165876
0.01989363,-0.13757852,-0.1887401,-0.23653442,-0.10574846,-0.120770484,-0.33523825,-0.34079498,-0.12535752,-0.18423966,-0.31912494,-0.31462616,-0.1706261,-0.20004281,-0.04251638
-0.06171616,-0.11751962,-0.1481992,0.09207825,-0.17081769,0.18530518,0.109323665,-0.23176911,-0.20044251,-0.18965364,-0.14976248,-0.19543317,-0.09861465,-0.13600974,-0.088052206
-0.06778973,-0.1361309,-0.18996626,0.07208939,-0.16702482,0.18825755,0.0941437,-0.27450514,-0.21258195,-0.20366241,-0.15118042,-0.2145291,-0.110332444,-0.14313227,-0.10059279
-0.31114691,-0.2470777,-0.12196726,-0.24944702,-0.21052137,-0.006184892,-0.15391636,-0.2996151,-0.14859544,-0.19295941,-0.27243757,-0.07116708,-0.11024116,-0.11582353,-0.16302067
-0.29690793,-0.23444133,-0.10122101,-0.25353232,-0.18788412,-0.016575903,-0.14797796,-0.2983858,-0.13638723,-0.1567438,-0.2473832,-0.07147027,-0.081541695,-0.11858545,-0.13145104
-0.24983725,-0.14491515,-0.15552989,-0.2024386,-0.29320773,0.031559043,-0.20352155,-0.25332654,-0.16725814,-0.33220297,-0.3701306,0.012899865,-0.22485816,-0.19068721,-0.13821411
-0.2392479,-0.117332526,-0.13236903,-0.18833601,-0.3137507,0.017048644,-0.16818771,-0.24036554,-0.16648418,-0.31805366,-0.37933972,-0.04492057,-0.21501319,-0.19734502,-0.10780403
-0.23941049,-0.048957508,-0.055826515,-0.11007267,-0.21903574,-0.11389797,-0.17369589,-0.1977879,-0.14010093,-0.16019434,-0.36649776,-0.09919347,-0.2107079,-0.17522418,0.015179267
-0.22608146,-0.031654097,-0.044509716,-0.10561122,-0.23257133,-0.11510557,-0.18220145,-0.18435633,-0.14069766,-0.15154088,-0.3634715,-0.11970717,-0.21213698,-0.17743415,0.026891753
0.14079943,-0.32287228,-0.2741006,-0.122206464,-0.17119561,-0.056972764,-0.01849889,-0.16235234,0.2286811,-0.16172582,-0.14998507,-0.15984607,0.19673085,-0.13916726,-0.18092194
0.15970081,-0.3363118,-0.27730727,-0.15055664,-0.17017683,-0.043437235,-0.0038556813,-0.21423542,0.20734224,-0.11062171,-0.07104518,-0.08770029,0.21061668,-0.105347216,-0.19755247
-0.20797044,-0.13179374,-0.057064712,0.0077998005,-0.094977126,0.008595227,0.033533596,-0.21364465,0.03744769,-0.10420714,-0.2597288,0.11969485,-0.0064241607,-0.028704416,0.0053778808
-0.20741487,-0.12656994,-0.06058693,0.0019837152,-0.10420172,0.0032781337,0.025772983,-0.2228919,0.030713698,-0.0991254,-0.28525817,0.09659631,-0.016860295,-0.04009725,0.0041683577
0.008911947,-0.078478456,-0.25579542,0.012038049,0.07094884,0.16679126,-0.10979704,-0.12695947,0.06815064,0.10408047,0.028089292,0.14022441,0.027460655,0.21397138,-0.048721284
0.0069223335,-0.07468781,-0.24907951,0.010752036,0.036825553,0.15748629,-0.116098866,-0.13213438,0.09315043,0.088378936,-0.005551841,0.101351306,0.044949234,0.19255017,-0.048591234
0.013530936,0.006217791,0.042281203,0.11325816,-0.12689528,0.16331534,0.1285063,-0.12605776,-0.16343078,-0.055831306,-0.19393118,0.11735163,-0.10036549,0.096013986,-0.044514395
0.02732144,-0.10553454,-0.02190276,-0.05255083,-0.17753845,0.15346697,0.14309141,-0.19931963,-0.1600737,-0.08658484,-0.1760556,0.0833486,-0.061173804,-0.044395275,-0.08100055
0.18859202,-0.11060941,-0.17554247,0.11947642,-0.14520079,0.25690186,0.12861758,-0.040709883,0.17988902,0.18185523,0.23351337,-0.15005586,0.23188812,0.09459819,-0.12834075
0.19369206,-0.08469555,-0.1515299,0.14406352,-0.1286668,0.24109285,0.12843437,-0.020715522,0.17131603,0.19912462,0.2621021,-0.16193536,0.22583199,0.10524841,-0.09961809
-0.28032142,-0.34542388,-0.34450132,-0.23645356,-0.27866238,-0.005015532,-0.36396608,-0.25777692,0.007471284,-0.37471896,-0.132714,0.011993159,-0.094570935,-0.16707247,-0.3476678
-0.2593571,-0.33247384,-0.35546008,-0.22747332,-0.28474087,0.026880275,-0.34242046,-0.24704883,-0.010845474,-0.36479348,-0.1231419,-0.0012988934,-0.12015106,-0.147379,-0.3621698
-0.097030774,0.085749686,0.35443348,-0.07580591,-0.038698684,-0.13308482,-0.023125855,0.23534094,0.2442387,0.17664108,0.23227805,0.30645537,0.2075067,0.1952809,0.0029914477
-0.07220093,0.09233517,0.3544782,-0.051122703,-0.040064424,-0.12979501,-0.0106504215,0.2665749,0.24814549,0.20149238,0.24115092,0.29781446,0.21248601,0.20447609,-0.0020515071
-0.27236938,-0.31823912,-0.25033566,-0.19187781,-0.26628363,0.11676842,-0.3051697,-0.25896275,0.053921446,-0.39237976,-0.17329389,0.07605446,-0.10995084,-0.012030192,-0.32415712
-0.23640914,-0.2713787,-0.16566259,-0.18161422,-0.2526894,0.09480919,-0.27049482,-0.20776477,0.012442307,-0.3595112,-0.1488725,0.15826152,-0.12552795,-0.01672126,-0.26117572
0.31606594,0.25926962,0.23596966,0.30869815,0.25143576,0.014842555,0.12159224,0.27978387,0.16341314,0.36867604,0.39052832,0.19002938,0.21502039,0.42446977,0.28532004
0.12960404,0.201172,0.22471169,0.22117172,0.19901168,-0.03444419,0.10833438,0.21855894,0.19498487,0.24859592,0.2535152,0.14327195,0.13937062,0.41086942,0.24735147
0.12899067,-0.074732125,-0.048565738,-0.07674013,-0.03473984,-0.067398,-0.15846488,-0.14721099,0.09348786,-0.16314954,-0.25590146,0.07360532,-0.030959679,-0.053646266,0.07850635
0.11289971,-0.08151348,-0.055919416,-0.07154976,-0.020687621,-0.047836274,-0.15474723,-0.14134806,0.090243265,-0.18633029,-0.23902407,0.08311183,-0.043610245,-0.048612557,0.06317529
-0.2644968,-0.032019395,-0.054407295,-0.106723994,-0.13543418,0.09620467,-0.043805934,-0.24245715,-0.09436092,-0.29379776,-0.34483477,0.048848923,-0.1717158,-0.07733086,-0.007570609
-0.24185866,-0.007508207,-0.033599712,-0.1242203,-0.13225335,0.08631325,-0.044629455,-0.22650626,-0.113754064,-0.2818632,-0.3357811,0.022218116,-0.17601848,-0.10363259,0.019066807
-0.20874035,-0.027445834,-0.086696,-0.08083008,-0.24352998,0.07447904,-0.085997775,-0.26262438,-0.23549944,-0.28529954,-0.35176298,0.05406616,-0.23537278,-0.12585172,-0.0050167204
-0.22564724,-0.024995178,-0.062001634,-0.10636704,-0.2021406,0.07502915,-0.07749173,-0.264429,-0.19608927,-0.25705475,-0.3223291,0.078101546,-0.19029604,-0.10701971,0.0063340813
0.13918462,-0.07823634,-0.007302515,0.061297923,-0.29856277,-0.22501308,-0.13693611,0.08299557,-0.0824375,-0.1685391,-0.36482728,-0.24438238,-0.13152243,-0.22680977,0.029104551
0.25368986,0.15619433,-0.07343938,0.58930904,0.27739888,0.4113477,0.43373257,0.11114506,-0.08515847,0.056366626,0.10517022,-0.058331504,-0.042256057,0.30645972,0.08408296
0.201243,0.16110012,-0.04920649,0.5770263,0.28042513,0.3314637,0.39024174,0.103724554,-0.07662594,-0.032518815,0.052013896,-0.13350984,-0.04891915,0.25969815,0.10053486
-0.18381031,-0.24370867,-0.38401237,-0.11836865,-0.2257766,0.2576317,-0.09940885,-0.28571272,-0.06796906,-0.022584204,-0.015818901,-0.18250681,-0.07557625,-0.048356645,-0.24607193
-0.1850796,-0.2552194,-0.3950908,-0.09613837,-0.19416913,0.23818564,-0.08042958,-0.26846582,-0.052073456,-0.03984551,0.017917315,-0.18607804,-0.05734301,-0.04848247,-0.25862733
0.11216357,-0.10597493,-0.039638184,-0.017436845,-0.13014634,-0.06943072,-0.1170385,-0.15650639,-0.019684227,-0.1120304,-0.21554588,0.0074621737,-0.0095355585,-0.07321274,0.02654216
0.10947786,-0.102379985,-0.033456028,-0.040658943,-0.13350202,-0.07435401,-0.11581228,-0.15449531,-0.024587726,-0.103842914,-0.21735732,-0.017079951,-0.006058043,-0.07799117,0.025648076
0.0777318,0.19096546,0.32707056,0.2881418,0.105102815,0.14533724,0.20175777,0.37719214,0.086927295,0.14308058,0.25225598,0.33498293,0.06101346,0.36599666,0.08496094
0.21860698,0.19235586,0.38507456,0.25713152,0.081330866,-0.062351692,0.08954762,0.46076882,0.0001569679,0.09622547,0.1725617,0.40078682,-0.013065768,0.22382453,0.1720636
0.2146574,0.17794283,0.38238132,0.24149427,0.0665169,-0.07468204,0.061784096,0.4841798,-0.0053522475,0.099342495,0.17213708,0.39961606,-0.018486008,0.21337116,0.14253262
-0.07766151,0.11862341,-0.089748174,-0.0050157723,-0.02716761,0.15283522,0.13144487,-0.18175721,-0.21657711,-0.015674047,-0.1773043,0.013339192,-0.23618664,-0.01504037,0.076074675
-0.11097334,-0.049395204,-0.19819695,-0.10031064,-0.029218834,0.15075919,0.07959871,-0.25343007,-0.15326363,-0.048918113,-0.2125338,-0.050654616,-0.16099696,-0.06992674,-0.02796587
0.11882645,-0.13703822,-0.20676255,-0.21427365,-0.30502418,-0.06632175,-0.15406695,-0.13307299,-0.21637887,-0.29929155,-0.35829994,-0.1617014,-0.22202781,-0.30388862,-0.122313485
0.12506159,-0.14266165,-0.20687556,-0.22725624,-0.3082718,-0.060838297,-0.16472326,-0.13654578,-0.20078924,-0.28202152,-0.346474,-0.1495851,-0.1998994,-0.28994974,-0.13177764
-0.058017954,-0.071909964,-0.051393118,0.19608615,0.12703249,0.21318312,0.15385707,0.009475039,0.19657248,0.023684042,0.3040797,-0.03788977,0.26589882,0.14797525,-0.13179052
-0.05848377,-0.057901997,-0.037157774,0.18964827,0.114312336,0.19499806,0.14938253,-0.0018162034,0.19733769,0.03831686,0.3142071,-0.0751708,0.27448767,0.14572008,-0.11442039
-0.042263836,-0.0129695395,-0.023720764,0.170459,0.053484045,0.17647782,0.1707739,-0.047331855,0.10736221,0.010051051,0.2280966,-0.012113804,0.19244838,0.06941976,-0.08944192
-0.06531547,-0.032909553,-0.058461208,0.15517482,0.035404682,0.19300048,0.15081325,-0.086541735,0.11878936,-0.010149958,0.22343346,-0.01932566,0.19787973,0.07072621,-0.11305936
0.13466533,-0.2177667,-0.20236573,-0.019748319,-0.29162848,0.101310685,0.15369344,-0.15774697,-0.15584674,-0.1282302,-0.16415149,-0.11682154,0.002655005,-0.21357425,-0.16322213
0.21789747,-0.24502021,-0.25399297,-0.049043626,-0.29023793,0.01816737,0.081860356,-0.19901256,-0.18125695,-0.16354585,-0.2205492,-0.20352487,-0.05194245,-0.28780404,-0.13949412
-0.1193958,-0.24652696,-0.22701809,-0.2739244,-0.3389641,-0.04102189,-0.28107357,-0.3434585,-0.2562195,-0.31194553,-0.26724476,-0.0962576,-0.23020709,-0.2590141,-0.2369136
-0.11861077,-0.27052587,-0.24306774,-0.3041138,-0.34341136,-0.024900015,-0.28103697,-0.35588682,-0.27424872,-0.31511164,-0.28801626,-0.10181072,-0.2436017,-0.26648074,-0.2598277
0.016304068,-0.17427114,-0.18457961,0.06659733,0.04507958,0.37089592,0.21314496,-0.10614912,0.19904733,0.121842675,0.33735442,0.06300711,0.31427962,0.20137323,-0.15774912
0.0345963,-0.19843209,-0.22440921,0.09273265,0.026952911,0.3940873,0.24625295,-0.10551934,0.1648135,0.1354859,0.32452196,0.034982592,0.28390598,0.19937786,-0.17485984
-0.08112614,-0.28943953,-0.32549953,-0.20001215,-0.32181314,-0.044851974,-0.103896864,-0.21580479,-0.123565465,-0.16395128,-0.31208077,-0.38341123,-0.12769656,-0.20452371,-0.28353405
-0.15749839,-0.27160448,-0.2844237,-0.24049807,-0.30622122,-0.049263336,-0.119302,-0.21862555,-0.09881447,-0.12973225,-0.29938653,-0.33036935,-0.1077701,-0.15269628,-0.270833
0.21810709,-0.009659331,0.010255542,-0.061634608,-0.18284962,-0.08958936,-0.034531794,-0.057468183,-0.10696694,-0.009204415,-0.24062715,-0.18805084,-0.042009197,-0.11408531,0.11751686
0.21527174,-0.00807105,0.012152751,-0.06995335,-0.2028335,-0.11190577,-0.054492265,-0.0588778,-0.10893435,-0.006395111,-0.2568158,-0.18287446,-0.046788566,-0.12385118,0.114997536
0.17000759,0.13921499,-0.047188647,0.10506438,-0.0008297742,0.14827764,0.015897874,0.21522644,0.039465122,0.054299533,0.17274591,-0.14231731,-0.06688772,0.05038529,0.13426855
0.19597475,0.16968495,-0.023227992,0.09889794,-0.0072781295,0.14512357,0.03029325,0.2321248,0.050596282,0.08950561,0.19058542,-0.18355766,-0.05273387,0.058619097,0.14106297
-0.1276319,-0.3044184,-0.21158952,-0.16227749,-0.370848,0.08614373,-0.19325651,-0.09466977,0.1210177,-0.18483835,-0.10921972,-0.07320914,-0.0033449354,-0.076607294,-0.3109516
-0.15019777,-0.30133873,-0.22105557,-0.17725292,-0.34169656,0.10327738,-0.21294066,-0.16003518,0.13996728,-0.162277,-0.06140267,-0.0583722,0.012883164,-0.01781845,-0.3080753
0.39499837,0.08082402,-0.052680418,0.43709815,-0.025089141,0.19728363,0.20389138,0.21232739,-0.1861116,0.0078071197,-0.1317362,-0.101665996,-0.1291076,0.06403777,0.10544436
0.3694205,0.07673928,-0.059866615,0.4565014,-0.022629619,0.20252934,0.1963934,0.21321827,-0.17911035,-0.00085506716,-0.12995566,-0.09756899,-0.13147616,0.07053226,0.09851724
0.42907992,0.25823277,0.015399464,0.1947771,0.13339865,0.30278343,0.19031888,0.037655674,-0.048289403,0.24869518,0.06373579,-0.07960236,-0.019169256,0.24561432,0.24173921
0.41736168,0.2649158,0.011969662,0.20392604,0.13538276,0.29724032,0.17276947,0.04033427,-0.054669403,0.25393438,0.04853752,-0.100321315,-0.027817199,0.25045162,0.2416934
-0.29531375,-0.09505181,0.034012564,-0.21290103,-0.19495226,-0.15309604,-0.17845702,-0.17162606,-0.10118787,-0.30407807,-0.36261636,-0.0067806034,-0.17064528,-0.13979802,-0.012512585
-0.27120638,-0.033041973,0.064254165,-0.16832116,-0.19988851,-0.12757358,-0.120550364,-0.13594815,-0.12016338,-0.2979753,-0.37974724,-0.055540282,-0.1837328,-0.15624918,0.024486845
-0.12927845,-0.033897515,-0.19905338,0.05959113,-0.2036821,0.27250075,0.07329407,-0.18085368,-0.09659979,-0.14419821,-0.13132584,-0.19777986,-0.12440419,-0.025780162,-0.06587767
-0.13894516,0.011904823,-0.15010804,0.09206368,-0.20289513,0.30239475,0.075883344,-0.12059308,-0.04851742,-0.10784572,-0.12666321,-0.14190382,-0.102653414,0.046903946,-0.069494896
0.07790836,0.08311224,0.059340194,0.3731046,0.32545695,0.30481893,0.25605866,0.34927362,0.2247639,0.17103735,0.37994337,0.015390956,0.24124894,0.3055287,0.0079490775
0.049115263,0.06744464,0.03779342,0.33626986,0.29668242,0.3218107,0.21528769,0.29078916,0.21840346,0.16147956,0.34870607,0.018880466,0.22994795,0.283998,-0.004667511
-0.24423638,-0.24328482,-0.20127104,-0.29710203,-0.3304835,-0.0365186,-0.15904525,-0.29867458,-0.11146523,-0.29899067,-0.28162003,-0.07653336,-0.12080479,-0.20979252,-0.23780935
-0.18124992,-0.2565184,-0.23550639,-0.34028634,-0.32567197,-0.008978864,-0.1376692,-0.32660162,-0.14714956,-0.23796174,-0.26699436,-0.094736725,-0.11794021,-0.22859025,-0.25605962
-0.20660657,-0.13007852,-0.087371975,-0.19709285,-0.31735843,-0.26166356,-0.30768022,-0.17356765,-0.21291909,-0.30323792,-0.49769983,-0.26501098,-0.27751106,-0.34811398,-0.0379717
0.34392264,-0.041587368,-0.15929052,-0.10089217,0.011747865,0.13934278,-0.10793209,-0.100817636,0.03433345,0.034700144,-0.014039919,0.04939656,0.031871833,-0.0036957804,-0.0128619205
0.3536358,-0.0455062,-0.16383937,-0.097405314,0.0095897615,0.14163947,-0.11282055,-0.101873055,0.024863152,0.028183803,-0.00214162,0.11149846,0.024318675,-0.00819651,-0.010611072
0.27814344,-0.09017862,-0.16616492,-0.13621,-0.14372204,-0.17096588,-0.20997567,-0.06196366,-0.11049214,0.039700277,-0.1549361,-0.2611192,-0.04852424,-0.15638714,-0.057768382
0.24372035,-0.11657624,-0.15492857,-0.16403541,-0.16791603,-0.20703295,-0.25819665,-0.0740011,-0.08706524,0.016959516,-0.18335518,-0.26648772,-0.036236092,-0.17341113,-0.06362043
0.11314823,0.22022296,0.19406283,0.6094259,0.4247446,0.30513507,0.35382515,0.4611215,0.10586163,0.115609586,0.29543954,0.117140435,0.14702423,0.40824118,0.090671256
0.14865428,0.17083976,0.14297074,0.6203146,0.44843888,0.29451913,0.35039356,0.4787951,0.123839565,0.10468371,0.3008192,0.09019368,0.15273175,0.40617526,0.08014965
0.111268006,0.14477596,0.12810344,0.588222,0.4383405,0.3128807,0.36476326,0.38933587,0.12303647,0.125274,0.364457,0.10455746,0.1907582,0.43743682,0.03724805
0.1761417,0.11571117,0.08431737,0.59223497,0.46213025,0.3196662,0.40471208,0.36481112,0.124232925,0.13065472,0.34528974,0.061064344,0.19215596,0.41458,0.044369042
-0.046075292,-0.07025065,-0.08563318,-0.0041949544,-0.104438424,0.23196244,0.14393625,-0.22906959,-0.00092257466,0.1438475,0.009809533,0.053376287,0.14413646,0.078411356,0.039451715
-0.06057157,-0.070441596,-0.104042694,-0.029818807,-0.10846438,0.23588187,0.13982925,-0.25850162,-0.0137244575,0.1342745,0.0038018096,0.05399788,0.12761211,0.06705529,0.03236072
-0.23963965,-0.09677732,-0.10704076,-0.27602148,-0.2470117,-0.1544717,-0.30704397,-0.20302343,-0.19769117,-0.1314305,-0.37408033,-0.22882307,-0.25120097,-0.29515338,0.0064327037
-0.21934038,-0.24226004,-0.1756532,-0.2411243,-0.32878336,-0.13469392,-0.17757855,-0.29951352,-0.23878106,-0.2958508,-0.4142601,-0.11665435,-0.23738213,-0.2910499,-0.15943795
-0.22112593,-0.2510722,-0.15693828,-0.2722021,-0.33354202,-0.14733392,-0.16148987,-0.2862227,-0.24513945,-0.28383052,-0.42266458,-0.095504925,-0.24320191,-0.29812127,-0.1689147
0.21808657,-0.1502311,-0.13992126,-0.04519128,0.045112275,0.08380407,-0.1156562,0.06555227,0.3781034,-0.05511091,0.14844769,-0.008414516,0.24998057,0.09233497,-0.10879853
0.22071931,-0.1303975,-0.13882409,-0.049284566,0.021396374,0.08766108,-0.13428348,0.070209056,0.3576435,-0.06121996,0.13904837,0.00043886888,0.2223155,0.08101567,-0.11408152
-0.08606035,0.20426773,0.039815664,0.11679289,0.14940274,0.40115798,0.17021757,0.10362805,0.14649826,0.04426977,0.08944587,-0.120105565,0.07395644,0.3302706,0.054297425
-0.08926542,0.2073017,0.031488337,0.116296604,0.1515319,0.404414,0.18462753,0.09707458,0.13969895,0.041135296,0.09587929,-0.14117135,0.07364544,0.31343055,0.06119842
-0.085991964,-0.29065555,-0.4000355,-0.09947906,0.01843762,0.1456403,-0.10102421,-0.20716687,0.32712746,0.15562361,0.24931803,0.011758401,0.3073685,0.19621128,-0.31932175
-0.074398205,-0.31766605,-0.42606425,-0.13310544,-0.021815345,0.13510123,-0.11839484,-0.22793317,0.32237893,0.13026193,0.22716144,-0.07662985,0.30495077,0.15135626,-0.3490623
-0.20401463,-0.054444082,-0.07562989,-0.045504406,-0.21737356,0.06521855,-0.036953524,-0.15287846,-0.09882076,-0.27293777,-0.37433773,-0.0475206,-0.17588624,-0.10598597,-0.07523213
-0.23243403,-0.08042243,-0.07791808,-0.10732716,-0.25413308,0.002055351,-0.10106817,-0.18074039,-0.110746786,-0.2985277,-0.4132963,-0.08556831,-0.18337308,-0.1617862,-0.09398859
0.050791502,0.12364052,0.17770216,-0.116215736,-0.29142845,-0.1394612,-0.09242794,0.03434588,-0.18230575,-0.031122912,0.006493629,0.28337902,-0.10431683,-0.20378928,-0.045569602
0.06849153,0.11663524,0.16704363,-0.13814078,-0.3121971,-0.15801138,-0.07625756,0.01668228,-0.17953369,-0.020542484,-0.013111977,0.28376928,-0.09520344,-0.22402248,-0.036763325
-0.015681647,-0.09836339,-0.16370183,0.05379034,0.023989534,-0.13923228,0.17473575,-0.059425753,0.19986689,0.035109837,-0.08708213,0.10817632,0.14820226,-0.0284224,-0.015922707
0.0012618605,-0.08235325,-0.15199015,0.057791702,0.045301326,-0.13752721,0.19301029,-0.052907832,0.21590286,0.04548157,-0.07805384,0.08118938,0.16757196,-0.011913781,-0.0068683405
0.091215014,-0.11936546,-0.16793385,0.08425659,0.09399009,-0.13714994,0.112784326,-0.06981105,0.11600591,0.02570014,0.04617943,0.10594284,0.1423594,-0.08023736,0.010707887
0.08766618,-0.104515985,-0.15059611,0.08752933,0.085758455,-0.1397458,0.13030092,-0.05963362,0.12474576,0.02557591,0.01427545,0.107881814,0.14234841,-0.085725255,0.023215063
0.07911534,-0.0013204431,-0.14783615,0.05340327,0.072325766,-0.116021276,0.19851732,-0.07440917,0.04851421,0.07331534,-0.051572084,0.21289432,0.025023844,0.030148178,0.017951487
0.06986034,0.010229919,-0.13029283,0.04314223,0.06947443,-0.11790939,0.19853126,-0.078124985,0.05004198,0.10418047,-0.06566945,0.2397774,0.029642195,0.036314994,0.0251226
-0.014398674,-0.19758919,-0.18426394,0.0129163,-0.078416854,0.2980153,0.13412425,-0.12534168,0.097488664,0.04875105,0.10804337,-0.022013394,0.2167719,0.024790488,-0.13261876
-0.03161966,-0.22329189,-0.2232736,-0.020957803,-0.109779194,0.28089035,0.11269091,-0.14820373,0.09531023,0.037543498,0.118058115,-0.076232195,0.21118927,-0.0163557,-0.13612679
0.0145250205,0.02361321,-0.088838056,0.12494122,-0.18076657,0.2167638,0.090060525,-0.12031475,-0.21414833,0.030589145,-0.14761052,-0.06043482,-0.09841607,-0.04497491,0.044450983
-0.0047180727,-0.03631716,-0.11725712,0.056956023,-0.23511153,0.17281416,0.04081545,-0.14973617,-0.25023073,0.016438644,-0.19227403,-0.114811204,-0.13736342,-0.10122323,0.030875811
-0.24146947,-0.114988714,-0.03376702,-0.20774797,-0.30169743,-0.13736938,-0.21761993,-0.22710468,-0.10419723,-0.26474082,-0.4305731,-0.13762023,-0.18494716,-0.23229758,-0.058114894
0.19010153,0.23429126,-0.023261284,-0.050383903,0.014309356,0.31294513,0.07707663,0.0026612356,0.07161322,0.41765088,0.33760613,0.05937127,0.07591535,0.24353775,0.11457087
0.118865184,0.24390793,0.038448587,0.54065526,0.20487913,0.24376561,0.37058654,0.12711486,-0.01718292,0.011727262,-0.12239924,-0.17260808,0.0017392291,0.21042204,0.25607044
0.11137552,0.23707521,0.03331209,0.5495367,0.23011896,0.24798605,0.36310333,0.1306152,0.005837651,0.0033724115,-0.11427005,-0.18004617,0.011865819,0.22052431,0.25617212
-0.017706593,-0.15120202,-0.2614612,-0.08805336,-0.1281837,0.10273905,-0.08873047,-0.15251285,0.0011203056,-0.0008758118,0.009660435,-0.16888689,0.037903607,0.008418519,-0.14874381
-0.011484841,-0.16306022,-0.27103552,-0.077362224,-0.11553711,0.12114075,-0.09822966,-0.15954566,0.0033552612,-0.0049695624,0.015992653,-0.1653791,0.035606127,0.023159586,-0.15498178
-0.17189512,-0.045795914,-0.0682109,-0.13542393,-0.14801717,0.086149186,-0.04520253,-0.22278127,-0.22558518,-0.15460405,-0.31588364,-0.12073003,-0.22061974,-0.13210677,0.027595414
-0.18723474,-0.021220142,-0.03807258,-0.08959627,-0.1240998,0.054590493,-0.035808284,-0.20563422,-0.2211799,-0.15671107,-0.32948852,-0.14773974,-0.22082523,-0.117930785,0.05692386
-0.07396382,-0.033570692,0.066904925,-0.044513382,0.008147322,-0.05492428,0.090451434,-0.062101796,0.27591336,0.20358583,0.27692214,0.36003226,0.24716064,0.30448788,-0.016643014
-0.06056185,-0.045616798,0.06580077,-0.07256858,0.024683252,-0.052399468,0.09998563,-0.0626436,0.28644967,0.22276764,0.29107273,0.35433248,0.26809177,0.31326693,-0.021821264
0.26609254,0.09343984,0.02457859,-0.041908287,-0.061693717,0.02517467,-0.076122254,-0.16630377,-0.016581831,0.11660984,-0.13250566,0.09621122,-0.012874092,0.08875108,0.18786585
0.27655196,0.06577153,0.012208392,-0.028065016,-0.036688983,0.032932006,-0.049509834,-0.14067006,0.05429625,0.15450531,-0.08828765,0.061394785,0.060031675,0.13560176,0.16323279
0.2139006,-0.21960811,-0.24639195,-0.046563722,0.14301933,0.10402257,-0.07079785,-0.14441118,0.37578002,0.039860874,0.23469938,0.03934566,0.32188872,0.20245172,-0.14786644
0.22185926,-0.24702689,-0.25780517,-0.07120916,0.093364745,0.10503729,-0.094944924,-0.13824038,0.37948433,0.044126764,0.22101173,0.04238929,0.32698995,0.18230659,-0.17073801
-0.18001011,0.006292629,-0.105843425,0.2623538,-0.07989048,0.33885223,0.08718331,-0.16046649,-0.05760836,-0.12279433,-0.09429857,-0.17354763,-0.08587969,0.18071543,0.0026657728
-0.17134598,0.012357889,-0.09957096,0.2051659,-0.11884263,0.34282845,0.039519545,-0.15610531,-0.08482669,-0.104841575,-0.07549416,-0.16692893,-0.09940915,0.1527963,-0.0055160737
-0.21590504,0.045874365,-0.09947622,-0.10590084,-0.18241781,-0.015536735,-0.19617566,-0.24588284,-0.23819232,-0.0510333,-0.35595584,-0.20260954,-0.26268488,-0.14336178,0.09436089
-0.1937334,0.0674984,-0.07574571,-0.1276171,-0.20528845,-0.006727594,-0.20388015,-0.22118889,-0.22295818,-0.008822544,-0.33146155,-0.18891278,-0.24800837,-0.13404003,0.107222095
-0.29187816,-0.29737037,-0.27939922,-0.1454727,-0.2746002,0.1444465,-0.2669133,-0.1072278,0.22348134,-0.30702382,-0.22102791,0.00978066,0.03134406,0.003497548,-0.39060158
0.24011001,0.23703521,0.3385018,0.0993281,0.10987836,-0.11747481,0.2155334,0.17264777,0.0100567695,0.3065226,0.43222687,0.24170479,0.16689427,0.10150705,0.2387209
0.22650757,0.22853415,0.3329597,0.1037772,0.117233574,-0.11053184,0.20998342,0.17210561,0.004037127,0.29972655,0.43047255,0.23896672,0.1617341,0.09820767,0.23000446
-0.15704943,-0.24739525,-0.2926343,-0.11275229,-0.07792106,0.069977224,-0.028513562,-0.15979978,0.27682614,0.06397277,0.24843013,0.08034134,0.259306,0.13505939,-0.3418429
-0.14175569,-0.24241899,-0.27845746,-0.11511172,-0.06924583,0.07690427,-0.010698152,-0.17151785,0.3021193,0.106286496,0.30142468,0.099547654,0.28748095,0.16489607,-0.31960034
-0.2971797,-0.18312976,-0.20547932,-0.33848757,-0.3458752,-0.07422918,-0.3624794,-0.3170507,-0.1695976,-0.20959349,-0.4075495,-0.20525032,-0.24115044,-0.24365681,-0.1312809
-0.27720258,-0.19061193,-0.20754012,-0.33087635,-0.2998088,-0.03672129,-0.32768986,-0.29865015,-0.09404627,-0.1706188,-0.35888118,-0.18399003,-0.16184577,-0.19519347,-0.117114596
-0.12642318,0.13538328,0.16235614,-0.099857174,-0.11468685,-0.09984192,-0.043569524,0.15190992,-0.024536913,-0.017584516,0.043816138,0.33465475,-0.0711147,0.027774245,-0.13847233
-0.06875906,0.16616924,0.1858272,-0.10152288,-0.13895087,-0.09430578,-0.004300793,0.13072026,-0.027577609,0.014937802,0.03928394,0.32519677,-0.066563055,0.025984397,-0.10150033
0.12996197,-0.18282804,-0.16096917,-0.025709376,0.15755074,0.0061117043,-0.07749313,-0.10951774,0.32588282,-0.101522386,0.087608665,-0.0074777724,0.2300371,0.023513615,-0.009754234
0.028131893,-0.20482393,-0.19326386,-0.22997068,-0.2875531,-0.11111843,-0.30725753,-0.19768843,0.005402243,-0.3801059,-0.36364222,-0.20248577,-0.115170345,-0.21046124,-0.17094009
0.03503282,-0.19688284,-0.18804935,-0.20650008,-0.27600276,-0.11172199,-0.27044982,-0.17328417,-0.0065693124,-0.34838942,-0.39411584,-0.17838061,-0.12433574,-0.20383182,-0.16416255
0.013650341,-0.26057744,-0.21012837,-0.26556182,-0.3604201,-0.15210626,-0.35161123,-0.22793385,-0.09059855,-0.46054178,-0.37653756,-0.21316496,-0.18791477,-0.31743532,-0.20912585
0.0112694,-0.23173428,-0.20911184,-0.26501626,-0.3815176,-0.12665519,-0.28468198,-0.20671926,-0.120684415,-0.44598746,-0.3576686,-0.22883293,-0.20543896,-0.34750864,-0.212502
-0.0381756,-0.117471956,-0.12680823,0.08069563,-0.21744393,0.16697395,0.007851722,-0.112381175,-0.2567749,-0.22926167,-0.24944425,0.05015113,-0.19234815,-0.06988722,-0.1709157
-0.098528355,-0.16708636,-0.14478715,-0.09068658,-0.22926793,0.093725875,-0.020678176,-0.20428574,-0.24386854,-0.19933504,-0.25284845,0.010795113,-0.15271184,-0.1554178,-0.14353284
-0.112051815,0.14308771,-0.042821474,-0.06708459,-0.11780741,0.28814703,0.092219144,-0.22403052,0.04796248,0.18608414,-0.044135947,-0.12930664,0.05349186,0.14029235,0.03310245
-0.10675523,0.14677921,-0.03533106,-0.08436256,-0.12415727,0.2789644,0.066683814,-0.22409621,0.03435316,0.21313502,-0.057688184,-0.11315568,0.04664761,0.14172015,0.037308756
-0.12449055,-0.1689409,-0.11497857,-0.14082316,-0.17383973,-0.068632886,-0.2568028,0.01686157,0.30938098,0.019466454,0.07983199,-0.003008368,0.21083865,-0.0055171894,-0.14270093
-0.2270082,-0.34849942,-0.38047346,-0.23354244,-0.1746116,-0.0013115525,-0.2817351,-0.25356323,0.04136982,-0.018558964,-0.010119786,0.25617817,-0.0017091222,0.04725211,-0.32322133
-0.20716727,-0.33949637,-0.3869438,-0.22539712,-0.15457001,0.02693804,-0.24445996,-0.27234864,0.10798727,0.03622878,0.07222818,0.16119368,0.07692101,0.08228881,-0.32293713
0.3442042,0.13217866,0.084798574,0.10148461,0.16957262,0.03010348,0.12653843,0.09008802,0.041012675,0.32399935,0.2662113,0.1760923,0.10039018,0.2504906,0.078091115
0.35066447,0.12155492,0.08630016,0.08494939,0.12689051,0.009008346,0.11450518,0.10705775,0.044926398,0.31640893,0.2175822,0.14684626,0.102504924,0.21790063,0.06030581
0.3520617,0.27963164,0.056065112,0.10393409,-0.11647299,-0.18048462,0.07022344,0.094299756,-0.3157276,0.018689644,-0.2144097,0.0577172,-0.29993153,-0.28970855,0.28528523
0.35913366,0.28247696,0.07083635,0.117012314,-0.09699559,-0.1939888,0.048493564,0.10807503,-0.3102823,0.018723674,-0.21660556,0.03605093,-0.29739523,-0.2756613,0.29767826
0.020865636,0.05827007,0.022370746,0.06873877,-0.11238584,0.013482954,0.040457204,-0.147259,-0.19415644,0.120626904,-0.122696795,-0.17342955,-0.034688253,-0.08395826,0.15920293
0.012417608,0.011331118,0.00010372931,0.026440687,-0.0987017,-0.042835012,0.036380835,-0.15405412,-0.18044552,0.11891042,-0.14427279,-0.21871021,-0.018635374,-0.11959192,0.15829158
0.18049921,0.17979789,0.27719873,0.030770855,0.04026865,0.028750695,0.13745052,0.11797258,0.15207675,0.4031856,0.48798048,0.18032616,0.28732246,0.30639935,0.0938111
0.17732036,0.1597544,0.25076288,0.009863174,0.019685265,0.025906868,0.12537858,0.08284631,0.14420609,0.39131457,0.48077032,0.18186146,0.28437537,0.28541768,0.07603726
0.29115164,0.2569583,0.20993792,0.526165,0.3900804,0.24071452,0.45363492,0.5018431,0.21112618,0.259643,0.40534502,0.07053144,0.2856015,0.38411313,0.16062713
0.28308284,0.1724171,0.19954303,0.5164633,0.29224235,0.13064295,0.3169979,0.63925695,0.19222158,0.17615172,0.33845207,0.103140846,0.25188768,0.27393264,0.10482551
-0.19129583,-0.258112,-0.23666742,-0.30580455,-0.3586137,0.087952636,-0.20251659,-0.29211086,0.07243417,-0.028960306,-0.077398814,-0.22766155,0.08600065,-0.12446944,-0.23544344
-0.16387662,-0.266578,-0.26086432,-0.30445153,-0.33801198,0.14913586,-0.1800381,-0.283307,0.09858711,-0.015552277,-0.048242383,-0.18835142,0.10102798,-0.08754456,-0.25876263
0.10052408,-0.090653874,-0.07056521,0.15505017,-0.18461692,-0.048174143,-0.24974161,0.0045102746,-0.04654491,-0.36838043,-0.24984577,-0.035962157,-0.15059686,-0.09096108,-0.04819998
0.109266445,-0.08542271,-0.040836506,0.13002835,-0.19343728,-0.050097413,-0.25797653,0.0041491827,-0.021162933,-0.35857007,-0.23899746,-0.02707301,-0.120758966,-0.08615589,-0.027541157
0.021981958,-0.1896249,-0.2655574,0.2600645,0.124701194,0.38601547,0.253329,-0.02804033,0.17948489,-0.005533219,0.26474303,-0.029634025,0.26684886,0.19968407,-0.2271523
0.021391634,-0.27154246,-0.33814955,0.19238202,0.056213625,0.3853346,0.25539622,-0.082492664,0.17239682,0.016232383,0.2483109,-0.031886514,0.26625746,0.13824627,-0.26772484
0.20161268,-0.151173,-0.17430156,-0.004616947,0.17201497,0.09119011,-0.08655804,-0.032406587,0.36716306,-0.012994058,0.19081676,-0.11048244,0.3282833,0.18068413,-0.07381928
0.20961145,-0.12871072,-0.1579256,-0.011830086,0.20554632,0.10846932,-0.04886549,-0.02344875,0.36782873,0.028646708,0.18079442,-0.12773573,0.33661276,0.20455703,-0.0671196
-0.12771833,-0.15054795,-0.12924264,-0.16650349,-0.20906696,-0.12612657,-0.13363227,-0.24186873,-0.2604407,-0.30998227,-0.4056759,0.0044866297,-0.25981545,-0.28488117,-0.05403376
-0.13244624,-0.12326276,-0.11551679,-0.16931868,-0.1808281,-0.11151665,-0.10824452,-0.25247598,-0.2162883,-0.28022873,-0.3746901,-0.020556975,-0.22454798,-0.25317734,-0.025243398
-0.21993145,-0.2736404,-0.15086983,-0.30865282,-0.2934395,-0.166217,-0.21467972,-0.27539185,-0.21821319,-0.18523708,-0.32416904,-0.19740885,-0.13982722,-0.27392602,-0.13215563
-0.1954784,-0.23568764,-0.10943727,-0.3030831,-0.27815434,-0.1739739,-0.1794678,-0.22347358,-0.21328443,-0.15783212,-0.3146687,-0.21775009,-0.12485529,-0.2793365,-0.09143168
0.09705828,-0.09339041,-0.13988987,-0.11985715,-0.19558391,-0.14868988,-0.24631755,-0.1874647,-0.2190917,-0.2016682,-0.41305578,-0.101512015,-0.2517194,-0.20353132,-0.014695957
0.10344333,-0.09901713,-0.112791665,-0.1674278,-0.22459584,-0.14437518,-0.2739218,-0.14638378,-0.20570442,-0.18965036,-0.38268864,-0.12505218,-0.22511077,-0.2103687,-0.036167454
0.28542393,0.36219624,0.24424744,0.37239236,0.46949902,0.2729842,0.30205363,0.41612536,0.1391478,0.38216335,0.48380363,0.1384472,0.18837914,0.47134817,0.3042766
0.3212695,0.33863205,0.2178033,0.39383385,0.47088307,0.26278055,0.29854584,0.45929798,0.1403912,0.36232537,0.469142,0.12886375,0.17676713,0.4381352,0.27669024
-0.2434485,-0.04403268,-0.024645433,-0.16008046,-0.2925387,-0.14694089,-0.26386142,-0.15460852,-0.20596547,-0.2740975,-0.44484854,-0.067584306,-0.3150838,-0.16205373,-0.019058028
-0.27692834,-0.054772593,-0.031070728,-0.17068696,-0.2747655,-0.14508775,-0.3066594,-0.17957789,-0.20925793,-0.30766755,-0.43204755,-0.000830919,-0.32861304,-0.15819892,-0.04087669
