0,1,2,3,4,5,6,7,8,9,10,11,12,13,14,15,16,17
-0.25109115,-0.2997484,-0.29246387,-0.14625496,-0.2696346,-0.23295592,-0.27537653,-0.2718783,-0.25562635,-0.056679435,-0.17334323,-0.011781028,-0.28926888,-0.33603278,-0.20480454,-0.31946453,-0.19777468,-0.31162187
-0.23714533,-0.31725195,-0.29532176,-0.12620455,-0.29582682,-0.24701688,-0.30047384,-0.27526718,-0.2570835,-0.06037448,-0.136853,-0.00088856916,-0.28081337,-0.32167736,-0.23659062,-0.30161604,-0.22842509,-0.32209626
-0.001103424,-0.089600146,-0.2257591,-0.0638286,-0.13804123,-0.0032616244,-0.01880906,0.045796264,0.05550737,0.1865,0.09413267,0.22407138,-0.1399333,-0.02213288,0.061467,-0.020870024,0.12505578,-0.13671114
-0.000536387,-0.12217531,-0.22828412,-0.07493141,-0.16048908,0.0013162827,0.0030904096,0.020381697,0.016015008,0.1592104,0.13614397,0.17850606,-0.1722802,0.0051299715,0.06840338,0.015121016,0.12811959,-0.11194912
-0.19864091,-0.24979484,-0.13554685,-0.035345845,-0.19340879,-0.034203175,-0.050258905,-0.15262704,-0.21718368,0.0203063,-0.106290005,-0.09394979,-0.18655285,-0.0788251,-0.094294146,-0.23707582,-0.11116468,-0.19221626
-0.10850612,-0.23539732,-0.105365224,-0.015505163,-0.18908702,-0.0022071395,-0.021595111,-0.11315965,-0.16446725,0.0599277,-0.105409585,-0.03206628,-0.14425674,-0.061357185,-0.080607094,-0.20437787,-0.05232441,-0.17796335
0.1576596,-0.17123918,-0.10745133,0.237151,-0.16686842,-0.16029514,0.048392106,-0.040441174,0.071497105,-0.0721038,-0.0046870997,-0.15715465,0.1892446,-0.12292078,-0.044526298,0.11369687,-0.10800419,-0.044559058
0.20749985,-0.1359505,-0.07345923,0.20806822,-0.1116169,-0.09323392,0.1028005,0.014016242,0.1250608,-0.031492464,0.05751585,-0.104905345,0.21849965,-0.08919731,0.04516177,0.18251206,-0.025655871,0.013819578
0.1506257,-0.14863771,-0.040682867,0.21235982,-0.14422338,-0.17136621,0.08743279,0.015593903,0.05385417,-0.028443458,-0.009380693,-0.12136907,0.060140327,-0.014811904,0.02760436,0.12694092,-0.08533271,-0.046695486
0.18008065,-0.09546542,-0.012989712,0.24653493,-0.08934826,-0.08796849,0.11459016,0.073394045,0.12011219,0.020332737,0.034526706,-0.0775461,0.12628363,0.024463091,0.052200325,0.1512981,-0.04057188,-0.012297107
0.14712489,0.27153856,0.1786956,0.011747731,0.30316165,0.21349119,0.091035835,0.10875756,0.088704504,0.21754514,0.06735226,0.062871434,-0.08929422,0.32438502,0.042448252,0.059775673,-0.019265065,-0.058691464
0.109255865,0.24016915,0.15940495,0.012450304,0.2645886,0.20279881,0.08996369,0.107582435,0.06917752,0.21988341,0.095401525,0.05715327,-0.1025799,0.33280197,0.017622512,0.046331275,-0.041570067,-0.056289956
-0.1168713,-0.26973128,-0.25019762,-0.09524815,-0.30166984,0.06541309,-0.1177032,-0.07079196,-0.05959016,0.10143072,-0.09521341,0.13002363,-0.21424434,-0.1538757,0.009288278,-0.24832933,0.053958707,-0.26658487
-0.109988265,-0.23142977,-0.22174951,-0.069459714,-0.270638,0.09379189,-0.0999963,-0.022027574,-0.027398389,0.13938674,-0.07315183,0.18692614,-0.16709854,-0.15745588,0.025730027,-0.21061844,0.084632,-0.25142017
0.41492444,-0.07015739,0.02723758,0.09819542,-0.047519434,0.12417379,0.055069227,0.04187808,-0.0036810096,0.040892906,0.25858882,0.0029620866,-0.07880516,0.12858124,0.020592058,0.19992898,0.021395508,0.1050315
0.40947005,-0.0814977,0.0006455721,0.06308786,-0.055124648,0.12679756,0.04749233,0.030514464,-0.02472089,0.031979494,0.27614698,-0.018813547,-0.08612669,0.115966626,-0.0056914906,0.21676601,0.0077220025,0.10380113
0.21035926,-0.19046223,-0.380327,-0.07077183,-0.16974153,0.013139901,-0.14683461,-0.078938134,-0.16758695,0.076015,-0.10434435,-0.010191501,-0.28459996,-0.20076525,-0.07707735,-0.226398,-0.02211979,-0.28786147
0.27577186,-0.1468451,-0.32303056,0.006848206,-0.136287,0.05929877,-0.10060911,-0.014340189,-0.05621542,0.11732686,-0.047753435,0.09657844,-0.22561374,-0.15316121,-0.015472051,-0.16474605,0.066973366,-0.25858378
0.2814062,0.33218408,0.28189015,0.019080305,0.25346038,0.28857225,0.09052536,0.26325315,0.1702431,0.10165385,0.072900705,0.17455003,0.023020783,0.22072387,0.16518947,0.004648358,0.16712327,0.13428813
0.18621793,0.32525676,0.25904447,0.030766092,0.24478157,0.3061779,0.09559119,0.2275555,0.17563032,0.09119308,0.13521224,0.17887914,0.01770736,0.23508017,0.18205374,0.036922064,0.18662855,0.16106261
-0.049595717,-0.068139255,-0.12732932,-0.006966825,-0.052545037,0.11324056,0.10528762,0.021153273,-0.030859157,0.08671253,0.2714396,0.025215833,-0.08998195,-0.0412471,0.033294287,0.22289792,0.09560477,-0.027697725
-0.08408293,-0.06773304,-0.15656751,-0.012772644,-0.06617959,0.12763782,0.112927325,0.022247314,-0.043395717,0.09546967,0.2359453,0.026308117,-0.113843925,-0.04239443,0.04701633,0.1894596,0.10722667,-0.061370987
-0.082138196,0.19094865,-0.0038856035,-0.07327144,0.21490595,0.18674771,-0.13330996,0.11432159,0.037451588,0.106700934,0.048344985,0.14909299,-0.17043489,0.114362866,-0.024730898,-0.15783775,-0.036565512,-0.17721115
-0.053524747,0.21745925,0.016766759,-0.059961755,0.24035096,0.18107195,-0.121602304,0.13055022,0.061589163,0.12609394,0.06479087,0.16484365,-0.14991084,0.13771184,-0.014516335,-0.1309602,-0.027842104,-0.1615785
-0.1865009,-0.19195767,-0.24871139,-0.16495535,-0.14538701,-0.008400217,-0.09414024,-0.1410633,-0.2227056,0.02048025,-0.19093892,-0.07372534,-0.24591388,-0.2217676,-0.035567265,-0.30849195,-0.04555338,-0.21353169
-0.1697508,-0.18088253,-0.23013766,-0.15118702,-0.1390916,-0.019360851,-0.09080476,-0.12337546,-0.20427354,0.03451599,-0.1912304,-0.053795513,-0.2225807,-0.23819721,-0.030713009,-0.30061585,-0.038338162,-0.2019124
0.555245,0.28978905,0.3980664,0.3546608,0.33453342,0.31467447,0.42418042,0.31405535,0.25545806,0.15093699,0.30541644,-0.00015513017,0.5376993,0.32907513,0.25782436,0.47778687,0.16305442,0.45305783
0.53876954,0.27270988,0.3923087,0.36206403,0.30552778,0.31624037,0.41380036,0.3056635,0.23369293,0.14239356,0.2903303,-0.010529807,0.51980025,0.31980017,0.23877978,0.46224976,0.14292975,0.4258894
0.012324715,-0.10138275,-0.10276115,-0.1850557,-0.11056874,-0.029978959,-0.016468372,0.102065004,0.03391447,0.20352465,0.080854,0.34337622,-0.10980626,-0.049044564,0.21645269,0.015597918,0.22857092,-0.012117662
0.009036132,-0.09117901,-0.099642724,-0.18961045,-0.10115573,-0.028903889,-0.029711058,0.10906435,0.034944274,0.20320296,0.06490838,0.35275126,-0.1010717,-0.06312968,0.19483179,-0.0067422953,0.21414483,-0.019962022
0.07734654,0.22946346,0.34218815,0.1490308,0.2785786,0.28273773,0.20446075,0.11050302,0.08628787,-0.032731093,0.31352443,0.040336307,0.058251224,0.11676985,0.06996341,0.25282976,0.11064191,0.28038618
0.10602492,0.2564068,0.35674134,0.20725358,0.30148953,0.31937817,0.22567746,0.13586873,0.121744394,0.002190515,0.35951185,0.096006975,0.09237065,0.13569413,0.08536797,0.2989143,0.14221056,0.28285718
-0.17965432,-0.27269047,-0.16534421,0.013748623,-0.35577047,-0.07960371,-0.20562048,-0.13123013,0.038749978,0.037321676,-0.052932214,0.063681416,-0.24224901,0.04416166,-0.110755734,-0.20490548,-0.15129665,-0.34394413
-0.08596681,-0.26309404,-0.17477793,0.063632876,-0.34438002,-0.052511357,-0.18203056,-0.12316862,0.03253709,0.05469555,-0.01875926,0.056382574,-0.19536856,0.061041467,-0.10116593,-0.15895328,-0.14251763,-0.3117998
-0.11621866,-0.2508207,-0.13880464,-0.084531635,-0.20840716,-0.017173247,-0.011168121,-0.15300511,-0.15176877,-0.0056329453,0.07938771,-0.12043001,-0.13303666,-0.13358401,-0.009699628,0.20758691,-0.07842353,-0.060676165
-0.11567799,-0.2510611,-0.14036268,-0.08973511,-0.20955926,-0.010497844,-0.020852387,-0.15650065,-0.15524237,-0.00953608,0.08049886,-0.11570452,-0.14009549,-0.14156696,-0.024382332,0.19844297,-0.08484317,-0.0662594
0.1572563,0.26546907,0.031198412,-0.040867217,0.2896312,0.2524532,0.030611234,0.27829438,0.3812183,0.25384352,0.17394811,0.3735115,-0.04613591,0.15763372,0.3541274,0.11940226,0.35651788,0.012244103
0.15701018,0.265754,0.0327238,-0.038558785,0.28933316,0.25253704,0.031753875,0.27984235,0.38208273,0.2550163,0.17507222,0.37521863,-0.04407089,0.1597799,0.35399684,0.11877306,0.3565206,0.014587715
-0.22740163,-0.41817188,-0.2812947,-0.14874999,-0.44202107,-0.20240459,-0.22918773,-0.32507193,-0.33983016,-0.2118828,0.05287526,-0.2121105,-0.20327783,-0.31257698,-0.38496104,-0.023772575,-0.30930057,-0.08380188
-0.19316141,-0.3984804,-0.27998465,-0.16275325,-0.41834277,-0.19485591,-0.22422275,-0.29865468,-0.32330263,-0.18809572,0.057172555,-0.19736364,-0.19495854,-0.3035802,-0.34499517,0.0015493609,-0.27613613,-0.09191671
-0.0202736,0.06264188,-0.013184143,0.25451052,-0.005783142,0.24433637,0.020501541,0.059519555,0.14383209,0.09342446,0.16168272,0.13963501,0.010892799,0.08086083,-0.09335558,0.06579136,0.018111113,-0.11769377
-0.14833815,-0.2829768,-0.16703331,-0.06002751,-0.26738244,-0.1286781,-0.16355875,-0.3038961,-0.30951062,-0.14177142,-0.16929327,-0.22366677,-0.13405342,-0.15718639,-0.27138156,-0.232677,-0.29565698,-0.14470255
-0.12167776,-0.2876135,-0.18054722,-0.04274586,-0.26244938,-0.13373373,-0.17423484,-0.31511492,-0.3231482,-0.14784627,-0.18926543,-0.23425937,-0.17448401,-0.17171909,-0.28811008,-0.25802812,-0.29756054,-0.1768365
-0.122901395,-0.28976074,-0.11655526,-0.07199191,-0.2555367,-0.14214806,-0.11382462,-0.30401698,-0.31898522,-0.11347172,-0.12038056,-0.2200069,-0.12582722,-0.16952544,-0.20031276,-0.17741647,-0.25870985,-0.11850034
-0.15305883,-0.3029346,-0.12310074,-0.06764859,-0.27887386,-0.14476804,-0.111137465,-0.30553645,-0.31823975,-0.11275753,-0.11763201,-0.2177298,-0.11027498,-0.1833263,-0.20153804,-0.16770999,-0.26484042,-0.11355144
0.35545892,0.31850842,0.11257616,-0.024726477,0.39133346,0.20557785,0.13818158,0.38584077,0.1814854,0.28246605,-0.06366143,0.14254452,0.017706808,0.1082145,0.20068038,-0.026119338,0.20631814,0.031032464
0.39983726,0.3060034,0.079763524,-0.02471254,0.37933376,0.2165237,0.1315226,0.37595856,0.17542265,0.28848156,-0.07818873,0.12043411,0.0042026183,0.10306379,0.19214377,-0.021174038,0.18957813,-0.025162129
0.43444788,0.34378844,0.4299675,0.2537153,0.31102914,0.30789235,0.4289747,0.375933,0.2823864,0.13607967,0.24467926,0.05698982,0.5723036,0.23356585,0.31538504,0.40090686,0.21187694,0.4245256
0.41682,0.39435953,0.47261983,0.29689342,0.36729422,0.32918626,0.4518677,0.40144128,0.31938878,0.15249929,0.27380496,0.062390123,0.61055636,0.26928794,0.33769652,0.448833,0.22694261,0.4635394
0.11064092,0.20232417,-0.08273765,-0.013763128,0.34901872,0.10432216,-0.00047046482,0.10154883,0.03254212,0.21080394,-0.0035473728,0.08549486,-0.08063962,0.011279084,0.16296417,-0.048288465,0.17337243,0.011387865
0.017429676,0.13039616,-0.15683481,-0.05629371,0.26150334,0.076578945,-0.05828309,0.072081126,0.0087654,0.19114228,0.0017808294,0.0755367,-0.121362545,-0.025295531,0.13631359,-0.09856212,0.13964528,-0.03914249
0.24583548,0.2993441,0.32887694,0.25523505,0.29145342,0.32010388,0.3316765,0.21036653,0.17530535,0.013048012,0.32969376,0.048131835,0.46691683,0.00887551,0.17065524,0.5006543,0.21640857,0.43015313
0.20858844,0.30062798,0.3276352,0.23282558,0.28864744,0.3168622,0.31076396,0.18967663,0.16458215,-0.0012248897,0.33721444,0.036802575,0.41276988,0.013277653,0.17728229,0.51615345,0.20849383,0.40955284
0.1289044,0.22117677,0.008164264,-0.005246263,0.31748447,0.116810665,0.18585502,0.17585829,0.22365886,0.11330171,0.2276929,0.11556697,0.019331962,0.0041554626,0.34230095,0.3187735,0.37432256,0.30511105
0.08902567,0.21036732,0.017171772,0.0030790893,0.3046837,0.14010373,0.1935114,0.15605722,0.21907106,0.10654081,0.27813655,0.10379681,0.016149055,0.031856913,0.32355657,0.33821458,0.36148313,0.3246907
-0.00016414095,0.21935661,-0.11267674,0.10558211,0.22413526,0.23330443,0.0011776044,0.107233375,0.079551145,0.2512996,-0.0052234014,0.19014755,-0.2105421,0.087841205,0.10736188,-0.08213942,0.1374224,-0.19059223
0.00032204227,0.1884324,-0.07787846,0.14735594,0.19937333,0.18294568,-0.000596508,0.07674281,0.11904491,0.23789316,0.0027991096,0.19303378,-0.18764023,0.12869443,0.07583631,-0.07410305,0.10181977,-0.18761863
0.33386692,0.26381102,0.4599852,0.4602561,0.26849824,0.060305353,0.3786416,0.11342435,0.18731251,-0.01520128,0.17906201,-0.09434256,0.47960657,0.19798255,0.20213187,0.41746363,0.05493388,0.43429062
0.29057077,0.29781586,0.4877559,0.5058794,0.3064126,0.08228811,0.41920418,0.13162968,0.23563866,0.010282306,0.21196482,-0.0653114,0.5008418,0.24796167,0.24868731,0.44338164,0.09677544,0.46293154
0.29698095,0.3003393,0.47300756,0.4891606,0.32412663,0.12566003,0.41349354,0.13050054,0.16614075,0.0026430606,0.21992898,-0.017884614,0.47519252,0.20721284,0.24238871,0.41025352,0.15376562,0.51540166
0.25454146,0.29827005,0.47794184,0.5272235,0.32860962,0.11819824,0.40628806,0.11803011,0.19268413,0.0014889445,0.23940906,-0.01827719,0.5020737,0.21963601,0.22684166,0.41413236,0.13249443,0.51212144
0.17623885,0.3349065,0.36168662,0.24484436,0.3392409,0.3305358,0.08722181,0.27605924,0.18436061,0.14571582,0.048688114,0.2070571,0.08789261,0.26443037,0.11120212,0.037917845,0.0971476,0.011384167
0.22564857,0.35283718,0.38430792,0.25959274,0.35848948,0.32264927,0.0857204,0.27674094,0.2139614,0.14475979,0.03965432,0.2127461,0.10415442,0.26237336,0.11873063,0.048848435,0.09915047,0.0073049455
-0.24605112,-0.30034062,-0.30650094,-0.21789275,-0.35045487,-0.105115496,-0.23310544,-0.20200549,-0.21070597,-0.025458928,-0.10478969,-0.0040292945,-0.29165378,-0.22081508,0.049422044,-0.20067354,0.026927335,-0.17926924
-0.26371294,-0.3117072,-0.32703364,-0.22250979,-0.36478657,-0.12581243,-0.25386405,-0.22616665,-0.19586432,-0.040588018,-0.12532955,-0.024982363,-0.25088093,-0.26350382,0.01806835,-0.20697436,-0.0186619,-0.19164464
-0.089238964,-0.31589213,-0.05091829,-0.20120434,-0.31589672,-0.0917932,-0.16076492,-0.19356768,-0.18580535,-0.041354112,-0.10049448,-0.17293258,-0.18111813,-0.016358064,-0.22838941,-0.12065571,-0.26604488,-0.17033488
-0.21135578,-0.4567874,-0.36469746,-0.26340675,-0.46033183,-0.21389136,-0.27738097,-0.355342,-0.37339762,-0.13474213,-0.23206438,-0.13161457,-0.35124332,-0.3546934,-0.1664196,-0.33267608,-0.22652794,-0.3243056
-0.20239793,-0.46446037,-0.36134714,-0.24476716,-0.46635813,-0.22820407,-0.2802909,-0.364739,-0.36564797,-0.14274326,-0.22136508,-0.13277851,-0.35645467,-0.36294693,-0.15712845,-0.32033718,-0.2283024,-0.32659712
0.04407189,-0.050847627,-0.07048465,-0.03889427,-0.06445626,0.21216576,-0.115121506,0.080393985,0.041083083,0.14389385,-0.10517525,0.15756373,-0.14873576,-0.15330994,-0.06697373,-0.14153594,0.082106575,-0.2912651
0.1848292,-0.081634596,0.27472252,0.47721642,-0.066248156,-0.045924198,0.2475965,0.015238485,0.038813166,-0.03985361,0.16825537,-0.055302948,0.3364895,0.15681057,0.11102296,0.17837939,-0.0113071,0.33806607
0.1671664,-0.08776218,0.2522723,0.46091846,-0.07389912,-0.048897304,0.22925414,0.014392486,0.023816532,-0.04987936,0.16006535,-0.06658146,0.32346126,0.13074848,0.088173784,0.1636108,-0.026537994,0.31368428
0.2292006,0.2326479,0.36987475,0.39135805,0.24625409,0.24869673,0.15664333,0.26841196,0.33523595,0.13368465,0.031859234,0.2558696,0.099695586,0.22153847,0.120788746,0.041126464,0.14061013,-0.052926928
0.19898593,0.23471902,0.38053936,0.40258336,0.24574037,0.24857146,0.1752536,0.26160243,0.34212258,0.11200798,0.051172897,0.2427246,0.13690914,0.21800731,0.13628888,0.08070969,0.14375515,-0.017214475
-0.18745434,-0.28396696,-0.27670035,-0.18298142,-0.26587453,-0.064421415,-0.16616017,-0.21898454,-0.2600032,-0.13817528,0.1116004,-0.18366061,-0.1863443,-0.22611055,-0.24934275,0.047379788,-0.19781451,-0.092540465
-0.15856215,-0.2695053,-0.26805213,-0.13733655,-0.24924034,-0.10644864,-0.17587788,-0.22589092,-0.2835981,-0.1478775,0.08200919,-0.17577188,-0.21460189,-0.25574008,-0.28589794,0.028813222,-0.20618592,-0.11210845
0.09230003,0.029939527,-0.08329593,-0.06446947,-0.008045863,0.15350616,0.0066556633,0.33698195,0.20346196,0.2583915,0.08061278,0.2755858,-0.011064379,-0.039551906,0.13355796,-0.05317471,0.21128255,-0.109059766
-0.08717769,-0.26523855,-0.20156915,-0.23903434,-0.2823213,-0.03805624,-0.11432705,-0.06657075,-0.20863356,0.025009569,-0.17113611,-0.11569172,-0.1378861,-0.26746112,-0.044567984,-0.19780725,-0.060110915,-0.14113724
0.31660223,0.29657346,0.23878652,0.19701138,0.2898923,0.15097944,0.26401263,0.2752105,0.26013064,0.10000705,0.19252548,0.054619703,0.24674752,0.21413137,0.340564,0.33207026,0.19041072,0.25916246
0.36022198,0.31699234,0.24271253,0.23877692,0.3224548,0.17805643,0.2469212,0.3092678,0.28033733,0.14522815,0.21725637,0.14179443,0.20998009,0.22020945,0.32296327,0.32658246,0.23167776,0.22087122
-0.20122442,-0.40187982,-0.33185905,-0.052223735,-0.3939121,-0.21597436,-0.20107129,-0.3284184,-0.307202,-0.24653634,0.09652901,-0.15978304,-0.13958174,-0.31629238,-0.33773136,-0.073702626,-0.20938863,0.018893333
-0.18594179,-0.4221847,-0.32578552,-0.02654446,-0.41847348,-0.22594427,-0.20714253,-0.3234646,-0.3079029,-0.2440564,0.08990541,-0.145352,-0.12805326,-0.3295898,-0.34461692,-0.073647186,-0.21670006,0.013942484
-0.12474819,-0.21361546,-0.13741222,-0.023360832,-0.13519663,-0.12178653,-0.13625388,-0.23217645,-0.05042915,-0.14979212,0.21939337,-0.02991333,-0.18398608,-0.14609186,-0.17082542,0.009024446,-0.07754778,0.04766639
-0.12838742,-0.19462939,-0.13646385,-0.056295827,-0.11559237,-0.12662984,-0.15005103,-0.23394698,-0.051713966,-0.15401857,0.20953874,-0.046933208,-0.19335298,-0.14093068,-0.20016915,0.010324521,-0.11662891,0.029012622
-0.23678505,-0.34171984,-0.3238106,-0.3159793,-0.27749425,-0.15732338,-0.28699896,-0.30760348,-0.34538698,-0.13908146,-0.24519075,-0.24674863,-0.30264133,-0.27777144,-0.21643974,-0.4134051,-0.25791293,-0.2857648
-0.23519002,-0.30417517,-0.28393137,-0.31429654,-0.25022697,-0.11754889,-0.25479066,-0.26477867,-0.30963972,-0.11653703,-0.22728258,-0.22105572,-0.2625,-0.26021782,-0.18435025,-0.37230682,-0.22830462,-0.26724827
-0.21550645,-0.3222479,-0.43469858,-0.30102274,-0.2139267,-0.22912371,-0.3445895,-0.32098323,-0.3368797,-0.1904203,0.012904389,-0.2416075,-0.3736647,-0.3941698,-0.20598598,-0.14006786,-0.20434839,-0.20218065
-0.2622486,-0.35678846,-0.42016461,-0.29774457,-0.26960662,-0.2132549,-0.34019524,-0.3285836,-0.33988225,-0.19436489,0.004592431,-0.23820315,-0.36746445,-0.3888398,-0.21767072,-0.13611856,-0.22328582,-0.2352254
0.07775386,0.09821333,0.058462072,0.03470294,0.015719797,0.29987308,0.34179747,0.37637833,0.23017018,0.21250226,0.16832337,0.17612521,0.09075844,0.090795726,0.3700272,0.29848495,0.4404718,0.14006221
0.11241935,0.03528689,0.009694766,-0.024890305,0.13594517,0.08077241,-0.010413228,0.008349806,-0.018946964,-0.060697835,0.24880426,-0.008357859,-0.14096841,-0.10162325,-0.13143477,0.114124574,0.011539799,0.087846786
0.025459964,-0.009288178,-0.020963734,-0.0332694,0.07811851,0.057686064,-0.020421762,-0.035512656,-0.038301412,-0.07601077,0.23886852,-0.027447168,-0.16042127,-0.102430195,-0.15352377,0.09773615,-0.017976373,0.06048424
0.2628482,0.38655517,0.5001262,0.38562492,0.3859719,0.2214627,0.3431737,0.17721304,0.24216986,0.042628065,0.26724878,0.050210975,0.48136446,0.16835299,0.25583386,0.4160185,0.16969514,0.5123999
0.24338627,0.37501672,0.5003379,0.38886338,0.36861902,0.2187063,0.33817464,0.1719714,0.22730574,0.03969018,0.2637028,0.04572339,0.46471474,0.16837606,0.24556993,0.40347216,0.15982191,0.5050982
0.09021613,0.050899215,-0.14910196,0.009494018,0.09283732,0.04367642,-0.038684886,0.13897857,0.26914105,0.23608498,-0.019786837,0.15682568,-0.07656712,0.14836009,0.08936438,-0.0670407,0.07724553,-0.17001131
-0.045130964,0.07044169,-0.08347968,0.07612817,0.09464535,0.04771281,0.012322707,0.114266165,0.2824165,0.24602886,0.043734413,0.17699625,-0.041763857,0.22866224,0.12773158,-0.04453358,0.069479965,-0.09073744
0.20725268,0.33288693,0.34292606,0.17589423,0.34433815,0.25267127,0.22507189,0.26412356,0.2478629,0.14152746,-0.052331727,0.18129332,0.017202558,0.20438416,0.29190004,0.09663303,0.24865973,0.06679806
0.16069745,0.35549513,0.3643606,0.25645977,0.3457607,0.27620584,0.24947609,0.25613114,0.26999334,0.1569283,-0.068108805,0.19422083,0.019475967,0.24417354,0.31353906,0.07549215,0.2573529,0.027654175
0.099054754,0.1571909,0.17536657,0.23098281,0.17180708,0.13846143,0.17048305,0.18538532,0.19777025,0.22562821,0.14022101,0.13778415,-0.055164844,0.49772927,0.20280075,0.056158554,0.10142529,0.12562628
0.13784106,0.1400056,0.17800161,0.24514577,0.14364852,0.16364922,0.13221936,0.17577323,0.19181049,0.23383473,0.12936091,0.11862457,-0.03701727,0.48788202,0.13437249,0.044980455,0.04336608,0.080218196
-0.16863827,-0.13655426,-0.16411078,-0.10455285,-0.11255752,-0.105673835,-0.08222008,-0.21914303,-0.094445065,0.04878195,-0.05160628,-0.11809211,-0.07016849,-0.033203818,0.023282027,-0.08088121,-0.11675375,-0.037882946
-0.17282721,-0.1458188,-0.15815862,-0.10401401,-0.123423405,-0.10849741,-0.10643848,-0.23531145,-0.11306239,0.031874344,-0.06461921,-0.115113646,-0.08865136,-0.054057878,-0.0037611183,-0.098009765,-0.13481134,-0.059763193
-0.11868493,-0.2961572,-0.21766111,-0.1062596,-0.3426042,-0.18622948,-0.33212805,-0.17671171,-0.050292257,-0.0307712,0.015821276,0.06217246,-0.08896591,-0.31145254,-0.23798363,-0.18165943,-0.23925658,-0.15759702
-0.062090047,-0.2697849,-0.20023823,-0.1316243,-0.32449558,-0.15554565,-0.29670596,-0.11179044,0.0079399515,0.013623182,0.008866175,0.095460795,-0.057446007,-0.27263594,-0.18038103,-0.15555759,-0.18693581,-0.14982897
-0.2653666,-0.22541231,-0.25485864,-0.13221352,-0.16296315,-0.15022197,-0.21484835,-0.212006,-0.17836276,-0.0124174375,-0.12427866,-0.041134045,-0.22069417,-0.18237066,-0.18767133,-0.2912023,-0.19350842,-0.31641105
-0.266031,-0.18819785,-0.2494179,-0.12171982,-0.12554577,-0.12606508,-0.18488233,-0.15292573,-0.14042628,0.040349115,-0.09441448,0.012863007,-0.20856369,-0.15804936,-0.14678708,-0.27219555,-0.14372714,-0.30058482
-0.21022454,-0.2110141,-0.13797149,-0.05250338,-0.23975426,-0.22451124,-0.16408882,-0.32202572,-0.2173227,-0.007209948,-0.119590074,-0.056393836,-0.1548851,-0.16150902,-0.09711112,-0.15263502,-0.22321638,-0.120307945
-0.19780858,-0.2338665,-0.15325901,-0.069568515,-0.2651003,-0.2455562,-0.19988194,-0.33162895,-0.22924186,-0.01575037,-0.11395618,-0.051403265,-0.18015929,-0.16920033,-0.1275938,-0.17740335,-0.25296882,-0.13990667
-0.057981126,-0.34115362,-0.15033026,0.13285336,-0.35567218,-0.09205282,-0.17986992,-0.1572684,-0.12930739,-0.010598798,-0.20255546,-0.023684142,-0.17645814,-0.26350856,-0.15340391,-0.27562484,-0.16183123,-0.3365971
0.0596452,-0.23532712,-0.08802935,0.17358948,-0.22248192,-0.023558352,-0.14533134,-0.09102507,-0.077080876,0.017283265,-0.1675879,-0.00595232,-0.13054836,-0.21641596,-0.1083443,-0.22233257,-0.11610998,-0.29326475
-0.09706575,-0.10859682,-0.008869048,-0.06490603,-0.09486125,-0.041306507,-0.028454836,-0.017698763,0.091432475,0.054001532,-0.008236911,0.12188947,-0.1856794,0.17750357,-0.03981304,-0.1397536,-0.11002967,-0.20636652
-0.10675218,-0.12931925,-0.01644395,-0.082682,-0.12917423,-0.027653316,-0.018080968,-0.0013773371,0.09484455,0.07720422,-0.0041364273,0.14110248,-0.16500151,0.17692477,-0.03434064,-0.12784325,-0.0963516,-0.19261068
-0.0039050584,0.009350155,0.086717635,0.061474144,0.056329977,0.011158477,-0.061250977,0.042066928,0.16690196,0.11128459,0.14649968,0.24456157,-0.07549045,0.13395464,-0.041056633,-0.018274898,-0.008287943,-0.15799458
-0.09460489,-0.022634417,0.055680558,0.0424897,-0.0039671655,0.008439977,-0.053886555,0.039804284,0.17587051,0.1178892,0.14278367,0.25046802,-0.105357416,0.15737432,-0.012468712,-0.0156584,0.010546612,-0.17018948
0.025517782,0.13267596,0.022847202,-0.06469679,0.20688997,0.22656155,-0.0030611653,0.019318927,0.029650038,0.17784481,0.022858052,0.04886415,-0.20112498,0.2412226,0.07894611,-0.025937572,0.009772719,-0.13565056
0.07921801,0.12796065,0.089242734,-0.050623924,0.20442463,0.23425241,0.017126761,0.0477295,0.039619315,0.1857811,0.040301133,0.03813603,-0.16528705,0.30205464,0.06724815,-0.016168138,0.0011891609,-0.087502964
-0.096868746,-0.20850512,-0.23437746,-0.14023426,-0.17316692,-0.09692084,-0.25577602,-0.18966223,-0.25155053,-0.006467102,-0.14856392,0.0051713926,-0.16667892,-0.34304705,-0.19764411,-0.25799415,-0.11841318,-0.22124861
-0.24480946,-0.20753123,-0.22049262,-0.06446612,-0.18843365,-0.16121696,-0.2495278,-0.20495167,-0.2232547,-0.005960641,-0.13314322,0.04182913,-0.15701261,-0.35822502,-0.16090028,-0.23284706,-0.12091889,-0.22254126
-0.16382295,-0.22768252,-0.2121593,-0.15283093,-0.14849037,-0.26819107,-0.15716219,-0.28012788,-0.26896334,-0.03331586,-0.14999527,-0.12945518,-0.15288883,-0.23306008,-0.07125118,-0.17467631,-0.19362135,-0.07995112
-0.16625442,-0.22097658,-0.16326681,-0.1614141,-0.16034734,-0.21724927,-0.10772441,-0.23638618,-0.23534349,0.0015861338,-0.073691465,-0.067642935,-0.11686778,-0.16554789,-0.032527253,-0.12743868,-0.15616944,-0.043961097
-0.019163232,0.053445287,0.10600873,0.18245989,0.034985017,0.1226495,0.26213342,0.1124613,0.033449702,-0.028634926,0.17677224,-0.081679106,0.27303132,-0.018349497,0.103914015,0.26245293,0.031220593,0.25409782
0.014442949,0.09763733,0.11731799,0.18763119,0.10294463,0.14214304,0.26771906,0.11321403,0.034782384,-0.046502866,0.17185758,-0.08982197,0.2832677,-0.033646964,0.115379035,0.26770073,0.05238561,0.2648906
0.009373371,-0.037807863,-0.18475507,-0.1368577,-0.015617947,0.20069331,-0.105875246,0.09199931,0.06615719,0.16082206,-0.0718108,0.2000282,-0.17075455,-0.0699142,-0.024720225,-0.2347292,0.07767205,-0.33338955
0.005277523,-0.05453437,-0.2138672,-0.15931134,-0.016044345,0.15709656,-0.15602173,0.025211297,0.03322882,0.12303208,-0.09220632,0.14685278,-0.16356516,-0.12418506,-0.056704648,-0.2368314,0.027070686,-0.33203572
0.058329184,0.30209818,0.3433217,0.18322723,0.24578628,0.34297484,0.079893194,0.20750017,0.33108276,0.12550622,0.12643488,0.2848984,-0.04655905,0.3852226,0.15650396,0.017865235,0.13193339,-0.05849515
0.079069786,0.31885132,0.3520791,0.18528444,0.25139135,0.37954116,0.11087899,0.23364331,0.32269222,0.14492558,0.13990785,0.28323478,-0.055641457,0.39492786,0.1516379,0.04109825,0.149554,-0.061796673
0.12731683,0.07591133,-0.1481814,-0.007995466,0.1031871,-0.113482535,0.1555631,0.0992212,-0.0077496157,-0.07385844,-0.072703004,-0.16435964,0.1857217,-0.13157792,0.084584795,0.13918535,0.055655427,0.08382167
0.14851135,0.1203636,-0.10939886,0.014373558,0.14498888,-0.073957175,0.17036492,0.13797313,0.021501306,-0.048539177,-0.070041545,-0.13245344,0.21547943,-0.12110077,0.08661754,0.15517335,0.07138894,0.08701178
0.17124382,0.18282115,0.013850993,0.17358525,0.19839111,-0.12128116,0.2283959,0.16512512,0.06784695,-0.03407111,-0.027763976,-0.12958314,0.39468023,-0.10981912,0.090001516,0.22469449,0.059319396,0.22621045
0.14860944,0.15856865,-0.005269291,0.17165388,0.17291448,-0.11812135,0.23135664,0.13245577,0.043180242,-0.05594766,0.004259338,-0.16738273,0.38655573,-0.10200522,0.080158226,0.24924313,0.034906924,0.23523583
0.1677259,0.042624794,-0.08350807,0.10280827,0.029387534,-0.200777,0.15774517,0.0640806,0.030773161,-0.101192884,-0.05703778,-0.20160234,0.25200596,-0.07658342,0.035171878,0.1570996,-0.015170446,0.10070979
0.05732392,-0.03296683,-0.17196554,0.10253656,-0.047107987,-0.2551106,0.09837494,-0.03504309,-0.049936917,-0.16389292,-0.067621075,-0.27961513,0.19690189,-0.13149455,-0.05078346,0.10810252,-0.09483715,0.0390549
-0.22131467,-0.3286636,-0.32051367,-0.03704634,-0.3262607,-0.193976,-0.24386835,-0.27855998,-0.31468922,-0.13929862,-0.24710308,-0.14131135,-0.23795378,-0.31117305,-0.28680488,-0.32565156,-0.24491222,-0.2913661
-0.20454957,-0.31993672,-0.32749206,-0.035384398,-0.31267962,-0.1991396,-0.23983225,-0.2643515,-0.31606644,-0.119559504,-0.24380735,-0.11837452,-0.23382229,-0.3181874,-0.28023297,-0.33768058,-0.22969991,-0.28052065
-0.282404,-0.2770245,-0.3081062,-0.111802585,-0.22163235,-0.26866302,-0.26651675,-0.37363458,-0.25921243,-0.20713745,0.086562775,-0.2394676,-0.3174511,-0.30647376,-0.29744443,-0.13531946,-0.2848189,-0.030675877
-0.27163425,-0.2745479,-0.309691,-0.102999486,-0.21838242,-0.25419453,-0.26728082,-0.36831897,-0.26783112,-0.20465016,0.09673869,-0.2382088,-0.30615157,-0.30547807,-0.31189373,-0.13932744,-0.2946333,-0.022765236
-0.13446607,-0.23351681,-0.21044216,-0.081796125,-0.18328537,-0.1846818,-0.21661171,-0.3391535,-0.2045404,-0.21305126,0.11444851,-0.24765857,-0.29635346,-0.21459584,-0.29676032,-0.0128701385,-0.26806906,-0.025720675
-0.21328664,-0.2645767,-0.20733008,-0.040208567,-0.23423938,-0.16461714,-0.2224272,-0.33462748,-0.16897763,-0.22402214,0.12273592,-0.19802944,-0.2512717,-0.25892758,-0.30736563,-0.023581052,-0.25386795,-0.069955036
-0.09520294,-0.14832972,-0.048546515,0.030180069,-0.112827055,-0.07174959,-0.12615989,-0.24204607,-0.062592775,-0.1368643,0.19217321,-0.089144014,-0.16343836,-0.19678545,-0.22136371,0.11379377,-0.16262402,0.059302848
-0.08223885,-0.13558435,-0.026867434,0.043236893,-0.104098745,-0.052635424,-0.11876969,-0.23224244,-0.063992,-0.13092196,0.19330887,-0.08907005,-0.15127186,-0.18612394,-0.22039661,0.12435752,-0.16786239,0.065991215
0.058969535,0.10307628,0.20704265,0.14395864,0.08554453,0.09057047,0.16933504,-0.01873582,0.04799764,-0.17418508,-0.09636452,-0.14857355,0.101685636,0.11666672,0.07083967,0.077169426,-0.027559433,0.06759712
0.06800108,0.113872014,0.22308302,0.1390836,0.09569346,0.120721295,0.20363344,0.007890296,0.06846605,-0.15641966,-0.06656189,-0.13473363,0.13096498,0.13734077,0.111605845,0.119153425,0.013244439,0.11077952
0.19695118,0.22968875,0.42636794,0.27318913,0.2156879,0.21988656,0.2965517,0.14008634,0.2514066,-0.038980123,0.06934157,0.02403211,0.32928085,0.33232495,0.20871863,0.13828021,0.10664067,0.28792614
0.21217501,0.2404654,0.43326688,0.25571206,0.23268172,0.22668464,0.3050704,0.15894428,0.26375896,-0.025760213,0.07748196,0.021366246,0.33024743,0.33524153,0.22160459,0.16536015,0.11839179,0.30195692
-0.0070860772,0.23013091,-0.006164808,-0.023161953,0.21213324,0.37807405,0.038701754,0.23987591,0.093520105,0.21581769,0.039686605,0.24930255,-0.08357912,0.0903566,0.22838688,-0.117062934,0.23690106,-0.114968255
0.017290631,0.27037486,0.12177724,0.115835235,0.18865907,0.3994475,0.015155404,0.25591108,0.22048642,0.23635793,0.021257658,0.33154866,-0.031057911,0.05512168,0.10330977,-0.014270752,0.19508633,-0.19389297
-0.04567497,0.16648477,0.018315567,-0.018340487,0.11540831,0.24037316,-0.051661033,0.11544334,0.049931046,0.06484025,-0.025466517,0.11721858,-0.112968355,0.0077855866,0.07483736,-0.09053001,0.055209894,-0.18918304
0.22935303,0.3436527,-0.012677159,0.059221193,0.37095812,0.2667338,0.017083706,0.2683236,0.19658287,0.21243204,-0.044375952,0.1904928,0.00028153183,-0.02187513,0.20609564,0.011348398,0.21471877,-0.094480135
0.23373744,0.37433466,0.00016872957,0.00952785,0.3887131,0.29706243,0.026593097,0.30509412,0.24061608,0.24815933,-0.045655344,0.22259843,0.005993306,0.024343597,0.21254568,-0.0044765146,0.22974466,-0.09461278
0.42874327,0.37108994,0.09546446,0.09804809,0.36278576,0.26157606,0.15599886,0.31227097,0.15504515,0.19643334,0.073808186,0.25559497,0.08206801,-0.0009878263,0.27032274,0.1763634,0.3192992,0.10362372
0.08234234,0.28943828,-0.060349386,0.061188124,0.259322,0.23991267,0.084617704,0.28425723,0.13272744,0.19330558,0.015845384,0.20957723,-0.06910959,-0.07405597,0.27114993,0.11148263,0.30339822,-0.057357546
-0.028741993,-0.36952642,-0.26743895,-0.098335974,-0.40680522,-0.15518807,-0.20431115,-0.25916505,-0.2544284,-0.0843595,-0.14659964,-0.20371841,-0.12201616,-0.31768686,-0.18235175,-0.1512882,-0.19722162,-0.21414442
-0.07445825,-0.13396642,-0.12109225,-0.064562164,-0.17793691,0.0629168,-0.20507115,0.06704259,0.06538512,0.13325402,-0.019922052,0.26899683,-0.12870304,-0.21272686,-0.18769427,-0.15295774,-0.0045507536,-0.29427108
-0.1349834,-0.1918952,-0.19904095,0.032851126,-0.2057356,0.017066358,-0.043518804,0.03132844,0.11811955,0.16485834,-0.08671341,0.20302469,-0.09090174,-0.13841924,0.049082518,-0.16923262,0.11045049,-0.25551313
-0.18409726,-0.30228058,-0.21952143,-0.010917034,-0.38048628,-0.2619147,-0.20421734,-0.28963616,-0.27460507,-0.055032708,-0.13819657,-0.11036721,-0.09394306,-0.32966563,-0.2031648,-0.18252704,-0.20694807,-0.13558117
-0.26968905,-0.29312593,-0.2042225,-0.26362193,-0.26345515,-0.09118129,-0.18282647,-0.2113942,-0.2643338,-0.034728184,-0.10117967,-0.077317186,-0.15393226,-0.19653289,-0.17211121,-0.25592056,-0.21128833,-0.20830287
-0.26317587,-0.27958262,-0.2018524,-0.2671939,-0.2465487,-0.059203506,-0.16499431,-0.20461671,-0.2655938,-0.031613767,-0.10433914,-0.11285834,-0.15177003,-0.18952285,-0.16254665,-0.24121204,-0.2131374,-0.20095535
-0.023983516,0.08478048,0.19659787,0.12249824,0.08780895,0.16069138,0.035167947,0.10169065,0.059595197,0.19023141,0.14064968,0.19940445,-0.0034067666,0.26125085,-0.07264702,-0.004003879,-0.0771284,-0.074456796
-0.0070202695,0.10489426,0.2123357,0.13776264,0.09152902,0.18697351,0.061630927,0.12155807,0.08513159,0.2105561,0.14083418,0.21835731,0.02104646,0.2870007,-0.051932305,0.019327413,-0.054590072,-0.07480257
-0.27390364,-0.32534254,-0.35604784,-0.24730256,-0.28424007,-0.13071817,-0.22216775,-0.33165276,-0.32992697,-0.20828965,0.103049845,-0.29862398,-0.2585145,-0.32473412,-0.23755598,0.053513974,-0.2512434,-0.049822465
-0.26641497,-0.32949612,-0.3656352,-0.2425818,-0.28975365,-0.13012211,-0.24040826,-0.33487064,-0.33794713,-0.21401894,0.09666869,-0.3037939,-0.2642751,-0.32896817,-0.25481126,0.03882584,-0.26947793,-0.071204275
-0.27684158,-0.2899302,-0.3505123,-0.24522376,-0.2603183,-0.13716212,-0.25837895,-0.28059718,-0.2691459,-0.057421967,0.07520362,-0.16211051,-0.28026852,-0.10307593,-0.132798,-0.25352135,-0.22152017,-0.05698169
-0.24912497,-0.2574165,-0.3481898,-0.25367278,-0.23464742,-0.11117707,-0.2611438,-0.24011436,-0.2522622,-0.033284787,0.08932102,-0.1423514,-0.27339813,-0.07047281,-0.13915557,-0.26682207,-0.22073355,-0.049231935
0.2191681,0.46379375,0.64818543,0.51857877,0.38372728,0.2525344,0.48345494,0.4148415,0.49081692,0.22806658,0.16996212,0.32206103,0.57881147,0.43236104,0.3956491,0.33687955,0.2812764,0.43948272
0.21830009,0.43724206,0.62852776,0.52072734,0.3572275,0.22371764,0.46019197,0.40389693,0.48624325,0.21590498,0.15637758,0.3035631,0.57155704,0.4222156,0.36299103,0.32496864,0.24707514,0.4086241
-0.04162767,-0.25044522,-0.018169489,-0.040631037,-0.19572927,-0.1303343,0.08500649,-0.22005819,-0.060820572,-0.12528895,0.2570206,-0.13019241,-0.011521013,0.058536705,0.01141479,0.15626696,-0.059647053,0.22978292
-0.040788,-0.23627678,-0.022708753,-0.043799095,-0.18865995,-0.108075105,0.09261529,-0.20380189,-0.031350445,-0.121798806,0.269329,-0.11342372,0.010131405,0.07359411,0.03711911,0.16646236,-0.03491545,0.23880576
-0.005107655,-0.15485057,-0.0015763087,0.040303886,-0.24153148,-0.052407064,-0.044074506,0.11581326,-0.0022489005,0.23614725,0.026806286,0.3712547,-0.017180726,-0.044406425,-0.005413507,-0.0704838,0.07248457,-0.030861244
-7.5442134e-05,-0.15072589,-0.0054609226,0.041304056,-0.24044432,-0.05743014,-0.06052242,0.106165014,0.0041795652,0.23083623,0.026506139,0.37013593,-0.0021743067,-0.055956867,-0.024750277,-0.064272456,0.05267464,-0.03540474
0.12419367,0.05620278,-0.059757836,0.20200646,0.05635672,0.23484439,0.18319072,0.05867736,-0.012043356,0.033356864,0.13652031,-0.06819087,0.104904965,-0.0984793,0.039867025,0.32233384,0.08502285,-0.0079571
0.13751769,0.09797114,-0.035331663,0.16700345,0.10378732,0.26907936,0.23056243,0.09518575,0.01396966,0.06023372,0.18081139,-0.049189642,0.13764268,-0.074564844,0.07659718,0.366781,0.11726073,0.03533614
-0.24012539,-0.3938587,-0.3182321,-0.21677712,-0.40734473,-0.22881286,-0.25914553,-0.15739663,-0.30109733,-0.03951759,-0.26142812,-0.1497491,-0.22788294,-0.37237906,-0.18824092,-0.3482424,-0.19242826,-0.2433057
-0.13782978,-0.32846227,-0.33069965,-0.11011938,-0.33250538,-0.08592701,-0.13841788,-0.30773,-0.2767019,-0.08898089,-0.13293728,-0.12356132,-0.27873343,-0.099079795,-0.1431363,-0.2758869,-0.1552211,-0.18662602
-0.16189513,-0.3076146,-0.32221246,-0.091526955,-0.32626954,-0.05651271,-0.111388326,-0.2766922,-0.23902501,-0.049291674,-0.122416325,-0.09194702,-0.25339642,-0.07594499,-0.12114358,-0.26145643,-0.13559136,-0.1827993
0.045976784,-0.13667221,-0.1423504,-0.0020487662,-0.11181199,0.10746837,-0.0037002084,-0.028573858,0.17740758,0.0022244535,-0.061912365,0.0652361,-0.088739395,-0.094533116,0.21321964,0.05869263,0.17778821,-0.2094882
0.04714459,-0.12558489,-0.12328064,-0.0010743171,-0.10514281,0.12351158,0.024921477,-0.0051896656,0.18424372,0.018031238,-0.04907289,0.063457906,-0.07718513,-0.07055594,0.22132732,0.09740786,0.18420734,-0.19400147
0.2377157,0.28243876,0.12157093,0.07503165,0.30666342,0.3409785,0.24586152,0.3687699,0.29565987,0.28486192,0.09641398,0.2822507,0.04923063,0.13299431,0.3577331,0.104864344,0.40931365,0.027907379
0.20369104,0.3170749,0.13016772,0.09296708,0.333904,0.36420766,0.2615737,0.3779047,0.3267556,0.29247427,0.09143144,0.28969607,0.060139097,0.15777522,0.385582,0.11354435,0.43208387,0.025906198
-0.07369992,-0.23549458,-0.1541858,-0.19930656,-0.22948286,-0.13738757,-0.13766061,0.014141242,-0.1483037,0.07590481,-0.13347316,0.121712625,-0.16459298,-0.19829622,0.02084387,-0.22707747,0.007953399,-0.12673442
-0.06756921,-0.2199828,-0.1528786,-0.21231747,-0.2115344,-0.13608289,-0.12580717,0.033003516,-0.13312343,0.08116091,-0.12482667,0.12157027,-0.14915828,-0.17984736,0.031130645,-0.21902072,0.015054518,-0.11439308
-0.20554295,-0.37107354,-0.29130772,-0.3151016,-0.34203553,-0.3119758,-0.3296845,-0.24670848,-0.2906232,-0.16480261,0.08621864,-0.15423547,-0.29748926,-0.2855228,-0.28113535,-0.27205488,-0.3172161,-0.047341798
-0.17862281,-0.3508677,-0.27792093,-0.31394628,-0.3307703,-0.29804313,-0.33297822,-0.23718315,-0.27597007,-0.15085758,0.09308908,-0.13263784,-0.27859142,-0.28053954,-0.28639805,-0.25728765,-0.32334632,-0.052144833
-0.13330352,0.07052544,-0.04703925,-0.06401562,0.07058328,0.15306897,-0.023120215,-0.02320001,-0.080479585,-0.044447754,0.23275109,-5.726167e-05,-0.086543255,-0.08958077,-0.18216123,0.10237682,-0.033607967,0.12492925
-0.10082807,0.07378659,-0.051504817,-0.06645291,0.07341437,0.15211219,-0.039308235,-0.021323709,-0.073373534,-0.044128213,0.21554272,0.0094410945,-0.08383423,-0.10749413,-0.19426525,0.08598841,-0.030532232,0.105149284
-0.017814146,-0.23763895,-0.1753403,-0.08382289,-0.26867524,-0.28906962,-0.25929168,-0.19085479,-0.26642206,-0.04061221,-0.10933864,0.087336905,-0.1822447,-0.3083036,-0.17342436,-0.1590237,-0.13638459,-0.19062005
-0.061743148,-0.26818147,-0.26304045,-0.19686708,-0.3071944,-0.2907266,-0.3134598,-0.2604047,-0.33086357,-0.10000093,-0.11774905,-0.01943883,-0.2674239,-0.35522085,-0.18980154,-0.16745865,-0.17120636,-0.24083176
0.05958989,0.44311216,0.20146333,-0.19612868,0.47470573,0.29732502,0.19543329,0.38018674,0.21158227,0.19571638,0.21869305,0.22623561,-0.040428534,0.27256316,0.2867177,0.16411726,0.27729693,0.24101551
0.058806684,0.43925217,0.21345885,-0.17844592,0.47561425,0.2999584,0.21523549,0.37419572,0.20009172,0.19420429,0.21982811,0.2238189,-0.028261699,0.27496725,0.2729716,0.15308498,0.2736692,0.24884789
-0.13017462,-0.36903787,-0.22252265,-0.043246817,-0.33131975,-0.14952403,-0.06353502,-0.24651326,-0.24661244,-0.12809505,0.18380015,-0.14349458,-0.15810746,-0.15666802,-0.108537726,0.006552037,-0.09759728,0.016203122
-0.10709561,-0.37470487,-0.22095367,-0.0416153,-0.34055507,-0.12638237,-0.06627995,-0.2498551,-0.251447,-0.12791814,0.16561688,-0.15495919,-0.14797293,-0.1636409,-0.12346209,0.014132753,-0.11254637,-0.008501727
0.17512533,-0.05686295,-0.21161655,-0.07140876,-0.0728479,0.007191118,-0.14317016,0.07462369,0.0144194625,0.1044858,-0.055449024,0.17223217,-0.086828545,-0.162319,-0.0846466,-0.16257419,-0.03246979,-0.28398028
0.11034945,-0.087376535,-0.18527603,-0.027702264,-0.112196624,0.0063532116,-0.16269149,0.042553794,-0.021661486,0.10489122,-0.048320714,0.19325748,-0.11085596,-0.14796454,-0.10094001,-0.19589417,-0.06569463,-0.2816948
-0.0040880693,-0.087372616,-0.19846986,-0.08463226,-0.10176048,0.019762969,-0.21487023,-0.18225078,-0.12833805,0.034444552,-0.026976379,0.021015473,-0.12627204,-0.15236056,-0.13166542,-0.15567198,-0.09100859,-0.19155039
0.039690286,-0.033472653,-0.13645776,-0.062062517,-0.053545207,0.081389695,-0.18340565,-0.1350629,-0.077068575,0.053623777,-0.0016990094,0.048448015,-0.09222923,-0.12219686,-0.07355324,-0.108556226,-0.048800558,-0.16126521
-0.21433945,-0.28039494,-0.23499194,-0.24776244,-0.27484432,-0.22081068,-0.22056173,-0.37698215,-0.29988125,-0.1094345,-0.14672022,-0.26302922,-0.1771793,-0.11278484,-0.14341138,-0.25459358,-0.33833614,-0.116206095
-0.20929724,-0.27553955,-0.23846519,-0.21823955,-0.2738543,-0.20247602,-0.21462125,-0.36483037,-0.3000313,-0.0942322,-0.1493687,-0.24178196,-0.1794979,-0.10845848,-0.15044855,-0.26387757,-0.32886234,-0.12108562
0.07814585,-0.20472418,-0.10677339,0.06979086,-0.17135127,-0.11035694,-0.08668937,-0.22074445,-0.09660934,-0.020469755,0.14800957,-0.08895215,-0.2042189,0.06870007,0.035287477,0.04880054,-0.10481176,-0.050923403
-0.04485577,-0.3836254,-0.18257843,0.03867012,-0.35733268,-0.17437133,-0.15443239,-0.3167024,-0.19885513,-0.11832304,0.093962386,-0.14530669,-0.21398814,-0.09608536,-0.06635525,-0.027533615,-0.16295335,-0.11393713
0.047878526,-0.21835689,-0.1966497,-0.14762764,-0.20017697,-0.001842151,0.023324769,-0.11470126,-0.08334305,-0.038041707,0.13312666,-0.067418516,-0.11005271,-0.09375863,0.1314104,0.29019055,0.0905365,0.030924005
-0.016637424,-0.26087013,-0.21334,-0.19073117,-0.24194661,-0.027007628,-0.01415543,-0.16975023,-0.13018143,-0.08724207,0.15614416,-0.12492223,-0.11328625,-0.117871426,0.056188058,0.27362007,0.014015617,0.025849756
0.017409738,-0.28685078,-0.27372393,-0.012406897,-0.26328978,-0.17346221,-0.028899264,-0.18388093,-0.11759048,-0.06191106,0.1114456,-0.15893212,-0.15415174,-0.09940696,0.10319512,0.1735116,-0.0029103397,0.004846851
-0.07737083,-0.3299561,-0.32446876,-0.14092574,-0.28689036,-0.21558955,-0.10523411,-0.2731053,-0.21372382,-0.15495937,0.07604629,-0.27940732,-0.20100325,-0.205516,0.00035352004,0.15565354,-0.11580755,-0.034489024
-0.015054406,-0.30466175,-0.2708793,-0.09389335,-0.2742664,-0.11273221,-0.06955985,-0.1966803,-0.16448534,-0.059393894,0.13474627,-0.08102856,-0.21172072,-0.14983283,0.048113666,0.17766173,0.026097864,-0.029293673
-0.08709123,-0.3481951,-0.30113572,-0.12995544,-0.32030162,-0.13920271,-0.103256375,-0.25597864,-0.21879743,-0.11377746,0.13990669,-0.15969555,-0.20519027,-0.1690204,-0.020039985,0.14600573,-0.06402255,-0.03168551
-0.17563364,-0.30211145,-0.11034598,-0.05224364,-0.2844138,-0.09460121,-0.09131266,-0.26603296,-0.12084549,-0.18444473,0.22254367,-0.081014335,-0.14712483,-0.14916494,-0.19833322,0.054812506,-0.13832334,0.08036142
-0.17274284,-0.2942449,-0.1270568,-0.051791117,-0.27801383,-0.07176902,-0.076927304,-0.24932961,-0.10726026,-0.17044108,0.24260703,-0.06755027,-0.13688497,-0.13809825,-0.17460017,0.06926669,-0.111838676,0.09404735
0.16255574,0.007423709,-0.02404976,-0.12814777,0.1355329,0.0439626,0.09741901,0.19532359,0.012773669,0.24993303,0.08865289,0.10104268,-0.05107382,0.13322298,0.2219125,-0.018902386,0.16378888,0.10777739
0.008112934,-0.06826759,-0.07166554,-0.1594981,0.015085831,0.033350036,0.064718366,0.194876,-0.020006329,0.25097808,0.040352535,0.10559872,-0.090699956,0.12405213,0.19567978,-0.083203666,0.12866887,0.06624909
0.01871544,-0.12463717,-0.20382975,0.00472147,-0.16246952,0.067165606,-0.058273546,0.11548352,-0.047574405,0.17509843,0.05354594,0.3148795,-0.09254528,-0.18861233,-0.09567666,-0.06460188,0.1331169,-0.16561933
0.01406434,-0.11156998,-0.18672235,0.015671907,-0.1529381,0.083255105,-0.018981926,0.15089656,-0.023545416,0.21213503,0.072281756,0.35324273,-0.07914041,-0.14756465,-0.03391465,-0.047661893,0.18899834,-0.12981135
0.3183331,0.4273876,0.51055837,0.3594592,0.47440118,0.35176462,0.29244602,0.30847684,0.50610363,0.26266098,0.20442782,0.35882503,0.33864293,0.5035502,0.35538447,0.26913944,0.25675067,0.2935713
0.32400396,0.42594776,0.5202214,0.4036341,0.4796878,0.3520609,0.30734554,0.31154323,0.49537644,0.25436065,0.23628229,0.3437537,0.37616444,0.50052524,0.34153706,0.28794858,0.24032979,0.31890246
-0.07434739,-0.23878849,-0.17836988,-0.23090032,-0.25068548,-0.0035462552,-0.11858918,-0.15108234,-0.14374198,-0.091867894,0.15883583,-0.10630472,-0.05624497,-0.24589026,-0.12042374,0.17932026,-0.14657423,-0.06191306
-0.063300624,-0.21416259,-0.17036375,-0.24249876,-0.22813252,0.020229576,-0.10555354,-0.13740103,-0.1254066,-0.07783989,0.1692582,-0.09878531,-0.055185273,-0.22099125,-0.106035955,0.18716222,-0.13524094,-0.06673212
0.17500137,0.11715988,-0.103794254,0.06080134,0.17624271,0.16940384,-0.036734115,-0.032787357,0.04379907,0.05921538,-0.00915365,0.07159593,-0.12521757,-0.017879216,0.04085903,-0.09457353,0.057579048,-0.15071975
0.14445996,0.11396282,-0.10383915,0.046889722,0.17823182,0.15943547,-0.042399608,-0.039068587,0.025479745,0.04801015,-0.0003021683,0.047038775,-0.12374925,-0.0031692598,0.051892858,-0.09950655,0.04479856,-0.12783384
-0.14198573,0.09133603,-0.021379087,-0.031827115,-0.0010637806,0.1741537,-0.04996332,0.03546591,-0.0036953983,0.080232315,-0.06621618,0.09530873,-0.085959405,0.005926609,-0.11126019,-0.15263835,-0.11840776,-0.266093
-0.14054652,0.09017095,-0.020768825,-0.028449867,-0.0012714302,0.17629166,-0.04784757,0.035049256,-0.0043621715,0.078183316,-0.065053456,0.0918196,-0.074455485,0.0030013854,-0.11362697,-0.15113452,-0.121100575,-0.26145643
0.09471659,0.22408146,0.08540158,0.08162033,0.25791004,0.10216534,0.20673981,0.37783355,0.098628365,0.30279094,-0.019082189,0.20906301,-0.02632855,0.12920338,0.17533867,-0.05307823,0.21625632,0.075317025
0.04039878,0.16371776,0.06854188,0.090782985,0.1847277,0.08839295,0.16544114,0.35405797,0.0698789,0.2854842,-0.038240112,0.19347362,-0.05342807,0.10975076,0.12911946,-0.08272025,0.16795233,0.03424563
-0.22774807,-0.21513478,-0.31055802,-0.12733257,-0.1493791,-0.19602299,-0.22214192,-0.21133234,-0.17831637,-0.09202328,0.16374983,-0.03524098,-0.17051543,-0.31239673,-0.2453553,-0.12741607,-0.14454822,-0.070608266
-0.22663337,-0.19291571,-0.29168493,-0.12066765,-0.13080305,-0.17901707,-0.1933348,-0.21195881,-0.18085165,-0.09697442,0.17813998,-0.050798543,-0.1832451,-0.29858142,-0.25528,-0.09428632,-0.14407119,-0.045901492
-0.12866414,-0.42537108,-0.40910575,-0.025640002,-0.42852455,-0.33091298,-0.34101066,-0.42545947,-0.36049697,-0.13821319,-0.22499023,-0.15375037,-0.31403372,-0.3603164,-0.2877156,-0.38169307,-0.32524016,-0.37276387
-0.121097095,-0.4335465,-0.37398058,0.013261013,-0.45778954,-0.32123327,-0.34628776,-0.42043564,-0.3570564,-0.1392476,-0.2043628,-0.16955648,-0.24857093,-0.3818738,-0.33158547,-0.34021688,-0.36079672,-0.36641714
0.32024425,0.41855896,0.4319863,0.1416956,0.47635785,0.33323035,0.4582378,0.3109609,0.16995457,0.15333986,0.2830461,0.106847025,0.17701697,0.35744393,0.4133994,0.40060028,0.38980424,0.55251336
0.30701643,0.43204102,0.46914437,0.19155599,0.48594093,0.36029485,0.48789182,0.3187015,0.1945628,0.16463079,0.32838956,0.1493377,0.19521637,0.37300098,0.4331692,0.45488217,0.4119203,0.55603445
0.16978179,0.2657662,0.33361053,0.12651335,0.19950815,0.31738743,0.18741775,0.390878,0.21185894,0.2056642,-0.055056468,0.26938364,0.12732483,0.08067631,0.0823483,-0.021845795,0.1745048,0.021927092
0.24728554,0.3623213,0.30294496,0.19092146,0.41162357,0.28609756,0.25062752,0.44446936,0.30919558,0.23839372,-0.022016542,0.25671905,0.11167887,0.19146286,0.29481614,0.123352826,0.29205462,0.098693885
0.2672393,0.36907154,0.32498714,0.19757934,0.4036518,0.30466747,0.22977379,0.452232,0.33071387,0.24396211,-0.011028534,0.2761629,0.12933065,0.20217386,0.29180658,0.12742625,0.28476807,0.09525107
-0.024189616,-0.0078432225,-0.10158923,0.18721694,-0.053704474,-0.11084334,0.21813259,0.042933043,-0.057422105,-0.08253315,-0.13696167,-0.15881743,0.21150453,-0.08362504,0.01986393,0.009333229,0.027526041,0.038366772
-0.004642215,-0.023559866,-0.13641572,0.16702478,-0.07424921,-0.13302067,0.18371229,0.030411562,-0.05536622,-0.09170315,-0.14986537,-0.15532583,0.19205986,-0.09380627,0.005705989,-0.015442512,0.015140921,0.011935456
0.23878852,-0.112970896,0.21053274,0.19001876,-0.086892694,-0.033585735,0.23552206,-0.07673494,0.03144493,-0.12753023,0.13463955,-0.20657499,0.3403716,0.0959753,0.044691063,0.19619675,-0.074035026,0.33209744
0.2401816,-0.08054271,0.24554428,0.20086682,-0.06343712,-0.007979826,0.2581595,-0.05487386,0.0650038,-0.10926504,0.15538256,-0.19190048,0.36535865,0.14457949,0.07031876,0.22200781,-0.055391848,0.356995
0.09633037,0.12935892,-0.119543076,-0.10038195,0.235579,0.05477845,-0.06113525,-0.0669766,-0.019731808,0.12493459,-0.020144995,-0.044552173,-0.13565356,0.06929343,0.039374378,-0.03939019,-0.008014103,-0.10791129
0.13554211,0.14873664,-0.09388624,-0.11875812,0.2570904,0.08662651,-0.03484764,-0.027268061,0.014927928,0.14140268,-0.005991048,-0.042810727,-0.10410651,0.12565249,0.059422147,-0.027437234,0.015276164,-0.08370208
0.11216877,0.36461034,0.04172853,0.07886116,0.36060157,0.20078214,0.15812902,0.36619943,0.15668942,0.27877745,0.13846822,0.3661744,-0.009668848,0.09500414,0.31040138,0.14779495,0.3845397,0.08421976
0.078492895,0.31572536,-0.036933407,0.040684868,0.2972155,0.22221637,0.15233031,0.34684306,0.1516644,0.2476888,0.189641,0.3620517,-0.017662149,0.05274657,0.3251647,0.15072224,0.42020747,0.063310646
0.23722857,0.05057509,-0.093348905,-0.22554226,0.010451544,0.123341404,-0.106004104,0.11802966,0.007690753,0.066162094,-0.04110225,0.017493282,-0.109619565,-0.04348644,0.04242201,-0.11846884,0.013602344,-0.17667094
0.13976991,-0.025881745,-0.21002011,-0.25765985,-0.04149925,0.07517925,-0.11062496,0.014153985,-0.06827042,-0.01520821,-0.1251185,-0.038471743,-0.13721353,-0.15404418,-0.0008652933,-0.17424758,-0.0008137359,-0.23645154
0.13323227,0.13595848,0.013999341,-0.029861279,0.077767886,0.24968399,0.2046194,0.3794236,0.09138067,0.29193023,0.02900227,0.26222426,-0.04217108,0.063321866,0.26206577,0.03799149,0.30321988,-0.06048394
0.14283238,0.014597468,-0.052412,-0.13452314,-0.022000115,0.084792346,-0.05937092,0.057177495,-0.00595387,0.032028057,-0.07503864,-0.020045258,-0.0934412,-0.028703682,-0.014755077,-0.14852247,-0.05545979,-0.20314138
-0.15921973,-0.14416188,-0.1879598,0.09026874,-0.17714849,-0.28191417,0.08949024,-0.13333435,-0.18242928,-0.20343173,-0.13050054,-0.33758163,0.08194074,-0.1611075,-0.059864953,-0.03167004,-0.097487815,0.071451925
-0.17023595,-0.14179514,-0.19819549,0.107503265,-0.17971522,-0.27021524,0.08949089,-0.13519678,-0.17741105,-0.19896558,-0.12002627,-0.33001855,0.08054824,-0.14342727,-0.05983133,-0.016179375,-0.09625924,0.063984945
-0.084624685,-0.17381872,-0.13981453,0.090628974,-0.19533035,-0.3023154,0.1136217,-0.18104966,-0.18363315,-0.2503036,-0.08643814,-0.37140307,0.115755595,-0.13665675,-0.021338418,0.04700662,-0.119587705,0.13283162
-0.10959799,-0.16204433,-0.16325678,0.0974453,-0.1949438,-0.29046273,0.0909421,-0.18637918,-0.1779638,-0.2597632,-0.09920966,-0.36812976,0.099694036,-0.12543191,-0.027608465,0.030660259,-0.12409794,0.1016117
-0.015092769,0.14356779,-0.1385048,-0.10557314,0.124327935,0.1550776,-0.0020685135,0.18059112,0.08895715,0.16671844,0.00082519505,0.36821854,-0.10593921,-0.15459114,0.14896487,-0.11349624,0.28202793,-0.09218424
-0.014393789,0.16623583,-0.120824486,-0.09003213,0.14342637,0.17651114,0.016786775,0.20018485,0.11827344,0.16725531,0.012605275,0.36869365,-0.07205268,-0.12953891,0.17155266,-0.08693052,0.2880206,-0.07608856
0.047649395,0.12011728,0.15309845,-0.0084974505,0.10971284,0.16895193,-0.0012172742,0.1116451,0.08546545,0.14495978,0.15676568,0.14957398,-0.011919464,0.22880071,-0.01096184,0.04212973,0.019148808,-0.074144505
0.04411824,0.12263525,0.15280575,-0.005563208,0.11087773,0.16959606,-0.0014142321,0.11372467,0.089504905,0.14389649,0.15901561,0.15237044,-0.009947684,0.22708821,-0.011352328,0.04448393,0.020585075,-0.07532185
0.45480642,0.26340184,0.35053694,0.3714423,0.27120462,0.14809684,0.23145233,0.1692176,0.29637426,0.018083118,0.011369855,-0.031917904,0.4202649,0.15661809,0.10692986,0.18031478,0.0047007445,0.10042801
0.051360253,0.10636799,0.14837189,-0.011286665,0.0994881,0.16178752,-0.0069562513,0.10490927,0.07693586,0.14566073,0.14982818,0.14758265,-0.018532421,0.22684075,-0.016047204,0.03850956,0.015730439,-0.078690715
0.47196218,0.27941975,0.36018953,0.39160615,0.2901537,0.1549039,0.23194683,0.17855772,0.30420876,0.02791154,0.01346193,-0.017900338,0.43713534,0.16266482,0.097167864,0.19045988,0.0023619318,0.0903231
-0.14013833,-0.38112894,-0.25590587,-0.23012355,-0.38495708,-0.14301822,-0.17374356,-0.25426948,-0.29746324,-0.093614794,-0.20936532,-0.24680272,-0.22294621,-0.24725859,-0.13193835,-0.2394911,-0.18696207,-0.20408764
-0.2241199,-0.3088492,-0.13694578,0.036959562,-0.31747815,-0.051100153,-0.084537625,-0.27945247,-0.15182756,-0.17439774,0.188704,-0.1358064,-0.11869425,-0.20229219,-0.26119286,0.064049006,-0.20909372,0.0045881714
-0.26133788,-0.3060414,-0.16956243,-0.008960734,-0.3223013,-0.055554997,-0.0886421,-0.2927138,-0.16297217,-0.17564183,0.18461154,-0.152274,-0.11381933,-0.20502643,-0.25960198,0.042707052,-0.21769865,0.009240837
-0.287871,-0.45035678,-0.3112111,-0.13982292,-0.5040746,-0.38113505,-0.44300508,-0.4640525,-0.362709,-0.17018673,-0.17980722,-0.08730088,-0.35953847,-0.26206604,-0.35987002,-0.39258024,-0.41336334,-0.33621213
-0.2955743,-0.4511987,-0.30424568,-0.16586769,-0.49855018,-0.38714454,-0.43832663,-0.4734527,-0.36717814,-0.18774863,-0.18001263,-0.12746921,-0.32954046,-0.26261243,-0.37388077,-0.38211426,-0.43554315,-0.30896136
-0.13872054,-0.17437775,-0.1333622,0.02088805,-0.2104092,-0.11194753,-0.1383537,-0.20051603,-0.1716056,0.005566596,-0.018931407,0.009565891,-0.063274786,-0.12879483,-0.08435258,-0.10745803,-0.11765301,-0.098628886
-0.16358545,-0.1683806,-0.13338172,0.014505117,-0.20478483,-0.10412024,-0.120670855,-0.20826797,-0.17036167,0.010666147,-0.021948386,-0.011973087,-0.057893932,-0.12572384,-0.06317542,-0.09147058,-0.114283584,-0.084329784
0.25660598,-0.037242875,0.06514855,0.32119945,-0.048599884,-0.12315799,0.21078742,-0.043765813,0.050948944,-0.0135469055,0.16281226,-0.14154787,0.36234477,0.034048665,0.045346513,0.30186984,-0.05462006,0.2947247
0.37481532,-0.059248526,0.03412867,0.2996754,-0.08092555,-0.12856185,0.18621026,-0.050318576,0.035106122,-0.04623348,0.12872425,-0.15353459,0.31698057,0.025912784,0.024677375,0.2576314,-0.05776948,0.22896293
0.20028014,-0.19638667,-0.29954183,-0.0883481,-0.20955968,-0.1888691,-0.25202683,-0.06866238,-0.17952855,0.05966761,-0.16803026,-0.01434982,-0.25885645,-0.22044288,-0.16977794,-0.20215869,-0.15293501,-0.2905185
0.3109684,-0.20960924,-0.27016142,-0.062098276,-0.22434236,-0.13962139,-0.23151366,-0.08900222,-0.17763175,0.06324028,-0.15173268,-0.0138765825,-0.2660045,-0.18603437,-0.1734375,-0.18158843,-0.15641373,-0.30286998
0.009177877,-0.3138648,-0.27351603,-0.07903201,-0.3028446,-0.09643352,-0.24658561,-0.2873871,-0.23828739,-0.0958384,-0.17176136,-0.22676888,-0.19589983,-0.08645323,-0.33290464,-0.25988218,-0.31913373,-0.27902427
-0.0346183,-0.26875934,-0.2369394,-0.01846826,-0.25525248,-0.14205416,-0.26053262,-0.32867995,-0.25010827,-0.1182043,-0.17594951,-0.20935467,-0.24058427,-0.08193417,-0.35835066,-0.24985015,-0.35897905,-0.29505065
-0.24135287,-0.36927024,-0.19932146,-0.1723044,-0.43619323,-0.32656777,-0.32514518,-0.43390504,-0.3729636,-0.14903437,-0.16707253,-0.16365463,-0.29917702,-0.22242253,-0.30100918,-0.27237535,-0.39550295,-0.25926846
-0.22210516,-0.3613075,-0.19665103,-0.17790098,-0.42156884,-0.33062586,-0.30912048,-0.42475885,-0.3508916,-0.1477885,-0.1590241,-0.1818653,-0.264287,-0.20127903,-0.28272864,-0.24859543,-0.39080918,-0.2343298
0.31699973,-0.032175675,-0.14686233,0.06800339,0.025139302,0.11582699,-0.0035959403,0.054988135,-0.0065751933,0.08217943,-0.010260522,0.019931085,-0.15656735,0.000552384,0.06993091,-0.10551851,0.0569034,-0.21141349
0.31040272,0.0023553295,-0.13492805,0.079565234,0.048859913,0.14149645,0.011860872,0.0923203,0.00067958265,0.09667159,-0.03751028,0.016271621,-0.16279598,0.032199368,0.09030966,-0.13036588,0.06993991,-0.21466091
0.0048972326,0.060919393,-0.09127536,0.1661906,0.06680155,-0.061669808,0.06834908,0.102451235,-0.061451256,0.059446342,-0.044139042,-0.065325335,-0.062448032,-0.085624054,-0.015982432,0.08807582,0.0073476876,-0.075656086
-0.011118034,0.045299463,-0.11178284,0.16884555,0.052888013,-0.07169052,0.06780109,0.079207845,-0.07715903,0.03417737,-0.03903982,-0.09986306,-0.05479681,-0.089899026,-0.019161358,0.09275265,-0.007960716,-0.07450929
0.11144772,-0.1524394,-0.28903347,-0.01089428,-0.11529881,-0.088080205,0.016906675,0.0014009564,-0.09801931,0.04660214,0.040218018,-0.098959245,-0.14854829,-0.090731464,0.14049141,0.09895445,0.0698142,-0.0655048
0.07745834,-0.16834065,-0.2516763,0.0028543402,-0.13236953,-0.07392506,0.06897924,-0.00857412,-0.107994445,0.027504086,0.09067211,-0.12876186,-0.14335585,-0.030690296,0.17862307,0.12723358,0.07979154,0.0039661247
0.38605225,-0.060639516,0.096996315,0.4254977,-0.062296238,-0.07412742,0.18730158,0.040018503,0.121597454,0.020560376,0.07388134,-0.02330196,0.3655081,0.015136601,0.1040982,0.253012,-0.016695963,0.15506326
0.336556,-0.069716,0.09100397,0.44786066,-0.08100762,-0.07154177,0.2015993,0.03146692,0.09738101,-0.001874049,0.0790161,-0.06915043,0.35782585,0.02871651,0.10638446,0.28204492,-0.032159552,0.16848196
0.32748854,-0.08355463,-0.15539166,0.03163048,-0.049964655,-0.06160831,0.06981239,0.08271582,0.004901988,0.06710652,0.065122694,0.01429106,-0.096153066,-0.023096066,0.21735603,0.1347677,0.1445247,0.0187212
0.3278719,-0.08845233,-0.1430209,0.05028033,-0.047258884,-0.052561,0.077088065,0.05810165,0.0022367793,0.05415473,0.099556126,-0.008010196,-0.0881851,-0.00041534682,0.2305426,0.15246004,0.13967913,0.04340043
0.31043872,-0.012834552,-0.20201482,0.018529577,0.021515265,0.011980197,0.023250468,0.092655234,0.017562632,0.09056386,0.037988853,0.010793861,-0.088417515,-0.0796726,0.16838455,0.10809886,0.11993717,-0.05985272
0.30624226,-0.05411507,-0.175097,0.05043754,-0.018028973,-0.0006888014,0.05660316,0.06660919,-0.004938933,0.06437955,0.08070593,-0.019078618,-0.06939511,-0.049304094,0.17794274,0.14410636,0.10867468,-0.008847695
0.08819547,0.3994289,0.1102894,0.080478996,0.37954623,0.34096137,0.2172975,0.47545028,0.2601553,0.38985375,0.025555125,0.44724607,0.057346877,0.04929371,0.2783768,0.08901183,0.41665167,0.012422778
0.07981018,0.4018184,0.119628355,0.09032189,0.3797506,0.36346796,0.2470564,0.49019048,0.2857731,0.3995283,0.07665516,0.46331245,0.062603675,0.10701188,0.3002702,0.118732,0.4378331,0.040421348
0.13876104,0.075421475,-0.011007497,-0.14087842,0.23550218,0.12111302,0.036633685,0.013550286,-0.023441965,0.030973502,0.26623997,0.04156302,-0.17599407,0.031296737,0.066789106,-0.0466223,0.14020933,0.30904007
0.14530131,0.079474345,-0.0076228883,-0.14686133,0.24020204,0.12576152,0.037795544,0.022634009,-0.02591033,0.032831315,0.26813835,0.04261109,-0.17052813,0.03094442,0.055079147,-0.04861859,0.13159025,0.3061545
0.24615124,0.42133,0.23632675,0.17289679,0.3810604,0.39169416,0.22364049,0.38653287,0.32652244,0.3675769,0.062160473,0.33687648,-0.06566287,0.421758,0.31828773,0.091826834,0.31934837,0.003065553
0.23327933,0.41588345,0.26273063,0.19284512,0.37208936,0.40378037,0.23623672,0.36849466,0.30937386,0.36187378,0.06504207,0.31229958,-0.07155935,0.4503249,0.30144185,0.086329535,0.2894274,-0.0004771538
-0.22194363,-0.26751977,-0.22620694,-0.15857458,-0.20394754,-0.17769055,-0.111175455,-0.2737183,-0.2740372,-0.053299744,-0.11497794,-0.18444969,-0.15537713,-0.1836213,-0.006809282,-0.19332686,-0.1526759,-0.04776437
-0.22386022,-0.28014344,-0.24262355,-0.1707549,-0.21364763,-0.1891096,-0.13141234,-0.28677538,-0.2935507,-0.070593506,-0.12395095,-0.20759663,-0.17366247,-0.19133358,-0.02885652,-0.20758526,-0.17501074,-0.06673336
0.020398827,-0.31434494,-0.1323839,0.1742425,-0.34142348,-0.25071132,0.06516957,-0.31113958,-0.22819941,-0.31445596,-0.06220071,-0.34844774,0.101281516,-0.13995354,-0.14572546,0.022760838,-0.21894264,0.0797619
0.013575121,-0.32230946,-0.16875063,0.16736016,-0.35454693,-0.26145765,0.041003987,-0.3208844,-0.23064336,-0.31494787,-0.060955144,-0.34245256,0.08770356,-0.14577854,-0.15402842,0.020223897,-0.22675018,0.05586322
0.1240537,-0.34780654,-0.2369619,-0.113442466,-0.349273,-0.21050537,-0.25522158,-0.30538917,-0.24163623,-0.08633574,-0.183737,-0.21361253,-0.27816725,-0.13309452,-0.27123445,-0.30210167,-0.38042063,-0.30318952
0.107877225,-0.33849382,-0.27331585,-0.101976335,-0.3479766,-0.21711278,-0.23739241,-0.28179005,-0.21454659,-0.09023927,-0.1960027,-0.20700383,-0.2548106,-0.1369893,-0.2540864,-0.31273368,-0.35893956,-0.30387673
0.27041733,0.5009657,0.44713762,0.1320218,0.5296893,0.38348648,0.26813334,0.4193787,0.32791886,0.29251415,0.025588812,0.27904677,0.09532808,0.36261952,0.23980996,0.12884618,0.22395143,0.058963858
0.32060885,0.4870055,0.41688877,0.075530834,0.52758414,0.39191216,0.23603402,0.43234318,0.327236,0.28116077,0.04166636,0.2707958,0.08160923,0.36510426,0.22045505,0.10906337,0.2124613,0.060787883
-0.22027335,-0.2986214,-0.21881439,-0.17699467,-0.29322562,-0.23887588,-0.24560991,-0.37576243,-0.32144436,-0.079661734,-0.102767386,-0.19416721,-0.20773672,-0.15913421,-0.16424511,-0.25499204,-0.34716088,-0.0933953
-0.22001702,-0.30303082,-0.17841032,-0.17212695,-0.3044885,-0.21391828,-0.20034404,-0.37117237,-0.3143039,-0.08574368,-0.072473936,-0.22808893,-0.1529251,-0.11944889,-0.16306844,-0.20685159,-0.3569592,-0.065357566
0.19605409,0.22381663,-0.024479216,-0.12838149,0.28820172,0.23567484,0.123160325,0.4114672,0.17860577,0.32753596,0.04673906,0.1723853,-0.029869325,0.22165178,0.25391793,-0.07455782,0.23415929,0.0994541
0.17599735,0.24585973,0.028375288,-0.114116415,0.3017642,0.28017294,0.18138386,0.43494818,0.20756671,0.3459853,0.08956171,0.1840143,0.0051149772,0.30432042,0.28673646,-0.037844583,0.25402582,0.13714641
0.3493044,0.3121612,0.19575179,0.27844775,0.26395452,0.3184338,0.11418985,0.35969973,0.27513954,0.21903941,0.025745753,0.35169998,0.09744024,0.12913208,0.16864458,0.0059556477,0.20596865,-0.11983602
0.36882064,0.30002716,0.18098891,0.2782685,0.25224656,0.313256,0.102256075,0.3435501,0.2867991,0.21173702,0.04251902,0.36782914,0.088681825,0.13252036,0.1741316,0.02445079,0.21671894,-0.12690337
-0.21529914,-0.42106834,-0.21346505,-0.2155857,-0.40430117,-0.024712048,-0.2502804,-0.21482259,-0.30395412,-0.070391,-0.16897082,-0.16082877,-0.32155812,-0.20311391,-0.32763955,-0.32415217,-0.31190592,-0.31725547
0.2998553,-0.13261896,-0.27342996,-0.08637959,-0.13236612,0.037685525,0.016139746,0.093376026,-0.010548457,0.030185811,-0.1438072,0.045691922,-0.14123985,-0.24577086,0.033211645,-0.07063063,0.11761093,-0.2400919
0.30243936,-0.13479206,-0.24990776,-0.055126343,-0.14354244,0.0474813,0.023220187,0.09797617,0.016203687,0.05111716,-0.12624478,0.08641436,-0.13697724,-0.2144236,0.05768743,-0.053965542,0.13281809,-0.22786221
0.040322796,0.082939655,-0.014783584,0.031190317,0.09852397,0.29362184,0.0070377607,0.012812895,-0.005573873,-0.010894094,0.33483014,0.047588773,-0.082011186,-0.052212495,-0.12125763,0.117982335,0.051937778,0.13363999
0.035424832,0.083737135,-0.022026706,-0.014526892,0.09762688,0.28154358,-0.0012020766,0.0013996984,-0.03355178,-0.019660128,0.3212847,0.008835918,-0.09396504,-0.06534505,-0.14632773,0.10319645,0.020659484,0.13915436
-0.18237278,-0.28941134,-0.351938,-0.06503884,-0.29193914,-0.03468753,-0.26082066,-0.13686612,-0.16702512,0.030517675,-0.15644597,0.0677277,-0.22572874,-0.41123483,-0.15460946,-0.2776942,-0.03481724,-0.37880704
-0.23496644,-0.28578725,-0.36988285,-0.109433986,-0.29450554,-0.03054075,-0.24242292,-0.14161858,-0.20976451,0.01907676,-0.1687503,0.01540866,-0.2306875,-0.4203379,-0.17762169,-0.2932274,-0.065669395,-0.3683844
-0.2005163,-0.24585523,-0.19621865,-0.23258066,-0.15907733,-0.22207215,-0.10524258,-0.2856611,-0.27406704,-0.083889514,-0.13463329,-0.23694138,-0.16984604,-0.14111578,0.00021954766,-0.1694571,-0.17538373,-0.039821897
-0.1866311,-0.26292068,-0.20904405,-0.23931858,-0.17523633,-0.23273721,-0.12749778,-0.30302492,-0.29109427,-0.098021284,-0.14062773,-0.24608701,-0.1843929,-0.16061482,-0.026558211,-0.18057422,-0.19582674,-0.06060606
0.18530387,0.3223692,0.48716635,0.15397663,0.32837373,0.32132044,0.21444379,0.17257725,0.2872653,0.095094725,0.2166561,0.13300623,0.020199142,0.57287455,0.26499677,0.08730476,0.1508851,0.26988485
0.12983075,0.2999,0.44424376,0.1333077,0.32392043,0.3108234,0.23023406,0.14954521,0.23981358,0.07088659,0.2764066,0.10835115,0.0037778858,0.52666485,0.25591576,0.10541222,0.17086135,0.31433156
-0.26278794,-0.290765,-0.19655527,-0.10599746,-0.29269147,-0.28977862,-0.1894278,-0.34933183,-0.2388237,-0.079104505,-0.1073368,-0.16299084,-0.13508587,-0.15443067,-0.08583998,-0.18376233,-0.252482,-0.08550042
-0.25650954,-0.2943811,-0.21472642,-0.096455894,-0.29851612,-0.28655496,-0.2077886,-0.34200063,-0.24272391,-0.07474133,-0.12116834,-0.15174182,-0.13990197,-0.17408235,-0.10774045,-0.21005784,-0.26346478,-0.105441816
-0.31943184,-0.36321968,-0.26062056,-0.13696848,-0.3373653,-0.27860618,-0.23732619,-0.3584839,-0.41489178,-0.12340163,-0.14852168,-0.17745842,-0.24967276,-0.3269552,-0.23579729,-0.28136826,-0.27914324,-0.20120293
-0.29578167,-0.3439979,-0.23108515,-0.12108796,-0.3230002,-0.26783335,-0.20747247,-0.34318542,-0.38848022,-0.111022815,-0.15243237,-0.16702633,-0.20430431,-0.30630112,-0.2132788,-0.25804242,-0.26780972,-0.16454908
0.24168739,0.07237567,0.054288417,0.03138917,0.15061732,0.25089684,0.089522526,-0.006220473,0.0066317986,-0.06926738,0.29205477,-0.09492876,-0.11154873,-0.053157534,0.022599725,0.3404906,0.0976946,0.082176246
0.007946137,-0.014040211,-0.044034883,-0.13338497,-0.0014040194,0.16625759,0.063441776,-0.017244697,-0.024446871,-0.07045341,0.19786508,-0.10334384,-0.12789285,-0.004071662,0.13281256,0.20249863,0.08951218,0.016662113
-0.22719727,-0.29556352,-0.15681759,-0.14146268,-0.3070738,-0.252704,-0.29110527,-0.30332363,-0.15644503,-0.038010538,-0.0798872,-0.047938205,-0.1749791,-0.06437737,-0.24498151,-0.27263996,-0.3838482,-0.16372062
-0.21805353,-0.27881366,-0.14446542,-0.12988472,-0.2936181,-0.22034596,-0.2770553,-0.2760592,-0.14966103,-0.012887367,-0.06654487,-0.02579969,-0.1724558,-0.048676997,-0.24793948,-0.277413,-0.37844852,-0.15163226
-0.20454371,-0.3784504,-0.2484094,-0.18873368,-0.42967162,-0.3715373,-0.3229194,-0.29695308,-0.35416576,-0.095136635,-0.14169614,-0.05395745,-0.23788954,-0.27250013,-0.28332824,-0.30277175,-0.30783328,-0.22365063
-0.22371824,-0.34652296,-0.22290882,-0.13630751,-0.3902826,-0.3659857,-0.29110944,-0.32585594,-0.3478292,-0.10859371,-0.16132979,-0.0807962,-0.21514376,-0.27249938,-0.23596092,-0.27882734,-0.28948456,-0.18899527
0.19508515,0.37215522,0.17551385,0.0015536342,0.40360355,0.22365575,0.1878741,0.38128775,0.26062793,0.28005385,0.18112025,0.25423336,0.09920321,0.24722296,0.23881723,0.14818916,0.18498337,0.1600003
0.1858724,0.3198708,0.08023315,-0.12302423,0.3610955,0.20800447,0.13511571,0.31207484,0.21635917,0.22150864,0.22609228,0.17800327,-0.0041054115,0.20430243,0.2118931,0.18434891,0.17218043,0.12743248
-0.027423853,-0.051052917,-0.21049048,0.016097214,-0.033946566,0.032006245,-0.21470752,-0.04619472,0.036107443,0.027156502,-0.08650542,0.07069623,-0.20823134,-0.08094064,-0.149006,-0.18067427,-0.04330683,-0.330566
-0.015490787,-0.058305807,-0.21010688,0.028537624,-0.04379914,0.028169513,-0.21207483,-0.032277886,0.025849633,0.044451278,-0.109310634,0.082176946,-0.19094084,-0.09811346,-0.17146619,-0.18164688,-0.043518294,-0.3448054
-0.029145947,-0.090133555,0.08040083,0.03009956,-0.10245423,0.059482984,-0.05865238,0.15892409,0.04969871,0.16830008,-0.018222269,0.13136831,-0.05593273,-0.0011833715,-0.14605205,-0.17037529,-0.09002288,-0.0628959
0.077214874,0.1264833,-0.11299048,-0.11981928,0.16817155,0.20046417,-0.09045562,0.07216337,0.031617455,0.17113087,0.042666793,0.23888485,-0.14553237,-0.06408975,0.012443578,-0.09332858,0.11821156,-0.24057153
-0.024039373,0.071015514,-0.14392403,-0.09277508,0.07872753,0.18219739,-0.10251316,0.061822888,0.04481371,0.17963566,0.053733375,0.2683722,-0.13769442,-0.06817033,0.021708515,-0.096614845,0.11761559,-0.24108781
0.020444196,0.23603466,0.16271336,0.19425406,0.16044176,0.2310338,0.31389755,0.17664866,0.12579873,0.014943097,-0.025140667,-0.05782483,0.2938312,0.070481434,0.12800685,0.14307031,0.12496375,0.098462485
-0.16294764,-0.17840964,-0.18266359,0.055126157,-0.2593305,-0.13815393,-0.23574401,-0.14240932,-0.057019215,-0.0032408077,-0.15727228,0.12528332,-0.028650992,-0.25548863,-0.20797901,-0.1911806,-0.13965037,-0.1972517
-0.16222778,-0.17095543,-0.1924022,0.06595145,-0.24905467,-0.15213262,-0.23204103,-0.14141072,-0.083091505,-0.000753409,-0.17674442,0.12607959,-0.025498798,-0.29783407,-0.21209034,-0.18660346,-0.12505049,-0.20259385
0.0074948077,0.002122757,-0.03601703,-0.07696632,0.095870845,0.020642474,-0.0023957526,-0.013120041,-0.04281781,0.12155581,-0.016397882,0.0714152,-0.02172629,-0.032861054,0.036986854,-0.12742127,0.011182825,-0.088765234
0.07410766,0.044971567,-0.0028300711,-0.063889354,0.14922398,0.052051652,0.014387663,0.028262885,0.0039354376,0.14488025,-0.005788635,0.10608262,-0.00945975,-0.012565859,0.054790676,-0.11098503,0.04049102,-0.088070996
-0.22455484,-0.10318972,-0.16276255,-0.08131338,-0.11720707,-0.1009944,-0.14509647,-0.20862372,-0.15571108,0.07294007,-0.11108073,0.011667514,-0.11115923,-0.13281469,-0.0078009726,-0.1441746,-0.1023978,-0.038103968
-0.29540327,-0.1661448,-0.19423926,-0.11189877,-0.17357256,-0.1274795,-0.15023296,-0.24179101,-0.18667534,0.039662044,-0.106067106,-0.060141545,-0.12917198,-0.09265652,-0.02387435,-0.19722408,-0.15393806,-0.04043831
-0.2622484,-0.3092128,-0.27076715,-0.15811233,-0.26026586,-0.2578461,-0.14521731,-0.28712532,-0.3293849,-0.099187784,-0.16811903,-0.20890148,-0.14164782,-0.29993156,-0.13924298,-0.27603766,-0.21094361,-0.12154008
-0.29297802,-0.30609933,-0.26327813,-0.17763701,-0.26371887,-0.27289665,-0.15969852,-0.29262123,-0.3098811,-0.1123272,-0.16124439,-0.20974329,-0.12521347,-0.2919499,-0.13848713,-0.27177516,-0.21995443,-0.11341146
-0.036205385,0.10840661,-0.12436879,-0.07959068,0.06759538,0.21346016,0.17919649,0.19833058,-0.003009575,0.10599499,0.05677359,0.15042637,-0.106299065,-0.06569378,0.1802927,0.10422507,0.27273956,-0.046483207
0.022669727,0.1320678,-0.10961899,-0.076643564,0.08753099,0.24463244,0.19504993,0.21759784,0.016107723,0.12333528,0.053839725,0.1586605,-0.07902721,-0.05299126,0.18580885,0.11918172,0.28738245,-0.038638502
-0.11994033,-0.17575413,-0.16770506,-0.21926107,-0.18019836,0.033319667,-0.117868096,-0.17083557,-0.10619333,0.017902259,-0.010764879,-0.037381176,-0.14658913,0.062314473,-0.038004708,-0.17467223,-0.11456301,-0.17249699
-0.10251072,-0.1469982,-0.13578543,-0.21686925,-0.14639111,0.018105505,-0.110245995,-0.18898773,-0.108943224,-0.0014229869,-0.019792277,-0.08108236,-0.122090004,0.060679037,-0.040540904,-0.15300857,-0.14123046,-0.14608477
0.027575172,0.118392244,-0.06940881,-0.038395006,0.12186958,0.23073752,0.1520603,0.3386732,0.1750812,0.23375744,0.05939845,0.41170415,0.05234969,-0.086691976,0.2217164,-0.018580178,0.36290562,0.026743064
0.048820205,0.17790918,-0.030525016,-0.039961517,0.18116662,0.26880902,0.18133925,0.37567228,0.19903308,0.24774162,0.07846252,0.41426435,0.098098785,-0.06336138,0.2360563,0.0018896408,0.3705351,0.058921102
0.0025696864,0.13372569,-0.019820629,-0.027104994,0.124571644,0.23322369,0.11361678,0.36426458,0.23581252,0.26831782,0.11923615,0.48537332,0.08585557,-0.056885462,0.22774129,-0.0020425818,0.36550936,0.048386715
-0.0036990868,0.15315007,0.0069104247,0.015463036,0.13707635,0.25530154,0.12097846,0.3744427,0.25860745,0.27161244,0.13023654,0.49890745,0.12132053,-0.043423157,0.22873743,0.00887017,0.36491507,0.05739122
0.28339216,0.23255809,0.0431046,-0.04210298,0.30317593,0.21002685,0.087600425,0.37178457,0.26042446,0.28509077,0.09289774,0.45152423,0.08798987,-0.028802399,0.22513737,0.0745572,0.34811783,0.07659428
0.18828821,0.23286125,0.051232662,-0.031869028,0.28357494,0.2675137,0.14544788,0.40300614,0.28851125,0.31012493,0.14345393,0.4848282,0.120789446,0.026518356,0.2608784,0.1066622,0.38113385,0.11174448
-0.19905142,-0.33893046,-0.13269943,-0.03251786,-0.37177595,-0.149421,-0.20140569,-0.3046262,-0.1565512,-0.20548278,0.16364233,-0.1340259,-0.17725347,-0.23613425,-0.3297303,0.046994984,-0.24969655,-0.014642826
0.22248866,0.4238294,0.2765254,0.18328543,0.44899163,0.3026723,0.10623791,0.18909262,0.19617419,0.22014661,-0.012990269,0.21506476,-0.09035769,0.2772102,0.19620144,0.018032234,0.15900312,0.011779933
0.23061006,0.45107487,0.3391025,0.19899704,0.4726073,0.33399937,0.15099317,0.2182684,0.21625757,0.24170801,0.01823853,0.22164235,-0.049340457,0.32846564,0.22496298,0.051542412,0.1692559,0.05232999
-0.18205364,-0.30094612,-0.28982684,-0.062888995,-0.3083659,-0.076268464,-0.23984045,-0.19726731,-0.21195619,-0.052705728,-0.20561917,0.0066492446,-0.16135831,-0.37092677,-0.18567073,-0.23120959,-0.10801504,-0.2781867
-0.11020353,-0.2668682,-0.24377087,-0.05773132,-0.29747915,-0.05157076,-0.2261994,-0.113709696,-0.13177395,0.0007670529,-0.2072221,0.11332561,-0.10568639,-0.37326407,-0.16368195,-0.22127779,-0.046123635,-0.25696573
-0.107925326,-0.15288281,-0.23080537,-0.12632976,-0.1355248,0.11747857,-0.025638653,0.080188714,-0.105188385,0.16478468,-0.10134431,0.076011956,-0.13408785,-0.15991622,0.05038282,-0.225769,0.100354046,-0.13311227
-0.116713755,-0.16546528,-0.23676027,-0.099846005,-0.1570551,0.08642525,-0.050536245,0.054192685,-0.116168104,0.1459193,-0.13646834,0.05147903,-0.14211991,-0.18226144,0.014925765,-0.2510343,0.054610547,-0.15792276
-0.24475218,-0.3249789,-0.2928934,-0.085189216,-0.35503098,-0.2234231,-0.28253803,-0.24324064,-0.06710601,-0.055899713,-0.055713158,-0.022297673,-0.10896601,-0.2337032,-0.1579345,-0.15673667,-0.22950234,-0.29234195
-0.28854647,-0.32534987,-0.28854534,-0.086337276,-0.36499903,-0.1891745,-0.26483572,-0.25384903,-0.07966608,-0.05923157,-0.057039425,-0.038529404,-0.107855424,-0.23040959,-0.1524436,-0.16786808,-0.23423514,-0.27651688
-0.25703883,-0.24278758,-0.3037824,-0.09935479,-0.28485906,-0.103301086,-0.1789988,-0.16449052,-0.21826094,-0.070857786,0.12022345,-0.010217229,-0.07613166,-0.28159446,-0.20344192,-0.022428907,-0.11415193,-0.021840302
-0.23977567,-0.22092804,-0.3029031,-0.10687207,-0.26537916,-0.0813461,-0.17681935,-0.13672736,-0.21253121,-0.056853157,0.123473585,0.006634803,-0.08133519,-0.28763863,-0.18680798,-0.015653934,-0.07748304,-0.021461532
-0.12724996,-0.07313138,-0.02263949,-0.07474081,-0.0941276,0.15058526,-0.038030874,-0.025187533,-0.15971158,0.074966416,-0.117991954,-0.06609943,-0.27395263,0.12153226,-0.08321586,-0.22532222,-0.12215838,-0.25842977
-0.14009559,-0.031487767,0.016651964,-0.041156482,-0.050797723,0.17157957,0.0063697924,0.010056344,-0.12953423,0.10408543,-0.09836334,-0.0332417,-0.23409009,0.16348954,-0.052320443,-0.20045435,-0.09390717,-0.219758
-0.03469783,0.132678,0.103971444,0.16639021,0.12231901,0.070585415,-0.003652531,0.009118869,0.15921189,0.13791898,0.26016447,0.15241776,-0.15356477,0.43886375,0.0823152,0.054431427,0.054394353,0.0056705927
-0.029162379,0.16364686,0.10901283,0.18177657,0.16011703,0.12981127,0.037991807,0.020240163,0.13779616,0.15785265,0.2695568,0.1299333,-0.12297329,0.46757254,0.089558646,0.06001553,0.055580307,0.027201014
0.23285787,0.29083088,0.07679128,0.06593588,0.19989687,0.40521267,0.11684431,0.25594208,0.33349705,0.17233892,0.08413673,0.2581105,-0.0020790782,0.12313488,0.27864027,0.10890933,0.32709685,-0.10022464
0.2282488,0.30757773,0.10052029,0.09609207,0.20673066,0.4295153,0.15555812,0.28426927,0.34872386,0.17933597,0.09054212,0.25813153,0.02612854,0.13766603,0.28557408,0.14950854,0.34018856,-0.089786485
-0.1765981,-0.32250088,-0.30948845,-0.12314866,-0.33344722,-0.23811555,-0.21111076,-0.3217275,-0.34842384,-0.10455357,-0.18184854,-0.0060041435,-0.29685602,-0.30035284,-0.1716126,-0.27389672,-0.13422002,-0.19964382
-0.19117714,-0.31916222,-0.2913922,-0.12034281,-0.33137,-0.244858,-0.20203388,-0.32506818,-0.34054527,-0.104942255,-0.18055514,-0.012893944,-0.27597672,-0.28114402,-0.16427375,-0.26193255,-0.1420541,-0.17756373
0.034766972,0.2537717,0.19420235,-0.03413481,0.25981992,0.30318767,0.103939965,0.25278127,0.10378795,0.21376757,0.118920565,0.19004712,-0.057857823,0.2689358,0.02854274,-0.041000973,0.03554869,-0.09397401
0.054636076,0.28315565,0.226824,-0.023148341,0.28615248,0.31684062,0.13133763,0.270764,0.15146774,0.23627882,0.16824986,0.20909642,-0.0143517405,0.32791954,0.058721095,0.0063009253,0.049512934,-0.051057875
0.025108118,0.18799812,0.14602815,-0.020045338,0.16017851,0.37602773,0.16194472,0.20103805,0.1361108,0.12733082,0.15595333,0.14098416,-0.0037191971,0.21368966,0.13783549,0.08181261,0.11624011,-0.0740184
0.027232887,0.21732043,0.16950391,-0.022135634,0.19549806,0.38784558,0.136694,0.19134787,0.15399763,0.13231784,0.21757878,0.16763882,0.016489467,0.21446311,0.1143852,0.1139614,0.09899211,-0.051772162
0.13688616,-0.36246997,-0.346122,0.077083714,-0.33015648,-0.21212497,-0.2019779,-0.290474,-0.23884363,-0.13152061,-0.1888908,-0.087449044,-0.2802775,-0.27778336,-0.16826206,-0.2691145,-0.18417576,-0.33736977
0.17005372,-0.3492891,-0.34444514,0.07311211,-0.31812268,-0.18973732,-0.19518591,-0.26785687,-0.18619294,-0.11731888,-0.18483996,-0.065984756,-0.25307643,-0.260044,-0.15821464,-0.25376722,-0.16349798,-0.3396652
0.021636577,-0.14170235,-0.20988266,-0.04921943,-0.12852167,0.014771441,0.06547488,0.07165263,-0.009623219,0.10596327,0.07433746,0.14170425,-0.19851202,-0.0049979603,0.25847095,-0.05251293,0.29817072,-0.0019196803
0.08546094,-0.108883165,-0.21531436,-0.056821153,-0.09920198,0.042146463,0.05084159,0.11269989,0.017917123,0.1315151,0.04040505,0.14190626,-0.17222252,-0.0032138838,0.21575922,-0.04861748,0.28711575,-0.034204952
0.08793994,-0.18337628,-0.24338274,-0.09451606,-0.15861651,0.014421776,0.0431929,0.09092224,-0.038750246,0.11990726,0.063913085,0.10656704,-0.20202951,-0.016822066,0.19613732,-0.06054321,0.26570988,-0.04430934
0.08010026,-0.20556323,-0.24693781,-0.082183614,-0.18790944,0.029909989,0.026969792,0.067313,-0.06521491,0.09885106,0.07250883,0.07121926,-0.20223258,-0.021847948,0.15983722,-0.05847118,0.22880253,-0.05574671
0.12379572,-0.1758359,-0.117915444,0.26013467,-0.19210562,-0.0569823,0.13250898,0.09315397,0.051966142,-0.017856471,-0.03517468,0.06926586,0.19614993,-0.08666709,0.15660577,0.003435258,0.16962145,0.058903005
0.1550448,-0.1782748,-0.110159986,0.26837233,-0.19792877,-0.053968973,0.12511571,0.08995878,0.06925476,-0.025328707,-0.023299405,0.07346344,0.20210922,-0.08083864,0.16426164,0.020140372,0.16305065,0.05227969
0.13501698,0.008728132,-0.09698783,-0.07691028,-0.008273111,0.15237756,-0.03179257,0.013868126,0.009931544,0.15415442,0.023364,-0.020559952,-0.119343586,0.20262533,-0.0104779275,-0.07042757,-0.031069387,-0.16909829
0.12114519,0.006458759,-0.10042406,-0.11663548,-0.009216197,0.1530374,-0.040300373,0.0091767665,0.0066255853,0.15727168,0.01911753,-0.01660902,-0.112127945,0.18773018,-0.027668953,-0.07756828,-0.03917474,-0.16779463
-0.18522231,-0.37234288,-0.22791803,-0.13268867,-0.35449383,-0.27528176,-0.18825643,-0.37537557,-0.3249944,-0.26221886,0.0716261,-0.31011787,-0.24696963,-0.26721692,-0.32415062,0.08735037,-0.32429016,-0.031136146
-0.23893866,-0.40259036,-0.2580948,-0.14004941,-0.39816537,-0.2642514,-0.18165803,-0.376804,-0.29334074,-0.2728334,0.098304085,-0.29344705,-0.1905111,-0.29255944,-0.31622794,0.07211288,-0.29874822,-0.03965843
-0.27612245,-0.18409298,-0.17817098,-0.06002687,-0.21810064,-0.1292338,-0.23916635,-0.27299085,-0.12651688,0.023805711,-0.03150642,-0.048514616,-0.18950471,0.032084197,-0.17311661,-0.18752886,-0.29361784,-0.17001492
-0.2699199,-0.19258437,-0.20597011,-0.092511505,-0.2184877,-0.12278168,-0.25629586,-0.26080072,-0.15153114,0.033346217,-0.032991435,-0.057716835,-0.20992531,0.008747099,-0.20129845,-0.21493733,-0.3192284,-0.17577112
0.18254445,0.28900826,0.08873498,-0.034349654,0.34622625,0.23796073,0.1904285,0.27580047,0.107886486,0.13957751,0.26063237,0.21448846,-0.0011531349,0.01061765,0.22521138,0.21020728,0.3329313,0.36158684
0.15287453,0.28707433,0.11354078,-0.021057677,0.33630976,0.2494505,0.19394125,0.2730114,0.10295867,0.1384668,0.26913524,0.21467131,0.00028570392,0.015144704,0.207484,0.21769501,0.31350827,0.36429203
0.24996619,0.41931742,0.36790702,0.33530045,0.44185418,0.38106805,0.39332375,0.5749208,0.3495589,0.3583044,0.14941165,0.3889292,0.23987137,0.3015794,0.41125852,0.22511896,0.4282985,0.26683447
0.14978847,0.43756533,0.3833797,0.32818905,0.45995393,0.38764933,0.44308645,0.5879551,0.37842023,0.35998425,0.17933549,0.38451347,0.27246666,0.32797304,0.4448279,0.25402746,0.4530601,0.31412256
0.49511924,0.44320732,0.530214,0.40501502,0.4558072,0.3835982,0.49255306,0.5369691,0.41735035,0.3013272,0.21031092,0.28887674,0.5804402,0.37311623,0.42355996,0.33688426,0.35103923,0.48721462
0.48111555,0.45079666,0.5390804,0.4090395,0.46548253,0.39753735,0.50837797,0.539877,0.4252378,0.3020023,0.22347373,0.2788215,0.5931716,0.3860843,0.42969555,0.3457812,0.35248217,0.49895537
-0.04790244,-0.05725096,-0.22570696,-0.040014002,0.03201325,-0.026911259,-0.12650724,-0.2016692,-0.1313135,0.043580264,-0.08180054,-0.15099855,-0.114249356,-0.103373215,-0.06822559,-0.135075,-0.12920575,-0.068287015
-0.072066344,-0.053975843,-0.2118056,-0.03342942,0.027566865,-0.008122945,-0.09833623,-0.18977924,-0.12127792,0.05872437,-0.07429965,-0.14894556,-0.11371951,-0.06255753,-0.04392289,-0.12693222,-0.11027639,-0.05889592
-0.025694959,0.0641573,-0.12731414,0.102877334,0.09319663,0.1743428,-0.064153224,0.08324726,0.1653878,0.035967674,0.1699655,0.17953967,-0.10342554,-0.047952026,0.17527868,0.08028318,0.21774907,-0.11853317
-0.028370686,0.05389543,-0.12497962,0.094203286,0.08227943,0.16222595,-0.09068152,0.05306453,0.1781598,0.0140852425,0.17535192,0.16971809,-0.074229814,-0.06554899,0.14803983,0.08812824,0.18675746,-0.116821654
0.002562256,0.13899578,-0.012957411,-0.028884234,0.17499785,0.22684754,0.034700006,0.07019291,0.1992438,-0.020306367,0.36258405,0.1454689,-0.055484563,-0.028460255,0.16088513,0.25386313,0.2489967,0.12890108
-0.04789027,0.11602944,-0.019098885,-0.05823528,0.14931922,0.22370395,0.032953832,0.04661262,0.1917181,-0.028804747,0.3646392,0.13759653,-0.06877184,-0.022112291,0.1591722,0.2532277,0.24233845,0.13653481
0.12117367,-0.29246908,-0.22564153,-0.0050849956,-0.33705527,-0.0732534,-0.2486803,-0.16570225,-0.117820874,-0.011307324,-0.1375535,-0.033257954,-0.26581848,-0.013417515,-0.24655488,-0.25012115,-0.21897177,-0.35668847
0.055691727,-0.32986972,-0.29394674,-0.068908565,-0.37973368,-0.10065786,-0.29102427,-0.17980526,-0.12724082,-0.019727804,-0.1410079,-0.029778773,-0.2788862,-0.06432584,-0.2569358,-0.25830713,-0.2192576,-0.38451383
-0.047816444,-0.31186473,-0.2520034,-0.13573508,-0.34371877,0.011829201,-0.1871815,-0.24025883,-0.22925077,-0.031758405,-0.18619227,-0.03428571,-0.23536128,-0.29685536,-0.12853514,-0.24282317,-0.104345515,-0.26168638
-0.064668,-0.3138974,-0.25786132,-0.14151284,-0.34727308,0.016059149,-0.17648388,-0.23300725,-0.21800444,-0.028242113,-0.19176881,-0.031734765,-0.23135127,-0.2884959,-0.112784185,-0.24842165,-0.09482968,-0.26480275
-0.29317084,-0.4382649,-0.19023305,-0.18552949,-0.40883052,-0.3317668,-0.38882867,-0.3454204,-0.36631277,-0.14585134,-0.093374476,-0.17161389,-0.33839244,-0.14253081,-0.4504716,-0.3654802,-0.50314593,-0.28449547
-0.3098777,-0.41404447,-0.17941591,-0.12958002,-0.39332527,-0.29065326,-0.32977554,-0.3065261,-0.3291771,-0.101321064,-0.10762919,-0.15549126,-0.25930625,-0.09620652,-0.39472958,-0.34791026,-0.46963653,-0.2643727
0.36463568,0.32336318,0.0861526,0.0011186614,0.33479393,0.16558364,0.09433533,0.29093722,0.1607065,0.18241675,0.15568449,0.24115993,0.030725116,0.10477681,0.27646294,0.14535299,0.2708036,0.18676075
0.27432486,0.30411243,0.058484998,0.0049593584,0.31790984,0.14701325,0.09382438,0.24042474,0.104196034,0.1478974,0.19349597,0.17174466,0.010972982,0.104546264,0.22732107,0.15981366,0.22501646,0.21642202
-0.21342747,-0.11044907,-0.1439968,-0.13711344,-0.06567786,-0.034291357,-0.15115832,-0.18355647,-0.1545597,0.0152533585,-0.044871703,-0.024579827,-0.1960628,-0.0207568,-0.10451381,-0.19319795,-0.14508443,-0.24080244
-0.21997696,-0.14888062,-0.1499631,-0.16899167,-0.12159234,-0.05482798,-0.16530284,-0.19795366,-0.15393165,0.0018020802,-0.0528124,-0.02334561,-0.17715281,-0.026374968,-0.11195463,-0.19177398,-0.16695108,-0.2411043
-0.080765046,-0.05440688,-0.082080156,-0.09475579,-0.010006182,-0.047209036,-0.07523388,-0.13157848,-0.03379488,0.07545855,-0.10299122,0.015028118,-0.084310554,-0.024320101,0.020143038,-0.13286595,-0.08323238,-0.13424483
-0.101641,-0.05738524,-0.061685577,-0.10776226,-0.018160505,-0.024127396,-0.050588947,-0.11533945,-0.034656096,0.08345588,-0.085588075,0.023366697,-0.07283518,0.0037144106,0.033551183,-0.12688299,-0.07405182,-0.11536156
-0.02072934,-0.13746098,-0.24425009,-0.2060932,-0.041765478,-0.04124154,-0.06190781,-0.18514888,-0.13688655,-0.16028927,0.21771128,-0.19264208,-0.22788016,-0.22676897,-0.11291024,0.12195675,-0.04465777,0.088341795
-0.0027046115,-0.14272337,-0.24249737,-0.20186609,-0.052623454,-0.03255621,-0.06951355,-0.18622796,-0.1459706,-0.16046399,0.213933,-0.20038457,-0.2331328,-0.22762972,-0.12946573,0.11542733,-0.0597794,0.07731932
-0.0065122605,-0.085475706,-0.07203681,0.043337036,-0.09000344,0.00064510683,0.0048560277,-0.08471762,-0.09660733,-0.14581238,-0.009930994,-0.17145216,-0.0108089205,-0.24853878,-0.046516635,0.13881862,-0.1204984,-0.0744408
-0.029918782,-0.0526322,-0.086901866,0.07349851,-0.06252902,-0.004023143,0.004811708,-0.07727784,-0.10004618,-0.14491723,-0.01869432,-0.17744488,-0.009683596,-0.24497892,-0.03924685,0.13225695,-0.11544217,-0.07666142
-0.12584515,-0.18253756,-0.10127581,-0.0493012,-0.12157986,-0.03128899,-0.048674114,-0.19998522,0.02963797,-0.14019293,0.26992527,-0.071142875,-0.11417335,-0.09315409,-0.073285215,0.17086269,-0.044257484,0.078771904
-0.13935098,-0.1695748,-0.110651225,-0.05799374,-0.114128985,-0.032150667,-0.064742714,-0.19206648,0.052499615,-0.13094908,0.27667674,-0.04600578,-0.111324,-0.09919603,-0.07370145,0.16013898,-0.03920047,0.06795228
-0.12085597,-0.04807373,-0.24452491,-0.21620232,0.093895264,-0.047375374,-0.09994317,-0.13539334,-0.19975388,-0.10375578,0.20342997,-0.19222413,-0.23966533,-0.21337418,-0.13858785,-0.0036384081,-0.076613516,0.17681937
-0.12274529,-0.059093542,-0.24502991,-0.23059854,0.08361723,-0.05378563,-0.107703,-0.14453036,-0.21041398,-0.11429604,0.20296276,-0.20225005,-0.2453092,-0.2126627,-0.15367234,-0.010512319,-0.09356439,0.17092583
0.004650182,0.010552035,-0.11297611,-0.039078284,0.12616871,0.079752415,-0.041306216,-0.12186768,-0.08926274,-0.066534705,0.2447304,-0.1221586,-0.23045829,-0.049915135,-0.109779954,0.054572467,0.0029027115,0.15763605
-0.008213425,-0.006340208,-0.12355521,-0.04749136,0.104178905,0.081414476,-0.051997535,-0.12504087,-0.09741618,-0.07142101,0.2479951,-0.123984985,-0.23409195,-0.049442343,-0.1267443,0.04049996,-0.01415531,0.14638974
0.31806943,0.20797697,0.29180107,-0.067578614,0.16647813,0.23499748,0.084201194,0.12778917,0.15860274,0.01776159,-0.0359372,0.109413005,-0.011890683,0.20590009,0.18647869,-0.042540297,0.103233494,0.033584468
0.36510086,0.21559396,0.29187,-0.046043757,0.1625534,0.26177266,0.11930907,0.14073612,0.16857752,0.020475982,-0.022637717,0.09476274,0.015063757,0.21002941,0.19634606,-0.018181963,0.11377278,0.03570662
0.15006548,0.21144043,0.18373793,0.21172857,0.16237028,-0.011295858,0.17269717,0.052719157,0.1272974,-0.09917463,-0.045825034,-0.1293496,0.17104462,0.16579296,-0.008364958,0.06286782,-0.047919497,0.03020225
0.16708544,0.2207098,0.1753383,0.24666882,0.17027168,-0.0012201001,0.18293919,0.05715241,0.14855048,-0.0828412,-0.02262011,-0.115880206,0.18281507,0.1736978,0.004377307,0.08939398,-0.03109393,0.034923624
-0.056003816,-0.19702318,-0.10204737,-0.070444405,-0.17745794,0.086728096,-0.10774999,-0.030443551,-0.19629218,0.10224879,-0.028280796,0.039657176,-0.33621657,-0.034455586,-0.15132841,-0.29810733,-0.11079777,-0.2679532
-0.1107077,-0.20798266,-0.11949672,-0.06577206,-0.2058859,0.09559167,-0.110198565,-0.043681048,-0.18624677,0.10786769,-0.08467979,0.026431471,-0.29919326,-0.07439713,-0.15021163,-0.29212987,-0.123862855,-0.3084661
-0.013114455,0.12683482,0.24234387,0.124253705,0.13607442,0.1844282,0.041089486,0.14236298,0.052673142,0.1520941,0.044568636,0.12869343,-0.08487171,0.26787913,-0.00094724644,-0.15705122,-0.06346032,-0.04681574
-0.010838083,0.1465704,0.26759395,0.13794763,0.14853388,0.1827399,0.060482446,0.1463711,0.06247682,0.16860479,0.05639002,0.14024296,-0.07886176,0.28952157,0.009868165,-0.12852427,-0.052747577,-0.035235543
0.20092726,0.19628981,0.30686384,0.20148717,0.23835894,0.28651986,0.15237187,0.13693123,0.1282015,0.20263661,0.16899511,0.12331743,-0.044061437,0.37890553,0.023972452,0.09119284,0.025759095,-0.064809546
0.08361703,0.09265831,0.22230424,0.23189774,0.0867161,0.26481548,0.14852582,0.09337835,0.101100445,0.20671684,0.13658428,0.117321424,-0.081459016,0.36631003,0.026475227,0.047373928,0.00043292472,-0.124667406
-0.020481395,0.025110401,0.0730477,0.089985855,-0.019344334,0.17959817,-0.04175934,0.12891966,0.09968835,0.18257022,-0.10699129,0.18599755,-0.11265214,-0.10543407,-0.045202583,-0.12600589,0.08390552,-0.26073903
-0.022480879,0.036235217,0.087295584,0.08955818,0.0011470539,0.18387596,-0.03102886,0.10830155,0.06762794,0.16594502,-0.11556082,0.14051165,-0.12715226,-0.10102089,-0.055848323,-0.12813535,0.06069685,-0.25242856
-0.09769644,-0.25919196,-0.22248924,-0.12095529,-0.25326258,-0.10404768,-0.07147403,-0.15166096,-0.21556428,-0.1173421,0.07630793,-0.13728356,-0.057774674,-0.23082706,-0.20613493,0.11130038,-0.1313655,-0.04801509
-0.085130624,-0.2783755,-0.25268868,-0.13545395,-0.2631997,-0.12722294,-0.10141429,-0.16762108,-0.23644339,-0.13423033,0.0515262,-0.15608719,-0.071917154,-0.26267374,-0.22931604,0.083945625,-0.14617424,-0.067821674
0.13702439,0.18652956,0.12909646,0.2046717,0.14271498,0.091709785,0.23192649,0.22848466,0.31031218,0.08791436,0.031995453,0.06440075,0.2556408,0.099703476,0.20702605,0.20632558,0.09254685,-0.011672316
0.09768812,0.16828384,0.11830716,0.1874275,0.122665904,0.09894123,0.23138238,0.22286624,0.31082654,0.08965229,0.039265335,0.07617479,0.21737023,0.13948084,0.23201482,0.16872266,0.11671963,-0.0012315549
0.31012765,0.13911578,0.2153851,0.0119216535,0.12948905,0.06355012,0.2439795,0.15958007,0.28486875,0.008643288,0.16538076,0.015699483,0.2215094,0.17555377,0.27266055,0.27329832,0.123395145,0.20004946
0.293674,0.12190259,0.20925836,0.031828724,0.103129566,0.059642512,0.23076013,0.1458996,0.27288625,0.00175948,0.18347697,0.017710537,0.22404867,0.17021042,0.2579133,0.3021011,0.11046538,0.18360424
-0.21818656,-0.21378444,-0.19232392,-0.057774294,-0.27921382,-0.14358312,-0.20280117,-0.27840492,-0.2434829,-0.10113242,-0.20338961,-0.06255369,-0.14719224,-0.20389351,-0.20535724,-0.24997509,-0.18870956,-0.17500395
-0.23404445,-0.23664983,-0.20699802,-0.04718381,-0.30322823,-0.17006686,-0.22950229,-0.2982502,-0.25776014,-0.1123462,-0.22306968,-0.06032919,-0.1654777,-0.2458779,-0.23543334,-0.26897922,-0.20830396,-0.20195577
-0.08806354,-0.23441096,-0.12706,-0.15334441,-0.25619575,-0.044388153,-0.1472772,-0.07492205,-0.15187539,-0.007876586,-0.1443632,-0.07452154,-0.1284901,-0.115213506,-0.19827646,-0.19328043,-0.18725058,-0.19129789
-0.053523954,-0.21241218,-0.10871111,-0.16186908,-0.24111082,-0.032203324,-0.14532484,-0.06388744,-0.13634099,-0.0014630947,-0.14988945,-0.06357675,-0.12067201,-0.12848209,-0.18429148,-0.16648829,-0.16473666,-0.19399387
-0.06195945,0.066426665,-0.11731574,0.02471033,0.1313853,0.03413646,-0.1050384,0.16019341,0.16551316,0.17665887,0.014056369,0.22950727,-0.07779954,-0.09009031,0.057460114,-0.17951682,0.11887955,-0.18130253
0.07759986,0.15945552,-0.044470858,0.04835961,0.24641001,0.07727908,-0.06753703,0.19986919,0.21403345,0.19721627,0.045735173,0.25335056,-0.016348466,-0.061216556,0.086298876,-0.11706212,0.1477741,-0.13390392
0.1231095,0.23903131,-0.037141364,0.11540385,0.3181707,0.1683334,-0.013025993,0.19847876,0.17621674,0.24734297,-0.03733619,0.27263895,-0.031378902,-0.026860666,0.12655053,-0.09358739,0.17155352,-0.13158697
-0.042688906,0.21908668,-0.052301608,0.074820966,0.3136351,0.06827966,-0.005565113,0.19786152,0.21857408,0.2294786,-0.006094533,0.25268227,-0.042356122,0.020156685,0.15255491,-0.09701086,0.14937498,-0.09836667
0.18136561,0.085725,0.30232775,0.22704656,-0.0007737391,0.11984966,0.12847523,0.07741526,0.13875315,0.0531377,-0.082421996,0.09759361,-0.11482204,0.19712591,0.04741703,-0.03394429,0.019266626,-0.13793238
0.1882387,0.07519236,0.3326344,0.22804803,-0.008189487,0.12080959,0.12059069,0.054810215,0.14640515,0.04290229,-0.055869702,0.096420854,-0.09914983,0.23952894,0.07038541,-0.021734014,0.017822383,-0.091299154
-0.1491035,-0.16542767,-0.1307878,-0.04646239,-0.15956527,-0.019944262,-0.100868955,-0.15755914,-0.09907945,0.048100077,-0.086101435,0.08761762,-0.2724518,-0.03281094,-0.08502509,-0.19049685,-0.06065746,-0.22644947
-0.15064813,-0.17470317,-0.1278638,-0.06269556,-0.17653893,-0.009051882,-0.07030951,-0.14166622,-0.0978215,0.06250925,-0.07340069,0.096119955,-0.24779162,-0.032847106,-0.0630804,-0.13786888,-0.04415568,-0.2167467
0.016089892,-4.0005252e-05,-0.21050707,-0.029556476,-0.011309317,0.11692016,0.1701273,0.20330691,-0.105147615,0.070328794,-0.06304752,0.011689049,-0.04219627,-0.16281842,0.07260026,-0.030027635,0.17392027,-0.06386094
0.046859875,0.077259526,-0.15564093,-0.0069166925,0.06529855,0.14128582,0.20638268,0.24042013,-0.069329515,0.079912774,-0.05305162,0.024826381,0.005731992,-0.12586409,0.09541637,0.0042093224,0.19044071,-0.031687897
0.17328702,0.13921435,0.028948534,0.15046644,0.09440919,0.18048978,0.27682552,0.25886366,0.045865778,0.04714012,-0.0177044,0.07322673,0.32648265,-0.11843465,0.13853039,0.14909224,0.1771964,0.104621835
0.17407565,0.119610466,0.017708356,0.16430439,0.065625876,0.17467315,0.26560187,0.23601176,0.025920855,0.030520787,-0.017245004,0.048152436,0.31886274,-0.12470715,0.107244186,0.15607469,0.14424445,0.07936099
-0.0693169,-0.13367775,-0.14764343,-0.0891488,-0.07021229,-0.0810571,-0.1367331,-0.13693641,-0.014411433,0.041079447,-0.025499608,0.06395107,-0.15199365,-0.080145516,-0.08669916,-0.14231603,-0.07344596,-0.28565392
-0.18928406,-0.17495485,-0.17663051,-0.10947638,-0.15027778,-0.104787216,-0.15529156,-0.15824305,-0.013399831,0.022661835,-0.04507998,0.07799962,-0.16979367,-0.07899229,-0.09585662,-0.16542472,-0.09902877,-0.31972912
-0.27334806,-0.3670983,-0.43071595,-0.24568301,-0.41073003,-0.1512471,-0.33301198,-0.27883726,-0.1897035,-0.06626605,-0.07574755,0.022746233,-0.29298732,-0.3294954,-0.12570928,-0.21691613,-0.14396718,-0.30649084
-0.26296118,-0.32655156,-0.41167268,-0.23009618,-0.38642856,-0.08093354,-0.2863591,-0.2255081,-0.14888035,-0.017465647,-0.056550555,0.0659081,-0.25262913,-0.2793497,-0.08650843,-0.18880194,-0.09659955,-0.28295985
0.09333429,-0.013113529,0.060210694,0.18165496,-0.021664137,0.17779954,0.28870156,0.06630027,0.05082708,-0.09742016,0.07859727,-0.10197901,0.13708273,0.032719024,0.13249898,0.24379872,0.117632896,0.102202825
0.07899514,-0.034519494,0.031692922,0.1794104,-0.048221666,0.18415219,0.27791175,0.042009413,0.03689642,-0.09992874,0.09039442,-0.12076274,0.14798534,0.01826065,0.11695063,0.26142484,0.10026532,0.10774767
-0.13677764,-0.202041,-0.21598087,-0.05211063,-0.09244814,-0.13589644,-0.1604125,-0.26564986,-0.19488245,-0.0063088755,-0.16127189,-0.14238656,-0.23234609,-0.20009893,-0.0690663,-0.2056266,-0.14187202,-0.18508601
-0.15015171,-0.1644991,-0.17016785,-0.046411105,-0.047304895,-0.11202869,-0.10519767,-0.2543651,-0.19636707,-0.0032999404,-0.12539174,-0.1625395,-0.19893457,-0.15953146,-0.045937296,-0.17679757,-0.12991641,-0.13364296
-0.03955629,-0.14737983,-0.05085541,0.1374539,-0.16021162,0.17908745,0.064146966,-0.06273889,-0.060425602,-0.030930469,0.28023517,0.029871732,-0.061000008,-0.054611776,-0.122339636,0.20181923,0.06225414,0.0883475
0.025580036,-0.15475963,-0.07420118,0.119678825,-0.15195277,0.17170273,0.06205373,-0.058463603,-0.06887556,-0.032321643,0.27419326,0.015723903,-0.07283792,-0.057390474,-0.11721555,0.1866125,0.07728021,0.089222796
-0.20483817,-0.37662745,-0.30214044,-0.1592694,-0.3081691,-0.2186728,-0.17344925,-0.3713986,-0.300248,-0.2049213,0.1316801,-0.22608082,-0.22533233,-0.26387495,-0.2890543,-0.11371468,-0.25346127,-0.060394865
-0.23189002,-0.37336382,-0.30326957,-0.1774194,-0.311632,-0.21694122,-0.19042419,-0.37489292,-0.30177385,-0.21547136,0.121687524,-0.22866513,-0.22353418,-0.2747653,-0.30900356,-0.11959947,-0.27134547,-0.06790324
-0.14774585,-0.37958297,-0.08014777,-0.012401242,-0.43540207,-0.22676706,-0.2710564,-0.29534996,-0.20944054,-0.07781375,-0.11407744,-0.10735151,-0.2062503,0.012508895,-0.3532645,-0.22545752,-0.4206683,-0.25523624
-0.1524128,-0.36481953,-0.097708344,-0.038074996,-0.4177529,-0.19960603,-0.25034925,-0.2878761,-0.21499927,-0.063085034,-0.10192833,-0.12530202,-0.19600734,0.04258179,-0.33044773,-0.22218314,-0.41305777,-0.22907954
0.07726268,-0.085450724,-0.10895952,0.24893817,-0.13606691,-0.24448018,0.12955679,-0.10603324,-0.083927214,-0.19384044,-0.13114497,-0.2469108,0.20557883,-0.11740465,-0.05907239,-0.008755328,-0.08554509,0.07417298
0.10794697,-0.0656716,-0.11025991,0.24600102,-0.12310411,-0.2355843,0.12218691,-0.08010508,-0.040507592,-0.17869462,-0.121473975,-0.21747875,0.21540484,-0.10270168,-0.035847142,-0.00697761,-0.062759824,0.067072764
0.14419469,-0.16852368,-0.15514325,0.20757475,-0.19710656,-0.26321942,0.10304085,-0.09067644,-0.11120276,-0.19015823,-0.11996719,-0.25957048,0.20565835,-0.22765721,-0.072746314,0.042289313,-0.085567154,0.07272114
0.14024895,-0.17727037,-0.1847647,0.19243664,-0.2077234,-0.2691144,0.09132952,-0.103467725,-0.111640885,-0.19512922,-0.12780343,-0.2673265,0.18477573,-0.22489041,-0.07602778,0.032565415,-0.08815294,0.05509651
-0.18067048,-0.3185613,-0.3545462,-0.19193517,-0.2572567,-0.061052687,-0.20999706,-0.25475708,-0.15498182,-0.044119027,-0.194198,-0.029672008,-0.2674844,-0.24166039,-0.10840452,-0.29482186,-0.12778503,-0.37650147
-0.18655914,-0.30385742,-0.33241698,-0.17751472,-0.25361285,-0.04940402,-0.19255048,-0.24165422,-0.113097385,-0.033679403,-0.17470324,-0.00662721,-0.25297016,-0.19929093,-0.08339261,-0.26719397,-0.10540024,-0.35937682
-0.112174295,-0.29847586,-0.13691227,-0.27842304,-0.2638981,-0.14873002,-0.22205171,-0.34407726,-0.39228484,-0.15408778,-0.08768113,-0.28550708,-0.2656514,-0.11627769,-0.28347385,-0.17624258,-0.36223117,-0.19696102
-0.11504231,-0.30620363,-0.13930385,-0.27368042,-0.27037287,-0.16894963,-0.22564569,-0.34745112,-0.37843642,-0.15461807,-0.098299265,-0.28768954,-0.26566866,-0.10797382,-0.28319016,-0.18286666,-0.37097624,-0.20152994
0.04154801,-0.07166284,0.073337406,0.020917557,-0.116275415,-0.012532898,-0.16185962,-0.03652824,0.04683857,0.07666061,0.023938736,0.10357229,-0.1344911,0.10586227,-0.24195467,-0.0916934,-0.21939982,-0.1953992
0.005715764,-0.099373884,0.037317816,0.01654364,-0.15438306,-0.027625436,-0.16657963,-0.057623237,0.02499344,0.06916386,0.02572013,0.09055502,-0.15329897,0.109264046,-0.24800615,-0.09908484,-0.22954239,-0.20911884
0.22519986,0.16218345,0.18723024,-0.03287907,0.23478869,0.14508638,0.056477178,0.06986181,0.03811744,-0.007844932,0.16018566,0.04657059,-0.1820839,0.15717365,0.06783528,-0.055207815,0.11741512,0.21000965
0.20945816,0.17333208,0.21152726,0.008617602,0.2443442,0.14684431,0.062102977,0.07187287,0.060982354,-0.010280149,0.16526295,0.06875505,-0.1561259,0.176598,0.078969516,-0.04331378,0.1265749,0.22546872
0.16432637,0.22550781,0.33567923,0.11965436,0.3030047,0.22851315,0.25004405,0.13985378,0.1254477,-0.028374566,0.32041505,0.073522724,0.006279529,0.25294673,0.25006336,0.26190227,0.26174396,0.33070344
0.11493729,0.2388528,0.30975905,0.10780797,0.31648198,0.24456613,0.2452676,0.11928143,0.10995931,-0.032415986,0.3488121,0.08514139,-0.010347117,0.23029515,0.2447796,0.27720368,0.27711478,0.33838496
-0.0538527,-0.013207123,0.043713246,-0.082639724,-0.022050485,0.055255555,-0.094310336,-0.006312113,-0.03143777,0.079264686,0.09156269,0.077072725,-0.084456414,0.12357073,-0.11453493,-0.030786626,-0.0778029,-0.14325783
-0.051353514,-0.007830106,0.046884596,-0.08076835,-0.01831991,0.061809935,-0.089658864,-0.0028848364,-0.02695826,0.07686828,0.09482613,0.076726265,-0.07505442,0.11878464,-0.11083237,-0.023662833,-0.07443982,-0.14215028
-0.08562582,-0.29903778,-0.23264824,-0.15221907,-0.3074255,-0.193888,-0.14611438,-0.23669846,-0.32824373,-0.07345864,-0.16733874,-0.097510196,-0.18341964,-0.3191342,-0.090277314,-0.19095671,-0.08883235,-0.11575015
-0.026279105,-0.0011561722,0.06336703,-0.064353056,-0.010140161,0.066804774,-0.080638826,0.0063989405,-0.015755247,0.08815562,0.095738575,0.08510869,-0.07394038,0.1399921,-0.09780731,-0.021398358,-0.06472274,-0.13092345
-0.11611156,-0.3029629,-0.23186997,-0.18102273,-0.31826642,-0.18535501,-0.15470926,-0.23906618,-0.32511318,-0.08194807,-0.17459285,-0.0988208,-0.18172845,-0.32033518,-0.088967346,-0.20008053,-0.095161825,-0.124264754
-0.299723,-0.40666145,-0.36933315,-0.2616832,-0.30702615,-0.28199735,-0.22707188,-0.37187222,-0.34859163,-0.20221098,0.040399946,-0.2899431,-0.30492684,-0.3116401,-0.14238434,-0.06287286,-0.21829952,-0.051595
-0.3030265,-0.40858686,-0.36481714,-0.25131783,-0.3121173,-0.27766272,-0.22300406,-0.37424976,-0.35139033,-0.2028578,0.047753114,-0.29341677,-0.29401943,-0.30518237,-0.13876885,-0.05839391,-0.22152565,-0.04378509
-0.033193063,0.03237988,-0.09240017,0.09125596,0.097412676,0.08729417,-0.051059823,0.011611976,0.005374705,0.14023507,0.048530854,0.110544994,-0.10230646,-0.03753426,0.0474691,-0.09432259,0.091224976,-0.1365818
-0.04880318,0.028790828,-0.10105661,0.080681585,0.09234237,0.05458745,-0.064914286,0.016357588,0.016579289,0.14298455,0.041577596,0.12968458,-0.08932853,-0.028751556,0.04690094,-0.10028533,0.08961768,-0.12970565
-0.04758671,-0.06490846,-0.22127172,-0.059834477,-0.02320232,0.13405208,-0.05646555,0.038361356,-0.090038866,0.15053895,-0.0434225,0.0076001347,-0.14477593,-0.15362777,0.016698407,-0.1605404,0.098365694,-0.16452177
-0.15250781,-0.2742018,-0.11208404,-0.10668793,-0.23968838,-0.034702312,-0.1863642,-0.1848135,-0.17915116,-0.0018154199,-0.15986188,-0.083744995,-0.28567135,-0.05023095,-0.23802681,-0.31680146,-0.25396386,-0.2960449
-0.16193396,-0.22246103,-0.06489841,-0.06058216,-0.20647372,0.016684504,-0.14405257,-0.1354198,-0.15188631,0.04104664,-0.14675269,-0.041299455,-0.27850807,-0.037289333,-0.20296204,-0.29311064,-0.20423675,-0.29024893
0.0074650086,0.125673,-0.16226864,0.07790497,0.05891271,0.19054909,0.055576064,0.25575,0.20377606,0.30154648,0.0027602986,0.3241046,-0.14108093,0.05024205,0.15327623,-0.08533138,0.20975673,-0.22149888
0.07978755,0.09928876,-0.17684048,0.0032874905,0.04742168,0.19208536,0.07593513,0.24291359,0.19094113,0.25063914,0.008396998,0.2940538,-0.09619308,-0.01714168,0.15124758,-0.07624117,0.23393816,-0.2002777
0.08895252,0.18207553,-0.1907752,-0.015969213,0.18235707,0.17590919,-0.00027615117,0.24458599,0.2168115,0.26810348,0.055422764,0.40038586,-0.119817846,-0.023973726,0.2169656,-0.008206454,0.31016082,-0.1326203
-0.009919848,0.040114064,-0.32213476,-0.043329287,0.013657173,0.12841584,-0.022230072,0.13474213,0.11526407,0.15780699,-0.0049333004,0.29842636,-0.13799576,-0.14829975,0.12284343,-0.1159182,0.2369847,-0.21421085
0.2144512,0.3765445,0.08368764,0.056859322,0.4034956,0.24235737,0.24365637,0.4812816,0.47068107,0.34226853,0.06817256,0.31146058,0.07751432,0.28453922,0.42155382,0.13428837,0.42990047,0.053256463
0.1190881,0.34288505,0.041190144,0.05757519,0.3819744,0.21112694,0.21277505,0.43781665,0.44545588,0.3177782,0.07048394,0.30162832,0.008543782,0.24959923,0.41873077,0.12369479,0.41011894,-0.0023262263
-0.18751654,-0.25574794,-0.2890873,-0.06164089,-0.17153089,-0.16377123,-0.26402164,-0.22181314,-0.15230934,-0.07469953,-0.1869649,-0.038965967,-0.19395861,-0.31940526,-0.16332725,-0.27982333,-0.11141602,-0.3309114
-0.21255836,-0.23406692,-0.26826018,-0.003304656,-0.16924901,-0.12224442,-0.23082544,-0.20966135,-0.120369814,-0.057307456,-0.1703199,-0.020050066,-0.17014374,-0.30350518,-0.13731584,-0.2516693,-0.093645304,-0.3225489
0.31364557,-0.21740277,-0.13854524,0.13228886,-0.2003331,0.088467024,0.014751822,-0.107864395,-0.17278913,-0.1169821,0.11102874,-0.14044133,-0.0930406,-0.16037586,-0.059891503,0.119049266,-0.008052012,-0.038608924
0.31790015,-0.23212229,-0.14923994,0.13718961,-0.22334586,0.094616875,0.025233738,-0.09440727,-0.14505003,-0.10549982,0.11249487,-0.112772,-0.059629127,-0.15159282,-0.032804113,0.1271532,0.014582217,-0.026669947
0.22834302,0.003254526,-0.121679544,0.17984246,0.0095202485,-0.092649065,0.1043652,0.10163807,0.09370995,-0.06801136,-0.12688123,-0.1286903,0.2462859,-0.12878694,0.071163945,0.1410461,0.02855352,-0.05635558
0.23675485,-0.040587652,-0.13489948,0.18308532,-0.037711885,-0.11051356,0.08967641,0.06421435,0.065453425,-0.09810951,-0.12670124,-0.15675558,0.21881533,-0.12859009,0.053333685,0.13140249,0.005570644,-0.055066478
0.22616354,-0.044447016,-0.14697151,0.17589025,-0.032795478,-0.12850186,0.055094652,0.047474165,0.0355071,-0.1005604,-0.15406395,-0.095454186,0.1819509,-0.23180068,0.062065728,0.12760212,0.053866047,-0.068129376
0.24239436,-0.04043029,-0.13754643,0.19344884,-0.02850413,-0.10762514,0.08554245,0.045898996,0.036045942,-0.1055519,-0.109854534,-0.11037977,0.20382164,-0.20333637,0.06350482,0.16699697,0.051222544,-0.036394883
-0.3218057,-0.46336532,-0.32586434,-0.22169866,-0.46786606,-0.30666375,-0.3671338,-0.49230653,-0.4153798,-0.32492116,0.02162501,-0.30362037,-0.3180616,-0.36682665,-0.44466272,-0.2126649,-0.43181327,-0.13504635
-0.315875,-0.45005253,-0.31256872,-0.20682515,-0.4546704,-0.29654464,-0.35463268,-0.47227973,-0.39946777,-0.31297666,0.028717574,-0.29580912,-0.30350688,-0.36176088,-0.44966528,-0.20543344,-0.43134597,-0.123675205
-0.08417684,-0.3679291,-0.25004423,-0.17364447,-0.33051023,-0.20161664,-0.12998569,-0.30831707,-0.31117997,-0.12854129,-0.1746073,-0.12988588,-0.27617583,-0.18359455,-0.13068262,-0.2793369,-0.18336123,-0.18805188
-0.12752753,-0.34898725,-0.23314202,-0.19591615,-0.32320288,-0.16510378,-0.091897786,-0.26858404,-0.26510704,-0.097768806,-0.14514363,-0.08746526,-0.2549138,-0.13225889,-0.075664066,-0.24660546,-0.1332412,-0.15266016
-0.081296735,-0.3491366,-0.22572678,-0.10760239,-0.31479824,-0.17310661,0.04190849,-0.1947157,-0.24237517,-0.10660309,0.07751067,-0.20835496,-0.15167315,-0.134893,0.006558868,0.09108251,-0.04708817,0.020949336
-0.09412073,-0.34862915,-0.22144641,-0.10116166,-0.31369504,-0.17025153,0.04111186,-0.1958089,-0.24205448,-0.10733281,0.09109563,-0.21491027,-0.15174642,-0.12787966,0.0062105404,0.10404529,-0.05005291,0.023733601
-0.17806022,-0.28765777,-0.22019269,0.011327481,-0.36678886,-0.20765486,-0.20622027,-0.29547343,-0.21913724,-0.02508562,-0.14289653,0.01448924,-0.16324285,-0.26897958,-0.1433291,-0.22950979,-0.1451204,-0.17609742
-0.12613644,-0.2548078,-0.1849879,0.025865298,-0.3414911,-0.18809398,-0.17827792,-0.2579495,-0.19497319,0.0011903611,-0.1271926,0.023604643,-0.101458736,-0.2465403,-0.13943812,-0.18000206,-0.13273762,-0.14074653
0.2557759,0.51187706,0.32657695,0.13510092,0.5276997,0.3000604,0.13420872,0.29483232,0.2782191,0.26953852,0.037368905,0.299057,-0.04277222,0.32296008,0.24341765,0.090255454,0.21625103,0.046353746
0.25824612,0.53023547,0.3335007,0.12549333,0.54805636,0.3274193,0.15840045,0.2922759,0.29280624,0.27886012,0.062495705,0.29176438,-0.028608713,0.35168973,0.26046306,0.10780034,0.22407839,0.05635126
0.10506868,-0.22256258,0.00732486,0.016590547,-0.19753464,0.024407394,-0.13049228,-0.06583921,0.07765535,0.0033856195,0.14348973,0.14201568,-0.06173774,-0.052772403,-0.07910248,0.073112056,-0.08645823,-0.14043973
-0.06470048,-0.22677378,0.018268296,-0.02659369,-0.21464857,7.581131e-05,-0.15590805,-0.07856299,0.08895291,-0.0011649858,0.1302395,0.15813322,-0.041883312,-0.033381496,-0.099217564,0.062222935,-0.11842598,-0.1449422
-0.21655971,-0.24266471,-0.2718496,-0.09225618,-0.2006848,-0.067430586,-0.14720379,-0.17500062,-0.11481209,0.01782124,-0.16091105,-0.028524337,-0.17545004,-0.23653841,-0.103584506,-0.28579253,-0.10212096,-0.25433326
-0.2362005,-0.23389186,-0.251588,-0.079645485,-0.19885632,-0.06328204,-0.13775952,-0.14230715,-0.07296006,0.036652192,-0.14016263,-0.0046940986,-0.13477086,-0.20776498,-0.06583228,-0.26115513,-0.07169413,-0.22936852
0.04291943,0.08967891,-0.014011914,0.01222243,0.06315381,0.28406358,-0.13137323,-0.015813654,0.037231594,0.13097169,0.069679216,0.17653824,-0.23245342,0.1877378,-0.08687024,-0.13977769,-0.024506675,-0.24560249
0.038814172,0.14425412,0.06958276,0.1366341,0.10359701,0.34519047,-0.03626995,0.04007626,0.08972454,0.1904664,0.09152209,0.23091157,-0.168606,0.2462552,-0.011450764,-0.09205286,0.039892323,-0.18536872
-0.1450304,-0.24102384,-0.108386025,-0.08974099,-0.2085164,-0.0010186991,-0.07827052,-0.2571045,-0.2115424,-0.1727327,0.19852555,-0.20306912,-0.14746384,-0.20820181,-0.27406046,0.091858484,-0.22915047,0.05402307
-0.16938843,-0.21167515,-0.10178024,-0.09136153,-0.18321246,0.035595562,-0.049888916,-0.2308219,-0.18237926,-0.15123284,0.22448573,-0.18443878,-0.106727265,-0.1832973,-0.24043633,0.12200583,-0.20163295,0.084990114
0.0011917705,-0.3518386,-0.2776792,-0.076538295,-0.3476559,-0.14456524,-0.1544449,-0.35190466,-0.26411948,-0.10193929,-0.09011556,-0.07304487,-0.27580547,-0.17818576,-0.099452704,-0.18669133,-0.13991141,-0.21423738
0.0019568931,-0.33381572,-0.2744201,-0.083536975,-0.33427918,-0.12077232,-0.12601678,-0.31753096,-0.21888232,-0.070129365,-0.05755273,-0.015055011,-0.25644794,-0.15615234,-0.05933398,-0.15167858,-0.080880046,-0.19524862
0.21099919,-0.28762418,-0.25057992,0.022739002,-0.2887385,-0.13802932,-0.16757569,-0.3155163,-0.2369879,-0.0828537,-0.10642675,-0.037237383,-0.2525563,-0.18863566,-0.13994697,-0.195615,-0.15230115,-0.24518833
0.22447498,-0.2861016,-0.24441075,0.05417503,-0.29718366,-0.1149768,-0.14983104,-0.28656918,-0.19814134,-0.05234968,-0.0931642,0.006319358,-0.23276326,-0.17915376,-0.11788903,-0.17095302,-0.124479376,-0.24807177
-0.1565534,-0.30168343,-0.10527394,-0.055965938,-0.2726241,-0.068095595,-0.16218369,-0.29839358,-0.19070798,-0.21601082,0.17776877,-0.14027576,-0.18084984,-0.20322709,-0.3117526,0.05259636,-0.24308117,-0.030131577
-0.17635213,-0.29461613,-0.10842365,-0.053508837,-0.26734796,-0.058435604,-0.15993474,-0.28937188,-0.18384984,-0.2123138,0.17592303,-0.1338594,-0.18317962,-0.19720103,-0.30830443,0.058251895,-0.23695254,-0.032795288
0.06940346,0.094440036,0.03007337,-0.010548381,0.12011078,0.17577556,-0.085704096,0.03835608,-0.025492912,0.06633328,-0.0650986,0.22436588,-0.20117332,-0.06521159,-0.07832482,-0.16872676,0.026063688,-0.20349155
0.020764759,0.06322938,0.036769945,-0.012053108,0.091038056,0.13351984,-0.09362233,-0.0021666815,-0.06453475,0.04116007,-0.089911364,0.16920386,-0.23975839,-0.04948413,-0.10880638,-0.19841816,-0.028689617,-0.21599822
0.043993216,0.04113594,-0.16623195,0.03921075,0.065023005,0.18287987,0.0024369943,0.1822945,0.04089418,0.23554327,-0.024470445,0.16518553,-0.008907898,-0.17756394,0.034272626,-0.10255205,0.17439376,-0.14121364
0.16199256,0.15512675,0.23442262,0.2533759,0.167606,0.1465359,0.088665366,0.17310515,0.3776248,0.20013523,0.20122571,0.30429825,-0.053850472,0.29325205,0.30297408,0.25841454,0.23512422,0.067561164
0.119657345,0.12583616,0.20985678,0.2469919,0.13946992,0.12360426,0.08631218,0.1449887,0.36530373,0.19375615,0.22153431,0.29116893,-0.06286467,0.28759354,0.30339924,0.26436004,0.23227558,0.064505845
0.2862951,0.08843436,0.11818911,0.1057066,0.10717985,0.0777578,0.05881856,0.12568882,0.2905807,0.09728111,0.17769079,0.13455746,-0.0713992,0.18120207,0.2909296,0.278906,0.20358072,0.105729885
0.33159098,0.08617238,0.13628156,0.11966943,0.09778489,0.088106796,0.08195146,0.13994569,0.29380015,0.123755425,0.21058965,0.15258342,-0.07510471,0.2386586,0.2945303,0.2621127,0.20057774,0.12560473
-0.24989273,-0.4070825,-0.3046794,-0.23542,-0.32872695,-0.23873433,-0.24129474,-0.3229446,-0.20133588,-0.23653054,0.11340142,-0.16146882,-0.27613378,-0.30122036,-0.17844997,-0.04191831,-0.20091479,-0.025461895
-0.25994232,-0.4295509,-0.32237464,-0.22690849,-0.36088777,-0.24232268,-0.27976128,-0.33074448,-0.21769176,-0.25207078,0.091944784,-0.1591465,-0.30401543,-0.3322782,-0.22051066,-0.081314094,-0.224066,-0.07968014
0.2584894,-0.095790684,-0.18997425,-0.14111137,-0.108642854,0.09369204,-0.21220289,-0.061400417,0.018143544,0.08209787,-0.0656076,0.07845554,-0.13622953,-0.1566947,-0.11316631,-0.16687088,-0.06534467,-0.29926562
0.12392179,-0.09426844,-0.149203,-0.097137526,-0.11789805,0.028846994,-0.19204292,-0.11367024,-0.006257615,0.05954419,-0.069380455,0.023879874,-0.107101515,-0.13580382,-0.13226542,-0.14555344,-0.12563887,-0.24684829
-0.17102692,-0.31023186,-0.19631624,-0.12868702,-0.37512958,-0.1497506,-0.13407965,-0.21182367,-0.27189606,-0.010118654,-0.0414002,-0.08713294,-0.07667524,-0.19823462,-0.089349404,-0.16419093,-0.13348486,-0.0394318
-0.14652051,-0.30411062,-0.17857412,-0.13111417,-0.37417987,-0.12809588,-0.1322124,-0.17613217,-0.22702803,0.01249904,-0.027456027,-0.03766191,-0.05714942,-0.19675426,-0.06401543,-0.15282924,-0.10237275,-0.034484096
0.058535628,-0.31803215,-0.25533307,0.07409047,-0.37411323,-0.10238706,-0.08288634,-0.12773494,-0.16115169,0.00080091076,-0.040565055,0.021925975,-0.17893252,-0.19770184,-0.11769964,-0.062791236,-0.07902567,-0.26085043
-0.21170238,-0.25107104,-0.111535594,-0.081456386,-0.3056609,-0.06811747,-0.121685214,-0.1904486,-0.049294285,0.0776877,-0.07609679,0.006613872,-0.20481114,0.016762976,-0.05644577,-0.08387031,-0.19701794,-0.23440275
-0.16346183,-0.24955139,-0.098434076,-0.035133284,-0.3126685,-0.040360168,-0.11988157,-0.18131784,-0.036776997,0.08846363,-0.080891915,0.02235922,-0.20467082,0.026444245,-0.079018645,-0.10415008,-0.2055507,-0.2477181
-0.07303109,-0.02429603,-0.15204874,-0.09216042,-0.044071387,0.14093451,-0.08461624,0.0646904,-0.034125894,0.1629565,-0.051057734,0.15236478,-0.04798089,-0.24709271,-0.047445573,-0.16334094,0.0742542,-0.20218912
0.081498645,-0.25074318,-0.1604264,-0.043843463,-0.26778862,-0.117343225,-0.22429243,-0.19010068,-0.19805059,0.007819852,-0.08130266,0.055194203,-0.09347348,-0.20584054,-0.22424409,-0.1706171,-0.17827909,-0.19133581
0.04083179,-0.27768138,-0.16527976,-0.07307171,-0.285529,-0.16041866,-0.22414349,-0.21941242,-0.21212278,-0.026259942,-0.09809453,-0.009167034,-0.07958733,-0.19386181,-0.22575235,-0.18485552,-0.21646868,-0.16999257
-0.23739485,-0.39967462,-0.31646094,-0.17125182,-0.3963533,-0.31042698,-0.28342482,-0.37596563,-0.3295917,-0.25475106,0.12376325,-0.24858457,-0.21158253,-0.3494207,-0.40839592,-0.14061357,-0.37636572,-0.0030964233
-0.24011758,-0.38513917,-0.30750895,-0.19573413,-0.38575423,-0.2987748,-0.2836416,-0.36616623,-0.3189849,-0.25153637,0.12520862,-0.24555606,-0.19550465,-0.34364033,-0.41496146,-0.13534117,-0.3849121,-0.0023952213
-0.051898673,-0.21809092,-0.29296848,-0.05239148,-0.18880409,-0.15204477,-0.27224898,-0.20459996,-0.24735458,-0.09151755,0.12187289,-0.11115884,-0.23406053,-0.30228186,-0.33253688,-0.18536244,-0.19443758,-0.06930018
-0.19160703,-0.2409679,-0.30813044,-0.17571793,-0.18673867,-0.058505777,-0.16785891,-0.18716033,-0.24885923,0.0011998697,-0.1613107,-0.007899133,-0.31366172,-0.20491703,-0.111435644,-0.29546645,-0.07009836,-0.22518285
-0.20298766,-0.24378651,-0.29637888,-0.16386151,-0.20344959,-0.0637524,-0.14264323,-0.17994867,-0.23387723,0.008977753,-0.16282988,-0.014274245,-0.2780764,-0.19313727,-0.102885015,-0.2763219,-0.07523585,-0.20801115
0.17358384,0.23312107,0.026460785,0.19004956,0.27399132,0.18138018,0.2727233,0.25198832,0.12250976,0.12470874,0.064100206,0.12109862,0.18492447,-0.057540923,0.228482,0.25603214,0.3024072,0.14307918
0.15551865,0.24230652,0.031969003,0.19942951,0.28201893,0.19038546,0.2987017,0.25643918,0.11621414,0.12174057,0.076183595,0.09614123,0.21180709,-0.044198606,0.21959195,0.2795833,0.288214,0.15127547
-0.22523065,-0.40629923,-0.29788783,-0.20188569,-0.40258744,-0.25555637,-0.23010087,-0.36833712,-0.3942779,-0.2209852,0.021012928,-0.24782409,-0.18256827,-0.346362,-0.27182406,-0.0126453135,-0.27834406,-0.07452158
-0.21786453,-0.3935474,-0.28681624,-0.19774936,-0.38956204,-0.24571073,-0.21666613,-0.3567557,-0.37588596,-0.21118554,0.02885972,-0.23421746,-0.16602762,-0.3397529,-0.2538986,0.015854675,-0.26496196,-0.06660352
-0.13545471,-0.1957173,-0.16940147,-0.031051613,-0.21188581,-0.11965723,-0.20589279,-0.2053661,-0.19506234,-0.08117495,-0.18242374,-0.014328819,-0.13368812,-0.22398242,-0.22630662,-0.22701812,-0.15685907,-0.19446613
-0.06252229,-0.18412185,-0.18528076,-0.042710025,-0.1986896,-0.08594403,-0.2301638,-0.16773166,-0.18142247,-0.046197943,-0.18290916,0.06214045,-0.14846228,-0.26276657,-0.23841329,-0.24036825,-0.10649075,-0.22790182
0.3845308,-0.062879674,0.22392538,0.4585832,-0.08288992,0.07004878,0.2766836,0.020804074,0.09844559,0.01763107,0.24502708,-0.07711766,0.44663057,0.09903039,0.09751512,0.3036712,-0.017269332,0.31916845
0.38695854,-0.08645504,0.186727,0.4385339,-0.10556356,0.035966985,0.26089025,0.0060151117,0.081945024,0.0044488506,0.22459264,-0.098383635,0.43201116,0.07195501,0.093557075,0.3008643,-0.025708502,0.3014055
0.40072933,0.18476538,0.20537595,0.27222696,0.1820421,0.078013435,0.1940154,0.2315158,0.36261567,0.09031618,0.09421343,0.13423938,0.23931755,0.2112364,0.22674504,0.21012229,0.1355069,0.07093348
0.4002181,0.20343038,0.2197315,0.2599062,0.19941851,0.0944838,0.20461258,0.23895669,0.36944792,0.09264516,0.106117494,0.1330496,0.23586752,0.23425241,0.24013038,0.21835081,0.14049289,0.079534814
-0.11920254,-0.14441496,-0.15285279,-0.09643678,-0.18000855,0.12369595,-0.16116892,-0.082456045,-0.09482868,0.015731934,0.025793985,-0.028818492,-0.09572169,0.010110667,-0.25186956,-0.12069617,-0.20827726,-0.16894901
-0.12957248,-0.1659709,-0.20461696,-0.18045034,-0.19492534,0.070463985,-0.18105902,-0.09619448,-0.115485,-0.0059515424,0.004995822,-0.057738286,-0.1510047,-0.049283285,-0.25670153,-0.11429907,-0.19991143,-0.2166525
-0.031244654,-0.16690384,-0.23640001,-0.16697843,-0.11747314,-0.02891582,-0.03146664,0.008095808,-0.073794976,0.10595834,0.19429642,0.082753785,-0.16521874,-0.0418319,0.110874265,-0.05608436,0.09569308,0.00905529
-0.052449476,-0.19344398,-0.27316913,-0.19467005,-0.13707668,-0.07524475,-0.10618315,-0.034383498,-0.104953796,0.06983194,0.16155489,0.068736,-0.20266089,-0.09472358,0.048203856,-0.10546247,0.037047256,-0.039362863
-0.043159872,-0.0005080404,-0.1625194,-0.0059910184,-0.0985685,0.16498396,-0.22202946,-0.012942117,-0.02455534,0.07894882,-0.08410571,0.079725906,-0.22160237,-0.08410897,-0.1751378,-0.21227513,-0.06493727,-0.33271298
0.0021520383,0.044866037,-0.13718869,0.00070941227,-0.04462705,0.17104974,-0.21292274,0.024701098,0.004596483,0.100598626,-0.08387231,0.12585771,-0.20193575,-0.118505485,-0.15689994,-0.18554018,-0.01716555,-0.32742652
0.22501907,0.23089474,0.13785914,0.0891096,0.25400802,0.3528659,0.3915046,0.35415637,0.13296871,0.23312497,0.27937698,0.1520908,0.05271038,0.21647248,0.3859158,0.2570723,0.4611501,0.30001798
0.22184855,0.19889237,0.10639906,0.06466757,0.23049417,0.36064163,0.3595242,0.30478442,0.12057925,0.20701724,0.35067406,0.13100916,0.04561401,0.2002712,0.34813386,0.27590826,0.43131474,0.31785142
0.4996427,0.29611093,0.42946663,0.299443,0.24820971,0.22258316,0.2184255,0.2000807,0.34429175,0.0014022095,0.16924457,0.06946687,0.3936588,0.182731,0.19318628,0.3062474,0.10152206,0.18518133
0.489128,0.31359127,0.43398038,0.31337944,0.2687803,0.22946675,0.23683695,0.21592985,0.348623,0.0050353687,0.1697825,0.06171421,0.4116405,0.19455,0.21539073,0.31709385,0.116161674,0.20196937
0.19919796,0.0975758,0.32462645,0.42062944,0.06873667,0.1862851,0.40230533,0.2100987,0.14532483,0.06305854,0.080004565,0.02558719,0.33525416,0.30118537,0.15180682,0.14966221,0.058279566,0.22013134
0.14423166,0.11343988,0.3391984,0.42702112,0.08782626,0.20371507,0.42797887,0.23099023,0.15738155,0.08026604,0.10637139,0.04227387,0.34671578,0.32309294,0.18497607,0.1802135,0.09168449,0.25905892
0.1173276,0.112849936,0.16053163,0.30259186,0.10008385,0.20630887,0.30699512,0.18285002,0.09038042,0.11533372,0.026060795,0.10583603,-0.0025706152,0.12982355,0.15383933,0.16083913,0.18954875,-0.020316284
0.14394659,0.13559349,0.16853651,0.32573724,0.12705815,0.20302473,0.3177727,0.2002544,0.114403725,0.12970078,0.017910756,0.12452816,0.008864446,0.1475413,0.17338872,0.16473222,0.20527977,-0.015363284
0.18676819,0.1118412,0.2938288,0.35262445,0.11364125,0.17032371,0.36041778,0.18236665,0.1163897,0.03601564,0.03817885,0.000905609,0.17287306,0.20281272,0.1302808,0.19343904,0.08940959,0.11794338
0.16066392,0.13392574,0.2989816,0.38834354,0.12384641,0.20316721,0.37843198,0.20499326,0.12897466,0.0609856,0.05222936,0.04395955,0.19087449,0.22262116,0.14964086,0.20861286,0.11916027,0.1175863
0.33158076,0.19143626,0.15897979,-0.051423103,0.21540141,0.22161664,0.2871678,0.24903375,0.02414071,0.04779081,0.20755763,-0.05753027,0.08434784,0.11753326,0.20535986,0.2827804,0.1565757,0.23824146
0.37595314,0.19413777,0.16317941,-0.024511132,0.21134922,0.22174665,0.29567924,0.26045173,0.04792436,0.06457376,0.22527325,-0.0356573,0.09767985,0.14029038,0.21973653,0.3012194,0.16878425,0.23798777
0.4132701,0.12322689,0.21272123,0.25518855,0.1093926,0.1833951,0.31400853,0.2697424,0.12579584,0.069476455,0.102811135,-0.030368114,0.2982334,0.10957545,0.1544484,0.30473772,0.10422045,0.15289445
0.5037205,0.16804183,0.30182323,0.24190249,0.15187451,0.17338371,0.27974093,0.2620834,0.16396059,0.09503269,0.1201393,0.0044049853,0.2677438,0.17034777,0.18859155,0.3765763,0.09122003,0.19181685
0.2772484,0.09030912,0.16672635,0.29563928,0.080243774,0.08112706,0.328959,0.14999373,0.035034195,-0.036166415,0.005147269,-0.11183677,0.30130583,0.06073937,0.10171451,0.23160979,0.034949943,0.1194451
0.2850386,0.09411081,0.17065978,0.29645705,0.08100622,0.072352804,0.31785423,0.15094791,0.052457858,-0.039773993,-0.0020792233,-0.101279326,0.30244416,0.05749343,0.108082525,0.22236244,0.03579659,0.11023686
-0.1266119,-0.36273506,-0.18451734,-0.14632882,-0.38199776,-0.1192233,-0.12875211,-0.21679819,-0.28634405,-0.038045336,-0.044050183,-0.054435465,-0.12781334,-0.19077659,-0.12873682,-0.14609702,-0.12750767,-0.11370555
-0.15449414,-0.3283387,-0.17466523,-0.13634247,-0.3410901,-0.102953,-0.11551898,-0.20265326,-0.24514696,-0.03950293,-0.11518214,-0.0640321,-0.08872775,-0.18887301,-0.10621842,-0.16797696,-0.12658332,-0.12223231
-0.08579984,-0.36218706,-0.25707775,-0.1600216,-0.35608253,-0.15373644,-0.23720713,-0.25053686,-0.27725258,-0.096460685,-0.19476396,-0.18550129,-0.19976726,-0.16841798,-0.30325356,-0.2932984,-0.31433868,-0.26426607
-0.044016518,-0.37547076,-0.2848052,-0.2001015,-0.3803161,-0.17875203,-0.2898472,-0.26036894,-0.28957713,-0.099202625,-0.20666856,-0.17078756,-0.22539064,-0.25161612,-0.3245703,-0.29526976,-0.31736025,-0.31457868
0.06482017,0.22316317,0.2427793,0.08863306,0.13611273,0.34755886,0.057597727,0.19744924,0.17563568,0.20051406,0.22525127,0.24012707,-0.03163709,0.23019277,-0.07536311,0.061068866,0.047125045,0.016624246
0.22390968,-0.1326245,-0.16143344,-0.25903508,-0.06828782,-0.12042935,-0.045430895,0.007511978,0.01703546,0.008856508,0.09611644,0.0034204274,-0.17579684,-0.007366809,0.14615832,0.098945,0.054786637,-0.02600352
0.19749108,-0.15579739,-0.17681757,-0.28038988,-0.09329566,-0.11081081,-0.046797253,-0.011643454,-0.026147088,-0.007881846,0.10603279,-0.019813104,-0.19736691,-0.028681481,0.11683673,0.096628286,0.043948583,-0.042936284
-0.1774599,-0.22412406,-0.20788927,-0.11764764,-0.19971737,-0.03397208,-0.061881356,-0.16076905,-0.25670204,-0.023172526,-0.12850706,-0.10603852,-0.07033217,-0.1683106,-0.09608291,-0.19765483,-0.07850498,-0.054396763
-0.1745454,-0.23351137,-0.24220964,-0.100608975,-0.19834065,-0.0704425,-0.09530475,-0.18960431,-0.2739039,-0.0405573,-0.14906989,-0.12710696,-0.07088739,-0.21027605,-0.13253522,-0.22387469,-0.112492576,-0.065845884
0.29450274,0.30391535,0.39432853,0.42996198,0.20300661,0.1315455,0.2504266,0.20617811,0.3302792,0.02508739,0.040132716,0.09801564,0.44840297,0.08879842,0.09008404,0.2308482,0.0679174,0.10157274
0.31412977,0.2946063,0.3755052,0.42337626,0.19177541,0.12616651,0.26753244,0.21975233,0.32189584,0.030763553,0.022916498,0.092411846,0.46390367,0.06771216,0.088658735,0.21865919,0.081399314,0.094914034
0.02245269,0.06736311,0.12814063,-0.06047178,0.058672544,0.07650975,-0.022369254,0.062950194,0.05329698,0.11043403,0.12817515,0.11814832,-0.04014375,0.18226233,-0.013873796,0.04358879,0.0045126034,-0.068272404
0.03885578,0.097864985,0.12276105,-0.052876707,0.07995552,0.12877363,-0.023500491,0.092519045,0.07693081,0.12601314,0.1423466,0.13828139,-0.03580005,0.19400258,-0.0009620091,0.049664408,0.022527644,-0.09037131
-0.10714298,-0.29198077,-0.19406633,-0.22330368,-0.2895567,-0.13315707,-0.2836677,-0.17989531,-0.13755773,-0.05195047,0.07729247,-0.062284354,-0.14440495,-0.17566396,-0.2892298,-0.18835515,-0.32438833,-0.083542265
0.054076675,0.08742187,0.14766791,-0.04728542,0.07944022,0.08934677,-0.0011784283,0.08706966,0.07929209,0.12129115,0.13511735,0.12771328,-0.026547464,0.19946107,0.014971236,0.062175065,0.029664418,-0.05067806
-0.11837453,-0.27692777,-0.18846788,-0.2285553,-0.28381673,-0.10932284,-0.27560255,-0.16608793,-0.116620965,-0.04075021,0.07500432,-0.05088387,-0.13330431,-0.15293838,-0.27385065,-0.18935469,-0.3149168,-0.08380455
-0.054363724,-0.29128742,-0.1898717,-0.020740818,-0.25867045,-0.077083744,-0.062448792,-0.22655915,-0.21874578,-0.029607818,-0.14729981,-0.17172207,-0.12136742,-0.21686463,-0.08344215,-0.19377618,-0.1192013,-0.1583207
-0.02220197,-0.29555783,-0.1930247,-0.004374029,-0.2625162,-0.07148704,-0.061268743,-0.20890364,-0.19402057,-0.009859744,-0.1512612,-0.1536751,-0.1040584,-0.21969236,-0.07266139,-0.1797462,-0.10403944,-0.16494946
0.22586425,-0.30317786,-0.26808637,0.032335784,-0.2795252,-0.0841163,-0.09848866,-0.20213316,-0.20229681,-0.00014115102,-0.12575544,-0.0797483,-0.17626698,-0.24011345,-0.09850188,-0.17842263,-0.0990459,-0.26471838
0.25763834,-0.29286554,-0.25367564,0.05005553,-0.26796174,-0.074817754,-0.09446842,-0.19697416,-0.18819779,0.009750656,-0.12448234,-0.059993196,-0.1676705,-0.25428575,-0.098488525,-0.16042064,-0.09124231,-0.26905465
0.17154898,-0.35666338,-0.2306351,0.17936677,-0.32837316,-0.09889885,-0.14191812,-0.21206976,-0.15171511,-0.048530325,-0.109559886,-0.086119406,-0.028171297,-0.26768902,-0.13365877,-0.13779521,-0.17295834,-0.2444154
0.25739032,-0.2727133,-0.13653333,0.20733595,-0.25081074,-0.1077025,-0.112352416,-0.15888669,-0.09093675,0.018142678,-0.051860034,-0.0024119185,-0.15909748,-0.10286816,-0.12489618,-0.085911244,-0.13831066,-0.29141942
0.27407926,-0.29742178,-0.16066638,0.18017757,-0.27267772,-0.11763078,-0.11871857,-0.1718559,-0.12306686,0.0076648314,-0.03608656,-0.013666193,-0.16540906,-0.12695791,-0.121924825,-0.07009394,-0.14212032,-0.28212848
-0.23200426,-0.27289295,-0.24698189,-0.13304342,-0.28056467,-0.2504518,-0.22474878,-0.35558155,-0.35139972,-0.13260193,-0.023999587,-0.22416647,-0.15647976,-0.20727442,-0.19078317,-0.19229603,-0.27700168,-0.093296714
-0.24978392,-0.24667428,-0.22433876,-0.13316467,-0.25668016,-0.2194459,-0.18759273,-0.3256779,-0.32002452,-0.10497737,0.003564129,-0.21668063,-0.12943195,-0.16006595,-0.1427355,-0.16016331,-0.24568881,-0.05713464
-0.28854707,-0.3628056,-0.3008852,-0.2986179,-0.37481436,-0.30209476,-0.39001372,-0.3508906,-0.3149892,-0.1841857,0.059330888,-0.1648957,-0.23958942,-0.33203238,-0.31488642,-0.2402812,-0.39480403,-0.1250974
-0.3013705,-0.36457777,-0.31602746,-0.31803358,-0.37487108,-0.30812445,-0.38340953,-0.3491756,-0.31369385,-0.1901669,0.060084924,-0.1740117,-0.21786198,-0.33809936,-0.31621945,-0.23186943,-0.39738718,-0.11455682
-0.06540575,0.114133015,0.14687604,0.069726095,0.12302406,0.21027942,0.1588851,0.04456777,-0.008004474,0.017413069,0.14114891,0.08532144,-0.19518849,0.23047273,0.10260994,-0.029160066,0.16024989,0.20660752
-0.007951273,0.15699138,0.20324402,0.054962497,0.17740406,0.24685022,0.18308556,0.08967203,0.026961602,0.036369093,0.16774043,0.10624012,-0.167455,0.25758892,0.13181745,0.014621364,0.19574729,0.23972258
-0.17025518,-0.31356212,-0.20062287,-0.1514599,-0.33641523,-0.167779,-0.25818157,-0.34468073,-0.2890333,-0.15964475,-0.15524668,-0.20836096,-0.24029247,-0.03632839,-0.27203628,-0.2828961,-0.33644804,-0.20019896
-0.15797102,-0.335511,-0.18754403,-0.104697466,-0.36014482,-0.18499695,-0.25878173,-0.3395954,-0.28735733,-0.14830352,-0.15685628,-0.19230267,-0.23877753,-0.021255469,-0.28659663,-0.29442278,-0.34388885,-0.19856049
0.07381515,0.26766297,0.20184828,0.054115526,0.23944129,0.29712853,0.10891572,0.13052045,0.11901921,0.08756342,0.12058102,0.10193313,-0.06451823,0.29318637,0.17458095,0.0032606046,0.12300224,-0.0047665266
0.08608119,0.290528,0.2113188,0.0760268,0.2587888,0.31957403,0.13220991,0.15217748,0.13170727,0.10746403,0.14153673,0.10786601,-0.0237182,0.31889755,0.1851799,0.025509449,0.12633781,0.019601606
0.21144088,0.22668588,0.2519227,0.068139635,0.26698792,0.2623166,0.2501596,0.04665394,-0.010041994,-0.054768674,0.30708352,-0.08619761,0.17822038,0.1007167,0.10389427,0.30414784,0.115377724,0.4162906
0.19193222,0.25703433,0.29586983,0.11792882,0.30100238,0.28169414,0.26925385,0.06149655,0.033633094,-0.04109835,0.33487773,-0.048820283,0.1965988,0.13462205,0.13809699,0.34236446,0.13791415,0.42732546
0.16374744,0.26842403,0.00040799775,0.093593374,0.35203433,0.27976927,0.1202026,0.23685971,0.24743283,0.3126362,0.040816218,0.2515,-0.041720316,0.14463781,0.2612152,0.012351469,0.28199783,-0.044554632
0.12797107,0.23550197,-0.03126463,0.1055887,0.30646887,0.26038322,0.08155568,0.21302563,0.23211655,0.29194275,0.020123105,0.23948671,-0.06379921,0.10975674,0.21767393,-0.014263291,0.24559408,-0.09742615
0.35951844,0.5274012,0.33466882,0.076852605,0.5646839,0.2984421,0.27747163,0.35668117,0.4813758,0.23219635,0.24857795,0.32462186,0.107420124,0.47842556,0.45379,0.3210586,0.4116014,0.3105
0.3429229,0.53400064,0.34475213,0.069744624,0.5580902,0.32761604,0.27178398,0.3636478,0.48531687,0.24062772,0.2479726,0.3460708,0.11470437,0.48503384,0.43764278,0.31135997,0.40130284,0.30265066
-0.22730704,-0.35002384,-0.18925346,-0.03352027,-0.4064677,-0.2944342,-0.32791367,-0.3921844,-0.2581563,-0.07718676,-0.14153084,-0.103290156,-0.30494145,-0.14251675,-0.21575852,-0.2093022,-0.33833823,-0.29376307
-0.23147906,-0.3468549,-0.18079828,-0.080427654,-0.41280928,-0.2705951,-0.30656055,-0.38164845,-0.25836426,-0.07299796,-0.13581552,-0.11696839,-0.288906,-0.1232432,-0.20328651,-0.18645613,-0.32569838,-0.27756125
0.18038547,0.15733959,0.36570433,0.3197196,0.15934478,0.2375538,0.18250646,0.15796523,0.16548537,0.22153938,0.21923043,0.15305997,0.092381306,0.5098224,0.04652765,0.13357517,0.0132342735,0.11540214
0.20184,0.1862331,0.38046494,0.3115325,0.17896044,0.26531285,0.19367126,0.17480119,0.18810661,0.23932698,0.20416199,0.159914,0.09987654,0.52894056,0.064675264,0.1394275,0.023728022,0.1178309
-0.20076188,-0.4006533,-0.3524176,-0.1785732,-0.37836444,-0.2538523,-0.27976203,-0.34274194,-0.34792987,-0.23533888,0.018726403,-0.18115948,-0.23445284,-0.40614456,-0.3816783,-0.022399548,-0.27484575,-0.17650084
-0.2104432,-0.37269893,-0.33436847,-0.16223058,-0.35483274,-0.23970251,-0.25545013,-0.31372896,-0.32070863,-0.21115027,0.028367067,-0.14553793,-0.20859523,-0.39662936,-0.35351503,-0.0077205813,-0.2471516,-0.16249637
-0.15860286,-0.2957716,-0.2022333,-0.036676392,-0.38106787,-0.018448012,-0.15855283,-0.19525348,-0.1636578,0.016451383,-0.074525066,-0.1127958,-0.0831695,-0.19720419,-0.15535517,-0.0915598,-0.15011069,-0.17785442
0.18156315,0.2222201,0.09769355,0.11498631,0.16686259,0.35493764,0.21796317,0.2806507,0.38428718,0.23502001,0.07149689,0.34752232,-0.028328275,0.2206481,0.3987196,0.18151885,0.46208233,-0.010295229
0.1098868,0.20449635,0.040305033,0.09591591,0.13724121,0.35327482,0.20382866,0.2617538,0.35782644,0.2250791,0.070727,0.32856035,-0.046024717,0.1924141,0.37570438,0.17270818,0.44718727,-0.03116261
-0.057692207,-0.041266736,-0.039563976,0.11995955,0.013103644,0.03454786,0.060702566,-0.12525967,0.008678962,-0.037777394,0.29037765,-0.06576791,-0.14786407,0.088201515,0.009583892,0.075004384,0.025419071,0.23837611
-0.039800335,-0.04990899,-0.031153321,0.124093555,0.0031613202,0.03547582,0.05809411,-0.11998277,0.00094880164,-0.041264307,0.28764805,-0.06698172,-0.15155573,0.08633611,-0.011162367,0.07370564,0.01016963,0.22197317
0.12890719,0.23070383,0.22168632,0.17193966,0.23290808,0.30166054,0.1922279,0.06229099,0.12032523,0.029105688,0.4149493,0.017379524,0.09775904,0.132875,-0.035312925,0.3775501,0.08210239,0.27251896
-0.19758783,-0.24298137,-0.31287953,-0.124924265,-0.20192733,-0.073600024,-0.10885201,-0.21179734,-0.2094578,-0.009446976,-0.15610781,0.0075989123,-0.22357333,-0.27074477,-0.057256654,-0.2522411,-0.027463483,-0.19378057
0.46014452,0.08433879,0.22579944,0.17514372,0.028503269,-0.009669329,0.15578976,0.06715465,0.21396765,-0.02661033,0.006222273,-0.07428244,0.30899462,0.14740956,0.027107958,0.0961563,-0.0696629,0.050126687
0.41272005,-0.023072246,0.16412064,0.04298154,-0.0115114,0.0067747547,0.1507936,0.08284911,0.039255265,-0.06317927,0.027502669,-0.10769366,0.13510324,0.018109648,0.013814191,0.19505872,-0.033924058,0.046235126
0.43759203,0.019896753,0.18395472,0.027157051,0.033070028,0.058499947,0.17446582,0.11138349,0.071795404,-0.039444506,0.05034212,-0.08681373,0.14002965,0.06273608,0.05789268,0.21716523,0.008274918,0.062428977
0.43701,0.044088505,0.1895957,0.26038447,0.01608044,-0.109449506,0.0816244,0.02295169,0.22589508,-0.055558845,0.017808579,-0.064551145,0.3045518,0.086608015,-0.016439661,0.08725498,-0.10369771,0.026568128
0.43809453,0.053463317,0.19753076,0.26084018,0.017477073,-0.093873546,0.08967086,0.037204966,0.23758772,-0.04820419,0.028705265,-0.052908935,0.31192893,0.10454667,-0.0021752308,0.09666514,-0.091041096,0.03175099
0.26298487,0.2818426,0.44765773,0.62174547,0.2652782,0.12102897,0.39202878,0.22584258,0.4331922,0.124885984,0.17831822,0.10135608,0.5748988,0.2182001,0.25206655,0.4553338,0.12080393,0.36008915
0.25170115,0.2853868,0.480653,0.6745793,0.26905763,0.1480361,0.3923587,0.20943473,0.4431472,0.13160922,0.21892604,0.11278391,0.55493087,0.27109253,0.271025,0.45594376,0.124159776,0.36759418
0.08359933,-0.15276232,-0.17540202,0.054817773,-0.16255496,-0.32673508,0.035810437,-0.18302523,-0.14104506,-0.17631114,-0.08651849,-0.31826717,0.007861293,0.016128805,-0.07372971,-0.009890628,-0.16275515,0.041742355
0.10048285,-0.16837199,-0.1958041,0.036765613,-0.18278386,-0.32790652,0.016399993,-0.1904227,-0.1613687,-0.1840039,-0.10391311,-0.31717044,-0.020600758,-0.004231456,-0.09473386,-0.035638254,-0.17394191,0.0024213863
0.035489716,0.17139384,0.0706124,0.14523849,0.23153426,0.24977364,0.2058402,0.23667812,0.219356,0.16775523,0.29625633,0.13539606,0.088497914,0.19986148,0.35214955,0.2690324,0.25184944,0.25648558
0.011986048,0.20349623,0.06140394,0.08193021,0.2817518,0.24303254,0.21344313,0.23701343,0.20400766,0.16655923,0.315276,0.11771217,0.025505964,0.21186072,0.3680144,0.26016676,0.27763957,0.27184716
0.14169139,0.17390803,-0.01452625,0.12872735,0.25601596,0.14141932,0.2227762,0.31320417,0.18069467,0.3022951,0.21186848,0.25623587,-0.025655538,0.26092926,0.3125944,0.11674253,0.3355507,0.20561412
0.10970034,0.21257642,0.019895755,0.11776894,0.29449126,0.15204343,0.2812561,0.331304,0.16922897,0.30787107,0.23278363,0.23271279,-0.024901537,0.28874385,0.34683943,0.15406018,0.36501846,0.2546227
0.22000454,0.18616365,0.0001110381,0.1346406,0.32363975,0.10197992,0.11234301,0.20038155,0.08828633,0.17782475,0.19531341,0.1235124,-0.014036383,0.16235259,0.2777426,0.068679504,0.22581138,0.20411961
0.21071242,0.20255238,0.017791789,0.12116056,0.32448465,0.119331956,0.15067707,0.25163993,0.14703567,0.19963881,0.22587588,0.12341832,-0.0042060693,0.23414269,0.3391108,0.10885902,0.26607773,0.23705415
0.39356607,0.118253134,0.110681355,0.35508773,0.15992065,0.1747377,0.258757,0.17950141,0.11249216,0.096292585,0.18324345,0.00873903,0.29772824,0.114046,0.17136909,0.3657223,0.11081318,0.21468963
0.3828023,0.13770431,0.11114717,0.3481396,0.18406707,0.19517013,0.27670574,0.19315483,0.12753303,0.11096491,0.18486018,0.0021677616,0.30901986,0.13907078,0.18536074,0.3758491,0.11478144,0.20330396
0.40066093,0.089865185,0.045482434,0.22540377,0.14548682,0.13187806,0.18596902,0.10224881,0.03167529,0.05582348,0.1811673,-0.06593397,0.15691875,0.07396551,0.12858365,0.34924188,0.058892757,0.16771483
0.4092568,0.099495545,0.0482634,0.2032149,0.15853311,0.15172252,0.19471687,0.10853844,0.027056493,0.075812,0.2020492,-0.06356793,0.113470726,0.10672516,0.12988308,0.35649976,0.06615813,0.16112663
0.44815683,0.11547268,0.24512705,0.4021826,0.1507969,0.12414733,0.28634053,0.17447235,0.15709989,0.07559592,0.21975641,0.017595187,0.33213738,0.20501545,0.19754082,0.42435518,0.103027195,0.31126115
0.43901026,0.10124872,0.2290462,0.40261438,0.13747133,0.1340243,0.2889294,0.16313417,0.14487426,0.07653405,0.22918056,0.003940683,0.32024217,0.2134444,0.18675809,0.41536036,0.09094362,0.3024365
0.58728534,0.2614623,0.31106016,0.25591868,0.2698912,0.07084894,0.29606485,0.24085927,0.3602895,0.114403814,0.14105803,0.012789931,0.4928244,0.19487597,0.26410216,0.36593154,0.07656806,0.26881805
0.59501857,0.28999567,0.3365397,0.28039104,0.29522413,0.078786485,0.32353845,0.23758492,0.34370783,0.115856364,0.14897405,-0.007795086,0.4984791,0.22105482,0.27603555,0.37099668,0.07918409,0.29997453
0.25940347,0.29319972,0.31787068,0.32055688,0.32814664,0.058706556,0.3252764,0.29512182,0.3613115,0.08067162,0.059912987,0.09192539,0.5153158,0.15294419,0.2648938,0.16842014,0.20314842,0.40732634
0.2505567,0.25769046,0.32117617,0.32285056,0.28910476,0.047235347,0.31761843,0.2796356,0.336635,0.05746326,0.049302693,0.058643408,0.5074735,0.13596019,0.24264863,0.17123413,0.17062464,0.38887483
0.32474592,0.091968276,0.2774393,0.18604928,0.14913933,-0.024441546,0.28009114,0.06826079,0.091342896,-0.0912116,0.13114187,-0.16180491,0.4068033,0.027697615,0.1632539,0.3090169,0.064050205,0.49143395
0.32343563,0.0857688,0.29168552,0.20357785,0.14745282,-0.015022708,0.30947524,0.058699895,0.095053874,-0.09312538,0.16375667,-0.17733061,0.42650786,0.04943093,0.17422403,0.3302604,0.0667946,0.52518296
-0.245274,-0.2602312,-0.3055038,-0.34454903,-0.17661272,-0.13211167,-0.22453876,-0.29148176,-0.33350092,-0.17678505,0.10814789,-0.25776306,-0.25001392,-0.29145846,-0.24377778,-0.018403895,-0.28522742,-0.034611538
-0.26836765,-0.2989846,-0.31842983,-0.35594225,-0.22701989,-0.15084028,-0.25437152,-0.3066459,-0.35272893,-0.19204146,0.08571649,-0.26555246,-0.2580574,-0.31069097,-0.2760063,-0.049218114,-0.3210538,-0.061809923
-0.13616155,-0.3240472,-0.21328704,-0.08823741,-0.3340283,-0.23500939,-0.20403361,-0.2451484,-0.3093647,-0.08458706,-0.1818896,-0.08106649,-0.15509495,-0.36717078,-0.16932978,-0.22383943,-0.1396148,-0.13754301
-0.15938148,-0.31000873,-0.19261138,-0.093979016,-0.3355239,-0.21579514,-0.17534685,-0.21707194,-0.28059065,-0.0643288,-0.1869023,-0.0736359,-0.1430347,-0.33888218,-0.13604452,-0.20558974,-0.11932273,-0.12726986
-0.088561624,-0.14746167,-0.15566681,-0.061929736,-0.116555385,-0.17213832,-0.18309353,-0.07407939,0.14180772,0.09346942,-0.08525709,0.1883719,-0.10558735,-0.049717695,-0.028323818,-0.0909794,-0.06986072,-0.2617624
-0.09786755,-0.1362971,-0.13277197,-0.06957866,-0.10887766,-0.13987629,-0.1329178,-0.03315539,0.1774982,0.12307346,0.015934825,0.22006744,-0.10570069,0.023691988,0.016663156,-0.026822364,-0.021241829,-0.21833004
-0.14079966,0.012252109,-0.24546492,-0.20329833,0.15669654,-0.06620262,-0.14622273,-0.056328755,-0.11325047,0.102061115,-0.091258615,-0.013974924,-0.31839564,-0.06412516,-0.01129772,-0.2592963,-0.04731663,-0.19771533
0.027668552,0.069022864,-0.16331701,-0.16921775,0.23999682,-0.004097101,-0.08891206,-0.011487978,-0.07501445,0.13478991,-0.003337386,-0.008870464,-0.2436008,0.018159164,0.016757913,-0.19445081,-0.027452677,-0.09384819
0.106643565,-0.069788225,-0.18113674,-0.08604825,-0.10181724,0.035025124,-0.108426765,0.069960184,0.07716117,0.040804677,-0.020801678,0.05120597,-0.14259112,-0.11807914,0.13332598,-0.08899902,0.07464639,-0.21336845
-0.1833578,-0.053665068,-0.18743478,-0.07580725,0.056375083,-0.058370262,-0.1271704,-0.13962622,-0.12772705,0.08926804,-0.10270363,-0.03478211,-0.3034887,-0.088314794,0.012698461,-0.2179626,-0.046858,-0.18008263
-0.18700394,-0.053733416,-0.19418347,-0.07424423,0.055737082,-0.042365834,-0.12527591,-0.130427,-0.13402303,0.09089822,-0.11364339,-0.039377376,-0.3031393,-0.09638032,0.0027446472,-0.23761758,-0.04461017,-0.18842994
-0.2039082,-0.16683926,-0.21579418,-0.15677458,-0.14038056,-0.22305085,-0.16257003,-0.3065807,-0.22063144,-0.056083,-0.14566812,-0.16759455,-0.106023416,-0.20501697,-0.04889595,-0.1833622,-0.17444536,-0.05657928
-0.24316217,-0.1843198,-0.21437778,-0.1805819,-0.16491541,-0.2168911,-0.15046477,-0.32560176,-0.2459794,-0.06943156,-0.1328059,-0.20560399,-0.11925834,-0.17623277,-0.05804231,-0.19266905,-0.20147407,-0.048494246
-0.12902433,-0.24910487,-0.19565599,-0.035625275,-0.26443374,-0.14568612,-0.26310083,-0.28130323,-0.08484148,-0.0064564026,-0.14053036,-0.05798822,-0.19547646,-0.055526022,-0.16781053,-0.19339137,-0.2742869,-0.23344105
-0.1488572,-0.26682264,-0.18851463,-0.042441547,-0.27909645,-0.15178546,-0.22568646,-0.27525288,-0.0702863,0.00037736376,-0.117090404,-0.06849993,-0.17980257,-0.02178476,-0.1567904,-0.18230781,-0.27733606,-0.2132434
-0.115832746,-0.0993534,-0.23831122,0.08954885,-0.09037628,0.06254157,-0.082848415,-0.15050682,-0.17673679,-0.0963801,0.18396358,-0.08120465,-0.15251787,-0.2031285,-0.2843142,0.05141009,-0.07393336,-0.0016458591
-0.1438475,-0.13576348,-0.25561994,0.08171993,-0.13915539,0.046375312,-0.09608533,-0.16656512,-0.18771337,-0.101896994,0.1883179,-0.07230442,-0.1652804,-0.20022821,-0.28794816,0.028955756,-0.08219935,0.00018481657
0.07752432,-0.109164834,-0.06593746,-0.03427454,-0.12165989,0.060772363,-0.12799501,-0.07501201,-0.08395375,0.05292612,-0.045152403,-0.14472133,-0.08989103,0.12017261,-0.29858,-0.12507693,-0.2771959,-0.20741667
0.06852233,-0.09017065,-0.03275436,0.008399246,-0.10023816,0.037436415,-0.12756674,-0.07792235,-0.07505142,0.046591405,-0.037543114,-0.11036626,-0.10962713,0.1606963,-0.31141073,-0.12767163,-0.27848196,-0.19462045
-0.16050686,-0.3080786,-0.059844848,-0.10893314,-0.28144622,-0.059243202,-0.1302688,-0.29929262,-0.23099248,-0.21344757,0.15821558,-0.20413819,-0.19884503,-0.17533141,-0.31508648,0.06309072,-0.28953525,0.0075247446
-0.16876636,-0.3203536,-0.06701683,-0.12231068,-0.29482368,-0.06794592,-0.14245969,-0.30437082,-0.22017877,-0.21983263,0.15620603,-0.20298955,-0.19855684,-0.17066446,-0.31683013,0.061350163,-0.29740563,0.0024424987
-0.16008388,-0.41764995,-0.4138693,-0.13114382,-0.4327143,-0.32199028,-0.33227262,-0.35658154,-0.33527392,-0.12492426,-0.093278944,-0.20917764,-0.3729912,-0.1419802,-0.26547274,-0.32560685,-0.3254288,-0.32800004
-0.206164,-0.39122564,-0.36490768,-0.07699467,-0.4153302,-0.30591145,-0.3079753,-0.35735554,-0.29813203,-0.11579352,-0.08821611,-0.1995048,-0.30943242,-0.10871998,-0.25635636,-0.3130625,-0.3346374,-0.28232634
-0.055995084,0.10367063,0.0978612,-0.06474744,0.043302827,0.25344098,0.04144912,0.02413315,0.027696708,0.06878548,0.006399045,0.16880056,-0.2325754,0.2106685,-0.0067715584,-0.12272643,0.019259417,-0.14373212
-0.10859385,0.08133811,0.071768515,-0.069091596,-0.00093375443,0.22595301,0.06706732,0.027013531,0.018116994,0.06770023,0.018977318,0.14625572,-0.23942266,0.21350716,-0.006478356,-0.14334512,0.015907427,-0.116236635
0.26512274,0.1171308,0.22240598,0.39034408,0.14397243,0.122524366,0.40094292,0.24976312,0.1473753,0.09676618,0.24584992,-0.062474992,0.54656094,0.052292626,0.18960121,0.42336905,0.16377643,0.41859314
-0.048793294,-0.17617849,-0.26481956,-0.15400913,-0.11585595,-0.08874794,-0.2017125,-0.2645883,-0.18254524,-0.052959267,-0.10795,-0.16860244,-0.16407967,-0.17322035,-0.1923442,-0.22975193,-0.21446843,-0.24197803
-0.05541296,-0.16777508,-0.24896558,-0.15160394,-0.1104182,-0.06333,-0.17293577,-0.2474254,-0.17255591,-0.029659467,-0.10722004,-0.16198857,-0.13974358,-0.1662393,-0.17264843,-0.22345705,-0.20367743,-0.22183704
-0.07851839,-0.1887325,-0.08810772,-0.0252847,-0.15874094,-0.033730514,-0.044535164,-0.21993987,-0.17508392,-0.17563207,0.16529953,-0.13776577,-0.0881946,-0.17708424,-0.2671333,0.13528495,-0.1352662,0.0956442
-0.07302129,-0.1593073,-0.06843341,0.0016948853,-0.13414957,-0.0049173483,-0.017793003,-0.19261305,-0.14570753,-0.1567752,0.17699556,-0.10159482,-0.08477804,-0.1529436,-0.24625881,0.14490257,-0.1050637,0.10250376
0.22936931,0.4436807,0.49874726,0.18829395,0.37530318,0.46448642,0.37988108,0.3700666,0.35119176,0.22601967,0.3110024,0.3345566,0.053113032,0.51006234,0.38495815,0.2606394,0.392128,0.23248091
0.25239506,0.47721905,0.51112753,0.17545554,0.40822136,0.48939216,0.38530308,0.40685582,0.4029315,0.24584547,0.31805956,0.35338515,0.0843191,0.5432,0.40965238,0.2850102,0.40229747,0.23287271
0.12569846,0.07264989,0.089568876,0.032174923,0.08334931,0.30638272,0.074032664,0.2459051,0.06616682,0.23544179,-0.042538594,0.13023576,0.034722235,0.059322797,-0.009305729,-0.1578786,0.043963976,-0.06482346
0.05342446,-0.0032258332,-0.0009674783,-0.015151807,0.032418475,0.14398462,-0.003904579,-0.047051944,-0.054195628,-0.07574233,0.254669,-0.0595694,-0.15110336,-0.15515746,-0.12746198,0.22713758,0.04223288,0.04610332
-0.141615,-0.3354571,-0.2533557,-0.09263801,-0.3199018,-0.23333143,-0.18307911,-0.26021865,-0.16349885,-0.11493041,0.16311547,-0.11701594,-0.107455656,-0.16666204,-0.1856066,-0.017355643,-0.21307103,-0.06997791
-0.1200939,-0.3124633,-0.2303185,-0.09094816,-0.2970458,-0.19577746,-0.14008978,-0.22537509,-0.110072374,-0.09385666,0.19128789,-0.07859115,-0.08581254,-0.11886142,-0.1305844,0.03199258,-0.1555859,-0.046328995
0.089808404,-0.14738032,-0.099770166,-0.052162923,-0.23000191,0.004749433,-0.21175545,-0.10312383,-0.1112595,0.06404171,-0.10595717,0.07394729,-0.120224655,-0.1886752,-0.15670435,-0.122614995,-0.0878675,-0.21142429
0.083609864,-0.13683935,-0.10439299,-0.059827335,-0.22038326,0.0133277625,-0.22201677,-0.10967925,-0.112788126,0.052689828,-0.113723435,0.06849083,-0.13283265,-0.18991524,-0.14712545,-0.13850772,-0.08517234,-0.21152167
-0.14480738,-0.04202041,-0.13182041,-0.0931995,0.0044940496,0.12179046,-0.010311334,0.111280344,0.093866535,0.21592025,-0.035104148,0.14970185,-0.16869982,0.09263291,0.15785332,-0.117264956,0.13301869,-0.17145348
-0.15183574,-0.05016372,-0.1477564,-0.098463185,-0.005042432,0.13236101,-0.028365893,0.10434267,0.07376491,0.20104249,-0.05064953,0.12540855,-0.18985295,0.073679194,0.1337694,-0.13767691,0.11237018,-0.20384033
0.18100455,-0.14733134,-0.008834321,0.24310495,-0.1923133,-0.0978629,0.18966447,-0.13368866,-0.015344312,-0.10608849,0.13782157,-0.21307077,0.27522418,0.06423739,-0.012084444,0.19472125,-0.09851461,0.23202866
0.21072271,-0.13720348,0.008061593,0.26930773,-0.19759162,-0.07525637,0.19606905,-0.11663032,-0.009866602,-0.08615907,0.13200825,-0.1828489,0.2760077,0.07819649,-0.008208745,0.19310354,-0.089469306,0.21104129
-0.26453617,-0.33726948,-0.29601842,-0.20472498,-0.25649858,-0.21204884,-0.21238627,-0.23707204,-0.25975022,-0.033012304,-0.15489288,-0.046950784,-0.25351524,-0.3233166,0.033984557,-0.20665689,-0.06916255,-0.117227726
-0.26425487,-0.35049376,-0.28668514,-0.2121656,-0.276492,-0.1612302,-0.16191533,-0.22004074,-0.23582932,-0.046042226,-0.060223766,-0.10131913,-0.2748393,-0.24149235,0.07158748,-0.091978826,-0.039198592,-0.09751489
-0.24062553,-0.3296078,-0.11603382,-0.12865129,-0.35329294,-0.34798536,-0.2518746,-0.40469316,-0.34469327,-0.108302936,-0.11005156,-0.20128845,-0.26785028,-0.05386524,-0.22100239,-0.237474,-0.37137637,-0.15699513
-0.22471197,-0.35137,-0.11512963,-0.12678237,-0.37593243,-0.34005535,-0.26106465,-0.412294,-0.35823435,-0.11115651,-0.11591233,-0.1965333,-0.28567508,-0.06557384,-0.24278857,-0.24611081,-0.38588288,-0.17849502
-0.23798569,-0.19380745,-0.124266766,-0.26549235,-0.21025978,-0.044821657,-0.1584808,-0.21518911,-0.21278238,-0.13531528,0.16705754,-0.18333642,-0.18969058,-0.21158971,-0.25178233,0.14765577,-0.27598763,-0.017998664
-0.20487964,-0.16362518,-0.10109261,-0.25369242,-0.17438418,-0.024965161,-0.13967974,-0.18019752,-0.19697285,-0.109147616,0.17798312,-0.18113452,-0.16998081,-0.18396336,-0.23300168,0.16248062,-0.27309752,-0.012898656
-0.29647455,-0.15891173,-0.2159401,-0.06092386,-0.2065696,-0.08984196,-0.21633749,-0.17812793,-0.020248154,0.08500504,-0.03976481,0.12990873,-0.12436012,-0.11856371,-0.024436524,-0.15781632,-0.09178326,-0.1794384
-0.33204472,-0.17428221,-0.22233135,-0.075281404,-0.21964653,-0.09846057,-0.2216127,-0.1950394,-0.057993874,0.06949801,-0.045295026,0.07323447,-0.14562193,-0.10882876,-0.049742907,-0.18820502,-0.13449498,-0.15973346
0.21707526,0.30398533,0.08203253,-0.04893046,0.3796807,0.23126857,0.23189649,0.42037728,0.15604694,0.2386825,0.0016391359,0.1571787,-0.027568378,0.05396394,0.2475503,0.15990528,0.29980728,0.07628699
0.20112415,0.30417678,0.0820427,-0.06654863,0.38672745,0.23521237,0.21622251,0.41802248,0.15744798,0.22903483,0.014224711,0.15611936,-0.03718038,0.060187433,0.23628324,0.15424004,0.28712887,0.07155739
-0.18233538,-0.1521721,-0.20864889,0.050217636,-0.24107516,-0.020216294,-0.19435664,-0.0995247,-0.13598138,0.076494396,-0.12777139,0.14898513,-0.11098983,-0.19479485,-0.2141289,-0.23749916,-0.10411428,-0.20936467
-0.16885504,-0.15919071,-0.23076239,0.06061666,-0.2461383,-0.018603057,-0.23280321,-0.10891275,-0.16612229,0.07438762,-0.10995338,0.16097113,-0.1519241,-0.22323903,-0.26408842,-0.2635652,-0.1238522,-0.24289648
-0.11400565,-0.12815642,-0.23478313,-0.04695041,-0.13185486,0.015214279,-0.19282575,-0.115131386,-0.04126505,0.047756203,-0.08376219,0.14493641,-0.14237677,-0.15582345,-0.062258083,-0.18692453,-0.02982488,-0.32497397
-0.0885537,-0.08061699,-0.18638273,-0.042645127,-0.08881259,0.039478324,-0.17839506,-0.08743323,-0.013580516,0.06734799,-0.050528362,0.18376024,-0.116827674,-0.11661435,-0.041412666,-0.16727106,-0.006528708,-0.27560428
-0.13594067,-0.27327845,-0.28260383,-0.100838184,-0.32604748,-0.062231418,-0.17040679,-0.24767777,-0.23648702,0.0021041916,-0.13524935,0.021345316,-0.1869782,-0.26610723,-0.12787879,-0.23883928,-0.08660969,-0.18077199
-0.13823202,-0.2698691,-0.27246422,-0.066976435,-0.33091035,-0.049475905,-0.1512663,-0.2224401,-0.19817822,0.023612104,-0.12760413,0.046752524,-0.16947022,-0.2512344,-0.11161787,-0.23644263,-0.060986876,-0.17805555
0.083368205,0.14142682,0.16555887,0.04718176,0.1528564,0.308259,0.089517616,0.07341322,0.03902913,0.046384234,0.37922588,0.091042385,-0.012694609,0.040603407,-0.13565774,0.19398376,0.022553202,0.18155427
0.049881447,0.15108873,0.12743771,0.02137635,0.1562552,0.34953234,0.11123513,0.089785345,0.041527297,0.057116058,0.4084881,0.10023591,0.005785138,0.03751564,-0.1100591,0.20502053,0.05972035,0.21151426
-0.19046953,-0.27999684,-0.25529623,-1.8884894e-05,-0.27709082,-0.119277425,-0.1670058,-0.20562443,-0.17210494,-0.06853081,-0.21795052,-0.122343816,-0.16047245,-0.18728434,-0.24028215,-0.29799488,-0.21808776,-0.2866875
-0.26138902,-0.24545144,-0.28437552,-0.039947882,-0.17493592,-0.16907038,-0.26452848,-0.23413695,-0.14833768,-0.038439833,-0.12618648,-0.0002593464,-0.2707922,-0.22851603,-0.1893937,-0.2896073,-0.16943288,-0.3932567
-0.20752095,-0.19858359,-0.2544686,-0.04620011,-0.11362677,-0.17425877,-0.23876797,-0.20036192,-0.10068045,-0.008935652,-0.11189718,0.027065462,-0.25812283,-0.17967826,-0.14835608,-0.26317683,-0.13924211,-0.3727088
-0.057168305,0.018836597,-0.16936293,0.103156015,-0.0060601486,0.13208568,-0.119705446,-0.06331331,0.106746234,0.15651712,0.11084683,0.17210855,-0.097223744,0.02016213,0.025511,-0.061908968,0.03999238,-0.20079549
-0.097481616,-0.024165967,-0.17384888,0.08102989,-0.07150906,0.13007593,-0.11982503,-0.05611876,0.10490678,0.15514868,0.14431047,0.17513074,-0.07020831,0.01733959,0.03544339,-0.035963986,0.04007013,-0.19040067
0.31651098,-0.22499526,0.11333933,0.0010385499,-0.2206585,-0.079437636,-0.09435345,-0.17068481,-0.10624357,-0.025182,-0.024426129,-0.08216561,-0.21812683,0.19361728,-0.112362884,-0.109038904,-0.20709285,-0.13179348
0.35564834,-0.16959532,0.14423701,0.04626728,-0.1644311,-0.02308462,-0.04949911,-0.12338721,-0.038170367,0.00971727,0.028334811,-0.013971981,-0.18911083,0.22223866,-0.076210245,-0.052378714,-0.1454799,-0.117359556
0.200666,0.18496758,0.28043553,0.15244924,0.28547576,0.3127719,0.2772071,0.06272487,0.06567806,0.00094486075,0.39413592,-0.061098456,0.10743419,0.12684354,0.11492189,0.44216058,0.16570309,0.38232443
0.17102024,0.18322796,0.28668842,0.20450208,0.26355293,0.33311844,0.2901949,0.06621575,0.06888303,0.0073082927,0.4121103,-0.04039963,0.1387845,0.12110844,0.10858732,0.4666729,0.16852172,0.39884362
-0.21161829,-0.36548543,-0.32044178,-0.15067057,-0.32621068,-0.17966235,-0.2378585,-0.29242232,-0.33910078,-0.07329335,-0.24018836,-0.14943236,-0.25104702,-0.38692668,-0.27612504,-0.38901967,-0.25593942,-0.32076985
-0.23086283,-0.35703105,-0.28952459,-0.15745343,-0.3311221,-0.17422976,-0.22711249,-0.26841465,-0.30618224,-0.06308632,-0.22749014,-0.12805872,-0.21249121,-0.35935205,-0.2511872,-0.3622284,-0.24524185,-0.28867927
0.022938171,0.1167709,0.23531514,0.11687314,0.057886947,0.1626739,0.07623028,0.123385586,0.21125285,0.15065822,0.26508886,0.22652128,-0.011041749,0.3742748,-0.014668144,0.11179859,0.0040973374,-0.0016461256
0.0069649057,0.107454635,0.2137432,0.13358784,0.046416968,0.16405548,0.08741639,0.11553305,0.20612955,0.1664211,0.24521302,0.21877304,-0.012715825,0.3904428,0.010098657,0.12971638,0.011450133,-0.035594936
-0.28440216,-0.38793886,-0.38453525,-0.093498476,-0.3571406,-0.19030693,-0.30044624,-0.32260436,-0.33681008,-0.2224663,0.03452001,-0.18253832,-0.24196008,-0.45062268,-0.3685371,-0.16436309,-0.23569265,-0.13708091
-0.25795305,-0.3758052,-0.37806717,-0.07597919,-0.33334997,-0.200531,-0.30076113,-0.3212523,-0.33936983,-0.21274206,0.036589794,-0.17074706,-0.2461041,-0.45175865,-0.36322296,-0.17040783,-0.22627231,-0.12812671
-0.08473208,-0.03462362,-0.109574944,-0.055737738,0.006543965,0.0026788525,-0.0986993,-0.05258274,0.08817779,0.039848994,0.27151632,0.19126318,-0.13231702,0.029603455,-0.038407274,0.019859023,0.055423353,-0.080152124
-0.048600804,-0.032093197,-0.08835295,-0.049023777,-0.0048887883,-0.012353158,-0.11615609,-0.029680058,0.1515871,0.07217433,0.23166892,0.22805762,-0.107493214,0.071726784,-0.01597258,0.014588468,0.044470914,-0.1408145
-0.1656317,-0.2844499,-0.26968336,-0.14824915,-0.21865325,-0.19406901,-0.19376205,-0.22335637,-0.24500804,-0.017182242,-0.15351373,-0.08459238,-0.2154046,-0.25430962,-0.06904021,-0.23861198,-0.15185632,-0.17384055
-0.14189054,-0.3061488,-0.2900856,-0.09340729,-0.2402562,-0.18487322,-0.19711027,-0.22454932,-0.2240215,-0.016333435,-0.15361965,-0.07202251,-0.22732751,-0.25672212,-0.09011497,-0.23196653,-0.15436402,-0.21535283
0.11013644,0.23323087,0.34794337,0.1589512,0.2856395,0.3634066,0.27363357,0.1255527,0.08585322,0.0776614,0.4327682,0.08882265,0.023191817,0.19532496,0.06521868,0.29763433,0.17579482,0.37575516
0.06491855,0.23795055,0.3561375,0.20837729,0.28154397,0.36403403,0.27159664,0.11065017,0.09727844,0.072307296,0.42223877,0.10321594,0.013661876,0.21822685,0.07220011,0.27842984,0.17716572,0.36475724
0.06421524,0.14214106,-0.18508248,-0.05615217,0.20341618,0.11370058,-0.029374916,0.1503865,0.021657078,0.23010443,-0.116004795,0.19104542,-0.13302697,-0.18719822,0.108770765,-0.12940682,0.19992538,-0.1637914
0.0047602784,0.13354474,-0.18624026,-0.069459096,0.19431877,0.121035665,-0.031229947,0.122727916,0.00044542458,0.22553425,-0.09385265,0.18426195,-0.1541787,-0.18203713,0.117269,-0.13037564,0.19125108,-0.16959691
0.55427736,0.40611202,0.42083824,0.11470524,0.409346,0.22407033,0.3643529,0.27590925,0.30264077,0.10133727,0.18717048,-0.0138070425,0.17769673,0.54515487,0.3466389,0.30746403,0.18826103,0.3590011
0.5687353,0.3928206,0.4126648,0.1072072,0.40079176,0.23229684,0.3691205,0.25358045,0.29612336,0.07625426,0.20580944,-0.05071385,0.19999571,0.52714896,0.3298802,0.3275219,0.17388761,0.37200704
-0.11070248,-0.10080816,-0.24455902,-0.19399598,0.020403098,-0.011048543,-0.16477579,0.002221961,-0.18261385,0.088719346,0.07119324,-0.022356162,-0.2463755,0.019275226,-0.079743765,-0.26087487,-0.08608575,-0.09721234
-0.17191108,-0.093877785,-0.24382205,-0.18495381,0.020830195,-0.031796258,-0.1733975,-0.0048662955,-0.17396645,0.08152483,0.07584921,-0.02051941,-0.25689885,0.0220662,-0.079601385,-0.27330074,-0.102497704,-0.097509414
-0.15168928,-0.19518979,-0.23724318,0.14611751,-0.16097969,-0.1623907,-0.18880594,-0.18923801,-0.0019438367,-0.041639168,-0.06658079,0.06932153,-0.089195326,-0.22399084,-0.20652851,-0.11918358,-0.08960274,-0.26228592
-0.1264393,-0.1518007,-0.20611799,0.13872384,-0.12422589,-0.11962978,-0.18165636,-0.15548955,0.012654239,-0.010191511,-0.11267655,0.10056682,-0.08185867,-0.20882139,-0.19458453,-0.15192954,-0.06721524,-0.28733796
-0.18089348,-0.36554977,-0.28262532,-0.1713659,-0.3532244,-0.14974546,-0.18943468,-0.2871455,-0.28802532,-0.20075506,0.10961921,-0.14156182,-0.14637643,-0.3136569,-0.34769943,0.030633466,-0.24274214,-0.06363912
-0.147563,-0.36868566,-0.3051425,-0.15355879,-0.3538147,-0.14027749,-0.19258186,-0.27749214,-0.29313156,-0.19029313,0.111023344,-0.13188356,-0.1589992,-0.33993748,-0.35691485,0.017946972,-0.2279344,-0.07239151
-0.1372967,-0.25795704,-0.21081589,-0.121135674,-0.2091852,-0.09350455,-0.117865264,-0.19833317,-0.22256832,-0.05443357,-0.123546615,-0.11374467,-0.10061849,-0.22084007,-0.09525172,-0.20848295,-0.12381471,-0.14603305
-0.10096571,-0.2201402,-0.21036015,-0.14122355,-0.14176895,-0.074892014,-0.09253609,-0.17019176,-0.20516154,-0.035669528,-0.11491323,-0.1347456,-0.09463642,-0.21473685,-0.06618337,-0.19722946,-0.097743295,-0.13475272
0.14831759,0.2524058,-0.05101634,0.024135867,0.3248955,0.2092843,0.029078875,0.12359057,0.098729365,0.28142056,0.04622586,0.19219366,-0.1148085,0.07279389,0.13427289,-0.012654724,0.14777158,-0.13290541
0.12303553,0.247021,-0.053957507,0.028561147,0.3265107,0.20102753,0.02575696,0.12525871,0.10307202,0.2847469,0.06638311,0.19500615,-0.10785684,0.069544196,0.13031708,-0.0043805637,0.14402236,-0.12617633
-0.33203942,-0.20987147,-0.25427526,-0.06435864,-0.2428409,-0.097861014,-0.21808766,-0.25359568,-0.14831787,0.019447224,-0.0981813,0.0062310915,-0.17694403,-0.23511527,-0.055312075,-0.15340883,-0.1215949,-0.19345433
-0.33943495,-0.1894364,-0.27107215,-0.079876006,-0.23023455,-0.07646603,-0.23957431,-0.23989797,-0.13772964,0.026464058,-0.10204275,0.032012366,-0.17645729,-0.23861085,-0.07639653,-0.18564893,-0.12732902,-0.214043
-0.08339547,-0.03699438,-0.12757035,0.044443786,0.009754991,0.031328555,-0.0549991,0.055440903,0.198778,0.19006313,0.023020867,0.31983575,-0.1264119,-0.057763383,0.16137636,-0.0379845,0.21037866,-0.11539081
-0.029097278,0.0026470744,-0.1453408,-0.0038832258,0.05771621,0.10809964,-0.029114056,0.12673864,0.25532642,0.22646399,0.045706403,0.32953164,-0.12910925,-0.02348612,0.2499859,0.024585156,0.27471358,-0.15617964
0.1961929,0.31729805,0.15757835,-0.011260957,0.36409396,0.39511237,0.207231,0.36890706,0.18612485,0.30568337,0.06878111,0.2195593,-0.007327468,0.32920548,0.28738955,-0.046544228,0.25657934,0.07062743
0.12471159,0.2884076,0.09994994,-0.026928019,0.31188333,0.41519427,0.1926475,0.3656833,0.19106583,0.3202423,0.073490925,0.23417056,-0.019200426,0.33448634,0.2743745,-0.06383397,0.26099017,0.045032647
0.21824636,0.32626963,0.20675115,0.05716167,0.35506064,0.44543284,0.2668155,0.4663731,0.20517227,0.38677967,0.11796158,0.31892148,0.07882671,0.26713893,0.29184285,0.059178993,0.36380914,0.09175291
0.16128165,0.3177996,0.20319471,0.05821484,0.33372572,0.44566482,0.26580304,0.4617433,0.21935871,0.38489166,0.113077454,0.3050939,0.07182553,0.31045967,0.30779436,0.028809732,0.35715175,0.10671375
0.15287982,0.2701419,0.10386096,0.026542222,0.27563834,0.4150955,0.14913346,0.4014477,0.1662869,0.37127507,0.1183448,0.40602764,-0.0013575373,0.17959069,0.2417567,0.018559659,0.35491872,0.010917135
0.17103697,0.29317075,0.12332759,0.021297356,0.2992675,0.42944828,0.18400955,0.4480448,0.19351503,0.38458842,0.12536326,0.40190554,0.027322773,0.2100383,0.27911654,0.061708916,0.38122123,0.04212637
0.21915412,0.39822355,0.24820055,0.025536148,0.46165046,0.40047112,0.2535894,0.431474,0.23247203,0.38821462,0.12875861,0.28680864,0.051479984,0.3521443,0.3585838,0.0748757,0.32518345,0.19134745
0.1873462,0.38402438,0.23027767,0.013823283,0.4336305,0.41843325,0.24920742,0.4500091,0.23081335,0.38563332,0.13476236,0.29130095,0.049850266,0.3670775,0.34656298,0.053318094,0.31509736,0.18977436
0.20758,0.30394945,0.12833376,-0.025498055,0.36283317,0.32338053,0.06401464,0.34744158,0.16506681,0.30387944,0.046819787,0.32870165,-0.018534523,0.18033099,0.23099643,-0.017428042,0.2702152,0.078597985
0.16278587,0.30307588,0.13797909,-0.019279834,0.36421043,0.3314699,0.10202024,0.35652882,0.16671638,0.31515807,0.05532232,0.3118349,-0.02329619,0.23136704,0.2593689,-0.00961293,0.27844468,0.09702553
0.050070263,-0.35083902,-0.3488063,-0.1837008,-0.3657908,-0.26875377,-0.3534841,-0.31386784,-0.26684448,-0.16951796,-0.037854936,-0.16965103,-0.27089596,-0.3042908,-0.35887888,-0.11910964,-0.3100505,-0.24710546
0.039260916,-0.34633717,-0.33510515,-0.20032209,-0.3632507,-0.28539762,-0.37505957,-0.31742075,-0.28195146,-0.16850537,-0.04483869,-0.1514204,-0.26615602,-0.31326318,-0.38400123,-0.15541068,-0.32431227,-0.24059676
0.12307069,-0.3149127,-0.25517488,-0.21037783,-0.31650224,-0.28446534,-0.35078064,-0.38302165,-0.2899568,-0.1358114,-0.15167852,-0.19996862,-0.25933185,-0.20806399,-0.3431641,-0.2645851,-0.36891922,-0.2632519
0.13837235,-0.30483198,-0.23609352,-0.18914007,-0.31208682,-0.28809097,-0.3469899,-0.37773257,-0.26357013,-0.13650703,-0.1306405,-0.19759277,-0.23189652,-0.17961152,-0.333373,-0.23524071,-0.36118272,-0.23689611
-0.24828482,-0.408935,-0.35568428,-0.22259207,-0.3841143,-0.34333798,-0.285712,-0.30546394,-0.35999557,-0.15735723,-0.010974954,-0.16511878,-0.2373683,-0.44734398,-0.26440066,-0.11158375,-0.24998194,-0.19001408
-0.24138737,-0.3758285,-0.33122388,-0.21321134,-0.35226202,-0.33233207,-0.27481008,-0.28284946,-0.3162381,-0.13471894,-0.00053007295,-0.13171181,-0.2116906,-0.4236671,-0.24048372,-0.08225736,-0.23279808,-0.18937244
-0.17435405,-0.14420566,-0.17667262,-0.15695031,-0.05363995,-0.2255628,-0.13308644,-0.2049751,-0.15582034,0.015867364,-0.15771265,-0.07526464,-0.10687659,-0.16137068,-0.03744068,-0.18326654,-0.15063985,-0.10945511
-0.20646015,-0.15211168,-0.16503589,-0.16089347,-0.06943309,-0.2006037,-0.11157356,-0.19766736,-0.14932024,0.024322636,-0.13498999,-0.06940057,-0.098611556,-0.13046932,-0.027515898,-0.17858504,-0.14349777,-0.10586706
-0.06017023,-0.26495397,-0.035220385,-0.0800405,-0.24707094,-0.1532667,-0.17412783,-0.09728783,-0.23475924,0.054077856,-0.18439619,0.075459495,-0.25905937,-0.2098918,-0.1350506,-0.22307014,-0.15625766,-0.2266471
-0.072739944,-0.24607316,0.0091128545,-0.20692427,-0.26245427,-0.04176374,-0.13445869,-0.090701,-0.14205691,0.025344832,-0.13060756,0.013497785,-0.15060522,-0.15120159,-0.1245648,-0.093294404,-0.14826287,-0.22279294
-0.08272888,-0.28370297,-0.030716063,-0.088578716,-0.27211633,-0.13962543,-0.16067988,-0.09681603,-0.24122263,0.043279666,-0.1714247,0.0703977,-0.24601229,-0.21309468,-0.14315695,-0.23107746,-0.15356244,-0.22676335
0.27733234,0.26783574,0.1645156,0.14261155,0.2736241,0.37057972,0.25050947,0.3289483,0.2653266,0.16820844,0.16580454,0.26314145,0.20547976,0.14645942,0.1951294,0.20676336,0.3059989,0.089448325
0.2465866,0.26424915,0.18249492,0.17773375,0.2540465,0.38296914,0.28045163,0.34352344,0.2682618,0.17769812,0.17064016,0.27111757,0.2173893,0.15170822,0.201986,0.22301354,0.31281653,0.09341954
-0.07335957,-0.30162516,-0.2366641,-0.06280239,-0.3416348,-0.13770275,-0.3105314,-0.27554542,-0.19728655,-0.07850552,-0.15524738,-0.13422729,-0.2694186,-0.04444331,-0.36465794,-0.29460853,-0.32109433,-0.32544822
-0.029817943,-0.29806146,-0.22380924,-0.059010793,-0.33000314,-0.13516234,-0.29686072,-0.2529022,-0.18534407,-0.07080949,-0.14863536,-0.14186795,-0.25443912,-0.039838683,-0.34939864,-0.27183345,-0.3107163,-0.3158024
0.071860395,-0.17446479,-0.27508175,-0.11871532,-0.16248658,-0.06610324,-0.09563279,0.055395167,0.05574153,0.09089572,-0.14570808,0.060204122,-0.1333469,-0.20396867,-0.011483705,-0.18760876,0.012142076,-0.3335369
0.053107746,-0.16954626,-0.27590746,-0.094100885,-0.17152035,-0.060349565,-0.10226988,0.06497961,0.05985936,0.08765282,-0.14889921,0.07500758,-0.1305147,-0.19568226,-0.011772479,-0.19114377,0.012416737,-0.34302786
0.074749336,0.19337581,0.19879371,0.15351261,0.1402866,0.21228562,0.020055506,0.0760839,0.1356139,0.015645862,-0.05936382,0.13668796,-0.108134136,0.14853929,0.12526248,-0.059865683,0.063734315,-0.14131618
0.046808276,0.20490755,0.22956021,0.20672713,0.15128951,0.20475276,0.037316173,0.074122675,0.15653025,0.015447261,-0.04352695,0.15760824,-0.07195043,0.16543874,0.14744654,-0.041332234,0.08114286,-0.10123138
-0.091287434,-0.10489428,-0.07035794,-0.07522459,-0.124688305,0.070184745,-0.06353182,0.14157827,-0.054030865,0.13611442,-0.021685753,0.06712217,-0.084484234,0.0185333,-0.18569343,-0.21676908,-0.1300317,-0.124296874
-0.065234944,-0.095960155,-0.07166768,-0.08532567,-0.11204039,0.07398291,-0.067768335,0.1483931,-0.054129183,0.13522725,-0.02840784,0.0767745,-0.09731789,0.00897641,-0.18723221,-0.22738436,-0.11276037,-0.13021044
-0.055622097,7.887813e-05,0.03460653,-0.09559084,-0.008971256,0.0863288,-0.10057653,0.0014098649,-0.03400206,0.092703216,0.10792764,0.0834548,-0.10230759,0.13458371,-0.11726857,-0.03134625,-0.079354316,-0.1533084
-0.059402805,0.0010110454,0.03513343,-0.09425083,-0.009008085,0.086624995,-0.10171399,0.0031904469,-0.034283277,0.09163236,0.10865626,0.083625585,-0.10092687,0.13146004,-0.12077906,-0.029186167,-0.08060381,-0.15478946
-0.17276023,-0.40673453,-0.24139296,-0.2809056,-0.35932848,-0.17655627,-0.37059665,-0.35806713,-0.2945614,-0.2113301,-0.08103681,-0.25373292,-0.3408112,-0.19353585,-0.3128988,-0.16063492,-0.40593195,-0.35184872
-0.039935518,-0.00017183152,0.039823987,-0.09301322,-0.008117479,0.08455613,-0.092298396,0.0032364146,-0.033377312,0.09528091,0.10834206,0.080262735,-0.10477972,0.14365175,-0.104857855,-0.026869044,-0.07257539,-0.14684851
-0.09744429,-0.36107016,-0.20565544,-0.25486538,-0.3098261,-0.15445393,-0.33161604,-0.3119796,-0.23489837,-0.1811089,-0.04372875,-0.22035192,-0.29720357,-0.17299508,-0.2769152,-0.10677711,-0.36759254,-0.32320756
0.5250758,0.50020844,0.527025,0.27560955,0.4536479,0.35488477,0.3186503,0.45753863,0.4282297,0.27208063,0.07682675,0.3167922,0.1597758,0.4067283,0.41295218,0.2673965,0.34657776,0.13767214
0.5249988,0.4930713,0.5283215,0.2808001,0.44717273,0.37022552,0.3087906,0.4328984,0.43929535,0.26054025,0.068063185,0.29333103,0.15603538,0.41922238,0.39473915,0.2536409,0.31475922,0.10730708
0.13640434,0.14420722,0.06518977,0.056671347,0.091349214,0.17763826,0.19861417,0.4129198,0.2340754,0.40554833,0.11201595,0.38828367,0.109185524,0.20337203,0.27039543,0.087864876,0.260579,0.10363724
0.095493026,0.124753155,0.08262884,0.056139834,0.06982793,0.19991817,0.22522448,0.41005528,0.23439778,0.4043146,0.14589785,0.38524276,0.10115171,0.25314686,0.28662714,0.08001295,0.26938123,0.13629235
-0.20332906,-0.4244856,-0.21275115,-0.36577415,-0.4280053,-0.2152948,-0.3285299,-0.29373667,-0.35233068,-0.12316156,-0.15934531,-0.1352756,-0.2796457,-0.2649742,-0.24434753,-0.32987735,-0.3407834,-0.23421524
-0.1872306,-0.39685735,-0.20459706,-0.3651915,-0.40276748,-0.18230015,-0.30592862,-0.25889158,-0.32360017,-0.10141677,-0.15617076,-0.11484544,-0.26158667,-0.2462878,-0.21206488,-0.31416044,-0.3046068,-0.21976584
0.23185429,-0.04125978,-0.03232196,0.01992662,0.003022537,-0.004127874,-0.12435247,-0.03403078,0.14470086,0.020490495,-0.059767842,0.11601424,-0.09312437,0.01243668,-0.024354218,-0.07598435,-0.007877655,-0.24261035
0.24597672,-0.004658915,0.02789101,0.03710118,0.035750687,0.073419526,-0.069975294,-0.004664842,0.17610012,0.047503542,0.0038190384,0.14727412,-0.018642798,0.052180976,0.008104796,-0.0074156886,0.025489079,-0.18879373
0.076455854,0.14399171,0.05159436,0.22896607,0.12350942,0.09939268,0.26728386,0.11664131,0.09606751,-0.06868689,0.048747703,-0.15636277,0.38225818,-0.018977638,0.06803168,0.20959,0.030741354,0.177242
0.070533514,0.15797023,0.059039228,0.24226409,0.1412068,0.10294319,0.25971502,0.11670546,0.08727676,-0.06428179,0.056229897,-0.15143347,0.38246667,-0.018305603,0.061584752,0.22046824,0.029897042,0.18339175
0.04003313,-0.1376351,-0.017647833,-0.18106356,-0.10409195,-0.0022318691,-0.1617228,-0.13280141,-0.1219465,-0.015098467,0.052995916,-0.063867986,-0.16746461,0.14585023,-0.16912998,-0.12549226,-0.22987165,-0.1338798
-0.0019497555,-0.161697,-0.038061798,-0.21373135,-0.16307813,0.015955599,-0.16842882,-0.12757437,-0.13189338,6.9522066e-05,0.055395804,-0.062156454,-0.18144515,0.15582663,-0.17118894,-0.11552363,-0.23281802,-0.14775841
-0.116914615,-0.10462207,-0.17855854,0.035230476,-0.0783175,0.08201775,-0.03972535,-0.0986756,-0.14894897,0.0008513469,-0.12682495,0.013239629,-0.3182177,-0.123584405,-0.021467485,-0.24384151,0.01616333,-0.2562697
-0.18222675,-0.08764412,-0.22671498,0.014266891,-0.08998008,0.11197821,-0.05554943,-0.09127861,-0.15007691,-0.010937937,-0.14457168,0.020509416,-0.32627565,-0.14919288,-0.00914862,-0.24935138,0.038639285,-0.2788738
-0.19487347,-0.2655934,-0.275979,2.2740103e-05,-0.23416862,-0.11637725,-0.2144196,-0.17482632,-0.11196249,-0.026512643,-0.201163,-0.05755388,-0.20602918,-0.119597524,-0.20647845,-0.28524497,-0.15941644,-0.33588338
-0.18243173,-0.26953986,-0.27393365,-0.0026340394,-0.25077176,-0.11689552,-0.22577378,-0.14602216,-0.10267104,0.00020372635,-0.17559682,-0.017348427,-0.1954357,-0.1594417,-0.19953322,-0.25450674,-0.11752698,-0.32850683
-0.09405884,-0.2496628,0.010603808,-0.09237215,-0.19337808,-0.08460644,-0.13968848,-0.14881934,-0.14055291,0.07488999,-0.040840104,-0.0027138917,-0.18663575,0.11652201,-0.14718671,-0.17740823,-0.2743573,-0.07483952
-0.09134829,-0.23562239,0.0318724,-0.09497372,-0.18495058,-0.051870886,-0.12443642,-0.13433011,-0.13869523,0.082631014,-0.033673964,0.003937826,-0.1770683,0.12591276,-0.1447233,-0.16643408,-0.26576963,-0.058996588
0.19194266,0.48525223,0.21574843,0.24952014,0.46929255,0.3661686,0.4111325,0.4759106,0.45260516,0.30052876,0.15505144,0.30236435,0.18383074,0.39880827,0.49025366,0.30041227,0.49823,0.22109236
0.16334581,0.48454505,0.20943387,0.23252176,0.46548057,0.36508325,0.4011473,0.4924423,0.45877534,0.31848264,0.15852636,0.31698635,0.16443786,0.40043032,0.48109347,0.2863641,0.49021137,0.21736643
-0.11639422,-0.20119545,-0.09987397,-0.08802362,-0.17328964,0.12090555,-0.123689026,-0.023562618,-0.08000045,0.08076477,0.034013737,0.0591176,-0.30764592,0.20461395,-0.095620945,-0.25728315,-0.09464517,-0.22007358
-0.15223072,-0.17624025,-0.06980228,-0.06517315,-0.15258051,0.10820815,-0.10323549,-0.010423329,-0.072838016,0.09766105,0.04885717,0.06691401,-0.28879672,0.22061269,-0.09687483,-0.21347412,-0.10176589,-0.21429485
-0.0602317,-0.023605652,-0.13372,-0.09395464,0.010274473,0.23267324,0.08410948,0.066375546,-0.01123805,0.04412245,0.31114334,0.06355044,-0.12733935,-0.093725316,0.023612773,0.11287929,0.14477,0.019945089
-0.034240067,0.019008402,-0.10727904,-0.09539388,0.05150614,0.25495493,0.09798611,0.09769039,0.018156799,0.061977606,0.33887684,0.0938756,-0.10343611,-0.053147405,0.05573752,0.14615734,0.17191394,0.041635368
0.1340297,0.27607667,0.09260834,0.08818202,0.37530428,0.1525453,-0.010040262,0.1079835,0.14255677,0.19876565,-0.01114158,0.20151484,-0.18737061,0.1856817,0.084878124,-0.034861654,0.095884405,-0.13623865
0.08525361,0.0986739,-0.029933473,-0.04610794,0.15200545,0.13985352,-0.068724036,0.04250736,0.0631304,0.12834816,-0.088082954,0.15545805,-0.24089414,0.057470333,-0.011213028,-0.18772618,0.052999053,-0.24141686
-0.16201231,-0.20302539,-0.18277879,-0.11799618,-0.1431583,-0.08070738,-0.049492735,-0.29183298,-0.15816353,-0.15804152,0.19430476,-0.16080116,-0.17520559,-0.0666742,-0.15363705,0.022003092,-0.13727018,0.08222818
-0.14680435,-0.20110579,-0.17905642,-0.10703743,-0.1419582,-0.064571455,-0.045300223,-0.28228652,-0.15456817,-0.15542708,0.20180167,-0.15234227,-0.16757351,-0.06339147,-0.15743755,0.024148343,-0.13803087,0.08272624
-0.070722565,-0.13298108,-0.17764682,-0.036950897,-0.113334835,0.06596416,0.010342803,-0.12268037,-0.1858628,-0.08200011,0.22440305,-0.0627297,-0.03508793,-0.11198045,-0.20915622,0.066686705,-0.050665587,0.096724875
0.018262573,-0.14586857,-0.18883434,-0.030833296,-0.114208505,0.054713544,-0.025743086,-0.14469622,-0.19252254,-0.090378694,0.20932078,-0.07381074,-0.05483566,-0.11543931,-0.24070302,0.04501183,-0.06635196,0.07305354
0.092791714,0.13968766,0.05528285,0.060275976,0.1201047,0.21481074,0.07297298,0.078012764,-0.008546925,0.019461617,-0.11149913,0.020747533,-0.10718721,0.08385923,-0.026249565,-0.1899509,-0.032067012,-0.1652554
0.10922794,0.16058788,0.0674464,0.07253412,0.15650406,0.24189974,0.07610539,0.0864062,0.0077241687,0.03482254,-0.08625587,0.04923277,-0.11584453,0.101340845,-0.010625109,-0.16670512,-0.009469936,-0.15708147
0.08845757,0.22131911,0.18354554,-0.008497531,0.1982031,0.2916662,0.101865076,0.14236155,0.121797934,-0.015670396,-0.026816856,0.032381665,0.0751327,0.1290454,0.09891329,-0.05617628,0.037108738,0.015029088
0.094262086,0.24556476,0.19770214,-0.013786474,0.24406698,0.3052253,0.09890488,0.13359326,0.1455959,-0.010252991,0.02386445,0.045847442,0.048086114,0.14523105,0.13371503,-0.012950215,0.059723914,0.034489237
0.13082033,0.18518478,0.19447175,0.17996523,0.08366526,0.08760805,0.18390863,0.01041456,0.0881948,-0.13870947,0.026629703,-0.13000558,0.270849,-0.040933836,0.06826742,0.23243362,-0.03042899,0.07579913
0.092828445,0.2032814,0.23237236,0.20392843,0.10422907,0.112302944,0.20073442,0.020542745,0.1183292,-0.11886331,0.04924139,-0.09910608,0.2768808,-0.008510798,0.10705588,0.2519692,0.0027633768,0.11171157
-0.048893765,-0.14156628,-0.20649475,-0.05872615,-0.17844725,0.09289157,-0.10742596,0.053472992,-0.10336623,0.13215964,-0.12277105,0.09839916,-0.06539538,-0.3746487,-0.1330373,-0.18348859,0.011233161,-0.22460309
-0.0718507,-0.1579267,-0.2312348,-0.088102475,-0.17594177,0.064979434,-0.13047779,0.03930451,-0.117221594,0.11176669,-0.1482474,0.06922835,-0.090662755,-0.39108244,-0.13528799,-0.21310256,-0.009095491,-0.25018498
-0.116354674,-0.16122149,-0.21211317,-0.029081404,-0.18740626,0.006821211,-0.07359737,0.07546109,-0.03251089,0.13046323,-0.1297066,0.13266505,-0.023287207,-0.3405604,-0.046482027,-0.17462178,0.08100133,-0.18692721
-0.13678016,-0.18176517,-0.22633839,-0.069640025,-0.20741616,0.011585304,-0.09211595,0.04342564,-0.06636329,0.10615903,-0.14209485,0.09727464,-0.040866528,-0.35511655,-0.06506443,-0.19970532,0.049690817,-0.19677944
0.036486864,-0.15368712,-0.23730597,-0.07091099,-0.11186103,0.038596377,-0.17466207,-0.0075497422,-0.08402239,0.066506155,-0.15266763,0.06025372,-0.115079544,-0.39044487,-0.13946299,-0.21496606,0.0070444513,-0.27496064
0.0056776423,-0.14891778,-0.23454815,-0.06522277,-0.121949285,0.05790501,-0.1533601,0.017491737,-0.06298807,0.08694613,-0.14009818,0.08893794,-0.10195378,-0.37287185,-0.12959088,-0.2181919,0.025033006,-0.27732137
-0.1272987,-0.13152246,-0.1890735,0.036532614,-0.08109037,-0.016748073,-0.13130847,-0.0013958891,0.011163462,0.10687455,-0.067820825,0.13297884,-0.11238517,-0.25086764,-0.007891555,-0.15365328,0.034018327,-0.28517604
-0.16859552,-0.12029902,-0.18603344,0.029650519,-0.078788266,-0.0002799048,-0.10387264,-0.0018683901,0.030077847,0.11180621,-0.08061845,0.1264573,-0.094155535,-0.23378274,0.03123808,-0.16411634,0.057694256,-0.26446876
-0.23571531,-0.2659453,-0.27721572,-0.25638044,-0.19883808,-0.04019752,-0.18902579,-0.1688591,-0.094868496,-0.15744977,0.15102912,-0.09262934,-0.243703,-0.28962588,-0.13261664,-0.112063736,-0.100396365,-0.036670897
-0.22214049,-0.26172343,-0.26782498,-0.27004835,-0.20104115,-0.04561883,-0.1865026,-0.16192225,-0.083467536,-0.15118559,0.15526684,-0.07795915,-0.22565722,-0.29248625,-0.1389304,-0.09129929,-0.10554188,-0.040940598
-0.06795256,-0.39614996,-0.18679439,0.10449248,-0.4432663,-0.13274302,-0.17914918,-0.19381702,-0.13789612,-0.02205714,-0.10471945,-0.09303149,0.073661506,-0.21825868,-0.23730887,-0.18698354,-0.2807176,-0.16183704
0.02179043,0.08320376,-0.040924694,0.053914662,0.07894495,0.10209918,0.0024497316,0.1738697,0.18618192,0.24250826,0.08594277,0.22490567,-0.09484313,0.061518215,0.26157635,0.10545796,0.1754636,-0.0062685087
-0.01691288,0.06413882,-0.049701042,0.005389987,0.063653596,0.10622545,-0.0049889633,0.14444514,0.16893971,0.22314735,0.13495734,0.19574302,-0.09695854,0.08038526,0.25037786,0.10877819,0.15630975,0.030516548
0.15880765,0.36761257,0.15393046,0.16703232,0.41208503,0.22151361,0.042447392,0.2832999,0.14139435,0.22693832,-0.110999525,0.23816982,-0.113880254,0.047935978,0.1730969,-0.0765252,0.19859137,-0.09781754
0.11684208,0.34718665,0.12211624,0.13044989,0.38150564,0.20588431,0.014405522,0.25534588,0.1094421,0.20286466,-0.13562374,0.20642588,-0.1549168,0.03034492,0.13454963,-0.120419025,0.16291107,-0.13725723
-0.23972522,-0.41279536,-0.37817222,-0.19585918,-0.38766813,-0.28437248,-0.43985552,-0.36314836,-0.34222436,-0.1782513,-0.14905517,-0.18102919,-0.28619245,-0.2819006,-0.5112302,-0.36806402,-0.48063552,-0.33959305
-0.22177762,-0.38580012,-0.37766382,-0.20090145,-0.34351993,-0.27734897,-0.43793544,-0.36089358,-0.35380584,-0.18599808,-0.101367146,-0.183039,-0.29983985,-0.28916284,-0.48873177,-0.3446554,-0.44349712,-0.29596326
0.40129456,0.31853804,0.42351937,0.20948139,0.39159334,0.20628132,0.33044216,0.28781673,0.3505754,0.09725932,0.23172995,0.06695197,0.4319053,0.32596216,0.24198397,0.35317597,0.15478095,0.45092106
0.4338254,0.32205707,0.42753473,0.1854571,0.38626048,0.24128367,0.34853137,0.31123728,0.37256128,0.11917044,0.2498592,0.06821012,0.448778,0.351329,0.2659854,0.3601812,0.17738508,0.4680017
0.4671735,0.35577616,0.4930811,0.24755523,0.3870933,0.21894869,0.3771504,0.38018534,0.4464993,0.18775734,0.16548207,0.14193837,0.47632998,0.46866772,0.34041053,0.3311259,0.20293924,0.41468933
0.44475845,0.35240725,0.4801021,0.21010618,0.38392696,0.21669984,0.34114322,0.3739117,0.451895,0.19213709,0.15993036,0.14819008,0.46848953,0.45933393,0.3179237,0.28003284,0.1822992,0.39684942
-0.20181067,-0.35240248,-0.22478044,-0.03696278,-0.4005817,-0.35580415,-0.24830177,-0.2861896,-0.27012032,-0.06716745,-0.15424775,-0.06341236,-0.20960315,-0.18670341,-0.24063861,-0.24806377,-0.2987604,-0.22870885
-0.19496088,-0.34282947,-0.20729165,-0.048762314,-0.38582754,-0.35252473,-0.23920631,-0.29042792,-0.27601194,-0.07187474,-0.14303985,-0.07875609,-0.20233938,-0.1687907,-0.23338479,-0.23164903,-0.30336565,-0.20849057
0.05696819,-0.025291206,-0.05419619,0.15887548,-0.031794038,-0.09977914,0.14819957,-0.019267958,0.060940374,-0.1294634,0.06665897,-0.2098755,0.2477725,-0.08593525,0.04362645,0.22390501,0.0054511833,0.14413816
0.0060571404,-0.06317221,-0.06773129,0.15799125,-0.07385914,-0.10334294,0.15134127,-0.044159453,0.026806474,-0.13836828,0.0812962,-0.2259882,0.22688752,-0.0699048,0.047657948,0.22898836,-0.0012952359,0.14963365
-0.003174731,0.05358486,0.09647223,-0.0322483,0.03788222,0.11705549,-0.06392391,0.0594719,0.025205448,0.12496011,0.11491141,0.12779549,-0.061100606,0.15567839,-0.08493604,-0.0072283833,-0.03895204,-0.1382935
-0.0112499,0.047065258,0.0908072,-0.03822291,0.03332803,0.1116472,-0.06588983,0.0532148,0.01644876,0.12111348,0.113234185,0.12071041,-0.06328757,0.14799218,-0.09105408,-0.0054366733,-0.044700626,-0.1403918
0.1329881,0.09201887,0.30088586,0.5349923,0.014644016,-0.05555576,0.22008441,0.07523803,0.32732424,0.034057885,0.15483744,0.08783567,0.4637683,0.19964544,0.11327474,0.2114965,-0.004734244,0.224609
0.039493628,0.088574484,0.13397148,0.0070126783,0.06935789,0.13671418,-0.031172913,0.09683345,0.069861904,0.14015584,0.13240851,0.15152524,-0.024641737,0.1823302,-0.04184416,0.018970389,-0.0026177638,-0.10674247
0.2665902,0.14900702,0.34879285,0.5514414,0.08535742,-0.025667533,0.24580507,0.1437966,0.38706702,0.076522104,0.18975545,0.1291499,0.50246185,0.24976715,0.16337644,0.26912475,0.046335205,0.25047463
0.012566557,-0.35990033,-0.23387408,-0.27063328,-0.3621858,-0.34845567,-0.37684408,-0.3400906,-0.30111536,-0.11289352,-0.13482274,-0.14985687,-0.28094465,-0.20842147,-0.34950313,-0.33345175,-0.40510386,-0.22529395
-0.0052522225,-0.36761415,-0.254809,-0.28658175,-0.36477757,-0.35676357,-0.3854579,-0.3725849,-0.31858373,-0.13472772,-0.13496731,-0.18732145,-0.30417687,-0.21012077,-0.3430796,-0.3404362,-0.41636714,-0.23070903
-0.07681462,-0.25687808,-0.3151813,0.0145120965,-0.27690926,-0.05019477,-0.11779294,-0.12108596,-0.16731259,-0.033570908,0.16544184,-0.025359338,-0.15981443,-0.1268501,-0.1801502,-0.09227795,-0.0789048,-0.06621279
-0.067841075,-0.30527765,-0.3589019,-0.055943433,-0.3158429,-0.0967043,-0.17555755,-0.16630131,-0.21718949,-0.071494594,0.14129089,-0.08631435,-0.18878704,-0.18124186,-0.21096331,-0.11196865,-0.11870576,-0.0885652
-0.09400545,-0.12394643,-0.19528422,-0.059938725,-0.07412838,-0.01511661,-0.17207108,-0.069524504,-0.050708227,0.04433458,0.06304202,0.11414188,-0.23043326,-0.15579219,-0.11695102,-0.10195409,-0.052765872,-0.29222453
-0.009594673,-0.095921166,-0.15739898,-0.0073068924,-0.053298835,0.0072055403,-0.15244266,-0.07694722,-0.04793762,0.054216605,0.054245796,0.12808152,-0.24365328,-0.15647174,-0.123775035,-0.08212818,-0.04883772,-0.30323574
-0.046879187,-0.16054472,-0.101085566,0.04862923,-0.17921436,-0.08149784,0.032989386,0.01692521,0.06731272,0.1074764,-0.00017728307,0.08657961,-0.21559578,0.08893369,0.24687193,0.09918885,0.13862754,-0.02571758
-0.12382665,-0.17627268,-0.08806183,0.031167008,-0.20015293,-0.026057454,0.05253693,0.024950972,-0.011885213,0.11663423,0.03313563,0.07316067,-0.25729072,0.14102374,0.2010867,0.029849939,0.13106102,0.0009795653
-0.24726842,-0.47635022,-0.39175475,-0.23403674,-0.4822697,-0.29315996,-0.3682374,-0.41074985,-0.38955578,-0.29042074,0.020282857,-0.19721673,-0.37656626,-0.4470758,-0.30772644,-0.09375949,-0.24907485,-0.18421565
-0.23800883,-0.45710617,-0.37686458,-0.254072,-0.4615323,-0.29128417,-0.35808823,-0.4035216,-0.38615075,-0.27949157,0.019261764,-0.20786428,-0.35304314,-0.43750954,-0.2862418,-0.07595796,-0.25234878,-0.17046173
-0.27877212,-0.35237056,-0.2518352,-0.15799938,-0.3862262,-0.35112077,-0.30385715,-0.3791544,-0.37950394,-0.13375181,-0.21528591,-0.19741723,-0.26818392,-0.30507684,-0.27936223,-0.35190138,-0.3662455,-0.24850258
-0.28479654,-0.33303186,-0.23911037,-0.14955091,-0.36450365,-0.36103538,-0.29600525,-0.3677642,-0.36416876,-0.12895629,-0.20176944,-0.19127975,-0.2439463,-0.3045723,-0.2726382,-0.33860692,-0.3639744,-0.22196972
-0.24703148,-0.46867937,-0.17931147,-0.21207139,-0.49873167,-0.24990438,-0.27709424,-0.2845563,-0.38821357,-0.0978234,-0.20265429,-0.18708378,-0.27972648,-0.26921368,-0.3178926,-0.3097113,-0.3510526,-0.21788138
0.36786234,0.3821927,0.19263977,0.013569486,0.44563085,0.29538518,0.10803637,0.28798628,0.19134435,0.2564695,0.029488638,0.22051814,-0.029688546,0.14986236,0.2614109,0.025070727,0.25306985,0.08011386
0.3463313,0.37846717,0.19892131,0.053922903,0.4485084,0.2892501,0.100569904,0.26576826,0.17301163,0.24473742,0.01756378,0.22126077,-0.04033664,0.12648927,0.23507632,0.013777668,0.23518038,0.05465868
0.22786465,0.24737948,0.12305199,-0.07977393,0.35218266,0.18914093,0.06847818,0.12404136,0.03391082,0.04630751,0.24400693,0.044682927,-0.10192171,0.05913943,0.08712702,0.0766343,0.1463942,0.31981868
0.2321845,0.23961854,0.15935598,-0.054885224,0.34500608,0.17646429,0.0547052,0.1099627,0.025738446,0.037114076,0.24304466,0.047515728,-0.1091624,0.06475372,0.060138553,0.07148764,0.11250929,0.31033075
-0.06528976,-0.045269165,-0.07567864,0.041600592,-0.108909756,0.077373795,-0.08834252,-0.17357662,-0.05309066,0.07285794,0.02653565,0.02306728,-0.08117038,0.037795465,-0.07621313,-0.029793227,-0.07183834,-0.13058154
-0.0713756,-0.027663313,-0.070016794,0.022440169,-0.090698935,0.11615088,-0.07493903,-0.16331114,-0.060423635,0.08815448,0.042894624,0.026405795,-0.06628623,0.0368509,-0.0659047,-0.015329608,-0.066586755,-0.11430159
-0.12517247,-0.21366784,-0.13760851,-7.977942e-06,-0.29692623,-0.09820781,-0.12208283,-0.21822116,-0.16359527,-0.0057259668,-0.11509497,-0.07806156,-0.027958846,-0.2790523,-0.10982633,-0.106946245,-0.11199292,-0.10858377
-0.09997754,-0.19699901,-0.21237092,-0.056639027,-0.18472171,-0.22473462,-0.22933249,-0.2467209,-0.17568839,0.020517217,-0.12354128,0.014880562,-0.19015217,-0.20821753,-0.10381526,-0.15359932,-0.15770064,-0.13320638
0.05561137,-0.17351304,-0.12214556,-0.012233393,-0.15463343,-0.042773306,-0.12467756,-0.1102115,-0.03247667,0.11806675,0.006930437,0.10596401,-0.18017054,-0.032211095,0.022381207,-0.06774326,-0.0033154434,-0.12993215
0.0227687,0.066946834,-0.100730315,-0.058430254,0.07458041,0.15107816,0.05220144,0.25241843,0.13559632,0.3255144,0.06960836,0.44951892,-0.006812815,-0.10856941,0.21466696,0.015065585,0.30970016,-0.015804617
0.010935913,0.08966638,-0.085020974,-0.067039005,0.09133637,0.18060824,0.07388139,0.27897745,0.15133953,0.33826047,0.07269382,0.45489907,-0.00097031577,-0.08369658,0.22765891,0.014328992,0.3212255,-0.011522737
-0.26709202,-0.38946596,-0.2995883,-0.05169273,-0.40719214,-0.22285242,-0.20098005,-0.30081204,-0.25413504,-0.19513987,0.095725186,-0.11595349,-0.1504658,-0.3130174,-0.2755757,-0.026453188,-0.17316344,-0.009497732
-0.2580916,-0.40383878,-0.32746205,-0.099381015,-0.41570944,-0.24009246,-0.21890287,-0.30394596,-0.27580747,-0.19648248,0.08290957,-0.12099285,-0.17953022,-0.3280187,-0.25792706,-0.041574217,-0.1612068,-0.03191133
0.17127499,0.04143527,0.14226145,0.14319558,0.1404425,0.24097736,0.12702988,0.050233323,0.07771623,0.052164298,0.20945333,0.08604426,-0.053165767,0.26229742,0.108418524,0.04614475,0.11950371,0.066497505
0.1716906,0.058233876,0.09503168,0.07694218,0.1748477,0.22835645,0.08292699,0.04101431,0.08541228,0.04830967,0.3059491,0.09061206,-0.06434101,0.2341309,0.066693075,0.09682982,0.12386837,0.09364031
-0.19261904,-0.3168776,-0.24866025,0.00550039,-0.3526368,-0.22535236,-0.23644744,-0.37670195,-0.2652531,-0.12004506,-0.11002691,-0.13439967,-0.16609304,-0.20830439,-0.2053376,-0.20838763,-0.24512291,-0.18651533
-0.22880396,-0.30944023,-0.23283617,0.02704375,-0.3524136,-0.21836618,-0.22431242,-0.34945095,-0.2198794,-0.10162808,-0.10366752,-0.096617475,-0.1449607,-0.17525095,-0.17586681,-0.20017257,-0.21898736,-0.17698391
0.20931521,0.2898225,0.27816972,0.30618992,0.25107178,0.1469834,0.19385758,0.2068623,0.2175796,0.032825217,-0.015357031,0.0035895985,0.44987178,-0.03630412,0.09687838,0.14195101,0.0045879693,0.117135204
0.19196805,0.2876317,0.2634076,0.32355797,0.25146747,0.13257395,0.20949766,0.1897026,0.19676577,0.017214352,0.001348058,-0.021132099,0.44579056,-0.04062794,0.09962144,0.16933751,0.0055143745,0.12880988
0.14411189,0.23921794,0.1339777,0.13852416,0.23311466,0.24345294,0.19951196,0.21848671,0.20262468,0.15822059,0.2576562,0.066582456,0.26382098,-0.00046254112,0.08322006,0.37759158,0.05586293,0.11006777
0.11918489,0.21545568,0.107574224,0.09493623,0.21450897,0.23872806,0.19333549,0.19275413,0.19245741,0.16132346,0.26037455,0.07204468,0.23901208,-0.0048656743,0.09131935,0.38256735,0.06258289,0.09243749
0.25010812,0.33289072,0.26504228,0.3333888,0.31778467,0.19874495,0.35735932,0.31178775,0.3369424,0.24596667,0.2376599,0.15045361,0.46835276,0.2964205,0.2418435,0.39925194,0.13595568,0.32897425
0.22056139,0.27226263,0.24100745,0.35181516,0.26722845,0.17042187,0.34630206,0.25603706,0.27597424,0.2131373,0.25998244,0.086426616,0.4421814,0.26517603,0.20281805,0.44139,0.09071489,0.32528442
0.27331236,0.28115803,0.21335056,0.37645006,0.2553444,0.08289605,0.28755876,0.2494342,0.31748056,0.14495882,0.13321923,-0.013974428,0.4666931,0.1834484,0.17701261,0.36896995,0.03834897,0.2292879
0.2557155,0.33132443,0.25133443,0.403797,0.31658548,0.11525989,0.3297946,0.26628998,0.36155614,0.15561284,0.18090555,0.019376207,0.48155874,0.21158732,0.23940752,0.4249311,0.085125186,0.26075566
0.014461999,0.20521152,0.11848181,0.05380656,0.21150836,0.23331743,0.22316878,0.22470279,0.29800344,0.068568386,0.18152012,0.14584509,0.024271382,0.21406412,0.34317622,0.1797584,0.33525878,0.091547616
-0.16000676,-0.31206203,-0.18814412,-0.1719807,-0.34545967,-0.06338804,-0.17352767,-0.14074686,-0.20740053,-0.007800255,-0.22886784,-0.09912563,-0.14409964,-0.33399832,-0.15100858,-0.24526164,-0.13970876,-0.20740472
-0.14895268,-0.28256023,-0.14448662,-0.10522115,-0.2733397,-0.03171156,-0.14257158,-0.11160988,-0.08633203,-0.12869129,0.17085686,-0.07043717,-0.21573725,-0.18510886,-0.2794025,-0.094709456,-0.17434815,-0.0627338
-0.2897252,-0.35171828,-0.248087,-0.07721905,-0.39102113,-0.29662028,-0.3015696,-0.43037227,-0.36006692,-0.1532083,-0.08136371,-0.20075108,-0.22249797,-0.19861008,-0.30988216,-0.25437653,-0.3972947,-0.20455618
-0.29122674,-0.34792298,-0.23659319,-0.10569975,-0.38349795,-0.2951312,-0.29088166,-0.42276433,-0.35236412,-0.15101844,-0.06416066,-0.20638518,-0.2166324,-0.17199807,-0.2884517,-0.24624431,-0.3945601,-0.18176089
0.293285,0.010874122,0.08515494,-0.007458914,0.038576398,0.0937413,0.00028371083,-0.009046197,-0.0030175443,-0.042691767,-0.025233032,-0.028451942,-0.18755339,0.16527419,-0.057340536,-0.11441149,-0.09161005,-0.107563585
0.32273173,0.037516568,0.106526084,0.010763023,0.06194068,0.12210241,0.014050588,0.015753899,0.027379503,-0.028266443,-0.02339551,-0.008244649,-0.16406031,0.17646259,-0.0397607,-0.09555464,-0.07568377,-0.110583656
0.15946661,-0.0153503325,0.17799732,0.008190922,0.068130374,0.13098319,0.22815211,-0.06422681,-0.07855881,-0.1047445,0.16342662,-0.1670124,-0.013572777,0.051915426,0.073234245,0.20328115,0.07353292,0.30051622
0.15930703,-0.018992461,0.17058358,0.008244051,0.05954811,0.1381497,0.2409537,-0.067131996,-0.074793585,-0.11085335,0.16860673,-0.1713788,0.01762204,0.042450882,0.062326707,0.22075555,0.06610857,0.30341023
0.23317726,-0.30168477,-0.22396356,-0.008671031,-0.27702254,-0.17947221,-0.15158448,-0.11117333,-0.046692226,-0.09516922,-0.02034434,-0.07413227,-0.17967919,-0.2146995,0.0119486675,0.012654009,-0.073319286,-0.17431302
0.2679638,-0.2918073,-0.19983819,-0.010619518,-0.26553962,-0.17255858,-0.16473997,-0.11216903,-0.025676059,-0.095042124,-0.023758806,-0.048568077,-0.16232097,-0.22082813,0.008387994,0.014957967,-0.074843414,-0.17399381
0.2276323,-0.21640046,-0.2272501,0.017095845,-0.19700232,-0.17531158,-0.1251488,-0.15140323,-0.11420955,-0.064790234,0.07117471,-0.10322108,-0.19721457,-0.14768447,-0.006621252,0.10995842,-0.06235315,-0.071743086
0.21261565,-0.21881478,-0.23112172,0.039125487,-0.20304105,-0.16798961,-0.12691832,-0.1500307,-0.12237698,-0.05988139,0.069866784,-0.097382136,-0.18733682,-0.15297937,-0.019906739,0.10548933,-0.07273244,-0.08335163
0.082253225,0.19633426,0.28532773,0.16569567,0.16878533,0.17591648,0.296631,0.060012463,0.0955066,-0.08571341,0.11536873,-0.05815717,0.06589283,0.20986786,0.26436692,0.31375593,0.17464876,0.23099923
0.07284694,0.20554696,0.27082676,0.21068113,0.17188753,0.1760163,0.29382607,0.06375221,0.09758968,-0.06583271,0.14051001,-0.03801417,0.08587269,0.21443589,0.24824405,0.32826167,0.16915122,0.23729758
0.04346295,0.19915013,0.2240318,0.25282225,0.15055665,0.18400493,0.2264669,0.021995319,0.05977869,-0.07860815,0.14083487,-0.01949721,0.024536803,0.1479312,0.17557403,0.2751433,0.13692616,0.1447007
0.06067261,0.20861867,0.22585875,0.2667646,0.16346526,0.2103729,0.24098386,0.025122046,0.06702257,-0.06872899,0.16161732,-0.009360696,0.031066446,0.1525901,0.17954047,0.29605368,0.15201649,0.15936814
0.05251459,0.27873075,0.06820769,0.009568056,0.29716426,0.24365954,0.1823853,0.24640866,0.092251725,0.316935,0.053187523,0.2557175,0.0459562,0.121217795,0.24694975,0.0056783063,0.22284563,0.048751093
0.040023588,0.16181184,-0.10457618,-0.040838346,0.26602829,0.09167807,-0.044019803,0.027816726,-0.040325344,0.17669617,-0.04992326,0.06388884,-0.1405637,-0.0047098096,0.052076455,-0.13158537,0.040655397,-0.10765377
0.28652567,0.16601804,0.12254347,-0.0029454604,0.08608747,0.20223828,0.1642339,0.20081483,0.16393717,-0.0025529568,-0.077376544,0.079121254,0.123969086,0.071740285,0.16049205,0.067247145,0.163565,-0.021006435
0.30384484,0.17247927,0.08284237,-0.012193441,0.094647646,0.20537077,0.15590598,0.20350641,0.1709716,0.008746776,-0.058263715,0.08202121,0.1452429,0.0629461,0.15588595,0.08070185,0.16415004,-0.028147906
-0.19096331,-0.36738855,-0.21045619,-0.22775212,-0.3793735,-0.24466567,-0.23974185,-0.30041468,-0.24509986,-0.19754055,0.06898754,-0.19638559,-0.12280112,-0.3458034,-0.2774165,0.09318237,-0.33436182,-0.1065103
-0.17220446,-0.33482486,-0.19530222,-0.22358434,-0.35017166,-0.21671046,-0.21297106,-0.26652288,-0.22353546,-0.1675709,0.07739153,-0.18193483,-0.096758634,-0.3228266,-0.25727463,0.118022546,-0.3144909,-0.101926275
0.40565336,0.49926955,0.537639,0.28045762,0.4612917,0.40315947,0.35932127,0.36349934,0.48442394,0.15367831,0.21904252,0.2575038,0.3492497,0.4969003,0.4167247,0.2838962,0.28797373,0.29819867
0.32568803,0.52813077,0.54459965,0.2674528,0.48770687,0.4332674,0.4086287,0.38151643,0.49968913,0.17245047,0.2510847,0.24945284,0.3506679,0.5467537,0.45983785,0.32668325,0.3195743,0.33875194
-0.15502696,-0.16489209,-0.1711006,-0.15350871,-0.07691357,-0.065973096,-0.03549415,-0.12414362,-0.21226905,0.071780585,-0.08798718,-0.17075075,-0.11288552,-0.032025907,0.027480053,-0.14998429,-0.11935081,0.007375027
-0.14913282,-0.16246347,-0.16661355,-0.1390823,-0.07808243,-0.03755313,-0.03419787,-0.106062606,-0.20869926,0.08553593,-0.07642016,-0.15395801,-0.10290353,-0.024878006,0.018193953,-0.15378861,-0.12298782,0.0036006197
-0.22262415,-0.35172808,-0.26872706,-0.26264518,-0.42015478,-0.110476166,-0.30761224,-0.32310927,-0.31656596,-0.09304594,-0.06239994,-0.17540148,-0.22160244,-0.17840609,-0.30414703,-0.2146531,-0.35398784,-0.2469785
-0.09617669,-0.17157441,-0.083184235,0.012831761,-0.26378974,0.13951235,-0.042981576,0.08515931,0.11579905,0.1826258,-0.049620047,0.254288,-0.09945065,-0.05071475,0.04836823,-0.090254456,0.15683857,-0.2035531
0.13669014,0.25779176,0.18272613,0.12988737,0.26510283,0.13680097,0.030773807,0.15409452,0.30418125,0.15047629,0.16151385,0.1713543,-0.076418296,0.3226432,0.24177648,0.1938031,0.12059062,0.09205043
0.088271305,0.23844326,0.17042276,0.13316688,0.2462459,0.10595197,0.022923026,0.12597345,0.28880826,0.15301012,0.1743047,0.16849081,-0.098305084,0.35759532,0.22965814,0.15902594,0.100413725,0.09257136
0.19559339,0.2756201,0.28421718,0.28447798,0.18692203,0.33553052,0.15854101,0.26931736,0.3439963,0.26868364,0.08220012,0.28540704,0.068835504,0.24821891,0.04918122,0.1532509,0.15502836,-0.12124122
-0.34213132,-0.33134666,-0.2389887,-0.24513185,-0.35535705,-0.2852442,-0.24469075,-0.3157964,-0.33628884,-0.05679227,-0.17688031,-0.12117621,-0.23819429,-0.20381506,-0.12606755,-0.27972463,-0.28113398,-0.12382181
-0.34842977,-0.32648867,-0.2458547,-0.268247,-0.34540126,-0.27980998,-0.2646545,-0.3023977,-0.3363461,-0.051259246,-0.1621924,-0.11402322,-0.24448213,-0.2131866,-0.13903101,-0.2925189,-0.2946563,-0.11632372
-0.07166357,-0.31464306,-0.16480775,-0.13209021,-0.3409527,-0.15704966,-0.26014328,-0.20388134,-0.15377921,-0.084027894,-0.15379807,-0.11336136,-0.20978703,-0.1646761,-0.30585328,-0.17425664,-0.28423354,-0.3147196
-0.057885066,-0.32692,-0.15703745,-0.181711,-0.35241386,-0.17922272,-0.2792111,-0.21081884,-0.17765415,-0.096242905,-0.19167593,-0.1352563,-0.23461246,-0.18219738,-0.29329497,-0.19736274,-0.28083882,-0.31092376
0.32141706,0.32874662,0.5213446,0.47911307,0.34607667,0.34199527,0.29111427,0.23628026,0.30688545,0.19641498,0.13275924,0.17781611,0.20820968,0.5421479,0.22905882,0.10186149,0.1343232,0.19582015
0.29115254,0.26520526,0.20858972,0.09711324,0.22152753,0.315391,0.09391901,0.18198256,0.19858573,0.069175854,0.12933733,0.056642763,0.12577848,0.2867004,0.13331743,0.047785483,0.06539493,0.02979903
0.079204045,0.2479868,0.21258631,-0.00537482,0.18262921,0.33028284,0.117773876,0.27156484,0.14680167,0.27307916,0.13450381,0.29817563,0.018474694,0.21789625,0.03360794,0.06983252,0.1695664,-0.029760629
0.12461827,0.0123347035,-0.060092203,-0.00039582793,0.050631553,0.26964313,-0.029143838,0.123031884,-0.030293383,0.19414236,-0.034283683,0.118959926,-0.0667488,-0.07079516,-0.06401535,-0.11947447,0.059832,-0.1764928
-0.086265005,-0.018379321,-0.18413378,-0.18886921,0.06016908,0.15536919,-0.11293904,0.046532832,-0.016604997,0.06985122,0.10598716,0.07661535,-0.244287,0.002755615,0.024405394,-0.113895245,0.037373442,-0.17970929
-0.15058938,-0.044766355,-0.18965237,-0.17371356,0.011834512,0.1439305,-0.09362635,0.047239475,-0.005540676,0.089951545,0.13913487,0.09403792,-0.22867666,0.02077477,0.052319102,-0.07961458,0.053088743,-0.14745037
-0.1288857,-0.21868555,-0.18773921,-0.0060214186,-0.17550248,-0.07144912,-0.07454761,-0.104013436,0.077398494,0.08020604,0.022215677,0.104230516,-0.17625256,-0.035764378,0.12900706,0.028045634,0.06417594,-0.18545482
-0.15041035,-0.2334055,-0.21124852,-0.0077617075,-0.19045638,-0.099608324,-0.11030129,-0.13676171,0.05440041,0.055035498,-0.008045847,0.08720463,-0.1859804,-0.084815025,0.080913745,-0.002035149,0.021362891,-0.22363582
-0.14025958,-0.33177966,-0.090716206,-0.1759872,-0.35215142,-0.04111515,-0.17921537,-0.12504224,-0.1547383,-0.00017333066,-0.1613637,-0.15000455,-0.19538616,-0.09575731,-0.25647795,-0.2084139,-0.27675447,-0.24965158
-0.09787912,-0.1730767,-0.1716187,-0.061757382,-0.18690884,-0.15202515,-0.034502126,0.07645379,0.10361717,0.1519625,0.03899376,0.12539107,-0.12349283,-0.047022007,0.19774503,0.08756492,0.09762909,-0.06761183
-0.15671377,-0.21685681,-0.1629349,-0.104087256,-0.24036825,-0.13616349,-0.049904868,0.03931327,0.07691061,0.12392909,0.063818656,0.12210554,-0.14117755,-0.05366012,0.16380294,0.10425094,0.067740105,-0.07800594
-0.1315127,-0.27598655,-0.019445298,-0.09351366,-0.29615793,-0.011093842,-0.12644514,-0.06035304,-0.10789556,0.07192639,0.15312454,0.13869245,-0.12648626,0.06802934,-0.23104136,-0.097751856,-0.20320469,-0.13219684
-0.12706475,-0.2557212,0.025747644,-0.07210546,-0.2765658,0.017999206,-0.09012626,-0.028636424,-0.06990559,0.0962623,0.17689203,0.1565496,-0.112936094,0.12226991,-0.18928242,-0.063854724,-0.16598836,-0.09771241
0.009236535,0.18658811,0.11439122,0.17290068,0.22165614,0.1865461,0.0066005504,0.16387913,0.29451498,0.17141895,0.1278083,0.3009873,0.0013558485,0.102621906,0.13990453,0.03208081,0.15694673,-0.12601452
0.0005827937,0.2005165,0.13921286,0.26057807,0.23523147,0.22068092,0.062173817,0.18087144,0.33168176,0.18002672,0.1571012,0.31308436,0.11507736,0.108498804,0.15750754,0.06488244,0.16318756,-0.07085605
-0.16268282,-0.33446324,-0.3119515,-0.07474556,-0.2850968,-0.17013508,-0.13553207,-0.034343936,-0.0674899,0.111625046,-0.09440029,0.12671657,-0.18316613,-0.13955145,-0.01687654,-0.26275527,0.0028155441,-0.2322581
-0.18793696,-0.29430607,-0.2780641,-0.0873936,-0.24280652,-0.18014987,-0.13387571,-0.0056313872,0.014221139,0.11166048,-0.08309294,0.10456841,-0.161858,-0.06360878,0.03739181,-0.24066062,0.01250558,-0.21074094
0.29628885,-0.22733328,-0.017313026,0.077768624,-0.20114031,-0.20837681,0.14398623,-0.098719865,-0.082729384,-0.13394155,0.07312595,-0.20246828,0.060708605,0.01291582,0.07710498,0.17806621,-0.028689474,0.20997503
0.30464724,-0.22941984,-0.021496765,0.07518811,-0.2032402,-0.2205571,0.1308038,-0.097752266,-0.083477795,-0.14245363,0.053685978,-0.20111676,0.06476177,-0.0011475584,0.06579769,0.16293323,-0.037216075,0.19308071
0.3495344,-0.15825497,-0.08480721,0.03007593,-0.1528748,-0.12331267,0.11466572,-0.01535557,-0.005923837,-0.042886622,0.056691818,-0.109385796,0.10801214,0.0061521013,0.09939837,0.15584506,0.006156448,0.15024069
0.357039,-0.17687634,-0.075961314,0.029531367,-0.16596223,-0.11686974,0.11059336,-0.0446547,-0.0063735363,-0.05956333,0.08932244,-0.11669155,0.10188445,0.011348401,0.09296118,0.1797254,-0.009617002,0.14847864
-0.01889833,-0.3356457,-0.30626053,-0.07228475,-0.32896012,-0.20375614,-0.13334288,-0.2526046,-0.24460384,-0.00010978384,-0.030588342,-0.15768538,-0.20711544,-0.047533303,-0.09784722,-0.16844763,-0.23548408,-0.12065831
-0.08354807,-0.27157354,-0.22116931,-0.13121764,-0.27103266,-0.11536274,-0.09297059,-0.19937201,-0.13875426,0.023643225,-0.034650467,-0.1351929,-0.10456267,0.04350234,-0.042062167,-0.1573559,-0.21198918,-0.07116534
-0.23060401,-0.4844036,-0.35208428,-0.20344241,-0.49473342,-0.20708513,-0.20869069,-0.28818902,-0.42901903,-0.08201848,-0.18661393,-0.18950808,-0.18182233,-0.3944356,-0.23849882,-0.3282407,-0.2881751,-0.19912729
0.27998695,0.17544988,0.14947836,0.049108136,0.2719937,0.23553446,0.15249355,0.15076627,0.07390357,0.07897201,0.2873394,0.07473563,-0.049304552,0.041908138,0.08198366,0.15446362,0.22035463,0.2342547
0.28140748,0.148941,0.12513077,0.03278882,0.24505942,0.21498464,0.12733947,0.1235058,0.06999662,0.06269242,0.2803016,0.051944047,-0.05710061,0.023963684,0.048827186,0.14293136,0.18738817,0.22007948
0.24397078,0.1796793,0.17558202,0.29038066,0.1913839,0.08954897,0.3768629,0.28951478,0.14008205,0.06492469,0.036118396,0.03948715,0.34231263,0.0061672837,0.2751644,0.34086373,0.2855549,0.2899008
0.2260928,0.17644414,0.19271879,0.3123079,0.18189757,0.10183531,0.38510782,0.28611174,0.13436659,0.067416586,0.04627317,0.03965932,0.32935804,0.012859895,0.26851234,0.35615608,0.2822505,0.282118
0.0145546,0.03139006,-0.086889766,-0.017425831,0.040796094,0.05680384,0.23129606,0.234585,-0.0087073045,0.14915,0.09793225,0.051734496,-0.056147344,-0.017406665,0.1263358,0.2332772,0.16847053,0.070490845
-0.088866614,-0.053302113,-0.1726672,-0.11328038,-0.077722944,0.080399,0.18978707,0.1712501,-0.05309719,0.07705046,0.07448447,0.044291787,-0.07319157,-0.10239607,0.08099644,0.1167771,0.15083677,0.020168146
0.025565367,0.08360669,-0.07493602,-0.073600374,0.09933749,0.13170724,0.2504668,0.33077925,0.12757152,0.229703,0.19166796,0.18360968,0.028205344,0.036662336,0.2273558,0.221324,0.26239878,0.14398988
0.026230369,0.09761002,-0.08091672,-0.07762863,0.10710658,0.14999554,0.23447654,0.34051684,0.1381803,0.2329553,0.18332437,0.19870707,0.027448988,0.025953364,0.21304996,0.2127095,0.2559355,0.1154998
-0.19283175,-0.30388436,-0.34120885,-0.09298316,-0.28933537,-0.13815318,-0.30120575,-0.3690856,-0.29183298,-0.10957382,-0.16773556,-0.21121366,-0.23393026,-0.29901612,-0.2405111,-0.32487172,-0.26661426,-0.28955093
-0.24320067,-0.32068402,-0.3379783,-0.06460853,-0.32194865,-0.18821989,-0.27880743,-0.3701909,-0.25068656,-0.09116836,-0.1510592,-0.18625316,-0.18325439,-0.3047354,-0.22689733,-0.30096644,-0.2747375,-0.26358795
0.3190536,0.14574236,0.2631791,0.12552872,0.12304058,0.034305383,0.28278628,0.06976144,0.11513043,-0.045606572,0.068708174,-0.22055238,0.39409962,0.06703574,0.027378563,0.22228001,-0.061592236,0.23115323
0.33220357,0.16776921,0.27492028,0.122566395,0.13709779,0.07041065,0.29578802,0.08940663,0.13808554,-0.03116674,0.08510316,-0.19856009,0.40594703,0.08042196,0.052874785,0.2426852,-0.036144827,0.23520541
0.4318158,0.2836063,0.32003438,0.098292835,0.3090806,0.2584187,0.15135455,0.24226528,0.28045526,0.22550748,0.018647132,0.20236231,0.009420012,0.34077707,0.24249779,0.055764187,0.18080853,0.032031573
0.40858406,0.31421387,0.32241076,0.040302504,0.35233513,0.25095406,0.16344106,0.22942539,0.29128894,0.2242059,0.048662297,0.18077512,0.040062692,0.33185995,0.26431626,0.08446874,0.18454918,0.06379585
0.08628067,0.1249896,0.14774595,-0.023509985,0.08940009,0.18300788,-0.014406055,0.13031302,0.10847799,0.14539967,0.11606068,0.16316484,-0.014428899,0.17721742,0.0023129627,0.042856444,0.04022712,-0.10868285
0.093877316,0.1319673,0.14814377,-0.013701629,0.09578607,0.18645915,-0.006580882,0.13614736,0.11258763,0.14336595,0.12003102,0.16120882,-0.006317552,0.17630348,0.008346857,0.04935127,0.04570304,-0.10624433
0.022000493,0.16043349,-0.040551096,-0.025127009,0.12395296,0.23777685,0.14491437,0.3270409,0.058794927,0.24451104,0.022953773,0.2876086,-0.0786002,0.0017714095,0.082062975,-0.04572154,0.20635521,-0.124234974
0.10662694,0.13809912,0.1639102,-0.009438415,0.10419857,0.18666185,0.004646536,0.14599018,0.12520209,0.15107243,0.12283871,0.16608742,0.0017060258,0.18938339,0.024605017,0.059679,0.05688095,-0.09053732
0.038336772,0.18444729,-0.027121399,-0.013975827,0.15607776,0.25282377,0.15606187,0.34808764,0.07043328,0.26378325,0.028467413,0.2990188,-0.04925632,0.011574373,0.09084674,-0.0359283,0.21334596,-0.11596567
0.008195079,0.04207907,-0.10931677,0.04567412,0.0495879,0.11956653,0.14019963,0.20171724,0.22533034,0.20382653,0.026826996,0.16340584,-0.15978569,0.14155205,0.4103564,0.14704987,0.37709895,-0.009818227
-0.049806107,0.03287068,-0.10221302,0.019492706,0.040934112,0.15111376,0.16396861,0.19847243,0.21103239,0.19667204,0.074134365,0.15729399,-0.13291948,0.16026878,0.4044778,0.17085026,0.37101403,0.028007276
-0.037671387,0.056825463,-0.14189759,-0.09636861,0.10686233,0.1368022,0.012244368,0.16849455,0.011444736,0.23092116,0.016412804,0.14529029,-0.13074008,-0.010448197,0.16689496,-0.12687834,0.10219519,-0.09927073
-0.045818746,0.056735337,-0.07850865,-0.092279695,0.092054375,0.17913125,0.073455185,0.20068142,0.014820719,0.25983316,0.05381482,0.15476672,-0.092506476,0.06347517,0.17871846,-0.08768531,0.10791856,-0.050896287
0.12866183,-0.08514872,-0.10010201,0.1552186,-0.07317174,0.044663403,-0.021084124,0.10658777,0.29727826,0.16742036,0.087331325,0.22487229,-0.05936686,0.1665332,0.23007822,0.07564085,0.15979254,-0.06921563
0.032917287,-0.10057955,-0.070053734,0.14425565,-0.101101294,0.047949903,0.003449492,0.07178453,0.2773451,0.15595378,0.12047094,0.20865613,-0.11664859,0.22574595,0.27215347,0.11977198,0.18584347,-0.04403477
0.100051984,-0.286367,-0.19005865,-0.17330703,-0.28945285,-0.3285361,-0.32353738,-0.35701683,-0.26797456,-0.13474487,-0.12886664,-0.13682061,-0.20339386,-0.22762986,-0.28368556,-0.22772026,-0.3008262,-0.15780616
0.10143871,-0.26016712,-0.18129627,-0.16035154,-0.26263052,-0.30807233,-0.29653195,-0.32835373,-0.25301418,-0.11799317,-0.12860431,-0.11979216,-0.18289621,-0.22750974,-0.2693882,-0.21245056,-0.27336642,-0.13737017
-0.19221385,-0.2836604,-0.19691706,-0.0783623,-0.30086023,-0.107205994,-0.124714606,-0.12952264,-0.11904826,0.018469203,-0.076871574,0.05242287,-0.092830405,-0.2195586,-0.06613185,-0.18113375,-0.026485976,-0.15708046
-0.1670571,-0.24827209,-0.15609689,-0.048745167,-0.27686676,-0.07377389,-0.093989514,-0.08144403,-0.04489016,0.054672267,-0.08420451,0.11059803,-0.050643943,-0.18884113,-0.02637711,-0.14531575,0.0048974245,-0.14512615
0.24363557,0.3571837,0.3283298,0.33396053,0.26640645,0.31995308,0.35747918,0.32089466,0.39989364,0.16145849,0.19524038,0.1173568,0.56720454,0.23951481,0.22207604,0.29747576,0.14325875,0.25468558
0.24628977,0.37602928,0.34521034,0.3453597,0.28396106,0.3430002,0.37860316,0.33833054,0.42449698,0.1769013,0.20732914,0.13640247,0.5817096,0.26273367,0.24229176,0.31213713,0.1636476,0.26645392
0.29554257,0.3428754,0.40836367,0.23918651,0.3373033,0.42133975,0.26590356,0.2567837,0.28715357,0.058954693,0.3477143,0.12541421,0.4564782,0.21851242,0.20137054,0.3871905,0.16493055,0.3394989
0.31005716,0.3559091,0.39932805,0.22788326,0.35002798,0.42895892,0.277903,0.25404906,0.29543096,0.065716706,0.3639718,0.11261199,0.47749025,0.21736187,0.19971266,0.4194738,0.16554515,0.34404555
0.3473362,0.4269386,0.45941922,0.25323802,0.4220287,0.3026888,0.36031035,0.2624609,0.32742897,0.07768606,0.29484993,0.012101014,0.51195514,0.28188658,0.34382147,0.5122263,0.19466425,0.4857225
0.35164556,0.4276779,0.46795294,0.25766447,0.41452435,0.31394535,0.3588384,0.26798362,0.33197123,0.082284465,0.29473698,0.019510757,0.51583713,0.28354597,0.33618638,0.5180802,0.18793422,0.4731817
-0.31403214,-0.21896969,-0.22145909,-0.15082453,-0.23753117,-0.06281373,-0.20824464,-0.25821045,-0.22044578,0.00095392345,-0.114369966,-0.098278046,-0.2739469,-0.08089709,-0.065099075,-0.19863705,-0.17066595,-0.18232906
-0.2953066,-0.21633016,-0.2239932,-0.13647005,-0.23400348,-0.06616936,-0.21628681,-0.26227567,-0.2209799,0.004649403,-0.12907156,-0.08323277,-0.26404145,-0.11321165,-0.08179581,-0.21014231,-0.18044741,-0.18412487
0.39788777,0.36148274,0.32562923,0.20670053,0.2861399,0.25777513,0.1980769,0.24754667,0.37078008,0.029852698,0.08995478,0.08298137,0.43449214,0.15864937,0.14578025,0.24395761,0.113177925,0.117928244
0.39359313,0.39246637,0.35768658,0.2027775,0.31693244,0.2962176,0.23284072,0.28314966,0.3866809,0.060637154,0.10098029,0.11730468,0.4475011,0.18804881,0.1643852,0.25026837,0.14470989,0.14348587
-0.110530354,-0.29721627,-0.19925563,-0.24473976,-0.2684479,-0.16496737,-0.18304831,-0.2742718,-0.27228582,-0.064243115,-0.20189682,-0.08393443,-0.20290709,-0.1697218,-0.16752829,-0.2910565,-0.23538692,-0.24192938
-0.15455401,-0.27178547,-0.16655588,-0.22964534,-0.25065404,-0.1511131,-0.14357662,-0.2481599,-0.24922174,-0.049645152,-0.18346536,-0.046209443,-0.18282786,-0.1426039,-0.12027263,-0.2655763,-0.19428952,-0.20828405
0.12397325,0.30784768,0.2459268,0.37167695,0.29640573,0.20487207,0.11891804,0.17275847,0.35055354,0.28830862,0.100737266,0.31286138,-0.06824387,0.3733404,0.22973743,0.092231594,0.18885902,-0.022046572
0.14523919,0.3295513,0.2785338,0.3874054,0.32080972,0.23496456,0.12737815,0.1895883,0.36001343,0.28776908,0.1101178,0.32345727,-0.046413824,0.37760675,0.22336014,0.1078624,0.18813722,-0.017668705
-0.12598787,-0.08838505,-0.23879454,-0.15364082,-0.08662466,0.07920979,-0.0372956,0.00044692087,0.008302563,0.065641105,-0.09720241,0.13228378,-0.28044453,-0.0594566,0.052624255,-0.24833792,0.08405423,-0.31544456
-0.13354671,-0.072484046,-0.23303823,-0.16329814,-0.062797844,0.093863636,-0.032720327,-0.016353289,0.015562681,0.06543574,-0.09468146,0.10076725,-0.25728947,-0.027420117,0.042410772,-0.24005695,0.050416954,-0.31091684
0.15875614,0.19441049,0.16516584,0.13320157,0.21428815,0.29553938,0.12131971,0.15708582,0.06713728,0.03511314,0.21009882,0.11729177,0.16831888,-0.028848406,0.067842215,0.15385905,0.08024319,0.1142302
0.12433807,0.21125229,0.21621476,0.19387314,0.2340047,0.29276848,0.14455484,0.151831,0.08206037,0.040111117,0.2451135,0.13845472,0.18465626,-0.0062328856,0.07123502,0.18959305,0.09668003,0.1514412
0.20658214,0.194913,0.096549556,0.2987873,0.25656173,0.20683447,0.12144076,0.12067864,0.05142234,0.02158406,0.25561604,0.067066595,0.24838266,-0.07013912,0.04351918,0.22023833,0.12388073,0.27896672
0.15067029,0.19250955,0.10085892,0.30061054,0.25632513,0.22400966,0.13970132,0.1134614,0.05297197,0.024470268,0.282961,0.07054246,0.2559716,-0.058712542,0.046614096,0.22878115,0.12538391,0.2945449
0.01665829,0.17892401,0.056155335,0.19698305,0.08694172,0.3126118,0.076895475,0.1200573,0.1607762,0.22963874,0.12950456,0.1672802,-0.03913037,0.30714583,0.011948737,0.036018122,0.07602553,-0.11520789
0.006502117,0.14845996,0.044347312,0.20843092,0.05831683,0.29349235,0.04323591,0.08281768,0.12598884,0.21226421,0.12230144,0.17408614,-0.053697288,0.25981188,-0.024981832,0.013493876,0.05459256,-0.12272756
-0.14669582,-0.35884264,-0.13910335,-0.18433394,-0.3911409,-0.1009828,-0.14875546,-0.13435404,-0.24897572,-0.0039738016,-0.20737007,-0.12328447,-0.19401489,-0.23271692,-0.13241877,-0.23842677,-0.16438371,-0.19123285
-0.21630518,-0.30190545,-0.23906365,-0.23928602,-0.30057928,-0.21567705,-0.18493636,-0.23530726,-0.110512465,-0.06553861,0.022998262,-0.046483,-0.20656168,-0.1984912,0.068629,0.06232124,-0.03064451,-0.06547621
-0.22154412,-0.31060398,-0.26717278,-0.23926231,-0.30649593,-0.2184853,-0.20180856,-0.24309582,-0.13414584,-0.06500449,0.015960714,-0.046110872,-0.22926536,-0.2216474,0.042315874,0.047078766,-0.04104093,-0.08412136
0.037763048,0.24478142,-0.0059666233,-0.0136520015,0.3232363,0.28488114,0.112072095,0.22022599,0.12000981,0.32934558,0.054372955,0.3120648,-0.04596996,0.09682585,0.2511862,-0.012289122,0.28748628,-0.002659947
0.03762604,0.21665213,-0.03820649,-0.045009106,0.28648168,0.30028585,0.07650906,0.20653696,0.09582343,0.3192571,0.052567612,0.29360142,-0.06510593,0.08858236,0.21103783,-0.04151929,0.2606926,-0.027914943
-0.2072833,-0.3333734,-0.25826302,-0.1722613,-0.3639299,-0.16910632,-0.17764616,-0.18459934,-0.26521435,-0.08565696,-0.17185396,-0.07815816,-0.22255981,-0.23307349,-0.16632116,-0.19773994,-0.124549635,-0.2182689
-0.31795096,-0.46927416,-0.4313534,-0.18855444,-0.48041084,-0.41447604,-0.4416877,-0.38384607,-0.4134403,-0.1930261,-0.06461857,-0.16046666,-0.3729896,-0.4144242,-0.3387556,-0.3152656,-0.36056653,-0.32109717
-0.30160576,-0.46931875,-0.39552593,-0.16081245,-0.4849979,-0.40753943,-0.42983457,-0.40774813,-0.3871128,-0.19466881,-0.039290454,-0.14441784,-0.32938457,-0.40532726,-0.33344212,-0.2939932,-0.37103176,-0.28899726
0.075548224,-0.06147281,0.025701907,0.020993082,0.0037129298,-0.075877406,-0.13250911,0.010936237,0.25463718,0.083897665,0.0067713335,0.21674702,-0.16577221,0.09525407,0.08695316,0.016380174,0.0072884634,-0.13596809
0.037051924,-0.08580291,0.028788034,0.011060372,-0.023249667,-0.07316893,-0.10425887,0.013642052,0.26386634,0.08314302,0.038162243,0.20989452,-0.17203039,0.116133496,0.11327722,0.05794622,0.028819919,-0.1288698
0.21933281,0.0010582486,0.23705986,0.38314348,-0.016759913,0.058222946,0.3714315,0.298464,0.19338962,0.1245989,0.08342478,0.18642183,0.33806258,0.14839755,0.23105139,0.20627955,0.2567981,0.23962043
0.20739679,-0.018040102,0.1760255,0.37428492,-0.03581987,0.03641227,0.3389235,0.2603023,0.15317826,0.09539161,0.055248063,0.14285135,0.31687978,0.12624125,0.19539331,0.1747556,0.22488792,0.21195862
0.16473004,0.08573831,0.21535338,0.38304904,0.05484008,0.087383136,0.36697963,0.36309004,0.2133572,0.16467096,0.03649858,0.20173383,0.34562963,0.12149629,0.2144333,0.14449811,0.25045437,0.17987768
0.17782162,0.01494191,0.078980744,0.16463305,0.009088619,0.04003922,0.022743508,0.14661047,0.20460217,0.05378113,0.0025357935,0.07704926,0.19226766,0.06606332,0.008837726,-0.039891142,-0.03781499,-0.096412204
0.35149828,0.2383869,0.0989887,0.1475047,0.23938322,0.30552617,0.022156239,0.26712424,0.3151695,0.29089537,0.122730486,0.3369106,-0.032758728,0.22323643,0.06370755,0.07195124,0.18780711,-0.19053203
0.4168317,0.31341365,0.20045595,0.15777697,0.33755684,0.33297932,0.078957915,0.31218082,0.32973504,0.29538685,0.13737755,0.3359207,-0.00029631436,0.26046368,0.11109397,0.11118859,0.21875997,-0.1295945
-0.026385043,-0.25772423,-0.06876403,0.03230305,-0.28083438,0.018181162,0.034718856,-0.075066395,-0.049359787,0.039429557,0.054650825,-0.044697862,-0.10040159,-0.08599373,0.029536247,0.18108673,0.038987707,-0.113576345
-0.044488393,-0.26698834,-0.095789954,0.0026563143,-0.28287968,-0.001705359,0.027918251,-0.08679514,-0.048011366,0.028051205,0.058265276,-0.050902724,-0.107180886,-0.08551156,0.02901698,0.18596022,0.03524781,-0.117830984
-0.2873229,-0.40170872,-0.3767972,-0.19533832,-0.46289423,-0.26768088,-0.29943094,-0.29371196,-0.3235989,-0.09497094,-0.21192645,-0.1670105,-0.19164433,-0.40173218,-0.23940149,-0.35259724,-0.25219223,-0.1963598
0.00054461445,-0.31406364,-0.24458022,-0.09203451,-0.30456543,-0.29539892,-0.30408788,-0.3231466,-0.23364455,-0.13247226,-0.22752061,0.027102726,-0.35117713,-0.29437298,-0.20871969,-0.35948893,-0.1677883,-0.2869753
0.034513764,-0.28622675,-0.22583562,-0.10526843,-0.2802937,-0.27269554,-0.26469743,-0.26770502,-0.18233249,-0.10170139,-0.20300704,0.08016239,-0.31654555,-0.26375687,-0.16669895,-0.32875305,-0.116623804,-0.26287815
-0.13816859,-0.17837495,-0.19310078,-0.17587423,-0.06512017,-0.11321088,-0.08947037,-0.23303296,-0.23765697,-0.012257505,-0.14428133,-0.18360591,-0.14383514,-0.16735291,-0.029810118,-0.17594448,-0.12504263,-0.05512947
-0.11197971,-0.19100446,-0.21660553,-0.17888364,-0.064410515,-0.12633754,-0.10964532,-0.2379279,-0.25004524,-0.015338054,-0.14161941,-0.18835577,-0.14825726,-0.18324827,-0.053889718,-0.19679125,-0.14197718,-0.063119926
0.034761466,-0.009632712,-0.14239858,0.046174802,-0.011215195,0.13623503,-0.060796414,-0.026619254,-0.044212263,0.16784489,0.08758507,0.11292907,-0.044790305,-0.10426639,0.0018057333,0.0005410507,0.056746017,-0.1402696
0.07520601,0.023089007,-0.12374305,0.044740304,0.018400602,0.1825305,-0.039129958,-0.01578122,-0.021000836,0.18046145,0.07418329,0.12240107,-0.029980319,-0.06926829,0.022786139,-0.009148948,0.07833665,-0.118240274
-0.12214165,-0.3348975,-0.24826153,-0.13326995,-0.34827736,-0.14194354,-0.14893831,-0.31580272,-0.27281165,-0.08744069,-0.006986244,-0.21160184,-0.13910767,-0.08947619,-0.14205873,-0.1818498,-0.20771663,-0.1023155
-0.19164132,-0.29089907,-0.22483139,-0.11322037,-0.30401543,-0.13522708,-0.11555249,-0.30009177,-0.25316405,-0.074551426,-0.019263063,-0.21425469,-0.099347666,-0.06869258,-0.10503914,-0.16351579,-0.19175619,-0.06433355
-0.24232595,-0.24467346,-0.21488917,-0.20089275,-0.25991133,-0.15775551,-0.19334225,-0.2005021,-0.296948,-0.03353,-0.15397367,-0.00081577455,-0.13570257,-0.34271458,-0.113514826,-0.24261343,-0.09546102,-0.12299613
-0.26932973,-0.24271311,-0.23164085,-0.2169095,-0.25191095,-0.14602187,-0.20126037,-0.21102867,-0.29363692,-0.04173962,-0.14979848,-0.019687716,-0.1343137,-0.33690023,-0.102569476,-0.24157447,-0.09972924,-0.117929146
-0.20560646,-0.3768779,-0.1966291,-0.052385513,-0.38197136,-0.18950884,-0.1934872,-0.38424167,-0.24647947,-0.24432543,0.14707667,-0.19998613,-0.20101593,-0.25643766,-0.3256651,0.0261133,-0.30959684,-0.07140358
-0.21137391,-0.37746766,-0.205187,-0.10759556,-0.38511375,-0.18145922,-0.19145632,-0.38495615,-0.24553286,-0.24698989,0.14096761,-0.21945529,-0.20107813,-0.25508273,-0.31817836,0.026180437,-0.30761623,-0.063181095
-0.31460482,-0.2481179,-0.22034648,-0.06288453,-0.25317225,-0.17243302,-0.20914266,-0.35730162,-0.22010161,-0.0676048,-0.12467434,-0.17741811,-0.19770339,-0.16396661,-0.15752363,-0.20407006,-0.28515434,-0.21248528
-0.30339748,-0.27945995,-0.24514319,-0.08006338,-0.28610164,-0.1877677,-0.2561458,-0.38281596,-0.24415474,-0.09263196,-0.14027126,-0.18608935,-0.21980146,-0.19778265,-0.2063397,-0.22038195,-0.32108352,-0.25646988
-0.10597983,-0.07305738,-0.29645163,0.009939711,-0.07876396,-0.07471065,-0.17983526,-0.09166197,-0.0492277,0.13324513,-0.055528145,0.07504718,-0.1458061,-0.12857038,-0.04046928,-0.152962,-0.026514487,-0.15323481
-0.1451605,-0.07129999,-0.27545318,-0.053930383,-0.08462232,-0.042298816,-0.17448986,-0.08909561,-0.039869245,0.13662525,-0.033515546,0.077377185,-0.13337287,-0.079514205,-0.027876914,-0.14023751,-0.030099776,-0.13259576
-0.045804713,0.14285807,0.028765228,0.24284498,0.24176145,0.08872821,0.06654293,0.06601363,0.2000074,0.21611646,-0.0062639774,0.20324625,-0.09421978,0.09778337,0.2238148,-0.017010095,0.20333177,-0.072776675
-0.07096839,0.11165051,0.03256772,0.24443449,0.20326003,0.08727507,0.049332898,0.053643424,0.18692897,0.20595354,0.00669385,0.20775391,-0.102181226,0.10287527,0.196588,-0.017661422,0.18120539,-0.07868449
-0.19519179,-0.37517267,-0.25130087,-0.16641994,-0.38266852,-0.12039732,-0.23843518,-0.34532437,-0.3131438,-0.12233109,-0.1115304,-0.24307568,-0.22541854,-0.05892731,-0.3698198,-0.23271544,-0.40122542,-0.27004558
-0.20152469,-0.3575922,-0.22966851,-0.15211684,-0.36799234,-0.09663681,-0.22908242,-0.3264599,-0.28768256,-0.116338246,-0.10860756,-0.234075,-0.21108603,-0.04368491,-0.3679466,-0.22463441,-0.39628163,-0.27328992
0.10333142,-0.13629231,-0.20345764,-0.2889683,-0.14180031,0.08103151,-0.07918972,-0.044606015,-0.069573596,0.009755176,-0.01702081,0.023628537,-0.37099034,-0.008830375,0.07599381,0.004897206,0.07888936,-0.19799209
-0.19126149,-0.34678847,-0.389759,-0.35064647,-0.37649426,-0.06816449,-0.2244652,-0.20555098,-0.26366895,-0.124117255,-0.09145606,-0.069533385,-0.413002,-0.18213178,-0.15605141,-0.25094327,-0.09867661,-0.28428456
-0.002263734,0.059772957,0.015902068,0.17313161,0.04096355,0.23426184,0.10894377,0.033765838,-0.04438394,0.0027241856,0.29344678,0.005620017,-0.07441371,0.04024311,-0.079347834,0.14639986,0.11160195,0.2217289
-0.1718985,-0.337633,-0.3198237,-0.18983386,-0.3047558,-0.13628486,-0.19749358,-0.19454825,-0.28138208,-0.011965516,-0.19529022,0.056933973,-0.2926965,-0.33179048,-0.113960855,-0.3536777,-0.08267542,-0.23867983
-0.19784622,-0.3215022,-0.31844422,-0.1891052,-0.29752052,-0.11071697,-0.18226574,-0.17067388,-0.2667221,0.0066075306,-0.18867521,0.07541922,-0.27799773,-0.3222485,-0.087421834,-0.34152487,-0.0569675,-0.228263
-0.2889724,-0.25383148,-0.30665997,-0.11504823,-0.15622109,-0.25672975,-0.19979554,-0.30659285,-0.27625087,-0.02378207,-0.07912175,-0.18766871,-0.30352768,-0.15284549,-0.09047724,-0.21443161,-0.20679753,-0.14486587
-0.29347083,-0.24748246,-0.30106255,-0.10995998,-0.14729112,-0.24769744,-0.19536752,-0.2984382,-0.2779876,-0.019477226,-0.0857382,-0.19283183,-0.29492894,-0.14810292,-0.10138657,-0.2245342,-0.2132533,-0.14394939
0.23493989,0.08979655,0.111314684,-0.15886435,0.10632099,0.087371595,0.027302226,0.01648134,0.06267547,-0.098398395,-0.12014296,-0.026451856,-0.1950134,-0.0015505975,0.14491418,-0.053740952,0.08560358,-0.07960327
0.2997715,0.0830901,0.121983804,-0.14129731,0.09336363,0.09060218,0.02200477,0.020053456,0.08453774,-0.09612478,-0.11558006,-0.028974455,-0.16757125,0.014507981,0.13381948,-0.034494303,0.06341205,-0.09229926
-0.17122509,-0.36877376,-0.3694282,-0.12071799,-0.38794237,-0.092392996,-0.21468323,-0.2922319,-0.27181637,-0.06591216,-0.15454046,-0.1545103,-0.20631967,-0.3088138,-0.21387233,-0.29920283,-0.16741346,-0.24280569
-0.1689617,-0.37494484,-0.42401254,-0.16095199,-0.38562635,-0.14517383,-0.276495,-0.3406502,-0.30267355,-0.09229692,-0.21759129,-0.15204301,-0.34591368,-0.2723152,-0.23748843,-0.37050545,-0.23187254,-0.3438215
-0.14650291,-0.36078298,-0.34309402,-0.06834216,-0.35038742,-0.11361128,-0.19297703,-0.33502805,-0.29293692,-0.106410235,-0.13114916,-0.12307088,-0.3477072,-0.11748215,-0.207646,-0.3252661,-0.21928795,-0.26362932
0.019931661,-0.30110735,-0.35111564,-0.123262055,-0.28051105,-0.036132332,-0.18015872,-0.25598755,-0.23024605,-0.05850774,-0.13486373,-0.101488836,-0.32751623,-0.12154627,-0.20684125,-0.30617857,-0.17433034,-0.28791463
-0.19432276,-0.30203143,-0.2680642,-0.09167259,-0.3436238,-0.19566423,-0.17663617,-0.17465298,-0.28339002,-0.031088553,-0.19432233,-0.08256989,-0.153018,-0.19804376,-0.23239277,-0.30042133,-0.20809247,-0.14801112
-0.19700141,-0.2940241,-0.24984807,-0.092830844,-0.336501,-0.20686257,-0.19191132,-0.20015027,-0.3054939,-0.052323375,-0.21962862,-0.09618119,-0.15601434,-0.24701647,-0.21312723,-0.27557796,-0.1805375,-0.15204827
-0.009626066,-0.031083047,-0.066432916,0.020858146,0.041746072,-0.0137323765,-0.18417817,-0.032055285,3.3055665e-05,0.07120104,0.08195626,0.036652323,-0.21572152,0.102881804,-0.058818653,-0.095435426,-0.14939545,-0.11403473
-0.00470695,0.0010483923,-0.07251178,0.004244699,0.076428436,0.011683093,-0.16964605,-0.0062088296,-0.00894636,0.0830402,0.0704779,0.02421997,-0.21872391,0.12662119,-0.07264483,-0.116613366,-0.15222937,-0.14596686
0.2088789,0.12712932,0.09293851,-0.045538425,0.1540952,0.07358101,0.13417174,0.13390516,0.17202856,0.0358846,0.14923607,-0.045170873,0.16447979,-0.04404447,0.17871903,0.33127493,0.022846172,0.10880323
0.19910733,0.110388055,0.0901147,-0.036464334,0.13417391,0.06535856,0.13471839,0.13423054,0.1635212,0.03636714,0.14309953,-0.05222747,0.16739029,-0.045098443,0.1642552,0.32842988,0.0064185527,0.10597979
0.46559152,0.3168432,0.2628488,0.29061994,0.2832695,0.10611807,0.28487495,0.22377878,0.40348297,0.1436406,0.084541194,0.01643922,0.45022017,0.30950725,0.21558952,0.2952855,0.051666148,0.18335102
0.53418136,0.42000818,0.34114796,0.38406095,0.38734192,0.19564545,0.29282257,0.26179156,0.42727205,0.14993963,0.09769034,0.07174755,0.43638185,0.35015017,0.1869266,0.28605938,0.08031112,0.14986357
0.49898368,0.4249305,0.43648311,0.39002028,0.38018212,0.1893828,0.38222477,0.26024345,0.3969245,0.117929965,0.16485797,0.025234839,0.4969023,0.4419937,0.24907273,0.33683574,0.10006781,0.33711866
0.50651073,0.40668866,0.4326559,0.34949884,0.35830605,0.19055358,0.36927894,0.24548507,0.39024958,0.10319271,0.1727048,0.013173175,0.47739276,0.44814512,0.24471112,0.3323247,0.093787506,0.331498
0.4681189,0.35401523,0.40857202,0.41572756,0.29373917,0.0901295,0.30543926,0.2120888,0.39832,0.07977624,0.1381317,0.02126896,0.49200767,0.3692027,0.21396238,0.31525686,0.051868126,0.2807771
0.49206397,0.3633078,0.420777,0.41839978,0.29337817,0.13384621,0.31657398,0.22583038,0.4073998,0.08421199,0.14002495,0.022844147,0.51059204,0.38090968,0.21262163,0.3288541,0.05695615,0.2762118
0.37258658,0.47236824,0.53810287,0.4955033,0.4237355,0.276344,0.38925472,0.37682742,0.5009906,0.19783947,0.11274305,0.24496478,0.565578,0.37201172,0.31051368,0.34374952,0.21719861,0.34901744
0.34116265,0.47776437,0.5571446,0.509813,0.4234221,0.29074878,0.3812106,0.35673013,0.5145171,0.19077483,0.12290533,0.23383486,0.5651289,0.39791515,0.29649258,0.33598733,0.18990475,0.33605713
-0.1555069,-0.13051234,-0.07066055,-0.1274888,-0.11714589,0.009275685,-0.08361454,-0.18611273,-0.18760395,-0.13588503,0.19444604,-0.18217687,-0.066694915,-0.23352627,-0.27389556,0.14258383,-0.24853842,0.123356834
-0.112918966,-0.1208219,-0.06550068,-0.1271451,-0.10061324,0.019228447,-0.085667096,-0.1764958,-0.18837471,-0.13592353,0.19433925,-0.189727,-0.07525346,-0.23310679,-0.27933386,0.15268597,-0.24741746,0.11470741
0.22914669,-0.10692857,-0.12510115,0.072617285,-0.07169967,-0.20441732,0.028542863,0.0012654363,0.07632537,-0.042350955,0.04377828,-0.071284905,0.17916587,-0.07782369,-0.015760582,0.20939274,-0.080596834,0.036383618
0.15896942,-0.13088562,-0.14564502,0.060138274,-0.09594097,-0.22084843,0.02789101,-0.020138403,0.053945504,-0.062251903,0.05334366,-0.09235322,0.15704721,-0.07590452,-0.025128368,0.20213048,-0.08902631,0.0299814
-0.2675992,-0.32408997,-0.41230416,-0.27822956,-0.2569527,-0.105179034,-0.2292629,-0.2652781,-0.28424302,-0.08201731,-0.1982433,-0.09362587,-0.294926,-0.30717847,-0.15178142,-0.4068541,-0.14261295,-0.29377636
-0.2790381,-0.31169546,-0.3805172,-0.25939012,-0.2532058,-0.11968321,-0.2158148,-0.23989464,-0.25135535,-0.06473315,-0.19410731,-0.09503665,-0.25049287,-0.28900406,-0.1458657,-0.37919098,-0.15413757,-0.28432763
0.15120696,0.031596407,0.1554038,0.11955212,0.051357314,0.29389936,0.1863925,-0.008153467,-0.018512009,-0.027798718,0.31673428,-0.047198668,0.09311417,0.044683576,-0.043938566,0.3099421,0.08794395,0.31543508
0.16239384,0.030503832,0.14339265,0.094894275,0.046778046,0.28737906,0.17817041,-0.006248692,-0.022342488,-0.025402274,0.3118708,-0.037547916,0.082227886,0.033189196,-0.04678178,0.30848426,0.09363735,0.30219427
-0.083481826,-0.41889843,-0.2309194,-0.15194455,-0.3846502,-0.11085413,-0.19792336,-0.26820347,-0.24937068,-0.10135321,-0.2435469,-0.16317266,-0.25547522,-0.16388431,-0.19545904,-0.3114913,-0.28695866,-0.3090381
-0.098838575,-0.4092787,-0.2175426,-0.16037321,-0.38811922,-0.092013516,-0.18015778,-0.24087276,-0.22470576,-0.073302925,-0.23924257,-0.14636128,-0.23809735,-0.14359097,-0.16571712,-0.2969591,-0.26853326,-0.30868143
-0.07984059,-0.34128723,-0.22811091,-0.08801375,-0.31041592,-0.1743712,-0.15368886,-0.2562628,-0.010400722,-0.10639631,-0.020794462,0.08083381,-0.26979122,-0.06504658,-0.038432296,-0.17381118,-0.06526262,-0.2373015
-0.11004465,-0.3459365,-0.22479457,-0.11187482,-0.31828257,-0.17464314,-0.14806603,-0.25223538,0.0036870206,-0.0966811,-0.0097463345,0.081922084,-0.2788691,-0.05927033,-0.026181672,-0.14235194,-0.059885576,-0.23666652
-0.15120694,-0.25398934,-0.19546877,-0.15437107,-0.23871362,-0.10987899,-0.067166,-0.18483129,-0.2072063,-0.027787508,-0.13992232,-0.16097602,-0.064536504,-0.2371827,-0.048368305,-0.17647967,-0.100381985,-0.07992178
-0.15135811,-0.24263161,-0.17262733,-0.1588416,-0.23137264,-0.100059874,-0.055612065,-0.17220646,-0.20175646,-0.023539677,-0.12781242,-0.15563956,-0.045332197,-0.22214602,-0.040173497,-0.15968755,-0.09542705,-0.05929424
0.09762673,-0.14381944,-0.17576542,-0.025621029,-0.08584138,-0.053740136,-0.16590567,-0.13912748,-0.011614154,0.01725456,-0.0983809,-0.010614272,-0.051699884,-0.13339481,-0.07927997,-0.14373079,-0.056936573,-0.22436048
0.0443538,-0.15413871,-0.17054065,-0.030971684,-0.10596696,-0.06303302,-0.16077465,-0.1603672,-0.014060489,0.005262375,-0.10606061,-0.011473771,-0.043863107,-0.13546148,-0.08166752,-0.14639449,-0.06372222,-0.22275685
-0.19373047,-0.261918,-0.15722913,0.0705518,-0.31378555,-0.15666613,-0.15868904,-0.18641059,-0.09642256,0.014899733,0.0243273,0.1444885,-0.14389595,-0.17111301,-0.07834272,-0.07982231,-0.036002766,-0.16680716
-0.23154865,-0.27796075,-0.17372037,0.04058041,-0.32616085,-0.20151848,-0.19974087,-0.2184395,-0.10484384,-0.01891116,-0.04085874,0.11432928,-0.14205548,-0.21757771,-0.115226924,-0.1254476,-0.09031567,-0.20227425
-0.050481334,-0.20995261,-0.11673641,-0.14303914,-0.15510266,-0.15933537,-0.10700405,-0.23172767,-0.17355563,-0.0633866,-0.10220992,-0.12486022,-0.08014535,-0.08382852,-0.09156851,-0.16147085,-0.19173753,-0.15273012
-0.008454705,-0.1918904,-0.104840025,-0.1620711,-0.12977651,-0.14198503,-0.09896261,-0.21113917,-0.15947351,-0.054920424,-0.103434496,-0.12732792,-0.06874298,-0.073917545,-0.08093315,-0.16025941,-0.18585593,-0.14642482
-0.0648297,-0.28196225,-0.057413716,0.0034858482,-0.35280994,-0.07106561,-0.16047068,-0.2883912,-0.18662897,-0.024810659,-0.06362202,-0.06714181,-0.16886975,0.0006457159,-0.21209528,-0.13319828,-0.2493314,-0.17311138
-0.09167613,-0.2729739,-0.064433254,-0.015893223,-0.36142805,-0.057521302,-0.15477604,-0.26509845,-0.15278415,-0.0018407365,-0.05140085,-0.029867845,-0.14063305,-0.00767452,-0.18555738,-0.112946376,-0.23501289,-0.17478654
0.07233611,-0.1845214,0.15463796,0.502396,-0.22879066,-0.0028031787,0.09688253,-0.050262816,0.09669143,0.07907619,0.076507874,0.17605564,-0.060810857,0.15376475,0.10868238,0.0227278,0.11025521,-0.01105511
0.07104398,-0.1655172,0.15732613,0.53124666,-0.22640267,-0.016068246,0.09453985,-0.049411498,0.10682862,0.08209233,0.05633625,0.16149531,-0.056961287,0.16539845,0.08880366,-0.0030320135,0.07586011,-0.032336764
-0.24353574,-0.1988246,-0.12652536,-0.20872411,-0.13979416,-0.11745172,-0.12587379,-0.30367154,-0.1805703,-0.1884101,0.15832178,-0.23100623,-0.25648984,-0.12708662,-0.19535697,0.03708019,-0.21133244,0.0513043
-0.24790613,-0.21667139,-0.13782564,-0.2168156,-0.15911211,-0.12967725,-0.13180643,-0.31091,-0.19883645,-0.19706292,0.15268429,-0.24504147,-0.25683782,-0.13828385,-0.21361727,0.026926726,-0.2283135,0.046992913
0.15166631,-0.0056720073,0.121203765,0.42531008,-0.005674963,0.012389805,0.25452772,0.18131667,0.20048267,0.12737547,0.035510372,0.11060043,0.13521071,0.11771083,0.20684284,0.3192157,0.15351027,0.04306864
0.13212824,-0.04737215,0.074105926,0.3895003,-0.04061031,0.017647004,0.24453273,0.12955648,0.15666635,0.111336224,0.087964214,0.06558446,0.077853076,0.10719535,0.18698326,0.35288247,0.12928393,0.03962498
-0.18454157,-0.34507474,-0.25258395,-0.24987705,-0.34412858,-0.24519548,-0.18252413,-0.2660773,-0.30596754,-0.09715152,-0.24879791,-0.16003154,-0.27711466,-0.25073045,-0.09811636,-0.31226352,-0.18810152,-0.20765293
-0.18248042,-0.32014716,-0.23513025,-0.23691966,-0.31923994,-0.22283298,-0.16920987,-0.2493461,-0.28352118,-0.089776725,-0.23871377,-0.13446677,-0.25923607,-0.23643614,-0.07033307,-0.2996563,-0.14918528,-0.1831795
-0.17183726,-0.22986823,-0.12540647,-0.24543294,-0.19636884,-0.04551779,-0.07332123,-0.14430204,-0.122739114,0.020216381,0.09764982,0.020940641,-0.21052273,0.042104453,0.122909196,-0.039418057,0.0050673387,-0.06027692
-0.23360255,-0.3017042,-0.19518416,-0.24570155,-0.26125073,-0.10516678,-0.1741375,-0.24389307,-0.21057671,-0.044051792,-0.0012955794,-0.02827011,-0.25557,-0.07577438,0.014127471,-0.13476367,-0.09849466,-0.172181
-0.1561803,-0.23772216,-0.14465475,-0.2720563,-0.17320402,-0.094716504,-0.09057673,-0.19768837,-0.21766514,0.0078299865,-0.094211854,-0.16773744,-0.17866018,0.023473196,-0.013998544,-0.17778443,-0.19141527,-0.024245089
-0.16230299,-0.2567067,-0.1456195,-0.27834466,-0.19409922,-0.08893494,-0.10609158,-0.2030825,-0.23527382,0.003633154,-0.09390909,-0.17980799,-0.19511731,0.022115078,-0.05421095,-0.19255836,-0.22489789,-0.047861718
0.14210394,0.10889993,0.12751928,0.3592259,0.092636995,0.22778016,0.2908824,0.13921078,0.10233103,0.051082835,0.3244908,-0.015502142,0.4734976,0.072679706,0.1145587,0.27595407,0.10362194,0.38001636
0.16296892,0.10674931,0.14173263,0.38525996,0.091546535,0.24820234,0.28786397,0.14258666,0.12587333,0.061690856,0.3562751,0.00912993,0.49596494,0.0853376,0.11809748,0.31236887,0.11604143,0.3923502
0.17441188,0.097325504,0.2142719,0.35067463,0.09532216,0.23840944,0.31366223,0.17093559,0.106186405,0.053697206,0.3558646,-0.0060700304,0.51813287,0.10442252,0.1145156,0.3312851,0.110507354,0.4543774
0.12990436,0.10840605,0.26394522,0.38295528,0.08927756,0.255988,0.3173577,0.15490477,0.117317505,0.057022285,0.36812612,0.021013673,0.508219,0.13350639,0.1286295,0.35388404,0.10880983,0.45541322
0.16221055,0.034372408,0.05790508,0.27745542,0.021320194,0.16053618,0.22338827,0.1278563,0.05294345,0.0049059275,0.24602899,-0.02761737,0.3942736,0.006711101,0.08976373,0.21319383,0.09275399,0.32261887
0.106441274,0.04063944,0.09537408,0.32189748,0.028184094,0.17833973,0.24964416,0.11011026,0.056060087,0.0047509293,0.2726937,-0.023965416,0.4139948,0.032954413,0.10091096,0.2546609,0.09482998,0.36108455
-0.06552436,-0.020284718,-0.21455552,-0.24801077,0.0094222175,0.054836538,-0.1793635,0.030062728,-0.08297157,0.0076944707,0.20623907,0.09788698,-0.3104801,-0.07429672,0.017965417,-0.15133598,0.08456535,-0.018202925
-0.09360125,-0.028296301,-0.21261376,-0.20411047,-0.0100893285,0.04768047,-0.19015133,0.00943276,-0.06181752,-0.013249674,0.20483518,0.067928925,-0.28671044,-0.06295217,0.011713546,-0.14200066,0.047321483,-0.03180834
0.39347327,0.20916305,0.26307413,0.3682407,0.14558685,0.25044474,0.21943834,0.3136857,0.31190223,0.12187051,0.021341931,0.16745883,0.4132573,0.153268,0.17119521,0.06303004,0.11237351,0.07774513
0.40108865,0.20297389,0.25996044,0.38561666,0.13993251,0.26609385,0.24480984,0.32862192,0.34048772,0.14217241,0.06532001,0.18448892,0.43944752,0.1906528,0.1895429,0.08609159,0.12989835,0.10834523
-0.06972362,-0.20764343,-0.2767289,-0.07833696,-0.15576513,0.0027149813,-0.046283606,-0.040096104,-0.095346615,0.058908843,0.0661196,0.07572526,-0.18289141,-0.2712642,0.14832576,0.15114984,0.15314966,-0.09031827
-0.15139551,-0.2291408,-0.28900847,-0.098836765,-0.18703613,0.0049243397,-0.07836705,-0.10022115,-0.1683041,0.02847348,0.074426375,0.030634344,-0.21278019,-0.31077707,0.039297912,0.114160866,0.059986733,-0.13740374
0.23780623,0.12656593,-0.1326218,0.023494864,0.07989653,0.16205426,-0.11006034,0.12355258,0.24361877,0.10975371,0.11442798,0.24838662,-0.0690895,0.007932974,0.061962087,0.024199672,0.19645846,-0.15303211
0.21885896,0.09264237,-0.14776139,0.016370231,0.0535065,0.12271877,-0.1380002,0.09554238,0.21174006,0.09313756,0.08737565,0.23875222,-0.1278354,0.0056812484,0.061961807,-0.020482518,0.18627352,-0.16437931
-0.085501134,-0.17805368,-0.18254434,-0.0026315688,-0.14719589,0.031843986,-0.052316785,-0.18594824,-0.16876328,-0.16288973,0.17681216,-0.11709467,-0.14765422,-0.21116681,-0.25632134,0.08557485,-0.06477118,0.056739282
-0.06833178,-0.13398027,-0.16521996,0.01638474,-0.10356644,0.02118805,-0.042734277,-0.16029331,-0.16167167,-0.14586307,0.16395935,-0.10845583,-0.14831647,-0.20698002,-0.25087395,0.08007868,-0.05334723,0.06336019
-0.3046845,-0.43548435,-0.34820893,-0.29792893,-0.43050483,-0.34172568,-0.36865363,-0.45762157,-0.40336618,-0.3059717,0.04869792,-0.34527946,-0.27991602,-0.3796893,-0.416993,-0.21817632,-0.4292906,-0.037604842
-0.33471352,-0.42938337,-0.33265895,-0.28078845,-0.4285755,-0.34037364,-0.34596533,-0.44935587,-0.38694093,-0.30148765,0.054313436,-0.33326072,-0.25834966,-0.36535516,-0.409677,-0.19927256,-0.4245694,-0.025771603
-0.14924549,-0.19042724,-0.16486578,-0.07997771,-0.16869538,-0.1182802,-0.1931496,-0.22698751,-0.14415802,0.014660953,-0.037195943,-0.10299685,-0.21902762,0.070230655,-0.24768268,-0.20815566,-0.30306625,-0.28159344
-0.15712366,-0.20599516,-0.2041466,-0.107115015,-0.18642744,-0.10078877,-0.18576181,-0.25262868,-0.1608873,-0.00035053882,-0.050295554,-0.1498438,-0.22304562,0.042592958,-0.22845197,-0.21055956,-0.30351883,-0.29180917
-0.22548176,-0.2090321,-0.29085788,-0.16523403,-0.20978329,-0.053057175,-0.17487958,-0.18655677,-0.23845886,-0.1433824,0.10330077,-0.13972625,-0.17199163,-0.2750915,-0.3286173,-0.08653619,-0.21827397,-0.063219406
-0.2153261,-0.20647727,-0.2983429,-0.17344125,-0.20515096,-0.06650608,-0.18300083,-0.1833336,-0.23594007,-0.14103252,0.09987181,-0.12907043,-0.17462654,-0.277702,-0.30579466,-0.08900937,-0.20042305,-0.076396674
0.2072081,0.18944266,0.21082728,0.051837914,0.19492365,0.19520216,0.10399288,0.22610478,0.19645502,0.14677283,-0.082606636,0.15298997,-0.08781131,0.12867819,0.07725136,-0.07228274,0.08554618,-0.17391092
0.24465661,0.23133862,0.25198764,0.07393831,0.22480924,0.24132255,0.1680214,0.26887006,0.2355483,0.17476684,-0.03602632,0.18700442,-0.044295102,0.15725146,0.13026433,0.013415772,0.13552947,-0.13666117
0.32447815,0.29036877,0.3360973,0.27475715,0.3247074,0.23310694,0.23035814,0.377066,0.3585839,0.26268628,0.13752712,0.3096872,0.09431396,0.2957253,0.16705607,0.12793066,0.20399888,-0.025099749
0.31449714,0.292202,0.35216323,0.284175,0.3164581,0.2394046,0.2349375,0.35847163,0.34998298,0.24112736,0.17273262,0.31850922,0.08568911,0.2856993,0.16926819,0.17812507,0.20850602,-0.007413666
0.22065978,0.242444,0.4086493,0.22457495,0.24392389,0.20424567,0.31339738,0.2515712,0.28065476,0.043125764,0.032365274,0.07936745,0.28839898,0.25810328,0.20129013,0.11663001,0.08560353,0.160528
0.24663855,0.25381458,0.4458235,0.24173358,0.25415504,0.20140722,0.31618315,0.26116315,0.30521306,0.05726606,0.04917486,0.10735915,0.2906236,0.2993686,0.21417852,0.12057716,0.08881295,0.17936945
0.3078747,0.21845362,0.3209556,0.2430266,0.33077967,0.20889904,0.31349522,0.1883451,0.21736704,0.022022247,0.2769238,0.04782659,0.15783288,0.13735877,0.22299632,0.370022,0.2302667,0.34149382
0.28981358,0.20725925,0.30959618,0.26900902,0.32032147,0.20909551,0.3125563,0.18127136,0.2038916,0.015445137,0.28060278,0.030283265,0.15520857,0.13523667,0.21755232,0.37984604,0.21972348,0.33418593
0.2777978,0.2560566,0.2481327,0.108159825,0.36092192,0.17353612,0.20752518,0.2057694,0.16743346,0.08481134,0.2561042,0.13759601,-0.031255394,0.17560697,0.14311594,0.16444173,0.22151881,0.29594922
0.2679297,0.25449887,0.2562282,0.1224067,0.35579413,0.18466263,0.19904386,0.2001522,0.16563001,0.08350799,0.2608614,0.14834768,-0.03508274,0.17825171,0.124141835,0.16052698,0.21046889,0.28713143
0.36234918,0.3228481,0.40468732,0.36054665,0.35801035,0.17341784,0.327918,0.28460148,0.3868389,0.06271236,0.06805054,0.10207312,0.41540277,0.17800404,0.22195417,0.33809602,0.14931555,0.19560614
0.36268973,0.29310018,0.4368903,0.42326024,0.34438625,0.18599576,0.37024644,0.3002025,0.38275176,0.08236503,0.15049213,0.1323176,0.47540295,0.1794185,0.24060266,0.38986847,0.17671607,0.27571034
0.33137745,0.2413333,0.28344524,0.15444358,0.30676383,0.23657306,0.2994306,0.2767283,0.21696591,0.12352889,0.106080845,0.08248646,0.020518675,0.17505623,0.31082204,0.32500687,0.2830232,0.15357529
0.31287965,0.23170169,0.28741863,0.14925358,0.29849863,0.24661443,0.30780676,0.26381984,0.20611614,0.11166872,0.14097849,0.06877238,0.025763294,0.1716791,0.30649307,0.35074046,0.27982417,0.18238129
0.47197685,0.2317824,0.38368845,0.4148222,0.2840889,0.16762318,0.38863263,0.18653578,0.18477447,0.013481973,0.23199514,-0.046822026,0.44369906,0.15328869,0.18943954,0.42325485,0.13191809,0.41357684
0.45947722,0.23923968,0.40298218,0.39785963,0.2924923,0.18122566,0.4002685,0.18518294,0.18553331,-0.005460316,0.24019551,-0.06886975,0.45770666,0.16197556,0.18776393,0.4240183,0.12828861,0.43935913
-0.06537837,-0.23372057,-0.26064885,-0.13657314,-0.28248987,-0.15064906,-0.2277775,-0.04220229,-0.15868457,0.0868103,-0.09949406,0.12743406,-0.24381697,-0.19567955,-0.041702464,-0.26775208,-0.029704321,-0.23198685
-0.06011208,-0.20712519,-0.22854947,-0.11493853,-0.26247123,-0.1218757,-0.18408872,0.0091116335,-0.10343699,0.12837058,-0.06471476,0.17774037,-0.19694853,-0.15405479,0.019963825,-0.21950072,0.022273123,-0.18944512
-0.069148734,-0.30931157,-0.24920262,-0.056282565,-0.37877768,-0.081561066,-0.1534932,-0.14845665,-0.10709165,0.08370492,-0.0035065787,0.21086374,-0.23979296,-0.120665364,-0.15986687,-0.24207182,-0.07605264,-0.2638493
0.034387738,-0.30807954,-0.23311263,-0.046751734,-0.37603924,-0.059552643,-0.1582639,-0.1535111,-0.10500269,0.08139001,0.031042136,0.20669621,-0.22232346,-0.11923742,-0.17168893,-0.1917766,-0.08233495,-0.28045708
-0.187315,-0.24750975,-0.22864465,-0.280749,-0.22494814,-0.1303253,-0.17304447,-0.17563292,-0.15937266,-0.06490487,0.15781626,-0.093350746,-0.25626552,-0.103887424,-0.13346106,0.024276482,-0.20519249,-0.052833088
-0.18799154,-0.24709255,-0.23243079,-0.28911978,-0.22538598,-0.12198441,-0.18298571,-0.16999234,-0.1658026,-0.07009193,0.16960159,-0.09410545,-0.27072656,-0.09960034,-0.14622726,0.019283976,-0.20838109,-0.054912537
-0.042054787,0.17809844,-0.009368413,0.07125996,0.28559053,0.092816204,-0.019183664,0.00023496151,0.030431245,0.1810251,0.019699391,0.08759389,-0.09982996,0.101965055,0.0514548,-0.050049093,0.021608552,-0.032950856
-0.016882293,0.12871538,-0.031054366,0.038302995,0.2435604,0.07070235,-0.067626216,-0.032566912,0.012244527,0.16132678,0.009731853,0.08255058,-0.13679121,0.08501198,-0.002572394,-0.082152,-0.020684306,-0.077448376
0.32996967,0.2845213,0.31638718,0.058326215,0.3027532,0.27363324,0.25120723,0.10315296,0.0037654613,-0.044567663,0.2881171,-0.06574732,0.10495232,0.13870241,0.17774813,0.35482362,0.16731681,0.35543564
0.33867165,0.28983724,0.34786242,0.06352232,0.30506825,0.27193332,0.2569859,0.10363473,0.018098734,-0.045027927,0.28962356,-0.06549241,0.09694238,0.17320055,0.18820871,0.36476856,0.1649033,0.36440632
0.21827549,-0.14891993,0.063598976,-0.058183774,-0.09777765,-0.08875775,-0.12442935,-0.10871164,-0.08841097,0.008265928,-0.15880516,-0.0042362036,-0.17272557,-0.14198326,-0.07872935,-0.18217841,-0.06773835,-0.12970789
0.22830066,-0.104223855,0.095288076,-0.032509886,-0.050719783,-0.072365716,-0.11553635,-0.07253078,-0.04839616,0.029616212,-0.1427266,0.032614,-0.15412371,-0.11605323,-0.06747327,-0.16844307,-0.051554203,-0.12684022
0.20910807,-0.048983023,0.16194485,0.04174821,0.0016293433,-0.047297563,-0.08626587,7.809221e-05,-0.033520736,0.08797733,-0.059585534,0.16198345,-0.13006128,-0.09747578,-0.03938669,-0.099325985,0.014387778,-0.079133876
0.19965109,-0.042847905,0.14708133,0.033996582,0.014346973,-0.0652165,-0.09783988,-0.012028091,-0.033256087,0.07564763,-0.07692305,0.14223641,-0.13163896,-0.10387859,-0.043733485,-0.11395615,0.0030067044,-0.07951677
-0.27524,-0.2983763,-0.3299908,-0.2943602,-0.23778434,-0.15078306,-0.1834479,-0.2048066,-0.28819776,-0.010057372,-0.12930898,-0.13941304,-0.28174493,-0.20983973,-0.007076654,-0.21749416,-0.124190904,-0.18408501
-0.27851355,-0.33750787,-0.37674245,-0.32882717,-0.26576275,-0.21051738,-0.25727192,-0.24202034,-0.35004896,-0.04678526,-0.14673617,-0.19076937,-0.33076742,-0.25579625,-0.10206458,-0.2802714,-0.21962677,-0.22791578
0.042748444,0.2895168,0.12058061,-0.038681667,0.22229697,0.24842255,0.026537718,0.17957087,0.104117595,0.025916379,-0.03880727,0.16870563,-0.11875367,0.009710625,0.16074447,-0.040684506,0.17416537,-0.08006762
0.028511235,0.30437174,0.14710766,0.028483119,0.22523138,0.26395518,0.038697533,0.1894251,0.15060225,0.038669847,-0.0250209,0.1992156,-0.09257424,0.031031448,0.17265429,-0.01740818,0.18716434,-0.08968027
-0.11264099,-0.36018512,-0.2617672,0.023455352,-0.35282597,-0.122900195,-0.14404638,-0.19395116,-0.2277238,-0.18126447,0.022772947,-0.1401601,0.038035236,-0.41841152,-0.30297643,0.09012202,-0.23053432,-0.11474191
-0.089436986,-0.34259602,-0.2655847,0.05512738,-0.3276781,-0.11723746,-0.12500492,-0.18294753,-0.21809918,-0.17036717,0.030236958,-0.13248836,0.0492677,-0.41932523,-0.28400835,0.10438864,-0.20743759,-0.10432212
-0.19264288,-0.28186363,-0.23341045,-0.08194749,-0.20334888,-0.15555075,-0.12863095,-0.27677593,-0.15723085,-0.050322663,-0.08339864,-0.05506283,-0.20437066,-0.19882187,0.034249775,-0.14017056,-0.059877448,-0.16053672
-0.19727686,-0.2756428,-0.22258009,-0.06237742,-0.19921264,-0.14062203,-0.13562076,-0.26467136,-0.14170164,-0.053626306,-0.09655465,-0.05398537,-0.20747672,-0.20838588,0.008826315,-0.15158105,-0.07001058,-0.1885787
0.05882336,0.41115642,0.24328889,0.1554643,0.40340942,0.3675723,0.20697275,0.31252682,0.17687279,0.31021553,0.034568135,0.2946372,-0.024026338,0.19757113,0.3659861,0.04180826,0.3303315,0.06455102
0.07263717,0.41451588,0.23522107,0.13876028,0.40488827,0.39156294,0.19928351,0.31396616,0.18305609,0.31459272,0.064740546,0.3031684,-0.018482557,0.19844438,0.35958287,0.05865886,0.3251405,0.06304982
0.10382393,0.40182078,0.19773607,0.1403293,0.407068,0.34087542,0.14999042,0.28603983,0.14428426,0.2921111,0.008390142,0.3021318,-0.02781812,0.09461805,0.31574723,0.04751425,0.30869657,0.03827921
0.09885411,0.4027758,0.22145043,0.10940259,0.40565702,0.37405092,0.14807498,0.25736025,0.13365878,0.28066203,0.046716493,0.28155053,-0.04118836,0.14988762,0.3156665,0.05391534,0.29274625,0.056246582
0.1489834,0.16482918,0.15805365,0.45523897,0.167979,0.015404676,0.31946278,0.20547527,0.0965476,0.0840848,0.0080383485,-0.03610837,0.36541376,-0.0143164145,0.17196526,0.28297362,0.13509418,0.24088402
0.06311274,0.11413064,0.11975086,0.45120004,0.112536505,0.026176414,0.29262993,0.14491582,0.044968043,0.049628988,0.02771943,-0.081452236,0.3536227,-0.02398068,0.10948778,0.25748718,0.08525519,0.23819216
0.16475463,0.22435299,0.1923879,0.5005558,0.24394795,0.020419942,0.3388516,0.24014822,0.14969166,0.1026726,0.030444374,0.0056833606,0.4248684,0.018271068,0.19507271,0.3074052,0.1825995,0.266653
0.14587627,0.19979727,0.19375822,0.5255821,0.22431685,0.009591939,0.3451262,0.20634943,0.13455898,0.090911716,0.06682533,-0.02165832,0.42138472,0.036916535,0.18470804,0.3313248,0.15992576,0.284804
0.21171375,0.24772286,0.16694397,0.4601568,0.2923796,0.04341796,0.36371738,0.27847493,0.19624491,0.12437189,0.06949721,0.003031929,0.46928492,0.03324084,0.25839153,0.35830116,0.2257742,0.3153344
0.22314627,0.22861503,0.150639,0.45086417,0.26975602,0.05357394,0.36035416,0.25814635,0.18127093,0.11961836,0.072128385,-0.034957193,0.46372065,0.063908994,0.22996722,0.34658962,0.20237145,0.31340766
0.02074328,0.048303794,-0.096196875,-4.8560207e-05,0.14091662,0.06363988,-0.053210493,0.027507298,0.09385388,0.18469155,-0.0561603,0.16606788,-0.15874815,-0.044686593,0.07414966,-0.06702247,0.114778034,-0.1740706
-0.11882277,-0.06411756,-0.17234991,-0.027082985,-0.005822523,0.0071831495,-0.13149057,-0.03591679,0.03204746,0.13202354,-0.10567005,0.14173098,-0.18529345,-0.12288668,-0.025355758,-0.13382629,0.027528789,-0.2405891
0.093522064,0.035172828,-0.05074759,0.027739853,0.1104198,0.11281928,-0.04026928,-0.051104583,-0.03280705,-0.019393923,0.23747829,0.012149437,-0.17116444,-0.18066779,-0.141885,0.019295411,0.013596099,0.059366584
0.122471295,0.042122282,-0.01920669,0.06308841,0.10437813,0.13571869,-0.03220088,-0.044587057,-0.01502577,-0.010287644,0.24435557,0.033950947,-0.15665717,-0.16048776,-0.13381444,0.036785282,0.0175831,0.06797568
-0.12963833,-0.13084838,-0.09933306,-0.08115416,-0.075479046,-0.04102097,0.022083621,-0.016825631,0.0049545625,0.176315,-0.015475618,-0.032446656,-0.099151485,0.2251668,0.10650732,-0.07708801,-0.07316415,-0.013563272
-0.11246341,-0.12962414,-0.08731951,-0.050091535,-0.07584372,-0.028889168,0.028643418,-0.009016818,0.0037723444,0.18450071,-0.025669023,-0.023981513,-0.08488211,0.2133396,0.08388309,-0.07080838,-0.0835808,-0.027909532
-0.0918468,-0.005479882,-0.036990665,-0.026072523,0.07017284,0.12119986,0.0011903334,-0.12426236,-0.049601045,-0.05070781,0.2968213,-0.027668882,-0.20806439,0.029781366,-0.086122185,0.020688081,-0.033032246,0.18291758
-0.07725564,0.019878933,-0.07520527,-0.06134535,0.11824227,0.121378034,0.0208517,-0.10427726,-0.044024322,-0.038134985,0.31537345,-0.050468247,-0.1933438,0.040267844,-0.06875044,0.032470375,-0.0070510656,0.20513162
-0.12765574,-0.30688965,-0.19738063,-0.10225755,-0.2870355,-0.21608618,-0.14206141,-0.30605412,-0.32872716,-0.11719777,-0.14105271,-0.15811655,-0.13030113,-0.2676474,-0.15890096,-0.18615681,-0.1729204,-0.09659254
-0.13820489,-0.29988605,-0.1870499,-0.10257931,-0.285793,-0.21350041,-0.14224604,-0.29712614,-0.31724757,-0.115939595,-0.1612439,-0.15228665,-0.1187665,-0.2746381,-0.1564638,-0.18989323,-0.17172202,-0.09394299
-0.078877166,-0.06387077,-0.14335556,0.035135835,-0.05195413,0.11716457,-0.061047304,0.07383046,0.039956756,0.18273544,0.012771038,0.2451915,-0.19716108,-0.11240517,-0.08005734,-0.16665189,0.059475005,-0.35732624
-0.12076868,-0.09258991,-0.14137931,0.051840104,-0.052687705,0.016315756,-0.102370754,-0.009715166,-0.0035531875,0.13900962,-0.06728769,0.1269645,-0.19701162,-0.12093184,-0.102346644,-0.22170484,-0.0357442,-0.34287667
0.13925192,0.12594415,0.18738042,0.18631,0.08967977,0.1758401,0.27537626,0.12779242,0.11013313,-0.026602536,-0.026480205,-0.00853036,0.31149969,0.021271763,0.12352722,0.112094805,0.06355394,0.104111545
0.09624574,0.13295007,0.21087013,0.20790634,0.10364638,0.17249808,0.2792855,0.11219146,0.12533739,-0.033795007,-0.0040052515,-0.017347192,0.33097342,0.032532305,0.124899596,0.13087565,0.04601631,0.12215273
0.20598033,0.1596435,0.026997233,-0.023011783,0.13241112,0.2509487,0.20070043,0.14743751,0.04311142,0.072832294,0.005617969,0.13274355,-0.118701704,0.0125038475,0.20790944,0.056932274,0.27855802,-0.023497634
0.19769089,0.17088774,0.048139974,-0.047976747,0.15060063,0.24258922,0.21425097,0.16123757,0.05447384,0.07085257,0.008160187,0.12393509,-0.09212316,0.020099012,0.21822613,0.06400718,0.27929074,0.01857356
0.12759043,0.18987761,0.08239886,0.06993161,0.17760317,0.24966969,0.19314538,0.16205786,0.10998866,0.045501046,-0.10749487,0.13364689,0.027161593,-0.02763589,0.19564088,-0.017209688,0.22650823,-0.055589236
0.17639662,0.20208003,0.11784412,0.093092,0.19683999,0.23559715,0.2135297,0.17606036,0.13591096,0.044976916,-0.10493411,0.10018959,0.07512273,-0.006078869,0.20084392,0.043408144,0.21123643,-0.030631173
0.035799652,0.12573786,0.12132756,0.21613783,0.05628943,0.10874519,0.24110086,0.052055966,0.005248896,-0.096881025,-0.09458464,-0.13649306,0.28166705,-0.028076084,-0.017305708,0.11033705,-0.04133071,0.023382952
-0.0042169075,0.12471457,0.10974966,0.24197423,0.048273187,0.11292241,0.24110529,0.041720457,-0.0072525674,-0.09124292,-0.09541217,-0.13310497,0.26590165,-0.022026906,-0.012146946,0.10400259,-0.036917254,0.013983482
0.035617266,0.1055112,0.025129482,0.21728095,0.1002268,0.2264412,-0.016341465,-0.015826,0.069511026,0.13940802,0.060469788,0.15292513,-0.1924265,0.097993284,-0.05054019,-0.070425294,0.01816649,-0.26567137
-0.0708279,0.080209374,-0.043108456,0.1407375,0.051748797,0.22886658,-0.031011784,-0.025531985,0.024512138,0.14140761,0.03651935,0.13164899,-0.18844843,0.038863357,-0.07459016,-0.10805239,-0.011903793,-0.2846874
0.22182046,0.247232,0.025128761,0.27097666,0.31474528,0.19465978,0.036810666,0.27006027,0.25372398,0.2756987,0.009725786,0.29721257,0.042824756,0.04037244,0.15042841,0.007275743,0.19024004,-0.061209176
0.21714567,0.2463334,0.025362404,0.2695922,0.2949853,0.24861947,0.061509877,0.31087944,0.2662112,0.30529633,0.019546926,0.31300282,0.04498729,0.090717226,0.15850703,0.012744788,0.19780628,-0.0871113
-0.08907252,-0.21567793,-0.24860308,-0.03056497,-0.17112376,-0.11419821,-0.14154449,-0.21369942,-0.18133135,-0.068160124,-0.13675189,-0.07399309,-0.05621994,-0.21540521,-0.17177796,-0.21742304,-0.12860145,-0.12332499
-0.11145261,-0.27505803,-0.30483872,-0.05203652,-0.24070758,-0.14592135,-0.19690269,-0.2305523,-0.2142668,-0.07348972,-0.14082663,-0.042047985,-0.115712635,-0.2677131,-0.20121928,-0.2560583,-0.1369101,-0.18158671
-0.07725239,-0.21963902,-0.1919068,-0.0038912809,-0.17103699,-0.052192558,-0.11606552,-0.22847667,-0.22390501,-0.03016873,-0.08492873,-0.080744565,-0.0749397,-0.25163075,-0.112614475,-0.14741139,-0.096365675,-0.10225131
-0.07941302,-0.19611216,-0.16112548,-0.0041004433,-0.16197672,-0.02365495,-0.06105202,-0.18949884,-0.19376446,0.007578319,-0.065979056,-0.07673504,-0.01995109,-0.21969646,-0.0620199,-0.094695665,-0.059975386,-0.043926064
0.117180236,0.13884671,-0.13002352,0.004643493,0.088270694,0.10961724,0.08545049,0.21788283,0.049904376,0.05380956,0.05278305,0.092083916,0.038198978,-0.10129623,0.073104836,0.1842779,0.20825195,-0.06235337
0.102523014,0.12519245,-0.12504125,-0.02967125,0.07955499,0.09168032,0.056830034,0.1911776,0.04069394,0.06128478,0.07226916,0.1068085,-0.00752004,-0.090507746,0.06349466,0.17137867,0.20697242,-0.069049224
0.0021390559,-0.1737609,-0.1886015,-0.11376869,-0.15714279,-0.058031972,-0.19117233,-0.16137213,-0.020175796,0.034101747,-0.08156646,-0.021434927,-0.21975951,0.1082401,-0.110189974,-0.23265605,-0.16099668,-0.30047444
0.004285834,-0.16284974,-0.15464647,-0.11094481,-0.14728989,-0.048679546,-0.19316274,-0.13947459,-0.019778617,0.038470045,-0.048137806,-0.013480766,-0.20220271,0.13195208,-0.119184196,-0.219171,-0.16544583,-0.2659767
0.333074,0.3712775,0.38225794,0.23930229,0.39886475,0.34980324,0.46315858,0.35495344,0.32559615,0.16017848,0.20824562,0.050084557,0.5251005,0.31107208,0.3851794,0.3885107,0.214977,0.3776807
0.32079554,0.3899963,0.3895336,0.22261557,0.41702715,0.370207,0.4832797,0.38133124,0.34710428,0.16369669,0.19875857,0.041574743,0.5304996,0.34457418,0.40805605,0.37530437,0.23092182,0.39231992
0.13337749,0.08384326,0.021103773,-0.03794916,0.09684853,0.16917707,0.094641335,0.00023805164,-0.08716829,-0.12505396,0.12227797,-0.082099855,-0.013824707,-0.1013231,0.06567012,0.122543156,0.06369306,0.14885467
0.12914471,0.06736827,-0.0044062324,-0.063287765,0.07653761,0.1638427,0.080957755,-0.021378065,-0.110733576,-0.11928074,0.14102633,-0.09801621,-0.05012734,-0.111921914,0.03795774,0.12812091,0.037532907,0.13499135
-0.20830618,-0.25381112,-0.23370214,0.06356141,-0.3360808,-0.17809752,-0.25634277,-0.24020325,-0.18658547,-0.047224462,-0.18029612,-0.008589271,-0.17370942,-0.1400883,-0.2493851,-0.2711349,-0.22614335,-0.24054337
0.16817847,0.22855692,0.008709244,-0.049989514,0.33811572,0.18062703,-0.0100370515,0.13717604,0.022632377,0.15363458,0.028393188,0.117589995,-0.081318304,-0.017925773,0.04351351,-0.15784192,0.09716401,-0.035107933
0.18114446,0.25624582,0.024892066,-0.020037448,0.36443064,0.2261851,0.018485112,0.17051706,0.06411176,0.17874156,0.047010414,0.15696701,-0.041433368,0.004243289,0.06704495,-0.11929135,0.12678435,-0.029002855
0.04674288,0.12799631,-0.023702413,-0.16142501,0.27988473,0.09349824,-0.040266413,-0.056172103,-0.056147262,-0.070110135,0.26910004,-0.11212194,-0.21004018,-0.023348825,-0.041355297,0.07628442,0.008842021,0.22068468
0.09754403,0.13184667,0.007472869,-0.16243088,0.2896184,0.10137449,-0.034889434,-0.041756254,-0.0504985,-0.070637375,0.26654118,-0.11337141,-0.19430815,-0.01906363,-0.044712503,0.08124074,0.006554682,0.22754493
-0.22761664,-0.3667939,-0.24272914,-0.13754466,-0.45956266,-0.2436037,-0.27249795,-0.24019513,-0.23602149,-0.012812141,-0.12773505,0.019167742,-0.18669818,-0.23905641,-0.17179422,-0.23422094,-0.20188214,-0.21452296
-0.22937582,-0.35167107,-0.2428028,-0.14016475,-0.44327414,-0.22604698,-0.28203118,-0.22764015,-0.2297803,-0.009126125,-0.14685255,0.005714078,-0.17724746,-0.23172219,-0.1845702,-0.25982243,-0.22334255,-0.22006929
-0.16893205,-0.21892498,-0.16455068,-0.05211279,-0.24850135,0.014317899,-0.13710481,-0.14504121,-0.19441928,-0.07274279,0.1261921,-0.027243152,-0.16607732,-0.29145876,-0.36802748,0.0146732,-0.17641169,-0.13148674
-0.1029263,-0.050428793,-0.09651317,-0.043395862,0.006698153,0.061320793,-0.020572351,-0.11642196,-0.06153281,-0.067024454,0.28356847,-0.04354011,-0.18040141,-0.06335074,-0.10779336,-0.005068576,-0.017840203,0.09750914
-0.119557366,-0.027883545,-0.08236436,-0.018771337,0.021278884,0.071769275,-0.008960623,-0.12023454,-0.06260553,-0.07036763,0.27949637,-0.06416114,-0.16470632,-0.0655399,-0.11568694,0.01638513,-0.032429464,0.09283041
-0.030479945,0.020583095,-0.16644171,-0.08193541,0.13761823,0.041239522,-0.04899296,-0.085914165,-0.0751745,-0.033484694,0.25634313,-0.037630673,-0.23083766,-0.1270271,-0.06394511,0.027820658,0.052129474,0.13510749
-0.0720022,-0.0124919955,-0.18841483,-0.1010421,0.09041335,0.034366574,-0.0753712,-0.10051679,-0.081280366,-0.044688452,0.24976669,-0.036078088,-0.24462171,-0.1376888,-0.09274024,0.0014946595,0.027241275,0.11218343
0.08276819,-0.1781417,-0.1592274,0.10127551,-0.16626975,-0.12966052,-0.07503439,-0.10029866,-0.09975444,-0.057045154,0.08784776,-0.11937413,-0.10894473,-0.20040295,-0.13632137,0.2587732,-0.15114796,-0.095659964
0.017203297,-0.19744267,-0.16859302,0.07950601,-0.18308899,-0.12174489,-0.08100018,-0.119832456,-0.10632289,-0.07729249,0.09753477,-0.15219523,-0.09631107,-0.20356575,-0.1414065,0.2614619,-0.17116277,-0.09713109
-0.20787594,-0.16525787,-0.30884254,-0.2270824,-0.07647543,-0.1341434,-0.24000001,-0.21131729,-0.19613197,-0.0695806,0.115240484,-0.07335575,-0.31308758,-0.20558721,-0.19523968,-0.24055642,-0.16235472,-0.12750457
-0.23998155,-0.20372684,-0.3012833,-0.23658238,-0.12071278,-0.13943844,-0.23011622,-0.22882481,-0.19308752,-0.084511,0.1214777,-0.08976297,-0.30393714,-0.19109441,-0.20361227,-0.23144132,-0.18272069,-0.12160822
-0.066602744,-0.05344049,-0.061497048,-0.03456458,-0.055524614,0.14114402,-0.11031897,0.1366092,-0.0073109837,0.19772199,0.018294858,0.23530701,-0.16476595,0.004375917,-0.05981091,-0.2065107,0.0029580337,-0.18749075
-0.048230845,-0.0333631,-0.042434197,-0.020822056,-0.01619491,0.13508335,-0.0752443,0.130832,-0.024246057,0.19525887,0.012001083,0.1920268,-0.16886936,0.007518711,-0.05000797,-0.20204492,0.0036564814,-0.17519537
-0.03051373,-0.20740426,-0.1849971,0.10109073,-0.27335873,-0.008034302,-0.19354084,-0.079430506,0.0010382708,0.06503548,-0.0054544155,0.016434755,-0.1645962,-0.06405773,-0.17615974,-0.16591693,-0.14799757,-0.31351233
-0.15423307,-0.17018333,-0.31487828,-0.27524635,-0.09550368,-0.05688267,-0.22916195,-0.027570652,-0.117876135,0.103797615,-0.08138465,0.05458966,-0.24741289,-0.12859926,-0.09589894,-0.25437582,-0.1290492,-0.25596225
-0.16428098,-0.18951002,-0.32533607,-0.24921177,-0.122588575,-0.07684793,-0.25117692,-0.045869064,-0.12136782,0.09158741,-0.09925089,0.054704376,-0.25110862,-0.14665313,-0.12487203,-0.27143776,-0.15193868,-0.28344294
0.109846994,0.31350413,0.42765024,0.24896003,0.32003194,0.19801196,0.24728228,0.1974776,0.32146084,0.22553046,0.3215604,0.20655657,0.002665899,0.60924494,0.24098623,0.2610319,0.14949173,0.25000358
0.1280912,0.33459175,0.44127706,0.2523425,0.3419596,0.20859249,0.25682947,0.20977268,0.33717415,0.22633499,0.3097906,0.20256399,0.011800189,0.6207767,0.24260026,0.2533961,0.14542209,0.23641156
-0.16753384,-0.19386731,-0.22659525,-0.20898968,-0.16145974,-0.0740423,-0.19479616,-0.110913776,-0.15685698,0.023779651,-0.058905005,0.07262604,-0.13623124,-0.19666646,-0.0885145,-0.22802268,-0.0703791,-0.2297177
-0.20045148,-0.21004207,-0.23278578,-0.2298049,-0.18361528,-0.082303084,-0.20699525,-0.11966493,-0.1686793,0.013790523,-0.052204933,0.05391522,-0.15063664,-0.17014585,-0.09455678,-0.2381716,-0.09688311,-0.22633345
0.14187807,0.336554,0.31814966,0.085981615,0.34575143,0.3441337,0.15371427,0.27521873,0.25656536,0.18066996,0.25140962,0.27055833,-0.09655344,0.35959995,0.19984826,0.07530886,0.20676117,0.0818368
0.028593007,-0.0029413253,0.044387564,-0.19395934,-0.024710013,0.12625423,-0.04339261,0.011220287,0.050313234,0.019125609,0.121342234,0.014402455,-0.0846497,0.08902765,0.036095466,0.04814242,-0.020171864,-0.054323476
0.14227308,0.3271035,0.28365543,0.0667166,0.34194884,0.33079156,0.11104017,0.23856065,0.26730868,0.16142046,0.26332796,0.26999944,-0.08261688,0.29490584,0.17399174,0.07728263,0.17999695,0.060925607
0.0769685,-0.24282424,-0.1122217,-0.05622697,-0.21843608,-0.04562086,-0.2192497,-0.15307269,-0.19010653,0.00719826,-0.042074446,-0.08805133,-0.22499509,0.0575163,-0.29244128,-0.18129018,-0.2873112,-0.25659958
0.040397495,-0.25746557,-0.120998465,-0.06953129,-0.2287094,-0.067224786,-0.23437239,-0.1693251,-0.19806828,-0.0048003243,-0.04860988,-0.104390025,-0.2236765,0.045913227,-0.3051471,-0.18733217,-0.3039223,-0.2560507
-0.20538597,-0.33617178,-0.33798718,-0.03828251,-0.31794873,-0.047892313,-0.1884235,-0.1825779,-0.14672394,-0.010942067,0.0011847708,0.039573666,-0.21375121,-0.34892648,-0.15928783,-0.14755684,-0.010177882,-0.23565474
0.092572495,0.2493095,0.11027369,0.100260735,0.2640241,0.1889602,0.017956695,0.035249576,0.11949177,0.21479093,0.0055975392,0.109662,-0.13375439,0.28623143,0.07103774,-0.009511884,0.021886654,-0.105555765
0.08474834,0.25888893,0.13028474,0.093212396,0.27169475,0.21562046,0.041807808,0.033759374,0.11325045,0.22791122,0.031674832,0.111008644,-0.124850675,0.30449438,0.07807837,0.014415289,0.026370743,-0.08777977
-0.12717825,-0.1555804,-0.13214587,0.043576688,-0.20444088,-0.002016854,-0.10009719,-0.17334075,-0.0018865326,0.03944651,0.024668189,0.117246486,-0.10362852,-0.088762954,0.0014002549,-0.10057465,0.0025839065,-0.16895927
-0.12331553,-0.15809451,-0.12692718,0.04155871,-0.20369808,0.004011322,-0.093445584,-0.16852655,-0.016780738,0.044907477,0.040424526,0.10823935,-0.09426694,-0.06628155,0.0014500042,-0.09348042,-0.0037622945,-0.14894073
0.0023122658,-0.28555322,-0.06149177,-0.13596734,-0.30786276,-0.04255248,-0.23590939,-0.09653417,-0.070242584,0.0105667645,-0.16682924,-0.036242194,-0.1576756,-0.15950805,-0.22119358,-0.14343964,-0.22588666,-0.26939616
-0.21610568,-0.3057356,-0.2406764,-0.09599899,-0.32700843,-0.09765731,-0.17958067,-0.2678612,-0.28729236,-0.16543393,0.038067054,-0.17884366,-0.08913957,-0.3091416,-0.2970316,0.039115496,-0.23924296,-0.06219707
-0.22556168,-0.31418315,-0.24722221,-0.13047655,-0.34552294,-0.12533435,-0.20327714,-0.26683503,-0.29813883,-0.16772282,0.026936129,-0.18289088,-0.10902283,-0.33983922,-0.2984693,0.024280807,-0.23823088,-0.06629165
-0.031321306,-0.2997396,-0.28747174,-0.0036215717,-0.3454697,-0.068038896,-0.2132111,-0.21278292,-0.01573929,-0.0015208074,-0.12266221,0.009513283,-0.25071517,-0.0968384,-0.08418513,-0.22570007,-0.09528483,-0.34679478
-0.078438595,-0.28428638,-0.2563258,0.0057845805,-0.33971372,-0.06877421,-0.19831318,-0.19464189,0.014335782,0.01443861,-0.11767912,0.017816236,-0.22492936,-0.06494594,-0.0886479,-0.20998062,-0.09606394,-0.34100166
0.06633641,0.093227796,0.10827493,0.04880668,0.09688252,0.22544935,0.019241018,-0.0010001392,0.06926086,-0.006125951,0.36586127,0.036620826,-0.10495234,0.11743329,-0.1324362,0.120130345,-0.033171885,0.16669522
-0.09044433,0.062152013,0.07908836,0.053844605,0.050150797,0.23126402,0.010629251,-0.04238949,0.046222575,-0.02408312,0.34948608,0.011221674,-0.12452837,0.09847707,-0.1254767,0.08805376,-0.053828903,0.13543892
-0.12205903,-0.3028019,-0.17568786,-0.061937317,-0.3555642,-0.19425838,-0.25250793,-0.32620165,-0.24388951,-0.121061824,-0.15251704,-0.15359096,-0.18358696,-0.09663305,-0.30243754,-0.20890406,-0.34116474,-0.2550689
-0.116266295,-0.32256004,-0.17584503,-0.05969927,-0.3697343,-0.22661218,-0.2730618,-0.34483594,-0.2536104,-0.1454678,-0.16994984,-0.17148982,-0.18996197,-0.12508504,-0.3324038,-0.22479388,-0.36835957,-0.26948297
-0.16610043,-0.34715086,-0.2598729,0.018937519,-0.35790494,-0.16118711,-0.1767678,-0.27598274,-0.23543245,-0.13212526,0.09884975,-0.05683251,-0.14357847,-0.21133173,-0.20276047,-0.042030755,-0.13261826,-0.067609034
-0.19443436,-0.3507575,-0.27717063,-0.011903182,-0.36277163,-0.1790401,-0.20205605,-0.29263905,-0.27208558,-0.14845508,0.08635992,-0.06436376,-0.1642757,-0.23979095,-0.22726373,-0.067524485,-0.14810026,-0.06697711
-0.08022013,-0.19835865,-0.15662286,-0.1356611,-0.17463163,-0.026806321,-0.16635576,-0.19709617,-0.15572181,-0.03846492,-0.15294993,-0.07198113,-0.1429728,-0.11633055,-0.19861616,-0.2056058,-0.18138684,-0.27952415
-0.025156148,-0.17258485,-0.1305393,-0.101012744,-0.15026987,-0.014105903,-0.15139131,-0.18419094,-0.15310025,-0.024729587,-0.13494557,-0.038481195,-0.12432106,-0.153148,-0.19013593,-0.16335386,-0.13649653,-0.26320148
-0.14357992,-0.18530019,-0.14843032,-0.22584069,-0.1717378,-0.008653735,-0.17971149,-0.18238503,-0.12724064,0.005397748,-0.0066082976,0.02906022,-0.1881436,-0.04381349,-0.08430664,-0.1722098,-0.15467852,-0.2180579
-0.14747617,-0.20474665,-0.17099456,-0.24438646,-0.19003658,-0.027613753,-0.21402632,-0.18154466,-0.13166197,-0.003202781,-0.057125248,0.023696022,-0.20987836,-0.05473563,-0.1070894,-0.21615715,-0.18171409,-0.2662618
-0.26719564,-0.25638387,-0.282079,-0.22895685,-0.21912012,-0.16020983,-0.26790664,-0.26915327,-0.24159208,-0.20862177,0.11044292,-0.13935891,-0.3122195,-0.37404048,-0.33965585,-0.11088642,-0.24259847,-0.071386024
-0.25901768,-0.23197517,-0.2815701,-0.24258,-0.18864788,-0.14621471,-0.25927508,-0.25189027,-0.22973503,-0.20000224,0.121825896,-0.14060697,-0.29947054,-0.3715346,-0.33247483,-0.10273534,-0.2325271,-0.055814914
-0.21877716,-0.41064048,-0.35009006,-0.13690655,-0.42092296,-0.32711518,-0.33922443,-0.28418848,-0.30814767,-0.16226189,-0.27421346,-0.10682813,-0.2740219,-0.36179677,-0.27864477,-0.361596,-0.25796714,-0.31503907
-0.1472176,-0.34617615,-0.31407806,-0.07755111,-0.36370492,-0.28253898,-0.32195723,-0.21364646,-0.24776569,-0.10267217,-0.2658304,-0.009130533,-0.20404357,-0.40664253,-0.26400995,-0.3285237,-0.19701888,-0.318631
-0.052870642,-0.39813465,-0.31166604,-0.16909847,-0.3981766,-0.2556468,-0.30042866,-0.3549969,-0.31036577,-0.1654853,-0.2418095,-0.25265816,-0.24894717,-0.19237882,-0.31735343,-0.3025774,-0.31440845,-0.26172462
-0.04466664,-0.2929882,-0.19030525,-0.23164041,-0.2565162,-0.2601904,-0.2078786,-0.33223322,-0.24855122,-0.07028734,-0.11237258,-0.26220185,-0.17464732,-0.015295676,-0.16366127,-0.20276426,-0.32191765,-0.0967267
-0.051656242,-0.30605897,-0.19048195,-0.23857655,-0.27167892,-0.25328735,-0.21855462,-0.3322475,-0.26269364,-0.07144693,-0.11234016,-0.2700696,-0.18904592,-0.013572227,-0.19038463,-0.21357475,-0.3440535,-0.11487647
0.091111794,0.1411872,0.007988454,0.11530384,0.1828229,0.22910479,-0.031912416,0.099165104,0.021397734,0.18245488,0.006973839,0.13750692,-0.026338631,-0.036024828,-0.03357789,-0.07034221,0.055548653,-0.12443298
0.06977328,0.14817084,0.006973789,0.11469619,0.18827426,0.21322098,-0.031680495,0.05850113,0.022692192,0.17521285,0.01627469,0.1082975,-0.035103105,-0.02089146,-0.03131733,-0.04868179,0.043518353,-0.12497383
0.10019325,0.14971104,-0.074815415,0.058019124,0.17148241,0.26617277,-0.02265009,0.115864374,0.016667392,0.18528521,-0.038109213,0.10101299,-0.02781981,-0.17982927,0.014687519,-0.06950532,0.14196846,-0.12806453
-0.015719585,0.22087629,0.06434254,0.037350386,0.31773913,0.10021907,-0.043505553,0.04498568,-0.0052173287,0.17392458,0.012543986,0.10022143,-0.16705221,0.17143533,0.021727858,-0.10577374,-0.01432754,-0.042432833
-0.04400737,0.18939528,0.063705035,0.030640237,0.27559564,0.121261805,-0.05661908,0.027078835,-0.030990962,0.16016577,0.01540539,0.10015654,-0.19233136,0.16201794,-0.0150397,-0.13294351,-0.038168855,-0.06602852
-0.034494016,-0.21738385,-0.30935752,-0.08216223,-0.16984247,-0.005732043,-0.2023332,-0.16214709,-0.18077129,-0.13223293,0.13295111,-0.104406826,-0.17495346,-0.2684648,-0.32113916,-0.14963382,-0.118205324,-0.03414857
-0.046242382,-0.20781553,-0.298345,-0.060066693,-0.15687925,-0.023805674,-0.20610435,-0.16919619,-0.18811637,-0.13184826,0.13200589,-0.103586935,-0.17563638,-0.26801932,-0.32739976,-0.14855248,-0.12955932,-0.03507147
-0.034648348,-0.12728105,-0.19110405,-0.020142686,-0.0974039,0.02126155,-0.16202897,-0.10553012,-0.110550076,-0.09494227,0.13921472,-0.056852,-0.19244745,-0.24506778,-0.3255277,-0.016021412,-0.10230643,-0.05713874
-0.050038055,-0.17298621,-0.21982609,-0.051908653,-0.13687271,-0.031685483,-0.20591493,-0.13356316,-0.12993057,-0.1192235,0.122481756,-0.069927625,-0.20761022,-0.2826223,-0.35119796,-0.025484286,-0.13299021,-0.08802194
-0.14082444,-0.28497747,-0.22044009,0.025315821,-0.31281045,-0.124625534,-0.27988854,-0.1694496,-0.06089208,-0.08943218,0.024931842,-0.016120536,-0.18873467,-0.12685856,-0.30894107,-0.12064259,-0.25438264,-0.2721551
0.03604842,-0.15921307,-0.10786495,0.112479895,-0.1667234,-0.06114315,-0.21085128,-0.051776133,0.06104022,-0.0122725405,0.027002035,0.10406042,-0.122314885,-0.07702247,-0.21958697,-0.09295909,-0.14249504,-0.2527058
-0.25541466,-0.2957092,-0.27416208,-0.024701802,-0.31024718,-0.14504726,-0.27020735,-0.23722088,-0.10367523,-0.13603139,0.12197999,-0.030062502,-0.19530103,-0.20961763,-0.2413944,-0.07243435,-0.16991338,-0.13383009
-0.2503456,-0.29685497,-0.30551386,-0.07798099,-0.30487415,-0.17259882,-0.2923215,-0.24154322,-0.11925593,-0.15379877,0.0949492,-0.05409652,-0.20032538,-0.24742168,-0.24006443,-0.10410647,-0.1725259,-0.13970725
-0.10977062,-0.037881017,-0.147435,0.2145949,-0.06842611,-0.007599839,0.16190167,0.00042752025,-0.12020161,-0.09433396,-0.118454225,-0.1655819,0.08073236,-0.20494312,-0.058062285,0.05731039,0.009134972,-0.08717776
-0.124095425,-0.038279843,-0.16799258,0.20300989,-0.06756143,-0.021483123,0.14839129,-0.006285772,-0.113290824,-0.10332584,-0.11956441,-0.17250542,0.07102493,-0.20146726,-0.06195233,0.05195291,0.00091848423,-0.09612145
0.12800482,0.16725288,-0.04289059,0.20671532,0.16412817,0.19431478,0.21650574,0.2541637,0.09340415,0.1729679,0.013887642,0.16918303,0.024367385,-0.05769408,0.108033046,0.13608648,0.27239496,-0.10774188
0.093754165,0.14482428,-0.086023696,0.17605363,0.13230333,0.16893016,0.19277072,0.21944511,0.068782896,0.14038786,0.016202388,0.1137768,0.031359285,-0.08154116,0.07710535,0.13997824,0.22353306,-0.117420204
-0.028524386,-0.014390066,-0.027102975,0.2061073,0.02473804,0.10187428,0.24902219,0.0042015514,-0.06587438,-0.11939786,0.18765903,-0.1253573,0.09318881,-0.06705131,0.089105316,0.15405643,0.12805845,0.21007128
-0.019394545,0.011324034,-0.016272103,0.23225805,0.03311004,0.13426863,0.2624164,0.018135207,-0.03643419,-0.101748,0.18893896,-0.10843384,0.13204212,-0.048236363,0.09683499,0.18142456,0.13969113,0.20623332
0.5484679,0.36384267,0.5259143,0.30261624,0.3603803,0.28728366,0.28080574,0.34412763,0.38709214,0.25227407,0.04922043,0.27716872,0.19206437,0.42041478,0.34884456,0.18101218,0.23916683,0.20423733
0.53726715,0.37491888,0.5317032,0.30617067,0.36502993,0.3219574,0.3032522,0.34564617,0.38798428,0.2398826,0.08125188,0.23962729,0.2201887,0.45373723,0.36686015,0.21411666,0.22837383,0.21972276
-0.0589922,-0.13533388,-0.13563667,0.1259168,-0.19813758,0.025066074,-0.21438958,-0.18374941,-0.14320736,0.014038878,-0.086888455,0.0042629023,-0.16984835,-0.033512298,-0.35570678,-0.2198674,-0.25830367,-0.2869394
-0.02707859,-0.14221893,-0.16620044,0.11719543,-0.20623721,0.020497458,-0.2320654,-0.18770447,-0.13466369,0.013641627,-0.09352683,0.020273956,-0.16744956,-0.08660564,-0.34867427,-0.22302108,-0.23357332,-0.3107093
-0.19899161,-0.2059959,-0.23072128,-0.013086495,-0.25826654,-0.09108538,-0.16030607,-0.1669162,-0.08869833,0.11927926,0.0064811027,0.15193923,-0.121685825,-0.09686338,-0.062193394,-0.12300544,-0.08523279,-0.12739635
-0.21454327,-0.22053489,-0.19888535,-0.031565096,-0.28076795,-0.059169516,-0.12245396,-0.15514387,-0.074334085,0.13164179,0.031135563,0.15013614,-0.117099464,-0.046878956,-0.021918412,-0.08433477,-0.064249225,-0.10565471
0.14426701,0.116446465,-0.043086343,-0.035583854,0.22758888,0.11788101,-0.015157753,-0.01870186,0.005051998,-0.0112781115,0.266117,0.029328907,-0.116383925,-0.117858835,-0.06568728,0.03869065,0.064099275,0.066708505
0.113106064,0.13945234,-0.049742743,-0.06478093,0.23546371,0.13689123,0.0032684305,-0.012700336,0.017300896,-0.0022642068,0.2698083,0.043080732,-0.11878912,-0.11338619,-0.03748691,0.04579211,0.09194187,0.06877366
-0.18538792,-0.20135538,-0.3188209,-0.24869403,-0.18744397,0.11830114,-0.1225469,-0.016374199,-0.16110386,0.1180444,-0.06188349,0.1548057,-0.24818994,-0.24281123,0.012167275,-0.2790117,0.10016373,-0.2411996
-0.19451363,-0.20646222,-0.3433425,-0.27358428,-0.20072769,0.10085661,-0.14803748,0.0034145562,-0.14011128,0.12700585,-0.05328334,0.17644462,-0.21816067,-0.27541155,-0.0008505075,-0.29041898,0.08826889,-0.24494591
0.48861012,0.48142868,0.46266675,0.17272028,0.47762388,0.37467286,0.2528688,0.31346115,0.36946714,0.20005265,0.11683902,0.26719362,0.099164106,0.37934455,0.40008163,0.24815278,0.3180302,0.17630692
0.5400766,0.45721453,0.46825746,0.20907585,0.447815,0.39605358,0.26356915,0.3088036,0.35249546,0.1931833,0.15768935,0.25180885,0.117513075,0.38077068,0.38217598,0.2673367,0.30238745,0.18269302
-0.17167586,-0.17777993,-0.030732162,-0.0009665862,-0.16936119,-0.05771664,-0.1174171,-0.16949622,-0.16903676,-0.006316772,0.12891065,-0.06474486,-0.27454713,0.113519475,-0.2345117,-0.06901978,-0.26130044,-0.13670148
-0.17621557,-0.1475732,-0.027282782,-0.0051885117,-0.14987274,-0.04704319,-0.12918112,-0.14180475,-0.14151844,0.019856788,0.11657337,-0.024360457,-0.27101913,0.13049725,-0.2390606,-0.09314,-0.25794238,-0.16632308
-0.10241361,-0.3580501,-0.11655126,-0.12515052,-0.33564413,-0.23345852,-0.18971117,-0.34111348,-0.3450961,-0.14329764,-0.1798139,-0.2448833,-0.20584697,-0.20449194,-0.23156103,-0.23039435,-0.30964017,-0.16863424
-0.09149696,-0.31157094,-0.08612313,-0.1228638,-0.292949,-0.18325198,-0.14609185,-0.28782085,-0.28144535,-0.109908864,-0.16989426,-0.20119563,-0.17367837,-0.1653602,-0.17388844,-0.19635953,-0.24641016,-0.14919588
0.070068456,0.27276057,0.3546327,0.23093788,0.2981621,0.36781523,0.26792735,0.20005801,0.060267072,0.06607462,0.30999562,0.12367357,0.021327112,0.09971239,0.12771541,0.35295844,0.25643188,0.3129341
0.028511945,0.2814027,0.35819075,0.23848075,0.28667217,0.3720898,0.28366143,0.21812133,0.07406318,0.09337784,0.32489902,0.1477493,0.034656413,0.11395763,0.13343146,0.35541356,0.2596928,0.31726202
-0.046554297,-0.14312616,0.14698231,0.31678808,-0.17605847,0.016579596,0.26244193,-0.041044205,0.041099895,-0.072207525,0.20182005,-0.12505408,0.28540295,0.049430795,-0.021736914,0.34221452,-0.0927065,0.22882223
-0.022381578,-0.13792287,0.14169846,0.28425702,-0.16040707,0.07474853,0.25144014,-0.026030116,0.060994435,-0.04463674,0.26517308,-0.09303011,0.27988002,0.05277109,-0.00467195,0.39061007,-0.0659657,0.24205776
0.1347338,0.047981326,-0.046282593,0.0036330305,0.067500345,0.1134633,0.20070334,0.24970496,0.2353702,0.29621378,0.19830029,0.37663156,-0.017234784,0.115815796,0.36377367,0.20975645,0.4276905,0.10031406
0.11676881,0.060988937,-0.011560263,0.008477471,0.072217286,0.15030943,0.23352864,0.27177936,0.2664729,0.31063604,0.22359292,0.39695892,-0.00012458052,0.16005436,0.39171535,0.23595245,0.45215917,0.11643756
0.012294303,0.0562325,-0.046229318,0.05015663,0.0010614282,0.2700391,-0.043379813,0.13790855,0.005784942,0.1628135,-0.051435076,0.12871775,-0.11022161,0.0042697354,-0.10335669,-0.14014602,0.021036243,-0.20603676
-0.0047025867,0.036494795,-0.07439051,0.014094943,-0.0281598,0.25732234,-0.056406945,0.124954134,-0.013684019,0.16310592,-0.064607844,0.13549049,-0.13591865,-0.029821716,-0.09566838,-0.14232872,0.043832492,-0.23171358
-0.18594098,-0.27629766,-0.16260308,0.023883246,-0.32304728,-0.17251635,-0.20410323,-0.20416516,-0.155651,0.009631421,-0.095301084,0.03907384,-0.16187358,-0.08506783,-0.2150823,-0.25036138,-0.23640697,-0.22132772
-0.21908867,-0.2884075,-0.19013679,-0.020223496,-0.3532415,-0.16061638,-0.21863085,-0.21667385,-0.15742922,0.0032905163,-0.09820975,0.02561057,-0.16502805,-0.09091101,-0.22372647,-0.2690091,-0.25070828,-0.22742482
0.15697685,0.27019748,0.20767552,0.12798327,0.22619231,0.33188042,0.27972844,0.38025084,0.21230456,0.29873145,0.33342543,0.5037011,0.06602237,0.17423141,0.24049027,0.23174569,0.41815823,0.22954293
0.10034271,0.2596927,0.15660705,0.12520671,0.191787,0.34031388,0.27393395,0.37229237,0.20472261,0.3089018,0.32805037,0.47548565,0.08011805,0.17824732,0.22502173,0.244489,0.38032597,0.18271245
-0.22490339,-0.25848502,-0.21592607,-0.0020138724,-0.32615548,-0.19979449,-0.2514206,-0.27838853,-0.22962272,-0.08570756,-0.17900862,0.010918368,-0.17649868,-0.18847921,-0.24854243,-0.24842955,-0.20558748,-0.20802267
-0.2056788,-0.25328824,-0.19752383,0.013253873,-0.3215235,-0.21181323,-0.25007963,-0.27584997,-0.21298945,-0.09155566,-0.19221894,-0.0028968526,-0.16154377,-0.19600113,-0.23544969,-0.23196602,-0.2032828,-0.21161768
0.12700194,0.23158692,0.36160073,0.49524018,0.24527834,0.28381807,0.50186646,0.2596233,0.1729221,0.112495,0.32469442,0.020347722,0.551793,0.14809375,0.29443046,0.50431573,0.265743,0.5279015
0.12391143,0.21400906,0.370245,0.5387551,0.21397443,0.28813615,0.5235199,0.27745023,0.20381483,0.14092149,0.34924987,0.042201266,0.56889564,0.19205035,0.31574002,0.52708757,0.27536553,0.5396374
-0.02156233,0.2190295,0.10706977,0.1344702,0.15948988,0.16748923,0.07674608,0.09412953,0.017585527,-0.0073847943,-0.13218996,0.0883279,-0.075269714,0.026911002,0.04951516,-0.12179776,0.024827622,-0.15120004
0.00339513,0.24535772,0.140333,0.1307586,0.18176991,0.18980102,0.10406543,0.1124608,0.053078707,0.0023840163,-0.114830986,0.113858566,-0.06519383,0.060663685,0.092146486,-0.09554155,0.055518944,-0.12551777
-0.10980101,-0.12760422,-0.09172839,-0.03102224,-0.06597454,-0.0020432528,-0.19249766,-0.09843562,-0.013722081,0.053977642,-0.046341863,0.1338556,-0.23919912,0.05932718,-0.11992612,-0.22658706,-0.13784458,-0.33693713
-0.12221466,-0.11075751,-0.13127565,-0.20870967,-0.07926574,0.072574854,-0.17993309,-0.11236876,-0.15546691,-0.015155852,-0.05822024,-0.07931239,-0.22086833,-0.03734472,-0.14867231,-0.19864392,-0.17171307,-0.2943731
-0.09455025,-0.10284504,-0.24813852,-0.093731865,-0.061388403,0.03940509,-0.094842464,0.017894274,-0.16370068,0.12654299,-0.12650296,0.004300253,-0.17378265,-0.27130497,-0.04277925,-0.24822016,0.024931727,-0.21034683
-0.119623415,-0.105032444,-0.23684724,-0.048581537,-0.088935226,0.055792667,-0.06753819,0.03280736,-0.13649161,0.13842852,-0.12597622,0.016405046,-0.13995706,-0.25706017,-0.022821201,-0.2283386,0.036681842,-0.20091599
-0.020966489,0.13337027,-0.15894109,-0.042064287,0.23681857,0.08331061,-0.059136596,0.022176553,-0.06111904,0.1755639,-0.033758674,0.040357284,-0.23405026,-0.0011495884,0.09282495,-0.15717416,0.07221154,-0.10797851
-0.039104134,0.11549157,-0.15396255,-0.02043029,0.22087921,0.06942904,-0.06573639,0.018085271,-0.06916964,0.16935322,-0.02971665,0.031672314,-0.23096488,0.00047436182,0.07359743,-0.15809436,0.04732478,-0.11244803
0.45390707,0.16245502,0.251544,0.068208024,0.18833,0.22995451,0.1989407,0.03708211,0.028464036,-0.022432288,0.30501792,-0.009607905,0.023149097,0.09839846,0.093554765,0.29903775,0.1801365,0.36025855
0.4517436,0.1647645,0.26747677,0.07560428,0.19423291,0.22717932,0.21158372,0.04098383,0.03827298,-0.021421878,0.32101038,-0.015904453,0.03695269,0.1134324,0.092164464,0.31248543,0.1778505,0.37141573
0.16409159,0.4799282,0.29922706,0.20176111,0.48207906,0.3638779,0.20802079,0.2900745,0.341542,0.31505626,0.059005573,0.33028734,-0.03062608,0.4063121,0.29475468,0.09060766,0.25942984,-0.022305578
0.19094813,0.48819518,0.30357334,0.20256823,0.48584548,0.37677,0.22532253,0.32344955,0.35928798,0.33480033,0.073749416,0.34079114,-0.0021226667,0.42100036,0.298551,0.10100444,0.2565026,-0.02495134
-0.18036368,-0.24150494,-0.1920118,-0.07370795,-0.25988162,-0.10840997,-0.1310945,-0.29829282,-0.20044234,-0.11340166,-0.112668395,-0.17130645,-0.09017293,-0.040353425,-0.16181917,-0.17095076,-0.19918507,-0.11276089
-0.17285177,-0.2740311,-0.2098373,-0.089504585,-0.29268205,-0.13908133,-0.16752149,-0.34110114,-0.2406305,-0.13392088,-0.11219189,-0.18286769,-0.13832101,-0.07474813,-0.20288575,-0.18135934,-0.23995441,-0.1565005
-0.14794296,-0.35438824,-0.1760308,-0.23596092,-0.40849963,-0.10061223,-0.18866579,-0.3139829,-0.29418287,-0.0975328,-0.072309494,-0.25718635,-0.13700895,-0.06525258,-0.23117284,-0.117933474,-0.30605742,-0.15481801
-0.13703473,-0.30960333,-0.20230529,-0.18613833,-0.29549864,-0.2651367,-0.20227659,-0.31876796,-0.3262412,-0.14924474,-0.19655001,-0.1964548,-0.17955601,-0.28583205,-0.17580076,-0.20558135,-0.22105116,-0.1457589
-0.13251406,-0.2889362,-0.18049242,-0.19483317,-0.28042033,-0.23540418,-0.17394564,-0.2964379,-0.3210757,-0.13303643,-0.18681076,-0.19714703,-0.1527724,-0.26973066,-0.15965618,-0.19696191,-0.21284,-0.112382434
0.0782983,0.13954088,-0.12525839,-0.07754789,0.09304352,0.23023228,0.19099295,0.31465095,0.056927603,0.15442133,0.05805551,0.13269722,-0.005868953,-0.05811988,0.25230196,0.067852326,0.30294234,-0.013607466
0.09738789,0.16483112,-0.12965876,-0.08862551,0.12148169,0.26508632,0.19279702,0.34149644,0.08876529,0.16471355,0.035022292,0.14051522,0.03275939,-0.06489544,0.25376734,0.0659797,0.30734953,-0.04079569
-0.08306035,-0.35645193,-0.23328543,-0.062076822,-0.35105813,-0.22908802,0.07071367,-0.23579073,-0.19403802,-0.2003598,0.027482376,-0.19760647,-0.1799348,-0.14562432,0.07507201,0.088030085,0.035973124,0.07870684
-0.083647855,-0.34872663,-0.2313936,-0.07033444,-0.3440126,-0.2236859,0.07208582,-0.23253606,-0.18674146,-0.19542582,0.032308083,-0.19362271,-0.1766743,-0.13596687,0.08345384,0.0962293,0.03917432,0.0804199
-0.055464406,-0.25188693,-0.21523291,-0.06197184,-0.24246612,-0.15492098,0.056753784,-0.08385507,-0.046833843,-0.06060356,0.016248442,-0.017694514,-0.26807174,-0.0636573,0.24453618,0.040408235,0.22615832,0.017049188
-0.043268085,-0.25385395,-0.21062045,-0.05643493,-0.23932955,-0.13368133,0.05085087,-0.1013516,-0.046357986,-0.078068465,0.02772975,-0.033769354,-0.26590443,-0.061480552,0.23903748,0.04561917,0.21838188,0.022502286
-0.24650365,-0.35359797,-0.37582293,-0.12016112,-0.39970976,-0.23442271,-0.29769984,-0.25344127,-0.27663088,-0.10499657,-0.1949454,0.008598655,-0.32025883,-0.26057014,-0.15118499,-0.30883318,-0.10644963,-0.30555874
-0.19288689,-0.32423094,-0.3411752,-0.07817216,-0.3750542,-0.19686154,-0.25728294,-0.19737144,-0.23935837,-0.040816534,-0.13910177,0.09144616,-0.27546653,-0.24166086,-0.11687714,-0.27176377,-0.049047668,-0.26293242
-0.27354053,-0.30087253,-0.34177744,-0.13871975,-0.33779112,-0.23349813,-0.27007324,-0.2543206,-0.2765754,-0.105390005,-0.21399546,-0.07631813,-0.25220957,-0.22655725,-0.20635037,-0.34947133,-0.17909825,-0.22653948
-0.26525727,-0.29631352,-0.3514254,-0.15989025,-0.33278167,-0.23705438,-0.28857413,-0.25071678,-0.3038542,-0.10898503,-0.2166946,-0.07414041,-0.2593219,-0.2644581,-0.22975641,-0.3657059,-0.18458532,-0.22671598
0.071549185,-0.032252125,-0.09962646,0.25859728,-0.043762505,-0.13609958,0.105990134,-0.027724873,0.08631784,-0.117021784,0.097581565,-0.22387543,0.30231473,-0.09705621,0.07759825,0.25967786,-0.046107486,0.11098974
0.08058573,-0.032631986,-0.094259046,0.24121593,-0.042195182,-0.13422486,0.09759986,-0.033980068,0.08544646,-0.1173444,0.12423614,-0.21037363,0.3011664,-0.09321806,0.07682243,0.2776261,-0.038951673,0.13683212
0.0061326926,0.14364538,-0.046437457,0.2661399,0.08787955,-0.041070633,0.10994952,0.024578873,0.13696207,-0.09378675,-0.059060887,-0.1386935,0.2883224,-0.07156744,0.026664756,0.08995851,-0.06312591,-0.057654228
0.017298292,0.15415345,-0.02836972,0.2748864,0.096742354,-0.038923282,0.11286863,0.03584928,0.16826923,-0.078392796,-0.024598854,-0.105859414,0.31166312,-0.047750734,0.052726157,0.10863585,-0.046590142,-0.027583065
0.061470516,0.4281183,0.22954907,-0.028163841,0.4865691,0.31249124,0.14967705,0.3274736,0.20716764,0.25782776,0.18900591,0.3204733,-0.022294262,0.26753104,0.20232044,0.07248697,0.20763206,0.1695456
0.047171637,0.43012002,0.25994042,0.00366052,0.47105002,0.33847645,0.14891523,0.33195174,0.21372084,0.26515093,0.18916798,0.33932644,-0.0067928657,0.27429745,0.18202694,0.07687029,0.19095698,0.1532911
-0.23822613,-0.32630345,-0.39478785,-0.31646898,-0.3115394,-0.27643985,-0.3550228,-0.35287473,-0.3256253,-0.1294622,0.025454272,-0.14467683,-0.2913645,-0.30440694,-0.19778877,-0.2438471,-0.24622048,-0.09099333
-0.28210098,-0.34614497,-0.37629488,-0.30199507,-0.3319574,-0.27136344,-0.3096957,-0.3631638,-0.31657967,-0.13790382,0.03758604,-0.18019864,-0.27075157,-0.2711319,-0.16799235,-0.22705805,-0.24414703,-0.05009431
-0.11143596,-0.2629405,-0.06049642,-0.11946306,-0.25096604,-0.008414252,-0.22570127,-0.15861848,-0.114390865,-0.058912247,-0.14854278,-0.07537966,-0.20737867,-0.012539523,-0.30204254,-0.20749834,-0.26555723,-0.2577834
-0.1322259,-0.27194655,-0.105177775,-0.17050013,-0.2674426,-0.014033407,-0.2520635,-0.15688354,-0.119916804,-0.06096204,-0.15950091,-0.05201594,-0.23759575,-0.050791647,-0.28165382,-0.21462168,-0.23045303,-0.29002547
-0.024090985,0.02519394,0.07930999,-0.054995164,0.021847159,0.10077293,-0.07039006,0.02654085,-0.013809585,0.10789528,0.09650256,0.09430314,-0.07746203,0.15483803,-0.09860262,-0.01550306,-0.058607556,-0.13703406
-0.022602644,0.02929494,0.08242621,-0.056098472,0.02642163,0.103950836,-0.066157445,0.027635185,-0.009646633,0.10672948,0.10176472,0.09267938,-0.07329535,0.15607786,-0.09543118,-0.008048392,-0.058015045,-0.13562034
-0.0044932044,-0.19103773,-0.0014246239,-0.15513569,-0.16964075,-0.08649483,-0.2777609,-0.13517272,-0.029619595,-0.031082597,-0.034132596,0.052579787,-0.2269569,-0.030735249,-0.2410028,-0.22274332,-0.24954598,-0.24237724
-0.008526137,0.027311541,0.08587369,-0.05513594,0.026228871,0.10023537,-0.06764349,0.03326323,-0.008371958,0.112803906,0.09573217,0.09670462,-0.07544635,0.15940708,-0.09000455,-0.009916483,-0.052217852,-0.13288613
0.010458471,-0.21266554,-0.049206376,-0.18552972,-0.19800784,-0.083170734,-0.28493956,-0.14491047,-0.044837352,-0.031716943,-0.039424513,0.033566404,-0.22734304,-0.06702641,-0.23758733,-0.20687594,-0.24780507,-0.26625988
-0.20191658,-0.14411376,-0.21885228,-0.061200514,-0.045997053,-0.14210853,-0.184169,-0.23212211,-0.11382646,0.0132298255,-0.13886683,-0.034447603,-0.22328332,-0.14165886,-0.05252217,-0.20716524,-0.10309829,-0.18132213
-0.24135876,-0.16351303,-0.20186381,-0.10987792,-0.075994186,-0.11479684,-0.14654149,-0.2413331,-0.16124502,0.014400878,-0.10766292,-0.08703207,-0.22535327,-0.09521313,-0.045538563,-0.19385022,-0.12565307,-0.1531932
-0.05669719,0.026371785,-0.026521418,-0.029434424,0.04534228,0.22948079,-0.014702774,-0.0028638905,-0.071935266,-0.042169653,0.24601854,-0.012130359,-0.09409529,-0.20636863,-0.17891839,0.17653984,0.01920604,0.07883457
0.13520518,0.4074096,0.31848165,0.38147312,0.38864303,0.47847092,0.26637244,0.32894355,0.32016423,0.29805556,0.25799158,0.32512766,0.31693172,0.39291996,0.20725802,0.13090533,0.1915638,0.11979541
0.14016366,0.4110828,0.30450848,0.35768983,0.39835772,0.49159494,0.31422064,0.35557592,0.33098367,0.32931775,0.291596,0.32477245,0.36293727,0.41319397,0.24046671,0.16764835,0.21268407,0.1621706
-0.12047835,-0.012141886,-0.2561133,-0.13026848,-0.03395778,0.09589466,0.08186503,0.14923258,0.008869571,0.039503668,-0.11009181,0.097977206,-0.17353065,-0.21119015,0.17004745,-0.0794824,0.2565077,-0.13223201
-0.13538101,-0.017207967,-0.2594925,-0.13259766,-0.041760758,0.08408323,0.07704585,0.1484122,0.008765168,0.035508856,-0.10795042,0.09804126,-0.17455207,-0.21554974,0.16732898,-0.0822102,0.25109753,-0.13214959
-0.1245436,-0.41812506,-0.3362212,-0.13871424,-0.3581376,-0.28983352,-0.2187088,-0.35773796,-0.3140336,-0.24082442,0.027205564,-0.2918258,-0.3511323,-0.35573003,-0.14096795,0.037729565,-0.18600674,-0.07008172
-0.13006008,-0.42179546,-0.35332733,-0.17941573,-0.3640789,-0.28761807,-0.2534202,-0.37494704,-0.34297746,-0.26416007,0.014909366,-0.31388843,-0.3750279,-0.39378357,-0.21675827,-0.003774432,-0.23933163,-0.09875081
-0.015298234,-0.12599108,-0.10066637,-0.12367312,-0.16106321,0.21798202,-0.036604635,0.10310217,-0.03904901,0.16453983,-0.048166487,0.060841676,-0.07284763,-0.12677878,-0.042769972,-0.1148167,0.045865376,-0.16642264
-0.1497611,-0.26044002,-0.22799334,-0.023316052,-0.28192896,-0.15083067,-0.18706626,-0.3352091,-0.31207326,-0.14160094,-0.18358481,-0.17335014,-0.1632597,-0.22000532,-0.23322368,-0.24797003,-0.22920144,-0.16567217
-0.14538126,-0.27222905,-0.24296577,-0.0068540433,-0.2875286,-0.17577516,-0.18840346,-0.33354482,-0.3006116,-0.14495061,-0.19309446,-0.17748375,-0.16686754,-0.22552183,-0.2282877,-0.2627891,-0.22663036,-0.17715912
-0.18851715,-0.33461356,-0.20810142,0.016891899,-0.38597548,-0.19375946,-0.22015545,-0.38555813,-0.27817437,-0.15199062,-0.13955972,-0.18265216,-0.16114838,-0.20931964,-0.27855277,-0.17737587,-0.30839953,-0.20948723
-0.1877674,-0.30670908,-0.20074326,0.012178301,-0.3620197,-0.19342695,-0.22081748,-0.36861908,-0.28931388,-0.1462877,-0.16490258,-0.1795012,-0.15857945,-0.22939925,-0.26154453,-0.19254835,-0.28415433,-0.20303375
0.11029961,-0.2678966,-0.25545385,-0.033369474,-0.23963848,-0.13805449,-0.32428035,-0.124495804,-0.0050987904,-0.025716048,-0.19667704,0.00046990067,-0.2491216,-0.31124836,-0.20363387,-0.27679172,-0.13403848,-0.4304369
0.2376514,0.30723277,0.3479045,0.08749533,0.24637887,0.37235385,0.07817085,0.14598583,0.22532357,0.07717579,0.16269904,0.12424238,-0.014528781,0.36615345,0.058290675,0.12573788,0.09259248,0.027951833
0.35048258,0.25684202,0.35563305,0.090061225,0.21256144,0.2780082,0.036893602,0.12099555,0.22745755,0.06526059,0.14110976,0.10239115,0.0073546544,0.35651132,0.029358363,0.112720974,0.043986436,0.023757309
0.19918534,0.36952117,0.18798605,0.106545106,0.35270208,0.3776983,0.1145312,0.24403082,0.24495049,0.29276484,0.069936946,0.21417798,-0.07428229,0.44647408,0.17643435,0.04186414,0.15878321,-0.031203287
0.18190578,0.3743228,0.21156959,0.115335725,0.35272464,0.4034723,0.13891652,0.24352682,0.24400596,0.29723814,0.07344119,0.21478641,-0.064447105,0.452877,0.18332075,0.052432135,0.16023718,-0.022616817
0.034039386,-0.23854986,-0.22511408,-0.0019872182,-0.31499633,-0.09908007,-0.19751209,-0.13120218,-0.14855044,0.027586214,0.038257483,0.08722045,-0.2346588,-0.11069182,-0.24491365,-0.052998368,-0.12757997,-0.25988963
0.031647287,-0.22254387,-0.23063588,0.034240793,-0.2996231,-0.09038882,-0.18084715,-0.113509886,-0.14976712,0.047231823,0.023468064,0.097316995,-0.23376976,-0.09411621,-0.22718848,-0.06768342,-0.10242726,-0.25830176
-0.21033491,-0.18938823,-0.3224625,-0.14614646,-0.08751629,-0.092970595,-0.17234462,-0.2608264,-0.16255668,-0.13596298,0.115324646,-0.14575687,-0.35327104,-0.29863322,-0.14448322,0.036153417,-0.05659703,-0.09609687
-0.21018732,-0.20601416,-0.31862307,-0.13627914,-0.108174056,-0.10409619,-0.1861631,-0.28365958,-0.17920619,-0.15276352,0.10594122,-0.16845046,-0.35814744,-0.31031007,-0.17787151,0.021047758,-0.090597235,-0.108503416
0.090308875,0.149208,0.14315698,-0.035448465,0.14955944,0.24364303,0.22684076,0.1918428,-0.004431735,0.03654078,0.06808456,0.005178289,-0.08143392,0.089919254,0.22410268,0.091882676,0.20300876,0.09228022
0.08579429,0.16975985,0.1774113,-0.020341065,0.16231062,0.2631561,0.2581711,0.20812614,0.013991299,0.05137756,0.09981535,0.016721344,-0.05497243,0.12529777,0.24030402,0.11807894,0.21496984,0.13096876
0.12490195,-0.0031679866,0.09808953,0.048158407,0.02674103,0.23632258,0.13863765,-0.06389187,-0.023681214,-0.03845884,0.30893588,-0.12744793,-0.04895391,0.057321116,-0.091707855,0.25756976,0.0021543216,0.18614045
0.13377799,0.023255372,0.11358861,0.09888986,0.056782994,0.25664356,0.16045652,-0.040280018,-0.002795015,-0.019832464,0.32444212,-0.11250703,-0.0067839185,0.0632633,-0.08160221,0.27613768,0.018880546,0.21290283
-0.098025925,-0.26024872,-0.16133511,-0.2252866,-0.3287183,-0.011041306,-0.18600588,0.06243501,-0.001659763,0.10939413,-0.13114148,0.12748247,-0.11894087,-0.2800769,-0.06639636,-0.16727705,-0.044799622,-0.26380107
-0.090216674,-0.26214474,-0.1539606,-0.23384786,-0.32823083,-0.018464634,-0.20094468,0.04804282,-0.018630844,0.0959707,-0.14411259,0.113649,-0.12678029,-0.2827147,-0.09687608,-0.18475454,-0.080869384,-0.2736866
-0.2425953,-0.33222803,-0.24019578,-0.20961015,-0.33032972,-0.22327462,-0.19103192,-0.27726707,-0.20882152,-0.13393417,0.07238926,-0.1307878,-0.25595695,-0.17807414,-0.016117798,0.052045744,-0.10825268,-0.048324283
-0.2334911,-0.31433457,-0.23518346,-0.20466165,-0.31567493,-0.20961101,-0.18463166,-0.25010207,-0.17792241,-0.10976048,0.07032404,-0.09221558,-0.2555571,-0.16444318,0.013233109,0.05082988,-0.07796726,-0.043477926
0.062952936,-0.124157086,-0.05339143,-0.15301979,-0.08292759,0.000659971,-0.20362191,-0.09212336,-0.11479401,0.06735754,-0.16714874,0.06565306,-0.2439138,-0.19126354,-0.20732677,-0.27533486,-0.15919256,-0.25657594
-0.071037985,-0.21216501,-0.14672703,-0.17458147,-0.20765795,0.007695465,-0.22644949,-0.14746293,-0.18147688,0.043213744,-0.1990545,0.01963262,-0.25729543,-0.25567153,-0.2466453,-0.30763733,-0.20142233,-0.3088769
0.101558425,0.23443505,0.51026565,0.44789043,0.19846706,0.34750482,0.34742466,0.19245335,0.2271254,0.1237288,0.31008738,0.12231608,0.4331177,0.42851824,0.14739077,0.21224147,0.040655375,0.3741881
0.1186227,0.20545745,0.49173564,0.47787964,0.17867589,0.34551635,0.35815012,0.16317303,0.20855169,0.10282274,0.36278504,0.107662216,0.43406,0.39577878,0.12723875,0.27117217,0.043132555,0.39883533
-0.30135465,-0.43038332,-0.18758187,-0.12884718,-0.50169617,-0.28109503,-0.37180117,-0.43322992,-0.36180654,-0.1410103,-0.13021004,-0.17200911,-0.32600898,-0.09409278,-0.4353882,-0.32206026,-0.510493,-0.31210998
-0.30080944,-0.40831557,-0.18400984,-0.097290546,-0.4785117,-0.25720936,-0.33403972,-0.41717374,-0.35671982,-0.12198993,-0.116846636,-0.17562921,-0.2745218,-0.10169845,-0.420999,-0.28978655,-0.49421078,-0.2824089
-0.0021537147,-0.31278783,-0.27479511,-0.15694675,-0.22628099,-0.17689793,-0.1713859,-0.2758622,-0.2884442,-0.111511506,-0.18376042,-0.18825716,-0.16174997,-0.2797812,-0.18114404,-0.26048216,-0.152754,-0.16127235
-0.02788021,-0.335975,-0.2884451,-0.17306283,-0.24611393,-0.19527046,-0.17610106,-0.2943137,-0.29494005,-0.1324719,-0.18394835,-0.21160014,-0.14431025,-0.28834403,-0.18299544,-0.25163424,-0.16786194,-0.15063797
-0.20202118,-0.3136516,-0.20095609,-0.015332209,-0.32203612,-0.049548674,-0.10401993,0.03482041,0.021242334,0.13791618,-0.021732936,0.16566849,-0.17744665,-0.00179343,-0.010888167,-0.22718285,-0.019943608,-0.2296112
-0.1937727,-0.28044575,-0.17989653,-0.0046763695,-0.29176527,-0.059975635,-0.11531261,0.027127624,0.07093021,0.12633352,-0.047463875,0.17602004,-0.14388064,-0.014118527,-0.012647109,-0.20109986,-0.022189574,-0.2568712
-0.11750088,-0.19723828,-0.12925018,-0.029681334,-0.1643644,-0.07917357,-0.14457184,0.042121015,0.13985384,0.13285005,-0.07353628,0.1992885,-0.12131468,0.006548881,-0.023442036,-0.11335573,-0.06708133,-0.23207986
-0.1436237,-0.22451107,-0.14135557,-0.04109985,-0.18958539,-0.08581172,-0.15294933,0.0135969445,0.09938449,0.11676895,-0.07610346,0.16542894,-0.14093617,-0.0072559016,-0.04680282,-0.118096694,-0.10021776,-0.24229698
0.23726363,0.2773741,0.09476456,-0.002406544,0.43638363,0.17716776,0.059611514,0.09477872,0.09685722,0.19894731,0.019843787,0.07722936,-0.09192109,0.14754076,0.15055464,0.006458126,0.13366297,0.025354605
0.21670784,0.24949063,0.07834429,-0.0314191,0.40318313,0.17549175,0.032557037,0.06956141,0.07173352,0.1861777,0.01479672,0.05573939,-0.11440914,0.14752418,0.109282054,-0.021767896,0.08939409,-0.015127756
0.2734735,0.44807264,0.39012483,0.27479872,0.4219239,0.3352663,0.33644566,0.38067165,0.37289676,0.16692771,0.14190333,0.19819333,0.4269277,0.29050776,0.44143632,0.3016211,0.32226014,0.28260106
0.2646399,0.43930918,0.43449774,0.28593788,0.40992123,0.3244622,0.3280477,0.38547146,0.37003964,0.17718123,0.14218575,0.22665557,0.4230305,0.29409337,0.4341591,0.28886053,0.3124037,0.29596597
0.36102548,0.09327852,0.27162877,0.1559971,0.06086882,0.21018897,0.05701159,0.10828666,0.16158342,0.032457978,-0.09478856,0.16776738,-0.035375826,0.09960138,0.108151965,-0.08181673,0.116249226,-0.07487373
-0.03600574,0.16197936,0.271357,0.25781688,0.10603306,0.14612849,0.33893928,0.1346275,0.11930372,-0.048910215,0.048069958,-0.053862154,0.35687694,0.1069915,0.110148706,0.16472289,0.02470735,0.24629681
-0.018634263,0.194948,0.31037956,0.3052627,0.1415725,0.17463468,0.37727645,0.15000375,0.15903585,-0.024356807,0.088737674,-0.019752594,0.3767804,0.16147381,0.1546046,0.2072121,0.05960022,0.2843019
0.40393564,0.31553334,0.26191765,0.04298902,0.24854776,0.26817283,0.1646446,0.2059408,0.17625701,-0.026850913,0.14245412,0.054207247,0.18666627,0.047110084,0.22339244,0.31815624,0.21505694,0.19402367
0.28479758,-0.04977784,0.028085079,0.2503915,-0.059782475,0.1566788,0.07179784,0.088428885,0.03290368,0.05863811,-0.021998484,0.03796026,0.07223352,0.040758092,0.024532918,-0.06394354,-0.041386843,-0.12666787
0.26597202,-0.08095914,-0.017187119,0.22836481,-0.09677764,0.15331373,0.058759723,0.08160813,0.025972635,0.066921264,-0.039783232,0.020844229,0.05720433,0.026189327,0.011189494,-0.08188328,-0.05881962,-0.15561983
-0.1754155,-0.31272236,-0.24923065,-0.1642013,-0.31078163,-0.1679004,-0.19347006,-0.13927217,-0.30440328,0.021592962,-0.17809899,0.06334214,-0.26571292,-0.32533833,-0.11525648,-0.31662443,-0.09317234,-0.23489065
-0.18882073,-0.31338003,-0.23128824,-0.16883662,-0.31790152,-0.16458964,-0.20117973,-0.16272318,-0.3225977,6.5160915e-05,-0.18393601,0.042025775,-0.2618617,-0.33339515,-0.13737334,-0.30953366,-0.11743945,-0.23243849
-0.16301551,-0.1962665,-0.21778277,-0.10338281,-0.15030129,-0.20756304,-0.101634964,-0.15910622,-0.08781097,0.069358654,-0.08945816,-0.09934235,-0.0896656,0.016544893,0.009852916,-0.22439903,-0.14833592,0.004140361
-0.13492905,-0.17419916,-0.20345129,-0.06058134,-0.12584129,-0.19184226,-0.08649388,-0.13329197,-0.06908287,0.08337228,-0.08788533,-0.08846583,-0.06482902,0.021781899,0.0063729845,-0.21500632,-0.14317389,0.0034914901
0.071676105,0.07155725,0.07802342,0.059335742,0.0377543,0.26463988,0.060516603,0.13900656,0.1470789,0.21571033,0.096612304,0.19385898,-0.045074027,0.2681296,0.0075497893,-0.048013877,-0.009070402,-0.15050735
0.116181836,0.10620937,0.087184735,0.08009929,0.07677209,0.26832494,0.06249839,0.16500653,0.17565419,0.23620752,0.07964992,0.20852333,0.0050216084,0.2222865,0.01337376,-0.011652476,0.006409539,-0.15292002
-0.037054032,-0.14484957,-0.17159462,-0.017149461,-0.1824814,0.029192688,-0.16485323,-0.030590413,0.07422344,0.10141248,-0.09118401,0.21476023,-0.06769983,-0.20490094,-0.12584868,-0.12791863,-0.00577054,-0.36186498
-0.061998338,-0.21082295,-0.16244681,-0.04718798,-0.29595545,0.050716173,-0.037481043,-0.086538844,-0.101957746,0.107512385,-0.038399428,0.008392267,-0.020442672,-0.14710592,-0.049983524,-0.098660246,-0.032183137,-0.12637465
-0.049322333,-0.16988002,-0.13630585,0.011241838,-0.25914395,0.07104501,-0.019991236,-0.07365711,-0.07608889,0.12374674,-0.06140551,0.029370721,0.00026105106,-0.15079835,-0.053632956,-0.097126886,-0.020991731,-0.12568572
-0.1834308,-0.3535677,-0.29081625,-0.22622603,-0.3467766,-0.15522869,-0.1645665,-0.31132504,-0.3494487,-0.11386412,-0.20740233,-0.09185745,-0.23596999,-0.3084981,-0.15968566,-0.2998087,-0.1744116,-0.1996838
-0.18917893,-0.3378147,-0.28071073,-0.2388096,-0.33524653,-0.1412365,-0.16043293,-0.293965,-0.32458603,-0.10403683,-0.20659147,-0.07235858,-0.21788512,-0.29512104,-0.14352122,-0.29092097,-0.15874912,-0.1926574
-0.20080738,-0.21053636,-0.213315,-0.032795332,-0.24767067,-0.23873948,-0.18720119,-0.254761,-0.22104983,-0.09634605,-0.19954923,-0.07654668,-0.13905945,-0.21137702,-0.16033946,-0.27882266,-0.15073021,-0.12353247
-0.18900941,-0.17647104,-0.20285061,-0.03834432,-0.21251605,-0.2255195,-0.18669371,-0.20420693,-0.18758693,-0.076133065,-0.19722362,-0.016694192,-0.13628808,-0.21315393,-0.13079408,-0.26940387,-0.09232432,-0.12960781
-0.09637887,-0.16629715,-0.03384932,-0.019185778,-0.19100711,0.050268043,-0.058979455,0.0070939846,-0.08352024,0.15221511,-0.10673902,0.10295094,-0.22097918,0.017661698,-0.08674447,-0.21144463,-0.09670051,-0.24691826
-0.08898793,-0.15897754,-0.051620807,-0.050754596,-0.1935218,0.06494437,-0.049762852,0.032057106,-0.07963936,0.16369256,-0.11597457,0.11952588,-0.23369046,0.0010724873,-0.061023496,-0.21715304,-0.06671271,-0.26442674
0.09733138,-0.020578537,-0.1608687,-0.013717689,0.031568557,0.1195774,-0.08077101,0.07501993,-0.023066785,0.17842849,-0.05412774,0.12898844,-0.05482498,-0.18739863,-0.052677236,-0.14065175,0.07746759,-0.17626864
-0.034682535,-0.04662374,-0.15562591,0.055760402,-0.010092647,0.0634132,-0.07130626,0.030022062,-0.03174213,0.15854566,-0.06902413,0.120063454,-0.05959183,-0.2043479,-0.047037724,-0.14641808,0.054458417,-0.1728259
-0.037598964,0.15035258,0.039836254,-0.023197295,0.084892675,0.28850946,0.024427624,0.2480784,0.23485723,0.20943111,0.23174186,0.28047177,-0.084944636,0.114922576,0.044272266,0.12537582,0.15518928,-0.1328675
-0.014695458,0.16468059,0.052350372,-0.0071838656,0.092029855,0.2856554,0.012145862,0.2602035,0.2740725,0.2205984,0.18989772,0.29767215,-0.07492384,0.13609841,0.050593838,0.08844381,0.14296229,-0.17303467
0.045114934,-0.062144913,-0.12691237,-0.040211648,0.03686275,-0.008494396,-0.18043898,0.027465653,0.10612001,0.09580642,-0.039568413,0.2168225,-0.15674289,-0.15623522,-0.028013354,-0.1910654,0.042478625,-0.29506266
0.0007955638,-0.09672494,-0.17282186,-0.052137285,0.005934629,-0.040684693,-0.20353763,-0.01284942,0.07181626,0.068517,-0.051630102,0.17150703,-0.16966063,-0.1742797,-0.050104547,-0.20695788,0.0040984424,-0.30943885
-0.0803155,-0.07877141,-0.16088265,0.01885922,-0.010778155,0.06067177,-0.12962683,-0.021047898,0.070575885,0.15930447,-0.019215262,0.21936907,-0.108462535,-0.096248426,0.027323024,-0.12146698,0.044100996,-0.18389067
-0.055676814,-0.084385686,-0.15544418,0.009325035,-0.025166951,0.08590233,-0.12435272,0.014297726,0.07028524,0.172504,-0.016504973,0.23269278,-0.09512568,-0.09127079,0.023339909,-0.12810418,0.04601345,-0.17758138
-0.008165459,-0.11172069,-0.17505051,-0.19452035,-0.0831411,0.14082469,-0.14042147,-0.08844632,-0.047046263,-0.030164843,0.20747109,-0.013666231,-0.2033952,-0.013608432,-0.11057887,-0.024106802,-0.048107743,-0.13837242
0.0030126465,-0.10109297,-0.17945859,-0.21536544,-0.08625121,0.15804791,-0.13457397,-0.063295506,-0.045707867,-0.01562418,0.20291819,-0.03141249,-0.17482236,-0.007942014,-0.11796075,-0.01986961,-0.069602065,-0.1321757
-0.03192917,0.1564874,0.047151446,0.0749086,0.14191899,0.24724214,0.16433533,0.27679995,0.27623236,0.29541475,0.003312323,0.33672902,-0.10384233,0.1364709,0.21799012,-0.09647469,0.29115683,-0.17137685
0.011977511,0.2434589,0.08458093,0.09467072,0.22546239,0.32329002,0.2393773,0.34891135,0.33957684,0.32991946,0.04083269,0.34736764,-0.03096535,0.19419184,0.29192618,-0.018852975,0.36081484,-0.1244984
-0.22922216,-0.23214585,-0.17571102,-0.2983649,-0.21229824,-0.165182,-0.14758688,-0.2173239,-0.2880914,-0.0054269945,-0.13258511,-0.0750769,-0.21368739,-0.22674055,-0.0040662526,-0.15129735,-0.13100839,-0.08085876
-0.22619826,-0.24295388,-0.19065315,-0.3263731,-0.2148567,-0.17471768,-0.16518888,-0.21622773,-0.30743968,-0.009441905,-0.13001646,-0.084152035,-0.21009839,-0.23415987,-0.036902916,-0.16364901,-0.16119163,-0.07584543
-0.1456714,-0.32057056,-0.17590128,-0.06265411,-0.32065418,-0.24848041,-0.23647295,-0.35244042,-0.2696842,-0.06153765,-0.14056753,-0.13477708,-0.21304658,-0.16865933,-0.20523073,-0.22458795,-0.34213138,-0.2239831
-0.1297072,-0.32705045,-0.18103729,-0.052665558,-0.32848302,-0.2381166,-0.2412709,-0.35366446,-0.27962002,-0.06078513,-0.13347097,-0.13350168,-0.21396255,-0.16776982,-0.2315728,-0.23132628,-0.3557099,-0.23430663
-0.10718699,-0.23052561,-0.2292822,-0.16851152,-0.23596066,-0.2884589,-0.30160004,-0.36721018,-0.27311692,-0.094713815,-0.19699378,-0.19311193,-0.24006003,-0.20833692,-0.21024849,-0.22861841,-0.3367617,-0.224661
-0.12957235,-0.25968814,-0.22913173,-0.19533336,-0.26745525,-0.2880213,-0.27890676,-0.4001014,-0.3066643,-0.11555936,-0.17039572,-0.24767691,-0.2389993,-0.17472564,-0.21058644,-0.22196023,-0.36141434,-0.2010687
-0.16167022,-0.22743788,-0.18909858,-0.16396455,-0.20816568,-0.27382797,-0.24062908,-0.40961015,-0.30975446,-0.12022294,-0.1344836,-0.23037398,-0.23149008,-0.11288828,-0.12028929,-0.22792968,-0.29989302,-0.09911659
-0.1984253,-0.26149777,-0.19329771,-0.19726296,-0.24934074,-0.2731504,-0.2256338,-0.42592585,-0.3267643,-0.1361024,-0.11924905,-0.26804295,-0.23470485,-0.081745036,-0.1210768,-0.22362183,-0.31683248,-0.09371931
-0.18959323,-0.39055133,-0.20272967,-0.10538316,-0.39185137,-0.23893377,-0.37605077,-0.3429788,-0.2577938,-0.13603945,-0.068974756,-0.1757423,-0.2368352,-0.03732574,-0.4257967,-0.33848956,-0.49119595,-0.28495717
-0.24678072,-0.39172953,-0.17644471,-0.05938932,-0.40939966,-0.2585181,-0.36342818,-0.3643843,-0.24605781,-0.13826191,-0.067120455,-0.15980154,-0.2163667,-0.03179511,-0.41787812,-0.31190512,-0.5048802,-0.2781138
0.03962324,0.09663461,0.12082028,0.39159483,0.052574497,-0.091672435,0.232014,0.11237184,0.15588005,0.023653751,-0.10481177,0.04642119,0.33671942,-0.0029265273,0.09211395,0.09601992,0.08242505,0.13414098
-0.06103308,-0.020798791,0.035957497,0.35248384,-0.051390726,-0.09854411,0.19583367,0.08195619,0.09058223,0.0012767129,-0.10954763,0.025727957,0.25966504,-0.011906966,0.077386536,0.019396551,0.0815232,0.12256414
0.0067008156,0.020293716,-0.15408029,-0.0963935,0.095563814,0.07573038,-0.10496584,-0.023079144,-0.047253173,-0.0016018468,0.28205314,0.019726738,-0.24164942,0.02463527,-0.06334011,-0.08311111,0.026456408,0.07609755
-0.012457777,0.024138128,-0.13284378,-0.07486857,0.09074973,0.058928255,-0.10656412,-0.04302713,-0.028881438,-0.005727781,0.3028493,0.02392242,-0.23003715,0.045477275,-0.06971947,-0.06580359,0.010413826,0.103171475
-0.29331732,-0.35940236,-0.2826776,-0.015727364,-0.39324087,-0.24746718,-0.31483102,-0.40606955,-0.28629568,-0.1602092,-0.06882521,-0.16792575,-0.21464711,-0.20706818,-0.2562928,-0.28079316,-0.32491037,-0.22066487
-0.31623217,-0.36230418,-0.28607616,-0.047934547,-0.39697468,-0.24999897,-0.29865336,-0.39994082,-0.29148674,-0.15196806,-0.048693523,-0.17425887,-0.20952654,-0.20420487,-0.25104633,-0.2680266,-0.32423118,-0.20535849
-0.21284832,-0.4574485,-0.3337059,-0.27323905,-0.46456388,-0.30282655,-0.31395498,-0.3746937,-0.42897353,-0.18261012,-0.22379546,-0.27502814,-0.2773474,-0.35290462,-0.28410736,-0.296367,-0.33416644,-0.2704518
0.00876613,0.17484564,0.17578869,0.024369728,0.22634193,0.2566271,0.007895382,0.065728046,0.0041437694,0.18321045,0.028714862,0.07532356,-0.21978436,0.3146693,0.057426848,-0.047575533,0.013799453,-0.061233047
-0.0014665651,0.13505684,0.16563872,0.010440674,0.18125317,0.2448769,-0.022751026,0.05427549,-0.006573114,0.17233491,0.028429642,0.080373935,-0.23383176,0.3107148,0.019605359,-0.060934186,-0.013852882,-0.09175161
-0.13124418,-0.17527305,-0.12686951,-0.0036378475,-0.11335493,-0.013815938,-0.011747728,-0.22380891,-0.08343384,-0.12168615,0.25681514,-0.089684844,-0.12928247,-0.13322683,-0.108148195,0.123484895,-0.029257713,0.073922105
-0.13816662,-0.14279269,-0.11782499,0.00049309526,-0.08738771,0.021997835,0.017141389,-0.20549878,-0.06187008,-0.09547682,0.2833374,-0.069554895,-0.104731396,-0.103429645,-0.068992086,0.1513081,-0.00047659245,0.09963704
0.08958145,-0.068247646,-0.11857852,-0.034042027,-0.018088792,-0.011289635,0.06269658,-0.08687633,-0.03839491,-0.01461174,0.16929735,-0.13671835,-0.031226145,-0.004330536,0.1158719,0.26101872,0.021594206,0.09859426
0.1294849,-0.056167386,-0.11048171,-0.029076604,-0.00015216204,0.0051492685,0.07229248,-0.06690944,-0.03126888,-0.009092077,0.17223446,-0.13893609,-0.025512045,0.004808179,0.12168642,0.2704709,0.03148966,0.10534
-0.24241576,-0.35770264,-0.30483726,-0.15349022,-0.3981338,-0.23311284,-0.27435675,-0.3172165,-0.32018095,-0.13497722,-0.07772766,-0.124042355,-0.21794243,-0.2923689,-0.26628423,-0.1726675,-0.25407976,-0.18906386
-0.21397728,-0.32000133,-0.26939017,-0.13020273,-0.36485887,-0.21274947,-0.2542447,-0.30561605,-0.28988805,-0.11983467,-0.14393286,-0.12085038,-0.18028355,-0.28193143,-0.24025814,-0.1959016,-0.23756875,-0.19658937
-0.16537854,-0.19349079,-0.19843625,0.0673932,-0.25101358,-0.038135782,-0.13779,-0.19372591,-0.1185416,-0.0031422987,-0.10528724,0.020335883,-0.0542322,-0.17602439,-0.246881,-0.16357619,-0.17135297,-0.21747151
-0.12362564,-0.19984135,-0.20022103,0.09070672,-0.25716507,-0.030922808,-0.13776653,-0.16280322,-0.12313559,0.027051259,-0.06834188,0.09034831,-0.063026994,-0.1903104,-0.26300538,-0.14167544,-0.14368525,-0.22778031
-0.13323662,-0.20605496,-0.25187558,-0.14168508,-0.21750072,-0.21381523,-0.27834165,-0.2879664,-0.2503511,-0.050963115,-0.14314531,-0.076822884,-0.15203978,-0.34573278,-0.18079145,-0.17966495,-0.21316347,-0.19638935
-0.10946132,-0.2081375,-0.22217424,-0.14705108,-0.22919625,-0.17046897,-0.24552421,-0.296198,-0.24251969,-0.061759472,-0.12256784,-0.11347242,-0.13471437,-0.30926228,-0.15812191,-0.15511386,-0.20900615,-0.1764308
0.06744514,0.20887846,0.28130376,0.33373109,0.25278834,0.3249421,0.3922272,0.22866046,0.15672758,0.17904316,0.38753277,0.16230577,0.3507305,0.2793174,0.21272412,0.3101923,0.24560893,0.5393968
0.07726948,0.19578908,0.28756022,0.3388771,0.23929976,0.32127738,0.38721108,0.23035352,0.15458587,0.17875585,0.38102013,0.16106805,0.35647768,0.27640983,0.20078956,0.30245826,0.23149487,0.53287065
0.31843376,-0.18452068,-0.22622237,0.18231332,-0.17220859,-0.083436556,-0.1657412,-0.10748855,-0.11746641,0.058961775,-0.08214535,0.022563173,-0.13243431,-0.19415711,-0.1675501,-0.16528878,-0.14165069,-0.2908856
0.32084385,-0.17361178,-0.22241287,0.17285983,-0.16275682,-0.054574896,-0.14757715,-0.0832061,-0.068357736,0.08324311,-0.07246593,0.040546063,-0.098172106,-0.18107748,-0.118887976,-0.1551496,-0.114365265,-0.2722218
0.27378508,-0.10180239,-0.26305127,0.08001712,-0.07269035,-0.14218369,-0.11672529,-0.09316223,-0.077811405,0.039077867,-0.15980344,-0.07980331,-0.14102891,-0.14236726,-0.08068503,-0.12833756,-0.1003136,-0.25487417
0.27859917,-0.096214995,-0.26232216,0.08498666,-0.06690632,-0.12680013,-0.107021734,-0.078946576,-0.059732426,0.04754401,-0.15247099,-0.066808805,-0.13567753,-0.13449498,-0.067044474,-0.12918618,-0.09049808,-0.2629212
0.22657572,0.40842,0.24778444,0.001604963,0.37374422,0.36638266,0.07781605,0.25164974,0.21625143,0.20219406,0.099320345,0.3229175,0.011289119,0.17501442,0.07838438,0.0321427,0.12973444,-0.07814696
0.20912899,0.4323662,0.25384465,0.044301167,0.3940193,0.39051014,0.09732921,0.26995605,0.24465826,0.22532393,0.119367786,0.34459907,0.032279067,0.2069734,0.10283545,0.052165262,0.15212353,-0.06508383
-0.1694725,-0.37487695,-0.21706174,-0.17196366,-0.38860628,-0.1780756,-0.2222546,-0.28066352,-0.32543066,-0.083484635,-0.09010492,-0.12891015,-0.24487351,-0.07644544,-0.20820436,-0.21647829,-0.2460618,-0.19639853
-0.17053828,-0.3831559,-0.22732396,-0.21139194,-0.39369085,-0.16183992,-0.20713314,-0.28044155,-0.34690288,-0.08200997,-0.09811242,-0.15285946,-0.24004634,-0.0876589,-0.2121627,-0.21718435,-0.25338376,-0.18172298
-0.00034635141,-0.08834099,-0.19872226,0.13344073,-0.043125793,0.029026434,-0.09592919,-0.16388848,-0.07427269,0.06917421,-0.013392791,-0.08322356,-0.14101365,-0.0409869,-0.06933739,-0.16288503,-0.102902375,-0.2159196
-0.051328227,-0.12080575,-0.20133972,0.17174068,-0.08293315,-0.016704358,-0.12656815,-0.18798964,-0.081664436,0.059719764,0.0014639423,-0.053177673,-0.11876866,-0.09352627,-0.09269045,-0.15004236,-0.12524304,-0.21022017
-0.17646602,-0.19471978,-0.24311143,-0.11555844,-0.22366992,0.045703497,-0.060371045,0.050230984,-0.005549757,0.16376168,0.054973006,0.103675485,-0.14082478,0.03642177,0.092124,-0.17815028,0.05489794,-0.1328211
-0.21250054,-0.1778005,-0.24716713,-0.10286536,-0.20584956,0.043585982,-0.082353026,0.030543528,-0.017390922,0.15638255,0.008552027,0.081036404,-0.1228664,0.0032537337,0.055568352,-0.19455734,0.006510352,-0.16333249
-0.101747654,0.010707073,-0.23272024,-0.038719743,0.14887755,-0.059801653,-0.15139836,-0.10950437,-0.15802553,0.07437876,-0.109720185,-0.008357197,-0.24130237,-0.22428451,0.0026316897,-0.1998474,0.013739545,-0.124644145
-0.064884014,-0.013396242,-0.2286157,-0.058679834,0.15105443,-0.06299425,-0.14286588,-0.12695237,-0.15149869,0.059765745,-0.0910871,-0.039474335,-0.2368991,-0.19590278,0.007127329,-0.18691242,0.0023944236,-0.12220463
-0.26196012,-0.407136,-0.25317085,-0.07707954,-0.38258052,-0.17002463,-0.16224024,-0.39128235,-0.23232858,-0.24186096,0.16382726,-0.25819674,-0.2557928,-0.1574606,-0.25851992,-0.08399139,-0.2687555,-0.02191777
-0.30422142,-0.3702809,-0.2508094,-0.095409565,-0.35360602,-0.16077006,-0.1684872,-0.37734804,-0.18826917,-0.22836109,0.16477616,-0.22303347,-0.23072167,-0.14065343,-0.23733288,-0.08132452,-0.25195843,-0.01034384
0.16608284,0.31125265,0.04434994,-0.018799977,0.33084774,0.2536346,-0.050018527,0.15047671,0.15889893,0.17714493,0.19009069,0.2791132,-0.18439034,0.075226545,0.11293238,0.04744552,0.18018278,-0.008128655
0.013036972,0.19651128,-0.09314636,-0.07695305,0.17377645,0.28444988,-0.08158933,0.08844504,0.09593981,0.10614886,0.1525603,0.21074404,-0.2120605,-0.04893491,0.0583845,-0.08400372,0.1500182,-0.100833945
-0.049105566,-0.16969293,-0.102815755,0.005778176,-0.22292937,0.11026827,-0.027251773,0.13075353,0.14214477,0.18969728,-0.09214908,0.15589137,-0.0035278206,-0.095320314,0.0068261097,-0.12697499,0.06946997,-0.18715808
-0.33034912,-0.5094237,-0.39595062,-0.20991725,-0.46860492,-0.31854433,-0.35184833,-0.4085859,-0.36990395,-0.2375418,0.027631475,-0.16166495,-0.35137856,-0.46745437,-0.33050454,-0.23027188,-0.27835876,-0.2047992
-0.35586426,-0.5164174,-0.41113618,-0.21127935,-0.47980422,-0.3351819,-0.3774786,-0.4220805,-0.38159063,-0.25170144,0.00948111,-0.1781692,-0.35061577,-0.49308288,-0.35640302,-0.2502117,-0.31050467,-0.2126753
0.010153939,-0.055062465,-0.13089614,0.14931966,-0.10305989,0.08159057,0.038931273,0.014153548,0.105408356,0.08415652,0.057182025,0.29340658,-0.16192085,-0.043468665,0.15764819,0.010785364,0.24730037,-0.06606922
-0.0015695544,-0.053798545,-0.15190233,0.12774928,-0.10172171,0.07738248,0.042178135,0.026238108,0.12751529,0.09113545,0.06219457,0.29493663,-0.14209408,-0.04768679,0.1623602,0.032392483,0.25336793,-0.066689774
0.08091341,-0.17113763,0.13081995,0.3433622,-0.1645759,-0.07400911,0.22368498,-0.071702704,0.06488437,-0.012022329,0.26175624,-0.11783295,0.40501425,0.099205784,0.08122691,0.31981236,-0.08055451,0.35529283
0.09004541,-0.17709003,0.13045697,0.33743924,-0.1718164,-0.07017178,0.2218884,-0.070681885,0.05639823,-0.012825923,0.25787997,-0.12000983,0.39906096,0.091431685,0.0622158,0.31762505,-0.092911966,0.34194788
0.33219087,0.10425952,0.31160268,0.3828013,0.07926292,0.13208555,0.2613061,0.16878563,0.2310348,0.0356543,0.15172322,0.07375287,0.19652851,0.30924407,0.19144042,0.22328247,0.10994043,0.12873664
0.28655556,0.106769525,0.30124438,0.3610772,0.07162059,0.13918601,0.25206566,0.17346765,0.21613878,0.054365274,0.16661088,0.077239744,0.17764516,0.3223708,0.19431537,0.22857444,0.10108965,0.13144134
0.27711275,0.022702994,0.19839272,0.31679788,-0.0011351662,-0.021783777,0.26629198,0.025736062,0.024726383,-0.104522176,0.08756722,-0.14545746,0.29342735,0.075591035,0.053382996,0.24859156,0.004878631,0.25578657
0.2824636,0.029173942,0.17843267,0.31973168,0.0032857484,0.0008376853,0.28687835,0.048228092,0.048169646,-0.083633296,0.10252366,-0.12050232,0.31631002,0.083965145,0.086532764,0.26079565,0.03877024,0.26568133
0.14757593,0.08385203,0.2683266,0.31952417,0.05211374,0.06659972,0.3140887,0.0728216,0.0671399,-0.024871102,0.11678911,-0.03375646,0.13473363,0.20704228,0.14275613,0.18246613,0.0867889,0.23141797
0.13901906,0.058021914,0.21123461,0.2696175,0.016908366,0.04159821,0.26124862,0.05274332,0.04331026,-0.043721143,0.091524154,-0.057815377,0.12520461,0.169118,0.11908323,0.17092182,0.05568481,0.19305103
-0.19570906,-0.31646127,-0.2817625,-0.16867167,-0.2564892,-0.1487713,-0.26694083,-0.35227874,-0.2545005,-0.13268816,-0.22349453,-0.1457139,-0.40224382,-0.18122455,-0.23255208,-0.38402635,-0.2365688,-0.38133484
-0.21868467,-0.2973352,-0.27799496,-0.14942881,-0.24285614,-0.12331878,-0.26159272,-0.33033577,-0.24939086,-0.11345941,-0.22445069,-0.14373738,-0.38634387,-0.1745846,-0.22252394,-0.38110378,-0.22600235,-0.3662461
-0.2394544,-0.16667734,-0.219599,-0.16442566,-0.12011002,-0.07272545,-0.106785305,-0.18873164,-0.2148816,0.04898941,-0.15571244,-0.07311699,-0.21825777,-0.25852895,-0.05669255,-0.2040952,-0.08965517,-0.16452527
-0.23176211,-0.173173,-0.2218829,-0.15975738,-0.12573005,-0.07168839,-0.11485237,-0.19209854,-0.23131707,0.04643317,-0.14768761,-0.06773906,-0.20561506,-0.27742437,-0.07214085,-0.20210917,-0.10118281,-0.15954663
-0.030966446,-0.13112053,-0.110729635,-0.08467952,-0.07486062,0.035973117,0.03780766,0.07197664,-0.03670761,0.16262169,0.008315714,0.053735454,-0.04704066,0.015594734,0.028261628,-0.116593555,-0.0013174203,-0.15182257
-0.039248496,-0.13626249,-0.1119327,-0.09442948,-0.09297648,0.037526403,0.036603935,0.0828951,-0.025271947,0.16492589,-0.009154107,0.05728025,-0.044068452,0.038408704,0.04583402,-0.1374805,0.0010284262,-0.14988291
-0.13226922,-0.3233044,-0.19722158,-0.13754272,-0.34816006,-0.294268,-0.29070207,-0.3464733,-0.3059271,-0.06374125,-0.14487165,-0.027303834,-0.2943279,-0.23114775,-0.14747833,-0.21307375,-0.20336857,-0.21527846
-0.15462743,-0.3449621,-0.21438311,-0.13808508,-0.36254406,-0.3156792,-0.32719034,-0.3816327,-0.32915643,-0.09661825,-0.18010719,-0.05591763,-0.337723,-0.26028273,-0.16827579,-0.24564424,-0.23174202,-0.2467507
0.23575073,0.12579982,0.2408113,0.3331129,0.07159804,0.027331077,0.2843065,0.2014209,0.25553793,0.008146,0.003935521,-0.02169128,0.4522404,0.027066916,0.10067399,0.19366112,0.09145326,0.16532834
-0.24531054,-0.48816037,-0.39564574,-0.23033868,-0.48860648,-0.38175437,-0.33033013,-0.3619416,-0.2905959,-0.16159439,-0.028581416,-0.20057312,-0.16574323,-0.2133126,-0.3175154,-0.25946638,-0.4235736,-0.21166655
-0.05439919,-0.09913894,-0.21054596,-0.11694538,-0.004266517,0.100488886,0.009052927,0.009721752,-0.11556166,0.047048282,0.21898846,-0.066660695,-0.14388157,-0.05688437,0.022534331,-0.07332357,0.073870465,0.05001952
-0.113660544,-0.13590053,-0.22366875,-0.09853865,-0.057009276,0.08021095,-0.020627903,-0.031370748,-0.114057414,0.030143874,0.25391158,-0.054449003,-0.13248411,-0.050518535,-0.0006031686,-0.09665813,0.04495708,0.07467501
0.039645173,0.25011194,0.13540503,0.004412636,0.312495,0.23914586,0.26931724,0.31513336,0.21849051,0.37513024,0.12726471,0.24292739,0.022928929,0.42663762,0.36932975,0.06144896,0.28958783,0.13629165
0.023024928,0.21662435,0.11598115,0.006366773,0.28923577,0.22833477,0.22912723,0.27154303,0.15809387,0.3453634,0.11099905,0.19608171,-0.008657681,0.40268004,0.30322453,0.026159633,0.22217238,0.105663136
-0.076751046,-0.06632336,-0.2235072,0.016724104,0.036555067,-0.100828044,-0.120322615,-0.008862978,0.16485512,0.12598696,-0.07766322,0.116527736,-0.1667695,-0.006632234,0.0713056,-0.13857017,0.053985506,-0.21194759
-0.022732642,-0.08560924,-0.24954554,-0.011899575,0.014600192,-0.09642539,-0.14537796,-0.006089234,0.15222016,0.12035958,-0.09885198,0.10876953,-0.17996179,-0.031627756,0.04030023,-0.16129883,0.04582515,-0.24711716
-0.021215716,-0.022650179,-0.17834969,-0.07377025,0.02090545,0.104302816,-0.08125287,0.18428953,0.101746134,0.17128675,-0.0016443976,0.1624433,-0.082160436,0.033365812,-0.028654259,-0.20784046,0.069527395,-0.1522668
-0.023423329,-0.065764174,-0.20263244,-0.090943724,-0.05379766,0.082527824,-0.13222232,0.18952483,0.100131646,0.18720964,0.01385887,0.27713364,-0.06931934,-0.027317185,-0.06971948,-0.23736095,0.085350424,-0.15339108
-0.14530165,-0.10591807,-0.2750771,-0.09815081,-0.07923356,0.088033624,-0.06325673,0.11107684,0.02795204,0.14933296,-0.02125414,0.18378103,-0.21540919,-0.05515707,0.050960127,-0.20986935,0.1328021,-0.20502368
-0.19173215,-0.13905385,-0.28761032,-0.09046268,-0.12632135,0.08292643,-0.060952995,0.067947954,-0.033674005,0.11917977,0.050733622,0.16130087,-0.21575333,-0.10766056,-0.0037537965,-0.14507173,0.10240443,-0.17129955
-0.025904397,0.025291447,-0.0425662,0.08425398,0.02512407,0.14083028,0.12609497,0.3275164,0.28383988,0.30729553,0.089477494,0.29321617,0.040930137,0.12867145,0.26586393,0.007797963,0.31198388,-0.020804534
-0.032252,0.025385028,-0.05632405,0.090731025,0.02955065,0.14602824,0.1219782,0.32511994,0.28382397,0.30487084,0.10200787,0.29213813,0.042805105,0.12574717,0.2643289,0.00018486247,0.30318445,-0.02101832
-0.18207884,-0.37468436,-0.3822594,-0.21380848,-0.3922876,-0.27701867,-0.36848462,-0.3875811,-0.4209386,-0.15289599,-0.21819471,-0.18581153,-0.32070765,-0.37591705,-0.31449586,-0.35668394,-0.3212739,-0.30233648
-0.20649284,-0.38572836,-0.3978848,-0.22001179,-0.4062468,-0.26237482,-0.3665884,-0.39620408,-0.42753804,-0.16360925,-0.21079437,-0.20938277,-0.31673288,-0.36233827,-0.3153046,-0.36778304,-0.33756578,-0.29895183
0.49802586,0.28933465,0.4472937,0.25020066,0.30769473,0.28214923,0.20799151,0.36541277,0.33348808,0.27382168,0.06698115,0.34279737,0.06816326,0.3295212,0.2952907,0.120159805,0.26218846,0.08436852
0.4954285,0.2894604,0.44906008,0.25356644,0.30786216,0.28056124,0.20855007,0.36586183,0.33329383,0.27380446,0.06498122,0.34131676,0.0690558,0.3315777,0.2941425,0.11768925,0.2602955,0.085694455
-0.16487695,-0.30040294,-0.28911772,-0.16911341,-0.30366945,-0.21010238,-0.3372891,-0.22780131,-0.12317856,-0.014208995,-0.006665491,0.0019248186,-0.24008842,-0.17015326,-0.2153089,-0.20757112,-0.29214317,-0.20334513
-0.1424674,-0.30773428,-0.2696683,-0.16990219,-0.31405872,-0.2090565,-0.3572743,-0.22613533,-0.12650779,-0.006396381,-0.056472473,0.008568271,-0.27772477,-0.15990002,-0.2241313,-0.25188434,-0.3080875,-0.24747418
-0.10284364,-0.13167077,-0.2625215,-0.055668138,-0.05322139,-0.04054955,-0.06684291,-0.1162261,-0.16404174,0.09778658,-0.089387804,-0.0117277205,-0.10055831,-0.2686878,-0.07635388,-0.15533021,-0.0035297812,-0.16957502
-0.058259066,-0.108575694,-0.24658284,-0.05801007,-0.025836075,-0.029018022,-0.07650805,-0.09655492,-0.14360404,0.107782505,-0.086541325,0.010161136,-0.10831823,-0.26086593,-0.07360014,-0.15055823,0.008441784,-0.18252695
0.30046228,0.36857975,0.44498,0.30345604,0.34959325,0.35546666,0.4655165,0.31499216,0.34048176,0.18068942,0.24794802,0.1641121,0.17400208,0.4006389,0.37744448,0.4192121,0.33031994,0.21641247
0.26280504,0.38891852,0.45590118,0.3269012,0.35213006,0.38598275,0.4786478,0.31690553,0.3505717,0.19711304,0.24634996,0.1853398,0.15478516,0.42350256,0.39427292,0.40499836,0.349935,0.21263938
-0.10086077,-0.20932509,-0.15871279,-0.08224906,-0.209459,-0.017857688,-0.093222134,-0.026775274,-0.106943116,0.04614549,-0.15302403,-0.07194869,-0.09060737,-0.07491565,-0.16512726,-0.20116961,-0.14383024,-0.17086676
-0.2404503,-0.424964,-0.29162717,-0.15476485,-0.39687186,-0.123329565,-0.18697308,-0.2532122,-0.33995324,-0.047207866,-0.18800442,-0.18590233,-0.2660687,-0.24287578,-0.20267387,-0.33346543,-0.2605107,-0.30628112
-0.23967081,-0.41669396,-0.30092394,-0.1664358,-0.39161348,-0.134139,-0.1849963,-0.24008983,-0.32864574,-0.045895737,-0.1880767,-0.19460614,-0.2457276,-0.24918763,-0.20228241,-0.33089057,-0.2631999,-0.28794435
-0.12069636,-0.19099863,-0.2403941,-0.08750379,-0.14167376,0.0102452915,0.014565225,-0.11306561,-0.16492052,0.050249837,-0.09320091,-0.03259576,-0.1304073,-0.10865521,-0.03844471,-0.19345114,-0.042195432,-0.12651078
-0.13879508,-0.19044214,-0.2392149,-0.12496688,-0.13676387,0.010759442,0.007481157,-0.11824149,-0.16533901,0.043824904,-0.09321635,-0.039657373,-0.13987696,-0.08929841,-0.027229661,-0.20446269,-0.048898302,-0.12724438
0.11606946,0.2657115,-0.051311765,-0.12158697,0.32621658,0.25752583,-0.04460954,0.17103201,0.06421658,0.23016131,-0.007079049,0.17805529,-0.13561372,0.024014348,0.08273837,-0.08909671,0.09553189,-0.085409574
0.069847524,0.2561608,-0.039730087,-0.11247722,0.31102848,0.26096222,-0.046630625,0.15994199,0.058090277,0.22608477,0.0130608585,0.19354251,-0.14438641,0.02949791,0.078908876,-0.09225692,0.08991303,-0.08418541
0.005398861,-0.33702323,-0.28978932,-0.31839746,-0.31266245,-0.22181095,-0.2465388,-0.34984457,-0.2499888,-0.21809141,0.094686024,-0.25426042,-0.25879183,-0.17721224,-0.2724136,-0.10469896,-0.3095155,0.01828383
-0.0012508044,-0.34134048,-0.29144335,-0.31930542,-0.31992579,-0.21238324,-0.25229278,-0.3495038,-0.2626336,-0.22190501,0.092795216,-0.26137963,-0.25502467,-0.1944348,-0.29599056,-0.10296735,-0.32592198,0.009901241
-0.15362355,-0.40392703,-0.32600486,-0.091771744,-0.39558938,-0.29893345,-0.23677193,-0.3741502,-0.387037,-0.15278703,-0.23990442,-0.10874776,-0.34985662,-0.31076795,-0.21449801,-0.34360734,-0.23548529,-0.26377702
-0.20687692,-0.3979508,-0.345809,-0.14254075,-0.38738304,-0.2893688,-0.23677269,-0.36706644,-0.3865064,-0.14909977,-0.23947379,-0.11594751,-0.35108477,-0.30231118,-0.20917536,-0.34954,-0.23745497,-0.24789418
-0.11795986,-0.36662892,-0.29522642,-0.080403626,-0.35742542,-0.25058556,-0.23362689,-0.37727362,-0.36252233,-0.15028529,-0.21766497,-0.09903198,-0.33776355,-0.28816968,-0.21364744,-0.31079742,-0.21955499,-0.25427356
-0.15787467,-0.36406904,-0.29969943,-0.058874663,-0.35402364,-0.26079255,-0.22465937,-0.36942855,-0.3469334,-0.14330666,-0.21196516,-0.09557572,-0.31588477,-0.27449933,-0.20050618,-0.3109863,-0.21314858,-0.2323
-0.053284526,-0.29518995,-0.22100385,-0.22279552,-0.3574392,-0.08638329,-0.1565548,-0.17871355,-0.16245678,0.0044790367,0.09538792,0.06710669,-0.17587498,-0.079804316,-0.08561713,-0.09022427,-0.057124417,-0.14248666
-0.094487004,-0.32044786,-0.23917781,-0.22730047,-0.3770044,-0.08972989,-0.16112821,-0.20091128,-0.17785797,-0.03310622,0.15653479,0.026887888,-0.16300938,-0.10811181,-0.100393,-0.040146112,-0.090076804,-0.112954505
-0.18694529,-0.19412977,-0.19667642,-0.08071428,-0.1629129,-0.02689917,-0.13700998,-0.035611697,-0.06270713,0.12262522,-0.08671163,0.1296009,-0.12253678,-0.21183072,0.010516366,-0.19834983,0.02482496,-0.18211813
-0.1991972,-0.20140347,-0.1884773,-0.09130436,-0.183607,0.005361672,-0.12195191,-0.008185199,-0.032875437,0.14093979,-0.075509466,0.14565259,-0.10745024,-0.17716591,0.028903231,-0.18619202,0.037477877,-0.185802
-0.12320694,-0.16787213,-0.14145342,0.023845958,-0.18071742,-0.12291466,-0.08967108,-0.038598765,-0.047715575,0.16758795,0.03900886,0.17543817,-0.16488266,0.04729494,0.13164449,-0.122005835,0.03952922,0.006466536
-0.16441715,-0.1782322,-0.11185449,0.015689913,-0.2027014,-0.101930246,-0.04773727,0.031685416,0.0159885,0.20793407,0.0046567596,0.1639294,-0.1143863,0.10436964,0.1364153,-0.14694004,0.027965337,0.0067796656
0.055951763,0.15436955,0.10537051,0.1590282,0.1366404,0.3053007,0.13453928,0.025341906,0.081589006,0.015444991,0.34930444,0.039229106,-0.056928378,0.058688354,-0.06856355,0.18175818,0.11474066,0.13833337
0.06692796,0.08547515,0.013422275,0.18749666,0.051801488,0.05160259,0.029608428,0.05042051,-0.023306446,0.052053615,-0.05156645,-0.01428656,-0.08707512,0.055847205,-0.054776173,0.009300722,-0.057254262,-0.18255351
0.057592742,0.11922403,0.026999129,0.18485713,0.08963615,0.07651218,0.04985074,0.076316565,-0.00822662,0.07482083,-0.024683401,0.008477223,-0.07387912,0.08548016,-0.042281035,0.03845061,-0.033607338,-0.16775851
-0.09860783,-0.24723195,-0.10707669,-0.21998486,-0.28888467,0.015443164,-0.05462862,-0.05009881,-0.104471296,0.0015255255,0.03077609,0.03920906,-0.24050455,0.065277554,0.07815392,-0.11618045,0.08907609,-0.04287611
-0.09026909,-0.22185926,-0.11819921,-0.24242957,-0.272883,0.0013321126,-0.07951435,-0.04070088,-0.10226936,0.009839306,0.030512717,0.04421097,-0.24757928,0.019628733,0.07737641,-0.095453836,0.097440705,-0.05962924
0.23019184,0.22760448,0.3695761,0.3145243,0.20181872,0.04122608,0.45287845,0.15956745,0.15330838,0.045677707,0.17759155,-0.11173116,0.49176624,0.2201451,0.18799113,0.39816737,0.07249921,0.4572114
0.21141632,0.20724948,0.3557895,0.308508,0.18223058,0.029374558,0.4261277,0.13143516,0.13181137,0.019082552,0.16947596,-0.13957468,0.46181193,0.21608758,0.148769,0.37686417,0.0386203,0.4208043
0.02477707,0.042139973,0.024807505,0.19835104,0.012281075,0.19084397,0.065397575,0.059073668,0.07776251,0.04932352,0.25201845,0.07053174,-0.06780883,0.15348728,-0.093992844,0.122959584,0.052722573,0.03046682
0.03725243,0.1303017,0.09643438,0.22310469,0.09945547,0.18522628,0.08761141,0.075061716,0.09073688,0.074838735,0.24782637,0.09086234,-0.05441942,0.1953844,-0.10262823,0.15354739,0.036226653,0.027691966
-0.21804903,-0.2982164,-0.2554542,-0.18082622,-0.23848021,-0.16120543,-0.20165019,-0.31771657,-0.25560832,-0.18029985,0.12899636,-0.15203594,-0.23999248,-0.313281,-0.27588302,-0.1247032,-0.2385019,0.0067400513
-0.23260906,-0.3182525,-0.2715901,-0.202048,-0.26230434,-0.1634105,-0.22773953,-0.33579466,-0.29138654,-0.20469557,0.114558265,-0.1891517,-0.2643121,-0.32888615,-0.30404902,-0.1540981,-0.27149343,-0.012075856
-0.32236418,-0.2243122,-0.18549705,-0.11983418,-0.21124491,-0.31117424,-0.19880891,-0.33336928,-0.2554599,-0.08953646,-0.15401158,-0.19345112,-0.121724874,-0.1823867,-0.08182492,-0.21910562,-0.25930145,-0.046970688
-0.31807476,-0.25085416,-0.22533773,-0.13823995,-0.23771346,-0.31947318,-0.23032491,-0.35062087,-0.27423057,-0.10496241,-0.16855048,-0.21522917,-0.14404915,-0.20666432,-0.116930164,-0.24723406,-0.28824443,-0.08296247
0.10750318,-0.109148875,-0.19066747,-0.23717263,-0.065874346,0.02683154,-0.11336005,-0.00393416,-0.099551104,0.06367163,-0.19438866,0.023094596,-0.20471352,-0.20886609,-0.118714385,-0.25446412,-0.06606316,-0.34134376
-0.078331694,-0.17385587,-0.22965302,-0.21990274,-0.17382295,-0.0005440307,-0.13166887,-0.05399921,-0.1480569,0.047850877,-0.21034172,0.03711441,-0.26683557,-0.23165898,-0.13649575,-0.30914953,-0.10100418,-0.3935253
-0.029098118,0.09562765,0.12466796,0.17449859,0.1095711,0.14364699,0.13897103,-0.052954443,0.1308456,0.013448956,0.3686721,0.02914609,-0.06257025,0.20409119,0.010902726,0.23596258,0.048416194,0.17728217
-0.016852401,0.13001901,0.13828081,0.16307293,0.14177725,0.15723647,0.1336147,-0.043462887,0.15431903,0.023906624,0.36812747,0.05049945,-0.053041663,0.2014582,0.017639896,0.24751365,0.054611396,0.16573207
0.11730287,0.10405904,0.25264817,0.22094299,0.1462905,0.24117123,0.29790458,0.018279327,0.13320224,0.019023573,0.45182297,-0.025963347,0.20149386,0.14611684,0.11801309,0.48360392,0.1385033,0.44081792
0.09380142,0.098809555,0.25631142,0.26265895,0.1269413,0.23792523,0.30701107,0.024810117,0.1562941,0.03571479,0.47097978,-0.0032895617,0.2388631,0.1653291,0.13006385,0.50581187,0.13617381,0.45246482
-0.06897065,0.11695621,-0.060683977,0.062157173,0.12862398,0.05648241,-0.022157876,0.014491297,0.15732022,0.1477115,0.26731473,0.16856703,-0.18526049,0.16655917,0.02734088,0.0477387,0.07282169,0.038050007
-0.07519713,0.08615765,-0.08188068,0.03171232,0.10308822,0.045413554,-0.040511455,-0.0037423945,0.11228066,0.12023905,0.2699438,0.13006678,-0.20380741,0.15198861,-0.021254424,0.015828859,0.033526942,0.050369777
0.1452924,0.22521816,0.062132988,-0.058690242,0.33954665,0.21931113,0.08620622,0.12752014,0.05217637,0.04567122,0.28485852,0.08246752,-0.16801918,0.024847241,0.10754874,0.10218993,0.19865252,0.23972459
0.12088004,0.21576503,0.048910227,-0.070398614,0.3323704,0.22187309,0.07655663,0.09026743,0.032498933,0.024686918,0.30230924,0.06070921,-0.17479493,0.020787686,0.08826789,0.09366774,0.17272493,0.23484395
0.27687046,0.27129084,0.20294544,0.008505835,0.36486778,0.23270555,0.083430715,0.16732962,0.10660042,0.07363655,0.22626154,0.13084927,-0.09588393,0.07414963,0.08613637,0.14531869,0.17174533,0.23404633
0.28507176,0.2642936,0.19409513,-0.0068773534,0.3568796,0.24475329,0.076595634,0.1646258,0.09897993,0.06826249,0.22851601,0.09806966,-0.10904642,0.080011904,0.06926264,0.1415597,0.15565525,0.2280707
-0.24345225,-0.3001998,-0.28385293,-0.11487467,-0.3361091,-0.13259895,-0.17429279,-0.29871723,-0.21910162,-0.018621214,-0.10939044,-0.013807585,-0.25853327,-0.123603486,-0.02641072,-0.2589625,-0.119196564,-0.16587734
-0.21614707,-0.2881551,-0.2936761,-0.15277994,-0.32163256,-0.102813266,-0.17228378,-0.28278434,-0.20817631,-0.0073655625,-0.11865225,-0.016885227,-0.25412548,-0.12300296,-0.017604785,-0.2521617,-0.095737964,-0.17375132
-0.033497337,-0.060335625,-0.11940185,-0.07335845,-0.09054911,0.11262532,-0.01594759,0.21194553,0.09816306,0.2011992,-0.089590676,0.12861824,-0.10159107,-0.030485729,0.07806271,-0.15270665,0.1578037,-0.15284511
-0.024653818,-0.030176265,-0.10333604,-0.077328324,-0.062392782,0.13770029,-0.01018725,0.22316968,0.11327394,0.2043593,-0.07947492,0.13412392,-0.09710758,-0.021758962,0.07747875,-0.14663392,0.15779449,-0.15555839
-0.019695938,0.009591388,-0.33234134,-0.21164432,-0.0011621119,0.07780571,-0.22675857,-0.04553285,0.057787556,0.09866337,-0.001102882,0.14388031,-0.27619854,-0.07946865,-0.0010018994,-0.20282324,0.04375165,-0.31654167
0.09265704,0.021721886,-0.2682105,-0.19256407,0.028768435,0.062066223,-0.17149931,0.040178433,0.16651306,0.11462276,0.018067822,0.18525365,-0.19302887,-0.05658257,0.078022495,-0.10818537,0.11744229,-0.2494912
0.09889595,-0.23393014,-0.100285396,-0.10473901,-0.18579212,-0.17365406,-0.15334271,-0.27616918,-0.11586354,-0.21243276,0.18939827,-0.15469907,-0.13281415,-0.18925436,-0.22667739,0.025999656,-0.20101137,0.1297718
0.041800942,-0.2876954,-0.17065826,-0.16968617,-0.24360123,-0.23320414,-0.21124502,-0.32859054,-0.18129401,-0.23215102,0.1581923,-0.19260697,-0.21726118,-0.2004078,-0.2741444,-0.040681187,-0.25397015,0.08122821
0.15231238,0.30036914,0.2957221,0.20110105,0.29134667,0.18546352,0.0759875,0.15453854,0.21469404,0.15688646,0.011285816,0.16849463,-0.12061904,0.3917768,0.100784324,0.017442435,0.00086644315,-0.0761043
0.06029632,0.21787158,0.14349656,0.14192994,0.18785946,0.24458078,0.062389165,0.09861389,0.12411107,0.08657275,-0.024824362,0.09961409,-0.09199167,0.27392665,0.03963226,-0.1052484,-0.016843772,-0.13722663
-0.2770462,-0.38152766,-0.3494745,-0.27498445,-0.38423023,-0.16484553,-0.22448672,-0.29456726,-0.32567197,-0.14852244,0.100539364,-0.23018648,-0.24080613,-0.3089577,-0.20799977,-0.08512966,-0.2618855,-0.07761424
-0.29406437,-0.3531814,-0.30995956,-0.23281272,-0.37165806,-0.13905148,-0.2128511,-0.26382536,-0.28151503,-0.12660123,0.12559177,-0.19669187,-0.17468739,-0.28901967,-0.20851232,-0.054481428,-0.25762218,-0.05110687
0.38503993,0.13419916,0.28680757,0.13936754,0.12199428,0.03640168,0.034382794,0.04505767,0.112312414,-0.121711895,0.09633793,0.013474818,0.10297938,-0.030242136,0.0294959,0.18786098,0.00997393,0.10462381
0.39699304,0.1503483,0.30370128,0.20230843,0.14160797,0.04089023,0.05307064,0.057531167,0.14127201,-0.10860052,0.11993586,0.027841821,0.12624358,0.004741281,0.04029739,0.2030887,0.022070808,0.1230642
0.38770404,0.16440906,0.2660711,0.19615054,0.096503995,0.012419103,0.13024914,0.1090805,0.1987995,-0.05126232,-0.049264442,-0.038900875,0.32381803,0.09182181,0.026555972,0.022124972,-0.07197645,0.058879957
0.40400085,0.215339,0.3050741,0.22546504,0.14976965,0.06582422,0.15695444,0.14274263,0.24781965,-0.021891775,-0.022594834,-0.007267556,0.35762128,0.13884267,0.062187195,0.054759227,-0.04251378,0.08079233
0.4463146,0.228891,0.37941384,0.2573979,0.18469638,0.021809971,0.16350803,0.10895248,0.25997618,-0.018673059,0.044339016,0.0014149542,0.37948948,0.18285938,0.07865913,0.091125615,-0.05406394,0.14416575
0.4626697,0.27910516,0.40827215,0.28393567,0.23141894,0.06769027,0.18621725,0.14536357,0.29978767,0.009694648,0.059429165,0.04008142,0.4024988,0.2282762,0.11842043,0.11643427,-0.01274846,0.15793306
0.09809742,-0.051235113,-0.23545204,-0.13276906,0.0105602695,-0.005038805,-0.14861192,-0.06611852,-0.045726035,0.11029036,-0.12008302,-0.07988369,-0.093477465,-0.13033198,-0.06866572,-0.11876727,-0.08762086,-0.15679719
0.035667416,-0.08687131,-0.25898764,-0.16521442,-0.029986974,-0.00451594,-0.16562401,-0.113992065,-0.088768005,0.07196798,-0.15059821,-0.13844658,-0.14691891,-0.13456576,-0.087014206,-0.15686812,-0.11927983,-0.19565247
0.50286627,0.2977181,0.19462685,0.03450061,0.2978895,0.23529357,0.24997719,0.39527217,0.3001084,0.31992745,0.21145038,0.41263813,0.019635858,0.15164319,0.3974799,0.3018385,0.4644117,0.15602414
0.47515687,0.28470096,0.1812685,0.030804249,0.2870141,0.22258146,0.22991143,0.38886347,0.2985714,0.31735694,0.19578543,0.42124012,0.0019291261,0.13281718,0.3772064,0.2840376,0.45552197,0.13029492
0.10571632,0.17285459,0.18306303,0.14475054,0.16161224,0.32247517,0.13898718,0.11029584,0.056286097,0.064791836,0.38473102,0.15633677,0.115857065,-0.08392125,-0.030651042,0.38348326,0.12841631,0.23279534
0.12769327,0.15700035,0.13991086,0.108627066,0.15771756,0.30775765,0.12953562,0.10884011,0.05003901,0.057986565,0.3811207,0.135212,0.109341525,-0.10343382,-0.03202249,0.38100395,0.12696524,0.22504108
0.02863015,-0.078240596,-0.15695956,0.030663218,-0.047558676,0.08834022,-0.059427008,0.042748988,0.102446355,0.14836682,-0.03876267,0.17980994,-0.0660838,-0.1533894,0.015942229,-0.10668959,0.1106531,-0.25651848
-0.031064808,-0.08191894,-0.16520084,0.029270627,-0.06312313,0.08674492,-0.02597953,0.06785112,0.112688094,0.16673248,-0.04522129,0.17053105,-0.05646787,-0.14977594,0.042414855,-0.10790087,0.12958224,-0.24897355
-0.2028907,-0.3320903,-0.24998878,-0.06395938,-0.35587773,-0.32424578,-0.2553883,-0.39112163,-0.34696114,-0.13288018,-0.08102907,-0.1705279,-0.17136677,-0.23174943,-0.25234544,-0.20210119,-0.34396333,-0.2014197
-0.24432941,-0.3361129,-0.2524733,-0.109867334,-0.35638145,-0.33306095,-0.24169809,-0.40019897,-0.3450151,-0.14267261,-0.082072906,-0.21321182,-0.16792679,-0.2017824,-0.23192091,-0.20922875,-0.35367647,-0.17565474
-0.1817775,-0.15846588,-0.19324602,-0.08927531,-0.06330052,-0.10600713,-0.057562735,-0.09663388,-0.14480971,0.07664946,-0.12464203,-0.0642551,-0.13253792,-0.124875896,0.093521476,-0.15573215,0.0022205787,-0.016358877
-0.18695818,-0.18939072,-0.22707658,-0.104551636,-0.091112584,-0.14209263,-0.11080436,-0.12839535,-0.19583632,0.0429633,-0.15242164,-0.09573608,-0.15487325,-0.18313982,0.027134888,-0.19596954,-0.05950377,-0.049263775
-0.02114253,0.15706253,-0.05037022,-0.019939689,0.24266979,0.1574929,0.000785931,-0.027070459,-0.048150077,-0.0003292819,0.2992773,0.0075692106,-0.16823457,-0.08959439,-0.0002818969,0.10203449,0.0982702,0.17200218
-0.0066729207,0.15242772,-0.05997344,-0.039806046,0.24704795,0.14480573,-0.018923303,-0.030211749,-0.048991725,-0.012691233,0.29188097,0.00091585936,-0.16628528,-0.100735515,-0.025519498,0.081601955,0.07694566,0.16492851
-0.1738658,-0.22644487,-0.22621615,-0.10012589,-0.2344523,-0.10698739,-0.14178556,-0.11307427,-0.22624938,-0.031356514,-0.22628967,-0.025629299,-0.16011919,-0.24543874,-0.12981427,-0.28886124,-0.07759252,-0.16400151
-0.123128444,-0.21458723,-0.23069203,-0.10745557,-0.22004028,-0.094958596,-0.13844258,-0.066567324,-0.206601,-0.003170289,-0.22016355,-0.0046933554,-0.15233962,-0.28107634,-0.11994059,-0.27198982,-0.047791947,-0.18403324
-0.13836807,-0.2856967,-0.19593625,-0.11768096,-0.2306793,-0.05965003,-0.18863098,-0.059204724,-0.14254221,0.06493312,-0.06617875,0.021025289,-0.19682613,-0.13427763,-0.20675977,-0.3240867,-0.17567566,-0.19466677
-0.15971388,-0.25137693,-0.1526082,-0.071261495,-0.227592,-0.0072425716,-0.12728317,-0.031238966,-0.10943044,0.102996185,-0.06834541,0.032558765,-0.14955662,-0.09188611,-0.16834402,-0.28696185,-0.14980371,-0.17301457
0.25319535,0.07261756,0.19278987,0.17312959,0.03814052,0.24037522,0.29435486,0.15006986,0.23275833,-0.0033613439,0.20822874,0.02624889,0.29308307,0.15428858,0.18100546,0.3433499,0.10856922,0.18965714
0.1024659,0.06895066,0.21637656,0.20988154,0.040555466,0.23949653,0.3141626,0.12744807,0.22614798,-0.00929929,0.27834272,0.024406744,0.31551552,0.16392078,0.173167,0.39556825,0.10240856,0.25929576
-0.22357778,-0.31317252,-0.19663817,-0.12043812,-0.3713342,-0.22820698,-0.27748662,-0.3692683,-0.2885829,-0.11468518,-0.08549118,-0.15564671,-0.21625112,-0.107911706,-0.2829627,-0.22346768,-0.36661372,-0.23115665
-0.18902344,-0.3027302,-0.19424796,-0.119116694,-0.36515814,-0.19261459,-0.2445887,-0.34725407,-0.26995763,-0.09583447,-0.064652935,-0.1572777,-0.18916447,-0.09680664,-0.24491794,-0.19906181,-0.33901048,-0.21382952
-0.18333039,-0.32285124,-0.1921769,-0.13370685,-0.34565273,-0.11883167,-0.26327428,-0.2130831,-0.20935073,-0.01864576,-0.0572936,-0.18114975,-0.19642901,0.025927769,-0.3341045,-0.25499222,-0.42496347,-0.2730983
-0.17401487,-0.2969607,-0.16278599,-0.17082721,-0.32690048,-0.06850328,-0.21464477,-0.17206514,-0.17766069,0.018559737,-0.035469487,-0.15404947,-0.18791986,0.081312425,-0.27631506,-0.20771022,-0.36635384,-0.22971468
-0.26578414,-0.26415998,-0.16923591,-0.16811593,-0.27757952,-0.24872498,-0.22155823,-0.36727285,-0.30170476,-0.09357814,-0.09118083,-0.21159898,-0.16943215,-0.15517603,-0.16105348,-0.17432255,-0.34350976,-0.13195698
-0.25144762,-0.2575037,-0.1642868,-0.1237069,-0.2795658,-0.22483088,-0.20991822,-0.35524988,-0.3002696,-0.079250395,-0.10077808,-0.19691835,-0.16691391,-0.16043168,-0.17799585,-0.18256387,-0.34446514,-0.1531432
-0.15625545,-0.3502833,-0.16073106,-0.22020303,-0.3457378,-0.042370267,-0.22591193,-0.10440676,-0.18789805,0.039332822,-0.07350241,-0.014997251,-0.16210854,-0.055551685,-0.29425597,-0.32283497,-0.31496912,-0.21809691
-0.16364135,-0.30078202,-0.14615089,-0.20056361,-0.29484302,-0.032875307,-0.15885024,-0.060459126,-0.14564429,0.073735476,-0.06488026,-0.009655427,-0.108154744,-0.045639966,-0.22279474,-0.28254625,-0.27203885,-0.16830304
0.09825625,0.31272718,0.13851805,0.21910106,0.21677437,0.03348926,0.23157659,0.1183069,0.19763765,-0.03422312,0.018432347,-0.06902105,0.3726517,0.07209741,0.08983104,0.11951479,0.016860668,0.10732824
0.015190365,0.28479677,0.12308326,0.25566885,0.19251335,0.008979307,0.23412919,0.090157464,0.1661275,-0.046517834,0.031771332,-0.10039708,0.36251983,0.063483655,0.074148424,0.1341057,-0.0023638064,0.11315949
-0.06155091,0.14740372,-0.11258276,0.032861367,0.08619127,-0.008656652,0.09758401,0.06957964,0.03493306,-0.093786076,-0.13463172,-0.10512492,0.13537689,-0.097874045,0.015005494,-0.028387973,0.028799672,-0.06578778
-0.05937796,0.17181948,-0.08902533,0.039728574,0.10971163,0.004652871,0.11525061,0.084897295,0.05849407,-0.08109227,-0.119418964,-0.0885215,0.14603347,-0.060482237,0.038736556,-0.008466255,0.047716726,-0.04412877
0.036206786,0.00842401,0.028503483,0.08958785,0.011233475,0.2274882,0.11350939,0.0805126,0.07153337,0.0041257637,0.2865609,0.13096708,0.059874326,-0.04572862,-0.0735952,0.2084066,0.14548452,0.22458865
0.23872933,0.513954,0.6365345,0.49733573,0.43761405,0.3788861,0.49508297,0.35927,0.5174218,0.1819304,0.25816536,0.21256813,0.59310347,0.52641875,0.3663432,0.43032786,0.22634648,0.3963291
0.1665699,0.4980658,0.5928999,0.45877987,0.41138098,0.41317815,0.48454073,0.35338703,0.4834893,0.1749858,0.23977499,0.21565548,0.55418026,0.48450547,0.366938,0.39303663,0.24933273,0.35990015
0.06256107,0.04143943,0.06410287,0.26731172,-0.01750594,0.14515802,-0.10522821,-0.022620104,0.16306536,0.14394784,0.032259632,0.23309821,-0.12459711,0.07596224,-0.06347341,-0.05010709,-0.00082379056,-0.25225982
-0.061582822,-0.080803946,-0.08229621,0.15970558,-0.16409495,0.09514074,-0.1548925,-0.07762918,0.1394899,0.1103608,0.005484662,0.1987908,-0.1622571,0.038067453,-0.06506598,-0.093566515,-0.026434487,-0.2897448
0.20397498,0.0020895142,-0.08934037,0.05997774,-0.020964215,-0.038258955,-0.10693523,-0.06826045,-0.0004114919,0.07703404,0.08353256,0.07304456,-0.17546032,0.033505473,-0.07333788,-0.018131817,-0.058092535,-0.050631836
0.19817075,-0.0045965156,-0.07920085,0.08033192,-0.030814651,-0.027993608,-0.09342627,-0.08113423,0.0047161714,0.07146815,0.100618616,0.06477517,-0.16620246,0.0562189,-0.068176806,-0.00047544902,-0.060227066,-0.045208775
-0.11320661,-0.16236794,-0.036878064,-0.07535188,-0.19307446,-0.041585058,0.07898021,-0.09679484,0.057228934,-0.0004761084,0.092078574,0.04642979,-0.26450592,0.22076842,0.13045873,-0.048583426,0.068270616,-0.012326339
-0.112652995,-0.16854465,-0.058547493,-0.0849703,-0.20811693,-0.014484091,0.07453287,-0.09383985,0.07694177,0.014236185,0.11211762,0.053337816,-0.23065127,0.22339748,0.12184086,-0.010910265,0.054659937,-0.034756802
-0.075113714,-0.23042104,-0.21812774,-0.010456721,-0.23235837,-0.1326673,-0.22119294,-0.2588614,-0.19983774,-0.098449126,-0.1715673,-0.05003366,-0.07982875,-0.28515926,-0.25803843,-0.20569381,-0.200055,-0.21771646
-0.05584029,-0.23430386,-0.22693592,-0.026411764,-0.23638494,-0.14993778,-0.24052647,-0.2433297,-0.2080856,-0.08677058,-0.18220077,-0.04911007,-0.07749055,-0.31539536,-0.260804,-0.2059678,-0.19115236,-0.21938677
-0.14846793,-0.28590605,-0.26317832,-0.015050529,-0.36070484,-0.17023505,-0.21032235,-0.24974385,-0.17001244,-0.026659815,-0.093101464,-0.021236219,-0.099452995,-0.23296484,-0.19597962,-0.18413807,-0.17922898,-0.18397519
-0.16625227,-0.2798311,-0.2605338,-0.03689008,-0.35279775,-0.166897,-0.20411538,-0.25629786,-0.17806023,-0.032745216,-0.09172918,-0.03692585,-0.09467236,-0.23731624,-0.18312858,-0.17978586,-0.17774698,-0.17252183
0.26221493,0.33639303,0.24042366,0.07709156,0.23320574,0.4765585,0.18780433,0.3691447,0.3283095,0.23612265,0.13778278,0.2813041,0.070237674,0.21267287,0.17110878,0.20781845,0.29492348,-0.031539645
0.19886288,0.431595,0.34348038,0.27284858,0.35493833,0.20419335,0.35165718,0.25144717,0.28871217,0.1037174,0.120892,0.004502953,0.4914809,0.24918084,0.2136872,0.21118198,0.08583528,0.2878692
0.21202002,0.44665653,0.3540595,0.27614173,0.37780282,0.22888741,0.3596936,0.25861025,0.3158848,0.10987928,0.13322018,0.0025412412,0.49442104,0.28256083,0.23746389,0.23370305,0.10088618,0.30159137
0.11702973,0.12584206,-0.03743773,-0.018458439,0.21239527,0.22750366,0.040529855,-0.008912288,-0.05990599,-0.035090536,0.33402678,-0.006326221,-0.07732417,-0.097856835,-0.07399908,0.1317998,0.08419045,0.16478702
0.12804519,0.13841698,-0.034020953,-0.008226289,0.22168411,0.24516818,0.055321317,-0.010743462,-0.056656737,-0.031545013,0.34639177,-0.0011247585,-0.060654476,-0.084480576,-0.054131456,0.15356235,0.098504454,0.16893886
0.13427763,0.30944434,0.24797705,0.15404235,0.29117206,0.3423073,0.15142117,0.16126753,0.17189099,0.22082138,0.062148128,0.13499333,-0.058528718,0.402933,0.09415479,0.015790608,0.050638348,-0.063465334
0.12269495,0.33246264,0.2265811,0.14618248,0.29971883,0.35877705,0.14434287,0.18554443,0.20062523,0.25291285,0.10101099,0.17315912,-0.033469304,0.4067135,0.100380585,0.03966085,0.06766754,-0.07122266
0.09838913,-0.025419187,-0.14360677,-0.1421845,0.04475362,0.08494138,0.013597155,0.013595619,-0.052350827,0.05567904,0.1313538,-0.038524598,-0.013751388,-0.15446559,-0.029260743,0.20372182,-0.05802901,-0.06824523
0.08356896,-0.056691036,-0.14620197,-0.12655337,0.0030736735,0.08695168,0.0069045806,0.0099025015,-0.05293222,0.056287196,0.1280973,-0.03891628,0.009582598,-0.17287786,-0.044147663,0.20990664,-0.080613576,-0.07343668
0.22452663,0.37653154,0.5086622,0.37559372,0.40613183,0.32710138,0.2698782,0.25027627,0.3624349,0.22825214,0.18229549,0.2598235,0.2550617,0.49341834,0.24028954,0.1460192,0.12453854,0.24480367
0.22213466,0.35948575,0.51885396,0.41597703,0.3870212,0.32374302,0.27859116,0.25343254,0.3578989,0.23428956,0.19277798,0.25423294,0.26706067,0.5066095,0.22331187,0.1545323,0.106943555,0.24822992
0.0783103,0.21829547,0.019323628,0.06670592,0.14381385,0.31699216,0.16828646,0.45383435,0.32775328,0.37520742,0.15366836,0.41503137,0.10642778,0.23569676,0.1773816,0.0039066807,0.29255342,0.009110165
0.08482665,0.21176802,0.035949536,0.0792703,0.13175103,0.3197407,0.17818016,0.4594764,0.3420621,0.385692,0.15450808,0.43423277,0.114425585,0.23652427,0.18077548,0.016192187,0.29767817,0.015338459
-0.024281586,0.019123629,0.09488651,0.07418276,0.06690708,0.17052343,0.07346408,-0.00944241,-0.045105327,-0.009302201,0.1583047,-0.045460742,-0.118840136,-0.023916265,-0.032060962,0.21382478,-0.021077994,-0.07302139
-0.07160042,-0.0008642267,0.07005469,0.05610133,0.04841884,0.15895858,0.06807731,-0.01729013,-0.064126015,-0.001190702,0.1752969,-0.058719464,-0.12288461,-0.035264984,-0.05881206,0.20973526,-0.040173173,-0.06731323
0.16511787,0.42413425,0.15592559,0.06748436,0.42361233,0.35065827,0.1488896,0.35333443,0.2984266,0.1961854,0.024238177,0.35398614,0.04632812,-0.0037798493,0.36963484,0.20690553,0.42661175,0.048029896
0.17045939,0.43833062,0.18616995,0.055199184,0.42782068,0.38156447,0.18416035,0.38126776,0.312943,0.20588095,0.06216554,0.369759,0.05084436,0.051820293,0.39718106,0.23145312,0.45468587,0.08025187
0.17073984,0.39663315,0.26010278,0.28120288,0.42109913,0.21844107,0.31279397,0.21082501,0.3368963,0.09211186,0.16239433,0.059693407,0.21645273,0.25547615,0.40838686,0.42292798,0.2789078,0.25439143
0.12691557,0.37705657,0.2447424,0.24136792,0.40386888,0.2279121,0.3429087,0.20077252,0.29886454,0.0880853,0.17906763,0.039205953,0.1597306,0.28535467,0.42655262,0.4263195,0.30643424,0.26196232
-0.20932575,-0.2995454,-0.22690882,-0.07074339,-0.2784938,-0.06486757,-0.23119253,-0.18853171,-0.035077374,-0.024070783,-0.17862327,0.018489946,-0.25757912,-0.13586332,-0.13174048,-0.30436754,-0.14423251,-0.36759734
-0.22378096,-0.29636464,-0.20517193,-0.06607743,-0.276909,-0.07823756,-0.23438576,-0.1798309,-0.02520846,-0.022687336,-0.17377523,0.013663378,-0.2601125,-0.11611306,-0.12440073,-0.2982802,-0.15091842,-0.36502376
0.00046916166,-0.08398274,-0.10977972,-0.08852204,-0.07264142,0.12632227,0.03846768,0.22307345,0.019579193,0.28540185,0.0474158,0.31487074,0.010182124,-0.11562589,0.10075348,-0.11741881,0.20324263,-0.040063985
0.019847093,-0.08160805,-0.08983015,-0.052282017,-0.07670227,0.12834165,0.04226922,0.21967646,0.030523023,0.27987373,0.011297047,0.3084916,0.0161334,-0.13490565,0.10203461,-0.10705558,0.21146569,-0.048728198
0.14098562,0.17423931,-0.030231696,0.12489265,0.17001988,0.15848985,0.04829693,0.27876496,0.115068905,0.3066209,-0.00988749,0.23103139,0.013329619,0.09975924,0.120544836,-0.0745257,0.12508751,-0.028401807
0.12892614,0.2040535,0.014367979,0.10684871,0.19234367,0.22589032,0.08413212,0.31417072,0.12880099,0.34109467,0.041137252,0.24224706,0.008610819,0.18526572,0.16343352,-0.055459723,0.14449063,0.0132500585
0.2510661,0.27230904,0.08488468,-0.09873417,0.27618346,0.1847718,0.30003494,0.3775581,0.10562591,0.1338094,0.16834375,0.1357971,0.111323,0.010861601,0.3311485,0.27813146,0.37706193,0.2742361
0.28257272,0.27977002,0.10797727,-0.095205516,0.28537515,0.19084202,0.30068094,0.3813689,0.119460896,0.13216652,0.18456876,0.13327609,0.13317044,0.022994233,0.33041558,0.30273724,0.36894196,0.28333405
-0.1611582,-0.31846195,-0.077026926,-0.06624122,-0.36889964,-0.24038392,-0.20987691,-0.27393654,-0.06876783,-0.016998066,0.008751216,0.032458,-0.2959275,0.11413141,-0.012190441,-0.10068849,-0.14660606,-0.17656636
-0.18334682,-0.35267726,-0.12752928,-0.123497486,-0.4336482,-0.17444515,-0.17168638,-0.2536926,-0.07442568,-0.00518065,0.00042591273,0.0509295,-0.2544254,0.04310576,-0.010243139,-0.09457783,-0.0940842,-0.19349773
-0.21186535,-0.27597523,-0.3028192,-0.05643728,-0.2649511,-0.18913554,-0.20907146,-0.37101352,-0.27918938,-0.111136146,-0.13182524,-0.20591028,-0.19035105,-0.16635914,-0.2750045,-0.25397545,-0.30043283,-0.24955952
-0.18068384,-0.2968611,-0.3067394,-0.07467938,-0.2977522,-0.19723481,-0.22381574,-0.3693344,-0.24965513,-0.11190739,-0.103572525,-0.16830136,-0.1789922,-0.19550006,-0.2693883,-0.22193123,-0.28001988,-0.2635343
-0.1349994,-0.3115553,-0.23729365,0.055212036,-0.33038527,-0.20540623,-0.25880548,-0.34660095,-0.2325893,-0.10885749,-0.10172424,-0.1687041,-0.16473988,-0.13426842,-0.2854498,-0.22301087,-0.3373279,-0.27121168
-0.22531047,-0.29743782,-0.21921746,0.052083626,-0.32003006,-0.22533172,-0.22404438,-0.33863026,-0.20639256,-0.08369682,-0.069413505,-0.15090725,-0.13757183,-0.09333804,-0.25146616,-0.20382325,-0.33554506,-0.22534925
-0.25080582,-0.3517501,-0.17693344,-0.03966333,-0.3426613,-0.1954136,-0.288117,-0.33812496,-0.17836009,-0.23531446,0.12638701,-0.17186373,-0.16906425,-0.30970353,-0.352877,-0.040910557,-0.3543916,-0.10493985
-0.25843906,-0.35978708,-0.2028983,-0.079707734,-0.34629127,-0.19868621,-0.29655278,-0.34872672,-0.19949453,-0.24258222,0.118110344,-0.19641851,-0.17778368,-0.32233387,-0.3586127,-0.048136488,-0.36549288,-0.11357421
-0.1654199,-0.21242666,-0.30293426,-0.21442877,-0.22343616,-0.006180429,-0.1263931,-0.052922804,-0.1575839,0.08869447,-0.108522706,0.017401174,-0.10510328,-0.297362,-0.08046582,-0.214212,-0.016770553,-0.23386545
-0.11939036,-0.2143865,-0.1657093,0.18729566,-0.19020097,-0.10867667,-0.15792133,-0.11514089,-0.0012440954,0.06551348,-0.092787065,0.17156444,-0.061863173,-0.21991123,-0.09586582,-0.18634173,-0.030339787,-0.2336886
-0.13761711,-0.24549732,-0.16621497,0.23102838,-0.23055162,-0.12587379,-0.15995362,-0.13989069,-0.014182616,0.055699326,-0.091479406,0.17107627,-0.05101908,-0.22989585,-0.104612485,-0.18977275,-0.046954922,-0.2333569
-0.28177217,-0.43325692,-0.32919186,-0.09315018,-0.3780435,-0.2623276,-0.28083616,-0.37243143,-0.36479232,-0.22965351,0.06940791,-0.20337684,-0.23336212,-0.39787886,-0.34417674,-0.12525009,-0.3191036,-0.119728066
-0.26892465,-0.39962938,-0.29103935,-0.05036165,-0.3518257,-0.23059374,-0.2598526,-0.32889292,-0.31185058,-0.1905171,0.082341164,-0.15651236,-0.20045193,-0.38737532,-0.31368017,-0.08039405,-0.28747892,-0.12495446
-0.26632392,-0.42189887,-0.3133117,-0.2541314,-0.3676122,-0.19311441,-0.2392291,-0.3803036,-0.30193016,-0.2651386,0.120944045,-0.2373345,-0.27728155,-0.2898652,-0.25119886,-0.18870805,-0.243888,-0.015152583
-0.29968,-0.42662156,-0.28394076,-0.21004859,-0.3858761,-0.19335566,-0.23366697,-0.37416285,-0.29715914,-0.26119906,0.12211867,-0.23052429,-0.2546388,-0.28567994,-0.25189483,-0.17475593,-0.25791097,-0.008076716
-0.041972574,0.112021506,-0.028625153,0.0388085,0.07582911,0.18775083,0.17956424,0.24799867,0.012524272,0.076625444,-0.10286643,0.046557274,-0.056920122,-0.02084279,0.15781853,-0.06645456,0.15614107,-0.08178854
-0.05680754,0.12207417,0.001133488,0.076964565,0.080226846,0.19348255,0.1926682,0.25725284,0.03303142,0.07876638,-0.100404926,0.06364409,-0.03233545,-0.009043333,0.17012583,-0.058398206,0.16227148,-0.06784287
-0.03147345,0.10277685,-0.139129,0.075394616,0.061768927,0.18792447,0.20914656,0.21024908,-0.044951558,0.09034902,-0.03409854,0.06859693,0.045729224,-0.18320477,0.07427099,0.05649655,0.18380694,-0.04433147
-0.060139418,0.075378865,-0.18317744,0.02832517,0.021922886,0.1728843,0.18301061,0.18108357,-0.06955531,0.06929185,-0.040768147,0.03963904,-0.025080742,-0.19127381,0.067356534,0.041978046,0.17211041,-0.077530764
0.011210863,0.16247764,-0.0048397724,0.16367866,0.10286928,0.21335335,0.26872277,0.34958723,0.0731145,0.17929202,-0.01692792,0.17897794,0.06451844,-0.058159605,0.19295551,0.101236194,0.2827781,-0.023047056
-0.009916697,0.16657208,-0.0011945188,0.1720959,0.10337665,0.19877778,0.26074582,0.32136014,0.036488116,0.15325844,-0.015810696,0.1401408,0.051459108,-0.062198665,0.17376891,0.10907496,0.2523523,-0.022109067
0.29398006,0.5226794,0.33223677,0.3703751,0.49015766,0.28807303,0.40302727,0.43889016,0.43013063,0.259446,0.13044554,0.24994044,0.53638476,0.24832381,0.29159918,0.36187282,0.2876355,0.24707147
0.27590758,0.5368334,0.30949613,0.3618036,0.5071696,0.29786646,0.4175306,0.43664798,0.42751282,0.25663665,0.15468985,0.2420702,0.5432079,0.24870506,0.31106296,0.3773017,0.30621335,0.26450926
-0.06258289,-0.3507506,-0.22334628,-0.1490292,-0.30770993,-0.13537265,-0.17687023,-0.2576032,-0.19775589,-0.0512218,0.02692132,0.021784356,-0.17430836,-0.092480175,-0.12003142,-0.13988505,-0.07554607,-0.15614823
-0.1654376,-0.27989003,-0.13743876,-0.07153437,-0.26480117,-0.08250628,-0.08879198,-0.1951456,-0.11732854,-0.0010206836,0.09519773,0.13993482,-0.09704006,-0.051391557,-0.025625518,-0.040185373,0.009643254,-0.09786029
-0.24694382,-0.3916475,-0.38691583,-0.10317027,-0.41983563,-0.36753044,-0.43682393,-0.39790833,-0.24166225,-0.13601585,-0.26475194,-0.13322036,-0.37932304,-0.2920308,-0.29990736,-0.38124126,-0.38425454,-0.45333266
-0.27053583,-0.40735376,-0.38234967,-0.16110848,-0.44597077,-0.34205768,-0.43481156,-0.43397415,-0.26519436,-0.15514357,-0.26816672,-0.15967382,-0.40346748,-0.27269983,-0.28881395,-0.38274708,-0.38377485,-0.44857427
-0.003940178,0.16983742,-0.16383626,0.007870197,0.18671706,0.17323186,-0.068981,0.077898055,0.026650522,0.23982586,0.033505432,0.20653443,-0.13480166,0.010026153,0.022706106,-0.1006137,0.07014989,-0.11946692
-0.0022127267,0.17830832,-0.1551204,-0.0010832488,0.1924711,0.17499958,-0.08726109,0.0680776,0.018811533,0.23021486,0.034655057,0.20913498,-0.13584387,-0.010433834,0.0015917526,-0.10431879,0.050893087,-0.118130624
0.27345678,0.26449713,0.07780472,0.03132578,0.26884368,0.057135064,0.16113634,0.29474965,0.2714079,0.15835208,0.031662226,0.16720301,0.12035036,0.18434761,0.21872486,0.05068165,0.16990213,0.032627165
0.17030732,0.21683031,0.074649155,-2.4213921e-05,0.21822388,0.035880446,0.15855452,0.25695142,0.2615632,0.122346364,0.05378861,0.1590127,0.09498949,0.22333083,0.23020357,0.04514037,0.15863076,0.0375314
0.2577725,0.23392147,0.08005698,0.2492562,0.19938582,0.016515937,0.17481253,0.13563842,0.19184007,-0.0026101556,-0.07646884,-0.079465024,0.2917096,0.078640535,0.04573716,0.100605495,0.014119975,0.022633124
0.21475776,0.21612813,0.060394503,0.23788896,0.18109182,0.022150377,0.17672084,0.12883088,0.19318712,-0.0069042565,-0.0609769,-0.07801325,0.2834186,0.086943574,0.055813096,0.10412122,0.022686226,0.016037712
0.05810361,0.044411995,0.19161925,0.1297742,0.10501274,0.2053381,0.19010076,0.03569586,0.04531973,0.008995296,0.3872952,0.021972772,0.10929721,-0.022994375,-0.0033973567,0.32927436,0.1141959,0.3418194
0.024788914,0.01794789,0.17434615,0.14113288,0.070299,0.1914115,0.19379973,0.014089295,0.043562204,0.0063640242,0.3935402,0.02332358,0.12075025,-0.025648741,-6.599678e-05,0.33496937,0.109174326,0.34994215
-0.041063763,-0.20538399,0.071465135,0.046166882,-0.17682554,0.07216284,-0.041224893,-0.089854665,-0.13863453,0.051034447,-0.016114386,-0.07222887,-0.19724804,0.20087767,-0.16722848,-0.17057265,-0.19606127,-0.14612985
-0.023557892,-0.16410841,0.07882053,0.062368214,-0.15258163,0.14460878,0.0041736737,-0.036969554,-0.089940496,0.09337315,0.007858388,-0.042409204,-0.15738326,0.23098488,-0.10864531,-0.14068833,-0.14008608,-0.12262059
0.063024215,0.08797075,-0.17258723,0.059770245,0.050238997,-0.0044261054,0.15528196,0.13181074,0.021760788,-0.02668124,-0.09546349,-0.07632074,0.19669189,-0.1536784,0.052522548,0.05238835,0.097461864,-0.016420286
0.010650293,0.068301715,-0.18173315,0.06894361,0.026837597,-0.024300585,0.17257167,0.120251074,0.007829087,-0.029584462,-0.093121395,-0.10088054,0.19687888,-0.13726111,0.049018227,0.056427404,0.083912596,-0.0030903863
0.043565612,0.114122815,0.12508428,-0.04910394,0.10217893,0.20258443,-0.010862134,0.106064506,0.053162,0.15757078,0.13012457,0.13070205,-0.030245077,0.20054924,-0.035667557,0.017594613,-0.00624775,-0.10983011
0.036587577,0.11228243,0.122229286,-0.052241616,0.1007369,0.20344041,-0.013899969,0.10360675,0.04955926,0.15548994,0.13062279,0.13121122,-0.0328214,0.19656807,-0.039337642,0.017772757,-0.0074471966,-0.112104125
-0.025199503,0.08969146,-0.0061070975,-0.1287002,0.07732333,0.279756,0.1068424,0.14756826,-0.0014194485,0.14196399,0.16174744,0.18171938,-0.08991629,0.1574607,0.07189568,0.007821478,0.0885694,-0.0045290496
0.075302236,0.12936173,0.14642186,-0.030605217,0.11653846,0.20752218,0.0053480887,0.12523647,0.08082001,0.16515435,0.13343339,0.14313442,-0.015310061,0.21439482,-0.011950552,0.029561043,0.013152543,-0.09762139
-0.02658382,0.09791414,-0.003720495,-0.11849719,0.08025293,0.28352368,0.09954802,0.13250947,-0.00027143,0.13122348,0.17153265,0.16123557,-0.083280966,0.15319334,0.054558087,0.01924318,0.06591076,-0.012217573
-0.1926304,-0.043987066,-0.097343184,-0.01331793,-0.029452015,0.040592477,-0.01192754,-0.077813074,0.06021002,-0.04797464,0.2293843,-0.04147004,-0.13537233,-0.09100104,0.043990158,0.20632233,0.020929376,0.123377
-0.17388768,-0.057642423,-0.0740964,0.030420655,-0.048925478,0.044224903,-0.010865182,-0.069264546,0.052315466,-0.04279029,0.22562447,-0.048399907,-0.11569322,-0.09451148,0.017984038,0.21073833,-0.00709389,0.11920321
0.059593946,0.11472206,0.08007162,-0.041512653,0.1553217,0.26612943,0.12518929,0.036409974,0.061423223,-0.02258861,0.40812302,0.06428144,-0.015904836,-0.02498312,0.027607325,0.30656925,0.1414117,0.21699366
0.049258146,0.1164864,0.06562742,-0.06022284,0.14312886,0.28607863,0.111606926,0.042572726,0.06586076,-0.008752044,0.4145776,0.07907485,-0.022458589,-0.016975606,0.018746242,0.3156197,0.13891429,0.20513143
0.08628761,0.04197689,-0.116352834,0.05219094,0.098564655,0.036333267,-0.020644696,0.051389385,0.18539645,0.1661983,0.0031791686,0.16947958,-0.07730075,0.02772199,0.09537435,-0.006184684,0.079823606,-0.13077253
0.22791564,-0.15348376,-0.24528915,0.0018494495,-0.10448675,-0.039199892,-0.046972238,-0.044106953,0.09598932,0.07208637,-0.008831831,0.0926887,-0.12623116,-0.053228516,0.056384128,-0.07268001,0.0370362,-0.182567
-0.17991197,-0.19671124,-0.21468309,0.007256413,-0.15005003,-0.15043636,-0.22225721,-0.1759876,0.007792747,-0.032145754,-0.10109768,0.05302201,-0.14342982,-0.18579338,-0.11202066,-0.22740516,-0.0826054,-0.31854883
-0.18434806,-0.1810508,-0.16805425,0.018910978,-0.14998193,-0.13029584,-0.1411023,-0.119545616,0.08305167,0.020857766,-0.038003903,0.112269096,-0.06978531,-0.099211924,-0.034213606,-0.14176354,-0.030693084,-0.2585943
-0.1521372,-0.1910304,-0.19415471,-0.18663745,-0.16229638,0.041192386,-0.11986857,-0.14387444,-0.1755897,0.0861588,-0.10109207,0.016178384,-0.18873517,-0.12412608,-0.013364101,-0.13837577,-0.06956766,-0.1259738
-0.17356797,-0.16607495,-0.14729711,-0.17321481,-0.14401753,0.08654404,-0.06335894,-0.112023324,-0.13942878,0.11243053,-0.046235286,0.025234073,-0.14343922,-0.03971103,0.032995306,-0.1016753,-0.043927956,-0.07212488
0.46936998,0.35608834,0.40408522,0.19282043,0.33789998,0.08252477,0.24781995,0.1595751,0.2942803,0.0023317584,0.16233438,-0.029303461,0.40877268,0.22695921,0.21249121,0.33666417,0.071668215,0.34377304
0.50103974,0.36136767,0.3963533,0.16784804,0.34079972,0.10810306,0.24351428,0.17344216,0.29702425,0.0026934233,0.16755079,-0.03248404,0.39949346,0.22768927,0.22338547,0.33635518,0.083888315,0.327563
-0.20472705,-0.29040247,-0.2790419,-0.21334317,-0.2901001,-0.16901977,-0.17377715,-0.35760602,-0.34873402,-0.12623172,-0.1847131,-0.17775264,-0.29137716,-0.20301488,-0.09873072,-0.28782114,-0.14746381,-0.14854906
-0.21328083,-0.3020561,-0.26541972,-0.1888465,-0.31289315,-0.18678916,-0.17304038,-0.36787596,-0.34296668,-0.13690086,-0.18269864,-0.18392383,-0.2689351,-0.19774216,-0.109503224,-0.27909294,-0.16573694,-0.14152358
-0.19526237,-0.16788001,-0.2390868,-0.1604043,-0.12671667,-0.08694286,-0.15025556,-0.29055214,-0.21573453,-0.17768523,0.18958774,-0.19949013,-0.3057259,-0.21729204,-0.24733342,-0.06017909,-0.17445332,0.051466353
-0.1920221,-0.18087775,-0.20978841,-0.1471835,-0.14893404,-0.09073133,-0.14657389,-0.2930236,-0.22345027,-0.17630808,0.1859356,-0.20134237,-0.29704192,-0.20659783,-0.26013187,-0.057506315,-0.19835104,0.052990377
0.006368705,-0.1828471,-0.158781,-0.3694237,-0.15712377,-0.062283408,-0.13541007,-0.18410334,-0.12501122,-0.17432392,0.14366342,-0.14045323,-0.3400325,-0.09579979,-0.0070424546,0.03200628,-0.050657466,-0.0457163
0.00094094966,-0.16688812,-0.14576085,-0.3402684,-0.13655703,-0.06580371,-0.12882495,-0.17036937,-0.066288486,-0.1585173,0.19318388,-0.10043179,-0.30179423,-0.067861594,0.01573925,0.058884345,-0.021609267,-0.012343073
0.47375673,0.4284277,0.52334005,0.09517215,0.4101971,0.3716107,0.22732623,0.27363208,0.31001586,0.15778264,0.1848801,0.18045059,0.16664888,0.48721594,0.32996893,0.22496,0.1794577,0.28491637
0.47502795,0.42757413,0.52167934,0.094182454,0.40908733,0.37002835,0.22559321,0.27308258,0.3080599,0.15717837,0.1825232,0.17860037,0.16478965,0.48629126,0.32754692,0.22283487,0.17708373,0.28261226
-0.0057501816,0.013085899,-0.04499169,0.030908283,0.12563567,-0.05893249,-0.10620373,-0.079895206,0.05448507,0.103693604,0.060501445,0.09824257,-0.2373839,0.13656329,0.03225137,-0.121228926,-0.016078925,-0.10889367
-0.13981462,-0.15874244,-0.17314126,-0.063335605,-0.06128048,-0.045612596,-0.12304321,-0.11459906,-0.035802778,0.042428866,0.14712065,0.028480887,-0.2535164,0.036531553,-0.0024853405,-0.2007668,-0.030943686,-0.12042558
0.27750173,0.44080222,0.19697961,0.10058453,0.5030231,0.32204577,0.21976899,0.41817173,0.2615892,0.29948136,-0.008743429,0.30225888,0.04952832,0.18761149,0.35319296,0.040709373,0.34039485,0.106619604
0.24138616,0.5078375,0.27928993,0.14885542,0.5377092,0.41537017,0.29409677,0.5072793,0.30328518,0.36789048,0.02825955,0.35988027,0.110250846,0.24530242,0.36565623,0.11831794,0.38125423,0.114850625
0.39128003,0.36038503,0.3304642,0.31198004,0.37854406,0.22076988,0.19597328,0.26237366,0.3423202,0.30108097,0.15220748,0.25447115,0.034076,0.5277726,0.25524163,0.14641117,0.14960074,0.10395467
0.14917752,0.33629727,0.20325549,0.1643574,0.35501033,0.27465,0.19531299,0.20951888,0.29688922,0.28567395,0.15926678,0.21387316,-0.043278173,0.501817,0.23824528,0.11768211,0.15498781,0.027607339
0.111776724,0.261588,0.17731677,0.2063321,0.23250635,0.34425986,0.13137458,0.28701484,0.18133363,0.22145048,0.17687735,0.40899226,-0.023003934,0.11288619,0.08758557,0.054257937,0.29522625,-0.016531354
0.10834628,0.23142102,0.15846801,0.21364194,0.18626842,0.35951027,0.10538003,0.27954856,0.15040542,0.22405776,0.17142205,0.40225592,-0.049844094,0.11068943,0.056119174,0.038609046,0.2695443,-0.054190252
-0.16066316,-0.3560335,-0.26309326,-0.18288325,-0.37398863,-0.251023,-0.19682197,-0.34131643,-0.19550787,-0.07716496,-0.12683865,-0.11295049,-0.28914902,-0.057671618,-0.1038865,-0.2739323,-0.22849767,-0.2131211
-0.1799564,-0.33468047,-0.25934598,-0.2110043,-0.35427353,-0.23129758,-0.18579517,-0.34545258,-0.23562348,-0.08324921,-0.15668055,-0.14620347,-0.2853913,-0.06186817,-0.10170568,-0.2927037,-0.22621037,-0.18895112
-0.27540725,-0.3891251,-0.32809433,-0.15063976,-0.40966448,-0.30623987,-0.26931453,-0.4607941,-0.34222972,-0.19116648,-0.16641428,-0.28803647,-0.30081454,-0.21353067,-0.22930266,-0.2853239,-0.33670714,-0.26226148
-0.19843587,-0.38841173,-0.32501143,-0.13979249,-0.4046324,-0.3033302,-0.27521658,-0.46974275,-0.32534885,-0.1929689,-0.16597393,-0.26260462,-0.3046857,-0.20783551,-0.2117328,-0.28709045,-0.32135898,-0.2640601
-0.0034724837,0.1985986,0.013068718,0.039431967,0.25753534,0.2513608,0.19492769,0.20235018,0.1522867,0.26181734,0.04917552,0.21289568,-0.15238117,0.14663056,0.3839757,0.10207146,0.38724482,0.0031424442
0.0124583505,0.0797175,-0.032783255,0.15880358,0.031411786,0.12230639,0.044305425,0.03774841,-0.067466624,-0.087140515,0.017562676,-0.033132855,0.029339287,-0.15819392,-0.008494008,0.12848848,0.010683517,-0.063282184
-0.010766821,0.08714925,-0.030933483,0.17928031,0.041970246,0.12193374,0.035586245,0.028035088,-0.0611645,-0.08740375,0.024887027,-0.037614297,0.036396734,-0.15130056,-0.029635487,0.11891113,-0.016033519,-0.069056176
-0.011372856,-0.33794734,-0.23192509,-0.06229718,-0.29244152,-0.15256777,-0.1722762,-0.29325178,-0.18232004,-0.1458903,0.12566262,-0.11545927,-0.28670746,-0.21988864,-0.26835048,-0.0049873046,-0.1956296,-0.1606651
-0.19440366,-0.34125417,-0.22693904,-0.08996347,-0.29772297,-0.18545263,-0.18739279,-0.3390433,-0.19958624,-0.18169524,0.106804214,-0.13806944,-0.2705508,-0.22936888,-0.29603192,-0.03755652,-0.23745221,-0.137871
-0.2311943,-0.30912378,-0.11565508,-0.15268272,-0.32432216,0.019878678,-0.13154359,-0.22481841,-0.24463478,-0.16562739,0.20036586,-0.15384461,-0.18965198,-0.2218787,-0.3338979,0.016439477,-0.22330791,0.055771727
-0.15830335,-0.20635973,-0.23428613,-0.147327,-0.16648859,-0.13518225,-0.2241893,-0.14194268,-0.04023155,0.01676988,-0.1326195,0.116898045,-0.1538529,-0.20054384,-0.11725919,-0.27118072,-0.094512865,-0.3437637
-0.18594092,-0.21582375,-0.2233187,-0.12533611,-0.18782878,-0.13783774,-0.2124027,-0.15517536,-0.025995517,0.0009830681,-0.13728745,0.087867446,-0.1431349,-0.17331344,-0.11874385,-0.2530452,-0.10899423,-0.34732234
0.18943334,0.16059078,0.0054216282,0.09211865,0.22736527,0.10420689,0.27988186,0.24825105,0.2436195,0.13271119,0.10608549,0.036951892,0.2868302,0.06570845,0.25793353,0.33008736,0.2147627,0.16838852
0.17104675,0.15242448,0.0011978978,0.0802138,0.22206372,0.10615242,0.29199737,0.24074022,0.2279004,0.12924981,0.12135797,0.020190025,0.26450938,0.09460168,0.2604025,0.32880163,0.21471761,0.17460664
0.34514886,0.15220045,0.0073609333,0.21014754,0.14600737,0.0697568,0.09710032,0.27626988,0.153232,0.17869093,-0.029879194,0.12684639,0.034469206,0.14691669,0.102137886,-0.02528698,0.11050795,-0.112389624
0.3413783,0.16004477,-0.0084779365,0.20831892,0.15696965,0.06329193,0.09366647,0.27889964,0.16669296,0.16496342,-0.047905024,0.11259052,0.05327608,0.12526329,0.106053844,-0.027850244,0.11059583,-0.11536513
-0.04741272,-0.01669256,-0.10525412,-0.10653344,0.08173695,0.11745471,-0.02854441,-0.12433075,-0.123658545,-0.079086564,0.29192975,-0.115731806,-0.18418352,0.015151256,-0.08243659,-0.037702285,-0.017128332,0.14803043
-0.11368345,-0.035341393,-0.114567444,-0.097913295,0.048040885,0.11102207,-0.034910444,-0.13390489,-0.09994931,-0.083808236,0.29596356,-0.102539934,-0.17003995,0.00092965295,-0.075404555,-0.032186467,-0.025141828,0.14432065
0.24059696,0.24243568,0.23864916,0.29523283,0.2271986,0.2199768,0.18165252,0.23234618,0.32785538,0.19091237,0.22741763,0.27878648,-0.07317502,0.40372157,0.20377754,0.12966374,0.24640135,0.042438503
0.3070365,0.26060557,0.29052436,0.27518076,0.2640683,0.23845896,0.18408303,0.24196137,0.35684475,0.1949438,0.2377883,0.28427202,-0.052142736,0.41580436,0.23182185,0.1636845,0.26079786,0.06301647
-0.2987681,-0.21021828,-0.20848279,-0.16591147,-0.19097482,-0.17605662,-0.20674413,-0.36048082,-0.270392,-0.069278285,-0.08086253,-0.21443298,-0.1598635,-0.091975994,-0.12437326,-0.20108673,-0.2913386,-0.075476415
-0.2805891,-0.20481007,-0.20494965,-0.15128434,-0.18588573,-0.15222357,-0.2000085,-0.35251272,-0.27013472,-0.057694178,-0.092173934,-0.20722553,-0.15967079,-0.09577664,-0.1288132,-0.20618963,-0.28667334,-0.08045304
-0.19205822,-0.2458242,-0.14068069,-0.15533626,-0.24920224,0.026744027,-0.15639994,-0.15848169,-0.2397644,-0.14942199,0.124838,-0.15348046,-0.12059588,-0.25827843,-0.3301511,0.04053063,-0.26215956,-0.034275483
-0.1637009,-0.22146308,-0.1183548,-0.14540942,-0.22012767,0.04881862,-0.14077717,-0.1361125,-0.21919365,-0.1411214,0.13361064,-0.13790353,-0.11443468,-0.24253951,-0.31324393,0.04716445,-0.23843542,-0.01878753
0.032704413,-0.17255178,0.05734037,0.10208616,-0.18346846,0.051538628,-0.087441385,-0.0026888354,0.060987365,0.09740999,0.0032141563,0.1015779,-0.21188715,0.20932257,-0.08851901,-0.10664091,-0.09653123,-0.28366247
-0.019834345,-0.15119609,0.016739795,0.068413064,-0.16778943,0.066958226,-0.08571239,-0.0009297211,0.044064242,0.10597668,0.0076358025,0.08943212,-0.23199204,0.20134346,-0.087554425,-0.11924914,-0.08605192,-0.28788415
-0.08137706,-0.3004867,-0.1993586,-0.16606845,-0.2332993,-0.14568685,-0.2085948,-0.1927568,-0.25640854,-0.04838316,-0.15179653,-0.089571826,-0.2016793,-0.26620987,-0.18757343,-0.27526265,-0.15814872,-0.23445974
-0.11482557,-0.29415333,-0.197768,-0.15840775,-0.24534935,-0.12284429,-0.16866215,-0.18046749,-0.24156125,-0.036336366,-0.14693801,-0.091786675,-0.1693232,-0.2397942,-0.16739258,-0.26224765,-0.14939913,-0.20872581
-0.041157246,-0.24401702,-0.27900812,-0.048205763,-0.13902865,-0.1223523,-0.15378611,-0.075559594,0.01895385,-0.052300878,0.05519492,-0.008790562,-0.1991716,-0.2055425,0.094266206,-0.035289533,0.061080478,-0.057719596
-0.06722364,-0.26772976,-0.23357901,-0.02955627,-0.17044407,-0.09306258,-0.10448794,-0.050493337,0.04728986,-0.046180386,0.09298736,0.00770992,-0.16862814,-0.13401759,0.12719858,-0.005819853,0.083146006,-0.022105005
-0.115898274,-0.163055,-0.23027682,-0.13558197,-0.11092669,0.03828798,-0.14811401,-0.10978856,-0.19810851,0.06759157,-0.14391477,0.056626007,-0.16191022,-0.30365205,-0.12596063,-0.25349727,-0.023765577,-0.25263032
-0.10473453,-0.15756138,-0.21956855,-0.1099644,-0.10335544,0.035586383,-0.14610833,-0.10228894,-0.18593459,0.06579846,-0.14542703,0.061975736,-0.14965287,-0.31344056,-0.11808158,-0.2490277,-0.012406804,-0.24620725
-0.21957862,-0.23662095,-0.26532567,-0.16961168,-0.19923277,-0.1747842,-0.19156116,-0.34888938,-0.20044732,-0.07271265,-0.10625259,-0.20910203,-0.14151849,-0.16514002,-0.1405615,-0.15903255,-0.25748342,-0.19010434
-0.22964638,-0.24230444,-0.24957173,-0.18518503,-0.2036681,-0.1588032,-0.1655906,-0.34186134,-0.1936738,-0.07509962,-0.08639921,-0.22485779,-0.14075123,-0.12420117,-0.11782428,-0.14692268,-0.24559024,-0.16720949
0.1622311,0.05112071,-0.048871234,0.04106078,0.07464774,0.1895406,0.050742637,0.10436664,-0.03951502,0.069021285,0.21174884,0.08586182,0.008876536,-0.1612638,-0.14710857,0.21590814,0.058170598,-0.016396586
0.018370995,0.03472184,-0.084430546,0.03321824,0.03020235,0.1842829,0.04684379,0.11075286,-0.05666666,0.10545438,0.2360874,0.1613286,-0.016794596,-0.17856064,-0.13073492,0.23922628,0.07936204,0.0054186196
0.18015401,0.50256276,0.4341029,0.15069652,0.49683648,0.4534313,0.23312852,0.36281404,0.3170233,0.3368067,0.19017892,0.35843158,0.053875238,0.49631247,0.2914757,0.18694744,0.24881078,0.138734
0.15708043,0.51409626,0.4392028,0.16900174,0.50070083,0.47718415,0.25877792,0.38539922,0.32562542,0.35622868,0.19604388,0.37240368,0.06686868,0.49616906,0.29587775,0.18861936,0.26128593,0.13713078
0.12223033,0.20596623,0.2604747,-0.08631135,0.19734912,0.2339224,0.12607244,0.0841791,0.10660707,-0.00074293313,0.09196141,0.024991326,-0.06288851,0.3344333,0.14662354,0.014848961,0.06371608,0.12368276
0.11183807,0.2125412,0.2445712,-0.06726353,0.2059587,0.24347508,0.13956223,0.09003659,0.1101556,0.008742751,0.10301272,0.038095914,-0.06790786,0.32618785,0.15141019,0.028943546,0.077999815,0.11654458
0.04351463,-0.008114835,-0.15187013,-0.1833588,0.16684303,-0.07487249,-0.15106586,-0.13717355,-0.07747217,-0.028652705,0.15423508,-0.04524515,-0.23363805,-0.16506307,-0.0414924,-0.042255964,-0.022854025,0.062780105
0.04923434,-0.019111678,-0.15612416,-0.17114319,0.15696539,-0.08428086,-0.16751978,-0.14176573,-0.071979985,-0.036257505,0.1592101,-0.042299837,-0.22939743,-0.17679217,-0.05477365,-0.04978036,-0.03456024,0.056326184
-0.12273148,-0.21550256,-0.20430249,-0.183841,-0.169875,0.014029765,-0.15779667,-0.07059591,-0.2019653,0.036572166,-0.071781956,0.011799564,-0.342611,-0.044105504,-0.20902272,-0.32683378,-0.1701944,-0.25515717
-0.13116567,-0.23728359,-0.21404038,-0.18437597,-0.21498166,0.030558545,-0.12504317,-0.0720963,-0.20424227,0.047562007,-0.05942042,0.009096641,-0.32905823,-0.029236043,-0.19131234,-0.30573037,-0.16313513,-0.24142733
0.07166726,-0.01300001,-0.051454965,-0.07471134,-0.06962514,0.28551024,-0.021074617,0.15262008,0.0607302,0.22378547,-0.021480521,0.2152275,-0.07252344,-0.085463196,-0.022699557,-0.06812828,0.08501042,-0.22995228
0.06324692,0.018308956,-0.032096494,-0.051678628,-0.048501913,0.32827634,0.009932695,0.16710268,0.07933484,0.23443982,0.0044397432,0.20841584,-0.039172105,-0.058103234,0.0070373877,-0.031876344,0.104530744,-0.19733414
-0.059593156,-0.29452658,-0.17257991,-0.20033127,-0.28939894,-0.10573327,-0.13337503,-0.24033757,-0.31370622,-0.0751483,-0.15123624,-0.19644758,-0.16820955,-0.20695795,-0.13958067,-0.17289925,-0.16529468,-0.11604048
-0.06842639,-0.2904031,-0.16796742,-0.20378365,-0.28630993,-0.091372244,-0.118994355,-0.22470649,-0.29898378,-0.06229472,-0.14481981,-0.19363971,-0.16049151,-0.1883463,-0.11911665,-0.15576383,-0.15439776,-0.10972459
0.09847244,0.09787486,0.061671235,0.18013756,0.09537777,0.2461586,0.3163052,0.1835885,0.17294875,0.14016461,0.20455784,0.12807386,-0.021548156,0.23689729,0.31579265,0.33572426,0.36242387,0.1546205
0.10296691,0.12354319,0.0740954,0.17921455,0.114147075,0.25876844,0.30809477,0.1933602,0.18319689,0.13629371,0.18760903,0.13773413,-0.02415006,0.24227107,0.3136054,0.31630763,0.35989493,0.14135602
-0.21042483,-0.36403874,-0.3010083,-0.17225292,-0.35213706,-0.13963811,-0.23208743,-0.33233228,-0.33240125,-0.24731836,0.07726162,-0.20170033,-0.2538954,-0.32657334,-0.3809832,-0.060920816,-0.2378328,-0.05341593
-0.16700482,-0.36554542,-0.3144323,-0.18006632,-0.3531285,-0.13117519,-0.2497235,-0.32671985,-0.3274476,-0.24364844,0.0767349,-0.18528314,-0.26582107,-0.34276968,-0.39110073,-0.07126634,-0.22566089,-0.07801627
-0.04507467,-0.018320803,0.0029279643,0.09129165,-0.02431671,0.2206987,0.04337889,0.0066844304,-0.05341254,-0.046418764,0.26212907,-0.039327666,-0.023140639,-0.124678336,-0.22056803,0.25920326,-0.058930263,0.056303207
-0.024828538,9.400764e-05,0.012112059,0.10382175,-0.002617702,0.21456006,0.04444315,0.012970866,-0.053616825,-0.03791598,0.2657711,-0.020562915,-0.026165491,-0.11293911,-0.22546788,0.24799833,-0.04830896,0.07032945
-0.008829354,0.06476464,-0.03499177,-0.14423014,0.064884916,0.09459901,0.20788492,0.24324122,0.04588659,0.1535042,0.16110137,0.17250201,0.06188735,-0.07393775,0.20571889,0.24879348,0.23253906,0.17490916
0.0130919935,0.06544481,0.0021107183,-0.13920385,0.06334792,0.15970053,0.23007223,0.2630331,0.080086365,0.17864537,0.22094458,0.2239031,0.06342172,-0.0050165234,0.23346654,0.28097877,0.27550927,0.20008235
0.060355514,0.15229833,-0.08249857,-0.086908,0.13715234,0.24934462,0.20298973,0.33662695,0.16834745,0.19180223,-0.0027886764,0.24655278,0.09521017,-0.036910884,0.18828344,-0.0044743973,0.29827702,-0.020717304
0.034680806,0.18717991,-0.04493282,-0.08203914,0.16405785,0.26830116,0.23974006,0.36595058,0.20971717,0.22029239,0.03585681,0.28607917,0.12063744,0.015198982,0.22614281,0.030287672,0.3250071,0.010152637
-0.18161257,-0.23010784,-0.19890101,-0.26181427,-0.1554782,-0.13976796,-0.08108652,-0.23697445,-0.23041543,-0.03864658,-0.09520587,-0.23298997,-0.118442334,-0.09834974,0.018566536,-0.13359743,-0.16586472,0.00032379112
-0.15740633,-0.22853476,-0.19156031,-0.23536935,-0.14974101,-0.12719816,-0.06519655,-0.23419884,-0.23969556,-0.031432383,-0.09840371,-0.23817034,-0.11732999,-0.09841423,0.004795531,-0.12874523,-0.17211284,-0.004645183
-0.16212422,-0.2999141,-0.2573679,0.030701283,-0.37530106,-0.2023862,-0.2890284,-0.3324731,-0.23753047,-0.118539445,-0.18785188,-0.032413412,-0.18115598,-0.26423192,-0.3157164,-0.24301682,-0.26727492,-0.3064729
-0.18266597,-0.3051587,-0.27885535,-0.004850019,-0.3809986,-0.20788449,-0.33020827,-0.34295475,-0.23794518,-0.13233437,-0.21797907,-0.035590917,-0.19839838,-0.311331,-0.31982973,-0.25196105,-0.26979214,-0.33733243
-0.09393502,-0.347479,-0.2510283,-0.102308735,-0.40681267,-0.17475384,-0.19217066,-0.23972899,-0.18387204,-0.05640309,0.021104697,-0.09803829,-0.10153015,-0.2890309,-0.16326205,-0.013145365,-0.16064967,-0.16781746
-0.19795236,-0.4817896,-0.30693048,-0.12021825,-0.524831,-0.21867229,-0.23226982,-0.34972823,-0.31908914,-0.22453378,0.07787369,-0.23415153,-0.24106851,-0.38149387,-0.31027433,0.003770194,-0.2317167,-0.089994736
0.19219387,0.3739259,0.13867472,0.102279685,0.46609396,0.2606214,0.07448517,0.24369633,0.32643187,0.22771169,0.08152796,0.3539783,0.011237442,0.17661217,0.27589008,0.071063854,0.27818194,0.025706608
0.17424741,0.38041165,0.1603588,0.1176641,0.46791422,0.27975434,0.09410936,0.26738846,0.3393135,0.23904426,0.09157379,0.37131104,0.028686346,0.18810883,0.28861699,0.092323,0.29075596,0.03589096
-0.032364655,0.32047838,0.030252406,0.056356624,0.38684663,0.17710908,0.009979183,0.14995158,0.22334144,0.1772178,-0.015583457,0.25123045,-0.08587827,0.10263058,0.20803021,-0.071051635,0.18937862,-0.07495699
-0.047517885,0.3051642,0.04261677,0.07811103,0.36375782,0.18896087,0.0041833166,0.17102285,0.22185822,0.17959087,-0.020795126,0.26737553,-0.075007424,0.09671597,0.18071286,-0.08295229,0.17384954,-0.08666205
0.20957118,0.30091986,0.19721669,0.07428231,0.2978695,0.3339597,0.0029975732,0.17100286,0.066946715,0.15829019,0.019982183,0.17920972,-0.011274988,0.11111479,0.020738933,-0.06493244,0.05085404,-0.04325736
0.17478251,0.31285307,0.20875318,0.088475645,0.31056556,0.33362255,0.012232516,0.17735037,0.086414404,0.16382547,0.03378514,0.19102849,0.013293373,0.1291945,0.03162743,-0.0471641,0.059902318,-0.025176825
0.05452738,0.19823502,0.24849407,0.083694875,0.25579587,0.30755475,0.20222305,0.042194854,0.014988443,0.012715591,0.38226604,0.017257107,-0.0422789,0.13912748,0.032495167,0.24241984,0.116411515,0.28722095
0.06254259,0.21211405,0.24559698,0.08936043,0.2759947,0.29407415,0.21210684,0.043856885,0.014286421,0.017061368,0.3839743,0.017962823,-0.0438628,0.13316557,0.031044263,0.24628522,0.1203689,0.2955294
-0.23285076,-0.19940409,-0.19011518,-0.07946859,-0.18754305,-0.12203018,-0.21709473,-0.17417684,-0.18262042,-0.15645334,0.13474125,-0.077951185,-0.2482198,-0.21486332,-0.38003793,-0.12044281,-0.2127262,-0.0377651
-0.17954962,-0.14626434,-0.14263494,-0.001683973,-0.14091401,-0.08940688,-0.1697835,-0.08586777,-0.06233757,-0.08487909,0.17256166,0.053426433,-0.18463768,-0.16237725,-0.31234443,-0.06872085,-0.11465569,-0.019639632
2.313999e-05,-0.0023712553,-0.07684157,-0.12390401,-0.039074786,0.1148936,-0.095724486,0.22241412,0.13761553,0.23562519,0.011868581,0.37711495,-0.08847994,-0.060203146,-0.057148017,-0.1788095,0.106971264,-0.20846473
-0.026419658,0.010703132,-0.027549354,-0.09286211,-0.02046497,0.10655356,-0.11487875,0.19785525,0.15407181,0.2203998,0.014152816,0.34474856,-0.08311629,-0.048451163,-0.06976103,-0.15467282,0.06012058,-0.21667174
-0.21449831,-0.15781598,-0.12763129,-0.1707778,-0.098974906,-0.18027309,-0.03746975,-0.09453821,-0.12225813,0.08765148,-0.13234493,0.023382103,-0.09298097,-0.14728256,0.11088741,-0.17115004,0.007433225,0.002038469
-0.23162991,-0.16121826,-0.13711393,-0.16670875,-0.1028589,-0.18627949,-0.048505183,-0.10819979,-0.13578625,0.07575737,-0.14082418,0.00900133,-0.10143942,-0.16664651,0.09513821,-0.1799488,-0.009252708,-0.0066325394
-0.0798423,-0.02712429,-0.23201035,-0.011010915,0.07830449,-0.027902916,-0.17369384,-0.11533929,-0.15691471,0.063414775,-0.15908645,-0.092550635,-0.22957169,-0.23313434,-0.11370103,-0.21711129,-0.087338366,-0.24807835
-0.1464611,-0.0662628,-0.25104016,-0.067548126,0.039495394,-0.028064186,-0.16415325,-0.112795234,-0.15596193,0.06125743,-0.16574939,-0.10220779,-0.2516561,-0.18574278,-0.08776094,-0.23690724,-0.07619115,-0.25653595
0.18612675,0.14233957,0.35403627,0.27212793,0.1365739,0.05815832,0.37049842,0.22733927,0.15550372,0.03757413,0.10191936,-0.03698248,0.44698426,0.16593201,0.09107515,0.109761864,0.081711665,0.43790555
0.19728696,0.14170146,0.3489295,0.2610837,0.14614944,0.053751502,0.3641964,0.23764297,0.15919906,0.03498655,0.11217077,-0.029629923,0.4525616,0.15016362,0.095825486,0.1311898,0.088626996,0.43014282
-0.11706886,-0.20407903,-0.05312428,0.1210937,-0.22689009,0.045545902,-0.030631734,-0.12428048,-0.08316661,-0.09213263,0.1922452,-0.079020984,-0.0833926,-0.058174614,-0.23341458,0.09371061,-0.15109988,0.045196332
-0.09590999,-0.21083844,-0.0662382,0.071366645,-0.22452198,0.014014736,-0.06921471,-0.12844259,-0.07154559,-0.099780634,0.17701744,-0.065064654,-0.118856266,-0.0977084,-0.2602523,0.08413887,-0.16186722,0.0030643998
-0.15818152,-0.28670898,-0.14678645,0.10289724,-0.31152353,-0.069199294,-0.15883897,-0.20633414,-0.14238943,-0.03978244,0.031613696,-0.06968213,-0.13442376,0.018800203,-0.27274188,-0.17083701,-0.2652015,-0.13582014
-0.07397403,-0.23021322,-0.115430295,0.05949794,-0.21745384,-0.063514315,-0.19798972,-0.1989403,-0.13994189,-0.040284086,-0.0018266997,-0.0714331,-0.17065799,-0.002591303,-0.31152233,-0.19114485,-0.27947086,-0.18286337
-0.26999122,-0.4363469,-0.28462306,-0.16880906,-0.44631493,-0.30514646,-0.29304317,-0.42770812,-0.3773552,-0.26811266,0.09229453,-0.20771526,-0.1958135,-0.38121063,-0.3852324,-0.13229151,-0.35905567,-0.018470868
-0.2714531,-0.4118421,-0.27038854,-0.15806837,-0.42196852,-0.27306744,-0.26681033,-0.40655586,-0.34827006,-0.24850462,0.11156628,-0.18130612,-0.1733947,-0.36195588,-0.3559194,-0.11570906,-0.3238408,0.007848204
-0.21654505,-0.13769299,-0.18587996,-0.034866974,-0.13605374,-0.14428341,-0.1358369,-0.14599288,-0.106119566,0.109492436,-0.084422864,0.11088515,-0.062280416,-0.22545795,0.029404288,-0.11127111,-0.012982954,-0.04057703
-0.20417245,-0.13985017,-0.18749918,-0.030739844,-0.14690012,-0.13533206,-0.13328584,-0.111372724,-0.08703364,0.13118109,-0.057078242,0.15122929,-0.03160292,-0.21863343,0.02879138,-0.114377886,-0.0031293097,-0.021458877
0.07553619,0.32043564,0.111599326,0.18781787,0.23917498,0.44406477,0.26421112,0.29019734,0.28183535,0.26264524,0.33552045,0.31973496,-0.028220952,0.3135865,0.3157618,0.21346088,0.39522794,0.06697096
0.0454751,0.31918436,0.111429624,0.15282379,0.24416961,0.44813067,0.25407463,0.27892384,0.25534427,0.27096558,0.36537153,0.3053105,-0.011045715,0.3197376,0.30726245,0.21684997,0.36917183,0.090915084
-0.16314386,-0.28101435,-0.3408322,-0.093050495,-0.25259247,-0.13300154,-0.23969525,-0.19445194,-0.2302569,-0.11999392,0.11682375,-0.05104118,-0.17876512,-0.26357365,-0.25745174,-0.19880022,-0.13160275,-0.024257805
-0.15574104,-0.28864622,-0.30632868,-0.06764472,-0.29184368,-0.1065481,-0.20100941,-0.13579734,-0.17207824,-0.067356996,0.15017007,0.019773593,-0.14023837,-0.26524016,-0.18907183,-0.12831326,-0.055285655,-0.029617172
0.15773715,0.1825975,0.19697915,0.025952164,0.25090358,0.21609087,0.1370184,0.08275921,0.07261124,0.08629638,0.088857435,0.03768664,-0.10905661,0.3047372,0.12516813,-0.011539791,0.05733783,0.05134514
0.18898036,0.18991585,0.17771377,0.03228893,0.26244363,0.23443127,0.14132296,0.08823326,0.08678313,0.097147934,0.0924815,0.04157718,-0.08503645,0.30036947,0.12075034,0.004352156,0.05695921,0.042062595
0.57261133,0.3625187,0.5057071,0.43686318,0.38517648,0.26693946,0.43201017,0.32395503,0.3987421,0.1643027,0.15104151,0.07036451,0.55895233,0.35968316,0.25782365,0.36116952,0.118018344,0.32303372
0.5873165,0.371151,0.522941,0.45850766,0.3934444,0.284882,0.43557096,0.32422745,0.43327308,0.18697128,0.18708466,0.11360632,0.57334536,0.38704044,0.26923734,0.36854884,0.13616908,0.34073937
-0.1997793,-0.28974915,-0.2165764,0.048828457,-0.3596446,-0.16130586,-0.24970521,-0.20536882,-0.1558967,0.01475974,-0.09735255,0.08408868,-0.099065654,-0.22416979,-0.22600122,-0.2374746,-0.21511859,-0.23870976
-0.18755168,-0.25860995,-0.18354434,0.077397145,-0.33177635,-0.12961258,-0.21689542,-0.15820308,-0.11717299,0.056031685,-0.06718939,0.123381585,-0.061827477,-0.19236374,-0.18567128,-0.20717096,-0.18237841,-0.19639462
0.19408664,0.139705,0.26199847,0.041969698,0.23514579,0.13790698,0.25149953,0.042766795,0.049365953,0.024320899,0.37409827,-0.09087286,0.1399221,0.16292371,0.11320802,0.44901872,0.082617894,0.4353283
0.2591332,0.12870245,0.25016657,0.046219517,0.21947221,0.14375897,0.24385788,0.061670575,0.0481874,0.030341558,0.35735148,-0.10831375,0.1798633,0.1640207,0.07780751,0.43678078,0.054996416,0.4178489
0.2760349,0.29164577,0.017262608,-0.0537256,0.30812147,0.26471356,0.074847445,0.37870407,0.24595767,0.2645301,-0.055628743,0.26817766,0.026901562,0.030724837,0.21512175,-0.05598216,0.23376822,-0.11386415
0.24407119,0.28510058,0.011641007,-0.061611045,0.30354482,0.26105708,0.074047014,0.37703642,0.2335252,0.26749194,-0.039802577,0.25961784,0.034512553,0.032248143,0.1980157,-0.05754969,0.21858694,-0.10247437
0.30784014,0.31229335,0.036093906,0.018232882,0.33387485,0.1981758,0.10383705,0.39474204,0.2516178,0.2741212,-0.07338987,0.20652315,0.13490896,0.014425406,0.19174135,-0.001036946,0.1961665,-0.05700026
0.2921207,0.34009105,0.047415923,-0.014669701,0.35257736,0.23786525,0.10776714,0.4029044,0.258534,0.2758304,-0.058797676,0.20714241,0.1069248,0.040694796,0.2036961,0.000615543,0.20314464,-0.06134713
0.1887767,0.28785247,-0.021572188,0.06713122,0.3017769,0.22013544,0.1453938,0.40366524,0.29624984,0.2733756,-0.033225626,0.24542932,0.07605971,-1.6074162e-05,0.2433674,0.059542857,0.28278545,-0.11735521
0.22510365,0.2716391,-0.050977483,0.033380207,0.28284258,0.21045615,0.11731521,0.39051938,0.2981068,0.2607973,-0.026376978,0.21919693,0.065189384,-0.023402814,0.23235184,0.088485435,0.27593228,-0.12711501
0.2028187,0.25613865,-0.09810258,-0.121143155,0.28679374,0.19818944,0.040988896,0.33151022,0.17423926,0.26132926,-0.10568543,0.20893858,-0.009572407,-0.09815206,0.17102027,-0.062071245,0.23707289,-0.12065062
0.26442856,0.28892398,-0.029271515,-0.14221086,0.31213582,0.2529012,0.08596153,0.37713197,0.18768443,0.28035423,-0.0826133,0.20215753,0.01932692,-0.04004725,0.20483428,-0.037820794,0.2505472,-0.07308899
-0.1754894,-0.2818644,-0.19527912,-0.13771047,-0.3433833,-0.22889392,-0.20597324,-0.23302315,-0.2315856,-0.040799692,-0.12025215,0.014634052,-0.094554834,-0.3049122,-0.09885483,-0.17259854,-0.10209994,-0.088851005
-0.18295969,-0.29203677,-0.18338208,-0.14181848,-0.35628924,-0.2293729,-0.20919642,-0.24037647,-0.22697993,-0.051967323,-0.12262462,-0.015446796,-0.07829308,-0.29718006,-0.11117295,-0.161799,-0.13890423,-0.08563741
-0.16060184,-0.30138206,-0.23642597,-0.2883223,-0.2691707,-0.16271609,-0.18039092,-0.23914798,-0.33042476,-0.09120683,-0.15415518,-0.234776,-0.18056154,-0.25287822,-0.20287122,-0.29571855,-0.26235005,-0.16724536
-0.1873745,-0.2655491,-0.18551531,-0.2675769,-0.24803607,-0.12124604,-0.11830124,-0.18923385,-0.28107506,-0.046218157,-0.13001584,-0.1938526,-0.119233504,-0.19792476,-0.14412452,-0.23933885,-0.21332675,-0.11727997
0.06902757,0.26535922,0.005176291,-0.001470577,0.2524536,0.12007662,0.14111464,0.27216285,0.04417894,0.08463771,0.0103977285,0.028754285,-0.037558347,-0.11218342,0.24352029,0.22265531,0.25598744,0.061024792
0.018758401,0.29848337,0.031589672,0.00537447,0.29437682,0.1441499,0.18740533,0.27143228,0.05328557,0.0797842,0.051051844,0.014263008,-0.021120153,-0.08337726,0.26274192,0.25281304,0.2620285,0.10484906
-0.07960104,-0.0739358,-0.18794037,0.036274016,0.0064907726,0.03938305,-0.12262851,-0.06786672,-0.14048299,0.09762677,-0.038888127,0.055828087,-0.15075211,-0.21802445,-0.049504034,-0.21234335,0.011161296,-0.17079698
-0.091282725,-0.03538331,-0.17436913,0.046840392,0.039906967,0.05365373,-0.10833124,-0.03234554,-0.09288019,0.12072848,-0.03669616,0.102278866,-0.12924634,-0.2043149,-0.01837208,-0.19834045,0.044047303,-0.1786281
-0.14635779,-0.4296861,-0.31569034,-0.11881666,-0.3778508,-0.28510165,-0.16593125,-0.37053123,-0.41052067,-0.1705453,-0.18351136,-0.18561573,-0.30082726,-0.2547889,-0.1982653,-0.32509932,-0.23950648,-0.18597536
-0.15175115,-0.4072618,-0.3217943,-0.13393848,-0.35585612,-0.26990166,-0.14668879,-0.34632263,-0.38990453,-0.15516184,-0.18520176,-0.17058086,-0.28069127,-0.24464671,-0.1790999,-0.3091836,-0.2144086,-0.17370237
0.060522597,-0.06047428,-0.04995566,-0.0769039,-0.1024922,0.27206355,-0.09681083,0.108961746,0.095672816,0.08193782,0.07316814,0.10169841,-0.14715119,-0.10898033,-0.118158795,0.033716165,0.06365823,-0.2323468
-0.058597203,-0.2923414,-0.15108062,-0.09324442,-0.34675878,0.044220492,0.009083967,0.0042425413,-0.12224517,0.13665111,0.036251128,0.07615184,-0.07862436,-0.1360189,0.007986789,0.030088902,0.07012863,-0.10785016
-0.036201615,-0.24858943,-0.12548092,-0.09172695,-0.30458325,0.08219974,0.046267122,0.06789108,-0.054625988,0.17469646,0.05817058,0.11414046,-0.053134885,-0.082320824,0.07033563,0.06638289,0.12585957,-0.093802676
-0.041053995,0.17138873,-0.038109977,0.10334628,0.17893384,0.22511266,0.25177053,0.3726674,0.24206732,0.29454112,0.04149276,0.25044087,-0.025189368,0.05713559,0.3930055,0.09763722,0.4017975,-0.0038241956
-0.04785663,0.19525003,0.014109147,0.10918167,0.20075662,0.27155375,0.30629194,0.39766887,0.26875427,0.31700516,0.10899158,0.25104085,0.00026678952,0.14926973,0.43977645,0.12494181,0.42628062,0.06478585
-0.1181199,-0.24572663,-0.14074518,-0.11404314,-0.19368868,-0.09915866,-0.12259559,0.011855384,-0.08482136,0.0919756,-0.064209566,0.039142586,-0.13610677,-0.030488221,-0.12598047,-0.29422307,-0.13234411,-0.110473
-0.14421861,-0.26033863,-0.16208583,-0.10300046,-0.21118854,-0.11369588,-0.12870942,-0.0064667827,-0.09608622,0.08741522,-0.06722029,0.035642523,-0.12926927,-0.051861946,-0.1363081,-0.30554882,-0.14753993,-0.118544646
-0.17366944,-0.14360777,-0.2863605,-0.09035695,-0.14694488,0.07140157,-0.14391826,-0.020466356,-0.17797929,0.022209605,0.16557372,0.09968641,-0.129027,-0.30272996,-0.2029411,-0.051068198,-0.025725722,-0.10212574
-0.1277119,-0.12777287,-0.27389768,-0.1065974,-0.13247892,0.057241663,-0.16117468,-0.0078914305,-0.15840022,0.036483604,0.14273877,0.12558657,-0.12762022,-0.3235521,-0.20617296,-0.058108646,-0.013583243,-0.12933257
-0.15424888,-0.16140527,-0.18514268,-0.15978777,-0.07220388,-0.04510312,-0.045998212,-0.1840357,-0.15914094,0.027902456,-0.08872609,-0.12678412,-0.104917146,-0.14751926,0.035026368,-0.095210746,-0.08110565,-0.07058073
-0.15735476,-0.17343569,-0.19720678,-0.15043603,-0.07958064,-0.056703027,-0.06065638,-0.20135063,-0.18874942,0.015240673,-0.09269205,-0.15370515,-0.12621443,-0.15449896,0.0027864608,-0.119612016,-0.112991095,-0.08257728
0.12835984,0.4349515,0.11407356,0.05902259,0.4187458,0.3502913,0.21538852,0.41378567,0.33289707,0.3248485,0.15995345,0.39742523,0.045662288,0.100010365,0.40684518,0.26722932,0.4325408,0.046589844
0.115972005,0.4177603,0.109932445,0.072767265,0.40633225,0.33765623,0.18885385,0.39276898,0.3344523,0.31051007,0.15378623,0.39441192,0.042657454,0.0752164,0.38815126,0.26244882,0.41295654,0.02689379
-0.14705357,-0.31991827,-0.16428989,-0.17431869,-0.3501841,-0.26475307,-0.2251284,-0.26143938,-0.29218185,-0.11003721,-0.24060063,-0.10345009,-0.17494039,-0.34261152,-0.15444513,-0.23355149,-0.15221523,-0.1153865
-0.21463089,-0.2821898,-0.3285836,-0.22703123,-0.32729664,-0.12555727,-0.2019864,-0.22053982,-0.2345071,-0.026091784,-0.17901869,-0.007946992,-0.25876442,-0.2637602,-0.05565048,-0.28699276,-0.04369156,-0.19202505
-0.23389207,-0.26372725,-0.32094508,-0.21771273,-0.31785488,-0.104854226,-0.2012492,-0.20488508,-0.21642464,-0.0143679995,-0.17085978,0.016837258,-0.23531944,-0.25761366,-0.04255802,-0.2787903,-0.029216725,-0.17481
0.05050956,-0.22367083,-0.16211854,-0.15947609,-0.22219306,-0.23814292,-0.31646362,-0.16476116,-0.044943184,-0.07633308,0.032944743,0.01875212,-0.11087667,-0.22485971,-0.2297882,-0.16153748,-0.2523771,-0.113543876
0.06285615,-0.20447618,-0.14190061,-0.14782947,-0.20448352,-0.22334945,-0.30788568,-0.14902547,-0.029537994,-0.06446271,0.037453525,0.04148802,-0.09584489,-0.21303762,-0.2302578,-0.1511603,-0.24265957,-0.113058224
-0.044521224,-0.28613818,-0.3366422,-0.11309781,-0.24566612,-0.015630258,-0.17173986,-0.25217426,-0.26317748,-0.07452204,-0.16977167,-0.047230776,-0.28697065,-0.24741098,-0.16563416,-0.30365455,-0.10002317,-0.27574223
-0.10750985,-0.27446333,-0.331384,-0.112462655,-0.23194058,-0.002024327,-0.15437761,-0.244763,-0.25535437,-0.066482075,-0.15991525,-0.04867478,-0.28067765,-0.2215399,-0.15263225,-0.30040672,-0.09028494,-0.25609443
0.34720856,0.32626477,0.56899977,0.40785772,0.3635896,0.2786509,0.4143541,0.30178446,0.3658361,0.15703952,0.3486808,0.12627627,0.56853294,0.39647758,0.25308526,0.3793158,0.16289528,0.48245025
0.33085012,0.35039127,0.55945307,0.3957559,0.38487592,0.32044375,0.45479217,0.32737345,0.35994813,0.17435402,0.38932544,0.1264454,0.5960781,0.39087817,0.28047177,0.42952615,0.20611577,0.5324618
0.3717059,0.43577218,0.5955136,0.28661388,0.47013995,0.36266777,0.49476448,0.41895232,0.40196174,0.25492847,0.3006922,0.19758855,0.59568095,0.46587646,0.34960055,0.3720635,0.2301398,0.5274863
0.37154174,0.43638766,0.59495866,0.2865084,0.47045428,0.36242256,0.49334627,0.41886038,0.40118366,0.254843,0.29914758,0.19786614,0.59571683,0.46369085,0.34697485,0.37142006,0.2280536,0.52476704
-0.13836564,-0.22481968,-0.20957959,-0.2742979,-0.15120324,-0.15566148,-0.23028043,-0.15871243,-0.07606655,-0.026387148,0.097510114,-0.024648136,-0.30752105,0.040928006,-0.020645788,-0.15156113,-0.15778407,-0.05424967
-0.12867908,-0.2438552,-0.21481717,-0.28643778,-0.16840662,-0.16396996,-0.24494617,-0.15889277,-0.08124835,-0.02891038,0.083630815,-0.030471442,-0.2968461,0.019007536,-0.045359794,-0.15624501,-0.18540215,-0.06817939
0.2502123,0.17002162,0.053226884,0.006884644,0.33571184,0.015198268,0.0043560853,0.00078943965,0.040402457,0.15552627,-0.0063127517,0.040059436,-0.09398859,0.07881224,0.10057585,-0.028935915,0.06487931,0.0117035685
0.21491662,0.1646245,0.056086987,0.011083126,0.33043602,0.013528308,0.020110488,0.00591502,0.020945875,0.15948534,-0.007460638,0.013507844,-0.11839932,0.12559666,0.10431899,-0.04068182,0.05736372,0.0052705575
-0.15227826,-0.31150344,-0.20497668,-0.16257735,-0.35334066,-0.24654627,-0.2316001,-0.2704616,-0.29781613,-0.090581894,-0.14026381,-0.076677665,-0.16805078,-0.3323251,-0.13680534,-0.20406312,-0.19028218,-0.15574257
-0.12286928,-0.2949206,-0.19960102,-0.15720794,-0.32786244,-0.23958121,-0.22065681,-0.26575518,-0.28857556,-0.08922269,-0.14691438,-0.070332445,-0.15769419,-0.31450915,-0.13846645,-0.22218141,-0.18818967,-0.14645983
-0.16302608,-0.25789586,-0.2996701,-0.08288408,-0.26055014,-0.026130438,-0.24473812,-0.118453965,-0.092434466,0.027723849,0.013129666,0.014126686,-0.30486438,-0.05277497,-0.124490716,-0.20818806,-0.13174948,-0.31612656
-0.14327101,-0.20006078,-0.23644446,-0.012886612,-0.21891464,-0.0048333933,-0.20767622,-0.07063406,-0.026581725,0.06791964,-0.020696556,0.058897648,-0.24120206,0.0037581911,-0.11554921,-0.23011434,-0.122635365,-0.3079653
-0.14469747,-0.41531903,-0.36207625,-0.1834756,-0.37763807,-0.32656637,-0.35681906,-0.480926,-0.35819027,-0.20543219,-0.1710129,-0.28482118,-0.29201177,-0.26157498,-0.34002572,-0.35398743,-0.40971237,-0.32793567
-0.23786384,-0.46805584,-0.3910793,-0.14961836,-0.452251,-0.3474557,-0.35597384,-0.5023593,-0.37574625,-0.22194947,-0.13894565,-0.2713555,-0.27412778,-0.3031824,-0.33501503,-0.34513068,-0.41458267,-0.3114194
-0.029974211,0.039437152,-0.17167503,-0.011292331,0.10092351,0.1819393,-0.073848635,-0.010426301,0.084527016,0.11375078,-0.10113119,0.111926615,-0.23646042,-0.099528626,0.14364831,-0.09840029,0.1744183,-0.2610643
-0.04143254,0.017058523,-0.17703387,-0.016611408,0.076561496,0.18208003,-0.083721,-0.019281305,0.06686465,0.11423778,-0.09573443,0.101041995,-0.23938593,-0.09993337,0.117841564,-0.11645229,0.148697,-0.26529822
0.044273034,0.11662655,-0.16559446,0.03521367,0.19182737,0.19596727,-0.0132528,0.03304205,0.1271839,0.14678241,-0.08541692,0.115126334,-0.17749657,-0.10814956,0.15029083,-0.0572442,0.18142796,-0.25255072
0.0071075144,0.071658865,-0.17568424,0.05654331,0.13365267,0.19375682,-0.029314792,0.01715191,0.11244967,0.1397163,-0.09478182,0.114017546,-0.18723647,-0.11720701,0.12178153,-0.095212884,0.15885016,-0.27467373
-0.2005785,-0.17954968,-0.2324131,0.0014913394,-0.107083805,-0.0943068,-0.1975994,-0.17097048,-0.04486035,0.015997237,-0.061933644,0.036548976,-0.19186023,-0.21191101,-0.11125475,-0.24244829,-0.07431886,-0.2557585
-0.20670053,-0.19081135,-0.22672588,-0.015350666,-0.13288833,-0.073387556,-0.17951414,-0.16494203,-0.017149067,0.021741387,-0.0698716,0.045354933,-0.16422229,-0.19437099,-0.086417824,-0.22857495,-0.068867095,-0.25358832
-0.108286284,-0.14960282,-0.18818101,0.032756656,-0.15805978,0.106697276,-0.11551361,-0.14363135,-0.09818678,0.0008809548,0.25929117,0.009153708,-0.31108233,-0.030290809,-0.04598915,0.07654969,0.015165204,-0.093156144
-0.17373554,-0.18420523,-0.21021944,-0.021003895,-0.19587357,0.10395731,-0.100360855,-0.16164927,-0.114788845,-0.020608114,0.25062284,-0.026735768,-0.32840544,-0.044709843,-0.033175502,0.064370275,0.013935771,-0.06391796
-0.3230428,-0.24451187,-0.24915235,-0.14050253,-0.23446073,-0.19073506,-0.26608425,-0.32841563,-0.28423882,-0.1993723,0.1140295,-0.19819835,-0.26335573,-0.31082484,-0.32009822,0.003661159,-0.30475146,-0.037598
-0.31544286,-0.25749275,-0.24644932,-0.13623303,-0.25953123,-0.17716296,-0.27058986,-0.316416,-0.27805164,-0.1899515,0.11342037,-0.17618284,-0.25777504,-0.31280336,-0.33678043,0.0030556244,-0.3133045,-0.054416176
-0.16751774,-0.2926328,-0.21557069,-0.09977704,-0.34792358,-0.12567165,-0.18251383,-0.33924183,-0.27815452,-0.0903935,-0.08588612,-0.16850294,-0.12194812,-0.21921757,-0.15954593,-0.15764503,-0.20437516,-0.11232914
-0.2188028,-0.31681642,-0.20150925,-0.08463165,-0.37790507,-0.14833184,-0.16506474,-0.35062167,-0.28979334,-0.0887892,-0.07074683,-0.16136709,-0.1228699,-0.22761315,-0.14563978,-0.12988168,-0.2050828,-0.10106491
0.526992,0.2700449,0.22377223,0.45397192,0.2858591,0.104520634,0.24069972,0.2516477,0.43035957,0.13359164,0.1336308,0.103112735,0.47763583,0.1055205,0.2479649,0.3854683,0.137733,0.16772665
0.53414303,0.2508318,0.22269292,0.44782168,0.26770756,0.10658858,0.23340893,0.23830402,0.4178914,0.12435267,0.14023559,0.090026304,0.47715563,0.1036891,0.24051154,0.3845911,0.12705272,0.17316759
0.5454306,0.39669338,0.27254838,0.3742298,0.38701895,0.18221545,0.28096873,0.3094335,0.4706697,0.15063211,0.18753392,0.08637822,0.46204883,0.20712052,0.29776964,0.42444575,0.16516688,0.21439193
0.55166334,0.38585258,0.26530513,0.37232593,0.37615663,0.16587397,0.27352786,0.31333163,0.46557295,0.1522638,0.17154168,0.08827067,0.46279457,0.18885498,0.27922836,0.4114533,0.15296923,0.19861385
0.5447762,0.3187726,0.06792756,0.20366593,0.35047072,0.2521679,0.10195592,0.24951145,0.17865665,0.2698048,0.07561819,0.15440656,-0.0061146705,0.172718,0.11189139,0.112310916,0.13349196,-0.083113335
0.51987725,0.29863763,0.07857813,0.26180425,0.3197235,0.27633184,0.118856736,0.238592,0.18139535,0.27125517,0.087413535,0.15873505,0.005212117,0.19548334,0.10844057,0.11643663,0.12352771,-0.091063686
-0.09380801,-0.06973746,-0.07971627,0.14792113,-0.074083775,0.093728766,-0.07848345,-0.0942839,-0.090002626,-0.068882264,0.20695747,0.009516463,-0.11351381,-0.09231478,-0.31126207,0.030784907,-0.11292653,0.020584967
-0.07703295,-0.06394058,-0.06515454,0.14898777,-0.06540591,0.08711889,-0.09303304,-0.10008548,-0.09831571,-0.07625575,0.19849068,-0.0027904108,-0.13384305,-0.079308495,-0.32852972,0.020108601,-0.13229768,0.0032757786
0.33149135,0.2543362,0.38051593,0.18465649,0.23133893,0.25902742,0.12542947,0.30869725,0.28140712,0.18731567,0.06997801,0.27002257,0.1310572,0.25211585,0.034791466,0.09580945,0.113031924,0.050239723
0.3109108,0.24695137,0.32906184,0.11060987,0.22196946,0.25642383,0.11113548,0.30944565,0.25752443,0.19328555,0.06400716,0.26584864,0.08736624,0.20373364,0.031021105,0.10064755,0.12057501,0.0064611924
-0.12110793,-0.18692876,-0.18063128,0.08012383,-0.23918128,0.054584462,-0.11819957,-0.17593479,-0.0899579,0.038372062,0.033916805,0.062173907,-0.09416636,-0.10715878,-0.10855536,-0.103316575,-0.08209792,-0.19304095
-0.12918353,-0.19018915,-0.172048,0.059261918,-0.24573117,0.0766045,-0.10692457,-0.17821985,-0.08687186,0.039865594,0.039672762,0.038107067,-0.08784916,-0.11242174,-0.10320035,-0.076731786,-0.094509944,-0.19733694
0.014819015,-0.09032776,0.069835275,0.18060383,-0.047619022,0.09695094,0.1608384,-0.070877366,0.024396252,-0.035753526,0.27179086,-0.0626436,0.029341293,-0.03690608,0.042483553,0.36044443,0.039290715,0.25236684
0.002897645,-0.11444767,0.09067157,0.16878815,-0.07683552,0.09681843,0.14674255,-0.1055625,-0.0028223223,-0.070593655,0.26810294,-0.09738596,-0.0056577986,-0.02757025,0.030356327,0.3685312,0.020134378,0.2527862
0.17121764,0.16841292,0.015130373,0.085495114,0.13852423,0.2263146,0.2266927,0.24887171,0.13010421,0.1503731,-0.054326635,0.23311882,-0.09841387,0.066806,0.27425748,0.03556765,0.3739943,-0.033013232
0.1344981,0.17939207,0.011881106,0.11311725,0.1320938,0.21910636,0.22766137,0.23248737,0.13342997,0.13131922,-0.051330425,0.2135805,-0.07813169,0.07444829,0.27140445,0.05188693,0.35632977,-0.036368202
0.25300694,0.26866192,0.47441015,0.31261215,0.2736885,0.23727651,0.24068834,0.21133965,0.2379857,0.07338082,0.2044209,0.12944996,0.19380586,0.31931236,0.11002761,0.14390202,0.10765048,0.3124761
0.24874397,0.2908309,0.48995924,0.30214855,0.2854669,0.2782776,0.2405255,0.20872538,0.23470546,0.08047406,0.23227939,0.13712266,0.18774924,0.32931393,0.09369333,0.16866116,0.09641968,0.3158176
-0.013954016,0.07416567,-0.09084699,-0.09826223,0.07732541,0.12553747,-0.18721937,0.010042629,0.14467941,0.14254148,-0.004579275,0.23851381,-0.26734176,0.062072508,0.03471779,-0.14968804,0.03681992,-0.16543736
-0.07312983,0.054708783,-0.15066361,-0.112644866,0.09646763,0.10362301,-0.18906954,-0.013983956,0.1052672,0.12484118,0.028669538,0.17308807,-0.24802558,0.09297744,-0.021509027,-0.21146691,-0.014073304,-0.1336269
-0.18016206,-0.33830518,-0.27797696,-0.12324336,-0.34344077,-0.107494615,-0.18944654,-0.25254026,-0.18095131,-0.15369369,0.14830495,-0.07935905,-0.19723202,-0.32330152,-0.32004893,-0.006558589,-0.19778195,-0.08154384
-0.16526294,-0.31738433,-0.25575167,-0.12330217,-0.3207219,-0.09115827,-0.16102403,-0.23266567,-0.15872678,-0.13401519,0.16004437,-0.05417267,-0.17522442,-0.3002053,-0.29634342,0.030824881,-0.17759483,-0.0726879
0.101640485,0.20587324,0.0907238,0.14243454,0.23044139,0.20092556,0.010028025,0.14019029,0.23208238,0.24324873,-0.024498122,0.23940954,-0.16455835,0.27592868,0.0982543,-0.052618545,0.113372095,-0.15386514
0.032718297,0.24218541,0.11632664,0.16856518,0.26299152,0.22279269,0.042870328,0.1235197,0.25725976,0.2453317,0.035040922,0.25935835,-0.16414034,0.30685824,0.14129671,-0.0122140935,0.12988175,-0.13450743
0.14725298,0.27632537,0.015340203,0.06343564,0.33033943,0.16230997,0.046480957,0.116549626,0.14709137,0.21210934,-0.04635444,0.083954714,-0.146352,0.19537967,0.06515563,-0.04867689,0.05825573,-0.16648991
0.16557483,0.28434104,0.036311407,0.08236887,0.3381872,0.18991883,0.062131394,0.12321647,0.16400015,0.21922441,-0.040379345,0.09116109,-0.13972403,0.20981598,0.070552275,-0.035483334,0.060091097,-0.17755365
-0.06743977,0.03439606,-0.16877855,-0.022841645,0.04722481,0.1724931,-0.17244631,-0.005170282,0.11797271,0.08580943,-0.0015883285,0.23281059,-0.29959294,-0.13220038,0.01538532,-0.18123363,0.14236283,-0.29843986
-0.09671519,-0.0350153,-0.1956053,-0.007441967,-0.014365487,0.10682305,-0.19951038,-0.06957765,0.10947268,0.06054516,0.03408254,0.21801934,-0.2756996,-0.1682708,-0.014845671,-0.1593676,0.09710258,-0.27829412
0.09992026,0.2354922,0.095193125,0.105030805,0.27789563,0.20192708,0.027618198,0.20245731,0.37284875,0.22300725,-0.019718228,0.32915643,-0.14903235,0.19229126,0.26451746,0.016483964,0.27319354,-0.121719226
0.07830508,0.20970738,0.1285471,0.14488113,0.24727446,0.20407292,0.021769896,0.19140506,0.36329475,0.22167668,-0.013175504,0.34445617,-0.15320088,0.21017921,0.24813811,0.011235313,0.25402784,-0.12666893
-0.17180432,-0.14368254,-0.100889236,0.01901505,-0.14068367,-0.041684546,-0.07336917,-0.024392555,0.14673245,0.09745125,-0.018314855,0.22231877,-0.10208351,0.035424657,0.023598747,-0.09225078,0.05501441,-0.27509925
-0.16758911,-0.13878776,-0.09756278,-0.01905081,-0.1428084,-0.011113875,-0.08536942,-0.011824171,0.15988421,0.09107463,-0.005849345,0.22442287,-0.11342154,0.027538829,0.046511788,-0.06831844,0.067227654,-0.26617935
-0.02987653,0.01849774,0.030858189,0.13572839,-0.05686862,0.20142874,-0.13238409,-0.009667313,0.017420406,0.10032948,-0.03783608,0.103967436,-0.16766986,0.11701406,-0.2311478,-0.13810232,-0.12482875,-0.2573113
-0.0045463685,-0.015560866,0.032776434,0.06280871,-0.0941846,0.19012368,-0.13163269,0.008743795,-0.004749451,0.107829034,-0.081140414,0.040273808,-0.1659718,0.029923992,-0.20697685,-0.11930189,-0.10781754,-0.26644087
0.2265975,0.22831525,0.2612364,0.35923848,0.17939183,0.15851538,0.27663285,0.2862875,0.26298317,0.05297487,0.06414205,0.14796253,0.36765087,0.13870905,0.14431326,0.18808791,0.14071687,0.10258489
0.22095942,0.19827321,0.21144184,0.34664,0.1516796,0.14196509,0.25993666,0.25225544,0.2577356,0.031046245,0.07334669,0.12053482,0.34644267,0.13395353,0.14773442,0.21441501,0.14097615,0.08285632
0.3167974,0.23614158,0.09931162,0.3263347,0.22930042,0.014763625,0.2336145,0.22495465,0.18247175,0.004215707,-0.09657234,-0.025659421,0.33030906,-0.01483778,0.124659665,0.18738553,0.11436124,0.07145855
0.30494598,0.24923895,0.10337555,0.33102393,0.2399955,0.035102867,0.25219363,0.23148298,0.18915126,0.0035618546,-0.08514409,-0.036677502,0.33981106,0.0123305665,0.13233428,0.19460203,0.109206416,0.071374044
0.22157024,0.2899254,0.15459366,0.4010422,0.2993554,0.076812744,0.2337741,0.22109264,0.2517232,0.0142985135,-0.031835373,0.014596551,0.34072056,0.0060769534,0.23385103,0.26056522,0.16489355,0.10134917
0.22746657,0.30920938,0.16046287,0.37632644,0.32136106,0.10757627,0.27232608,0.24272202,0.26043242,0.023619546,0.0038484307,0.012820263,0.35593337,0.05670732,0.25424725,0.30008838,0.18108924,0.1239312
-0.012912075,-0.022279644,-0.2101411,-0.13339534,-0.051838525,0.13179582,-0.21328558,0.01011553,0.07157667,0.09891253,0.10424224,0.14642349,-0.20298502,0.018157978,-0.066376455,-0.11028673,-0.027536178,-0.3076572
0.075437054,0.06811845,-0.13249913,-0.08858677,0.04611979,0.21608506,-0.10013221,0.09381167,0.13563481,0.15824229,0.17245872,0.16632171,-0.11581433,0.1488308,0.01957374,-0.016568325,0.05045903,-0.20641308
0.12861277,0.11747607,-0.09197635,0.05607506,0.09934049,0.10031724,-0.0789757,0.090046495,0.25390893,0.13693707,0.044549257,0.20598958,-0.04803051,0.007609384,0.14942485,0.07157215,0.12895896,-0.15608871
0.13713439,0.10112878,-0.08867384,0.052239876,0.08385775,0.09977063,-0.09431805,0.07521528,0.2512592,0.12317707,0.05714099,0.21981066,-0.04973449,0.0019606866,0.13804412,0.0592781,0.12707172,-0.14442043
0.08204906,0.1720411,-0.10410764,0.014351327,0.12559362,0.11696407,-0.053956985,0.17671958,0.27095145,0.1780837,0.006931419,0.22418413,-0.09262857,0.013806995,0.15445979,0.0130562205,0.18321651,-0.16938579
0.1385743,0.19302692,-0.090354234,-0.007986585,0.15932518,0.15851414,-0.07479566,0.18069804,0.28655502,0.1743949,0.011125413,0.2407313,-0.09806966,0.014233069,0.13157482,0.0034132588,0.18480289,-0.20736815
-0.29029238,-0.33821094,-0.3353078,-0.22905779,-0.358994,-0.3163565,-0.3883961,-0.33451083,-0.24733338,-0.102711305,-0.21237549,-0.023899797,-0.2517563,-0.43083534,-0.18359746,-0.26440904,-0.2427558,-0.29224366
-0.28774258,-0.3578438,-0.37563783,-0.24190103,-0.3733915,-0.3344235,-0.44162107,-0.35651314,-0.2575436,-0.12822436,-0.23214948,-0.046737127,-0.29011795,-0.4746144,-0.2287667,-0.2967887,-0.2818663,-0.3442355
0.24006957,0.14409864,-0.015898108,0.12126314,0.12712578,0.051790062,0.16941293,0.11915268,0.021786854,-0.09068485,-0.068324395,-0.11878103,0.20133036,-0.14873688,0.065795764,0.19895777,0.083935425,-0.033927325
0.25582632,0.17699653,-0.005169861,0.11936786,0.1537782,0.09034286,0.19265309,0.14439847,0.055356428,-0.06973224,-0.049109317,-0.101233296,0.217729,-0.12139697,0.10104721,0.22525565,0.11883138,-0.01798827
0.18726668,0.12770861,-0.04642222,0.11216213,0.13387097,0.0062438394,0.1614577,0.086799316,-0.0069971206,-0.12810309,-0.046933606,-0.18884446,0.19630109,-0.1984334,0.09257792,0.22019185,0.096423484,0.029799115
0.21525703,0.14530025,-0.021240152,0.14057267,0.14745983,0.037504666,0.17242174,0.08826763,0.012365591,-0.12400399,-0.020249175,-0.17555246,0.21297151,-0.16927153,0.099619076,0.24482565,0.101344205,0.037611723
-0.24179444,-0.3072346,-0.22594231,-0.1735305,-0.259382,-0.15533572,-0.1729528,-0.29139236,-0.29167187,-0.07352389,-0.11755026,-0.14900118,-0.136905,-0.2119275,-0.2141679,-0.22544158,-0.27245763,-0.22774656
-0.24073738,-0.3032238,-0.22196564,-0.18757394,-0.25997826,-0.14721516,-0.16471964,-0.27055916,-0.2698737,-0.058801025,-0.12072254,-0.14452276,-0.11470195,-0.20235875,-0.19430527,-0.2202441,-0.26020402,-0.21720858
-0.10803698,-0.34399095,-0.18461448,-0.094003476,-0.33485875,-0.0729581,-0.1895515,-0.2764239,-0.26535958,-0.07982544,-0.1307531,-0.12850788,-0.16996355,-0.15414904,-0.22732013,-0.20447743,-0.25702694,-0.25009364
-0.11393018,-0.29950118,-0.1373883,-0.06450806,-0.29916337,-0.040121373,-0.12105829,-0.20980054,-0.21296245,-0.028236208,-0.11769215,-0.08915239,-0.12594941,-0.11171452,-0.15946633,-0.16495606,-0.19116953,-0.20170581
0.033588994,-0.026094524,-0.10102401,0.084871665,-0.047712363,0.17328273,-0.021428116,0.12691838,0.17525502,0.21857816,-0.061408382,0.25960386,-0.11343139,-0.08294653,0.10378458,-0.12864046,0.2321032,-0.26763165
0.042185422,-0.008077828,-0.08593908,0.091521606,-0.022548908,0.19520897,-0.017938117,0.12068893,0.17860092,0.22143508,-0.029350106,0.2737684,-0.08212233,-0.09488752,0.10718998,-0.10486358,0.23495863,-0.24325083
0.02447118,-0.05767641,-0.09582106,0.036877383,-0.041584592,0.12911806,0.10939726,-0.013451986,-0.018869415,0.14423697,0.3142921,0.1347892,-0.15820391,0.19975466,0.17150477,0.026717044,0.20776758,0.19870193
0.022015082,-0.04888919,-0.102596425,0.058263056,-0.041955873,0.1396588,0.09161411,0.0012980322,-0.018208591,0.15658969,0.2956855,0.15461698,-0.16730903,0.19799145,0.1391293,0.0062876255,0.192529,0.15994573
0.016903566,-0.21101925,0.10080192,0.07025938,-0.20838954,-0.09025679,-0.14637786,-0.15917142,-0.0052667693,-0.013423097,0.038537666,-0.008542396,-0.21320835,0.13266543,-0.09687881,-0.09425958,-0.15420212,-0.099756606
0.045995645,-0.15372483,0.14777942,0.09764147,-0.1506365,-0.0343981,-0.091626234,-0.0994982,0.044202957,0.040670305,0.0384146,0.034687128,-0.19194256,0.21587314,-0.037005622,-0.10645274,-0.094745286,-0.055643782
0.112490885,0.2768116,0.38170773,0.26366204,0.27502263,0.21904542,0.10445568,0.14903316,0.21443722,0.0010494438,0.09150912,0.13386254,0.25866026,0.14655675,0.081485465,0.048477348,0.036125753,0.17817391
0.14687291,0.33277705,0.41303974,0.3618667,0.32168093,0.26937106,0.1612392,0.19927439,0.2710652,0.055028,0.14869438,0.18438621,0.2827865,0.21509948,0.15135106,0.13434516,0.10087059,0.1940452
-0.20796809,-0.2550661,-0.2346426,-0.17265312,-0.2899591,0.003216866,-0.16333973,-0.18138091,-0.1687895,-0.06809419,-0.074589506,-0.09386835,-0.1993345,0.06406626,-0.12026311,-0.23356697,-0.110673174,-0.15424378
-0.20636338,-0.28003898,-0.23500605,-0.17802423,-0.31271103,-0.023179227,-0.18179938,-0.20362072,-0.21486019,-0.08437608,-0.09379367,-0.12731688,-0.23111139,0.044238452,-0.15032773,-0.2583218,-0.15388188,-0.16912177
-0.060536765,-0.35091987,-0.3160076,-0.10534956,-0.35897738,-0.078986764,-0.1848274,-0.30002093,-0.25928023,-0.0815186,0.004122357,-0.15799412,-0.18612605,-0.1548359,-0.11486047,-0.15027145,-0.13803172,-0.1522437
-0.006471183,-0.33510435,-0.31456155,-0.12886976,-0.31288087,-0.10137029,-0.19015801,-0.31863782,-0.275688,-0.11101317,-0.045098543,-0.21443568,-0.21367304,-0.18999936,-0.1120139,-0.15961592,-0.14205445,-0.15532278
0.14306045,-0.008472439,-0.17123914,0.10501407,-0.073066466,-0.06477736,-0.08901775,-0.042935368,-0.036886334,-0.05904011,-0.16402493,-0.057352107,-0.0579331,-0.06531832,-0.088726856,-0.1838712,-0.10354201,-0.2577891
0.15547867,-0.024040693,-0.19428508,0.07154656,-0.08913001,-0.06629927,-0.09321653,-0.044328958,-0.044370614,-0.054982252,-0.15915653,-0.066477574,-0.08296955,-0.05974309,-0.08425792,-0.1794032,-0.09941518,-0.2579657
0.23247851,0.13166949,0.0872493,0.45076632,0.11459889,0.021608332,0.17416883,0.16133903,0.31337583,0.06797763,0.03341305,0.07367019,0.4334747,-0.007290102,0.15077746,0.21680656,0.07967889,0.06175675
0.2191094,0.14199732,0.12686022,0.46806154,0.12890862,0.035386983,0.19359128,0.16525425,0.3304735,0.058741044,0.055624247,0.07469105,0.43809605,0.010499971,0.16076834,0.24298453,0.08364525,0.072759464
0.02187404,0.18085903,0.050130222,0.16478279,0.115851596,0.110813715,0.34078395,0.21007665,0.111843124,-0.0042912504,-0.018193463,-0.1162606,0.37865537,-0.075369954,0.17118794,0.2224894,0.13867135,0.12956235
-0.010097425,0.20324065,0.069990724,0.18339878,0.121768944,0.104256995,0.33255187,0.19701773,0.1117633,-0.014389182,-0.025048178,-0.10504187,0.36004367,-0.05573116,0.1843713,0.21695715,0.14470764,0.12750024
0.14751165,-0.20605138,-0.26117912,0.11558957,-0.15693402,-0.06776011,-0.17065187,-0.18636717,-0.15900587,-0.06310519,-0.14914885,-0.06161932,-0.17965235,-0.21658763,-0.124112256,-0.23804483,-0.14425527,-0.2931883
0.16646312,-0.19767085,-0.25972742,0.11379619,-0.1427339,-0.067031056,-0.16561863,-0.18067025,-0.12012343,-0.060498457,-0.14189506,-0.055893775,-0.20205684,-0.1998037,-0.09071177,-0.20877673,-0.1186362,-0.3059669
0.101053394,-0.09286019,-0.19985351,0.08433824,-0.027263295,0.04167842,-0.15384015,-0.054662693,-0.01868132,0.0867302,-0.040998753,0.01862717,-0.10257325,-0.09035125,-0.10780045,-0.1470088,-0.056405596,-0.26532158
0.009581357,-0.06888728,-0.18383594,0.16570646,-0.011343815,0.05219964,-0.11178248,-0.022985075,0.0012779082,0.10687853,-0.035780225,0.06103075,-0.09310853,-0.076692425,-0.057666093,-0.15156445,-0.018051965,-0.26472363
0.09788177,0.005902734,0.09333227,0.14837661,0.04274764,0.02370477,0.24501215,0.07689284,0.027116042,0.043309417,0.21110173,-0.048154507,-0.03593769,0.15131015,0.12944384,0.28537422,0.09843787,0.2582221
0.14456046,-0.032543626,0.09487136,0.14831011,0.0069777747,0.062591285,0.27181584,0.03814998,-0.030407175,0.02271985,0.25061297,-0.108246885,-0.057774026,0.15487842,0.12280601,0.31509665,0.09537356,0.288153
0.27766997,0.36446327,0.33750635,0.0402788,0.4184953,0.25366566,0.18176879,0.21933803,0.19589508,0.09794713,0.2907915,0.10878638,-0.013312602,0.23438486,0.14652394,0.2557535,0.1681263,0.27594185
0.2707271,0.36053073,0.34980083,0.048433382,0.4115421,0.25770518,0.18116847,0.21427277,0.19019409,0.0935361,0.2764259,0.10926658,-0.016843757,0.23834649,0.14129174,0.24934492,0.15791126,0.2616055
0.17902482,0.29757565,0.15322612,0.30778685,0.28547284,0.38398036,0.22708794,0.21967724,0.27779993,0.25442797,0.24506555,0.3755299,0.1437113,0.23193042,0.22607665,0.25720638,0.3249414,0.13357657
0.18215701,0.29484564,0.16655324,0.3264231,0.27762106,0.39312172,0.22729185,0.22262402,0.29045966,0.24194515,0.23530456,0.36403093,0.15947813,0.22996973,0.22115406,0.25874814,0.31263277,0.12518768
-0.16172966,-0.09907273,-0.22700703,-0.042323112,-0.06323617,-0.08086296,-0.17079607,-0.16732183,-0.06459452,0.06981894,-0.0965757,0.033346176,-0.101737946,-0.17334297,0.075816,-0.12487115,-0.010210689,-0.06553553
-0.20176631,-0.10032349,-0.20171043,-0.07643745,-0.064591885,-0.06191958,-0.13201284,-0.16222243,-0.05623296,0.069227435,-0.07395338,0.02029202,-0.08589337,-0.1287368,0.10566325,-0.11153482,0.0039854404,-0.027682625
0.13620298,-0.29575142,-0.13510323,-0.16870524,-0.3042314,-0.20110457,-0.23373254,-0.2612749,-0.18526131,-0.13899694,0.047845963,-0.124675624,-0.28813884,-0.0681486,-0.17841546,-0.10042604,-0.25275964,-0.14607196
0.25793743,-0.028127646,-0.03498052,-0.19475925,-0.039298546,0.056660343,-0.06930995,-0.045196075,-0.030954573,-0.0418394,-0.030056616,-0.05650027,-0.13016103,0.019387007,-0.038130578,-0.0636368,-0.06479476,-0.18583019
0.04270164,0.24178527,0.034178622,0.058871206,0.18026517,0.27007207,0.3095946,0.3011158,0.12921682,0.11399006,0.06655485,0.10679851,0.070804514,0.09442579,0.3216769,0.18118753,0.3648115,0.11118703
0.055248853,0.27317807,0.060431518,0.044851393,0.22112677,0.25590557,0.31015155,0.31572187,0.15259936,0.11491692,0.08333464,0.121949635,0.09378001,0.10786976,0.35050204,0.20042835,0.37811446,0.14241044
-0.007893904,0.19195196,-0.0461346,-0.0017183959,0.1340208,0.21269646,0.23987386,0.27142024,0.10628105,0.10403722,2.6095426e-05,0.14215237,0.028088704,0.0014046576,0.28683493,0.052190438,0.36325747,0.078475736
0.02347098,0.20612611,-0.031083353,0.008699274,0.14256579,0.218544,0.25184464,0.2872426,0.13009842,0.114257306,0.011990515,0.15545368,0.032209493,0.01964732,0.30826354,0.078978896,0.37883967,0.0796454
0.15909027,0.2756827,0.052160986,0.067104965,0.21013881,0.32730484,0.32964438,0.40244976,0.19538723,0.20807914,0.07354587,0.20380598,0.10620942,0.052385762,0.31925958,0.23621151,0.436259,0.056235112
0.14318761,0.27669618,0.046827525,0.06901437,0.21182506,0.33244333,0.34170276,0.39702106,0.2011137,0.20521577,0.094360344,0.19104841,0.11163551,0.06515051,0.32962158,0.25978145,0.43681335,0.065956846
0.15184821,0.29300123,0.012804717,0.055708203,0.26460725,0.25817433,0.3257042,0.33806965,0.15394725,0.16727082,0.08000079,0.1315071,0.046420164,0.06310825,0.370449,0.26714113,0.42386362,0.11232961
0.14141881,0.2964722,0.020388618,0.057348937,0.26363963,0.27173078,0.32604945,0.34317252,0.15740375,0.16839689,0.08176357,0.13647693,0.049220107,0.06477584,0.3607073,0.2663479,0.41753715,0.10352197
0.17763095,0.26044965,0.015218907,0.116096035,0.24145088,0.20339485,0.29689336,0.33366522,0.15636034,0.13680428,0.008458555,0.11598618,0.087940894,0.058295097,0.32960427,0.20029126,0.38484806,0.09642918
0.20425053,0.25674504,0.024758894,0.13154905,0.23410143,0.21651144,0.2985419,0.34170055,0.16851941,0.13935767,0.010870096,0.12590267,0.10200093,0.057636578,0.32498854,0.21022874,0.3810144,0.08281728
0.1300833,0.35489595,0.09272462,0.03761939,0.32224026,0.28681475,0.3572986,0.40314528,0.21552296,0.18706435,0.0571261,0.16274956,0.07496412,0.13559507,0.41373512,0.23875093,0.44434577,0.12803426
0.11843867,0.3494228,0.08902489,0.050436348,0.31083268,0.2886003,0.3547415,0.4034324,0.21407188,0.19212484,0.05648129,0.16332062,0.07235414,0.13595422,0.4012475,0.23427272,0.43207353,0.11670118
-0.1463683,-0.34199095,-0.28465363,-0.121002644,-0.39331967,-0.24381103,-0.27211308,-0.24195006,-0.36257932,-0.042749994,-0.16377088,0.0069705225,-0.22504117,-0.43323737,-0.20221806,-0.25956297,-0.15612383,-0.21162754
-0.18441854,-0.3338528,-0.28439948,-0.13641047,-0.3931196,-0.2336964,-0.26091716,-0.23966919,-0.35702533,-0.040983144,-0.17429465,0.0047224965,-0.23346618,-0.41758063,-0.19152465,-0.26321045,-0.1516787,-0.21845591
0.008237114,-0.3538019,-0.059605163,0.024338316,-0.31392395,-0.012726234,0.05072788,-0.21431339,-0.11511689,-0.15213074,0.27667132,-0.12096588,-0.049538042,-0.11557366,-0.09518247,0.17092752,-0.036140457,0.17754517
-0.026609752,-0.35351935,-0.047821645,0.06802507,-0.32566205,-0.019362405,0.059335757,-0.22110796,-0.10142813,-0.15764688,0.2824857,-0.1102867,-0.024523241,-0.12502478,-0.0845019,0.1954928,-0.049681604,0.17251237
-0.068001315,-0.30533,-0.20095977,-0.039796777,-0.35565266,-0.25067043,-0.2128533,-0.33558872,-0.26157534,-0.10042488,-0.1763086,-0.12922612,-0.14923398,-0.26650673,-0.20177637,-0.1923088,-0.225696,-0.17711705
-0.08013752,-0.29975435,-0.20191263,-0.030121066,-0.35413545,-0.2224307,-0.2064935,-0.32542577,-0.2525173,-0.091102615,-0.17314269,-0.12674657,-0.13633838,-0.26143643,-0.19417492,-0.19214316,-0.22211082,-0.17019466
-0.2877079,-0.2627725,-0.2081681,-0.0467637,-0.2912895,-0.3280322,-0.2314331,-0.34373182,-0.2864748,-0.03677828,-0.1125637,-0.080395244,-0.14309451,-0.21492685,-0.17608081,-0.21418212,-0.2929144,-0.12138286
-0.26758784,-0.25724176,-0.1799493,-0.047260974,-0.27781603,-0.31599855,-0.21138804,-0.36080277,-0.29239577,-0.056824204,-0.11439979,-0.14056027,-0.1367353,-0.17449115,-0.17561096,-0.20313539,-0.3197916,-0.11041112
0.010533989,0.0112297125,-0.123147726,-0.059549645,0.02573856,0.04959857,-0.11601225,0.0044166935,-0.04383593,0.093543135,0.18316144,0.15969129,-0.12354856,-0.063913375,-0.11453883,-0.07828363,0.009752251,-0.10441089
0.0021673194,-0.005981357,-0.12635705,-0.056259066,0.0065755206,0.050496377,-0.09785998,-0.027975818,-0.056610007,0.06810968,0.2291121,0.12839139,-0.111794084,-0.05311364,-0.12221086,-0.053349596,-0.0040378044,-0.04752167
-0.013093691,-0.059700217,-0.10305667,-0.10899965,-0.1492112,0.13084354,0.016233874,0.13619134,0.023717096,0.11274791,0.17658308,0.08622266,0.033287533,-0.21117836,-0.027795909,0.24812904,0.055976275,-0.02478314
0.08910676,0.19534843,0.26442942,0.2675274,0.17568193,0.21881242,0.19990818,0.13419357,0.19709453,0.012985165,-0.09670855,0.11941301,0.17929731,0.09214054,0.17211133,0.012550002,0.10705054,0.017693648
0.11406664,0.19715187,0.2763375,0.27326876,0.187241,0.19746071,0.2012101,0.13226613,0.20398882,0.020625362,-0.08226966,0.12600927,0.18846415,0.11302,0.17086887,0.02048487,0.100231804,0.036744867
-0.21488355,-0.19501619,-0.23466562,-0.12470087,-0.19780545,-0.16555558,-0.24279852,-0.2360547,-0.1784929,0.03554662,-0.11743351,-0.078408934,-0.20425022,-0.09873971,-0.15039818,-0.23399816,-0.28165662,-0.1607338
-0.23993249,-0.18048298,-0.19568434,-0.1373374,-0.18676761,-0.1348137,-0.18268034,-0.20179687,-0.16465843,0.056956805,-0.08183606,-0.07221185,-0.16715577,-0.037853427,-0.11062599,-0.21032777,-0.25436917,-0.11648049
-0.107780136,-0.12974845,-0.19785918,-0.14953072,-0.11056465,0.030044615,-0.03577571,-0.12032741,-0.1353741,0.052765287,-0.085204825,0.006135612,-0.13992701,-0.08509988,0.00771661,-0.15511696,-0.02872925,-0.1441444
-0.086968824,-0.118628286,-0.17516632,-0.14654353,-0.105871774,0.032356285,-0.036943085,-0.11665108,-0.116620444,0.050110143,-0.074811034,0.027870687,-0.123391055,-0.06761496,0.009517764,-0.14303662,-0.028718492,-0.13970354
-0.05759996,-0.081759535,-0.14746395,-0.081600204,-0.12194299,0.06413933,-0.07177714,0.18550476,0.15822911,0.18038127,-0.076038815,0.25430742,-0.07384767,-0.106401876,0.033513784,-0.13342944,0.14292063,-0.26378822
0.023741886,0.027340405,-0.07172808,0.033793416,0.098633036,0.23932117,0.026512079,-0.033103414,-0.025627201,-0.013721632,0.3016328,0.039821137,-0.14409557,-0.13926585,-0.05154246,0.1027786,0.1143383,0.059663504
-0.037718203,0.019405793,-0.066137515,0.05181407,0.072879985,0.24732384,0.027898522,-0.023119504,-0.037899148,-0.006300298,0.30859995,0.06347725,-0.13679288,-0.1535769,-0.065625064,0.11160525,0.103176855,0.049696114
-0.247554,-0.34463748,-0.29769516,-0.09031717,-0.32821435,-0.17102249,-0.27560303,-0.2954851,-0.23850107,-0.099784434,-0.14480881,-0.1043758,-0.20708871,-0.19354846,-0.35132986,-0.27313247,-0.28653267,-0.31075594
-0.22791287,-0.35472652,-0.3073351,-0.09686865,-0.33812335,-0.17376983,-0.2810859,-0.28792486,-0.24782214,-0.11478737,-0.013533719,-0.07431916,-0.24766234,-0.22152837,-0.3424633,-0.17599976,-0.22783291,-0.25566238
-0.1216908,-0.19591027,-0.167028,-0.27652726,-0.21854813,-0.031952783,-0.13611756,0.050039705,-0.10892205,0.10197009,-0.11184784,0.15645647,-0.15587637,-0.21235618,-0.15323843,-0.26199052,-0.09229664,-0.22669272
-0.05127328,-0.23296043,-0.14372294,-0.20645145,-0.24444163,0.03654636,-0.13454247,0.025392557,-0.065141864,0.10695751,-0.07587135,0.08440168,-0.13450693,-0.16060223,-0.08632219,-0.20635065,-0.05696433,-0.14833339
-0.0469303,-0.21853313,-0.13191389,-0.21613918,-0.22995988,0.021252774,-0.14965513,0.0013327921,-0.06839658,0.08146269,-0.091388434,0.057686318,-0.12690221,-0.17260528,-0.10477705,-0.21435317,-0.08686249,-0.13963497
-0.24644724,-0.23432438,-0.27079707,-0.1163377,-0.1771333,-0.30156237,-0.24558821,-0.2607931,-0.29228428,-0.03648509,-0.22346437,-0.06493083,-0.20977832,-0.34254247,-0.10329759,-0.25018534,-0.16637932,-0.14942217
-0.27409413,-0.25692317,-0.2384693,-0.121483974,-0.20917872,-0.30138272,-0.2260264,-0.26388344,-0.2747876,-0.039547477,-0.20066962,-0.072069995,-0.19228202,-0.2945942,-0.078496486,-0.2380796,-0.17778929,-0.12674317
-0.060076814,-0.22373848,-0.3458844,-0.04846812,-0.24574746,0.073897615,-0.11962188,-0.08282827,-0.08446424,0.072198965,0.16701455,0.12637968,-0.11385826,-0.21612504,-0.09643264,-0.005184266,0.025396928,-0.2046053
-0.22350115,-0.4726598,-0.3242536,-0.2716102,-0.45559835,-0.2555425,-0.18868873,-0.27324748,-0.3197391,-0.15488891,0.04523182,-0.17997497,-0.26172164,-0.32172027,-0.10802519,-0.07595568,-0.13514315,-0.11292214
-0.20790726,-0.47785744,-0.3327928,-0.28331035,-0.46208176,-0.26628178,-0.20409225,-0.27803445,-0.32576165,-0.16532609,0.032885507,-0.18618712,-0.26819488,-0.33621708,-0.12637442,-0.07969551,-0.15155368,-0.13537963
0.43229014,0.22630744,0.17997019,0.2688626,0.25564834,0.20121737,0.080633916,0.2303792,0.2044659,0.2674697,0.044169262,0.28544202,-0.080820106,0.18153179,0.2095068,0.008949395,0.20106433,-0.0047065676
0.43501636,0.2543049,0.22552548,0.27949834,0.28167593,0.23288389,0.13202576,0.26884738,0.2549473,0.29834616,0.033092644,0.29222605,-0.06597127,0.24338959,0.25704473,0.027901646,0.23051949,0.006763387
-0.0022109179,0.19218041,-0.06882621,0.015697416,0.19888033,0.24973154,-0.050460685,0.14226063,0.037487425,0.1379213,-0.0531243,0.18065426,-0.09124553,-0.12760538,0.070304416,-0.14411905,0.15213387,-0.1559351
-0.018862123,0.19953781,-0.0811336,0.027251432,0.19686304,0.25674114,-0.034650844,0.14723389,0.05773908,0.1555343,-0.045954634,0.19899236,-0.08482899,-0.12226361,0.08493318,-0.13973083,0.16478974,-0.16358034
-0.2044558,-0.23209985,-0.23907873,-0.23207326,-0.1413892,-0.19332942,-0.1500874,-0.27227363,-0.26029223,-0.09757949,-0.1567991,-0.24073017,-0.2036725,-0.1853402,-0.058641974,-0.2208105,-0.16729957,-0.13061398
-0.20207697,-0.25691727,-0.25446638,-0.2475283,-0.17542298,-0.20030588,-0.17341806,-0.28703383,-0.2812904,-0.11079938,-0.16056335,-0.25205195,-0.2149194,-0.2177745,-0.09794427,-0.22717676,-0.19780955,-0.15765885
-0.22898693,-0.20141174,-0.21954365,-0.1837624,-0.100949906,-0.19036719,-0.091694556,-0.24413605,-0.2119691,-0.035182387,-0.10265613,-0.20939729,-0.14623089,-0.13215417,-0.002115946,-0.16217063,-0.14590152,-0.05721874
-0.20740955,-0.19817868,-0.20699355,-0.16911313,-0.107240416,-0.1750304,-0.08239096,-0.22857393,-0.21327356,-0.02751757,-0.10307359,-0.20735444,-0.13843419,-0.13160895,-0.019592479,-0.1618003,-0.15462694,-0.065202005
0.20827472,0.11559933,-0.0142359175,0.09370588,0.16710036,0.12497379,0.2702464,0.21295014,0.086220294,0.0637788,0.09416809,-0.0625991,0.20105375,-0.100429036,0.2598773,0.4081542,0.20870899,0.17860903
0.14186066,0.0658042,-0.04787315,0.076070495,0.1206889,0.10543258,0.26751626,0.18208472,0.066287465,0.044596974,0.105660446,-0.09491983,0.18030074,-0.0919934,0.24903661,0.39270118,0.18865705,0.17736502
-0.16260533,-0.1799547,-0.10057827,0.012034381,-0.17769693,0.0030979603,-0.08301944,-0.15209834,-0.11429876,-0.12262831,0.18869978,-0.08451437,-0.14876603,-0.13278355,-0.2933667,0.09360543,-0.15435767,0.012836731
-0.07111147,-0.15278567,-0.045496643,0.06340196,-0.15529597,0.03705973,-0.05602189,-0.1197459,-0.08741271,-0.10297632,0.205452,-0.054928724,-0.14524,-0.10239174,-0.2819398,0.117719315,-0.13215216,0.019274503
0.1711251,0.2993496,0.08348438,0.036771305,0.29904425,0.20959726,0.18967457,0.27716744,0.34295887,0.22975966,0.118023686,0.20762251,-0.10389129,0.38354805,0.36885637,0.06409237,0.3241518,0.08375035
0.17119285,0.30432782,0.09650274,0.0506219,0.29828537,0.21692511,0.2007668,0.29410455,0.35897171,0.24316052,0.10074162,0.20838857,-0.10315887,0.38894638,0.35473603,0.05469559,0.30833253,0.05250961
-0.2814743,-0.32504666,-0.2909526,-0.20564114,-0.30471742,-0.27313247,-0.2746089,-0.37087688,-0.21816075,-0.12493096,-0.12175205,-0.20038699,-0.2587813,-0.118206,-0.10596306,-0.25306472,-0.26488018,-0.20848003
-0.30272692,-0.34254658,-0.29958934,-0.20643155,-0.33207756,-0.27405405,-0.29665717,-0.4036332,-0.2599017,-0.15660124,-0.1299353,-0.24202333,-0.27877367,-0.13669008,-0.15310338,-0.26681417,-0.31085336,-0.23144884
-0.11155327,-0.21226296,-0.15241787,-0.03775357,-0.18900818,0.00078362285,-0.028189251,-0.0773428,-0.094515316,0.00933478,0.2167138,-0.02869317,-0.13891666,-0.10168697,-0.08964643,0.20966555,-0.061936565,-0.10972447
-0.15251988,-0.21883073,-0.17554449,-0.059315898,-0.19135669,-0.02608386,-0.05841235,-0.104485236,-0.10884845,-0.013346875,0.21241693,-0.05626946,-0.15495591,-0.13103393,-0.12083501,0.19224213,-0.0975047,-0.12659883
-0.1805275,-0.25715098,-0.2244171,-0.10690096,-0.26300347,-0.12095172,-0.26146936,-0.24474634,-0.20009248,-0.059599366,-0.12581244,-0.028225372,-0.18269111,-0.10662268,-0.32885712,-0.23499614,-0.28958863,-0.31868964
-0.18336895,-0.27955613,-0.24123742,-0.11000832,-0.27994153,-0.14570445,-0.27405688,-0.26192278,-0.22669207,-0.07060863,-0.12590766,-0.030848756,-0.19397852,-0.13325945,-0.34245676,-0.24597958,-0.30136123,-0.32520005
-0.065893725,-0.15054563,-0.027271595,0.056614194,-0.18577424,0.04507684,-0.087986164,-0.016264927,-0.01612147,0.086713746,0.06497497,0.071878806,-0.15802354,0.2011086,-0.22376724,-0.15217888,-0.16847189,-0.072928846
0.035311226,-0.112191826,-0.013025705,0.06818109,-0.12487619,0.02181531,-0.10443722,-0.0120553365,-0.01870043,0.092090696,0.032037392,0.06471739,-0.1759622,0.16862324,-0.22596768,-0.15937938,-0.16039717,-0.111688286
0.1179111,0.13176486,0.04425515,0.10087858,0.10963347,0.21007043,-0.022900593,0.11504839,0.05020946,0.16873068,0.058187723,0.1163881,-0.07457253,0.21271844,-0.17534938,-0.07483945,-0.06677263,-0.12756836
0.09807337,0.092957266,0.011005038,0.08958749,0.06326176,0.1720148,-0.046435624,0.092937715,0.020129338,0.17273752,0.02070858,0.10469496,-0.09066185,0.15138419,-0.1867888,-0.08825145,-0.07818206,-0.1660321
-0.2790634,-0.2585823,-0.35386738,-0.2264549,-0.2298891,0.026053462,-0.2490727,-0.18712379,-0.25473744,-0.022512136,-0.08945216,-0.013731852,-0.4259131,-0.20791177,-0.13837342,-0.39623752,-0.10789648,-0.32115772
-0.30086482,-0.2336358,-0.33474705,-0.16348542,-0.2426547,0.05493789,-0.23759234,-0.17325889,-0.24879341,-0.032202046,-0.06876473,-0.004461993,-0.39815176,-0.20530485,-0.15683432,-0.35796276,-0.11131053,-0.31663775
0.11862307,-0.07283571,-0.16154896,-0.1581541,0.015971862,0.021192418,-0.0835632,-0.04929113,-0.07283841,0.11832678,-0.12918329,-0.03636426,-0.13358021,-0.033776145,-0.042362295,-0.1705159,-0.068735115,-0.18682368
0.12118904,-0.0861544,-0.17657986,-0.1855147,0.002255233,0.023909178,-0.102037355,-0.043154802,-0.081710905,0.11271094,-0.12985061,-0.03805799,-0.14516981,-0.05121111,-0.0582433,-0.18826796,-0.07831991,-0.19999544
0.23395683,0.19316997,0.023446197,0.09374566,0.15469423,0.116064586,0.09490542,0.2560696,0.18512583,0.12795329,-0.042831283,0.09850508,-0.023622036,0.10971983,0.08997749,0.020344146,0.093478166,-0.20513918
0.22470573,0.18449843,0.048644386,0.16571437,0.14562199,0.104882404,0.08441115,0.24421409,0.19631667,0.11555426,-0.038218856,0.11415331,-0.0056999433,0.11001957,0.083475776,0.021885721,0.08819933,-0.20438877
0.10660082,-0.03695079,-0.1767312,0.108447105,-0.08855002,-0.14022598,-0.103027016,-0.0077741733,-0.0063389223,-0.050962612,-0.22870699,-0.09349819,-0.06559622,-0.17000972,-0.084514886,-0.14138876,-0.12340973,-0.30255294
0.06040641,-0.052335612,-0.20660888,0.09841588,-0.10322718,-0.16604951,-0.12411051,-0.018735167,-0.0059681367,-0.050390866,-0.23022176,-0.09636479,-0.073108084,-0.17529948,-0.084725685,-0.16078128,-0.12908708,-0.30663282
0.13644779,0.16002256,-0.071674675,0.06574651,0.21573128,0.12444615,0.020593755,0.2811797,0.10864374,0.26960996,-0.09256784,0.24843758,-0.1163444,-0.06519353,0.20103377,-0.041370466,0.22777328,-0.116259396
0.002425571,0.14518067,-0.074614,0.003654779,0.17548276,0.14282626,0.075785875,0.29899248,0.11517462,0.28153643,-0.04492373,0.2509388,-0.18348591,-0.009917919,0.24245661,-0.033831462,0.26657844,-0.13096127
0.29293388,0.19273137,0.13988379,0.27780908,0.20444119,0.25845182,0.11670587,0.25781474,0.32761917,0.17266282,0.07578807,0.25762808,0.035218537,0.13529739,0.21078643,0.044844322,0.22978032,-0.10436154
0.27180108,0.26273027,0.15023881,0.15728422,0.28850746,0.30441713,0.09929604,0.2695812,0.35959083,0.17085744,0.10491689,0.29037037,-0.0064559127,0.17771952,0.24349856,0.048543055,0.2716083,-0.088135
0.034943614,0.25049415,0.06119332,0.10285705,0.25296304,0.28553855,-0.0010796806,0.20871489,0.13907981,0.20247869,0.015012212,0.28630033,-0.05236922,-0.036788847,0.038224615,-0.123198904,0.131357,-0.19854571
0.03772022,0.27684075,0.121740274,0.15576313,0.27027383,0.29947424,0.023514947,0.21967709,0.15278618,0.19559838,-0.012181191,0.28501415,-0.025468696,-0.014764979,0.069986634,-0.10345882,0.1391887,-0.17977205
0.00042019598,0.060589876,0.08553143,-0.025854036,0.051435553,0.11650267,-0.06085773,0.046137344,0.02007148,0.1086742,0.11735788,0.101241775,-0.056658164,0.17568408,-0.08158653,-0.0031593158,-0.03681995,-0.12405337
0.0015259904,0.061919175,0.087118685,-0.022685621,0.048966218,0.12102225,-0.058688223,0.048822936,0.022284754,0.10812039,0.12214287,0.10467347,-0.050738923,0.17280939,-0.08084618,0.0025258097,-0.03565264,-0.12269745
-0.13063543,-0.16076626,0.024995944,-0.07780206,-0.13863684,0.045549124,-0.08644313,-0.14721894,-0.13162482,-0.0071227048,0.068555176,-0.02134746,-0.26249632,0.18578662,-0.12300646,-0.14129029,-0.17231669,-0.15747306
0.016422903,0.065517165,0.10775695,-0.009436272,0.060648795,0.11975343,-0.044606686,0.061124034,0.03492676,0.121633016,0.11703607,0.11345376,-0.046226688,0.18976893,-0.06419249,0.0062711374,-0.021661239,-0.112498604
-0.14455043,-0.15538658,0.006528875,-0.08800656,-0.14569503,0.057741176,-0.08753352,-0.13765031,-0.107675545,-0.00164765,0.09445627,0.0012401813,-0.26332217,0.18711777,-0.120225966,-0.12864973,-0.15622701,-0.16462372
-0.014719437,-0.15189497,0.044670682,-0.051929396,-0.1484826,0.05082523,-0.13728853,-0.12735277,-0.06382048,0.019814515,-0.06931506,0.030151319,-0.26883528,0.1658202,-0.17795798,-0.20259944,-0.21512255,-0.2956218
-0.02247037,-0.1519048,0.015456219,-0.0760543,-0.15905505,0.08441327,-0.1215374,-0.115551986,-0.07079452,0.043209292,-0.056094073,0.030310709,-0.25598478,0.1699526,-0.15166828,-0.18919465,-0.1936344,-0.29587397
0.13399349,0.23710966,0.21852763,-0.022614002,0.18606438,0.1978129,0.15048856,0.095900245,0.14657916,0.022330426,0.066639416,0.07721387,-0.07141952,0.30936766,0.15479118,0.0034815522,0.0938529,0.08176195
0.10109554,0.24978362,0.23733109,-0.011720099,0.19395071,0.19702576,0.16795544,0.11166204,0.15541737,0.033363923,0.0775879,0.0850484,-0.07164755,0.32407603,0.17710808,0.020343084,0.10820492,0.09633199
-0.25223726,-0.18644004,-0.16887835,-0.1118268,-0.116130635,-0.11534806,-0.08886207,-0.13219874,-0.07298536,0.05840922,-0.09290009,-0.003779546,-0.11089058,-0.09646729,0.041841343,-0.14062417,-0.06435417,-0.06905954
-0.25246447,-0.19094639,-0.17400867,-0.09602276,-0.11642098,-0.11227129,-0.09852626,-0.13186146,-0.078463756,0.05176523,-0.096627586,-0.0062224297,-0.10323562,-0.10982306,0.02552033,-0.15375416,-0.07416581,-0.07397172
0.3454332,0.28953207,0.5197021,0.39412922,0.31685615,0.18446009,0.38901788,0.26291418,0.35697436,0.16532828,0.18180463,0.019279622,0.5283203,0.4385664,0.23157354,0.2527534,0.053701703,0.44511428
0.35764906,0.2857193,0.51260203,0.37007186,0.31459397,0.1890012,0.38593414,0.25621402,0.35912696,0.15705673,0.18682002,0.008254401,0.52215314,0.43945146,0.2351189,0.25830823,0.057187162,0.4439374
-0.06921462,-0.08191841,-0.22185485,-0.00039392494,-0.092454106,-0.052986328,-0.21966608,-0.16649723,-0.12103255,0.060694013,-0.018241744,0.0360334,-0.10243737,-0.14973493,-0.22572134,-0.1564225,-0.1871127,-0.23914059
-0.08538826,-0.066714644,-0.20364587,0.026356326,-0.07989005,-0.05187456,-0.20691726,-0.14873186,-0.0897515,0.075774945,-0.022658901,0.06912261,-0.09699942,-0.1416577,-0.20648284,-0.15362065,-0.17013799,-0.24670671
-0.21037228,-0.16025956,-0.18635309,0.0026380285,-0.17632611,-0.06123312,-0.19052082,-0.20546204,-0.053996388,0.06598587,-0.08051307,-0.023953767,-0.20862193,0.01594882,-0.1519294,-0.20275322,-0.22771059,-0.2429459
-0.20643511,-0.18323098,-0.22518049,-0.07899374,-0.196001,-0.054849375,-0.22665066,-0.19177689,-0.09173984,0.061676096,-0.053594995,-0.041577827,-0.25149718,0.04127785,-0.20152818,-0.26216424,-0.2708944,-0.2500336
-0.23284793,-0.12303611,-0.16688593,-0.11211606,-0.049120173,-0.15152222,-0.10450883,-0.1286454,-0.16247095,0.077271014,-0.11913753,0.07238977,-0.16151465,-0.200606,0.05983524,-0.15534566,0.016116567,-0.054977566
-0.25587335,-0.14661023,-0.14646341,-0.14414884,-0.07928659,-0.1485055,-0.08557352,-0.15000215,-0.18444467,0.05926909,-0.10323899,0.026306426,-0.13660769,-0.17290589,0.05074338,-0.14345953,-0.021940349,-0.030655311
0.13266273,0.1716097,0.15666069,0.011938726,0.16950879,0.33099946,-0.03789536,0.21035936,0.14822643,0.1617163,0.009119634,0.16752772,-0.07170308,0.05979797,-0.033857726,-0.073623404,0.055040512,-0.1514259
-0.20928867,-0.33807647,-0.31730437,-0.1261583,-0.36043558,-0.16027997,-0.15760103,-0.22614893,-0.23521213,-0.06755011,-0.18825002,-0.14587644,-0.14402726,-0.3384648,-0.084121324,-0.24143392,-0.08408716,-0.15497322
0.45516896,0.06619297,0.08678051,0.19028153,0.0834972,0.25199318,0.18872485,0.08006003,0.12730126,0.06140529,0.4052778,0.046124566,0.0040346957,0.14335503,0.08931694,0.40911347,0.15565827,0.1552338
0.43595555,0.060862806,0.07465868,0.2038463,0.068015255,0.25540796,0.18172169,0.06002735,0.1145771,0.048893187,0.40022117,0.026811954,0.018363029,0.14436705,0.090377174,0.40297353,0.14356425,0.16079426
0.10513552,0.2506047,0.11119326,0.096508205,0.24359532,0.26740536,0.117255695,0.43282622,0.23480637,0.31074458,0.09248006,0.39728716,0.044232756,0.13948715,0.16208273,-0.029390244,0.2398369,0.012978957
0.10471218,0.24569556,0.09709074,0.06326821,0.23174497,0.3056066,0.15385641,0.4493982,0.24763827,0.31960964,0.095714994,0.35472593,0.04728855,0.18583214,0.19052589,-0.019213589,0.2495431,0.01738064
-0.16534948,-0.2313127,-0.0050558704,-0.10013244,-0.19963385,0.044892438,-0.07521613,-0.104032494,-0.168203,0.06201985,0.026768792,-0.040970083,-0.21117875,0.20804971,-0.1508549,-0.19396225,-0.18817629,-0.115965515
-0.13096529,-0.2055835,0.02356548,-0.07840884,-0.17019281,0.064639635,-0.05446971,-0.08223441,-0.13647005,0.08334209,0.058206275,-0.016524065,-0.202049,0.23356676,-0.14498492,-0.16244164,-0.16505547,-0.1056449
0.044253435,-0.14974628,-0.17764062,-0.19099024,-0.10584198,-0.01832021,-0.076843694,-0.1755392,-0.08904194,0.03671094,-0.09880215,-0.18431607,-0.09609086,-0.008644146,-0.005196433,-0.11967107,-0.1283632,-0.08180301
-0.0046007615,-0.16258031,-0.18538667,-0.19840032,-0.1171632,-0.03889368,-0.07895797,-0.19895865,-0.10945491,0.018705342,-0.09306535,-0.21659864,-0.104589745,-0.011256891,-0.023518845,-0.12487165,-0.15212503,-0.08208416
0.07687627,0.1901419,0.09482604,0.0141985295,0.22070265,0.30737877,0.24087805,0.4160673,0.18253918,0.41156784,0.19982877,0.29088566,0.0646112,0.35574505,0.23842539,0.019328864,0.21139148,0.17854793
0.07856787,0.18317136,0.08290902,0.010590203,0.2112712,0.31177005,0.23231249,0.41971827,0.18038853,0.41117194,0.18559515,0.28440374,0.06946005,0.33574736,0.21970443,0.010535108,0.19418433,0.15596473
-0.15876795,-0.23413788,-0.2818785,-0.064465284,-0.22264291,-0.13275272,-0.15226108,-0.2298222,-0.22571233,-0.08876745,-0.16575693,-0.08070618,-0.18486488,-0.19375743,-0.12941998,-0.27548864,-0.08953834,-0.14908226
-0.12161616,-0.20338777,-0.26108608,-0.05058251,-0.18317178,-0.12119285,-0.13220628,-0.20205913,-0.21069811,-0.06832734,-0.17150716,-0.092667155,-0.16267912,-0.21186659,-0.11265977,-0.2392388,-0.068883,-0.14917809
-0.28463012,-0.47805303,-0.41524678,-0.35005245,-0.4423522,-0.33701563,-0.3442074,-0.42171332,-0.4861268,-0.31386042,0.028465876,-0.35380876,-0.2846974,-0.46004388,-0.3727498,-0.20117936,-0.40442526,-0.09740601
-0.2777048,-0.4709467,-0.3983001,-0.34311742,-0.44147533,-0.32588366,-0.34527546,-0.41690794,-0.4780137,-0.31009448,0.026700478,-0.3452846,-0.26765165,-0.46377653,-0.38771605,-0.19669043,-0.41472337,-0.09323186
0.06220916,-0.119881734,-0.14762615,0.06654955,-0.06734495,-0.08681385,0.2143526,0.053762067,-0.03644234,0.024792656,0.086445466,-0.034017175,-0.08766142,0.030574746,0.2400929,0.12607777,0.2717313,0.14236592
0.04388912,-0.13642034,-0.14546342,0.06544316,-0.08788031,-0.08322871,0.21462724,0.038117055,-0.034674186,0.022495821,0.113557026,-0.023656618,-0.092133425,0.049202714,0.240912,0.13158898,0.26920563,0.15879463
0.04242583,0.36254948,0.06205334,-0.015735304,0.3735345,0.3408689,0.16335244,0.3537855,0.20139897,0.29073435,0.09915849,0.29870647,-0.08907285,0.20963657,0.26004937,-0.056527693,0.32139623,0.1296377
0.04990693,0.38839626,0.10292735,0.014951238,0.39068818,0.38021946,0.22571817,0.37593013,0.22480462,0.30443427,0.11231429,0.31423822,-0.047491983,0.24091387,0.28751755,-0.02382134,0.35478023,0.17114994
-0.19748348,-0.2831226,-0.23205188,-0.08046365,-0.34055147,-0.06366156,-0.22725186,-0.15910356,-0.23536144,-0.023474067,-0.15465096,0.089575626,-0.17046419,-0.30805188,-0.22887808,-0.19643925,-0.09221689,-0.24075812
-0.15445009,-0.25595158,-0.21236956,-0.099330015,-0.30367768,-0.07250354,-0.19691306,-0.13497941,-0.2365156,-0.017068354,-0.15169194,0.054008543,-0.14208281,-0.3030835,-0.19875294,-0.17721072,-0.07586926,-0.20059282
-0.016817408,-0.24789108,-0.16760686,0.08304541,-0.16242819,-0.06527969,0.035916027,-0.095293544,0.016476005,-0.067595564,0.08305166,-0.06847992,0.024436407,-0.16939843,0.043917842,0.18306446,0.0075212433,-0.068372436
-0.018147767,-0.22208248,-0.17201117,0.054947678,-0.1444518,-0.027915027,0.033553824,-0.08764935,0.01965542,-0.07303229,0.07357148,-0.07926214,0.02174794,-0.17797351,0.023067527,0.18901089,-0.004118735,-0.100020744
-0.1585759,-0.3354447,-0.15503503,-0.20370115,-0.4205583,-0.20200942,-0.2359297,-0.2347016,-0.22521153,-0.051870942,-0.19358,-0.14288843,-0.1891719,-0.18567811,-0.23381081,-0.20391074,-0.26603425,-0.22358951
0.04743755,-0.05557736,0.11673058,0.27670726,-0.06651253,0.018988507,0.11527746,0.13409121,-0.0077166297,0.08395169,-0.050261296,0.0015732136,0.021895267,0.19651341,0.054916896,-0.13241011,-0.008028418,-0.017217783
0.010958875,-0.07059915,0.113297746,0.26506153,-0.082557485,-0.0014333066,0.105840705,0.12195036,-0.015901646,0.07674824,-0.05483987,-0.006629883,0.005850281,0.19409399,0.056207493,-0.14778167,-0.020474631,-0.019951655
-0.17657855,-0.31404278,-0.20829181,-0.10771106,-0.3092099,-0.14439903,-0.1631666,-0.0792919,-0.112589724,0.019174343,-0.16508636,0.08132056,-0.06961106,-0.2940223,-0.085574284,-0.21214399,-0.06435246,-0.21928759
-0.1936215,-0.30299228,-0.18835789,-0.1283964,-0.31277218,-0.15338527,-0.15870969,-0.0879846,-0.09566358,0.0150144985,-0.16560367,0.08737551,-0.05600653,-0.2755736,-0.06273196,-0.18718658,-0.06038399,-0.20065308
-0.3060302,-0.3336351,-0.41306892,-0.24175201,-0.28875095,-0.14053671,-0.3128537,-0.22983658,-0.2898557,-0.080131784,-0.17452773,-0.118606836,-0.3831197,-0.3105117,-0.15913735,-0.42249322,-0.1612505,-0.34553835
-0.30186322,-0.33031207,-0.3775649,-0.23540752,-0.30231363,-0.13320656,-0.2922133,-0.18228666,-0.23284133,-0.056189775,-0.17131849,-0.086428955,-0.3254294,-0.2773003,-0.14094818,-0.40036774,-0.15341263,-0.32004184
-0.19430283,-0.34870058,-0.3292708,-0.1350952,-0.35533667,-0.1288246,-0.28397945,-0.18242764,-0.21677744,-0.05699335,-0.26464498,-0.083336644,-0.21583863,-0.43660745,-0.20088378,-0.33442724,-0.12822692,-0.30568013
-0.1366761,-0.3282793,-0.21764205,-0.050142117,-0.40834552,-0.16487211,-0.16750304,-0.24807252,-0.21057592,-0.031383883,-0.1709397,-0.13418749,-0.13006766,-0.30275616,-0.1518341,-0.18746711,-0.17198026,-0.19961634
0.1268972,0.29891467,0.13696854,0.1202922,0.35812762,0.24988773,0.3159263,0.2649931,0.11929908,0.2135349,0.36279032,0.16314761,-0.06291362,0.3377498,0.2978859,0.16928598,0.34719694,0.4114634
0.12763968,0.29491517,0.12449811,0.10317635,0.34812948,0.261799,0.2899982,0.2728188,0.11303301,0.21236451,0.35809177,0.17469332,-0.072985716,0.31910944,0.27121514,0.13353965,0.33146438,0.38970456
0.14529449,0.05714872,-0.051487677,-0.03886686,0.06889657,0.06887143,0.014605178,0.19385727,0.06940963,0.059988104,-0.043776,-0.030806987,-0.08459151,-0.047781855,0.14866994,0.03024,0.06409495,-0.044227667
0.06725532,-0.017616332,-0.15004018,-0.08136638,-0.03740349,0.07992075,-0.020107305,0.15797502,0.021488678,0.019430252,-0.08945846,-0.028074255,-0.07314029,-0.1408543,0.09838025,-0.07889747,0.057630196,-0.11005326
0.21760722,0.37702882,0.33823237,0.03809071,0.33045074,0.3919696,0.18062605,0.38323575,0.20026337,0.18110518,-0.044431873,0.28921515,0.070175976,0.123268604,0.2135444,0.02404515,0.25080195,0.037464563
0.25481963,0.37603536,0.3272226,-0.0021057797,0.3289031,0.4060473,0.18161814,0.3874714,0.2068374,0.18120544,-0.03859287,0.28056574,0.06933467,0.13481502,0.21974029,0.025957212,0.26012787,0.047216088
0.06212338,0.102367334,-0.05841812,-0.019787058,0.08686467,0.2720867,0.070828736,0.2977464,0.20326461,0.27815172,0.049334183,0.25967878,0.043068297,-0.003886367,0.06448507,-0.024339905,0.20615962,-0.15947446
0.05577049,0.10050813,-0.062158108,-0.026116477,0.08354951,0.28481817,0.087749,0.28708678,0.19390213,0.27503568,0.048559338,0.24051236,0.04150978,0.008974196,0.06949856,-0.028353926,0.20067945,-0.15926313
-0.21502382,-0.24109378,-0.28820777,-0.13227169,-0.24551032,-0.15799512,-0.2077076,-0.14540607,-0.26588187,-0.05015004,-0.2066786,-0.0075203227,-0.17907202,-0.28639624,-0.1768312,-0.3109062,-0.11162038,-0.17129315
-0.21160519,-0.23715031,-0.280248,-0.09817049,-0.24357101,-0.16748244,-0.21393912,-0.17396231,-0.2796856,-0.06561751,-0.21198153,-0.022329336,-0.19291522,-0.30492878,-0.19083235,-0.29527485,-0.12024298,-0.18305372
-0.13229695,-0.14460659,-0.22129445,0.043866463,-0.22782946,-0.012814268,-0.22103739,-0.1523005,-0.08826083,0.011613151,-0.1373234,-0.009375496,-0.13201593,-0.17016073,-0.24357602,-0.20597605,-0.18119378,-0.28219748
-0.15141131,-0.173095,-0.23614193,0.0073438897,-0.27011272,-0.029936109,-0.2365605,-0.16364893,-0.12758249,0.010247007,-0.14382215,-0.0061722584,-0.13581468,-0.22793397,-0.24758407,-0.20764925,-0.17941003,-0.28737864
-0.031503655,-0.1617626,-0.25735968,0.03739733,-0.07922511,-0.13470834,-0.30389085,-0.13201924,-0.06599749,0.027707772,-0.22154303,0.06821435,-0.24466117,-0.32416362,-0.20693724,-0.25697914,-0.1471343,-0.37837565
-0.0714264,-0.19630095,-0.27363732,0.00080878846,-0.1102375,-0.14339286,-0.31584123,-0.15602808,-0.07582288,0.008961344,-0.23295324,0.047962736,-0.25568908,-0.32293963,-0.23730087,-0.2866937,-0.18232399,-0.40254173
-0.1927704,-0.23891407,-0.20333931,-0.111721516,-0.2283989,-0.12342167,-0.114997,-0.15877163,-0.23196378,-0.058177553,-0.2202463,-0.13028958,-0.086523265,-0.26671702,-0.15893237,-0.24304394,-0.12785056,-0.13369603
-0.18801735,-0.25189266,-0.22800615,-0.14631258,-0.240619,-0.14294769,-0.14962709,-0.17560464,-0.25089368,-0.06331221,-0.22437194,-0.124262266,-0.0973795,-0.3214121,-0.17589326,-0.23477219,-0.1276022,-0.16957784
-0.22133173,-0.31522396,-0.24415563,-0.22242649,-0.2616304,-0.23106666,-0.119497485,-0.2239551,-0.2955879,-0.066839136,-0.14972547,-0.19880034,-0.12779099,-0.24501303,-0.0967824,-0.23349413,-0.17049128,-0.10708512
-0.22847553,-0.30348185,-0.21431832,-0.20311867,-0.26239443,-0.21853925,-0.102444015,-0.20547459,-0.27332106,-0.049301565,-0.14914003,-0.17353886,-0.1124189,-0.22499852,-0.07550959,-0.21267481,-0.15969793,-0.092136554
-0.28432685,-0.3343595,-0.26368698,-0.2387946,-0.2708981,-0.2572883,-0.20477197,-0.26871464,-0.33345369,-0.106569916,-0.15155666,-0.22538313,-0.18592039,-0.2976919,-0.13485998,-0.28763354,-0.23159555,-0.13786457
-0.26075035,-0.30396044,-0.23767312,-0.23329756,-0.23560256,-0.23957255,-0.1834175,-0.24214704,-0.30375051,-0.09235419,-0.14849894,-0.21569696,-0.16397165,-0.27729648,-0.12004634,-0.2694646,-0.21629223,-0.12636329
0.042438604,-0.22269064,-0.14687058,-0.02365519,-0.24489392,-0.013874893,0.116400935,0.057346474,-0.03816562,0.11056223,0.18066439,0.15853405,-0.04119127,-0.11297272,0.15157893,0.1417128,0.22225787,0.061981782
0.050010253,-0.22557585,-0.16220622,-0.038470592,-0.24275158,-0.023448028,0.11575413,0.055741012,-0.05312203,0.098694354,0.16613327,0.13609435,-0.047318973,-0.12825687,0.14068024,0.14137138,0.21240532,0.05313909
-0.13550021,-0.36148262,-0.27910694,-0.21745448,-0.36079824,-0.19722418,-0.13513905,-0.15523207,-0.21657653,0.00083964504,-0.15021518,0.05472024,-0.22866203,-0.26727077,-0.036914516,-0.26184264,-0.052624818,-0.20631443
-0.059676543,-0.30021304,-0.23965766,-0.20548518,-0.30828968,-0.16098891,-0.09862437,-0.07956005,-0.10778643,0.044395924,-0.10821304,0.13888434,-0.18764207,-0.22442722,0.028867535,-0.19950981,0.026188873,-0.18035363
-0.0075894264,-0.09302697,-0.14100108,-0.19661823,-0.08015737,0.055493128,-0.014655053,0.048876546,0.011387736,0.18544093,0.014963595,0.23328036,-0.20937069,-0.04121538,0.22525991,-0.040182944,0.20638804,-0.109044515
-0.04552263,-0.12316523,-0.14626725,-0.11772674,-0.1470459,0.020500325,0.08985804,0.15849955,0.047996636,0.2129243,0.037132327,0.31830922,-0.09795719,-0.06696386,0.22400585,0.0046227123,0.29346442,-0.06094303
-0.30284002,-0.38961178,-0.28774035,-0.07269281,-0.45571008,-0.264009,-0.32921916,-0.32324502,-0.29578158,-0.13033676,0.03724155,0.004545117,-0.21452935,-0.38141516,-0.3018712,-0.11668274,-0.23232992,-0.1950463
-0.2887092,-0.37038448,-0.26941487,-0.05375776,-0.45138478,-0.20294705,-0.30008262,-0.2768871,-0.23374262,-0.0920625,0.053607047,0.054799166,-0.18350165,-0.34964797,-0.25348946,-0.07817679,-0.17945966,-0.19065017
-0.28633228,-0.29218906,-0.23747483,-0.20946261,-0.21886568,-0.2589999,-0.16626722,-0.33838996,-0.37166116,-0.12268547,-0.12880246,-0.28888774,-0.20661247,-0.19774078,-0.15847684,-0.27599743,-0.26474944,-0.11250601
-0.314929,-0.2763933,-0.23996276,-0.23124085,-0.2185226,-0.24618019,-0.13877448,-0.30105656,-0.34363675,-0.09297245,-0.10887419,-0.25405747,-0.16680285,-0.17774135,-0.12218132,-0.25320435,-0.23247907,-0.079770215
-0.18234533,-0.27692705,-0.17967585,-0.239407,-0.29893255,-0.22287259,-0.3020849,-0.29685938,-0.17256264,-0.04943558,-0.048238028,-0.15054007,-0.35087472,0.1968353,-0.20388566,-0.22520143,-0.3656528,-0.2074938
-0.19996935,-0.2239631,-0.08889188,-0.17185223,-0.2364293,-0.18989626,-0.19900845,-0.23547617,-0.12216985,0.012277158,0.009652846,-0.12730837,-0.23006302,0.26800433,-0.17492934,-0.16054785,-0.35922256,-0.10637437
0.027809182,0.25758728,0.020162476,0.029975701,0.29648405,0.20382719,0.13935198,0.08760152,0.13689758,0.11042099,0.3866312,0.05873411,-0.13457884,0.2087106,0.17296556,0.17182915,0.2013037,0.2270605
-0.014235776,0.22041664,-0.007366438,0.009555789,0.24384561,0.2066115,0.119536564,0.06734339,0.11646884,0.097880505,0.39791358,0.05087126,-0.13461898,0.18231902,0.11806897,0.15809491,0.16521505,0.19904931
0.2985541,0.45983478,0.21510902,0.07686436,0.45687416,0.4482579,0.19904475,0.41572392,0.34989953,0.30556804,0.08292523,0.34109482,0.085247785,0.23322104,0.3595281,0.13137183,0.34651968,0.07310954
0.29258555,0.4699371,0.22085963,0.07039353,0.46432412,0.46523896,0.21659264,0.42929763,0.3530709,0.31242043,0.11704938,0.34205136,0.08600711,0.26223975,0.37703985,0.15435883,0.36206612,0.09063865
0.13701467,-0.04491508,-0.011696817,0.12585187,-0.05861354,0.12880021,-0.080691576,-0.075058386,0.0017831853,0.16641802,0.028822612,0.14954405,-0.15646598,0.0982489,-0.018746506,-0.07289209,-1.2802484e-05,-0.140355
0.14568816,-0.05291518,-0.041196153,0.021717492,-0.06889633,0.16719122,-0.051041983,-0.018982327,0.015881727,0.19619681,0.028502889,0.13570055,-0.109083876,0.09822986,-0.012575516,-0.057017595,0.022827394,-0.12867065
-0.09769326,-0.14635536,-0.31574917,-0.04321616,-0.2070725,0.051553793,-0.14607337,-0.061220713,-0.060792666,0.1596156,0.077888995,0.12909526,-0.12655336,-0.14594811,-0.108084254,-0.14180236,-0.00441072,-0.20955807
-0.17894992,-0.15140295,-0.308725,-0.0128376465,-0.21776201,0.026396204,-0.14371288,-0.059749655,-0.056399,0.156083,0.076328866,0.105606824,-0.11037081,-0.140532,-0.095343634,-0.14521576,-0.029152045,-0.19571836
0.13126947,-0.056760572,0.14151563,0.0468848,-0.031529225,0.16237015,0.2070541,-0.034742303,0.029785471,-0.040525235,0.39329818,-0.055738334,0.13437256,0.044320885,0.021591308,0.39996558,0.06901275,0.32730594
0.11499995,-0.030314174,0.14637667,0.03983835,-0.0044589816,0.1777412,0.20954514,-0.027853336,0.042590976,-0.03166079,0.4091217,-0.04330948,0.13753997,0.040849768,0.02238891,0.41674677,0.07453191,0.3309862
-0.2023515,-0.34401017,-0.21910834,-0.10273942,-0.30429867,-0.07835389,-0.2483174,-0.28309014,-0.1845507,-0.2173596,0.11443271,-0.121458344,-0.2135398,-0.3450575,-0.30546597,-0.07687132,-0.22475038,-0.088877305
-0.16163461,-0.31810805,-0.21672474,-0.10146894,-0.2750273,-0.05098664,-0.24241523,-0.27059534,-0.16921455,-0.20347683,0.13450556,-0.12226773,-0.19002835,-0.33135796,-0.3089053,-0.067052245,-0.22263554,-0.07663533
0.074115515,0.042425554,-0.22088811,-0.085146576,0.12006267,0.15292704,-0.19169356,0.03139949,0.04246451,0.11778572,-0.06947796,0.13231465,-0.20652191,-0.15026425,-0.05549369,-0.24123713,0.031279817,-0.31860855
0.04456266,0.08441164,-0.17626406,-0.04323634,0.16610864,0.15418129,-0.17006272,0.04408177,0.06783927,0.11242471,-0.04304237,0.14790371,-0.18985708,-0.13033433,-0.00830177,-0.20362015,0.054780316,-0.2921101
0.2300331,0.24030161,0.20591483,0.25170642,0.23565607,0.012275731,0.17503312,0.061447024,0.19272384,-0.039808273,-0.06706903,-0.10468007,0.2715147,0.14404167,0.039180577,0.07482574,-0.043808468,0.06831256
0.21623418,0.22553588,0.19451807,0.25396004,0.2184794,-0.005048965,0.16694658,0.04980228,0.18518634,-0.054480914,-0.07361982,-0.12306589,0.26575807,0.13758913,0.026181012,0.07279481,-0.059904642,0.05944725
0.11099095,0.21578337,0.23505391,0.33770677,0.18525706,0.28739166,0.20034757,0.27772918,0.28095698,0.34362426,0.097149394,0.31088755,-0.060947202,0.42011476,0.21578647,0.024314288,0.2622678,-0.0483971
0.12552275,0.23099822,0.23959905,0.35121447,0.18722753,0.3263428,0.24506451,0.32700765,0.31728968,0.3851323,0.120085284,0.3400523,-0.016091175,0.44997478,0.26276937,0.06112877,0.3033312,-0.020259723
0.019938087,0.11651437,0.07636939,0.13212898,0.11948745,0.26776072,0.16338123,0.121437095,0.037972763,0.09232814,0.39910397,0.01639456,-0.12904514,0.29139045,0.084379025,0.17092144,0.12409431,0.14788932
0.031610105,0.14689663,0.10563716,0.13419683,0.14623931,0.3195656,0.19495347,0.15754034,0.064709775,0.11210679,0.43143117,0.040325567,-0.10721661,0.30949572,0.10623543,0.21301705,0.16014263,0.19166997
0.050238375,-0.015605607,0.25836393,0.18049899,-0.06604318,0.1490718,0.066861995,0.12947746,0.22933602,0.18350787,0.12756346,0.27961823,-0.15364227,0.44072306,0.0912996,0.03883074,0.102378175,-0.08852335
-0.016175456,-0.005479443,0.30503622,0.18588117,-0.06998145,0.17010465,0.0646962,0.11673245,0.2190908,0.17448595,0.12031222,0.27283055,-0.13401873,0.43790534,0.082769066,0.03457822,0.081278004,-0.07283085
0.20224217,0.23487219,0.27653533,0.3785052,0.23522937,0.23177463,0.3285772,0.37060845,0.30281186,0.2269038,0.23725241,0.23708653,0.39869127,0.23160397,0.30315208,0.24643813,0.19676597,0.2656101
0.18669713,0.23489423,0.28591,0.3882365,0.22746421,0.23588969,0.32166675,0.3693248,0.29179376,0.22854406,0.23486774,0.23262191,0.40596828,0.22490244,0.2743311,0.25667876,0.16909185,0.255938
-0.10927932,-0.14441864,-0.15957029,0.11867259,-0.19935109,-0.036536124,-0.13186543,0.04699577,0.03588286,0.1280078,-0.10440748,0.19246711,-0.15264784,-0.015571022,-0.052997716,-0.21382141,0.0062928894,-0.25279978
-0.12381335,-0.2059031,-0.14648038,0.08130844,-0.26851034,-0.10363436,-0.18715307,-0.022004075,-0.0035588094,0.08349181,-0.13628477,0.17379607,-0.17416395,-0.06179689,-0.106283136,-0.22731897,-0.045106832,-0.26920134
-0.041460082,-0.109372705,-0.12953667,0.09775215,-0.20848347,0.009117665,-0.06649803,0.1072511,0.13810994,0.23435864,-0.042668283,0.28768802,-0.15550657,-0.0025181158,0.06919293,-0.11726757,0.12698972,-0.24577542
-0.07736778,-0.117133066,-0.14053454,0.07800174,-0.23049784,0.02612921,-0.057850808,0.10926785,0.14965378,0.23254453,-0.03209257,0.29994717,-0.1657343,-0.014981422,0.099660695,-0.09214785,0.14961196,-0.2570558
-0.18599151,-0.30522,-0.35760927,-0.22247088,-0.2635823,-0.350904,-0.42075795,-0.38507923,-0.30586743,-0.16059701,-0.28281984,-0.24256562,-0.36646837,-0.2897423,-0.277981,-0.38054422,-0.38496315,-0.37963012
-0.24092126,-0.34524813,-0.3610156,-0.271823,-0.3192764,-0.36568084,-0.43336302,-0.43581977,-0.3379758,-0.1998952,-0.28770703,-0.27821603,-0.37640485,-0.30554512,-0.30465382,-0.38629657,-0.42235452,-0.38513023
0.20638405,0.22512299,0.1806304,0.14798903,0.12718914,0.38374168,0.06945872,0.28218028,0.2330813,0.23225492,-0.03953896,0.25073367,-0.051621266,0.07998601,0.09195398,-0.032611966,0.19056916,-0.17854385
0.14886962,0.33612144,0.15750939,0.12915468,0.2522045,0.44276297,0.13197339,0.2978493,0.31413087,0.23456962,0.0573647,0.30055463,-0.013334526,0.2033818,0.27525413,0.025039392,0.27944764,-0.122836284
0.19934487,0.3648882,0.19347455,0.14083543,0.288231,0.44956234,0.15577155,0.3297252,0.3490222,0.24036904,0.049718216,0.3020882,0.04439953,0.2197945,0.290921,0.045971636,0.29388732,-0.089242816
-0.10980067,-0.25395358,-0.35439754,-0.1733644,-0.23291238,0.013364199,-0.11584942,-0.1341879,-0.20146014,0.008742332,-0.1641698,-0.0102169495,-0.25673407,-0.20845556,-0.1285993,-0.29363495,-0.06960742,-0.28247505
-0.044944253,-0.2119734,-0.33650896,-0.20144513,-0.18618721,0.04703551,-0.08679274,-0.08497949,-0.17739972,0.041848052,-0.16028589,-0.011052869,-0.22697179,-0.19892965,-0.11238648,-0.27358034,-0.046742775,-0.2610579
-0.22591768,-0.39810744,-0.2549147,-0.11171432,-0.41781116,-0.20438163,-0.25232428,-0.33216244,-0.3561259,-0.20740575,0.06533043,-0.20680296,-0.19986856,-0.37091443,-0.3607594,0.059169214,-0.3367854,-0.1464397
-0.24165088,-0.39145932,-0.2581195,-0.11396043,-0.41726568,-0.17838527,-0.25092322,-0.3252789,-0.3467941,-0.20123354,0.07428827,-0.19074832,-0.19818282,-0.37715182,-0.36015758,0.061859746,-0.32668802,-0.15031673
0.094113536,0.0086997785,-0.1632022,0.05636263,0.007825565,0.097663395,-0.15712105,0.027717996,0.13078193,0.13122886,-0.032585334,0.22679497,-0.083106875,-0.08129673,-0.09347128,-0.077824816,0.08978339,-0.27163282
0.088035844,-0.0058769137,-0.17361614,0.06364875,-0.004340035,0.06379057,-0.18915106,-0.00011668005,0.11361839,0.10795376,-0.049372595,0.19836165,-0.04880818,-0.12334958,-0.12831052,-0.086157925,0.043489292,-0.27162474
0.055248685,-0.031815574,-0.09184219,-0.04244809,0.019802311,0.05544689,-0.065392904,-0.06573489,-0.030168772,-0.08216703,0.20207758,-0.04700408,-0.08526832,-0.14585547,-0.17439516,0.106598586,0.006496908,0.123996936
-0.14881869,-0.39466086,-0.43440014,-0.366039,-0.37570667,-0.20456748,-0.32909954,-0.287665,-0.30615634,-0.15304388,-0.18223377,-0.01503351,-0.47635233,-0.36651227,-0.039964344,-0.33727697,-0.03813348,-0.28729892
-0.17341892,-0.40173164,-0.451121,-0.3498654,-0.3859158,-0.2147426,-0.33621782,-0.29663062,-0.30421916,-0.16738991,-0.1770294,-0.024919344,-0.47130144,-0.3985735,-0.05110444,-0.3303401,-0.051256403,-0.29908642
-0.05586236,-0.28798008,-0.281496,-0.26574546,-0.27614683,-0.017667888,-0.04368481,-0.118650705,-0.18361497,-0.07984856,-0.0137107195,-0.07980296,-0.33066297,-0.05651346,0.10931998,-0.15331718,0.07951288,-0.099137165
-0.053426925,-0.30220342,-0.30578813,-0.26859045,-0.28610927,-0.052303355,-0.051694687,-0.14409247,-0.184496,-0.11004723,-0.017656038,-0.11137358,-0.33076283,-0.06007627,0.10536789,-0.15416943,0.06078604,-0.1002564
-0.11039987,-0.2928423,-0.29951456,-0.2620349,-0.28200158,-0.023597887,-0.045204934,-0.11480284,-0.20053025,-0.060365252,-0.0007892896,-0.09610808,-0.3173692,-0.12280217,0.13395734,-0.075221464,0.11404252,-0.08433793
-0.13226262,-0.30940506,-0.32143044,-0.2652696,-0.30385983,-0.03569979,-0.0628504,-0.13210711,-0.21418053,-0.06983121,-0.0053286334,-0.09264163,-0.32933033,-0.14884596,0.11103226,-0.07308828,0.09680797,-0.099873796
-0.09426938,-0.27586624,-0.30459753,-0.18934657,-0.2679073,-0.06391696,0.036230292,-0.04448801,-0.21191213,-0.079099186,0.03713537,-0.111513525,-0.18477309,-0.21628562,0.034217823,0.036297534,0.0839899,-0.04492083
-0.09243736,-0.26049635,-0.2776141,-0.1813003,-0.26516938,-0.05442853,0.050936267,-0.036059313,-0.18903077,-0.08026391,0.04422488,-0.09848679,-0.15695903,-0.18642798,0.05893022,0.048327263,0.09171321,-0.02862707
-0.030961853,-0.2947265,-0.31765187,-0.24742271,-0.27714163,-0.08408451,-0.01480052,-0.10642236,-0.25794315,-0.10620781,0.010025165,-0.12660456,-0.23618996,-0.27152154,0.01217814,0.059694283,0.06686821,-0.072044425
-0.03915994,-0.29694697,-0.29973248,-0.22785717,-0.27889568,-0.08836422,-0.005488325,-0.10406017,-0.2520922,-0.113417245,0.02210387,-0.1135653,-0.21006142,-0.2676587,0.010584131,0.071556725,0.06900196,-0.04545845
-0.07048735,-0.3143102,-0.2637243,-0.14826708,-0.28550765,-0.07599922,0.042068195,-0.14534488,-0.25364414,-0.11799019,0.09104624,-0.13867995,-0.2229164,-0.20615827,0.059549704,0.11280585,0.099473335,0.027517088
-0.07575131,-0.3296603,-0.28041178,-0.14966874,-0.29902068,-0.10278339,0.024093825,-0.15572496,-0.25597477,-0.14267163,0.07516712,-0.15952641,-0.22462325,-0.21875867,0.056104906,0.10366708,0.08755685,0.011197328
-0.01592573,-0.2702096,-0.2592874,-0.0775576,-0.2519784,-0.044769928,0.07233515,-0.0499412,-0.16805817,-0.04899833,0.09305076,-0.0626518,-0.16320552,-0.18098891,0.1221106,0.10120434,0.18522844,0.022607706
-0.036246978,-0.2744658,-0.22907941,-0.05523615,-0.26907974,-0.042347293,0.09887302,-0.05499833,-0.14795902,-0.048419286,0.10490758,-0.06239136,-0.13489154,-0.14001799,0.14766918,0.12476529,0.18377373,0.048317082
-0.031892575,-0.18824999,-0.18891127,-0.11512121,-0.18249522,-0.0021508944,0.15998033,0.002899019,-0.0754469,-0.018544702,0.07476908,-0.008874128,-0.1520824,-0.07899602,0.25582555,0.09953311,0.2828986,0.09163589
-0.04867303,-0.1815235,-0.1906809,-0.11095684,-0.17491686,-0.0028764666,0.16369452,0.0031778233,-0.08012987,-0.028172007,0.077121854,-0.021762833,-0.14183328,-0.075226195,0.25839624,0.11022908,0.27882686,0.098871045
-0.03375132,-0.232401,-0.112505026,-0.08032947,-0.27113697,0.0452807,-0.019623935,0.06555859,0.10456525,0.15504743,0.03650793,0.14389482,-0.06807892,-0.031721905,0.09832196,-0.03421672,0.1298961,-0.13125764
-0.049419835,-0.33383632,-0.2063804,-0.09787802,-0.33517367,-0.19177264,-0.08339494,-0.16981022,-0.11119369,-0.056787428,0.09161459,-0.091991305,-0.15648845,-0.18745533,-0.026003566,0.16152383,-0.075865306,-0.12101032
-0.07241691,-0.3041051,-0.17067194,-0.089030266,-0.30647057,-0.16407254,-0.051989518,-0.13941507,-0.07478354,-0.04143971,0.12359905,-0.06916508,-0.1267377,-0.14748135,0.01023235,0.20170604,-0.04205407,-0.07893764
0.01658559,0.19102484,0.26455715,0.27867475,0.17363866,0.22412398,0.19765136,0.1771066,0.106942534,0.062841274,0.025305856,0.11845485,0.28923178,0.054200456,0.13714097,0.07458057,0.06933945,0.14133517
0.01170573,0.18319441,0.2539788,0.2869092,0.17221573,0.21229884,0.19683601,0.16383533,0.102128275,0.04565406,0.02880838,0.09485736,0.29221708,0.046492036,0.13273516,0.092355676,0.062813796,0.13565545
-0.10894848,-0.36183402,-0.29943383,-0.25500968,-0.31526515,-0.35761955,-0.336522,-0.41757777,-0.36290544,-0.13823408,-0.26785636,-0.24377614,-0.32031184,-0.22165409,-0.22833645,-0.33395135,-0.34720945,-0.23605257
-0.2656749,-0.31074876,-0.22612444,-0.22381957,-0.283313,-0.32583147,-0.23177207,-0.40056095,-0.34818277,-0.115762874,-0.19905484,-0.23218472,-0.275194,-0.15994427,-0.12846644,-0.26430637,-0.29412022,-0.13831337
-0.1939825,-0.3674456,-0.27750725,0.10241411,-0.3683837,-0.26538527,-0.30444217,-0.43358013,-0.31309068,-0.16744064,-0.15107283,-0.21388099,-0.22736947,-0.265527,-0.31727377,-0.31263006,-0.37433788,-0.29405752
-0.2370308,-0.34508938,-0.25306413,0.14381826,-0.35442874,-0.26804447,-0.26835907,-0.40863532,-0.27975565,-0.13856676,-0.12243028,-0.19072707,-0.18472183,-0.2345606,-0.28609845,-0.2870856,-0.36368543,-0.2644984
0.22308889,0.27305865,0.32671204,0.23552385,0.26043117,0.3264638,0.3551062,0.17597559,0.17486826,0.095515944,0.42558196,0.06948192,0.3341057,0.15260172,0.04238377,0.5269186,0.112807535,0.30240807
0.22585471,0.29858768,0.31801844,0.20758642,0.2896245,0.3337537,0.3501507,0.17897186,0.16616498,0.08970402,0.4123447,0.059602384,0.32261768,0.14078382,0.043672834,0.51624006,0.11835981,0.29769954
-0.16462268,-0.19440028,-0.1534929,-0.11829796,-0.19327207,-0.009243589,-0.15940924,-0.23892191,-0.14442955,-0.16924623,0.18200429,-0.15165684,-0.17994872,-0.17188379,-0.32118556,0.060614858,-0.2688569,-0.06881026
-0.15852652,-0.1759584,-0.15578668,-0.10728869,-0.16755277,-0.0069622914,-0.1516954,-0.22330058,-0.13322678,-0.15378264,0.19410796,-0.13796565,-0.15213439,-0.18336569,-0.30809742,0.07808837,-0.2516162,-0.055707205
-0.2089359,-0.3019629,-0.26179945,-0.103295244,-0.31507283,-0.17470121,-0.22533134,-0.2576735,-0.2832315,-0.10141612,-0.2006612,-0.09124361,-0.1393388,-0.28114775,-0.27471134,-0.26386616,-0.24425595,-0.22708508
-0.2009839,-0.2989303,-0.25795564,-0.1038236,-0.31763658,-0.1741271,-0.24649018,-0.274608,-0.2766334,-0.1078089,-0.2054597,-0.08851314,-0.14311229,-0.31239948,-0.27414137,-0.25235394,-0.24404219,-0.24463417
-0.22775485,-0.3732183,-0.3262589,-0.19102478,-0.3595572,-0.23938678,-0.23128715,-0.2786887,-0.36415964,-0.15456918,-0.001593338,-0.18264225,-0.16143967,-0.36296883,-0.27967158,-0.0526777,-0.2553341,-0.13458574
-0.2387519,-0.36761767,-0.32322824,-0.21647994,-0.3590673,-0.24625613,-0.24661006,-0.28231108,-0.36455205,-0.1573726,-0.00015065877,-0.17845485,-0.16561002,-0.3713826,-0.2969734,-0.050583005,-0.2662749,-0.14185257
0.1625296,0.14530739,0.060709465,0.03434358,0.18947588,0.31205735,0.010050338,0.07479509,-0.0015036036,0.13120116,-0.031202452,0.04268967,-0.07298759,-0.07371457,-0.02359691,-0.06646774,0.07686183,-0.13722356
-0.14905073,-0.24791668,-0.07754495,-0.14954878,-0.2727702,-0.032989893,-0.0908902,-0.28602406,-0.20116249,-0.16843934,0.17717968,-0.19817813,-0.1347304,-0.16363302,-0.238936,0.13722107,-0.2505895,0.08871
-0.12808175,-0.24152908,-0.073567234,-0.13714251,-0.27140856,-0.00827652,-0.09069898,-0.27583674,-0.20437138,-0.16014495,0.1787093,-0.19545944,-0.13072273,-0.16476734,-0.25677332,0.13693371,-0.25930464,0.072272666
0.33694214,0.37360427,0.46999854,0.45471996,0.28811464,0.2235693,0.36881855,0.30146444,0.38881487,0.13104242,0.1493004,0.06801181,0.5215309,0.41920394,0.14191619,0.2736299,0.051673096,0.21047424
0.33883217,0.3826053,0.47176737,0.47107357,0.27386576,0.2574356,0.3911523,0.3281131,0.40277055,0.14848329,0.16970514,0.08456878,0.56226695,0.38503978,0.1353859,0.3180265,0.06289727,0.20447701
-0.17810352,-0.2701086,-0.2632547,-0.30710247,-0.1872487,-0.23766446,-0.20020522,-0.2904804,-0.32981905,-0.067115605,-0.16882889,-0.22746709,-0.24251322,-0.16444017,-0.11727557,-0.24918564,-0.27750582,-0.1354241
-0.20038229,-0.24848585,-0.1989816,-0.30167347,-0.18164195,-0.17368975,-0.13286287,-0.25905916,-0.31226647,-0.036219142,-0.12861224,-0.21458772,-0.2067877,-0.09317568,-0.08031895,-0.19259107,-0.24576584,-0.093145125
-0.18817519,-0.32580605,-0.34435117,-0.21349569,-0.32832354,-0.23141329,-0.2585598,-0.28117147,-0.3284279,-0.07407416,-0.22755481,-0.0016122693,-0.33620623,-0.36484188,-0.09939937,-0.33728358,-0.0986923,-0.24256851
-0.19131973,-0.284612,-0.31973666,-0.2029558,-0.29843283,-0.20710981,-0.21097277,-0.2230761,-0.2812473,-0.03176094,-0.2153061,0.026184715,-0.28117353,-0.33274564,-0.065758444,-0.30808055,-0.066369094,-0.20195648
0.3626736,0.035992175,-0.09943689,-0.09549148,0.040919423,0.10683769,-0.09512313,0.1020972,-0.008502064,0.13679077,-0.097248025,0.13173382,-0.20017345,-0.0716374,-0.032493208,-0.1992729,0.02630967,-0.21020621
0.45003194,0.07410711,-0.060800117,-0.030655824,0.08070627,0.15477931,-0.03765641,0.13041477,0.04730289,0.17065816,-0.0714138,0.15070471,-0.14423792,-0.025999088,0.011494106,-0.14316022,0.054601077,-0.1906554
-0.26616743,-0.3871098,-0.29461154,-0.08013438,-0.4036117,-0.23667707,-0.26511914,-0.31499752,-0.25553998,-0.20814973,0.12273238,-0.09773833,-0.23145878,-0.32319817,-0.3484645,-0.07801038,-0.26387593,-0.08890471
-0.26553598,-0.38097352,-0.28402838,-0.077981316,-0.40065137,-0.23539096,-0.24533409,-0.29916352,-0.23825453,-0.19974406,0.13147078,-0.10397961,-0.19927222,-0.3071653,-0.33778244,-0.058270797,-0.26738843,-0.07096187
0.05602486,0.15318188,-0.008110499,-0.0056886342,0.12439484,0.26004383,0.20586428,0.34307632,0.25460845,0.32378858,0.13929217,0.47910452,-0.015561246,0.052629158,0.32480174,0.11761221,0.48463997,0.018671367
0.039587494,0.15891123,0.0011107528,-0.028640848,0.12508976,0.25331905,0.21367028,0.3479911,0.2576285,0.31424516,0.1488742,0.47068062,-0.014348317,0.06958982,0.34245303,0.13972045,0.48611107,0.036992714
-0.1260175,-0.27529046,-0.16158028,-0.07746846,-0.35059482,-0.18595241,-0.16915366,-0.22713192,-0.2413318,-0.03206338,-0.20305333,-0.05847455,-0.15284014,-0.29122195,-0.14381582,-0.16996987,-0.15333882,-0.1736068
-0.10322435,-0.26741496,-0.15474215,-0.08827039,-0.34085217,-0.17207585,-0.15570806,-0.2178277,-0.22863844,-0.026027681,-0.18827537,-0.05451488,-0.12651168,-0.28861496,-0.13409524,-0.14630948,-0.14310159,-0.15219398
-0.22938667,-0.5192209,-0.40140533,-0.30270243,-0.5472236,-0.42263576,-0.41616967,-0.37138918,-0.40237758,-0.1775447,-0.32527828,-0.2741031,-0.34612122,-0.3927557,-0.3470825,-0.4481546,-0.42155424,-0.35123208
-0.1035902,-0.18658409,-0.06904356,-0.06864511,-0.14625959,-0.02997416,-0.036157407,-0.26868576,-0.087725,-0.18683343,0.23208158,-0.20119879,-0.18532595,-0.053471535,-0.14736181,0.11468231,-0.12310669,0.13811749
-0.15870398,-0.18518779,-0.095426455,-0.095234975,-0.13751568,-0.04974002,-0.026629431,-0.270125,-0.0788812,-0.1883145,0.23102842,-0.20057142,-0.17935073,-0.04579925,-0.11424843,0.11809762,-0.107398294,0.14217818
-0.16802321,-0.30712798,-0.27502918,-0.2236729,-0.31089768,-0.07379624,-0.21136138,-0.08809105,-0.16983448,0.0022322228,-0.21591061,-0.13734035,-0.20686595,-0.2646414,-0.18983713,-0.34639746,-0.18100114,-0.26195866
-0.16156949,-0.30002692,-0.26638758,-0.21447602,-0.30411708,-0.07502891,-0.21095751,-0.0869358,-0.15961292,0.013418613,-0.21426292,-0.11808168,-0.19326366,-0.2696772,-0.18387815,-0.3321986,-0.17954808,-0.2649693
-0.25163704,-0.4204149,-0.27535725,-0.18321174,-0.41796377,-0.29977828,-0.2809055,-0.34522572,-0.3582302,-0.20513916,0.024725065,-0.1661863,-0.18664771,-0.36716175,-0.30402333,-0.04586617,-0.32464898,-0.13047577
-0.26502305,-0.40286192,-0.26592037,-0.19189978,-0.40428203,-0.28305855,-0.26637557,-0.33440617,-0.33635622,-0.19125246,0.03260061,-0.15294427,-0.16951953,-0.35216808,-0.27822208,-0.022999365,-0.30226108,-0.12116025
-0.14744473,-0.4247206,-0.29245788,-0.2771486,-0.4191153,-0.22310469,-0.22823192,-0.36683506,-0.46965003,-0.13499895,-0.20364352,-0.25769016,-0.353041,-0.24790396,-0.21194045,-0.30579612,-0.2917861,-0.22966896
-0.14611554,-0.4227681,-0.27244642,-0.2996717,-0.43785983,-0.18614101,-0.20596896,-0.31859714,-0.42304105,-0.10518874,-0.19124001,-0.23161313,-0.3171794,-0.22643566,-0.18589103,-0.26979166,-0.25688347,-0.21351928
0.3629337,0.48054105,0.37570605,0.10132994,0.44224408,0.32066694,0.3974139,0.48188594,0.3911617,0.26961374,0.08172675,0.25963745,0.1413499,0.3547853,0.5146088,0.29022056,0.4503116,0.22133416
0.36485186,0.48580468,0.439947,0.15306905,0.4521489,0.3619096,0.42184454,0.45817512,0.43792778,0.24374394,0.13738693,0.22918046,0.21007945,0.36398637,0.5162872,0.38188204,0.42270136,0.23639387
0.08070922,0.2538313,0.1978995,-0.019944197,0.23687075,0.31222782,0.010117168,0.069299065,0.043591663,0.036429122,0.21768108,0.08772403,-0.14426136,0.29162973,-0.033449806,-0.063836716,-0.019137064,0.048575573
0.1434435,0.35487807,0.2693998,0.04331125,0.32042557,0.37888998,0.08547028,0.18876463,0.17949565,0.13918443,0.25665483,0.24927016,-0.059336618,0.3481743,0.061540358,0.0059931837,0.09788395,0.07122673
-0.21212707,-0.33078662,-0.28037483,0.13991101,-0.37704542,-0.23627138,-0.32091016,-0.3094293,-0.24510548,-0.11303651,-0.21385056,0.00021217775,-0.24359559,-0.2518656,-0.31511915,-0.33750728,-0.25414103,-0.33105183
-0.091316916,-0.34255096,-0.3010914,0.1171136,-0.39146474,-0.2545901,-0.3619842,-0.28293887,-0.2404147,-0.08629839,-0.21528396,0.03713946,-0.27614546,-0.2816897,-0.35921967,-0.36328644,-0.2692386,-0.37794054
0.059203982,0.4290892,0.18623278,0.07905674,0.4145529,0.32670718,0.28956515,0.43761054,0.35609126,0.30232677,0.1642205,0.2857594,0.02437715,0.338383,0.49376297,0.187379,0.4414001,0.25511488
0.02948971,0.41378474,0.17644143,0.081927456,0.38266057,0.33258533,0.27712515,0.44412294,0.36036566,0.31176266,0.15289469,0.298091,0.025986284,0.3269235,0.47040117,0.16650005,0.4204416,0.22714102
-0.1475262,-0.29097247,-0.26861295,-0.23108187,-0.25840947,-0.17718676,-0.18363653,-0.26339635,-0.33826566,-0.09270168,-0.17971024,-0.17973521,-0.17318128,-0.36242482,-0.16353314,-0.25966212,-0.17652518,-0.16110177
-0.1778697,-0.28213808,-0.24942164,-0.22402944,-0.26912135,-0.17279598,-0.16663057,-0.24021932,-0.31477147,-0.072506875,-0.1664851,-0.1453859,-0.14527354,-0.35899848,-0.1451241,-0.24692649,-0.16739194,-0.1473422
-0.102372915,0.007448945,-0.02383235,-0.14511032,0.039626513,0.07331434,-0.050994992,0.22839892,0.026127437,0.18007834,0.058818508,0.14490214,-0.16779745,0.100249216,-0.05623605,-0.18859203,-0.024525737,-0.081840776
-0.05508454,-0.0023390644,-0.01984246,-0.15166003,0.02193015,0.09313217,-0.05007091,0.23633912,0.02146485,0.1925125,0.048741046,0.13294655,-0.13524644,0.104655035,-0.07681501,-0.17746311,-0.037991017,-0.07813444
-0.068065144,-0.24521534,-0.21636207,-0.013042725,-0.29575402,-0.1049261,-0.20212577,-0.17265062,-0.16404273,0.04891249,-0.15652558,0.1872204,-0.26214856,-0.27325752,-0.069580875,-0.25455067,0.03199182,-0.22964992
-0.10761569,-0.23760888,-0.21879447,-0.017133312,-0.2852407,-0.10105188,-0.18032953,-0.1302824,-0.14242399,0.07815177,-0.13160272,0.22442588,-0.25487566,-0.2525159,-0.028653799,-0.2381595,0.06769211,-0.2128633
0.03840934,0.111357495,0.011320237,0.13457936,0.10261916,0.21538445,0.011654817,0.29904488,0.22420585,0.3253568,0.07779787,0.44754386,0.014149012,0.0012405349,0.11035764,-0.0546343,0.23455378,-0.13322407
-0.033027988,0.07671116,-0.017778296,0.11785205,0.060634043,0.19430739,0.005860178,0.27665472,0.20085536,0.30777863,0.056551334,0.42581645,0.0030318117,-0.034890074,0.10927553,-0.08071257,0.21454981,-0.15229525
0.16005433,-0.14503944,0.0066447263,0.3802758,-0.19632226,-0.16869386,0.15699968,-0.032467637,0.039463222,-0.1372896,-0.08878918,-0.07409121,0.24343164,-0.08139605,0.0035390041,0.045321878,-0.025858436,0.080487125
0.15106912,-0.15921822,-0.026710905,0.37317973,-0.21324725,-0.18576658,0.12575242,-0.063745625,0.029150803,-0.15630388,-0.08943879,-0.07946795,0.22322702,-0.10161132,-0.012925427,0.037557494,-0.039775293,0.06343584
0.09345366,-0.17225106,-0.059320856,0.35899892,-0.20184985,-0.17209578,0.13796021,-0.03830074,-0.010140471,-0.11861553,-0.055065963,-0.060091544,0.17722295,-0.10361806,0.019719822,0.047972526,0.0075422814,0.0701682
0.083159946,-0.1873816,-0.09845018,0.36020935,-0.2229839,-0.19588016,0.11366509,-0.05278755,-0.006971261,-0.1221713,-0.07522736,-0.06481092,0.1692906,-0.11589103,0.0025502376,0.025264949,-0.015409578,0.026302014
-0.007444901,-0.17562738,-0.13469838,0.2927147,-0.1887307,-0.2292793,0.122595,-0.06971582,-0.011612942,-0.14140181,-0.04792531,-0.10230116,0.1686477,-0.089959666,0.023294672,0.00739377,-0.024658611,0.07626136
-0.024862777,-0.17191021,-0.14390269,0.296807,-0.18658784,-0.24040039,0.11508411,-0.085487425,-0.011803219,-0.1491004,-0.058508784,-0.11693934,0.16316667,-0.09042681,0.016214373,0.005144476,-0.03832459,0.06583839
0.1269299,0.064561434,0.08481436,0.3982021,0.07855085,-0.022283314,0.25109056,0.19751982,0.23990795,0.08593897,0.021077365,0.10325506,0.36587778,0.07558089,0.21496299,0.1671748,0.18600772,0.22017051
0.05090203,0.03635738,0.07579448,0.4266076,0.031810645,-0.021699563,0.26818016,0.16800302,0.23308174,0.08192901,0.067356534,0.09999271,0.36203074,0.116830535,0.21702418,0.17803071,0.176647,0.23203139
-0.11892688,-0.22404115,-0.17153928,-0.030067684,-0.25936124,-0.21010506,-0.20323557,-0.2577154,-0.24921003,-0.0832283,-0.1793445,-0.08166272,-0.072882324,-0.25713012,-0.21424112,-0.20242627,-0.1886305,-0.09747222
-0.13016228,-0.23680446,-0.1825904,-0.04640672,-0.2715604,-0.22888768,-0.21595816,-0.2541036,-0.27566323,-0.084074214,-0.18951653,-0.08460056,-0.09447526,-0.30160704,-0.21319464,-0.20800237,-0.17495966,-0.110595636
-0.2287054,-0.18846703,-0.16875586,-0.17234877,-0.159839,-0.3193825,-0.1913471,-0.30932298,-0.22933677,-0.053019907,-0.116393454,-0.14692745,-0.12869444,-0.18917133,-0.047489714,-0.1630809,-0.22037631,-0.037107717
-0.24788775,-0.20100687,-0.18135129,-0.18306854,-0.17296429,-0.32282612,-0.22398648,-0.32851237,-0.25477442,-0.062549815,-0.11568698,-0.15955238,-0.15143786,-0.19939037,-0.0863506,-0.18663965,-0.25981015,-0.057495322
-0.17337619,-0.28234935,-0.2841833,-0.054137833,-0.28182113,-0.10566811,-0.12004483,-0.24943404,-0.08100943,-0.057410117,-0.12782247,-0.0046271607,-0.21723329,-0.07993646,-0.060829386,-0.2569966,-0.08258139,-0.20216078
-0.18489686,-0.26019797,-0.26619473,-0.06144045,-0.26607093,-0.105390094,-0.10535315,-0.22491713,-0.041268095,-0.037223764,-0.12191754,0.015629567,-0.20026791,-0.05362541,-0.032689925,-0.23765253,-0.06485337,-0.18442023
-0.09240871,-0.23107426,-0.26734704,-0.098091036,-0.25616002,-0.028171562,-0.2103695,-0.148675,-0.066704065,0.03770991,-0.058742315,-0.021291215,-0.14487368,-0.13073923,-0.07174374,-0.22206408,-0.09904594,-0.21547219
-0.09459151,-0.18764973,-0.22588827,-0.08495493,-0.22211652,0.007624859,-0.15897964,-0.08269663,-0.04287185,0.08584654,-0.00882904,0.0069126175,-0.08898807,-0.06569206,-0.038031004,-0.17997065,-0.08023775,-0.16140977
0.06257832,-0.06604461,0.0021619317,0.055742927,-0.10478872,0.1440583,0.061300386,0.09779079,0.17323273,0.24820925,0.21473323,0.20789123,-0.004950545,0.2341707,0.08164509,0.12778309,0.05622655,0.0054895263
0.10867201,-0.047167625,0.022890178,0.07901213,-0.08757697,0.17106858,0.07564218,0.13655056,0.20091596,0.26951993,0.20389509,0.23338136,0.003702254,0.25820068,0.094066575,0.12395112,0.08342585,0.011709111
-0.08803571,-0.17816381,-0.093855254,0.1950742,-0.15560563,-0.078665145,-0.16130689,-0.046560846,0.026899071,0.102595486,-0.06738483,0.22028063,-0.14639084,-0.1580051,-0.16180375,-0.19367447,-0.058951717,-0.33261904
-0.10350626,-0.17721692,-0.09279833,0.20884053,-0.15907377,-0.07171088,-0.14743419,-0.054948363,0.032287825,0.10751866,-0.08849803,0.20413429,-0.14260286,-0.15153056,-0.13806024,-0.18595514,-0.054128703,-0.33534873
-0.10692304,-0.33437845,-0.22056757,-0.048647314,-0.2961009,-0.1720295,-0.29744014,-0.39354417,-0.3168869,-0.1580947,-0.10586498,-0.2578256,-0.24043089,-0.12783192,-0.33852723,-0.2698216,-0.39823008,-0.30239263
-0.16379988,-0.36073178,-0.29402953,-0.12376513,-0.3254357,-0.1832328,-0.31680697,-0.40556338,-0.31911227,-0.17726032,-0.08850389,-0.28239948,-0.25182363,-0.14548585,-0.32746205,-0.28853226,-0.41172734,-0.31291842
0.2704484,0.35112777,0.25721592,0.22681455,0.35345894,0.27621266,0.14649135,0.37989914,0.3650998,0.3076016,-0.033738658,0.30896658,-0.0036620921,0.2796515,0.19105239,0.06138099,0.21693708,-0.0755467
0.192095,0.35832354,0.26613775,0.22259152,0.3424051,0.31238902,0.1779434,0.39047194,0.3820419,0.31470644,-0.020957304,0.31688708,-0.022066504,0.32224935,0.22244515,0.069541894,0.23910129,-0.073526956
0.012608757,0.18317267,0.23866205,0.1095034,0.22852887,0.30877766,0.3036623,0.01982987,0.018723164,0.029609771,0.3641038,-0.060634583,-0.03693693,0.17751174,0.16104884,0.37291268,0.17183207,0.39978245
0.039940476,0.19714905,0.25555927,0.13756055,0.23783551,0.32141438,0.313037,0.034541193,0.027857691,0.037166167,0.36105534,-0.060960826,-0.021541856,0.18926156,0.15140073,0.38056082,0.16621624,0.38729367
-0.19146016,-0.17278895,-0.24161866,-0.14768651,-0.16349901,0.0052931495,-0.13867548,-0.22628622,-0.21025631,-0.12436713,0.19804603,-0.111274414,-0.16475426,-0.22938389,-0.27803645,-0.07354518,-0.18280035,0.01820445
-0.18071887,-0.13592236,-0.22450547,-0.1648407,-0.12714705,0.03434422,-0.11231923,-0.20461874,-0.2020496,-0.10648089,0.20624204,-0.10474748,-0.16090283,-0.20331742,-0.26193357,-0.05876662,-0.16673008,0.02417925
-0.069321096,0.12279032,-0.02865469,-0.0025669776,0.21717422,0.10935726,-0.015666388,0.010083993,0.1607363,0.053559795,0.18698582,0.1162848,-0.24726121,0.111797355,0.2261531,0.04682158,0.2392037,0.07173305
-0.10281622,0.090684675,-0.059971247,0.0004533074,0.18180357,0.095320046,-0.0337007,0.008146396,0.164128,0.05140842,0.1848003,0.12664685,-0.24974652,0.08718176,0.20921358,0.04285982,0.23297507,0.035110682
-0.21787362,-0.39835817,-0.264705,-0.24762912,-0.35829017,-0.18933389,-0.18426378,-0.35194936,-0.30439755,-0.22071603,0.11285176,-0.19456527,-0.20270024,-0.25900263,-0.29918864,-0.12707601,-0.2609116,-0.004683097
-0.21504413,-0.3774356,-0.2512618,-0.2676796,-0.35151818,-0.17983519,-0.18553482,-0.33264118,-0.2842291,-0.20898418,0.11498857,-0.16756496,-0.18868113,-0.2585179,-0.28773728,-0.112584434,-0.24984895,-0.0028086426
-0.06909823,-0.122192994,-0.13097686,-0.13687725,-0.09370214,0.12016816,-0.038137738,-0.09441769,-0.03744625,-0.09029855,0.3015639,0.015320998,-0.10186687,-0.10270606,-0.08840955,0.1443853,0.006897799,0.076095365
-0.11786036,-0.10618669,-0.0928237,-0.13865602,-0.08989576,0.117656,-0.015288081,-0.07632838,-0.009413756,-0.07360215,0.31035528,0.03920565,-0.07345749,-0.068482585,-0.0637402,0.17853189,0.012350692,0.08649266
-0.10105094,-0.0055879774,-0.12074509,-0.07121151,0.040550653,0.06575841,-0.041651614,-0.015676204,-0.045671858,0.14156288,-0.040086243,0.099577405,-0.15550004,0.06392072,0.0307556,-0.19267577,0.013826335,-0.20285709
-0.10997137,0.0032602507,-0.11117584,-0.08197283,0.046670575,0.08057528,-0.039632984,0.010816971,-0.021190325,0.15463354,-0.023347652,0.12081118,-0.15848263,0.097027786,0.048881855,-0.1865036,0.024926253,-0.20618907
-0.033623245,-0.010164911,-0.08500766,0.08184196,-0.010118558,0.087493464,-0.052850083,-0.04377115,-0.064830504,0.0028680917,0.30057284,0.099139534,-0.103327945,-0.1964551,-0.16825339,0.14710926,0.00823128,0.0646972
-0.035177454,-0.04111605,-0.08739994,0.054359403,-0.043269865,0.07757536,-0.056744818,-0.06983842,-0.07287393,-0.018946243,0.30063206,0.06863012,-0.1120508,-0.20345064,-0.16359332,0.16296822,-0.0076862313,0.06423307
-0.2687805,-0.3080784,-0.33059487,0.02218207,-0.3509659,-0.07874808,-0.22766688,-0.21330956,-0.106009565,-0.029270956,-0.07324538,-0.061665487,-0.21530603,-0.021401003,-0.19975355,-0.2805581,-0.18678646,-0.27276033
-0.10344365,-0.042658865,-0.19176546,-0.11016413,0.025398554,-0.08857846,-0.13815567,-0.112943016,-0.042055573,0.08028123,-0.10990581,0.0051271035,-0.11840347,-0.08042649,-0.009430386,-0.14123951,-0.057863522,-0.18744162
-0.105304435,-0.049319323,-0.17033763,-0.124909244,0.010721796,-0.073739745,-0.110972926,-0.10779049,-0.02573958,0.089977235,-0.08100954,0.011540845,-0.10507751,-0.019990912,0.023119023,-0.12978892,-0.046591032,-0.16114528
-0.027780209,-0.24612279,-0.28292608,-0.16236413,-0.221647,-0.08160601,-0.21329075,-0.088895224,-0.05565397,0.02349209,-0.09865115,0.09443721,-0.20761222,-0.23015314,-0.112779625,-0.1811793,-0.04194571,-0.3557221
-0.09667363,-0.2647685,-0.30309153,-0.16897029,-0.22986852,-0.1199355,-0.25407505,-0.13293315,-0.061877124,-0.010908767,-0.123397335,0.05974042,-0.21949434,-0.23926802,-0.1124606,-0.2114212,-0.06950852,-0.3684784
0.13720359,0.28853658,0.37190083,0.2436679,0.21744195,0.32902405,0.16950789,0.22797783,0.29360867,0.13607176,0.03565383,0.24322608,-0.029627485,0.43360013,0.1635075,-0.019889006,0.12796678,-0.03224778
0.12182189,0.28937316,0.38856128,0.25336063,0.21917418,0.3351248,0.1853893,0.24396454,0.30826515,0.15476267,0.093139894,0.26583517,-0.013190134,0.43314824,0.17024751,0.013867267,0.1416385,-0.007118911
0.2598652,0.19898106,0.37403932,0.3570909,0.2341194,0.29424992,0.4062862,0.19019346,0.2198941,0.08819884,0.3722842,-0.010825174,0.54865724,0.26229316,0.15968566,0.45192397,0.13875848,0.47268802
0.24632195,0.20722365,0.41497317,0.39223063,0.2219674,0.2999292,0.43363765,0.20011772,0.23691845,0.094591126,0.37469622,-0.011822295,0.5833209,0.28838235,0.1872543,0.46912083,0.13802497,0.497252
-0.1505752,-0.22605284,-0.23527318,-0.043406915,-0.14618199,-0.079674534,-0.28975058,-0.20950618,-0.038294747,-0.05108113,-0.016182465,0.012539843,-0.2290793,-0.17306612,-0.13496028,-0.16030441,-0.10704168,-0.35738292
-0.16649567,-0.22557595,-0.22928369,-0.009332412,-0.14624931,-0.05391673,-0.22659054,-0.1949286,-0.049759842,-0.032066416,-0.017643249,-0.0061436296,-0.20640785,-0.13281956,-0.10516951,-0.112911254,-0.087042674,-0.32918257
-0.12192748,-0.20827018,-0.19179167,-0.18802729,-0.16144222,-0.08061771,-0.1688508,-0.20339362,-0.044139784,-0.013964938,-0.07239084,0.044391282,-0.25665805,-0.003082574,-0.07962206,-0.20997876,-0.17422472,-0.2252016
-0.18775101,-0.24585263,-0.23539753,-0.23191224,-0.21539105,-0.063726425,-0.15111952,-0.21140708,-0.10539083,-0.032118086,-0.082019314,0.021975039,-0.24968727,-0.04958445,-0.11193047,-0.22988655,-0.1604609,-0.2507365
-0.28554034,-0.46595863,-0.42344892,-0.2026143,-0.49029008,-0.38925207,-0.40010297,-0.46650302,-0.29101902,-0.18139966,-0.1256256,-0.16226718,-0.38348296,-0.23199064,-0.24932183,-0.31893978,-0.34592795,-0.36701414
-0.30608878,-0.43768737,-0.39573598,-0.1883425,-0.47220117,-0.34159517,-0.35314134,-0.4164885,-0.25495145,-0.14289145,-0.08218318,-0.11576656,-0.3524535,-0.20021887,-0.20582075,-0.2591592,-0.29564106,-0.3383652
-0.18610685,-0.28588653,-0.3302188,-0.24578208,-0.2609306,-0.26663762,-0.25380003,-0.30877084,-0.3224723,-0.0554086,-0.16046472,-0.2032832,-0.26628843,-0.25613508,-0.124513336,-0.19845675,-0.24392818,-0.23523477
-0.21873276,-0.27796453,-0.3343736,-0.22598858,-0.2516194,-0.2507272,-0.26873404,-0.3215288,-0.3299471,-0.0639587,-0.17016263,-0.21161479,-0.2699866,-0.25666782,-0.14229192,-0.22860233,-0.26463065,-0.23816998
-0.0744461,0.00035575393,-0.1709435,0.11864565,0.02354399,0.07428939,-0.04387862,0.030101268,-0.0997535,-0.014557381,0.23238724,0.051241614,-0.09550275,-0.13253552,-0.17344153,-0.008147626,0.056470413,0.101784155
-0.07142078,0.00011227839,-0.1755716,0.10775309,0.02431109,0.087791026,-0.04142626,0.03804662,-0.11003211,-0.010073479,0.22968356,0.055633105,-0.10423581,-0.13685183,-0.1620787,-0.015940994,0.07197626,0.10403138
0.22789404,0.21441106,0.021534577,0.09544947,0.3331542,0.14769045,0.008203728,0.18482886,0.25935966,0.22314164,-0.053181227,0.20066224,-0.04860856,0.01961297,0.13825385,-0.044741865,0.17788143,-0.13599807
0.2230979,0.21796815,0.024905957,0.11763586,0.3394397,0.15678477,0.010135429,0.18320937,0.24257804,0.21610805,-0.05190547,0.1987274,-0.045672256,0.0056650094,0.121354096,-0.053185266,0.16416863,-0.14229077
0.26099086,0.2572054,0.038450897,0.04029411,0.39923486,0.17765166,0.016591921,0.16844863,0.21862942,0.22492592,0.066681854,0.22046576,-0.08023321,0.07162338,0.18521821,-0.012150153,0.2105196,-0.012035613
0.2534357,0.25682804,0.030678177,0.016288958,0.40060812,0.18629305,0.01234503,0.181987,0.2205742,0.22083472,0.06986421,0.21446049,-0.08062952,0.078397006,0.18157187,-0.01981144,0.20633516,-0.008766762
-0.12476896,-0.3958339,-0.3046987,-0.17886183,-0.49439937,-0.18685219,-0.3060071,-0.30065942,-0.27547073,-0.08995022,-0.19670586,-0.10074459,-0.236169,-0.3511166,-0.21793422,-0.23844656,-0.23042183,-0.32009134
-0.06915615,-0.1036683,-0.09519587,-0.097020715,-0.07030152,-0.04959054,-0.124742635,-0.17354983,-0.04264727,0.03177458,-0.116867654,-0.014175937,-0.14008117,0.01983412,-0.047317106,-0.18988827,-0.14802647,-0.20758964
-0.06236337,-0.097296774,-0.09043715,-0.09450005,-0.06111106,-0.037363853,-0.123640545,-0.17628464,-0.052479632,0.028049596,-0.118061304,-0.02848025,-0.13653252,0.013681872,-0.058750663,-0.18609108,-0.158569,-0.20721118
0.024545673,0.0756695,0.12691595,0.003261039,0.06740092,0.11661311,-0.015985014,0.09197046,0.053932164,0.13811645,0.12601003,0.12176883,-0.019514775,0.18841949,-0.03909496,0.021388568,-0.009093555,-0.09081904
0.0215814,0.076942936,0.12918298,0.0060894326,0.06828576,0.11790544,-0.015327861,0.09304083,0.05596982,0.13672774,0.12903869,0.12430908,-0.017718865,0.1873402,-0.040576525,0.027275031,-0.008919845,-0.092095055
0.31522813,0.1324284,0.3222507,0.17539023,0.15848026,0.23753399,0.058085028,0.21607502,0.21175432,0.16476926,0.05274627,0.17926277,0.06714385,0.24875855,-0.038404267,-0.025733115,-0.01739923,-0.018099295
0.060146585,0.106572255,0.15542969,0.030444022,0.09533664,0.13634704,0.0061421497,0.120236784,0.08646754,0.15042621,0.13660552,0.13644461,0.009228182,0.20759875,-0.009056603,0.04315996,0.016198812,-0.06988442
0.33854038,0.15454748,0.34691536,0.18317808,0.17332281,0.24704486,0.06838955,0.21661235,0.22488405,0.17222469,0.05419217,0.18506435,0.07155161,0.2676763,-0.03231736,-0.015980192,-0.01327196,-0.0109106675
-0.2456226,-0.28885105,-0.25095996,-0.051620282,-0.3442144,-0.22831938,-0.28205246,-0.31816223,-0.2718537,-0.14452071,-0.21904336,-0.095970884,-0.2060565,-0.24178895,-0.26640698,-0.27423048,-0.24942784,-0.2292948
-0.2443167,-0.31968284,-0.28572947,-0.061654672,-0.37972116,-0.24841449,-0.30881655,-0.32021064,-0.2875288,-0.14206728,-0.24461839,-0.07647457,-0.21884646,-0.31667462,-0.2625709,-0.28260136,-0.22499794,-0.26014432
0.14635587,0.36659423,0.24848038,0.16938762,0.301596,0.4021476,0.12895125,0.21506053,0.32203645,0.24986883,0.078309506,0.3118288,0.027370844,0.27326873,0.08706032,0.06868464,0.15406977,-0.16624165
0.14297381,0.38578853,0.25108185,0.16608052,0.31626388,0.42283204,0.14547284,0.22597276,0.3140248,0.26534,0.07578916,0.30802855,0.052892733,0.25781065,0.099179186,0.06921849,0.1585785,-0.14586222
0.021289617,-0.1740628,-0.036781475,0.06377809,-0.27550405,0.060909964,-0.14776942,0.0117877675,0.118341796,0.08394375,-0.05252394,0.13075243,-0.061753996,0.06371506,-0.16512212,-0.12774748,-0.09281253,-0.24134733
0.03216502,-0.17368792,-0.044221774,0.06491286,-0.279068,0.06119279,-0.13785052,0.03743393,0.14118357,0.10643572,-0.034640733,0.14453517,-0.053064615,0.050541077,-0.115077384,-0.096058145,-0.046919152,-0.22518744
0.17771348,0.26775467,-0.01369397,0.079214014,0.21427393,0.3317621,-0.03725499,0.22663854,0.22894314,0.2679013,0.13297795,0.32592827,-0.062316947,0.15349863,0.12551847,-0.026877536,0.18346639,-0.16943893
0.14199841,0.31617296,0.055181034,0.14991255,0.2442123,0.355921,0.008859152,0.2602428,0.27845326,0.29443702,0.1684187,0.39053226,-0.020657308,0.16319767,0.1685697,0.046477944,0.2261458,-0.13776903
-0.11871905,-0.22682679,-0.116197996,0.059095677,-0.21951555,-0.02391476,-0.14190643,-0.048716445,-0.009922949,0.07724067,-0.03327478,0.14234723,-0.18591385,-0.010348881,-0.08877753,-0.22368726,-0.055544678,-0.20986521
-0.13744864,-0.22204389,-0.10680186,0.06392005,-0.22340894,-0.0035268364,-0.09987109,-0.027592285,-0.008882506,0.10009851,-0.039324116,0.12778139,-0.16936097,0.017966626,-0.07362999,-0.21948615,-0.05529105,-0.20762374
-0.18586436,-0.25845385,-0.25232133,-0.15610313,-0.22820008,-0.004878219,-0.07258366,-0.1609197,-0.20621644,0.027112566,-0.0888035,-0.08289633,-0.17275727,-0.17923585,-0.066834256,-0.22761878,-0.07986878,-0.21717443
-0.18970503,-0.24420954,-0.22012942,-0.13451645,-0.21992706,0.025279647,-0.024629164,-0.12117648,-0.17145714,0.054293722,-0.053837452,-0.05938142,-0.109939724,-0.14804365,-0.025255144,-0.16923428,-0.03990982,-0.17234576
-0.05639665,0.017350638,-0.17092414,0.069405265,0.0007997801,0.22313385,-0.05122989,0.0371796,-0.015614732,0.18153615,-0.013826426,0.2300349,-0.043338224,-0.16674705,-0.0637303,-0.10332782,0.12797725,-0.17257196
-0.01804217,-0.02308503,-0.20878103,0.05624043,-0.049505237,0.17096868,-0.09223269,0.06396474,-0.0058342423,0.18733616,-0.039355986,0.27462018,-0.061515365,-0.20713027,-0.06970844,-0.15074867,0.14949034,-0.19946058
0.2559063,0.13058946,0.3332025,0.20233472,0.06746284,0.07989757,0.19999725,0.042101376,0.073203385,-0.11297564,0.051299907,-0.042164847,0.3435073,-0.01737729,0.020451747,0.17782515,-0.055905133,0.15269735
0.25666335,0.15342341,0.36063552,0.2603256,0.085641965,0.08213067,0.21260692,0.054783564,0.096504845,-0.099103406,0.062727116,-0.016537677,0.3648556,0.010741716,0.037819542,0.18572515,-0.044011604,0.15949564
-0.18378617,-0.2219406,-0.20560622,-0.09323553,-0.2168866,-0.14474317,-0.15903468,-0.16943884,-0.20774192,-0.054580532,-0.1594064,0.027158687,-0.05933849,-0.2447747,-0.17679358,-0.23902519,-0.110628426,-0.1118149
-0.15608443,-0.2243018,-0.24143244,-0.098558836,-0.20217931,-0.15736206,-0.19707258,-0.18898816,-0.2169351,-0.06862981,-0.17911072,0.031494796,-0.10236762,-0.28398073,-0.19233504,-0.2715484,-0.10001984,-0.1466637
0.22594543,0.2678038,0.0417026,0.12483706,0.30325073,0.29612994,0.2757962,0.29968747,0.26036328,0.3176828,0.10386709,0.25509158,-0.026562177,0.14128564,0.33966345,0.17215616,0.38422737,-0.017430386
0.1656506,0.24806334,0.031561397,0.11696811,0.2853712,0.30264986,0.2662785,0.27721718,0.26149517,0.31825623,0.12710464,0.27352715,-0.03749907,0.14888354,0.3475353,0.17630307,0.39412764,-0.02176875
0.28170624,-0.20255436,-0.093759306,0.10735423,-0.2171164,-0.22878842,-0.02769083,-0.04909457,0.084238164,-0.088962056,-0.06363743,-0.0698454,0.1610655,-0.03745951,-0.05945516,-0.08104485,-0.12069047,-0.047910944
0.33314857,-0.17163025,-0.05582667,0.11709174,-0.19010954,-0.1813522,-0.00091160927,-0.014154492,0.12009646,-0.06379604,-0.031166663,-0.033055447,0.20533988,-0.020094594,-0.03284472,-0.037598245,-0.08839824,-0.018968776
0.33148295,-0.082629785,0.19830108,0.24782608,-0.12696883,-0.18236105,0.108716264,-0.034910616,0.20459235,-0.118818216,-0.07653747,-0.04995427,0.299153,0.012174261,0.006955072,0.026763644,-0.09606104,0.0850953
0.28576303,-0.06949946,0.15390255,0.18570471,-0.1280392,-0.17855018,0.081826895,-0.06056968,0.17852372,-0.16084455,-0.115609296,-0.08834361,0.2583806,0.010619606,-0.0006568517,-0.030731693,-0.11253047,0.04785508
0.4389966,0.31597248,0.30400807,0.40556446,0.28706405,0.2092422,0.2133895,0.2907108,0.3143571,0.17132309,0.015408061,0.21230374,0.2628859,0.27060163,0.21268009,0.10893041,0.14408754,0.04615998
0.4553175,0.3065883,0.30948982,0.43398732,0.29391375,0.22666067,0.24389656,0.29943055,0.33925772,0.1897912,0.05291848,0.23511998,0.28378606,0.2907083,0.24884318,0.13493636,0.17075212,0.07319323
0.15406552,0.3428355,0.33910206,0.480575,0.29275998,0.06843642,0.2617796,0.24947008,0.3073245,0.11268375,0.015052904,0.059512068,0.45343477,0.19440758,0.13979137,0.11508456,0.004700795,0.1294243
0.15087278,0.3423694,0.35616395,0.49366567,0.29189277,0.08337976,0.27521837,0.2519204,0.31737566,0.118090264,0.031359263,0.063501745,0.46242586,0.21814609,0.14889114,0.12249598,0.003397386,0.1390672
0.33131352,0.3209879,0.47538155,0.5283358,0.30723426,0.09897775,0.3655355,0.25246564,0.36203352,0.12583975,0.090744704,0.098878294,0.4971617,0.30010927,0.24961121,0.23380329,0.08017112,0.28973132
0.2986979,0.36548474,0.49616915,0.53331745,0.3438547,0.12317124,0.37980077,0.2856977,0.3842523,0.15908635,0.120497435,0.13945979,0.5096365,0.35635725,0.27661717,0.2248999,0.103022724,0.3127044
0.19670801,0.28218985,-0.031472616,0.10600761,0.30292353,0.24743493,0.035076562,0.16589962,0.15325376,0.29828912,0.056222133,0.18411212,0.0036020083,0.11657186,0.1627964,0.048504528,0.17517279,-0.009595251
0.18107186,0.28864536,-0.0046919854,0.120354705,0.30520743,0.2672107,0.051222205,0.16353782,0.18154971,0.30401483,0.074748956,0.19444385,-0.0059035383,0.1645649,0.18200795,0.05570621,0.18267833,-0.012478089
-0.118811026,-0.08200847,-0.12827282,0.05651471,-0.1425863,-0.042033553,-0.072929025,-0.03850882,-0.06620854,0.11237413,-0.072066985,0.09828389,0.015225753,-0.057552557,-0.1153543,-0.1498532,-0.061370533,-0.049532376
-0.11958019,-0.095925465,-0.14376648,0.060837545,-0.1526209,-0.061531194,-0.09462485,-0.04921297,-0.07813372,0.1040916,-0.088629216,0.097361654,0.00043748622,-0.09205121,-0.13473769,-0.16356167,-0.06902333,-0.06929765
-0.14162235,-0.2410034,-0.26664868,-0.088774316,-0.25063354,-0.03633117,-0.24988832,-0.21702094,-0.08583945,-0.016853966,-0.090025865,-0.056777913,-0.26888067,-0.055559076,-0.24028778,-0.21600716,-0.22153454,-0.40547985
-0.261273,-0.3203128,-0.31449968,-0.2832469,-0.305951,-0.28795245,-0.33086944,-0.3437054,-0.38788617,-0.16249435,-0.18167083,-0.2174185,-0.25714332,-0.40627682,-0.2347877,-0.29411817,-0.31160536,-0.23840076
-0.25311485,-0.30733564,-0.3138662,-0.2685363,-0.2938231,-0.2844437,-0.32196093,-0.32653987,-0.3693053,-0.15240075,-0.17120776,-0.20427696,-0.23209015,-0.40134427,-0.21935041,-0.28033975,-0.29521123,-0.22192703
0.29102626,0.41087738,0.35665274,0.23843046,0.4299779,0.40709856,0.23230901,0.4328011,0.46486846,0.29683977,0.20632002,0.42279544,0.18441102,0.37972894,0.26341864,0.18384126,0.28856304,0.008315587
0.33039835,0.4201583,0.37431976,0.20970087,0.44816166,0.41674966,0.24990958,0.44060326,0.4706664,0.29966542,0.19874208,0.40147027,0.20057556,0.4140369,0.26966807,0.18974547,0.2944071,0.045440022
-0.20072412,-0.2848502,-0.25698155,-0.07126339,-0.32578102,-0.1360156,-0.24214429,-0.27366155,-0.24963553,-0.107286766,-0.24563397,-0.037933122,-0.22709326,-0.23610924,-0.20134859,-0.3000425,-0.15553093,-0.24975532
-0.236533,-0.28296742,-0.26591444,-0.08833506,-0.3348029,-0.15955429,-0.2716696,-0.26827165,-0.24939477,-0.10611096,-0.246661,0.009048684,-0.20691822,-0.31799376,-0.19451348,-0.2885043,-0.12687902,-0.2550474
0.33759364,0.26942906,0.34607485,0.19645195,0.17694487,0.15909797,0.21103062,0.14699751,0.2353335,0.005758442,0.113467574,-0.0031223434,0.40808445,0.15498257,0.11790835,0.27748942,-0.012970126,0.175952
0.3219311,0.3098906,0.3632232,0.20768654,0.21743913,0.20302196,0.24147597,0.16873866,0.26547766,0.020124534,0.13449168,0.0012162684,0.42755172,0.18668266,0.16554569,0.2946645,0.02422444,0.20105128
0.15371783,0.21346633,0.17967828,0.27312148,0.24080065,0.0981192,0.16796811,0.31890193,0.2110676,0.20481265,-0.020148808,0.22328857,0.063519716,0.18196814,0.18124604,-0.06579117,0.19017608,-0.02315925
0.12168689,0.22828937,0.19045419,0.27759212,0.25637096,0.10252575,0.18146682,0.31288373,0.22464356,0.1975477,-0.007745455,0.22552969,0.07069983,0.20200089,0.20804496,-0.06251704,0.20479763,-0.0041555744
-0.21209729,-0.35100046,-0.20972861,-0.1329302,-0.3418927,-0.2388962,-0.32143486,-0.3338914,-0.19590314,-0.20384145,0.09782252,-0.1177524,-0.15033013,-0.3750136,-0.3124983,-0.12200148,-0.34088168,-0.05971315
-0.23477358,-0.3660472,-0.23584583,-0.16685256,-0.36340785,-0.25886434,-0.33687833,-0.35386682,-0.21350828,-0.21228528,0.08676477,-0.13143703,-0.15010811,-0.3938885,-0.32695916,-0.12791568,-0.3604771,-0.072149605
0.1051595,0.26892444,-0.08075935,0.08273071,0.2977052,0.1322544,0.08069337,0.29279408,0.2672057,0.18479563,0.0063542076,0.22641213,-0.005985543,-0.031384487,0.2866258,0.08818368,0.33118787,-0.014883463
0.08747549,0.2233762,-0.12458615,0.054824173,0.2672569,0.12742049,0.050427575,0.22446728,0.22399287,0.12802635,0.07602003,0.15201445,-0.059285123,-0.047526605,0.24777424,0.1168404,0.28512743,-0.010449009
0.1892518,0.26403192,-0.004214982,0.23555607,0.27914152,0.07497662,0.14368393,0.2898432,0.31472144,0.12306662,-0.047217265,0.10881757,0.3138533,-0.061920006,0.21244447,0.1729943,0.1895709,0.029108632
0.10402455,0.26361546,0.009810631,0.25405726,0.2962111,0.090111345,0.16547996,0.26641613,0.344065,0.118700445,0.030832937,0.10099981,0.33941466,-0.022158263,0.24366927,0.21368217,0.19146727,0.090577446
0.22478715,0.27045053,0.11345178,0.29292536,0.29808158,0.1856696,0.4589891,0.33594424,0.33566532,0.14816305,0.2415623,0.05780466,0.4853732,0.21184339,0.41484475,0.43773186,0.36023164,0.4194378
0.25739256,0.28868064,0.1330452,0.29445216,0.31226254,0.21548437,0.46709535,0.36459637,0.35554966,0.16098782,0.26007342,0.08140996,0.5111608,0.20405638,0.4166155,0.45587835,0.36759615,0.4268727
0.13520227,0.1937522,-0.08675947,0.1743292,0.24305928,0.14900492,0.22952533,0.2136762,0.15484363,0.16588148,0.19121866,0.16354403,0.050236642,0.05777156,0.30927253,0.27908155,0.3733587,0.16712397
0.13513467,0.18039748,-0.10130597,0.17937163,0.22393678,0.13374062,0.20772743,0.20978838,0.1447582,0.16399585,0.16032934,0.16492653,0.041417874,0.026368467,0.2744702,0.26157728,0.3487282,0.12699112
0.14739363,0.20093425,0.062014032,0.22148746,0.23977602,0.14687248,0.37700695,0.24666147,0.1538092,0.09236843,0.16406007,0.06621937,0.33758217,0.047313944,0.3378764,0.38050354,0.33994576,0.36034384
0.14890586,0.18949676,0.057140604,0.22050959,0.21996456,0.14453894,0.36722207,0.24817549,0.14890645,0.08414033,0.1480949,0.059955105,0.33234078,0.037966598,0.3331061,0.3674303,0.33093056,0.34655914
0.24298945,0.24657077,0.22651112,0.29195327,0.31750292,0.18663058,0.4400018,0.17412776,0.16018322,0.078601256,0.363736,-0.059500463,0.5061471,0.11944539,0.29601493,0.5289968,0.2434821,0.5992434
0.2381312,0.24785669,0.24398999,0.30108622,0.31473002,0.20326227,0.43760067,0.17897044,0.16219981,0.08824974,0.38306206,-0.04815765,0.51220137,0.12855399,0.28832346,0.5355658,0.23535962,0.60734475
-0.116147816,-0.24127115,-0.17729829,-0.023812402,-0.25566143,-0.043683384,-0.056375816,0.03067442,0.0949503,0.10151331,-0.12831531,0.06972128,-0.030941784,-0.200476,0.033381492,-0.115374126,0.0711626,-0.17835921
-0.15708621,-0.3831927,-0.28323174,-0.19616278,-0.4194018,-0.346148,-0.32283127,-0.36864984,-0.34908494,-0.11527316,-0.2516381,-0.06884718,-0.4147836,-0.22465798,-0.25121748,-0.36985892,-0.28819838,-0.3085807
-0.1788874,-0.3708427,-0.28479844,-0.21613772,-0.416643,-0.31779104,-0.3054143,-0.3379444,-0.30581307,-0.09748258,-0.23863204,-0.0418167,-0.40938133,-0.19304861,-0.20720766,-0.33726364,-0.24432534,-0.30711088
0.126241,-0.05108776,-0.11042774,0.03186713,-0.107243545,-0.0402379,0.060955055,0.052284718,0.038945254,0.016907744,-0.05074106,-0.05551458,-0.10479009,0.0016227602,0.05013205,0.09804023,-0.012771174,-0.21983899
0.087742426,0.090776995,-0.0143641215,0.12531647,0.01507294,0.13174975,-0.010228014,0.15337013,0.20898733,0.15092996,0.00794074,0.26192337,-0.13085963,0.065195344,0.068064086,-0.06834262,0.09352206,-0.25779554
0.08180431,0.101158015,0.019916918,0.17564355,0.017575683,0.1462709,0.02096964,0.15791152,0.23855948,0.1584798,0.03942968,0.28111875,-0.1020453,0.10382872,0.104480304,-0.025260922,0.11776258,-0.23164402
0.06763128,0.08967678,0.065736905,0.27375877,0.030964406,0.035065033,0.085880585,0.051032323,0.20739673,-0.029299581,0.03721476,0.05091615,0.14045808,0.06433648,0.13814163,0.09388395,0.047187936,0.013282285
0.052423406,0.07016536,0.043477602,0.27981707,0.015762802,0.016714869,0.07470747,0.033210527,0.2046308,-0.0326077,0.045274034,0.047653448,0.13232958,0.046825815,0.14943662,0.10635318,0.050911173,0.008858363
0.11929557,0.100737244,0.06029789,0.26687896,0.009562311,0.09277506,0.12086428,0.16084896,0.21049464,0.022752434,0.07666534,0.06774059,0.27151814,-0.07345297,0.023460057,0.1848194,0.01964756,-0.028000224
-0.24084519,-0.3022544,-0.16729048,-0.07372295,-0.33992803,-0.23061426,-0.2805443,-0.38692352,-0.22973722,-0.12926649,-0.102301896,-0.13521487,-0.18799874,-0.12993945,-0.23078266,-0.19215928,-0.31436506,-0.21615902
-0.24198008,-0.3033754,-0.1626276,-0.061720252,-0.3425092,-0.23335163,-0.2717208,-0.38460705,-0.22661796,-0.12498799,-0.096175835,-0.14680469,-0.17277539,-0.1225478,-0.24072362,-0.18738072,-0.33123735,-0.21376455
-0.21089058,-0.24000727,-0.21873921,-0.20523463,-0.19871587,-0.06255908,-0.083869286,-0.17645141,-0.2018745,0.019811578,-0.13811317,-0.116659515,-0.16841279,-0.17027897,-0.004648447,-0.16127865,-0.114383794,-0.11499084
-0.21084851,-0.24126163,-0.22675405,-0.19673535,-0.19726104,-0.069719724,-0.092153646,-0.16283417,-0.20596112,0.03033819,-0.14032811,-0.10462178,-0.16936444,-0.17916904,-0.019579541,-0.17727636,-0.12209162,-0.11966018
-0.09483831,-0.15399332,-0.18623832,-0.08326033,-0.1371233,-0.071002945,-0.15097256,-0.19858423,-0.097910225,-0.04949043,-0.12911911,-0.043867733,-0.049612924,-0.14006253,-0.15126075,-0.17918332,-0.1342299,-0.20283121
-0.032887716,-0.14401169,-0.17670056,-0.14104435,-0.11263058,-0.052323,-0.14082433,-0.16030373,-0.09288029,-0.022972679,-0.10161897,-0.021920921,-0.06736976,-0.13664436,-0.11308233,-0.16058454,-0.082055934,-0.20251477
0.38136837,0.23057738,0.19087322,-0.00017957366,0.23743859,0.29836857,0.09121841,0.3040408,0.32629678,0.21328226,0.13042118,0.3777714,-0.07004015,0.24915907,0.24160857,0.123712674,0.3183853,-0.031514328
0.4004818,0.2459047,0.16535163,-0.03476232,0.26061717,0.2849678,0.079221904,0.29753396,0.32800633,0.20628871,0.15406458,0.357487,-0.045609422,0.23087768,0.22972533,0.14094579,0.30507672,-0.016425552
0.012286,0.06523487,-0.11533749,-0.07816111,0.064018965,0.19905551,-0.0071313046,0.24058414,0.022759512,0.19098452,0.27034086,0.3529372,-0.007852441,-0.21458867,-0.011699742,0.038935125,0.25742602,0.09090164
-0.13640079,-0.39711085,-0.1741343,0.0060433913,-0.38381502,-0.19847986,-0.20511955,-0.30920136,-0.2003965,-0.18850473,0.11216288,-0.11942403,-0.21365875,-0.29841205,-0.33078787,0.0650027,-0.26448238,-0.16012193
-0.15038341,-0.41762325,-0.1953688,-0.046385773,-0.4020922,-0.2205589,-0.21895084,-0.34493572,-0.24594744,-0.2109736,0.10210335,-0.16508049,-0.24142306,-0.31381947,-0.33703494,0.05968798,-0.29107958,-0.15895472
-0.15240632,-0.285305,-0.2007938,-0.14785728,-0.23172197,-0.18697909,-0.22531685,-0.35289085,-0.32031053,-0.08611146,-0.16170065,-0.23370361,-0.23892996,-0.22983621,-0.21894105,-0.18900138,-0.3174229,-0.22466987
-0.1440376,-0.29602176,-0.18553345,-0.14955522,-0.24006045,-0.18468243,-0.23381267,-0.36651534,-0.33577183,-0.098686464,-0.15897875,-0.23944856,-0.2576941,-0.2360868,-0.23778678,-0.18666397,-0.33199424,-0.23436835
-0.13255452,-0.16248228,-0.16728005,-0.013873549,-0.111831896,-0.058602195,-0.16110952,-0.22045001,-0.20666847,0.03888859,-0.15081617,-0.0820177,-0.22022502,-0.20595255,-0.13415943,-0.16781099,-0.1798087,-0.21789314
-0.15010586,-0.18724313,-0.16500328,-0.07175118,-0.1324967,-0.08852729,-0.14008431,-0.2578526,-0.24463794,0.010505318,-0.14118195,-0.14934309,-0.20690885,-0.19441214,-0.13375281,-0.16158229,-0.20945796,-0.18040948
-0.15921037,-0.16460864,-0.26211357,-0.022931365,-0.094409764,-0.07596201,-0.12274848,-0.061191306,-0.07335144,0.12830156,-0.14690487,0.011014238,-0.18105638,-0.14404184,-0.07746992,-0.18836491,-0.09869188,-0.22403166
-0.20313737,-0.16024143,-0.22899094,-0.013371379,-0.104588464,-0.04976996,-0.09102819,-0.061155636,-0.06622955,0.13997245,-0.11675299,0.015781019,-0.17807189,-0.097408794,-0.065853745,-0.1704044,-0.09301726,-0.21520306
0.020090861,-0.16836748,-0.03250113,0.01559412,-0.18850264,0.108848855,-0.15428582,-0.007164002,0.07670281,0.089302234,-0.10048964,0.05840653,-0.1413549,-0.040907517,-0.15063514,-0.14002825,-0.08778673,-0.29918054
0.3547837,0.3837978,0.5788004,0.50206625,0.3682117,0.21608153,0.5191778,0.27635315,0.3569684,0.13620667,0.27443618,0.029842751,0.62742734,0.4020608,0.31714264,0.48995662,0.15882476,0.5589202
0.18660402,0.3603007,0.48786607,0.4700859,0.3173209,0.30106413,0.5408205,0.27257493,0.32260516,0.117673226,0.28184938,0.032011528,0.5881113,0.38090014,0.3241048,0.3940582,0.21149087,0.5260642
-0.02802727,-0.013815255,0.08680956,-0.14856863,-0.059225194,0.27112007,0.008464797,0.16000536,0.06844994,0.20475166,0.053789254,0.17191878,-0.03450657,0.09372834,-0.08547866,-0.0345133,0.0045410823,-0.10912614
0.12661344,-0.03749831,-0.11985733,-0.046803676,0.012261604,0.11059762,0.028393378,0.17136893,-0.001537873,0.10294356,0.22498764,0.16471553,0.013371231,-0.29275146,0.023698157,0.23593906,0.16144384,0.019142589
0.029915499,-0.008473761,-0.09788007,-0.05123001,0.027953982,0.13717969,0.07282407,0.20095913,0.028566692,0.117954925,0.26523852,0.17206413,0.03903386,-0.25378954,0.06155786,0.2757522,0.18273751,0.062449813
0.5049025,0.40592262,0.59137505,0.37795186,0.37250715,0.16500783,0.46100494,0.28112823,0.3910961,0.120918415,0.22957203,0.022814061,0.5610398,0.47604617,0.3428129,0.40385932,0.12973537,0.49428585
0.5204915,0.42819494,0.5874507,0.3737385,0.3840186,0.17758234,0.44448403,0.28698137,0.4014302,0.13063815,0.24562675,0.041318886,0.56125045,0.46975335,0.32793525,0.411682,0.12550257,0.47439066
-0.18250284,-0.20208967,-0.20563635,0.03627155,-0.24281853,-0.22253548,-0.21204361,-0.29447675,-0.21946289,-0.115051635,-0.16575149,-0.07158237,-0.120370276,-0.2008909,-0.21756348,-0.22366506,-0.19129738,-0.14132203
-0.18440336,-0.21935175,-0.22976902,0.023507932,-0.2574186,-0.23552884,-0.24787898,-0.30410856,-0.23602352,-0.124384694,-0.1845809,-0.05708424,-0.15592682,-0.2383203,-0.2377406,-0.2592762,-0.19302674,-0.17730162
0.06758051,0.047743082,-0.19805692,0.047507063,0.0047562514,0.20550653,-0.15464923,0.03443376,0.073104866,0.1416764,0.04689396,0.15676935,-0.246459,0.087870315,-0.009555651,-0.18852036,0.059213307,-0.2952711
0.062142804,0.10758059,-0.12845215,0.09829334,0.050926756,0.22976582,-0.131573,0.05398265,0.1188783,0.16073643,0.102745585,0.21296613,-0.18302271,0.09371226,0.029548045,-0.11383615,0.08286818,-0.24397504
-0.15229437,-0.305892,-0.31980705,-0.0051043658,-0.29365337,-0.10568805,-0.27351815,-0.23316433,-0.2655216,-0.091622636,-0.20777418,-0.16126128,-0.21991739,-0.25784582,-0.33761927,-0.34784833,-0.28546715,-0.36097807
-0.16809955,-0.30904332,-0.3029409,-0.016912594,-0.305409,-0.09241033,-0.27005213,-0.22542462,-0.26861122,-0.0890175,-0.21252866,-0.14805864,-0.23511818,-0.24764387,-0.32245496,-0.32986686,-0.25969812,-0.36883184
-0.112465926,-0.121679276,-0.16498975,-0.15088032,-0.055688575,0.03717913,-0.03642178,0.025187485,-0.047003116,0.1783132,-0.04630395,0.0398213,-0.14547959,0.04687375,0.048855282,-0.17777078,-0.054649696,-0.087080136
-0.14009981,-0.1458475,-0.17138715,-0.1694893,-0.08540549,0.026821084,-0.057905488,-0.01112495,-0.060161266,0.14477484,-0.054033637,0.023190284,-0.18720996,0.03738276,0.009485032,-0.21051472,-0.08191397,-0.13826118
-0.042560827,-0.16405943,-0.039081458,0.2804274,-0.18271512,0.12276135,0.12121884,0.00013593855,-0.06726019,-0.04002899,0.20551969,0.008022938,0.130957,-0.1697427,-0.13144104,0.27380052,0.01870534,0.08527284
-0.054019246,-0.13480106,-0.032819316,0.23136751,-0.15454859,0.14732741,0.12405445,0.013493624,-0.0655211,-0.028416416,0.22173831,0.03599235,0.10982983,-0.17979096,-0.124872886,0.2867889,0.056077566,0.10874352
-0.116461754,-0.30979726,-0.19479552,-0.20214075,-0.29981765,-0.34813723,-0.31630486,-0.42640215,-0.3778461,-0.14416976,-0.22247289,-0.14329828,-0.2952608,-0.24821858,-0.2636456,-0.24644832,-0.3562578,-0.22714834
-0.20643342,-0.36958516,-0.27597585,-0.24518774,-0.37815237,-0.2762102,-0.2555742,-0.37673867,-0.37237415,-0.13056384,-0.22233257,-0.08315761,-0.29631943,-0.26723394,-0.17609662,-0.2925116,-0.22223628,-0.24303606
-0.117216036,0.05091579,-0.015076582,0.0024209947,0.013085989,0.27229178,-0.08683748,0.092741854,-0.04185005,0.10616256,0.17039011,0.108546436,-0.1386599,0.07497252,-0.1528958,-0.08543684,-0.030460875,-0.09650761
-0.11035938,0.016565068,-0.057794005,-0.044982,-0.024433479,0.2473025,-0.11993755,0.084196374,-0.050470944,0.12241366,0.10529108,0.11920059,-0.16877764,0.0113651715,-0.15964624,-0.10600274,-0.02425466,-0.18599448
-0.13973328,-0.29440555,-0.26270944,-0.21326368,-0.38029096,-0.06365127,-0.17709263,-0.10079429,-0.17181803,0.048748624,-0.043636564,-0.036142927,-0.1551024,-0.10852276,-0.1259633,-0.25726357,-0.08862103,-0.114636034
-0.07041258,-0.080803625,-0.07661057,-0.034328967,-0.05673147,0.02677028,-0.0065974547,0.10480089,0.22114375,0.21916553,0.0077156625,0.2406881,-0.065225154,0.08826033,0.12686294,-0.00049672555,0.08507207,-0.21301985
-0.07050566,-0.09004036,-0.09763796,-0.038743727,-0.057216592,0.030113127,-0.023045067,0.10315538,0.20858638,0.21270092,-0.0031866278,0.23141748,-0.078765646,0.069721766,0.10920464,-0.017397549,0.07122098,-0.2348061
0.24568556,0.34303308,0.21035877,0.21000686,0.32345265,0.24345149,0.289039,0.42872676,0.28256175,0.20867138,0.121959224,0.30557093,0.4097915,0.114713505,0.24360535,0.14800364,0.28889254,0.15246971
0.2353477,0.34888104,0.19266723,0.20619027,0.3258914,0.24117722,0.30019802,0.43183732,0.2967158,0.20581268,0.11753793,0.30531734,0.39966333,0.12577952,0.2673506,0.15680835,0.311859,0.14319527
0.41289693,0.39439455,0.119682156,0.07664785,0.4094051,0.20224893,0.26575252,0.4449309,0.2476657,0.24163936,0.10332633,0.21556231,0.1689285,0.1300891,0.3195467,0.23049313,0.34584397,0.119959705
0.41792524,0.41545337,0.14724155,0.09803636,0.43227747,0.22976092,0.2840519,0.4654262,0.27209246,0.25340554,0.124182865,0.23989707,0.1877681,0.1482692,0.3407102,0.25515097,0.36501625,0.12441633
0.25822702,0.381802,0.25740537,0.35117513,0.38172695,0.11338293,0.3677263,0.43907005,0.36014417,0.23730491,0.07157876,0.22205803,0.5564102,0.11717539,0.28769395,0.23562299,0.24524191,0.27030122
0.26282167,0.40829465,0.27480394,0.37085402,0.4089116,0.15468039,0.41211778,0.4601042,0.38810483,0.2501858,0.13666598,0.2517205,0.5832947,0.17272124,0.3400711,0.29116255,0.29804894,0.3237542
0.35832596,0.46116334,0.31598115,0.39858952,0.43248704,0.1652402,0.42334133,0.43802008,0.41884506,0.2022753,0.18429662,0.18034212,0.6366896,0.25129458,0.33238226,0.3622318,0.2713557,0.38332677
0.322576,0.4376758,0.2726947,0.36932334,0.41750136,0.14781922,0.4395088,0.43450266,0.3970189,0.19351456,0.18479225,0.13763055,0.61005515,0.26401323,0.3544737,0.34742308,0.2734995,0.3788625
0.04308275,0.087981634,-0.112317786,0.19463448,0.061990328,-0.16175774,0.06973827,0.017206725,0.043572985,-0.06623923,-0.069967054,-0.10014335,0.17653812,-0.031447213,-0.012435236,0.008967458,-0.02256026,0.04372475
0.038960196,0.11880729,-0.11131456,0.19059615,0.09070049,-0.12917943,0.08266775,0.02756585,0.04742977,-0.06209772,-0.04986192,-0.101545334,0.17480326,-0.02133387,-0.01198827,0.026837291,-0.014922725,0.041046903
0.042681694,0.16231348,0.029713893,-0.02039877,0.2714489,0.19917329,0.20086886,-0.01784136,-0.016394947,0.011494646,0.35196012,-0.14809127,-0.030051297,0.07771081,0.093923405,0.32907456,0.12541597,0.32934442
-0.042345002,0.1538153,0.043765098,0.0013224778,0.25560993,0.15802418,0.21243598,-0.018698448,-0.023431052,0.010058837,0.35446048,-0.12969214,-0.029537058,0.060649026,0.10617026,0.3409563,0.11549518,0.3315863
-0.16785757,-0.32210264,-0.29633048,-0.12105586,-0.35160393,-0.2309998,-0.3012382,-0.40013367,-0.2937158,-0.16380477,-0.12414159,-0.18879937,-0.21539997,-0.20956728,-0.2657793,-0.2744223,-0.30707374,-0.23188524
-0.20963117,-0.3378135,-0.29901144,-0.116248384,-0.3707473,-0.25548035,-0.2900695,-0.3970448,-0.2850307,-0.16010268,-0.12062189,-0.21123016,-0.18668664,-0.19949825,-0.26664373,-0.2751513,-0.3346559,-0.21842328
-0.1251795,-0.22730935,-0.1612275,0.051454905,-0.23750304,-0.0075606974,-0.12204781,-0.053391784,-0.06451366,0.06004121,-0.12192245,0.0019402055,-0.114139564,-0.0078993505,-0.1985449,-0.23338409,-0.1405693,-0.18718006
-0.091765866,-0.23082489,-0.18053849,0.04735619,-0.24565858,-0.0032417255,-0.14478227,-0.03213872,-0.05023125,0.08527063,-0.08241255,0.062986225,-0.14997578,-0.025062868,-0.18459733,-0.19738348,-0.0850624,-0.21569125
-0.00606365,-0.11383293,-0.18361533,-0.09355937,0.012541977,-0.19836356,-0.19380064,-0.27202478,-0.19368194,-0.01589909,-0.13336563,-0.1062886,-0.19946195,-0.21449652,-0.119517766,-0.16561669,-0.18178304,-0.18570435
0.008384348,-0.13881555,-0.18227385,-0.13081585,-0.016898066,-0.18677562,-0.1831916,-0.2647866,-0.20232679,-0.008342983,-0.116152406,-0.09358143,-0.19876114,-0.19363528,-0.11651155,-0.15901332,-0.18013199,-0.1877506
-0.23956057,-0.33376083,-0.33247226,-0.2857016,-0.37406465,-0.22217132,-0.30822146,-0.32012624,-0.35831356,-0.09554541,-0.22000273,-0.07567632,-0.2848129,-0.3092584,-0.22292201,-0.32682917,-0.2234333,-0.22771074
-0.25085866,-0.3282556,-0.34929416,-0.30466163,-0.37504187,-0.18124743,-0.31622535,-0.30682066,-0.33269686,-0.079436146,-0.21612248,-0.07027559,-0.2803602,-0.30360764,-0.2140251,-0.3399967,-0.22361574,-0.23980519
-0.066569276,-0.3887665,-0.17919731,-0.08833718,-0.3949649,-0.26400167,-0.20235191,-0.33547452,-0.24306242,-0.2671333,0.070941046,-0.27762556,-0.15423974,-0.36144024,-0.3023818,0.15364896,-0.30987415,-0.060401957
-0.06973088,-0.37798202,-0.17381318,-0.08798479,-0.3834108,-0.24622993,-0.19044872,-0.3206789,-0.22846043,-0.25896078,0.082315534,-0.26571497,-0.13611755,-0.35537267,-0.2976584,0.16318338,-0.29742664,-0.052024897
0.23141813,0.1521423,0.1147531,0.23174024,0.1833499,0.10813849,0.085393324,0.13368037,0.21585773,0.17377932,0.1360924,0.1390607,-0.07236648,0.34530905,0.062078983,0.0049162614,0.0575438,-0.06999498
0.3315091,0.19718666,0.123417996,0.20264424,0.26251748,0.18166777,0.080230735,0.11952267,0.24047787,0.16981591,0.17076103,0.16431859,-0.03051079,0.32082456,0.08391339,0.06292589,0.10095298,-0.046078254
-0.09142327,0.02125741,0.00087383774,0.065861836,0.033976596,0.1254514,-0.021019867,-0.100461796,0.013336047,-0.061505575,0.28216115,0.00092325406,-0.18595278,-0.022208262,-0.13282101,0.10168123,-0.032533217,0.06565652
-0.116425246,0.03357318,0.008427221,0.06877578,0.040365003,0.1274449,-0.023708066,-0.097908504,0.013392722,-0.06243518,0.27788284,0.0037317215,-0.19590062,-0.025743693,-0.12337835,0.10601487,-0.030218825,0.06423855
0.09729761,-0.18545957,-0.18797736,0.046868693,-0.099190354,-0.021227269,-0.15445673,-0.16788371,-0.085868776,0.008293046,-0.181479,-0.09851035,-0.18040185,-0.17037308,-0.11755232,-0.17627837,-0.150937,-0.3115789
-0.049349662,-0.21796964,-0.17376666,0.015358924,-0.13278879,-0.017319232,-0.15814488,-0.19838707,-0.10952946,-0.019154092,-0.18680777,-0.13289721,-0.18659085,-0.16107932,-0.13762443,-0.202448,-0.18435054,-0.3024401
0.22685891,-0.020383148,-0.010368238,-0.015559381,-0.0446581,0.28622475,-0.01496329,0.19807951,0.068120256,0.18239842,-0.016060837,0.12209207,-0.09271387,-0.0073363846,-0.033860993,-0.045320056,0.055437848,-0.26438028
0.077841416,0.14910758,-0.025740746,0.043235112,0.15290299,0.08442653,-0.124176756,0.04008566,-0.0032317447,0.22937402,-0.0061160587,0.26371527,-0.14835566,-0.050981082,0.01278873,-0.07978274,0.059518363,-0.10741488
0.04195919,0.0069214,-0.19508661,-0.07846752,-0.0072965077,0.067586884,-0.1866211,0.0111346245,-0.061848257,0.19479379,-0.023410674,0.2216537,-0.14762248,-0.15697853,-0.050882645,-0.17039765,0.037641473,-0.18746313
-0.22283635,-0.23075388,-0.2314252,-0.027923528,-0.28262845,-0.16121832,-0.17995796,-0.29745027,-0.2572794,-0.09657783,-0.14822558,-0.13146901,-0.08691372,-0.17783827,-0.23925951,-0.2224429,-0.24517041,-0.12204898
-0.20423707,-0.24999042,-0.2431692,-0.024807068,-0.29995224,-0.18760693,-0.20398742,-0.32184395,-0.287349,-0.11720433,-0.15800606,-0.13446553,-0.11055111,-0.20706114,-0.26474258,-0.24860568,-0.2620829,-0.13754521
0.20535871,0.1060487,0.008216619,-0.07696418,0.27922007,0.105906345,0.014818954,0.07442439,-0.014040271,0.18715407,0.030615574,0.08048303,-0.13839437,0.0056714825,0.10287101,-0.06442715,0.106300265,-0.028132666
0.17689213,0.07966872,-0.019459935,-0.090021186,0.25406,0.101083435,-0.010188995,0.05177964,-0.034350157,0.17202303,0.026648717,0.07236323,-0.15248547,-0.02816634,0.07091216,-0.0781714,0.08446488,-0.057013016
0.01787531,0.051212564,0.0030896913,0.04021145,0.052815594,0.26813546,0.07526708,0.052921668,0.04646958,0.06252246,0.39820662,0.09012379,-0.07373861,-0.028503645,-0.080645405,0.2992326,0.08974989,0.100754306
0.016906012,0.036660332,-0.02451244,0.028883878,0.032492056,0.26832017,0.09125679,0.049527235,0.042796165,0.07600234,0.4013535,0.0781808,-0.05400907,-0.017611284,-0.080945306,0.3119388,0.08844638,0.107469015
0.18948175,0.2870708,0.40733418,0.02659595,0.3178167,0.26035136,0.2084968,0.2758465,0.1306886,0.17019348,0.12880912,0.14169492,0.0037835988,0.35260284,0.15608126,-0.055374425,0.12661834,0.2732659
0.22051942,0.30523837,0.43628144,0.046339326,0.33553675,0.28655583,0.24258965,0.29690287,0.1758447,0.19081399,0.13418877,0.14531575,0.048400242,0.39012665,0.19718295,-0.02379774,0.15060622,0.3004222
0.2837174,0.23593695,0.33550742,-0.042480774,0.2572638,0.20442182,0.1197247,0.1626223,0.04493837,0.080258586,0.021254914,0.0241482,-0.070531175,0.37199187,0.078052446,-0.13719536,0.0007069428,0.15756314
0.27267006,0.24428044,0.3649143,0.0018242967,0.25806418,0.22142465,0.1264739,0.1568209,0.0669964,0.07730931,-0.010008372,0.024200417,-0.046844445,0.3762153,0.084672436,-0.13683634,-0.0032618155,0.13540639
-0.13662757,-0.28059074,-0.07756922,-0.06553657,-0.31468537,-0.16596915,-0.14815807,-0.25795293,-0.1775577,-0.025482979,-0.063844725,-0.14218174,-0.12725078,0.04871895,-0.2730724,-0.12946564,-0.35620895,-0.1974667
-0.1508896,-0.28875682,-0.109093726,-0.10679307,-0.3209249,-0.16613424,-0.15541421,-0.26589122,-0.17995237,-0.030470198,-0.050760224,-0.13730463,-0.12171115,0.037523694,-0.26614004,-0.134542,-0.35224766,-0.19187187
-0.039694794,-0.23008136,-0.13693371,-0.17983699,-0.20913954,-0.13742991,-0.12868753,-0.21418388,-0.18413682,-0.053764433,-0.15234478,-0.08197893,-0.07559269,-0.17475273,-0.090135515,-0.17741765,-0.1564368,-0.17629336
-0.02885224,-0.22088394,-0.12807064,-0.18162195,-0.21484771,-0.11130609,-0.11934508,-0.18859203,-0.15598115,-0.039612565,-0.1470498,-0.060586672,-0.054916903,-0.17378093,-0.07469659,-0.15699801,-0.13624936,-0.17598827
0.08754479,0.37525293,0.31720516,0.14140825,0.37403685,0.35300612,0.3020872,0.10577676,0.12788947,0.0119608,0.31084183,0.042764094,0.096487425,0.17027919,0.22031786,0.4116699,0.2168804,0.3598112
0.074898496,0.36846787,0.3028044,0.13759252,0.36411667,0.35002026,0.2914315,0.10321046,0.107424974,0.010195877,0.30064175,0.03542005,0.08501573,0.14858297,0.1915979,0.39434573,0.19918,0.34019986
-0.12698445,-0.23687516,-0.20898165,-0.017548146,-0.21184482,-0.27334777,-0.14965564,-0.25409853,-0.21326394,0.017285498,-0.11576426,-0.058524214,-0.11031041,-0.20550272,-0.028495574,-0.19021207,-0.16193692,-0.051204104
-0.1437797,-0.2576329,-0.17729357,-0.023698645,-0.23818365,-0.26834533,-0.12544867,-0.28112748,-0.22345659,-0.0097863935,-0.10769807,-0.0882145,-0.09377197,-0.18438497,-0.045300413,-0.17865962,-0.18884733,-0.044091832
-0.0109112775,-0.1623243,0.018076414,0.07791981,-0.07196962,-0.06936784,-0.14174178,-0.14742227,-0.015913399,0.062421557,-0.037876062,0.027994815,-0.23491737,0.18290038,-0.12426091,-0.14485614,-0.21561068,-0.17881803
0.020040646,-0.17888895,0.03386401,0.09849901,-0.10560278,-0.038297452,-0.12763609,-0.118985645,-0.009134133,0.08482382,-0.024914168,0.055579547,-0.2163858,0.18813683,-0.13301702,-0.1355773,-0.21621329,-0.18370867
-0.09602048,-0.3199946,-0.30506852,-0.2532647,-0.30244634,-0.1485103,-0.23037833,-0.35066488,-0.33766776,-0.122074835,-0.172195,-0.17693703,-0.3153426,-0.20628998,-0.19927979,-0.2694793,-0.26157102,-0.2624196
-0.120045766,-0.32848957,-0.31671438,-0.27786484,-0.31643838,-0.12740605,-0.23587584,-0.34720695,-0.33899966,-0.11588114,-0.18004535,-0.17101628,-0.31552404,-0.21830754,-0.19104128,-0.27651322,-0.25807455,-0.26622215
0.42116183,0.28389132,0.3243397,0.032629758,0.29544517,0.3074142,0.1598505,0.3061134,0.18483083,0.2709462,0.18361896,0.22201273,0.0234875,0.37487918,0.18054166,0.08431531,0.16200006,0.09487872
0.45281276,0.31456324,0.33934793,0.013650362,0.31527114,0.356138,0.17549677,0.3255866,0.21434294,0.28544638,0.18430741,0.22965237,0.04128673,0.37696683,0.2089773,0.10576248,0.18027602,0.09242735
0.12718931,0.33789694,0.01929478,-0.05143502,0.46240863,0.19516076,0.052882396,0.12637196,0.038948152,0.20068966,0.09998084,0.11083783,-0.08635097,0.081459045,0.19796592,-0.00056574773,0.17616248,0.06573883
0.098940276,0.33007166,-0.0019823548,-0.09449244,0.46060458,0.17270732,0.024877738,0.12389853,0.033286847,0.18652263,0.09759714,0.10558534,-0.10242047,0.06933333,0.18401778,-0.026336262,0.15887342,0.05930892
-0.096525624,-0.2774668,0.014816776,0.025144653,-0.29643807,-0.08398022,-0.008114183,-0.17641108,-0.00969537,-0.11056092,0.2422663,-0.018444326,-0.08732058,-0.008031546,-0.14476939,0.170504,-0.11410228,0.067166924
-0.11969445,-0.24836905,-0.010704626,-0.009091047,-0.26840633,-0.053979635,-0.008671635,-0.16618149,0.0207656,-0.096357375,0.26488113,0.0032740699,-0.08521691,-0.003619709,-0.12524398,0.17887475,-0.08631722,0.078133
0.17097136,0.37040347,0.38741252,0.37566712,0.33431372,0.19616033,0.35757372,0.23519506,0.31214517,0.08528156,0.16063985,0.029940924,0.50477344,0.27101386,0.099734575,0.21173246,0.041623168,0.25043866
0.18946637,0.39288995,0.40380263,0.39531693,0.36853978,0.21333905,0.36832762,0.2364846,0.32975563,0.08187501,0.183032,0.05429549,0.50509405,0.29670864,0.14101523,0.22868696,0.08296788,0.28142768
0.19601575,0.3776859,0.33869684,0.42119908,0.33813158,0.17804287,0.35270852,0.2551431,0.34377375,0.09348506,0.15741013,0.059545703,0.48797596,0.29895064,0.11645261,0.21599698,0.07987568,0.22790706
0.17893825,0.3823358,0.34089422,0.44116193,0.343495,0.18878019,0.35929754,0.25751624,0.35070348,0.10542302,0.1773271,0.07725836,0.47873503,0.33323905,0.13108076,0.2183911,0.09226017,0.24332827
0.01220687,0.26891297,0.38173348,0.44808888,0.23210113,0.20129983,0.48452538,0.2405265,0.18841048,0.061906967,0.2015477,0.026857616,0.51778185,0.20972078,0.23477796,0.26611272,0.21355458,0.51017267
0.015119996,0.27016136,0.37956625,0.41400212,0.23571678,0.17654297,0.46531668,0.1999081,0.1546056,0.027253786,0.17041004,0.00057297456,0.4851312,0.18071511,0.22964258,0.24635532,0.20039321,0.5000435
0.36167055,0.26484916,0.2944377,0.3195108,0.21239793,0.16372742,0.27531502,0.27772012,0.18185173,0.041521672,0.017471759,0.11550777,0.46401006,0.022939948,0.060764104,0.10872567,0.08908577,0.15762098
0.35975757,0.27754778,0.3019495,0.33619452,0.22077173,0.19606623,0.2871199,0.26950958,0.19065374,0.035585895,0.041392863,0.08806099,0.4721491,0.04576248,0.0772011,0.12543161,0.08069988,0.17159289
-0.22430591,-0.28877962,-0.3033626,-0.18761063,-0.2762662,-0.029311607,-0.09907745,-0.15258844,-0.18983161,0.021047685,-0.14416021,0.05596551,-0.3018831,-0.13454907,-0.124630995,-0.29047942,-0.08124811,-0.30594796
-0.19909775,-0.26643023,-0.28635472,-0.19731967,-0.26177984,-0.0023884242,-0.0782229,-0.12423868,-0.16471238,0.048720334,-0.13621415,0.09669671,-0.2532033,-0.13695708,-0.09886122,-0.2633381,-0.051098004,-0.28783455
0.27845135,0.40541825,0.4008524,0.62687963,0.33305356,0.2420954,0.32373723,0.2930932,0.4562375,0.15414488,0.10189189,0.14403154,0.55471474,0.221211,0.19571343,0.23807609,0.09792308,0.11593496
0.22933356,0.4038665,0.4036107,0.6376041,0.3252517,0.26007774,0.34054026,0.2767202,0.4324612,0.15123305,0.10936165,0.12882043,0.5559356,0.22814673,0.19102041,0.2384103,0.0904847,0.13357581
0.14493781,0.24928099,0.20964679,-0.042506855,0.2909389,0.24728242,0.10723976,0.037946656,-0.031813763,-0.027859585,0.29038858,-0.00413947,-0.094654664,-0.017375965,0.021421706,0.30628404,0.09100779,0.24890924
0.15017909,0.24646129,0.2024261,-0.049018692,0.28400156,0.2459536,0.09904532,0.037629094,-0.03530357,-0.030094888,0.28405255,-0.01081766,-0.0980324,-0.014695566,0.012739302,0.29444245,0.07803255,0.23937893
0.011762671,-0.23543265,-0.079175316,-0.060370877,-0.17335199,-0.058960397,-0.033592917,-0.19129439,-0.1690073,0.043612443,-0.04960449,-0.14828326,-0.1675887,0.07701342,-0.09799278,-0.12567802,-0.23343255,-0.1248744
0.029856035,-0.25126627,-0.07900268,-0.06350941,-0.19555327,-0.0629535,-0.05522057,-0.19738957,-0.17372404,0.03743278,-0.047670137,-0.14603987,-0.17788988,0.06684917,-0.123569645,-0.13479649,-0.25711706,-0.15014923
-0.0063335304,-0.0539951,-0.20278412,-0.015171045,-0.035364237,0.1143617,-0.09407288,-0.118363954,-0.09846234,0.07676912,-0.0527675,-0.05389483,-0.18951617,-0.009961872,-0.063149035,-0.18108761,-0.041015573,-0.19032046
0.096413314,-0.0071994974,-0.185142,-0.047013335,0.008230685,0.1658565,-0.08699265,-0.023488432,-0.030691817,0.13692538,-0.045535617,-0.007339934,-0.1299369,0.018299127,-0.028593058,-0.13905968,0.0026950003,-0.18663067
-0.076113924,-0.12361257,-0.19661652,-0.074920386,-0.10465703,0.16478649,-0.07414976,0.027038706,-0.018939411,0.0055248337,0.13280986,0.09407994,-0.10094865,-0.27524698,-0.076189,0.13422766,0.08536676,-0.15083739
-0.17705227,-0.42774117,-0.28777695,-0.18955122,-0.5101795,-0.27444172,-0.2701919,-0.30772406,-0.34696025,-0.091195405,-0.15713882,-0.1304923,-0.2751317,-0.2857956,-0.16738075,-0.21455367,-0.19784093,-0.23126249
0.115756944,0.08231922,0.09022141,0.03555063,0.05915884,0.06897217,0.16538677,0.066488504,-0.051045954,-0.09645084,-0.13234459,-0.12789539,0.12744305,-0.049382146,-0.033597272,0.08341461,-0.03078633,-0.009508357
0.110027075,0.07932828,0.08227389,0.03082824,0.05373298,0.07593947,0.15160821,0.06032821,-0.05461186,-0.10428283,-0.13345967,-0.1425766,0.11038287,-0.045951683,-0.03508093,0.0860002,-0.03616688,-0.015305722
-0.08299982,-0.15768415,-0.15720081,-0.17474239,-0.12922116,-0.012070006,-0.15533864,-0.103649944,-0.15654197,0.027224638,-0.037397787,0.00262315,-0.15855335,-0.020006552,-0.11493679,-0.14230812,-0.12962046,-0.2513568
-0.049130544,-0.12083322,-0.14719374,-0.19062574,-0.075997956,-0.0061680144,-0.15679495,-0.10880708,-0.14967646,0.018761868,-0.032474417,-0.016317297,-0.16158946,-0.016262187,-0.115630545,-0.12601696,-0.12788828,-0.25006184
0.3283645,0.20188963,0.37726885,0.2222902,0.24954553,0.27783737,0.41765246,0.13211818,0.14051206,0.021904798,0.32731295,-0.112393215,0.3653891,0.24193375,0.14326657,0.486794,0.13273303,0.42947283
0.3265349,0.21064183,0.4041508,0.20849869,0.26458138,0.29629073,0.4163631,0.13753952,0.15186308,0.032044582,0.3457083,-0.091634,0.3397686,0.2618264,0.1684652,0.5051894,0.15618499,0.4447189
-0.08606864,-0.38164118,-0.29706243,-0.21012859,-0.32204825,-0.22746435,-0.29156578,-0.3532888,-0.35408902,-0.12009395,-0.1700465,-0.19447353,-0.24273461,-0.3092946,-0.2541056,-0.28646258,-0.29344198,-0.30534276
-0.20848387,-0.35445485,-0.2696615,-0.20476626,-0.29787624,-0.24442123,-0.2486567,-0.34077585,-0.37000114,-0.12621601,-0.14920215,-0.20542617,-0.21700102,-0.31052896,-0.22807346,-0.25650194,-0.28781834,-0.24961208
0.051277597,0.14024828,0.09202597,0.24444284,0.061844006,0.0981979,0.25671527,0.04810657,0.11765085,-0.11906023,0.03692499,-0.14910382,0.3327072,-0.001561566,0.007570911,0.18415606,-0.040652763,0.09064432
0.032628566,0.21728192,0.11527935,0.22148702,0.12936409,0.14794652,0.27929044,0.09003495,0.14934358,-0.0863216,0.08298593,-0.11160958,0.36184737,0.041419942,0.06779652,0.22753264,0.008489704,0.13427176
-0.23030576,-0.34170622,-0.24868648,-0.04368957,-0.40360194,-0.22154744,-0.31889224,-0.39296603,-0.3399944,-0.11214933,-0.15325247,-0.08591508,-0.27648744,-0.25111052,-0.27662912,-0.32269087,-0.30522636,-0.27829856
-0.2818691,-0.3163123,-0.24006008,-0.04552143,-0.39679274,-0.2025783,-0.29218906,-0.35557923,-0.313536,-0.07980077,-0.13730645,-0.056957103,-0.24116449,-0.23616436,-0.24076186,-0.30251685,-0.279425,-0.24711262
0.2949595,0.071243346,0.31880635,0.48132637,0.029447407,0.12052663,0.22503303,0.1564295,0.19540648,0.07988329,0.12956582,0.08122825,0.317452,0.23426124,0.13321759,0.1776518,0.03023979,0.1699776
-0.22342727,-0.36907336,-0.33824977,-0.22760145,-0.29870704,-0.26043165,-0.28935602,-0.38215217,-0.355209,-0.29140708,0.07312328,-0.28616583,-0.30546534,-0.35464948,-0.35105416,-0.17341655,-0.2999232,-0.07474505
-0.26225582,-0.37571254,-0.34744114,-0.23759727,-0.3110601,-0.25740382,-0.28508806,-0.38479277,-0.35556424,-0.29619414,0.07084226,-0.29277602,-0.3065133,-0.35311347,-0.3387051,-0.17033567,-0.29782936,-0.071241066
-0.23703447,-0.16859293,-0.26137146,-0.23639898,-0.059928935,-0.13737063,-0.11515782,-0.21628028,-0.24216126,-0.02582082,-0.103273466,-0.13497172,-0.20879535,-0.23446776,0.025262786,-0.17475106,-0.046585217,-0.088618204
-0.14707166,-0.18590565,-0.29223746,-0.2528479,-0.07791598,-0.10713104,-0.15615116,-0.22012314,-0.24326397,-0.022620417,-0.11578877,-0.1405476,-0.20473279,-0.24734879,-0.02185731,-0.18623315,-0.061190452,-0.122003816
0.29984713,0.30827546,0.5036482,0.49969062,0.3426281,0.074883565,0.42243162,0.30658016,0.42470214,0.14641148,0.13448812,0.13346773,0.5159362,0.39370906,0.31079814,0.2453574,0.16507156,0.3935737
0.35178557,0.29828703,0.50133276,0.51660407,0.33097434,0.07043029,0.4198347,0.30320746,0.4198701,0.14030431,0.13100557,0.12080404,0.52233654,0.37755737,0.29182008,0.25883883,0.14933585,0.379516
0.45209992,0.18549372,0.4115594,0.36343476,0.21823588,0.018833678,0.39378533,0.21042888,0.27525,0.03643021,0.15666868,-0.00544908,0.48497906,0.2695476,0.28337374,0.31264058,0.13607807,0.43546188
0.4503792,0.16917431,0.39847246,0.37842944,0.18871926,0.008176549,0.3832037,0.22058895,0.2765769,0.037947267,0.11932691,-0.007908166,0.48103434,0.2802911,0.26418564,0.27002177,0.110392615,0.39146686
0.09614768,0.18013595,-0.11642242,-0.045858376,0.24012122,0.10993645,-0.032588612,0.2528601,0.19204539,0.2686571,-0.03571205,0.3247245,-0.055249512,-0.15788108,0.0782732,-0.09602385,0.18963848,-0.1950716
0.039425172,0.13397828,-0.14164008,-0.032745186,0.17679504,0.10846806,-0.03906119,0.22809608,0.20257026,0.262238,-0.06045618,0.3264573,-0.060933962,-0.16714248,0.0611288,-0.10487396,0.17810224,-0.23377131
0.18440005,0.1666549,0.3726404,0.33180964,0.15099314,0.23855792,0.4423571,0.25340006,0.14130828,0.023206376,0.20771039,-0.040048674,0.5286508,0.09378375,0.19535542,0.3564702,0.16536807,0.4387033
0.23274747,0.20115323,0.410627,0.31312776,0.19848633,0.23443155,0.4495301,0.2810423,0.18363227,0.043118324,0.23065282,-0.005696491,0.5604357,0.11092401,0.22062974,0.38381362,0.18476798,0.48530826
-0.14059442,-0.16274823,-0.25691053,0.14468475,-0.13772374,-0.06272135,-0.18151146,-0.12241199,0.03344518,0.021042706,-0.13518734,0.09020557,-0.10544059,-0.22522326,-0.15629104,-0.19254495,-0.03830587,-0.32720444
-0.07698608,-0.10369359,-0.21090834,0.16807607,-0.074754156,-0.03842971,-0.15740117,-0.07700171,0.051116787,0.047955986,-0.11604481,0.1263173,-0.0915326,-0.20938675,-0.13340883,-0.16936156,0.016082149,-0.2952356
-0.15576564,-0.24254245,-0.1600515,-0.042942394,-0.2912173,-0.240841,-0.27927065,-0.3278184,-0.24116789,-0.07240638,-0.10452276,-0.042206313,-0.23262022,-0.15195066,-0.21271132,-0.1805007,-0.27306572,-0.21814859
-0.2363379,-0.30541703,-0.21189754,-0.07323476,-0.3806791,-0.25052857,-0.25886384,-0.3349218,-0.24467976,-0.07290027,-0.11074484,-0.022547308,-0.18817335,-0.20869803,-0.19469331,-0.21174192,-0.24666849,-0.21043894
-0.091956794,-0.25240034,-0.17118113,-0.19544165,-0.2620769,-0.17469569,-0.19086914,-0.20127285,-0.18591733,-0.066898786,0.041438643,-0.07383932,-0.18756294,-0.2523689,-0.13413747,0.0977607,-0.19860636,-0.10089238
-0.21223928,-0.34781516,-0.29801565,-0.2829735,-0.3702272,-0.20479481,-0.21440497,-0.25895834,-0.2525455,-0.117301375,0.026756374,-0.11214196,-0.20767851,-0.33512443,-0.14507483,0.038033545,-0.19619447,-0.13398778
-0.19716103,-0.25782105,-0.20722918,-0.16622463,-0.20711908,-0.09043526,-0.1118522,-0.25561932,-0.22838053,-0.1847466,0.15670806,-0.2009637,-0.22293825,-0.26681623,-0.21092829,0.094962955,-0.17444992,0.07913
-0.19352064,-0.26497212,-0.19118117,-0.15839995,-0.21764036,-0.08282921,-0.11951055,-0.26447392,-0.2439145,-0.18875076,0.14836967,-0.20633008,-0.2314034,-0.2662905,-0.22913136,0.08729499,-0.19407749,0.06859833
-0.16825046,-0.34160763,-0.22151333,-0.08294688,-0.33971265,-0.16459203,-0.20250736,-0.18275926,-0.17138337,-0.020583212,-0.22139011,-0.07915386,-0.18342696,-0.2823879,-0.18444154,-0.24871449,-0.14670713,-0.27760246
-0.16999222,-0.33613834,-0.21996963,-0.08469052,-0.33724657,-0.14476906,-0.16788605,-0.16408722,-0.13156225,9.126728e-06,-0.20792252,-0.07491765,-0.1580225,-0.22895761,-0.13960466,-0.21327643,-0.1212702,-0.25123915
-0.06766176,-0.06421947,-0.010086048,-0.063526265,-0.08813111,0.23864147,-0.07320778,0.008423916,-0.05832094,0.08188288,-0.017237432,0.035047784,-0.057036527,0.06774711,-0.21694964,-0.11278829,-0.15362372,-0.1280411
-0.05788819,-0.06569822,0.0043446748,-0.03915269,-0.08508075,0.22088753,-0.08160959,0.0010856584,-0.07063943,0.07932571,-0.02642985,0.03968815,-0.07089473,0.06867238,-0.23708685,-0.13018252,-0.1624691,-0.13109024
-0.37851274,-0.32197028,-0.3587167,-0.12200454,-0.25216946,-0.26264662,-0.23990363,-0.30120438,-0.19213755,-0.05950026,-0.16218163,-0.08156872,-0.25029504,-0.25063103,-0.11086599,-0.2781991,-0.17429322,-0.27832988
-0.34624287,-0.36305085,-0.40766636,-0.13359143,-0.28203934,-0.2637163,-0.30457538,-0.34432244,-0.2528579,-0.09460785,-0.1653861,-0.11858172,-0.2746827,-0.31043267,-0.18441631,-0.33101135,-0.23497263,-0.31712952
0.07317351,0.062394176,-0.11098305,-0.08846178,0.105694264,0.10176777,0.11740291,0.109258965,-0.062027663,-0.044095967,-0.07842851,0.003241243,-0.11265702,-0.23536061,0.13140334,0.056025244,0.22889398,0.00052491215
0.05802096,0.04848258,-0.12187253,-0.10540273,0.0944272,0.08632269,0.10574487,0.09994815,-0.06890423,-0.05805318,-0.076707356,-0.012162577,-0.11787813,-0.23702484,0.12143261,0.046186592,0.21486032,0.0068096668
-0.09658245,-0.09657589,-0.04418231,0.04792667,-0.08813537,-0.021963611,-0.09656106,-0.18385854,-0.070789084,0.09075938,-0.075287424,-0.023090828,-0.15005037,0.08022349,-0.015799265,-0.1490243,-0.16414371,-0.052455187
-0.11442856,-0.08930391,-0.03723153,0.00046312227,-0.08694161,0.01929679,-0.051116068,-0.15810037,-0.05375762,0.11531749,-0.055503216,-0.025641406,-0.13366511,0.122696415,0.01242565,-0.13737631,-0.14311771,-0.039703183
0.11142691,0.22896977,0.3946976,0.19465818,0.2783226,0.2383941,0.24830237,0.1840509,0.09847312,0.21530694,0.124376595,0.1387702,-0.12836105,0.53430545,0.23452024,0.02059643,0.16266622,0.21206231
0.09822361,0.21667594,0.378273,0.18908884,0.26109436,0.24908099,0.23112933,0.1762545,0.07708221,0.21608028,0.11452316,0.12911935,-0.14144713,0.5195758,0.20424339,-0.0011296634,0.13671167,0.17058423
0.38371298,0.3470798,0.46578273,0.3395176,0.25832775,0.17280488,0.37084448,0.23001666,0.35340625,0.035257123,0.11225596,0.011189266,0.5717345,0.18940653,0.1794251,0.33433416,0.08699964,0.2820302
-0.2299365,-0.3444821,-0.3481632,-0.3915777,-0.3139661,-0.066580415,-0.25526425,-0.19347085,-0.1562493,-0.053321272,-0.12653139,-0.015328677,-0.3295409,-0.13168393,-0.10833149,-0.34744167,-0.17320053,-0.31749383
-0.19583467,-0.32046786,-0.31085256,-0.35437542,-0.30013067,-0.05099613,-0.23500736,-0.17840959,-0.14236885,-0.0351255,-0.17114176,-0.0048803827,-0.305399,-0.11328044,-0.11046199,-0.35354066,-0.17527439,-0.3323591
0.1309802,0.210719,-0.117100626,-0.052449647,0.2753762,0.20804591,-0.0074516926,0.19864275,0.12033227,0.15776464,-0.09577375,0.19678858,-0.10892058,-0.094038986,0.1306577,-0.1676123,0.18403617,-0.24020422
0.13780515,0.22170267,-0.111559995,-0.03867032,0.2809463,0.22678636,0.0087783765,0.21717088,0.16673,0.17349736,-0.0732448,0.20793754,-0.09135746,-0.05095812,0.1571854,-0.15730695,0.20233884,-0.21909936
0.108036876,0.28836668,-0.10470207,-0.054162964,0.36136222,0.17227872,-0.061383218,0.19393297,0.14766717,0.17336029,0.007280559,0.26667544,-0.15739737,-0.07378141,0.12624973,-0.09260426,0.21177334,-0.20265095
0.07894547,0.2676664,-0.11634411,-0.03673616,0.3374204,0.15904008,-0.0937734,0.15760179,0.11330111,0.15406801,-0.0028225598,0.25403115,-0.17460124,-0.09951195,0.077790394,-0.12010371,0.16855672,-0.22910376
0.1695858,0.31441504,0.1303293,0.15639922,0.4089719,0.17932811,0.049394146,0.2864665,0.27693993,0.235852,0.010318074,0.2805194,-0.041429628,0.17245975,0.21038917,-0.004441276,0.1976938,-0.01499875
0.14760831,0.35314977,0.1731318,0.1707916,0.43061832,0.24097043,0.12193908,0.33329937,0.30137837,0.27275282,0.04588352,0.29358262,-0.0030025542,0.24562745,0.26265708,0.018353282,0.22894323,0.037843864
0.3400715,0.2607177,0.17539823,0.33856845,0.20355994,0.06827766,0.28930837,0.21585298,0.33833343,0.13748915,0.2121803,-0.015972946,0.54572284,0.15497275,0.20932369,0.35737643,0.05668788,0.2400881
0.3095597,0.24964604,0.14364262,0.32456183,0.19173713,0.069787964,0.28904632,0.21299782,0.33602154,0.12954834,0.21345553,-0.011874657,0.53619003,0.13645366,0.22031778,0.36105102,0.077761896,0.2292758
-0.18098718,-0.26384416,-0.30685833,-0.15063615,-0.23032302,-0.025185235,-0.073350385,-0.1794017,-0.14783734,-0.0099034775,-0.11838423,0.011047029,-0.24340485,-0.12737027,-0.04840267,-0.23061843,-0.015853673,-0.20483525
-0.16372181,-0.2757828,-0.3155703,-0.14263488,-0.2541307,-0.034249052,-0.09154643,-0.17456204,-0.11308015,-0.002597583,-0.11496082,0.05265989,-0.2334969,-0.15384217,-0.058675326,-0.21539643,-0.020938193,-0.23100641
-0.22420739,-0.39127815,-0.24519719,-0.092213996,-0.37042806,-0.21566331,-0.25919333,-0.3407752,-0.2767231,-0.101508,-0.02499459,-0.054456856,-0.21519883,-0.321486,-0.26160732,-0.12737137,-0.2819172,-0.2216171
-0.20001498,-0.40334055,-0.2616952,-0.10303936,-0.3809596,-0.2138483,-0.2693105,-0.34435922,-0.2809557,-0.11093577,-0.019454394,-0.06686749,-0.22850652,-0.3196139,-0.27948344,-0.1075949,-0.29355928,-0.25206706
0.10744283,-0.110765815,-0.12641177,-0.120711945,0.01692215,-0.01320352,-0.14546266,-0.1722286,-0.14578214,0.008870848,-0.1690017,-0.17231476,-0.19938041,-0.11136032,-0.09821326,-0.18489511,-0.12512195,-0.14676614
0.08825403,-0.13961011,-0.13738705,-0.12977585,-0.0443468,0.028157676,-0.10681272,-0.1471265,-0.13181643,0.032070525,-0.16560847,-0.17815214,-0.17454745,-0.0806302,-0.088702254,-0.1861518,-0.12161711,-0.14883405
-0.14740458,-0.28565618,-0.22877453,-0.11263286,-0.31154484,-0.031677753,-0.15509088,-0.15016091,-0.20947814,0.030585162,-0.17561747,0.009578401,-0.15349004,-0.29037,-0.10575477,-0.23333943,-0.05044722,-0.17504306
-0.17707603,-0.30204925,-0.2314885,-0.115905784,-0.3329159,-0.07028116,-0.17738469,-0.17742744,-0.21450461,7.392862e-05,-0.19657424,-0.024121923,-0.1554472,-0.30531502,-0.12183263,-0.22535174,-0.08787529,-0.19255194
-0.1602955,-0.2898534,-0.25621092,-0.14906897,-0.28509122,-0.10888706,-0.101099014,-0.24904752,-0.147285,0.013766376,-0.08658089,-0.059199743,-0.202552,-0.056134183,-0.010180374,-0.15738147,-0.114587426,-0.22588368
-0.18155167,-0.26716796,-0.22836623,-0.14329523,-0.27303937,-0.10402934,-0.10904925,-0.24766843,-0.13041833,0.008929592,-0.09605868,-0.03583192,-0.16886503,-0.038196158,-0.02250861,-0.17323202,-0.12425804,-0.200652
0.07504115,-0.083833694,-0.13282505,0.01633269,-0.07391752,-0.11083212,-0.037599463,-0.035936415,0.083505794,0.13330588,0.16096894,0.12064901,-0.06918598,0.051521353,0.10890833,0.09414237,0.073699795,0.004810851
0.021063792,-0.09429014,-0.10426044,0.04469029,-0.094611034,-0.0949441,-0.027138552,-0.03349218,0.13620187,0.14653154,0.15966481,0.15623191,-0.054567676,0.07096138,0.13212411,0.09896854,0.09480777,-0.022627378
0.18628204,0.25079757,-0.044158153,-0.22494659,0.36997432,0.12005845,-0.053963616,0.08921925,0.13856073,0.14927006,0.100574195,0.09078,-0.17166674,0.11450362,0.18236129,0.06588946,0.12632416,-0.057963494
0.15551838,0.23297009,-0.045073226,-0.20943943,0.3502646,0.119839355,-0.02101798,0.08665047,0.12097994,0.13985823,0.14556666,0.07350259,-0.15623215,0.09979858,0.17447269,0.13101652,0.12865527,-0.03962285
0.07808824,0.19748583,0.16456091,0.31429887,0.103047654,0.18966222,0.26010218,0.15476751,0.20253295,0.027589392,0.0068602404,-0.056948826,0.34157866,0.079998784,0.03493851,0.13251868,-0.0676009,-0.022766005
0.05678805,0.21897772,0.15685426,0.32248142,0.11718055,0.20967935,0.2791923,0.17274942,0.2139785,0.05515596,0.030316222,-0.03960925,0.3424732,0.10677897,0.06588008,0.15118034,-0.04028914,-0.0103636645
0.05486015,0.10821461,0.20001905,0.18143395,0.0918459,0.32387024,0.19754514,0.03518414,0.04234697,0.076515496,0.38817373,0.07740543,0.055237338,0.07323497,-0.053490255,0.3676743,0.08469587,0.18718103
0.047099624,0.12307943,0.18632665,0.16421625,0.09959735,0.35346475,0.20515808,0.05616064,0.057137,0.094595715,0.40778002,0.09914072,0.06508549,0.08768062,-0.037529733,0.38342366,0.10200302,0.19146477
-0.087704666,-0.26192918,-0.2187229,-0.051183254,-0.18809249,-0.1377296,-0.07831678,-0.17252253,-0.20501165,-0.02337016,-0.13733308,-0.13713351,-0.088505775,-0.26890764,-0.094241254,-0.18030773,-0.07933118,-0.128454
-0.101174936,-0.2586871,-0.21218836,-0.064516805,-0.19006537,-0.13519569,-0.061541874,-0.17042369,-0.1916844,-0.026184402,-0.14292136,-0.15304244,-0.07593576,-0.24686337,-0.06697916,-0.18111357,-0.0659655,-0.10922087
0.120162934,-0.14994705,0.040697265,0.03808054,-0.0907732,0.00687828,-0.03141534,-0.15178715,0.049880628,-0.09966035,0.27478558,-0.022108786,-0.119059645,0.090748094,-0.09604514,0.17054226,-0.014025363,0.07646828
-0.18335222,-0.35942134,-0.27606577,-0.044673335,-0.4279311,-0.2960116,-0.36379978,-0.37911046,-0.32446146,-0.16197547,-0.21242413,-0.11451746,-0.2537663,-0.23552118,-0.36320698,-0.33486262,-0.37407964,-0.30276316
-0.18051817,-0.34431082,-0.268555,-0.036522955,-0.40406302,-0.2907534,-0.37282008,-0.38867158,-0.32152984,-0.17890805,-0.21873164,-0.109219976,-0.27510512,-0.2470823,-0.33135536,-0.32737383,-0.33421522,-0.31294584
-0.26466155,-0.2961168,-0.2730379,-0.05444999,-0.36854136,-0.19495063,-0.3161256,-0.30711532,-0.28645897,-0.08049453,-0.07506527,-0.037462838,-0.20047678,-0.3027933,-0.25503024,-0.20609826,-0.26416305,-0.2538332
-0.3144231,-0.29852486,-0.27233252,-0.07811227,-0.38225824,-0.20837595,-0.30550972,-0.30484605,-0.28901005,-0.072122015,-0.09007997,-0.048385404,-0.19989331,-0.29746297,-0.23517491,-0.22438796,-0.2715288,-0.23901674
0.1849161,0.19452596,0.22824204,0.02966969,0.24843071,0.22147617,0.21031943,0.0096244635,0.026283389,-0.0945712,0.21680997,-0.009560606,0.0014242317,0.078104466,0.18118677,0.19642986,0.21387956,0.3262265
0.041208062,0.083919905,0.13750495,0.014066097,0.073625654,0.12798312,-0.005829761,0.090866305,0.06710547,0.12952484,0.12358847,0.12907195,-0.0155973835,0.18841243,-0.03208439,0.027789885,0.0098941885,-0.08096948
0.021050675,0.06091174,0.11275523,-0.004979688,0.051917788,0.11185378,-0.027821168,0.065448396,0.039861966,0.114713,0.11683673,0.109928094,-0.03281409,0.1697475,-0.058312885,0.01766703,-0.015158133,-0.098588586
-0.030950176,0.00531201,-0.007371788,-0.25773263,-0.00454061,0.08255105,-0.06737987,0.18683091,-0.008561901,0.121025845,0.1210392,0.19350724,-0.0538894,-0.07434107,-0.07418834,-0.03155187,-0.008956094,-0.0269441
0.055948727,0.08408464,0.14219275,0.024073737,0.07642091,0.13100585,-0.00040923094,0.093684226,0.0678931,0.13418779,0.124451704,0.12873231,-0.013167898,0.19792925,-0.024297647,0.031567603,0.013331422,-0.075931124
-0.035225555,0.0037028803,-0.03379209,-0.25640184,-0.015436727,0.08971018,-0.06300699,0.19234313,0.004409643,0.1327855,0.115032166,0.19825058,-0.037511587,-0.075382546,-0.06955293,-0.030026441,0.00018455973,-0.034022234
-0.12797195,-0.10306258,-0.12716699,0.06090752,-0.09678376,-0.08592671,-0.09974504,-0.12001102,0.15213843,0.10616917,-0.060943734,0.11344041,-0.05097217,-0.025082579,0.10249807,-0.055320174,0.020408593,-0.09586169
-0.17249225,-0.14670014,-0.12206376,0.05035405,-0.14598288,-0.13724548,-0.10878549,-0.16212225,0.08820528,0.07941819,-0.089769386,0.049721275,-0.047415357,-0.005429497,0.050870635,-0.106851205,-0.058816325,-0.07913327
-0.10072115,-0.21323864,-0.2082768,-0.09316945,-0.20970581,-0.08718929,-0.1606718,-0.23687643,-0.25983146,-0.089439325,-0.19510864,-0.22362024,-0.16253126,-0.17055099,-0.21817975,-0.22923756,-0.24062744,-0.19474296
-0.11495345,-0.23914257,-0.23238154,-0.12942387,-0.23631887,-0.11098709,-0.186249,-0.2381068,-0.2790683,-0.09726783,-0.22140326,-0.22308034,-0.19073057,-0.20652887,-0.22077146,-0.24139401,-0.23145525,-0.22472364
-0.035319816,-0.2356475,-0.113203585,-0.17763181,-0.28048015,0.12741706,0.02450827,0.102060385,-0.053441506,0.17382492,-0.015814552,0.05230921,-0.0076209046,-0.05050741,-0.009393549,-0.08089006,0.023219418,-0.07189053
-0.014751799,0.17229988,0.17680904,0.103393644,0.1621422,0.28494424,0.063275665,0.15127192,0.19297713,0.22800688,0.115749545,0.20451835,-0.08433734,0.34915587,0.005576751,-0.0083065,0.023583507,-0.17087823
-0.035673723,0.17252125,0.17071535,0.09618611,0.15736727,0.295775,0.05549042,0.14263594,0.21393223,0.22588447,0.12233377,0.21540667,-0.07486613,0.33972174,0.019260565,0.0053528436,0.027699428,-0.17796022
-0.16880299,-0.113033876,-0.28547058,-0.15726675,-0.0042741974,-0.20378198,-0.3094048,-0.09265079,-0.05314848,0.06328064,-0.12086398,0.085565336,-0.21840529,-0.22903064,-0.15684164,-0.28512093,-0.15212192,-0.25898525
-0.18402119,-0.12501879,-0.26706913,-0.11650089,-0.025247099,-0.20987025,-0.29515323,-0.107867375,-0.017871764,0.0642891,-0.118900985,0.09542587,-0.19853935,-0.21602076,-0.15098542,-0.2655063,-0.15293425,-0.28321195
0.2433984,0.24502926,0.05666614,-0.020700503,0.239466,0.090807684,0.019305116,0.19920537,0.24945962,0.18063979,0.13142751,0.1685985,-0.06559316,0.26273447,0.21257964,0.09602871,0.12764052,0.026621163
0.24117401,0.24360898,0.10649276,-0.024380434,0.25833234,0.17353822,0.122505665,0.27275363,0.28639847,0.22144334,0.18597072,0.1694449,0.0774463,0.24884184,0.23799467,0.1299106,0.13382462,0.08837963
-0.14713655,-0.28375903,-0.25018322,-0.040193785,-0.30075338,-0.10177179,-0.24470527,-0.32164755,-0.25404987,-0.04949152,-0.07741791,-0.041813374,-0.18347467,-0.2540324,-0.1416648,-0.170697,-0.19308676,-0.21719135
-0.20055893,-0.2930203,-0.25170508,-0.013606116,-0.3215931,-0.08287708,-0.24322075,-0.31203052,-0.2431474,-0.045582812,-0.057729796,-0.0101504335,-0.17622492,-0.2514088,-0.12850119,-0.15809499,-0.16961412,-0.2189621
0.057932563,-0.08291876,-0.10129132,0.01714859,-0.073463276,0.057681095,0.21880342,0.04513896,-0.071457,0.02763572,0.030529432,-0.14603446,0.020003013,-0.049953334,0.034725018,0.197659,0.0034284522,-0.052922226
0.05214648,-0.094518736,-0.09392737,0.020411463,-0.09053988,0.06785277,0.23202676,0.06044597,-0.037979294,0.043390393,0.049716868,-0.120523274,0.038851764,-0.03380763,0.060330007,0.21853587,0.022351881,-0.037713815
0.044670563,0.057045445,-0.16665927,-0.083943084,0.20758565,0.01793277,-0.06709682,-0.036534674,-0.11377732,0.12374923,-0.028453866,-0.015952505,-0.1707352,-0.13888724,0.12034608,-0.081541486,0.09164682,-0.036814447
-0.10843126,-0.008489599,-0.21762985,-0.06488934,0.10176826,0.00012202724,-0.071927026,-0.06639923,-0.14337112,0.11263378,-0.04773696,-0.034921296,-0.1783669,-0.1643438,0.11026463,-0.1079634,0.06377771,-0.059345387
0.14426771,0.20554608,-0.0443376,0.047022283,0.19676791,0.2712342,0.13450669,0.38410068,0.20149949,0.26600477,0.01662793,0.23701055,-0.017132096,0.030443946,0.23471516,-0.07884364,0.30239362,-0.07181016
0.11053567,0.23740101,0.024234971,0.06610327,0.21894696,0.29028127,0.16942991,0.40722165,0.2466555,0.27689475,0.023364477,0.26105735,0.0050643226,0.08429611,0.28488916,-0.059487764,0.33367667,-0.03939483
0.016776223,-0.14214547,-0.22030462,-0.10418464,-0.08775012,0.029235441,-0.15740201,-0.07656825,-0.044273946,0.08073581,0.0020746964,-0.032067344,-0.29000977,0.15451998,-0.014595268,-0.20627809,-0.13345276,-0.21077454
-0.011090532,-0.13563454,-0.19714679,-0.08624886,-0.08884352,0.031939574,-0.14111921,-0.067448676,-0.043036643,0.08527998,-0.00502707,-0.038153954,-0.28257403,0.1749831,-0.015237781,-0.20821317,-0.14456895,-0.21450938
0.13073453,0.22630838,0.22506413,0.17124605,0.27203327,0.20143871,0.255285,0.40262336,0.13403457,0.2886411,-0.07108569,0.22827522,0.034518883,0.13959426,0.22756387,-0.031305674,0.25873822,0.07865503
0.1371484,0.21554786,0.23928586,0.19058467,0.2614863,0.18867876,0.23427683,0.39030555,0.1333804,0.27920443,-0.08202299,0.22511193,0.02979766,0.1345758,0.2057341,-0.042519357,0.23466614,0.063936315
-0.023645919,-0.06403769,-0.20233788,-0.056457214,-0.060875252,0.119899645,-0.124083,0.09366529,0.010211503,0.1640502,-0.033679124,0.21426007,-0.1186176,-0.098141804,-0.14391081,-0.20621367,0.022583457,-0.2635085
0.014798727,-0.064030305,-0.21252811,-0.035968177,-0.037994865,0.101732984,-0.14513586,0.05748164,-0.017342417,0.13946186,-0.02404827,0.19354835,-0.14680256,-0.09421881,-0.15659133,-0.2119228,0.019448418,-0.25949648
0.09115102,0.2133727,0.15943955,0.46911517,0.18023215,0.173395,0.07063729,0.1546795,0.21129149,0.05855198,-0.036836836,0.18719481,0.07157557,0.035619125,0.070298105,0.021620741,0.12110152,-0.12996733
0.18746167,0.26984826,0.2270946,0.5123566,0.25666574,0.17106147,0.08423577,0.19242625,0.27171198,0.10560427,-0.006325118,0.21630295,0.10843175,0.10455341,0.11692527,0.08761556,0.1221278,-0.071876265
0.33844325,0.265478,0.17577346,0.49697596,0.21488306,0.0021068628,0.17411502,0.2068661,0.3103104,0.073510334,-0.02507375,0.0038225406,0.41617626,0.07156588,0.07479185,0.19796084,0.018840546,0.064864196
0.24910523,0.29820043,0.1803627,0.49389678,0.24716142,0.0067561986,0.18900225,0.21414007,0.2999755,0.08332517,-0.014023415,-0.01036922,0.41896206,0.074294426,0.058489904,0.20260191,0.0057690814,0.08028021
0.23492607,0.2999762,0.19685969,0.4259104,0.2438536,-0.022176635,0.20182364,0.17900868,0.29995534,0.058814377,0.014155261,-0.047682177,0.3828121,0.19641338,0.07351135,0.18656603,-0.025110882,0.10950528
0.24281132,0.32940763,0.2382124,0.4399449,0.2708062,0.010370659,0.23163535,0.19334023,0.32415187,0.072149515,0.04091547,-0.033990506,0.40058932,0.23674941,0.10005809,0.21804404,-0.010710143,0.1374071
0.13308786,0.30511928,0.36487284,0.3091026,0.26907206,0.33012566,0.2555121,0.17692266,0.23252878,0.041878823,0.012773934,0.13757966,0.28513393,0.21335915,0.1376248,0.07096318,0.08075525,0.12894125
0.10258334,0.32750088,0.36636725,0.29815748,0.29255062,0.33555818,0.2628354,0.18498953,0.2628449,0.04674533,0.034746822,0.1699992,0.26597932,0.21386567,0.17682329,0.103121035,0.11559263,0.12228014
0.13078605,0.17245343,0.26314348,0.20772839,0.18810847,0.1325998,0.0102634085,0.09779039,0.21191329,0.13915266,0.1196459,0.13818884,-0.081705086,0.4372675,-0.020600593,-0.01827985,-0.05404699,-0.057872675
0.23739715,0.22853713,0.2726078,0.23248677,0.26802614,0.15262026,0.062060885,0.117255725,0.23936427,0.1541946,0.14154857,0.15745658,-0.038112067,0.4298669,0.0073318803,0.023031158,-0.0063137924,-0.012969195
-0.1355694,-0.3132333,-0.26280013,-0.18451783,-0.3095016,-0.24058442,-0.19647183,-0.35041654,-0.34097287,-0.13694637,-0.1791194,-0.084379174,-0.2789362,-0.2624137,-0.14942552,-0.25200543,-0.16707726,-0.14782183
-0.1465687,-0.30533075,-0.26773432,-0.19003148,-0.2991993,-0.23034151,-0.1770761,-0.33668983,-0.32476464,-0.13013747,-0.17657344,-0.08203873,-0.26686972,-0.2428719,-0.12069251,-0.24779426,-0.14198592,-0.13139687
0.00575703,0.012914549,-0.016706016,-0.010621681,0.04491442,0.07014487,-0.1295237,0.08896493,0.03025555,0.17504573,0.08342948,0.20866437,-0.07931113,-0.030037835,-0.098784156,-0.12813647,-0.09373742,-0.086926505
-0.00015467335,0.021768691,-0.031180274,-0.012606095,0.047080975,0.06383008,-0.13989143,0.08687158,0.026947632,0.170965,0.08050233,0.2065602,-0.085230365,-0.04839128,-0.10187555,-0.12106067,-0.0946035,-0.10216373
-0.0672129,0.086622566,-0.019067695,0.12821855,0.12232734,0.22608554,0.023963694,0.18170868,0.10278902,0.16967022,0.051306486,0.19934057,-0.08963191,0.022466095,0.16652705,-0.06356442,0.18495438,-0.15570936
-0.10673667,0.10468717,0.0013009596,0.13218638,0.11763548,0.24506848,0.043888327,0.20523562,0.15512212,0.17801993,0.052400637,0.20589268,-0.07435222,0.05692354,0.17407164,-0.07267593,0.18508232,-0.15591997
-0.06341107,0.0954679,0.15900367,0.033641893,0.14053798,0.2722568,0.09119331,0.062547624,0.020593828,0.06906021,0.3616359,0.09250369,-0.14243633,0.13600622,-0.011918269,0.17916505,0.046069197,0.18356177
-0.051178314,0.096507095,0.19689946,0.056636833,0.14218165,0.27499807,0.10528791,0.07869631,0.024530297,0.078624405,0.36370346,0.104937695,-0.12592562,0.14729759,-0.012723843,0.19421865,0.043146927,0.18236177
-0.19352137,-0.108985044,-0.2523217,-0.17191352,0.013517796,-0.13959081,-0.14985229,-0.06534344,-0.095225595,0.11096646,-0.09599798,-0.015353168,-0.18592314,-0.13381945,0.013472831,-0.24341615,-0.058976416,-0.113510974
-0.20615391,-0.14303455,-0.27902606,-0.202567,-0.013385486,-0.15419061,-0.20300302,-0.08916019,-0.11591046,0.08199725,-0.10042773,-0.034792174,-0.21199735,-0.16443598,-0.03605708,-0.27279717,-0.11416986,-0.15191914
-0.21334882,-0.33283728,-0.21703647,-0.0632536,-0.38778666,-0.24916783,-0.23794599,-0.37349668,-0.32455862,-0.12118642,-0.08571672,-0.17920616,-0.12537928,-0.25333992,-0.24341635,-0.18471548,-0.32176375,-0.16505656
-0.2583676,-0.31924078,-0.21550031,-0.094282605,-0.38222155,-0.23833862,-0.23744509,-0.34660953,-0.28946143,-0.10452444,-0.053974066,-0.13687359,-0.09310297,-0.22958034,-0.21440703,-0.1685074,-0.29087362,-0.14238223
-0.08323286,0.015847927,-0.050154645,-0.03262294,0.08003027,0.12295205,-0.11871829,-0.041430328,0.024159657,-0.07098252,0.23745026,0.048930485,-0.21275106,-0.18825926,-0.08022326,0.039079092,0.034889556,0.023191823
-0.121053964,-0.012872141,-0.08791305,-0.06558851,0.04613752,0.127325,-0.13037649,-0.056073446,0.023426902,-0.076207586,0.23871829,0.04565715,-0.23526923,-0.19069041,-0.077074796,0.021689545,0.032452077,0.0029175123
0.13393176,0.15003869,0.063613586,0.13629758,0.12798016,0.20876823,0.20190701,0.1052259,0.17470388,0.045272578,0.15355073,0.07609997,-0.0660911,0.1632876,0.2151132,0.16615222,0.20488852,0.0132732745
0.16740575,0.18992825,0.09820658,0.19088975,0.18965404,0.23685373,0.23906937,0.117960066,0.18455935,0.06947153,0.18127333,0.102735646,-0.01839518,0.1833547,0.24819987,0.2148513,0.23602232,0.048104025
0.05100121,-0.16958874,0.13255389,0.2849102,-0.23750366,-0.0009558948,-0.017795457,-0.0807154,0.10799588,0.06736057,-0.04894561,0.144825,-0.17843929,0.16035938,0.040723078,-0.096331894,0.004085663,-0.19442922
0.035757575,-0.1345638,0.18731938,0.2739179,-0.20688333,0.045897007,0.0006228795,-0.037425563,0.1380974,0.10789521,-0.036461722,0.18774289,-0.18334101,0.20884298,0.051188063,-0.07517549,0.029796518,-0.18877804
-0.21182574,-0.39735717,-0.34708253,-0.12517093,-0.47483715,-0.23552984,-0.2709392,-0.20500089,-0.3467363,-0.024893349,-0.23619004,-0.06951991,-0.24487887,-0.37492412,-0.21606825,-0.35171318,-0.1800752,-0.25024837
-0.16352703,-0.25174364,-0.17492121,-0.011463001,-0.28992832,-0.3048535,-0.22501393,-0.2178454,-0.21738501,-0.08703792,-0.23147754,-0.029873844,-0.10854575,-0.27623224,-0.20994888,-0.24496725,-0.18564568,-0.16479181
-0.19427961,-0.25883356,-0.20557956,-0.035257913,-0.30259648,-0.32521653,-0.2730052,-0.22345111,-0.21812464,-0.09772522,-0.24193603,-0.021059897,-0.131122,-0.30926254,-0.22080235,-0.26761395,-0.1909166,-0.20562945
-0.13820964,-0.29739368,-0.40591076,0.034394592,-0.30875584,-0.21016759,-0.34315404,-0.1480665,-0.04373346,-0.048851747,-0.12062771,-0.019132035,-0.21400951,-0.13924244,-0.24116883,-0.34955558,-0.22982617,-0.35543376
-0.058608707,-0.25992566,-0.36173674,0.09540951,-0.25441152,-0.18711026,-0.33619478,-0.15180275,-0.0395157,-0.049894527,-0.14679483,-0.013575023,-0.20203806,-0.15551159,-0.278733,-0.32762003,-0.2338616,-0.388245
-0.16056184,-0.36786115,-0.24637163,-0.08070373,-0.36210325,-0.24112174,-0.31403935,-0.3424957,-0.102707885,-0.13104706,-0.10032646,-0.0808007,-0.05771706,-0.2745097,-0.1575345,-0.15132388,-0.2734654,-0.21827272
-0.13472103,-0.34355506,-0.21996973,-0.04250415,-0.33424562,-0.20194867,-0.29884982,-0.31914112,-0.08022389,-0.11409149,-0.07680731,-0.056008466,-0.0180215,-0.24475273,-0.16233435,-0.15155627,-0.27153277,-0.19017194
-0.09087495,-0.21329075,-0.25166786,-0.07295189,-0.21181381,-0.10307881,-0.21534967,-0.26371226,-0.12692818,-0.033633437,-0.086139895,-0.15452832,-0.11626165,-0.14703126,-0.18533742,-0.20112157,-0.22270212,-0.25111026
-0.028361214,-0.2031759,-0.24159156,-0.088931456,-0.19349328,-0.055268798,-0.19462575,-0.21285582,-0.118871495,0.0045159813,-0.0634191,-0.13609318,-0.08136148,-0.12622616,-0.17571548,-0.17184332,-0.19933578,-0.22046861
-0.025988735,-0.18639362,-0.25370055,-0.08099864,-0.23510024,-0.0051660016,-0.23880835,-0.059790146,-0.08437494,0.1006302,-0.070251144,0.17504746,-0.22747678,-0.1593028,-0.12166407,-0.23381825,-0.023470387,-0.2790886
-0.099510014,-0.15674439,-0.21744601,-0.021148665,-0.21706554,-0.009176493,-0.2278326,-0.07816551,-0.07667742,0.08994046,-0.0863252,0.1666888,-0.22067943,-0.16368641,-0.13429397,-0.23466869,-0.061206535,-0.2935064
-0.045215674,0.051664483,-0.119295746,0.0046157558,0.06753981,0.0693588,-0.10578942,-0.079563245,-0.050424594,0.09946634,0.041666817,0.04475775,-0.18542884,0.049291924,-0.11143709,-0.15699315,-0.075484306,-0.25376055
-0.08721326,0.03141647,-0.13615415,0.0036084722,0.030232685,0.09545449,-0.07631364,-0.05899729,-0.021922885,0.13280527,0.07080834,0.080219574,-0.15627384,0.07867368,-0.07586648,-0.1334916,-0.0498753,-0.23389088
-0.18835512,-0.30713645,-0.2495157,-0.20841563,-0.32796267,-0.17512442,-0.16472282,-0.28036186,-0.23697837,-0.07768737,0.031870425,-0.16847634,-0.1559913,-0.19468072,-0.056602154,-0.08267311,-0.15404946,-0.123099156
-0.20400389,-0.29486108,-0.23887059,-0.2085898,-0.3204106,-0.18121171,-0.17074595,-0.28397936,-0.24692522,-0.08021659,-0.015042983,-0.20764634,-0.14340164,-0.20779726,-0.06925005,-0.10029019,-0.18577884,-0.12259357
-0.16334018,-0.00864081,-0.10184582,0.0989334,-0.019782914,-0.031361986,-0.08416615,-0.06841586,0.15985367,0.16323721,0.022356296,0.15512794,-0.13144612,0.09965168,0.12679482,-0.06707465,0.040171314,-0.11305239
-0.17846513,-0.026654331,-0.113590024,0.095556356,-0.04333951,-0.03231688,-0.097016655,-0.083788976,0.14353694,0.15223962,0.0041849604,0.14409216,-0.14471649,0.07968479,0.1010298,-0.076833,0.020781975,-0.14210819
-0.1424131,-0.3056178,-0.16347113,-0.1325896,-0.36004323,-0.013940956,-0.20379609,-0.1288418,-0.18126485,0.01037997,-0.15374713,-0.14119929,-0.28392094,-0.112364806,-0.24514198,-0.25797313,-0.26032785,-0.34053543
-0.18094327,-0.32419115,-0.16158302,-0.03677454,-0.3682677,-0.14875574,-0.26076272,-0.30142143,-0.30111954,-0.104456306,-0.13638967,-0.15728796,-0.14476219,-0.08643145,-0.3814747,-0.2524677,-0.3987886,-0.20357943
-0.17809649,-0.33683315,-0.1722952,-0.0543168,-0.38724884,-0.17401163,-0.2842671,-0.30362543,-0.31298712,-0.10465343,-0.15979888,-0.15976995,-0.16128524,-0.1247099,-0.4106739,-0.27657536,-0.4184745,-0.22278212
0.013476708,-0.2801628,-0.002859278,0.29735836,-0.2798391,-0.093862996,-0.08559568,-0.21352156,-0.0019861055,-0.08982831,0.078594156,-0.051300354,0.21477775,-0.0037521883,-0.15619825,0.029373338,-0.2618325,-0.04021755
0.020477846,-0.24821673,0.0039060481,0.28934813,-0.25416493,-0.06473093,-0.07086394,-0.19350564,0.008369585,-0.06524718,0.09486476,-0.038661994,0.24195287,0.009016283,-0.14889254,0.058666296,-0.25224555,-0.028224181
-0.104115,0.063527495,-0.03683851,-0.0022777636,0.110175684,0.10089861,-0.06656506,0.03864704,0.16100226,0.18826136,0.012753229,0.21065088,-0.15583336,0.20623712,0.14292374,-0.026430432,0.06950329,-0.15525985
-0.10094347,0.05610302,-0.049412485,0.0044373064,0.105692044,0.10655874,-0.070203654,0.03091798,0.13567899,0.1831565,0.015998716,0.1887546,-0.14992218,0.19632478,0.1192498,-0.04521834,0.04500289,-0.15192972
-0.050885685,0.02844139,0.039464824,-0.06527567,0.04961953,0.029231679,-0.041969415,0.073501356,0.17162816,0.1518738,0.095186576,0.20622014,-0.15987791,0.2883397,0.033688333,0.030386457,-0.018868946,-0.065472685
-0.079806685,0.015844908,0.05851173,-0.044257596,0.03414748,0.029006805,-0.03869839,0.05774259,0.16893184,0.15804182,0.08716185,0.1974141,-0.14487796,0.3279767,0.031029532,0.024273152,-0.038996592,-0.08546957
0.06825474,-0.16398638,-0.109377764,-0.006462455,-0.22327246,0.01338376,0.04790412,0.103691064,0.036549002,0.20570928,0.21932445,0.30981898,-0.033138875,0.01373564,0.11889819,0.05711647,0.2403635,0.043107904
-0.14350738,-0.19602524,-0.1118986,-0.12551187,-0.16110905,-0.061908424,-0.11742952,-0.21096984,-0.044490997,-0.16279809,0.189737,-0.0667578,-0.15660192,-0.14300041,-0.14552513,0.11436128,-0.1134087,-0.05109059
-0.16033535,-0.16574533,-0.09954671,-0.11816576,-0.13853101,-0.00837236,-0.08314396,-0.18869394,-0.04154728,-0.13498762,0.22588693,-0.06378898,-0.1490663,-0.11377385,-0.1047978,0.15761682,-0.079649985,-0.017758919
0.02069068,0.13150607,0.06219338,0.01976829,0.16923694,0.1524702,0.12837543,-0.063451715,0.017535834,-0.026553005,0.297483,-0.08167538,-0.08959954,0.06431855,-0.045123383,0.23815404,0.009059362,0.18374981
0.02662314,0.13695343,0.068898804,0.028312793,0.1720815,0.16450682,0.12985864,-0.049403444,0.020893913,-0.024995591,0.30581486,-0.08002991,-0.07787712,0.056001596,-0.0592143,0.24463099,0.0035757043,0.1813937
-0.24259578,-0.22460738,-0.23461147,-0.1174487,-0.25865793,-0.19564635,-0.19428016,-0.1252789,-0.18994541,-0.034680765,-0.20313694,0.03825319,-0.1386189,-0.2178622,-0.103968516,-0.27715343,-0.07072868,-0.14839002
-0.2223968,-0.21809429,-0.22736385,-0.1137346,-0.24870373,-0.21355543,-0.2019803,-0.14735286,-0.20456034,-0.048256774,-0.20555435,0.029747395,-0.14274046,-0.252901,-0.09709406,-0.25486866,-0.059574414,-0.15245312
-0.0733529,-0.26969603,-0.32383314,-0.24083345,-0.19601434,-0.11142772,-0.19177562,-0.26707432,-0.22163874,-0.08482777,-0.20603667,-0.09295543,-0.33442178,-0.24572116,-0.16013512,-0.3469646,-0.15398778,-0.30082455
-0.18497549,-0.2823713,-0.32517555,-0.20525235,-0.2538345,-0.057124313,-0.13902757,-0.24866322,-0.2219951,-0.06267192,-0.20144041,-0.07304852,-0.2831441,-0.22766024,-0.12073118,-0.31759915,-0.12166527,-0.25947905
0.23237428,0.34910625,0.3670944,0.13069846,0.32121286,0.2728165,0.192915,0.23507728,0.18139988,0.17875202,0.056165885,0.12405799,0.020098824,0.44396034,0.12474496,-0.025569187,0.04321075,0.042692382
0.27390215,0.32783592,0.35465378,0.12263323,0.30648363,0.26228207,0.15994476,0.19574067,0.16388813,0.16104896,0.06493649,0.11276432,-0.006350917,0.44387177,0.12665506,-0.019413838,0.031822022,0.046187412
-0.05656398,0.085380875,0.10122247,-0.036662288,0.035415664,0.22366476,0.095437214,0.019567784,-0.012414014,0.01845696,0.14476453,0.089046456,-0.18526445,0.28263766,0.028239325,-0.07091418,0.04594421,0.13029858
-0.06771113,0.106084324,0.086457625,-0.014469209,0.057027977,0.24945533,0.1287827,0.025930509,-0.008232399,0.02427064,0.20177574,0.07211896,-0.14461726,0.2867762,0.05111387,-0.014815138,0.065870635,0.17591633
-0.2570613,-0.42682827,-0.3481539,-0.15564932,-0.4277876,-0.1803115,-0.3521689,-0.3467502,-0.32665262,-0.20202145,0.066339284,-0.09489727,-0.28718385,-0.4293888,-0.32804492,-0.205485,-0.24573974,-0.18452156
-0.282623,-0.42459336,-0.36476097,-0.17714901,-0.43241414,-0.17453022,-0.3474113,-0.3348534,-0.3314413,-0.1931616,0.07005662,-0.09655819,-0.27481896,-0.4446627,-0.3237116,-0.20253697,-0.2414916,-0.17110845
-0.2897239,-0.36308843,-0.37404478,-0.25910938,-0.31267354,-0.22552755,-0.32964307,-0.3560198,-0.36288673,-0.15261659,-0.1804977,-0.16825959,-0.2896107,-0.38511115,-0.23403612,-0.3441762,-0.25714162,-0.3149767
-0.336358,-0.3664252,-0.35214317,-0.24995145,-0.32608142,-0.22393116,-0.3139899,-0.31948093,-0.3186617,-0.12803577,-0.16977957,-0.12329025,-0.2829323,-0.34764758,-0.18993005,-0.33263922,-0.22703993,-0.31519717
-0.09168669,-0.29544586,-0.20376603,-0.10265763,-0.32214364,-0.24572253,-0.24588026,-0.28997535,-0.29324064,-0.0684267,-0.14190799,0.039663844,-0.27540517,-0.24480155,-0.1199973,-0.20331797,-0.09199418,-0.18204193
-0.116034746,-0.2675132,-0.17579871,-0.08010826,-0.30346543,-0.25235274,-0.22824208,-0.24836473,-0.24416512,-0.046499845,-0.1210794,0.0760264,-0.2288618,-0.21742715,-0.10527313,-0.19016774,-0.08828841,-0.15822808
-0.15377961,-0.272511,-0.1440168,-0.058011837,-0.27247116,-0.04167389,-0.19791625,-0.113272384,-0.015059421,0.0064636236,-0.138114,0.1093018,-0.26002848,-0.08158601,-0.18084393,-0.22918423,-0.15676197,-0.33747482
-0.14219345,-0.2880859,-0.15255143,-0.07883117,-0.29089049,-0.04218172,-0.20885484,-0.123232916,-0.018772695,0.0010801835,-0.13728856,0.10457888,-0.26259673,-0.07821117,-0.19126889,-0.229916,-0.16821185,-0.34020126
0.007840511,0.1893857,0.12182366,-0.011108443,0.122323096,0.29107183,-0.016831474,0.1622059,0.21331829,0.13584712,0.07428048,0.28072083,-0.046359602,0.10832865,0.034486797,-0.048487213,0.13827157,-0.12721363
-0.11135656,0.010251147,-0.2039492,-0.088199206,0.10850422,-0.015579625,-0.09802344,-0.043565553,-0.108511604,0.14984725,-0.06940344,0.06453336,-0.15392083,-0.18375225,0.08805816,-0.1187522,0.072341494,-0.05130418
-0.15858527,0.0014313462,-0.1750954,-0.088796504,0.08187821,0.0014316516,-0.07706972,-0.050267033,-0.10267017,0.1573589,-0.04526602,0.07601712,-0.14184797,-0.13814476,0.09373882,-0.11269191,0.06467106,-0.03687094
0.11359572,0.19699699,-0.0591785,0.015205942,0.18321387,0.20210503,-0.00078436476,0.24874943,0.1319555,0.13139562,-0.09026065,0.21935877,-0.07671558,-0.2188303,0.112023234,-0.13954362,0.21256658,-0.21729067
0.2100603,0.23533086,-0.045386016,-0.06379742,0.25890222,0.20023109,0.011655939,0.27058813,0.16896608,0.1675833,0.014259213,0.23283915,-0.057723917,-0.16957381,0.18033113,-0.026385402,0.257776,-0.12797765
-0.0603367,-0.051895373,-0.015455223,-0.002319411,-0.027938457,0.11737662,-0.10963083,0.0261377,0.067442395,0.13040619,-0.06599241,0.20280562,-0.20740832,0.05355975,-0.09745715,-0.2148304,-0.04157966,-0.35123274
-0.09183507,-0.054431666,-0.02374859,-0.014668847,-0.021262214,0.11065003,-0.13385218,0.010893934,0.054990716,0.12050136,-0.06622875,0.18062955,-0.20918006,0.055833533,-0.107887775,-0.21846719,-0.06586791,-0.34119448
-0.0674913,-0.17707837,-0.21315315,-0.10377776,-0.19854996,0.010256039,-0.09329948,0.043262232,-0.032507915,0.14044918,-0.046433736,0.23723488,-0.14232014,-0.248436,0.062239554,-0.15680778,0.12423402,-0.19575255
-0.005242523,-0.09523652,-0.16111845,-0.06824214,-0.12101123,0.05748237,-0.081428744,0.08340306,-0.0008796173,0.14441957,-0.017243288,0.22942224,-0.09086164,-0.20405532,0.07701985,-0.111902624,0.12881516,-0.1560843
-0.13952602,-0.26185167,-0.17534387,0.011361134,-0.27336097,-0.023781912,-0.17913198,-0.1628254,-0.09962194,-0.023909096,-0.21499984,-0.06673928,-0.16266657,-0.28088635,-0.16275825,-0.23490715,-0.1041367,-0.28844142
-0.10771691,-0.22396114,-0.14616019,-0.105476916,-0.25490412,-0.13429576,-0.11428109,-0.24667256,-0.19134127,0.022326332,0.0537743,-0.02729583,-0.11002482,-0.033644337,-0.017781477,-0.11671676,-0.1524578,-0.020151973
-0.12755305,-0.26907375,-0.19674571,-0.14469947,-0.2923165,-0.16517785,-0.18018001,-0.29212472,-0.24364294,-0.028042896,0.049750302,-0.10114355,-0.14385326,-0.083458945,-0.10043553,-0.16017091,-0.23750123,-0.043212753
-0.13115384,-0.4062717,-0.16461496,-0.06725754,-0.43514737,-0.037236888,-0.25743517,-0.20083094,-0.21110584,-0.027772471,-0.2060831,-0.08158812,-0.18338495,-0.25304753,-0.30514196,-0.2388758,-0.28201118,-0.33584446
0.044498075,0.23203185,0.020285198,0.11986576,0.22897048,0.096372865,0.28845364,0.31588072,0.16247033,0.14902893,0.0031742714,0.17069107,0.23482355,-0.054075375,0.28346595,0.19622117,0.3225017,0.13692722
0.026029345,0.1934502,0.0006274944,0.11811131,0.18184215,0.08997942,0.26753914,0.3098155,0.15845565,0.14769608,-0.005039099,0.17941341,0.22890206,-0.06898942,0.27541628,0.17816436,0.31025138,0.11892098
-0.082493976,-0.18679176,-0.17122477,-0.17317826,-0.18237719,-0.030927468,-0.11078278,-0.122602336,-0.1282966,-0.069128275,-0.14847144,-0.1357113,-0.06308856,-0.16118598,-0.13239142,-0.11271806,-0.142815,-0.1729604
-0.08190283,-0.1972658,-0.1741731,-0.20180073,-0.19648294,-0.049944516,-0.12396326,-0.124808066,-0.13649496,-0.067893304,-0.15490429,-0.12811111,-0.07029075,-0.1829094,-0.13684009,-0.10863834,-0.1434052,-0.17741644
0.16708784,0.26529136,0.3184828,0.31595418,0.3141789,0.3692741,0.35091102,0.081278265,0.17776762,0.07428304,0.41764152,0.08832885,0.17505938,0.23320067,0.19825974,0.4519231,0.24523313,0.4325872
0.15514848,0.2535581,0.32129326,0.30268878,0.30181646,0.38495576,0.3482912,0.08168442,0.17341489,0.0797016,0.4343513,0.08360811,0.15992619,0.2352726,0.17352283,0.4485796,0.2223407,0.4060414
0.08568335,0.13851039,0.17247528,0.0043037278,0.12564528,0.16452137,0.024757586,0.12741397,0.10702702,0.12282409,0.14311536,0.12596722,0.021758921,0.19465844,0.019001178,0.05681335,0.03796398,-0.051484887
0.06844469,0.12653497,0.15685494,-0.014292395,0.11429282,0.15886366,0.0081077395,0.11287807,0.08943528,0.114645086,0.14126281,0.116731964,0.00856548,0.18339032,-0.0009688556,0.050248012,0.020772574,-0.066236205
0.022068957,0.124237545,-0.0354816,-0.1351902,0.07297025,0.13776514,0.18213238,0.15475264,0.033012427,0.027788015,-0.039305486,0.12448152,-0.05872523,-0.093072824,0.18649977,0.07083331,0.264218,0.0052213934
-0.01130757,0.14228122,-0.047516707,-0.14671282,0.07787082,0.14596204,0.15030703,0.15758578,0.03450313,0.043365143,-0.061579995,0.14494346,-0.09961341,-0.09216131,0.18357323,0.020922106,0.26020905,-0.022344707
0.10282838,0.13568375,0.1685327,0.0062451586,0.12219519,0.16642411,0.02883977,0.12999205,0.10762613,0.12957495,0.14407632,0.1271646,0.026523521,0.19570136,0.026544333,0.06190935,0.043765552,-0.048825722
0.039399095,0.23665209,0.106316105,0.030866915,0.14734507,0.1461041,0.29707003,0.18099494,0.09393555,0.0023296354,-0.0067374664,0.06623814,0.04200401,0.026176816,0.30264908,0.22122826,0.30510968,0.13712218
0.063993715,0.2314146,0.1798983,0.046593543,0.19233927,0.17575273,0.35367078,0.17470592,0.06407046,0.014245915,0.033456396,0.10210533,-0.0033961611,0.06679945,0.3551571,0.20572188,0.39043432,0.2436558
0.03800595,0.23571755,0.16935602,0.08665863,0.18382244,0.17221864,0.36892575,0.16410322,0.05943021,0.005015572,0.03640598,0.06930045,0.020557506,0.05602226,0.34727454,0.23916908,0.36976787,0.23323067
0.13273108,0.3863679,0.33935753,0.10334081,0.36634934,0.22802936,0.42149207,0.335953,0.21607141,0.15096474,0.041983884,0.19661315,0.09656745,0.17420769,0.49815077,0.28950673,0.4872249,0.31902117
0.13534464,0.3969872,0.36746532,0.107927054,0.37816697,0.24709614,0.43691984,0.35442886,0.23753256,0.16579373,0.057193756,0.21447037,0.1161347,0.19241188,0.51313007,0.3079775,0.49974352,0.33776072
-0.23225352,-0.27447888,-0.29051617,-0.22133546,-0.18556371,-0.20647188,-0.22902404,-0.2825432,-0.21239714,-0.08380164,-0.17927974,-0.12812,-0.26491052,-0.17328663,-0.13862184,-0.3120475,-0.19095923,-0.31766313
-0.24170357,-0.25387728,-0.28963158,-0.22892508,-0.1660947,-0.20676973,-0.22632986,-0.28805697,-0.21864772,-0.084597714,-0.17681451,-0.14039096,-0.25462323,-0.1821963,-0.14149518,-0.3047137,-0.19602028,-0.29930753
-0.17194429,-0.2173859,-0.1981931,-0.17106289,-0.12935846,-0.26891825,-0.27696997,-0.21896482,-0.11545986,-0.065878,-0.045335565,-0.090341054,-0.36917797,0.052556224,-0.116439216,-0.1879325,-0.24843453,-0.23761171
-0.2652967,-0.3324577,-0.260725,-0.30069163,-0.27618396,-0.24363191,-0.32279214,-0.24796665,-0.20179293,-0.07819294,-0.10800903,-0.09088508,-0.38230777,0.0011879348,-0.20693047,-0.3211883,-0.31007153,-0.35936737
-0.14241412,-0.34669617,-0.23894237,0.06441117,-0.41764235,-0.16075303,-0.24130005,-0.3197915,-0.18904343,-0.07812776,-0.1083161,-0.11537273,-0.1922968,-0.16429417,-0.19446428,-0.1967441,-0.22241442,-0.25390515
-0.16849399,-0.34258702,-0.24250326,0.0035009806,-0.4161068,-0.15137321,-0.23373362,-0.30861667,-0.16479526,-0.076638885,-0.112393625,-0.11740992,-0.18242961,-0.14146146,-0.16730794,-0.1941211,-0.21048124,-0.24263108
-0.039590973,-0.0764163,-0.17980719,0.047978006,-0.07649248,0.05830229,-0.1418984,-0.1632023,0.0067339134,0.051575914,-0.07216573,0.036059737,-0.20467377,-0.01842418,-0.068686105,-0.20382021,-0.055976134,-0.25580254
-0.04569055,-0.05782086,-0.14270836,0.075425304,-0.08266743,0.110836774,-0.08473489,-0.13061292,0.03161194,0.101434946,-0.016383719,0.060121473,-0.14403114,0.05940187,-0.031452212,-0.13348919,-0.039675113,-0.19989511
-0.049577154,0.14837383,-0.032209415,-0.003195619,0.21565673,0.11050782,0.026758911,-0.03700174,-0.06473194,0.19873466,0.019394703,0.06885825,-0.16473338,0.056195445,0.081530504,-0.038649328,0.05170382,-0.06196016
-0.063852414,0.11739386,-0.051844347,-0.042691708,0.18329899,0.10093717,0.007851335,-0.043939125,-0.083253644,0.18920949,0.023799432,0.058305774,-0.1644501,0.0590742,0.06406574,-0.044288605,0.031736802,-0.06653284
0.034532152,0.18403076,0.19755983,-0.033325046,0.17535718,0.14363645,0.09989675,0.19119795,0.18645145,0.15954953,0.04935706,0.17026453,-0.20107417,0.2804633,0.16598153,0.047646716,0.099477746,-0.05057288
0.023160277,0.20914729,0.22432409,-0.010402834,0.20382664,0.16643982,0.13402513,0.20528628,0.20143661,0.17446351,0.08883499,0.19249848,-0.18067499,0.30426344,0.17199427,0.06964373,0.1233592,-0.036753267
-0.19961049,-0.3442727,-0.22149174,-0.09112547,-0.3859952,-0.25460467,-0.30612627,-0.3711627,-0.2890616,-0.14184783,-0.14632995,-0.0976432,-0.20882234,-0.22408275,-0.26982164,-0.22076005,-0.31911492,-0.2563687
-0.19666798,-0.33405352,-0.21771991,-0.0839641,-0.37890813,-0.23340271,-0.29354137,-0.35426673,-0.27042878,-0.1236597,-0.15379061,-0.08749208,-0.19332898,-0.21844551,-0.244716,-0.21179928,-0.2969423,-0.25015613
-0.08674709,-0.3187886,-0.14358535,-0.14100936,-0.31758225,-0.22140008,-0.19401556,-0.29810575,-0.27844805,-0.10351918,-0.18271662,-0.19012758,-0.20938987,-0.18681224,-0.2262746,-0.21048121,-0.2886356,-0.23714562
-0.11866921,-0.32190794,-0.14433262,-0.12795049,-0.33115736,-0.2183002,-0.18933539,-0.28650317,-0.26234505,-0.0947119,-0.18118772,-0.16512614,-0.19407251,-0.1847367,-0.21162505,-0.20523553,-0.2791028,-0.23817377
0.20814411,0.18218984,0.024723645,0.17941463,0.19182761,0.043936662,0.045975417,0.2100754,0.35491034,0.20437397,-0.014589064,0.15371452,0.091450155,0.1380005,0.10756008,0.050909843,0.08787937,-0.14314128
0.17588906,0.14478931,0.043992918,0.13555023,0.1449794,0.03321217,0.010366404,0.16541423,0.3354884,0.20836474,-0.00106852,0.16295134,0.02099005,0.16370423,0.080821045,0.060719363,0.058625657,-0.17411226
-0.16446914,-0.21438307,-0.1976014,0.074700765,-0.2958341,-0.03870694,-0.1810382,-0.24835637,-0.14515787,-0.033267826,-0.09834512,-0.04216751,-0.096644536,-0.09697752,-0.2233788,-0.16244496,-0.18244463,-0.2058437
-0.1717266,-0.21880655,-0.19896325,0.063782886,-0.30562836,-0.0668229,-0.18908381,-0.24686486,-0.15791757,-0.033580996,-0.10693728,-0.05083018,-0.06783024,-0.14375384,-0.23066404,-0.14790757,-0.1876166,-0.19766179
-0.073962726,-0.12345246,-0.14293206,-0.012501854,-0.19304301,0.11109843,-0.09072464,0.06264205,0.1807171,0.14824641,0.11462445,0.24812287,-0.13722415,-0.10926585,0.015230689,0.018370928,0.14316903,-0.24133275
0.0972886,-0.11396241,-0.03947666,-0.002821314,-0.14654312,0.09796494,-0.14644556,-0.018645506,0.08903257,0.11949814,-0.04203431,0.09189533,-0.121775866,0.0758234,-0.1555205,-0.07669214,-0.09970949,-0.28112906
0.07990285,-0.13604963,-0.056422263,0.024265371,-0.17546344,0.088424526,-0.15309277,-0.035433173,0.09159703,0.117558055,-0.03414532,0.09344996,-0.10897122,0.07578154,-0.15381137,-0.06884778,-0.10512559,-0.29057464
-0.20423214,-0.23772694,-0.23128954,-0.06357661,-0.28729078,-0.24680308,-0.24199498,-0.25762758,-0.2377651,-0.111931324,-0.22184904,-0.03707215,-0.1770338,-0.2623215,-0.20519435,-0.28227422,-0.16222584,-0.18902028
-0.16125233,-0.21908286,-0.20910394,-0.05414349,-0.27058178,-0.25788778,-0.23087092,-0.22591278,-0.1968296,-0.09014711,-0.2125091,-0.004821126,-0.15919822,-0.25646615,-0.17063874,-0.25512335,-0.11810051,-0.1788077
-0.0602118,-0.07752812,-0.13784416,-0.06837313,-0.08329127,0.14534383,-0.023971844,0.019473718,-0.07014465,0.1387609,-0.07081594,0.020693492,-0.04342955,-0.101331174,-0.061102543,-0.14306162,-0.0040729446,-0.19571659
-0.03404011,0.09069358,0.02248356,-0.09503257,0.06744037,0.2511353,-0.12046356,0.15033354,0.014726186,0.15784593,0.09283814,0.19968595,-0.09989159,0.070251286,-0.1065704,-0.13970469,-0.05230787,-0.1124856
-0.0450056,0.08984754,0.027897276,-0.087553985,0.06351432,0.24678557,-0.1143951,0.14734957,0.017634092,0.16309293,0.1232328,0.21181324,-0.09700275,0.076333836,-0.09522605,-0.13043112,-0.044448636,-0.08775868
-0.09583327,-0.0008865057,-0.12854071,-0.07919082,0.0012287039,0.12899028,-0.06792477,-0.002275341,-0.038650785,-0.010086725,0.33333156,0.087499924,-0.08008469,-0.21588182,-0.100892104,0.052530505,0.03683307,0.12965406
-0.079087056,0.017632,-0.11010669,-0.077594474,0.016470626,0.14733647,-0.052619845,0.019837651,-0.006541935,0.0052202255,0.35056105,0.10411715,-0.050932422,-0.18317652,-0.07419507,0.0781047,0.056026433,0.15659846
0.01383881,0.15780157,-0.10288961,0.011374027,0.16087222,0.24492106,-0.12757738,0.086960435,0.023275994,0.16346668,0.060090065,0.18625513,-0.14549002,-0.085419275,0.015236111,-0.08929927,0.09538613,-0.2038373
-0.012089513,0.15453073,-0.10424639,0.007996958,0.13294588,0.25553328,-0.12737459,0.11232848,0.038999926,0.17864008,0.059007034,0.22008869,-0.15439121,-0.082034245,0.022288533,-0.10164165,0.102739945,-0.22432907
-0.1240164,-0.22469945,-0.1359511,-0.02787037,-0.2911798,-0.13562277,-0.19325066,-0.18706946,-0.21371669,0.0022962024,-0.10228057,0.05095422,-0.101871066,-0.23373353,-0.136173,-0.17774102,-0.14602797,-0.14689212
-0.12494719,-0.21330175,-0.13382329,-0.03607378,-0.28116056,-0.13073356,-0.17807786,-0.16335775,-0.18761544,0.02609714,-0.10030858,0.06300281,-0.080717884,-0.21684837,-0.118578225,-0.17331165,-0.13737045,-0.13899197
-0.15115109,-0.22371775,-0.15919876,-0.031485923,-0.2988079,-0.09273826,-0.12827453,-0.041220903,-0.06194152,0.07113883,-0.08467096,0.17604358,-0.07527732,-0.03736973,-0.091358796,-0.19663757,-0.03136202,-0.13315459
-0.14074238,-0.23872845,-0.15058367,-0.0036773556,-0.31665838,-0.12901385,-0.15288667,-0.058029223,-0.030865084,0.06096288,-0.08996925,0.20390764,-0.08115932,-0.05583692,-0.10489588,-0.18938148,-0.03268314,-0.16057481
-0.10688497,-0.274096,-0.19320722,-0.16058487,-0.2076511,-0.082668655,-0.05526862,-0.33184114,-0.19027576,-0.19560057,0.21872784,-0.20092702,-0.19418377,-0.090326615,-0.13225262,0.0448253,-0.12459832,0.058857698
-0.12829652,-0.28741357,-0.19489186,-0.1878338,-0.23156077,-0.09004945,-0.07664531,-0.34231508,-0.19781415,-0.20387311,0.20788294,-0.20726725,-0.2129443,-0.09001379,-0.13368092,0.036496997,-0.13823478,0.043492932
0.21728434,0.075464934,-0.05442557,0.08084603,0.18269154,0.15368758,0.13422471,0.22690172,0.10472846,0.2683938,-0.008020502,0.07907404,-0.101388656,0.18720016,0.24144271,-0.09348317,0.19519258,0.025447492
0.15481222,0.0730068,-0.02582737,0.08903091,0.17351846,0.18645932,0.1694131,0.23477706,0.11384523,0.2856763,0.018814022,0.09906743,-0.09124278,0.22813906,0.24288756,-0.06410867,0.20168543,0.037794914
0.10139179,-0.2752429,-0.12601413,-0.044267736,-0.20404626,-0.2337672,-0.2640847,-0.27148983,-0.20314525,-0.12801616,-0.22349219,-0.17493095,-0.176895,-0.17658186,-0.31948546,-0.26420164,-0.31434005,-0.2280998
0.06814906,-0.28189182,-0.12889531,-0.035460718,-0.20517617,-0.2300293,-0.2607728,-0.2775384,-0.22244275,-0.13434528,-0.22080399,-0.17578547,-0.19059569,-0.18307114,-0.32255363,-0.2759943,-0.3103503,-0.22650987
0.07534532,0.247858,0.18747607,0.117860466,0.29306749,0.22750597,0.04420527,0.09963014,0.06989259,0.21496692,-0.0097913565,0.15506057,-0.2078543,0.32844102,0.10959596,-0.02208296,0.06598881,-0.07170829
-0.0627873,0.084323816,0.053966753,0.016588083,0.10672376,0.23044433,0.028191533,0.018236894,-0.014725635,0.13964573,-0.054954678,0.0831979,-0.23726411,0.18830034,0.064466536,-0.116774425,0.042102825,-0.14966238
-0.11278857,-0.20370412,-0.23540966,0.059887573,-0.24811377,-0.06296426,-0.17046578,-0.22067273,-0.083379805,-0.0030975672,-0.07840033,-0.02856372,-0.116617195,-0.14358544,-0.16336952,-0.17835504,-0.13783467,-0.25819162
-0.10547807,-0.16568293,-0.18148454,0.087190285,-0.23491727,-0.011651473,-0.11707002,-0.17436084,-0.036757607,0.04697258,-0.07005344,0.008688255,-0.054256268,-0.124656714,-0.121835425,-0.12586835,-0.100671425,-0.2062682
0.22058925,0.24334168,-0.009677331,0.3017762,0.24763146,0.03812567,0.17925575,0.12098645,0.16068399,0.0070917695,0.019416397,-0.09956203,0.28181124,0.02816565,0.08587522,0.23055203,0.038861256,0.039278466
0.20767994,0.24158232,0.0021330412,0.3254151,0.2424864,0.034102343,0.16915731,0.11628942,0.15022485,0.00059672934,0.011822996,-0.105867185,0.2807548,0.012804737,0.07124806,0.22885664,0.021395115,0.031231735
0.34605938,0.26277965,0.24453126,0.36357296,0.29718122,0.026020858,0.39810055,0.117004484,0.15823543,-0.016520098,0.19652858,-0.14081195,0.45836627,0.16246703,0.2463572,0.43297935,0.14766595,0.47650284
0.3485577,0.27505246,0.26983112,0.36103764,0.3127146,0.030205972,0.40322235,0.12594777,0.16322383,-0.014791542,0.20413339,-0.14076112,0.46874383,0.1631528,0.24656934,0.44046715,0.14019379,0.48469418
-0.20438775,-0.28798437,-0.19700134,-0.020629553,-0.3306435,-0.29283148,-0.27986836,-0.34243134,-0.3103132,-0.09996543,-0.12808572,-0.027994253,-0.21086977,-0.27533835,-0.23368862,-0.23209529,-0.25187847,-0.20358416
-0.19619647,-0.26812723,-0.16959436,0.006822898,-0.3155592,-0.27783233,-0.23792133,-0.31529942,-0.2849843,-0.07183266,-0.12085127,-0.016964363,-0.17633177,-0.25749227,-0.20868963,-0.21286331,-0.23565584,-0.17787619
-0.23176679,-0.23398988,-0.2234882,-0.13105358,-0.22803846,-0.28164873,-0.24017641,-0.3069183,-0.28159797,-0.03803241,-0.18497688,-0.062952876,-0.20124511,-0.28041437,-0.074032955,-0.20407578,-0.17031327,-0.09688054
-0.27796176,-0.28137138,-0.23005329,-0.14136824,-0.2782249,-0.27664566,-0.22718261,-0.335587,-0.2947734,-0.059674785,-0.17236379,-0.09737779,-0.19596195,-0.25428408,-0.08310803,-0.21351835,-0.19744964,-0.099135086
-0.10700542,-0.20237195,-0.20768282,0.046149135,-0.196474,0.038994692,-0.015056426,-0.11943389,-0.09728403,-0.06297468,0.29406506,-0.0708299,-0.11427319,-0.106310725,-0.14551356,0.02871962,0.012906227,0.17567231
-0.22919813,-0.24428032,-0.24580713,-0.10631604,-0.16336085,-0.12454493,-0.1624326,-0.26160738,-0.28674433,-0.0053185886,-0.12523349,-0.14212662,-0.22437117,-0.189988,-0.1334698,-0.20300302,-0.22591195,-0.1677377
-0.23638009,-0.27528453,-0.26314482,-0.1375155,-0.19156213,-0.14385854,-0.19433412,-0.2798283,-0.31251287,-0.029739758,-0.13249789,-0.1639042,-0.25057945,-0.19544706,-0.16664018,-0.2448909,-0.26460353,-0.17960075
-0.25986475,-0.34432915,-0.2043882,-0.14649282,-0.32609767,-0.222202,-0.20282088,-0.37808996,-0.21190044,-0.26775762,0.11584559,-0.24901308,-0.23889357,-0.25665477,-0.28525245,-0.033862036,-0.27387735,-0.005388352
-0.27913636,-0.33030638,-0.19564883,-0.14109732,-0.32012782,-0.19239046,-0.18465568,-0.36284858,-0.19492334,-0.25131878,0.13073835,-0.23148817,-0.21949662,-0.23775545,-0.26504144,-0.0149436705,-0.25583372,0.012228404
-0.011233323,-0.36182636,-0.33365238,-0.07959263,-0.38139093,-0.2197864,-0.2395766,-0.19952926,-0.33268738,-0.03043465,-0.1205139,0.063513316,-0.33795515,-0.29226303,-0.14008598,-0.28901386,-0.07662645,-0.24949965
-0.053116176,-0.39360258,-0.35005817,-0.10957136,-0.4073844,-0.2504006,-0.28480756,-0.27263206,-0.38574195,-0.07855392,-0.13202828,-0.0069430284,-0.3774316,-0.30475208,-0.17847304,-0.31645292,-0.15503636,-0.2651053
0.029057603,-0.078452006,-0.09335254,-0.04055957,-0.04658594,0.095179915,0.186653,0.007855433,-0.05177254,0.03488227,0.20117474,-0.0762238,0.036325727,-0.10174038,0.031128675,0.30617473,0.04845431,0.041502636
0.032579865,-0.070526764,-0.09034303,-0.038333777,-0.049430627,0.10079505,0.1846654,0.02110778,-0.046160493,0.054191176,0.21064737,-0.07413971,0.032990187,-0.09468134,0.034588523,0.317664,0.04712233,0.030864177
0.28430343,0.09535368,0.13944836,0.16203181,0.16850504,0.16037138,0.24628218,0.18866192,0.09576283,0.13302404,0.30520928,0.15153612,-0.060212202,0.23728338,0.20349945,0.235834,0.3105784,0.28321242
0.26905265,0.14568469,0.15993384,0.13460699,0.21944924,0.1651618,0.24301395,0.19237138,0.08547639,0.12709267,0.289071,0.1463109,-0.07937546,0.24565198,0.19736171,0.22327764,0.30909273,0.28206098
-0.03203238,-0.09605265,-0.18612398,-0.017258553,-0.12535107,0.022242563,-0.13770068,-0.046580136,-0.03562391,0.11523582,-0.07489019,0.06324686,-0.20487003,0.016058959,-0.11699741,-0.19215998,-0.107293926,-0.3424895
0.07905631,-0.07041188,-0.15159154,-0.020987017,-0.10301716,0.060947407,-0.11676755,-0.0016701323,0.0015772096,0.1392299,-0.08127207,0.05437174,-0.14762193,0.022586884,-0.11263295,-0.15531015,-0.08552314,-0.3108131
0.24102724,0.3993721,0.20487623,0.29230425,0.4712358,0.28699803,0.16457155,0.34661868,0.2819935,0.27807328,0.08419649,0.33728006,0.16738537,0.1411824,0.2967672,0.051235072,0.2833474,0.13382624
0.23931208,0.40304354,0.21732974,0.29302827,0.47164708,0.308847,0.19072665,0.35931394,0.2978433,0.29116192,0.119324505,0.36848655,0.17933689,0.15604095,0.31416732,0.07233941,0.3086223,0.14034007
0.041181955,0.004101761,-0.0130222365,-0.017831277,0.06961965,0.09385909,0.22705154,0.20726734,0.11411652,0.26462206,0.18585868,0.2024451,-0.11346146,0.2593709,0.29234856,0.030105758,0.31029662,0.1944663
0.030475898,-0.0031603584,-0.006904239,-0.031956546,0.06588782,0.1021846,0.23227967,0.1999853,0.11696619,0.24296111,0.22898637,0.19434631,-0.09889201,0.25907472,0.2804393,0.051103413,0.3006384,0.23053077
-0.20445159,-0.3884273,-0.26645574,-0.18926735,-0.3822835,-0.152539,-0.30109015,-0.27149305,-0.27518612,-0.13716894,-0.22052799,-0.2030669,-0.18060851,-0.20325166,-0.38488165,-0.31168094,-0.41706917,-0.3169039
-0.17749736,-0.38168427,-0.25802854,-0.118022636,-0.3745341,-0.17787836,-0.3098252,-0.292354,-0.3007379,-0.14616077,-0.20044321,-0.18211587,-0.20210922,-0.19303298,-0.41243482,-0.32280925,-0.42338696,-0.3009272
-0.11703674,0.01645781,-0.15107062,0.14739001,0.0742078,-0.009113184,-0.16857705,-0.01800538,0.068439476,0.08180203,-0.04987667,0.11859534,-0.14986001,-0.12570304,-0.06194589,-0.18970457,-0.025761068,-0.30277428
-0.046312016,0.01903728,-0.14278243,0.123572044,0.084048755,-0.010004361,-0.18344107,-0.02206531,0.062252358,0.0763458,-0.07576308,0.09379449,-0.13479036,-0.13178174,-0.09111094,-0.19641972,-0.04110305,-0.29729864
-0.23609328,-0.39636862,-0.32251596,-0.21206611,-0.4494591,-0.19535032,-0.31930065,-0.35845366,-0.36232725,-0.12999712,-0.03149713,-0.19843896,-0.23715955,-0.17989683,-0.3302578,-0.26845407,-0.3878864,-0.24280497
-0.13643536,-0.3717418,-0.2966502,-0.20501037,-0.41841364,-0.15382294,-0.30980045,-0.32103753,-0.33209255,-0.09424293,-0.058401044,-0.18970445,-0.20971666,-0.15441474,-0.33845228,-0.26157254,-0.37788993,-0.24988931
-0.17268673,-0.13690817,-0.103053756,-0.00521918,-0.15128714,-0.010040633,-0.17451426,-0.11703651,-0.06769844,-0.08865541,0.14629298,-0.039004475,-0.24726854,-0.09645556,-0.26265913,0.0051880465,-0.16901141,-0.099278234
-0.10553499,-0.09628574,-0.07419988,-0.034304336,-0.09101116,-0.023251384,-0.192717,-0.107986666,-0.06536054,-0.09255284,0.1360934,-0.041229397,-0.27380204,-0.057919733,-0.23103695,-0.003471052,-0.14361481,-0.10415416
-0.12343261,-0.22098674,-0.17760287,-0.023541855,-0.21434501,-0.113377616,-0.12268801,-0.16635956,-0.1887775,-0.03398492,-0.2039663,-0.038057897,-0.07689746,-0.25738627,-0.17826799,-0.22510861,-0.13242306,-0.16319801
-0.08512098,-0.21152796,-0.18558337,-0.03165825,-0.19778043,-0.15263774,-0.14886977,-0.13701108,-0.17104204,-0.016739763,-0.20814614,0.012821252,-0.0638016,-0.29620183,-0.19256224,-0.22826663,-0.114454634,-0.18083656
0.17319472,0.25634295,0.40656334,0.18252797,0.24562798,0.1128072,0.25949425,0.17224076,0.17350656,-0.07846203,0.10202724,0.047357403,0.37481585,0.13941815,0.18219504,0.13899167,0.11142182,0.3463217
0.21959586,0.25807986,0.41215593,0.18259615,0.25945657,0.12536259,0.24915785,0.16011384,0.18339472,-0.08214575,0.1381572,0.0416922,0.3866605,0.15400328,0.18340714,0.16925202,0.108563654,0.372795
0.21945609,0.2754398,0.46758115,0.20743316,0.27813345,0.14611213,0.37694815,0.15687494,0.16719462,-0.06106249,0.20830518,-0.036026623,0.4912117,0.19237159,0.25147912,0.31885022,0.15885179,0.5315774
0.27070707,0.27629074,0.45574218,0.15845422,0.28654552,0.14883398,0.36059248,0.16568132,0.18984765,-0.06258587,0.22560121,-0.034724645,0.48120716,0.20165592,0.2524812,0.34147188,0.16210803,0.5300128
-0.15828152,-0.2370207,-0.20766856,-0.045942128,-0.16541854,-0.1329563,-0.16125695,-0.24182756,-0.24017303,-0.07282934,-0.103631064,-0.08590712,-0.12859112,-0.25380492,-0.13339858,-0.20497942,-0.116540015,-0.14987025
-0.19710444,-0.2319067,-0.19583268,-0.04878408,-0.17206581,-0.13249445,-0.12832694,-0.20603806,-0.20704918,-0.037065722,-0.08199096,-0.059448946,-0.088406764,-0.23227617,-0.10141669,-0.16622105,-0.11219953,-0.13758934
0.4060999,0.017891904,0.26829928,0.1439539,-0.007250703,0.031161228,0.16613702,-0.021919955,0.1207884,-0.1206475,0.0576805,-0.11721966,0.29241988,0.15251,0.0513597,0.11632121,-0.10654365,0.1714487
0.41651663,0.097018786,0.29839855,0.17752562,0.06400694,0.09533216,0.20791781,0.02316064,0.15611738,-0.09928117,0.08925482,-0.106383145,0.34632713,0.18394484,0.06711746,0.16226456,-0.08080785,0.195537
0.06637913,0.049328495,-0.018278897,0.053310145,0.021958014,0.08823928,-0.024737522,0.034434356,0.10969362,0.10815039,0.17941266,0.16919076,0.024951281,0.1516645,-0.09213155,0.033832863,-0.0124579985,-0.052754845
0.17963469,0.08586591,0.0058366875,0.10942664,0.09397509,0.05057648,-0.041243967,0.009314474,0.12874235,0.1258731,0.014314091,0.13265988,0.033350214,0.056511234,-0.052829236,0.009911974,0.011871907,-0.12784025
-0.24366274,-0.14533877,-0.18160097,-0.1101628,-0.14574252,-0.14788814,-0.09993575,-0.10770113,-0.13464981,0.13583246,-0.05259101,0.11213376,-0.112831585,-0.1415116,0.08721066,-0.13819169,0.025605734,-0.024315786
-0.23677136,-0.13518842,-0.18694267,-0.09019403,-0.14483038,-0.13357905,-0.10375237,-0.07326909,-0.10259955,0.1612297,-0.047609825,0.15758352,-0.097112656,-0.15608883,0.08705732,-0.13360502,0.04108909,-0.038947772
2.8316514e-05,-0.35675216,-0.21392764,-0.06493156,-0.36468953,0.017095111,-0.039780047,-0.12563312,-0.16019899,0.04080075,0.08527017,-0.019077651,-0.13006349,-0.1333996,-0.032604203,0.0058722636,0.0034226568,-0.13269201
-0.050704543,-0.45015794,-0.34307683,-0.15829605,-0.40345216,-0.14851199,-0.20217659,-0.35599518,-0.33794487,-0.1301815,-0.17207178,-0.20899254,-0.32414934,-0.16125858,-0.22039676,-0.28931183,-0.27132162,-0.33947307
-0.082658134,-0.41379723,-0.311508,-0.16122983,-0.3700854,-0.109327815,-0.15995961,-0.34210557,-0.33991823,-0.10865347,-0.14455934,-0.19559334,-0.29426056,-0.13579905,-0.1945425,-0.24696979,-0.25301605,-0.28541812
-0.056646314,-0.30421937,-0.28972113,-0.14545949,-0.30952758,-0.10125279,-0.2635754,-0.20830584,-0.24093904,-0.077272184,-0.22525191,0.010099205,-0.20667638,-0.2848945,-0.20510645,-0.29532412,-0.116123,-0.26876938
0.00685148,-0.31811762,-0.31231764,-0.15372522,-0.3198195,-0.09051872,-0.27430287,-0.15430568,-0.20702195,-0.031274516,-0.17462587,0.067740105,-0.22227587,-0.26819256,-0.17938751,-0.2893902,-0.06074275,-0.2795919
-0.12138355,-0.32035702,-0.34825724,-0.20396651,-0.25004962,-0.0914745,-0.24204545,-0.19189055,-0.32175738,-0.010511035,-0.2090308,-0.16237015,-0.3255507,-0.26793945,-0.22746684,-0.40423208,-0.23189104,-0.3346191
-0.15881187,-0.29102695,-0.3009309,-0.16823769,-0.24154028,-0.08988671,-0.19363686,-0.12124263,-0.24634777,0.03341904,-0.18365344,-0.09662302,-0.24631836,-0.25475532,-0.15794602,-0.3528677,-0.17115891,-0.29186478
-0.1566674,-0.3245383,-0.27047792,-0.037323724,-0.36714825,-0.14082956,-0.18673015,-0.24801314,-0.20810243,-0.036215402,-0.073264435,-0.058869228,-0.14189819,-0.14428687,-0.17540212,-0.1937018,-0.19239771,-0.21886723
-0.1462245,-0.35313937,-0.291645,-0.061147068,-0.39710623,-0.16136116,-0.2132257,-0.24318387,-0.21281338,-0.024688538,-0.065891914,-0.055685416,-0.14103167,-0.1502931,-0.20681229,-0.21087635,-0.22375475,-0.23379128
-0.01337037,-0.061273053,-0.08656231,-0.035130497,-0.08421865,0.17613,0.060906686,0.25127614,0.1305102,0.27590218,-0.0070893886,0.14155538,0.02323366,0.008023202,0.06832229,-0.109201826,0.10423917,-0.07991655
0.08892358,-0.017568547,-0.14564887,-0.16107255,0.039203927,0.09214148,0.0824797,0.046995465,0.07154042,0.07873227,0.09384945,-0.06479625,-0.032037683,-0.099377066,0.21143952,0.26454344,0.124729015,0.052086294
0.06591417,-0.05492463,-0.14693835,-0.17127427,-0.0036600004,0.10015708,0.085543685,0.028315032,0.038844816,0.06908296,0.102265,-0.0912019,-0.040470514,-0.0827061,0.18138805,0.2617042,0.09398825,0.05054804
-0.28452507,-0.34874332,-0.32027882,-0.36440575,-0.33216986,-0.18984649,-0.30193213,-0.32503954,-0.2907576,-0.20633925,0.13360213,-0.24880463,-0.28744167,-0.17784078,-0.35378727,-0.21127944,-0.35979214,-0.0010448474
-0.2894198,-0.37427,-0.3035208,-0.3359102,-0.3740645,-0.18015428,-0.2874929,-0.332499,-0.2908313,-0.21082905,0.13461314,-0.23752849,-0.2594446,-0.20040369,-0.3700645,-0.19922289,-0.35736084,-0.007039544
-0.027924936,-0.15097556,-0.24810535,-0.11661678,-0.09006642,0.027906327,-0.07916162,0.02749744,0.057293463,0.16515546,-0.10472532,0.0826098,-0.12670562,-0.112143084,0.083765075,-0.15701418,0.08421225,-0.19524255
-0.022860732,-0.16183092,-0.24818274,-0.12251108,-0.09785421,0.029865604,-0.085944116,0.028174171,0.0400798,0.16280852,-0.096992895,0.080886446,-0.12201771,-0.11371821,0.06730133,-0.17317082,0.06667806,-0.18339114
-0.28087667,-0.32041886,-0.34183595,-0.1168876,-0.24745044,-0.20037621,-0.2542937,-0.2625704,-0.24520816,-0.097358555,-0.16709173,-0.14905834,-0.22432724,-0.252556,-0.2035671,-0.37753257,-0.2248625,-0.28474775
-0.25319722,-0.29415783,-0.30023625,-0.103050575,-0.22119401,-0.16873285,-0.22488701,-0.2453051,-0.22769432,-0.08201704,-0.16615175,-0.15482835,-0.19912572,-0.21792191,-0.19169086,-0.35137963,-0.21470684,-0.2564566
-0.12003596,-0.25300688,-0.13538933,0.011079265,-0.33732885,-0.11674467,-0.21453953,-0.18634658,-0.14603932,0.03930998,-0.13402762,0.114886895,-0.16349167,-0.22520743,-0.15254305,-0.17502922,-0.123086,-0.24542983
-0.091145925,-0.24929543,-0.15449604,-0.017410612,-0.33033413,-0.08950358,-0.18187708,-0.16541809,-0.12696198,0.055682108,-0.120976955,0.10517783,-0.14750232,-0.19423832,-0.10756273,-0.15909427,-0.09021075,-0.22955342
-0.09998935,-0.2683084,-0.14518458,-0.10972214,-0.31862956,-0.14590023,-0.17222804,-0.22158551,-0.24354617,-0.012949546,-0.15656337,0.030244838,-0.16737762,-0.26374358,-0.13066413,-0.16027695,-0.113334216,-0.17829436
-0.09585388,-0.26530394,-0.1490393,-0.11792476,-0.31717393,-0.14777403,-0.17358339,-0.22004673,-0.24818616,-0.013126192,-0.14268272,0.029636893,-0.15550375,-0.2631855,-0.13732205,-0.14577101,-0.117954075,-0.17436132
-0.19625339,-0.17828499,-0.2887267,-0.14657106,-0.14050412,0.018394936,-0.053159773,-0.24734913,-0.1822989,-0.11356553,0.25947052,-0.14725173,-0.28755683,-0.09588087,-0.08090598,0.0035145185,-0.04091569,0.00995294
-0.14786267,-0.1025825,-0.22298852,-0.06470427,-0.039488673,0.047262277,-0.031752072,-0.23083428,-0.11645235,-0.09757623,0.31411988,-0.12629776,-0.23399311,-0.055466592,-0.041874163,0.04829869,-0.015653191,0.0657114
-0.09587187,-0.2965638,-0.2474059,0.0030524656,-0.27022305,-0.12889451,-0.08619375,-0.2281979,-0.24806827,-0.050968435,-0.18789051,-0.0294691,-0.20087527,-0.25951076,-0.1220731,-0.24900602,-0.11394771,-0.21678083
-0.10994593,-0.30960694,-0.25698575,-0.011962666,-0.29060397,-0.13993546,-0.094352275,-0.23242198,-0.24463195,-0.054442734,-0.19461463,-0.031217676,-0.21319446,-0.26073322,-0.12207444,-0.25191316,-0.12211705,-0.2279218
-0.009384652,0.07682475,0.23803802,0.27470705,0.053804226,0.18458128,0.108252466,0.122414686,0.081964836,0.14831163,0.25677028,0.19616638,-0.023189915,0.35620975,0.017540857,0.05326863,0.013643254,0.14851789
0.00060906395,0.07306444,0.21587412,0.26841584,0.04568781,0.20136939,0.12676954,0.14511004,0.093703136,0.17275596,0.2833236,0.1987975,-0.014116441,0.3795174,0.03466474,0.066351674,0.02781976,0.16268224
-0.08413308,-0.19781268,-0.24790537,0.04539961,-0.19291864,-0.13994539,-0.24195923,-0.21188493,0.07601898,0.031259354,-0.12493127,0.1794497,-0.15802762,-0.21716668,0.011691622,-0.12568498,0.008605131,-0.26309675
-0.17851347,-0.1442495,-0.1519331,0.06497439,-0.15012671,-0.0787162,-0.14749199,-0.16758217,0.1262357,0.0677116,-0.06390192,0.13611744,-0.078040875,-0.082430296,0.08553253,-0.068738915,0.012889051,-0.14677823
0.117351785,0.2706316,0.07212878,-0.032983225,0.2635389,0.34704491,0.07577389,0.20461227,0.22922555,0.27934045,0.13491161,0.24617423,-0.12387226,0.1936753,0.20027797,0.11031488,0.19497733,-0.09840846
0.1705768,0.28877506,0.10033911,-0.042760853,0.28929356,0.35769513,0.099420205,0.23419179,0.2358889,0.27732512,0.14290215,0.2368219,-0.09896625,0.20631856,0.21207552,0.12834573,0.21052258,-0.07228142
0.14270432,-0.0057036723,0.0907796,0.17189844,-0.022989145,0.100487754,-0.08899832,0.043196432,0.07449645,0.14208424,0.018115576,0.115800634,-0.12070358,0.22888216,-0.16665755,-0.080994986,-0.112072706,-0.19975324
0.13169149,0.008739879,0.075938314,0.18082514,-0.014720609,0.13041396,-0.07224939,0.071110584,0.110513404,0.16304752,0.03479085,0.14364704,-0.09992188,0.22773786,-0.14314218,-0.0640938,-0.08442048,-0.20311448
0.17207105,0.31099054,0.17860289,0.3245805,0.23988275,0.14322308,0.22890133,0.123194896,0.24678762,-0.0076377643,0.015904937,-0.045389447,0.3127484,0.19300054,0.07212634,0.15907174,0.03294284,0.053160507
0.15793206,0.31656572,0.16671129,0.31852067,0.24037959,0.15455426,0.2431334,0.13329874,0.24765751,0.0047010067,0.023424875,-0.04258495,0.30980888,0.19654746,0.0887379,0.17922983,0.043597404,0.046690233
-0.035654984,-0.0608231,-0.20784989,0.13083766,-0.08572598,0.0845695,-0.16965532,-0.054470442,-0.022886131,0.110772714,-0.0840252,0.15313502,-0.13817678,-0.10200744,-0.22482292,-0.22246718,-0.07291074,-0.29596236
0.026456585,-0.060904365,-0.17313066,0.15524244,-0.061282054,0.03991339,-0.18221892,-0.10590382,-0.035954274,0.0635512,-0.11361153,0.11749517,-0.13761817,-0.15994689,-0.22019972,-0.19403762,-0.07036386,-0.28783327
0.28745028,0.3927857,0.530579,0.31452554,0.39908323,0.3026905,0.4299563,0.38021937,0.29382768,0.18553805,0.24052691,0.23987198,0.5639629,0.23806283,0.2502752,0.45090348,0.23628187,0.49895522
0.22595817,0.2573382,0.37080225,0.2168864,0.24672192,0.2733897,0.36975807,0.2774623,0.19475843,0.090642035,0.16194575,0.14406441,0.47266984,0.11752534,0.171628,0.29822502,0.19181527,0.37562686
-0.09498157,-0.18643571,-0.027238954,0.13661575,-0.2035516,0.022707183,-0.0016509681,-0.18617006,-0.009709931,-0.1330017,0.24557033,-0.037584167,-0.08364576,-0.055814262,-0.14582641,0.1550901,-0.022250285,0.13669433
-0.08831016,-0.16755508,-0.037187543,0.143722,-0.17434606,0.007756265,-0.012299249,-0.18655172,-0.009954458,-0.13224906,0.23223895,-0.026932757,-0.091542214,-0.09399382,-0.15470722,0.13793829,-0.01262294,0.12682797
-0.10920521,-0.2623838,-0.18715939,-0.019171923,-0.35217276,-0.16462573,-0.17682509,-0.16307543,-0.16118513,0.03540948,-0.17250185,0.12839986,-0.13803656,-0.29623058,-0.08959547,-0.22422342,-0.038649105,-0.16668136
-0.108171925,-0.25437865,-0.17695685,-0.039412215,-0.34314653,-0.15516697,-0.17019102,-0.16105318,-0.16209544,0.027465906,-0.16931121,0.09914141,-0.1252461,-0.29580465,-0.08183503,-0.20484285,-0.03986696,-0.14310297
-0.11509235,-0.30272582,-0.19794218,0.0038849604,-0.3400775,-0.20443903,-0.2149463,-0.15740259,-0.21736333,0.02080638,-0.08148508,0.15768473,-0.13740921,-0.27268663,-0.089780174,-0.21414696,-0.062040452,-0.16145259
-0.12780403,-0.26729822,-0.16868997,0.018475503,-0.3145899,-0.20824909,-0.20161368,-0.15758613,-0.20004423,0.014506344,-0.10831669,0.14778104,-0.116963476,-0.26618418,-0.09530671,-0.21374606,-0.07419329,-0.14174844
0.034502633,-0.25125885,-0.13362332,-0.08995075,-0.2524328,0.016738787,0.052113917,-0.09475812,-0.110801615,-0.0033134662,0.20795843,-0.1012362,-0.031070888,-0.027674532,-0.035660323,0.195475,-0.028455468,0.023307966
0.1259395,0.06877899,-0.13770455,-8.52925e-05,0.113853894,0.1952553,0.11178925,0.2390363,0.16891241,0.24967039,0.20433238,0.3733991,-0.14312969,-0.0043013906,0.3193134,0.11890729,0.44559726,0.06315372
0.182799,0.03212639,-0.15039486,-0.05402319,0.08103745,0.18889761,0.11012417,0.25484484,0.1731805,0.24519764,0.17931528,0.3178379,-0.12519968,0.019679796,0.29631028,0.10805893,0.43299636,0.061080825
-0.14527422,-0.04598578,-0.0889961,-0.115601644,-0.003924127,0.11563921,-0.14243622,0.023482028,-0.04212383,0.09173533,0.008127614,0.0865013,-0.32817996,0.15452988,-0.04618493,-0.2373416,-0.053594813,-0.30635074
-0.083027095,-0.007080657,-0.07344992,-0.10421091,0.043671954,0.13062353,-0.11990021,0.048065502,-0.029193407,0.11939779,0.013731339,0.08087847,-0.3098761,0.19844495,-0.03236339,-0.2209773,-0.03747229,-0.2706496
-0.14902656,-0.23903067,-0.17534406,0.005504219,-0.20115063,-0.04681032,-0.053743146,-0.27808693,-0.09008542,-0.16287607,0.2235874,-0.15917823,-0.13297327,-0.11007708,-0.15851907,0.067289844,-0.10928283,0.06168344
-0.17241183,-0.23989257,-0.17945372,-0.016446505,-0.20480344,-0.05781614,-0.06459451,-0.2837135,-0.09290468,-0.17098837,0.2131238,-0.16684382,-0.13170095,-0.11245168,-0.16236746,0.059311077,-0.12148004,0.05923414
0.25955442,0.26958573,0.15543027,0.43246052,0.28131503,0.24474367,0.29134405,0.26616114,0.33243954,0.15519921,0.10141076,0.2442845,0.22119553,0.14505595,0.24882345,0.28498784,0.3379767,0.021867732
0.25293076,0.18005836,0.26870137,0.49439093,0.17762549,0.19563259,0.38372773,0.19602542,0.21931201,0.036157776,0.17139736,0.054576736,0.40647033,0.11613663,0.17027505,0.40789476,0.22258312,0.22807448
0.18876642,0.18204893,0.24377911,0.50011075,0.17644842,0.18471467,0.37988883,0.1801123,0.20485722,0.02787835,0.17125721,0.033037607,0.40693086,0.11597834,0.15434475,0.4016126,0.19796093,0.21986452
0.23189732,-0.16052192,0.08226635,0.05304265,-0.12715973,-0.050122283,-0.045604616,0.055921145,0.22587675,0.059621323,0.009765114,0.16771525,-0.19154133,0.10575472,0.12372506,-0.03722739,0.07779457,-0.14758344
-0.072275884,-0.13967846,0.11140997,0.073797435,-0.12919883,-0.015823526,-0.024656069,0.03195092,0.20630588,0.051654786,0.054226797,0.16882978,-0.18401308,0.13335772,0.10722273,-0.04801771,0.06273129,-0.1200367
-0.24253877,-0.38665363,-0.34243098,-0.25593832,-0.39070076,-0.3302637,-0.29811177,-0.3200242,-0.33492556,-0.19553952,0.08938803,-0.17585698,-0.2649718,-0.32988408,-0.21958469,-0.11917517,-0.25660518,-0.061296977
-0.2580072,-0.3713384,-0.32678986,-0.23905814,-0.38291204,-0.32228965,-0.29582587,-0.32016864,-0.31977496,-0.19135733,0.09578143,-0.17141818,-0.24313752,-0.32325852,-0.22797583,-0.11009872,-0.27069512,-0.052928645
0.18848509,0.25901765,-0.0075423345,0.009059234,0.32900426,0.13737887,0.05495567,0.27227598,0.22311226,0.26134035,-0.12378528,0.21337377,-0.030747376,-0.019414248,0.13071734,-0.07190809,0.20417477,-0.1326647
0.21570684,0.27062103,0.010487661,-0.014451783,0.33988744,0.1621781,0.07245013,0.2922308,0.24382085,0.26798472,-0.11173628,0.21147777,-0.013377549,0.015171004,0.14212415,-0.061135586,0.20786268,-0.12959859
0.2185251,0.1842792,-0.054726347,0.0584325,0.25923812,0.114598796,0.054302998,0.26071203,0.23620944,0.23964143,-0.1070894,0.17408536,-0.010631553,-0.006412061,0.16104904,-0.054817438,0.20839542,-0.13552926
0.22199701,0.18993701,-0.050008696,0.060485296,0.26370198,0.13338648,0.05645573,0.2761938,0.2442359,0.2536638,-0.09065708,0.19798024,-0.012955867,0.017092856,0.15977721,-0.06591706,0.21094976,-0.14244267
-0.22638635,-0.1403971,-0.24243945,-0.08547534,-0.13288791,-0.07462459,-0.099908225,-0.1188186,-0.008593861,0.10075547,0.015748337,0.007356246,-0.16120522,-0.029124435,0.121243015,-0.073573075,-0.01147859,-0.10546688
-0.25252104,-0.20051827,-0.22819093,-0.16145957,-0.19340013,-0.06592044,-0.09860521,-0.17309257,-0.11197246,0.026638813,0.14357643,-0.053507674,-0.19054176,-0.019519558,0.071609885,-0.039782386,-0.049386103,-0.0076291882
-0.0077831657,-0.27806443,-0.3121247,-0.13404848,-0.27221084,-0.14206856,-0.32471794,-0.3192401,-0.25436136,-0.09341958,-0.09666775,-0.13489063,-0.2571628,-0.24741372,-0.27361995,-0.2653074,-0.27395856,-0.3114791
-0.082131304,-0.3038429,-0.3341636,-0.14394356,-0.30657098,-0.14897162,-0.35285082,-0.3391353,-0.25661364,-0.10615061,-0.0959841,-0.14425097,-0.25673386,-0.25510514,-0.28881758,-0.28797722,-0.30085889,-0.3220435
0.09229814,0.23165464,0.033558737,0.060828067,0.3078565,0.22170895,-0.021510873,0.15081768,0.07954636,0.19159377,-0.10470752,0.16461699,-0.1775652,0.05915239,0.12189465,-0.12119621,0.13937134,-0.119161904
0.027326299,0.22089444,0.05122549,0.06219458,0.2878637,0.2585002,0.009662019,0.15653129,0.09521553,0.21248063,-0.0631333,0.2031253,-0.19426297,0.104496576,0.16447316,-0.097149886,0.1755722,-0.12562208
-0.1913557,-0.25886562,-0.2542356,-0.28814483,-0.26131046,-0.010831172,-0.19011074,-0.14176024,-0.13174525,0.027971078,0.030923637,0.06425066,-0.23427995,-0.06314354,-0.06439798,-0.18531553,-0.08500814,-0.24463682
-0.17275469,-0.2327855,-0.23724854,-0.24665673,-0.25046116,0.016070506,-0.18588561,-0.15909882,-0.12475551,0.036267214,-0.046270486,0.063826874,-0.2153105,-0.06804803,-0.07993182,-0.21605456,-0.1011471,-0.29069266
-0.15015519,-0.28991076,-0.18587428,-0.19146618,-0.24524763,-0.07250325,-0.079361744,-0.27424845,-0.16613194,-0.2032479,0.21684639,-0.1392627,-0.16305232,-0.08507014,-0.0914376,0.07924702,-0.102003954,0.05520422
-0.16543494,-0.29726094,-0.18830773,-0.18521434,-0.25862652,-0.09260825,-0.084899575,-0.29461193,-0.18328603,-0.20477395,0.21823741,-0.14159216,-0.14654051,-0.09235528,-0.10831046,0.0767169,-0.12520887,0.060961444
0.24451569,0.14101058,0.15220171,0.008850606,0.19624685,0.24261728,0.23534633,0.35264072,0.11286508,0.16375528,0.19603866,0.10241992,0.083997935,0.057043128,0.11092132,0.2750285,0.20224646,0.16194883
0.24928138,0.15482283,0.110092856,-0.013728405,0.21271703,0.25451374,0.24248971,0.3583758,0.12098487,0.16279127,0.21512464,0.09644426,0.10665068,0.0374812,0.124116056,0.28519008,0.21630578,0.1681883
0.016443988,0.013952309,-0.08221221,0.12370319,0.013066992,0.21945864,0.02128166,0.1164758,0.17345066,0.18022804,0.079783626,0.15817152,-0.08317002,0.05894897,-0.039952796,0.10274429,0.06928544,-0.27560022
0.05732071,0.05049734,-0.070150234,0.12179272,0.0568407,0.24755307,-0.003953253,0.120542444,0.17333172,0.17077972,0.08490776,0.17693688,-0.07963424,0.074948184,-0.056127626,0.06380771,0.06267601,-0.26936916
-0.05035082,-0.1292492,-0.07629667,-0.039209694,-0.10396674,0.037436415,0.11206873,0.07770352,0.052165404,0.14805499,0.24432117,0.20216654,-0.045971684,-0.04227556,0.16457249,0.23294781,0.17615907,0.10123552
-0.04172297,-0.11953125,-0.06075583,-0.0148069225,-0.096913785,0.040700488,0.1325562,0.11072043,0.06668964,0.1692342,0.24254815,0.22326942,-0.033355813,-0.027465368,0.17199183,0.23431619,0.18755159,0.10270755
-0.080830485,-0.041919235,-0.14638358,-0.10969949,0.037459206,0.067492545,-0.0011822381,0.02275323,0.0523652,0.015795363,0.26210818,0.13656834,-0.072218865,-0.13044247,0.094090074,0.11937851,0.14435253,0.15114039
-0.07807434,-0.045962434,-0.13578494,-0.11743945,0.029181756,0.06378705,0.004310707,0.0400533,0.057847317,0.025983261,0.25868803,0.14597724,-0.06768539,-0.11096898,0.09809494,0.112717815,0.1411349,0.15388875
-0.18133834,-0.2896537,-0.24083014,-0.07815724,-0.32515886,-0.2690099,-0.21485749,-0.2729683,-0.24054214,-0.09240804,-0.2052433,-0.07765517,-0.15783638,-0.23692557,-0.18579195,-0.269559,-0.16683511,-0.17145528
-0.13301916,-0.27376625,-0.20812342,-0.09054519,-0.31694567,-0.23498368,-0.18304878,-0.19976258,-0.17310287,-0.04675812,-0.17742,-0.03301693,-0.13075408,-0.21611078,-0.101578176,-0.21544091,-0.08027782,-0.15074846
0.15998608,-0.009642556,-0.075783856,0.025738267,-0.023102729,0.29519677,0.14756878,0.33804715,0.12268461,0.3278825,0.10580942,0.27787635,0.08740329,-0.02874288,0.20016316,-0.0023829513,0.2789419,-0.037630428
0.15565786,0.019539401,-0.06488274,0.08451406,-0.015317273,0.31188256,0.1524464,0.37093845,0.19317198,0.35101864,0.09790402,0.3394676,0.116130404,-0.041739516,0.21203187,0.036682025,0.30975482,-0.07525279
0.06709676,0.3688206,0.14067082,0.15071505,0.3507756,0.33198938,0.36926383,0.45823005,0.27579793,0.31018132,0.042099044,0.23440771,0.05740234,0.22813414,0.28703135,0.1469672,0.3359962,0.053192984
0.040148735,0.33736435,0.13081166,0.15949565,0.3131877,0.32618356,0.34587374,0.44331545,0.26497275,0.30452886,0.036242675,0.23215851,0.05186126,0.21350028,0.25464272,0.11290321,0.30561587,0.028989917
-0.18727632,-0.30161923,-0.4417906,-0.16615404,-0.2845633,-0.19521421,-0.37173936,-0.36729717,-0.28417486,-0.122840166,-0.12589279,-0.13499692,-0.37459072,-0.19774012,-0.21516916,-0.3541734,-0.21379907,-0.3656279
-0.28558728,-0.3048017,-0.43355933,-0.19290282,-0.29847634,-0.20125644,-0.38125986,-0.39339647,-0.29712388,-0.14916895,-0.082248814,-0.13717361,-0.37487414,-0.19061597,-0.1925304,-0.33155873,-0.22311665,-0.34232718
-0.07632085,-0.3658538,-0.16343997,-0.20089152,-0.43366843,-0.09159694,-0.15607533,-0.23687072,-0.28210172,-0.034611497,-0.084318295,-0.18148531,-0.1823799,-0.0753746,-0.1902763,-0.14248452,-0.2255935,-0.1568191
-0.19101617,-0.08545016,-0.09780355,-0.016731689,-0.071926825,-0.020172141,-0.11282837,-0.13796245,-0.04223547,-0.073212445,0.19538678,-0.05984196,-0.10351076,-0.21815869,-0.16349588,0.10265473,-0.1425972,0.10409272
-0.1592424,-0.078129716,-0.070709,0.059433095,-0.06122029,-0.0067480262,-0.08861342,-0.12506703,-0.0403687,-0.06424717,0.2051367,-0.05254745,-0.07658097,-0.20218699,-0.15802695,0.120486595,-0.134861,0.12224309
-0.085475355,-0.16820894,-0.03227207,-0.2387976,-0.15501843,-0.096656,-0.13618396,-0.1631655,-0.04711664,-0.08901938,0.18399979,-0.10102185,-0.13015017,0.02813874,-0.16696908,0.09971168,-0.25594965,0.022180436
-0.120796405,-0.1905013,-0.053442884,-0.2582089,-0.18078822,-0.11019088,-0.15049304,-0.19326578,-0.085491434,-0.11580045,0.17714523,-0.13144721,-0.13962844,-0.0054142256,-0.20548588,0.09082794,-0.28448978,0.0063215136
0.15039459,0.23410779,-0.047266692,0.11364605,0.25641194,0.13563298,0.21435922,0.34834278,0.17418845,0.23927806,0.009744268,0.26966286,-0.0020707431,-0.00012962733,0.24651657,0.10933553,0.3816517,0.035200015
0.11652775,0.24126874,-0.05230691,0.08978459,0.2741613,0.15740779,0.23953003,0.3231155,0.13998474,0.23284875,0.07168705,0.24325731,-0.04155345,0.028137926,0.24596798,0.12646993,0.38985127,0.081814796
0.17070545,0.3189491,0.039579883,0.1494394,0.3505689,0.17920329,0.23679204,0.39557776,0.24454387,0.2798117,0.041558336,0.3129006,0.026721492,0.09323864,0.2902132,0.11975801,0.40129334,0.07507866
0.116962984,0.31279325,0.030697338,0.13059182,0.3511094,0.20616162,0.2610072,0.39025515,0.25784773,0.2698957,0.13734226,0.3175993,-0.0041951565,0.13225242,0.32588974,0.15985447,0.4434176,0.122355886
-0.08381467,-0.017662404,-0.051069286,0.0661655,0.076903485,-0.0050044083,-0.04695381,-0.026015365,-0.029844617,0.13971578,-0.10022839,0.08476066,-0.086724326,-0.05874129,0.08501277,-0.1602677,0.0132590085,-0.048305515
-0.08770163,-0.021741712,-0.04940921,0.07995779,0.07456564,-0.014318722,-0.053438127,-0.017883658,-0.018219508,0.13938831,-0.102787115,0.09008382,-0.08770203,-0.056516763,0.0847687,-0.1735988,0.008998875,-0.053692367
-0.13981622,-0.35864252,-0.21185966,-0.23393008,-0.34084597,-0.124838635,-0.22061796,-0.23472941,-0.3371677,-0.077171154,-0.21730325,-0.26410893,-0.23570774,-0.238441,-0.27097473,-0.26187754,-0.29898924,-0.21603921
-0.04797017,-0.3694885,-0.23541306,-0.10608603,-0.3324463,-0.17090987,-0.25172198,-0.34015816,-0.25783753,-0.117855355,-0.111816406,-0.13529727,-0.23940454,-0.22070958,-0.17350535,-0.20489028,-0.1789411,-0.25190043
-0.08940037,-0.3763963,-0.263128,-0.088446505,-0.34579018,-0.18012998,-0.24975781,-0.3717071,-0.26669875,-0.13735595,-0.12877144,-0.16968937,-0.24619581,-0.22170617,-0.17464694,-0.21397905,-0.19467562,-0.25754535
-0.025819886,0.10991184,-0.12684812,0.026863229,0.15170932,0.1552878,0.0010944235,0.03720561,-0.082033016,-0.030062562,0.23430549,-0.0058226627,-0.06392268,-0.20199746,-0.14098583,0.1451118,0.06840782,0.11751495
-0.0004466097,0.105922416,-0.12142377,0.024753198,0.14597166,0.14996733,-0.013185573,0.040010523,-0.08617566,-0.030325294,0.22279033,-0.010471005,-0.061068673,-0.23228367,-0.14929314,0.14833973,0.062447436,0.10032221
0.081937574,0.08204889,-0.101965904,-0.090140805,0.05919553,0.22862302,0.09390799,0.33552632,0.1964204,0.2088512,-0.07327679,0.21731882,0.010594472,-0.09488133,0.14222908,-0.05571733,0.23871279,-0.1182604
0.0751021,0.10163052,-0.07067237,-0.09288223,0.075070776,0.23061442,0.11029644,0.36359194,0.21966536,0.22510464,-0.067961216,0.22939982,0.028979378,-0.05570123,0.16310668,-0.054538585,0.24985585,-0.09373876
0.041514877,0.35879704,0.28842765,0.12452552,0.2858787,0.33942732,0.06968456,0.21892591,0.18755047,0.22578269,0.18841667,0.26391563,-0.09736151,0.4509739,0.07026572,0.014103637,0.055762243,-0.007457972
0.0010198778,0.34447557,0.24381189,0.065275736,0.2786949,0.3334509,0.045199763,0.19730721,0.18357411,0.21780516,0.20364226,0.24247786,-0.10898237,0.45131823,0.057830147,0.007632815,0.03967387,-0.019831652
0.03770083,-0.21059197,-0.068224356,0.05555968,-0.2831022,0.017200079,-0.1223657,-0.07839637,0.045863733,0.09605494,-0.02098015,0.20143485,-0.202242,0.061110247,0.047278672,-0.0395252,0.08615904,-0.23758669
-0.00059516076,-0.22104757,-0.069450535,0.054528646,-0.3082866,0.007856118,-0.12155392,-0.08213163,0.038836345,0.09510777,-0.03169673,0.17338824,-0.16929318,0.05920653,0.017287605,-0.042271122,0.046875168,-0.23438317
0.14469375,0.027274057,-0.005171448,0.3235315,-0.00042509707,-0.14258288,0.08931825,0.037140455,0.18772216,0.023329096,-0.005195514,-0.09601564,0.32961828,-0.0122812,0.011425203,0.106590964,-0.12529436,0.0028794566
0.13057065,0.011438185,0.0028704233,0.33086783,-0.019817255,-0.14672363,0.09537733,0.029855004,0.19668396,0.01606508,0.01195766,-0.10004454,0.33296725,-0.0025567156,0.024556523,0.12195172,-0.12369824,0.011730948
0.075482085,-0.044352822,0.048395835,0.19141984,-0.028108848,0.08329857,0.26010647,0.06821391,-0.00406643,0.030384157,0.12452584,-0.053203933,1.4577992e-05,0.22712015,0.16127768,0.07688092,0.07583545,0.12485978
0.07095157,-0.03689063,0.03035693,0.16503775,-0.022472253,0.08732341,0.25846276,0.070597544,0.011604767,0.030465463,0.13120416,-0.048573453,-0.000873458,0.23784797,0.17237666,0.08268949,0.08672203,0.12950395
0.1870468,0.06341034,0.18542562,0.27210715,0.10646299,0.14579281,0.33592498,0.096905515,0.020567253,0.05744288,0.27381423,-0.03739146,0.070822924,0.30426246,0.19497383,0.21781403,0.14543664,0.30197176
0.15048672,0.051719666,0.15681839,0.27793792,0.085157186,0.13005406,0.33522144,0.09908971,0.016004695,0.059438795,0.26303026,-0.037442714,0.073541716,0.2912779,0.20189184,0.21388774,0.14497952,0.292377
0.26174548,-0.054274343,0.084996514,0.26795518,-0.032180298,0.06320749,0.2249942,0.052327976,0.018228052,0.00023065548,0.13106455,-0.020262653,0.040045332,0.16789569,0.1555722,0.1208311,0.073974274,0.13967851
0.23729426,-0.05107868,0.091767244,0.28873524,-0.0401699,0.068026155,0.2270652,0.05289075,0.01988938,-0.0013947496,0.12442232,-0.016410427,0.044749953,0.17726019,0.16450156,0.121330276,0.0753485,0.13810702
-0.12487375,0.040724546,-0.1711066,-0.03750191,0.12808572,0.0748637,-0.07994489,-0.020405807,-0.07790044,0.17192787,-0.080994174,0.06381392,-0.20041025,-0.08504797,0.055732,-0.15650192,0.05942296,-0.1106062
-0.13078238,0.047153074,-0.14600913,-0.060941502,0.1389937,0.09742846,-0.049898904,0.0043280046,-0.08118023,0.18979025,-0.06254244,0.05051528,-0.19211823,-0.036141973,0.06294862,-0.1542167,0.054932173,-0.09430014
-0.15246017,-0.27242804,-0.34428447,-0.18107605,-0.2141736,-0.17539969,-0.27976176,-0.20475473,-0.26880008,0.025118597,-0.20853671,-0.0025173845,-0.3460395,-0.29975528,-0.090665944,-0.28016534,-0.11603818,-0.28685918
-0.22252557,-0.2575947,-0.25637913,-0.1821927,-0.22101583,-0.10913345,-0.20670862,-0.18374941,-0.24475856,0.044588916,-0.1508045,-0.004908927,-0.28715214,-0.2085532,-0.052084293,-0.22683011,-0.10882156,-0.23000774
-0.045609146,-0.29034656,-0.21372622,-0.082700595,-0.34406874,-0.017497398,-0.10679017,-0.16471367,-0.11330583,0.0089696795,-0.13471618,-0.09669941,-0.08143516,-0.2225229,-0.12037011,-0.14844404,-0.11080784,-0.19506495
0.15021521,0.28012815,0.2119269,0.050227586,0.29080027,0.203182,0.09610432,0.24386553,0.26905227,0.18338016,0.07313446,0.18950741,0.1318252,0.077307746,0.12099335,0.081500486,0.050626405,0.02886175
-0.043016344,-0.02000048,0.0091560315,-0.061022133,-0.05735897,0.08840606,0.18706734,0.27271885,0.17004766,0.29977524,0.17870118,0.37679228,-0.07774589,0.18495989,0.35822412,0.11638274,0.3735449,0.15266477
-0.039929494,-0.0046162102,0.020986838,-0.05983452,-0.045811825,0.13108659,0.21065472,0.2926272,0.17349696,0.309564,0.18922767,0.3828664,-0.069643505,0.19622497,0.35683325,0.1269727,0.38762796,0.17165227
-0.0036536995,0.059323475,0.07873056,-0.052031558,0.05512719,0.13871193,0.036807586,0.1725308,0.14163336,0.26422918,0.054788,0.20255555,0.00412584,0.25785047,0.020740358,-0.04909825,-0.046666782,-0.012636786
-0.0103722345,0.053281076,0.06260907,-0.05705934,0.051572755,0.1470004,0.025850233,0.16318241,0.1238068,0.25906965,0.06068746,0.20548883,-0.0031758202,0.22897752,-0.002903305,-0.05836808,-0.052923832,-0.014241692
-0.17870827,-0.32345718,-0.2559978,-0.17679305,-0.31333753,-0.122658744,-0.20395362,-0.209316,-0.29753292,-0.05885774,-0.15213424,-0.0014982289,-0.20360617,-0.34041706,-0.10841798,-0.24320248,-0.07130249,-0.18342736
-0.15726,-0.29245657,-0.20972571,-0.16072793,-0.30030873,-0.102828175,-0.1491659,-0.16260222,-0.24707901,-0.021897865,-0.1289793,0.03516258,-0.1425008,-0.30078253,-0.06775735,-0.19321083,-0.032910537,-0.13450071
0.25498095,0.33409837,0.47271776,0.42272806,0.25990993,0.30431786,0.39728248,0.25599542,0.3719785,0.11035805,0.08052698,0.18367544,0.47471264,0.34753764,0.22067572,0.16781643,0.12312769,0.195938
0.1901781,0.33201897,0.45209372,0.39761093,0.25320286,0.2922074,0.37982652,0.22930723,0.34493893,0.084869795,0.06306837,0.14120084,0.45502567,0.3441809,0.20237719,0.14874525,0.09459451,0.19114144
0.11666103,-0.06304925,0.21669059,0.20955633,-0.05946709,0.16599177,0.09376739,-0.06340946,0.20819813,-0.041461337,0.3486776,0.08788626,0.118940845,0.043858513,0.0138781,0.30030096,0.031878978,0.21161161
0.04859992,-0.01647774,0.20410037,0.17881495,-0.01032564,0.19219373,0.10729908,-0.054200213,0.22757149,-0.023500439,0.3775271,0.10387799,0.11444465,0.080656506,0.03317668,0.30958223,0.05527587,0.22844197
0.08999113,0.268742,0.19439727,0.16433625,0.25530142,0.38195816,0.13495567,0.09576323,0.13352273,0.05781921,0.41715875,0.1723399,0.0097227935,0.07471912,0.011879457,0.25145844,0.1684176,0.24007894
0.07822028,0.26918387,0.20519099,0.18214019,0.25163305,0.3900084,0.14523596,0.094465345,0.14177041,0.07178376,0.42698473,0.17397845,0.021348272,0.08225843,0.0040104855,0.2732045,0.153144,0.23427798
-0.024018684,-0.055826135,-0.20182034,-0.116195396,-0.032852113,0.0673434,-0.044401348,0.13001172,-0.009736532,0.22472778,0.04217248,0.3301387,-0.081242956,-0.18633986,0.071268536,-0.18431084,0.20213805,-0.10728241
-0.021291051,-0.057857774,-0.20012882,-0.11068753,-0.028421832,0.043317985,-0.08598289,0.10177071,-0.028209537,0.20327164,0.00585207,0.2933936,-0.076102704,-0.23926781,0.013632393,-0.19670136,0.14194398,-0.15268275
-0.07360713,-0.34717843,-0.16304475,-0.25297552,-0.3549802,-0.17085357,-0.26256645,-0.25058603,-0.32599738,-0.0703577,-0.1463066,-0.051346786,-0.326949,-0.18810885,-0.1983148,-0.2678923,-0.21576197,-0.23365983
-0.0738135,-0.33614978,-0.16634317,-0.24731994,-0.3428712,-0.16803676,-0.26738638,-0.25123465,-0.31700647,-0.07009309,-0.15617558,-0.056391314,-0.30765826,-0.19921531,-0.21425812,-0.25746462,-0.23815253,-0.24814677
-0.12016571,-0.06570138,-0.23987104,0.092741884,-0.17282206,0.13514316,-0.12984367,-0.012950267,-0.049925294,0.16544233,-0.02805175,0.13207175,-0.15782318,-0.13096537,-0.17100275,-0.18044034,-0.048171304,-0.321986
0.41516337,0.4782384,0.51512897,0.3455142,0.46523064,0.18609697,0.49788025,0.32677686,0.4200375,0.10167634,0.21249954,0.042621538,0.5174829,0.46200323,0.39810023,0.41048905,0.22680232,0.46297172
0.37565035,0.4749809,0.5121458,0.34916192,0.45669463,0.18238355,0.49463603,0.32896423,0.41910446,0.102058224,0.2003843,0.04711294,0.50551766,0.46134162,0.38845628,0.39676347,0.22121675,0.4425225
0.27788302,0.34838992,0.19983602,0.18525538,0.27114636,0.34203586,0.08667894,0.22520284,0.17501384,0.21623285,0.05506303,0.19252181,-0.027693626,0.24616374,0.13015704,0.017386163,0.14135534,-0.10962798
0.3202451,0.37985268,0.2311701,0.19161558,0.3148546,0.354813,0.09577044,0.22355074,0.19043866,0.21231627,0.057490166,0.20259899,-0.019283457,0.24670361,0.130022,0.023664253,0.145853,-0.10112202
-0.11880113,-0.333331,-0.12492791,-0.12663981,-0.34330598,-0.06762194,-0.24682064,-0.20328431,-0.17804004,-0.042554412,-0.113453664,-0.046140075,-0.19779427,-0.07874074,-0.27251574,-0.21592285,-0.27675915,-0.26320925
-0.11252648,-0.26410115,-0.09951211,-0.09120784,-0.27934748,0.019934282,-0.1752681,-0.15582278,-0.17105363,0.0066399956,-0.07531605,-0.030900238,-0.15260455,-0.03634556,-0.23156717,-0.18208934,-0.23094234,-0.1940763
0.1274126,-0.015344653,-0.16405718,0.23976165,-0.06407755,-0.13449733,-0.027036285,-0.037569545,0.022201093,-0.12683246,-0.1885196,-0.14598949,0.1054468,-0.12750678,-0.093490206,-0.10663877,-0.12956756,-0.21793997
0.17268747,-0.030298017,-0.16468889,0.24376042,-0.07241388,-0.11904431,-0.031500135,-0.044658672,0.05550487,-0.13339889,-0.16280493,-0.128098,0.112461895,-0.12604684,-0.06437962,-0.064801954,-0.10468986,-0.2150109
0.07001212,0.131279,0.12792838,0.12601379,0.13316435,0.32090637,0.21525848,0.069110066,0.019560762,0.034649402,0.35103026,0.007741821,-0.034386188,0.06620399,0.021287732,0.21028908,0.197419,0.2806595
-0.13478443,-0.3262447,-0.36234888,-0.165053,-0.34360516,-0.11164206,-0.29280952,-0.21990103,-0.2281692,-0.14223745,0.051921386,-0.10611118,-0.20663147,-0.24155937,-0.3062841,-0.12774959,-0.20085296,-0.15840155
-0.24403456,-0.34524405,-0.37386727,-0.14672138,-0.3749667,-0.1541386,-0.28541613,-0.23852451,-0.24952981,-0.15527849,0.064941995,-0.08096987,-0.22519305,-0.2615127,-0.28001398,-0.12175443,-0.18751782,-0.14838493
-0.12510048,-0.3173602,-0.32579872,-0.14355128,-0.33541113,-0.11491053,-0.2738115,-0.24535878,-0.22395055,-0.13685055,0.087164484,-0.12872535,-0.1608232,-0.22517204,-0.3214162,-0.10320944,-0.22285132,-0.13104738
-0.09522608,-0.29307777,-0.31780866,-0.16877137,-0.30894423,-0.12099717,-0.27797577,-0.21219315,-0.1989868,-0.09666088,0.04492798,-0.10489607,-0.1663224,-0.22536995,-0.25243613,-0.1079755,-0.18264855,-0.16976543
-0.29805052,-0.27518338,-0.3762922,-0.076622985,-0.29252893,-0.2849,-0.3056207,-0.2569059,-0.19281432,0.014804361,-0.17738298,0.040928744,-0.24520051,-0.34231383,-0.12720728,-0.26816854,-0.149925,-0.2844579
-0.35657063,-0.30093154,-0.3658137,-0.13297199,-0.31119555,-0.29024452,-0.29533678,-0.3179088,-0.2758409,-0.038732544,-0.2104082,-0.086750984,-0.26782715,-0.30257106,-0.14259529,-0.32198694,-0.22300231,-0.2525749
0.09589896,-0.009531138,-0.08550626,-0.10061068,-0.059155483,0.133981,-0.12385784,0.16210024,0.11170657,0.12824777,-0.063859,0.17433046,-0.06330892,-0.16094172,0.08374042,-0.118519016,0.0966309,-0.19168992
0.102518,-0.018737892,-0.07256379,-0.09094687,-0.06887818,0.13929103,-0.13002755,0.14710252,0.10585327,0.11824266,-0.061080977,0.17186281,-0.06396269,-0.1478733,0.06970919,-0.11351621,0.077185094,-0.196479
0.18007015,0.18482256,0.26486275,0.13409993,0.16695647,0.21343432,0.09708267,0.13483767,0.11940246,0.14546219,0.013663453,0.07437583,0.03414142,0.15191509,-0.05018554,0.07233683,0.011351432,-0.08264765
-0.0040013706,0.05120038,0.18483053,0.3219311,0.024398321,0.12294079,-0.0016657719,0.009425949,0.0014747556,0.11243265,0.059897743,0.07437661,-0.0552907,0.26415858,-0.12200918,-0.112228654,-0.16373527,-0.07831433
0.026850665,0.13703352,0.20234346,0.26569286,0.11533434,0.16925359,0.0030098583,0.06052034,0.054853145,0.1490301,0.10472329,0.12728767,-0.05658908,0.3100352,-0.07664432,-0.08107703,-0.107200995,-0.049246453
0.27612332,0.16489552,0.0749403,0.16476123,0.21314262,0.21694186,0.070201546,0.0322095,0.11524308,-0.061989866,0.27197662,0.010147477,0.00750312,0.07260441,0.10904814,0.25878492,0.14545095,0.12883359
0.23163633,0.13697356,0.024550801,0.15459362,0.17278056,0.21401162,0.06900479,0.007127695,0.09305592,-0.06335743,0.27033463,-0.015734477,0.004119978,0.061431356,0.09825733,0.26127654,0.13020231,0.11223572
0.27108556,-0.2649802,-0.023582527,0.03950406,-0.2341714,-0.16806863,0.042216524,-0.16432543,-0.13676332,-0.12277147,0.09897951,-0.20903048,-0.08364399,-0.0324826,0.03901065,0.21322127,-0.06964797,0.10900257
0.265237,-0.27624935,-0.028838763,0.0199183,-0.24672818,-0.14865254,0.042907238,-0.16644496,-0.1452762,-0.13387726,0.08933996,-0.22783408,-0.08337595,-0.047106575,0.016107984,0.2157309,-0.0820231,0.099479064
-0.049626146,-0.21869884,-0.24438378,-0.22244509,-0.13816996,-0.11150137,-0.1178019,-0.15136154,-0.24267714,0.023153763,-0.19989137,-0.11742278,-0.16613372,-0.23246121,-0.03852863,-0.20580883,-0.11942095,-0.12371202
-0.11474366,-0.22036405,-0.2117373,-0.23702699,-0.14376181,-0.0896214,-0.07459302,-0.15806729,-0.2579807,0.017237036,-0.16591421,-0.15381393,-0.14373271,-0.18046823,-0.017771564,-0.19100137,-0.121523276,-0.07154738
0.35389224,0.58264136,0.546392,0.36537012,0.52951956,0.37789407,0.42429677,0.44924793,0.60220116,0.2236761,0.19504601,0.22858575,0.6051847,0.48785862,0.36345345,0.39361265,0.22998267,0.31517142
0.3507987,0.572926,0.54571515,0.3716692,0.5234324,0.3730931,0.41222405,0.43984446,0.5965618,0.22007546,0.1986567,0.22805765,0.60304266,0.48939127,0.35610303,0.38282615,0.21748878,0.31199083
0.379267,0.38129085,0.10828447,0.07241057,0.39322412,0.25790048,0.3183421,0.3563457,0.20284559,0.22129722,0.12225521,0.19161323,0.06369988,0.19138156,0.37994367,0.27540228,0.41894364,0.19296138
0.15708731,0.33364427,0.09227686,0.16837364,0.35423145,0.19873661,0.37012944,0.34294543,0.1416573,0.22681493,0.12840962,0.10461577,0.12170655,0.18819429,0.29904324,0.33798563,0.33309504,0.21387805
-0.0156031605,-0.040772084,-0.15068293,-0.12998125,0.028266184,0.072517395,-0.1811151,-0.10046981,-0.052482463,0.05416733,-0.0019809958,0.0045727114,-0.1747082,-0.025086032,-0.13158396,-0.16782591,-0.11322663,-0.25903624
-0.04666062,-0.009043015,-0.12632562,-0.09332967,0.043221388,0.100471415,-0.17046604,-0.07018562,-0.02793276,0.09160792,0.021695381,0.07913552,-0.14677718,-0.04282016,-0.116883,-0.1469319,-0.0862998,-0.24623582
0.09719773,-0.22903067,-0.18855317,0.030461648,-0.21527922,-0.063867606,-0.08881074,-0.11026629,-0.12256677,-0.01760462,0.22378711,0.034780644,-0.10417238,-0.20458537,-0.21510495,0.09739809,-0.029390983,-0.0003180344
0.073912784,-0.21756777,-0.16715744,0.043022662,-0.20457353,-0.061607864,-0.08267738,-0.12550373,-0.118554436,-0.031885263,0.23422089,0.026977124,-0.07883467,-0.19768953,-0.22549318,0.11639507,-0.04040206,0.02269452
0.07051018,0.22546235,-0.003833008,0.026628885,0.28151742,0.22424875,0.02731119,0.24110581,0.12894374,0.2899796,-0.069324136,0.26473936,-0.21720465,0.074532,0.19021276,-0.10022872,0.24906573,-0.13509022
-0.023493163,0.22483872,0.01950875,0.037528764,0.2775888,0.23709917,0.054148585,0.20363241,0.11161184,0.28660995,-0.012176817,0.2575442,-0.24059619,0.11701059,0.21506372,-0.09414843,0.24700591,-0.124765
0.08714916,0.19123909,0.07830325,0.00984978,0.19418438,0.36566043,0.15709896,0.13675107,0.023380158,0.04823508,0.37619838,0.04314008,0.03050213,0.0393661,-0.028398564,0.21030359,0.13079023,0.25753695
0.03795747,0.18527742,0.060736492,-0.01128188,0.17128155,0.37903887,0.1557506,0.14037085,0.026647089,0.04157313,0.36792982,0.041391835,0.01903669,0.052947354,-0.0114470925,0.19681282,0.13809362,0.24760418
-0.15331127,-0.3461103,-0.12121193,-0.019798508,-0.4089029,-0.19930287,-0.1755156,-0.3186014,-0.27870953,-0.06730531,-0.131624,-0.030292554,-0.18806675,-0.26398268,-0.13340724,-0.1578135,-0.15593193,-0.1585187
-0.13516062,-0.29666474,-0.09654622,-0.03726148,-0.36812082,-0.16788399,-0.15637322,-0.28737727,-0.25882643,-0.0472636,-0.117497556,-0.010794302,-0.1498234,-0.24652489,-0.10630327,-0.1378399,-0.12848072,-0.111293755
-0.21711847,-0.32274833,-0.2556291,-0.16752225,-0.25094503,-0.13027196,-0.15621828,-0.2712336,-0.30429363,-0.09471882,-0.08025105,-0.21826075,-0.17966631,-0.093531445,-0.16748285,-0.26359817,-0.23292884,-0.16642915
-0.23412426,-0.30723628,-0.23229797,-0.17650945,-0.23760983,-0.12353471,-0.12068446,-0.24796362,-0.28833807,-0.08376416,-0.08099425,-0.23452201,-0.1547159,-0.0730029,-0.124509275,-0.22166227,-0.2084624,-0.13485375
-0.28582186,-0.4592101,-0.2568215,-0.21076813,-0.4848636,-0.27615464,-0.25873193,-0.4483985,-0.3084948,-0.28332797,0.09934011,-0.23372227,-0.27813986,-0.3510882,-0.31759232,-0.05290308,-0.32150656,-0.06552266
-0.3011189,-0.41178304,-0.24089117,-0.2108046,-0.43966505,-0.26909354,-0.25267494,-0.41545826,-0.2651506,-0.27598083,0.09749297,-0.23357712,-0.23167251,-0.31853515,-0.3275757,-0.035671204,-0.33917394,-0.0674184
0.2510351,0.34624723,0.22357792,0.11033742,0.39407453,0.24668732,0.31692863,0.4050056,0.19411542,0.18986046,0.025462054,0.15543841,0.21345739,0.10324384,0.24030809,0.21751352,0.25640294,0.26486525
0.21255381,0.32744896,0.17870209,0.10187518,0.37408832,0.24798621,0.32205716,0.3851626,0.15459871,0.1768626,0.051192496,0.13078478,0.15450993,0.09714537,0.23352724,0.23516707,0.26505098,0.25114116
-0.14024131,-0.36754102,-0.28591737,-0.13411836,-0.4299598,-0.22361049,-0.2696244,-0.28458166,-0.27762967,-0.10132768,-0.16399787,-0.04267163,-0.25580198,-0.19884543,-0.23987164,-0.24029677,-0.21703872,-0.29862684
-0.12609717,-0.36766583,-0.28763667,-0.09138568,-0.42572495,-0.2567563,-0.30108964,-0.31161472,-0.29774672,-0.12602974,-0.21082853,-0.057018913,-0.27190173,-0.23249178,-0.2872445,-0.27783388,-0.25103,-0.32057455
