0,1,2,3,4,5,6,7,8,9,10,11,12,13,14,15,16,17
-0.022685371,-0.091365725,-0.29566088,-0.024103548,-0.14445236,0.11448294,0.016372973,0.1850314,0.122952566,0.116774954,0.16729027,0.29622048,-0.22576195,0.011475909,0.22676767,-0.017912509,0.3881698,-0.021981131
0.038713258,0.30874294,-0.11457873,-0.04202031,0.2733894,0.22783843,0.23446149,0.5458704,0.15068626,0.20197892,-0.15506694,0.24858701,0.042937495,-0.14664087,0.194989,8.05594e-06,0.38263342,-0.10133446
0.24438515,0.25147614,0.058478445,0.060810793,0.23709203,0.18221599,0.3747833,0.40509784,0.1586656,0.015502358,-0.040820785,-0.0091368165,0.32083714,-0.12293034,0.18634564,0.29986304,0.26037768,0.10906033
0.18284747,0.16576058,0.25497323,0.18440276,0.09564309,-0.0048982184,0.25552875,-0.024640702,0.12815084,-0.21062568,0.03422536,-0.21349987,0.4129223,0.15446097,0.08828893,0.14347228,-0.109402,0.26320213
0.41394696,0.017660026,-0.19283599,0.179266,0.0058834213,0.17828475,0.10315044,0.02683517,-0.033552602,0.117315486,0.21526437,0.12880978,-0.215045,-0.13394424,0.08762893,0.18829748,0.26140806,-0.036154233
0.031104982,0.40887174,-0.11220895,-0.100259185,0.2998323,0.43441546,0.015779998,0.3253321,0.18267329,0.20578882,-0.079160854,0.32089406,-0.112180755,-0.0076865535,0.21660155,-0.17555687,0.29159802,-0.20271029
0.11964518,-0.24330655,-0.25759274,0.027858954,-0.2629536,-0.15373191,-0.28233588,-0.23392802,-0.10051215,0.032850757,-0.10424533,0.07751234,-0.1575143,-0.14547583,-0.3291059,-0.28859678,-0.21435423,-0.26680523
0.025486095,0.27066982,0.27468663,0.09776756,0.22791976,0.25498646,0.33779913,0.16280705,0.032026336,0.017351378,0.050660376,0.053770892,-0.14615397,0.33631724,0.24189328,-0.03109764,0.31918663,0.33003908
0.12228322,0.13066073,-0.0941447,-0.041865863,0.1282919,0.24091262,0.3215344,0.2613958,0.12644362,0.073262915,0.1066535,0.087195925,-0.060044616,0.12890555,0.34476197,0.16220245,0.44743726,0.14526457
0.0745665,-0.15060294,-0.15326077,0.1752277,-0.16899174,-0.17467275,0.023296466,0.13968742,0.30384576,0.111235455,0.030490914,0.18332525,0.21590629,-0.15640834,0.18355705,0.061277267,0.12336385,-0.011466038
-0.15437636,-0.068085864,-0.30923426,-0.030510375,-0.030110335,0.08606402,-0.014562791,0.10044686,0.1809616,0.23328471,-0.044594474,0.21733905,-0.14254887,-0.09979126,0.22833419,-0.23596486,0.2185304,-0.19050744
0.06750074,0.33946177,0.08293973,-0.23152831,0.2541179,0.36690626,0.19817841,0.45404714,0.14633197,0.12487729,-0.1349011,0.15177116,-0.014301078,0.028442241,0.18147656,-0.15107283,0.28287798,0.035125867
0.12898377,0.1250562,-0.118977144,0.24579483,0.08003211,0.16530195,0.16973478,0.08339237,0.17137958,0.012039128,-0.033695333,-0.11062193,0.23953944,-0.11939633,0.05812342,0.13629249,0.034448758,-0.15119506
0.11666867,0.15221445,-0.061485443,0.03945228,0.151728,0.18545638,-0.05853888,0.30849802,0.23553643,0.13813376,-0.12801825,0.2770707,-0.17820618,-0.06511396,0.13533235,-0.19737774,0.29430547,-0.25773877
-0.0051023318,0.15257941,-0.1429106,0.12923774,0.10954067,0.19120198,0.13946258,0.13203782,0.008158801,0.010705499,0.12850985,0.08825587,-0.10948688,0.033070203,0.13902274,0.074518606,0.29833442,0.076249875
0.1299991,0.19882348,-0.121870905,-0.08761472,0.1856119,0.12510428,0.2553321,0.3815406,0.015744548,0.16399984,-0.02375709,0.07747878,-0.12543002,0.04627902,0.21295607,0.016693475,0.26856452,-0.009994136
0.022425853,0.37806025,0.047290243,-0.087158725,0.26469886,0.3590123,0.2983052,0.39221153,0.1893804,0.17389853,-0.066567935,0.25193083,-0.13418648,0.1938514,0.30771202,-0.011153558,0.41279858,0.08737269
0.16306058,0.3607446,-0.010237115,0.040580582,0.29218572,0.29075184,0.12161207,0.40219587,0.1774067,0.13755783,-0.041442975,0.2272077,0.009593439,-0.20317799,0.31113982,0.025833871,0.39722884,-0.05340875
0.3864199,0.17160767,0.36164632,0.028728556,0.14801836,0.2274416,0.08211815,0.25787002,0.12890731,0.0049256263,0.015742086,0.10183814,-0.07954493,0.022766778,0.09724159,-0.0054470287,0.13014126,0.011197869
0.23655684,0.0026664822,-0.21354668,0.0604838,-0.0031668525,0.088269174,-0.17839849,-0.05757837,0.14871794,-0.009009165,-0.06270721,-0.06548435,0.08927224,-0.13638037,-0.057697643,0.10207645,-0.04327339,-0.24847543
0.49036404,-0.21824363,-0.19011837,0.12371587,-0.22322005,-6.297883e-05,-0.04990302,0.10988294,0.19775526,0.119177505,-0.08399878,0.09815277,-0.08354856,-0.094000906,0.09851294,-0.058097955,0.12374447,-0.2654636
0.14111009,0.29271388,0.009632909,0.07929547,0.27902028,0.27242076,0.4180674,0.29439706,0.13993478,0.089283936,0.11021036,0.09684454,0.19649953,0.03228129,0.27274266,0.28379032,0.31561577,0.13003427
0.21549353,0.34971383,0.16774514,0.13593262,0.25498274,0.38543046,0.070605226,0.31728116,0.2041531,0.20549467,-0.06237729,0.2730489,-0.013237883,-0.016291885,0.23347302,-0.013691567,0.243242,-0.08397694
0.35036433,-0.24489371,-0.1749387,0.2742284,-0.28163463,0.0133219315,-0.16200492,-0.07175985,0.04627502,0.23533556,0.012083812,0.31938207,-0.18798801,-0.2170219,0.006857547,-0.09457323,0.044186763,-0.2784866
0.034445323,0.064410225,0.2909558,0.24396119,0.033791233,0.049504124,0.3358639,0.22881255,0.18312728,-0.032255165,-0.034995202,-0.041628715,0.44897756,0.11049374,0.11692702,0.0417569,0.0039261663,0.31144762
0.51979625,0.2813707,0.4269355,0.12928419,0.32162675,0.25015074,0.10471499,0.37807566,0.31010336,0.14743993,0.017051017,0.23075873,0.092725255,0.19024032,0.2112941,0.020933744,0.18072078,0.096110396
0.3884043,-0.2801931,0.043911632,0.23291013,-0.2180258,-0.10377615,0.2630749,-0.06198751,-0.09628065,-0.042163506,0.21100499,-0.07042993,-0.022497516,0.06439565,0.19576897,0.20406601,0.17941731,0.29479167
0.29003888,0.42796484,0.46566463,0.12929142,0.3860656,0.22825587,0.2835532,0.26001757,0.30641726,-0.046425402,-0.09654015,-0.049110398,0.49196076,0.21131611,0.20161279,0.055387653,-0.053011626,0.20321196
0.26972103,0.43951485,0.37665802,0.36864537,0.3437475,0.06903005,0.32922482,0.2078169,0.34509036,-0.10231056,-0.087166965,-0.043889727,0.42441833,0.16623154,0.18114024,0.2536189,0.038906246,0.11347339
0.14453904,0.09655857,0.10767202,-0.013685999,0.18201652,0.14697021,0.26389122,0.16550604,0.013654522,0.0887698,0.18458751,0.17047629,-0.15996295,0.09074963,0.20671672,0.015549181,0.399908,0.39498162
0.062248994,0.26960367,-0.13520817,-0.14253142,0.26769564,0.40221924,0.18284918,0.39362288,0.18194732,0.15774211,0.03424282,0.084390864,-0.09124763,-0.075168036,0.37161,0.16020438,0.3827666,-0.050130397
0.41528672,0.23006064,0.4415474,0.26915914,0.17222193,0.111268036,0.19939505,0.0958696,0.3814761,-0.15226462,-0.11138055,-0.074198365,0.31778204,0.1890622,0.122152284,0.11780427,-0.023576269,0.045154255
0.21751119,0.13564484,0.34612596,0.5183029,0.04650198,0.078009956,0.3211059,0.17330012,0.38280463,-0.12856418,-0.03480265,0.08724417,0.49978545,0.019316733,0.22666928,0.23744032,0.15316936,0.18248454
0.36566585,-0.025253383,-0.20283458,0.08052169,-0.026044916,0.14382777,-0.024103288,0.13992622,0.13715799,0.21236262,-0.09998685,0.116836585,-0.101663224,-0.05326782,-0.06301343,-0.18480784,-0.018701524,-0.3472243
-0.118721366,0.086267576,-0.08135505,0.1542487,-0.017485194,0.13610335,0.03890285,0.28097993,0.16177325,0.13607526,-0.0016212959,0.152643,-0.15834793,0.16543436,0.18251592,-0.09539986,0.1428613,-0.14633396
0.13203555,0.2726189,0.08591054,-0.087911025,0.23366073,0.33053225,0.038971566,0.26941693,0.18059419,0.19265568,-0.1148299,0.13972005,-0.19730067,0.29287565,0.036201138,-0.20659435,0.011553451,-0.24182919
0.13387924,0.27261448,-0.1586371,-0.07304539,0.29099965,0.27362648,0.007968139,0.23184218,0.2197611,0.23406956,-0.15086406,0.18815029,-0.16424827,-0.06064851,0.07282774,-0.19165483,0.19776805,-0.31039345
0.47839695,-0.18611802,-0.17306092,0.10007785,-0.16196875,0.1240355,-0.09054966,0.038180534,-0.023630198,0.22589646,-0.06254616,0.14704311,-0.27889046,-0.0866638,-0.054647513,-0.20366152,0.00712823,-0.31366307
0.14966235,0.2956612,0.032871243,5.582068e-05,0.23558235,0.24650422,0.35199744,0.3563485,0.057573684,0.1404249,0.048008487,0.07025169,-0.07011847,0.08036462,0.22412334,-0.0059760697,0.31278223,0.20989595
0.3624918,0.22023188,0.3145156,0.2874219,0.14051412,0.009918176,0.2255514,0.25786442,0.20121077,-0.037816502,-0.19426563,-0.062245905,0.38729948,0.15227273,0.08484743,-0.038298428,-0.07944599,0.011647439
0.050351,0.24964616,0.04845159,-0.005701432,0.23181799,0.17268035,0.27606857,0.20305389,0.04110264,0.018138677,0.104336135,0.13666737,-0.028577747,-0.040864725,0.28330728,0.21056719,0.45869362,0.3041438
0.33374906,-0.009723455,0.18222335,0.02593007,0.09202078,0.11831525,0.2273739,0.11243125,0.11206426,0.028709456,0.22243077,-0.06339965,-0.010686376,0.29579145,0.10839681,0.10531989,0.02641797,0.24138117
0.4925664,0.28037488,0.4856764,0.036018334,0.25862497,0.23548171,0.20184788,0.35286215,0.26952142,0.029507924,-0.0062456494,0.101122186,0.21098524,0.31294268,0.17667075,-0.017871946,0.050542578,0.21407223
0.22507526,0.3372355,-0.04563516,-0.06677133,0.39556175,0.28500253,-0.05984524,0.15903437,0.029977497,0.14964181,-0.09920896,0.12071425,-0.16774186,-0.060388353,0.07729719,-0.21962774,0.15216973,-0.13963857
0.4175756,0.27659285,0.30606997,0.13639343,0.2599141,0.20208411,0.25579935,0.35856283,0.40507072,0.046829283,-0.08593696,0.11424227,0.34306812,0.06156776,0.23937404,0.10037237,0.20755866,0.08059029
-0.058188103,-0.24198705,-0.2313877,-0.052835435,-0.3420662,-0.10555194,-0.20972063,-0.1436511,-0.06898469,0.18415752,-0.041716695,0.2871575,-0.17567566,-0.22786863,0.015488492,-0.17831594,0.02485444,-0.19490021
0.29982662,-0.08369942,0.016288241,0.35307375,-0.07225614,0.12241293,0.18260923,0.074890845,0.2178874,-0.055800736,0.2196027,0.11572676,0.25530097,-0.034110833,0.21809879,0.23749572,0.20254439,0.14559692
0.16336736,-0.32907736,-0.10250056,0.22751108,-0.24973287,-0.088498175,0.2632961,-0.26437336,-0.06641115,-0.18982014,0.2829123,-0.29079717,0.25426266,-0.14652175,-0.013134827,0.41983336,-0.05264239,0.29955953
0.14398044,0.0681314,-0.11992811,-0.029212119,-0.04661114,0.14088173,0.030041955,0.29319194,0.12762637,0.23595375,-0.036872655,0.2489766,-0.11234591,0.10708384,0.118480496,-0.16230148,0.15569174,-0.04071121
0.24836494,-0.11302756,0.4241382,0.24625368,-0.108638175,-0.043602675,0.30050156,-0.016516533,0.06859398,-0.10838023,-0.008692339,-0.14662278,0.02995111,0.2751093,0.10353942,0.17160706,-0.05074352,0.117249005
0.1145625,0.3051663,0.23209064,-0.043756776,0.4228705,0.30715254,0.3647868,0.2346158,0.043696325,0.08806983,0.28458285,0.09288141,0.010795981,0.2492615,0.28110677,0.143756,0.34544975,0.57967865
-0.16658217,-0.25249863,-0.14876541,-0.11253838,-0.300668,-0.0538251,-0.06627132,0.07508683,0.011613619,0.059370972,0.18775415,0.15195012,-0.27172017,0.099995896,0.008628284,-0.15777695,0.10173214,0.14076558
0.24570203,0.24344727,-0.009478282,0.15090764,0.13706662,0.3848186,0.030096432,0.076125525,0.06554752,-0.01999398,0.13351902,0.044451043,-0.07337783,-0.011469095,0.030262977,0.119283095,0.14607005,-0.06363839
0.26108545,0.06204619,-0.10649394,0.3789333,-0.009653232,0.18481028,0.0005304087,0.046977945,0.29446727,0.050170027,-0.07364932,0.13170901,0.17316082,-0.07589101,0.015110091,0.013581246,0.0685726,-0.2645104
0.2597809,0.14687222,-0.017351262,0.116771325,0.08586722,0.37231106,0.08648997,0.3924229,0.23347864,0.23558652,-0.07268776,0.2378028,0.0035270513,0.15677609,0.035085693,-0.14259946,0.11299829,-0.10475594
0.08203764,0.4286979,0.019302826,-0.06794965,0.31752908,0.39391658,0.23486675,0.43462178,0.25447497,0.21055669,-0.17216262,0.29816392,-0.058360286,0.050105844,0.25555778,-0.08171842,0.3621485,-0.11815807
0.14304821,0.24638012,-0.060936853,0.021049103,0.1855348,0.14827485,0.24791147,0.36346626,0.19258901,0.20094827,-0.08574624,0.17949592,-0.0133460555,0.15892561,0.12392929,0.0356953,0.21097681,-0.07566781
0.33192536,0.33958566,0.12538129,0.025659006,0.20666842,0.48451072,0.12942716,0.3334303,0.22610664,0.22288966,-0.05313658,0.38089448,-0.16624571,0.102089256,0.2552059,-0.049876533,0.360667,-0.15219721
-0.057045896,-0.027273206,-0.21577308,-0.034754522,-0.06273667,0.096827894,-0.1194576,0.3095647,-0.075432144,0.22447208,-0.15488935,0.30057383,-0.13600726,-0.2416592,-0.0739967,-0.3618743,0.12160614,-0.20584401
0.39939862,0.27491593,0.30032873,-0.050369404,0.17668474,0.25516677,0.074673854,0.2645023,0.17424986,0.038857386,0.013916089,0.11459167,-0.05268352,0.21280672,0.17227954,-0.0325821,0.12518448,0.05630199
0.078867726,0.31168324,-0.08131252,-0.10947584,0.26932392,0.33053696,-0.052623086,0.22168724,0.09235838,0.14439404,-0.15213844,0.10042199,-0.23558637,0.0078072785,0.033992913,-0.230418,0.12201559,-0.25379872
-0.19273424,-0.23020925,-0.32127672,0.03404994,-0.363833,-0.035564918,-0.28748307,-0.0376838,0.102917925,0.18423432,-0.13706455,0.28255934,-0.30783263,-0.13054591,-0.04468515,-0.32644024,0.03115576,-0.39972442
0.13857894,0.105939545,-0.09713665,0.086861596,0.06642913,0.21711935,0.050461065,0.13155282,0.09523672,0.05183751,0.11607376,0.19880052,-0.15444559,-0.101074964,-0.016942367,0.010971609,0.25390592,-0.015498816
0.18532056,0.37523958,-0.14248218,-0.15073532,0.3561039,0.2534262,0.19532874,0.47251052,0.08828467,0.19065203,0.09573369,0.12684605,-0.03943148,-0.07264855,0.2570476,0.19802563,0.35878363,0.10109345
-0.14445484,-0.39042306,-0.28336746,-0.08423895,-0.34774935,-0.23947269,-0.09726814,-0.2346307,-0.3251015,0.06768966,-0.09777823,-0.09807344,-0.14148447,-0.33867973,-0.04755141,-0.24868837,-0.14395684,-0.123267576
0.14034167,0.19394284,-0.12582365,0.055453256,0.1669302,0.14310256,0.26493526,0.30237037,0.22965994,0.09317657,-0.07198482,0.11245915,0.21674603,-0.13496378,0.19336447,0.11487265,0.28419018,-0.024311464
0.32282794,0.16068658,-0.114730366,0.12021956,0.15317763,0.17905402,0.12803835,0.32180986,0.15168847,0.23562126,-0.016777635,0.22736935,-0.027811868,-0.14372206,0.23173791,-0.14481172,0.29903966,-0.084345914
0.2142693,0.17832884,0.0522139,0.14800932,0.08545461,0.2621476,0.104511335,0.1712718,-0.08357652,0.063856415,0.080888346,0.024189584,-0.14329353,0.07983914,0.045428135,-0.027761376,0.08407669,0.019249294
0.3364553,0.14648688,0.26368678,0.11438833,0.17008469,0.20961672,0.20031983,0.24481785,0.44937527,0.093334824,0.03434038,0.25314873,0.016169308,0.19131583,0.3037631,0.021046475,0.29509586,0.007534219
0.067961775,-0.14836147,-0.072130755,0.4358037,-0.15906487,-0.15663972,0.097738326,0.038882323,0.31293952,-0.07064497,-0.017070457,-0.034105804,0.48389095,-0.23937291,0.032941464,0.11890461,-0.07495844,-0.023338486
-0.02846252,-0.06034315,-0.16777676,0.031778336,-0.059527535,0.20601463,0.027720392,0.06462907,-0.16485515,0.121178634,0.20055729,0.14276332,-0.17394067,-0.36556312,-0.11522651,0.14233436,0.15331398,-0.05567962
0.057562098,-0.053229243,0.12436144,0.11420952,0.037952635,0.11826934,0.223474,-0.0042309593,0.067531124,0.0018141721,0.39275837,0.11126934,-0.102048576,0.0786456,0.14050493,0.20417775,0.24717937,0.39950645
0.15247642,0.29949027,0.13533749,-0.06810116,0.27853292,0.40340924,0.22391926,0.28183722,0.12480785,0.14593577,0.091147035,0.22439261,-0.15189984,0.10231966,0.33622965,-0.03513227,0.43301883,0.20546283
0.023774749,0.20014322,0.111481115,0.42603713,0.12476592,-0.14619195,0.33550844,0.055357743,0.17269638,-0.1494224,-0.053469278,-0.150036,0.50070685,0.002357616,0.04405367,0.19403706,-0.040096395,0.150713
0.12752098,0.38811034,0.035525158,0.02452086,0.3459643,0.2849697,0.02604796,0.2974924,0.32648528,0.15038693,0.06508568,0.27502146,-0.17131793,-0.027362514,0.29559898,0.18078879,0.3519718,-0.12514123
0.364859,0.2836896,0.17797035,0.05675842,0.30514854,0.15602079,0.1207741,0.31856897,0.31296733,0.109007046,0.04575055,0.12690014,0.063147746,-0.024783997,0.22869247,0.085957,0.17510563,0.012858577
-0.051739305,0.20278078,-0.18867934,0.046918422,0.09277945,0.2936628,0.087132916,0.15090972,0.04655821,0.1169717,0.015513863,0.09816863,-0.16136745,-0.07120173,0.06992415,0.21368541,0.19911876,-0.19647473
0.28235656,-0.0714674,0.019177344,0.08681471,-0.09368425,0.028178912,0.15221637,0.121346414,0.15996769,-0.02906083,0.16927496,0.07229028,0.11636734,0.06808568,0.17034021,0.21675867,0.23275182,0.25215623
0.0433414,0.22635566,0.28112358,0.09501673,0.27570838,0.22157344,0.28470874,0.15569773,0.09676863,0.056343146,0.23287544,0.21175748,-0.21328163,0.20953642,0.3365525,0.13472147,0.44561476,0.3821262
0.02903972,0.03973151,-0.1525152,0.24266802,-0.019657044,0.06675287,0.115040354,0.15757374,0.09177836,0.19449891,-0.06972762,0.2215044,-0.10023633,-0.09683988,0.09645473,-0.035242718,0.21016991,-0.20751691
0.14885657,0.26844805,0.11400389,0.026166186,0.27657467,0.27956814,0.115450576,0.14162967,0.109914646,0.073105395,0.2522222,0.14919138,-0.09599759,0.13625821,0.113069125,0.0043860413,0.20152198,0.30261636
0.34107214,-0.072911665,-0.21011475,0.3477087,-0.05953718,0.1854365,-0.06948055,0.014964647,-0.03075661,0.13165736,0.023969851,0.11656155,-0.12908365,-0.18048015,-0.047918025,-0.12628634,0.067277856,-0.24064979
-0.07864719,-0.22964871,-0.44671988,-0.19925776,-0.20159575,-0.034923077,-0.25323185,-0.10426865,0.08122198,0.13292271,0.17507364,0.14609542,-0.2670443,-0.100913174,-0.011368086,-0.1665389,-0.008456431,-0.2706265
0.1642473,0.26001835,-0.023291543,0.028962784,0.19696063,0.053620424,0.21660426,0.26351482,0.21803463,-0.05756031,0.037048254,-0.11372908,0.5090884,-0.1969462,0.21626902,0.31603587,0.094123386,0.15704128
0.15756264,0.27778944,0.42856383,0.11928339,0.28198978,0.18851839,0.31298935,0.1392693,0.1039962,-0.028022386,0.07825357,0.03476166,0.11171691,0.32330817,0.23228055,0.040279556,0.12561251,0.40798998
0.13625023,-0.048029788,-0.19000547,0.064307585,-0.053011958,0.2534783,0.047212206,0.07925922,0.20397589,0.0457413,0.076604575,0.024778873,-0.07749404,-0.095175005,0.12373522,0.22971603,0.15956993,-0.2034698
0.39145786,0.23937796,-0.045923665,0.18740568,0.30307114,0.23386136,0.13910231,0.28176308,0.29812106,0.19838858,-0.041102327,0.19165438,0.062036924,-0.10873529,0.2410273,-0.065162614,0.2733351,-0.14854503
0.26336655,0.15787879,0.010056697,0.091098316,0.11392024,0.1885561,0.0406183,0.30533877,0.04468004,0.14312771,0.05564733,0.19991568,-0.030757125,-0.1323882,0.03324859,-0.006615083,0.13999234,-0.052389085
0.40523756,0.39325398,0.06986421,0.06277663,0.27483732,0.4310511,0.11746339,0.32437626,0.18642093,0.1432198,0.09859134,0.2753013,-0.012676494,-0.072535545,0.2133207,0.28485733,0.31492665,-0.04874507
-0.044569213,0.05332874,-0.18348897,-0.014084802,0.010489356,0.17601028,-0.059463844,0.11334418,0.06828936,0.16673899,0.09086872,0.13914102,-0.31249878,0.3226007,-0.012556663,-0.3052084,0.012752375,-0.14434616
0.077885,0.21949993,-0.06309814,-0.060000706,0.1706225,0.27774364,0.02896649,0.23771128,0.3735397,0.20074977,-0.07489525,0.2317988,-0.20203932,0.3134605,0.16217873,-0.14416313,0.18141678,-0.2511503
-0.025637431,0.3313106,-0.017397117,-0.18870084,0.26700634,0.4206906,0.19297789,0.44376957,0.06449921,0.24467432,-0.072839595,0.30252582,-0.14445089,0.021413453,0.21684662,-0.18356733,0.34664074,-0.03575896
0.13962471,0.059333585,-0.09034796,0.17163588,0.049726184,0.14855267,0.037805717,0.16477677,0.09680935,0.17120679,0.21064188,0.2223289,-0.15137285,-0.027950812,-0.061069056,0.110131845,0.068399474,-0.10025786
0.086642705,0.4246648,0.2649032,0.19259754,0.37873244,0.30920228,0.17739923,0.34769744,0.2635831,0.14941221,-0.13945058,0.22404554,0.18222827,0.18765493,0.090079755,-0.16135067,0.04037842,-0.05684209
0.056061476,0.20236355,-0.120074496,-0.1534411,0.15074047,0.17976937,-0.06533639,0.3905527,0.28515866,0.21369463,-0.11179477,0.22420847,-0.15423083,0.14450051,0.04433292,-0.2691607,0.10940324,-0.16648051
0.05185668,0.039091133,-0.07020378,0.08161503,0.111340396,-0.01688911,-0.10889703,-0.017888887,-0.14198405,0.14401552,-0.14166284,0.019809475,-0.1718289,-0.30519724,-0.09098297,-0.20922372,0.048522517,-0.14220382
0.17205344,0.20562929,-0.03305456,-0.017688131,0.16502523,0.2666878,-0.042845197,0.29018003,0.048977576,0.21502823,-0.12115842,0.2854123,-0.12867405,-0.2116639,0.06248021,-0.22193567,0.21160632,-0.19636533
0.5286579,0.10763637,0.32209408,0.11610182,0.0988771,0.1916371,0.2780135,0.07106718,0.16330235,-0.1112176,0.23430863,-0.013138182,0.018244278,0.16577458,0.18622279,0.35519767,0.19296598,0.2515139
0.09674727,0.42237568,0.32368913,0.20962428,0.26450038,0.21448284,0.22511835,0.23038173,0.3762285,-0.11921835,-0.05021879,0.112170905,0.45041847,0.011556109,0.22140974,0.20027861,0.16492325,0.12052757
0.44486457,0.33175868,0.36546993,0.055292565,0.27816746,0.3585844,0.03155208,0.2893433,0.18427029,0.10196205,-0.12645006,0.12712947,-0.03166828,0.12327534,0.1280135,-0.119287334,0.09930201,-0.08655043
-0.17300814,-0.33793837,-0.33617803,-0.18301441,-0.31631666,0.0861338,-0.14677912,-0.26602846,-0.38798833,-0.0025177496,-0.03567322,-0.16664171,-0.158809,-0.22799596,-0.11380413,-0.25685903,-0.104392275,-0.07942234
0.2057147,-0.15413922,-0.32334563,-0.1192428,-0.11351252,0.10744248,-0.15762192,0.032910947,-0.044323687,0.21662498,-0.086103365,-0.030113814,-0.27166024,-0.009813992,-0.036801487,-0.2740056,-0.07687022,-0.26870072
-0.11376988,0.32952556,-0.06258712,0.091063745,0.18484038,0.29302034,-0.11927113,0.23372912,0.22268096,0.21200621,-0.063147075,0.2987721,-0.19896917,0.076371826,0.05888383,-0.21930297,0.072767064,-0.29923022
0.06425664,0.31345153,-0.046744764,-0.09963632,0.3041489,0.32662046,0.229799,0.46490034,0.138812,0.24569479,-0.02134294,0.23869312,-0.16326562,-0.10758379,0.3786593,-0.0534259,0.46811372,-0.053853385
0.16628154,-0.03737537,-0.20200568,0.115294844,-0.046092603,0.10152289,-0.013695268,0.18354326,0.15825015,0.1838561,0.23819493,0.28497756,-0.32193404,-0.069157355,0.10238587,0.084145695,0.27266407,-0.05527013
-0.038812704,0.0522069,0.12026596,0.10462971,0.12545787,0.15302667,0.16436869,0.0042232163,0.05035355,0.023430798,0.35987854,0.15725449,-0.22279048,0.14504194,0.15166828,0.20341128,0.31727538,0.37392846
0.16116486,0.32164317,0.2970128,0.18893182,0.3576969,0.21487978,0.21857727,0.4864071,0.3046615,0.15309061,-0.011608103,0.2546464,0.2416411,0.12291294,0.2395638,-0.052746855,0.25453377,0.21206623
0.2522888,0.30474007,0.1304375,0.035533883,0.24026957,0.17825441,0.15425983,0.22927777,0.19361487,0.0667412,-0.07782848,0.0027336236,-0.046870455,0.006828836,0.21930948,0.036421426,0.1794259,-0.07577929
0.4545514,0.2885001,0.19503574,-0.17256427,0.26989073,0.27983284,0.25866592,0.48314035,0.1814062,0.18391351,-0.058173496,0.17416877,-0.03273893,0.118069746,0.2717224,-0.07341945,0.2961305,0.0849577
0.3284225,0.3584689,0.27401155,-0.028365735,0.2977782,0.2543628,0.26214188,0.15187147,0.18653035,-0.13366319,0.09605888,-0.1296176,0.46475834,0.031477675,0.19078377,0.29466796,0.024153624,0.2761764
0.28001153,0.10820444,-0.15441215,0.12130064,0.053146668,0.16714998,0.13416407,0.30473697,0.06309542,0.10319705,-0.10301782,0.103014514,-0.0156475,-0.13167048,0.015636642,0.022317037,0.23791984,-0.13400349
0.17844051,0.25280413,-0.13705383,0.09923765,0.22788915,0.36579454,0.04962289,0.23292902,0.02223432,0.288539,-0.027205732,0.16515343,-0.15609774,-0.114517726,0.18514156,-0.15305153,0.21758905,-0.17404756
-0.08743402,0.24384595,-0.16638556,-0.1060274,0.09613619,0.31612206,-0.079530746,0.36876565,0.1802915,0.20221436,-0.07713862,0.41756862,-0.20053157,-0.0070964964,0.056878544,-0.20395395,0.24635743,-0.2641482
0.352336,0.083581805,0.35991046,0.26245183,0.0044128066,-0.019462287,0.14018461,0.06828284,0.24755362,-0.15787351,-0.12567726,-0.07288249,0.4145095,0.034214325,-0.0075420095,-0.0064886184,-0.1407482,0.03959246
0.03482916,0.19999208,-0.18310064,0.04113611,0.16831894,0.2449822,-0.1334754,0.14841026,0.07859637,0.1792292,-0.057281703,0.29946017,-0.2592943,-0.2447469,0.02687087,-0.25854176,0.25340173,-0.34295124
-0.13913882,-0.35290122,-0.23751897,-0.22974856,-0.3189921,-0.09308711,-0.27927563,-0.30196524,-0.2819741,0.033423137,-0.07413885,-0.09892294,-0.27048466,-0.18889917,-0.2891839,-0.30055058,-0.33127132,-0.27629054
0.17416233,0.19352476,0.25522724,0.06537885,0.08567947,0.24013793,0.24472496,0.26865733,0.08639662,0.15243165,0.13204019,0.29338983,-0.16181713,0.16524832,0.19539464,0.015457114,0.28662947,0.22821856
0.39966136,0.29767105,0.43533874,0.14170778,0.2310674,0.2369259,0.36936063,0.29576546,0.2660933,-0.0025513284,-0.06995921,0.05991088,0.28484285,0.20019187,0.28309375,0.03394481,0.16552378,0.20935038
0.15601215,0.18041751,-0.047665127,0.41556442,0.17183824,0.048325755,0.16781005,0.15838602,0.3311367,0.028012093,-0.0718512,0.005023552,0.4214709,-0.022067545,0.085913636,0.024939876,0.011896165,-0.07383094
0.38170207,-0.16498105,0.10369843,0.3951425,-0.17669998,0.013545709,0.24052201,0.06153354,0.1809386,0.031359307,0.08018328,0.03148755,0.2685692,-0.035406575,0.20428577,0.25882524,0.064866275,0.11174463
0.13337916,-0.123769514,-0.36211938,-0.076129675,-0.14441606,0.030470304,-0.15763476,-0.10218935,0.0977698,0.196554,-0.032028843,0.17009006,-0.16366094,-0.073130175,-0.009438678,-0.18725127,0.030714273,-0.2510074
0.11285426,0.095629714,-0.13385814,0.18457562,0.026119845,0.18080205,-0.015214983,0.07453649,0.1486224,0.05072344,0.20743856,0.16861275,-0.1069273,-0.049215954,0.18473914,0.100912,0.2573853,-0.015370908
0.13935399,0.22882408,-0.032134734,0.20571071,0.25153467,0.13488072,0.17202654,0.093381315,0.20328078,0.019360691,0.20368816,-0.03546334,-0.010633304,0.17439845,0.115063444,0.17039886,0.13486978,0.15690696
0.088359594,0.27418143,-0.07984018,-0.11958992,0.22232252,0.386222,0.2474012,0.4274544,0.1777156,0.13535881,-0.032908656,0.17091587,-0.05823383,0.003858309,0.32000995,0.082218975,0.42835677,-0.021228915
0.040607587,0.019092182,-0.33463794,-0.07398522,0.045220893,0.065300316,-0.1515786,0.25194043,0.10305637,0.3023786,-0.02586924,0.20160903,-0.21047324,-0.055948332,0.07478481,-0.3057418,0.11702468,-0.17594735
0.36048976,0.18772963,0.3145373,0.045451317,0.103239805,0.24381094,0.09906699,0.253955,0.12967299,-0.035826184,-0.07312372,0.09107648,0.032125358,0.033051305,0.10827525,0.10138974,0.14186469,-0.01885045
0.18922625,0.29113472,0.37795973,0.342485,0.19189024,0.2294862,0.09916124,0.13633376,0.38837984,-0.09693452,-0.09262994,0.08578294,0.3812561,0.19202603,0.06827007,-0.0059485706,-0.020688456,0.046507172
0.18070006,0.2761193,0.15127435,0.15033919,0.2787475,0.16017012,0.32013738,0.32848388,0.30354524,0.014995562,-0.039313693,0.15106636,0.4263879,-0.10510613,0.23196353,0.21470493,0.2963856,0.19003707
0.032563828,0.1297994,-0.07541174,0.20441751,0.065576196,0.06934846,0.1478652,0.2719538,0.2918841,0.09831428,-0.07555258,0.15180755,0.36066973,-0.12501338,0.07819657,-0.0459489,0.094571844,-0.06323883
0.07468766,0.29573184,-0.026786648,-0.061787106,0.28702193,0.44683746,0.22540489,0.33233023,0.10020575,0.20891908,0.09857328,0.3789777,-0.11906161,-0.0029657083,0.25004447,-0.0007257997,0.47075814,0.052895788
0.0034562303,0.23457056,-0.049790278,0.066325195,0.15780942,0.25838864,0.14575322,0.42832774,0.18109007,0.17905149,-0.14283442,0.3057196,-0.09886936,-0.08011961,0.13668357,-0.11243978,0.3840679,-0.106981434
0.071847856,-0.29152885,-0.23787522,-0.07784158,-0.23779297,-0.05697232,-0.02658508,-0.013074979,0.15185651,0.17162351,0.14413163,0.24033111,-0.38164827,-0.039428778,0.17468679,-0.0091549475,0.25155914,-0.20501462
0.024023594,0.08976376,-0.10858461,-0.15594228,0.10947998,0.06636546,-0.14371604,0.23193492,0.059535004,0.19932002,0.07764815,0.19186908,-0.2253088,0.083168894,-0.07016504,-0.25111315,-0.043286376,-0.072381034
-0.15952611,0.07046847,-0.06397099,0.21724357,-0.028710296,0.19610593,-0.095264785,0.24680069,0.15584478,0.16538835,-0.19083375,0.27155885,-0.19991457,0.06302208,0.00827629,-0.32722586,0.14349015,-0.3028716
0.36413547,-0.072633415,0.096932955,0.34052986,-0.13936144,-0.03965403,0.29652554,0.086876996,0.28117734,-0.15383843,-0.083856225,-0.11014517,0.3741784,-0.049373746,0.12782295,0.26923355,0.04880713,0.024116307
0.07902508,0.38433102,0.14284167,-0.15021017,0.33969793,0.20252138,0.14918908,0.42645305,0.13983306,0.15831223,0.08347766,0.26014382,-0.0075204447,0.0850012,0.25351262,-0.03660507,0.26267284,0.21601093
0.38684553,-0.15605584,0.10612513,0.32978612,-0.1181673,-0.07092165,0.38339597,-0.036753677,0.015101161,-0.118597716,0.17181116,-0.13313559,0.41262415,-0.0139870215,0.1440467,0.26570055,0.07979514,0.43595064
-0.20264153,-0.20310907,-0.48614812,-0.05850237,-0.26562232,0.09402616,-0.29870915,-0.053347386,-0.11384313,0.17839739,-0.10042368,0.11865692,-0.24282745,-0.2115458,-0.13503431,-0.393682,-0.01992206,-0.31263757
-0.06534588,0.13927276,-0.13807492,-0.007240421,0.06669358,0.26900762,0.1512183,0.48551285,0.1606915,0.24219976,-0.08802618,0.22762717,0.02767887,-0.1045986,0.27448577,-0.15908442,0.31165168,-0.0581485
0.11554009,0.3013209,0.29471257,-0.0057765394,0.17806101,0.3283977,0.017144572,0.12191869,0.087308705,0.07598118,-0.112937614,0.14252841,-0.23024318,0.26372433,0.03198185,-0.25492877,0.013381945,-0.13739815
0.0981752,-0.16144547,-0.2337622,0.013648642,-0.22012064,-0.009442638,-0.22159111,-0.13981438,-0.052068524,0.19643268,-0.006859473,0.35934952,-0.14038393,-0.3271665,0.0180992,-0.11188077,0.11605642,-0.15406322
0.18226565,0.34565634,0.23110503,0.19410117,0.23140153,0.23751143,0.20014852,0.14571385,0.30979368,-0.15524063,-0.08249175,-0.10834874,0.43987915,0.030120298,0.012797076,0.16490091,-0.06816171,0.027857028
0.2505407,0.18443692,0.34238535,0.48637718,0.17106563,0.025007373,0.20852864,0.07388614,0.32591474,-0.1263132,-0.068655655,-0.10740977,0.5330348,-0.08539886,0.0037251483,0.15217127,-0.11177164,0.09867543
0.045606617,0.34739363,0.09605119,-0.09702045,0.21036309,0.372733,0.21727848,0.3780954,0.23759794,0.15083179,-0.16092086,0.12458947,-0.035332896,0.22343062,0.16283497,-0.20585716,0.15114488,-0.061300814
0.16232406,0.3987649,-0.0471935,-0.007509422,0.3540818,0.30585948,0.13506123,0.545792,0.1879501,0.2601847,-0.0888018,0.35979652,-0.052258387,-0.04729063,0.23668951,-0.024091652,0.425028,-0.032000892
0.15478335,0.23512237,0.18735743,-0.062945634,0.3460104,0.25695914,0.26905447,0.13676716,0.14745036,0.06586881,0.31086314,0.15131325,-0.15085603,0.12240268,0.291453,0.17585945,0.43416685,0.43239832
0.06422867,0.07317488,-0.18981004,0.056185186,0.11018074,0.29890612,-0.06677635,0.006486578,0.029975934,0.1472562,-0.12164843,0.03708084,-0.14012629,-0.17161915,-0.052024692,-0.18515894,0.0609569,-0.29531333
0.10433744,0.18280801,-0.032874517,0.2189047,0.11487833,0.18613851,0.089364536,0.22353569,0.25776434,0.1110897,-0.13907313,0.13679524,0.12681778,-0.00023607025,0.086220905,-0.17148793,0.08370623,-0.21918103
-0.09066623,0.05281307,-0.24483392,0.008053415,0.10211066,0.17523286,-0.13806695,0.10224589,0.1978203,0.16702652,-0.097323194,0.20245585,-0.20473266,-0.16793998,0.008008717,-0.3243966,0.130714,-0.38951868
0.10410482,0.21789747,-0.23278691,0.013296346,0.12579556,0.17832063,0.18889861,0.38764477,0.16153303,0.2084007,-0.03743244,0.2012294,-0.06715429,0.03263594,0.16178337,-0.028425597,0.2844581,-0.09429778
0.38805282,0.08491838,0.031011488,0.07606144,0.16194713,0.13449863,0.08969352,0.19091266,0.39670515,0.14765947,0.018727172,0.22337426,0.020345606,-0.04552003,0.21474136,-0.028677078,0.26870647,-0.036399048
-0.07524833,-0.03780457,-0.28894848,-0.1793478,-0.047432534,0.08425027,0.18352729,0.28745145,0.14485247,0.08985093,0.07870036,0.1063603,-0.1250261,0.02628585,0.3141873,0.08916697,0.3901545,-0.018593997
0.07186102,0.31089714,-0.08207093,0.00422242,0.21651816,0.25545835,0.14877082,0.2744143,0.14935955,0.21494621,0.028868282,0.24559423,-0.13616815,0.08162451,0.26842904,-0.13169467,0.31591952,-0.01667843
0.23451954,0.20271984,-0.11356482,0.13937867,0.26977113,0.31341982,0.0702319,0.09055397,0.18063052,0.18892747,0.0026447047,0.21947613,-0.059745353,-0.12998345,0.14302982,-0.018854186,0.23966083,-0.16453326
0.0046558785,0.24625309,-0.13701043,-0.22077012,0.2541152,0.23873699,-0.020220628,0.29339832,0.2716089,0.1596439,0.119646154,0.22675554,-0.22486234,0.08562946,0.18763322,-0.12928614,0.23196572,-0.10097813
0.06459996,0.33040625,0.14111294,0.05547683,0.18338878,0.3589018,0.04182852,0.2731588,0.18050621,0.18832052,-0.14396387,0.34982884,-0.20443155,0.071053505,0.14720318,-0.19321004,0.23238271,-0.21217096
-0.05463659,0.20999388,0.22024086,0.021531213,0.18471396,0.34581652,0.28726488,-0.003896798,-0.218443,-0.12386782,0.22522618,-0.12404446,0.1163086,0.1431356,0.011381783,0.2218166,0.022440564,0.41499275
-0.065745346,0.4225328,0.12334741,0.03135785,0.32968515,0.31478173,0.18768586,0.36576426,0.39806885,0.081400864,-0.115777895,0.22605124,0.33862162,0.11973405,0.18461154,-0.05154088,0.18536463,-0.01594638
-0.12586695,0.17336059,0.14904736,-0.0714639,0.16381156,0.25399947,0.066822715,0.16477041,-0.05141536,0.20651153,0.023022912,0.086717345,-0.19615129,0.43295255,0.079272255,-0.17375231,-0.07218288,0.022093255
0.04864756,0.1623614,-0.051523574,0.28416872,0.08665818,0.0012068483,0.21718854,0.04566536,0.07369257,-0.09765316,-0.08159913,-0.17018662,0.20269682,-0.05081246,-0.06698324,0.06895571,-0.030094307,-0.07296221
0.1913943,0.28194547,0.18593073,0.121809766,0.25862497,0.3211042,0.25364643,0.22011238,0.23606929,0.12687205,-0.08188246,0.15842503,-0.073424116,0.267349,0.11533877,-0.03191963,0.13780889,-0.083217785
0.32017165,-0.08216659,0.08870128,0.38560152,-0.11436829,-0.12387657,0.3345256,-0.10887964,0.12489629,-0.17527525,0.07777202,-0.19306126,0.40970594,0.031137014,0.06361599,0.24159127,-0.067404106,0.20210636
-0.051731877,0.045694314,-0.018310674,0.346231,-0.061801568,0.0017007678,0.23778753,-0.020058626,0.012159802,-0.06487245,-0.07172334,-0.12853006,0.14634189,0.025436768,-0.03735111,0.05660438,-0.043992627,-0.050147712
0.04469121,0.2170021,-0.18711957,-0.0007020307,0.10683635,0.24183635,0.02866067,0.39707154,0.22732285,0.16048606,-0.0769318,0.21352679,-0.10851578,-0.16424339,0.15104567,0.060004316,0.28403893,-0.22553903
0.1675012,0.12459789,-0.24788114,-0.10334654,0.09446022,0.23652887,0.1405214,0.27451706,0.070570685,0.2313573,0.039326906,0.13996539,-0.19231644,-0.12731981,0.17724252,0.17777157,0.2601542,-0.22448751
0.2888912,0.08920203,0.2513349,0.33906406,0.006612313,0.09815985,0.24187613,0.17604104,0.15331087,0.05358244,-0.07817209,0.042412505,-0.002413062,0.3291064,0.09626402,-0.133661,0.015576546,0.0007760781
0.13282102,0.23298377,-0.20405126,-0.12852259,0.19120744,0.3854405,0.08879951,0.33254695,0.15714116,0.27844623,-0.09820126,0.15773931,-0.14118664,0.052220188,0.14130795,-0.26129332,0.17773272,-0.21828987
0.104387246,0.24311294,0.0009643431,-0.020117838,0.1951018,0.35284293,0.1119977,0.4263373,0.33118093,0.124589466,-0.082322545,0.32163483,0.10448239,-0.03240662,0.17504027,-0.1282029,0.3175126,-0.1500915
0.29707804,0.3896923,0.030417554,0.1158358,0.380396,0.42016387,0.09568479,0.35271376,0.36491054,0.11281355,0.013542713,0.22352457,0.16891137,-0.032217313,0.34120065,0.06690292,0.34898657,-0.02490877
0.18857384,0.38866162,0.09164542,-0.14188756,0.39064622,0.28465778,0.10113886,0.4184383,0.18699402,0.21992615,0.048661537,0.22539267,-0.119242005,0.17524867,0.27288115,-0.16186523,0.25476453,0.14315432
0.07705717,0.05339425,-0.25760597,-0.08287972,0.07799537,0.13069676,-0.10603146,0.3211853,0.11975203,0.26499635,-0.1937612,0.14749447,-0.14705849,-0.14399053,-0.04615883,-0.3211807,0.06932023,-0.36401618
0.23251247,0.28395241,0.030430418,0.11770649,0.28602707,0.31510675,0.23846522,0.25451136,0.3918662,0.08517993,-0.04675947,0.13749675,0.33681515,0.020502655,0.16668282,0.049819365,0.16799435,-0.054615453
0.16824904,0.39244574,0.3165003,0.31737557,0.32479537,0.060907785,0.33237553,0.21456164,0.37015495,-0.07617265,-0.031283803,-0.040601566,0.492976,0.19278076,0.18699417,0.24046776,0.020662453,0.203964
-0.035139967,0.06466833,-0.08265063,0.15451728,0.16288672,0.19363135,0.121313654,-0.07944435,0.13767633,-0.013636272,0.40381694,0.077050924,-0.24414775,0.08012472,0.14672539,0.1921571,0.31103724,0.20258975
-0.05840993,0.22814393,-0.13571209,0.061160214,0.08190243,0.28771842,0.19496349,0.2934574,0.19622347,0.16217339,-0.019934684,0.29510963,-0.044914488,0.031725645,0.25505072,0.004517951,0.38633233,-0.051245518
0.12153367,0.40217027,-0.08388205,0.02991384,0.3411672,0.43255115,0.25964504,0.48272112,0.230405,0.2536785,-0.090258114,0.28277934,0.06339785,-0.13967432,0.2863714,-0.06489053,0.4089253,-0.08928658
0.1343984,0.23549312,-0.015141434,-0.002267214,0.29567534,0.23476425,0.13881862,0.3543337,0.16766548,0.2672878,-0.044086028,0.22622705,-0.15214014,0.07670753,0.18871745,-0.18020323,0.2088983,-0.07863276
0.3436144,-0.044835232,-0.0104839625,0.35084957,-0.08174153,-0.10626897,0.17362651,0.06149827,0.21521008,-0.019009281,-0.062130947,-0.038735293,0.44455457,-0.06258067,0.011953074,0.049066123,-0.116924115,-0.009674646
-0.039296266,0.09436354,-0.18696171,0.2507599,-0.004335503,0.12748033,-0.054299947,0.12492333,0.20835347,0.07110106,0.0009312895,0.2786308,0.17106757,-0.057468913,-0.06958234,-0.009065509,0.079912975,-0.150394
0.0097863125,0.2098515,-0.033760756,-0.09776762,0.28786308,0.18940112,0.123238936,0.19677559,0.044239145,0.11387822,0.26284307,0.108427584,-0.23710132,0.088938735,0.14154571,-0.13385855,0.27826083,0.26651707
0.06846535,-0.1590927,0.085547,0.38866758,-0.16762447,0.06548037,-0.07464299,-0.16210888,-0.11416894,0.19306648,0.0045683132,0.19606683,-0.23440425,-0.013254704,-0.051248744,-0.22688225,-0.050046198,-0.1468084
0.27305523,-0.22043711,-0.047322914,0.26798415,-0.2256858,-0.2662598,0.16932261,-0.15338655,-0.008822113,-0.19079596,0.040678814,-0.21380228,0.32041222,-0.101523206,-0.065282956,0.19199002,-0.115275145,0.12755631
-0.07207189,0.28886682,-0.115613945,0.22178149,0.18451239,0.16526675,0.23015246,0.24526627,0.1628297,0.1316454,-0.13665801,0.070780516,-0.014168957,-0.084920384,0.15870671,0.00767615,0.24000871,-0.15186135
0.147643,0.41587746,0.4127141,-0.07568325,0.44780242,0.3862293,0.23528975,0.14190885,0.12196621,-0.06442024,0.23657748,-0.08049519,-0.024345366,0.40870795,0.18787998,0.25433114,0.051661804,0.34539166
-0.15792277,-0.24354684,-0.37305015,-0.057272315,-0.31903678,-0.039702076,-0.28656918,-0.02765827,-0.034284476,0.18430871,0.026602989,0.35832715,-0.30008715,-0.2930646,-0.22630861,-0.19681549,0.0062742587,-0.35178918
0.059912,0.37754208,0.083395675,-0.15523088,0.36121053,0.37741718,0.36244002,0.38072067,0.13161838,0.1468572,0.033877894,0.19064575,0.06415496,0.05144989,0.24568808,0.08298072,0.3301662,0.15734977
0.4478817,0.13376161,0.31218436,0.33614448,0.11283204,0.059493605,0.22111708,0.13754225,0.36512566,-0.07068755,-0.09457359,-0.06587119,0.48939186,0.09111248,0.084167525,0.04366667,-0.08514005,0.087289646
0.23500256,0.5840513,0.16778937,0.060344376,0.5606508,0.3871472,0.0707198,0.33630854,0.40644687,0.2354508,-0.013705418,0.3075909,-0.112233564,0.22277781,0.3822571,0.023802089,0.34195623,-0.04110524
0.09040585,0.30122638,0.06850314,0.16380128,0.19956695,0.33159778,0.13751839,0.16367936,0.28148443,0.03344555,-0.022504043,0.10815354,-0.09536612,0.023672625,0.22979802,0.13251847,0.23964754,-0.16345644
0.06471892,-0.1364007,-0.11839685,0.31958085,-0.1022888,0.13999724,0.17457622,-0.06556953,-0.033913903,0.05962037,0.2617207,0.0984947,-0.16100943,-0.056826368,0.03505062,0.27882874,0.15485084,-0.023618817
0.07012332,0.34173238,-0.0536502,-0.028245002,0.29554406,0.24868736,0.1555132,0.3838145,0.31735075,0.10204552,-0.066321746,0.27002692,0.22792065,-0.06061632,0.19836017,0.028833311,0.3365707,-0.027146596
0.54821444,0.07063973,0.37509096,0.14678892,0.063512,-0.05491979,0.12276616,-0.07013533,0.25579053,-0.16094548,-0.006564968,-0.20623136,0.34930432,0.13198952,-0.009879007,0.19570628,-0.24171461,0.11408314
0.4050413,0.05320236,0.32937938,0.13829462,0.032334484,-0.19703928,0.25644693,-0.060847573,0.079996295,-0.19511843,0.036981523,-0.22247857,0.40851963,0.1394532,0.033619236,0.19420296,-0.1335489,0.3328266
0.11080164,0.26015815,-0.07538649,-0.011480093,0.24028412,0.19632223,-0.060124002,0.116742454,0.21313545,0.12979627,0.04639833,0.21274202,-0.25541946,0.28659916,0.1621857,-0.22173445,0.12646663,-0.17136285
0.078274585,0.043158647,-0.20622513,0.16162105,-0.037466764,-0.044492364,0.047463145,0.03613563,0.16942671,-0.002370644,-0.033660483,0.094750084,0.1485657,-0.051310066,0.013749873,-0.032912686,0.08288212,-0.10100329
0.0392676,0.21187232,-0.15648484,-0.085591234,0.17185138,0.29735386,0.025752455,0.4394586,0.12405443,0.15280023,0.012822616,0.31723356,-0.111481786,-0.061084557,0.1507038,-0.10747447,0.36626273,-0.04062608
0.06839053,0.21945885,0.24295895,0.4534222,0.13675646,0.19786978,0.32883996,0.20424822,0.30403897,-0.029681679,-0.11505797,0.07705894,0.38493854,0.18793997,0.1841083,0.070620015,0.101471245,0.052195
-0.15979761,0.075758204,-0.2972004,0.024957849,-0.001259583,0.23600644,-0.15064797,0.13418697,-0.03411606,0.21825603,-0.16073579,0.20589726,-0.31077558,-0.15300304,-0.0796701,-0.35452366,0.08826162,-0.38653702
0.059391607,0.20519498,-0.15144385,-0.2126188,0.17065015,0.28547454,0.0036957029,0.3226903,0.1501958,0.15254834,-0.07767453,0.13342021,-0.19380257,0.05140531,0.115696006,-0.27981877,0.15260239,-0.20820871
-0.026635395,0.2581143,0.08011541,0.014473617,0.17858917,0.21827234,0.33925027,0.22388086,0.24285074,0.10493326,0.115325846,0.13265479,-0.0590429,0.3057475,0.27882302,0.17567825,0.24058801,0.06478484
-0.0053665787,-0.33961058,-0.15579075,-0.060539693,-0.2444428,0.027919302,0.103992894,-0.20317191,-0.11708481,-0.01825519,0.44593638,-0.039177567,-0.16546696,0.043999862,0.03311353,0.023450462,0.093864396,0.36652324
0.11914888,0.38325322,-0.10650574,-0.030475525,0.3518126,0.37531126,-0.0051518935,0.39520752,0.1933748,0.21673918,-0.13053161,0.2514669,-0.036463387,-0.14189544,0.16186541,-0.1810849,0.28369594,-0.19496673
0.058232237,0.14152591,-0.049545884,-0.056453064,0.15937439,0.113383554,0.37604165,0.25859916,0.049630906,0.063940406,0.04675644,0.04582288,-0.06307215,0.06701085,0.38368618,0.2581356,0.4718517,0.21203995
0.22275943,-0.23705435,-0.16161665,-0.17040989,-0.23031583,0.09405719,-0.09612867,-0.1424513,-0.08739153,0.107979715,-0.008939458,-0.037631337,-0.2679584,0.21945223,-0.110965826,-0.19768539,-0.16984579,-0.25072676
0.24532968,0.30045775,0.22855783,-0.052362118,0.2592999,0.056726698,0.38478082,0.25482768,0.11880397,-0.064946525,0.05277379,-0.07871006,0.21101111,0.11689871,0.25075603,0.23199084,0.18227008,0.28585988
0.01423851,0.1185642,-0.24035901,-0.16401924,0.110008344,0.23436828,0.11393074,0.3746512,0.09600412,0.11736262,0.09959923,0.18808854,-0.14216447,-0.10143313,0.2593385,-0.07952465,0.44835275,0.042967785
0.19959325,0.097553894,0.26991117,0.20328592,0.09246743,-0.16747949,0.3669291,-0.028959796,0.113548286,-0.25374335,0.08552642,-0.23582834,0.43019158,-0.0329373,0.1596553,0.3439092,0.060667537,0.3950153
0.40356287,0.19600016,0.21450225,0.31373423,0.1267166,0.03094678,0.079052284,0.23105627,0.31339884,-0.084921464,-0.09906092,-0.019639034,0.46789092,-0.075883314,0.11009674,0.14123064,-0.004127903,0.021530543
0.028855668,0.18444613,-0.0073111765,0.08662872,0.14135703,0.2723465,0.2629618,0.19195515,0.10567294,0.02314593,0.20391534,0.12751482,0.06652005,0.07768063,0.25238574,0.2097699,0.3757884,0.30147523
0.0028600201,-0.17058423,-0.11338678,0.35630274,-0.23653185,-0.11599749,0.21414295,-0.1986514,-0.02014083,-0.11312075,0.0010716636,-0.1647649,0.25138217,-0.08492276,-0.104906656,0.1778929,-0.12782487,0.0046313927
0.41342497,0.16542561,0.32874936,0.06779942,0.14449014,0.3471674,0.19510952,0.14051066,0.114239976,0.06540999,-0.038386926,0.083636254,0.02732472,0.18885979,0.066655554,-0.091783784,0.019502489,-0.07199876
0.045126617,-0.12931705,-0.092165604,0.30775958,-0.11517848,-0.08040567,0.3075837,-0.12823913,-0.08616452,-0.10876432,0.15379617,-0.23508558,0.14252563,0.03616697,0.10692338,0.34162307,0.075806916,0.22909
0.15776366,0.37061483,0.14308995,0.22995457,0.31725258,0.2176207,0.18613954,0.19802126,0.34737659,-0.046904456,-0.09605016,-0.005912159,0.39304864,-0.039667826,0.10223822,0.10418635,0.011674895,-0.08566854
0.027771989,0.14248669,-0.23164931,-0.051953662,0.083225645,0.32786965,0.2401542,0.47036698,0.13781753,0.27941257,-0.100672424,0.23121575,-0.08850767,-0.09435719,0.25726712,-0.09797242,0.40714636,-0.08275919
-0.015463448,0.26940003,-0.08568351,0.005654746,0.14861423,0.33908507,-0.0031929782,0.35735464,0.14365494,0.185601,-0.07764803,0.28377086,-0.16405617,0.07348406,0.09961565,-0.21417901,0.19343436,-0.2514016
0.18656549,0.29506528,0.051230438,0.07080708,0.3319108,0.31508577,0.3448061,0.23974922,0.12595919,0.16572472,0.060056247,0.14266711,-0.0829603,0.095013455,0.27073032,0.18904397,0.36236513,0.10959997
0.08110219,0.23006354,-0.108736515,-0.17254621,0.21402314,0.2678381,0.20524848,0.41790736,0.013489712,0.23717788,0.00442462,0.21445636,-0.16560674,-0.086955376,0.21892636,-0.008596271,0.3869303,0.0365844
0.35090014,0.28886184,0.12206856,0.4116363,0.21255182,0.04887338,0.110796526,0.19430463,0.22870037,0.011349623,-0.15000588,-0.026866091,0.49363074,-0.1579845,-0.005573632,-0.023476513,-0.0832136,-0.026670417
0.024925578,0.07771509,-0.22060765,-0.023075003,0.016933078,0.21763119,0.04284857,0.3179288,0.021942664,0.13136636,0.0553598,0.24881642,-0.16514243,0.00010656938,0.03793338,-0.12864242,0.31142107,0.033085346
0.0057827625,-0.17365918,-0.11640385,-0.095393255,-0.13749477,-0.027604233,-0.1575768,-0.066495806,0.06708337,0.09843721,-0.0521689,0.05374395,-0.06875233,0.05754084,-0.09636342,-0.23411629,-0.19390786,-0.20393097
-0.029695302,-0.2991411,-0.20508265,-0.22570127,-0.34212577,-0.06521201,-0.26390004,-0.079427935,0.10759956,0.0067578657,0.12041153,0.10320415,-0.25566807,-0.06556248,-0.07855244,-0.043281004,-0.049873665,-0.17260759
-0.08349487,-0.13808307,-0.10507053,-0.15458843,-0.10359366,0.0587264,-0.33170164,-0.053754818,-0.08405348,0.104765564,0.095447406,0.07821089,-0.32517117,0.013130528,-0.33714974,-0.29611143,-0.25286356,-0.2469326
0.4043222,0.32921708,0.13755044,0.10929161,0.27103335,0.15834284,0.2330864,0.2648188,0.26621866,-0.02989477,-0.11093023,0.054018,0.28467125,-0.015247595,0.15081392,0.11732915,0.18721063,-0.0040134834
0.122288294,0.39488816,0.049570836,-0.0657378,0.32639578,0.41873413,0.15999126,0.43978602,0.17492545,0.21163541,-0.12080173,0.26316315,-0.16054589,-0.006114987,0.32777822,-0.14824417,0.40626258,-0.120221384
0.015121497,0.4019969,0.3939585,0.06937124,0.32964438,0.18091431,0.06357378,0.21035476,0.15656635,0.09326424,-0.068375215,0.0769332,-0.058725998,0.48502898,0.107186034,-0.13367948,-0.10189567,0.016934903
0.20775388,0.1994136,0.06289729,0.15156798,0.23570257,0.18928233,0.041091617,0.21029416,0.058162857,0.22719511,-0.10412584,0.0017045457,-0.21432385,0.25996944,0.084922746,-0.26222306,0.01010347,-0.12787887
0.4162961,0.20918751,0.15377846,0.3314774,0.17576304,0.4067522,0.2630081,0.21809295,0.119691275,0.20294246,-0.08019963,0.17151973,-0.049443297,0.06824877,0.1705533,-0.07157586,0.20283724,-0.14378227
0.23051162,0.12495635,0.14473715,0.28626603,0.06538318,-0.107036695,0.19216335,-0.0498665,0.15316,-0.16056326,-0.13554136,-0.21984574,0.3011154,0.076983206,-0.09171714,0.026839739,-0.17942318,-0.04208011
0.4614268,0.23576397,0.29749992,0.111310974,0.20861857,0.30998555,0.14698063,0.24763896,0.36065763,0.048870962,-0.026819527,0.21002452,0.027403321,0.1806452,0.30483285,0.00057364115,0.27776712,-0.06961081
0.4336707,0.40507057,0.41016716,0.010505982,0.32515186,0.32552028,0.14003806,0.3450545,0.35607147,0.06060506,-0.13162264,0.19483726,-0.009459826,0.2859891,0.22815517,-0.088918455,0.16015907,-0.061289348
0.02192949,0.29746586,-0.11968246,0.022699103,0.25759026,0.25014538,0.25131837,0.44340122,0.097236715,0.2217516,-0.08558383,0.2532668,-0.024563288,-0.19256306,0.31648308,-0.02453275,0.4610085,-0.04516019
0.11178611,0.489635,0.1720098,0.1184097,0.40895987,0.20978239,0.25016248,0.3881779,0.4137867,0.041183643,-0.0561271,0.12595883,0.32874966,0.07157652,0.25134268,0.27241388,0.23159844,0.087021865
0.07095713,0.16074741,0.1527544,0.12911204,0.19909434,0.17678052,0.262617,0.018576985,0.09228864,0.017790051,0.3228021,0.06643253,-0.121929124,0.2608087,0.23151869,0.21633124,0.304628,0.41493222
-0.12283349,0.17250754,0.07700585,-0.0050226934,0.21334815,0.24805123,-0.038799405,0.15329558,0.12216687,0.16301748,-0.029404668,0.13965574,-0.18558358,0.23827451,-0.027108913,-0.29958335,-0.07080144,-0.17383754
-0.114429936,0.118439406,0.17315155,0.15076421,0.01357646,0.13819708,0.13708766,0.27003235,0.24187106,0.050520383,-0.014344992,0.18222618,-0.17569754,0.23128381,0.17477876,-0.059911553,0.19876717,-0.029119529
0.048603386,0.0065748785,-0.1843761,0.09544334,-0.007060077,0.0010750638,-0.05525835,0.26835865,0.12527537,0.2121335,-0.1408757,0.22402897,-0.040712446,-0.18544447,0.0778611,-0.24779552,0.16721836,-0.24908717
0.3032127,0.12209029,0.11879538,-0.008338198,0.11619526,0.32785365,0.09306258,0.17894125,0.12918755,0.18453805,0.12545314,0.2788202,-0.18985698,-0.08243635,0.13582036,0.057492364,0.25034165,-0.06976715
-0.0047755563,-0.03491928,-0.11611463,0.10582493,-0.06741029,0.16607076,0.38217276,-0.023398194,-0.20393142,-0.036872834,0.17230046,-0.1601447,-0.09972437,-0.007452367,0.23100826,0.25715828,0.26354733,0.19612804
0.12460648,-0.04893956,-0.17788272,0.0729727,-0.090439506,0.10169388,-0.0672428,0.15115343,0.16666353,0.1656447,-0.08763872,0.1075318,-0.10554098,-0.06414846,0.00018544123,-0.18702811,0.03234449,-0.31791824
-0.0978127,0.32731575,0.16318268,0.050015688,0.17362627,0.372639,0.09710315,0.38586935,0.14760718,0.1555343,-0.09400849,0.32783705,-0.0802607,0.048759397,0.112651,-0.094453596,0.23448157,-0.013748125
0.044618994,0.13519904,-0.14513665,-0.23667756,0.19356662,0.2420153,0.02244549,0.30649865,0.14646477,0.16347209,0.024943326,0.14135431,-0.2100552,0.043152668,0.34195656,-0.15755844,0.32821825,-0.048042387
0.2788987,0.3563434,0.15692824,0.17970912,0.23032007,0.079860345,0.19191706,0.24850187,0.31371152,-0.044653915,-0.12950484,0.068470374,0.42427665,-0.021401813,0.10140955,0.03979837,0.077779606,-0.0066237105
0.026112556,-0.0145014785,-0.06651064,0.22285241,-0.10416754,0.1705414,-0.14324486,0.12152454,0.09160268,0.1645383,-0.098352835,0.253695,-0.15113632,-0.07967886,-0.028722074,-0.2272364,0.07138693,-0.25503662
0.13882504,0.09033559,-0.14362028,0.10580165,0.054434005,0.092934914,0.14472587,0.09259245,0.1660899,-0.009674488,-0.031111622,-0.035052575,0.14476988,-0.014289297,0.025539659,0.033153262,0.0706352,-0.12928773
0.289199,0.42767522,0.23595086,0.02335523,0.3651365,0.17961498,0.37613094,0.36640865,0.30129355,-0.046927564,-0.068604395,-0.040889964,0.43082088,0.16438952,0.26136425,0.23084712,0.16238263,0.18035874
0.02897802,0.27142668,0.056676462,0.17902288,0.16610569,0.3749171,0.06492923,0.17618895,0.2547835,0.18070532,0.010279146,0.4425524,-0.1737106,0.029450066,0.28545195,-0.017737985,0.40356937,-0.12132774
0.26110554,0.2735639,0.11309067,0.02270971,0.23609458,0.26185998,0.14332381,0.3613531,0.07920417,0.07175171,0.010352096,0.10431562,0.042474303,-0.025090799,0.1549696,0.057814337,0.21900097,0.07070421
-0.01041735,-0.092616886,-0.23386283,-0.10196279,-0.052315105,0.1994673,0.004788582,0.2592024,0.015567871,0.24717012,-0.15879497,0.050121333,-0.18534662,-0.011766104,0.030519366,-0.37205383,0.08284281,-0.20007108
0.054571684,0.2651686,-0.20547041,-0.12893167,0.2150091,0.24918187,0.20883751,0.37970164,0.12772804,0.23530218,-0.02362173,0.24715659,-0.06359244,0.024144731,0.22870457,-0.07995835,0.32803056,-0.06960954
0.37530994,0.16233581,0.316978,0.07080557,0.10947581,0.12833662,0.25639558,0.055649206,0.19495398,-0.15774333,0.05953059,-0.061649635,0.28176743,0.06945369,0.24403217,0.328551,0.13569736,0.2944279
-0.03585881,0.2347737,-0.045810252,0.10898088,0.16472107,0.27189356,0.25562528,0.34410682,0.1899487,0.099490866,0.058328632,0.12502843,0.3795722,0.12437736,0.1660596,-0.045647915,0.14106798,0.20003581
0.20488274,0.134107,-0.059225142,0.19057056,0.07645205,-0.052526385,0.28836054,0.15518989,0.01133369,-0.107883126,-0.09987345,-0.2070081,0.33577633,-0.1901962,0.029815221,0.22665067,0.06712213,0.03241972
0.07612118,0.31992197,0.3178197,0.02060619,0.2655213,0.3368136,0.4260902,0.05962378,-0.027126849,-0.0029933995,0.23335391,-0.04400543,-0.13108371,0.23195374,0.2506535,0.2455509,0.2381355,0.36938837
0.39765042,-0.020338912,0.18104418,0.19574043,-0.051824674,-0.052935675,0.3742886,-0.031395383,0.088012785,-0.1829926,0.03666632,-0.25010926,0.39341784,0.06938757,0.16586453,0.25404352,0.022080725,0.32901278
0.15896317,0.061476797,-0.054294888,0.23968486,0.09039579,0.25899312,0.20551583,0.13544296,0.0022546356,-0.0044756355,0.2343663,0.16071172,-0.041119758,-0.043024197,0.06827918,0.20050472,0.3270015,0.1476356
0.06784904,0.26170868,0.21065149,0.019779358,0.1545249,0.3879976,0.19597189,0.1999768,0.15644574,0.00976277,0.033169772,0.13819605,-0.1549513,0.0017894227,0.1946182,0.17776546,0.2973597,0.015041413
0.17801583,0.2685086,-0.12493399,-0.09428081,0.22801214,0.27951023,0.23464137,0.3470721,0.003982763,0.09319219,0.10098914,0.070996515,-0.03036498,-0.1058441,0.21925057,0.16823024,0.33687535,0.09898023
0.1330952,0.11697092,-0.0847999,-0.049359992,0.07206061,0.36654985,0.02503844,0.09089382,0.09788811,0.18980587,-0.07949964,0.15345311,-0.28461868,0.09756544,-0.004012357,-0.25470006,0.06652436,-0.29783517
0.12838602,0.41574892,0.073878355,0.0495938,0.3800401,0.3603776,0.26609784,0.43906397,0.30452675,0.22546324,-0.10454363,0.23377454,-0.026120692,0.24462162,0.27115884,0.050301213,0.32919127,-0.07966221
0.27716622,0.032620072,-0.17956051,0.001383357,-0.046407647,0.20476368,-0.027885694,0.21539,0.02685054,0.07559186,0.072538525,0.1469959,-0.06937199,-0.037744112,-0.11361173,-0.08368347,0.09095391,-0.043046705
-0.08256951,0.16903436,-0.19314295,-0.1626684,0.16335653,0.35147277,-0.08409418,0.22095436,0.037677392,0.14072749,-0.07584651,0.1996477,-0.15986489,-0.055681616,0.051847585,-0.2501868,0.13970071,-0.3078533
0.42877343,0.13423097,0.34555233,0.22097905,0.08187285,0.13367945,0.23067623,0.16560031,0.28991497,-0.101506606,-0.09501171,-0.042444654,0.42601055,0.12824413,0.037422806,0.08396875,-0.07705529,-0.007997101
0.4656307,0.2082575,0.44968688,0.21490228,0.18038955,0.14154723,0.24577707,0.12631027,0.46968836,-0.13740535,-0.0061335564,0.0064259013,0.39027014,0.1449844,0.18838865,0.1975142,0.043271057,0.1402105
0.3546527,0.3606209,0.3532703,0.16384172,0.24438223,0.16777581,0.28784728,0.35170874,0.32242668,-0.03976705,-0.16549495,0.054044534,0.3312083,0.1394139,0.25431412,0.03821387,0.17944333,0.085205376
-0.0115929395,-0.022214778,-0.17420956,-0.053498395,-0.012764425,0.1818991,0.34726742,0.2730242,0.063420124,0.14193286,0.06851101,0.15091145,-0.14565098,0.0323624,0.42088804,0.11427145,0.52830786,0.11577195
0.18432838,0.2379174,0.21982174,0.14746833,0.14411744,0.21423298,0.04205584,0.25902176,0.12610734,0.08721447,-0.1674922,0.2046603,-0.19746763,-0.024584271,0.05850949,-0.1957401,0.21407212,-0.17040345
0.1611336,0.34177876,0.044405557,0.08386314,0.23809548,0.29429322,-0.023215448,0.24983904,0.08387812,0.15476581,-0.1755316,0.16180871,-0.14273688,-0.041157126,0.03378825,-0.2555986,0.11084193,-0.2039254
0.04362453,0.32732183,0.22749308,0.1788544,0.2352894,0.34777346,0.27834707,0.15217757,0.08792665,-0.104971245,0.14718005,-0.023823908,0.49352658,0.0925107,0.17283332,0.24178219,0.058136243,0.32479808
-0.15733096,0.2287089,-0.14494854,-0.2924775,0.21256125,0.40560037,0.17594095,0.53225815,0.16297477,0.20148325,0.048880346,0.19250594,-0.10475811,0.053996343,0.2785132,-0.18184891,0.39141923,0.09913424
0.3412205,0.21879229,0.08740594,0.091641545,0.14225762,0.154625,0.27007705,0.38682252,0.1099955,0.07802284,-0.10779284,0.08431312,0.2729234,-0.1675857,0.08544585,0.09865723,0.17526725,0.024654346
0.45689845,-0.026236743,0.072505265,-0.060992345,0.031706177,0.2156128,0.10925989,0.08670366,0.028246626,0.14773957,0.14684537,0.06513138,-0.18756843,0.27178332,0.12375885,-0.08237901,0.07677205,0.03164443
0.120997906,0.34970585,0.12528183,0.06687625,0.28647643,0.2623194,0.31372586,0.40973663,0.113322094,-0.004016697,0.010966167,0.099194065,0.301287,-0.1639904,0.28210852,0.33484265,0.34106618,0.21191901
0.23275141,0.40716696,0.22633404,0.07848449,0.36975387,0.23145042,0.17772728,0.3655815,0.4053272,0.04859735,-0.02503299,0.18485585,0.13858706,0.045201275,0.34001112,0.057272043,0.33546203,0.07270793
0.22668038,0.24992406,0.1908041,0.014602586,0.13073607,0.09164782,-0.10351208,0.08254143,0.16631925,0.049031027,-0.1293172,0.044592164,-0.12200831,0.2815438,-0.04455682,-0.15209633,-0.10319559,-0.11765449
-0.12980388,0.1803227,-0.19712505,-0.0002639247,0.024971664,0.18066989,-0.07614607,0.3324571,0.16603395,0.22116497,-0.06743786,0.4447009,-0.12281885,-0.17387271,0.07932924,-0.10712138,0.26022336,-0.25983414
-0.031282265,0.19782831,0.1911968,0.43348676,0.14335641,0.05382604,0.36268026,0.118334875,0.22010298,-0.112853035,0.11670807,-0.05790008,0.5146159,0.13084815,0.106861755,0.17020898,0.045176297,0.39841294
-0.08357483,0.28550285,0.008882903,0.12930128,0.32014638,0.15439786,-0.09116351,0.1694139,0.16705297,0.1376996,0.12132278,0.20668885,-0.16788945,-0.07451165,0.03327941,-0.044524774,0.12495597,-0.060361747
0.031130064,0.36045265,-0.008796406,0.086199276,0.28493792,0.31943333,0.38677153,0.35431355,0.158654,0.07814138,-0.018018525,0.15214702,0.23051828,-0.046554677,0.3097115,0.18782791,0.40565515,0.1332669
-0.10397732,0.029682519,-0.32378647,-0.045471467,-0.023374729,0.07882203,-0.0023793057,0.40084034,0.19992658,0.14789313,-0.076812714,0.17751563,-0.074986875,-0.18838859,0.17945844,-0.095235705,0.3147961,-0.13031493
-0.034709424,0.122631796,-0.13512251,0.06700427,0.013036534,0.20898752,0.122153364,0.35428867,0.26749957,0.19421108,0.092970446,0.37310368,-0.20713644,0.016423164,0.41127557,0.11674446,0.4672758,-0.1267635
0.26581287,0.43805134,0.2736978,0.22284427,0.34437352,0.28416276,0.1763516,0.3437572,0.30698842,0.049331874,-0.19471857,0.15884823,0.22972499,-0.007856913,0.16604395,-0.0030616182,0.16340503,-0.08405319
-0.16201863,-0.120443165,-0.004203518,-0.03824071,-0.22366035,0.043823853,0.074171424,0.112679645,0.099772714,0.19412944,0.08537115,0.2816202,-0.3103031,0.24656375,0.11127391,-0.09855607,0.118263096,-0.063696966
0.25567997,0.17034811,0.069138244,-0.035096686,0.07851097,0.13965282,0.012789452,0.19407195,0.12037277,0.13306065,0.1377846,0.22618113,-0.061336443,0.11559741,-0.013541173,-0.07121137,0.1017769,0.15209687
0.07780265,0.2537679,0.27926725,0.102645926,0.23139971,0.21116418,0.32748637,0.20762905,0.14010017,0.089113265,0.15128523,0.19764647,-0.16694787,0.37108564,0.3604399,0.11125329,0.3918219,0.32034603
0.03886715,-0.15621349,0.116331205,0.40079647,-0.17526954,-0.0352721,0.44135964,0.050745327,0.09771284,-0.0678245,0.0047163274,-0.07398219,0.39672437,0.14468443,0.1992622,0.06358403,0.1130939,0.31453758
0.03959822,-0.017862653,-0.3289796,-0.0025739144,-0.055457614,0.053297464,-0.24437425,0.15527609,0.039686397,0.20135841,-0.14705649,0.13941136,-0.18709996,-0.10571994,-0.13880423,-0.3656922,-0.016462823,-0.2963518
-0.038192276,0.28307036,-0.098632544,-0.08666818,0.21968794,0.38674128,-0.18805718,0.15575337,0.10967675,0.18958698,0.031761304,0.23528752,-0.29057854,0.12516552,-0.06845015,-0.25387084,-0.01578055,-0.24231791
0.27216297,0.19015749,-0.06812103,0.11996834,0.18368861,0.22462884,-0.08694381,0.06023632,-0.0014458103,0.16418101,-0.1226852,-0.0050764503,-0.16347258,-0.034466222,-0.054191854,-0.19017819,-0.011486793,-0.27427274
0.20823309,0.46338868,0.41281343,0.16308632,0.38100225,0.2881517,0.1079645,0.18668546,0.47551587,-0.057905965,-0.01019302,0.1041608,0.2767427,0.2955729,0.22678898,0.17806935,0.0452353,0.086963534
0.15969548,-0.16513869,-0.20143548,-0.016752224,-0.08063562,0.038547613,-0.15232807,-0.107991025,0.0036161433,0.12184441,-0.1181099,-0.08815061,-0.1667299,-0.023946784,-0.12726632,-0.2508553,-0.16063496,-0.27314526
0.075966604,0.088747956,-0.025371313,-0.05461371,0.1962888,0.40350926,0.23588726,0.08870261,0.059144367,-0.02332705,0.32184383,-0.064747415,-0.09312905,-0.07383656,0.2134166,0.438491,0.3008824,0.16047479
-0.0062083127,0.31744158,0.03655106,0.09842132,0.25772566,0.34996843,0.35732067,0.38827175,0.01579232,0.06811923,-0.0069636377,0.090135716,0.16433147,-0.15576503,0.17387749,0.22921264,0.301983,0.12843548
-0.026162852,0.25415874,-0.05241809,-0.16445574,0.23680738,0.26086003,0.26843807,0.4891847,0.07476149,0.2266116,0.005356304,0.21435845,-0.10153481,-0.07950518,0.27894533,-0.15025127,0.38851172,0.11339517
0.15125757,0.25724533,0.011016836,0.06850828,0.19718915,0.226841,-0.11424594,0.247683,-0.0026303376,0.1910136,-0.14602813,0.32214636,-0.100390226,-0.20367119,-0.0400256,-0.23246709,0.17029971,-0.17465565
0.2868505,0.006446953,0.024400365,0.14274317,-0.046749607,-0.06330889,0.34245178,0.16600314,0.16130286,-0.08876896,-0.034831434,-0.12106052,0.3957507,-0.12410177,0.20835532,0.28961772,0.15683728,0.20951334
0.4524866,0.11314969,0.23464403,0.031552307,0.103864156,0.25398305,0.19286875,0.12976542,-0.015835404,0.038598888,0.1910992,0.09131127,-0.1838435,0.14506961,0.14333749,0.088590294,0.23199797,0.16958064
0.0006033913,0.31305966,0.07919425,0.33766443,0.23390228,0.10680306,0.3082469,0.32908803,0.14594842,-0.0044365483,-0.19359925,0.012854511,0.35658816,-0.1308562,0.1573771,0.14189515,0.20992452,0.0025061676
0.45075,-0.16072881,0.1061734,0.12023415,-0.111226484,-0.09337977,0.1736081,0.062332842,0.15620902,0.019571627,0.10409505,-0.023169145,-0.045602567,-0.06565956,0.27911514,0.24446572,0.18266061,0.06302545
0.08819427,0.2934654,-0.099920765,0.0768695,0.22017163,0.23233554,0.32807028,0.41489285,0.17973813,0.09820897,-0.020341367,0.13037765,0.18129131,-0.058968667,0.25806245,0.13422126,0.35314804,0.062336147
0.100567624,0.32621792,-0.024087438,0.08152507,0.303916,0.43965954,0.103432074,0.2350618,0.2042127,0.19076465,-0.05676306,0.23390569,-0.059315782,-0.050066084,0.24813557,-0.098830074,0.2756164,-0.14647613
0.1941226,0.2629562,0.007565591,0.22234014,0.26717955,0.31477326,0.21424972,0.15675376,0.27342814,0.09992725,-0.07749963,0.04499338,0.013714982,-0.041982785,0.22844177,0.13107556,0.23211114,-0.20997892
-0.06417001,0.012867945,-0.2759155,-0.11188567,-0.09499887,0.19418743,0.2270635,0.33893114,0.098835975,0.17169926,-0.010621513,0.106882185,-0.059952646,-0.13130186,0.23437211,0.1329827,0.32973891,-0.077331215
0.09601324,0.30907577,-0.099038854,0.0687951,0.2564104,0.37265098,0.03963581,0.2985885,0.23048767,0.17642587,-0.01699422,0.2408774,-0.06952809,-0.07355031,0.19795185,-0.13168702,0.25960523,-0.18741326
-0.11894776,0.17620331,-0.2503148,0.046261884,0.07708293,0.24187715,0.026041908,0.21486644,0.3159408,0.25509217,-0.0104064755,0.32749724,-0.24871774,-0.020638155,0.25081635,-0.08217173,0.330898,-0.2797832
0.3327665,0.30260193,-0.011250067,-0.1461581,0.224134,0.30173424,0.2258878,0.4687115,0.08718306,0.21081114,-0.05327637,0.25935596,-0.04319388,-0.16760412,0.17727122,0.007675764,0.36094174,-0.00473377
0.087773375,0.31736487,-0.0601875,0.06288792,0.3085917,0.2695665,0.3137347,0.41172785,0.20321557,0.17472607,-0.110730305,0.14634019,0.031552665,0.08494622,0.29595307,-0.08862506,0.33573774,-0.02418405
0.15267932,0.29262495,-0.025018834,-0.12016312,0.3802301,0.35570443,0.11623797,0.34790075,0.11796094,0.25863668,0.09400306,0.23539835,-0.21550933,0.22637118,0.28334975,-0.21108717,0.27887902,0.076426476
0.2847197,0.27142152,-0.18266188,-0.10158445,0.15891571,0.23259167,-0.085266195,0.42297944,0.15243301,0.15000148,-0.115283184,0.2292394,-0.043144695,-0.15594359,0.06198457,-0.14444669,0.23710868,-0.17441136
0.08335599,0.4375052,0.16367036,0.052823894,0.3049835,0.22726978,0.21032116,0.25615877,0.3485996,-0.07003615,-0.07231143,0.01515368,0.3268004,0.1366184,0.23276025,0.14593717,0.16457577,0.061525974
0.05293214,0.4099548,0.21290779,0.008745036,0.3321954,0.3283856,0.13539842,0.32339782,0.38661978,0.19627368,0.036150176,0.23080228,-0.1299227,0.39060414,0.3162384,0.044097487,0.1853013,-0.040089652
0.20377116,0.2687927,0.29684666,-0.13024798,0.33160314,0.36586356,0.33811975,0.30894327,0.046615727,-0.055508666,0.19623022,0.014812525,0.18058288,-0.032107666,0.16037211,0.3745495,0.27960944,0.45116776
0.40851805,0.26575673,0.32748824,0.34646815,0.23374411,0.17195325,0.39847982,0.10200383,0.20624812,-0.18748121,0.03605792,-0.10290809,0.51495886,-0.00034008082,0.14929733,0.33992356,0.053193904,0.20183349
-0.02232157,0.17166291,-0.16255379,-0.062005624,0.063133076,0.45889544,-0.063302696,0.092220485,-0.00790097,0.23885417,0.047143094,0.2564357,-0.2578163,-0.03781817,0.07803121,-0.20391092,0.1727293,-0.2653772
-0.016016303,0.1541135,-0.104379684,-0.012070748,0.10082349,0.14984359,0.26628625,0.39371252,0.12082273,0.20564613,-0.060398728,0.24384838,-0.13111213,-0.05733543,0.1816924,-0.060088225,0.33384395,-0.091529444
-0.021988833,0.13446507,-0.15885475,-0.13056362,0.1793687,0.16789211,-0.20034823,0.18374972,0.17077969,0.22697255,0.023950532,0.28441727,-0.1873793,-0.17500186,-0.04594968,-0.27199808,0.04982876,-0.2388843
-0.08056771,-0.16419668,-0.2872433,0.007903825,-0.050017573,0.067099765,-0.060080886,0.024328629,-0.020372223,0.15844657,0.34591034,0.18155105,-0.3354147,-0.33156618,0.046010196,-0.007966457,0.25240058,-0.051677026
0.12971036,0.17075536,0.18274021,0.020717075,0.07862814,0.1909061,-0.02697923,0.28535587,0.17385478,0.097308345,-0.105658814,0.23212206,-0.16782159,-0.091659926,0.10785912,-0.13870856,0.21490312,-0.11320609
0.041594945,0.18776631,-0.071226835,0.3531375,0.15497327,0.09591344,0.3212752,0.14119251,0.007815476,-0.0063910177,-0.047236245,-0.09244457,0.35438856,-0.10986921,0.039968338,0.14159387,0.063754395,0.044889458
-0.038553707,0.14593518,-0.17765626,-0.011491355,0.09190269,0.26429293,0.26221716,0.36031112,0.12825146,0.1735971,-0.011927803,0.28869146,-0.09052692,-0.1675575,0.32519078,0.013381714,0.54019415,0.01248496
0.43864614,0.38796258,0.21632648,0.27441877,0.31273958,0.06329478,0.3328265,0.39283243,0.25282025,-0.045824684,-0.15205312,-0.03434439,0.4778692,-0.007602348,0.14455815,0.21284372,0.11075179,0.10281393
-0.06784162,-0.022266433,-0.22793642,0.11158464,-0.03739479,0.09487509,0.057087027,-0.0018045874,0.26434457,0.17251891,-0.000119086355,0.1317167,-0.25807828,0.02145254,0.18705925,-0.029874496,0.21820349,-0.25385416
0.042140383,0.24463251,-0.20678464,-0.10536249,0.22518851,0.2224254,0.33929807,0.37497386,0.0039888956,0.16146865,-0.015730014,0.0031849644,-0.015019543,-0.14234325,0.22803217,0.18311103,0.302511,-0.024141688
0.08580615,0.2255972,-0.070429966,0.039066523,0.24810648,0.20383619,0.23219734,0.37086925,0.270724,0.0844353,0.11287457,0.1294252,0.19980568,-0.10411066,0.2782805,0.15995502,0.32205373,0.15190256
-0.027980372,0.10320883,-0.17121844,0.23090748,0.0377205,0.08538834,0.26374784,0.14730617,0.12732837,0.0047923937,-0.066762164,-0.017083071,0.1907253,-0.078070864,0.12283155,0.11947908,0.18100563,-0.06562909
0.05016257,0.36344588,0.40531456,0.21442932,0.23457116,0.016214946,0.18545079,0.16174115,0.33409786,-0.15274507,-0.15592921,-0.08696702,0.4569142,0.20638719,0.04556304,0.044754155,-0.17235503,0.097721756
-0.050095584,0.11199865,-0.19390649,-0.052409116,0.0049073054,0.34014064,-0.032814927,0.20335996,0.19922194,0.17180851,-0.033612728,0.1834133,-0.29821098,0.063017994,0.074053526,-0.10423426,0.17530747,-0.36119038
0.11382006,0.13135833,-0.12913738,-0.12640603,0.22050297,0.1393188,-0.21901466,0.10343301,0.075129196,0.066546805,0.19322972,0.18643233,-0.23350081,-0.122719824,-0.08466563,-0.21869525,0.08344282,-0.06029505
0.09260724,0.15651628,0.16772246,0.15747756,0.22754686,0.1325587,0.2336311,0.11787963,0.024544049,0.07530102,0.19574037,0.07055731,-0.10649924,0.22533277,0.19429915,0.027718972,0.3028738,0.4283827
-0.016510822,0.28991577,-0.081858456,0.10338728,0.16123627,0.30553758,0.14663225,0.15134683,0.16568637,0.15212089,-0.046589706,0.15268832,-0.080555744,0.043540236,0.1745233,0.0946628,0.20126398,-0.17918567
0.16992179,0.42445344,0.40130657,0.33220926,0.3885104,0.32434875,0.21152791,0.17895094,0.27345526,0.013245111,-0.071208015,0.13582355,0.17104404,0.21696079,0.2187582,0.009897018,0.08844015,0.011963101
-0.07484715,0.105606645,-0.085867934,0.12258817,0.120003715,0.18891501,0.08235584,0.06652764,-0.08383305,0.23359743,-0.01417952,0.16935137,-0.15676737,-0.13100313,0.05536215,-0.19940394,0.14371711,-0.10591123
0.010197143,-0.06520353,-0.11933322,0.4004309,-0.113501325,-0.013411732,0.12418672,0.07605639,0.3810662,0.03500786,0.009090975,0.08040653,0.38301647,-0.116208896,0.105858706,0.1591993,0.018437034,-0.08688286
-0.017672833,0.2660204,-0.031219278,-0.03557372,0.13392994,0.25698894,0.27874884,0.35562178,0.15963612,0.21174826,-0.04013867,0.29900128,-0.11878612,0.0726291,0.20987976,-0.06250793,0.35337037,0.036253016
0.22101441,0.3400272,0.39883152,0.25456947,0.23441236,0.22095495,0.33413205,0.42101812,0.3072082,0.025052316,-0.22811323,0.20555146,0.44208455,0.08933936,0.15265657,-0.027614713,0.14955375,0.11475995
0.38474193,-0.025271801,0.045554537,0.24016702,-0.0766585,-0.029327966,0.30866736,-0.05519891,-0.023277065,-0.15448168,0.040722102,-0.23406023,0.3848282,-0.04603052,0.008141318,0.21704209,-0.06934698,0.22427042
0.0011443258,0.41884613,0.2495094,0.047801703,0.39900386,0.42594296,0.25376594,0.45237568,0.24259546,0.1829185,-0.15255883,0.22944693,-0.08742641,0.32372797,0.31639904,-0.27577305,0.2723717,0.020361979
0.14502549,0.018070783,-0.096747436,-0.014332913,0.04374959,0.19493479,0.32360613,0.31378916,0.11342427,0.06441247,0.13371485,0.11800149,0.23333393,-0.066446036,0.33273286,0.13979661,0.36792785,0.25511122
-0.18312877,-0.07509097,-0.29487476,-0.15761489,-0.07913475,0.16254273,-0.23848641,-0.014297004,-0.075882,0.10998804,0.05247411,0.08253865,-0.39113316,-0.13461304,0.033978835,-0.18707009,0.11304528,-0.26879925
-0.07303826,0.1347304,-0.016949294,-0.11197369,0.17369175,0.23845185,0.057375595,0.20703405,-0.029243158,0.21584713,0.11275329,0.17094511,-0.15452294,0.024530184,0.007917746,-0.23509637,0.06631298,0.0587141
-0.12933786,0.061491232,-0.27365887,-0.004677302,-0.03076575,0.17085509,-0.15357092,0.14992115,0.21366404,0.12483171,-0.052345555,0.17682672,-0.18615194,-0.05490411,0.15126681,-0.11354694,0.20881027,-0.28273326
0.115052685,0.3413841,0.0415623,0.37779552,0.3027332,0.0011680685,0.21791671,0.13610259,0.28934276,-0.029381236,-0.09084925,-0.048071176,0.3914361,0.05018109,0.06647814,0.07749167,0.0017957587,-0.023817921
0.3994465,0.08980484,0.10105607,0.28906524,0.03541124,0.19644359,0.052692253,0.21380132,0.35520494,0.08945611,-0.035944812,0.30173403,0.26783776,-0.03087204,0.14802268,0.015812218,0.16450657,-0.06950082
0.1644351,0.19847357,-0.005234712,0.09186144,0.114099085,0.16877306,0.1420905,0.2539911,0.03661703,-0.0050620823,0.054491915,0.11537126,-0.09061418,-0.16727012,0.26535535,0.2458134,0.3934549,0.013211243
0.075478405,0.44000798,0.045762442,0.017239679,0.35736638,0.29188347,0.29730898,0.49524778,0.18363726,0.12513706,-0.050407626,0.23446678,0.16895197,-0.059452422,0.27305818,0.1546196,0.3933496,0.071566306
0.025057588,0.14364184,-0.17882644,0.20976885,0.050642453,0.1102266,0.1626859,0.3381312,0.18978605,0.04066442,-0.09920679,0.2096965,0.33675736,-0.21427378,0.095740795,0.05180845,0.27305633,-0.030268922
0.39268243,0.0050838627,0.119914636,0.19379583,0.00015858654,0.15657395,0.15369639,-0.036052585,-0.040458027,-0.042959496,0.27616358,-0.048375167,-0.04446532,0.21268049,0.041288674,0.18282805,0.062397923,0.29558817
0.33774137,0.14742598,-0.1339116,0.17876944,0.034277536,0.17033832,0.1159717,0.127112,0.10398653,0.07125991,-0.052458078,0.045388997,-0.11104758,-0.061803706,0.094861485,0.07300679,0.21485178,-0.16583921
0.4266585,0.23096898,-0.07412602,-0.06414125,0.14855424,0.35369322,0.06382367,0.24860874,0.20451328,0.19976027,0.046215832,0.18708415,-0.06519836,0.059555016,0.22061947,-0.014066623,0.23884004,-0.0692711
0.21157339,0.291156,0.17577565,0.281646,0.19861066,0.28526556,-0.011424178,0.25963214,0.217154,0.15881583,-0.1846197,0.2779526,-0.14439464,-0.0008197916,0.069528356,-0.16891564,0.15269586,-0.26009434
0.131216,-0.1679238,-0.246654,0.12871444,-0.17487073,-0.008227879,0.25576618,-0.056664728,-0.103310674,-0.05758361,0.13502198,-0.17721987,-0.010958033,-0.11822996,0.13299057,0.30313948,0.12848453,0.020004127
-0.058828436,0.16971172,0.14031497,-0.047820024,0.1848787,-0.038292408,-0.0005663866,0.104170635,0.4141705,0.09271984,0.03672379,0.18222731,-0.10623765,0.4020394,0.1927925,0.06513835,0.03869232,-0.09956807
0.13623023,0.18076237,-0.09158583,0.07154832,0.118005216,0.17018695,-0.03692228,0.26281786,0.19812033,0.19195147,0.0769235,0.3083913,-0.23119524,-0.052447576,-0.037924588,-0.09261817,0.14825758,-0.19162884
0.28759176,0.19613458,0.14107408,0.11387932,0.14424992,0.15917923,-0.06263052,0.1894134,0.35597634,0.14035259,-0.036035225,0.35311237,-0.058637578,0.10800432,0.2253037,-0.06266618,0.24413863,-0.110475376
0.055973552,0.347337,0.22745538,0.08056313,0.3522182,0.31102812,0.19460133,0.24197274,0.10256062,0.21882915,0.052420422,0.1895294,-0.21434629,0.3485192,0.0809404,-0.2077848,0.10064487,0.10725708
0.23986748,0.2592538,0.15022331,0.05996242,0.24566686,0.2657715,0.27609897,0.23695152,0.16856658,0.053246118,0.017284889,0.14841774,-0.0047191437,0.046078026,0.26027012,0.16234395,0.34128863,0.05878237
0.3229657,0.04838093,-0.051101804,0.1432294,-0.013966983,0.051936753,0.20643738,0.18577501,0.25747716,0.05427248,-0.07174596,0.034116946,0.25717312,0.09340931,0.12618181,0.0063393125,0.069584936,-0.03939187
-0.17840743,0.051416393,-0.21280968,-0.13001692,-0.0045450535,0.28898764,0.024338147,0.46067917,0.29175147,0.28673652,-0.10545552,0.37387016,-0.20209958,-0.06365634,0.22989735,-0.25109664,0.37543893,-0.21231326
0.43731052,-0.14744548,0.077478796,0.07515316,-0.14278713,0.01670827,0.24160494,-0.14012551,-0.07796641,-0.17950255,0.13906306,-0.30636212,0.32501817,0.0027816962,0.0037852656,0.24199519,-0.10559867,0.3266092
0.3536235,-0.2804202,-0.12160364,0.084769145,-0.25190872,-0.033301935,0.16329707,-0.15228707,-0.18331826,-0.016638735,0.20673165,-0.11029874,-0.07654436,0.09774705,0.13023078,0.10651331,0.044155,0.13460381
-0.004711438,0.21439376,-0.018771809,0.08279617,0.11715828,0.29119694,0.025770897,0.31322107,0.30149424,0.22845829,-0.11989832,0.28173268,-0.22333169,0.12060671,0.18192586,-0.2345407,0.21558182,-0.20278186
0.27602428,-0.03267435,0.10251054,0.39431772,-0.03080125,-0.07500043,0.31336918,-0.035671867,0.013408683,-0.12246945,0.15299448,-0.090234876,0.40287974,-0.01283624,0.14497477,0.28019232,0.09140818,0.37917313
0.08734383,0.37399074,-0.005675585,0.03196439,0.37878937,0.42245364,0.07385233,0.40195212,0.12536016,0.26129323,-0.09550797,0.37262875,-0.03278535,-0.16219494,0.22037303,-0.16041471,0.3446865,-0.12825541
0.1406727,0.28259158,0.02411545,-0.024120793,0.31814831,0.40246943,-0.05156057,0.07707196,0.17636648,0.089559704,0.3572813,0.17304245,-0.0594758,0.022375718,0.054905765,0.17070699,0.15164429,0.18400519
0.012362767,0.2310363,0.22107607,0.3406207,0.18304715,0.28701133,0.358352,0.2293117,0.2247456,-0.04544241,-0.020350449,-0.012068929,0.3476835,-0.014808027,0.106600545,0.20940891,0.091277465,0.038886502
0.02994604,0.24551022,-0.11092341,0.11536543,0.19677462,0.3258304,0.24867707,0.45703653,0.159433,0.16796954,-0.081595235,0.22136931,0.10784115,-0.18696469,0.32567137,0.023077035,0.4413517,-0.030166805
-0.07994674,0.33219162,0.08782624,-0.030485887,0.3049036,0.29860514,0.20641762,0.44423127,0.08771056,0.25513393,-0.0965817,0.20787744,-0.15241572,0.14386162,0.18374282,-0.28332973,0.18320596,-0.014066351
0.48746055,0.050116368,0.12620257,0.12916794,0.012100951,0.043583237,0.1257545,0.04439409,0.28807145,-0.16605851,0.017724862,-0.16047683,0.34295738,0.03306724,0.075715125,0.29780352,-0.060002107,0.00038763136
0.18336035,-0.11038471,-0.22501528,-0.014873328,-0.12751992,-0.044347197,0.10799214,0.104341954,0.04285652,0.18690708,0.076480895,0.26109287,-0.1921233,0.04448682,0.23676297,0.0210571,0.3591207,0.05153326
0.31508428,0.07205607,0.34307384,0.4133523,-0.0037545804,-0.17480952,0.25407508,0.004971794,0.13709761,-0.24521482,-0.053477105,-0.18534598,0.4855225,0.018866532,0.019134566,0.20392185,-0.10030152,0.20672788
0.23369083,0.18838179,-0.19150867,-0.047033854,0.12532927,0.11814224,-0.14750913,0.14801162,0.15517324,0.20303935,-0.10775454,0.24223462,-0.13329832,-0.11492136,-0.014939564,-0.22309968,0.103490956,-0.18755561
-0.007011191,0.21141896,-0.18839857,-0.1906697,0.14286563,0.30875504,0.18412355,0.54666704,0.12077975,0.22344661,-0.12599044,0.22487572,-0.0030965488,-0.21248418,0.17536059,-0.12428787,0.34845498,-0.08831835
0.4303563,0.41077197,0.18589415,0.09171445,0.27814212,0.41639134,0.11260455,0.30526346,0.30790067,0.12972835,-0.103511065,0.18675268,-0.020215988,0.12893578,0.17911997,-0.02420212,0.19393069,-0.13051902
0.039001804,-0.0751494,0.085134596,0.093924105,0.0127339605,0.07695467,0.3328978,-0.0043611666,0.028216453,0.07724019,0.3413941,0.06749982,-0.14901909,0.2299651,0.34034705,0.11497772,0.36093286,0.4800262
0.08480476,0.09893348,-0.06307283,-0.017739464,0.09225917,0.3143171,0.20693937,0.00766337,0.081930146,0.034597732,0.29234767,0.07338665,-0.06724873,0.2597959,0.20085157,0.11733211,0.25480166,0.25076348
0.23471728,0.27892482,-0.021630516,-0.054655783,0.3425544,0.13442256,0.075899005,0.25182414,0.07482922,0.08271426,0.20833005,0.12912813,-0.19723003,0.036421333,0.17378223,0.02061189,0.2574718,0.070759684
0.024545476,0.27776664,-0.19126856,-0.022787072,0.26969284,0.28092146,0.008877404,0.2929529,0.20398115,0.14905024,-0.12152092,0.24069163,-0.13515548,-0.0053869,0.13387805,-0.103743605,0.31042397,-0.26113474
0.04947079,-0.086028956,-0.22619233,0.18258351,-0.15074933,0.05658167,-0.022057122,0.12441422,0.17261414,0.104009874,-0.113301195,0.17963186,-0.15316838,0.03498999,0.14508136,-0.07895991,0.25313705,-0.23238778
-0.010843595,0.2443299,-0.011086393,0.10947651,0.11543978,0.26922572,-0.01299295,0.28785205,0.3012334,0.16376862,-0.022748884,0.43057936,-0.13931939,0.07805866,0.20687172,-0.04049272,0.2964023,-0.19976082
0.03585899,0.35381925,0.09445222,0.014331542,0.31530303,0.4038136,0.23194245,0.53001124,0.18086639,0.18298785,-0.12095277,0.3268087,-0.005649033,0.0081429975,0.20491186,-0.10763502,0.3556282,-0.05537598
0.041291017,-0.28648537,-0.08952604,0.3890282,-0.33442634,-0.2033833,0.2044119,-0.062574804,-0.099399015,-0.13333488,0.056400284,-0.13510093,0.39040723,-0.2666215,-0.037018575,0.2696917,-0.054449536,0.15562066
0.23523194,0.23104289,-0.06989026,0.12455191,0.14410192,0.23737863,0.2263631,0.16691945,0.14268255,0.08863734,-0.02787061,0.071225666,-0.082072124,-0.040329613,0.18480372,0.2648797,0.25256664,-0.18379727
-0.14100476,-0.19039184,-0.3107207,-0.1590227,-0.16234654,-0.06425223,-0.24589725,-0.114509284,-0.15143153,0.20021802,0.020348437,0.16042599,-0.16648789,-0.28815275,0.038866322,-0.23894003,-0.02691907,-0.15279484
0.10412127,-0.14912018,-0.24714454,0.22129545,-0.20449221,0.11223796,-0.14473148,-0.10098968,0.019054618,0.23897313,-0.007493901,0.23116165,-0.34080663,-0.113094434,0.020431947,-0.24835402,0.050098367,-0.35344154
-0.04962073,0.025236802,-0.31812745,-0.058772694,-0.07317728,0.27431035,-0.08879631,0.23447639,0.10574855,0.14399871,0.097597755,0.2423886,-0.21088114,-0.17351577,0.11364275,-0.06658915,0.27209234,-0.18855172
0.12063348,0.37199864,0.04127099,0.12953496,0.29337758,0.44805732,0.1909492,0.35017797,0.27675277,0.15902226,-0.102638945,0.31969768,0.049928658,-0.034721896,0.32732332,0.036806397,0.40738398,-0.11929545
-0.08666709,0.08872319,-0.31406415,0.040512353,-0.003620198,0.18814401,0.045284446,0.10749233,0.0424416,0.18815163,0.046108663,0.21779892,-0.22432983,-0.035870153,0.11527838,-0.004413381,0.24567822,-0.18443304
0.25965,-0.09946948,-0.15336415,-0.027319152,-0.10777776,0.0062523326,0.14046662,0.30829716,0.062396713,0.044203565,0.00786148,0.0479461,0.30504078,-0.2999777,0.09723052,0.116505325,0.16940704,0.09142296
0.1430335,0.34415063,0.077119,0.10721043,0.3504549,0.14700285,0.3887635,0.4299658,0.23505521,0.045346797,-0.028481226,-0.013532789,0.12183871,0.08352952,0.45291567,0.3273973,0.41085148,0.18934277
0.2745149,-0.30796766,0.1483438,0.1058119,-0.24462292,-0.11527335,0.18773064,-0.23064962,-0.12229255,-0.20949069,0.21420687,-0.2710169,0.22082919,-0.108699605,-0.08128292,0.39323068,-0.15474385,0.25357985
-0.042377036,-0.053018183,-0.22259489,-0.074790254,-0.05252434,0.1790017,0.2503136,0.21328628,0.107951194,0.11434379,0.15863416,0.033302546,-0.15554321,0.07336715,0.28415313,0.2245056,0.300103,-0.008202622
-0.049099077,0.23441511,-0.064098775,-0.09011793,0.18636554,0.32137483,0.27269962,0.30550978,0.102515146,0.23372452,-0.0955472,0.044665188,-0.04991786,0.08105759,0.18104395,0.004774214,0.12082811,-0.21340406
0.042736128,0.22557712,-0.10245832,0.16051757,0.14314462,0.30807352,0.04074756,0.15487187,0.11061851,0.24841154,-0.045464568,0.25819504,-0.20239194,0.03990855,0.05240591,-0.2503537,0.13268763,-0.23024848
0.16609043,0.40947986,0.0528076,-0.12004525,0.37542045,0.32409623,0.16660497,0.4887826,0.34548113,0.23016779,-0.098137796,0.32587618,-0.029929675,-0.014128281,0.26486352,-0.04406597,0.40379584,-0.04615105
0.040082827,0.2864599,-0.024623659,0.099257216,0.2564799,0.054743633,0.39981496,0.41929018,0.30405957,0.048496205,-0.0121097835,-0.05533823,0.52374834,0.12671006,0.27327833,0.25231987,0.13775197,0.22414353
0.044659402,0.2667911,0.03128103,-0.0056265527,0.23402384,0.34067208,0.36478952,0.24065468,0.09490404,-0.06913234,0.16872507,-0.04684797,0.23851252,0.14372835,0.2918427,0.22742382,0.28870815,0.36103964
0.043430533,0.3301982,-0.07683568,0.19815421,0.25273573,0.34462065,0.25425595,0.37036312,0.3817668,0.11480935,-0.101844534,0.15171465,0.3180282,-0.052223284,0.21500517,-0.0034258207,0.23026867,-0.117670685
0.22250944,0.3348853,0.14188348,0.3601265,0.29852557,-0.013232555,0.23723784,0.26700023,0.383622,-0.08229874,-0.063099876,-0.042344972,0.5839443,-0.17762497,0.08383838,0.26948205,0.06798048,0.109919585
0.14010736,-0.17533883,-0.26316464,0.17079209,-0.19542825,-0.028381966,-0.04112546,-0.0448561,0.10897032,0.113356784,-0.009147603,0.20172818,-0.20527548,-0.12077458,0.08629055,-0.009965841,0.19833714,-0.2703357
0.13186626,0.20216689,0.029982748,-0.21793625,0.29539555,0.21008685,0.1869436,0.43268505,0.06730129,0.17451549,0.081760086,0.10317178,-0.08320837,0.21080875,0.22889884,-0.17892888,0.21048236,0.19169864
0.055171583,0.44803756,0.02601156,0.025716271,0.38037983,0.33354628,0.30609107,0.43838733,0.2895003,0.12201545,-0.09087531,0.1542047,0.17806117,-0.010102372,0.30547303,0.06571117,0.36217397,0.026846502
0.4444433,0.24260248,0.4913754,0.24618387,0.22722542,0.2438406,0.28517973,0.15471675,0.17800063,0.01718415,-0.117163725,-0.010117386,0.38057864,0.26807052,0.10614006,-0.033433102,-0.09510553,0.13579524
-0.07230439,-0.23983848,-0.3939233,-0.0019023349,-0.23794796,0.067567244,-0.1199878,-0.1448838,0.054298695,0.158586,0.016883891,0.13100587,-0.20834096,-0.00078444136,0.095952384,-0.26401177,0.052107543,-0.20760772
-0.0075175664,-0.14851628,-0.25609666,-0.24809578,-0.087187976,0.09504771,-0.13214087,-0.24278703,-0.0022320207,0.055596553,0.07870954,-0.04923343,-0.22106722,0.119841665,-0.02067541,-0.14238843,-0.12060695,-0.1721849
0.05948923,-0.0062711155,-0.30931705,0.13668096,-0.0375141,0.26144576,-0.11639834,0.010296064,0.06283383,0.23025167,0.10221365,0.29625875,-0.26104274,-0.107145846,0.013491264,-0.09149729,0.10951877,-0.31957608
-0.07426907,0.036208764,-0.061650604,0.055098996,0.01025065,0.37743825,0.40234327,0.30569768,0.07952246,0.10314061,0.027484842,0.09501998,0.02619658,-0.042614687,0.2620247,0.15446481,0.3898791,0.05214311
-0.03584183,-0.09172616,-0.17335704,-0.04517263,-0.07496297,0.03806438,-0.12839329,-0.18687394,-0.028578904,0.04237535,-0.110401005,-0.0008350138,-0.120417975,0.03989495,-0.10049951,-0.1956988,-0.14183944,-0.27092844
0.13374785,0.2686144,0.26141143,0.24706158,0.21099919,-0.004951599,0.18910156,0.24268757,0.17762907,-0.056538645,-0.12680323,0.009403837,0.520162,-0.1420637,-0.014519749,0.047934845,-0.06800112,0.123174466
0.18205574,-0.25116926,-0.12036316,0.37385732,-0.2772317,-0.3314237,0.2189025,-0.22127092,-0.04601826,-0.1780847,-0.0072553125,-0.24555102,0.26815784,-0.04075394,-0.030877706,0.10088883,-0.087231055,0.10210964
0.4043575,0.18921806,-0.03205242,-0.055813964,0.17857596,0.3959546,0.06927073,0.22592132,0.108320154,0.22034606,0.21130943,0.21470037,-0.23891798,0.03110386,0.18709987,-0.032744806,0.23525509,-0.06557907
0.3112268,0.044413667,-0.15286618,0.012066532,-0.05633432,0.21175006,-0.09349181,0.15029581,0.07432849,0.08348471,-0.018164393,0.066757366,-0.17020999,0.13637143,-0.020060292,-0.1409438,0.05873972,-0.18059328
0.0182057,0.30760852,-0.056526158,0.033079743,0.21928601,0.243325,0.21744286,0.3147099,0.27374247,0.035947423,-0.034138065,0.058928397,0.19927385,0.058227144,0.22459844,0.19128822,0.21614456,-0.05326367
0.32365048,0.26381058,0.31023678,0.15486866,0.29218638,0.21749383,0.20359899,0.26296687,0.24767384,0.110433914,-0.040226787,0.15141168,-0.06973365,0.12670887,0.33190852,-0.008889675,0.28195465,0.028875716
0.05771313,0.36708558,0.047828086,-0.048499927,0.34136897,0.27016136,0.22713102,0.5912123,0.236785,0.17973232,-0.038170356,0.18822983,0.0014596451,0.17865688,0.2923014,-0.09409669,0.28200787,0.08789484
0.07911184,0.07474463,-0.16018,0.022295836,0.024876442,0.09538256,-0.016279992,0.09474543,0.18124399,0.075186625,0.09032953,0.07034242,-0.14976272,0.13227513,0.24815089,-0.0846414,0.1810491,-0.045978084
0.47947767,0.31772235,0.2955527,-0.15847355,0.32938147,0.27617973,0.283997,0.44613367,0.2310287,0.13781077,0.015226431,0.15262297,-0.10138525,0.28098917,0.30559477,0.049276866,0.3588988,0.18102223
-0.19176692,0.16777065,0.09717113,-0.003911757,0.031186314,0.14042163,-0.07590779,0.112892106,0.16197708,0.06918396,-0.055679224,0.17589068,-0.34672475,0.15719253,0.0057761846,-0.17640069,0.023326218,-0.2532695
0.4602995,0.47180855,0.4531011,0.06364861,0.41251373,0.35654187,0.2086764,0.26621884,0.3940944,0.03187407,-0.060097143,0.10462272,0.31074235,0.2826489,0.17857817,0.02694597,0.014101111,0.10685872
0.26562878,0.35039794,0.41221502,0.3279722,0.31920874,0.15608092,0.1034036,0.19813111,0.42079037,-0.067420155,-0.08734366,0.067946166,0.4790256,0.094746366,0.02126072,0.024167538,-0.067350015,0.08721642
-0.0501386,0.2202366,-0.10329793,0.2066246,0.19504994,0.2522304,0.1651664,0.37593675,0.22968295,0.24311933,-0.068610415,0.37392628,-0.0994309,-0.098165885,0.17998901,-0.042393453,0.42317432,-0.16698787
0.39695537,-0.3017786,-0.007765428,0.2293838,-0.27546632,-0.03470891,0.27509844,-0.16099277,-0.1094414,-0.058063067,0.2536587,-0.14078651,0.0749101,0.09150499,0.10884589,0.31184152,0.019529268,0.27069917
-0.071919374,0.21403313,-0.26067948,-0.22585054,0.14466718,0.31121838,0.0037572607,0.40362546,0.18694249,0.2112768,-0.005456428,0.18538153,-0.13224912,-0.04930208,0.27240527,-0.11815135,0.2709697,-0.1898138
0.29703337,0.25389928,0.15719134,-0.010397298,0.2580669,0.29184133,-0.013338775,0.2287887,0.1283355,0.19473435,-0.17314875,0.1924523,-0.142627,-0.0012643775,-0.006926182,-0.27700204,0.057201855,-0.21025676
0.21154603,0.25012928,0.3008988,-0.0034191422,0.34299088,0.3081072,0.335162,0.034352526,0.07102357,-0.042378154,0.4003712,-0.05130107,-0.14167169,0.25763926,0.20331609,0.28672403,0.25237787,0.4816618
-0.115115926,0.01869139,-0.08224471,0.041425638,-0.06983715,0.08275555,0.080920145,0.09224587,-0.014657704,0.1381141,0.06955547,0.122070044,-0.17558415,0.14562471,-0.05767888,-0.0424247,-0.017700996,-0.121032074
0.14663705,-0.31329846,-0.23381439,0.004753018,-0.23626605,-0.027185757,0.01934722,-0.097231574,0.16745722,0.06400956,0.24561001,0.21386167,-0.16104537,-0.03281444,0.18737955,0.08022908,0.26654282,-0.014296358
0.12747657,0.34092215,0.0061181374,-0.055638738,0.26200938,0.32141608,0.298379,0.5528326,0.20264241,0.2498979,-0.0576171,0.3028863,-0.11504285,-0.050289452,0.39206713,0.073526144,0.51603997,0.0061440202
0.014404316,-0.3128059,-0.22183943,0.25977284,-0.32502058,-0.19451737,0.12981668,-0.010329333,0.06189855,-0.008696064,0.04537648,-0.05869791,0.27698427,-0.16508943,0.04039987,0.17236477,-0.056428738,-0.034265038
-0.13274638,0.12858807,-0.12205404,-0.013224582,0.111572124,0.34805763,-0.04799232,0.17380244,0.026939414,0.24387076,-0.06336352,0.2189886,-0.16006556,-0.08302356,0.024559043,-0.30488005,0.091680184,-0.19777724
0.43992978,0.12465046,0.35818106,0.0955687,0.16141546,0.086921334,0.26169,-0.003144579,0.055080913,-0.20192116,0.15532827,-0.25385383,0.46005863,0.11453785,0.07849178,0.2498748,-0.06362023,0.46658975
0.13682695,0.09711909,-0.0083743725,0.266548,0.017199887,0.073388726,0.18307665,0.09402382,0.04596006,-0.033329323,-0.13027266,-0.015506614,0.10241513,-0.115425065,0.017637018,0.0072092633,0.1438852,-0.09772755
0.44851393,0.110107794,0.04623895,0.054870382,0.07224772,0.06113986,0.115242414,0.1233715,0.3209341,-0.052967794,0.01418618,-0.11279009,0.19253716,0.09256266,0.14852455,0.29049122,-0.01030004,-0.06158047
0.14883924,-0.1460132,-0.32844806,-0.13330685,-0.09238435,-0.018190147,-0.24079466,0.13505651,0.13182867,0.18156806,0.038162522,0.12790827,-0.19940227,-0.035866007,-0.06951708,-0.2903709,0.0067244726,-0.1521971
0.43090695,-0.060569614,0.17183101,0.11633289,-0.032007147,-0.16199571,0.27703464,-0.013587501,0.044034556,-0.15730742,0.021901451,-0.17528525,0.27898395,0.051672943,0.110881865,0.19980966,0.0417236,0.24808553
-0.06338334,0.01456084,-0.21219313,-0.1118352,-0.0083628055,0.19950566,0.086693764,0.27805692,0.25389275,0.2601902,0.02954843,0.40362963,-0.11516565,-0.120864764,0.23271893,-0.07831526,0.37850657,-0.17650555
0.43839586,0.38449156,0.05617735,0.11753039,0.4447748,0.26040682,0.16576654,0.52871716,0.50747097,0.24683167,-0.03524423,0.23430993,0.26434258,0.12535721,0.3187552,0.06564493,0.26351148,0.0050270213
0.2568292,-0.14917347,0.13991432,0.3427474,-0.09918326,0.025686156,0.3452549,0.039974686,-0.010874169,-0.060593545,0.17379823,-0.014627703,0.112142324,0.16931655,0.21799769,0.10935733,0.18485287,0.3030091
-0.07811576,0.17729786,-0.11341591,0.10861772,0.07848655,0.22573996,0.17324188,0.43514812,0.06898424,0.13038038,-0.1006032,0.2052604,0.04670434,-0.19638023,0.2506925,-0.008979386,0.39177585,-0.022221217
0.09590322,0.33711246,-0.08713217,-0.04909766,0.3174041,0.35825685,0.075187504,0.27904028,0.34689826,0.19240132,0.13303083,0.35792744,-0.18269563,0.17405897,0.28600067,0.016442219,0.41118342,-0.081716076
0.4850272,0.12041918,0.0021423097,0.22701354,0.08866815,0.38154745,0.13405912,0.12747455,0.075498305,0.20233318,0.027852442,0.15322036,-0.10133417,0.08576381,0.080982655,-0.08634016,0.15143305,-0.112892166
0.3014765,0.32317942,0.1356132,-0.03147363,0.2891031,0.26182845,0.14734775,0.438281,0.30342144,0.20075849,-0.09122282,0.34293953,0.088196665,-0.0889609,0.28632432,-0.062738806,0.379688,-0.002502582
-0.10079703,-0.14892678,-0.29000938,0.00025145058,-0.15764777,0.03885793,-0.07470667,-0.039702274,-0.101842925,0.02387852,0.064691454,-0.028260557,-0.15150663,-0.20005882,-0.21921614,0.1426143,-0.09115692,-0.26341474
0.016356532,0.32827622,-0.11801998,0.048196293,0.23826672,0.3175571,0.07504585,0.2899973,0.17818153,0.07030764,0.08102687,0.26197445,-0.16582334,-0.064784154,0.20678057,0.051291812,0.42148036,-0.089410156
0.30408624,-0.035018377,0.19100049,0.39780962,-0.06439243,-0.025213785,0.3361858,0.035106283,0.17482665,-0.09555977,0.016045071,-0.09644142,0.42166412,0.15754098,0.13169211,0.09053271,-0.040028527,0.225
-0.14949821,-0.29650152,-0.2811032,-0.11059114,-0.28700882,-0.03148415,-0.18965942,-0.18213525,-0.17051326,0.004442959,-0.15849486,0.05261706,-0.11169556,-0.39452526,-0.12706523,-0.25124466,-0.036900684,-0.20875561
0.0617736,0.24665934,0.093276516,-0.08234082,0.30892676,0.31206155,0.19569401,0.15892583,-0.034552753,0.049917907,0.35111684,0.10751205,-0.13174272,0.09243645,-0.003348417,0.11605126,0.18409204,0.36536413
0.011236997,0.1369989,-0.14120354,0.10469444,0.083929524,0.17736319,0.33022985,0.19088656,-0.023306789,0.04676643,0.036429718,0.0783045,-0.08330098,-0.056188848,0.2480391,0.14957005,0.44797632,0.119496204
-0.089113325,-0.45319685,-0.26051652,-0.01754774,-0.520352,-0.3246466,-0.2927928,-0.264447,-0.3035187,0.10318037,-0.1411939,0.054699495,-0.17167947,-0.36073774,-0.19671822,-0.22287062,-0.21955866,-0.20152888
0.17501602,0.19785151,-0.11024,0.002125809,0.21911499,0.27390102,-0.10958941,0.25425208,0.14106676,0.23280483,-0.025764309,0.33394274,-0.16881196,-0.13224149,0.049886454,-0.25216708,0.20595351,-0.19528812
-0.15907708,-0.14915833,-0.289264,0.014189906,-0.26156205,0.0779234,-0.34856462,0.026148478,-0.08289379,0.19083036,-0.0009830385,0.41849864,-0.22150816,-0.25478736,-0.21117896,-0.31651518,-0.006275762,-0.2879035
0.03395644,-0.0032259086,-0.22390635,0.1116267,-0.019087693,0.12352572,0.3329827,0.1402838,0.040361546,0.10636289,0.03874104,0.047621008,-0.03107449,-0.068033665,0.20877951,0.19452047,0.26883316,-0.042481404
0.03007672,0.3775586,0.2422754,-0.100410566,0.32121262,0.3100683,0.22151327,0.4868074,0.1341667,0.12139877,-0.047822796,0.27291763,-0.023978375,0.049319558,0.19923612,-0.14325956,0.3140781,0.15887932
0.19395414,-0.24809565,-0.19858944,0.2784828,-0.27014706,-0.08378583,0.12477104,-0.03222719,0.11730926,0.073809996,0.04135857,0.21752536,-0.12806652,-0.07776401,0.17106277,0.03567087,0.24881688,-0.12431701
-0.09281142,-0.12114133,-0.15360178,0.09981516,-0.14604574,-0.020064535,0.31842464,0.12755679,0.09196518,0.07551055,0.089131474,0.15711594,0.012437902,0.08019863,0.38061994,0.10308011,0.43218398,0.22436449
0.030799983,-0.22612369,0.0022108145,0.09923533,-0.14883834,0.043362442,0.30293489,-0.05017546,0.059580073,-0.064488724,0.29529467,-0.086795986,0.3824638,0.17017207,0.18682592,0.13036534,0.022520082,0.44448566
0.22984609,0.021141918,0.0023145834,0.23243223,0.009096607,0.018029531,0.46177894,0.095075585,-0.0006723823,-0.036903106,0.008487103,-0.2960344,0.25651246,-0.055897124,0.10910479,0.36405233,0.023425717,0.10995781
0.42696047,0.27546215,0.2902192,0.09773036,0.18337326,0.28373212,-0.048518457,0.29884237,0.25634533,0.07317663,-0.1368027,0.22300377,0.057022728,-0.043770585,0.11706327,-0.05961693,0.13765861,-0.111621305
0.104042396,0.20440508,0.19467284,0.16404228,0.187484,0.1765724,0.18889275,0.25162,0.11613558,0.13027702,-0.099126786,0.1553815,-0.049721617,0.16333717,0.025141492,-0.21722281,0.03839767,-0.110220976
0.4399138,0.3230379,0.039088808,0.025648735,0.35627282,0.2841896,0.20176162,0.43058303,0.31206185,0.17029648,0.119525366,0.23137945,-0.063441485,-0.0993697,0.42401585,0.2318427,0.49125332,0.03924321
-0.11427126,0.061224315,0.018630892,0.006240695,0.052436292,0.23906468,0.023330694,0.09776385,0.15850833,0.1663772,-0.031516656,0.15427193,-0.36286283,0.2039999,0.10524213,-0.3184968,0.10201739,-0.26501894
0.39553505,0.15992165,0.2028048,0.13442627,0.19164583,0.09550707,0.038316537,0.18053561,0.5068691,0.040517043,-0.015313759,0.14352247,0.30171528,0.0119783655,0.21681628,0.029137528,0.11502217,-0.021798173
0.1022573,0.1104332,0.25300848,0.21805766,0.04892115,0.22218211,0.17996788,0.023517838,0.19947484,-0.020252675,0.0934356,0.043546237,0.10611338,0.27644145,0.10946245,-0.0047433395,-0.04889734,0.021563211
0.057717796,0.36940086,-0.13885517,-0.12984613,0.2971806,0.3219828,0.117500626,0.42522612,0.1860725,0.18945947,-0.059292182,0.26581144,-0.094547525,-0.21670637,0.3064741,-0.021090016,0.42472363,-0.11939217
0.18018958,-0.040201418,-0.18843497,0.3352226,-0.1016081,-0.13909271,0.16215049,0.063619286,-0.008063317,-0.08658024,-0.015513531,-0.075724736,0.33952707,-0.1979602,-0.027879588,0.124818936,0.09328067,0.1511175
0.26214153,0.017804068,-0.2252722,-0.044078834,0.015988557,0.31652328,-0.016173499,0.14526068,0.055326138,0.26126468,0.009793991,0.09610371,-0.16708075,0.07390268,0.067318186,-0.21463358,0.077867165,-0.13419023
0.25807473,0.07139962,0.09941463,0.16696598,-0.043269098,0.027687013,0.19438107,0.0473472,0.03130546,0.015671095,0.016445827,-0.02457831,-0.11572699,0.18676469,0.044984635,0.1405572,0.03431894,0.028323017
-0.027608817,0.17221172,0.07904649,0.0466208,0.14231916,0.10562981,0.29049447,0.06830663,-0.058195226,-0.009268679,0.17983803,-0.024925847,-0.071096554,0.18257606,0.27429366,0.10869157,0.27764413,0.40559402
0.18861628,0.27282798,-0.051783547,0.16611853,0.29456183,0.34366563,0.10272945,0.16997693,0.2522208,0.079121634,-0.00075487094,0.080674484,0.19905515,-0.23181994,0.19852328,0.11817112,0.21640384,-0.12807934
-0.008830417,0.25873137,0.08344079,-0.020267608,0.15344605,0.44215977,0.13414872,0.26170772,0.078981295,0.07964739,0.17457503,0.24234545,-0.1783793,0.07522516,0.20093918,0.16751325,0.30988097,0.02158911
-0.056013696,0.09951381,-0.08559996,0.065391615,0.16101912,0.18719944,0.055749975,0.03516404,0.039102137,0.23379177,0.022319417,0.19397888,-0.22922967,-0.07081576,0.14248395,-0.17806162,0.19506016,-0.14449541
0.039279044,0.38700604,-0.07378983,-0.12563334,0.30049136,0.46054986,0.18254274,0.46593493,0.1608876,0.1845699,-0.093137726,0.26482514,-0.066264324,-0.108538166,0.24878784,-0.07435521,0.3998231,-0.101975545
0.20708804,0.3943889,0.233868,0.014134118,0.3169577,0.38547534,0.092199504,0.38575977,0.24509126,0.14258963,-0.09300067,0.24860407,-0.030976513,-0.06385092,0.2547357,0.013342638,0.27681583,-0.105290696
0.48798966,-0.15129882,-0.15832537,-0.09035677,-0.16326791,0.031537548,-0.092320204,-0.14975342,-0.11845157,0.17668831,0.042820953,0.05223819,-0.2780149,-0.027222635,0.009105241,-0.091022395,-0.028983284,-0.1577384
0.399897,0.056147918,-0.1772516,0.007701968,-0.042097297,0.12346651,0.07201066,0.28115237,0.092674,0.22375125,-0.029802743,0.23745471,-0.16503723,0.01895968,0.11140941,-0.10326435,0.24968931,-0.118842535
0.08747326,0.3310224,-0.04365974,0.021557432,0.28555933,0.24898185,0.20393668,0.3630755,0.29400176,0.10874969,-0.08528204,0.22155592,0.2395764,-0.05167922,0.19768608,0.021023322,0.3040231,-0.034233533
0.08801231,0.3157961,0.21786562,-0.054021277,0.26614454,0.30071533,0.18204767,0.18262166,0.16869755,0.070697695,0.1642819,0.19587374,-0.18751049,0.29649603,0.21987265,-0.019621553,0.27710173,0.27069283
0.01094511,0.018056413,0.48175666,0.47164753,0.015988307,-0.07140992,0.31061906,0.029156936,0.22244358,-0.054927655,0.005560352,0.006672949,0.39819765,0.22642118,0.09715422,0.027331932,-0.09257576,0.26865464
-0.06325367,-0.056246415,-0.21335131,-0.16604744,-0.08935656,0.22134557,-0.053695,-0.04528322,0.029537274,0.17410365,-0.051491953,0.18711308,-0.17851724,0.042718694,0.005016906,-0.22552556,0.016425824,-0.26245683
0.07591076,-0.0123409,0.17206798,0.1985831,-0.0366313,0.2381098,0.19851236,0.16115989,0.19773924,0.17224625,-0.06278081,0.22109234,-0.24687523,0.19487011,0.1339736,-0.13018501,0.16407302,-0.18749635
0.037882008,0.098646946,0.22495906,0.21487197,0.09573498,0.1514336,0.16211173,0.110200666,0.20909964,0.04191309,0.20373747,0.14374924,-0.11604236,0.33503753,0.096970364,0.04023493,0.059229054,0.09368442
0.058207825,0.27645802,-0.024983276,-0.036951415,0.20066416,0.2724952,0.2659259,0.45107347,0.27159,0.22792983,-0.03473333,0.29136807,-0.19350888,0.05454763,0.44997332,-0.0040642,0.5426128,-0.022100309
0.091538176,0.2795503,0.042076442,-0.15900043,0.30653536,0.23243643,0.15100226,0.3185063,0.070886746,0.21978028,-0.08172961,0.10005979,-0.1965535,0.2419252,0.19630498,-0.24203472,0.19082879,0.01732842
0.07135629,0.15185043,-0.18223982,0.11924513,0.14437655,0.082909964,0.2963196,0.17814595,-0.05806031,0.052115515,-0.03630371,-0.11894993,0.10523158,-0.1355215,0.0360377,0.20124498,0.13276589,-0.042550977
0.13130519,0.03755699,0.41197997,0.41114956,0.081181705,-0.0134266075,0.3876082,-0.06579089,0.011602331,-0.20270601,0.1821006,-0.15950099,0.33616358,0.23798734,0.11274867,0.2577342,-0.037671875,0.4118095
-0.045618497,0.43864316,0.2578093,-0.024734635,0.37451938,0.43438488,0.22229493,0.39147455,0.35390246,0.11626533,0.0029301976,0.25621292,-0.055356804,0.08451061,0.35279697,0.14168996,0.33537185,-0.02556977
0.008034622,0.3124593,-0.07186213,0.016665401,0.2248977,0.36571655,0.31582373,0.4657176,0.19986197,0.22677581,-0.10159356,0.2409511,-0.080179945,0.035232928,0.2802542,0.004924873,0.39653522,-0.12969112
0.0015820675,0.33966416,0.1979241,-0.023259185,0.22049743,0.21400794,0.36586398,0.45640755,0.1911746,0.14743283,-0.13033415,0.22284573,-0.05301942,0.1959697,0.32585436,-0.022937164,0.34400046,0.047344707
0.037241563,0.2531507,-0.07662773,-0.10857898,0.2699465,0.23763154,0.15388969,0.39692512,0.053710274,0.25617892,0.021719903,0.21445279,-0.1210272,-0.13276157,0.17739075,-0.26532954,0.27565503,-0.0062491316
0.11005953,0.18266574,-0.19302422,-0.09027115,0.16869974,0.17105031,-0.14816882,0.24899799,0.17051902,0.16839847,0.01249943,0.2488797,-0.17070742,-0.044289425,-0.0168153,-0.1641176,0.09083928,-0.2598049
0.1068452,0.101739705,-0.049259458,0.18699747,0.07827873,0.10370659,0.08928676,0.2657241,0.33703572,0.19050655,-0.064958215,0.3560145,-0.19431788,-0.06954268,0.3037172,0.01875624,0.4837082,-0.16409265
0.015277517,-0.013440261,-0.21049196,0.14900133,-0.08212596,-0.014678592,0.21747261,0.075513385,0.13292554,0.016191049,0.021403339,0.09391399,0.123621225,-0.025024563,0.16211036,0.1229592,0.23673776,0.009362955
0.22063455,0.44039518,0.11786194,-0.12066418,0.5176054,0.2771014,0.05297846,0.24783266,0.08938436,0.24944374,-0.08023723,0.13879588,-0.13744117,0.2203654,0.16162899,-0.15549015,0.09072815,-0.04195239
0.08711308,0.19740188,0.11862165,0.00782142,0.22497478,0.42401707,0.10737962,0.15034771,0.21074986,0.14109465,0.32060844,0.2454302,-0.21478443,0.011455953,0.13160938,0.009979132,0.24345857,0.057584006
0.035405427,0.3203835,0.047736555,-0.08512491,0.2568667,0.34832174,0.3484928,0.28869528,0.12955862,0.033581566,0.08541927,0.022373755,-0.045202635,0.061927795,0.40976393,0.2798211,0.41894788,0.16637132
0.2103945,0.04754401,-0.20590314,-0.01747654,-0.007159941,0.08063896,-0.045715638,0.033635035,0.14098439,0.19387779,-0.077048436,0.07256001,-0.16238537,0.0767733,-0.08740619,-0.1066882,-0.05150454,-0.26459262
0.052564763,0.32021797,-0.01268913,0.19024941,0.19621524,0.18292573,0.18486679,0.28826672,0.31348428,0.026968988,-0.10002348,0.079437144,0.40185046,0.024860188,0.05821415,0.061302688,0.04246086,-0.08363503
0.29738343,0.25183395,-0.097777456,0.2167297,0.14628044,0.20581248,0.19775769,0.28374755,0.325376,0.065855205,-0.09937385,0.10872127,0.33576128,-0.018085275,0.14666253,0.06594557,0.18326993,-0.05807614
-0.12957734,-0.20163977,-0.4553442,-0.16859625,-0.21517853,-0.031213902,-0.16870445,0.016299773,0.09828811,0.19308883,-0.092619464,0.13571823,-0.17852238,-0.200239,0.11789763,-0.21073943,0.13389912,-0.27578026
-0.1307346,-0.34771162,-0.26269293,-0.15672937,-0.35450447,-0.059176683,-0.13117316,0.07069707,-0.18362297,0.17243567,-0.06690754,0.19909394,-0.124756575,-0.32428107,0.013978967,-0.32355332,0.077210575,-0.09940062
-0.051097155,0.32083076,-0.08870101,0.10096665,0.24446793,0.18401566,0.1318189,0.38222963,0.3220278,0.16708249,-0.032967005,0.23577891,-0.18981645,0.11086243,0.38304496,-0.0798451,0.40306863,-0.073406875
-0.06796763,0.341996,0.09627381,0.16663343,0.29119793,0.15814939,0.040732965,0.35774225,0.21880613,0.27354085,0.004282732,0.44321895,-0.2910665,0.12230691,0.29314998,-0.12605834,0.32808015,-0.11190779
-0.051428497,-0.069268145,-0.029424801,0.14498314,-0.008792604,0.12129325,0.049639314,-0.041321296,0.15749413,-0.06809029,0.28621304,0.07737772,-0.022249114,-0.19678527,0.05927138,0.3684734,0.21209344,0.1428439
0.09710012,0.36097366,-0.039588388,-0.046232745,0.2677277,0.30525142,0.12670876,0.4769452,0.076522335,0.15044375,-0.14960124,0.2644891,0.059837274,-0.2023018,0.14799514,-0.10561636,0.35434988,-0.007862415
-0.07670736,-0.15888548,-0.06587794,0.052385565,-0.100372046,0.05412226,0.16018535,-0.14382395,0.0081725735,-0.043760866,0.34805596,-0.029907325,-0.13400188,0.11178808,0.048974924,0.060675018,0.11144347,0.28765976
0.13802381,0.30188596,-0.06528311,-0.106021926,0.27910706,0.2741753,0.21044117,0.298248,0.16128755,0.11940414,0.02092872,0.022523254,0.009166766,-0.052686587,0.17936681,0.13239236,0.17517903,-0.120531976
0.012996661,-0.15621574,-0.22834279,-0.015054124,-0.19548,0.17816427,-0.050277796,-0.00088310055,-0.02422529,0.1689558,-0.07063265,0.06752661,-0.22340113,-0.0087072905,-0.10864245,-0.24113157,-0.12239784,-0.35290667
0.040187526,0.20573941,0.05193553,0.113922074,0.121263176,0.32044768,0.099329166,0.22391877,0.29927438,0.1535421,0.008380281,0.2867155,-0.19310714,-0.0022692028,0.3095165,-0.030180678,0.36896086,-0.16863534
0.17694744,0.27545738,0.20172282,-0.035968922,0.36411637,0.26869994,0.26743394,0.19564885,0.10596931,0.10852848,0.26530892,0.18922558,-0.13306588,0.11438518,0.27808154,0.087266974,0.41035163,0.39794505
0.50839543,0.27693248,0.23541515,0.0011022333,0.286124,0.27475518,0.005598172,0.39520884,0.3595057,0.15213391,0.06394524,0.30368578,-0.06537073,-0.027325636,0.22028245,0.14825399,0.30747604,-0.04349073
-0.06037573,0.22986835,-0.056231443,-0.27150407,0.29548103,0.28669536,0.14717394,0.48012275,0.16786852,0.31984204,0.03731046,0.1733487,-0.11174448,0.2708113,0.282413,-0.24447012,0.23589545,0.14193907
0.39173743,0.15284587,0.2785439,0.29625165,0.08622948,-0.024085082,0.07789551,0.039962236,0.33569756,-0.10157722,-0.057065062,0.057916116,0.18815172,0.20553243,0.14895986,0.01641319,0.032568052,-0.023887973
0.33565825,0.38825637,0.41573218,0.22253384,0.37736958,0.16814673,0.19544515,0.24783152,0.48678643,-0.07204305,-0.058927014,0.009644494,0.48449665,0.21684267,0.16189103,0.16392186,0.014577121,0.19263819
0.27567205,0.13581885,0.095566735,0.18336992,0.04414522,0.1116959,0.2829514,0.2816823,0.23255423,-0.038720723,0.009263024,0.087373495,0.24265395,0.065255925,0.24866287,0.13745716,0.24523263,0.12060012
0.3531589,-0.09361872,0.005099403,0.24782485,-0.14051436,0.16539752,0.0051431265,0.09707685,0.09138187,0.123306416,0.12599406,0.1896504,-0.12941691,0.14413233,0.09181821,-0.014864137,0.09390958,0.0014230609
-0.03092415,-0.07424651,-0.1044514,0.09117702,-0.0934253,0.22854944,0.33275914,0.22903776,-0.05884985,0.022048827,0.0942208,-0.055514954,0.16622683,-0.07107272,0.11705314,0.2546294,0.18719216,0.14168146
0.08450413,0.32712406,-0.19053018,-0.045192696,0.2869334,0.31023657,0.13639805,0.3915152,0.23942232,0.24906859,-0.030432101,0.24263489,-0.091607034,-0.048428062,0.38659632,-0.07147456,0.4474786,-0.11631799
0.35051817,0.14972948,0.05966218,0.073843166,0.19232847,0.25430787,0.23429161,0.12683281,-0.010812001,0.07515168,0.3491038,0.0725257,-0.20615205,0.12282747,0.070928514,0.13360214,0.2499974,0.33842146
0.0951752,0.25961387,0.007859132,0.027229063,0.27713555,0.24515031,0.30693042,0.46679392,0.07173587,0.2453237,-0.07865018,0.23296146,-0.095838055,-0.03376974,0.26708895,-0.1085818,0.42104277,0.08160798
0.14486027,0.29566735,0.06387,0.158923,0.21021971,0.3033111,-0.07130914,0.21153599,0.26485318,0.16520181,-0.0020940923,0.24397951,-0.06655212,0.1173999,0.14056712,-0.059762426,0.15224274,-0.117748365
-0.038633805,-0.21735391,0.12862977,0.22026293,-0.18499577,0.051841382,0.30361414,-0.13999906,0.09221487,-0.03404513,0.34305805,0.03437499,0.053081904,0.3148802,0.26204568,0.1979983,0.1635912,0.46249193
0.0018593092,-0.231269,-0.28090617,-0.13988435,-0.2535981,-0.043617852,-0.2602492,0.12592341,-0.08652195,0.23863827,-0.067665294,0.282814,-0.18930888,-0.17876594,-0.07205345,-0.334389,0.04138066,-0.18860905
-0.10054618,-0.2741658,-0.37006265,-0.0602,-0.26452863,0.09435514,-0.25462937,-0.11107354,0.1285847,0.117260106,0.03670156,0.17018387,-0.30437237,-0.10365032,0.16400084,-0.1302451,0.15825744,-0.31177944
0.41935903,0.14538841,0.11226608,0.036415096,0.10072715,0.07056147,0.32781887,0.08074534,0.08292167,-0.13241142,0.075034484,-0.17003134,0.27209392,0.09930767,0.13473433,0.2496644,0.08122577,0.21417585
0.27622545,0.011869316,0.34844464,0.17351411,-0.009665927,-0.043233633,0.23023379,0.15773873,0.10707565,-0.051777378,-0.054655287,0.032805864,0.04784204,0.14179598,0.14781502,-0.012210945,0.11385144,0.08169459
0.21582618,0.1319912,-0.26663,0.1353932,0.18317518,0.19573902,-0.05899981,0.1396696,0.104574,0.2180357,-0.036810547,0.176225,-0.1996207,-0.14399257,0.1835993,-0.14701837,0.23766087,-0.24550931
0.12503794,0.386517,0.23067866,0.15511683,0.34021872,0.27528358,0.22473602,0.35781282,0.45675063,0.018959204,-0.072347164,0.16095977,0.46516347,-0.06691106,0.19361183,0.03577624,0.16678143,0.08441391
0.020237725,0.074385114,-0.36707872,-0.091283634,0.04493793,0.24022496,-0.12785198,0.2754144,0.091845006,0.3518792,-0.07750015,0.28102103,-0.22186412,-0.011209896,0.15201929,-0.26153433,0.21648191,-0.22650422
-0.056478873,0.011316806,-0.28155786,0.0167693,0.00077898614,0.2872318,0.16521378,0.2973262,0.024414837,0.23005489,0.11875397,0.256598,-0.15595667,-0.11842905,0.06293581,0.13703571,0.29499036,-0.13733758
0.09915328,0.1727335,0.071390316,0.273086,0.18674324,0.06921611,0.3754688,0.05757491,-0.02086686,-0.045184597,0.115605384,-0.010578767,0.05293063,-0.032179795,0.1587839,0.3401304,0.2583722,0.19394198
-0.13051903,-0.1966472,-0.34222096,-0.107372224,-0.19598582,0.16925153,-0.17167264,-0.1581107,-0.13498995,0.12796192,-0.059301253,0.07798949,-0.12766701,-0.18325222,-0.12933472,-0.27995235,-0.09124813,-0.19416524
0.3692785,0.30336487,0.11839579,0.3165408,0.23142073,0.23409015,0.19050899,0.32083124,0.1973333,0.038852327,-0.03833378,0.0687722,0.5030988,-0.10661645,0.038026232,0.041183807,0.059491195,0.1075162
0.14325747,0.1017687,-0.09980464,0.34890682,0.06781073,0.0796478,0.2350047,0.19666639,0.30407724,0.05323562,-0.06490812,-0.010642388,0.36297226,-0.20518163,0.112630084,0.15218061,0.070566095,-0.13673973
0.06404247,0.30607736,0.22308591,0.016077789,0.24263115,0.4252648,0.1740705,0.30321884,0.08440608,0.1561597,-0.010638154,0.19903135,-0.16180792,0.3162011,0.09667888,-0.19432977,0.12137969,0.09247461
0.11178681,0.0732695,0.11509453,0.32032096,0.036268413,0.17083171,0.2801417,0.3262436,0.18320873,0.19419841,-0.11342001,0.2019072,-0.12805301,0.09257968,0.32345733,0.027884223,0.325845,-0.12163556
0.06104222,0.1688267,-0.30955762,-0.18047146,0.14615917,0.15434696,0.2329449,0.43717074,0.08971362,0.18510345,-0.01866693,0.10279608,0.008114113,-0.1088402,0.23991515,-0.007904107,0.340295,-0.024672724
0.21401854,0.31420654,-0.08429719,0.08196202,0.35008806,0.316432,-0.019207118,0.31294337,0.2989453,0.19383718,0.09357925,0.24796483,-0.11492714,-0.13463387,0.25724393,0.15821521,0.3151503,-0.15118308
-0.019214634,0.25467312,-0.11236843,0.034970954,0.21164781,0.31092244,0.021142937,0.08225163,-0.017580573,0.16329542,-0.061116777,0.0759458,-0.16329849,0.08643298,-0.02375684,-0.2444259,-0.0379183,-0.23967281
0.20996435,0.28733194,0.21974464,-0.06685825,0.25668067,0.26823616,0.18857631,0.4387303,0.2740469,0.124399446,-0.085795626,0.20306632,-0.022706207,0.0045559937,0.3103738,-0.085947156,0.3337008,0.0018944154
0.09689666,0.39194116,0.19892189,-0.014870847,0.22357786,0.39416057,-0.055948634,0.26167136,0.17540888,0.07598678,-0.14702982,0.20803502,-0.12498242,0.14997101,0.08218029,-0.18172635,0.09881606,-0.1583944
0.029314863,0.30793977,-0.05746615,0.07931,0.21754819,0.26875994,0.22899462,0.34977418,0.25988802,0.24387734,-0.037348162,0.28742856,-0.16905773,0.16741474,0.29865056,-0.07521488,0.37815076,-0.07940745
-0.042065427,0.18606523,-0.2181707,-0.019108856,0.06334417,0.2854298,0.21288273,0.32105708,0.05970118,0.14023392,0.062150545,0.23417486,-0.114223234,-0.13132334,0.20613706,0.15920332,0.42175424,-0.008105753
-0.016684985,0.13128945,0.11445361,0.07807239,0.083901726,0.14416592,0.33507812,0.16424376,-0.07360801,0.08036373,0.09064537,0.19310048,-0.13632476,0.024933256,0.21214135,0.050811473,0.41799384,0.31809658
0.44119677,-0.18998757,-0.073166266,0.2380954,-0.19061126,-0.094423935,0.16084567,0.048018742,0.13609284,-0.08588292,0.009041574,-0.06646979,0.2848603,-0.1629602,0.06918326,0.23428494,0.031505805,-0.025694273
0.10590176,0.29027265,0.007842008,-0.06796361,0.2192675,0.39067167,0.1037041,0.27319214,0.16459763,0.23225777,0.044855744,0.2397947,-0.25083983,0.18919083,0.16624668,-0.16456668,0.23554727,0.011764129
0.035752483,0.20459414,-0.15322763,-0.10626149,0.23191287,0.3106336,-0.13522285,0.15711553,0.06269084,0.21683693,-0.074038096,0.18297619,-0.1820988,-0.031183904,0.08929665,-0.24057376,0.13526616,-0.24365732
0.38188908,0.34879166,0.26711988,-0.08348677,0.32142174,0.27516693,0.33467564,0.34837055,0.1267254,0.10921113,0.09835747,0.20234255,-0.08487286,0.098942265,0.39016917,0.15985268,0.48584267,0.34467238
0.09316698,0.14647333,-0.1808342,-0.10008736,0.07940969,0.2275399,-0.19667262,0.25875598,0.077871844,0.18918207,-0.07289452,0.3703912,-0.09140301,-0.16500244,-0.08208828,-0.25547218,0.13092853,-0.17665455
0.019536726,0.18142796,-0.009872818,0.18804026,0.17915425,0.24777283,0.3978609,0.36308646,0.24066716,0.012445943,0.0049599586,0.05185813,0.23451519,0.06731767,0.37327948,0.26736495,0.4293671,0.15509021
0.03311751,-0.26678848,0.036234304,0.5134933,-0.21081705,-0.15745273,0.31334907,-0.09798597,-0.06936945,-0.1397731,0.17913312,-0.21503672,0.46420878,-0.1092183,0.031430755,0.35344535,-0.0776914,0.3384599
0.11788366,0.2984619,-0.051765725,-0.036530443,0.20171043,0.29335335,0.20239797,0.34986776,0.1860632,0.19081253,-0.093097985,0.22588605,-0.13827214,0.25022435,0.24072838,-0.14594887,0.33704406,0.0016535586
0.0039116824,-0.107235596,-0.030883225,-0.0058394326,-0.042209677,0.1864928,0.124230504,-0.04638078,-0.042216226,0.003739304,0.45345613,0.029055752,-0.24638078,0.082448006,0.14586857,0.13801824,0.21759652,0.3483828
0.18930654,0.23917782,0.008928522,0.06365906,0.26250654,0.18400116,0.009114137,0.18572044,0.032138642,0.2615723,-0.026359951,0.30495098,-0.17578357,-0.1824471,0.097162105,-0.20312698,0.21350892,-0.09665012
0.27101848,-0.24767001,-0.011636037,0.07537217,-0.22255903,-0.12239534,0.15456477,-0.1008133,-0.012651442,-0.04554163,0.3287766,-0.085296765,-0.1477795,0.13324055,0.18950222,0.27461183,0.15647638,0.34668607
0.4261458,0.11377382,0.37800008,0.13134092,0.09566696,-0.008094027,0.17898418,0.08291799,0.21328473,-0.14370155,0.004990847,-0.116630584,0.41420776,0.1094972,0.011580207,0.15819854,-0.15541598,0.1471091
0.06913816,0.36164623,-0.11413078,-0.19606705,0.32439137,0.26838365,0.19332099,0.46237358,0.20115587,0.21225283,-0.12258221,0.26997674,-0.027583487,-0.054340668,0.2593015,-0.07014931,0.38085574,-0.13177004
-0.04834487,0.10187295,-0.25879437,-0.055223763,0.08237158,0.16706306,-0.15405667,0.34248734,0.2357766,0.17928106,-0.20056358,0.31006736,-0.10932088,-0.18118727,0.04952956,-0.35656556,0.2577296,-0.3042028
0.044913705,0.36877364,-0.017337432,-0.0778033,0.29346132,0.35648382,0.23867644,0.48212087,0.14121011,0.21945012,-0.121232614,0.28526422,-0.04562083,-0.095921956,0.2825951,-0.028971035,0.4377346,-0.0068709413
0.10987745,0.22190788,0.175046,0.2943048,0.15045413,0.15994325,0.346577,0.07090346,0.042715065,-0.21389484,0.116354704,-0.20055082,0.52878225,-0.07162466,0.026435964,0.3363717,-0.02375094,0.28082585
0.2866913,0.23286465,0.24887034,0.07918292,0.13552031,0.18176457,0.33089146,0.34364608,0.15693687,-0.038747124,-0.09431225,0.046443786,0.47713667,-0.011463219,0.18532538,0.1088849,0.13931319,0.15253176
0.18595994,0.3771457,0.35021895,0.2548588,0.361771,0.32958215,0.33224523,0.3301547,0.2855885,0.06544449,-0.002785397,0.18649915,0.33849463,0.3018775,0.22110978,0.029142017,0.19673678,0.32110152
0.09980369,0.2105695,0.025401209,0.009480063,0.16945837,0.21641341,0.045593392,0.29139566,0.19498721,0.18746409,-0.12027346,0.19305485,-0.22499317,0.044674654,0.10413339,-0.23651898,0.18231386,-0.22716543
0.09326869,0.14543562,0.4242242,0.24911046,0.14808717,0.09220314,0.24604335,0.1496059,0.25066474,-0.07293278,-0.018934483,0.0005059764,0.19464225,0.32292813,0.037264083,-0.062754996,-0.05611834,0.1396052
-0.015349679,0.37748742,-0.03867983,0.15077224,0.3456024,0.2866984,0.15048125,0.28461745,0.23451492,0.23445511,-0.088114075,0.250324,-0.12865725,0.04695358,0.19073398,-0.15654072,0.23239961,-0.1948993
0.26760325,-0.18854718,-0.05046522,0.44386262,-0.24124049,-0.16759455,0.15253308,-0.100532636,0.06681892,-0.14999866,-0.03890223,-0.15935174,0.36156327,-0.08812856,-0.053900767,0.14941892,-0.1332949,0.0154005075
0.069447294,0.29191786,0.053204354,0.15463105,0.20560923,0.30933893,0.31111264,0.2351152,0.12555738,0.083761975,0.03612974,0.19143191,-0.031138793,0.007994424,0.19362733,0.19912153,0.32373476,0.04914031
-0.03354614,0.20312333,0.042235322,0.33852166,0.14327842,0.014048774,0.3852163,0.13581021,0.084115654,-0.084724635,-0.02238404,-0.1297178,0.3816393,0.07066294,0.14047031,0.2174702,0.10135012,0.19942388
0.07841377,0.048255987,-0.24935839,0.02251359,0.009201467,0.1664949,0.03353345,0.15150386,0.1570221,0.07761779,0.20350048,0.107467115,-0.15449098,-0.041946348,0.1656026,0.14451042,0.2970016,-0.006727078
0.03351587,0.111946575,-0.034760866,0.15539238,0.063284405,0.03742169,0.30644247,0.22357136,-0.035782866,0.09276967,-0.05105993,0.014857394,0.1770202,-0.20220077,0.11488027,0.19563513,0.17309083,0.0791235
0.08476067,0.3665678,-0.011184023,0.20795015,0.27361304,0.29909426,0.2210894,0.2856389,0.3395493,0.11954115,-0.013420124,0.13420822,0.075849526,0.020451803,0.33567327,0.16921203,0.28598505,-0.09309839
-0.06721121,-0.0073990915,-0.2831511,-0.024713336,-0.041978784,0.24491641,0.27071452,0.12997416,-0.02214032,0.117935784,0.14797059,0.018157933,-0.099333435,0.08859328,0.1842121,0.112437844,0.18747357,0.00768171
0.0017236443,0.38100898,-0.086905085,-0.03600184,0.3145874,0.33252728,0.10171233,0.45809767,0.15041691,0.24407507,-0.0055678515,0.2717134,-0.08957004,-0.029052258,0.29829794,-0.17198545,0.31906644,-0.075644255
0.20158558,0.002506788,-0.14675963,-0.16226253,0.011784995,-0.015214465,0.29749453,0.23972854,0.122822605,0.055653557,0.099891245,-0.0330011,0.06811106,-0.0052533112,0.342847,0.3157394,0.30540025,0.15713167
-0.04479697,-0.06463685,-0.35351318,-0.2570331,-0.100148946,0.22338046,-0.08434618,0.31599236,-0.05967115,0.21686608,0.004404503,0.16672134,-0.18182927,-0.044393726,-0.027309801,-0.27008504,0.103612676,-0.17483951
0.03343115,0.05241216,-0.025061987,0.20085758,0.045571715,0.11807846,0.22529142,0.12587422,-0.058057074,0.06724343,0.022734484,-0.07562569,0.09933397,-0.19898039,-0.030213725,0.20010772,-0.011835549,-0.08236049
0.14096087,0.22957787,-0.2001605,0.1172564,0.20545998,0.24388145,0.0461071,0.30591702,0.15336555,0.16729817,-0.14796245,0.29999757,-0.039956063,-0.14537409,0.06306588,-0.091327325,0.30289885,-0.2656866
0.042784914,0.15651432,-0.16811344,0.12701826,0.12527567,0.19367656,0.25811964,0.30899024,0.25783527,0.0984699,-0.05813929,0.026083607,0.19924164,-0.120163314,0.21904431,0.16419965,0.23344503,-0.108088315
-0.096260324,0.25843877,0.08457281,0.11793803,0.16165549,0.19718964,0.288211,0.3467683,0.1013383,0.13963696,-0.020522142,0.16044989,-0.06232524,0.15191862,0.23250844,-0.11680648,0.25177345,0.054166082
0.09788337,0.12328377,-0.08069807,0.053704873,0.1409398,0.17829993,-0.020805232,0.34838685,0.35854107,0.17327729,-0.03698852,0.24375811,0.12780876,-0.19301653,0.07643979,-0.07341348,0.18154514,-0.14655365
0.1546351,0.3032004,-0.08061245,0.15287796,0.20630665,0.34863108,-0.055251867,0.18464077,0.2663272,0.07721021,-0.085304946,0.13563454,-0.0422261,-0.085334726,0.117135055,-0.0067868913,0.1718465,-0.26505008
0.06380657,0.027090132,-0.1076231,0.06814055,0.08233384,0.32688236,0.11786412,0.08718997,0.18762594,0.23118049,0.1551144,0.08830929,-0.20773716,0.06370535,0.24422988,0.2961771,0.21826756,-0.058174293
0.38206345,0.3639808,0.3458462,-0.00041953987,0.26590997,0.32695848,0.15171954,0.4004134,0.23793891,0.089497745,-0.08966898,0.2013485,0.1034898,0.05777339,0.24397293,-0.052732423,0.22093982,0.049453475
-0.054089688,0.22705686,0.09081873,0.015302886,0.23065776,0.18543266,0.08906223,0.26730266,-0.019210357,0.13587028,0.14196396,0.26898566,-0.18476434,0.02550922,0.13538334,-0.17825231,0.25566506,0.14744917
0.2565024,0.3408023,0.3135774,-0.12715775,0.26011232,0.30923253,0.15583575,0.30197302,0.27164522,0.07327078,-0.12709145,0.08866249,-0.019943358,0.36609,0.1993895,-0.09473153,0.083835796,0.004533644
0.43788552,0.17901611,0.44544178,0.34262544,0.17165586,-0.015660929,0.16139385,0.15273231,0.39818686,-0.032820255,-0.08405782,0.06982316,0.30935034,0.28837734,0.13579854,0.045278024,-0.03520855,0.08503823
0.35994208,0.24949095,0.3076217,0.16316292,0.1688223,0.028519418,0.15093668,0.12610708,0.34039652,-0.15521383,-0.07221477,-0.040013235,0.40500492,0.11993681,0.060297802,0.10152899,-0.07263186,0.018256065
0.23175737,0.34304708,0.17868888,-0.03989783,0.3253861,0.45373,0.121107236,0.30311978,0.2417846,0.09590156,0.11924234,0.18621185,-0.09196527,0.1888246,0.2894886,-0.05215339,0.3331741,0.07832826
0.12171593,0.19661227,-0.040511392,0.020404307,0.19775422,0.30013514,0.26335377,0.39858657,0.14345971,0.23540172,0.027704868,0.20790172,-0.19473416,0.03663423,0.33679307,-0.046656474,0.4260179,0.07153052
0.056200873,0.36214012,0.04809935,0.21074364,0.27474558,0.30243367,0.22924459,0.36652172,0.24456438,0.108517095,-0.15676796,0.21443647,0.1601279,-0.09513442,0.21244285,0.03136595,0.32352012,-0.065108195
0.026654083,0.16344886,-0.015256565,0.46089974,0.08000022,0.14861652,0.1441158,0.09227919,0.22805072,-0.030360477,-0.07901113,-0.030520309,0.2866699,0.041091412,0.007722702,0.17650095,0.0032827244,-0.12988472
0.05105391,-0.12787867,-0.27006885,-0.08440979,-0.163286,0.09085938,-0.171046,0.15066251,-0.09075998,0.3214686,0.03746299,0.35990474,-0.17959599,-0.1928783,-0.013473491,-0.26458156,0.07622333,-0.14277701
0.08333896,0.42605412,0.063847624,0.03102833,0.35154045,0.35639906,0.1591604,0.45064127,0.29466087,0.19040023,-0.16174793,0.27404016,-0.09234199,0.08945093,0.2137681,0.05658427,0.34513685,-0.15740673
0.052502353,-0.08794309,0.12653583,0.05784435,0.021204995,0.041527607,0.32305938,-0.0100643765,0.09226392,0.031652555,0.31120887,0.08981093,-0.13855651,0.15227774,0.3056811,0.20636007,0.37765568,0.4614911
0.0684048,0.37220067,0.12277436,-0.17090617,0.29912704,0.29614997,0.21068813,0.48879147,0.2465033,0.15815127,-0.0616453,0.27240074,-0.072339356,0.2037216,0.23660895,-0.09966385,0.29106504,-0.006586506
0.28625768,0.35349804,0.15395278,0.16114467,0.36650026,0.05779335,0.18151112,0.23242044,0.44774354,-0.032010347,-0.05402317,-0.06395091,0.42709115,-0.02532559,0.16722172,0.19310597,0.04928323,0.045840725
0.40914178,-0.25784698,-0.10417317,0.12455749,-0.20473716,0.015774786,0.22827837,-0.15431967,-0.16980502,-0.047873065,0.3142503,-0.16676927,0.01346018,-0.12447346,-0.0018558055,0.34952,0.038101308,0.29994678
0.0013727192,0.2754352,-0.05563745,0.12034588,0.14870891,0.22665715,0.2678944,0.33994377,0.14485888,0.015093429,-0.07098788,0.079284586,0.16576162,-0.1013615,0.15158463,0.16452524,0.2777325,-0.042031854
0.18771634,0.03271175,-0.17040044,0.017711222,-0.044913836,-0.09612343,0.026590046,0.2404342,0.20327975,0.18907942,0.020074684,0.25094134,-0.14436385,0.084145844,0.17560542,-0.04011346,0.22738394,-0.04399902
0.43008596,0.04069519,0.03931347,0.20241122,0.00013239402,0.072955385,0.29079372,0.19850338,0.24119297,-0.08734111,-0.061354566,-0.06594138,0.41147596,-0.056156084,0.27013403,0.19766334,0.21089666,0.08215569
0.14977944,0.24250884,0.0014120651,-0.10455142,0.22013053,0.4606539,-0.15531787,0.076041825,0.14034185,0.111986086,-0.0058793705,0.19183528,-0.19358599,0.03396792,-0.1021466,-0.2226924,0.050801028,-0.21704563
0.028790433,0.24223536,0.08180559,0.19507721,0.19820681,0.32909974,0.33691484,0.29636794,-0.009675599,0.020259267,0.058143683,0.06318956,0.2901831,-0.19274268,0.05498598,0.23990983,0.15949771,0.12969999
-0.016351078,0.25232518,-0.11001983,-0.040436767,0.17373784,0.26491123,0.026099319,0.331007,0.08083156,0.13208741,-0.035541233,0.2509229,-0.09200885,-0.22977808,0.0770559,-0.042901374,0.2906305,-0.16680485
0.3639494,0.21837017,0.26003015,0.24456538,0.15386371,0.19092327,0.009169644,0.2296653,0.36141413,0.0039449055,-0.067522064,0.1428521,0.03944415,0.090916276,0.18875957,0.03347511,0.16800559,-0.10248724
0.070435435,0.3798191,0.09382683,-0.049990922,0.38432342,0.41091758,0.29788518,0.27413473,0.09891825,0.0947086,0.21407667,0.17870435,0.00050851656,0.10448593,0.21576178,0.022227697,0.34620416,0.33485395
0.09244703,0.30019134,0.046462357,-0.05834306,0.28722358,0.2668241,0.40788352,0.39262825,0.04642719,0.16658904,-0.0044464106,0.15866515,-0.08614327,-0.041969627,0.3437851,0.066721156,0.48271593,0.18138418
0.21472926,0.28356987,0.46315747,0.17310691,0.21912062,0.12992683,0.3651628,0.20552856,0.35198438,-0.12738267,-0.033064477,-0.008778264,0.52946866,0.22796449,0.15890703,0.14709967,0.0017645811,0.32434222
0.0085998215,0.28133777,0.2008856,-0.0843824,0.2661525,0.43926117,0.2413009,0.3415669,0.015032408,0.096764825,0.19488457,0.18014292,-0.08284147,0.06815763,0.14271936,0.07648945,0.27894872,0.26710212
0.40353948,0.13468486,0.3218643,0.06886362,0.11941986,0.19572091,0.320315,0.38869262,0.10286091,0.15422882,-0.120753475,0.14213522,-0.039691582,0.21323225,0.22020972,-0.11582433,0.21795642,0.08108507
0.3373782,-0.19216877,-0.21919471,-0.059124216,-0.1976413,0.016374214,0.1841768,0.09751883,-0.015546832,0.09947282,0.05882598,0.10879712,-0.23315468,-0.02139926,0.25676608,0.14127241,0.35734534,-0.01882349
-0.1471946,-0.15907025,-0.28727,-0.027363028,-0.16073264,0.16233087,0.11880015,0.07190238,-0.07979955,0.1680333,0.10605349,0.19936803,-0.22262415,-0.2067309,0.05304887,0.1138403,0.23757929,-0.16432546
-0.059551,0.47838286,0.18588138,-0.009991847,0.37443188,0.3652169,0.3681761,0.42785394,0.20365077,0.2073184,-0.0027232696,0.2566598,-0.040496524,0.26375866,0.3447206,0.054652028,0.3820582,0.1491414
0.30388176,0.11029426,0.2137928,0.19920477,0.17830268,0.31041336,0.43958086,0.1570961,-0.07045997,0.025574744,0.23881441,-0.032819457,0.16487274,0.050983638,0.08564326,0.18932468,0.15683445,0.40277046
-0.06009624,0.08658366,-0.17362702,0.3535664,-0.01696156,-0.02519472,0.2777209,0.1708597,0.19363558,-0.036847364,-0.07616311,-0.1098149,0.4172978,-0.10859525,0.08992027,0.09552239,0.050694622,-0.024549376
0.30927706,0.23901054,0.14605816,0.18922296,0.1695813,0.2668197,0.3446938,0.2705295,0.20328201,-0.029235154,-0.08978088,0.04928467,0.29445827,-0.060682666,0.2231597,0.25845838,0.27207786,0.031457327
-0.1551381,-0.17950642,-0.37935916,-0.09260586,-0.22723138,0.10193607,-0.25818127,0.06044511,-0.09175683,0.17231326,-0.14083633,0.2049195,-0.23743959,-0.24120516,-0.013815355,-0.41977835,0.11880287,-0.27318364
0.118730105,0.36320585,-0.038849153,0.114007205,0.2848348,0.19261026,0.23995405,0.31432152,0.23919936,0.026700959,-0.097611085,0.031380873,0.26180473,-0.06415963,0.17349228,0.11732707,0.22817399,-0.022088226
-0.088905305,0.17885157,-0.19918436,-0.09240188,0.108472,0.329308,0.036291562,0.4521292,0.11108393,0.16728312,-0.0965478,0.32588682,-0.04535419,-0.19925958,0.090086,-0.21474831,0.3515315,-0.10926858
0.37228066,0.28698292,0.20520766,0.040868405,0.23207185,0.09303458,0.37407,0.2926589,0.24803987,-0.0781731,-0.105176225,-0.14071435,0.44024426,0.04968319,0.19037469,0.19166248,0.12615474,0.18555117
-0.013299681,0.2733298,0.15916437,0.026478864,0.18747833,0.26541835,0.060687706,0.24581686,0.28545153,0.029330749,-0.012183097,0.1746774,-0.05954881,0.21786013,0.03540612,-0.009438289,0.058474064,-0.08406311
0.18629095,0.27200574,0.2134869,0.2249327,0.1628568,0.20000064,0.19972223,0.20589356,0.104230955,-0.03681061,0.04182535,0.06269756,0.06930098,0.009727964,0.11346936,0.11676752,0.19988468,0.17239633
0.048103943,-0.008688664,-0.2065107,-0.08149256,-0.011578751,0.13195194,-0.009188075,0.071634695,-0.047646683,0.23302901,-0.009426796,0.023559103,-0.3248744,0.2135517,0.013260594,-0.33961326,0.0016255234,-0.1316282
-0.04327085,0.013066258,-0.19126846,-0.0049260827,-0.008128776,0.25793052,0.24971008,0.11599799,-0.16918762,0.05708362,0.19997126,0.027535971,-0.11711185,-0.15295608,0.20096701,0.2444758,0.31716773,0.1247862
0.02715448,0.2081406,-0.21269289,-0.028681431,0.21916384,0.21614587,0.009702131,0.17331567,0.067773044,0.2765382,0.0027017253,0.25720596,-0.21570897,-0.19693577,0.16025329,-0.137674,0.26263434,-0.17142929
-0.13243544,0.045094147,-0.29388303,-0.16564777,-0.042165875,0.29564786,0.07175271,0.29539418,0.0022898386,0.26336735,0.16685764,0.41262305,-0.22645958,-0.10375074,0.24626224,0.004090105,0.40447736,-0.047961652
0.328798,0.20247115,-0.14351311,0.033836007,0.149868,0.2873128,-0.047013152,0.2991355,0.08176337,0.22872877,-0.14561623,0.09783122,-0.05238472,-0.17580847,0.079235144,-0.16671367,0.13876332,-0.2680456
0.11217855,-0.29515824,0.017627917,0.4496516,-0.2818901,-0.11362661,0.21725973,-0.048083715,-0.046248578,-0.040475592,0.12602574,0.055522457,0.3060909,-0.034823336,0.048924018,0.058648244,-0.02058303,0.17175823
-0.062218472,0.23968497,-0.086921334,-0.11014867,0.17993148,0.2230165,-0.02259623,0.16657865,0.38180375,0.15003616,-0.00801737,0.22731566,-0.11893229,0.18072353,0.083768055,-0.114170805,0.06578824,-0.24874005
0.25019234,-0.14785004,0.101162955,0.20774184,-0.15170725,-0.15279545,0.25986767,0.026628705,0.073067635,-0.13273266,0.1186642,0.018271226,0.24313092,-0.10286133,0.17261982,0.31725743,0.16783738,0.26554805
0.21576744,0.07754841,-0.21344447,0.0693654,0.009665115,0.25107288,-0.060312852,0.23924872,0.22342473,0.18636693,0.00625951,0.2106742,-0.039501436,-0.18610886,0.09553011,-0.0986616,0.20306183,-0.22962329
0.03791286,0.3543024,0.23687643,0.026791995,0.296612,0.27756798,0.45035365,0.36396605,0.028852176,0.063682914,0.053732954,0.022093311,-0.0018316628,0.059219893,0.29123247,0.22498658,0.28770512,0.2719955
0.1001844,-0.23619522,-0.08324639,-0.14223292,-0.19912699,-0.029542295,-0.15398298,-0.14591548,0.010284422,0.045780115,-0.0848721,0.0114404,-0.1828411,0.13009848,-0.049070038,-0.1704703,-0.17001763,-0.24498811
0.42409098,-0.20002323,-0.00026851543,0.27392778,-0.22230463,-0.033695392,0.04770557,-0.07829805,0.017910555,0.11982676,0.03016605,0.0670632,-0.102319926,0.08032988,0.042239483,-0.08872447,-0.08242199,-0.13876542
0.4513616,-0.11969955,-0.089610256,0.051921137,-0.0760009,0.12505382,0.016736833,-0.04016839,-0.00070434576,0.16297522,0.014838381,0.0712518,-0.15568677,0.1328583,0.09690044,-0.10373592,-0.0017033862,-0.17797185
0.060099173,0.17109367,-0.17680334,-0.10043539,0.17910665,0.20663933,0.13207968,0.45211548,0.07985856,0.2845421,-0.09743486,0.14962393,-0.089665495,-0.03279912,0.12910429,-0.21671769,0.1554629,-0.096233085
0.27393484,0.072997555,-0.09834339,0.23045114,0.039231222,0.010334383,0.2294398,0.037737098,-0.09345971,0.007988457,0.020543747,-0.057277575,-0.07247828,-0.10919483,0.09390914,0.13989311,0.2431332,0.07063558
0.13317451,0.31811982,0.45559162,0.05545593,0.2620438,0.25351042,0.28016767,0.14329898,0.2141369,-0.20097767,0.01186881,-0.12864204,0.29863212,0.25051284,0.1387425,0.22472414,-0.029871479,0.21765743
0.08544095,0.4093901,0.041184776,-0.14815356,0.36558294,0.36567372,0.23591286,0.588686,0.23512128,0.2919045,-0.06301452,0.35508245,0.07335043,0.012211445,0.19031626,-0.011858472,0.28526163,-0.05542782
0.08183487,0.37307876,0.072750285,-0.06624462,0.32594556,0.40013176,0.19858593,0.40243453,0.08880904,0.2317571,-0.12763222,0.20284119,-0.14497256,0.0670017,0.20357215,-0.16615763,0.29137546,-0.012913605
0.1748947,0.20579723,-0.008303161,-0.070340104,0.231861,0.17258704,-0.003218565,0.12319365,0.09685668,0.11273636,-0.05068531,0.1164421,-0.10814221,0.22007492,-0.015740203,-0.25425994,-0.03587791,-0.16601735
0.37843788,0.32506624,-0.06754988,0.130736,0.2573703,0.12836972,0.09328617,0.32089427,0.15614367,0.048200995,-0.055021673,0.08446665,0.15150796,-0.13095492,0.08849023,0.063730225,0.18685573,-0.12195201
0.20893458,0.20170754,0.02219015,0.16990635,0.14111102,0.062524505,0.2962181,0.19941863,0.11563521,-0.085791886,-0.08091198,-0.12194285,0.2774348,-0.14412138,0.09596741,0.2056444,0.18681864,0.073981114
0.24141088,0.11982145,0.17100757,0.27504027,0.06544072,0.0810515,0.27564085,0.16120654,-0.0010865163,-0.08467372,0.13506225,0.07318476,0.0053926352,-0.00806171,0.109171286,0.26131794,0.2507112,0.2102781
0.20125246,-0.1239986,-0.099594474,0.39187375,-0.1014748,0.0076950416,0.16089815,-0.03366273,0.10416356,-0.1321058,0.069905244,-0.16404209,0.36774594,-0.21259752,0.004072772,0.26582298,0.00063078245,0.026271818
-0.08957106,0.20587268,-0.115234606,-0.037581757,0.12981144,0.30106145,0.12514363,0.43686455,0.048974667,0.27243146,-0.121088356,0.13744967,-0.17341268,0.1558812,0.105964914,-0.30464068,0.1354541,-0.10279895
0.31669587,0.42169017,-0.010915729,-0.044833824,0.46994495,0.34542316,-0.022989359,0.25883764,0.19566442,0.27127823,-0.13214685,0.146905,-0.17986712,0.17483523,0.19557063,-0.14438811,0.201377,-0.14771113
0.23219116,0.35584617,0.31632656,0.1666364,0.3429215,0.05484042,0.3508017,0.28482106,0.27566835,-0.028466217,0.009462113,0.05883163,0.22537631,0.12057151,0.25687417,0.11626512,0.25775132,0.27858746
0.41351044,0.28895798,0.060885694,-0.20721987,0.24719971,0.21773143,0.16653061,0.41364908,0.24613886,0.1301664,-0.013727311,0.10962349,-0.029085517,0.033519752,0.3235296,0.086419575,0.32118228,0.013015369
-0.041964114,0.15721226,-0.0043148156,-0.11988646,0.13853066,0.255134,0.22524947,0.22363117,0.10023714,0.19715777,0.16928847,0.18510382,-0.113428146,0.24857709,0.11026941,-0.11995126,0.13237524,0.13549596
0.057575054,0.21158275,0.10423078,0.19843306,0.20157588,0.22129613,0.43577492,0.22179848,0.19185327,0.1086192,0.11551233,0.14192224,-0.08679642,0.29236722,0.4306485,0.12728335,0.39676857,0.16696833
0.15740785,0.37868512,0.24229802,0.16316542,0.3267169,0.20894818,0.30813405,0.29534066,0.34403533,-0.03468595,-0.047265626,0.037621908,0.483054,0.097278446,0.25691336,0.15323454,0.16361679,0.19329612
0.00035001477,-0.13484678,-0.34729546,0.0940551,-0.18400729,0.18506011,-0.1360192,-0.03483715,0.02044185,0.2567133,-0.024117753,0.23879886,-0.21967441,-0.132754,0.041842137,-0.20738459,0.0974251,-0.25206953
-0.11880852,0.12333455,-0.27715468,-0.041027054,0.061568044,0.22705919,0.020909045,0.16479312,0.17242822,0.28535387,-0.0292212,0.3158642,-0.22639629,-0.010899039,0.19212817,-0.21688637,0.24231873,-0.19609496
0.10868318,0.3348992,0.16510826,0.1973918,0.2999096,0.17141491,0.33711442,0.35191762,0.16131863,0.064689994,-0.012947069,0.13285819,0.04093098,0.04682426,0.23741446,0.16116747,0.32656473,0.13907963
-0.01686852,0.31798112,-0.07279119,0.08207277,0.2669783,0.25195268,0.06794302,0.26146364,0.20484842,0.061191536,0.09909691,0.21999109,-0.18704507,-0.04311347,0.18192138,0.096177846,0.39601466,-0.016870674
-0.064219594,0.12106429,-0.23154336,-0.10736769,-0.01916439,0.36323738,-0.082530566,0.25547242,0.011341408,0.18639478,-0.17578849,0.15862046,-0.20549275,-0.10161733,-0.041936252,-0.3470539,0.11715368,-0.26657528
0.12741396,0.08611183,-0.18168756,-0.23218028,0.08092311,0.3779439,-0.07684393,0.23591958,0.050550964,0.24562348,0.029669415,0.21276447,-0.23531428,-0.054721065,0.025103025,-0.25670582,0.14833269,-0.20049208
0.20860735,0.13479602,-0.17822099,-0.015993921,0.21416768,0.23846376,-0.021633323,0.11859125,0.03170787,0.12897997,0.23351464,0.08743611,-0.22996445,-0.21746013,-0.02591044,0.25164846,0.112217054,-0.19961901
0.019575879,0.27813148,0.24050575,-0.026205752,0.2701809,0.41987282,0.21336523,0.18254067,5.42677e-05,0.016333338,0.22119322,0.1876421,-0.08481333,0.06881242,0.14908963,0.044744853,0.333774,0.4033479
0.23952956,0.1625141,-0.005117045,-0.11061866,0.14214185,0.14492622,0.09719397,0.32420427,0.101448655,0.18090782,-0.04747343,0.09244658,-0.07940872,-0.0735531,-0.026031323,0.067106426,0.07816596,-0.17670447
0.3788842,0.18923461,0.044537537,-0.22837949,0.17299166,0.22468457,0.070054024,0.30729067,0.25463733,0.14122441,0.022866799,0.021737345,-0.09364548,0.13234487,0.17338629,-0.01570221,0.11890769,-0.04559124
0.006409326,0.44344276,0.3669067,0.17483017,0.38272136,0.23275694,0.2850241,0.33852726,0.40773827,-0.028916944,-0.07529246,0.047225136,0.5355903,0.26951757,0.17876358,0.048844695,-0.0029834532,0.21848758
0.06846501,-0.006287999,-0.26577103,0.14521822,0.010136401,0.25748193,0.18001504,0.08937977,0.08800422,0.21056646,-0.010101472,0.20442212,-0.17228937,-0.12252931,0.16477801,-0.030509565,0.29803175,-0.23585996
-0.01989729,0.24680646,0.16241354,0.1849849,0.17414457,0.19542597,0.004788653,0.1320959,0.1642164,0.16228375,-0.06719726,0.21917826,-0.24029276,0.31149954,0.09567894,-0.23773772,0.026352212,-0.15195861
-0.064872764,-0.24354315,-0.14408983,-0.009710008,-0.14098834,-0.027057067,-0.07192902,-0.2179215,-0.09045572,-0.033663537,0.38871032,-0.021884901,-0.20294642,-0.07612054,-0.17150763,-0.06612809,-0.081888944,0.16042563
0.4807688,-0.17856327,-0.108952,-0.08417322,-0.15955263,0.07816691,0.1394796,0.026559925,-0.117454834,-0.033935543,0.22231522,-0.11808823,-0.08882821,0.0700735,0.10815685,0.2210543,0.11868646,0.12570252
0.39047873,0.47111022,0.24275383,0.062467843,0.4267152,0.3747505,0.09660974,0.3312449,0.31420815,0.21200019,-0.022505399,0.26072866,-0.14134568,0.3466977,0.319962,-0.0707915,0.23666811,-0.02410271
-0.010097168,0.16502436,0.056373857,-0.05962964,0.18226469,0.18452355,0.33872676,0.31197733,0.04298197,0.18985929,0.10953647,0.19065462,-0.14196952,0.18405664,0.27776742,-0.059284523,0.38110238,0.35044056
-0.084467694,0.026520867,-0.24565917,-0.027659912,-0.039194956,0.14748988,0.11233139,0.31081647,0.11543787,0.25370684,-0.046657987,0.35138488,-0.22309399,-0.09328442,0.24736473,-0.19183716,0.39250815,-0.19207333
0.31694722,0.25165004,-0.09226437,0.06257113,0.22292052,0.22741881,0.087703735,0.3322001,0.1641339,0.22207701,-0.15156387,0.19677126,-0.045926765,-0.12878223,0.08792132,-0.17612725,0.21459395,-0.22476915
0.0010315818,0.3521632,-0.06367423,0.00031058217,0.24268544,0.38987154,0.23682508,0.4735185,0.20936272,0.20683679,-0.04603119,0.31247264,-0.038820907,-0.0057088444,0.21194042,0.12578812,0.39103466,-0.09062279
-0.05026049,0.14814854,-0.15209553,0.038844086,0.05796431,0.29522422,-0.13759352,-0.0072306367,-0.029426966,0.12941194,-0.15868843,0.06720057,-0.2932413,0.0146364095,-0.16712323,-0.3066939,-0.07215595,-0.38228595
0.00958763,0.1842361,-0.09822303,0.1776151,0.10284276,0.19365798,0.22293447,0.17304474,0.18901771,0.035243794,-0.095046714,0.034712594,0.17633265,-0.05938163,0.121550314,0.06482106,0.18884116,-0.097150475
-0.050484892,0.10838401,-0.16955914,0.09966189,0.030470818,0.11411789,0.16657764,0.14690791,0.013875339,0.17992021,-0.11798458,0.059192,-0.19446497,0.13730714,0.04087447,-0.055287644,0.11163965,-0.24282986
0.07925382,0.026291396,-0.21663377,-0.09504533,0.041931458,0.08013582,0.35283715,0.22829123,-0.0007398678,0.090424016,0.09381443,-0.027877241,-0.07569002,-0.058240876,0.34031665,0.23447077,0.35411435,0.067474216
0.13263732,0.21775794,-0.10940476,-0.0061966022,0.20837301,0.2778257,0.2609936,0.23638219,-0.026815264,0.07623711,0.055270158,-0.0065932455,0.03836109,-0.047464754,0.07449889,0.21933135,0.16196927,-0.029044831
0.04446075,0.09336775,-0.076815784,0.16077685,0.11065683,0.21245036,0.25124636,0.11895649,-0.012078073,0.037255608,0.110409826,0.041434795,-0.073451385,-0.0030902876,0.12003553,0.016186977,0.28977644,0.081658214
0.21899803,-0.2141968,-0.2267372,0.05217993,-0.2428574,-0.07610622,0.048402317,-0.11496822,0.14881681,-0.10249087,0.09309124,-0.16623883,0.23185752,-0.16285284,0.014429774,0.22320536,-0.097314835,-0.06109129
-0.12185702,-0.28919664,-0.27246487,-0.055600494,-0.2245856,0.011170349,-0.22828479,0.024240624,0.10976953,0.16572559,0.18918625,0.24351195,-0.3285799,-0.29260737,-0.020915687,-0.14397138,0.10153176,-0.25790745
-0.05668697,-0.057441972,-0.23795682,-0.087306574,0.051446244,0.026834259,0.020083375,-0.028457783,0.1567188,0.014315572,0.28733408,0.06703645,-0.22606602,-0.17245084,0.2830013,0.20394585,0.37328696,0.09151473
0.39418024,0.114072755,0.15401629,0.18376432,0.007748629,-0.112994835,0.13262424,0.061143663,0.23505726,-0.14945671,-0.03263712,-0.10424491,0.4364323,0.10522282,-0.011407993,0.07498491,-0.11698292,0.12914896
0.17738032,0.26456377,0.40842032,0.13907903,0.21146613,0.23796126,0.3531252,0.2934379,0.26282316,0.050743848,-0.12462014,0.029352173,-0.03161592,0.2903691,0.2907338,-0.023077123,0.1536378,0.043420292
0.25591424,0.20995884,0.38017356,0.30728984,0.20939647,0.10513832,0.40463963,0.029531509,-0.009252723,-0.22518268,0.13148566,-0.24268262,0.5116806,-0.030016234,0.090278,0.42730117,0.009423048,0.4420991
-0.22464341,-0.30964002,-0.41741908,0.11722985,-0.37869173,0.03263578,-0.28059506,-0.16161513,-0.08255234,0.08368407,0.12047626,0.22397387,-0.33205217,-0.22280943,-0.15584773,-0.23033962,0.050172552,-0.2837294
0.012505357,0.1755591,0.13711292,0.11840668,0.19594905,0.25046074,0.16705787,0.03746745,-0.039999284,-0.011773918,0.3106314,0.08832505,-0.1647291,-0.040685333,0.019417796,0.19224754,0.23335826,0.3394022
-0.11959675,-0.40749556,-0.26707476,-0.042934418,-0.44892204,-0.22640502,-0.29780442,-0.29581484,-0.24165192,0.008782841,-0.16486901,0.006610455,-0.2297495,-0.23316549,-0.2216321,-0.2986513,-0.23269835,-0.2718944
0.2412251,0.29063487,0.13710469,-0.08070417,0.36474305,0.21021014,0.15006602,0.25235683,0.018278625,0.1876166,0.15594086,0.12720083,-0.18858992,0.13923115,0.08194582,-0.111495554,0.1701568,0.24465221
0.05999121,0.06608617,-0.23730597,0.19886017,-0.0005789278,0.09653447,0.12702218,0.09071464,0.07470368,-0.03152953,-0.074971154,-0.06784327,0.18111706,-0.13796212,-0.03462533,0.06904728,0.08403182,-0.15036261
0.4205762,0.46669576,0.16634537,-0.113363855,0.4249118,0.43978724,0.115263835,0.45798343,0.27966124,0.2207928,-0.112400115,0.32506162,-0.05623715,0.044914745,0.2950353,-0.09614065,0.3699622,-0.10083008
0.042454842,0.015077097,-0.058836035,-0.04956817,-0.033739157,0.11616702,0.005075452,0.15241417,0.15123957,0.19429815,0.06743053,0.083528526,-0.16825768,0.124125846,-0.064219266,0.14863592,-0.13080183,-0.25823528
0.40471846,0.21834558,0.27241075,0.04706759,0.1458196,0.11139313,0.26992923,0.14385667,0.021277502,-0.14178622,0.055593103,-0.15508223,0.17787829,-0.006784397,0.069953576,0.29254898,0.05951476,0.20681867
0.20224896,0.1602911,-0.032466307,0.35541874,0.1495921,0.08973799,0.31013763,0.32139492,0.2238106,0.048884332,-0.16352445,0.039722957,0.37241882,-0.03565252,0.1126176,-0.024458608,0.12762663,-0.09028289
-0.02476004,0.26929986,-0.00058597745,0.2504763,0.23503794,0.17857462,0.050032377,0.24818833,0.09228189,0.15543064,-0.10635738,0.23070516,-0.06596101,-0.1023664,0.0044751256,-0.17873566,0.121279225,-0.24753311
0.14003104,0.2650357,-0.06195862,0.14515533,0.15361503,0.2188142,0.18049154,0.34314108,0.17218387,0.07091406,-0.12810495,0.15406106,0.19940867,-0.18832174,0.19053629,0.09095126,0.3019868,-0.09940271
0.061115466,0.15537044,0.19729537,0.31702048,0.045079093,0.10087675,0.2277962,0.13657121,0.14379647,-0.06098894,0.030175388,-0.0069790073,0.04431743,0.18678835,0.025580678,0.17863628,0.026586179,0.09860544
0.14139831,-0.27850482,-0.34776455,-0.2028488,-0.23149401,0.062368345,-0.15280728,-0.2111477,-0.09361336,0.091584474,-0.08183786,-0.0031113615,-0.12096368,-0.1437299,-0.06906651,-0.22807205,-0.05737035,-0.23449935
-0.2160514,-0.3030405,-0.17973799,0.15012363,-0.4095603,-0.10456842,-0.38372967,-0.13714424,-0.14288972,0.12076752,-0.17449799,0.21363056,-0.18831448,-0.25897217,-0.32466292,-0.38312703,-0.22695121,-0.35486257
-0.03474004,0.13973075,-0.17301896,0.10296729,0.020836478,0.23924512,0.17442614,0.19766109,0.040882032,0.2177675,0.027832806,0.26354432,-0.20069098,-0.103740364,0.17628595,0.15932763,0.32020968,-0.16500333
0.1706917,-0.026057348,0.37625587,0.42268464,-0.08595832,-0.14237669,0.31963623,0.08538604,0.27764654,-0.15270565,-0.030282427,0.07006997,0.47514972,0.023152217,0.2138645,0.20215899,0.10559729,0.27596045
0.018562589,-0.45270115,-0.15460175,-0.02417227,-0.3729853,-0.21424998,-0.13946034,-0.3757428,-0.3264996,0.018464671,-0.034294676,-0.13233784,-0.23395674,-0.11459023,-0.20893879,-0.21060988,-0.32685518,-0.21827294
-0.08980148,-0.019229237,-0.3195296,0.13687643,-0.053763233,0.2306396,-0.12592034,0.16349721,0.09813282,0.1648227,-0.014394835,0.3351885,-0.1743801,-0.31138647,0.037691697,-0.2504543,0.31184557,-0.29106736
0.37182075,0.22294821,0.009315159,0.2001146,0.13361493,0.04712437,0.15704925,0.13879317,0.21835387,-0.07277782,-0.11911252,-0.102951154,0.3061327,-0.022363381,0.013862331,0.10062293,0.014680551,-0.059825994
0.08965207,-0.35902762,-0.24168558,-0.03807679,-0.35458213,-0.13107352,-0.20786458,-0.28603297,-0.086736396,0.0426849,-0.009900784,-0.016271707,-0.255494,-0.005644202,-0.05424843,-0.14421073,-0.17377329,-0.30703396
0.08306444,-0.2872427,-0.1917479,-0.05715978,-0.24590144,-0.13386594,-0.05355464,-0.41197747,-0.25453562,0.0075940434,0.050692998,-0.12839381,-0.15273865,-0.080855384,-0.021758534,-0.13185957,-0.14221632,-0.047781855
-0.116224155,-0.17391822,-0.21601138,-0.09422602,-0.1822681,0.081520505,-0.18078929,0.0142526105,-0.18938854,0.1272282,-0.22415745,0.02794429,-0.184086,-0.368101,-0.09852551,-0.29097426,-0.019200992,-0.26577967
0.5078281,-0.22601831,-0.20390427,0.045516126,-0.22888425,0.048396003,-0.1246565,-0.009076114,-0.057822563,0.20517406,-0.02781837,0.22633144,-0.114762306,-0.25438654,0.06107423,-0.14818871,0.11026177,-0.18208945
0.045036025,0.23747262,-0.26553732,-0.0087419255,0.18126036,0.35376334,0.041204214,0.36998045,0.1476245,0.2511385,-0.043675475,0.18782318,-0.10386409,0.04189384,0.2564196,-0.19546744,0.2627088,-0.15283224
0.046948127,0.32177645,0.20775077,0.003219447,0.30517635,0.21787661,0.39343432,0.39458513,0.10065742,0.027583668,0.05246074,0.029166829,0.518237,0.2330153,0.2216095,0.10702591,0.10232088,0.39736456
0.08117409,0.25226283,-0.07615945,0.14931671,0.26843455,0.21631005,0.3157236,0.35549182,0.049713615,0.13412672,-0.033909716,0.010626423,0.03701264,-0.1443783,0.2042234,0.3178972,0.2733621,-0.037140563
-0.0009638071,0.15119848,-0.11572389,0.03711927,0.14250089,0.20383659,0.119051084,0.2730295,0.27523804,0.16264921,0.006695502,0.23679768,-0.008499651,0.06206958,0.28804123,0.0029357192,0.32591155,-0.082751215
0.06652865,-0.34679994,-0.13580471,0.06958656,-0.2528175,-0.051682025,0.0077742822,-0.070129044,0.029426027,-0.06445203,0.3647104,0.03486514,0.15281062,-0.2821307,-0.07295439,0.23556116,-0.02514219,0.16745141
0.09196141,0.32475203,0.206595,0.074816346,0.25633514,0.21322492,0.22121412,0.09037429,0.10843292,-0.16353521,0.12812908,-0.2150479,0.46329826,0.03968152,0.079980776,0.30555612,-0.11738226,0.18927011
-0.15014084,0.32878402,-0.085090935,0.032553237,0.21379888,0.2655568,-0.0360156,0.34200633,0.16628863,0.14090663,-0.15972525,0.24320391,-0.20805266,0.11727825,0.14089012,-0.27025306,0.23881692,-0.1843856
0.14024563,0.44812447,0.19414021,-0.21435015,0.4287867,0.27111125,0.21768734,0.33683267,0.17070314,0.08892892,0.20944965,0.20754185,0.09600757,0.10408919,0.2146867,0.18116058,0.28873274,0.4005379
-0.05239721,0.26257476,-0.15984467,0.055198245,0.14421728,0.4033379,0.17756811,0.3398909,0.33849722,0.18039821,-0.026939444,0.23644897,-0.016211564,0.019633744,0.31539157,-0.026246056,0.3490466,-0.1883066
0.22049837,0.023135632,-0.07202764,0.20875105,-0.053457826,0.07406114,0.24758217,0.2333531,0.08317438,0.021616567,-0.027280843,0.07358019,0.15931293,-0.09340282,0.22223489,0.10791256,0.2607021,0.03395275
0.06907091,0.19036028,0.0352262,-0.0051652356,0.19847268,0.18406412,0.20148571,0.28068346,0.21153876,0.22134978,0.030599318,0.22029978,-0.28887212,0.109004274,0.35679513,-0.049473293,0.36183888,-0.06163624
-0.020147692,0.22668424,0.01563918,0.021183979,0.26036382,0.2940024,0.3078586,0.4306355,0.066602066,0.2205675,0.058368135,0.20924923,-0.19790146,0.13974848,0.34371614,-0.11062488,0.43077946,0.1345116
0.50882244,0.10175303,0.24456668,0.17892137,0.062130228,0.021106655,0.18852127,0.10772217,0.31202087,-0.12709218,-0.04224121,-0.16768023,0.3836791,-0.03591474,0.07030893,0.26414812,-0.08078402,-0.00440348
0.22060366,0.21873064,0.16041374,0.057529986,0.21984148,0.20485541,0.082800046,0.24170664,0.11294353,0.15197434,-0.06415041,0.14564188,-0.15726918,-0.01547667,0.1949532,-0.111567624,0.19746941,-0.06377183
-0.0751808,0.01511748,-0.20754413,0.24999574,-0.0057053654,0.03306154,-0.19590855,-0.014679129,0.15659495,0.23541477,0.12717715,0.32187638,-0.20355542,-0.17411529,0.095948204,-0.10544424,0.120921604,-0.24574906
0.21786866,0.058664892,-0.14713985,-0.07282129,0.18299972,0.19855717,-0.02252497,0.03643648,-0.047883064,0.23347268,-0.0571625,0.04903687,-0.1842038,-0.08113402,0.029346962,-0.20690218,0.08686738,-0.1385271
0.15081297,0.10564584,-0.20797464,-0.022332788,0.10638557,0.27118167,0.0013777725,0.23330736,0.111086346,0.27589568,-0.07009077,0.2753259,-0.14316708,-0.15555659,0.019397704,-0.18167199,0.19348665,-0.28209305
0.13868701,-0.040150557,-0.28543824,0.14513776,-0.053564817,-0.006600719,0.015595966,0.118441835,0.25178427,0.07701272,-0.073707744,0.06887107,0.17449135,-0.16063666,0.035514355,-0.05144649,0.075145096,-0.23085847
0.41134265,0.38265857,0.04690875,0.09949251,0.3294078,0.31809452,0.03140409,0.30428517,0.1595782,0.20416158,0.1192154,0.29058123,-0.12586176,0.060709164,0.1584813,-0.060448956,0.24302223,-0.052398756
0.08725841,-0.22978652,-0.3635239,-0.122694485,-0.2829692,-0.026510214,-0.07776624,0.083912805,-0.08999865,0.14671212,0.15062547,0.24968766,-0.19622353,-0.16193612,0.076304734,0.008025504,0.17057085,-0.0819457
0.105460405,0.460306,0.2657413,0.19093573,0.3854732,0.38069278,0.08706626,0.37528086,0.28898358,0.2500878,-0.084368706,0.33586067,-0.070243075,0.22859496,0.3027028,-0.05156924,0.23784187,-0.09346247
0.029895172,0.120252214,-0.20096815,-0.11688927,0.07339086,0.2184347,0.29130167,0.35500294,0.2216613,0.18404117,-0.0040794024,0.13493979,-0.105699226,0.09081213,0.30009633,0.06999189,0.39226952,-0.01177633
0.04832221,0.35253364,-0.10420388,-0.20713681,0.308289,0.222334,0.095680244,0.31705663,0.27139968,0.07032584,0.10325412,0.2998872,0.045444697,-0.10469374,0.2108585,0.11356556,0.39727488,0.038241044
0.38064027,-0.13795103,-0.09087262,0.0034452905,-0.17104432,0.06119087,-0.083174825,-0.08292199,0.18146893,-0.10481909,0.10712394,-0.10678397,0.100114204,-0.16235834,0.022209842,0.29332972,-0.02710105,-0.09589492
-0.07082683,0.075378075,0.003464994,-0.06191401,0.07279229,0.27367002,0.18574376,0.21357054,0.069601096,0.16873327,0.34849983,0.20929906,-0.14219774,0.25996274,0.1033338,-0.062144384,0.18029231,0.33765966
0.23873232,0.2889886,0.16535962,-0.03188868,0.29726574,0.2939043,-0.1063945,0.30248588,0.18743688,0.1413615,-0.08780961,0.23326409,-0.030166984,-0.05531998,0.119224444,-0.16776787,0.17142797,-0.06638776
0.16539305,-0.27990618,-0.19699329,-0.21752769,-0.31192195,-0.059105784,-0.28612176,-0.21725753,-0.12083162,0.10213219,0.06437684,0.09849195,-0.2939499,0.06254658,-0.27451736,-0.20559952,-0.25767684,-0.22823158
0.18743828,0.2736112,0.46730447,0.08421757,0.25230944,0.31291565,0.36179918,0.3010679,0.3373229,0.01719996,-0.06875917,0.05697937,0.26003093,0.36579856,0.22668888,0.0046996456,0.101535395,0.18243763
0.102830246,0.36815518,0.031153008,-0.13363966,0.35970366,0.21124575,0.15761492,0.42737174,0.12590268,0.14197332,0.050221518,0.21856649,-0.07855083,-0.031690087,0.20836657,-0.053226598,0.32047933,0.06178212
0.2577038,0.18040892,-0.15667194,-0.060178008,0.15235728,0.29056355,0.30363977,0.26847708,0.06119506,0.16557907,0.086424045,0.06128885,-0.05331357,0.017204758,0.22539824,0.21515092,0.29367292,-0.06580269
0.32725385,0.13795307,0.10066652,0.054551244,0.13140345,0.10668227,0.16666561,0.09076771,0.09881198,-0.04739309,0.18552043,-0.06465642,-0.07108777,0.2030519,0.055177256,0.06963022,0.07589145,0.12361987
0.09217966,0.04599583,-0.20082892,0.035244565,-0.011381996,0.1718514,0.36159056,0.318326,0.09246408,0.10686479,-0.03890861,0.088734694,0.1527112,-0.108513355,0.22857927,0.13598034,0.3211358,0.014456826
0.013536391,0.19367003,-0.19116375,0.06113144,0.18700778,0.31041282,0.23032591,0.35596383,0.22151533,0.1979211,-0.079724796,0.14200202,-0.085494265,-0.10226274,0.3911482,0.07637729,0.45406628,-0.15028717
-0.061897233,0.060406692,-0.21745281,-0.10638937,-0.024096947,0.2691806,-0.16872984,0.3297403,0.10163206,0.17157656,-0.07254196,0.37206724,-0.12427587,-0.16642061,-0.079354905,-0.25796044,0.16845384,-0.20865926
0.010088259,0.4113791,0.008911465,-0.042879142,0.38248926,0.32386953,0.27722818,0.5365903,0.09158331,0.20641656,-0.013975382,0.27567196,-0.06180636,-0.05848893,0.20613292,0.03495039,0.4424953,0.16537586
-0.0023449594,0.05474852,-0.26013917,0.025188202,0.009437852,0.15849823,0.018908061,0.10378647,0.014147798,0.09645027,0.2520612,0.1985909,-0.3425101,-0.20903115,0.084915176,0.14316773,0.3387328,-0.07522955
0.4294805,0.07725996,0.10062556,0.2197641,0.09545789,0.15440902,0.13563094,0.043230742,0.34615415,-0.011873953,0.01389051,0.0362892,0.11888121,-0.03207955,0.14429487,0.21896076,0.12338514,-0.12283917
0.019284112,0.32563263,0.03044692,0.3243629,0.22751501,0.24608333,0.31713784,0.13689786,0.13906345,-0.089511335,0.0014926698,-0.056975044,0.39322352,-0.067803696,0.112423845,0.29018736,0.109822586,0.039487418
-0.009575432,0.34289125,0.12051205,-0.07202982,0.31690222,0.21740815,0.25841284,0.4945633,0.0605234,0.16501227,-0.0709762,0.09663334,-0.041944046,0.006098802,0.1059081,0.12859978,0.1807012,0.043755103
-0.015634095,0.37860245,-0.019724168,0.17513922,0.26909626,0.20992866,0.28403127,0.4011156,0.2222403,0.12999043,-0.08176418,0.158128,0.041811317,-0.04269733,0.29948372,0.17092502,0.3288398,-0.09668056
-0.016208205,-0.062734894,-0.30523145,-0.13551687,-0.04771378,0.09168969,0.22600749,0.17718504,0.035112545,0.13472737,0.071710914,0.07903181,-0.21920967,-0.08387624,0.3521766,0.05742678,0.42945778,-0.04978037
-0.12906335,-0.04653523,-0.24668604,0.031738017,-0.15943539,0.14549044,-0.24290508,0.1968644,0.06718837,0.22243886,-0.0947191,0.30468798,-0.20357779,-0.13215882,-0.11121418,-0.32649744,0.00068194326,-0.3112198
0.1322095,0.30743778,0.09570473,0.04668746,0.26857385,0.23917618,0.40124607,0.3021571,0.22841695,-0.026177268,0.03587038,0.031047761,0.32087174,0.035249736,0.38131806,0.2936464,0.39652494,0.32605058
0.30992913,-0.036166176,0.3557614,0.27658236,0.0023209518,0.14134455,0.44937328,-0.019917518,0.06236409,-0.15217794,0.2533275,-0.11742809,0.15043089,0.19307119,0.2244586,0.32763034,0.17585805,0.3945394
0.13291025,0.3141129,-0.11219548,-0.08436192,0.2908737,0.25592047,0.03891922,0.27029034,0.2684552,0.15530324,0.052605443,0.30331504,-0.17921343,0.058259603,0.2323999,-0.013167428,0.38470632,-0.10921575
0.101089485,0.30445626,0.20639308,0.05022091,0.21016471,0.26998734,0.14697777,0.27563328,0.18595338,0.0029821182,0.06060332,0.16185862,-0.001694236,0.083627954,0.2007898,0.062389072,0.23938583,0.15363723
0.039424468,-0.08703984,-0.07124902,0.14406349,-0.09817894,0.15348098,0.04973438,0.0187988,0.23933426,0.17784807,-0.045606516,0.26416048,-0.22839065,0.10605596,0.09513259,-0.0795749,0.19255966,-0.24591853
-0.06265762,-0.24179429,-0.20570359,0.07723604,-0.252977,0.09963973,0.1841671,0.009746093,-0.101770535,0.16766624,0.04841216,0.17712417,-0.20081452,-0.16275048,0.094550714,0.1589888,0.20585041,-0.14318898
0.17080344,0.1838708,-0.118705735,0.079561815,0.11979232,0.1429732,0.15443435,0.16864702,0.14243364,-0.010065142,-0.09490819,-0.0699987,0.21999434,-0.099903986,0.036029972,0.028582022,0.08520512,-0.13410807
0.3113157,-0.17786968,-0.056703337,0.22147307,-0.22489643,-0.14194322,0.19061162,-0.036712702,0.10257645,-0.11184473,0.009085692,-0.1642232,0.3595813,-0.07218125,0.0076267887,0.15579754,-0.11340052,0.046424136
0.27168083,0.43792087,0.4210302,0.12871629,0.34544808,0.14176504,0.28083974,0.24339202,0.34526217,-0.1494272,0.017229252,-0.05527887,0.4830255,0.037437703,0.19567594,0.3630967,0.037471943,0.25654325
-0.06406197,-0.22037984,-0.17928949,-0.13040812,-0.21336953,0.021135677,-0.09586664,-0.07381424,0.010691296,0.1624668,-0.04754419,0.15683138,-0.11360617,0.01464861,0.0058963057,-0.2666793,-0.089626074,-0.17448074
0.14061466,0.13655184,-0.13615024,-0.05257088,0.22094575,0.25224966,0.29044768,0.105589084,-0.06014948,0.089714535,0.19979505,-0.050841235,-0.074428916,-0.07647938,0.13468376,0.37931857,0.21354151,0.054273732
0.117419824,0.108553916,-0.09885053,0.09298058,0.040164948,0.071392365,0.11036047,0.20360133,0.23572345,0.17904735,0.13248354,0.3227591,-0.15517768,0.12961768,0.1632601,0.04042875,0.24857375,-0.055832576
0.39876842,0.21747041,0.029700719,0.052334473,0.26983798,0.17411084,0.19747987,0.32786524,0.22323784,0.10061696,0.013838956,0.09027858,-0.010232126,-0.068582885,0.35992554,0.1969966,0.3943113,0.048760682
0.21211877,0.008460309,-0.19620188,0.09497561,0.078853875,0.055976443,0.18623489,0.16625556,-0.055668443,0.119808,0.22822098,-0.017419137,-0.19635265,0.022556234,0.1670989,-0.006086652,0.21609524,0.08112669
0.48657948,0.2240097,0.3508343,0.1294228,0.19424176,0.2999462,0.09672939,0.21533182,0.13301165,0.14565764,-0.09093663,0.17287892,-0.079948306,0.14255652,0.15377417,-0.09189074,0.11422149,-0.048976235
0.067568004,0.08708811,-0.1127355,0.17769566,-0.005415202,0.12860659,0.24343115,0.12418856,0.14652044,-0.05078379,0.032970812,-0.08179356,0.22266515,0.0557291,0.12294087,0.2436902,0.097969055,0.019657183
0.19537911,0.2764055,0.026331976,0.0018031546,0.17126128,0.3954659,-0.02148756,0.21740824,0.103672415,0.20685294,-0.14361638,0.2481568,-0.20990789,0.027124539,0.018066732,-0.25156498,0.15102933,-0.27486396
-0.08651085,-0.319893,-0.23553056,0.052190132,-0.36378372,-0.2668603,-0.26715174,-0.22387049,-0.18293363,0.12362031,-0.080798075,0.16101262,-0.19572386,-0.26169893,-0.14744434,-0.270415,-0.15156922,-0.21826985
-0.0428753,0.18403414,-0.23953158,-0.04554241,0.1710442,0.26469123,-0.07205161,0.20452617,-0.018415868,0.21309835,-0.13983949,0.08070056,-0.144192,-0.20896567,0.05270589,-0.25174135,0.13442624,-0.23576929
-0.07797651,-0.035988994,-0.2602222,-0.013237522,-0.07224931,0.17356811,0.17141132,0.3645481,0.14990519,0.27361488,-0.09458133,0.14164671,-0.09220573,0.08653426,0.13663837,-0.20029408,0.15368442,-0.1828354
0.4144609,0.26317307,0.20808572,0.23529363,0.17014843,0.045248747,0.33538473,0.18129067,0.21905455,-0.15155944,-0.08013783,-0.19517016,0.45332277,0.12892832,0.10729857,0.24446733,-0.005595626,0.16044496
0.113160774,0.26210105,-0.18719137,-0.043438494,0.21783236,0.3060897,-0.093243524,0.18850857,0.113212205,0.16547687,-0.08604222,0.09885748,-0.11770958,0.059741475,0.08797912,-0.21209824,0.092454694,-0.22596326
0.045989476,0.40593746,0.15509024,0.06581591,0.22900072,0.4166566,0.14636755,0.30687666,0.23756808,0.0808428,-0.063990615,0.19523537,-0.03936521,0.033819165,0.24668276,0.043086026,0.29515105,-0.105085894
-0.049750313,0.17555502,0.27314323,0.12793586,0.10681219,0.07543687,0.08797258,0.12784904,0.16948368,0.048037723,-0.13108511,0.10645502,-0.12490299,0.4098208,-0.03427141,-0.22084346,-0.095284104,-0.14446208
0.21055648,0.28272298,0.029978316,0.18512693,0.23503461,0.074514925,0.2301424,0.16315131,0.19067469,-0.055185694,-0.14478627,-0.06701628,0.2636257,-0.093494326,0.11037445,0.14822441,0.15489587,-0.02230267
-0.08286445,-0.14668202,-0.2160312,-0.15562275,-0.13357623,0.17762381,-0.15410459,-0.063978486,-0.07198392,0.102444045,-0.07081312,0.10202375,-0.13335979,-0.08285279,-0.1298099,-0.30932468,-0.09720686,-0.27896863
0.39603978,0.23817106,0.34533846,0.1502928,0.20433787,0.1064477,0.21893084,0.25529557,0.2540687,-0.0718427,0.075595394,0.14520559,0.13961107,0.1400351,0.22598127,0.06817359,0.2316091,0.15879187
0.18675733,0.041602902,-0.10058254,0.10529761,0.03388908,0.07033867,0.22696102,0.21957004,0.0009134747,0.07772478,0.11904261,0.0010854299,-0.0012719673,-0.06058667,0.11414532,0.18544933,0.13214606,0.06524492
0.34016114,-0.08111626,0.11636315,0.27240115,-0.077625304,-0.031014273,0.17781949,0.13050368,0.37006357,-0.037713297,0.05650659,0.14727452,0.16010001,-0.048744872,0.27204853,0.24100477,0.24592732,0.058512107
0.21734184,0.26603222,0.34090734,0.1331029,0.31810457,0.22799315,0.3169307,0.15340498,0.10680714,-0.020399395,0.1797753,0.13703956,0.0823781,0.11646741,0.2909046,0.15475217,0.3909488,0.4894579
0.07449832,0.3667485,0.02457508,0.14372838,0.23735195,0.29228187,0.124631986,0.2634249,0.21462634,0.13032997,-0.07088719,0.26553845,-0.001758209,-0.012901956,0.2536975,0.026943428,0.33281803,-0.0937696
0.15092044,-0.40044403,-0.023005128,0.34005573,-0.42477143,-0.11398085,-0.005569059,-0.1559105,0.026373968,0.08231788,-0.009441899,0.08286656,-0.18172349,0.10694821,-0.041781764,-0.087582655,-0.09913328,-0.20703329
0.1226888,0.31739935,0.18397601,-0.014346274,0.25644162,0.31900316,0.14954317,0.1639745,0.1416296,0.01648433,0.0663501,0.050203808,-0.15274028,0.4424407,0.22478044,-0.08165402,0.15510987,0.09040545
-0.064500764,0.3231535,-0.035448074,-0.23216397,0.3112872,0.2787832,0.23209456,0.2955084,0.09542389,0.11419433,0.2314469,0.16029406,0.016038867,0.029614432,0.22251555,0.2562135,0.28328425,0.13039029
-0.037034024,-0.37108585,-0.25749853,-0.0017664386,-0.31922996,0.03650286,0.07261972,-0.16734202,-0.25506952,0.023122104,0.21098167,-0.012894969,-0.19793363,-0.21982023,-0.045559306,0.24305275,0.06098495,-0.03736692
0.12964818,0.20457807,-0.17442937,-0.22282411,0.19893655,0.19632041,0.018374853,0.43273717,0.14455347,0.21385448,0.025315117,0.20186673,-0.19451764,0.12412067,0.08568938,-0.26951176,0.26127744,0.07934198
-0.12765652,0.3167411,-0.1405473,-0.06477081,0.251325,0.37342554,0.09432894,0.35406563,0.2747489,0.16625455,0.010285737,0.20114245,-0.1273348,-0.11876871,0.2931826,0.024132442,0.34599808,-0.18795687
0.096061006,0.2398388,-0.14394933,0.17362851,0.19612119,0.19405824,0.21244743,0.16012928,0.26331222,0.037654843,0.0024608108,0.068302155,0.21730044,-0.029545762,0.110193,0.097001,0.1968323,-0.06042304
0.11876495,0.21271148,0.019783936,0.3437528,0.11889629,0.007883253,0.19108324,0.22252099,0.23527175,-0.041106872,-0.13310242,0.012372141,0.41786432,-0.060120314,0.041739132,0.058502406,0.04888881,-0.03467772
-0.089190826,0.17214963,-0.011827844,-0.15910113,0.022116847,0.42969415,0.023146452,0.16235392,0.098758996,0.13222903,0.09001184,0.24970177,-0.28321397,0.2638411,0.1341911,-0.15648043,0.14687246,-0.15098989
0.47401637,0.14628398,0.23698759,0.33892974,0.15409017,0.14214422,0.17304435,0.12328117,0.4286461,-0.061310735,0.0073356885,0.016829357,0.48258936,-0.07872897,0.14287864,0.18288335,0.04351122,0.07692298
0.10369411,0.39714453,0.1644777,0.076143816,0.3064778,0.427931,0.059603028,0.41004354,0.22664854,0.22317798,-0.17245933,0.29629612,-0.20044671,0.07311639,0.22341454,-0.15136842,0.32078633,-0.15968502
-0.03148225,0.0045288093,-0.16885018,0.007664587,-0.062958896,0.07574637,0.15976894,0.2602679,0.19155042,0.21026303,0.016857363,0.20487317,-0.19398624,0.30820966,0.22032772,-0.10478234,0.18741857,-0.07814096
0.2739194,0.07922489,0.21899948,0.11963054,0.23662546,0.0733304,0.16205533,-0.034044776,0.04548727,-0.02429896,0.37233225,0.0234216,-0.12863448,0.07228622,0.07149286,0.2502309,0.18930095,0.41010067
0.3337672,0.26487255,-0.11818351,0.005984159,0.34045753,0.2961882,-0.0075451927,0.13660526,0.10487695,0.22180562,0.0011194292,0.189263,-0.16457477,-0.032852218,0.16726494,-0.1345776,0.20354813,-0.19135709
0.50195855,0.3510325,0.53345853,0.14386147,0.33787668,0.2621405,0.10760046,0.21274066,0.4165647,0.0030081272,-0.013501542,0.08011316,0.3366046,0.31427425,0.15885372,0.09631652,-0.048786916,0.13066113
0.20081252,0.0069411267,0.014971188,0.26895782,-0.0361714,-0.1503002,0.40966818,0.18405452,0.15899509,-0.0562592,0.017222773,-0.05271118,0.46865952,-0.07065664,0.29774764,0.2068423,0.21720493,0.32546076
0.018497046,0.24894418,-0.017537735,0.16206133,0.1416117,0.28404456,0.18678978,0.38942212,0.24840966,0.11891067,-0.06629193,0.20538673,0.06235168,-0.019136444,0.29696804,0.06302338,0.32194984,-0.09823407
0.05387291,0.34832442,-0.017317936,0.10493749,0.23570418,0.28648794,0.26591605,0.45643866,0.17760623,0.19239111,-0.11021433,0.22399184,-0.07053164,0.026310604,0.2959146,-0.025384696,0.3930635,-0.05801171
0.067169696,0.24611025,0.12845218,0.24924326,0.115999706,0.32125846,0.14135088,0.15313095,0.18158478,0.05869413,-0.05946882,0.13646965,-0.111041114,0.20871857,0.14574766,0.069708586,0.15423043,-0.17205852
-0.011069505,0.2374273,-0.14112365,-0.047156952,0.17870998,0.30804354,0.19671947,0.5186737,0.21792158,0.27600533,-0.1509221,0.24580634,-0.045189105,0.023415957,0.22870639,-0.20897152,0.30652,-0.06361933
0.38574934,0.17517175,0.37506956,0.08431786,0.17356664,0.014549527,0.3894758,0.07983579,0.08433017,-0.13703664,0.10390048,-0.16669576,0.09059824,0.15448883,0.21417561,0.29951632,0.15084004,0.3268645
0.024591355,0.14798552,-0.13273968,0.28950024,0.13675794,0.053252287,0.33883166,0.22596169,-0.011800811,0.07051259,-0.054079287,-0.051499005,0.023529856,-0.11314807,0.14021692,0.2204355,0.23838592,-0.023488827
0.2111535,0.352606,0.06217673,-0.09397638,0.32436737,0.24675316,0.30359477,0.5112898,0.2425795,0.16985655,-0.13338482,0.15610787,0.05724184,-0.0019363929,0.28541732,0.009790739,0.3816157,0.079167664
0.09629568,0.024351794,-0.22969735,-0.18403435,0.068026796,0.07889573,-0.11738398,-0.0059564905,0.043762144,0.09884572,0.14151816,6.098533e-05,-0.28208274,0.23214594,-0.016197044,-0.17704654,0.0013129448,-0.09521404
0.08134557,0.31750938,-0.107404746,0.13862506,0.20610315,0.26109195,0.19305426,0.23113249,0.14583446,0.09313767,-0.05899085,0.18243149,0.1147338,-0.12866762,0.11311305,0.016366087,0.25949425,-0.073304296
-0.0144627,0.27564904,-0.16159682,-0.06904122,0.18343388,0.26134676,0.16955587,0.39014035,0.28192425,0.18063623,-0.050609853,0.2690364,-0.071641706,0.02740512,0.33423698,0.0042668004,0.4234833,-0.066663176
-0.014863824,0.3553018,0.19069767,0.014885482,0.30184862,0.3448979,0.084513456,0.42447522,0.14747182,0.2569169,-0.06394877,0.43164724,-0.10647704,-0.03943369,0.25565493,-0.14279836,0.31702924,-0.033764206
0.14154163,0.33270434,0.10768172,0.12934956,0.21656808,0.32567042,0.06413997,0.30299997,0.23373702,0.08582542,0.07334748,0.26820874,0.02432663,-0.033477124,0.15542598,0.09385531,0.20999393,0.0007582824
0.53156924,0.15897039,0.25088516,0.12792705,0.066420145,0.31494272,0.17971918,0.16681573,0.2647771,0.049093455,0.03158114,0.19510278,-0.07496104,0.14473388,0.266828,0.1348668,0.27778316,-0.07969326
0.064695686,0.15001047,-0.17276633,-0.22185367,0.15692821,0.2865504,0.056792684,0.27547783,0.063109644,0.24939866,0.04370599,0.20351657,-0.20426202,0.062803134,0.06513047,-0.23128876,0.15934953,-0.11691176
-0.11729385,-0.0682357,-0.30877885,-0.094307624,-0.14362533,0.09704517,0.089343175,0.38823974,0.12450417,0.2000343,-0.06586914,0.22030088,-0.16062766,-0.14084959,0.24775736,-0.11972725,0.3952019,-0.100065425
0.06520256,0.17209408,-0.19296867,0.05430771,0.0876323,0.22703817,0.16700482,0.40097266,0.034677144,0.23239699,-0.102043375,0.28120166,0.02505515,-0.14602599,0.09280616,-0.11410545,0.23980226,-0.17460845
0.053618923,0.17591631,-0.13868979,0.22598387,0.13283132,0.08146235,0.11274245,0.15839288,0.1593188,0.050157912,-0.047871657,0.11294757,-0.10604276,0.09082603,0.13670221,0.0418202,0.26780117,-0.112803556
0.44977927,0.24162501,0.4341418,0.14121374,0.16328245,-0.0015092976,0.14513107,0.12600924,0.3550694,-0.16748998,-0.04977354,-0.06908371,0.41148955,0.13343649,0.1113698,0.16100007,-0.05834034,0.1045081
0.47484598,0.29611772,0.29526824,-0.11309226,0.3267199,0.36396512,0.16068009,0.27253705,0.17706373,0.15078816,-0.035443358,0.090521924,-0.025412478,0.25090942,0.09337718,-0.11972662,0.029763201,-0.0023297376
0.10108212,0.24841774,-0.22297531,-0.05873497,0.24900281,0.2495479,-0.00076595834,0.338253,0.23041561,0.29172197,-0.09339886,0.21947862,-0.22635509,0.05386798,0.112691015,-0.2404603,0.21006726,-0.27350366
-0.036184862,-0.23113924,-0.23196134,0.031345755,-0.25446072,-0.08442348,-0.06587128,-0.12688377,0.05040175,0.13940005,-0.023123894,0.2849089,-0.2763412,-0.013530895,0.17644212,-0.12495229,0.23653641,-0.17842123
0.13424551,0.19592822,0.22626452,-0.013807341,0.24232198,0.20165625,0.31510696,0.1266617,0.038460083,0.06475178,0.22008467,0.12403389,-0.16981775,0.22706357,0.28228283,0.03756865,0.36218628,0.4238581
-0.016148992,-0.18823078,0.21639767,0.35356003,-0.23089464,0.07703187,0.12006043,0.0071332026,0.27311814,0.099347636,0.02729175,0.15242276,-0.19865206,0.32185823,0.20844936,-0.037760884,0.10578646,-0.051363543
0.3013929,-0.15764579,-0.06533551,0.36528563,-0.13599648,-0.18474832,0.27442628,-0.0786459,-0.03314436,-0.113544434,0.069881335,-0.19335875,0.35333142,-0.08638299,0.033306003,0.24840835,-0.042863026,0.13482487
-0.012097461,-0.045577638,-0.1912815,-0.17130388,0.015360763,0.16544804,0.012115352,0.1393911,-0.08401613,0.05718223,0.27520508,0.09999542,-0.1423169,0.056277215,-0.06412153,-0.11445769,0.09360927,0.26901525
-0.027208038,-0.038486533,-0.2578752,-0.3306294,-0.026636638,0.21753561,-0.23307174,0.13647804,-0.059612382,0.17326862,0.17911993,0.13094649,-0.33227497,0.037608035,-0.18228923,-0.3260927,-0.06562494,-0.11194408
0.4271464,0.44183686,0.41562793,0.06508162,0.36847156,0.26927587,0.27686805,0.37235254,0.27417243,-0.025269615,-0.050361477,0.11557787,0.38222945,0.0876417,0.26790679,0.23008205,0.219895,0.20709054
0.09291578,0.2537904,0.12928544,0.15554531,0.20233141,0.21712431,0.26207095,0.29438928,0.16759229,0.0051492318,-0.07267962,0.09664433,0.06814121,0.02327611,0.13215551,0.1661851,0.22863233,-0.004144552
0.14296031,0.41355848,0.369818,0.010065488,0.5343295,0.23840263,0.33920044,0.30397797,0.18827528,0.0024540834,0.2579502,0.06498015,0.081033066,0.30448323,0.27918744,0.24252063,0.26349646,0.497128
0.4554597,0.1803746,0.32236505,0.0067606056,0.18764615,0.13230419,0.27560675,0.19966051,-0.03180798,-0.025582079,0.16233344,-0.06056809,-0.05599145,-0.002933518,0.192741,0.3493029,0.19096379,0.21862116
0.1385946,0.18971558,-0.13707432,0.03689918,0.2502361,0.24737814,-0.06537515,0.1367574,-0.013961083,0.244659,-0.1354002,0.08678413,-0.17106637,-0.12918556,-0.0006006933,-0.23760764,0.12299415,-0.19714253
-0.04005474,0.16451907,0.056199364,0.15378448,0.107176155,0.12112309,0.25194556,0.3143712,0.046997823,0.2019893,-0.02775365,0.06766805,-0.18171436,0.17336869,0.12918684,-0.023981145,0.106414855,-0.09853239
0.022076475,0.23966396,-0.17084152,-0.01681916,0.13535082,0.38364202,0.068230376,0.26376686,0.11076546,0.20185842,-0.016130852,0.20834053,-0.08942877,-0.15282899,0.15709735,-0.044028897,0.259238,-0.21939886
-0.0597703,0.111147314,-0.1800082,-0.05225052,0.058916915,0.3757961,0.14061838,0.318583,0.14629318,0.17017853,0.062726505,0.33397913,-0.2240591,-0.09118256,0.35888153,0.028023407,0.534178,-0.08871535
0.29823166,0.13079165,0.23970045,0.4304217,0.16008312,0.099505335,0.4203335,0.11351557,0.09201582,-0.12889682,0.14636223,-0.12076837,0.4726998,0.11463513,0.21263768,0.3047554,0.084054366,0.33694166
-0.009804535,0.0142858485,-0.0019729915,0.24742617,-0.049613327,0.23870745,-0.107155025,-0.045029566,-0.08437213,0.14392212,-0.033026967,0.12809612,-0.2566626,0.10705511,-0.06955015,-0.2760014,-0.046200488,-0.17718145
-0.07769232,-0.3015557,-0.19628096,0.13506714,-0.29994452,-0.2371347,-0.13260502,-0.3403984,-0.22708178,0.11579919,-0.0014446718,0.11068635,-0.27759048,-0.14992243,0.031937882,-0.2105158,-0.029167157,-0.15080339
-0.115845,-0.11966524,0.03901188,-0.09536271,-0.14241245,0.05714481,0.0035181283,-0.06277506,0.03731007,0.077066794,0.116851054,0.006669313,-0.21293218,0.457632,-0.058976106,-0.17349577,-0.20398948,-0.0059478777
0.12387354,0.23103255,-0.08429773,-0.044080723,0.2143521,0.25415415,0.08710073,0.34561944,0.013656134,0.23596087,-0.1381635,0.19837847,-0.12380636,-0.14128596,0.06997913,-0.26384497,0.19557327,-0.20272574
0.114407346,0.17901027,0.023267776,0.16095561,0.12141181,0.045846634,0.15239862,0.21979637,0.15737754,-0.055049285,-0.094937526,0.09997906,0.33083254,-0.07736538,0.05419965,0.08734197,0.14507855,0.0018506595
-0.05282083,0.26256996,-0.088639796,-0.12725896,0.21538326,0.35894454,0.01857495,0.22333485,0.25863576,0.22073373,-0.079632424,0.30933213,-0.16266763,0.026151463,0.23313975,-0.13647814,0.29540575,-0.2395534
0.052518986,0.21886712,0.20611374,0.31157196,0.10643894,0.052441973,0.3730011,0.19858089,0.22355342,-0.113508716,-0.16015212,-0.043797642,0.42777333,0.090850234,0.113398395,0.0068957014,0.09558343,0.1398302
0.010803718,0.039595924,-0.34639877,0.0087573705,0.014682064,0.26742885,-0.041872784,0.23363917,0.1593315,0.21821968,-0.0032654442,0.28769183,-0.1896654,-0.12082879,0.22443253,-0.18270235,0.29304993,-0.27660912
-0.07981372,0.22012977,0.05989843,-0.11051944,0.17926675,0.22865507,0.037096538,0.054420203,0.1454072,0.089924574,0.12876453,0.13227603,-0.3317728,0.4477021,0.14875802,-0.17612636,0.11623724,0.044332936
-0.098643295,-0.12289189,-0.16708104,-0.12402049,-0.10704196,0.17422712,-0.022259442,0.20124218,-0.05122526,0.29586536,0.0065837447,0.25983593,-0.19475164,-0.09776597,-0.057143107,-0.3487354,0.00040088966,-0.14386569
-0.009630233,0.16671875,-0.09693174,0.061491452,0.104423165,0.15771401,0.3906312,0.3463515,0.12273379,0.18882415,-0.027939174,0.15386114,-0.039900467,-0.028000249,0.3552003,0.0822521,0.4087457,-0.021302003
-0.028978135,0.15374243,-0.022652403,0.03481103,0.025523536,0.14601688,-0.16223358,0.29922614,0.034838192,0.16364914,-0.11484924,0.3413872,-0.21958041,-0.1354635,-0.039177984,-0.26717016,0.1690669,-0.17393081
0.5601988,0.101540014,0.38910973,0.17202482,0.101607025,-0.019327685,0.16680628,0.08942247,0.31709853,-0.11716503,0.022566088,0.038850635,0.27005783,0.13057849,0.24918047,0.16584846,0.089239,0.12128576
0.043557156,0.12165769,-0.12516387,-0.007898053,0.019273568,0.27412772,0.261096,0.45267344,0.19011232,0.19181976,-0.038005617,0.26490957,0.033073492,-0.11059323,0.33136347,0.0458719,0.4283911,-0.018664464
0.4961784,0.18302584,0.25474077,0.15239236,0.19036624,0.042547256,0.17526007,0.17436156,0.34611762,-0.08169094,0.055655017,-0.014224218,0.4095713,0.101670176,0.24295706,0.28211504,0.08596215,0.24008809
0.0401295,0.0042976327,-0.06792264,0.33353072,-0.08426915,-0.07693854,0.13876253,-0.046149865,0.28945976,-0.048103735,-0.027952198,-0.075362496,0.27083674,0.101446554,0.026142806,0.026824921,-0.075238064,-0.044785343
0.3698779,0.082413115,-0.2181435,0.036367357,3.4917146e-05,0.17542276,-0.1464031,0.1302592,0.016824879,0.22260688,-0.023616996,0.25090203,-0.10259099,-0.17726544,0.014432395,-0.07746352,0.1093021,-0.19925979
0.093307845,0.24310738,0.44333935,0.029860597,0.2798313,0.24089618,0.23479635,0.20981151,0.048547328,-0.0029734052,0.15121026,0.07620996,-0.0604652,0.1526475,0.11579473,-0.021517636,0.15391546,0.36725497
-0.12123475,-0.1670428,-0.3208341,0.024042312,-0.15669957,0.15771306,0.09510602,0.019173978,-0.14772525,0.14217097,0.18632823,0.121924296,-0.1809915,-0.2600489,0.0031492752,0.2099447,0.16830081,-0.111563675
0.28183642,0.20984384,-0.04118429,-0.14516851,0.18651089,0.21082386,0.2583652,0.44155055,0.063266516,0.13887662,0.0751504,0.05335015,-0.08535721,0.096840575,0.33296728,0.0006658253,0.35836524,0.16846892
0.5118818,0.39567345,0.41851616,-0.061907455,0.46178767,0.2753775,0.22903538,0.40685087,0.33791608,0.12800752,0.12774362,0.15440631,0.0357055,0.32827872,0.4069813,0.16568571,0.27150953,0.26082253
0.06603818,0.35111845,-0.048382044,-0.10385219,0.21037158,0.31341714,0.077519044,0.25868464,0.18737726,0.22071761,-0.11901252,0.12546559,-0.29847866,0.36641735,0.24745879,-0.24292012,0.18075258,-0.18543261
0.16270317,0.31612134,0.009976378,-0.031951323,0.31964397,0.3157299,0.046382956,0.3110978,0.29142007,0.16711484,0.0075323554,0.23303452,0.029245773,0.12207879,0.077064484,-0.23490338,0.14043935,-0.05909221
0.1073225,-0.08755612,0.09437639,0.20658523,-0.06974894,-0.06865013,0.30108342,0.013380364,0.016363602,-0.02065003,0.21781476,0.04062908,-0.041021887,0.21483663,0.32336408,0.2913579,0.3105075,0.37381268
0.23163903,-0.002387587,0.077157445,0.23264131,-0.01104191,-0.07472259,0.240336,0.03981739,0.22594205,-0.009507362,0.10874796,0.12024272,-0.057832513,0.15158169,0.35410455,0.16679567,0.3269803,0.17795052
0.1477614,0.15216929,-0.149062,-0.015330513,0.15701097,0.17556646,0.12179864,0.19700554,0.050049577,0.100214764,0.15219522,0.054131668,-0.07034866,0.09831254,0.028268596,0.038976766,0.087147385,-0.0025529182
0.19960584,-0.07169314,-0.014690995,0.043117568,-0.051707853,0.030731015,0.024027672,0.09722389,0.47528166,0.059951507,-0.005444275,0.20035446,0.18929283,-0.051440563,0.24769431,0.119921155,0.14290035,-0.14287429
0.1759345,0.23880489,0.027958762,0.057850845,0.28341544,0.15782283,0.31435084,0.22558145,0.17280854,0.0037855464,0.16776268,0.06631021,0.22671653,0.059858315,0.3144978,0.21403548,0.38255006,0.42160612
0.05914381,0.2090359,0.09683256,0.17704311,0.15422437,0.23959981,0.3137195,0.3598507,0.08264193,-0.029488029,-0.0027391058,0.034694195,0.43036678,-0.16078696,0.116723694,0.18880217,0.17713654,0.21235242
0.07344243,0.15491325,0.21918419,0.2995148,0.10969639,0.12744355,0.33329427,0.023441846,-0.10516063,-0.19110343,0.15546402,-0.15869895,0.39890718,-0.18010435,-0.0002358295,0.3525483,0.059273306,0.4012659
-0.07588881,-0.11526927,0.30853164,0.45480925,-0.10104577,0.119263455,0.109138474,-0.02305348,0.05598706,0.05519571,-0.034041286,0.03055813,0.32420108,0.16638969,-0.07820517,-0.15896833,-0.24552561,0.059298255
-0.010958647,-0.14483711,-0.07331905,-0.07141507,-0.11740011,0.052817617,0.40759468,0.24283668,-0.0065349904,0.075063206,0.071219936,-0.07069738,-0.04108205,0.09698331,0.38700747,0.10404871,0.30844218,0.22324103
0.003243152,0.2982983,-0.1677105,-0.15651667,0.25825393,0.27341506,0.1819543,0.520822,0.1279712,0.28653395,-0.097054996,0.34174407,-0.076761335,-0.14210092,0.25162277,-0.07554997,0.41432762,-0.07381332
-0.0008026678,0.08490141,-0.12123203,0.020816319,0.09765704,0.26932177,-0.0506805,0.2709238,0.13685542,0.21656102,-0.15272951,0.15575582,-0.20264839,0.057100646,0.006296169,-0.3483054,0.023711756,-0.37179172
0.30216718,0.26784515,0.23986226,0.05754733,0.26224202,0.26566625,0.1320562,0.3056809,0.30763835,0.13711292,-0.0661865,0.11516544,-0.030464437,0.3072865,0.013737785,-0.06925791,0.0167404,-0.09008071
-0.07779904,0.23658249,-0.009559259,0.073104024,0.0992073,0.33420497,0.14822695,0.35261875,0.19494568,0.17858657,-0.0056570508,0.36252528,-0.23078611,0.10241704,0.3047647,-0.13063493,0.43281126,-0.07404016
-0.016656192,0.3287297,-0.07017424,-0.1141016,0.3197576,0.29661727,0.29975802,0.5447688,0.19839936,0.23697007,-0.052125625,0.29731283,0.0050818226,-0.04649311,0.36910024,-0.031302854,0.502043,0.090606414
-0.10484466,-0.24260758,-0.41573626,0.020175692,-0.2853977,0.098547705,-0.028406933,-0.057632726,-0.0034392707,0.19664355,0.07109911,0.14611895,-0.2185799,-0.13061291,0.026791329,-0.02587921,0.07328674,-0.26529533
0.08555977,-0.03635963,-0.116697446,0.20952424,-0.08957383,0.058994066,0.18777564,0.18262297,-0.048379887,0.17369801,0.12445485,0.141366,-0.19842881,0.0030128607,0.25775278,0.09655884,0.24965604,-0.0015371079
0.036063213,0.14367165,-0.023355935,0.30631217,0.0791295,-0.021668933,0.226639,0.18025509,0.038908318,-0.03882338,-0.14426224,-0.110511795,0.33170015,-0.13941893,-0.016148522,0.12021029,-0.034706134,-0.09699738
0.092002444,0.3281476,-0.048156448,0.11805735,0.23048745,0.21391217,0.08756349,0.33656955,0.20936525,0.15079324,-0.11764244,0.12555163,0.013598552,0.0010357788,0.17110083,-0.07460404,0.18994018,-0.15563422
-0.09041679,0.055788852,-0.08143929,0.34729135,-0.038930178,-0.03802307,0.17577693,0.09693497,-0.02500705,-0.03049563,-0.06119733,-0.07347659,0.32411984,-0.21562707,-0.1260046,0.1267415,-0.08851191,-0.046193767
0.20352107,0.27218574,-0.11070006,-0.032134704,0.17238027,0.25657985,-0.11346269,0.13466907,0.24164991,0.1510315,0.045033842,0.18716666,-0.18867843,0.070463486,0.16731796,-0.018718252,0.1494276,-0.21033715
-0.091083586,0.25296533,0.20094633,0.024140906,0.162385,0.116935074,0.053900465,0.30967075,0.2849443,0.02957007,0.0009814161,0.14775118,0.16616747,-0.018944945,0.12674952,0.056108363,0.065845884,0.039802585
0.07464152,0.40782747,0.099352315,0.040684722,0.23683986,0.395128,0.07116388,0.44813284,0.19518009,0.1363463,-0.19784027,0.2490667,-0.059148625,0.06280599,0.11643867,-0.178651,0.22119755,-0.16249755
0.19584808,-0.048208546,-0.1893834,-0.08030371,-0.0013684072,0.23349324,0.016549904,0.055301234,-0.010307189,0.21357745,-0.09467693,0.067753494,-0.1521509,-0.12527652,0.02554211,-0.17390594,0.06073723,-0.27701107
0.22312362,0.088443905,-0.18840149,0.16720363,0.023761852,0.061107337,0.12931275,0.036469627,0.064419016,0.012979871,-0.12383522,-0.10401757,0.10831951,-0.035721995,-0.027939238,0.03412267,0.042755518,-0.16717367
0.009360248,0.060513657,-0.17297179,0.053327307,0.043774072,0.31901038,0.05710215,0.2111975,0.0896829,0.082629085,0.1417678,0.227251,-0.14323409,-0.21845461,0.25153336,0.11421594,0.42350674,-0.039431468
-0.06960192,0.33757257,0.07289368,-0.0563213,0.17480707,0.28673816,0.11027625,0.39265472,0.1994716,0.16050495,-0.057064045,0.32290214,-0.09723077,0.06269639,0.3068775,-0.09330422,0.38145947,0.032076247
-0.04997198,0.39586842,0.04029005,-0.043650478,0.31091684,0.37709385,0.15247396,0.2704457,0.30405545,0.22822775,0.039972086,0.3021193,-0.27676505,0.24750826,0.3666251,-0.03750231,0.33977306,-0.057806186
0.44677877,0.2925415,0.464556,0.0035146666,0.32333204,0.19873598,0.1560024,0.23255077,0.31487247,0.062288992,0.058570456,0.10210447,-0.094144136,0.49565196,0.37484866,0.08815755,0.2044417,0.21416101
-0.033837944,0.24238357,0.20411497,0.36842948,0.1551991,0.16265284,0.18778121,0.17552009,0.20827994,0.04546314,-0.042657323,0.10481468,0.26471034,0.06352097,0.033859253,-0.11470638,-0.018421669,0.00011447747
0.14610839,0.16235094,-0.03473121,-0.20197886,0.2039891,0.25758606,0.06466208,0.47917092,0.2222971,0.22624797,-0.15280816,0.18520206,-0.12446556,0.017637871,0.11329895,-0.23469746,0.21811633,-0.13036057
0.26892835,0.25146934,0.36121666,0.15659788,0.36575902,0.24626532,0.23124167,0.23432393,0.39999807,0.038534846,0.1940642,0.12065002,0.12733537,0.31903973,0.28329557,0.08817532,0.1810394,0.23155707
0.10706455,0.015271481,0.10616803,0.08385801,0.089916185,0.07915055,0.33362255,0.046967145,0.09699745,0.08018297,0.22534168,0.14196634,-0.10359381,0.17176272,0.39223194,0.123734206,0.45184696,0.411582
0.123897314,0.25767517,-0.14784339,-0.06070537,0.20472924,0.17273363,0.12143684,0.29130155,0.21606945,0.15222462,-0.016702093,0.12977093,-0.008488984,-0.102434844,0.1689721,0.07088355,0.22926107,-0.15962854
0.06873202,-0.044545952,0.21332696,0.32442915,-0.108343385,-0.13191427,0.3474412,0.06769462,0.032545127,-0.027577989,0.038179263,0.11297856,0.2267282,0.033274792,0.19658329,0.11613212,0.21535334,0.34522468
0.037069,0.010826349,-0.19999588,-0.105582654,0.02258109,0.20948407,-0.14803031,0.17880803,-0.053236343,0.23442566,-0.12478939,0.16377933,-0.20449854,-0.22261736,-0.06463821,-0.33647233,0.04161285,-0.2956944
0.11364652,-0.1626887,-0.28951377,-0.03682843,-0.19727072,0.14866352,-0.15888426,0.065803945,-0.11449095,0.19393621,0.03782675,0.24113709,-0.22604439,-0.19599013,-0.040606275,-0.26687872,0.06883934,-0.22403955
0.12155147,-0.02505881,-0.35115886,-0.19569887,-0.020230196,0.22057594,-0.06630248,0.23022121,-0.09016003,0.26734072,-0.0032315403,0.18817122,-0.24561396,-0.11782154,0.01667721,-0.30926222,0.15585239,-0.1532954
0.011769325,0.27397972,0.023393512,-0.12331748,0.20259036,0.33680308,0.023424499,0.34693027,0.1302588,0.13080546,-0.035472438,0.2361747,-0.2714846,0.13422932,0.12036433,-0.25910765,0.29159454,-0.01084621
0.090383336,0.26944926,-0.08911578,0.03919023,0.2615515,0.22755715,0.19378403,0.45981035,0.1983851,0.18206167,-0.11417471,0.2603547,-0.010748786,-0.10698608,0.17782173,-0.040835246,0.39555264,-0.07234748
-0.07767877,-0.23513795,0.08112158,0.023815356,-0.29485953,0.1300974,-0.07210307,-0.16560113,-0.1184289,0.09661287,-0.04137649,0.045463003,-0.24079555,0.24255231,-0.18173862,-0.23509632,-0.26088157,-0.18382995
0.4889493,0.31313226,0.38594264,-0.01425184,0.300021,0.25426528,0.046959795,0.33592796,0.19995794,0.13778205,-0.08380546,0.17824177,-0.0728639,0.24391502,0.12923047,-0.12964623,0.10830542,-0.022464285
0.079192705,0.18383275,-0.21875334,0.030228278,0.18111593,0.3339334,-0.005081479,0.15252188,0.11822264,0.23659858,-0.04025002,0.17776395,-0.25033408,0.11094388,0.12202985,-0.23583311,0.1368734,-0.29724997
0.12278109,-0.15267253,-0.21327823,-0.06031418,-0.17625454,0.000168195,-0.06848648,0.093635395,0.11288329,0.17219669,0.015843578,0.40040573,-0.17215939,-0.031009452,0.23866902,-0.06580324,0.35108858,-0.09336895
0.37625867,0.015991094,0.32256627,0.31961757,-0.029271014,-0.10242209,0.42754745,0.10762078,0.05719166,-0.14496168,-0.065331765,-0.15619054,0.46972352,-0.048501305,0.1505392,0.21213304,0.071652845,0.29006183
0.20927684,-0.011536647,-0.10039696,-0.032625344,0.02166604,0.13312739,-0.013724716,0.14962089,0.19886284,0.16985452,-0.12620011,0.117308415,-0.094063155,-0.036134735,0.09010546,-0.18140292,0.09816712,-0.28068012
0.022496348,0.25500187,-0.15564965,0.16888535,0.17013708,0.112464994,0.21676788,0.28834927,0.19783008,0.06660781,-0.07648388,0.07901558,0.36826253,-0.11079121,0.12388393,0.071606025,0.1605632,-0.02017214
0.06892,0.20483577,0.11317411,0.20958033,0.15591705,0.051189043,0.20174964,0.21193387,0.056881547,0.05870057,-0.11769669,0.04943606,0.034701567,-0.054190874,0.06515748,0.088731244,0.13004644,-0.13838723
-0.17706573,-0.12265907,-0.31283534,0.032293584,-0.16839333,0.022598898,-0.032391515,0.16697928,0.20695795,0.107800454,0.08383401,0.24484858,-0.29596132,-0.08700392,0.33433366,0.03426278,0.39346963,-0.17337345
0.080005705,0.14521533,0.014492698,0.24538517,0.11813684,0.008414982,0.29498386,0.24176532,0.12712416,0.02174963,0.008186479,0.17476806,0.3984632,-0.12734441,0.19658232,0.1520479,0.3287028,0.28271484
0.06642617,0.15346241,-0.073851556,-0.00072016194,0.09349857,0.16777632,-0.05012122,0.34337592,0.13456249,0.19519967,-0.123383775,0.36210465,-0.11531134,-0.060728006,0.1314897,-0.18453899,0.2635068,-0.17097999
0.38848594,-0.0433648,0.0372032,0.37267786,-0.062586606,0.11330997,0.26715153,0.017097667,-0.050751247,-0.022449661,0.0522815,-0.0863519,0.17850924,-0.1677847,-0.005253285,0.20583612,-0.010665883,-0.05050943
0.12674695,0.25487643,0.41882142,0.22092727,0.20633733,-0.0013653319,0.2767449,0.21297753,0.30311033,-0.12426372,-0.14514259,-0.059699632,0.4481755,0.14484921,0.11619583,-0.017540572,-0.033875722,0.16336489
0.19221547,0.12470819,0.064263076,0.2492873,0.04831439,0.040795214,0.2816192,0.19213645,0.170565,-0.12788825,-0.08592273,-0.07370013,0.4758832,-0.17465413,0.09325796,0.258543,0.12054912,0.1042532
0.27846783,0.39109504,0.23629895,-0.1979171,0.4460721,0.20856518,0.045609638,0.38794714,0.23700349,0.20300344,-0.08695785,0.12165353,-0.11543992,0.25872523,0.11219061,-0.2302374,0.08681553,0.098549396
0.23279765,-0.029202972,0.020874057,0.29410696,-0.030862495,0.16028984,0.034882184,-0.05261645,-0.05790008,0.16041838,-0.024614237,0.105021186,-0.2252746,0.1095268,0.07195267,-0.17742169,0.03224844,-0.14332242
0.065904,0.26841155,-0.05016332,-0.054214895,0.2143597,0.3865968,-0.0034727156,0.35632908,0.04563069,0.20972994,-0.17004934,0.23627886,-0.093015745,-0.23465994,0.07814723,-0.23469244,0.23230827,-0.20913954
0.33972636,0.21903008,0.14772323,0.26934463,0.22890958,0.18985859,0.35904232,0.1808422,0.32111472,-0.047044903,0.10355715,0.0132751325,0.39457884,-0.004305357,0.21047667,0.39440683,0.16827193,0.13620955
0.117719606,0.20477362,-0.17726587,-0.07400899,0.18910134,0.1935795,0.2989681,0.3591237,-0.015050735,0.10209523,0.011365813,-0.00012582261,-0.0018726797,-0.15197507,0.28123748,0.1212396,0.37733763,0.049594365
0.1736631,0.38199323,-0.0385923,0.028340362,0.40566686,0.08287647,0.16021174,0.40112624,0.34419274,0.13220097,-0.092970505,0.10468585,0.21212158,0.040134683,0.17740944,0.01799583,0.22008027,0.01732689
0.22728392,0.12159683,0.18854468,0.39365634,0.0995501,0.06886333,0.17039278,0.19403574,0.33043846,0.042235643,-0.09440048,0.087670356,0.31547529,0.17593819,0.04888559,-0.12477179,-0.06309038,-0.06816928
0.28018904,0.14051479,-0.22517556,0.21704836,0.099817686,-0.029609974,-0.029074961,0.21552517,0.19022295,0.20048746,-0.09640059,0.12612574,-0.047220193,-0.09066033,0.027812082,-0.0688019,0.08966042,-0.29534692
-0.110476434,-0.14446276,-0.20045349,-0.09965055,-0.21989813,-0.015258282,-0.1421825,-0.09888755,-0.0949918,0.2333386,0.07670672,0.34253287,-0.25232142,-0.044800352,-0.04434398,-0.26150787,-0.0056171645,-0.12831903
0.015199636,0.34059975,0.03909989,-0.06662967,0.29826346,0.32871845,0.20313281,0.5874937,0.12902795,0.25912404,-0.04375937,0.29565048,-0.15410036,0.09276139,0.195922,-0.12399672,0.34903318,0.11027144
0.27442354,0.23597223,0.18334678,0.05424677,0.2545233,0.19943044,0.17887864,0.14886376,0.27995995,0.04955042,0.010440158,0.07927171,-0.0803485,0.22999819,0.33094287,0.08887617,0.28734085,0.10117011
0.16149537,0.25831056,0.17443016,0.028394481,0.3419094,0.24172395,-0.088242754,0.17076184,0.009536539,0.20112596,0.061735652,0.21544069,-0.2527743,0.09957133,0.0008360981,-0.25028488,0.03932833,-0.01040093
0.33905685,0.29708177,0.35737276,0.111632094,0.25406927,0.10135895,0.27316877,0.09861295,0.16096374,-0.20272422,0.05063631,-0.1951171,0.4003086,0.12260769,0.0944839,0.3897875,-0.021482715,0.33220062
0.07134993,0.22129127,0.110492796,0.30172703,0.14640379,0.31854403,0.24693593,0.26568526,0.28658527,-0.0045020636,-0.09186171,0.11909741,0.18687649,0.13865367,0.14354546,0.12581122,0.17585859,-0.0793446
0.14427742,0.018598368,-0.24618143,-0.14284214,0.053433523,0.21430874,0.059847724,0.08745152,-0.055715144,0.1634621,0.23862454,0.23451076,-0.23339199,-0.081306554,0.07061401,0.053657576,0.23737353,-0.010012867
0.1462622,-0.073343985,-0.052225478,0.32469618,-0.12891886,-0.19383043,0.2551949,-0.09101552,0.040881816,-0.1710849,0.015161578,-0.28013223,0.33197305,0.045127474,0.0004430078,0.16040717,-0.12378949,0.11180181
0.048889052,0.3464308,-0.14891289,-0.046047963,0.26179892,0.28052056,0.14378761,0.41291624,0.18777205,0.17907423,-0.04206685,0.33591133,-0.009203827,-0.10563054,0.2514845,-0.0028363704,0.40290612,-0.08014336
0.20371829,0.283862,-0.028116692,-0.036564335,0.29606402,0.1635766,0.046648704,0.18235397,0.4159274,0.14471573,0.048334055,0.20817056,-0.17040548,0.16416937,0.25841337,0.12513039,0.29222968,-0.13778198
0.117638506,0.27642325,0.20192792,0.034281142,0.27609035,0.27425522,0.23196045,0.12375999,0.022319816,-0.03840784,0.25085264,0.07542291,-0.10119397,0.2088238,0.20136225,0.10672158,0.3205499,0.465268
0.10203959,-0.015249513,0.109229654,0.38092875,-0.10005156,-0.15394965,0.27800757,-0.026469693,0.25666118,-0.13277727,-0.032110866,-0.18032604,0.40863812,0.15040198,0.06626942,0.15236661,-0.122271456,0.1351713
0.2192516,0.2075544,0.14622462,0.13111657,0.18590935,0.2019426,0.031482864,0.22884737,0.2901435,0.075102255,-0.17665762,0.16079505,0.0031662057,-0.09009725,0.06706491,-0.15890035,0.13941385,-0.2064378
0.09634915,0.38127124,-0.0021645378,-0.071280986,0.35220844,0.30339825,0.20670018,0.28558525,0.30852747,0.09688266,0.035623536,0.22188061,0.12587139,0.037036374,0.21691948,0.15575275,0.29605207,-0.044074304
0.025434915,0.31594735,-0.16127247,-0.1417447,0.31588894,0.29933745,0.067819655,0.300475,0.3173774,0.2086004,0.070355736,0.19250233,-0.18032849,0.29812053,0.26178524,-0.13662034,0.20132752,-0.11095034
0.051303238,0.25639,-0.06905678,-0.011413823,0.17576441,0.24372831,0.1843502,0.39041382,0.21664931,0.18597257,-0.12005298,0.098052815,-0.1861379,0.000575054,0.23438369,0.019544989,0.262012,-0.22341785
-0.22094053,-0.36213818,-0.3887563,0.029809028,-0.42102247,-0.103627756,-0.16470665,-0.052518368,-0.13530645,0.14635138,0.0041696527,0.17346627,-0.23644374,-0.34480444,-0.049984634,-0.11815919,0.108126745,-0.22901759
0.0056314273,0.3422081,-0.07863882,-0.03217641,0.268085,0.2875338,0.33053958,0.44018525,0.12247637,0.23868209,-0.095770344,0.22600907,-0.05346216,-0.040221874,0.29875654,0.034489065,0.40787637,-0.054469794
0.16079001,0.25002813,0.061005913,-0.028557222,0.32327524,0.27411222,0.22323397,0.22950034,0.008645205,0.1298616,0.25603437,0.17662999,-0.18937272,0.012625793,0.16445532,0.015348649,0.35685217,0.30579567
0.123770796,0.19130082,-0.1106486,0.16671203,0.05843316,0.36714053,-0.14695606,0.15261546,0.0155623425,0.1816878,-0.05351069,0.19576192,-0.1942519,-0.15433764,-0.052562453,-0.16526859,0.0806552,-0.2911462
0.16246602,0.34281734,0.2977968,0.041672613,0.37392545,0.30755317,0.23024382,0.1976279,0.030210305,0.097426206,0.23206975,0.20877329,-0.18425229,0.13385133,0.24519923,0.08690449,0.39664578,0.42582685
0.26144493,0.3379241,0.05151104,0.24479297,0.23498887,0.22715715,0.27483293,0.32105994,0.18286633,0.08788094,-0.09678843,0.074307516,-0.005206047,0.049045797,0.23895308,0.084090814,0.25702807,-0.11663529
0.42872027,0.11222252,0.2504176,0.10088322,0.027356297,-0.09175603,0.06771912,0.025638254,0.3098031,-0.19282648,-0.017339028,-0.0891407,0.40776545,0.0021910546,0.035654914,0.19791073,-0.09676854,0.09700786
0.43306446,0.28226733,0.38829663,-0.014541485,0.25540823,0.26472607,0.103953734,0.2711227,0.18636206,0.06578109,-0.097162865,0.09279676,0.04088152,0.1912834,0.09148192,-0.14122617,0.033004828,-0.01289959
-0.05209749,-0.41578403,-0.08229443,0.0005674367,-0.3411321,-0.1800659,0.06703344,-0.39634603,-0.24901737,-0.17129391,0.3929575,-0.20444325,-0.13090241,-0.06653848,-0.14304496,0.21985207,-0.11688574,0.3100273
0.10111116,0.26045707,-0.18166354,0.046574973,0.23062854,0.21141806,0.13209696,0.3824889,0.3083333,0.1908786,-0.0052349716,0.2048374,-0.14127596,0.08624042,0.25557214,-0.08602882,0.3357525,-0.11784056
0.016747788,0.4328751,0.0675857,-0.089790866,0.3414908,0.4372149,0.21488583,0.4756711,0.19308123,0.22624741,-0.082022786,0.31764615,-0.012508897,0.033239216,0.28377393,-0.09486951,0.3312264,-0.02879399
0.00466031,0.077888064,-0.18444581,-0.16094795,0.03717207,0.34277415,0.1907166,0.4293266,0.122770675,0.28196907,-0.117246464,0.14612725,-0.098303854,0.09908034,0.12629148,-0.25196838,0.18231085,-0.14911753
0.17920518,0.19320817,0.092488125,0.20095399,0.14927268,0.15671194,0.36291885,0.42737415,0.104271814,0.12090784,-0.13416256,0.102334656,0.31116748,-0.13047448,0.12306149,0.061134547,0.17712504,0.039222024
0.020302422,-0.09551519,-0.33725768,0.06623809,-0.063068196,0.07817638,-0.26185358,-0.04895592,-0.10240262,0.097771935,-0.108670525,-0.0641481,-0.2159168,-0.2363007,-0.13312778,-0.31566408,-0.059552334,-0.27915663
0.08913029,0.19590026,-0.105012536,0.07124601,0.17381111,0.11613162,0.33291525,0.2197027,0.15417603,-0.031687185,-0.009583812,-0.099431865,0.32893404,0.05115661,0.14040676,0.16714117,0.15406422,0.09074467
0.28961623,0.16585587,0.22409391,0.31043544,0.19290334,0.22299023,0.27016738,0.17725211,0.2840464,-0.00043418666,-0.08406466,0.04197865,0.21145537,0.018160857,0.19385858,0.17016113,0.19015254,-0.0059076594
0.080782644,0.13305552,-0.0012533157,0.1893596,0.08236004,0.033477906,0.18367654,0.20847383,0.05364419,0.114586,-0.14465067,0.10914445,-0.03145728,-0.17488495,0.06664033,-4.6011468e-05,0.18659344,-0.19595571
0.16678992,0.14443731,-0.039282314,0.2058202,0.080608964,-0.0075136754,0.26876706,0.112817004,0.044710957,-0.085714564,-0.100680545,-0.18749222,0.24837758,-0.14918992,0.02629065,0.14613813,0.09197056,0.034142226
0.038936485,0.20997338,-0.17695187,-0.060772356,0.12752274,0.2044954,0.114077255,0.34161285,0.23771174,0.1875218,0.0020031678,0.33227736,-0.18672766,0.020303313,0.25878263,-0.03812842,0.40378958,-0.12820864
0.20258099,0.3846082,0.2673274,0.010596416,0.2910874,0.22607473,0.06277858,0.27509516,0.1387215,0.0395617,-0.14454585,0.049921427,-0.018017674,0.06009823,0.17736602,-0.10645853,0.109369345,-0.09637295
0.34044307,0.15674531,0.41892052,0.14741382,0.118748605,-0.07084263,0.24125221,0.16501282,0.20020513,-0.14516547,-0.111862995,-0.08050693,0.39545923,0.17110935,0.097323045,0.025885575,-0.058149412,0.15264408
-0.026940696,-0.15869784,-0.26543775,-0.15459955,-0.15285262,0.12859774,-0.18908872,-0.07340906,0.21802187,0.14583409,0.20185268,0.15071948,-0.14375013,-0.091397926,0.10701463,-0.10661341,0.053271163,-0.12070313
0.39768758,0.35383755,0.13239725,-0.15414041,0.27883363,0.2951424,0.33405042,0.33756894,0.14473593,0.032533184,0.005333372,0.074535534,0.09376179,0.010771209,0.32117924,0.26508343,0.3507902,0.11054247
0.014855029,-0.07273559,-0.19749302,0.045080893,-0.062141396,0.09177532,0.13384213,0.111255676,0.18660064,0.14619738,0.02210539,0.11371349,-0.22410518,0.14466488,0.1886734,0.12115254,0.2118637,-0.18779087
0.04586577,0.3310206,0.08400393,0.2520694,0.2441357,0.24389392,0.28396288,0.35574102,0.18497165,0.06765305,-0.17181183,0.14593425,0.28305292,-0.07453514,0.18289305,-0.003046536,0.25117543,-0.0011885217
0.16490841,0.40860546,-0.034658935,0.0861985,0.37204954,0.30365348,0.08022749,0.4655429,0.2833916,0.1904862,-0.103311315,0.20480582,0.10462338,-0.05342546,0.27326238,0.010238027,0.29216012,-0.1165867
0.10573368,-0.25874418,-0.15627733,-0.0049196277,-0.23769009,-0.074362226,-0.037464257,-0.099548146,0.06694191,-0.048228122,0.1276244,0.042335946,0.15704474,-0.07429254,-0.0011519454,0.14509675,-0.024320427,-0.010990693
0.10600038,0.39195806,0.27448732,0.2018908,0.2446931,0.42446744,0.25504178,0.22977728,0.3593149,0.058771353,-0.06000437,0.13057706,0.13822475,0.19685614,0.2968824,0.14590739,0.1629512,-0.048276216
-0.087961055,0.21759203,-0.13462079,-0.111227095,0.14494792,0.17905244,0.20165893,0.40450737,0.23777112,0.1202184,-0.004526845,0.14297564,-0.092899844,0.14073049,0.20582971,-0.0100878,0.2880662,0.04977615
-0.025129123,-0.35348502,-0.24480847,-0.3035602,-0.37545896,-0.056762837,-0.12469716,-0.07469175,-0.11248146,0.18586981,-0.032556202,0.085610524,-0.23451093,-0.045958024,0.040242497,-0.18386663,-0.07378499,-0.19361189
-0.021051534,0.16371077,-0.13027456,0.33383942,0.040603995,0.17208597,0.14302266,0.16852209,0.094695315,0.059546713,-0.0801065,0.16063733,-0.008250282,-0.11744881,0.12573871,0.062407576,0.29772204,-0.13843548
0.18376294,0.035893813,-0.23839712,0.033459786,0.020454992,0.20671843,0.10959333,0.07368536,0.1424672,0.12417465,0.13738719,0.28969675,-0.18022032,-0.01589151,0.2491989,0.083222255,0.44006574,-0.03650666
0.11038668,0.16943477,-0.16755089,0.17323306,0.14846139,0.21952316,0.22293168,0.3084334,0.24059832,0.15321997,-0.107517846,0.2224035,0.09661433,-0.079949275,0.26132512,0.00080296723,0.38006023,-0.08709396
-0.081328616,0.05644069,-0.13986461,0.1785861,-0.013008994,0.22479567,0.11108971,0.09959462,0.30646542,0.211896,0.037795905,0.35158253,-0.24678813,0.14758578,0.3018601,-0.05103984,0.35586688,-0.15427496
0.068325624,0.3857842,0.43507272,-0.0725462,0.322434,0.27721173,0.22578433,0.16919774,0.1973297,-0.14818932,0.08918907,-0.016427426,0.2396382,0.20830718,0.15935235,0.23414718,-0.00060758437,0.1778885
-0.027991347,-0.025407558,-0.23807746,-0.14838976,-0.076803416,0.15011495,0.15049139,0.24935667,0.1557948,0.093195066,0.04240706,0.002057748,-0.09493828,-0.030216102,0.35806847,0.25410473,0.32824168,-0.026420183
0.021163423,0.37224376,0.20349675,0.18164195,0.32721215,0.22483537,0.10420844,0.3111183,0.11682267,0.13985252,-0.063969836,0.13733488,-0.10297111,0.21235661,0.20956455,-0.1399025,0.09747009,-0.069258675
0.05842281,0.22657576,-0.038829833,-0.046290815,0.26438174,0.28560722,0.09693323,0.32940942,0.11802198,0.22689214,0.008338578,0.18031627,0.020018281,-0.00108191,0.058657914,-0.28441447,0.10915193,-0.013540739
0.42891213,0.4259041,0.3773201,0.19155921,0.35193878,0.3246044,0.2819581,0.10150789,0.2866217,-0.08946746,0.07087502,0.013224809,0.32005844,0.30314296,0.22695476,0.23076639,0.04136906,0.1465353
0.011669917,0.12741023,0.06999846,0.10681677,0.119124606,0.1892644,0.20096889,0.032148637,-0.054447766,0.027731184,0.26106536,0.031192502,-0.17862529,0.20058365,0.15351737,0.036103796,0.2156686,0.356402
0.18943721,0.35173875,0.13007098,-0.019079486,0.31709522,0.30521077,0.2951355,0.4670045,0.21257472,0.16820721,-0.15331379,0.20720324,0.05707237,-0.068780854,0.23351923,-0.038464576,0.36201504,-0.0071583125
0.4000213,0.23310316,0.16419819,-0.045507386,0.16714627,0.36346364,-0.019956663,0.26794344,0.1787041,0.13940945,-0.091635495,0.13903701,-0.037275724,0.11036558,-0.030787844,-0.1609996,-0.034516618,-0.2286627
0.4346105,0.17644519,0.13918743,-0.028472727,0.13649291,0.067192,0.25468424,0.14615081,0.12560879,-0.1403848,0.038985103,-0.12014995,0.29858407,0.05928563,0.112335525,0.20869112,0.095771536,0.18964663
-0.17963511,0.04902363,0.16550341,0.24338081,-0.053351723,0.0923011,0.16550492,-0.021609884,0.05624979,-0.052251637,0.10274665,0.039983414,-0.021042496,0.29405013,0.011198876,-0.027237779,-0.0071865004,0.11130875
-0.06261478,0.09987383,-0.119861215,0.3601796,-0.021596665,0.119619474,0.09448467,0.10418759,0.1634213,0.019319074,-0.10255025,0.12244439,0.18731573,-0.15143538,-0.016672827,0.03155666,0.10739747,-0.18299575
-0.061215907,0.0998292,-0.05150891,-0.0594858,0.18662114,0.14487058,-0.08920629,0.09972204,-0.006621021,0.23542991,0.040254552,0.1623708,-0.22340465,0.0072506145,-0.033863224,-0.29610813,-0.028381802,-0.10864888
0.11957463,0.33861595,-0.027008738,-0.058877617,0.25524554,0.24338254,0.24666746,0.49406314,0.10571583,0.14213754,-0.13841695,0.143724,0.061029743,-0.2037737,0.2297448,0.11331321,0.3603251,-0.019099414
0.20627868,0.18007952,-0.03488966,0.26315737,0.18961985,0.13866374,0.087725505,0.2312381,0.30812952,0.077994026,0.12634288,0.2306705,0.12428582,-0.11757234,0.30245915,0.20176797,0.305075,-0.0016414193
0.09776527,-0.17046267,-0.3827866,0.022088306,-0.20141569,-0.01271655,-0.17540468,0.036743008,0.09093985,0.27533448,-0.030023877,0.18364376,-0.25552028,-0.11718887,0.028608887,-0.32600397,0.058531426,-0.31233403
0.36457366,-0.23645088,-0.002128216,0.2956769,-0.18223971,0.087357625,0.19875076,0.038725063,0.07547276,0.13232109,0.027828056,0.0969953,-0.089599244,0.05051069,0.17528954,-0.04242697,0.1395627,-0.08755833
0.030378148,0.26801684,0.025346152,0.12716767,0.15419939,0.39628363,0.057915106,0.1603873,0.14033803,0.2434679,0.030564718,0.45944077,-0.25534767,0.03753368,0.22731829,-0.099259585,0.35240597,-0.11877797
0.17789257,0.25174186,0.084791996,0.08943319,0.19203833,0.3541596,0.052637998,0.2617939,0.35880333,0.15698463,-0.057916082,0.29377353,-0.09357749,0.027268127,0.26070184,-0.08404422,0.32613993,-0.11186558
0.0483227,0.4747042,0.24073926,-0.22119427,0.42462415,0.46658555,0.17802742,0.3524991,0.2346226,0.12776022,-0.03334987,0.17295164,-0.11695491,0.3528127,0.33467102,-0.07195474,0.25081939,0.04703696
-0.115151085,-0.113869116,-0.13084936,-0.1126741,-0.0741649,-0.009092551,-0.29924026,0.026730647,-0.05440217,0.17151326,0.009993706,0.2052931,-0.18279958,-0.21870859,-0.25795898,-0.27699125,-0.18413651,-0.24568126
0.037057422,0.23108433,0.21838185,0.40173757,0.17614046,0.077967085,0.25091892,0.21854462,0.43328643,-0.013756231,-0.11241791,0.06009921,0.46884048,0.05220653,0.08428417,0.003871798,-0.015305113,0.011316193
-0.011235256,0.18637133,-0.18207185,-0.0915681,0.12700345,0.2616315,0.02205712,0.23379892,0.01125993,0.099610046,0.2161488,0.25078025,-0.1393534,-0.2080292,-0.020447442,0.050033785,0.22590393,0.03793215
-0.06199835,0.040324915,-0.29125935,-0.096009836,0.035057023,0.26654333,-0.061235078,0.20665854,0.054552343,0.16808802,0.15670854,0.3477878,-0.26980704,-0.14754084,0.087865435,-0.20256065,0.34450978,-0.15450709
0.119036995,0.30052477,0.14931037,-0.06915097,0.29160768,0.21580198,0.29179364,0.3373028,0.060804695,0.11469685,0.04609073,0.16878992,-0.07576352,0.0579252,0.3085404,-0.0099329,0.4228391,0.3161819
0.13079914,0.21688448,-0.08664946,-0.14736888,0.19012243,0.3778694,0.30647928,0.3903011,0.17070116,0.14705738,0.033268515,0.23448303,-0.085305676,0.051765293,0.29149088,0.01830777,0.4879408,0.10135037
-0.065951586,0.38443968,0.0015924794,-0.020901002,0.26975864,0.39335102,0.30369824,0.46415383,0.2655828,0.15239376,-0.11023213,0.19520219,0.12792729,0.02003751,0.3441042,0.10744366,0.3905797,-0.043891046
0.048643917,-0.10088379,0.054377377,0.24626532,-0.084610336,-0.02522841,0.30024886,-0.008858673,-0.08145751,0.10041736,0.24683803,0.10177338,-0.18473995,0.14964148,0.16159022,-0.018471766,0.24981642,0.3616137
-0.055735067,0.39209062,-0.10913016,-0.01441502,0.30946922,0.33984828,0.3272231,0.55561376,0.1611291,0.19558975,-0.033124045,0.18856734,0.031964608,-0.036291722,0.3580371,0.14511418,0.44676107,0.045704406
0.29216337,0.31689635,0.008834205,-0.029695574,0.35293883,0.20790029,-0.085791364,0.21461797,0.20837826,0.20648201,-0.12886605,0.121526174,-0.27712232,0.25698984,-0.017991684,-0.23616809,0.014064464,-0.23616908
0.04988312,0.26954913,-0.028688174,0.09505171,0.24248613,0.34946874,0.20662805,0.35398918,0.19604564,0.10259565,-0.04180643,0.19399148,0.20600942,-0.12231809,0.22691166,-0.031882815,0.30569053,0.013111118
0.23908168,0.2955995,0.44833264,0.31978154,0.3148832,0.26614398,0.31677002,0.1925591,0.3875807,-0.09290038,0.10357683,0.03526088,0.31673443,0.319229,0.20427893,0.14477584,0.08930795,0.2647357
-0.15992382,0.222042,-0.05391767,0.06317165,0.06545201,0.32262307,-0.08321446,0.18366179,0.36966622,0.15699016,0.0035932674,0.3486647,-0.21459019,0.0362612,0.11153935,-0.061925557,0.2090244,-0.29684326
0.35662887,-0.16861567,0.21405907,0.26589996,-0.1471808,-0.14990765,0.34038675,-0.03963396,-0.026677525,-0.15943648,0.067686334,-0.19605082,0.34287518,0.05684556,0.049545184,0.17148739,-0.048745364,0.362269
-0.064011656,0.12909076,-0.1743258,0.14024943,0.08466488,0.25893807,0.17733467,0.11106695,-0.12451844,0.08895721,0.1498377,0.042261403,-0.10100523,-0.17900327,0.023592412,0.28833213,0.1696496,-0.052001934
0.07926892,0.33898962,0.18125793,0.17701009,0.25928262,0.18278648,0.21496123,0.23895158,0.10765874,0.13400126,0.08101961,0.15942898,-0.19137117,0.028642038,0.28314722,0.16975182,0.36630595,0.13718799
0.10610503,0.093176104,-0.036228262,0.15199977,0.010421263,0.18107927,0.33331373,0.23778087,0.0693285,0.04454226,-0.057548225,0.039556928,-0.06350882,0.045896783,0.15948085,0.117263295,0.24608877,-0.07658444
0.15923426,0.07315419,-0.07227753,0.1260988,0.02962112,0.25207272,0.09936209,0.29005304,0.2842837,0.14455894,-0.11941543,0.19310433,-0.08608192,-0.048279528,0.24233893,-0.008500695,0.33314943,-0.20872697
-0.025098523,0.28086805,-0.1851838,-0.0818647,0.25689042,0.18911082,0.12055534,0.4862666,0.14899755,0.24485037,-0.16567253,0.27085572,-0.09298421,-0.13936314,0.15563801,-0.20087701,0.3427618,-0.17447233
0.45280915,0.2394941,0.28181094,0.24212378,0.16944009,0.08870935,0.17588723,0.07366416,0.30646366,-0.14373505,-0.08569384,-0.14290792,0.38983405,0.103210405,0.029444737,0.11250682,-0.10668058,-0.00867039
-0.06720825,0.19824432,-0.26260775,-0.04147532,0.18271597,0.28134802,-0.12187965,0.15484083,0.10286329,0.23737556,0.009521665,0.3572553,-0.20980951,-0.2519596,0.1223281,-0.20083663,0.2764874,-0.23518778
0.11764593,0.1520965,-0.19011493,0.11955484,0.08492859,0.22674966,0.12694082,0.28038794,0.09680856,0.21236682,0.020787355,0.35893446,-0.20731881,0.04110638,0.24402767,-0.06334733,0.44930524,-0.03911792
0.020197554,-0.0023293765,-0.065687746,0.18160036,-0.10894413,0.15172535,0.026436426,0.08215542,0.18659663,0.13878699,0.05968666,0.17169417,-0.2181057,0.20471454,0.18345208,-0.04309222,0.10356155,-0.1454128
0.03920726,0.14825255,0.09452765,0.30265474,0.06323345,0.04429639,0.16780198,0.1016652,0.080040574,-0.12973636,0.0472536,-0.005067982,0.34324104,-0.049562708,0.067786165,0.17930993,0.117138535,0.23204345
0.07898351,0.29188928,-0.0007744718,-0.25950617,0.23284642,0.43833667,-0.0046220575,0.26999146,0.123366885,0.19988535,-0.020326817,0.16437414,-0.22075026,0.17584121,0.055024773,-0.2681802,0.045525815,-0.2016947
0.44476393,0.24633884,0.26229256,0.21604832,0.15126607,0.3006574,0.22350347,0.18305823,0.3142515,0.02669152,0.0014727805,0.07405397,0.024076076,0.09602585,0.21278569,0.2745219,0.14931744,-0.12014272
0.23019068,0.30332986,0.13020623,0.25355542,0.28948185,0.061911188,0.3304866,0.1591757,0.040538892,-0.13678837,0.062433578,-0.22120498,0.53090173,-0.13886122,0.00869935,0.3489235,-0.01991141,0.2538302
-0.06248756,0.004872582,-0.33727857,0.036238108,-0.026328184,0.19496076,-0.044322826,-0.0073577627,0.061205905,0.24302807,0.0039132764,0.22470659,-0.22385663,-0.019037237,0.018402845,-0.19336955,0.08014878,-0.23204845
0.03255757,-0.08032342,-0.19240353,-0.05399355,-0.13532066,0.043367073,-0.0401396,0.13491851,0.23311275,0.22874163,0.029542774,0.48876327,-0.15984818,-0.028301561,0.19291437,-0.06265926,0.3506842,-0.104913756
0.083188385,0.32724237,-0.06473572,0.039548926,0.32839388,0.30109602,0.15513259,0.38678294,0.09304893,0.2584738,-0.12996739,0.23363023,0.007546177,-0.07689385,0.19019644,-0.198026,0.2632444,-0.08739322
0.25323105,-0.31815064,0.052171927,0.13989362,-0.28367066,-0.015912034,0.3178917,-0.20034024,-0.05515734,-0.043211594,0.28407255,-0.09494078,-0.0479559,0.17122924,0.18602642,0.22040811,0.099686384,0.30648932
-0.14857766,0.031630054,-0.21353287,-0.10644926,0.023612909,0.27592745,0.13513248,0.33661884,0.14840499,0.20350823,-0.055600964,0.20854652,-0.18629181,-0.006119678,0.3439397,-0.17994249,0.36320698,-0.15200484
0.08624308,0.22292599,0.253485,0.31437927,0.10096721,0.095046684,0.20900854,0.2802061,0.2566526,-0.018694516,-0.14016217,0.056543633,0.44419923,0.09466943,0.14130636,-0.011490465,-0.015399953,0.06414889
0.17263664,-0.081479706,-0.23112859,-0.047477335,-0.07495929,0.18605225,0.1339708,0.048278864,-0.006131987,0.040531285,0.04424927,-0.044514276,-0.07870592,-0.16506606,0.1486932,0.17936748,0.19185142,-0.151025
-0.015628275,0.34479782,0.09745051,0.11759353,0.20894471,0.36397886,0.059109077,0.3787257,0.1593782,0.14405571,-0.19971362,0.21683435,-0.14383635,0.022302534,0.14591461,-0.22726433,0.24244016,-0.16406375
-0.011805849,-0.30320406,-0.07074429,0.24896395,-0.26522037,0.044170827,0.17969497,-0.0959634,-0.1266743,0.07551659,0.19206503,0.082922146,-0.13143486,0.028732724,0.037608914,-0.035096463,0.0477684,-0.04384635
0.30168533,-0.13372935,-0.21969302,0.0013777455,-0.13888866,0.060973417,0.12695162,0.10740675,-0.08879152,0.041086268,0.09188776,0.003437238,-0.17336586,-0.05061149,0.12060293,0.14816329,0.25356194,-0.014756454
0.39200026,0.3670668,0.1867863,0.18168923,0.31789675,0.13844804,0.27707276,0.26235864,0.221437,-0.13794897,0.014170479,-0.14094758,0.48796064,-0.12830222,0.13047162,0.43046623,0.072702974,0.11111523
-0.0800447,0.34558293,-0.08271512,0.0016975661,0.17909735,0.39187968,0.04983569,0.42231265,0.2805701,0.16929275,-0.07591434,0.28288746,-0.101228245,0.050981127,0.27295023,-0.10247545,0.3437262,-0.15631846
0.037746344,0.2181822,0.0042640828,-0.064300135,0.14177385,0.16697204,-0.07795452,0.13038628,0.20654245,0.16884492,-0.123546645,0.16148658,-0.18857665,0.22920437,0.025074724,-0.24370608,-0.011789283,-0.25598514
-0.09823004,-0.1060533,-0.22438072,0.058037475,-0.21624243,0.1399467,-0.23017052,0.09270251,0.11998856,0.18874767,-0.08254473,0.30573037,-0.20935756,-0.13916102,-0.030191813,-0.17556795,0.0798545,-0.34470776
0.23654829,-0.08830993,-0.08296868,0.34787732,-0.09529048,0.02053371,0.24067158,0.0068893535,0.23021309,-0.06847067,-0.046997182,-0.12808576,0.32880136,-0.048898757,0.022585696,0.20153448,-0.03318891,-0.08701805
0.07850231,-0.12035602,-0.20647758,0.07181604,-0.09195225,0.07185103,-0.11401835,0.049582984,0.14578748,0.23170826,0.09680794,0.2082078,-0.08968146,-0.10149051,-0.05199655,-0.20848298,-0.08374989,-0.18651274
0.1849362,0.3595386,-0.05442497,0.2122803,0.3441354,0.23479351,0.11442765,0.34808528,0.20326644,0.10126924,-0.11555108,0.178175,0.09923039,-0.12335078,0.15121,0.1892669,0.3041404,-0.11294032
0.36253196,-0.13970032,-0.01860797,-0.08451108,-0.059870508,-0.011726346,-0.08390401,-0.056998804,0.13783252,-0.030991549,0.1872657,-0.03602142,-0.06232968,0.058547094,-0.020375237,0.11663093,-0.037216257,-0.008132582
-0.0018551848,0.17491528,-0.3104204,-0.09458382,0.21302015,0.2758718,-0.09944071,0.29869708,0.13932239,0.28312498,-0.032584693,0.3472085,-0.20937903,-0.18587115,0.1748076,-0.27502376,0.32048517,-0.2334389
0.16182622,0.19968095,0.019796118,0.16575445,0.130209,0.2423949,0.027923033,0.26479524,0.18468218,0.14269578,-0.18018314,0.08947475,-0.0942722,0.17013094,0.036206756,-0.28225988,0.048032682,-0.19889382
-0.07377012,-0.1543121,-0.20787165,-0.11463167,-0.17017606,0.08869137,0.25610602,0.16181433,0.05510789,0.124521345,0.120261595,0.20960672,-0.22026566,0.061760075,0.38151544,0.035558306,0.4910931,0.12794429
-0.0012224745,0.31522042,0.021322455,-0.0285549,0.24488463,0.40463996,0.25219178,0.31449538,0.12579724,0.09440169,0.042723637,0.06321914,-0.09656054,-0.028456736,0.23108788,0.23332658,0.29278317,-0.08443792
0.15404543,0.19671018,0.25445014,0.14748773,0.1937532,0.18460909,0.41650462,0.028986651,0.07891689,-0.1184794,0.19702196,-0.13209938,0.044356227,0.21334329,0.24751973,0.30667472,0.20309073,0.37332433
-0.101332985,0.16567793,-0.048777573,-0.039092526,0.14975634,0.28307256,-0.07200034,0.09744373,0.029968264,0.14099997,0.0077408208,0.13048743,-0.19649898,-0.1714141,0.026289176,-0.13096341,0.091753006,-0.19778416
-0.0321161,0.32729727,0.20529076,0.102941275,0.15935662,0.32592118,0.05135151,0.2791991,0.244053,0.08570231,-0.11253723,0.28558385,-0.02663714,-0.021931091,0.15800792,-0.11907561,0.20711175,-0.14325991
0.1669406,0.39677006,0.37879556,0.03511096,0.3239556,0.31596622,0.13754639,0.34670317,0.27182993,0.00372726,-0.1045858,0.16343126,0.21334623,0.14120899,0.19648099,-0.07568194,0.19996329,0.20659304
0.25689524,0.23517172,-0.12873292,0.14919984,0.10868772,0.15098009,0.1515314,0.1586419,0.05596225,0.05313165,-0.084373996,-0.030145131,0.00845516,-0.0010938952,0.047270656,0.08108368,0.12440214,-0.14806525
-0.019102866,-0.27537784,-0.2568615,-0.34789747,-0.3095076,-0.08273715,-0.19297439,0.045956936,0.12645847,0.16485766,-0.04382976,0.15999398,-0.15758511,-0.06998866,0.15304847,-0.21973325,0.04863312,-0.19390042
0.45006144,0.35983038,0.29423246,-0.13537699,0.3511869,0.22075668,0.023246894,0.30260485,0.12662485,0.12634556,0.051840052,0.12798622,-0.13748181,0.17414597,0.11188754,-0.12649232,0.10833958,0.14208308
0.3331731,0.050356943,-0.11398882,0.3304233,-0.023318134,0.001787574,0.2517511,-0.022871027,0.05879861,-0.16546825,0.010608439,-0.19549742,0.42557618,-0.1560983,-0.03329561,0.23073323,-0.017695114,0.08617376
0.12970836,0.30181515,-0.12396982,0.13554749,0.28745455,0.35918385,-0.018784419,0.28883576,0.23679283,0.31246418,-0.0637992,0.22680616,-0.11596884,0.041312072,0.13002197,-0.15422356,0.14229608,-0.20093557
-0.10011196,-0.07914946,-0.19055107,-0.024851266,-0.12989655,0.24542439,-0.08913475,-0.057904176,-0.12481035,0.12060231,0.025124628,0.0020271754,-0.38315022,0.21176904,-0.2101039,-0.36559844,-0.1542382,-0.2617295
0.315125,-0.25054502,0.14522359,0.43165967,-0.24010184,-0.08529523,0.24960236,-0.109571934,-0.06450834,-0.09821754,0.14778283,-0.1349382,0.42479658,0.028568743,-0.017649397,0.25917834,-0.17863125,0.26152754
-0.08812505,0.06422785,-0.18951908,0.049569182,-0.031752244,0.21175446,0.18069111,0.28762758,0.015741887,0.1558021,0.018319722,0.1315208,-0.17552826,-0.053048648,0.18187019,0.120419,0.27206692,-0.1336962
-0.10396767,0.14727864,-0.11491585,-0.09943931,0.10022766,0.19088736,-0.106763005,0.27713546,0.009033416,0.25579995,-0.04218165,0.30556923,-0.20739615,-0.23998047,-0.05389214,-0.30646032,0.086902216,-0.2061997
0.08414374,0.36946005,-0.124311134,-0.15491027,0.34420145,0.331335,0.13043037,0.20503531,0.18946654,0.1321156,0.08330627,0.15730125,-0.104443,0.14673936,0.17166036,-0.025791205,0.19014111,-0.1423395
0.22126253,-0.21359302,-0.24312484,0.1693685,-0.23412457,-0.03873004,-0.023260985,-0.023660723,0.1982967,0.09543133,-0.011683809,0.09012231,0.030048605,-0.11261645,0.050688297,0.007608224,0.044700414,-0.21160696
0.0072293924,0.32247636,-0.09729043,0.014402983,0.23532829,0.28256974,0.17177275,0.4652729,0.07923123,0.15617478,-0.16264366,0.12260554,0.0155370105,-0.17185777,0.15929991,-0.008698138,0.2771492,-0.10311836
0.35617876,0.32297218,-0.0046560047,0.14969,0.20035069,0.3578037,0.15546116,0.2601247,0.1546054,0.072998576,-0.052896164,0.10935022,-0.045222215,0.0036115525,0.15687051,0.17895588,0.25356147,-0.17179096
0.13323149,0.31018874,-0.020239614,0.15681219,0.25871575,0.2552822,0.21719709,0.16818443,0.15284821,0.00048336526,0.08392172,-0.038796317,0.069860056,-0.05142739,0.09025335,0.32538298,0.1609301,-0.04886827
-0.008782854,0.36422724,0.22681458,0.14503214,0.2356109,0.38273945,0.12178445,0.34273523,0.28870243,0.10519757,-0.18337291,0.29651466,-0.12148848,0.099540874,0.2410724,-0.11903694,0.28721094,-0.20835713
-0.006084938,0.28273654,-0.13214548,-0.10634433,0.2725132,0.29219306,0.073741406,0.24428517,0.13377684,0.31493753,-0.04962912,0.20636272,-0.23611833,0.14654575,0.09588809,-0.21105304,0.10102804,-0.16642459
0.20614332,-0.06904762,-0.19367027,-0.027731873,-0.1646848,0.018651154,-0.09970953,0.07531227,-0.007675185,0.22185358,0.006218322,0.37607276,-0.21593073,-0.11590349,0.022424992,-0.2183308,0.19454384,-0.112733886
0.5020009,-0.16130075,0.03210555,0.027505144,-0.15037876,-0.014496313,0.16415578,-0.022593664,0.051644616,-0.12814404,0.11934893,-0.1853492,0.21132782,-0.069211796,0.073453784,0.33404735,-0.051313296,0.06985906
0.28009897,0.31510428,0.23181862,0.22332078,0.16540185,0.062451836,0.1890103,0.23206429,0.23388144,-0.06333743,-0.16865276,0.046809338,0.3545981,0.14429909,0.03501336,-0.022164045,0.00022828206,0.0038546706
0.14315143,0.20744221,-0.05937303,0.08360441,0.19500491,0.44930336,0.32512492,0.24667364,0.071734026,0.1126736,0.0071968837,0.05261883,0.026961016,-0.045797188,0.20487931,0.20425418,0.33994982,-0.046706438
0.07089637,0.23557514,-0.075753346,-0.09360704,0.24218813,0.28938973,0.12488811,0.4841693,0.2830382,0.14938453,-0.07273628,0.21215114,0.0024021673,-0.20404425,0.3098789,-0.008275278,0.4185355,-0.052789785
0.27653545,0.43004954,0.14478081,-0.21147563,0.4691734,0.1881381,0.20714878,0.47915193,0.32629728,0.11108925,0.0466033,0.107804544,0.029549496,0.024364453,0.34883118,0.11411522,0.32098216,0.13502067
0.114902824,0.10010349,0.32481074,0.39537168,0.09674008,0.1081889,0.2553386,0.18978426,0.26472658,0.091331564,-0.117587894,0.12973785,-0.0061783483,0.2354701,0.19859287,-0.10417157,0.09906552,-0.06996541
-0.0015171152,0.3421569,0.12443356,-0.099873036,0.28854895,0.33696735,0.43186224,0.48523474,0.14609279,0.18737441,-0.06038905,0.24226946,0.030370653,0.044885546,0.29661605,0.13219543,0.40259218,0.07708454
0.33103567,-0.093977645,0.3440519,0.20194875,-0.103903174,-0.0015427386,-0.050204188,-0.036041122,0.13090059,0.064858705,-0.0134751415,0.16133451,-0.15630361,0.16833413,-0.016041074,-0.21070969,-0.085604995,-0.05030557
0.09837404,0.104155555,-0.12796193,0.076795936,0.060398668,0.1589371,-0.12726392,0.26850483,0.14775473,0.19444671,-0.1275654,0.17103809,-0.103502125,-0.16752526,-0.07737371,-0.22759439,0.047213916,-0.32116926
0.35353637,0.13113932,0.3112043,0.22090101,0.13504222,0.15653767,0.03054983,0.19192445,0.17703918,0.17284992,-0.076476276,0.24127924,-0.14491813,0.19077015,0.07518968,-0.18001625,0.08256915,-0.05724013
0.3852716,0.13080075,0.2342471,0.42947677,0.10008533,0.04113317,0.23232177,0.07167417,0.29026306,-0.11695877,-0.122071736,-0.108424395,0.44731742,-0.03819543,-0.016874624,0.07810716,-0.10165971,-0.024168167
0.06440658,0.104787275,-0.077231124,0.10954963,0.07786274,0.12855434,0.029405892,0.21509477,0.31001014,0.11260286,-0.11110215,0.23751584,0.20934817,-0.11901576,0.044176824,-0.09003584,0.15251973,-0.19363989
0.10850716,-0.024447402,-0.11151905,0.03668977,-0.006703494,0.14963217,-0.064883396,0.09408805,0.07013512,0.17190658,-0.025913626,0.077456996,-0.14557391,-0.030581938,0.043383583,-0.17834648,0.05230155,-0.28134346
0.4699286,-0.20940441,-0.07328609,0.18173012,-0.18289833,-0.08376019,0.0375992,0.006294709,0.16405123,-0.013079566,0.055500526,-0.066615336,0.067478925,-0.15264039,0.119028755,0.34611923,0.045978528,-0.09012972
-0.025823615,-0.062313892,0.24608462,0.4073413,-0.059990715,0.19036305,0.28006423,-0.07304837,-0.018080194,-0.14559144,0.26696882,-0.039617125,0.35891193,-0.012701941,-0.012540446,0.27181527,0.005446468,0.42532837
0.32794017,0.30877677,0.4151413,0.45992362,0.21727614,0.056572028,0.22867511,0.19318691,0.2674205,-0.017254315,-0.18214908,0.006482612,0.41624773,0.19051963,0.098913684,-0.047747083,-0.05950505,0.058144093
0.016295724,0.28050056,-0.008165399,-0.12831303,0.2734038,0.34572893,0.21702377,0.52862597,0.2262494,0.29437846,-0.06478089,0.3477459,-0.1846736,0.09472829,0.21592468,-0.15690759,0.31038448,-0.08315466
-0.1303611,-0.17362666,-0.07898355,-0.07050012,-0.18945572,0.11942564,-0.26386887,0.13942266,0.06720723,0.16604117,-0.09948006,0.19203103,-0.32703665,0.011731866,-0.057128713,-0.37678427,-0.022906568,-0.34287304
0.37448946,0.12599044,0.25508046,0.14954418,0.21636544,0.14356464,-0.04831364,0.084957846,0.14039221,0.11586912,0.03784261,0.11562692,-0.13373834,0.089648336,-0.042998344,-0.10004009,0.010235882,-0.04111556
0.008047429,0.3543985,-0.077703886,-0.12310365,0.4261728,0.2370509,0.00879574,0.2002416,-0.040111955,0.24789295,-0.026065862,0.109693974,-0.26670778,0.097443625,0.1312013,-0.26123452,0.13488635,-0.089120895
0.092487924,0.12557134,0.019788787,0.052463386,0.16886511,0.14690077,0.13475955,0.33825326,0.17946574,0.22162622,0.06828825,0.16990969,-0.05162377,0.08672422,0.12881449,-0.18116951,0.1060157,-0.0057488144
0.029766206,0.08777264,-0.22902653,0.20860362,0.037900206,0.087672114,0.16801476,0.25032642,0.09747687,0.2018219,0.03748102,0.29962242,-0.1673763,-0.0039783763,0.23485047,0.033642486,0.3980724,-0.03934284
0.037037015,0.211173,-0.1302791,0.1027179,0.16955346,0.30939358,0.2103291,0.41608778,0.2121385,0.24758245,-0.01749079,0.35361096,-0.1463868,-0.112823874,0.35680842,-0.0032832911,0.48198378,-0.12666854
0.17356727,0.12627964,0.22778627,0.12189336,0.14432484,0.33436686,0.10639505,0.12176758,0.1587087,-0.006278883,0.20871022,0.16506803,-0.08406599,0.015445103,-0.035960607,0.10012442,0.15187955,0.06435078
-0.04460362,-0.41975576,-0.33838233,-0.1546295,-0.44842267,-0.04848316,-0.19290592,-0.12657046,0.028249433,0.042557944,0.00858095,0.10431816,-0.24437812,-0.07609846,0.017766567,-0.13710038,0.02158467,-0.2912302
-0.042191364,0.13083439,-0.21197768,-0.02906565,0.19187903,0.028256476,-0.06316727,0.10924645,0.3973297,0.18759951,0.048831016,0.26629615,-0.21112166,-0.02887664,0.28247195,-0.022961996,0.3038962,-0.23083538
0.01937436,0.20094669,-0.13106184,0.019070748,0.16767155,0.29265413,0.17968708,0.49411148,0.35091925,0.28078437,-0.075396925,0.30212227,-0.14379019,0.10462455,0.34927708,-0.07427399,0.42968634,-0.10388003
0.014058235,0.16691071,-0.20371857,-0.1441958,0.097221866,0.32290354,0.100571424,0.48192453,0.06866909,0.19561194,-0.11132164,0.24415383,-0.06773971,-0.14512219,0.046113633,-0.022968272,0.28787127,-0.17077325
0.04866416,0.35196897,0.015813773,-0.033209383,0.17143056,0.16519272,-0.03292081,0.29233527,0.2207478,0.13928363,-0.121312015,0.35030136,-0.11937903,-0.004679581,0.0954756,-0.09297372,0.23348853,-0.14838174
0.19758874,0.3305071,0.06092461,-0.05483664,0.23294106,0.39979452,0.13623567,0.46422666,0.24194309,0.1386989,-0.12729374,0.15735838,-0.05474198,0.005441362,0.23667963,-0.06846018,0.29366416,-0.09957582
0.09257467,-0.10204529,-0.13547787,0.15668625,-0.1294013,0.022406466,0.27243128,-0.036245152,-0.07308953,-0.04656281,0.124039024,-0.18170407,0.12633511,-0.09877041,0.055035945,0.36176628,-0.007859266,0.054068048
0.052129112,0.3619316,0.35730183,0.24350075,0.3148021,0.27269468,0.3361649,0.33596107,0.1196522,0.013074212,0.034735404,0.15304706,0.33050364,-0.028882623,0.23078066,0.13255468,0.26659578,0.36302787
0.34055045,0.28374007,-0.14591618,-0.08100933,0.27355134,0.28887448,0.040978864,0.31742528,0.048445746,0.24798775,-0.11329159,0.14574474,-0.10336766,-0.19375047,0.10675684,-0.10204862,0.2213479,-0.2212793
0.16369669,0.024322022,0.07082644,0.04098093,0.08007924,0.08107276,-0.08323833,0.058287732,0.041873176,0.0779519,-0.12810566,0.031990036,-0.12875712,0.098371886,-0.116495416,-0.23895806,-0.08254806,-0.25177285
-0.06582481,0.15334874,-0.15952331,-0.14729795,0.14057943,0.19622636,0.08654684,0.51048166,0.22543547,0.23677151,-0.13231254,0.1673401,-0.12766737,0.021730963,0.2005951,-0.31071216,0.23179848,-0.11406437
-0.056934074,0.1829467,-0.103479385,0.23895109,0.1120152,0.064050525,0.3241747,0.30255213,0.06651353,0.0073072123,-0.070452735,-0.10968481,0.4765792,-0.19272941,0.102347106,0.08367713,0.082902476,0.0877385
-0.020019853,0.13608539,0.115088165,0.076310046,0.10860917,0.15930252,-0.09220509,-0.06833731,0.031095918,0.047930934,-0.13941738,-0.045488533,-0.18550254,0.26879233,-0.17124471,-0.14525361,-0.22762135,-0.26505566
-0.026341388,-0.012129905,-0.024200367,0.053166643,0.02305163,0.159344,0.37861726,0.15600568,0.093655124,0.11525138,0.18299699,0.08993794,-0.09125255,0.13854064,0.37471345,0.09477387,0.44195867,0.3699274
0.020024462,0.3140235,-0.10217471,-0.13535595,0.30847913,0.32817006,-0.008768715,0.12832847,0.00059775356,0.16690484,-0.10006509,0.05664791,-0.18578354,0.03605184,0.0045462297,-0.2945761,0.022071121,-0.23233554
0.3870419,0.031365715,-0.2293336,0.013358768,0.00030246517,0.06054334,-0.07346028,0.112566635,-0.0038624597,0.15290648,0.105888516,-0.02782315,-0.16031566,0.08229436,0.014776751,0.059518684,-0.023154054,-0.0763498
0.28660497,0.15982816,0.13262615,0.3039454,0.18637435,0.29244447,0.27111867,0.1127643,0.28528214,0.012806419,0.01063064,0.034309216,0.17158386,0.028491752,0.22523212,0.25431922,0.18694755,-0.053446233
-0.051091347,0.31830359,0.030573376,-0.012068954,0.18776658,0.33175844,-0.056545578,0.25106114,0.18744907,0.09074505,0.044994384,0.2239925,-0.11268156,0.013543346,0.1710077,-0.011367461,0.164036,-0.14652261
-0.0022222083,-0.23931333,-0.25509083,0.11018275,-0.23846748,0.071192704,0.23074666,0.20243779,0.058446094,0.10224061,0.07332276,0.10236893,-0.0074359095,-0.15661144,0.19598462,0.116329655,0.28859502,-0.032651287
-0.074461065,0.13102187,-0.12624061,0.13478109,0.16963804,0.29114243,0.052266657,0.19997135,0.07940687,0.08761099,0.29392588,0.20841554,-0.11917117,-0.27539915,-0.014805301,0.17119417,0.26909015,0.033952694
0.33389992,0.2508877,0.10737285,0.28652483,0.12657225,0.00771621,0.19461033,0.0019439803,0.16042101,-0.13416073,-0.11067699,-0.19538558,0.38467768,0.057153307,-0.02037041,0.04599119,-0.1362612,-0.01922287
0.13864192,-0.27988625,-0.25171724,-0.1845369,-0.2982874,0.022732817,-0.22210114,-0.25428614,-0.20806368,0.10606004,-0.10549916,-0.05861242,-0.21489665,-0.017205393,-0.1873531,-0.2580459,-0.22675674,-0.21272203
0.2763553,0.24617283,0.07530771,0.19426247,0.23687842,0.026875434,0.34102732,0.12536907,0.08155393,-0.19731186,0.0956248,-0.21677284,0.4465098,-0.11625743,0.12849228,0.37358272,0.12742318,0.24775922
0.025730606,0.44166642,0.27969444,0.049640633,0.5208323,0.2777512,0.36776567,0.24172221,0.10070138,0.089576975,0.2586539,0.11464569,0.0318314,0.19682163,0.26036105,0.19111432,0.30404443,0.52289593
-0.035440676,0.32045817,0.09754956,-0.010250643,0.23367897,0.2570238,0.25550267,0.41528025,0.23182893,0.12331341,0.028860603,0.09722251,-0.09625621,0.1454269,0.23707879,0.1276398,0.20077512,-0.0271398
0.39690185,0.25787637,0.13485295,0.111414485,0.2078323,0.09461203,0.2862535,0.30301705,0.15552741,-0.051157963,-0.022833362,0.05145687,0.41417795,-0.21518455,0.1884897,0.2945994,0.30525506,0.20245925
0.22726966,0.3534068,0.10942227,0.058791257,0.334605,0.13791767,0.2428473,0.28249776,0.3913734,0.014423068,-0.060186885,0.11849719,0.41306195,0.09732671,0.2267652,0.069143206,0.19699718,0.13444674
0.117130235,-0.049664132,-0.30635846,-0.054224357,-0.05545479,0.11545203,-0.12949322,-0.064786285,-0.061897725,0.1640503,-0.12371642,-0.089567035,-0.24483295,0.018210208,-0.11021277,-0.2879564,-0.10878722,-0.2986523
0.21380045,0.21579926,-0.034330577,0.06358933,0.17766878,0.28010076,0.029208355,0.2933513,0.12733534,0.19711293,-0.1461649,0.19704807,-0.065472245,-0.09899138,0.09620914,-0.20012495,0.19557413,-0.23536928
0.120861344,0.35048145,0.05311619,-0.019148966,0.38846993,0.24680509,0.05338001,0.3629853,0.31629264,0.13419235,0.0010881796,0.18342257,0.14016792,0.08344418,0.13418311,-0.19898096,0.12957057,-0.05149988
0.21781087,0.24492401,0.15470262,-0.04760099,0.3050043,0.19397034,0.2429404,0.31580222,0.024448244,0.10047354,0.12338052,0.15374818,-0.10142335,-0.00078718737,0.23098198,0.077913195,0.39635184,0.36078775
0.121193856,-0.05953093,0.08118653,0.048654288,0.0069660093,0.15745401,0.35877404,0.15414013,-0.052264653,0.110107556,0.16685207,0.01521802,-0.09505136,0.2839548,0.20712909,-0.017825963,0.21609798,0.3243434
0.24429542,-0.021189824,-0.1776519,-0.118176326,-0.017280292,-0.016676525,0.29152,0.24816515,0.14878866,0.036342043,0.06561062,-0.049617868,0.05424318,0.037930146,0.35234022,0.19700861,0.2934711,0.08142604
0.37896413,0.2647808,0.31950223,0.04047303,0.1607452,0.3222156,0.14934404,0.2760232,0.12296231,0.12109133,-0.077324644,0.2133365,-0.17261541,0.31056947,0.1252447,-0.18478282,0.15034434,-0.05351439
-0.110779546,0.16867246,-0.18023908,0.018307118,0.124112256,0.33790767,0.031235367,0.14828679,0.276185,0.2142264,0.066364035,0.27690682,-0.33881405,0.16811919,0.25204116,-0.21284224,0.28461415,-0.26906887
0.1306577,0.23630172,-0.1126595,0.12058081,0.1536356,0.1625472,0.18556622,0.20433345,0.19800726,0.041355796,-0.034049768,0.119460166,0.25827667,-0.013549194,0.19493386,0.06373873,0.23888981,0.03827471
0.11396702,0.13674608,-0.10019362,-0.21320534,0.079384536,0.34220964,-0.15081686,0.2236238,0.017745726,0.21375169,-0.13986486,0.09901216,-0.24086949,0.014785651,-0.14864352,-0.33628953,-0.05354033,-0.25919175
0.19089457,0.39417058,0.27059036,0.033151105,0.37925118,0.35232526,0.05607167,0.26152885,0.3409482,0.065738425,-0.13380748,0.19321626,0.2907257,0.052334346,0.0036225626,-0.09507626,-0.021834318,-0.10994917
0.20272557,0.020988546,0.19511294,0.26708955,-0.009276948,-0.10949916,0.2844895,0.09993417,0.18807973,-0.15769365,0.02100006,-0.0051525724,0.47146374,0.047209144,0.10546115,0.13468295,0.05086244,0.26311582
0.035118885,0.076655835,-0.15200363,0.22946282,0.054528058,0.1888955,0.21288654,0.085479975,0.10893679,-0.021626381,0.054915443,-0.048599996,0.1830428,-0.014811753,0.11606437,0.30181068,0.15697463,-0.022151286
0.10753931,0.062243123,-0.016559005,0.0005693012,-0.005328213,0.23338246,0.08657102,0.36292803,0.10329788,0.24512023,-0.014647419,0.23717996,-0.079729944,-0.030498588,0.062173165,-0.13488892,0.14231417,-0.031249113
0.22137687,-0.2783767,0.0018304377,0.21195231,-0.2407454,-0.15965319,0.22974274,-0.11971148,0.10074362,-0.0797973,0.113196455,-0.1332008,-0.039766464,-0.01199156,0.30666244,0.25182137,0.16643439,0.115366966
0.004983497,-0.25949037,-0.2594275,0.0017559566,-0.27344012,-0.121319145,-0.27613482,-0.15100187,-0.20752566,0.21010235,-0.013429729,0.21070653,-0.23613754,-0.30221346,-0.13980804,-0.28594697,-0.06514955,-0.1869292
0.05080775,0.27271992,0.0019655721,0.26816356,0.20698127,0.16085204,0.3010195,0.18749964,0.1418409,-0.039877202,-0.12687626,-0.033043846,0.34348345,-0.15279192,0.07104124,0.13804038,0.12864026,-0.044478178
0.1087042,-0.26495412,-0.022422526,0.057316817,-0.18093729,-0.032773353,0.2312257,-0.11296354,0.034339026,-0.015175105,0.30426252,0.013170391,-0.16584456,0.19723868,0.30595595,0.18621492,0.27179116,0.23310068
0.011519378,0.27474695,0.0069043357,-0.015239537,0.13586992,0.37538314,0.1836777,0.24835539,0.31466058,0.16464363,0.05102875,0.33088353,-0.17732511,0.031443134,0.42980018,0.12084468,0.50031394,-0.037454195
0.15305443,0.13144693,-0.21462718,0.16758078,0.080727786,0.25342995,0.14134896,0.29601574,0.15727024,0.17658551,-0.05890926,0.21980266,-0.12668496,-0.20982213,0.22096725,0.04497385,0.37454754,-0.22941244
0.06327371,0.41993076,0.00594066,-0.042539164,0.2926673,0.38575876,-0.1016897,0.22525337,0.14880243,0.15487963,-0.0773363,0.22327021,-0.16626686,0.058422178,0.05906964,-0.19380058,0.059933268,-0.25508866
0.07828842,0.40882134,0.026663594,-0.20223168,0.34792253,0.3756953,0.19306745,0.43027827,0.28776658,0.23350766,-0.008571721,0.2586666,-0.14839157,0.2759273,0.32405585,-0.20393568,0.33044457,0.03818443
0.1898814,0.25837207,0.20563889,0.27874386,0.2622127,0.12080035,0.34863555,0.21075772,0.15612173,-0.075088605,-0.043961063,-0.085375436,0.41830564,-0.0373774,0.077994294,0.2815807,0.0946473,0.18388975
0.34882927,-0.057999298,-0.19438705,0.08596629,-0.028742606,0.06379626,0.13718799,0.11684579,-0.057064913,0.06418656,0.058199506,-0.02281249,-0.1090082,-0.29563394,0.08417328,0.31624666,0.18376309,-0.1311323
0.31204766,-0.04329516,-0.26787183,0.1366123,-0.09028895,0.031392187,-0.096267834,0.14485681,0.11083378,0.16767913,-0.149337,0.17082597,0.022895737,-0.218256,-0.03826059,-0.18062615,0.06801745,-0.29743135
-0.009789033,0.08371639,-0.09404783,-0.17127638,0.09356808,0.23587468,0.14182228,0.39208633,0.17227823,0.2625798,0.045733403,0.28538492,-0.19626468,0.0112173855,0.22404873,-0.22476956,0.31437454,0.0033068806
-0.033259947,-0.2702636,-0.27182007,0.061731674,-0.30251878,-0.035554748,-0.19658868,-0.17829391,0.044759084,0.12315144,-0.0830144,0.15276831,-0.24098048,-0.056652103,-0.17846991,-0.27749056,-0.1304524,-0.35114515
0.0065776347,0.2967112,0.11361983,0.113801405,0.13127942,0.16053571,0.15518084,0.22582358,0.29961437,-0.058118716,-0.07077944,0.08043958,0.3295082,0.1255961,0.092895105,0.11469561,0.06375501,-0.007828666
0.3390779,0.41998175,0.3198879,0.39834553,0.32432958,0.2332416,0.24195236,0.42187786,0.3173515,0.08757132,-0.14568657,0.18580037,0.34688085,-0.009097505,0.29176658,0.13201657,0.22680965,0.049773738
0.3591535,0.1405628,0.1960215,0.17181215,0.15688504,-0.1394314,0.21625307,0.1258379,0.27471828,-0.11301858,0.010276648,-0.11918022,0.5093327,-0.0006191991,0.06987386,0.12342958,-0.08879239,0.18103218
0.2326,0.23287039,-0.020824576,0.34973288,0.11900894,0.08041607,0.16411695,0.27492726,0.2839146,-0.0014587967,-0.13063073,0.08609615,0.4276576,-0.020273391,0.06641223,0.038781554,0.09659723,-0.004035106
-0.16081724,-0.3312791,-0.088326514,-0.15727666,-0.31525844,-0.08686147,-0.23652741,-0.10398214,-0.08935179,0.1325382,0.1832065,0.040168226,-0.18216985,0.06077779,-0.2756431,-0.18942472,-0.35441852,-0.017392209
-0.06485076,0.0998538,-0.2461999,-0.15137489,0.015304955,0.23405907,-0.14647025,0.23596023,-0.019377694,0.21555784,-0.051443167,0.15327582,-0.2591154,-0.08849251,-0.06320714,-0.41993302,0.07369212,-0.13207567
0.20384699,0.23865435,-0.2155247,0.06163526,0.30317295,0.20706195,-0.21255429,0.099719,0.18083112,0.22846186,0.057722144,0.25834054,-0.18374476,-0.043426454,0.06384194,-0.20806363,0.10527006,-0.24070144
0.44138485,-0.15723869,0.11209402,0.16322759,-0.13303335,-0.107572004,0.27923548,-0.07138255,-0.02579618,-0.12058846,0.14946368,-0.16453652,0.2592652,-0.03246251,0.07139589,0.31168002,-0.007315233,0.33370245
0.025129382,0.2562812,-0.22224978,-0.027623449,0.20636576,0.4152862,-0.06805092,0.16649845,0.1150874,0.25605816,0.025005994,0.34016126,-0.19905335,-0.049404517,0.14487061,-0.22246924,0.24482657,-0.2380061
0.124134056,0.0766839,-0.101219505,0.006297462,0.13289754,0.19446969,0.08570531,0.12184568,0.014529797,0.24666168,-0.034831166,0.19739884,-0.2549537,-0.11194234,0.15498102,-0.2515577,0.2300275,-0.16710511
0.13038686,0.37078667,-0.025471903,0.17078534,0.30578402,0.35392484,0.27145702,0.24711934,0.20194596,0.11819556,-0.02930712,0.07059747,0.22267751,-0.06722827,0.18338042,0.14857927,0.19348113,-0.059782967
0.2565757,0.30766597,0.051539488,0.28357545,0.15863249,0.067022294,0.24608858,0.07428265,0.23360284,-0.10411123,-0.04856708,-0.10594131,0.33690703,0.08133045,0.07000386,0.13991523,0.006194232,-0.010412382
0.30766088,0.5293939,0.37600988,-0.05620651,0.4414893,0.45378393,0.16519588,0.51388645,0.27735147,0.18550083,-0.086839244,0.2958511,0.014778073,0.21050787,0.29015693,-0.005024337,0.278049,0.10298603
0.073865466,0.18679811,-0.10452555,-0.008490747,0.11473924,0.14805943,0.043854747,0.3182282,0.31856558,0.11499499,-0.06423849,0.26627672,-0.09872056,0.09648911,0.13017766,-0.10058819,0.26592636,-0.19511172
0.14176333,0.25032791,-0.0694404,0.044261634,0.17975125,0.30503756,0.277066,0.24694164,0.08118528,0.13074484,0.026298631,0.12802373,-0.062089015,-0.044233117,0.2313734,0.27475536,0.2813739,-0.11069377
0.067468315,0.3911793,0.0029764907,-0.1614975,0.32261568,0.42969874,0.19109109,0.4417498,0.23505968,0.17446585,0.0045449,0.2698018,-0.13514838,-0.061576687,0.3731835,0.051541895,0.45503557,-0.02503815
0.016163953,-0.24611573,-0.028682172,0.16897073,-0.27002025,-0.03018851,-0.016020536,0.02929961,-0.12961957,0.26309097,-0.070356436,0.26528934,-0.18516299,-0.10260597,-0.0030661663,-0.24644165,0.009573129,-0.16361189
-0.0011835005,0.24957636,-0.069400355,-0.070543505,0.28838572,0.23830524,0.060602106,0.1871407,-0.004809553,0.2420151,-0.075360745,0.075721905,-0.16456252,0.10506764,0.0824478,-0.2311512,0.044828553,-0.14557612
-0.09316011,-0.13633832,-0.31290516,0.0026107728,-0.08260607,0.018518545,-0.16590632,-0.035238065,0.074600294,0.14423242,-0.14599735,0.23146084,-0.17096636,-0.2551693,-0.10893676,-0.1625558,0.10143568,-0.3715574
-0.091609746,0.018720912,-0.17618357,-0.16821417,-0.019081656,0.19250041,-0.050560884,0.17860031,0.0055386308,0.15513009,0.06274725,0.00063282344,-0.20882341,0.33288175,-0.06969221,-0.34124964,-0.12641186,-0.093284175
-0.040837824,0.25100753,-0.12919627,-0.22181794,0.21212915,0.26639074,-0.068952024,0.37344158,0.1617507,0.1638251,-0.13384241,0.31652373,-0.058057405,-0.097682595,0.042899296,-0.31271344,0.1801799,-0.21518272
0.4504674,0.012692753,0.36883444,0.45998156,-0.017894788,-0.14744258,0.29055244,-0.014332565,0.31727484,-0.1475926,0.06040428,0.00047383772,0.44762665,0.103209294,0.14412732,0.32209852,0.00409918,0.2660079
0.05615754,0.124037564,-0.12748677,0.048947364,0.02442972,0.2874326,0.31653354,0.32285887,0.19529009,0.055462316,0.08647233,0.11262271,0.037369005,0.027130561,0.3318759,0.13300842,0.38454485,0.05480822
0.23219806,0.17943749,0.12426896,0.10156707,0.23773128,0.1275363,0.2544262,0.1370655,0.18366346,0.005063836,0.12959683,0.04905536,-0.09192881,0.08367251,0.2953078,0.20515203,0.37350124,0.2051161
0.41977638,-0.009934776,-0.08908567,0.22006628,-0.009698031,0.13305493,0.028502513,0.1799599,0.19067904,0.2457669,0.119316034,0.258112,-0.0401108,-0.01691153,0.20401585,-0.028639354,0.159877,-0.060327966
0.12377821,0.123674914,-0.109849274,0.26462743,0.16036087,0.24237517,0.18990144,0.09072495,0.15143022,0.05102422,0.12354373,0.10829115,0.09315443,0.03046665,0.1552149,0.15073359,0.2373673,-0.013533045
0.02741113,0.37889224,0.09037889,0.004838089,0.29164058,0.34128398,0.2750764,0.5150826,0.14002135,0.17305198,-0.09864702,0.28367895,0.05405631,-0.037785683,0.27311876,-0.057365954,0.39249754,0.09577818
-0.0013085743,0.102750346,-0.17345247,0.2828672,0.070083395,0.12463836,0.25745767,0.39517415,0.17466527,0.21322319,0.01816194,0.121910095,0.051097244,-0.015051141,0.2335222,0.017584674,0.25712594,-0.069409385
0.139034,0.2949045,0.08779909,-0.052020174,0.30495057,0.33739072,0.09754264,0.28461462,0.14087543,0.11099018,0.19827855,0.28265935,-0.18485612,0.006037621,0.18692058,0.068326496,0.37509266,0.17943941
0.46064755,0.092088975,0.31411457,0.40667158,0.036528803,-0.019228278,0.21276696,0.04698252,0.36212742,-0.15550247,-0.020068547,-0.06402967,0.39543825,-0.050722245,0.15009382,0.3358557,0.035498038,0.113141425
-0.053570315,0.035896633,-0.26791894,-0.064820156,0.060243823,0.24064073,-0.060855404,0.21844769,0.09551017,0.21573317,0.024663555,0.21428627,-0.22656436,-0.19632615,0.14119974,-0.14715278,0.22358042,-0.24293853
0.3583396,0.10499525,-0.003833209,0.115914084,0.10044822,0.2091416,-0.0022733957,0.2599507,0.34915304,0.10945879,-0.07320461,0.22487943,0.1313768,-0.2092886,0.18910919,-0.04993733,0.23780015,-0.1962468
0.2370615,-0.18009686,-0.21053621,0.0749982,-0.1419709,-0.07676184,0.1840018,0.22189023,0.24122804,0.14875433,0.03403788,0.13503367,-0.14200401,0.03493873,0.33781826,-0.0067793666,0.35097808,-0.080851234
-0.007342911,-0.15038644,-0.0483827,-0.1842832,-0.21369475,0.065127805,-0.20975147,-0.16222692,0.051240265,0.0695998,-0.020329233,0.10519643,-0.33978915,0.23360053,-0.068995684,-0.12013194,-0.11576323,-0.34308636
-0.026366789,0.34830847,0.18227151,-0.03832796,0.25793797,0.37281814,0.06989016,0.4560334,0.16079539,0.23602173,-0.0808499,0.45506334,-0.09524071,-0.08337414,0.20632878,-0.13964249,0.31543463,-0.06004135
0.09117231,0.33837438,-0.089203894,-0.13923505,0.334343,0.50275517,0.06888714,0.37068212,0.2732736,0.19117866,-0.043355785,0.283022,-0.12065902,-0.026151251,0.31639248,-0.1500494,0.3945759,-0.1872084
0.022401612,-0.025390675,-0.14960012,0.009764615,-0.09881594,0.15386766,-0.12899253,0.16518545,0.112553485,0.17679083,-0.1864917,0.16902453,-0.20684096,-0.024927597,-0.059500907,-0.2824034,0.06445745,-0.33380365
0.07822886,0.05589602,-0.17310584,0.08562949,0.037701778,0.038515493,-0.09567326,0.31717592,0.19762589,0.20047289,-0.054853186,0.263631,-0.0028216876,-0.15613426,0.10467392,-0.18453416,0.15489435,-0.16151145
0.008112152,-0.3224059,-0.27556366,-0.17965527,-0.3516333,-0.047490094,-0.30570906,-0.27545047,-0.1618706,0.075611204,0.03904897,0.019819936,-0.3793974,-0.010114037,-0.15032297,-0.24021918,-0.16420019,-0.34355882
0.294696,0.28856242,0.10859688,0.21917428,0.18806624,0.050358158,0.27049,0.14804608,0.20303135,-0.06689238,-0.007694147,-0.109551504,0.3480127,0.26521096,0.12423754,0.20076078,0.03467823,0.19590314
-0.06336887,-0.084590465,-0.08970566,0.014198171,-0.14513628,0.06808418,-0.00932305,0.08798057,0.25272003,0.1960141,0.05397715,0.2265464,-0.21201226,0.13057086,0.15408507,-0.0036652368,0.08692564,-0.24509615
0.119026646,0.22768332,-0.13750431,0.0033445924,0.1522606,0.04944064,0.17595707,0.19920209,0.08678213,0.019271173,-0.07768877,-0.06017224,0.11545474,-0.030173905,0.053090323,0.07478334,0.09086328,-0.090576515
0.06326499,0.22337215,-0.15042606,-0.08761288,0.15038097,0.2622441,0.06354529,0.41192004,0.26019678,0.23026553,0.009919963,0.268018,-0.22514863,0.09400648,0.30156225,-0.019011598,0.36011195,-0.12246056
0.45812774,0.296502,0.529984,0.15034303,0.25747186,0.17473929,0.18966773,0.24369296,0.3947897,-0.01575723,-0.095378876,0.05010984,0.39495158,0.28698385,0.12647977,0.03316389,-0.07433216,0.11743182
-0.01905194,-0.30029818,-0.34297734,0.112934425,-0.27385944,-0.017120004,-0.078296825,-0.27677146,-0.18829449,0.17160872,0.05159451,0.018389225,-0.12975436,-0.16630721,-0.050559137,-0.18695614,-0.11806513,-0.13559692
-0.09877793,0.21701385,0.12263482,0.15124024,0.120751366,0.23142514,0.4109408,0.37832084,0.037070446,0.058932357,-0.050630033,0.12874356,0.11060418,-0.02381828,0.21044996,0.08156316,0.29366612,0.13862967
0.10357368,0.15942676,0.19964439,0.20722869,0.100509726,0.22097524,0.18858877,0.29335874,0.08406131,0.07414356,0.10851097,0.28863722,-0.029744573,-0.03945957,0.07579372,0.09738813,0.26347452,0.16286287
0.38432175,0.058397725,0.21991642,0.031244237,0.058043245,0.22830784,0.31234995,0.20696825,0.14279914,0.062677674,-0.042023726,0.017395642,-0.10757896,0.12941453,0.34404498,0.14849052,0.30682725,0.039517686
-0.019735979,-0.13203546,-0.26522437,0.23949012,-0.20826238,0.07246059,0.011508421,0.048585,0.08473368,0.18592086,0.02726234,0.30855596,-0.22094274,-0.08886403,0.15526746,-0.017536737,0.2743805,-0.23251861
0.32941532,-0.13848674,0.10926232,0.17572479,-0.10330461,-0.14252715,-0.07588924,-0.16827872,0.016310582,0.05395317,-0.09534029,0.0495642,-0.06652819,-0.055310883,-0.1131659,-0.14944172,-0.12637101,-0.161294
-0.020960841,0.31101194,0.24204412,0.18395272,0.16520454,0.38735744,0.23720469,0.21035722,0.18250313,0.1864888,-0.085173205,0.261277,-0.18069412,0.14643636,0.2892365,-0.09837073,0.2791878,-0.10936416
0.07603102,0.51598775,0.21824199,-0.064893864,0.5150013,0.32132745,0.304267,0.22495466,0.20523572,0.09207534,0.29473034,0.18845704,-0.10771924,0.27766013,0.32574424,0.23336866,0.41219264,0.44819617
0.06070873,0.32799804,-0.055629008,-0.0065743113,0.24110983,0.23926993,0.23447514,0.4586646,0.30648643,0.107306816,-0.11300412,0.16638571,0.14534692,0.054726273,0.23606104,0.043250956,0.3305266,-0.041337065
0.38039955,0.21962076,0.37244815,0.030180303,0.20262352,0.2831614,0.26923406,0.12277667,0.10301407,-0.12396738,0.07990371,-0.14016953,0.21114925,0.12064804,0.21293324,0.2731413,0.048141126,0.21184382
-0.01580165,-0.35824677,-0.2880344,-0.072419375,-0.3111013,0.0054910053,-0.013064809,-0.007572712,0.071617946,0.15453027,0.2014827,0.2353712,-0.27232718,-0.32886368,0.07597946,0.10562338,0.20362625,-0.18581948
0.018496651,0.39932734,0.05183242,-0.08370468,0.36223552,0.4185819,0.28027165,0.6235165,0.19205263,0.2446901,-0.041975908,0.35929623,-0.0449431,0.015010966,0.36679026,-0.020600751,0.51706487,0.09425673
0.45332974,0.16051102,0.123064026,-0.024619427,0.18595487,0.16663665,0.2991189,0.23728031,-0.055708606,0.08665354,0.15785447,0.0008412213,-0.125583,0.088577226,0.17990541,0.12944344,0.28901285,0.33835885
-0.018977424,-0.029612372,-0.31578356,-0.3246474,-0.021331653,-0.0035591163,0.08875223,0.31022805,0.043604635,0.20791322,0.09025225,0.056524597,-0.19887307,0.17669065,0.28538036,-0.20683515,0.2185793,0.073247485
0.017267633,0.20653142,-0.00846543,0.11710794,0.14860006,0.24148712,0.28905147,0.33597404,0.21458577,0.03764839,-0.07472728,0.16372,0.39262846,-0.13980174,0.099892005,0.094868675,0.23103985,0.025057815
0.46151847,0.2247034,0.4897943,0.42256904,0.2096796,0.07241465,0.22493458,0.09505479,0.33018833,-0.09882861,-0.081881434,-0.059223793,0.41809094,0.28110567,0.086202584,0.10682972,-0.12175271,0.10158567
0.04151407,0.382342,0.10297997,0.13833997,0.30972904,0.41254157,0.34953123,0.44563287,0.19898699,0.16474988,-0.15104797,0.23397732,0.18080014,-0.07689008,0.2587635,0.0465378,0.34817076,-0.023751624
-0.041257914,0.44721204,0.22076645,0.02362198,0.3687607,0.35830623,0.16344194,0.35298687,0.38619524,0.08712334,-0.1299871,0.25058165,0.26356387,0.17297585,0.18711248,-0.11939664,0.1738031,-0.035564564
0.09608133,0.42174828,-0.007082255,-0.08017919,0.35722595,0.37133214,0.122523405,0.43576872,0.33815384,0.25808367,-0.055990174,0.1087364,-0.03978622,0.14952922,0.24158014,0.067550965,0.15987526,-0.17076042
0.13110822,0.2837484,0.24809258,-0.050732844,0.30069473,0.31269053,0.30422226,0.2611918,0.049151167,0.062467378,0.08932349,0.08596486,-0.076177254,0.19130222,0.21027285,0.03820531,0.32665142,0.3861404
0.13681275,0.35862374,0.059143018,0.022431312,0.31839085,0.2376655,0.3036564,0.42101038,0.22979896,0.022375353,-0.09965456,0.02813936,0.3132236,-0.063390866,0.23017362,0.071911454,0.25268352,0.030612104
0.1726796,0.14569971,0.045666147,0.19940075,0.19200024,0.2707815,0.1416234,0.07176595,0.30696186,0.059677795,-0.029318333,0.08975454,0.004596107,-0.04401627,0.18529731,0.061580688,0.22053523,-0.17975527
0.07951948,0.32688135,-0.032911986,0.030444585,0.24229631,0.38474053,0.011785347,0.41415322,0.18231674,0.20864122,-0.10461117,0.27909338,0.014200912,-0.11366198,0.24634704,-0.12639488,0.28525263,-0.14351162
0.22104162,0.23200963,-0.103456244,0.24363041,0.15746816,0.07685654,0.11478689,0.29863244,0.29445735,0.048736602,-0.113259554,0.015526694,0.37748605,-0.22927444,0.14044683,0.07321918,0.11320424,-0.12161441
0.11196525,0.30801952,0.0081916265,0.07149907,0.3369031,0.43402755,0.20517284,0.2710356,0.25480938,0.19637883,-0.004919583,0.26114553,-0.13482165,0.07871633,0.35217404,0.03820774,0.44475734,-0.06245034
-0.021559332,0.347347,0.025297362,0.030557962,0.27625573,0.35427558,0.3326947,0.3745095,0.26733035,0.15591104,-0.021581147,0.31350857,0.079931274,0.09370844,0.31745857,0.10247814,0.40404743,0.035840333
-0.045811057,0.30830204,0.32703382,-0.066204965,0.29021472,0.24237598,0.11667836,0.20904976,0.29984906,0.03394036,-0.0121201435,0.1728414,-0.23621365,0.4300654,0.26148704,-0.14160101,0.16998109,-0.011466978
0.027829185,0.2087541,-0.022865055,0.35675043,0.13768923,0.16342834,0.30409998,0.16999695,0.16016251,-0.014254698,-0.09115046,-0.05687683,0.2905845,-0.1133047,0.15207538,0.16542459,0.14355463,-0.06282271
-0.119148426,-0.07068899,0.013540221,0.005789633,-0.031744383,0.09778681,0.086947896,-0.21684138,-0.041843005,-0.14976767,0.37049955,-0.13435423,-0.045917876,0.058196694,-0.063661695,0.2803166,-0.03213192,0.32262897
0.15672618,0.281807,-0.03306687,0.02005091,0.22333091,0.2696405,0.17648223,0.21697488,0.19453865,0.19505648,-0.025343576,0.10581096,-0.21000618,0.18685561,0.16812311,-0.11412765,0.16552961,-0.19107594
0.3049797,0.0994353,-0.0033494341,-0.024148665,0.099204004,0.15565392,-0.057226833,0.08058026,0.20897444,0.13403448,0.016567487,0.20939204,-0.18486056,0.031922035,0.09145194,-0.07752298,0.17948848,-0.16579127
0.45888984,0.02965871,0.16550535,0.15681644,0.012934106,0.07773258,0.31865555,0.051650092,0.03205602,-0.18120211,0.05913637,-0.25529996,0.42275977,-0.061753675,0.015122749,0.33694938,-0.047832303,0.21345171
-0.0004098413,-0.15692703,0.15167312,0.14226952,-0.090708815,0.1351144,0.16629836,-0.17377838,0.009386892,-0.056239083,0.40145373,0.04382348,-0.1793845,0.09767951,-0.019673834,0.19001,0.07310611,0.30807692
0.50642085,-0.036750942,0.047876332,0.074830435,-0.01480354,0.12240831,-0.010435479,0.18325166,0.25795197,0.035996743,0.046644844,0.14225376,-0.057691045,-0.12705943,0.09386408,0.14033148,0.21438971,-0.12171978
0.11553489,0.41747522,0.05547715,-0.0755143,0.39114407,0.34399876,0.24107516,0.38249707,0.43342704,0.15015894,-0.04098805,0.24072477,-0.005113152,0.22197166,0.3930385,0.05174964,0.39699185,-0.035009086
0.12587231,-0.110189885,-0.20974341,0.08088383,-0.055567205,0.12898378,0.052263573,0.09416853,0.052525897,0.2321325,0.2564818,0.43304095,-0.28480095,-0.17008257,0.15470637,0.019410595,0.4188882,0.009657686
0.38153583,-0.16237,-0.19532052,0.064374045,-0.16674012,0.0583197,0.09224547,-0.1038633,-0.037957873,0.03184867,0.17352009,-0.07643461,-0.18536997,0.014895111,0.11998507,0.23826033,0.12757349,-0.04176699
-0.0035687708,-0.37935454,-0.18382227,-0.011671176,-0.3127845,-0.042770177,0.21931401,-0.18765111,-0.17747575,-0.03552228,0.19980356,-0.090774834,-0.057818174,-0.10312332,0.09854962,0.2860268,0.080672815,0.11109611
0.28341213,0.23220676,0.4047168,0.32436794,0.17271662,0.097012624,0.3409927,0.2081247,0.2789363,-0.056311052,-0.1412563,-0.017977921,0.41214424,0.20034714,0.14318371,-0.054373868,-0.017436698,0.13367112
-0.02531485,-0.36256605,-0.011254727,0.14307228,-0.3721345,-0.091756195,-0.16554773,-0.26772335,-0.110462956,-0.02606681,0.16716707,-0.055945117,0.115283094,0.15024737,-0.1970789,-0.13645254,-0.3959335,0.011136845
0.14931062,0.048351537,0.003028491,-0.035528064,0.13498175,0.23010178,0.23656392,0.15896755,-0.041541122,0.073154464,0.23269597,-0.09788419,-0.119330525,0.3145348,0.09792007,-0.0041759256,0.11270019,0.3039961
0.17270547,0.21182428,0.23959842,-0.04610515,0.26641703,0.2613952,0.20833202,0.37199298,0.25473952,0.1570561,0.107263535,0.16785353,-0.0740761,0.08678281,0.304156,0.12798601,0.2961552,0.15186691
-0.08851428,-0.28467122,0.061943036,0.06013959,-0.19962859,0.033496726,0.18520826,-0.14288142,-0.18927142,-0.090781584,0.34416777,-0.00061533693,-0.11077163,-0.04562176,-0.06331321,0.15358624,0.09832096,0.4290658
0.13161576,0.439188,0.15621841,-0.012763791,0.3616607,0.33563298,0.16058087,0.40678117,0.1918326,0.17260396,-0.05494053,0.2685508,-0.039691705,0.05756911,0.354348,-0.07914767,0.33543307,-0.009535541
0.09266411,0.3010857,-0.122042246,-0.1487517,0.29083493,0.23348457,0.24514568,0.47324425,0.08513801,0.1855868,-0.010394214,0.08136373,0.07594169,-0.100972064,0.17054804,0.125525,0.22460851,0.019464884
-0.10938698,-0.17096576,-0.08793317,-0.09713714,-0.14767772,0.22279218,-0.08730841,0.093911074,-0.07780464,0.2610533,0.045333922,0.19916779,-0.2621933,-0.0885858,-0.03719558,-0.33784726,-0.0065730764,-0.17038584
0.014774404,0.34992635,0.17759305,0.03544231,0.35689193,0.33781183,0.11537326,0.2883882,0.2608736,0.15551335,0.015823694,0.23866525,-0.22869156,0.019047927,0.3329674,-0.08906552,0.34615302,-0.052937105
-0.056028254,0.40480962,0.14765617,-0.109571174,0.34920248,0.35665286,-0.08180827,0.08364656,0.10608707,0.067096025,-0.0051221973,0.09929211,-0.27922106,0.35445485,0.0026518665,-0.14659329,-0.055254377,-0.22743088
0.16045308,-0.18283355,0.25574446,0.2703427,-0.17648518,0.054784276,0.32634866,-0.08128208,-0.019668883,-0.06673655,0.14314409,-0.1093594,-0.024391316,0.25195083,0.2597449,0.20115069,0.06579979,0.22626436
0.05198416,0.049243942,-0.24696335,-0.017052934,0.013077185,0.13803324,0.14581364,0.21578594,0.17127132,0.26515967,0.04581087,0.21505415,-0.24294764,-0.08557357,0.32679608,0.05344457,0.35164395,-0.15847915
0.09717931,-0.15070076,-0.14406839,0.17281288,-0.12825182,0.07814035,0.04046346,0.016575903,0.1756601,0.16304374,0.009288741,0.18738678,-0.09864581,-0.039056316,0.13379797,-0.08482121,0.10372394,-0.23815528
-0.045403652,0.11047919,-0.15993775,-0.20304596,0.15118682,0.35700303,0.22720051,0.25068387,0.15351644,0.19941491,0.34417742,0.11120011,-0.2598218,0.31321567,0.40144372,0.038294137,0.36841398,0.18593982
0.09177883,0.16538653,-0.1710032,0.15551695,0.16458887,0.10543223,0.2274692,0.26671565,0.075850554,0.06063497,-0.0713001,0.0983913,0.18525997,-0.18457651,0.10110078,0.12958306,0.26294827,-0.028661618
0.018318372,0.22156014,-0.102555476,-0.023799645,0.101587564,0.19293071,0.20999655,0.42567477,0.23782545,0.13177553,-0.07730355,0.25904953,0.0009776177,0.009112906,0.23768333,-0.02115579,0.38393247,-0.0125204045
-0.017071338,0.3904872,0.04039114,0.03884408,0.24972382,0.27187765,0.24549209,0.40840966,0.25765058,0.19392842,-0.03347467,0.29650375,-0.15385485,0.18607421,0.48869276,0.028841725,0.49141222,-0.02246273
0.3650265,-0.037502676,-0.19637409,0.054298244,-0.063461006,0.07974976,0.019358607,0.09040957,0.057150368,0.16929585,-0.09582561,0.017682262,-0.09954736,0.06864728,-0.050199755,-0.22246155,-0.03821569,-0.21958616
0.029874861,0.32243794,0.19942695,-0.07026953,0.33059853,0.21230435,0.27785224,0.30848914,0.045862485,0.105424255,0.1400477,0.14332154,-0.13302228,0.23043504,0.12286945,-0.05961049,0.21546477,0.35683012
0.13343406,0.22469166,0.089383475,0.06704554,0.182302,0.18997478,0.30140916,0.3479728,0.13435236,0.14712441,-0.12316658,0.20824671,-0.046011336,0.02427056,0.19371344,-0.07075905,0.31206357,-0.005323601
0.19376013,0.16198123,-0.18808421,-0.09775862,0.19675887,0.1989013,0.054937262,0.20896725,0.24520412,0.06050179,0.22380686,0.05811535,-0.12633976,-0.06119693,0.15193337,0.15122542,0.2832203,0.05209087
-0.21308756,-0.06357064,-0.28562772,-0.060569145,-0.21535337,0.25322676,-0.06169244,0.22685555,0.1721423,0.1671088,0.05911954,0.35540977,-0.21907867,-0.17032664,0.15606448,-0.014834939,0.3224676,-0.21405567
0.3771817,0.3119613,0.39794856,0.078908175,0.17874032,0.23117146,0.1576674,0.21215087,0.3554122,-0.089543015,-0.11307185,0.041825432,0.19140536,0.13197364,0.2328548,0.097819604,0.116580874,-0.006479156
-0.055165537,0.1099236,-0.15735546,-0.28375953,0.20425975,0.2699318,-0.07285569,0.19996853,0.016631939,0.23067743,0.079937615,0.1727502,-0.34316593,0.16111016,0.03823138,-0.3943498,0.07895057,-0.16167055
0.029010924,0.11636086,0.08391472,0.062304206,0.15673988,0.17496544,0.3812086,0.11043957,-0.10650444,-0.027002236,0.2374777,-0.026242882,-0.09733579,0.07117199,0.18276781,0.22445787,0.32242215,0.4125062
0.19210006,0.27469468,-0.09469048,0.06316152,0.17236763,0.25457513,0.14841856,0.22909853,0.2468746,0.024746904,-0.059008867,0.08733096,0.16276284,-0.08932906,0.15033212,0.102314085,0.23441516,-0.12450679
-0.0034025128,-0.33554667,0.024967412,-0.07750686,-0.24498053,-0.04627735,0.14670877,-0.2782149,-0.14751947,-0.12634051,0.38381553,-0.115989186,-0.10512734,0.049543902,-0.009952895,0.2588648,0.025462136,0.37198597
-0.021569366,0.24185038,0.36161625,0.07869232,0.25640345,0.28257376,0.17453115,0.1572837,0.084846914,0.10836685,-0.05956934,0.08168325,-0.1583266,0.30610758,0.13727921,-0.12843168,0.05475361,0.0069567747
0.07605226,0.15052313,-0.18560342,0.10741721,0.16414806,0.214261,0.26221395,0.3099423,-0.014943479,0.2863655,-0.0815187,0.10158459,-0.0716958,0.028775796,0.1513128,-0.18714947,0.18727258,-0.15396631
-0.009530686,0.2546507,0.22440803,0.13272381,0.14441207,0.20209938,0.1437169,0.2624647,0.08827624,0.023496548,-0.13142306,0.056381717,-0.11560093,0.24133438,0.1796062,-0.082394615,0.15081856,-0.026274595
0.17821558,-0.20985487,-0.27050078,0.023627374,-0.17601107,0.010397072,0.15343657,0.16628532,-0.079111114,0.11568186,0.111290544,9.1277994e-05,-0.20966947,-0.12717056,0.17505062,-0.009856153,0.29538208,0.026680518
0.14072274,0.3042616,0.21999681,0.06356225,0.285322,0.38163555,0.20510037,0.2355783,0.27436396,0.14261454,-0.020449823,0.26495576,-0.08900352,0.21926147,0.21506211,-0.050067294,0.23705262,-0.0769452
0.16062999,0.12098298,-0.117611274,0.38758647,0.092816375,0.012389595,0.15514801,0.036550548,0.19455332,-0.0485034,-0.08986415,-0.053872116,0.30979073,-0.0793041,-0.018349634,0.011746166,0.025147755,-0.10315064
0.039473616,0.21330157,-0.012659282,0.12875247,0.16115022,0.114830375,0.15801777,0.27957058,0.022972072,0.047802135,-0.052293845,0.08681996,-0.0003567906,-0.21338126,0.044477418,0.0994695,0.21119961,-0.12157217
-0.052906264,0.16360207,-0.21884558,-0.0062381905,0.06702325,0.22558369,-0.10258271,0.18212888,0.15412948,0.2925755,0.075981304,0.37799454,-0.28006262,0.06149718,0.2451532,-0.13503271,0.21912059,-0.22944766
0.078173004,0.36349776,0.19430351,-0.096930176,0.361889,0.35737595,0.32100314,0.57428294,0.17498842,0.29888105,-0.09837186,0.30891088,0.111157164,0.1453462,0.2086946,-0.07484369,0.2482095,0.10403866
0.4291776,0.23731348,0.30982515,0.08319315,0.23874977,0.30987757,0.22180158,0.2641271,0.2292406,0.052684836,0.12433745,0.10556179,0.0884493,0.1210164,0.30639458,0.17683643,0.221823,0.15792917
0.5084553,0.22412178,0.42350584,0.22731401,0.16359171,0.13465594,0.19687127,0.15036824,0.3781756,-0.13616161,-0.06328852,0.02344966,0.3610152,0.17215993,0.10942948,0.15232861,0.004465198,0.03505402
-0.057957545,0.31693804,-0.09776947,-0.15590778,0.1857851,0.42310533,0.19315407,0.3926457,0.18465556,0.18636854,0.12556532,0.36499447,-0.19940966,0.098623306,0.32626075,-0.00012409454,0.47463858,0.016030816
0.12344657,0.20960423,-0.20405726,0.07628358,0.17813034,0.24755916,0.14702287,0.38073802,0.24860461,0.23925817,0.061921686,0.25146395,-0.112998694,0.082218006,0.19863921,-0.092003785,0.3234991,-0.029400686
-0.059781376,0.25422645,-0.068894036,-0.008287552,0.14183713,0.15411943,0.30556196,0.35549492,0.1288682,0.09096343,-0.029171241,0.19041765,-0.04986997,0.049336545,0.31576025,0.11885537,0.45462847,0.08851875
0.17991549,0.354669,0.31437296,0.11572105,0.2965739,0.32775882,0.16654459,0.4604993,0.30449057,0.07783599,-0.104176365,0.3134171,0.35749012,-0.033664428,0.19513445,0.034563605,0.26655865,0.13682584
-0.02563462,0.23434682,-0.1051743,-0.028058901,0.19193146,0.15450661,-0.03468744,0.16531141,0.25511125,0.19522378,0.05654194,0.074627355,-0.3686255,0.23074248,0.20522937,-0.104947194,0.12108946,-0.21707024
0.00065197423,0.26935142,-0.06323607,0.0437034,0.28320462,0.18240826,0.103988916,0.35075736,0.34307602,0.21335104,-0.037771843,0.17789577,0.12514162,0.0009596492,0.22891593,-0.11804105,0.17616782,-0.12034663
-0.18737158,-0.025810067,-0.37989914,-0.04765995,-0.0030421424,0.038586587,-0.15706149,-0.1678032,-0.09361121,0.17196,-0.007002661,0.023083862,-0.17935865,-0.14316204,-0.046189956,-0.20929067,-0.085253306,-0.2231408
0.1479573,0.27533138,-0.07487734,-0.02188837,0.2339606,0.19904676,-0.22288714,0.22150737,0.09378698,0.14966127,-0.09069667,0.3116576,-0.07029219,-0.25738502,-0.017214213,-0.19611204,0.13998824,-0.19407567
0.32206547,0.13549769,0.08547445,0.5232955,0.14557746,0.08136004,0.19603725,0.21387032,0.19299892,0.071926974,-0.12924507,0.0963777,0.3557685,-0.09628189,0.038791336,-0.061739877,0.021093493,-0.12429907
-0.019297738,0.32330105,0.041412953,0.040958386,0.22383858,0.28029245,0.22614434,0.37011713,0.3083701,0.19776744,0.019487003,0.41034108,-0.17391123,0.1403842,0.45988736,0.03398748,0.5504874,-0.0102293175
0.3130412,-0.029814709,0.15224408,0.083069965,0.0255671,0.11607436,0.33210605,0.15440328,0.2771573,-0.10764198,0.20695388,-0.023066446,0.303365,0.057338085,0.24681875,0.35589856,0.2136189,0.33926797
0.26612255,0.020939982,0.11533247,0.2554438,-0.052998085,-0.118422434,0.3431782,-0.018136308,0.007862737,-0.14865287,-0.01377104,-0.12305197,0.24872446,-0.07223244,0.13498387,0.17436996,0.17271096,0.27264088
0.046776667,0.25609025,0.109747104,-0.08161959,0.3594666,0.23610796,0.33684027,0.16661823,-0.03409116,0.054760866,0.28113794,0.03474445,-0.09243582,0.22739908,0.2468202,0.047402285,0.3219713,0.5055131
-0.004221784,-0.14420637,-0.37442803,-0.042730153,-0.1042888,0.06583035,-0.17734012,-0.16069737,0.14987504,0.11822937,0.07968685,0.1376976,-0.16566701,0.016257497,0.03521286,-0.25409514,0.03285083,-0.25158238
-0.2597735,-0.2911946,-0.38575098,-0.21878566,-0.32884765,-0.10555886,-0.40780568,-0.32783872,-0.20306419,0.024642952,0.03141783,-0.09436606,-0.21682522,-0.11898044,-0.265877,-0.33084434,-0.36612803,-0.26879326
0.3338275,-0.030907087,0.15344146,0.25552183,0.028044276,-0.04235372,-0.13391261,-0.00729479,0.30418617,0.041487932,-0.0073717316,0.15660791,-0.060300715,0.035424367,-0.028709363,-0.04650183,-0.008314655,-0.1728292
0.27504808,0.25794715,0.33105564,0.14402373,0.18013461,-0.060974047,0.2646193,0.2217021,0.26447043,-0.14022449,-0.14876986,-0.115730494,0.48324406,0.1658067,0.05593179,-0.0029335525,-0.062299725,0.18760355
0.399503,0.26029962,0.23606114,0.07699832,0.17307852,0.0064744824,0.105776355,0.1947057,0.1971358,-0.086948246,-0.13910426,-0.03521296,0.40609157,-0.041514114,0.010101208,0.07651909,-0.059598997,0.031464376
-0.004861623,-0.24194928,-0.36956757,-0.005562626,-0.22709413,-0.07922671,-0.2440289,-0.19529346,0.04288551,0.11820964,-0.02282079,0.18005843,-0.16253807,-0.24882965,-0.041718215,-0.22976854,-0.0005369922,-0.2601
0.029758409,0.39857906,0.04016852,0.09004396,0.28395534,0.35924587,0.09614831,0.23407137,0.26528382,0.21144658,-0.10400167,0.26717126,-0.2106807,0.18017136,0.23685437,-0.11055218,0.25599253,-0.19074191
-0.047313806,-0.29123154,-0.23872504,0.04741336,-0.30574426,0.117931604,-0.16495778,-0.030694997,0.22325912,0.13633704,-0.04412717,0.30846208,-0.22885132,-0.065700755,-0.06008239,-0.24310453,0.061212867,-0.33489698
-0.03869078,0.21546969,-0.2529114,-0.20360637,0.1590448,0.18498328,0.039945662,0.4553036,0.16994278,0.2629035,-0.02186313,0.36328724,-0.05297225,-0.16290718,0.2979287,-0.14679962,0.39362323,-0.031598665
0.32270783,0.36065662,0.23497924,0.2560004,0.3413121,0.123018995,0.19933125,0.31653744,0.3353444,0.014888026,0.025450852,0.18961108,0.41646895,-0.051842615,0.2318906,0.30317986,0.26016548,0.20659071
0.29201382,0.19457416,0.0024228785,0.3373652,0.11177221,0.07601325,0.29243577,0.12023929,0.07079601,-0.13129723,-0.06871559,-0.15945765,0.3970581,-0.12289945,0.023417927,0.24395081,0.05097459,0.03489711
0.124366425,0.23380557,0.04806611,-0.050436176,0.27247265,0.2643035,0.364614,0.19304308,0.017203623,0.07060991,0.17411998,0.023050893,-0.15023354,0.06365922,0.332431,0.13601017,0.442198,0.30912375
0.2742139,-0.2122795,-0.16078785,-0.08524336,-0.2210406,-0.18705562,-0.28897488,-0.12207189,0.06424569,0.16302146,0.102115765,0.13368027,-0.18527842,-0.068587705,-0.14440346,-0.16724998,-0.19691184,-0.12356981
0.14843774,0.23650242,0.14585023,0.193118,0.20502044,0.2753925,0.04653341,0.19797277,0.18390255,0.110553116,-0.0680217,0.13103037,-0.16511637,0.24008742,0.08070632,-0.16010594,0.07568011,-0.14698069
0.11413216,0.121901825,-0.026624171,0.38961327,0.07514776,0.16281533,0.27775124,0.118810266,0.12033073,-0.021298181,0.013980539,0.040689997,0.30551517,-0.17598712,0.13117644,0.32230437,0.16303232,-0.015036895
0.31462398,-0.13302623,-0.11986436,0.10523334,-0.11670063,0.09608023,-0.13351369,0.042151667,0.022359813,0.14039177,-0.03676358,0.137617,-0.22640637,-0.12492826,-0.11414195,-0.16423905,-0.015333297,-0.3502135
0.4248036,0.062381208,-0.15425108,0.096913755,0.09499626,0.2606504,0.031410165,0.19577262,0.23173743,0.22223583,0.033557013,0.15766975,-0.09492632,-0.10169723,0.1825859,-0.0832192,0.18735093,-0.20983231
0.20225352,0.20996365,-0.12089433,-0.10812743,0.25867406,0.1441431,-0.16080786,0.14394468,0.2468963,0.22608468,0.023960052,0.34032375,-0.21924075,0.0041180444,0.041288674,-0.18506417,0.0995525,-0.22935057
-0.108857036,0.3508669,0.18513077,0.02481634,0.20272206,0.42831054,0.07324701,0.36917776,0.27058154,0.16760783,-0.22633903,0.2995081,-0.19428203,0.16581233,0.20299631,-0.15869528,0.2947653,-0.22014973
0.14855912,0.33358282,0.038557574,0.11921562,0.2833321,0.41990834,0.031827614,0.16093384,0.13011798,0.18226458,-0.14927015,0.16706207,-0.15940544,0.11818645,0.047079552,-0.21988471,0.1065697,-0.23605275
-0.12869804,-0.07879412,-0.27454084,-0.072696544,-0.20278716,0.06961024,-0.25079948,0.08086267,0.09771978,0.17171125,-0.07856943,0.21070392,-0.2860441,-0.17485972,-0.084243566,-0.35006136,0.032031722,-0.29216534
0.18090887,-0.07541856,-0.06465976,-0.028446678,-0.052844875,-0.041564655,0.1926145,-0.025881901,0.1919766,-0.09846333,0.116598986,-0.1713948,0.312302,0.17182057,0.090958744,0.17928731,-0.07034974,0.10234164
0.33616805,0.1215764,0.3506336,0.1968282,0.23484845,0.15357888,0.22533448,0.03641512,0.21508369,-0.14620225,0.3280208,0.011102781,0.26666456,0.0009876452,0.053712323,0.36198518,0.1099802,0.4116094
-0.032289922,0.14780411,0.047584027,0.18058348,0.07532278,0.19427042,0.44162482,0.31001422,0.04405384,0.091214955,-0.0950802,0.11887872,0.0988944,-0.010764299,0.30483946,0.08167814,0.40886942,0.101565614
0.12202521,0.30523086,-0.005652547,0.20846048,0.26688236,0.10491191,0.18332732,0.25310585,0.3706414,0.020479891,-0.09004917,0.053560384,0.43330732,0.038862545,0.12255494,0.026492074,0.09067717,0.004179269
0.08822992,0.3271254,-0.09911525,0.07682799,0.27144656,0.30082753,0.19074813,0.48547515,0.15867731,0.22345719,-0.12681437,0.27237886,-0.052380554,-0.16847217,0.33999163,-0.020753847,0.46221453,-0.11262717
-0.015904933,0.27803466,0.0040574395,0.04330433,0.21516697,0.42307284,0.31140012,0.4407522,0.25711352,0.120463535,-0.080091596,0.19261494,0.16282052,-0.10929422,0.23813131,0.118283615,0.36616027,-0.015764557
0.28437805,0.037755102,-0.08326991,0.23191279,-0.0027644103,0.13131768,-0.019727293,0.2442279,0.057130754,0.1854519,-0.19079667,0.13078707,-0.09130503,-0.115684435,0.051728215,-0.22648513,0.090366066,-0.30396956
-0.014026538,0.22302072,0.17667854,0.0006286064,0.23008455,0.27224517,0.20278451,0.34743413,0.011171761,0.19226259,0.12972394,0.2392812,-0.17962417,0.10985184,0.13050932,-0.13679206,0.26918367,0.2815334
0.23846357,0.35481206,0.10761009,-0.075333595,0.33303237,0.26303536,0.32156193,0.42561114,0.14660954,0.100409836,0.05649554,0.1190818,0.047632687,0.0017058318,0.29953247,0.18297772,0.37234607,0.20754093
0.07811943,0.054293245,-0.29108548,-0.030184653,0.09976238,0.122029655,-0.24894267,0.014549672,-0.07403195,0.25113815,0.059304483,0.16462648,-0.30290684,-0.022359777,-0.12659717,-0.33660865,-0.047704905,-0.22768652
0.015287145,-0.032813426,-0.3974799,0.092024,-0.0070702136,0.094755486,-0.25112888,-0.10798062,-0.073824815,0.19600093,0.02464467,0.12910293,-0.3089174,-0.2008021,-0.14030457,-0.32604212,-0.015521688,-0.34846708
0.11104117,0.18232147,-0.041425776,0.056697518,0.22521833,0.30163863,0.21908115,0.09824265,-0.07244341,0.1393657,0.22746104,0.16054961,-0.21632499,-0.00964675,0.18135811,-0.036932364,0.35103944,0.19867173
0.06452414,0.3470987,0.00021250732,-0.08974532,0.25704804,0.27202892,0.20375073,0.56584764,0.20391005,0.24760509,-0.11871717,0.34453142,-0.059905827,-0.059621762,0.23348644,-0.10492012,0.4072019,0.0064492
0.1525132,-0.102790676,-0.0971096,-0.17476353,-0.105870694,0.10850547,-0.027205244,0.059008114,0.20819688,0.05714662,0.014591327,0.0009855302,-0.09416583,-0.018783318,0.077022694,0.041881897,0.025597408,-0.2289159
0.10987833,0.3660922,0.10902046,0.027862066,0.27568406,0.3631959,0.33050776,0.39228702,0.16435726,0.097140186,-0.108296305,0.12916988,-0.044856075,0.020353818,0.2885307,0.1870552,0.38649094,-0.008492535
0.06459563,0.33671016,-0.080059364,-0.10246174,0.21017364,0.30860978,0.28150705,0.4425003,0.18293662,0.19485949,-0.07004693,0.3183881,-0.087404616,-0.026071625,0.29799807,0.0022123288,0.47696996,0.0010429029
0.1294967,0.19512132,-0.084827855,0.0059477165,0.23782298,0.13970268,0.08299754,0.49284214,0.23137459,0.264646,-0.14371453,0.28264934,-0.11114388,-0.08873607,0.12911537,-0.1541748,0.2735563,-0.18037191
0.35703826,0.3620396,0.34299302,0.23868676,0.24069738,0.1282094,0.23370796,0.31221133,0.3249177,-0.07748353,-0.17890161,0.0537621,0.47711667,0.121485285,0.14589056,0.07898827,0.09063105,0.08516957
-0.11723217,0.051501263,-0.31632796,-0.18989876,0.10067566,0.2407613,-0.07305165,0.19690457,0.042259984,0.26268196,0.27392954,0.39023912,-0.29146045,-0.012010706,0.2184924,-0.21823475,0.32564193,0.03680096
0.040863074,0.2615204,-0.13378133,-0.020934336,0.20848271,0.28996462,0.34261662,0.37750846,0.12447904,0.15575913,-0.039240826,0.16753793,0.024878092,-0.12381351,0.26671535,0.17341913,0.40061188,-0.03701106
0.3477117,0.36637908,0.2613899,0.08041027,0.31593525,0.2274623,0.07482767,0.18848568,0.31033772,-0.06147373,0.004706051,-0.031400353,0.2658221,-0.0008534873,0.08491246,0.32085454,-0.014909623,0.003250558
0.36160547,-0.031333808,0.31818628,0.37825528,-0.0771652,-0.008766647,0.18253416,0.18179028,0.3806225,-0.013622523,-0.039927386,0.24687243,0.38014078,0.020555777,0.19121042,0.16460085,0.14427292,0.113726206
0.49980295,-0.014726533,0.14191842,0.12640396,-0.0024718884,-0.013627838,0.26277035,0.14297645,0.20821957,-0.12323845,0.03612176,-0.118839726,0.2966153,-0.056792982,0.21334152,0.35547417,0.10603914,0.117206
-0.011815076,0.33253014,0.008862003,0.1161231,0.20401293,0.37818003,-0.044240516,0.29788727,0.268266,0.18335591,-0.12984744,0.3752637,-0.06547378,-0.07973261,0.16242181,-0.09044786,0.25356165,-0.24083015
-0.22124025,0.09685834,-0.24876076,0.00857899,-0.080459565,0.24301541,-0.055665728,0.2885296,0.17933893,0.15244623,-0.12087496,0.31633502,-0.16314252,-0.15351488,0.07180404,-0.16813311,0.26911622,-0.31157812
0.33416465,0.30952337,0.1071344,-0.121018894,0.2256361,0.34562162,0.25894397,0.35655475,0.07092653,0.12201312,-0.0306295,0.12872823,-0.008542036,-0.003676644,0.21112782,0.12698466,0.28089318,-0.03143657
0.38558596,0.112463355,0.15076566,0.20503719,0.12441713,0.20384705,-0.029122015,0.033244144,0.2585306,-0.056151822,0.1403381,0.07709719,0.041750662,-0.036089286,-0.017407399,0.20170408,0.044840164,-0.06442553
0.48699135,0.0014064331,-0.049335957,0.03057335,-0.05089396,0.07557335,0.073107354,0.12608974,0.18629432,-0.060726803,0.025095869,-0.107713394,0.34314275,-0.15937054,0.042197615,0.28443816,-0.042928316,-0.066225424
0.038417604,0.1991999,-0.18275493,0.1495869,0.1367394,0.1475082,0.14328167,0.18032995,0.22221416,0.009035379,-0.038150415,0.041372474,0.22788268,-0.0653515,0.04594606,0.04623603,0.15691265,-0.07706075
0.022289257,0.053209394,-0.29439855,-0.08339609,0.052557852,0.25687072,-0.07793793,0.03461887,0.06819206,0.23471728,0.10867963,0.17122689,-0.33655372,-0.030365303,0.11234753,-0.24623412,0.14398235,-0.22699758
0.0881563,0.20549661,-0.1414297,-0.23645413,0.25434804,0.27625674,0.025390435,0.23900807,0.03572797,0.31124008,-0.12343359,0.15361089,-0.072121024,0.006568716,0.1331085,-0.20085776,0.14213026,-0.12582295
0.36000925,0.1926398,0.40484798,0.07644053,0.13771427,0.18384677,0.02147226,0.20770442,0.22022699,0.026987556,-0.081679605,0.10366729,-0.07260677,0.2591505,0.0694893,-0.12089063,0.025716731,-0.10242436
-0.06412389,0.2599849,-0.08332585,0.005357726,0.19107041,0.42577717,0.049101256,0.21602026,0.07499519,0.26893365,-0.006210083,0.2779473,-0.15208533,-0.038347885,0.1865662,-0.07655055,0.2390778,-0.16040829
-0.024531584,-0.25605026,0.054374065,0.1391397,-0.2321946,-0.092605814,0.20187438,-0.22302663,-0.11787293,-0.0691341,0.3173988,-0.021324046,-0.10635205,0.09728074,0.11546731,0.18113375,0.15894355,0.4377757
0.31856877,-0.15708077,-0.22621384,0.097779796,-0.1604591,-0.117430754,-0.01820288,0.07297835,0.0064674765,0.18362148,-0.11098262,0.03844526,-0.13295723,-0.03567993,0.0032771295,-0.17020781,-0.0058148988,-0.23927185
0.123434365,0.11746985,-0.1064318,0.22236869,0.06829907,0.028819859,0.16419822,0.13386616,0.25207168,-0.019115867,-0.09349862,-0.065014146,0.303473,0.019946158,0.0567585,-0.03953439,-0.006548084,-0.12721415
-0.11842272,0.05391718,0.15996283,0.22415647,-0.07846029,0.17410976,0.29167858,0.04498261,0.108056255,0.054329064,0.10458799,0.09029691,-0.21686232,0.36325073,0.26400256,0.046237014,0.18679965,0.015646614
0.08058456,0.26097,-0.1400452,-0.12621066,0.22425146,0.41285408,0.061798174,0.40938714,0.048159115,0.20784956,-0.1413423,0.17717528,-0.11404978,-0.12959701,0.108658664,-0.23624416,0.25931495,-0.18624267
-0.060291525,-0.04114026,-0.038533002,-0.10124335,0.021587655,0.081740215,-0.10820228,-0.06798391,-0.05698321,0.13526297,-0.012300855,0.10068071,-0.2555751,0.2218085,-0.07139298,-0.21967956,-0.1465458,-0.23570928
-0.059409074,-0.06536737,-0.10123956,-0.046315163,-0.07483092,0.101455316,0.029592896,0.03923398,-0.0044706184,0.1628868,-0.04234016,0.0040509277,-0.23769346,0.29294825,-0.05352483,-0.2910533,-0.15667614,-0.22753116
0.08366817,0.16741562,-0.15370867,0.15524957,0.079664305,0.0723256,0.096202016,0.064513534,0.13744609,-0.023428958,-0.08162096,-0.041856024,0.12022941,0.010144547,-0.011737505,0.031091351,0.04819324,-0.111416414
0.16441467,0.18684423,-0.13854438,-0.028137563,0.11560708,0.024887232,0.08406462,0.2309202,0.19173269,0.16358396,-0.063514754,0.08490783,-0.07207821,0.11560787,0.03420837,-0.1307528,0.06677855,-0.087518215
0.18634123,0.09966396,-0.0153780915,0.19344603,0.14639345,0.16017166,0.054510918,0.2109304,0.42224967,0.16580677,0.06183737,0.2052173,0.076802164,-0.066550955,0.240367,0.029290436,0.23174003,-0.069308564
0.3318867,0.41975743,0.0494093,0.005644976,0.36414906,0.22652084,0.2443757,0.34770912,0.17851391,0.12108357,-0.09662575,0.18719338,0.039773926,-0.04303495,0.32376868,0.03592275,0.43083954,0.030391848
0.34794295,0.28439713,0.019648943,0.29127383,0.22445801,0.3260386,0.25958014,0.3172201,0.10359165,0.17049769,-0.060609035,0.2791308,0.19036245,-0.14485714,0.17656578,0.05367907,0.2881379,-0.04457027
-0.0040796036,0.24309617,0.024604348,0.0999527,0.14574683,0.21966597,-0.017049506,0.17678896,0.116400376,0.24704944,-0.026704233,0.3043365,-0.19181627,-0.016533613,0.053322125,-0.18651025,0.104036495,-0.12913828
0.08476785,0.26931083,-0.1595543,-0.21520653,0.28679135,0.3484938,0.22329824,0.53774786,0.19843492,0.27980402,0.014927255,0.36088735,-0.05514551,-0.102632,0.26949328,0.024149619,0.4441151,-0.038200118
0.043850467,0.21915247,0.02618609,0.035774723,0.12751386,0.26429027,0.1769031,0.25971824,0.052991427,-0.0019288692,0.11009282,0.048432395,0.2643236,0.049061917,0.07139429,0.071284935,0.091572,0.16077854
0.10821382,0.3255359,-0.011495698,-0.0346109,0.3192094,0.269789,0.2067683,0.38998175,0.32641527,0.21611786,-0.067597255,0.31630874,-0.16119584,0.13314044,0.32886773,-0.1066967,0.397978,-0.14497823
0.4228667,-0.039131977,-0.17752346,-0.0651332,-0.082286656,0.09654021,0.019009924,0.18452033,0.03706576,0.241615,0.056169134,0.35391164,-0.22860643,0.010729162,0.19192737,-0.10510409,0.3313872,-0.045339383
0.020065278,-0.02616055,-0.1967048,-0.12277729,-0.0008077882,0.06257194,0.14875388,0.18209222,0.23734263,0.14961842,0.16103934,0.2539192,-0.08294213,0.085642576,0.25538924,0.0007187028,0.32972097,0.018030165
0.043172788,0.34019375,0.004083269,0.028472327,0.315857,0.34846717,0.08549011,0.33701348,0.0426494,0.34205213,-0.061936006,0.3467241,-0.091995455,-0.08060606,0.18286581,-0.14221138,0.24828461,-0.1000825
0.17454669,0.05159709,0.15669945,0.16153619,0.047799025,0.1573497,0.32309192,0.26342472,0.13934617,0.086520284,-0.03004457,0.015869947,0.08829272,0.006049997,0.22819129,0.1126001,0.20846468,0.06493828
0.24158926,0.0031826776,-0.30908942,-0.10907671,-0.04438746,0.14753461,-0.27275148,0.037882898,0.033956137,0.20322944,-0.05699137,0.166491,-0.20143498,-0.2237595,-0.1419306,-0.25181085,0.009533281,-0.26182914
0.22600758,0.40791738,0.16260104,-0.013837443,0.29921362,0.35883814,0.26364928,0.3394565,0.3279761,0.056696273,-0.08812784,0.1336047,0.14670308,0.1526328,0.25324303,0.07467066,0.24536473,-0.03143104
0.14407744,0.31036878,0.22187665,-0.027399283,0.2880399,0.36682087,0.17992693,0.22233672,0.09313099,0.15918592,0.21288061,0.26954746,-0.22584371,0.2221188,0.15157264,-0.11834036,0.29552045,0.27869523
0.11707729,-0.12639666,-0.17677623,0.22870263,-0.079575606,0.08194615,0.28438115,0.08084729,-0.02116701,0.008135074,0.082066536,-0.00851387,0.11161367,-0.08807552,0.13633916,0.23376045,0.22985417,0.0610357
0.19511923,0.19059014,0.32066104,-0.08108128,0.20140463,0.2975946,0.13223872,0.23634142,0.040932093,0.07555714,-0.0029736683,0.07331191,-0.12723196,0.26468006,0.03976202,-0.1912388,0.0858473,0.123737186
0.22552222,0.29245734,0.18021029,0.090316765,0.19956762,0.22258425,-0.0128839,0.296135,0.26689625,0.08282657,-0.20061344,0.24119622,-0.058083616,0.0022716285,0.09958705,-0.1786274,0.20805603,-0.1834926
0.26227367,-0.24917379,-0.05776523,-0.121387705,-0.22579242,-0.1064355,0.02940264,-0.110862434,0.022841653,-0.10774368,0.21251002,-0.124353364,0.013899702,-0.09816162,0.12973276,0.36372536,0.045764748,0.09601496
0.047984064,0.22422636,0.14707437,0.04322391,0.19807172,0.30267346,0.24335796,0.43524665,0.27222311,0.08214276,-0.02586075,0.2178407,0.16920012,0.17958358,0.16156614,-0.14354715,0.26361713,0.16651338
0.37855154,0.388154,0.15229309,0.13922484,0.29001892,0.3752302,0.12714453,0.3384741,0.30954623,0.12048674,-0.14167273,0.15711638,0.06920681,-0.0060108243,0.22027922,0.039174214,0.22754925,-0.17528912
-0.04422801,0.3085361,0.17983493,-0.045969676,0.31194025,0.13364094,0.105325654,0.33699855,0.0980916,0.18964246,0.04785433,0.17048234,-0.14771408,0.2027529,0.17913245,-0.19767725,0.09976882,0.08226784
0.02406322,0.37353688,0.17948204,0.25053522,0.25642782,0.33672085,0.32111484,0.24783407,0.29611486,0.011591232,-0.087744966,0.10724875,0.17615658,-0.04414845,0.2314651,0.16651396,0.23781006,-0.08133129
0.13093811,0.19663456,0.26257795,0.06552998,0.23364878,0.18557218,0.33196282,0.11406854,0.0013564229,0.044528607,0.16666605,0.06124799,-0.13114047,0.16656351,0.2693603,0.11554313,0.35812625,0.42507875
0.14502895,0.24180812,0.16552982,0.1956448,0.20409009,0.17098151,0.3606066,0.2585553,0.15552182,0.024495462,-0.03322705,0.06493079,0.24645582,0.003375792,0.2274419,0.19290902,0.23354436,0.12434815
0.4125837,0.33538574,0.06150605,0.24551734,0.2415488,0.24360909,0.11233094,0.17807537,0.24576847,0.092993736,-0.12458879,0.10151844,-0.023142379,0.10355411,0.1316986,-0.023266604,0.17837976,-0.17016757
-0.02172429,-0.045241706,-0.22424218,0.08880697,-0.12075313,0.3149382,0.05800336,0.08155556,-0.11286945,0.18935302,0.1635415,0.20745179,-0.3132278,-0.028036844,0.049330406,-0.04291039,0.21755591,-0.12000329
0.10967937,0.19554853,-0.059613924,-0.12203231,0.28103307,0.20487438,0.079800636,0.2631966,0.08720863,0.24048805,0.030695658,0.13123554,-0.1333154,0.06577498,0.14997044,-0.2290627,0.119760096,0.014420816
0.0108270375,0.2660726,0.082212806,0.26263008,0.26151678,0.18015885,0.02075807,0.31060708,0.24571168,0.14332613,-0.14415845,0.2220741,0.021370007,-0.102842875,0.14775476,-0.19984445,0.17121312,-0.18072884
0.43365598,-0.27166817,-0.16410843,0.16474381,-0.23102447,-0.17119902,-0.080930665,-0.12794527,-0.0636851,0.09394981,-0.033008754,-0.006145932,-0.08011549,-0.097955264,-0.07625711,-0.057785284,-0.15020266,-0.25901136
-0.051521912,0.32058436,0.010558585,-0.044513002,0.23838966,0.4005724,0.3682347,0.4340698,0.28866917,0.20156804,-0.11559789,0.19976038,-0.14763954,0.2559167,0.41759884,-0.08625621,0.43430975,-0.029795462
0.37876073,0.27683628,0.28067505,-0.08263521,0.1883927,0.22671504,0.07516941,0.21423918,0.22877383,0.10976143,-0.062816635,0.17252076,-0.121883884,0.21263766,0.23667333,-0.10004947,0.1447222,-0.04633318
0.053515226,0.29418576,0.06112049,0.0021572937,0.19231823,0.36559117,0.14134948,0.3287827,0.18446195,0.12307294,-0.011318793,0.22330654,-0.13220921,0.17594889,0.2808729,-0.06365694,0.3936455,0.09021663
0.24876627,0.28140384,0.046328448,0.37930363,0.17995775,-0.040586542,0.2040899,0.12179575,0.23536319,-0.090633035,-0.13091743,-0.039317846,0.39795268,-0.03714601,0.025696725,0.051204003,0.039597802,-0.018086806
0.06970635,0.095628835,-0.18638858,-0.1099359,0.050234944,0.17146552,0.10457048,0.36395043,0.02082851,0.30781513,-0.12406036,0.3396032,-0.17153156,-0.16031395,0.15425248,-0.23611677,0.33140925,-0.17066513
-0.13094154,-0.36372495,-0.33759668,-0.022290543,-0.32447815,-0.005447944,-0.010523583,-0.18584651,-0.06973865,0.10620144,-0.06063504,-0.0637503,-0.091056734,-0.084130734,0.03168676,-0.24129798,-0.04019255,-0.10629164
-0.059394497,0.38545477,0.34605128,0.3005048,0.24418142,0.21911553,0.35348105,0.39328378,0.28300625,0.032293074,-0.16314334,0.17588526,0.45827878,0.08457309,0.27809632,0.059796926,0.17521039,0.13406804
0.09562562,0.33623922,0.24344417,0.12767941,0.22495547,0.39813745,0.23110214,0.286512,0.1574378,0.15314591,-0.04733695,0.24645773,-0.22088534,0.2134381,0.26995623,-0.083075754,0.31314766,-0.004883387
0.09771605,0.10863644,-0.30179077,-0.07265966,0.051316634,0.19123216,0.07125829,0.39527917,0.26409638,0.24930336,0.032824952,0.31366152,-0.071468204,-0.08514669,0.19560987,0.009045744,0.29612252,-0.20061833
0.4200437,0.27541262,0.039632536,0.13553001,0.16644512,0.36715072,-0.023057355,0.23990516,0.1683675,0.17409033,0.017100036,0.21611373,-0.10110253,0.13649938,0.14067556,-0.06695956,0.11965184,-0.14632341
0.30593726,0.29017168,0.30257076,0.26210678,0.24589905,-0.03786686,0.09709025,0.052399274,0.29351175,-0.07040046,-0.0955812,-0.10311944,0.49368078,0.08359273,-0.06442417,0.05823437,-0.26228318,0.08840862
0.07621235,0.15305576,-0.07036409,0.17609994,0.20020466,0.20153964,0.2529123,0.19479632,0.1336002,0.13133958,0.11159085,0.04994656,0.0036701018,-0.11186731,0.1579406,0.4369659,0.2421808,-0.055959728
0.053800113,0.3316701,-0.013054289,0.02827645,0.2552666,0.28410584,0.28862894,0.39088136,0.24398793,0.1995658,-0.04328896,0.22487316,-0.21994022,0.15060723,0.34950018,0.070554376,0.43533826,-0.04694863
0.34680712,0.31720996,0.09394332,-0.03118249,0.26454046,0.2006312,0.24375424,0.36244208,0.13582548,-0.004482219,0.021375552,0.012646042,0.0703191,-0.08368163,0.34935027,0.2822876,0.3594622,0.1143014
0.03545092,0.42660525,0.0027421848,-0.14487493,0.31232214,0.43288553,0.16476832,0.53898144,0.25288218,0.21973169,-0.057577696,0.4042652,-0.055710807,-0.020575799,0.28497648,-0.0706709,0.44500738,0.03198139
0.057637297,0.13203716,-0.16180658,0.039896227,0.07514296,0.29439092,0.12035645,0.3067683,0.20568311,0.2423931,-0.06463148,0.20065227,-0.1647718,0.21068552,0.19046828,-0.22074512,0.26032573,-0.08495028
0.40184057,0.18310104,0.26654887,0.030588811,0.23044609,0.123839185,0.38535684,0.1095701,-0.009977402,-0.14411771,0.1492105,-0.18668376,0.4081846,0.031844772,0.14207426,0.28960925,0.10584475,0.54733604
0.23116829,-0.24702515,-0.18038158,-0.01531723,-0.27776098,-0.23250662,-0.27553436,-0.13772726,0.08735959,0.088046655,-0.0012032671,0.121948056,-0.18823582,-0.07239312,-0.1615496,-0.12766644,-0.15887605,-0.25192967
0.15698235,0.19568786,-0.17549258,-0.06687804,0.20064048,0.21664989,-0.11055423,0.20126489,0.22501649,0.18018326,-0.15974408,0.23686752,-0.099617854,-0.20807192,0.016802862,-0.2101047,0.17622742,-0.27507967
0.14623396,0.11600993,-0.09721936,-0.079014614,0.15318084,0.2292482,0.17439276,0.35485035,0.20731726,0.19286057,0.08787467,0.12959357,-0.13620056,0.14055605,0.189058,-0.06573781,0.2140811,0.019331029
0.3042021,0.32794574,0.0144252665,0.028865444,0.290446,0.20088431,-0.08519009,0.2940824,0.05772748,0.19532824,-0.11261891,0.14630099,-0.0898952,-0.07605312,0.06954423,-0.20774303,0.0927324,-0.19034335
-0.13360876,-0.11229073,-0.16671225,-0.14321232,-0.07053405,0.19602174,-0.06301153,-0.042895425,-0.005445646,0.22454545,0.04219997,0.19727373,-0.35019088,0.018750735,-0.002156028,-0.37776262,0.037839495,-0.25186634
0.029713338,0.27756107,-0.11913885,-0.1787071,0.25254387,0.29995602,0.08011007,0.3987292,0.26122087,0.26474318,0.05831721,0.3515885,-0.08244819,-0.15906519,0.29990065,0.0014977455,0.35328078,-0.07307324
0.14020868,0.22297978,0.030730996,0.2794253,0.13640606,0.030457169,0.2686548,0.24221574,0.18880379,-0.010161761,-0.18209912,0.00044131232,0.30803713,-0.06422503,0.09505616,0.029753784,0.1389842,-0.048729017
0.32459635,0.090448976,0.09500921,0.27330846,0.116416715,0.29073447,0.07104743,0.18911213,0.3423277,0.09355176,-0.09731677,0.21058129,0.1613164,-0.017125819,0.12413865,-0.107516944,0.17736086,-0.09608627
0.39219606,-0.14935133,0.04079079,0.21794906,-0.16785417,-0.20196182,0.21174619,-0.14719647,-0.024407677,-0.20102437,0.08165133,-0.27953902,0.33674848,-0.1074923,-0.011521587,0.29694626,-0.13702747,0.18867177
-0.121771514,-0.18366173,-0.36769372,-0.03250905,-0.16986358,-0.018316992,-0.26275942,-0.26695907,-0.009913548,0.14702749,-0.07421234,0.033654906,-0.26712435,-0.050774775,-0.10361916,-0.2935928,-0.14499646,-0.33153602
0.29496157,0.33878648,0.16691926,0.22221634,0.25334957,0.28446922,0.1729621,0.29762685,0.29047936,-0.05234272,-0.08449758,0.10014033,0.35887828,-0.09058796,0.16811416,0.10978532,0.22585239,0.012405161
-0.088333204,0.121695496,-0.047943544,-0.043338194,0.052774433,0.08302355,-0.042801186,0.16252582,0.18065104,0.19648007,0.09443088,0.1980111,-0.19707263,0.32864076,0.122559264,-0.14056134,0.0005605109,-0.024221119
-0.17727834,-0.41851082,-0.20874316,-0.083118446,-0.48477384,-0.05059942,-0.2500945,-0.35196,-0.24646494,0.035348758,-0.09797694,-0.1076425,-0.3571313,0.07801955,-0.21454285,-0.2605821,-0.29415542,-0.2690078
0.04429458,-0.34931394,-0.15703887,-0.030164657,-0.26104975,-0.06310321,0.006386048,-0.25801188,0.11482361,-0.09008965,0.41284904,-0.011566581,-0.139911,-0.022228837,0.16645527,0.2146373,0.11142416,0.15963003
-0.016025309,0.28184307,-0.04564429,0.041925766,0.119697995,0.25288248,-0.2164036,0.122608565,0.11657871,0.11881274,-0.11533548,0.30253443,-0.20951737,-0.07939881,0.0010962458,-0.19392256,0.116669774,-0.30759293
0.14835116,0.37088317,0.35634318,0.13317122,0.33577412,0.19281024,0.23058182,0.3185833,0.40345573,-0.06017385,-0.14509425,0.0054605384,0.53451216,0.15490177,0.102498755,0.013603,-0.0471877,0.14855635
0.15059026,-0.33040047,-0.21296921,0.08673553,-0.2716465,-0.03882281,0.085369505,-0.011000328,0.047018517,0.102537364,0.12887,0.026198678,-0.13794568,-0.0370022,0.24500932,0.0062121945,0.14701971,-0.057896692
0.3733049,-0.044411305,0.07056923,0.41555947,-0.106872834,0.1363635,-0.106163174,0.021277731,0.15068422,0.13597694,-0.110202044,0.16075839,-0.13695017,-0.08542848,-0.06536716,-0.08290321,0.014388822,-0.28089568
0.0058069173,0.27331603,-0.054000027,0.22343113,0.20244935,0.22210988,0.22758844,0.24856079,0.23662823,0.07916398,-0.07871551,0.1276465,0.3341625,-0.071686506,0.11947574,0.0139248185,0.19205461,-0.029028837
0.06806256,0.26903617,-0.20555955,-0.18284532,0.2056956,0.41624027,-0.007151093,0.4000209,0.22994304,0.21243021,0.11243352,0.25815064,-0.2076036,-0.021269184,0.26584393,0.06436874,0.3552931,-0.12631321
-0.104675755,0.15921769,-0.04135999,-0.061999142,0.15871383,0.25162965,-0.11330886,0.08400416,0.013531181,0.19114639,0.07440114,0.06524774,-0.19467911,0.24057442,-0.0025309697,-0.20601447,-0.10002223,-0.12283553
0.1064657,0.34904665,-0.037803292,-0.2165873,0.3688225,0.2691037,0.09028581,0.3806023,0.20555767,0.20075461,-0.032469783,0.28211322,-0.07824907,0.05525592,0.17486843,-0.17326128,0.21306618,-0.112630546
-0.041753586,0.3819607,0.21292636,0.21444485,0.27034527,0.21821451,0.31456518,0.4056411,0.22996032,0.11263566,-0.17428061,0.2091424,0.17722571,-0.049712226,0.3398232,-0.009708349,0.32176316,0.027220566
-0.03767415,-0.19017139,-0.37995315,-0.078636885,-0.23849368,-0.043551825,-0.18134446,0.052563787,-0.03529896,0.25709504,0.079153754,0.42046428,-0.27074304,-0.13396883,-0.008040652,-0.22397868,0.16621028,-0.17209575
0.0527905,-0.118164465,-0.24818602,-0.15459651,-0.10289152,0.106384076,0.24962993,0.2854264,0.024840694,0.06717154,0.05678083,-0.018018544,-0.08925024,-0.12401572,0.2971599,0.13008988,0.3948896,0.059703227
0.085898355,-0.17294255,-0.10757543,-0.08042617,-0.16522354,0.098158814,0.08227432,-0.007723588,0.2666309,0.11944918,0.09000667,0.118361734,-0.015587468,0.091028966,0.1894685,0.06182176,0.07162953,-0.08650184
0.06047517,0.30922744,-0.037400194,-0.13658667,0.309791,0.3414923,0.18260688,0.45063624,0.0986852,0.19844313,0.0045323083,0.21861693,0.0073857573,-0.069398776,0.20929295,0.028860966,0.26635152,0.02683247
0.17497073,0.3324933,0.15149099,-0.03271451,0.20795989,0.23675345,0.11584713,0.31356603,0.23677263,0.14441922,-0.092212416,0.29170018,-0.038746618,0.12826239,0.23129873,-0.117935374,0.29941365,0.0742696
0.0008605514,0.39790407,0.05287601,0.045325253,0.38337994,0.24352603,0.15948266,0.3250342,0.25277686,0.22118548,-0.037918214,0.17946759,-0.1378525,0.08020057,0.33118302,0.01327707,0.30572808,-0.12106155
-0.06608864,-0.3949173,-0.31674224,-0.26634452,-0.35635445,-0.022205573,-0.1899131,-0.1640741,-0.1692962,0.12932265,-0.037561677,-0.03565066,-0.3186792,-0.055479147,-0.07940692,-0.35620397,-0.15378755,-0.28852028
0.4493387,0.22995871,0.34901786,0.021945825,0.2156843,0.26847723,0.12443347,0.2266927,0.23393428,0.06098382,0.086041816,0.12192877,-0.010995903,0.27046406,0.2639241,0.019356674,0.1487003,0.12454179
0.1511924,0.08234252,0.016690264,-0.0036625266,0.14131987,0.1472544,0.25661668,0.028351214,0.024373453,0.08109879,0.2949442,0.0416781,-0.1743362,0.24967411,0.26619086,0.03173094,0.3344995,0.43389714
-0.02183269,0.3466196,-0.16065544,-0.21464682,0.3216871,0.2425802,0.22154704,0.4993905,0.07794532,0.15863848,-0.011580738,0.16072392,-0.031030389,-0.12030904,0.25507337,0.05317882,0.4090439,0.072162196
0.051438347,0.17209315,-0.1939359,-0.008068219,0.15900393,0.25095966,0.2886344,0.41644293,0.17096196,0.18011986,-0.013280692,0.15752181,0.0073892293,-0.08936484,0.3297975,-0.04028216,0.46699774,0.0934255
0.36797255,0.26037702,0.20625505,0.26035404,0.22431284,-0.025154717,0.16821615,0.20384482,0.28917614,-0.13869491,-0.10935113,-0.07687649,0.47904193,-0.09907694,0.0412305,0.067056336,8.550007e-06,0.045507886
0.14544526,0.23507707,-0.20174012,-0.17209816,0.25788212,0.2939257,0.118673325,0.35625863,0.04788287,0.26506126,-0.013006471,0.21835038,-0.14415777,-0.122210205,0.23821554,-0.10274969,0.35001373,-0.059983492
0.21754521,-0.06603163,0.07202716,0.0812857,-0.0007258924,0.13178653,0.22216868,0.05532949,0.06122576,0.060078874,0.3347562,0.006060868,-0.1968851,0.17870757,0.18615192,0.1073528,0.23140019,0.31291705
0.01638815,-0.45372465,-0.14335465,0.15143591,-0.4553321,-0.21727887,-0.27162296,-0.46719676,-0.32319444,-0.06270693,-0.05092872,-0.18883547,-0.24429698,-0.16708189,-0.24676248,-0.18832785,-0.33707598,-0.22045445
0.25806892,0.06303376,-0.03061628,0.011438677,0.049663607,0.11729677,0.062459078,0.17763302,0.22779712,0.14104475,0.113912046,0.33068508,-0.21127649,0.10379868,0.156886,0.030202067,0.3163662,-0.025393441
-0.05635353,0.32066283,0.13903755,-0.07402088,0.18114498,0.4289242,-0.058338657,0.23057894,0.28279534,0.047498316,-0.027461596,0.26196784,-0.07303746,0.2802421,0.00909444,-0.14944445,0.017746616,-0.1588578
0.09025614,0.33662546,0.24521011,-0.085641444,0.37480074,0.20459116,0.19296083,0.2767471,-0.024956368,0.17731833,0.093141906,0.12515336,-0.20101666,0.25089258,0.11220075,-0.17134313,0.14421129,0.27565104
-0.012016483,0.3398619,0.12957847,-0.028197646,0.20123419,0.26999885,0.22296545,0.4817435,0.22701533,0.114441894,-0.09172605,0.2927055,-0.014764182,0.021875089,0.31749034,0.030600268,0.38911188,0.020669835
0.12331957,0.065024704,0.0019128267,0.29096693,0.007567737,0.10542981,0.2837181,0.12408746,-0.0033659171,-0.036529195,0.085859165,-0.0042589684,0.18261269,-0.059069566,0.16415527,0.22853197,0.20162797,0.17517687
-0.051155075,-0.18782015,0.020580685,0.13477717,-0.21567577,-0.0037564002,0.2916832,-0.022394827,-0.04718131,0.03854281,0.08538097,0.11315106,-0.20872656,0.08546439,0.27007586,0.056242798,0.36516356,0.19746864
0.095342115,0.17119215,-0.060198233,-0.0160116,0.18860841,0.12747082,0.042227767,0.27597243,0.2484423,0.15531224,0.11373099,0.13203916,-0.09734105,0.07865453,0.2724288,-0.00073395995,0.27174205,0.038487103
-0.031885754,-0.16291007,-0.19145742,-0.040860146,-0.19402182,0.058655255,0.21580854,0.23365934,-0.015991323,0.13819776,0.14280592,0.26757273,-0.14223608,-0.13285886,0.28144574,0.09978862,0.4136402,0.1053983
0.21707678,0.2603711,0.04562702,0.10063232,0.1745311,0.099233255,0.25087303,0.35495672,0.15764326,-0.05368552,-0.0664867,-0.02878924,0.5018873,-0.27167886,0.126506,0.25145006,0.16199422,0.16005294
0.13939029,0.31661227,0.009354118,0.03718889,0.28023714,0.30857792,-0.061333865,0.20549491,0.09861787,0.14140493,-0.2304287,0.056991927,-0.14097914,0.14002028,-0.033788644,-0.2614571,0.005665375,-0.26194465
-0.061984055,0.23685756,-0.10096919,-0.06447965,0.11359617,0.30637097,0.082974926,0.52582586,0.1810514,0.19549118,-0.18625197,0.3026989,-0.0470955,-0.099355355,0.121033296,-0.20414352,0.2943769,-0.19065782
0.03693653,0.22460707,-0.17193879,-0.012848288,0.21053979,0.22923708,0.114783235,0.19142975,0.0915028,0.14863902,0.11753422,0.20507519,-0.25662813,-0.10194372,0.15202832,0.08378796,0.365381,-0.11276071
0.32206327,-0.26798177,-0.114580356,0.19611478,-0.2454736,-0.09598167,0.17043972,-0.16390443,-0.03652867,-0.13692844,0.28534162,-0.13675365,0.1505241,0.012773668,0.0643228,0.31988907,0.024889722,0.26044017
0.39335936,0.22931555,-0.061579812,-0.011195559,0.22701785,0.33991247,0.13457456,0.4551952,0.23114392,0.25294444,-0.091419294,0.23549905,-0.11217363,-0.037859127,0.18981797,-0.14549606,0.29833895,-0.18524297
0.19178408,0.21224743,0.08999376,-0.020718783,0.15187934,0.31528533,0.14439575,0.3147905,0.08503592,0.15022373,0.13485381,0.36567003,-0.12893413,-0.011530034,0.18310985,0.0771143,0.32943892,0.04497361
-0.04088031,-0.03554676,-0.22246788,0.080547795,-0.08173501,0.21036932,0.27600157,0.35092965,0.053194847,0.11141232,-0.07345059,-0.008765605,0.031325974,-0.18291327,0.15976085,0.10229322,0.2806673,-0.09832814
0.1592972,0.42185378,0.06069664,-0.13072833,0.3776956,0.36185238,0.17642103,0.34886855,0.35122496,0.16673908,-0.038788214,0.3574707,0.07958886,0.05599463,0.3072327,-0.023623917,0.39420074,-0.020049933
0.28303587,0.25425664,0.02970771,0.02932283,0.108388476,0.24595137,0.011964877,0.36076608,0.1461388,0.145323,-0.1208508,0.22822043,-0.16991514,0.10344455,0.16691586,-0.20056824,0.2241103,-0.14933968
0.05205993,0.10896973,-0.14850707,0.32588997,0.05855818,0.16940784,0.2686881,0.14008693,0.01445129,-0.011592856,0.018932411,0.009163241,0.27310663,-0.1415286,0.061006565,0.21737933,0.17676765,0.005173978
0.43811262,0.2999004,0.33788162,0.0655241,0.2376191,0.12664537,0.34945083,0.13575737,0.14321111,-0.18147093,0.023439039,-0.16191092,0.4360168,0.15984994,0.15228036,0.25955945,0.04203681,0.3283709
0.10215987,0.33652437,0.17720784,0.0718151,0.28948474,0.33922395,0.11705083,0.30612662,0.47989947,0.09661539,0.005868457,0.19287324,0.29284298,0.036957152,0.15625742,0.03691816,0.086228296,-0.021874115
0.07780804,0.2005421,-0.029022735,0.058354802,0.2636127,0.2888745,0.04956232,0.13947725,0.23676476,0.2151111,0.005652514,0.20396748,-0.2269586,0.08527862,0.16043785,-0.14121553,0.18106273,-0.29932934
0.26285714,-0.1362711,-0.2132414,-0.034153804,-0.14421967,0.06741931,0.043173663,0.05796764,0.18929726,0.07665258,-0.037984196,0.015196089,0.1449956,-0.116466425,0.13470308,0.062125064,0.09119369,-0.12469727
0.408634,0.3376463,0.2555684,-0.058845956,0.35870928,0.18036899,0.15609834,0.30477077,0.16576058,0.12525132,0.072694086,0.16288663,-0.11044563,0.21699092,0.23900068,-0.100760244,0.24868178,0.2209425
0.026225805,0.29198828,-0.09557247,0.042375393,0.17870244,0.14507991,0.19272858,0.35384068,0.22072554,0.04609158,-0.067793295,0.13522719,0.27413887,-0.06975693,0.10265945,0.023953965,0.18568549,-0.03600483
0.40140456,0.06432153,-0.1741187,0.06930874,0.102449596,0.24398151,0.06055509,0.09258498,-0.015273226,0.20109886,-0.0780236,0.004162955,-0.105833955,-0.058623582,0.047509328,-0.14798316,0.060870603,-0.25915438
0.19870552,0.27557957,0.30327517,0.004673903,0.25753915,0.21945891,0.25218213,0.19714731,0.1460025,-0.1547821,0.051470235,-0.1244768,0.54438937,0.08623828,0.06363851,0.16648935,-0.05433678,0.348553
-0.15782869,-0.18768942,-0.44219935,-0.037488386,-0.24265316,0.14462757,-0.34553865,-0.122658685,-0.09350912,0.24772069,-0.014218966,0.33926696,-0.33588028,-0.28498966,-0.13635331,-0.31493807,0.02727912,-0.4095661
0.14433503,0.3945785,0.021541283,0.035475146,0.29665154,0.26032478,0.07372197,0.3956642,0.12859237,0.19598927,-0.14725283,0.2167244,-0.067145854,-0.007796889,0.21449581,-0.15778676,0.2464566,-0.088210955
0.29311588,0.084419265,0.15602836,0.26214308,0.039971508,-0.013928251,0.061759792,0.05012481,0.30443877,-0.13171408,-0.09918448,-0.063165605,0.2887218,0.024093458,-0.067539625,0.039043397,-0.08971879,-0.12136646
0.21047312,-0.21638602,-0.04247842,-0.11613039,-0.16353494,0.018532481,-0.20040558,-0.037079375,-0.08820168,0.08061448,-0.15774238,0.015034935,-0.15032338,-0.2956855,-0.09433078,-0.22647029,-0.034387972,-0.18145439
0.09822991,0.3691002,0.008790122,0.025100501,0.26093805,0.33830532,-0.041090786,0.27029264,0.09915215,0.18578838,-0.09485969,0.3255992,-0.051316775,-0.13704364,0.109770104,-0.1712592,0.21641918,-0.13860527
0.27430928,0.09893623,-0.09575513,0.13911474,0.035760455,0.12951523,0.000499086,0.19644791,0.24151266,0.18396394,-0.09441677,0.11914366,-0.14379054,0.01690514,0.17838809,-0.16234753,0.16669792,-0.22137389
0.16547778,0.28408778,0.23686388,-0.054205786,0.3420502,0.23479122,0.112096384,0.22616415,-0.046063393,0.11918786,0.21371688,0.073262095,-0.23501255,0.20588347,0.0145534845,-0.12563306,0.09289974,0.27742895
0.089796744,0.18443047,-0.04521477,0.30981308,0.119145736,0.1318894,0.20791787,0.22979456,0.121841624,-0.09058785,-0.043880463,0.020804888,0.30589738,-0.13062051,0.0559814,0.1652774,0.19499215,0.028993865
0.04072539,0.19061589,-0.041499406,0.2988187,0.10873306,0.015609036,0.22356936,0.041744467,0.17544214,-0.068431675,-0.09995372,-0.11104828,0.27870494,0.05171837,0.0029714128,0.033566374,0.012441818,-0.009421771
0.08674695,-0.010731455,-0.12255046,-0.06648054,-0.09317267,0.17117867,-0.2703942,0.07353738,0.034193344,0.23494548,-0.09982482,0.24483603,-0.3634742,-0.027371842,-0.14148384,-0.30119157,-0.03184712,-0.36451796
0.13356435,0.20368862,0.060006566,0.1317214,0.1970236,0.12012861,0.15202895,0.0267079,0.018942399,0.0019492288,0.027780153,-0.08097233,-0.07124758,0.037869066,-0.05209248,0.29561535,-0.011719013,-0.097032145
0.04326154,0.24337697,-0.038357407,-0.06222339,0.24922109,0.395894,-0.06680849,0.091468185,-0.07130007,0.21190722,-0.05509377,0.07514866,-0.1669986,-0.052980155,0.08734879,-0.117608845,0.09787028,-0.14114206
0.38653004,0.2543847,0.3487689,0.19714737,0.17078649,0.03369418,0.23346779,-0.0005843071,0.20045283,-0.23385482,0.028819878,-0.22984111,0.42070892,0.25689942,0.05055003,0.22403097,-0.1218936,0.2838633
0.08876406,0.26374525,0.03250959,-0.03343211,0.2581722,0.22665691,0.07495019,0.1301648,0.06835453,0.07591787,0.238998,0.07652931,-0.21163605,0.115053,0.11567265,-0.037280865,0.20456302,0.22869529
-0.032760665,-0.11216158,-0.30413508,-0.016547887,-0.16460401,0.09016363,0.08323382,0.16938715,0.0037957067,0.2307649,0.075564094,0.38971004,-0.2721382,-0.085969195,0.29398727,-0.025170565,0.44981328,-0.08228949
0.03251995,0.27866328,-0.0040320195,0.08126518,0.17906296,0.23451358,0.13850395,0.3320904,0.30567425,0.1372983,-0.020199424,0.29486436,0.13809988,0.055810843,0.20519805,-0.05545616,0.27814376,0.04200508
-0.1041645,-0.026938653,-0.33398566,0.11420576,-0.11192928,0.15089369,-0.11560337,0.051655192,0.24992856,0.22063299,-0.010292679,0.31761214,-0.27253848,0.0033972128,0.11612733,-0.20971751,0.17554593,-0.32037324
0.3040751,0.31901902,0.1812804,-0.05228199,0.21314357,0.31399053,0.24656418,0.39532095,0.12842625,0.14884844,-0.09926443,0.22042924,-0.056924842,-0.017673016,0.30093008,0.07547824,0.37933642,-0.042169813
0.06594673,0.1045649,-0.23216975,-0.0005342304,0.055150628,0.21051563,0.14708081,0.25955477,0.0019835439,0.21377346,0.055518456,0.17090411,-0.05445458,-0.21650916,0.08365053,0.05571009,0.18787104,-0.14643723
0.08886132,0.030036759,-0.14629124,-0.16193229,0.0038809646,0.1740552,0.26649624,0.31578583,0.0685061,0.15433016,0.08408325,0.07002672,-0.08281317,0.01945652,0.20156184,0.13694808,0.21949448,-0.008260192
-0.01711047,0.10635322,-0.09774208,0.05820859,0.06777828,0.27856344,0.22790307,0.17251915,0.0074019404,0.10441299,-0.00061486196,-0.009070813,-0.11851507,-0.22830789,0.09841164,0.10053821,0.18072943,-0.1966593
-0.0012726327,0.3956353,0.06057134,-0.09900571,0.2883441,0.42786443,0.12858215,0.4481786,0.17989483,0.22843206,-0.12477285,0.33365083,-0.059067342,0.020604283,0.217239,-0.11507449,0.2976492,-0.11096215
0.38906664,0.32640928,0.15812059,0.0724455,0.22625607,0.3208328,0.19192788,0.22297421,0.015952595,0.06087992,0.044040684,0.09127645,-0.07502608,0.046316683,0.18202418,0.21668091,0.21796533,-0.015331468
-0.1001818,0.327636,0.05269867,-0.22441396,0.29513258,0.23755392,0.10036707,0.39253712,0.13605383,0.113152236,0.021616157,0.25373402,-0.031718098,0.104800746,0.022929776,-0.17000803,0.16247934,0.023460109
-0.16402555,0.10893399,-0.245114,-0.08266038,-0.017639216,0.18527539,-0.2558448,0.21771584,0.057284005,0.13359642,0.0129944775,0.31901866,-0.18317804,-0.15442042,-0.09317521,-0.27955365,0.07006517,-0.22024685
0.27144223,0.017620623,-0.022919074,-0.10558422,0.06071267,0.17718196,0.087312445,0.33579046,0.38901123,0.12194594,0.10254838,0.17160028,-0.15138221,0.19321933,0.37268168,0.06527671,0.39633965,0.05486492
0.21519692,0.2954504,0.14242138,0.0021333927,0.25371748,0.29641446,0.33674473,0.35307774,0.05824228,0.012337024,-0.000979939,-0.05682288,0.11834483,-0.076004595,0.22424969,0.2709654,0.26215038,0.097567
0.18576638,0.027676124,-0.040253527,0.3175809,-0.042334177,-0.053525113,0.34686333,0.1259875,-0.02028627,-0.0679443,-0.03824418,-0.2147474,0.41183308,-0.16312918,0.03984565,0.12915532,-0.026263932,0.092069075
-0.031002298,0.3160645,-0.06584138,0.044122275,0.2362271,0.36918435,0.3151936,0.4485861,0.080855176,0.16420446,0.020658074,0.20531854,0.0101198815,-0.0650793,0.27200818,0.28267878,0.40558594,0.021580989
0.2582027,-0.028989075,0.009823002,0.20399795,-0.0069004786,0.089407384,0.23712337,0.1334145,0.25206727,-0.03548141,0.15625265,-0.10148488,0.37115663,-0.1102413,0.1316574,0.31136888,0.048934683,0.13268271
-0.05124163,0.16096716,-0.17541069,0.17651284,0.05098794,0.08619602,0.2227903,0.20579806,0.21503332,-0.015965046,-0.013177457,-0.026503416,0.40295094,-0.016682185,0.15165977,0.15970421,0.10699363,0.020026945
0.26592046,0.24987832,0.13386518,0.04771485,0.28022775,0.25847256,0.028612733,0.2470541,0.3102969,0.100222126,-0.07856278,0.1830841,0.005605962,0.10402118,0.19724104,-0.12640265,0.19905384,-0.07656011
0.37319353,-0.061830696,0.3364573,0.13087928,-0.057076335,0.023156064,0.28804803,0.10240409,0.12002529,-0.12765779,0.019866526,-0.11990495,0.33742353,0.09228028,0.15805542,0.24082243,0.0039892485,0.19240877
0.044299074,0.4876288,0.37794274,0.18893144,0.4562508,0.2342476,0.28934926,0.43393695,0.443784,0.09602364,-0.11631234,0.20284751,0.42097378,0.2382146,0.21027243,-0.009085819,0.099082395,0.09234695
-0.045131937,0.25617173,-0.16109961,-0.091726445,0.13405788,0.4800242,-0.10906218,0.108102776,0.012640292,0.17309305,0.14176765,0.22749156,-0.22787985,-0.019135525,-0.01682295,-0.21207589,0.123534635,-0.10214324
0.09283647,0.28343266,-0.12437599,-0.13951813,0.21595651,0.31317586,0.20150104,0.47546166,0.18125483,0.21601729,-0.10616568,0.24228105,-0.07201719,-0.060785674,0.25600663,-0.14047873,0.41038465,-0.0056407945
0.080131754,0.1818768,-0.21436736,-0.10219615,0.14968693,0.31206334,-0.05429501,0.26613712,0.21303475,0.31315285,-0.17133126,0.2696401,-0.18196586,0.044678554,0.07793154,-0.27090806,0.16084135,-0.28624755
0.3055706,0.30606183,0.35281855,0.04586267,0.25566557,0.27647063,0.19209394,0.18042901,0.098299764,0.08275698,0.034888834,0.15256333,-0.11982228,0.25848153,0.19667292,-0.102998585,0.22449876,0.24949558
-0.06602381,0.129787,-0.24252196,-0.19906154,0.13267252,0.3918438,0.05515972,0.33540875,0.07565133,0.26985335,-0.029974833,0.2790854,-0.19104107,-0.03999582,0.18869966,-0.29442284,0.28067598,-0.1802733
-0.015026239,0.19756529,-0.06683486,0.18829094,0.097048596,0.11258241,0.18166,0.2441994,0.29040873,0.0052929088,-0.106477395,0.035914466,0.27469432,-0.0046680784,0.12405198,0.08313668,0.13343334,-0.058089584
0.008893665,-0.33539557,-0.18826735,-0.08555508,-0.3234836,-0.20057964,-0.071715534,-0.35056144,-0.29979855,0.06741624,-0.019581381,-0.047357995,-0.26065856,-0.09872626,-0.00066124205,-0.13642496,-0.10053033,-0.085510954
-0.09429619,-0.17787519,-0.24498811,0.04306257,-0.18890911,0.16017094,0.23646182,0.03268706,-0.14109696,0.15561308,0.074376926,0.10681893,-0.23242646,-0.13565014,0.11161061,0.14920692,0.25369662,-0.090604685
-0.03065726,0.099828266,-0.2738676,-0.09679161,0.0044866907,0.27711987,0.14904575,0.4482832,0.19890124,0.25526577,-0.052739073,0.32913482,-0.07169157,-0.055383526,0.19783944,-0.14327013,0.35137442,-0.07586886
0.2595284,0.16232508,0.09813105,0.041017495,0.118689336,0.14307767,0.2349813,0.26074576,-0.10183968,0.014785641,0.07420137,-0.084360674,-0.048177607,-0.0017563775,0.118380144,0.18573785,0.13926405,0.13836686
0.46598658,0.1232851,0.35128433,0.42333317,0.104226604,0.12234044,0.14119665,0.025112115,0.26319274,-0.14520481,-0.09412612,-0.073714346,0.42381015,-0.03579302,-0.048095714,0.10124409,-0.12500599,-0.013301652
-0.01909931,0.34431547,0.0840019,0.03940542,0.21572477,0.30990735,0.28083602,0.4047466,0.25279644,0.11053417,-0.13472888,0.24897249,0.048159335,0.015218631,0.28695256,0.011515418,0.39750117,-0.046204496
0.024956914,0.29318565,-0.038610384,0.08464125,0.17198366,0.335915,0.14442645,0.29570743,0.2184141,0.18299745,-0.1168095,0.23361857,-0.20338286,0.07971291,0.3063386,-0.06576195,0.3626191,-0.21338034
0.10375137,0.17806973,-0.029089687,0.31526172,0.06927905,-0.09789209,0.26409918,0.0614311,0.08284104,-0.076225445,-0.11763357,-0.13658792,0.26559463,0.009426488,0.021804351,0.08491632,-0.0073831175,-0.0097900275
-0.14437485,-0.16237485,-0.3379388,-0.0019369358,-0.20299113,0.01600226,-0.12225429,0.11766952,0.24251653,0.15114234,-0.038814534,0.21346524,-0.28684366,-0.058341905,0.2720744,-0.15547296,0.3050381,-0.25042793
0.23243493,0.3648614,0.1644683,0.0019173194,0.3279578,0.28116697,0.2107932,0.40449595,0.27218938,0.16728832,-0.109164536,0.28658485,0.16955599,-0.06592431,0.2762475,-0.07268075,0.34099126,0.033792526
0.07437024,0.4547032,-0.05307334,-0.12310234,0.383646,0.4206407,0.2702787,0.5440366,0.22983858,0.20000039,-0.06750079,0.21627112,-0.0036730152,-0.10344492,0.31320387,0.08581568,0.43117887,-0.033449866
0.21902862,0.12835014,-0.04681454,0.11920232,0.1008472,0.3162903,0.17563328,0.15712182,0.28351188,0.05592238,-0.01856395,-0.031750496,0.21201622,-0.08040891,0.14300779,0.19016209,0.10266667,-0.14290412
0.35148233,0.14393842,0.05686232,0.09847928,0.040717848,0.10298441,0.16661328,0.1838288,0.18713215,0.063216455,-0.0022817599,0.059073403,-0.13300762,0.15807249,0.115560085,0.15382677,0.14400718,-0.051197924
0.11339271,-0.012640448,-0.264049,-0.06254929,-0.012572542,0.07210533,-0.032773994,0.28675476,0.22511455,0.22415268,0.049398005,0.23800254,-0.12631094,-0.18094918,0.19053024,-0.065490946,0.24055347,-0.20321065
-0.008989638,0.1727446,-0.19595458,-0.06937066,0.16170047,0.21239437,0.09932788,0.35842216,0.014523592,0.24554189,-0.02627967,0.13951206,-0.19156134,-0.028316021,0.3132093,-0.14752841,0.29268634,-0.10217005
-0.05761893,0.094470344,-0.10916695,-0.16151416,0.1645182,0.22121727,0.07414615,0.28716505,-0.0059718266,0.27644166,0.0951973,0.14380598,-0.14778024,0.12715188,0.089889534,-0.27299708,0.054551132,0.066464536
0.38760662,0.25532633,-0.12022787,-0.030077782,0.28850925,0.20321992,0.15489951,0.2955283,0.2911042,0.19850908,0.055515103,0.1507318,-0.018740835,-0.18501669,0.27217823,0.1537784,0.30792087,-0.09795325
0.055545934,-0.05356732,-0.09691143,0.28463012,-0.06818782,-0.046090756,0.19081913,0.08711089,0.25262025,-0.06325032,0.015407654,0.029166225,0.21507378,0.019888535,0.13467826,0.12522668,0.16260338,0.020801865
-0.06779912,0.18174598,-0.2375871,-0.027800996,0.10619418,0.21490118,0.21313013,0.35044956,0.15734696,0.25607207,0.002872115,0.28136972,-0.21400318,0.12665825,0.2295335,-0.03310256,0.38044295,-0.09324069
0.06412467,0.3374243,0.16675806,0.10906808,0.36533576,0.2779192,0.38075906,0.27830753,0.012223313,0.059230153,0.18907961,0.10973883,-0.011516908,0.03990826,0.17757264,0.20080122,0.3412428,0.36014736
0.4957083,0.41732818,0.15390225,-0.052486196,0.39359277,0.3295166,-0.036025286,0.26223043,0.21332105,0.1999414,-0.08584854,0.21710154,-0.118745595,0.022784015,0.12769598,-0.14434963,0.17200345,-0.12742239
0.049293853,0.17998472,-0.14844942,-0.042218953,0.1486403,0.17883714,0.1691913,0.33154824,-0.04880057,0.1334317,-0.026605539,0.043556534,-0.034652136,-0.22097364,0.007391152,0.12611674,0.17331031,-0.0882588
-0.027350396,0.19312671,-0.10603101,0.097669154,0.19260494,0.32646173,0.25290546,0.2525892,0.24580395,0.17556483,-0.029560633,0.19263884,-0.035628654,-0.06673357,0.37957826,0.08633862,0.42465836,-0.08795853
0.026351618,0.21621893,0.044288486,0.015873045,0.28915244,0.19589692,0.23768473,0.16887116,-0.01465307,0.14660518,0.2839712,0.09496079,-0.20974573,0.10110302,0.30353847,0.030717729,0.36254716,0.35002747
-0.20394188,-0.2994617,-0.29442102,-0.13077968,-0.31155393,0.057918914,-0.15526679,0.05022091,-0.2276198,0.14954102,-0.14630128,0.10440451,-0.10095567,-0.3308102,-0.11915288,-0.36200535,-0.025101013,-0.1607703
-0.03132236,-0.105824694,-0.13246574,0.027783498,-0.05940317,0.11554084,-0.09291765,-0.048135236,0.15982503,0.15063564,-0.09479703,0.21646549,-0.14846545,0.113132365,0.051532205,-0.27628976,0.019754298,-0.30841967
-0.027426839,-0.004061605,-0.14190468,0.13787284,-0.09351684,0.12733176,0.22433224,0.2972244,0.09505373,0.25918698,0.062820256,0.35587832,-0.1758237,0.07770743,0.24308434,-0.11164196,0.3308123,-0.0037509329
-0.08192413,0.17914295,-0.08569421,0.2356633,0.085797325,0.35264313,0.19179752,0.26560485,0.19443157,0.0840926,-0.025828036,0.3231771,0.2323612,-0.15238643,0.12641665,0.018215315,0.33337933,-0.030803908
-0.057123028,0.2194478,-0.1444669,0.023973264,0.11637474,0.22935523,0.10646495,0.36245626,0.33780277,0.15914935,-0.014962403,0.36064216,-0.017446926,0.06158234,0.2406138,-0.084449776,0.39102346,-0.014026981
-0.011527896,-0.086247504,-0.18765879,0.26130265,-0.11838826,-0.089185424,-0.1945702,-0.019022819,0.11670141,0.037455782,0.064815745,0.10460048,-0.13100721,0.050128262,0.053740855,-0.15435354,0.011753347,-0.12517145
-0.012652637,0.22207445,-0.010596979,0.14238441,0.22312313,0.17034844,-0.15052629,0.12791552,0.42771864,0.14462718,-0.018278737,0.30263227,-0.172915,0.04266336,0.12698016,-0.17451379,0.14509946,-0.2618894
-0.04688242,-0.22340588,-0.20977391,-0.09312587,-0.19550543,0.022460375,0.25881314,0.0762838,-0.12238206,0.035436086,0.14521208,0.04486774,-0.16791415,0.0028397269,0.32943425,0.13152717,0.42079836,0.1993413
0.0056307698,0.30574453,-0.07399229,-0.025034498,0.20893247,0.36901027,0.012140449,0.27805883,0.10788905,0.26304853,0.030559229,0.37710834,-0.06024649,-0.15181284,0.15627442,-0.08456859,0.22287284,-0.120531246
0.07159909,0.22299877,-0.092949316,-0.07650468,0.22760503,0.16456617,0.17625156,0.20521161,0.11735043,0.06012673,0.2494446,0.056755178,-0.0673769,-0.13800277,0.17913982,0.30850482,0.24492319,0.18139279
0.120767854,0.1539091,-0.009091057,0.075954966,0.0626715,0.14424694,-0.12415369,0.22917679,0.1570105,0.15056176,-0.032877978,0.4131578,-0.13997248,-0.13528422,0.15927862,-0.07137922,0.31101164,-0.11924131
0.33816487,0.16408774,-0.09495323,-0.0067904335,0.089229494,0.12982142,0.06387424,0.34934807,0.34724632,0.09365752,-0.096215606,0.22015807,0.13473393,-0.034647822,0.21483327,0.02147618,0.25215808,-0.13738635
-0.06924118,-0.037088417,-0.30747622,0.06398085,-0.14248422,0.182325,-0.30145687,-0.028305337,0.04637363,0.085089736,-0.009400737,0.17395157,-0.22605087,-0.121070914,-0.19472286,-0.24429333,-0.019429058,-0.32525504
0.03934583,0.20875674,-0.054590777,0.23726884,0.16296129,0.0019855183,0.34919196,0.26555848,0.31074035,0.026012573,-0.07834318,-0.10299508,0.45328903,0.09551567,0.1230177,0.09531979,0.028972019,0.061544497
0.24265423,0.21318513,-0.056789428,0.18618932,0.08838196,0.27270243,0.09936863,0.24274355,0.007893191,0.12586391,-0.0140663,0.045504656,-0.020913923,-0.15223303,0.07375363,0.17679073,0.11576447,-0.15773454
0.20290378,0.06950953,-0.21602914,0.02202114,0.18571284,0.039291635,-0.23132752,-0.08418226,-0.010842316,0.05594727,-0.10838396,0.0514445,-0.1281887,-0.1900514,-0.17743306,-0.23580734,-0.032567456,-0.28042164
0.10164307,-0.20300609,-0.09021637,0.17878968,-0.22196549,0.054191906,0.10187153,0.13954549,0.13957325,0.03765145,0.17113,0.33821285,0.14619225,-0.13504642,0.19600677,0.14772698,0.36738423,0.1875569
-0.14162473,-0.31760123,-0.29537562,0.056905802,-0.28918174,-0.159993,-0.2082182,-0.35290557,-0.20947883,-0.00856816,-0.055111848,-0.014937772,-0.005694887,-0.33433598,-0.18801203,-0.23337537,-0.17083913,-0.09910731
-0.0027816044,0.29848546,-0.10267304,0.15998182,0.16414054,0.25976342,0.16536367,0.26580852,0.22654791,0.1470242,-0.0869705,0.2959818,-0.08299259,0.024297275,0.23053513,-0.03704956,0.3627736,-0.155567
0.11460402,-0.040204596,-0.07816774,0.14463593,-0.03157258,0.08981208,0.06899762,0.07770669,0.101320006,0.14505398,-0.09646888,0.15471768,-0.09300778,-0.090170056,0.04367017,-0.20271486,0.110406764,-0.23120326
-0.12450752,-0.29404604,-0.24561095,-0.1190364,-0.21157491,0.019447826,0.05364533,-0.114426404,-0.029407386,0.17758393,-0.005534479,0.024174558,-0.15076686,-0.07739231,0.25942248,-0.11847858,0.126866,-0.045089602
0.16684934,0.44166964,-0.13567272,0.047046326,0.35638273,0.3862626,0.05056211,0.34923717,0.27716005,0.20607287,-0.14012265,0.23601484,-0.15417911,0.01843886,0.104323044,-0.08529891,0.21869129,-0.31252676
0.30399543,0.21885738,0.25635403,0.07818207,0.25098872,0.17108002,0.045991097,0.25545472,0.15170059,0.18824533,-0.09404434,0.19272217,-0.17430389,-0.029310526,0.12781146,-0.19992168,0.16427922,-0.09598432
-0.0075599262,0.2682342,-0.037437793,0.35562167,0.13365729,0.21502116,0.10704488,0.21899939,0.22498679,0.07164604,-0.08936765,0.17028229,0.09847568,-0.026300255,0.17078957,0.050350532,0.24824956,-0.14242907
0.35325134,0.19848643,0.22167706,0.04580267,0.21337229,0.3032319,0.088396385,0.27038532,0.09904516,0.16981712,-0.13412145,0.09124703,-0.1040077,0.09893373,0.0006966749,-0.22101054,0.00856365,-0.177757
0.39087355,0.045167528,0.27153748,0.10680721,0.056423016,0.13022284,0.29712713,0.085782506,0.07218092,-0.179694,0.1720179,-0.11071059,0.4334093,0.06066649,0.10739536,0.2916725,0.042957712,0.36686936
0.27877712,0.24016811,0.08081919,0.08460665,0.2082169,0.23242672,0.31073132,0.27274296,0.10040532,0.046791386,0.010415811,-0.0042817323,0.0028109103,0.09823295,0.24131557,0.24328804,0.26804948,0.09748703
0.09973104,0.19462287,0.017398292,0.290842,0.16091147,0.16558343,0.20787679,0.28792328,0.34499016,0.066350624,-0.11453297,0.12308748,0.32753962,0.04789941,0.13045011,-0.057480298,0.11003645,-0.09852376
-0.0059792977,-0.21016592,-0.14512071,-0.068298675,-0.14934996,0.10357971,0.050649375,-0.19985564,-0.128699,0.12758088,-0.03637518,-0.040962264,-0.16476262,-0.11852216,0.070470065,-0.15628281,0.005107379,-0.103406616
0.26520234,0.38680652,0.17538306,-0.2029982,0.43449393,0.33008873,0.049971238,0.4497205,0.3661188,0.22272626,-0.028219037,0.2777428,0.021935407,0.1944955,0.15432122,-0.11432173,0.16743599,0.007033753
0.04673668,0.3906803,-0.049379904,0.02116859,0.33073044,0.3574329,0.28102404,0.40371728,0.30914074,0.17922708,-0.047331568,0.28262708,0.1921902,-0.035065964,0.26649806,0.04785069,0.3519817,-0.045894805
0.15734002,-0.15480188,-0.20670474,-0.04580635,0.036795568,0.035580076,-0.15297773,-0.14864498,-0.049346603,0.15399528,0.06539272,0.034894038,-0.2997271,-0.003513584,-0.001493559,-0.13772853,-0.04392514,-0.21259421
0.06293942,-0.04584045,-0.2151689,-0.01564853,0.015847903,0.09121592,-0.030255385,0.2436263,0.19155005,0.23893404,-0.061988562,0.15982048,-0.14099574,0.028505532,0.028431714,-0.30448467,0.058003657,-0.21796441
-0.1473759,-0.018513765,-0.26964283,-0.036167055,0.056456845,0.14971286,-0.09873041,0.07276435,0.027615255,0.118592724,0.22703324,0.10747513,-0.26669925,-0.1958853,0.059046924,-0.17727768,0.1839402,-0.08515243
-0.0137859825,0.34153873,0.036768913,0.22713003,0.2548706,0.02844525,0.29219007,0.11556737,0.2110216,-0.081578195,-0.038527787,-0.15225962,0.4101436,0.05688686,0.10200045,0.16810204,0.034022544,0.13656783
0.16137564,0.10843654,0.07876155,0.19371733,0.14043073,0.14989203,0.15563676,0.3560387,0.23697974,0.17066598,-0.0571575,0.16379601,0.29427105,-0.042957082,0.06496359,-0.13195969,0.05761742,0.018963395
0.070757136,-0.04645208,-0.23011196,0.29116836,-0.113826886,0.0035369787,0.102892876,0.09360494,0.1462674,0.14755611,0.0334291,0.26808435,-0.13695681,-0.06236682,0.21587133,0.027447656,0.31367415,-0.12340203
0.287552,0.1035544,0.15200034,0.12811378,0.007811229,-0.06997733,0.026138686,-0.010567292,0.27370864,-0.17343703,-0.047393,-0.13589017,0.3084857,0.13483295,-0.028876211,0.01212209,-0.15120086,-0.01989142
0.26560682,0.13277131,0.013046715,0.052349523,0.07171507,0.2177124,0.15707876,0.12438376,0.15342557,0.057617083,0.07801738,0.025759779,-0.11673518,-0.039390896,0.14158764,0.3115168,0.17404276,-0.042609572
0.008124797,0.22822842,0.07030035,-0.08329343,0.2659065,0.25652564,0.24729203,0.19215217,-0.12148976,0.011523173,0.21052909,0.05605375,-0.16063318,-0.058228098,0.09970532,0.18956998,0.34303552,0.37984234
-0.095349595,0.050297175,0.061036743,0.0045439927,0.1325112,0.021562515,0.22355819,0.043685265,0.14180043,-0.0011665032,0.3754561,0.07634458,-0.13795242,0.11977723,0.24267422,0.27356637,0.30272374,0.38966396
0.058422137,0.2875877,0.22393014,0.13440873,0.17299788,0.43111396,0.19055277,0.24916506,0.118492514,0.121728905,0.03984954,0.23827347,-0.18457673,0.18574463,0.19285245,-0.092787385,0.2608859,0.018590916
0.01767813,0.075377226,-0.16118181,0.30595952,0.017842658,-0.08548096,0.1511697,-0.018860254,-0.0062463945,-0.10883771,-0.0861071,-0.18940172,0.2483287,-0.10611519,-0.14801776,0.17237608,-0.102981344,-0.10150416
-0.015667636,0.3352872,-0.12970068,-0.17091253,0.25460103,0.3371782,0.22505265,0.4843306,0.23476219,0.23860109,-0.049633764,0.31802642,-0.10587409,0.028477218,0.35622907,-0.09390636,0.4838026,0.03541669
-0.052681223,-0.2297058,-0.12104815,-0.16699708,-0.24019748,0.084900096,0.19009985,0.24198362,0.13245456,0.15448996,-0.011051694,0.1159192,-0.063792706,0.03376164,0.21355978,-0.057060428,0.16903165,-0.05591502
0.19262432,0.3661948,-0.0036817407,0.08225594,0.30655575,0.25414497,0.16770977,0.48269093,0.3048743,0.14110497,-0.062231578,0.20378757,0.012700353,-0.1356756,0.26400277,0.15297307,0.36775237,-0.12926543
0.013778119,0.16431549,-0.049488083,0.11577087,0.071415514,0.34076285,-0.03204753,0.12674692,0.18348749,0.094386294,0.104913965,0.19182095,-0.15468818,-0.1495517,0.14522463,0.1019918,0.20836133,-0.22396985
0.28385943,0.026099298,-0.13071804,0.11796315,-0.027336882,-0.0549428,0.24480532,0.23216733,0.14091499,-0.012390867,-0.09034063,-0.07613215,0.31965005,-0.04594955,0.089090854,0.12981433,0.076201096,0.012004163
0.04731977,0.19019042,0.016182167,-0.03256969,0.19678378,0.30672207,0.22721556,0.15148677,0.001840624,0.018081851,0.19639677,0.082267776,-0.052982774,0.13856372,0.14586215,0.03226655,0.32350552,0.4039979
0.4414497,0.35261548,0.33944833,0.0612016,0.25265968,0.11739558,0.15636393,0.115198046,0.21101804,-0.15696,-0.04056054,-0.18454148,0.40006498,0.091854945,0.024630705,0.21193817,-0.14889166,0.09078337
0.37490326,0.46848074,0.24745971,-0.017264247,0.47006345,0.25799102,0.16796139,0.3818473,0.452458,0.12247194,-0.061949328,0.12050378,0.088763,0.11361244,0.3218705,0.1550596,0.25505596,-0.039620925
0.011686014,0.27941617,0.37589175,0.29734153,0.24945083,0.11696933,0.12076987,0.15873995,0.24688958,0.21523593,-0.05579614,0.19996548,-0.18690348,0.4152887,0.12014096,-0.10595079,-0.0029916589,-0.037473302
-0.0076812855,0.32391864,-0.03362071,-0.019221742,0.24598578,0.27302334,0.3118862,0.37403747,0.028689254,0.1371179,-0.0018314756,0.1982347,-0.015626928,-0.15904868,0.26316556,0.11619193,0.42154127,0.08934112
0.1815525,0.3742614,0.08046183,-0.0037144586,0.23700385,0.41595057,0.19112594,0.32036626,0.21021587,0.14670756,-0.09123255,0.28302854,-0.045237366,0.06530161,0.27460617,-0.025056828,0.3692112,-0.027332708
-0.026372653,0.3737952,0.075071335,-0.016970832,0.31588018,0.2876662,0.28606933,0.45019075,0.08291429,0.14707181,-0.04602001,0.26499438,0.027285166,-0.049320426,0.27968115,0.039029166,0.43959147,0.20188898
-0.05304203,-0.17624411,-0.1826933,0.021923304,-0.09984468,0.21067998,0.008383711,-0.08910759,0.005983013,0.13140629,0.30293053,0.12044141,-0.35344088,-0.05714886,0.10729307,0.1974788,0.1886376,-0.095068775
0.124224864,0.40204576,0.14375582,-0.019942483,0.39995855,0.343199,0.1424011,0.29118836,0.21976602,0.15575375,0.19035357,0.25782958,-0.1261856,0.106127135,0.23626508,-0.01243568,0.2960301,0.14636391
0.06825865,0.0062991576,-0.27116847,0.16368559,-0.03358218,0.14603165,-0.08815469,0.2519673,0.25196955,0.15242065,-0.07759087,0.21204236,-0.053666636,-0.23476915,0.10724493,-0.13008453,0.2391431,-0.28708598
0.03582454,-0.33894682,-0.30858046,-0.17791626,-0.258016,-0.080137275,-0.32732642,-0.25538564,-0.109682426,0.08990647,-0.06616006,-0.113470435,-0.27132952,-0.007296875,-0.27567774,-0.32494882,-0.30833915,-0.307714
-0.046834834,0.058382947,-0.076711595,0.04456751,-0.0070142522,0.33722287,-0.091111295,0.17885146,0.3165852,0.16663608,-0.13277143,0.28397116,-0.2702825,0.14675905,0.1427193,-0.24454986,0.19090956,-0.30916083
0.21810381,0.26759565,-0.10905191,0.08914615,0.24372683,0.317784,0.0582107,0.3082797,0.12162271,0.24794577,-0.08258747,0.29817945,0.020318037,-0.16455755,0.17177689,-0.1319103,0.30304736,-0.111566916
-0.19471315,-0.1650172,-0.30629265,0.048983537,-0.27026927,0.012949629,-0.3059569,-0.050473332,-0.090956286,0.14978546,-0.124770954,0.2091681,-0.14296106,-0.30677265,-0.106663644,-0.2891671,-0.010193292,-0.21744196
0.08491719,0.16753729,-0.15675421,-0.02761538,0.040980138,0.31884623,0.056336585,0.2318477,0.20321135,0.22326282,-0.053444967,0.2116673,-0.22633895,0.18092112,0.21821643,-0.22665083,0.23021623,-0.19253482
0.3795442,0.22900552,0.029611893,0.11137521,0.1964258,0.2717644,0.085885614,0.32381037,0.19351843,0.14291045,-0.12714759,0.17033866,-0.046260707,0.06295256,0.074435584,-0.105198234,0.22122478,-0.20564409
0.10619137,0.43188056,0.22497387,-0.13722508,0.3681364,0.5197139,0.17762408,0.29505312,0.3536368,0.12792616,0.078574374,0.23208115,0.029490862,0.1556426,0.27689117,-0.01728769,0.23217401,0.06706619
0.34929296,0.23849589,0.26826006,-0.11325174,0.24846527,0.26685262,0.24667935,0.07478745,-0.01579558,-0.13182467,0.20268914,-0.11309004,0.055896446,0.07102352,0.08637143,0.2789182,0.11908917,0.36622295
0.13943723,0.2891121,0.24124211,0.022766339,0.313169,0.20659825,0.22485878,0.18271452,0.0820716,0.07632807,0.15583992,0.15623742,-0.09830251,0.08956039,0.23984599,0.08054279,0.33208805,0.36914212
0.019948013,0.38246167,-0.008912362,0.03648659,0.33892485,0.31268623,0.28915936,0.5055089,0.30387038,0.18074596,-0.123757936,0.23253971,0.0071270056,-0.04888129,0.36673385,0.05619748,0.46462455,-0.07779962
0.3409263,-0.11068624,-0.18456785,0.32107365,-0.15127598,-0.05060441,-0.1673808,0.01666303,0.0880149,0.12618285,0.01158057,0.14214233,-0.13602002,-0.16314946,-0.103713535,-0.14510289,-0.012197833,-0.23450795
0.28685763,0.12449438,0.14367197,0.20041701,0.07566619,0.21169674,0.16103399,0.18037969,0.052986152,-0.04881384,0.10263998,0.020610597,-0.038152844,0.12925424,0.11748738,0.048129022,0.14700557,0.0682788
-0.027878813,-0.1681776,0.056498308,0.07113298,-0.09318289,0.13908206,0.37454474,-0.10740212,0.0048847436,-0.0504011,0.3948462,-0.12108821,0.007201715,0.1195346,0.19907898,0.294905,0.18060303,0.4904703
0.26568082,0.29870936,0.26533133,0.030596077,0.28828502,0.26469046,0.17962712,0.41274127,0.28765595,0.10686027,-0.11928632,0.17678565,-0.05389095,0.14737561,0.26463443,-0.030222524,0.3286565,0.025983687
-0.034231592,0.32250905,0.0067458535,-0.054440673,0.24844354,0.45757982,0.17951587,0.46373552,0.15612945,0.23307723,-0.095443904,0.34842664,-0.11712692,0.00688076,0.15556493,-0.12983873,0.2797686,-0.18310946
0.087309696,0.31497258,-0.12314816,-0.06877941,0.27113122,0.35334516,0.22492221,0.46587694,0.20425534,0.22711661,-0.1387867,0.22158304,-0.045954864,-0.11118932,0.32095423,-0.04855559,0.44438317,-0.10296761
0.52884495,0.27789444,0.009163041,0.0863455,0.27384818,0.22224754,0.04442364,0.29741454,0.24307609,0.1270659,-0.12469801,0.1518487,0.15109357,0.012289772,0.15949562,-0.07990579,0.1983402,-0.10264309
0.16178113,0.05168417,-0.13617778,-0.22077397,0.11481896,0.25874302,-0.05637493,0.25560498,0.21679646,0.2379816,-0.026219662,0.15869986,-0.23798054,0.19577453,0.16820732,-0.2931993,0.14905903,-0.09401144
0.31167328,0.013312829,-0.09683913,0.1505065,-0.013990281,-0.106127486,0.12155096,0.08270826,0.28070953,-0.028579324,-0.077259436,-0.056909323,0.380692,-0.07944873,0.0702378,0.05921592,-0.040213287,-0.06898968
0.09830253,0.19142458,0.047165595,0.057538588,0.16788796,0.31636465,0.21217489,0.23102349,0.05514642,0.084235296,0.17859665,0.23955284,-0.07651328,0.021484256,0.2015925,0.19954693,0.32769707,0.09975242
0.12215398,-0.0026403135,-0.20839383,-0.11259392,-0.034852926,0.12193057,0.0820809,-0.033106014,-0.02882998,0.07587865,0.21197638,0.05783854,-0.13620076,0.14291708,0.059263483,0.09491421,0.100904435,0.024508134
0.28783947,0.3044614,0.26736227,0.2498168,0.2785657,0.22822458,0.21585667,0.1992149,0.27799278,-0.020625673,-0.11105049,0.013419259,0.42574257,0.050157204,0.09022124,0.06055423,0.007820502,0.04223324
-0.015746938,0.1433511,-0.18830723,-0.03589104,0.0932516,0.2777144,0.1461666,0.23700562,0.123670995,0.21380368,0.14712763,0.23784658,-0.16030517,0.32500052,0.18898298,-0.13884261,0.20375897,0.037367955
0.36090842,0.332488,0.12279098,0.09775221,0.27366203,0.3584453,0.090104125,0.39633963,0.22183497,0.12830725,-0.069854796,0.1840892,0.057074983,0.019370249,0.22337976,-0.09035663,0.23737392,-0.04102417
0.44275978,-0.29157335,-0.2999704,0.06721382,-0.31933329,-0.10665162,-0.17655474,-0.11622651,-0.16975057,0.17025128,-0.016691681,0.070650086,-0.18853612,-0.19210497,-0.13047396,-0.11711531,-0.12493629,-0.2967832
0.028627418,0.38326058,0.059364554,0.006833323,0.24851893,0.34532174,0.044157576,0.26301068,0.21836728,0.027525896,-0.08358885,0.10369406,-0.102392435,0.06455782,0.13923122,-0.08274871,0.19338886,-0.11053926
0.40435296,0.29066095,0.255435,0.30014047,0.20799129,0.018108208,0.1909269,0.18369493,0.30343077,-0.0978626,-0.15033159,-0.042707987,0.46084952,0.022522338,0.07308421,0.041150507,-0.019618038,0.04005442
0.2845711,0.05266854,0.057516553,0.15152976,0.11327432,0.23729806,0.35226727,0.24199927,0.013241958,-0.047434814,0.08204597,-0.08136194,0.12282023,-0.06586168,0.13856065,0.41295615,0.2499925,0.15465905
0.31660116,0.1678217,-0.083695926,-0.21546501,0.17210244,0.24223854,-0.079931036,0.24670208,0.21930362,0.177915,-0.0813951,0.165892,-0.15784271,0.108002365,0.10532984,-0.21662399,0.11559678,-0.21597102
0.13078198,-0.028450044,-0.10130427,-0.070023455,-0.0037306938,0.16973287,-0.085701935,0.16424635,0.022389352,0.1852903,0.19459033,0.15517241,-0.30824298,0.17009977,-0.028657973,-0.2881835,0.087861,0.10113828
0.13799378,0.30853677,0.10131325,0.28073445,0.20277856,-0.05676546,0.26496255,0.21485376,0.31040242,-0.08329332,-0.09402657,-0.06794024,0.47297537,-0.025915172,0.14275351,0.12950328,0.044512697,0.065189034
0.13454024,0.282539,0.09441213,0.051942505,0.28646037,0.29362425,0.1490303,0.27031344,0.3128475,0.17780992,0.0117405895,0.32914564,-0.09500712,0.15626356,0.27749228,-0.039758563,0.26654932,-0.0374088
0.062016644,0.3597353,0.10701513,-0.06000223,0.25160804,0.34905905,-0.00947291,0.22495832,0.07355979,0.09519634,0.06349522,0.19157574,-0.23997898,0.14311156,0.19313185,-0.093958504,0.22794998,-0.008624589
0.5361568,0.1422085,0.021668421,-0.036456425,0.13162394,0.30251804,-0.020192085,0.17296301,0.22619697,0.19351308,0.034983028,0.21532214,-0.16700983,0.040186018,0.062517755,-0.166112,0.1072833,-0.14777026
0.31356388,0.3169339,-0.029562388,-0.06017194,0.24353473,0.23743564,0.2378824,0.49422622,0.040255524,0.15608925,-0.077626795,0.16039215,0.040527027,-0.1469439,0.18072677,0.15339583,0.3601757,0.006896246
0.37874904,0.29958585,0.06799023,0.08802172,0.23207414,0.28990692,0.23241942,0.26447645,0.26535106,0.022055376,-0.017541297,0.09078044,0.081556514,0.042410184,0.24030145,0.22769143,0.31258544,-0.03984774
0.029377282,0.20133111,-0.21884677,-0.05022899,0.16682616,0.33135566,0.04207499,0.28312394,0.16971704,0.29619947,-0.10176973,0.16953406,-0.2780627,0.08556789,0.18928635,-0.3107764,0.20643955,-0.25065958
0.05609139,0.32875246,-0.09085189,-0.07858431,0.22186384,0.4062864,-0.05415497,0.24412219,0.1700451,0.18107158,0.048837636,0.38982993,-0.09428245,-0.010523474,0.15297198,-0.117815375,0.25655204,-0.12633504
0.124592416,0.16830425,-0.031493366,0.26625365,0.050604705,0.016393157,0.21052681,0.22530265,0.04220753,0.0077511165,-0.18405506,0.025946079,0.10438711,-0.1030736,0.060573403,0.09583402,0.15834501,-0.10158385
0.24826074,-0.19676012,-0.0608368,0.38299662,-0.22561646,-0.15879431,0.28066546,-0.10808653,-0.029316153,-0.11594233,-0.024708236,-0.23532593,0.13359877,-0.07402612,0.026711022,0.15093422,-0.033867568,-0.009110129
0.26613295,0.29476678,0.06647036,-0.04296138,0.3060003,0.26106974,0.09786968,0.303664,0.15262038,0.19078344,-0.16077265,0.076068506,-0.060311142,0.0334825,0.023997411,-0.1944522,0.051570952,-0.17338821
0.020622896,-0.28723377,0.007264089,0.29886207,-0.26942718,-0.06340021,0.26399437,0.023008473,0.08617669,0.07371473,0.041530486,0.09639524,-0.07886997,-0.035058007,0.38237104,0.083179906,0.30566213,0.016171558
0.075168416,0.36224043,0.0127045,0.04088012,0.20882364,0.39991355,0.19408686,0.3385371,0.21753903,0.21497701,-0.048788674,0.3548528,-0.16322276,0.13683411,0.28006864,-0.0431462,0.37944406,-0.114489116
0.020978684,0.2469692,-0.09108722,0.15974844,0.16252786,0.21568666,0.32065263,0.29800776,0.22719859,0.003282105,0.06185881,0.119102366,0.36509082,-0.06294973,0.16773671,0.14901856,0.24192351,0.09728867
0.34986243,0.059420753,-0.20200041,-0.0055904095,-0.012722926,0.11834584,0.19050714,0.3204366,0.10215361,0.21665679,0.031578053,0.22273892,-0.061552256,-0.12971587,0.27109194,0.17351949,0.3162648,-0.11829208
0.4006886,0.1474913,0.34862918,0.4068842,0.14126399,0.13030176,0.24821438,0.16969624,0.4851973,-0.04835739,-0.06532397,0.080327556,0.4092691,0.08264089,0.19667302,0.19470207,0.12579545,0.08949306
-0.20075923,-0.21777597,-0.20687366,0.13847452,-0.15603307,-0.22916771,-0.19226189,-0.38438988,-0.16263531,0.031261288,-0.015240838,-0.1481663,-0.09401968,-0.10971395,-0.08742854,-0.15148523,-0.24298263,-0.08386883
-0.032890216,0.3041858,-0.12836893,-0.114995696,0.2732333,0.4270298,0.12018865,0.1668654,0.03330236,0.26670736,-0.05652778,0.1670233,-0.15407926,0.09277138,0.17533189,-0.17440161,0.17829782,-0.15714648
0.012672111,0.3073722,-0.015669782,0.19228539,0.23433542,0.22290148,0.273897,0.31792325,0.14559576,-0.03433017,-0.050489582,0.0034510985,0.41865307,-0.13677877,0.16100347,0.10893129,0.19342132,0.12854862
0.30347583,0.19925381,0.16809116,0.052315556,0.16181678,0.10553473,0.29465532,0.295305,0.19192532,0.11927977,0.055830043,0.2887869,-0.028702788,0.009616086,0.3944272,0.124347314,0.50914913,0.2808289
0.16121075,-0.16932952,-0.059557892,0.17399202,-0.22613402,-0.08306173,-0.119201854,-0.060147066,0.08688484,0.047335096,-0.057832554,0.03843014,-0.13125655,0.11213686,-0.054750476,-0.101881616,-0.13818637,-0.27377632
-0.10277876,0.06550136,-0.35873288,-0.06108086,-0.03173434,0.20910984,-0.25345278,0.071552575,-0.056420192,0.20305634,-0.08273859,0.16582991,-0.2468421,-0.18050359,-0.21412995,-0.32265854,-0.0775993,-0.3209811
-0.08467577,-0.18262391,-0.11951882,-0.065475486,-0.12803653,-0.09959531,-0.27801567,-0.08412996,-0.15753363,0.095703766,-0.03811276,-0.033313427,-0.25436544,0.032196466,-0.34334376,-0.2952985,-0.3513022,-0.17287391
0.05771806,0.38527402,0.5171915,0.17245218,0.42181328,0.27978402,0.28831923,0.13561615,0.1726329,0.0068198205,0.054518312,0.005266616,0.0018592626,0.6114938,0.27903008,-0.0108104665,0.07462087,0.32879686
0.015616971,0.00819118,-0.18001795,0.2910967,-0.036907475,0.14670831,0.12805393,0.27094272,0.1397709,0.06211689,-0.002227425,0.16723983,0.003348001,-0.2511693,0.2640649,0.17314786,0.41628763,-0.11313653
0.15390417,0.20178327,0.15775949,-0.115454376,0.24065337,0.22286242,-0.044066988,0.058451094,0.25346345,0.011597075,0.14001337,0.08037264,-0.22870186,0.26715887,-0.024401471,-0.014770164,-0.024559151,-0.102473594
0.015109985,0.21292076,-0.11377745,0.02778493,0.17041966,0.27471152,0.28694996,0.36457732,0.06601112,0.09866208,-0.085811555,0.046325818,-0.013775388,-0.2736105,0.24313715,0.20505679,0.3889472,-0.08684161
-0.06793506,0.13959384,0.14118087,0.09861104,0.19453265,0.22194634,0.29111362,0.035142742,-0.022856556,0.021210443,0.338131,0.067083046,-0.05920687,0.17287767,0.26176482,0.1861619,0.33093852,0.5122801
0.24456137,0.24403003,0.3856835,0.22640234,0.25705582,0.21938756,0.3556022,0.123623736,0.016831392,-0.17237799,0.1642615,-0.18220693,0.527761,0.06029909,0.116428,0.38468713,-0.024457725,0.43999037
-0.10364322,-0.040706743,-0.16447261,0.09878495,-0.051808752,0.20600143,0.23711324,0.24399516,0.019158667,0.029971678,0.13463818,0.048989147,-0.045384698,-0.07026188,0.15917598,0.26636183,0.28267017,0.071064524
0.18063273,0.29966292,0.21078724,0.13452479,0.2799734,0.2935029,0.20571092,0.29915237,0.20265962,0.14430402,-0.11231302,0.091385484,-0.12220396,0.36841238,0.21340227,-0.19491959,0.1551989,0.006255741
0.097102255,0.15311232,-0.12399264,-0.16418731,0.14876369,0.22367701,0.028544303,0.2704277,0.06580999,0.24476436,0.1077232,0.17490888,-0.27660564,0.2719783,0.08105254,-0.28633976,0.1620506,0.09903238
0.11285585,0.22995484,-0.14251278,0.066027954,0.22033757,0.09216903,-0.11313311,0.2200755,0.17623225,0.17714614,-0.12760834,0.09272957,-0.041367978,-0.010959991,-0.029996198,-0.24354813,-0.01289563,-0.25411457
0.101096615,0.31738487,0.27212015,0.4305156,0.16929096,0.2383944,0.21807629,0.11142348,0.22381708,-0.0937777,-0.13315293,0.02926512,0.32995057,0.1415031,0.05404526,0.044190202,-0.0007184411,-0.012214838
0.024805713,0.23868981,-0.003164057,-0.047594644,0.23539522,0.4201696,0.14198875,0.1912824,0.17684901,0.176801,0.057076365,0.25953674,0.11840691,0.1255146,0.16587415,-0.08749676,0.1212329,-0.05051578
-0.1028415,0.17702189,-0.32369006,-0.042777944,0.08255179,0.22684577,-0.0003610826,0.23454739,0.21765558,0.23820743,0.045720212,0.28604376,-0.2204523,0.05390409,0.27387726,-0.099323496,0.3266388,-0.18254313
0.04143465,0.32259,-0.041329667,0.11521932,0.2616603,0.30680072,0.31074625,0.49675137,0.29449344,0.18750322,-0.084882915,0.2734459,0.3196086,-0.111972496,0.32056046,0.047361225,0.3817188,0.025206707
0.3418724,-0.30205476,-0.25837508,0.10405098,-0.38730043,-0.07792482,-0.30001417,-0.15851569,-0.17196062,0.1042639,-0.123927414,0.100505486,-0.19167015,-0.30378062,-0.24934712,-0.20454358,-0.14538006,-0.31048337
-0.013288792,0.2327789,0.071055464,0.10112121,0.20177555,0.2887897,0.25894672,0.109168574,0.116602965,0.050522678,0.24282783,0.20669691,-0.14084285,0.17473365,0.28372687,0.18529615,0.4198991,0.29358903
0.5149725,0.034304835,0.023991363,-0.029392831,-0.020555323,0.25665885,0.048790786,0.0772661,0.1108657,0.095567904,0.18074845,0.19300538,-0.19806553,0.03433239,0.23458068,0.119467065,0.27014795,-0.051549047
-0.13638468,-0.3548419,-0.16011268,0.0017866902,-0.47970802,-0.26537013,-0.3503176,-0.21258299,-0.20142676,0.09720763,-0.074303165,0.19287276,-0.23961999,-0.20750844,-0.3001107,-0.26579562,-0.28309727,-0.2525704
0.42916244,0.25530988,0.42935047,-0.06659836,0.26941288,0.30501908,0.23187967,0.22914779,0.15163991,0.027940055,0.20415115,0.08146104,0.0051799603,0.26427963,0.24852826,0.098032504,0.2222896,0.3929634
0.011777718,0.036468457,-0.22477931,0.07197596,-0.023316326,0.18804854,0.07918327,0.4474954,0.08999462,0.24778032,-0.05709075,0.2273793,-0.13433868,-0.04474746,0.13493618,-0.2114338,0.26869637,-0.089021385
-0.028815305,0.17544395,-0.22170992,0.09150613,0.10454175,0.38506308,0.0067746793,0.13748188,0.09719573,0.2171752,-0.03330152,0.16378662,-0.13823096,0.044188235,0.14264286,-0.17096633,0.1452367,-0.21899524
0.15324235,0.15592644,0.048811432,0.28201765,0.11104639,0.22030884,0.26968446,0.06482369,0.008072094,-0.17124741,0.088862024,-0.101056546,0.22563231,-0.08863934,0.058293484,0.397718,0.17707607,0.17105421
0.21905142,0.43440256,0.08088975,0.2646513,0.38431984,0.25670126,0.26355776,0.28312618,0.30582857,0.045803264,-0.11010762,-0.02532688,0.4389984,-0.0039046826,0.1251618,0.16369674,0.04977168,-0.049742192
-0.06697921,0.077731915,-0.29501542,-0.17424645,0.05424079,0.24664405,0.2283419,0.39482808,0.008695414,0.26848385,-0.0021176639,0.28354576,-0.17493111,-0.19846511,0.2724839,-0.07263902,0.48641908,-0.060282
-0.030571971,0.29790056,0.045445524,0.03003398,0.2237036,0.3594221,-0.09816322,0.06660949,0.06827343,-0.04614255,0.1252594,0.095265076,-0.12096718,0.0621264,-0.09908591,-0.044336114,0.027273962,-0.04708717
0.12214729,0.26909292,-0.04007101,0.22807166,0.1382877,0.23700799,0.161818,0.23555458,0.20224714,0.0384196,-0.0573591,0.19560286,0.25755268,-0.049606014,0.13580695,0.024077566,0.2338667,0.0023177192
0.046297338,0.22066304,-0.08316493,0.09377027,0.15397856,0.16201904,0.2560474,0.32759494,0.1734304,0.096334085,-0.07410698,0.036836818,-0.001353702,0.045869954,0.16642693,0.18526179,0.20962426,-0.1217888
0.016249686,0.32085472,0.04173912,-0.17898142,0.23455709,0.36218965,0.35357243,0.38452536,0.21612757,0.10085957,0.044307083,0.19097877,-0.04636773,0.13491142,0.37123615,0.13997589,0.42939967,0.08532098
0.16630143,0.32075697,-0.160497,-0.012354987,0.36151636,0.21230301,0.13589033,0.36107764,0.33735573,0.2501033,-0.14813688,0.19339389,0.017843153,0.008317746,0.18689375,-0.16675663,0.24396741,-0.19861747
-0.1105863,-0.050409846,-0.23489118,-0.1447778,-0.071182586,0.16413036,0.15890522,0.1494739,0.035692975,0.19600624,0.15011448,0.1473312,-0.17714658,0.27122346,0.08742154,-0.19889012,0.08848377,0.0013542408
0.1808392,0.20803598,-0.056844212,0.26153588,0.14152798,0.14494438,0.2159085,0.119022295,0.15669468,-0.012345765,-0.087943524,-0.03469424,0.20859775,-0.043877907,0.03137701,0.042881735,0.11176442,-0.092262834
-0.00769781,0.3407762,0.117880285,0.10244034,0.26661074,0.45526987,0.19974701,0.40605018,0.38149226,0.19894722,0.00034923013,0.30590355,-0.13883823,0.21493474,0.42099378,0.033621058,0.45968947,0.033840835
0.08781993,0.32388225,0.30303612,0.21223131,0.35207215,0.28480262,0.11508637,0.2241768,0.076634966,0.18754786,-0.08523351,0.16144851,-0.08129051,0.22713111,0.08008653,-0.18941467,0.0062127896,-0.020442374
-0.052554533,-0.105956584,-0.235675,0.03469418,-0.19400373,0.30408913,-0.1414634,0.014411292,0.11867891,0.26757896,-0.011976818,0.3179806,-0.21464124,-0.064837866,0.06869796,-0.2286629,0.11674056,-0.2642094
0.043299843,-0.028089592,-0.054390587,0.3896219,-0.09461712,-0.14259535,0.24970806,-0.12409659,0.13856077,-0.17807668,0.024130728,-0.261346,0.36980495,0.060457505,-0.03351766,0.16270792,-0.1766659,0.033038046
0.17098807,0.40622094,0.2925439,-0.03037984,0.35047728,0.25282964,0.14224368,0.40683264,0.41920385,0.01915331,-0.029879875,0.17753609,0.22570217,0.2594766,0.14333014,0.122688726,0.12024785,0.12620053
0.081300795,0.023899108,-0.22168529,-0.0552629,-0.010375249,0.123234324,-0.08571026,0.12528908,0.31261617,0.17306927,-0.036532626,0.114726685,-0.16866231,0.044365328,0.115597025,-0.12217409,0.072919585,-0.30191177
0.053323194,0.26565623,-0.0066755707,0.2566005,0.26708364,0.28147915,0.33532357,0.1926237,0.08630211,-0.0123940185,0.07233538,-0.0618389,0.42999983,-0.12351089,0.13602099,0.3855281,0.12212988,0.115476795
0.023561727,0.2838101,0.07128949,0.13694939,0.26658037,0.31534362,-0.020038782,0.026548617,0.058382187,0.16121574,-0.0286164,0.08329549,-0.18260694,0.16145843,0.005241051,-0.16339947,-0.038879223,-0.20565996
0.011624044,0.15188935,-0.03199742,0.40711442,0.041885257,0.2832557,0.22868916,0.11772467,0.2146922,0.0066318214,-0.022688637,0.07260411,0.31583503,-0.041607074,0.076749906,0.1282602,0.08799289,-0.112728804
0.27495027,0.22718987,0.2234131,-0.05011318,0.28852317,0.2135575,0.32482088,0.20382643,0.12748748,0.07587935,0.18728997,0.10230656,-0.056614667,0.10555243,0.28548563,0.1169299,0.38792312,0.41481888
-0.0028411215,0.071228266,-0.23312804,-0.038385473,-0.016188614,0.2816309,0.16776326,0.45665812,0.112211406,0.23101784,-0.17029798,0.11453353,-0.06975085,-0.076617405,0.09979693,-0.18419239,0.22120288,-0.20496404
0.012884941,-0.015070527,-0.24559513,0.17856348,-0.034320444,-0.04708736,0.30488396,0.20716092,-0.01775067,0.02479595,-0.05636874,-0.024621382,0.13219973,-0.16764358,0.21770242,0.13699454,0.31166315,0.058986355
-0.05513412,0.18815339,-0.15072426,-0.05803035,0.14502044,0.4235843,-0.01111034,0.13596034,0.0071220044,0.2684992,-0.03848781,0.22556654,-0.27682728,-0.1046388,0.0805119,-0.20063917,0.17401303,-0.27496994
0.27186048,0.2543196,-0.0037401405,-0.17009008,0.22947234,0.28372577,-0.07881676,0.24643037,0.15281339,0.18292055,0.0518637,0.28015858,-0.14768726,0.073246375,0.075123176,-0.16828698,0.14989986,-0.076782554
-0.16036561,-0.36069092,-0.28570613,-0.13500775,-0.36182985,-0.02633971,-0.14525709,0.003806633,-0.16059567,0.21237744,-0.10891795,0.15649065,-0.17614293,-0.37974492,-0.024777757,-0.31790257,-0.02035933,-0.22808534
0.021577122,0.114182,-0.15263769,0.21579942,0.10208283,0.07890427,0.2932545,0.2228915,-0.03673672,0.041004926,-0.066785865,-0.12511984,0.06881995,-0.18718511,0.1378692,0.2402472,0.19174832,-0.05172921
-0.03676591,0.091101475,-0.15958732,-0.18487015,0.08151257,0.25313914,0.25874394,0.30124995,0.18867394,0.1821174,0.16488098,0.2400015,-0.015669774,0.06320196,0.31075716,0.093467474,0.33731315,0.04303757
-0.01750843,0.09548864,0.15294889,0.23187163,0.07750568,0.10542563,0.16349605,0.23711693,0.20783046,0.18064785,-0.11598027,0.20406462,-0.11314221,0.17772569,0.3128246,-0.1650071,0.23738836,-0.08987994
0.020214498,0.2999075,0.08027521,-0.06130987,0.19943407,0.42708054,0.109399855,0.33415496,0.21657975,0.14198059,-0.04653886,0.1762951,-0.0868251,0.13855818,0.20181909,-0.18272471,0.20753843,-0.039352424
-0.04727336,0.33483553,-0.09918985,-0.08739386,0.22930846,0.40645394,0.24292886,0.43364334,0.1309614,0.17027566,-0.11132878,0.16311188,-0.048716187,-0.100098334,0.2624229,-0.019042023,0.37922463,-0.07701753
-0.039210804,0.11485834,-0.23011796,0.109990865,0.00969049,0.19619586,0.14734451,0.21408674,0.080374196,0.20182714,-0.0029402855,0.35988545,-0.10113764,-0.09330923,0.13930339,-0.058173172,0.36226356,-0.08717314
0.01615072,0.23610298,-0.1033414,-0.10103661,0.18219602,0.3100366,-0.043466568,0.30718243,0.10237461,0.28821462,-0.07683441,0.3715673,-0.10031869,-0.16720301,0.13620202,-0.24084865,0.23640063,-0.15862632
0.46303028,0.09210383,-0.13359281,0.2231117,0.114741296,0.22441109,-0.06420405,0.1558868,0.12746283,0.26095533,-0.11283169,0.15887788,-0.15136585,-0.14485212,-0.040231064,-0.13788587,0.05146975,-0.30288225
-0.05006016,0.008397315,-0.2638324,0.06254866,-0.07766557,0.24404314,-0.3092126,-0.06416893,-0.058209248,0.111396566,-0.042346813,0.106938004,-0.19657816,-0.18641685,-0.19974332,-0.18136762,-0.091848284,-0.32736856
0.16194513,0.3492727,0.14100708,0.11222535,0.29642493,0.28666002,0.113878846,0.2548539,0.17300752,0.1736832,-0.11584869,0.19414094,-0.15292227,0.15171188,0.19633034,-0.23854415,0.16401544,-0.16533422
-0.031662457,0.37204182,-0.16220345,-0.15464702,0.29954687,0.40642112,-0.06321433,0.275392,0.31937155,0.27340323,-0.01796396,0.3631813,-0.13806036,0.081251696,0.09764628,-0.11304904,0.14903462,-0.2297687
0.13293064,0.2656092,0.004346419,-0.03824779,0.22252937,0.2938258,-0.11246818,0.09590857,0.16635272,0.0900637,-0.16552919,0.1353985,-0.18485044,0.014423033,-0.04938283,-0.2316034,0.04648965,-0.27379963
0.40127352,-0.15765178,0.039870843,0.16444102,-0.18458655,-0.13948633,0.117580056,-0.010827122,0.05216778,-0.177333,0.10116705,-0.1362291,0.39046484,-0.21659712,-0.005479439,0.39042234,-0.048800364,0.21068004
-0.17688921,0.22562581,-0.03383986,-0.102700174,0.12791914,0.32939756,0.17176038,0.40750146,0.16519591,0.21804172,-0.12527291,0.31811094,-0.14181054,0.053457636,0.19024616,-0.24529415,0.301189,-0.11307722
0.07347514,0.37234297,0.16905469,-0.03321124,0.25723273,0.37823159,0.14208177,0.27244303,0.23706397,0.029719038,0.09889477,0.1928489,-0.08473742,0.10321763,0.3709076,0.21404177,0.37599203,0.059187833
0.07388967,0.3705714,0.060005393,-0.089320995,0.37199116,0.34839338,0.32833666,0.46718493,0.1091726,0.24313319,-0.05440274,0.2346743,-0.047826663,0.055217728,0.23590836,-0.07622233,0.38196382,0.10935338
0.11250025,0.32431445,0.079182744,-0.03298483,0.20682171,0.28017056,0.055358224,0.2869807,0.0822496,0.1695523,-0.045506015,0.39738202,-0.17197052,-0.03995904,0.14784655,-0.100437015,0.37180197,-0.0032064866
0.09222556,0.22462481,0.21166798,0.05275265,0.1909022,0.13979161,0.33061796,0.28787684,0.112397335,-0.009867976,0.095629305,0.17954966,-0.06788298,0.020276139,0.36850822,0.24959585,0.4747952,0.15785865
0.13318646,0.25850508,0.18645433,0.016505998,0.2796222,0.32406044,0.012915062,0.15637043,-0.027876973,0.13234805,-0.1762959,0.05603525,-0.20606706,0.07621485,0.04018352,-0.22463566,0.068750575,-0.14086291
0.42321247,0.085115075,0.25850794,0.260332,0.044113215,0.15126422,0.10380593,0.17153545,0.27348518,-0.018742867,-0.07170623,0.026059728,0.08974947,0.11204542,0.091948576,0.10530405,0.0069196215,-0.11623151
0.20021123,0.33975008,-0.007023168,0.22670728,0.3665919,0.20658629,0.003659238,0.16628562,0.21896102,0.14923719,-0.002591461,0.13401869,0.18874443,-0.0620905,0.12914795,-0.008212453,0.08109909,-0.08188973
-0.10447956,0.29398438,0.17697164,0.24759983,0.16507906,0.29968697,0.20262614,0.19709663,0.32157677,0.1645982,-0.13811582,0.2366342,-0.1654855,0.27225673,0.17926507,-0.10411451,0.17108649,-0.19773856
0.06158983,0.21879768,-0.13594753,0.061750226,0.1605796,0.17389905,0.28639945,0.33140188,0.23781163,0.06530621,-0.027963515,0.15619084,0.25045744,-0.10242357,0.28903943,0.09598987,0.38529772,0.056553014
0.39704496,0.20392576,-0.04389681,-0.018585596,0.17854509,0.44818658,0.012164251,0.30254668,0.022995615,0.27304688,-0.049205825,0.30182928,-0.075323075,-0.16730955,0.049838085,-0.14871281,0.19171709,-0.22110572
0.20431694,0.29599065,-0.012109105,0.045513496,0.23174581,0.23004326,-0.03511723,0.3356758,0.33145803,0.21948704,-0.0644685,0.30569857,-0.1702258,-0.1076518,0.16026312,-0.11630808,0.2426854,-0.25617537
0.047526676,0.26780853,-0.054946527,0.0320011,0.26363254,0.06863913,0.3436143,0.28728914,0.027628748,-0.0044032475,-0.0042389357,-0.081251174,0.18752994,-0.08705814,0.27462345,0.26562825,0.3215941,0.24182223
-0.08310388,0.26711547,-0.11920506,-0.07679272,0.15032557,0.37572056,0.12698317,0.45416516,0.13303137,0.17356122,-0.056999937,0.2013191,-0.052787118,-0.072413824,0.3170932,-0.057293754,0.37373504,-0.08310751
0.258762,0.13463895,0.12481472,-0.02312444,0.17746109,0.2761047,-0.015582766,0.20078838,0.10728718,0.18661922,-0.034771226,0.1672581,-0.15060402,0.04277941,-0.0059695193,-0.23614077,0.04297401,-0.12188148
0.0020228177,0.23017168,-0.12460704,-0.03037249,0.20121129,0.29546154,0.2697068,0.39308232,0.23948306,0.20943105,-0.10625616,0.24263886,-0.06465829,-0.001490891,0.27067515,-0.059580468,0.41706234,-0.102732435
0.34535614,0.17432716,0.23448814,0.029390253,0.22165376,0.34688747,0.029500185,0.18383351,0.17564645,0.19799557,-0.08574544,0.1357864,-0.22539982,0.12723985,0.16287443,-0.1438928,0.13320503,-0.13585854
0.09251099,0.34458148,0.103907175,-0.15853246,0.32650822,0.21732187,0.20963383,0.44095388,0.11295636,0.16865794,-0.026675105,0.12291972,-0.037671268,0.08247129,0.19102743,-0.16224596,0.21902668,0.16726983
0.2527782,0.332085,0.45605788,0.32838112,0.318145,0.20656835,0.29535934,0.20755583,0.34252945,-0.02393167,-0.01795585,-0.0067980564,0.5036904,0.3138519,0.18614343,0.13348761,-0.076101676,0.27613366
0.054871924,0.2648217,-0.022401165,0.077997215,0.22581528,0.3387515,0.22205979,0.33553776,0.1778211,0.22937214,0.05257655,0.21895462,-0.09491333,-0.03656356,0.3052227,-0.043354504,0.3263049,-0.033480234
0.09751783,-0.26197857,-0.017488873,0.15214938,-0.23509382,-0.16016296,0.23225576,-0.15121987,-0.076233186,-0.17724249,0.19518505,-0.3021309,0.40353101,-0.13646619,0.0013433564,0.36691114,-0.14506263,0.31905282
0.11684276,0.13148618,0.032710467,0.27407908,0.062725775,0.16107722,0.36483866,0.23127599,-0.025394432,0.016136104,-0.09341105,-0.011070758,0.1501486,-0.14463107,0.08187716,0.21255574,0.20104823,0.002802886
0.04448235,0.2994578,0.06983184,-0.02865337,0.21113963,0.45214313,0.30547187,0.3139193,0.118753575,0.16799136,0.020266656,0.34357625,-0.07365318,0.1314789,0.2520049,-0.041644618,0.40313455,0.08166437
0.090127185,-0.026493734,0.12778167,0.3358624,-0.09087893,0.08643527,0.19888723,0.113998316,0.07630192,0.05282159,0.09422067,0.23763825,-0.11297477,0.13471204,0.20542973,0.08799228,0.29530418,0.114353314
-0.020912252,-0.042548582,-0.17583597,-0.18853334,-0.0486496,0.15225333,0.18955716,0.26264426,0.21350744,0.123569116,0.12089829,0.2560166,-0.06310075,0.05465725,0.3001516,0.054775454,0.42670417,0.088755324
-0.03673951,0.17232078,-0.09957503,-0.1118592,0.11127172,0.39811307,0.18077093,0.3849716,0.09748073,0.21436208,-0.009499259,0.19937493,-0.2597879,0.048404027,0.25750464,-0.11446507,0.3719139,-0.06546365
0.036232747,-0.028408695,-0.2073316,0.087628886,-0.069625415,-0.0001249304,0.14448717,0.14544551,0.047042817,-0.021062844,-0.03973848,-0.11080313,-0.073574096,-0.13763924,0.10536372,0.2148397,0.17645796,-0.14710006
-0.017023323,0.046102297,0.05922508,0.12911773,-0.046948016,0.32824075,-0.02895938,0.048530042,0.19878812,0.08443586,-0.09358828,0.17605636,-0.25013036,0.007971139,0.059023783,0.011335375,0.1425738,-0.31751436
-0.0046390425,-0.09074635,0.2514919,0.15335391,-0.068688646,0.05177541,0.2166428,0.09909512,0.22199565,-0.03336179,0.13129383,0.039771624,0.16248913,0.04254029,0.10714662,0.21217704,0.032089908,0.12574811
0.21093841,0.32416517,0.38222462,-0.032343615,0.25843838,0.3712551,0.2586184,0.12715569,0.124467626,-0.09020886,0.16081566,-0.0014709067,-0.02537546,0.33607423,0.24140386,0.12346845,0.17056152,0.27114683
0.09534487,-0.10898009,-0.15566726,0.28313345,-0.17155153,-0.21567318,0.1377944,0.014530903,-0.022693027,-0.09416781,-0.15131652,-0.19925876,0.2983479,-0.28939027,-0.1243296,0.08384479,-0.059522457,-0.07050104
0.23125426,0.27695283,0.068079405,-0.10977262,0.2359228,0.26542938,0.009750346,0.3993048,0.19369349,0.11085952,0.042769615,0.30146223,-0.12054561,0.030307913,0.16860941,-0.078501895,0.33174664,0.031271454
0.062343694,-0.0053683138,0.13978761,0.15889643,-0.025481947,0.07444463,0.28435683,-0.02523127,-0.06448602,0.024723705,0.26585627,0.11099355,-0.14771348,0.12749219,0.15993306,0.17255124,0.2748766,0.3919382
0.42586932,0.16882709,0.3533867,0.11888001,0.1106141,0.11772993,0.39710638,0.10155974,0.14114062,-0.20447156,0.044818677,-0.19118354,0.5031502,0.04571789,0.11239872,0.28529948,-0.027983405,0.2849552
0.028757451,0.33533835,-0.10014042,-0.07481482,0.20306543,0.3880214,0.061072163,0.33921874,0.19160384,0.19393305,0.035107806,0.309533,-0.2243403,0.094060004,0.22575551,-0.16396934,0.3307264,-0.13232158
-0.0666721,0.035948135,-0.3142562,-0.1321783,0.006633628,0.2247563,-0.0037136804,0.30529165,0.03642045,0.09143062,0.08995858,0.07776976,-0.1568678,-0.13293174,0.15603164,-0.056290258,0.27289635,-0.098585024
0.01694246,-0.05704625,-0.35246247,0.025124397,0.010850835,0.08384191,0.034199275,0.19850655,-0.08470859,0.25583273,-0.0730467,0.011171119,-0.2771798,0.04471913,0.108367406,-0.2954023,0.10350692,-0.20263076
0.18951713,-0.051572815,-0.33468375,0.13702911,-0.10980509,-0.06365342,-0.05045523,0.20310791,0.009092998,0.11407922,-0.09135935,0.16539787,-0.0640084,-0.35125235,0.008391707,-0.0042213877,0.2004512,-0.2723498
-0.090203226,-0.03282688,-0.17797957,0.3129496,-0.090543985,-0.04498191,0.13917929,0.13259736,-0.023178874,0.09745531,-0.104792446,0.10379975,0.05221746,-0.18030763,0.038805403,0.02552387,0.14097053,-0.14893779
0.17205894,-0.05748292,-0.10536204,0.1209227,-0.06688006,0.06723255,0.33391842,0.05558053,0.06338163,-0.027646478,-0.021411553,-0.2087465,0.21638153,-0.07257528,0.07114476,0.24335885,0.018051527,-0.033373017
-0.040907692,-0.2334505,-0.20701589,0.27830786,-0.32159263,-0.19149989,0.036563803,-0.08089495,0.07187338,-0.06420824,0.00074841455,-0.0851272,0.38617992,-0.13603687,-0.12059742,0.14702958,-0.2003304,-0.057519212
0.024624998,0.24237481,0.28549618,0.25998706,0.16794288,0.27433693,0.22593322,0.25384295,0.14339572,0.15029544,-0.17189309,0.09558929,-0.09304218,0.30243754,-0.002063179,-0.24760929,-0.00809645,-0.102677286
0.13053775,0.21904445,0.0012906371,0.40790614,0.08365169,0.18746856,0.09343725,0.12836683,0.2405459,-0.054480024,-0.15870717,-0.0208583,0.22909477,-0.1034187,0.005976253,0.08184813,0.059702486,-0.21511008
-0.13270965,-0.021254612,-0.02662332,0.26987237,-0.021844856,0.2026578,0.093052,0.16915001,0.102218874,0.08980211,0.28030503,0.2652235,-0.21481264,-0.17695454,0.09956321,0.15488265,0.26986462,-0.061916694
0.05824777,0.24267861,-0.07910782,-0.035808194,0.20820963,0.35813,0.025367722,0.2919905,0.11775887,0.23945937,-0.056069367,0.20525363,-0.11747909,-0.0982512,0.12634015,-0.24817605,0.2111126,-0.16011357
0.26448536,0.39706576,0.16248369,-0.038604025,0.39468712,0.3342138,0.22064435,0.3715545,0.25796336,0.09632708,0.037271902,0.14204133,0.014536942,-0.10032706,0.27201927,0.17803955,0.36010122,0.11696751
0.35535198,0.40885758,0.20873757,0.17585984,0.29887053,0.18003346,0.24865884,0.34117323,0.3727382,-0.033199027,-0.14373344,0.040038735,0.4406387,-0.029993545,0.2184057,0.15926614,0.1758996,0.028367601
0.43053216,0.19768187,0.11839428,0.030110981,0.17301264,0.13895705,0.19971621,0.14725138,0.1611306,-0.14486265,0.090450734,-0.12847252,0.25832957,-0.11298972,0.14842597,0.46600553,0.12993175,0.11876683
0.45326638,0.06950937,0.36483413,0.21936995,0.0070097568,-0.09790309,0.14879552,0.13277051,0.27579397,-0.14874072,-0.15724704,-0.13273491,0.42308795,0.08746162,-0.012248288,0.08270076,-0.17283718,0.01023737
0.1397787,0.14939983,0.37792635,0.14809602,0.14968234,0.1465013,0.19044986,0.2752657,0.116602264,0.026855495,-0.01636493,0.08498923,-0.04616577,0.13659772,0.05402575,-0.03463778,0.079310335,0.09577729
0.46955854,0.23562251,0.24908465,-0.0026914699,0.26081148,0.33063844,0.10145755,0.37561858,0.1477969,0.23416111,-0.056554105,0.24948022,-0.08568813,0.12449116,0.2851388,-0.08846019,0.26443288,-0.009018541
0.12964278,0.1580189,-0.05895371,0.1037212,0.12584874,0.11355364,-0.09125384,0.22654441,0.16252257,0.17561148,-0.18233097,0.11684854,-0.2450673,0.15604784,-0.11623712,-0.29800314,-0.059558712,-0.35450488
0.121722326,0.35818768,0.1877375,0.20495364,0.29807052,0.26174992,0.30253989,0.51637614,0.40030715,0.17652851,-0.112384066,0.3386503,0.14622295,0.1149447,0.40320167,0.1877445,0.44060117,0.03510455
0.3773362,0.23876694,0.34608626,0.16732503,0.21693578,0.19611871,0.10467516,0.3854658,0.3009361,0.05557917,-0.13514608,0.17178299,0.40943098,0.021549338,0.09550837,-0.102415755,0.04036942,0.035571396
0.027612738,0.3606873,0.23919876,0.14567238,0.2598117,0.24862836,0.37218648,0.43107826,0.1505873,-0.028947972,-0.06879863,0.04737217,0.44893366,-0.07983046,0.22840947,0.17787817,0.21926138,0.2579345
-0.022420848,0.22834444,0.0043828897,0.045279123,0.16066301,0.32711324,-0.12778693,0.17481416,0.31470388,0.13880146,-0.051676884,0.359403,-0.23340788,0.22520775,0.059661858,-0.19907519,0.1348933,-0.30203757
0.25375772,-0.114548296,-0.09815426,0.05947703,-0.13717592,0.03214219,0.18866003,0.20403913,0.2367315,0.0597749,0.035052553,0.124161184,-0.05035394,0.017703854,0.40868813,0.106334835,0.40752354,0.050861552
0.12224761,0.13972872,0.14547786,0.36716425,0.11560039,0.17423421,0.31196463,0.13013737,0.25708622,0.001104791,-0.09683583,0.037412457,0.24464785,0.0364635,0.11598216,0.08692281,0.120567165,-0.045536958
0.009734434,0.20073292,-0.005992598,0.18892059,0.08258883,0.19217338,0.29683724,0.30322015,0.10205047,0.06938102,-0.085461065,0.036377735,0.11677969,-0.14835656,0.25988612,0.2390935,0.26056448,-0.047771282
0.04578335,0.20701917,-0.050230317,-0.14368732,0.20714515,0.30184108,0.21417898,0.4416303,0.04842091,0.24369776,-0.060385026,0.17053379,-0.06576757,-0.00810541,0.115917854,-0.2550665,0.18391888,0.018691491
0.04141639,0.5167959,0.07442896,-0.09522531,0.43920135,0.46501258,0.055746473,0.5211479,0.27042547,0.20696507,-0.10012907,0.3697389,-0.016015943,-0.047677867,0.33765364,-0.051984284,0.41169465,-0.061073914
0.1759058,0.1937177,-0.1354672,-0.050767764,0.061655372,0.1992681,-0.013864416,0.22384058,0.31511676,0.23519462,-0.052634276,0.3163579,-0.13628957,0.06329511,0.11749035,-0.10808339,0.18957639,-0.20578603
0.09189808,0.17947717,-0.118777215,-0.09755608,0.18905945,0.26254952,0.16116452,0.39270702,0.066251874,0.28383157,-0.08979145,0.31526875,-0.060770057,-0.022363635,0.1547374,-0.21612626,0.2703352,-0.067506015
-0.06854826,0.053504363,-0.021338742,0.34178782,0.031186458,0.010543436,0.31017464,0.08513131,-0.091539465,-0.11023052,0.013391613,-0.10293265,0.33517438,-0.16171986,0.05316231,0.23801556,0.13919762,0.19265947
0.0321875,-0.3596288,-0.09553136,0.2641089,-0.3444724,-0.3200788,0.1668989,-0.24635944,-0.033666447,-0.15762301,0.15511353,-0.23916435,0.3328914,-0.15518236,-0.051643185,0.2732039,-0.15345362,0.22647564
0.11941749,-0.1243309,-0.28256404,-0.082835406,-0.08587845,0.042370003,-0.14117257,-0.22944698,-0.086635254,0.10328938,-0.03194446,-0.018391602,-0.14486511,-0.1292279,-0.010347842,-0.20632142,0.004430159,-0.09532966
0.4151873,-0.046563484,0.09771007,0.03903387,0.013112327,0.13509896,0.27852893,0.06519075,0.07711342,0.06526223,0.24733652,0.056856867,-0.15006575,0.12454026,0.23462456,0.11138207,0.32766742,0.31728
0.3966915,-0.14825414,-0.027107194,0.1688048,-0.18579254,-0.2105771,0.17425942,-0.1147742,0.11807118,-0.12502287,-0.026274402,-0.18342918,0.21778035,0.1176247,0.03220017,0.09082234,-0.08975357,0.02885443
0.35205582,-0.008261572,-0.05267629,-0.042359196,0.048381194,0.06041704,0.06552013,0.1845765,0.15681395,0.18634933,0.04452867,0.13655585,-0.15281972,0.10612473,0.17723817,-0.008237822,0.18275146,-0.08641896
-0.22946313,-0.066392064,-0.20523444,0.036968846,-0.19948246,0.11476778,-0.2219123,0.012230966,-0.090305395,0.2020905,-0.21467358,0.2471793,-0.28242153,-0.20899503,-0.2101821,-0.3773772,-0.025580445,-0.4080137
0.054974277,0.25236794,-0.09659474,-0.19842857,0.21644394,0.40418118,-0.025516918,0.077624254,-0.05812189,0.1745515,-0.023625515,0.040419377,-0.23254558,0.118170835,-0.093553245,-0.21482193,-0.08208862,-0.21923842
-0.095369294,0.067569666,-0.29527175,0.005769084,-0.032149386,0.21252196,0.058584623,0.32618117,0.12769148,0.17573914,-0.017784765,0.3613255,-0.08255619,-0.15060897,0.07938083,-0.030089587,0.32858136,-0.17445257
-0.13574606,0.28700924,-0.1877735,-0.030757934,0.13016146,0.33764297,-0.0462965,0.2928844,0.23817185,0.24261735,-0.053034432,0.34680665,-0.2049762,0.08877726,0.17832823,-0.23806645,0.21481141,-0.2689535
0.059081495,0.32940114,-0.05096054,0.008686154,0.41084886,0.16442198,0.0003874614,0.072936326,0.0845076,0.22686008,-0.024313495,0.037702132,-0.1863464,0.18039247,0.1479283,-0.021492966,0.055180587,-0.09730162
0.032437887,0.2851231,0.14277944,-0.028020773,0.28676626,0.2649866,0.2833879,0.22299775,0.08060178,0.10780456,0.1554721,0.12011823,-0.09947154,0.24679261,0.23652448,-0.021561857,0.27935883,0.390916
0.11664055,-0.14510351,-0.22817624,-0.06134884,-0.18324375,-0.09154641,-0.08490391,0.122747056,0.12427023,0.17808759,0.053375952,0.34720516,-0.20988768,0.06946711,0.08326959,-0.14297913,0.20024815,-0.112985484
-0.13143758,0.16192311,-0.03329077,-0.13702941,0.09167857,0.32593438,0.036629453,0.3570977,0.13981771,0.23485348,-0.057174154,0.29758298,-0.21670291,0.14359352,0.035607833,-0.29187012,0.113786116,-0.11611819
0.34197462,0.060257696,0.045416888,0.12375446,-0.0066514313,0.22097264,0.2734837,0.32100093,0.25208715,0.07818725,0.06014251,0.075604394,0.17797858,0.08158074,0.22371775,0.26852992,0.14588082,-0.022019506
0.27616432,0.29250735,0.28956944,0.18904391,0.16764241,0.40438718,0.28521368,0.31820652,0.3999477,0.061421342,-0.037682485,0.23427032,0.10485387,0.1864201,0.43402767,0.19516239,0.35297984,-0.019285653
-0.07540518,-0.37953895,-0.2896034,-0.16491252,-0.4102371,-0.04568828,-0.23942593,-0.41225636,-0.3304553,-0.05876883,-0.06132479,-0.16089237,-0.22336419,-0.08160129,-0.17454869,-0.16187912,-0.23785217,-0.20473808
-0.04198044,-0.1109813,-0.011287856,-0.06517174,-0.1135876,0.06063083,-0.18687837,-0.11638989,-0.11822282,-0.02717267,0.1536532,-0.06948422,-0.25804204,0.120673105,-0.27806437,-0.13506514,-0.22811046,-0.09492643
0.13077429,0.2323386,0.060924508,0.23520398,0.19025029,0.045764677,0.28882343,0.22261736,0.21271545,-0.028423227,-0.15732083,-0.030929206,0.2593187,0.04420091,0.08471017,0.037723444,0.10546954,0.016012184
0.1719617,-0.15965271,0.09549216,0.30027923,-0.21445814,-0.21621065,-0.062528074,-0.13512453,0.14234138,-0.015320161,0.060536273,-0.004615807,0.36008257,-0.0032819211,-0.22842112,-0.039749913,-0.38929355,0.033436336
0.18272185,0.15117824,0.19740665,0.073668614,0.19257376,0.21006003,0.35746306,0.22174117,-0.104133114,0.07055323,0.16672772,0.0678508,-0.10827467,0.02723701,0.19126004,0.116690904,0.3747211,0.3746028
0.28898168,0.20731515,0.27100956,0.14793216,0.20574859,0.07467699,0.45046967,0.16327067,0.09772307,-0.14213106,0.10987731,-0.08340333,0.44488925,0.09471406,0.1995274,0.28742507,0.16386029,0.45251068
-0.03673955,0.0072831553,-0.10674637,0.16667847,0.026900906,0.3080569,0.33674002,0.07735686,-0.100890756,0.06306553,0.1679492,0.012803807,-0.06518065,-0.11439286,0.15140001,0.2794804,0.2774828,0.04540731
0.3307056,-0.01531366,0.19942929,0.34687,-0.041185565,0.019554326,0.27516547,0.16140302,0.1525148,-0.105772294,0.0009579861,-0.07182023,0.44867247,-0.09783267,0.053901378,0.19593138,-0.020734314,0.15176284
-0.04290373,-0.1713528,-0.21634272,0.0722919,-0.12598455,0.04213492,-0.07001139,0.0030669784,0.054275993,0.23183647,-0.044012956,0.28566653,-0.18358088,-0.21017462,0.0171374,-0.24593665,0.10376813,-0.22914748
-0.020170594,-0.04411509,-0.21538922,0.15862492,-0.10140046,0.06272959,0.24063094,0.059983257,-0.022917487,0.09217963,0.043125503,0.019150373,-0.05239509,-0.046879835,0.12218813,0.18478537,0.16018361,-0.118961945
0.097908035,0.28288656,0.23559831,-0.045431577,0.33482963,0.25120285,0.3429853,0.29517087,0.027820226,0.078631714,0.1699417,0.09857044,-0.11321655,0.21366765,0.2705878,0.040144928,0.32822937,0.42917874
-0.073144674,-0.23242886,-0.3587666,-0.12415416,-0.2925806,-0.006451509,-0.18402886,0.0983448,0.14227599,0.13918176,-0.0047968784,0.32036728,-0.23339728,-0.13558245,0.028281115,-0.12156156,0.21604589,-0.23826635
0.013935043,0.1072994,0.0049771643,0.2036044,0.05741203,0.24814029,0.14432546,0.24041076,0.28558028,0.07556744,0.03248238,0.13926163,-0.103396714,0.17807838,0.2300014,0.06621535,0.24244851,-0.122325316
0.3617261,0.21343556,0.13167992,0.23829928,0.18263327,0.2698751,0.2027941,0.20690605,0.10745141,-0.021806588,0.19626711,-0.05364138,0.24484082,-0.15619177,0.15966153,0.47850356,0.12432009,0.18151891
0.014727987,0.32214996,0.1537548,0.20067519,0.25104862,0.149566,0.39313474,0.39136186,0.18809433,0.07284112,-0.16214703,0.07435528,0.29505032,0.059373833,0.20339136,0.06909436,0.26194614,0.13293216
0.08106728,0.2962805,-0.027376112,0.17690924,0.21111059,-0.006934322,0.12778483,0.118304364,0.1690627,-0.045380913,-0.005114164,-0.04364697,0.2920163,0.07354613,0.020432085,0.026385624,0.019718125,0.07400982
0.1066398,0.29043522,-0.07012147,-0.18962714,0.2706301,0.3270765,0.26957923,0.55219615,0.19491698,0.25203708,-0.100798935,0.20512152,-0.028493278,-0.021558806,0.30992535,-0.09647694,0.40474838,0.038825195
0.45045412,0.24953884,0.17307967,0.11421395,0.19786109,0.27737457,-0.079361826,0.12813327,0.3060423,0.07360129,-0.011837967,0.18551776,-0.15806729,0.10884462,0.1431404,-0.045026496,0.09936367,-0.255634
0.072579086,0.4240697,0.1359779,-0.06494281,0.3814043,0.33113405,0.060259655,0.42862564,0.42348456,0.21491332,-0.049858533,0.28983557,-0.1573967,0.3499828,0.31523836,-0.10418838,0.22857234,-0.086794
0.15457076,0.25895476,-0.07258598,-0.087214455,0.23359627,0.21085688,0.09337686,0.46409702,0.32022285,0.16147067,-0.03609037,0.2087113,-0.09976773,0.11838642,0.20150739,0.0051141493,0.27062938,-0.10542361
0.23337847,0.39021498,0.23701392,0.03027864,0.29231524,0.22210479,0.23771201,0.43818313,0.16236193,0.08783882,-0.043902673,0.24728835,-0.08665848,0.051622704,0.25432682,0.06341468,0.40252432,0.13046166
0.045787267,0.32232702,0.114130095,-0.004432757,0.18359865,0.29679248,0.15149449,0.46507347,0.33006576,0.1372478,-0.18052143,0.15658742,-0.065957464,0.12824416,0.19366074,0.02555018,0.18203495,-0.23173577
0.08751728,0.2494736,0.2144672,0.11719611,0.29758206,0.026973285,0.20444438,0.18112192,0.3067673,0.05718877,0.11915627,0.06763242,0.07859096,0.27977002,0.22966492,0.0987905,0.11782852,0.19926292
0.09806454,-0.21674517,-0.11895593,-0.09907939,-0.20445915,0.04916634,-0.2984926,-0.15936366,-0.11313665,0.023735892,-0.13491501,-0.021572836,-0.13698238,-0.14375278,-0.2584729,-0.21616243,-0.26424825,-0.22874552
-0.085753426,-0.04399042,-0.23699908,-0.18312782,-0.13473079,0.10509311,-0.35657528,0.07849518,0.027179249,0.14419308,-0.08164885,0.16277328,-0.13933603,-0.14035141,-0.2932252,-0.3222568,-0.18861377,-0.2826113
0.028169978,0.36607027,0.03137056,0.1481927,0.3673844,0.30089033,0.156432,0.20080194,0.090153016,0.17152752,-0.086328045,0.13388398,-0.09328055,0.09660177,0.17874761,-0.16653076,0.15223071,-0.14241554
0.14087188,0.29141772,-0.005701399,0.058038786,0.26626667,0.23201102,0.27388668,0.26146826,0.22766683,0.002956537,0.004736693,0.045753133,0.2658219,0.005946425,0.2123913,0.25192562,0.24900943,0.05139806
0.19730541,0.4572369,0.3064097,0.03396347,0.42445925,0.40573317,-0.022160554,0.2987851,0.337366,0.14701486,-0.06654009,0.3147406,-0.072699755,0.120580554,0.15899923,-0.09467321,0.1778667,-0.045734964
0.005449324,0.28961533,0.03283684,-0.08586803,0.25013512,0.40043342,0.36552614,0.31915092,0.24454115,0.10359339,0.05854974,0.13761908,-0.16217628,0.118346006,0.4769599,0.16680184,0.5072762,0.048340507
0.4230606,0.08660175,-0.009494362,0.10976906,0.06599807,0.27922446,0.18537973,0.19094084,0.08572927,0.061735272,0.13193339,0.035855714,-0.008216996,-0.03599435,0.12569655,0.374395,0.13111372,-0.07754797
0.070650615,0.2790807,0.05720915,-0.15607175,0.32104337,0.26888457,0.29359415,0.41575605,0.05750131,0.1856562,0.11889173,0.20884253,-0.111302406,0.08983873,0.24513444,-0.109134525,0.38080794,0.33559644
0.05779598,0.40630975,0.127718,0.027621537,0.43145612,0.36059707,0.12146875,0.3488667,0.19502234,0.24758127,-0.117224164,0.25515264,-0.19792795,0.051502693,0.2791096,-0.23833197,0.31426054,-0.117859796
0.017753387,-0.14937507,-0.18902501,0.17623813,-0.13839287,-0.077432305,0.271788,0.015596587,-0.18961482,0.007571526,0.058443125,-0.15034929,0.03275976,-0.28709292,0.07842647,0.2892406,0.14410535,0.0736021
0.42788023,0.27348527,0.19135408,-0.027505714,0.16902263,0.44086748,0.024950746,0.21688502,0.15377128,0.10551971,0.01703751,0.25817025,-0.103421345,0.13062142,0.1690927,-0.084048584,0.19934665,-0.0894447
0.075544424,-0.007757606,-0.2216933,0.056001946,-0.057190783,0.14036138,0.14151792,0.16697559,0.035498586,0.059552766,0.16856752,0.010024941,-0.055241756,-0.003944043,0.16598761,0.1944501,0.19290799,0.055492356
0.21981682,0.15163563,0.114786506,0.023430696,0.21553275,0.24385312,0.36280215,0.14775926,-0.010190442,0.0008563008,0.19975826,-0.04536089,-0.061464626,0.003453794,0.3582343,0.28351432,0.4474003,0.3673676
0.40565264,-0.15513209,0.19536667,0.30523378,-0.15154779,-0.19786346,0.34392613,-0.05446337,0.03674411,-0.124757886,0.03466795,-0.21056685,0.34570122,0.11830177,0.06667625,0.22595474,-0.08132501,0.25714695
0.23896688,0.2774361,0.13249555,0.012874854,0.2547363,0.2141644,0.3952824,0.31290883,0.075936034,0.036495082,-0.038291376,-0.025383377,0.022078581,0.023323983,0.27904707,0.27509773,0.27627155,0.039851926
0.052274123,0.26354223,-0.022653166,-0.022773363,0.14905158,0.420196,0.18635881,0.26476046,0.05962509,0.13847709,0.047125608,0.059370067,-0.03179862,0.007870961,0.20051664,0.17231667,0.17038803,-0.08151276
0.108564995,-0.17233317,-0.21832463,0.081238255,-0.121099606,0.04162681,0.18200433,0.1443257,0.0048092883,0.17068762,0.1810799,0.122971654,-0.23520684,-0.025477223,0.31141642,-0.00884613,0.36294755,0.047173776
-0.058199175,0.17718779,-0.052324824,-0.08538818,0.26845515,0.22004712,0.05618043,0.12610379,0.06834149,0.033918276,0.40421504,0.080940604,-0.2061334,0.002804867,0.10692949,0.102016136,0.26206627,0.3306515
0.09737124,0.32338253,0.04652395,0.05230935,0.18555294,0.32457215,0.13545074,0.4216247,0.10058923,0.14256042,-0.08958337,0.25909132,-0.09489925,-0.13280252,0.15743577,0.011623928,0.35666075,-0.06771197
0.14151475,0.46478283,0.21087095,0.13930228,0.4043188,0.35370696,0.12807181,0.34636086,0.25068897,0.13529114,-0.06294086,0.16727427,0.34185725,0.09313421,0.19556114,-0.010021538,0.08586659,0.02129721
-0.022939565,0.29857332,-0.0016036057,0.20458491,0.19508702,0.19917011,0.13295603,0.35856265,0.23859456,0.06826015,-0.12595068,0.19548084,0.18312317,-0.10685575,0.20056355,-0.010865225,0.29014766,-0.005850793
0.26380408,0.20758195,-0.06253005,0.101078406,0.20160839,0.11497402,0.27200633,0.23143175,-0.06428167,-0.05382915,0.03027967,-0.10520414,0.22578827,-0.26372075,0.088894725,0.30321756,0.21535355,0.16787472
0.25738233,0.3082505,0.06698474,-0.039250515,0.31292775,0.38942894,-0.011155182,0.30741882,0.26623106,0.1609715,-0.09959669,0.20689267,-0.120073594,-0.017758705,0.17846856,-0.11901204,0.25507724,-0.19301575
-0.03848005,0.05447437,0.1074236,0.070852734,0.1552339,0.28974205,0.29694027,-0.038204018,0.05431204,-0.018900018,0.44273156,0.04423825,-0.1874325,0.10058839,0.19005817,0.30003074,0.33059907,0.37973094
0.42726856,0.3166591,0.24837774,-0.054240488,0.29786828,0.34373492,0.35735148,0.34637257,0.16478983,0.093502894,0.11974348,0.14411028,-0.095910475,0.18084389,0.36956465,0.07196939,0.41220188,0.24297114
-0.036861114,-0.12350453,-0.36437392,-0.076143,-0.17659688,0.06349401,0.1724391,0.17460276,-0.063137695,0.18049729,0.10949345,0.114422716,-0.19175264,-0.030326985,0.17796332,0.024808833,0.25634274,-0.051869035
0.021288592,0.37212878,-0.02645854,0.13478976,0.29346424,0.42894056,0.21083984,0.31110728,0.2075767,0.24138603,-0.06872908,0.23448163,-0.042721823,-0.058862872,0.29436934,-0.032025054,0.30058816,-0.16731268
-0.07180395,0.33758444,0.026120275,-0.17428488,0.31925124,0.36211127,0.24775426,0.48184893,0.18846656,0.15398464,0.041636012,0.10829145,-0.067256026,0.108157635,0.36605805,0.020773562,0.32324478,0.067924276
0.19155252,0.011631498,-0.09125583,-0.11995846,-0.003376959,0.05525498,0.13199878,0.23572718,0.17064488,0.040164143,0.13058177,0.18796115,0.1390276,-0.16040698,0.18079466,0.23346846,0.29352045,0.06271923
0.08663766,-0.15611461,-0.24805821,0.32065237,-0.2091046,-0.22472551,0.0805406,-0.103655286,0.05229201,-0.18683247,-0.056227352,-0.19511601,0.26091084,-0.20835844,-0.07470541,0.13829586,-0.03545912,-0.07309116
0.36358196,-0.18481979,0.19021642,0.40240383,-0.21317261,-0.28672636,0.17888992,-0.19947268,0.123478755,-0.20202327,-0.014443118,-0.23579474,0.39711303,0.07744212,-0.06237709,0.06452249,-0.26149297,0.14098668
0.04356078,0.05818162,-0.14877355,-0.15255785,0.08055194,0.1935373,0.057148654,0.048876658,0.13921803,0.16077231,0.02195672,0.12817463,-0.15710196,0.17762652,0.058000006,-0.16522063,0.024786988,-0.17331365
0.098766744,0.40367848,0.01721186,-0.015122821,0.35906094,0.33901346,0.2043927,0.50482255,0.2035543,0.21018487,-0.04203417,0.32472205,0.038836844,-0.13306206,0.33535677,-0.019414352,0.4624837,0.083330125
0.14113861,0.27736086,0.050380908,-0.031886894,0.31222057,0.2550681,0.21586365,0.22364195,0.07609247,0.105209365,0.21706936,0.18568113,-0.15397453,0.103402615,0.30051798,0.014944717,0.42278302,0.3236177
0.024066135,0.23737052,0.3996661,0.36745298,0.1679977,0.23928046,0.24634224,0.014156973,0.093572706,-0.006540839,-0.10665426,-0.019387575,0.019804511,0.36974233,0.036791984,-0.11955584,-0.10078253,-0.038071856
0.100447804,0.4183547,0.38022417,0.3094381,0.350744,0.16375515,0.28826904,0.29941678,0.28899524,0.019663183,-0.14739433,-0.0907861,0.5216287,0.1040433,0.10191366,0.064963,-0.12594733,0.07332127
0.1676481,-0.16361646,-0.095885105,-0.079423375,-0.21054718,-0.13487087,-0.26721537,-0.018564273,0.0073145176,0.19923213,-0.068620875,0.35088274,-0.134035,-0.25034484,-0.08915171,-0.21896258,-0.011865586,-0.19164474
0.46154818,0.3305869,0.24976853,0.035730273,0.2952271,0.33759493,0.21737532,0.40939918,0.25668383,0.138826,-0.043411553,0.32549518,0.10052809,0.05552154,0.2594613,0.11909869,0.37198347,0.0366814
0.33851737,-0.018431213,-0.010968363,0.12396,-0.0024583978,0.15339245,0.2558506,0.049445957,0.033578314,0.03743568,0.24241383,-0.027275229,-0.056569148,0.28473747,0.16511601,0.077323295,0.14942673,0.29951012
0.042689063,0.40052056,0.0048800725,-0.12946436,0.34051216,0.34178245,0.26464796,0.55159044,0.09976321,0.23870796,-0.15330705,0.23676878,0.018458465,-0.047748968,0.29569334,-0.119964875,0.37765226,0.038951308
0.20910323,0.23671828,0.11332559,-0.00067092385,0.2122353,0.31064144,0.23404002,0.26567352,0.16472389,0.09672378,0.008433973,0.21155524,-0.075951576,0.021873858,0.2693412,0.12383561,0.3790003,0.0025806995
0.09836379,0.26201627,-0.09658216,0.09597998,0.17759168,0.058694705,0.26767617,0.24174471,0.19181406,-0.013171929,-0.035863675,0.018856872,0.20728707,-0.06092634,0.21698138,0.16324398,0.25648648,0.01378008
-0.072890416,-0.09083024,-0.33102384,-0.09096882,-0.17916119,0.094698966,0.17336348,0.2091747,-0.0653653,0.10993394,0.036940012,0.05893938,-0.1610941,-0.09143117,0.17277762,0.12312476,0.29441187,-0.06086772
0.24469182,0.27435112,-0.006812324,0.31810844,0.17828849,0.19989993,0.12005579,0.20817791,0.28498733,0.052528508,-0.11206332,-0.018844068,0.5090207,-0.009906764,0.0008019279,0.00036880933,-0.09020148,-0.022433609
0.19573794,0.22037086,0.31494907,0.08935194,0.12285267,0.31128252,0.46333867,0.18318465,0.051019635,-0.051725306,0.09649529,-0.078332394,0.025395356,0.15511958,0.31464827,0.37095204,0.26736042,0.2891207
0.10220012,0.4715708,0.32058066,0.04926347,0.42832756,0.33748922,-0.0031516664,0.2994451,0.31853804,0.14112358,-0.14011656,0.28189912,-0.15657106,0.20195375,0.14726272,-0.15937701,0.14384991,-0.09606419
0.1331049,0.08694984,0.07291898,0.22076789,0.06883971,-0.0032170713,0.19003837,0.23518458,0.30469498,0.022840388,0.023930667,0.07989484,0.4173178,0.08207109,0.15965915,-0.0039031913,0.042801384,0.10952115
0.3965756,-0.18583915,0.05327773,0.20332569,-0.17149523,-0.16983241,0.31644177,-0.07480075,-0.02071925,-0.13102652,0.11366829,-0.17316258,0.30922607,-0.032500442,0.071560815,0.25355196,7.253513e-05,0.32018936
0.112356275,0.2656802,-0.10074297,-0.09218758,0.3119716,0.31766337,0.055455342,0.34376585,0.2113751,0.2092131,0.09238936,0.27134287,-0.18053737,-0.039363865,0.17417488,-0.09749404,0.29387212,-0.18748578
0.080590025,0.22709292,-0.11111756,0.066323414,0.25838152,0.2038706,-0.084068,0.1906521,0.06986161,0.16379197,-0.1024756,0.17147404,-0.11174113,-0.14768955,-0.05961239,-0.23739359,0.10268092,-0.27832922
0.2787457,0.25949678,0.08633246,0.06486483,0.1923773,0.3347913,-0.011431185,0.22345424,0.33758116,0.193202,-0.093259685,0.36182916,-0.13892208,-0.034790326,0.112350896,-0.12965295,0.24202588,-0.26814243
0.47632205,0.19628748,0.3947971,0.30095688,0.15391424,0.13761914,0.23082915,0.12080993,0.37624425,-0.063605666,-0.07263322,0.038950853,0.4833659,0.13164899,0.033786334,0.02324899,-0.11159566,0.052850515
-0.05787796,0.043876998,-0.3137595,0.05597692,0.004664231,0.10344657,-0.0028185276,0.32087243,0.094125465,0.29674512,-0.081527695,0.26318195,-0.21500365,-0.18816736,0.21390137,-0.22234064,0.30033028,-0.30195704
0.19152206,0.06554347,-0.04500241,-0.034621313,0.11220346,0.21172196,0.18314183,0.039401866,-0.04452029,0.047694247,0.32245028,-0.009917088,-0.14097369,0.07360564,0.057265967,0.1225963,0.21469319,0.3605672
0.20034954,-0.06504887,-0.19375442,-0.028599355,-0.10554842,0.15392938,-0.1978929,-0.049679983,-0.12140834,0.1318985,-0.102718934,-0.060266986,-0.26541334,-0.011792007,-0.19604585,-0.22192037,-0.17266226,-0.34694484
0.09407932,0.32548547,0.20106712,-0.03916253,0.2568529,0.36077118,0.30447525,0.44071755,0.16716075,0.08884908,-0.08441214,0.19515756,-0.1319827,0.12163885,0.28661785,-0.041939843,0.3986135,0.063607164
0.44008413,0.061356023,0.17904624,0.22263876,0.03534001,0.24728662,0.016142286,0.10852822,0.00014043692,0.17667356,-0.080117166,0.10981526,-0.13341188,0.16264892,-0.046578042,-0.14342102,-0.07744722,-0.19969669
0.032764573,0.21530393,-0.097406216,0.13072446,0.19915146,0.2437817,0.4222963,0.2942899,0.13316481,0.010565207,0.028111322,-0.019993955,0.40145683,-0.096598685,0.27031547,0.25192773,0.28737268,0.13916245
0.10247353,-0.2301362,-0.2312892,0.2156052,-0.24655427,-0.19128919,0.17923926,-0.11793607,0.045061156,-0.04554321,0.052116133,-0.11664994,0.14843565,-0.02933107,0.04758243,0.15599847,0.0044852877,0.026675534
0.01985958,0.023711877,-0.22075893,-0.037914,-0.060336623,0.25671333,-0.09416211,0.13708736,0.037517335,0.30739158,-0.0145620825,0.44431868,-0.23430324,-0.21224783,0.06804138,-0.22040193,0.22581238,-0.23404895
-0.15675294,-0.48496994,-0.23940486,-0.17802987,-0.50449646,-0.28103787,-0.337782,-0.28333652,-0.16898277,-0.10646349,0.2243995,-0.0046239877,-0.18267246,-0.22355124,-0.28230506,-0.06451045,-0.2620517,-0.037945013
-0.035359815,0.15881462,0.21342897,-0.059006333,0.23525476,0.2442022,0.31679648,0.034015596,-0.14395705,-0.07443809,0.22827116,-0.19411525,-0.0078085815,0.3279273,0.092059165,0.07417235,0.046206035,0.45835954
0.29707104,0.27472976,-0.029900359,0.11787659,0.277219,0.20939451,0.23794265,0.31775844,0.29699218,0.12478774,-0.09332445,0.15897487,0.053449877,-0.008172951,0.20974915,0.117648035,0.35243213,-0.09211947
-0.023600364,0.27778646,0.38379478,0.22935712,0.16501191,0.27958733,0.23083556,0.18197626,0.037912033,-0.012697603,-0.05586101,0.14161304,0.03111438,0.06884676,0.11987242,-0.020340012,0.13232201,0.045945976
0.1338661,0.23344463,0.12539998,-0.10193053,0.16623048,0.22290313,0.17742915,0.4706235,0.2774522,0.116281964,0.031431124,0.24534094,-0.08908268,0.006472934,0.31805885,0.04524022,0.37268582,0.019412
-0.14583248,-0.25116387,-0.21155,0.20844439,-0.2203751,-0.1649406,-0.29324424,-0.16217782,0.04102817,0.17417485,-0.046372503,0.09100591,-0.33463115,-0.06761786,-0.12241166,-0.29986066,-0.153648,-0.34933704
-0.036295153,0.004741637,-0.2721247,-0.08657606,-0.10434152,0.16345541,-0.17534554,0.2661693,0.073380634,0.2689097,-0.11706642,0.41078642,-0.11418049,-0.23065388,0.031384036,-0.25336292,0.2214157,-0.2275199
-0.021048922,-0.24776167,-0.27243027,-0.122658595,-0.2507021,0.036342002,-0.08746821,-0.009289415,-0.075341746,0.18082538,-0.13946897,0.16581714,-0.1400842,-0.32970148,0.033760373,-0.29816723,0.079782076,-0.27500278
-0.08839467,0.13053423,-0.2056648,-0.10034831,0.17023772,0.25885737,0.098494194,0.16381761,0.0016287295,0.26205665,0.070917204,0.14726421,-0.23367447,-0.11100207,0.2325387,-0.16042659,0.27455974,-0.08994308
0.011431989,0.29396626,0.13398525,-0.027468879,0.3527495,0.277796,0.2516032,0.06370136,0.010683785,0.034015298,0.32884443,0.04880718,-0.15869458,0.19306539,0.24641468,0.16320373,0.32407,0.43617636
0.09605461,0.42465693,0.29323936,-0.023232944,0.33680198,0.3313079,0.13523042,0.3779065,0.12601402,0.16577482,-0.035822976,0.22408523,-0.14889942,0.15347789,0.21640179,-0.143125,0.19809464,0.09410108
0.098141715,0.043548223,-0.013341792,0.25370628,0.01717068,0.29829836,0.0014487454,0.08742998,0.04694543,0.20560592,0.16538116,0.3460928,-0.28728136,0.17925924,-0.016290274,-0.16487217,0.14077416,-0.08538324
0.06953694,0.23209062,-0.10081355,0.26145804,0.15403774,0.20705613,0.14735895,0.25461897,0.29990482,0.16434577,-0.090660825,0.27418977,0.05186493,0.06572031,0.15281789,-0.1051001,0.22573838,-0.1759831
0.17583689,-0.3330905,-0.066119686,0.1834836,-0.29435372,-0.08295925,0.19395125,-0.23866844,-0.11472301,-0.07222579,0.2811821,-0.1821644,-0.16049188,0.037579723,0.06490615,0.37771964,0.037644632,0.12998226
-0.13346516,0.13276727,-0.16823949,-0.027986903,-0.002882687,0.2901944,-0.109969586,0.18061665,0.1770877,0.14067611,-0.03174977,0.3653099,-0.22180928,0.012195304,0.03242241,-0.1267421,0.19739074,-0.27154297
0.10523215,0.3357938,-0.024331667,-0.14958608,0.30505654,0.38869798,0.3053013,0.41926178,0.259833,0.21612017,-0.04932234,0.2607926,-0.031408682,-0.0026981765,0.364456,0.026207278,0.44476354,-0.05286354
0.066555455,0.31190172,0.08074987,-0.057675958,0.32915342,0.34085533,0.16172226,0.19886848,0.11216023,0.21115156,-0.019005328,0.1406123,-0.15988132,0.1757046,0.1610688,-0.19576642,0.16215149,-0.047555294
-0.18989682,-0.05210486,-0.31999674,0.10233619,-0.10050893,0.009860524,-0.17742415,0.05555965,0.25969526,0.20623055,-0.03550999,0.27345034,-0.20525695,-0.05934872,0.13648807,-0.1797283,0.13049054,-0.32161626
-0.07108162,0.23874813,-0.106858484,0.17552122,0.16306402,0.14137602,0.30170798,0.2603909,0.13503587,0.05776416,-0.06307575,-0.033772357,0.12981752,0.08739689,0.1770502,0.070573,0.12968199,-0.030647626
0.1550582,0.07677704,-0.18943727,0.1355052,0.10685025,0.24957418,0.15777749,0.22673348,0.20696086,0.13422203,0.056358717,0.22871548,0.19380148,-0.15330838,0.124939665,0.10546869,0.24736102,-0.048670575
-0.048551477,0.11277467,-0.07910764,0.0717157,0.065292686,0.2470026,0.31191728,0.2224567,0.063562386,0.09640027,0.14596762,0.22156516,-0.14079306,0.07273748,0.35998714,0.06990571,0.52043754,0.23851836
0.33805004,0.20307013,0.063767195,0.07114197,0.25397706,0.18470755,0.13950312,0.25122893,0.09398404,0.111362,0.072187364,0.029692497,0.035617802,-0.09378132,-0.036403157,0.16425371,0.03981176,-0.041105375
-0.090415195,0.35801154,0.17096412,0.20480487,0.25615314,0.22156233,0.21934915,0.4446868,0.19209588,0.16700764,-0.1279312,0.23704481,0.084286876,-0.06616952,0.26518422,-0.08529949,0.26987034,-0.0021627569
0.10430034,0.19131929,-0.07375645,-0.1429204,0.26451203,0.32363084,0.27583176,0.17041406,-0.0321269,0.0906696,0.35535914,0.025611017,-0.209041,0.10123317,0.20436586,0.08927067,0.36308473,0.41997457
-0.22671571,-0.44724527,-0.20477726,-0.09831596,-0.4494601,-0.24699172,-0.2418019,-0.28365284,-0.19252369,0.07663231,0.072698146,-0.06105023,-0.11781396,-0.047801383,-0.18543252,-0.31071573,-0.3561377,-0.05919022
0.39365786,0.30964077,0.2258037,0.07010363,0.27802134,0.32655984,0.19656117,0.38145578,0.18106064,0.17896836,-0.13691074,0.1783334,-0.08278903,0.15150747,0.16011512,-0.19170591,0.19253728,-0.06245984
0.068464145,0.25688985,-0.0061534415,0.01539967,0.24399617,0.22586225,0.26234713,0.5287248,0.16594373,0.21530762,-0.11177069,0.3230186,0.0023148926,-0.19244555,0.26631072,0.028187416,0.4621845,-0.039460942
0.21066168,0.2824301,0.21038067,0.2131302,0.23069319,0.20841822,0.14556488,0.26371574,0.1523183,0.06511233,0.013474172,0.120811164,-0.07684022,0.11417911,0.23685911,0.1298698,0.14980222,-0.07784811
0.10768357,0.22198096,-0.16244945,-0.058850937,0.30546916,0.15099704,-0.20025605,0.18499896,0.12393971,0.1155008,0.042269185,0.22450459,-0.18625648,-0.14777717,-0.060830817,-0.19346909,0.09491244,-0.22353593
0.05255048,0.28204054,0.04199343,0.0196218,0.21855703,0.30664197,0.3990286,0.19284722,0.023208048,-0.0016194554,0.12136597,-0.046624895,0.005766978,-0.008308547,0.3243851,0.37584233,0.36648932,0.19415331
0.15472932,0.020525124,-0.17233026,-0.07493897,-0.04087931,0.03842949,0.028776465,0.15891404,0.21971983,0.19793653,0.030841533,0.17699008,-0.26835015,0.033099286,0.20243618,0.14393456,0.22808605,-0.1869196
0.12633851,0.4196601,0.14047816,0.103011616,0.37936705,0.30806255,0.15863347,0.41963464,0.24307342,0.19666746,-0.11754633,0.26885217,-0.061442934,0.13535368,0.22828521,-0.18444417,0.22400181,-0.06661208
0.27187592,-0.27241185,-0.20886385,0.043902542,-0.23807442,0.03627374,0.13486561,-0.122771434,-0.13602152,-0.003917268,0.2749896,-0.16684368,-0.13784482,0.1434825,0.10880273,0.10886867,0.063894466,0.15500501
0.07699336,-0.09285753,-0.18302152,0.107081965,-0.030360505,0.08228046,-0.100324646,-0.10533548,-0.1157158,0.16074874,-0.06930609,0.038720645,-0.2301108,-0.20366612,-0.024810724,-0.20839763,0.0019909958,-0.26224136
0.4395446,0.082265615,0.23445024,0.09284191,-0.0039079785,-0.107420996,0.11203018,0.010753282,0.15552907,-0.20825359,-0.025714274,-0.2046285,0.4106735,0.066735975,-0.0040800767,0.15473285,-0.15056251,0.14401433
0.07288572,0.34687865,0.29233745,0.03180997,0.23108834,0.2987673,0.19975054,0.49261293,0.23732378,0.18088414,-0.19183868,0.33841467,0.05466605,-0.007826514,0.25809157,-0.1012416,0.3117487,0.003971873
0.31595618,0.18579036,0.007076948,-0.105038926,0.27210784,0.08436356,-0.061842613,0.22167175,0.30406547,0.1765157,0.022571947,0.21578915,-0.14507674,0.05178454,0.1691615,-0.14157844,0.19252631,-0.1552535
0.037577964,0.21083677,0.33596644,0.0430474,0.2888128,0.24620149,0.38687408,0.090511076,0.013081479,0.040534176,0.2568323,0.06489235,-0.14417875,0.3651687,0.2998892,0.06661687,0.3267398,0.49959743
0.21361469,0.24393976,0.10934922,-0.17067303,0.23072499,0.39386368,0.17060363,0.42899168,0.20017138,0.16623035,0.06500679,0.25946853,-0.15830663,0.01725237,0.18547615,-0.020399135,0.35515177,0.03542069
0.35574055,0.26623634,0.20919636,0.04912646,0.23289876,0.3138638,0.23082168,0.29918143,0.22115465,0.07613175,-0.04557587,0.18703984,0.028579952,0.0835586,0.2758391,0.08965069,0.31841567,0.013396036
0.1538157,0.27464432,-0.04984522,0.05087261,0.2594964,0.34680253,0.10980961,0.46645898,0.28480887,0.19736221,-0.1312224,0.33340982,-0.0074753603,-0.14272633,0.22287485,-0.096396476,0.40954342,-0.16574514
0.09807883,-0.24882211,0.08109688,0.084846154,-0.17064293,0.123014465,0.40349978,-0.113903716,-0.097697474,-0.039552294,0.30259535,-0.121182516,-0.044074446,0.17459321,0.2838773,0.26024657,0.23513865,0.4384861
0.07815568,0.312348,0.0054633603,-0.13189574,0.30408734,0.2623771,0.10514252,0.57055986,0.24483785,0.27413142,-0.07103468,0.23577183,-0.09107006,0.14652343,0.177574,-0.16893432,0.25179946,0.058798455
-0.080162585,0.14163896,-0.19812714,0.074263476,0.010841203,0.22632018,-0.14515549,0.27425325,0.16745472,0.14086099,-0.068006985,0.18474613,-0.08375244,-0.105348185,0.073721915,-0.2022795,0.14406782,-0.2107707
-0.056411333,-0.17470658,-0.18428412,0.3518074,-0.23353869,-0.04061696,0.2203342,-0.03288564,-0.069318816,-0.058682345,0.028193416,-0.09135558,0.28019696,-0.15602875,-0.0990024,0.20015103,-0.044618532,0.0467363
0.3658784,0.40519273,0.2646283,0.07468858,0.3187076,0.36277515,0.07765624,0.39129502,0.27959785,0.102709115,-0.06921796,0.3688435,0.075944245,-0.012865254,0.2629493,0.03831661,0.36651042,-0.021521818
0.09277663,0.21251675,0.18494803,0.106338516,0.16759619,0.3976599,0.30720693,0.19325262,0.13314784,0.07444623,0.14314702,0.16325364,-0.06476257,0.11788335,0.17293662,0.040175628,0.27558225,0.16839963
-0.042188,0.43333507,-0.02069665,-0.09331058,0.39968598,0.26900122,0.30257994,0.5445529,0.15314505,0.147255,-0.015323642,0.28059518,0.055557467,-0.052666724,0.29940283,0.11387698,0.48889786,0.18658935
0.031898893,0.23262922,-0.05254622,-0.14341411,0.26646364,0.15732771,0.062980235,0.39306524,0.32374525,0.24383575,-0.05580128,0.2998073,-0.06698674,0.12200342,0.20861953,-0.16947144,0.20052114,-0.13946864
0.028453473,0.34227222,0.072952695,-0.09657269,0.32628092,0.27600706,0.23811583,0.42772755,0.18358141,0.20835808,-0.06821993,0.23793136,-0.12714314,0.2914272,0.26079363,-0.22481984,0.2943279,0.13720125
0.09947616,-0.430568,-0.27453798,-0.1968678,-0.39908874,-0.14567195,-0.2730526,-0.41618562,-0.27954337,-0.0027317912,0.030441424,-0.17724054,-0.24208939,-0.041219734,-0.2772643,-0.23721291,-0.40342957,-0.21832745
-0.057947487,0.3224733,0.0030037034,-0.042914487,0.2384254,0.3077135,0.2832542,0.42780286,0.11871468,0.24271996,-0.11164305,0.2848017,-0.014372389,0.021831758,0.18801604,-0.1352165,0.34263486,0.00885219
-0.03273879,-0.011871081,-0.30485073,0.19814578,-0.08079923,0.051759046,-0.15435985,0.053609043,0.07404417,0.259026,-0.06472699,0.30553126,-0.18275236,-0.1998114,0.021403356,-0.26872233,0.13186437,-0.2627766
0.17750761,-0.012927797,-0.12664063,0.12465156,0.043255743,0.13039489,-0.069887295,0.06178868,-0.03537163,0.20876224,-0.14084753,-0.060223892,-0.16970888,0.085784666,-0.11937306,-0.24708116,-0.16235137,-0.18874957
-0.0028974237,0.3280185,-0.08182031,0.015669014,0.20496859,0.22166266,0.27356654,0.3590016,0.1619511,0.078334145,-0.06832869,0.11185849,0.17216524,-0.024035258,0.29629278,0.09905123,0.34878194,0.021442184
-0.1519118,-0.06859681,-0.12243826,-0.06595658,-0.12038409,0.15748215,0.11181441,0.38934955,0.07938078,0.28130826,-0.012778671,0.28527367,-0.14474866,0.089643866,0.14718226,-0.23902313,0.24471737,0.09096894
-0.02241122,0.36581624,0.102204666,-0.03570474,0.33301115,0.3263728,0.2290366,0.33506662,0.23508498,0.12632643,0.15829243,0.40046948,-0.13106596,0.022256248,0.3189857,0.13083315,0.4834901,0.12529023
0.014788487,-0.05717971,-0.19212462,0.19412944,-0.082769096,-0.021416621,0.18333904,0.05018723,0.15051636,-0.008397161,-0.023540778,-0.04304994,0.1234956,0.029243996,0.07059468,0.082286984,0.09673386,-0.05927104
-0.059163135,0.1337155,0.23086166,0.33814448,0.029059581,0.16603495,0.25447085,0.013670634,0.039846454,0.10834679,-0.109190956,0.035863917,-0.15538573,0.30158907,0.08108786,-0.22034371,-0.014817195,-0.12795216
0.046043828,-0.141036,-0.29621574,-0.067845225,-0.07357561,0.10887962,-0.18252122,0.059178,0.13071352,0.21702544,-0.09730464,0.1752818,-0.23980787,0.007899675,0.022218151,-0.32033706,0.081911236,-0.22041833
0.16149136,-0.15123701,-0.22692703,0.050950103,-0.14058372,0.012109155,0.09052135,0.016669273,0.1858421,0.057310376,-0.059186712,-0.016596576,-0.040548027,0.007218062,0.08326319,0.14178967,0.087896615,-0.2213459
0.08091438,0.24437624,0.06261891,0.32272196,0.15367386,0.16134316,0.23907532,0.16224864,0.063124515,0.086485505,-0.049218502,0.01476411,0.07387734,-0.084256865,0.04247903,0.1895965,0.028112996,-0.14322117
-0.09815484,-0.12666245,-0.35241604,-0.09502113,-0.14680463,0.08650271,-0.22058994,0.018641084,-0.18944725,0.1305731,-0.15029925,-0.050005462,-0.22269732,-0.16603667,-0.19690157,-0.401371,-0.1289659,-0.26194245
0.0023889896,0.16815177,-0.26703995,-0.0033668345,0.100943804,0.22899167,-0.09811674,0.2786965,0.23348129,0.21609718,-0.13212283,0.3386751,-0.11293118,-0.08997074,0.07152782,-0.29105276,0.20560105,-0.27089173
0.16865627,0.025537824,-0.18057838,0.06098713,-0.02591761,0.014800378,-0.28237605,-0.014246801,-0.0080774585,0.09648748,-0.09218981,0.056375638,-0.2144401,-0.041296802,-0.29517666,-0.27654392,-0.15018311,-0.24857306
0.07213783,0.252213,0.11161751,0.050098903,0.16850823,0.4025537,0.29153585,0.41770634,0.16819187,0.19902655,-0.100678146,0.19014515,-0.13514845,0.21360448,0.22035623,-0.15961082,0.2864164,0.020277238
0.25075668,0.13273974,-0.025751384,0.14399001,0.12298989,0.24633622,0.23439588,0.1426394,0.1015369,0.04265193,-0.018422082,0.036052234,0.010039613,-0.09960927,0.10332508,0.27760902,0.22350362,-0.10344909
0.40168417,-0.0025999155,0.35031635,0.101018146,0.013661564,0.032639608,0.08045973,0.025457285,0.1395162,-0.044083692,0.07954077,-0.074546754,0.09652751,0.22618154,0.05852606,0.09012637,-0.1507676,0.09573288
0.17475258,0.061662257,-0.04349533,-0.085920885,0.03481032,0.12962097,0.07585181,0.28690916,0.12323961,0.21813029,0.0012416518,0.40401262,-0.11691293,0.0026174411,0.23080373,-0.10336615,0.37288755,0.00079150265
0.12188563,0.029402357,-0.14667642,-0.15337637,-0.037770994,0.19942151,0.061686,0.22005914,0.16603138,0.22055164,0.056273133,0.26031336,-0.19882299,0.25901586,0.20554855,-0.19214118,0.2187622,-0.023439463
0.30456161,0.26770288,0.41902527,-0.030771729,0.31198654,0.3392484,0.28819254,0.1887916,0.018794823,0.032852985,0.26894996,0.0928736,-0.10706976,0.1781013,0.19383526,0.12631212,0.28515124,0.472937
-0.105485536,0.28405982,0.12247016,0.090316474,0.17356369,0.18304676,0.3920902,0.42101747,0.044626202,0.09908044,-0.1787434,0.08402349,-0.008580551,0.036863286,0.16619924,-0.0026376531,0.27866322,0.07605084
0.24292712,0.2806331,0.30382884,0.29239774,0.19339123,0.13597897,0.29439968,0.18639392,0.31174618,-0.1057259,-0.033524342,-0.016604498,0.43240833,-0.055370696,0.24729598,0.2416439,0.13404238,0.16196321
-0.029740034,-0.05644296,-0.3058409,-0.12909839,-0.13102108,0.12004809,0.23928826,0.21258041,-0.023254998,0.14396834,0.09005278,0.08109335,-0.17694734,0.005539572,0.20658162,0.06500714,0.2961089,0.023555152
-0.0791758,-0.021977343,-0.32999712,-0.275514,-0.009829147,0.27676946,-0.1179882,-0.0017199339,-0.16242334,0.18581054,-0.018125672,0.039095044,-0.16110452,-0.13237068,0.0936431,-0.18421584,0.07583389,-0.116841175
0.0077484054,0.37683907,-0.042570982,-0.12671082,0.27918577,0.3767653,0.2230758,0.43235785,0.28606045,0.15766862,-0.08515164,0.2264747,0.082815334,-0.03319944,0.3177678,0.08286623,0.3842932,-0.08117017
-0.06630502,-0.08960511,-0.3436178,-0.036738463,-0.103947155,0.166664,-0.19366127,0.07060672,0.23133379,0.1622453,0.08920961,0.21584964,-0.32103103,0.09592728,0.10342021,-0.2706712,0.11872269,-0.33618793
0.060319155,0.10573247,0.13062489,0.12062275,0.0972886,0.19626671,-0.018048804,0.06645815,0.11294724,-0.061128926,0.22580695,0.04282424,0.3185988,-0.014764398,-0.16584858,0.09494901,-0.18138066,0.15070345
0.21476737,0.32995898,0.18191051,0.22298701,0.32833058,0.116253704,0.29695076,0.41436452,0.38075364,0.04216242,-0.12388317,0.07484074,0.41872394,0.060639,0.18456602,0.053731997,0.15938008,0.09457758
-0.074656114,0.06504158,-0.061232343,0.002086237,0.06003522,0.25223434,-0.08654934,0.09485547,-0.10808962,0.1955086,-0.17816085,0.113733254,-0.17171991,-0.22911191,-0.050625704,-0.2421418,0.087903336,-0.2230686
0.119643465,-0.23602954,-0.04733053,0.027433509,-0.17970532,-0.007279985,0.16356799,-0.02039173,0.0545196,0.051543444,0.33477682,0.019488102,-0.09474708,0.1359134,0.20830679,0.12732874,0.109330505,0.24305177
0.1331875,0.29764676,0.13287967,0.37431586,0.22791931,0.030576043,0.25294605,0.23541486,0.4085038,-0.0050786547,-0.050979134,-0.06856814,0.48801005,0.14703698,0.09933705,0.22740532,-0.09526674,0.03220462
0.13527809,0.3015923,0.09490708,0.33989903,0.24173266,0.15526956,0.2445524,0.22207439,0.23943478,-0.017336264,0.066681564,-0.025781855,0.2756334,0.05521891,0.22486363,0.38440448,0.12012455,0.0740569
0.38336995,0.11286337,0.48172796,0.30553126,0.0877789,0.027515184,0.32900858,0.017369516,0.16403714,-0.21693799,-0.017500568,-0.13359153,0.431894,0.21597585,0.12928711,0.12389171,-0.048115917,0.2905821
0.13433579,-0.043299958,-0.079037905,0.09157215,-0.02791498,-0.029559065,-0.08067469,-0.030199813,0.04663373,0.014347648,0.22152083,0.08310208,-0.1709081,0.075780734,-0.046032272,-0.03688669,0.06850548,0.19967067
0.0064712325,-0.25595322,-0.28790724,0.05017025,-0.23566413,0.03726455,-0.033366323,0.023062494,-0.15529054,0.27005774,-0.0642205,0.22053123,-0.2387445,-0.23960118,0.020317443,-0.2575845,0.05482816,-0.26887172
0.23068154,0.35956216,0.17502159,0.12724432,0.27081132,0.2764058,0.27021483,0.44215056,0.3156245,0.11982755,-0.13432662,0.32180017,0.03507968,0.04237604,0.37326747,0.15046841,0.44251654,-0.08140528
0.19228506,0.060099173,0.14614151,0.1576347,0.021692306,0.11890589,0.18843468,0.16933024,0.31591445,0.038795806,-0.07324763,0.102161996,0.34866315,0.057869356,0.13895047,-0.045367368,0.047413126,-0.010685218
0.045734238,0.31825757,-0.10880709,-0.03066777,0.32802528,0.2991084,0.26120043,0.4269968,0.057857137,0.2054255,-0.015902996,0.14932828,-0.057496116,0.026310183,0.27051464,-0.08439973,0.36009175,0.09651645
0.42101792,0.3234893,0.24123296,-0.0068025384,0.25806612,0.2526733,0.34889972,0.31672832,0.21556407,0.040652644,-0.0045729894,-0.0076139895,0.027023628,0.11521262,0.25464553,0.24317512,0.18947938,0.040254246
0.2040619,0.12754065,-0.036465667,0.16395578,0.06344734,0.083590895,0.11737866,0.21915364,0.14960247,0.11493342,-0.052674316,0.07087463,-0.06312455,0.11189245,0.008701795,-0.008323062,0.029882275,-0.19802776
0.27154246,0.34300756,0.21119294,0.039284207,0.29940033,0.29508674,0.24724342,0.44457167,0.37291515,0.15017721,-0.16498035,0.21694855,-0.004018291,0.09272927,0.37527877,-0.00978479,0.4003246,-0.017671471
0.17110598,0.3370538,-0.059570108,-0.054313958,0.3483613,0.33882776,0.21075007,0.38007194,0.21691577,0.22670051,0.04774732,0.21161026,-0.057545803,0.033302967,0.3049291,-0.07210854,0.28020167,-0.06518629
-0.028082483,-0.07609991,-0.3086812,-0.05248905,-0.06941423,0.023060024,0.10669426,0.2855626,0.03253521,0.2523588,-0.13778186,0.21300128,-0.19527078,-0.14784828,0.21576059,-0.10961224,0.35554397,-0.19230141
0.03103353,-0.037300844,-0.16217314,0.40145504,-0.03183402,-0.06373614,0.15071136,0.09887546,0.19381462,0.071835816,-0.03047116,0.031488523,0.1701785,-0.15225708,0.14017579,0.014804102,0.13203256,-0.067050606
-0.011309464,0.19551775,-0.17662773,-0.020511378,0.08466492,0.15389457,0.20702675,0.25458133,0.06735569,0.19276467,-0.02814326,0.12621358,-0.11538148,0.046073467,0.07343422,0.112262696,0.16100949,-0.13755658
0.21540469,0.43356618,0.19788773,0.073936805,0.36785066,0.2965623,0.18422928,0.5116629,0.31510448,0.15487453,-0.10454794,0.3235299,0.19155511,-0.045866366,0.32217497,-0.018280122,0.3684245,0.05168896
-0.013076145,-0.36501372,-0.35056388,0.07030702,-0.3434651,-0.20847979,-0.10608226,-0.3703104,-0.25993693,0.058632016,-0.01775538,-0.11872241,-0.16654459,-0.15711457,-0.10073209,-0.2174336,-0.20279814,-0.17317301
-0.21909043,-0.2904824,-0.21686003,0.16200432,-0.3803053,-0.14321138,-0.36674958,-0.2834206,-0.12573667,0.040247556,-0.042555932,0.15634891,-0.10952604,-0.27348167,-0.2452098,-0.27938786,-0.2302042,-0.2448715
0.37941897,0.15113762,0.13465491,0.2640944,0.15784365,-0.013369242,0.31372216,0.3054672,0.19967377,-0.04526944,-0.074148715,-0.05579365,0.5324872,-0.15975755,0.1642937,0.21256095,0.08188914,0.13728662
-0.060254514,-0.24682418,-0.36655456,-0.07096261,-0.2980122,-0.041227087,-0.23012133,0.058333375,0.16154282,0.14538929,-0.00320921,0.111422986,-0.31514078,0.050012976,-0.081269726,-0.26733696,-0.022659902,-0.3422594
0.050797097,0.24328882,-0.03478548,0.30765602,0.12938036,0.28007957,0.26492333,0.22610566,0.20974383,0.09785943,-0.08533397,0.16836762,0.16020903,0.047935233,0.16806737,0.03248707,0.21414319,-0.08730423
0.012104994,0.28796366,0.2050582,0.4120605,0.23395258,0.22320439,0.29928577,0.26511633,0.18725502,0.014816428,-0.12911569,0.038266305,0.37427408,-0.03457415,0.1251273,-0.0033393742,0.10003122,0.011823631
0.057274163,0.35240382,0.059893746,0.0970218,0.21562855,0.44955426,0.041404888,0.32812488,0.302873,0.17113847,-0.09880437,0.25662333,-0.05370805,0.021536116,0.26040208,-0.06372169,0.26540923,-0.18272379
0.043656737,0.42147207,0.17667519,0.111004025,0.31389716,0.30221725,0.2566042,0.48487282,0.2364378,0.11372654,-0.15113324,0.21384335,0.16243029,-0.026094273,0.2833572,0.025339914,0.31617057,0.010804646
0.14192912,0.4146368,-0.07869975,0.07662309,0.35366905,0.31426212,0.22744717,0.42818815,0.25757408,0.14888431,-0.13766605,0.1865027,0.21534654,-0.16424787,0.27492332,-0.016284835,0.35747987,-0.07763231
0.36592644,0.2773199,0.05135077,0.19595158,0.19214334,0.16746867,0.26888132,0.13718373,0.23105021,-0.08662617,-0.07318014,-0.13506943,0.36151472,0.053514227,0.07197828,0.18623424,-0.0020025428,-0.04217013
0.07539663,0.32555348,-0.0012718178,-0.10370788,0.24670152,0.3721255,0.140905,0.48523045,0.23323137,0.21497153,0.0099342745,0.26614407,-0.02018851,0.16884139,0.27098542,-0.09054969,0.30240545,0.1292392
0.10734323,-0.19150987,-0.1272321,-0.090487346,-0.15130514,0.06564966,0.27252203,0.14651136,-0.023096167,0.074644506,0.06945014,0.06652242,-0.16467802,0.02128822,0.3523765,0.06101929,0.44309527,0.16888258
0.080019265,0.32121897,0.1558201,-0.16340023,0.35750914,0.32338423,0.07863814,0.27879977,0.15708312,0.11860343,0.08693629,0.1933721,-0.121372804,0.15886049,0.20490997,-0.16409731,0.22800197,0.17384525
0.31659883,-0.37759233,-0.27715498,0.012249347,-0.32370207,-0.062161148,-0.0060573877,-0.16933167,-0.15641573,0.04714777,0.16998787,0.00087086344,-0.20021968,-0.120798655,0.051416203,0.09857526,0.07284656,-0.08473347
0.1998937,0.23989914,0.18567626,0.018897682,0.26900357,0.31507725,0.34746158,0.19844097,0.1261239,0.11968356,0.28664067,0.13361757,-0.1576673,0.18406057,0.30782464,0.18224,0.4534221,0.4606443
-0.06092088,0.36291376,-0.07827542,-0.011036717,0.2900266,0.3356216,0.2237013,0.40349954,0.2747048,0.15422046,0.037187763,0.27317548,0.04037691,-0.049102947,0.33843863,0.025053374,0.4218593,0.03853406
0.19403508,0.4060756,0.031339627,-0.15559661,0.373159,0.30715954,0.3121979,0.5545384,0.25545007,0.19414994,-0.12628579,0.16656528,0.08812308,-0.034865264,0.30150408,0.014115899,0.38440105,0.05125644
-0.012117313,0.31401315,0.26395774,0.059962984,0.28145185,0.26724344,0.3507619,0.26006103,0.05015882,0.06779747,0.08961299,0.13176137,-0.11220664,0.07562928,0.29613632,0.052299824,0.40127063,0.34732223
0.28205234,0.31721878,0.24029666,-0.1217969,0.40071118,0.32507372,0.23774013,0.30992755,0.07791058,0.01479266,0.3138607,0.045505352,-0.029741466,0.009219676,0.20904921,0.28845108,0.31998545,0.44725648
0.4325388,0.35100278,0.15684935,0.0031919244,0.22864631,0.3790027,0.08768325,0.31317526,0.26951328,0.14615855,-0.05700911,0.34903127,0.025056925,-0.027151901,0.26018795,0.036445573,0.33381194,-0.08368416
-0.037207454,-0.19320188,-0.25213784,-0.12719758,-0.19806099,0.08872113,-0.1850928,-0.33910266,-0.2022508,0.061728563,0.0021125402,0.0006652251,-0.1662053,-0.18535325,0.009815107,-0.12155987,-0.055569477,-0.1371587
0.005348498,-0.1133899,-0.30894625,-0.17713344,-0.17991292,0.21379974,0.007488097,0.1437501,0.06913254,0.15889353,0.018606383,0.075181395,-0.23782682,-0.030946538,0.05475461,0.067043915,0.14529505,-0.22160551
0.018186335,0.2766143,0.019896049,0.06540615,0.22646141,0.11704012,0.36596698,0.40115696,0.1569489,0.073499806,-0.08252915,0.023690812,0.22623622,-0.015399696,0.3100487,0.12350361,0.29385367,0.14110875
0.10163115,0.26581067,0.12287861,0.06235631,0.3315792,0.30152196,0.30870974,0.2710194,0.117472395,0.10359007,0.13245519,0.1816872,0.13681044,0.13743879,0.19174653,-0.0099739,0.2706853,0.30787784
-0.046515085,-0.2956205,-0.21660964,0.018413099,-0.30143046,-0.18433198,0.031245254,0.02264415,0.046923615,0.12256122,-0.0054682875,0.07856153,-0.2521695,-0.07716556,0.2134865,0.09365045,0.18403903,-0.18632382
0.11982561,0.31066456,-0.11235886,-0.0027643575,0.19894448,0.34042183,0.026279267,0.19690041,0.2507911,0.111556515,0.010776063,0.18974,-0.0048025046,0.010179376,0.16280079,0.006885971,0.20611514,-0.17993629
0.12197654,0.3845895,-0.01592589,-0.07474895,0.33276293,0.3977657,0.23329002,0.5015585,0.15913741,0.24223456,-0.12569398,0.27675107,0.035179973,-0.123151444,0.29579788,-0.07716246,0.3926643,-0.025790164
0.069472015,0.13980955,-0.22939989,-0.025792707,0.22079903,0.2229232,0.027009442,0.120778695,-0.02985735,0.2464884,-0.03484422,0.10298104,-0.19788471,-0.1471296,0.07493766,-0.24354789,0.13431792,-0.27324057
0.3252416,0.031795703,-0.014224009,0.27939337,-0.04952854,-0.15210697,0.26919532,-0.027155897,0.051722296,-0.1075383,-0.036525246,-0.25296232,0.38941643,-0.13806474,-0.020182483,0.15290532,-0.1539245,0.0124140335
-0.039544318,0.2870357,-0.14934802,-0.12901062,0.2236806,0.32280377,0.30570406,0.30927333,0.069278575,0.22078058,-0.009854458,0.15039667,-0.1162907,-0.0121757705,0.224177,0.0481366,0.30872187,-0.07120244
-0.17425576,-0.37616235,-0.35784483,0.043246098,-0.48747563,-0.16171628,-0.27729368,-0.07302193,-0.121515766,0.1758013,-0.12060569,0.33716226,-0.27123183,-0.3259408,-0.10251255,-0.30749857,0.07163181,-0.31672567
0.15746768,0.26625213,0.101207085,-0.0024197418,0.16096145,0.32797927,-0.039247923,0.30922425,0.25475442,0.15270452,-0.028877938,0.2514863,-0.014768982,-0.03960737,0.21947046,-0.051278867,0.21237817,-0.1216353
0.037029132,0.19052598,-0.22618708,0.15313448,0.18588363,0.2238143,0.031665307,0.13622354,0.21811238,0.21870993,0.057098944,0.25998563,-0.22434117,-0.10720113,0.28337932,-0.07654022,0.33354118,-0.1988197
0.09467922,0.021607257,-0.33985603,-0.006865507,0.042632073,0.23599973,-0.036734924,0.05619535,0.19212213,0.09225314,0.13755433,0.117259875,-0.18917862,-0.14379771,0.17853424,0.24255499,0.2684223,-0.21017304
0.015887758,0.009583017,-0.15207565,-0.09133385,-0.056866612,0.19349933,0.041451447,0.087858036,0.008887837,0.14619958,-0.012737362,-0.065199316,-0.23132288,0.3984291,0.012435004,-0.21636601,-0.08280115,-0.14186448
0.1216505,-0.25881442,-0.0037645083,0.34072787,-0.2527446,-0.12528318,0.057460174,-0.19072333,0.15535355,-0.12776804,0.06876112,-0.11041928,0.21841292,0.13234645,-0.009339699,0.1178277,-0.15613869,0.006080689
0.018572861,0.39063054,0.22450493,0.12744547,0.32670948,0.34628963,0.27621353,0.25318295,0.07204363,0.05538515,0.10417995,0.1123962,-0.04602562,0.18269277,0.2998525,0.20476022,0.26747635,0.14216608
-0.0024453644,0.30206192,-0.11863587,-0.0032901678,0.2205652,0.27429557,0.1296297,0.4506357,0.17040722,0.21445054,-0.045189828,0.3840379,-0.15713644,-0.018539546,0.25239018,-0.10307989,0.43040097,-0.041619554
0.0967355,0.26598784,-0.09073742,-0.011018011,0.19812694,0.3375111,-0.16633761,0.22914565,0.14414288,0.15145507,-0.051842045,0.376797,-0.10598098,-0.13098174,0.026921412,-0.22373372,0.20849754,-0.21169294
0.11706243,0.12043294,-0.19965144,-0.057631202,0.10029422,0.18964621,0.027625844,0.2223998,0.16274717,0.021935945,0.2197566,0.12639977,-0.058710396,-0.14677578,0.16263455,0.25185138,0.30677179,0.029091004
0.16911855,0.38374412,0.017440384,-0.08133927,0.35186726,0.47089934,0.06700712,0.4028795,0.14532912,0.22350226,-0.008291232,0.361005,-0.047828812,-0.039648555,0.07554428,-0.17292082,0.17155367,-0.10796798
0.31385708,0.19417372,0.09893026,-0.106391,0.2670441,0.16509056,0.36546728,0.29541105,0.13218763,0.05040706,0.20090681,0.065592214,-0.0057311542,0.028632114,0.2589149,0.2925762,0.3921628,0.3468826
0.445086,-0.12636465,0.021975111,0.26883096,-0.15628599,0.16365299,0.11208318,-0.06880839,0.025558311,0.17257544,-0.07764733,0.04179232,-0.1529173,0.06944549,-0.0041387924,-0.11596164,-0.04804787,-0.22831075
0.0882571,0.22222663,-0.10056517,-0.11071991,0.21756497,0.28423083,0.1693714,0.339531,0.13175085,0.20218563,0.029974144,0.07879761,-0.1781517,0.061124302,0.15689997,-0.14278191,0.23423648,-0.032699764
0.0011241008,0.025587823,-0.18321045,0.04667344,-0.02170882,0.20790654,0.031687416,0.23751351,0.2952642,0.24377695,-0.048697382,0.302436,-0.25356025,0.05800154,0.28084138,-0.1458776,0.35736775,-0.21353973
0.28100497,0.26113832,0.31873,0.19677334,0.20590875,0.22209592,0.28602457,0.24727842,0.24727173,0.05216517,0.043114774,0.13364819,-0.023638384,0.13428576,0.2033785,0.35279492,0.1930772,-0.02060139
0.044956572,0.3100788,0.23331514,0.28572497,0.20493832,0.14215519,0.2492156,0.25131023,0.2828943,0.0032618502,-0.07615769,0.017010678,0.31038284,0.12749904,0.12185325,0.067005485,0.0009409096,0.008659193
0.22732738,0.37644398,0.0882065,0.1329217,0.2786747,0.30895218,-0.006193486,0.2676949,0.31914523,0.11073199,-0.036602803,0.25167575,0.18247987,-0.06563764,0.16744018,0.018054157,0.15784761,-0.09132288
0.2788652,-0.061354134,-0.09683582,-0.012296406,-0.07984355,-0.037347127,0.30768222,0.30855763,0.050370518,0.006616952,0.0027134921,-0.08407162,0.41211617,-0.17640717,0.18377477,0.19737498,0.14458647,0.21948358
0.40457648,-0.09510805,0.23368642,0.17573431,-0.07391836,-0.08143254,0.22736411,-0.0788407,0.0903268,-0.175452,0.16766858,-0.08232878,0.13342263,0.0619934,0.17741412,0.4025144,0.11410464,0.31306767
0.23049653,0.35421407,0.25629973,0.3436798,0.30637208,-0.018748974,0.27020872,0.20575202,0.39645773,-0.06946629,-0.12838209,-0.0004433156,0.49220854,-0.055370696,0.17691249,0.09448398,0.11408995,0.1592246
0.006078844,0.24311766,0.14077571,0.0512816,0.15699472,0.24096978,-0.09535901,0.27719375,0.4087148,0.09922826,0.028471429,0.31916463,0.048236746,0.035111018,0.19810537,-0.0066875927,0.1781694,-0.07932834
-0.081650674,-0.31904244,-0.2600202,-0.18175456,-0.28279456,-0.11591677,-0.19315916,-0.2744097,-0.16674963,0.027123393,-0.103398584,-0.16960603,-0.15980284,-0.10645772,-0.20882183,-0.24518995,-0.32518384,-0.2562387
0.020398373,0.3823701,0.04668249,0.032271884,0.26387343,0.24242207,0.12701015,0.3289891,0.23719126,0.12586483,-0.005863036,0.26772684,-0.07031503,0.14726163,0.26429778,-0.07110651,0.30958658,0.058104556
0.17790304,0.40193185,0.026173603,-0.1198021,0.30048805,0.4434741,0.2610406,0.34995443,0.09681323,0.08236797,0.0500277,0.22123413,0.028991455,0.06039478,0.31110153,0.0631174,0.41088346,0.16852027
0.27894557,-0.010185706,-0.07883918,0.19262767,-0.050931957,0.053330556,0.038970657,0.17172779,0.2997833,-0.0003857459,-0.002776429,-0.023675516,0.3886735,-0.20010161,0.013555857,0.14076996,-0.027122535,-0.027176846
-0.06909945,0.35098854,-0.016582116,-0.1253296,0.23739845,0.4128098,0.014091266,0.28421146,0.032198176,0.23071742,-0.10055056,0.2088829,-0.20559418,0.16226059,0.011080837,-0.2894944,0.027282838,-0.19152129
-0.012068673,-0.29682744,-0.2990191,0.025724806,-0.27180424,0.033785466,-0.20635493,-0.22063008,0.13281624,0.10475557,0.17770255,0.21606573,-0.18588063,-0.08250709,-0.01257957,-0.18215957,0.021592489,-0.14380133
0.18730277,0.019373717,-0.11683576,0.06269011,-0.023521485,0.1714215,0.2666927,0.35701567,0.076960385,0.1536195,-0.09386487,0.2397728,-0.07676801,-0.03676746,0.20359746,0.025242126,0.42088234,-0.029656008
0.02419366,0.3790435,0.27351314,-0.09815961,0.3715387,0.22114432,0.067340426,0.2804778,0.19399518,0.15838867,-0.10553693,0.16151959,-0.089114964,0.35699993,0.028535351,-0.183818,-0.043468826,-0.10589722
-0.055076256,0.09175356,-0.13807109,-0.109097615,0.001758852,0.2916385,-0.23445934,0.113086626,0.006164418,0.093787536,0.05165088,0.14107573,-0.22331344,0.08953759,-0.23834662,-0.26510984,-0.15479285,-0.21676514
0.028645039,0.14644144,-0.04063766,-0.05744052,0.17974165,0.14253879,0.29551512,0.20546117,0.14458963,0.12984234,0.2489216,0.1591402,-0.12308799,0.28162837,0.3222502,-0.022117324,0.39487714,0.37781185
-0.020244092,0.13550782,-0.1648784,-0.09549053,0.021058656,0.32487345,0.17572589,0.4936689,0.17090398,0.22007659,-0.11914492,0.25394553,-0.057021208,-0.05564857,0.16158211,-0.14586449,0.34558845,-0.040138315
0.2031146,0.3054461,0.0064512156,0.015495966,0.25141168,0.26260704,0.09628241,0.24633986,0.157351,0.20199293,0.012057304,0.08454858,-0.15394871,0.17235158,0.13846107,-0.1019919,0.09781941,-0.13978428
-0.10776305,-0.21026999,-0.19872671,-0.025617072,-0.23448893,0.053639404,0.23399182,0.12317691,0.05392027,0.030986087,0.13298123,0.040674232,-0.17327583,0.1037488,0.37503332,0.084116966,0.37981534,0.12734051
0.22446722,-0.31097353,-0.27364415,-0.027906736,-0.29211012,-0.07897189,0.12878278,0.07389851,0.009543451,0.13501732,0.009031214,0.069901176,-0.1699945,-0.033491235,0.23695716,-0.0029397202,0.22678754,-0.0905015
0.36853433,0.08151497,-0.038209505,0.26294464,0.02209307,0.061893526,0.111629054,0.15503815,0.3215841,-0.03470359,-0.03294602,0.026494369,0.40877002,-0.1632952,0.016150095,0.21614304,-0.0025344784,-0.104152344
0.10609046,-0.012759263,-0.082278624,-0.018076979,0.025354866,0.18238744,-0.0051873866,0.14351946,0.38398257,0.20821863,0.07005481,0.4127918,-0.28111476,0.089525834,0.3614105,-0.004811651,0.46654636,-0.1011689
0.12854934,-0.0371985,-0.17096874,0.40018052,-0.047516365,-0.015030185,0.11127177,0.01866133,0.16462626,-0.047332913,-0.0053420723,-0.058045357,0.21145636,-0.12649213,0.044124413,0.19172415,0.06665656,-0.12669903
0.3517455,0.2820094,0.3122099,0.1561361,0.25773123,0.22272846,0.30090874,0.13895461,0.052856788,-0.13502723,0.14122662,-0.077204406,0.46426848,0.11160725,0.1206751,0.18780978,0.0546949,0.44665033
0.12585466,0.124136716,0.2289738,0.4231513,0.021332018,0.025431527,0.2530973,-0.018490285,0.23744223,-0.21342935,-0.0022594552,-0.039943896,0.3576278,0.064156756,0.08896052,0.14746809,0.0036669811,0.10057397
0.12418471,0.07316945,-0.09730072,0.15384153,0.06614029,0.082847185,0.26721776,0.08351678,0.0029493575,-0.0074369377,0.10072993,-0.09733206,0.0037470227,0.037029892,0.09026542,0.1085369,0.15426344,0.12233637
0.25660414,-0.18090841,-0.0048453296,0.11402086,-0.16694866,0.14877799,0.21249409,0.052369077,0.07325409,0.040214576,0.06354941,-0.021687273,-0.11323521,-0.11974806,0.23490636,0.25951385,0.1945849,-0.05465278
0.13061523,0.25043482,-0.1871197,0.007410771,0.16622424,0.27109954,0.04842692,0.28638494,0.11390427,0.104599774,0.0773869,0.21353605,-0.034132782,-0.16707951,0.17153683,0.078434154,0.3057565,-0.096098326
0.29360166,0.34301984,0.037960537,0.030243605,0.2602997,0.2644096,0.26288778,0.44750074,0.17204668,0.16072887,-0.07873069,0.29270414,-0.0038480312,-0.124310285,0.34658164,0.091994144,0.501337,0.016261302
0.017631747,0.20594974,-0.14785606,-0.010213642,0.16018996,0.18620639,0.3365953,0.35010573,-0.036834303,0.1392209,-0.06714731,0.013666148,0.006118119,-0.14277142,0.25893497,0.21310097,0.31989163,-0.026630957
-0.039103985,0.03491257,0.055388965,0.15071377,0.022701405,0.06891769,0.28222525,0.044473372,0.02845522,-0.0009999708,0.19257973,-0.12223736,0.02545942,0.19593817,0.049671132,0.33028504,-0.050556675,0.123655975
0.15139487,0.34124756,0.11190274,0.079746425,0.21841775,0.25338185,0.23419906,0.33273584,0.06412934,0.113288835,-0.0487694,0.15650146,-0.054354917,0.0013365904,0.2348602,0.149849,0.30998385,-0.031906802
0.14335722,0.34313953,0.26834798,0.025498154,0.46237388,0.17473352,0.3218672,0.19504172,0.18491226,0.024649963,0.30508238,-0.011380954,0.13362572,0.360247,0.28085333,0.22878847,0.20373404,0.559711
-0.20691721,-0.28719777,-0.13716123,-0.12372054,-0.36961418,-0.17616126,-0.27121842,-0.2922874,-0.28687975,0.041947052,-0.08846639,0.022497628,-0.13316688,-0.26356512,-0.1418249,-0.1379831,-0.22117099,-0.16716264
0.23462223,0.3382912,0.41898927,0.16080856,0.3198027,0.22767554,0.060541883,0.1560005,0.3377064,-0.059767514,-0.039501525,0.069874875,0.0397169,0.2559376,0.06920715,0.036826506,-0.034204483,-0.07914919
0.028141843,0.30556515,0.14325345,0.13630646,0.24061589,0.3250103,0.31118917,0.4635141,0.1903786,0.049710188,-0.07205413,0.1655124,0.36876184,-0.08268868,0.17050277,0.062619224,0.2973075,0.174555
-0.040142678,0.031227335,-0.22811174,-0.1143167,0.018645406,0.20824541,0.032050885,0.43392986,0.13179332,0.20090929,-0.15112741,0.18744184,-0.047818128,-0.16657667,0.10458082,-0.23480809,0.282013,-0.114877716
0.18088314,0.44410855,0.111429915,-0.10207265,0.515509,0.44287208,0.05931586,0.41707563,0.21396631,0.24040201,-0.015075658,0.21613173,-0.0957388,0.20263737,0.20279408,-0.16194814,0.18074873,-0.030785223
0.194736,0.22833413,0.2230637,0.10912381,0.26028997,0.22002266,0.2399525,0.23863843,0.16144118,0.1545313,-0.065620065,0.09334459,-0.1375592,0.46201757,0.16195829,-0.18374142,0.08073309,-0.026037829
0.31825823,0.3178594,0.11819422,0.18445435,0.21079928,0.20909928,0.2862096,0.20444721,0.1461487,-0.098594055,-0.06590154,0.006868356,0.30506963,-0.08121764,0.13299108,0.26067048,0.21472356,0.0816928
0.03939055,0.3075602,0.0803777,-0.0721042,0.16019225,0.23124829,0.028658222,0.40725505,0.17172691,0.124720916,-0.086519286,0.32474738,-0.11769328,-0.106434695,0.21975261,-0.0068667377,0.3489923,-0.08110441
0.087409444,0.2043137,0.009162141,0.41713083,0.20535485,0.07234761,0.10943234,0.28725058,0.32351077,0.053779118,-0.15861782,0.10253383,0.39631528,-0.13541462,0.028418537,-0.05648151,0.018104669,-0.16276383
0.16609675,0.35129523,0.08077039,0.17432538,0.2611458,0.30356944,0.16698292,0.33844975,0.26538423,0.109084435,-0.0433741,0.2632811,0.11800661,-0.043859523,0.29908836,0.04903525,0.35433292,0.02210465
0.5104678,0.152233,0.21939518,3.306009e-05,0.15978113,0.34655887,0.11822992,0.20522472,0.17982939,0.16157055,-0.020078497,0.12072924,-0.1516448,0.14329924,0.2011896,-0.05210105,0.1861396,-0.10126386
0.42783898,0.07219521,0.091219634,0.13904636,0.03924964,-0.043723945,0.23502201,0.15085475,0.17105265,-0.11983839,-0.028700436,-0.09874059,0.41744065,-0.0800432,0.10706651,0.2128092,0.052610688,0.1043784
0.0149069475,0.2611826,0.08175493,0.01709425,0.18224053,0.4819737,-0.04325398,0.25728166,0.004001801,0.18003759,-0.16121373,0.19494408,-0.14222425,-0.08599349,0.028346896,-0.19167003,0.12796617,-0.22106405
0.022669192,0.16493624,0.02085603,0.26623258,0.12631759,0.15951213,0.14935926,0.038796954,0.19870543,0.10914831,-0.029405046,0.06890212,-0.13876697,0.26196772,0.10736133,-0.054458596,0.07322684,-0.13253774
-0.0008092839,0.29527602,-0.064929314,-0.034257434,0.2394578,0.26799688,0.06911852,0.37850726,0.30376923,0.16827284,-0.07640575,0.27279782,-0.12487268,-0.103364184,0.24793194,-0.12068476,0.33725178,-0.19660917
0.12491314,0.16138282,0.14398435,0.05189577,0.30514294,0.1624201,0.2081437,0.06402965,0.009565137,0.022567607,0.35253072,0.03366819,-0.14571491,0.024425065,0.20512761,0.27209985,0.3394066,0.4484299
0.20181733,0.4545128,0.071446076,0.03677716,0.40301734,0.28165728,-0.008565368,0.35097826,0.10297598,0.24345946,0.01594523,0.36838317,-0.091439635,-0.029543443,0.20052147,-0.054239005,0.2850798,-0.044025935
0.048952855,0.29481053,0.14022216,-0.007312673,0.2652675,0.25319064,0.22102123,0.2403073,0.111934185,0.10984142,0.07556719,0.23199634,-0.13890865,0.12944794,0.28865963,0.015728658,0.4133508,0.2732607
0.031457894,-0.39022216,-0.1521656,0.24096717,-0.4204067,-0.11735381,0.08462677,-0.08607891,0.10238447,-0.01566226,0.099485494,0.024776597,0.32329333,-0.1908252,0.0009802221,0.27215597,-0.08552055,-0.011652988
-0.086900115,0.04841817,-0.2522508,-0.11966629,0.03340988,0.17632437,0.23493005,0.4276665,0.11845267,0.22087166,-0.032322038,0.2781855,-0.08237994,-0.15817024,0.29714555,-0.077194884,0.47333956,-0.014752973
0.032541364,0.35950914,0.084544815,0.26166242,0.21402004,0.2682877,0.23470648,0.40209258,0.32962465,0.073696226,-0.19101146,0.15920258,0.34550118,-0.087845534,0.15968463,-0.0035324148,0.1968734,-0.10481946
0.4321866,0.20711824,0.1475581,-0.07773904,0.20749323,0.19596097,0.07130475,0.36081356,0.22268948,0.16903292,0.042893693,0.19819589,-0.065599486,0.051493637,0.21728492,-0.08875418,0.21893166,-0.017245455
0.2631694,0.07675558,-0.09298668,-0.04037609,0.057658114,0.19112046,-0.10574892,0.17970026,0.06286399,0.1780445,-0.13981399,0.056035865,-0.11354073,-0.065659225,-0.02635867,-0.21732181,0.00781613,-0.28430903
0.41075906,0.29857758,0.40428206,0.09655604,0.16377825,0.35810453,0.12688906,0.22939384,0.2609117,0.019166,-0.092969194,0.16963221,0.1964085,0.18030328,0.11938477,-0.057974093,0.050971933,0.012942424
0.040814545,0.22454534,-0.09872329,0.093652174,0.17914069,0.19892138,0.19065823,0.36559084,0.15870863,0.13985775,-0.08107689,0.22921598,0.062821716,-0.14389151,0.1949077,-0.032941803,0.38965183,0.02849165
0.008182803,0.13380778,-0.24437675,-0.1204544,0.14632076,0.28977478,-0.16905427,0.0071157245,0.12797984,0.13842468,0.112348095,0.08610672,-0.30382103,0.03400728,-0.07179453,0.0013903654,-0.021142475,-0.2740361
0.048473738,0.20419964,-0.115561366,-0.0813893,0.14747521,0.34825033,0.030008655,0.40458113,0.1097552,0.19319338,0.024101077,0.19711824,-0.11715083,-0.17348379,0.13451381,-0.04849098,0.24347389,-0.11910105
0.25956196,0.11784081,-0.043014172,-0.050866045,0.16174781,0.27302855,-0.026658077,0.29549426,0.13770837,0.2112518,-0.17253257,0.12431722,-0.124357894,-0.050304834,-0.050140575,-0.23620418,0.06788055,-0.3142959
0.074116915,-0.16779038,-0.015827306,0.15665287,-0.13401139,-0.013437226,0.41001844,0.13313511,-0.09559414,0.096965596,0.07920864,-0.012496043,-0.049063444,0.011163449,0.28938702,0.11452725,0.2876445,0.24822442
-0.11902441,0.2545427,-0.033382986,-0.11542086,0.19407652,0.2348297,-0.06310058,0.046764392,0.054156214,0.14537515,0.0034786258,0.12741475,-0.22184207,0.23728257,0.03159965,-0.15496433,-0.035309065,-0.26524043
0.24821746,0.257761,0.23026928,-0.01064783,0.16614543,0.26602834,0.32438117,0.32890233,0.06931148,0.054894395,-0.030085871,0.12426168,0.022174055,0.0075062574,0.26678613,0.2253215,0.3163684,0.054102868
0.101321995,0.033312358,-0.272139,0.099144876,-0.047268704,0.047517076,-0.03895843,0.17664412,-0.036012426,0.20200449,-0.0035005845,0.24460101,-0.196724,-0.112767845,0.03134057,-0.26388454,0.21773678,-0.1222664
0.15606329,0.2589758,0.13582405,-0.09209819,0.32520926,0.30329216,0.14918472,0.2905765,0.16313869,0.1546661,0.31434864,0.33800566,-0.09257294,-0.05959121,0.20175256,0.07900299,0.40901485,0.36478272
0.020412289,0.05573533,0.0347406,0.115534425,0.040529296,0.08808742,0.22457792,0.13086408,0.24261762,0.07453722,0.20681933,0.11554514,-0.21455424,0.0694548,0.28217602,0.2053167,0.33484536,0.08802511
0.15539068,0.28722218,0.4257573,0.30827028,0.26495576,0.18250945,0.24162991,0.27882525,0.24713835,0.060464643,-0.1490778,0.096038595,0.16871065,0.2337791,0.13140282,-0.11113615,0.044847496,0.10147929
-0.0014246814,-0.27046287,-0.1705761,-0.06345032,-0.24076831,-0.0428903,0.3286374,-0.007896577,-0.112667955,0.0077215116,0.1606842,-0.08215323,-0.14140101,0.025280155,0.31499735,0.22377717,0.30412614,0.21269837
-0.20717815,-0.40564618,-0.09527013,-0.0046517407,-0.3627295,-0.07865079,-0.07381821,-0.26886946,-0.031152576,-0.14923707,0.22530966,-0.053504664,-0.16844219,-0.09188411,-0.15931922,0.12146009,-0.07270583,0.08115762
-0.08765574,-0.47980785,-0.28471333,0.11935594,-0.45021352,-0.1208118,0.09091659,-0.23035331,-0.27266935,-0.09700619,0.18931419,-0.1318751,-0.17291614,-0.2468009,-0.07179483,0.26576197,0.015313336,-0.017064847
0.37720972,-0.17888758,0.1822339,0.16075712,-0.13556099,-0.19580248,0.1861603,-0.005603769,0.08988905,-0.111189134,0.06077247,-0.11717372,0.38759455,-0.1019877,-0.018779235,0.21646032,-0.14458868,0.15470292
0.46826982,0.029800294,0.37517354,0.05130485,0.036800604,-0.07965452,0.27067894,0.005811463,0.15747565,-0.21264933,0.0894725,-0.22046086,0.42647213,0.04018982,0.07699953,0.35828477,-0.1152381,0.29653203
0.09179536,0.3268364,0.3588677,0.4296568,0.31358233,0.06281747,0.33554465,0.29078522,0.27757376,-0.010161541,-0.07842921,-0.034474347,0.5139103,0.22609314,0.13534474,0.13041374,-0.08317268,0.10738553
0.26518857,-0.011655193,-0.26920342,-0.042774945,-0.08527262,0.22026187,0.14785208,0.29999924,0.036505166,0.22342965,-0.08928552,0.16229257,-0.17739335,-0.20668215,0.12986365,0.075813875,0.3133539,-0.23780002
0.07113156,-0.10037112,-0.21162704,0.12966573,-0.13346268,-0.14473772,0.053948518,-0.05323985,0.097512454,-0.009906572,0.0045851823,0.020755837,0.13476677,-0.014406243,-0.025150292,0.015994921,-0.013122849,-0.08872123
0.25416684,0.19626477,0.26285654,0.22155981,0.20801792,0.325779,0.065796055,0.19548091,0.30940336,0.04035712,-0.04913073,0.20764835,0.043393116,-0.018652078,0.12855636,0.00753407,0.18793467,-0.042856965
-0.057521306,-0.1689317,-0.3551392,0.25156537,-0.19759104,-0.06768327,-0.14473236,-0.047470666,0.088293456,0.20592849,0.03433654,0.29306054,-0.21681347,-0.11776503,0.12807918,-0.20887601,0.18878676,-0.21265817
0.12924469,0.3068039,-0.056945905,0.019290322,0.2207256,0.2546407,0.28084287,0.42434084,0.1700705,0.14713539,-0.10129982,0.1556399,-0.04411702,-0.027774628,0.21558642,0.099359825,0.33404285,-0.04378466
0.10515061,0.31829566,-0.0002207146,0.07304011,0.24549228,0.15374015,0.17703079,0.30521244,0.32505107,0.09279743,-0.048706047,0.16385049,0.13091753,0.13085425,0.21350728,0.058325462,0.231072,-0.030829757
0.063753165,0.43879098,0.05341666,0.17850173,0.36621246,0.2807012,0.23880568,0.45030668,0.23983052,0.12751135,-0.13763045,0.15356585,0.12061167,-0.10311819,0.22152752,0.16954347,0.33782268,-0.05324837
0.020705074,0.2381112,-0.15743908,0.04349581,0.13702267,0.35727838,0.12776867,0.34033954,0.25747874,0.23743448,-0.032201305,0.27899945,-0.08746195,-0.08704429,0.2750593,0.026958844,0.33755258,-0.2056832
0.41196203,0.43563685,0.3671725,0.00858259,0.35030687,0.2718363,0.2086575,0.26979625,0.28267387,0.030888045,0.13747966,0.15312177,0.047648504,0.23714754,0.3605295,0.24593726,0.27749678,0.19184257
0.025449362,0.34710366,-0.06654708,-0.10267915,0.2916888,0.27199575,0.24224415,0.44887024,0.27519894,0.16757074,-0.023759983,0.18167095,0.07743542,-0.038732573,0.3444835,0.04489907,0.3570058,0.046702914
-0.08275812,-0.048804045,-0.24153498,0.07391746,-0.13272987,0.191235,-0.07773108,-0.00010066759,0.11176123,0.1847521,0.010780901,0.18255726,-0.22407454,-0.0040807575,0.025947545,-0.071897365,0.03369785,-0.28179312
0.07306985,0.35030794,0.022462081,0.013538631,0.22803128,0.43438572,0.35372263,0.31324476,0.07383712,0.10424239,-0.013715789,0.055824418,-0.08629437,0.11719302,0.22877504,0.22304577,0.3018021,-0.044308804
0.38712013,-0.32030493,-0.20694336,0.062429313,-0.29959428,-0.0071741873,-0.034772992,0.03509049,-0.1489421,0.19154796,-0.039951846,0.21099468,-0.15991484,-0.19017765,0.06285736,-0.16945505,0.12584445,-0.14734691
0.05724208,0.08465354,0.10720001,0.030396828,-0.007115557,0.21157604,-0.20621715,-0.07209877,1.1031982e-05,0.046185985,-0.17653999,0.01557814,-0.2639665,0.10732351,-0.30177918,-0.29141083,-0.22654456,-0.34480482
0.3980156,0.07760233,0.20328432,0.12266643,0.0154808005,0.16319089,0.06281027,0.15956518,0.17501225,0.03877134,-0.04903177,0.06565696,-0.07603316,0.088286206,0.11072539,-0.048284013,0.09304508,-0.15483272
0.42541525,0.093998864,0.33320838,-0.1311248,0.05515954,0.24247727,0.06773562,-0.011855419,-0.027729146,-0.071626805,0.23856848,-0.10379776,-0.12925641,0.3749482,-0.0734659,0.11149581,-0.117643595,0.18769929
0.11587199,0.06471577,-0.15513805,0.19216357,0.023260787,0.11970036,0.17862958,0.021211976,0.12675992,0.017330755,-0.07898909,-0.07120927,0.20044348,-0.038086794,-0.0068962425,0.042920385,0.03672967,-0.13438214
0.043190215,0.2594571,-0.08407521,0.19864997,0.20204973,-0.03047854,0.3328637,0.20054236,0.07484055,-0.079432875,-0.036422707,-0.14908576,0.48102233,-0.14344503,0.14420418,0.27923068,0.13947248,0.19133723
-0.019002527,0.4154576,-0.08871044,-0.1959168,0.34150076,0.3395509,0.07137079,0.41978568,0.35695255,0.23726723,-0.026578242,0.27265447,-0.094335005,0.17900226,0.20954636,-0.06505367,0.2312533,-0.20209499
0.15496096,0.17652398,-0.015687235,0.083551854,0.2023737,0.15672812,0.114557445,0.16234854,0.23255536,0.0011493176,0.13133861,-0.0057738367,0.019893829,-0.06566602,0.2830009,0.35898933,0.23635139,0.015874732
0.03243871,0.050316554,-0.22446105,-0.12762055,0.046228945,0.22957559,0.14288285,0.28065056,0.19270459,0.26763391,0.049737778,0.3372817,-0.19314665,-0.07004039,0.23649907,-0.075107664,0.3781411,-0.18428157
0.116963714,0.2504873,-0.013397353,0.064221695,0.25360993,0.22203574,0.38207245,0.26653975,0.10539988,-0.019361943,0.15052983,-0.042963695,0.4066229,-0.13901532,0.23100929,0.33396167,0.2579965,0.32426414
0.20083296,-0.320521,-0.35449946,-0.15274835,-0.37720096,-0.06939937,-0.3330381,-0.19959983,-0.24746644,0.137066,-0.043075666,0.059841312,-0.242508,-0.2951362,-0.19536889,-0.25866807,-0.20862284,-0.2862388
0.22897953,-0.115661755,0.08128266,0.0789132,-0.006992212,0.08226589,0.1650612,0.044080712,0.018661536,0.0034293833,0.29210377,0.093655676,-0.17320526,0.025012257,0.16709143,0.1096635,0.25196236,0.18230665
0.007199464,0.3554805,0.04299239,0.0048578624,0.30639976,0.3875792,0.08081432,0.3125636,0.13095976,0.20640671,-0.1258299,0.2337372,-0.064011164,-0.041763917,0.05219707,-0.18754381,0.15281238,-0.26506546
0.12595806,0.28139636,0.051848453,-0.04316977,0.3389969,0.32609382,0.14357662,0.20696072,0.118239656,0.15223876,0.08361275,0.22955742,-0.12883765,0.18854988,0.18655708,-0.096279636,0.25169033,0.062278606
0.1754397,0.3507266,0.33770448,0.16327377,0.32036743,0.23537481,0.19632827,0.4354921,0.26040027,0.23982336,-0.13876608,0.30912083,-0.06702842,0.10113245,0.19803485,-0.02038166,0.22782171,-0.106265426
0.19966227,0.33915222,0.3030897,-0.0029353655,0.3122028,0.38881296,0.092198655,0.24153417,0.19458082,0.04492573,-0.09940346,0.119093165,0.088835835,0.061526656,0.07613017,-0.14733827,0.055077694,-0.04796739
0.49560976,0.105189435,0.13188103,-0.0029551445,0.097109035,0.24231447,-0.01839778,0.26070905,0.20959052,0.23986822,-0.00060266093,0.39794582,-0.08030297,-0.025204113,0.1446076,-0.1640074,0.20986187,-0.088565215
0.12028994,-0.10607694,-0.3606208,-0.10178132,-0.13479055,0.06483233,-0.072548606,0.09503222,0.029936258,0.10600883,0.13471654,0.08674927,-0.13568401,-0.098015025,0.03401778,-0.026383484,0.12587938,-0.12088603
-0.04119146,0.3946702,0.007487105,-0.06097261,0.30050462,0.3571087,0.15652993,0.46084452,0.089817286,0.20782915,-0.063369066,0.33205655,-0.08708231,-0.046797074,0.2990528,-0.104717255,0.3876993,-0.07879198
0.12360801,0.16239524,-0.06689135,0.09449885,0.07042298,0.19614996,0.14328428,0.3501805,0.24831325,0.119497225,-0.15595186,0.15467384,0.04727318,-0.0077400887,0.12842336,-0.10958988,0.24116467,-0.11470212
-0.093658656,0.15275627,-0.15089634,-0.16062869,0.10657892,0.23682591,0.060862146,0.30411118,0.085086554,0.239692,-0.039714493,0.31277427,-0.10908443,0.00037560426,0.017254986,-0.2564497,0.122277185,-0.15444687
0.18268323,0.20177715,-0.19270396,-0.10410994,0.27428922,0.3108552,-0.11944918,0.28995097,0.18917626,0.24633937,0.035861902,0.3163082,-0.19110507,-0.07874655,0.12681517,-0.26921916,0.23550355,-0.21148631
0.07187204,0.25638038,0.009544558,0.068599,0.15299004,0.26203674,-0.09171872,0.2597903,0.2736725,0.14235769,-0.09119208,0.40295577,-0.092895195,-0.030845985,-0.0064749746,-0.15976721,0.16139771,-0.23863792
0.11962244,0.39915568,0.15848665,0.09634882,0.37204236,0.32399696,0.18386373,0.3408667,0.3337397,0.10484703,-0.06452452,0.1398984,-0.03716239,0.07199027,0.41462204,0.07471267,0.3680477,-0.026701542
0.06282429,0.27076918,0.37041715,0.07549501,0.2661345,0.27362722,0.3548318,0.23737302,0.017143734,0.09318621,0.13545904,0.11836851,-0.102058515,0.27407405,0.24313432,-0.07552143,0.27115726,0.44047165
0.03002311,0.28288186,0.016420886,-0.06217572,0.31747198,0.26134303,0.23298599,0.5390477,0.15916342,0.23717906,-0.15997908,0.18128422,-0.014736397,0.089980945,0.22644345,-0.26643616,0.26815856,0.011104721
0.08114622,0.35314336,-0.13603279,-0.15923691,0.3593182,0.31096518,-0.0010282316,0.3575883,0.08593474,0.2674454,-0.025954083,0.44089222,-0.13210556,-0.18870789,0.1833041,-0.1283879,0.37559777,-0.11804922
0.21115233,0.11355336,0.20842719,0.13611478,0.09802361,0.2997241,0.31291077,0.20925266,0.35706013,-0.017914876,0.119433254,-0.058063604,0.31686196,0.11698454,0.16409281,0.322377,0.015035449,0.10833116
0.40583956,0.042093016,0.38206995,0.037229277,0.020314816,0.11694884,0.14743018,0.21418451,0.1898666,0.071081124,-0.069891095,0.1126096,-0.020942869,0.26024145,0.1230081,-0.0717698,0.025111347,-0.0058838194
0.11260528,0.25699794,-0.108940184,-0.040856767,0.32144904,0.29263443,0.17775857,0.260001,0.08524646,0.23301955,0.122821316,0.18587917,-0.16377556,-0.12814616,0.31210154,0.2532345,0.35685152,-0.031158643
0.43662268,-0.21393794,-0.09129514,0.09077888,-0.18222398,0.14031947,0.055042624,-0.10017914,-0.09272306,0.1423622,0.029088292,0.047875084,-0.15543655,0.03840144,0.019641474,-0.081721134,-0.031442128,-0.19227915
0.2410542,0.36025077,0.07589147,0.07678655,0.281429,0.24345353,0.26286227,0.2970019,0.2725507,0.011150235,-0.01333995,0.03949692,0.1507889,0.111165054,0.22960912,0.25570193,0.24548626,0.010742994
0.47740564,0.12876287,-0.21736047,0.00919662,0.1584023,0.2926062,0.035397574,0.11041686,0.19211777,0.22755516,-0.028415002,0.16113526,-0.10120354,-0.10509534,0.12807806,-0.047556136,0.19203788,-0.25475425
0.049712613,0.28423625,0.05595868,0.14172566,0.21504512,0.16525272,0.3902802,0.25349694,0.0575076,-0.026494244,-0.06256109,-0.028279074,0.3981056,-0.13400118,0.17692782,0.23554385,0.19889635,0.16686621
0.36996523,0.31125343,-0.033554573,0.023162674,0.23502901,0.27497855,0.14617531,0.4801704,0.17077067,0.22172073,-0.1630081,0.21071495,0.048139498,-0.17252511,0.25840166,-0.036940377,0.35688812,-0.10918799
-0.076159626,-0.07693222,-0.3267122,-0.015543923,-0.13720891,0.14312546,0.024019374,0.37897623,0.10656661,0.1718902,0.008314427,0.2302168,-0.10461272,-0.121555544,0.09260668,-0.15815724,0.27419806,-0.060324766
0.09480645,0.06642969,-0.22858596,-0.049074456,0.042551972,0.35890466,-0.0039976123,0.15460292,0.14259161,0.24536884,0.1517326,0.28414875,-0.102564186,-0.2592335,0.19522281,0.16218992,0.24615951,-0.16288865
0.3225393,-0.23464367,-0.14449802,0.010448718,-0.18741994,-0.06715273,0.25253785,0.068879694,-0.09344222,-0.030827891,0.11658612,-0.17229465,-0.04770292,-0.09700319,0.18800241,0.26690346,0.19124645,0.14066875
0.14095257,-0.26238942,-0.30855072,-0.24277136,-0.22028305,0.018149272,-0.052105933,-0.085098356,0.014810481,0.09224323,0.16002437,0.07863841,-0.19250342,-0.005964197,0.09578784,0.027518306,0.11344527,-0.08479132
0.3455509,-0.13539961,-0.09122991,0.04142998,-0.087455556,0.0454132,0.3588998,0.10080068,-0.0913706,0.08371051,0.17724955,0.0005714395,-0.11905597,0.14427751,0.32049006,0.17859279,0.3726639,0.31883776
0.20216131,0.29095405,0.31169403,-0.11171128,0.3035169,0.38384968,0.18383843,0.26764703,0.057998497,0.094562456,0.20657918,0.16817574,-0.10820277,0.13424368,0.12394543,-0.03549485,0.2449512,0.36284548
0.355748,-0.010012722,0.35640395,0.27005792,-0.03182055,-0.06435866,0.3810613,0.091746494,0.20256639,-0.119911194,-0.02027902,-0.063573666,0.21456486,0.28083843,0.22396353,0.13363431,0.078859,0.202445
0.3093798,0.29901126,-0.10466942,0.18272278,0.21773203,0.22670904,0.15202793,0.21831672,0.18317181,0.05731877,-0.100301445,-0.005779598,0.1970771,-0.17631683,0.09730945,0.12660657,0.14000988,-0.1615286
0.29349524,0.10188077,-0.108715415,0.26012284,0.0560151,0.05549184,0.18108225,0.039295647,0.03878236,-0.025932081,-0.038158022,-0.030797083,0.16120279,-0.14172485,-0.009813862,0.12541471,0.11244681,-0.044103198
0.04232542,0.39426166,0.15415236,0.055848148,0.2877822,0.36782247,0.041696303,0.36830506,0.2682475,0.19396797,-0.104250535,0.33255422,-0.1208755,0.11885303,0.23401414,-0.19360344,0.2474151,-0.119828194
0.26859257,0.03485569,-0.07670978,0.055677086,-0.02460801,0.13421711,-0.14481562,0.0114932805,0.16020757,0.16403106,-0.11541719,0.06965828,-0.15334018,0.18711552,-0.16374008,-0.1330741,-0.16470864,-0.29031193
0.094167426,0.2519785,-0.08970085,0.014258428,0.19093205,0.3537433,0.10801296,0.36374453,0.1996708,0.23531948,-0.08892989,0.3574748,-0.1800316,-0.05305703,0.20053275,-0.18503782,0.4038931,-0.19025713
-0.06422998,-0.15505934,-0.115496546,-0.044732027,-0.16041365,-0.0035865735,0.29234982,0.12876102,-0.049616277,-0.004942835,0.16116619,-0.04330773,-0.062122576,-0.020039791,0.27977163,0.26159745,0.26364923,0.17976233
0.08474511,0.50036824,-0.011338973,-0.08269428,0.5329202,0.21255864,0.078333616,0.5095265,0.2972158,0.23761615,-0.104816094,0.3067634,-0.09473187,-0.0069609154,0.16974756,-0.15174298,0.3166697,-0.0825904
0.0713135,0.1262289,-0.13686608,0.22973995,0.0549166,0.14805235,0.20328583,0.34111956,0.24007127,0.10766803,-0.122543246,0.07095848,0.047665752,-0.07585476,0.22217113,0.110947795,0.27567428,-0.17809434
0.13128869,-0.058277886,-0.042751487,0.14890032,-0.0491964,0.07027562,-0.022210479,0.1404724,0.16601896,0.09571268,-0.07368206,0.12650275,-0.00896669,0.033056993,-0.003732062,-0.22127736,0.027123682,-0.204135
0.02769514,0.30953074,-0.08054618,-0.05798865,0.24846032,0.30239192,0.2976956,0.5158621,0.08593634,0.23213777,-0.14181072,0.21895257,0.026779868,-0.17646913,0.25679457,-0.022036482,0.39730537,-0.049123727
-0.079285994,0.055975847,0.16005883,0.15966815,-0.0012933374,0.13139185,-0.17008081,-0.024098273,-0.024911275,0.047926605,-0.088826135,0.078499734,-0.2226107,0.2358799,-0.24317952,-0.25244635,-0.23899883,-0.15886293
0.074694455,-0.31828988,0.07080085,0.29873487,-0.28134283,-0.15651685,0.31098825,-0.16513047,-0.04516562,-0.08105143,0.2570696,-0.15757623,0.09161203,0.07341073,0.07092838,0.2791682,-0.017793588,0.33605558
-0.04743979,0.14303656,0.013622604,0.13115364,0.10399814,0.29544318,0.2504847,0.0466199,0.0045440253,-0.0385498,0.28775057,0.04482288,-0.1563143,0.17086485,0.19180793,0.17710917,0.33379227,0.34852433
0.33532745,-0.03243428,-0.20646076,0.12675744,-0.07915503,0.17229441,-0.027440023,0.07804404,0.1089665,0.18060863,0.06421774,0.17837779,-0.10346417,-0.028347343,0.0430803,-0.08379832,0.099397,-0.13845864
-0.016536582,0.38532376,0.040770195,0.15939876,0.24894549,0.15018359,0.2863301,0.3556957,0.2212111,-0.008248543,-0.14205539,0.05772859,0.35858163,-0.041011803,0.20309597,0.11262885,0.24527358,0.06088037
0.041058186,0.06348645,0.26520103,0.4633334,0.039224032,0.15882495,0.34206063,0.055870973,0.013906227,-0.10551165,0.13292757,-0.07990653,0.3208958,0.11727265,0.09837882,0.17192124,0.013211625,0.28520596
0.04027218,0.18758638,0.054921594,0.1731802,0.10867283,0.033282585,0.28239405,0.24533717,0.21437673,-0.042825833,-0.0806171,-0.095133394,0.41172767,0.06294455,0.02894955,0.16853987,-0.052913725,0.018174019
0.2876082,0.26164475,0.10951449,0.1618192,0.1916549,0.25051367,0.36779314,0.22593556,0.08750962,-0.07184159,0.006313137,-0.04657557,0.2852798,-0.12731284,0.22912824,0.30266356,0.24441308,0.12544829
0.39417237,-0.11142453,0.24773079,0.15635625,-0.16639736,0.039140485,0.20585006,-0.1457364,-0.017474368,-0.17094642,0.22481382,-0.11287911,0.1323986,0.20881978,0.0067642042,0.07618449,-0.067270175,0.29798928
0.11385542,0.32269788,-0.06330166,-0.0341496,0.22575,0.3335737,0.12268016,0.48185492,0.26913226,0.17309575,-0.14211641,0.23084511,-0.09151317,-0.010334412,0.24866468,-0.14930564,0.3737991,-0.15827721
0.37763104,0.17856146,0.048269738,0.0067626885,0.12408623,0.23115402,0.29948115,0.21245027,0.005340688,0.038212713,0.0352414,0.03953979,-0.03171071,0.09475549,0.15993704,0.08811678,0.29807618,0.22468308
-0.09458071,0.32623643,0.09392063,0.27794975,0.20812173,0.16504192,0.22107977,0.3529899,0.20178723,0.033510894,-0.16690508,0.13796052,0.16819926,-0.089424,0.21953705,-0.0057991673,0.24678348,-0.082735024
-0.09134105,0.19173539,0.026843537,0.19662058,0.066762745,0.26952046,-0.011893973,0.19197303,0.11807902,0.1273787,-0.0088789705,0.17718235,0.020384561,0.05959618,-0.09122557,-0.20012748,-0.067229114,-0.1502532
0.36578634,0.34160322,0.20594299,0.18527973,0.25351608,0.2366957,0.078437574,0.18942249,0.3615942,-0.023336463,-0.060547084,0.08390216,0.34388572,0.08872167,0.15344691,0.025820455,0.043374263,0.004763325
0.010158965,0.2947491,-0.095263004,-0.13650995,0.22100618,0.28995502,0.038820375,0.47183233,0.11852476,0.15939987,-0.03766676,0.3500315,-0.062985264,-0.09074484,0.18653366,-0.13801616,0.3806603,0.0011262898
-0.033768885,0.12978171,-0.010110447,-0.0146497665,0.0759636,0.30613497,0.16644073,0.43309754,0.00091436505,0.30784577,-0.07943827,0.3224405,-0.14629963,-0.027461644,0.16961911,-0.2123174,0.24347237,-0.07918652
0.3043437,0.30642337,-0.044657838,-0.066337585,0.2401044,0.2648388,-0.037813805,0.39076006,0.22883838,0.19043605,-0.19122079,0.16459592,-0.04484628,-0.12008688,0.11525859,-0.08759719,0.19709644,-0.23861983
0.009304682,0.25072718,-0.13257833,-0.1145345,0.21389835,0.33912593,0.24184515,0.4978215,0.19241463,0.24332687,-0.037577987,0.35501194,-0.09086539,-0.114097044,0.36882406,-0.025912635,0.54464996,-0.0014923392
0.050214138,0.19508281,-0.08367385,-0.08392434,0.28396416,0.29652143,0.122939214,0.27814007,0.1378898,0.13281235,0.29244775,0.098922715,-0.1552919,-0.11060347,0.24677318,0.2048296,0.3019042,0.092048354
0.23670387,0.21606286,-0.13080502,0.053435728,0.21706626,0.33751076,0.18124571,0.30039075,0.08855665,0.27051318,-0.005255097,0.24682108,-0.06122341,-0.1440424,0.24526383,-0.08467527,0.3153572,-0.10039254
0.354667,0.3964237,0.19438711,0.18199787,0.34793037,0.17290926,0.35395157,0.26355815,0.2696446,-0.037179615,0.024586882,-0.098505944,0.38228166,0.19687372,0.22315645,0.37577105,0.110826746,0.20985171
0.48651296,0.36760175,0.38038516,0.08286291,0.30255848,0.38757193,0.14641318,0.27685463,0.25303572,0.05711502,-0.08887431,0.1597467,-0.04278741,0.18675864,0.22611082,0.039262693,0.18173487,-0.046975125
0.07693616,0.38639858,0.041683085,-0.096835166,0.40173897,0.3526625,0.24008162,0.45420814,0.20424846,0.18342495,0.017349202,0.24423237,-0.09459511,0.11029079,0.45594364,-0.07668228,0.4652881,0.12441633
0.067174554,0.19920573,-0.019604916,0.1629208,0.07072971,0.21313033,0.13790423,0.30825305,0.16212493,0.14198643,-0.063899934,0.3101459,-0.08740273,-0.02071809,0.21803178,0.07325684,0.34629798,-0.12217249
0.3580603,0.15284522,0.36033058,0.10271101,0.1357303,0.05833669,0.4120703,0.16120449,0.06876762,-0.13935158,0.08610092,-0.11002304,0.3447603,-0.0007537054,0.22592384,0.24345727,0.20489198,0.47403523
0.10216522,-0.004677329,-0.046386704,-0.17758189,0.022441596,0.14554814,0.095310554,0.1027347,0.21229754,0.10087558,0.24795775,0.065831006,-0.2522191,0.28455067,0.26635844,0.058057226,0.21369404,0.10524781
0.42051572,0.31342158,0.22618681,-0.0041107703,0.20832443,0.4540651,0.027833771,0.24273382,0.15619218,0.1479623,-0.118189424,0.21552089,-0.13484183,0.08142205,0.14116961,-0.092618465,0.16568354,-0.17674822
0.0690083,0.0031261146,-0.25982875,0.008176049,-0.011267762,0.22371939,-0.0057578096,0.26571465,0.081254974,0.30313087,-0.08006711,0.14753392,-0.17231137,0.07375313,0.02042022,-0.32099405,0.070321456,-0.15803099
0.28104663,0.2620677,0.011065792,0.09428245,0.19485852,0.22928865,0.28660074,0.37144148,0.00503788,0.2090202,-0.0807285,0.15208226,-0.1522025,0.07844919,0.19818285,0.04012184,0.29971486,-0.067491546
-0.13655572,0.213171,0.10723218,-0.03760871,0.21010372,0.34659767,0.08891107,0.33135626,0.1380884,0.23538716,0.05431126,0.41486657,-0.19713722,0.070653364,0.16049975,-0.1975734,0.30210102,-0.082713895
0.06491776,-0.083544195,-0.24821825,0.19576296,-0.07262886,0.16318403,0.05285228,-0.025950048,-0.030756908,0.0755966,0.19310643,0.06092181,-0.16581059,-0.24733415,0.036471445,0.13901478,0.16573912,-0.13215235
0.20709696,0.24687488,0.026626486,0.0813071,0.17882542,0.19201477,0.15059438,0.2139848,0.137149,0.17956161,0.036872335,0.32567233,-0.2097783,0.10282208,0.25246337,-0.05615027,0.3364148,-0.07133773
0.2742287,0.1939916,0.086514995,0.1006468,0.094470575,0.20748429,0.089039385,0.28558147,0.014534595,0.20420846,-0.095282614,0.38973266,-0.18859434,-0.062395424,0.107898965,-0.09006877,0.3272612,-0.11628333
0.12947062,0.3204584,-0.020024735,0.014488184,0.27895725,0.4605684,-0.010581972,0.19985157,0.33127928,0.20007063,-0.063585505,0.24699906,-0.18109843,0.1299552,0.14899349,-0.10475753,0.15076575,-0.30284998
0.111047804,-0.00930227,-0.26085484,-0.13391584,0.021195477,0.1831128,-0.09648816,0.11330487,-0.07504541,0.19567508,-0.15403745,0.017864324,-0.20972723,-0.21417129,-0.07044716,-0.32225752,0.06551661,-0.29634035
-0.025418155,0.107283175,-0.22497731,-0.15741806,0.06226153,0.2591738,0.1741848,0.37685066,0.10396232,0.23992807,0.020567214,0.19506551,-0.17641589,0.09007378,0.18872261,-0.24972583,0.28424087,0.05111669
0.023546116,0.3100549,-0.124503896,-0.0054980065,0.22740728,0.22249305,0.2880795,0.51766866,0.27527893,0.21919058,-0.079840034,0.32671332,0.00046088453,0.0042247362,0.34644672,-0.07257418,0.4859364,-0.011390815
0.061628073,0.40837538,0.08115801,0.019890007,0.34605008,0.22887397,0.24302788,0.35699007,0.18171509,0.09723842,0.04822024,0.114883736,0.010146618,0.0960277,0.2849059,0.07285355,0.252424,0.045190744
0.121078946,-0.038122687,-0.23778847,0.03194198,-0.092930846,-0.03792764,0.21833907,0.21532533,0.08219859,0.06454015,-0.060476582,-0.07444134,0.07661798,-0.12129937,0.13617276,0.10689566,0.14412598,-0.077702716
0.08622086,0.043451406,0.1700062,0.20628105,0.05661845,0.015765006,0.28624973,-0.008484367,-0.06419355,-0.1433638,0.13356441,-0.20396632,0.46154177,-0.08167726,0.006304269,0.31035745,-0.08623824,0.3731752
0.12548026,0.14408782,-0.11921203,0.24207012,0.11101577,0.18154833,0.18048151,0.34056967,0.27355105,0.07903334,-0.11866735,0.1124193,0.20775795,-0.027351039,0.076565705,0.0050420095,0.20613258,-0.08140074
0.024159595,0.37288854,0.09094043,-0.07222854,0.27833787,0.27889287,0.26676232,0.4504928,0.047356978,0.11296809,-0.09780145,0.14137766,-0.017992696,-0.04177551,0.19440722,0.061355017,0.31962767,0.084037885
0.27530086,0.22984642,0.35129258,0.230993,0.14791751,-0.0056862067,0.22597352,0.021154312,0.25155306,-0.17499813,0.011821987,-0.10938615,0.4813807,0.06640451,0.079768375,0.18521792,-0.08994768,0.24894625
0.035463803,-0.17498237,0.031025566,-0.044243313,-0.06802857,0.23066586,0.1648305,-0.011988608,0.048453,-0.0040148622,0.43651378,0.019208405,-0.2392858,0.19646989,0.07255776,0.07224878,0.14511728,0.23500445
0.3079405,-0.15840769,0.008650443,0.24937317,-0.17970563,-0.20113185,0.27981377,0.087155275,0.16872713,-0.1337582,-0.061564952,-0.058451533,0.3945108,-0.091367975,0.20431574,0.15112698,0.15116645,0.15201351
0.09533055,0.44788197,0.30565047,-0.0064526214,0.3780632,0.3508735,0.29879552,0.3190369,0.12322059,0.14971766,0.0065425215,0.24064063,0.011990581,0.16008452,0.31429237,-0.007557882,0.31897092,0.26307255
0.15007585,0.3128272,0.089453444,-0.029222097,0.18269144,0.22237746,0.17873916,0.33412915,0.14854002,0.15547204,-0.066395134,0.1581353,-0.11602619,0.13534258,0.2799139,-0.08284797,0.23736568,-0.017427718
0.054946087,0.15370837,-0.18643503,0.048922487,0.121857,0.12300126,0.17044409,0.19329262,0.18850315,0.021378279,-0.02499808,-0.011096797,0.123269126,-0.0021903934,0.1318989,0.0488897,0.18970327,-0.07281467
-0.13879126,0.21257252,0.008526907,0.092083536,0.13349536,0.3636683,0.08822988,0.25034547,0.056220163,0.31703466,-0.091577895,0.45859945,-0.28799605,-0.03779374,0.18010841,-0.21229428,0.3666231,-0.22029334
0.11450194,0.38121068,0.3106527,0.30575544,0.30112892,0.31483436,0.05160837,0.20777053,0.32174164,0.14994095,-0.08822088,0.25056103,-0.06891477,0.38892382,0.06864537,-0.0854366,0.004844358,-0.13093254
-0.10318064,-0.05010428,-0.34647322,0.04288912,-0.15168846,0.16958502,-0.19955274,0.15559225,0.17183092,0.25991935,-0.06550535,0.43619445,-0.24876288,-0.20428559,0.0054933224,-0.22475205,0.19754422,-0.39147297
0.09102829,0.2721226,-0.078709565,-0.084954016,0.17621553,0.23236217,0.1674019,0.47687724,0.25050974,0.18577725,-0.18258718,0.20925878,0.043562245,0.046887126,0.10379678,-0.11834728,0.21033072,-0.1747593
0.046767328,0.35008752,-0.07658227,-0.103588626,0.31255972,0.39713213,0.08530275,0.33400035,0.16247058,0.2120854,-0.10461873,0.14484231,-0.19558248,0.19708753,0.28755206,-0.2277781,0.2981166,-0.115757585
0.19437477,0.1711563,0.12347464,0.1169934,0.1669051,0.2090376,0.048852533,0.14293765,0.16575333,0.08402374,-0.07080909,0.17647073,-0.051884905,0.03211436,-0.01938834,-0.16432184,0.10935016,-0.13494375
0.13236731,0.16690247,-0.13166746,-0.037676875,0.093998484,0.24891028,0.26872945,0.23650949,0.062147498,0.11334838,0.0753029,0.06878386,-0.09291054,0.10251649,0.15972736,0.027498376,0.26003328,0.038823042
-0.047223583,-0.052615944,-0.17856279,0.10923709,-0.17645808,0.14535835,0.09255685,0.10049823,-0.04376505,0.26047957,-0.03637257,0.20759581,-0.2234857,-0.016159654,-0.033684433,-0.05802742,0.058030646,-0.24354959
0.27343637,0.20634371,0.25577885,0.004039282,0.24420175,0.21079618,0.2100271,0.21949041,0.015832465,-0.0060378825,0.17685938,0.0495563,-0.073999085,0.012332104,0.14896515,0.18979374,0.31184688,0.35751683
0.45751616,0.19311132,0.19484682,-0.015477862,0.15508303,0.20260748,0.06756759,0.43078953,0.18280798,0.18743154,-0.09628253,0.3241477,-0.0049892776,-0.03167026,0.1590137,-0.1356968,0.26103312,-0.07497515
0.11632657,0.44614315,0.18886137,-0.033084724,0.32578194,0.31881118,0.19957039,0.52818704,0.26841193,0.13823009,-0.17391518,0.2393853,0.10123938,0.01136771,0.23478326,-0.024556741,0.27852732,-0.018581685
-0.049420338,0.257277,0.036424473,0.07369527,0.16709541,0.25949192,-0.013874174,0.259846,0.258257,0.2084127,0.10374524,0.3045619,-0.15608555,0.22897817,0.21687898,-0.043535873,0.14772394,-0.025743723
0.35775703,0.23340525,0.07198603,-0.08689706,0.14532982,0.32817096,0.04099997,0.34671322,0.059427537,0.17144342,-0.055864677,0.28315526,-0.06874342,-0.14658993,0.035147287,-0.0013100933,0.23167405,-0.12783077
0.057609513,-0.3756922,-0.1905731,-0.11761072,-0.33674055,-0.042648096,0.16310856,-0.057971925,-0.21165493,0.031396568,0.32944047,-0.08233512,-0.19551721,0.06184534,0.0936169,0.2207143,0.07897295,0.1997287
0.31085306,0.14387745,0.17902792,0.017450053,0.13737503,0.16838261,0.13631386,0.24303809,0.20899771,0.20261115,0.065082476,0.25047797,-0.19631295,0.2526495,0.24971014,-0.073719576,0.24003714,0.07256502
0.07079692,-0.1575774,-0.037352547,0.08159119,-0.20980366,0.06333212,0.014004303,-0.08798531,0.27013475,0.15947574,-0.0033924864,0.26973596,-0.102512114,0.039108396,0.164444,-0.11342728,0.09726979,-0.14471334
0.085953355,0.3251395,0.022917992,-0.12661582,0.31371891,0.2436076,0.16597408,0.43457004,0.16111198,0.2069723,-0.028330678,0.2991481,-0.078932665,-0.07088487,0.20076624,-0.18114609,0.35157776,0.09731303
-0.052022003,0.31123537,0.02226964,0.07158001,0.21314672,0.34297118,0.38072067,0.37797964,0.18414238,0.045589566,-0.0062845917,0.049519416,0.009093894,0.0073634954,0.33380327,0.27954102,0.37669173,-0.011336679
-0.13467346,-0.035590563,-0.40433693,-0.020861676,-0.08643648,0.1773435,-0.08843921,0.20837605,0.259888,0.26921904,-0.08390675,0.26797673,-0.24825105,-0.09661193,0.11920086,-0.24746495,0.18324327,-0.38279653
0.2412459,0.21072674,0.25581932,0.055685356,0.17802835,0.07914264,0.3659039,0.30424058,0.1295008,0.029760573,-0.061946355,-0.031667218,0.43980667,0.022409532,0.17562798,-0.017398715,0.114811674,0.3610496
0.01134461,0.22486946,-0.066823855,-0.09320529,0.12316678,0.37455744,0.01734585,0.3246495,0.114002354,0.23568857,-0.059261236,0.20164604,-0.086724766,0.06295192,0.058694743,-0.22518548,0.08037308,-0.14330071
0.14918754,-0.030840874,-0.30774242,-0.17514408,-0.09418276,0.12693617,-0.11466201,0.19650346,0.078177154,0.24660361,-0.028027859,0.32541022,-0.17487699,-0.11883381,0.09549542,-0.2060841,0.25304955,-0.152845
0.13057493,0.06067019,-0.1938265,0.12896052,0.0032553151,0.116215065,0.31915283,0.2564541,0.09482421,0.0526094,-0.0720537,0.01462464,0.32976502,-0.20237452,0.07875812,0.096974835,0.16594891,-0.0014893403
0.21446666,0.1426121,0.2486859,0.39728004,0.14922187,0.13926086,0.20389797,0.072575085,0.2786991,-0.1639447,0.17587009,-0.026791167,0.4930859,-0.037586093,0.05248469,0.44589648,0.019748414,0.25890234
-0.026109844,0.33730012,0.21013106,0.35806063,0.22660708,0.24553856,0.15824124,0.3166868,0.23641649,0.2179119,-0.049058937,0.32951945,0.016149323,0.077484705,0.30593264,0.006884542,0.25579727,-0.008010479
0.12523188,0.42461464,0.02231685,0.00788811,0.35694885,0.2452654,0.21461803,0.38024086,0.32214135,0.07117639,-0.080932975,0.13491154,0.19387248,-0.050359774,0.25381273,0.13618289,0.30477035,-0.038193807
0.09967494,0.39129356,0.12703438,-0.13770391,0.3870994,0.27324793,0.23216058,0.44602162,0.32228696,0.1908544,0.0044935336,0.34782445,0.13607302,0.15526654,0.2655409,-0.16125676,0.33921131,0.18604073
0.41552365,0.3272565,-0.04483062,0.04593301,0.25386387,0.35091603,0.06274854,0.27111083,0.10610275,0.1845425,0.018875055,0.23352465,-0.0001014187,-0.14563692,0.03721481,0.0029403726,0.1955488,-0.12273678
0.25147218,0.105561376,0.2927282,0.058561537,0.116766386,0.2710995,0.25137848,0.14374341,0.030960651,0.014096077,0.107531466,-0.04056685,-0.07566298,0.24067062,0.11900804,-0.008481875,0.07683915,0.15978774
-0.09696798,-0.017422799,-0.22614257,-0.14252684,-0.10174131,0.12563236,0.014847816,0.24532792,-0.010031505,0.11525707,0.09710046,0.250821,-0.09163895,-0.07522087,-0.12595114,0.032520026,0.10686314,-0.07585666
-0.13801545,0.10328303,-0.20881766,-0.15906712,0.025374098,0.32274327,0.09945831,0.40499595,0.25874656,0.16323313,-0.06908434,0.1983423,-0.114785835,-0.029056821,0.25221455,-0.014919843,0.33290634,-0.2196304
0.2158807,0.43421233,0.32805392,0.28692648,0.3666001,0.016361067,0.24732628,0.2182326,0.414517,-0.055655062,-0.06679468,-0.025359295,0.47401208,0.12885275,0.14962865,0.18040872,-0.03193372,0.10626532
0.089559466,0.13918473,-0.0605748,-0.12265557,0.12214224,0.42972863,-0.04639708,0.28984421,0.057476968,0.30231935,-0.13737483,0.27428135,-0.25690025,-0.026831849,0.07764249,-0.29182252,0.21241936,-0.26171035
-0.08538772,0.10884129,-0.29098135,-0.046927597,-0.0140578495,0.21251601,-0.21668649,0.19951916,0.10499482,0.174487,-0.13169044,0.23902416,-0.19808877,-0.20692311,-0.053137407,-0.31362325,0.10442752,-0.31129187
0.4145204,0.37899956,0.27513885,0.20233598,0.31478345,0.19583595,0.17923222,0.27064946,0.31616735,-0.038295973,-0.0433487,0.02351889,0.5192162,0.039604597,0.133454,0.10195623,-0.014766204,0.11692703
-0.1997301,0.163001,-0.16264436,-0.062055532,0.08987644,0.20673993,-0.0888551,0.23108044,0.16497293,0.08510989,-0.07335108,0.17542851,-0.30246523,0.1917738,0.07077796,-0.21221924,0.20411815,-0.21855958
0.34043327,0.2093205,0.098615736,0.08896567,0.08427372,0.29473305,-0.114459686,0.25550413,0.09542538,0.14064632,-0.11881922,0.3212407,-0.11929697,-0.06847163,0.057020012,-0.11201821,0.19327866,-0.21778798
0.32613266,0.36487645,0.5096493,0.08536664,0.26916352,0.15365836,0.23502477,0.3160993,0.26417053,-0.054727584,-0.1548168,0.05854478,0.40582293,0.28358305,0.18353784,-0.070052475,0.0022672801,0.22431348
0.042756643,-0.0133575825,-0.27976614,0.1262826,-0.0008302834,0.12265458,-0.0011924678,0.20714535,0.24000417,0.2552598,-0.10881877,0.30535313,-0.16216573,-0.1328589,0.15557942,-0.2008889,0.25951344,-0.32796735
0.01323994,0.043478936,-0.15623215,0.41737342,-0.025362428,0.11208455,0.18711004,0.044168588,0.14535135,-0.027008044,-0.054828182,-0.042845372,0.2811545,-0.07716273,0.025417713,0.19394204,0.058341227,-0.12849854
0.39877403,0.01942245,0.25378132,0.4100502,0.037704647,0.062870234,0.24297571,0.069875464,0.11857767,0.10522325,-0.15486631,0.020317018,-0.033918563,0.099191025,0.088243455,-0.124374814,0.04130014,-0.116898224
-0.14020617,-0.29608226,-0.25030348,-0.2276029,-0.28091705,0.0136922095,-0.091479525,-0.00838886,-0.12012837,0.20007692,-0.019307233,0.17043847,-0.29708445,-0.114650846,0.23438267,-0.27552277,0.17344509,-0.12678596
0.35718858,0.16095057,0.28252035,0.28053957,0.082112126,-0.13152203,0.2482723,0.022812843,0.21708569,-0.1693412,-0.07862454,-0.087815955,0.4595961,-0.11687876,0.0985385,0.21186668,-0.013347502,0.1583119
0.1778898,0.004743847,-0.045310058,0.2059252,-0.06817842,-0.078160524,0.11256133,-0.09708279,0.22345743,-0.047384296,0.028657598,-0.13045663,0.31245276,0.15653154,-0.044134088,0.059671886,-0.18183377,0.038499445
0.46143848,0.0978197,-0.07252238,0.25027332,0.08502707,0.1971814,0.18400225,0.22580212,0.1952889,0.09966276,0.023523869,0.09672175,-0.074449554,-0.07660405,0.29961008,0.19623756,0.34801525,-0.062074184
-0.058100432,0.2502381,0.1347296,0.20848326,0.18532763,0.15611932,0.012848023,0.27990136,0.27482313,0.19619712,-0.055369616,0.21840475,-0.15809494,0.3577151,0.026670102,-0.18831998,-0.025341801,-0.16123526
0.13967472,0.19109803,0.25786573,0.30539536,0.089965925,0.16371223,0.065180786,0.2167952,0.21648645,0.080016956,-0.07448806,0.2484108,-0.0075663063,0.0736057,0.14195696,-0.10167068,0.13452888,-0.093842275
-0.003179375,0.36084592,-0.095120184,-0.08728036,0.29120606,0.26388267,0.09178705,0.40669897,0.25222766,0.20001015,-0.13005769,0.27812716,-0.0098460335,-0.12150122,0.16032705,-0.15799552,0.29947805,-0.19761288
0.16077894,0.32313058,0.07629433,-0.035308592,0.20255832,0.33706683,0.15448648,0.24315217,0.23752786,0.104053505,-0.08133985,0.13522914,-0.03822361,-0.060124747,0.20884605,0.17254071,0.23754805,-0.16754988
0.101367965,0.22267234,-0.22125658,-0.04688431,0.10854196,0.37164786,-0.0969581,0.21091667,0.051002488,0.15317038,0.020166049,0.25894612,-0.18564631,-0.13177371,0.093475066,-0.105982006,0.2874509,-0.1899159
0.31700402,0.31225395,0.34451503,-0.013727537,0.21932854,0.08424789,0.017115707,0.074144915,0.34341073,-0.13387895,0.028006587,0.006478368,0.24439476,0.2589624,0.041802615,0.030490559,-0.0928201,0.10066953
0.07969889,0.3207183,-0.038731046,-0.01938228,0.24972492,0.3786288,0.24727266,0.5090958,0.18391491,0.27104068,-0.13904926,0.17047125,-0.09345324,-0.039489217,0.20614827,-0.13455229,0.27504516,-0.1506843
0.24140579,0.44764686,0.36355793,0.2944479,0.3709104,0.10259232,0.24631242,0.22022474,0.37194717,-0.09836995,-0.113834545,-0.052745536,0.55244577,0.16506729,0.060675282,0.08815187,-0.08377882,0.15600446
0.17458043,0.32910186,0.011607468,0.06551028,0.25004426,0.17258427,0.23260641,0.33564803,0.15583056,0.101681516,-0.13918231,0.14222012,0.06410775,-0.028588621,0.21093975,0.005296711,0.3445609,-0.0030121705
0.043885097,0.17822948,-0.20346524,-0.2979115,0.27161974,0.1800114,0.15313375,0.23417875,0.06080669,0.18011026,0.2785815,0.2153047,-0.12302358,0.11051877,0.22266133,0.08168425,0.3069956,0.12120228
0.030055344,0.38486308,0.030176526,-0.19486478,0.2762706,0.37122428,0.18899433,0.49950784,0.18791324,0.234564,-0.15013406,0.18087344,-0.17692482,0.3514772,0.28572935,-0.21284643,0.2914796,-0.010457512
0.31324834,0.18258102,-0.08918979,-0.1252399,0.19320989,0.3879067,0.066737756,0.30264848,0.075607575,0.24080515,0.016641062,0.32294235,-0.101963714,-0.10038786,0.17051786,-0.16642234,0.28520387,-0.10773112
-0.012456635,0.39741173,-0.01679257,0.0016974544,0.28201497,0.36338228,0.23858684,0.40751982,0.15872815,0.1908702,-0.116060734,0.26359943,-0.005615464,0.025188947,0.2598305,-0.058679882,0.3650841,-0.013208897
0.11754717,0.26048592,-0.17321742,0.08627859,0.2509884,0.20895079,-0.08617104,0.27231562,0.23093401,0.18412259,-0.07540479,0.22480845,-0.081309766,-0.018674716,0.13611466,-0.20387669,0.16610944,-0.21603578
-0.17635944,0.10777487,-0.17877811,0.07215011,0.0115572475,0.11477763,0.07397349,0.25120866,0.15523612,0.080179654,0.05917096,0.15034479,-0.107433505,0.083813176,0.25827116,-0.05951917,0.26455265,-0.04613958
0.08416133,0.2985466,-0.11098508,-0.12993208,0.30725312,0.33230925,0.093295984,0.48316693,0.13306913,0.2792905,-0.06281904,0.329261,-0.10664135,-0.17201246,0.27714497,-0.20442617,0.38871646,-0.053657737
0.31706935,0.082749546,0.022466695,0.058527503,0.029520858,0.2314986,0.3714663,0.22066092,0.041960962,0.08092494,0.07799443,0.14357656,-0.13145015,0.10680867,0.39418638,0.22672468,0.5144826,0.17682226
0.22788662,0.26357538,-0.06885896,0.35554856,0.1489474,0.11861217,0.06756203,0.27042556,0.28484553,0.004480228,-0.16561693,0.058749348,0.43165112,-0.1401536,0.010892527,-0.012937849,0.029685369,-0.13049357
-0.027545433,0.15017226,-0.14969844,0.09229498,0.12218769,0.15353929,-0.04835446,0.035719454,-0.038723048,0.24382234,-0.02882123,0.18716872,-0.2132136,0.050854728,0.025608849,-0.28331596,0.05207342,-0.1389836
0.3196398,0.33574376,0.07418433,-0.055165637,0.36437923,0.22172394,0.34687877,0.50039357,0.32481563,0.09374806,-0.057462346,0.14175197,0.23368259,-0.044988193,0.30680132,0.21545039,0.36241138,0.06817423
0.15634663,0.086621165,-0.09707439,0.052835625,0.08804314,0.34459263,0.27794352,0.03706586,-0.0991008,0.009650009,0.22884631,-0.055276506,-0.107794285,-0.031997837,0.06966179,0.3282882,0.22614759,0.13342485
0.09031387,0.27404025,0.08531125,-0.0025755628,0.22016019,0.28635073,0.3167133,0.40897164,0.06309306,0.17669505,0.008148903,0.2882982,-0.040509302,-0.053484146,0.2215405,0.044724658,0.40624392,0.17395747
-0.12939368,-0.5245428,-0.37633502,0.040319014,-0.548174,-0.23237267,-0.29399973,-0.36150897,-0.23347543,-0.07456118,0.24800557,0.014933424,-0.25069442,-0.31783068,-0.3258372,-0.0022233173,-0.23453474,-0.1644951
-0.006066151,0.29506147,-0.11123312,-0.08140963,0.21863899,0.31850502,0.022664674,0.4192583,0.28877622,0.14436793,-0.16656248,0.22050221,-0.08033961,0.08373502,0.17703639,-0.25910252,0.23409033,-0.20176336
0.24113177,0.08629222,-0.049265996,0.11863582,0.13530578,-0.00997591,0.29117453,0.107941955,0.0473212,-0.08825874,0.110159256,-0.20908795,0.4337677,-0.12457496,0.010566892,0.22099762,0.03916695,0.30750734
0.17646304,0.37890562,0.0737006,-0.11001712,0.3188328,0.3449908,0.10116917,0.3698733,0.1613929,0.2103104,-0.11237997,0.35985917,-0.12171212,-0.06712349,0.2548639,-0.15028381,0.34856802,-0.110809736
0.38560602,-0.11461918,-0.24102022,-0.09432506,-0.09727463,0.063390404,-0.05797037,0.069755554,0.0033475622,0.15576771,0.070430845,0.0064938427,-0.19217849,0.024907714,0.025821023,-0.14183974,-0.008217775,-0.12322638
-0.10414893,-0.2956529,-0.29969138,-0.20563146,-0.29406935,-0.15721387,-0.20358181,-0.005554242,-0.07071042,0.15968005,0.05696169,0.40851796,-0.13915066,-0.26432383,0.016196344,-0.2819389,0.13326354,-0.09571364
0.037316564,0.00722777,-0.18341455,0.29076326,-0.0960626,0.07692483,0.1730177,0.12763654,0.21592925,0.06290747,-0.00535857,-0.017701674,0.48413634,-0.082493134,0.03618768,-0.01399551,-0.09016891,-0.0037698979
0.27383953,0.013693296,-0.13900155,0.18018281,-0.039154235,-0.028852133,0.12600408,0.040958505,0.13874367,-0.034088142,-0.046803918,-0.061909948,0.19629535,0.0052646035,-0.0060137166,0.035395965,0.03238628,-0.05991564
0.13048388,0.32809514,0.038548455,0.25322473,0.23385936,0.16009825,0.29543585,0.33678657,0.21250436,-0.049545027,-0.1918096,-0.06637531,0.48617142,-0.13452795,0.072232224,0.10486525,0.0842037,-0.0016764975
0.09450951,0.25143844,0.13295126,0.25723204,0.13838385,0.29863787,0.07602957,0.20688248,0.05833023,-0.08064453,0.051584315,0.07193361,0.16405044,-0.13923985,-0.031515006,0.20461026,0.09348042,0.014032663
0.19133279,0.40041244,0.16390541,-0.0829723,0.34299546,0.1685861,0.28952205,0.37626988,0.1846048,0.026866103,-0.036455866,0.16665334,0.2673524,-0.0705993,0.312424,0.15713452,0.38385463,0.24848936
0.021508694,0.40148008,-0.01797691,-0.010864081,0.2425844,0.38441062,0.2192759,0.4716028,0.21387516,0.22324514,-0.030429043,0.3995532,-0.063272715,-0.01813599,0.27121228,0.017765097,0.40593174,-0.1014068
0.056157656,-0.047875747,-0.11974037,0.22051346,-0.07205121,-0.095770344,0.25791958,0.002352059,0.092989646,-0.06587955,0.01646303,-0.098922685,0.27373797,0.05335489,0.049086217,0.087440364,0.036256835,0.113465436
0.118526004,-0.020112898,-0.2889992,-0.09415229,-0.059307694,0.15053666,-0.21139771,0.24149144,-0.007980654,0.18896395,0.13974015,0.31598788,-0.19862798,-0.30898374,-0.09691185,-0.17786193,0.17437229,-0.14297241
0.4412495,0.3158096,0.058113977,0.107251674,0.23405832,0.14957955,0.08628565,0.29827344,0.35263756,-0.04458795,-0.114870764,-0.041877724,0.46134955,-0.060186587,0.07571443,0.08749217,-0.0027890261,-0.079328485
-0.041253656,0.3891726,0.14223334,0.10355745,0.24434265,0.21184863,0.26475632,0.27731764,0.32932103,-0.05162747,-0.10034822,0.013882017,0.35673326,0.09192375,0.19691765,0.114241526,0.13884598,0.051378578
0.093589574,0.3663055,-0.104145445,-0.047236413,0.26351902,0.2752116,0.1594662,0.45608804,0.22990519,0.21015987,0.027067252,0.28832087,-0.08787678,0.06113427,0.3552044,0.071548134,0.43892002,-0.0151071865
0.40602994,0.28343534,0.13612843,-0.07159356,0.24918225,0.30268896,0.20220679,0.48967028,0.16920558,0.23708358,-0.14750248,0.24631374,-0.058773134,-0.07790305,0.2952267,-0.09617229,0.39995462,-0.0031878771
0.077452704,0.31266102,0.43298218,0.29481298,0.24738036,0.25301147,0.34919357,0.2525621,0.352847,-0.033482328,-0.05199253,0.01218529,0.40448076,0.30997488,0.26497185,-0.0012885509,0.06940591,0.26349086
0.18666887,0.077925086,0.17931323,0.06624353,0.19912124,0.11235541,0.35793275,0.0051095905,-0.10015564,0.02325194,0.32852185,-0.03956335,-0.16851504,0.12146729,0.17502357,0.19924478,0.26660058,0.44001478
0.30487445,0.3369069,-0.022050966,-0.07263491,0.28164425,0.3467953,0.21567106,0.52361363,0.15784234,0.23043126,-0.15325825,0.23141554,-0.016207969,-0.07660992,0.23655385,-0.09528771,0.3899725,-0.055380963
0.40861484,0.30450362,0.30052555,0.02148508,0.22643733,0.3746823,0.23648465,0.29350412,0.17957276,0.046701368,-0.012594624,0.1281357,-0.0011515813,0.08567034,0.30627513,0.1732016,0.306818,0.013909176
0.37451816,-0.09562223,-0.026908673,0.105804056,-0.15330221,0.09803183,-0.26588467,-0.09347671,0.10308544,0.07560529,-0.0801166,0.08787152,-0.20163079,-0.007843111,-0.14341298,-0.1344457,-0.1316136,-0.30918902
0.1851567,0.3548938,-0.054576922,0.08108845,0.3383378,0.27461246,0.17409779,0.34085634,0.25915456,0.12374893,-0.060045004,0.13789782,0.33863437,-0.20833954,0.16220292,0.055506818,0.21045706,-0.051021717
-0.1808083,-0.09924757,-0.28719005,-0.08429961,-0.15762836,0.06779381,-0.058687355,0.3442592,0.11671002,0.17345247,-0.09185034,0.2457462,-0.15071742,-0.065709084,0.051380046,-0.29742432,0.20910206,-0.07856256
0.21304545,0.3738348,-0.049839582,-0.029430315,0.3157798,0.26885545,0.16542205,0.43008864,0.18105608,0.26182777,-0.11174314,0.3936659,-0.05800936,-0.10208093,0.22860709,-0.050743245,0.44588637,-0.08331976
0.017585956,0.17919233,0.024796825,-0.07975267,0.24250871,0.22661984,-0.13679542,0.2627477,0.24509719,0.09891215,0.27595806,0.29117492,-0.13113259,-0.11353348,0.032865185,-0.06028613,0.16371632,0.0067401603
-0.023442587,0.20911844,0.12141232,-0.06982342,0.20516533,0.3142725,0.15420708,0.079937175,0.042049393,0.044404574,0.27505964,0.13533533,-0.24818753,0.28546542,0.08246592,-0.05675192,0.20697981,0.29825902
0.10621798,0.33038485,0.07001563,0.15080371,0.285594,0.2692524,0.30941457,0.4756268,0.1796562,0.07390724,0.039421413,0.18112299,0.38567716,-0.07425528,0.28220528,0.16119133,0.3209106,0.26078233
0.03724578,0.3354451,0.0066411123,0.22307976,0.2621317,0.2048221,0.29383385,0.4117814,0.3792603,0.08260612,-0.054142818,0.1795204,0.42958647,0.12169009,0.2508758,0.14339684,0.24870557,0.10375737
-0.08021468,0.30312616,-0.099053144,-0.07261349,0.21805252,0.2654719,-0.17021763,0.18781951,0.42896247,0.141951,-0.054225832,0.25780523,-0.19204162,0.18294483,0.15539683,-0.0977218,0.1334615,-0.27380902
-0.10937546,0.02847645,0.044886753,-0.3041697,-0.018297926,0.2799145,-0.09424245,0.08964971,0.102177024,0.098507226,0.04290845,0.14792994,-0.10425041,0.18453833,-0.14612055,-0.21376717,-0.17542937,-0.20234466
0.16848543,0.41716307,0.09927289,0.12253942,0.26733637,0.23672144,0.37414187,0.35293615,0.15662621,0.019655766,-0.008702548,0.011278186,0.35978404,0.06451234,0.19918802,0.251047,0.21577519,0.24507809
0.23794648,0.39034623,-0.013188429,-0.002661055,0.34537232,0.3622734,0.042808726,0.3435874,0.14265992,0.2328589,-0.099447,0.1948723,-0.07506204,-0.025624238,0.24647129,-0.1453296,0.27722228,-0.0880243
0.107195005,0.27369726,-0.15145785,0.008005579,0.25365356,0.29864377,-0.059606344,0.1741668,0.2839139,0.17917213,-0.042577475,0.26014596,-0.24454668,0.076489314,0.19928639,-0.13882886,0.2684984,-0.2578711
0.39338607,0.1989655,0.03247888,0.18213221,0.17498693,0.19475618,0.07960998,0.21337935,0.42369908,0.11624779,0.010946529,0.15878645,-0.061756507,0.110953026,0.20960976,0.21474643,0.22793783,-0.14645913
-0.05532175,-0.24618456,-0.32147846,0.014322368,-0.29616225,-0.08301008,-0.030608106,0.17446622,0.108337834,0.16531035,0.02817424,0.27054816,-0.18853256,-0.171193,0.1488586,-0.024337187,0.25107217,-0.15240927
0.05733846,-0.026586238,-0.11348167,0.28431392,-0.07946351,-0.109599456,0.16256139,-0.10527526,0.06779574,-0.16123733,0.03435295,-0.22256854,0.15319976,0.02793413,-0.045956306,0.16472994,-0.05561509,0.016141549
-0.060489185,0.42758626,0.08580758,0.14560989,0.3219942,0.1505098,0.3528193,0.3532562,0.20336506,0.029310845,-0.008883268,0.02813448,0.36228102,0.1544849,0.2018055,0.15170732,0.19315037,0.27243775
0.32569802,0.40403098,-0.10813661,-0.03491763,0.43273768,0.44518143,0.08463409,0.3626417,0.15761268,0.27636427,-0.029804785,0.20637468,-0.19850463,0.05917847,0.2782265,-0.1572479,0.3158329,-0.1799565
0.031509332,0.16022967,-0.15509401,-0.032507315,0.26759687,0.30533344,-0.07882939,0.04553553,-0.025313083,0.20190288,-0.014622577,0.078941904,-0.20021081,-0.06202577,0.087867506,-0.24761946,0.11983476,-0.17849094
-0.11209986,0.11316664,-0.22620624,-0.1361017,0.05895295,0.2226408,0.24175447,0.42145908,0.13689554,0.2266569,-0.048400927,0.30003157,-0.13564935,-0.18702766,0.3250438,-0.042808108,0.5100098,-0.06436905
0.2401489,-0.057070415,0.17191836,0.30347764,-0.027141452,0.0015925393,0.16290724,0.06900537,0.1624527,0.059699643,0.108110905,0.08902498,-0.07528293,0.20592831,0.11841465,0.11946578,0.038215645,-0.0023306054
0.16341043,0.2819552,-0.080060124,-0.10943361,0.35605824,0.29967192,0.02018324,0.2542384,0.04960054,0.2571833,-0.09451976,0.21066375,-0.17468011,-0.09845753,0.10318399,-0.2589457,0.20878555,-0.14501445
0.34479937,-0.09185987,0.018630011,0.4237035,-0.11556161,0.005832025,0.26461345,0.04654572,-0.03510968,-0.064265706,0.06794899,-0.051130988,0.2844987,-0.20591219,-0.0115792155,0.30403653,0.05877559,0.08388596
0.3592788,0.28556582,0.2581909,0.08482526,0.20998119,0.19839579,0.14656007,0.28863883,0.29402876,0.10420072,-0.06443509,0.14637402,-0.0083791325,0.29649678,0.20406637,-0.11419982,0.100968316,-0.034991622
0.079956084,0.25275156,0.28498256,0.2665944,0.15002504,0.062327065,0.3333568,0.34595597,0.24765493,-0.06355217,-0.20109548,0.070151724,0.3599941,0.13910738,0.13080323,-0.026840921,0.13258666,0.0903825
-0.0158252,0.06116335,-0.18597707,0.023571964,0.032441318,0.30288085,0.18515205,0.25758016,-0.046601623,0.2766158,-0.08123259,0.07575089,-0.29253575,0.012646256,0.23810585,-0.22304241,0.23370424,-0.21742932
-0.013023319,-0.043174654,-0.26961815,-0.015605481,-0.04895904,0.07335517,-0.19149974,-0.022000633,0.1822026,0.0927169,-0.07552184,0.17979303,-0.19897035,-0.047425717,-0.020050345,-0.18332468,0.046123266,-0.37471116
0.09471967,0.089495555,0.43524122,0.31449705,0.06512314,0.15642172,0.44750494,0.2412772,0.14876598,0.019384231,-0.04296186,0.023607897,0.40479648,0.1820088,0.19409603,0.01804298,0.008941671,0.24940634
0.2503829,-0.21698786,-0.07253723,-0.061885223,-0.26993132,0.17478856,-0.13905354,-0.02152127,-0.022671219,0.1172683,-0.03828498,-0.012706103,-0.21773334,0.14263356,-0.20305151,-0.18845844,-0.24178928,-0.25678635
0.22210872,-0.20496243,-0.12566632,0.08548678,-0.17886284,-0.015120806,0.08302569,-0.0007112138,0.015531238,0.14821237,0.1253012,0.045441013,-0.25290284,0.1763776,0.24020989,-0.05541758,0.10483163,-0.034068376
0.4022184,0.09444765,-0.016455993,-0.11704458,0.003670698,0.17669699,0.0605317,0.34515765,0.09008424,0.18511197,-0.04559905,0.22492376,-0.07731126,-0.019675132,0.13259187,-0.010495668,0.20800923,-0.10445444
-0.18643409,0.24106605,-0.15345955,-0.045228995,0.12049866,0.38988543,0.13224216,0.36223575,0.33267057,0.13972513,-0.03987751,0.2660943,-0.1422781,0.0017076135,0.30389872,-0.03866916,0.4473784,-0.15123504
0.027636075,-0.040019467,-0.2286191,0.16679366,-0.034716226,-0.07582703,0.062358852,0.2299993,0.27825856,0.16489398,-0.13261274,0.1333315,0.05980292,-0.08544882,0.10877894,-0.130402,0.09508768,-0.27474296
0.25666463,0.42580533,0.27280653,-0.030569052,0.41530567,0.19957164,0.0293174,0.29649693,0.3811547,0.07892266,0.0922036,0.1956949,-0.028622137,0.07502864,0.20940316,0.095185205,0.13824324,0.02836137
0.04905303,-0.0032453407,-0.23458493,0.26413438,-0.035903275,0.046061702,0.24631846,0.19436775,0.10153458,0.039045397,-0.09252545,-0.045805775,0.12716912,-0.059405714,0.09639762,0.10524959,0.1874927,-0.08647379
0.46786642,-0.1952972,0.064962976,0.19079366,-0.17373812,-0.13127246,0.2668168,-0.1584096,-0.058908165,-0.14353089,0.14520842,-0.24160257,0.2834118,-0.079025865,0.021004599,0.3299949,-0.07958806,0.29096
0.06512125,0.08881962,-0.13620488,-0.13436076,0.06242086,0.20677216,0.11984288,0.49156523,0.08318512,0.24667725,-0.15102395,0.15725484,-0.0835914,-0.12410469,0.09504247,-0.27100423,0.20042282,-0.11549951
0.013936182,0.26312074,-0.06759591,-0.018287275,0.27292094,0.27543437,0.19880675,0.39677623,0.23979251,0.26500693,0.0696369,0.17027652,-0.112380326,-0.014486799,0.28379172,0.1740604,0.27360755,-0.039206624
0.23756127,0.49082604,0.08470978,0.071816266,0.48947525,0.4795234,0.22420092,0.46468672,0.33321035,0.30654365,-0.06717877,0.35474855,-0.15393355,0.096417844,0.39445013,0.049152717,0.43884814,-0.11390883
0.37094885,-0.10796343,-0.044950236,0.14634797,-0.1327941,0.037113443,-0.15174496,0.09717202,0.28105474,0.10631753,-0.029757258,0.2576333,-0.12489115,-0.015600843,0.049193524,-0.15137401,0.1125126,-0.2913016
0.10865697,0.34374815,-0.0674415,-0.14776126,0.24319741,0.3474186,0.08431449,0.43901163,0.18422338,0.21829566,-0.0442802,0.3202588,-0.042617917,-0.051961824,0.21040148,-0.106840216,0.327087,-0.0032872036
-0.12737447,0.014235956,-0.2611737,-0.041082677,-0.07466602,0.250802,-0.17840414,0.02072191,0.07598426,0.1659449,-0.13276783,0.12863022,-0.2551356,-0.08038351,-0.10776082,-0.30874228,-0.019125447,-0.3491091
-0.004538044,-0.2934048,-0.24464563,0.21798414,-0.24764642,-0.21357864,-0.13869694,-0.27753526,-0.08943765,0.14410014,-0.0002326956,0.030818738,-0.10883292,-0.07252973,-0.101322696,-0.26781332,-0.20105647,-0.10472277
0.3981616,0.25642017,-0.066281855,-0.008034449,0.1801818,0.37774748,0.10257037,0.26681432,0.10337373,0.122381434,0.060732745,0.17122379,-0.07645056,-0.11688425,0.20722991,0.20023239,0.29356122,-0.11072861
0.0302752,0.1442813,-0.10471602,0.36630422,0.07123984,0.00092545897,0.23873514,0.015881756,0.048146937,-0.10451905,-0.04053131,-0.117965944,0.36495966,-0.17493698,-0.008763608,0.25293788,0.04173891,0.03730476
0.0954684,0.24288087,0.05358452,-0.018554661,0.19829497,0.17195496,0.025141347,0.24845953,0.054410532,0.1620225,0.12860397,0.24023393,-0.14670275,-0.04839894,0.078344606,-0.12862322,0.19988608,0.10257992
0.064859286,0.2228927,-0.15078042,-0.04614162,0.15997282,0.24262263,0.17195842,0.32764405,0.18538296,0.24256387,0.045293763,0.27973416,-0.21636683,0.09209203,0.23110121,-0.11998977,0.35373473,-0.055517036
0.13669147,0.2471087,-0.108626164,0.07882494,0.18205827,0.19624308,0.16722083,0.17797987,0.1747008,0.07014991,-0.037694067,-0.07776446,0.28243485,-0.04123479,0.044734254,0.14634919,-0.02861325,-0.12304081
-0.011917111,0.31260395,0.10603073,0.20536017,0.17518912,0.217735,-0.06874479,0.14403094,0.4003494,0.16519514,-0.01911604,0.37705418,-0.0029504,0.10784761,0.16853356,-0.123734325,0.1458024,-0.11074365
0.11351989,-0.098467186,-0.2537628,-0.06548545,-0.12009731,0.008635402,0.101829365,0.058075957,-0.0015561222,0.18312433,0.045794792,0.21966535,-0.21193123,0.04857403,0.14390996,-0.013645478,0.27439418,-0.054598127
0.4321579,0.33051813,0.37044412,-0.12239703,0.2558635,0.384439,0.1501025,0.38616034,0.27190536,0.10476882,0.020368852,0.2207618,-0.07711426,0.23311207,0.18276238,0.07809514,0.1738075,0.007378419
0.32372186,0.2541235,0.0014347434,0.020280294,0.28172418,0.24802895,0.1769987,0.43343794,0.34161657,0.25257236,-0.060500357,0.3437125,-0.050382286,0.013873087,0.2783609,-0.08372201,0.33878416,-0.1365835
-0.17853807,-0.1372966,-0.24127127,-0.111381635,-0.17682496,0.07458171,-0.011844105,0.26216257,0.24415632,0.1788815,-0.095224775,0.25306818,-0.26961094,0.009171722,0.13859513,-0.1477188,0.23796746,-0.33921272
0.23657522,-0.08727236,-0.006818173,0.34173045,-0.12982093,0.15819177,-0.026387554,0.028366502,0.24302378,0.2232478,-0.029990979,0.28372625,-0.20803876,-0.052593417,0.13940398,-0.06388861,0.15284112,-0.27732122
0.35178408,0.2545613,0.08390659,0.029545972,0.20974904,0.26650566,0.27951056,0.31191972,0.020663114,0.07632391,0.004820767,0.057873953,0.03821723,-0.12018713,0.1532505,0.20910175,0.2666579,0.04490217
0.38832998,0.30604804,0.18113251,-0.024655327,0.26513296,0.28823352,0.2773383,0.31175107,0.116096795,0.09320278,0.077464834,0.25114653,0.0033508227,-0.059518423,0.29256746,0.20213956,0.45339775,0.23157457
0.03767059,0.09054977,-0.092109695,-0.028110571,0.12556183,0.22397517,0.2963568,0.24471907,-0.043368433,0.051463336,0.18603402,-0.10281132,-0.052335065,0.00033150287,0.2075618,0.25787148,0.24776652,0.23366265
0.08895321,0.3763903,-0.09925018,-0.054739937,0.32789096,0.17605202,0.27151632,0.3813793,0.22164217,0.09436536,-0.082408406,0.038139142,0.13529363,-0.010498433,0.25088564,0.026098605,0.27285326,-0.05852456
-0.0711478,0.14510068,-0.20383984,0.014855126,0.054393604,0.30974483,0.017541224,0.12241896,-0.09763388,0.10328887,0.17719997,0.17769884,-0.19464108,-0.15700424,-0.0056455364,0.063384175,0.16777635,-0.073505335
0.04761784,0.3107338,-0.015589261,-0.1026362,0.23501632,0.25893778,0.23863634,0.49033958,0.07074412,0.25329506,-0.123933844,0.28027242,-0.11031894,-0.012933061,0.22658901,-0.17960815,0.38668376,0.03526486
0.06687848,0.09942125,-0.05279803,0.385624,0.06857228,0.15553036,0.2001746,0.07147521,0.08829199,-0.05724906,0.10818098,-0.07068582,0.29568315,-0.044147357,0.103359625,0.20134988,0.061420694,0.063422784
-0.049873218,-0.31682074,-0.17555386,-0.0902669,-0.36079067,-0.112489134,-0.32379737,-0.12063578,-0.0101972185,0.060077183,-0.009501469,0.0859298,-0.24185814,-0.31601846,-0.18447283,-0.027595937,-0.13377392,-0.33357877
0.4075478,0.23379232,0.1867278,0.24598096,0.16963294,0.06301068,0.23653339,0.16789676,0.3041817,-0.08709462,-0.09816308,-0.16914168,0.4420935,0.018031923,0.0686073,0.192274,-0.122243464,-0.028646924
0.09918649,0.22970465,-0.0753196,0.10967277,0.2178192,0.08639696,0.35622418,0.23658337,0.14281474,-0.04239592,0.03812986,-0.09276945,0.35315633,-0.005047549,0.16827999,0.2696071,0.21399061,0.19152847
-0.033395976,0.1794095,0.11767191,-0.03851235,0.075458616,0.21201798,-0.028012933,0.044847038,0.15754566,-0.005559339,0.096673176,0.18038723,-0.32270348,0.27184713,0.13102384,0.008414775,0.20185572,-0.0763633
0.009036745,0.15900733,-0.0010821586,0.14534304,0.1649499,0.32541603,0.21610227,0.30069762,0.085295096,0.118264854,0.043055978,0.18439412,-0.0563692,0.020947542,0.21414143,0.01092737,0.3226471,0.0025339215
0.21235879,-0.09399275,-0.13042773,-0.2689517,-0.14708516,0.042685203,-0.08636245,0.11984941,0.13891843,0.1246769,0.034831982,0.083607376,-0.1713011,-0.05594434,0.17898169,0.23877057,0.08466749,-0.17500237
-0.087474406,0.10799302,-0.22911116,-0.07210686,-0.029668668,0.30973738,-0.0117381215,0.34870756,0.0656063,0.2307817,-0.026787784,0.34247538,-0.16567992,-0.07104503,0.0011210712,-0.18389343,0.19558287,-0.23900609
0.03097073,0.1374447,-0.069135875,0.3408875,0.044330735,0.005650921,0.19937521,0.022067029,0.08018366,-0.07027771,-0.0699586,-0.09983097,0.29678965,0.013036331,-0.033699527,0.09799235,-0.014257633,0.0028190357
0.10344521,0.22218962,0.15033516,0.24914329,0.18094863,0.13471118,0.27854747,0.26033488,0.36766857,0.02667062,-0.06366328,-0.070006944,0.5672759,0.05291518,0.14927599,0.06383535,-0.06979592,0.13041334
0.05821711,0.2835947,0.31813937,0.09438835,0.2727409,0.20853257,0.40733397,0.15189269,0.08842957,0.023604698,0.17740795,0.026335362,-0.045036748,0.41635185,0.35612255,0.08495051,0.32203442,0.52582026
-0.002690541,0.3019433,0.04116065,0.1893816,0.2176733,0.26637137,0.09981042,0.3011235,0.3714698,0.17741513,-0.12390928,0.13626471,-0.009625845,0.22728387,0.2974263,-0.051222824,0.19399524,-0.12690325
0.18782008,0.4631173,0.39160043,0.1774396,0.3557163,0.29708892,0.29588264,0.25952965,0.392205,-0.049596887,-0.039618112,0.036981933,0.47557086,0.1628879,0.26057732,0.19867602,0.044258896,0.13961737
-0.23751748,-0.08151892,-0.20946893,-0.050839804,-0.10394062,0.1275443,0.20321943,0.36478433,0.19726571,0.25313863,-0.051023275,0.19972138,-0.17106402,0.18176317,0.2629105,-0.22730803,0.2370736,-0.14657113
0.16077712,0.24558344,-0.10023679,0.29318094,0.16521221,0.2338995,-0.04855782,0.17962843,0.27079743,0.13421193,-0.0942125,0.27010226,0.030036584,-0.054729115,0.1125416,-0.13371307,0.21012379,-0.23839709
-0.08808269,-0.20228024,0.035269998,0.097206436,-0.17478457,0.104252234,0.10719212,-0.23882529,0.041287713,-0.11851479,0.35882145,0.015882012,-0.16432548,0.025714746,-0.0462848,0.25016448,0.07681113,0.2057854
0.17682469,0.19217044,-0.07344576,0.19472972,0.15148905,0.15312864,0.33804214,0.094194144,0.12703682,0.03984303,-0.035215743,-0.11743453,0.12204185,0.004915762,0.1089925,0.16734876,0.08381218,-0.079139076
0.23906922,0.2538005,-0.083449095,0.0929504,0.28376865,0.3440717,0.15079397,0.3625666,0.2278398,0.21487609,0.09898709,0.3793558,0.006521236,-0.1642999,0.18488449,-0.06659967,0.37181604,-0.040970758
0.13817556,0.27535486,0.2314745,0.21038473,0.19106534,0.2565176,0.37423393,0.12834035,0.1534023,-0.102219455,0.0691719,-0.1173863,0.4060752,0.24366704,0.18336686,0.25026506,0.008952471,0.1918742
0.07239269,0.23418453,-0.029975343,0.00664528,0.2320887,0.30166674,0.102300175,0.21116024,0.15844975,0.22492824,-0.10247402,0.31422448,-0.1506111,0.049996167,0.16862756,-0.19747287,0.2382473,-0.24712867
0.07851963,0.32693416,0.16419525,-0.0036035245,0.30541587,0.37799677,0.050551288,0.25728512,0.020670544,0.23151037,-0.104768775,0.27136698,-0.18802795,0.08017421,0.07544303,-0.2532151,0.13253996,-0.15344265
0.018212657,0.13568747,-0.26525164,-0.0810107,0.096731305,0.31510574,-0.021584123,0.1497304,0.12340993,0.2575921,0.024659256,0.32573175,-0.10257758,-0.053381428,0.101567715,-0.14446862,0.16660047,-0.1673584
0.3143602,-0.2335478,-0.25429204,-0.07795258,-0.2430328,-0.03621527,-0.11508171,0.030699713,0.114457116,0.14076571,0.15687466,0.26805553,-0.3065064,0.020934107,0.23597986,0.038204484,0.24876341,-0.15934229
0.25700405,0.2863198,-0.05889218,0.11174896,0.25196922,0.3690501,0.10141845,0.15393037,0.09000812,0.24842088,-0.047047604,0.12958789,-0.17779036,0.07645265,0.20169657,-0.10194306,0.18629134,-0.20669067
0.3785976,0.209951,-0.029162101,0.029961675,0.1544949,0.18304293,0.20561504,0.174566,0.09764682,0.06477251,0.057662003,0.09223631,-0.0051338496,0.11459979,0.085784845,-0.030544104,0.20162189,0.033626437
0.3857578,0.3800196,0.10656981,-0.075691625,0.29028738,0.2776783,0.25484434,0.3786624,0.2426252,0.12239367,-0.012043286,0.21100248,-0.06421879,0.05739691,0.39954624,0.20884345,0.4754272,0.015278332
0.2594672,0.23998746,-0.23255652,0.07574083,0.26180083,0.27362,-0.061420903,0.18679348,0.066164695,0.21755305,-0.02100045,0.20573217,-0.18018812,-0.096438125,0.14721486,-0.21895319,0.24047193,-0.18610498
-0.115188,-0.20504904,-0.19178084,-0.061845116,-0.2581188,0.1584758,-0.005584969,0.157757,0.17343,0.24618311,0.13520822,0.3195645,-0.17416841,0.15081802,0.03579405,-0.091486156,0.05452234,-0.14763832
0.08064621,0.3756635,0.17099594,-0.073084146,0.32950994,0.25438878,0.34562272,0.27120438,0.11434455,-0.0066247014,0.070699245,0.044216592,-0.056483984,0.25752974,0.37449625,0.19460368,0.39491606,0.3352729
0.0062208865,0.19951384,-0.024545096,0.41214538,0.11396721,0.08154393,0.26277727,0.04177677,0.08414945,-0.03110453,-0.044224985,-0.008415121,0.24718672,-0.011525816,0.080103695,0.15784207,0.110549025,0.019252447
0.019572359,-0.08389293,-0.1039215,-0.03594384,0.023509847,0.15288186,0.08465161,-0.067843564,0.14720592,0.0076221153,0.42943865,0.06361984,-0.19067194,0.049939148,0.11531472,0.08685914,0.22928156,0.27620724
-0.0064403033,0.17282148,-0.006883782,0.27496827,0.05635161,0.14559986,0.24446675,0.2097333,0.24419574,0.05146643,-0.066873506,0.20611951,0.17369574,0.028708644,0.2716611,0.09529564,0.32626522,0.012269926
0.08798808,0.2764771,-0.039209526,-0.022334438,0.26228812,0.24791685,0.30900842,0.27900156,0.134865,0.15308408,0.10078144,0.14505808,-0.1719827,0.08527598,0.35070205,0.196387,0.35578594,0.012527779
0.2621304,0.13009411,-0.10039156,0.28492284,0.15781888,0.16252941,0.30145088,0.2791773,0.16187279,0.015246496,-0.009633698,-0.0002630558,0.44573563,-0.28291923,0.1667167,0.23691659,0.21938778,0.047893878
0.086051494,0.19787946,-0.25933078,-0.05436059,0.15811981,0.22252797,0.17490627,0.36102927,0.11018762,0.14350155,-0.034613308,0.15525067,-0.058214918,-0.020993775,0.16955075,-0.034721766,0.35657877,-0.0958716
-0.022663303,-0.13123596,0.26062584,0.41222507,-0.16905278,0.017893646,0.46736294,0.015333585,-0.08685365,-0.14312501,0.07330364,-0.13406476,0.37555104,0.026705422,0.1414553,0.20999247,0.06637445,0.38814455
0.42880362,0.10824299,0.11020668,0.2683527,0.123241045,0.14921953,0.24056807,0.18090498,0.13773781,-0.09282461,0.14344576,-0.07564969,0.30229396,0.011185124,0.15440878,0.29306793,0.17913339,0.25631854
-0.019063469,0.07395093,-0.16782048,0.2562536,-0.029805157,0.12234126,0.056620225,0.22998136,0.13414085,0.08734457,-0.052048337,0.31007898,0.08854362,-0.18977965,0.1057218,0.07187344,0.29817426,-0.10678614
0.17908555,0.26690567,-0.19621046,0.021128008,0.20259866,0.28509837,0.040797524,0.34328282,0.12599559,0.15964594,0.029499725,0.18118851,-0.11620544,0.01268562,0.11986155,0.006591433,0.19807781,-0.19579163
0.12215266,0.25710583,0.104860224,0.037890047,0.14934997,0.21987051,0.20663211,0.3390512,0.05526492,0.17411843,0.0033791093,0.3175621,-0.13220692,-0.025446013,0.25441325,0.0072121876,0.4059525,0.12860943
-0.059139565,0.24524312,0.033508714,0.0015419009,0.14553028,0.25500733,0.09506501,0.34088564,0.20233172,0.1118432,-0.0041757002,0.22430323,-0.1771208,0.076930285,0.19056354,0.053158853,0.26923534,-0.11442815
0.0062462166,0.20261934,-0.21035974,0.016830867,0.14184314,0.37739882,0.02341276,0.3188824,0.11436052,0.24369398,-0.13511445,0.118334495,-0.2201796,-0.00028095394,0.10170881,-0.2911905,0.1712029,-0.27375332
0.23727721,0.1976262,0.001212325,0.22576606,0.16926667,0.15971017,0.1894421,0.21041419,0.117930666,0.09845477,-0.051801503,0.19488713,0.04211674,-0.1026567,0.15040162,0.02535919,0.30270666,-0.03689123
0.12363477,0.20797196,0.10777898,0.09211994,0.15885009,0.107363686,0.34148842,0.43289453,0.108672254,0.08328885,-0.13516074,0.08746526,0.17338991,-0.2184458,0.25421438,0.14975634,0.34466594,0.059497483
0.02408246,0.011614172,-0.17040062,-0.2064652,-0.008428654,0.15952277,0.024884654,0.13528845,0.03496109,0.110402375,0.1437642,0.07245878,-0.17699298,0.20886317,0.03009436,-0.18683517,0.099233754,0.052216142
0.05387884,-0.08433828,-0.286,0.012104835,-0.110732935,-0.0577253,-0.07075456,0.1241152,0.00877421,0.20767194,-0.10521445,0.0736285,-0.16510907,-0.12186892,-0.010382123,-0.22949609,0.007228732,-0.3319742
-0.09395052,0.28462046,-0.089101024,-0.016602447,0.1369161,0.30290937,0.12754071,0.4742756,0.2608109,0.1449005,-0.15135723,0.2484127,-0.0016906913,-0.13888526,0.24556094,0.049230233,0.3848876,-0.15475887
0.18278778,0.21393472,-0.08386391,0.01838455,0.12739739,0.1312756,0.040620655,0.16997138,0.22225598,0.14983156,0.007751104,0.18346158,0.14936408,0.05729291,-0.018209858,-0.046219938,0.0018082326,-0.07703724
0.093119174,0.21117207,-0.063325785,0.3885484,0.12396287,0.13119967,0.0768432,0.23665485,0.25186685,0.04213441,0.03712924,0.25485888,0.2764544,-0.085376695,0.16910769,0.116966024,0.2371117,-0.026987813
0.47286823,-0.14868584,0.0029233317,0.122061625,-0.11868383,-0.14047009,0.22067009,-0.123426385,-0.028842282,-0.18470797,0.13424857,-0.3449086,0.26788387,-0.08686655,0.05500607,0.37493443,-0.07500897,0.21752512
0.1171383,0.13401437,0.12893775,0.4475204,0.04704476,-0.05157383,0.10015762,-0.020467117,0.2845819,-0.07323235,-0.08614905,-0.0915373,0.42848313,-0.0033104606,-0.038502336,-0.022934852,-0.2027123,-0.014208494
0.009082385,0.32191277,-0.15524025,-0.18102801,0.21770409,0.41045594,0.19688782,0.40565544,0.2849084,0.1925233,0.032938078,0.15307057,-0.15545312,0.2725669,0.37078482,-0.09696105,0.34048676,-0.07634026
-0.20452115,-0.10825284,-0.23780352,0.016051123,-0.19452615,0.050465744,-0.10310109,0.13222735,0.035882216,0.16855806,-0.12869735,0.22453615,-0.31673518,-0.025338981,0.04179781,-0.16609362,0.17530188,-0.32404333
0.10625189,0.3222198,0.1458487,-0.07600047,0.2923172,0.2951719,0.29506952,0.38584432,0.25322932,0.14091977,0.065777846,0.25112692,-0.06582714,0.23017213,0.37339383,-0.023706775,0.45307916,0.28117305
0.061401907,0.32549343,0.08548923,0.2711739,0.24741066,0.2328103,0.19556162,0.18733464,0.12800893,0.008202869,0.021466674,0.12379516,0.22287449,-0.06900993,0.13568275,0.18660313,0.16054419,0.016146341
0.0870219,0.32243672,-0.058418043,-0.07301361,0.25668105,0.3434999,0.051857457,0.42672583,0.15531625,0.2655201,-0.16292122,0.29635364,-0.14494841,0.0762364,0.04640902,-0.2603628,0.15057608,-0.22678947
0.23179889,0.18498236,-0.10614158,-0.06278112,0.11309779,0.045036808,-0.027586557,0.22384626,0.11955678,0.29607326,-0.056260854,0.2538872,-0.19411397,-0.03662466,0.039511688,-0.04710826,0.11493753,-0.16509312
0.042215742,-0.36791304,-0.26322666,-0.01891535,-0.30715266,-0.16437,-0.14057778,-0.2309427,-0.10830243,0.068913594,-0.069619045,0.03564494,-0.17093515,-0.25875595,0.088251226,-0.18228513,0.014763266,-0.19746861
0.2751574,0.011384189,0.049870133,0.0438604,0.0280084,0.1451979,-0.049053483,0.18337801,0.14738654,0.16268286,-0.11128491,0.19062102,-0.19693342,-0.12064029,-0.007997688,-0.046535105,0.14757082,-0.25417438
0.14648904,0.26336432,-0.02169286,0.0778752,0.20754689,0.235993,0.00895072,0.29943842,0.35268962,0.12508285,-0.017781626,0.19858131,0.21481496,0.038282037,0.14220592,-0.0051221363,0.13238117,-0.15031715
0.1081584,0.18863305,-0.015625581,0.026175495,0.15402064,0.26818058,0.13506891,0.16059154,0.10255808,0.23359627,-0.070063025,0.15783814,-0.30380768,0.22138011,0.12620482,-0.21421427,0.13225827,-0.2159962
-0.063114986,0.23274635,-0.19541535,-0.061322335,0.19512406,0.14735453,-0.060026184,0.23004064,0.042843603,0.17253739,-0.017083822,0.14142305,-0.12328754,-0.12483217,-0.018612385,-0.13274649,0.06341645,-0.2216851
-0.029892616,-0.36894274,-0.33186346,0.07291609,-0.39760348,-0.14522189,-0.21131842,-0.018674918,-0.08954917,0.1313126,-0.11509958,0.30371213,-0.2345682,-0.22125918,-0.005513319,-0.30117035,0.1359295,-0.23414892
0.24099737,0.32661113,0.34825277,0.13921979,0.31567898,0.2619931,0.12353073,0.3301319,0.3555958,0.08466504,-0.12478392,0.22753349,0.043227144,0.0865311,0.11319928,-0.1465601,0.11519146,-0.10264431
0.07356503,0.4357466,0.12260303,-0.08906008,0.43645358,0.24081527,0.25457045,0.33886892,0.24426815,0.12570144,0.0705823,0.17998621,-0.09813723,0.12426993,0.27497113,-0.004134574,0.33410454,0.17128003
-0.07768678,-0.013738631,-0.24044058,-0.20004882,-0.008918185,0.12604403,0.08615519,0.41448522,0.003438238,0.29492295,-0.060103305,0.28021154,-0.1203426,-0.08480649,0.14765643,-0.22497895,0.22276202,-0.06527187
0.103446364,0.33600247,0.16811725,0.0050322404,0.26150775,0.19644807,0.34309903,0.29123735,0.11463633,-0.007561358,-0.029053677,0.04625363,0.023457706,0.15361437,0.3161673,0.17394692,0.3720207,0.25766027
0.068795435,0.13740538,0.108488366,0.19997598,0.16766122,0.28470194,0.35366422,0.13100621,-0.09833791,-0.028214406,0.20377249,-0.009680674,0.24468133,0.17372167,0.17623737,0.046330273,0.18510434,0.44611716
-0.092863165,0.27160043,-0.08448948,-0.119047195,0.19307953,0.36160952,0.25968334,0.43694136,0.07116076,0.22578523,0.017185401,0.2791953,-0.063897,-0.09236364,0.17792551,0.08977026,0.35315138,-0.0052553928
-0.068510264,0.15829477,-0.30455187,-0.07369568,0.13442305,0.26435065,0.12148382,0.34594604,0.22715276,0.18166721,0.013850379,0.25588515,-0.0877132,-0.111622825,0.2574829,-0.1493239,0.39883146,-0.12645598
0.12166351,0.31208396,0.33506864,0.013774667,0.39303738,0.4296685,0.20325308,0.16188446,0.0538302,0.04129433,0.34547955,0.12224314,-0.036313355,0.13673371,0.11174485,0.11168319,0.21788612,0.41831756
0.27148396,0.1514728,-0.15701044,0.10949689,0.11389523,0.18325748,0.1281381,0.20321503,0.24911112,0.16372839,0.093481,0.15156719,-0.034067385,0.1620051,0.2908238,-0.042152163,0.2169581,-0.039785974
0.29908603,0.22109404,0.11885181,-0.06126973,0.16901648,0.3226294,0.038735487,0.17177239,0.32167315,0.07467449,0.09152431,0.10986144,0.016584208,0.108725466,0.2170344,0.10998815,0.125866,-0.15063885
0.07963844,-0.025859527,-0.2378371,0.0718302,-0.103829816,0.19053765,-0.08398442,0.1540952,0.10261179,0.23725665,-0.063790455,0.19553712,0.07871131,-0.09747392,-0.03238838,-0.27870136,-0.013993966,-0.18432778
0.04742056,0.30353606,0.31738168,0.26869136,0.20387259,0.03152497,0.30417353,0.2798376,0.1340561,-0.11765438,-0.16679588,-0.12571016,0.5004009,0.055851035,0.05206339,0.0044011227,-0.04667182,0.26191276
0.28043365,0.3076117,0.27858213,0.22721422,0.32724193,0.24639869,0.2307201,0.22036263,0.34451908,-0.0047439705,0.008869592,0.0570413,0.097228125,0.16030718,0.24392,0.286974,0.22874397,0.03738427
0.1610268,0.4032566,0.13186781,0.019625567,0.25065058,0.22699821,0.14905989,0.41489705,0.17470586,0.09284295,-0.17152162,0.15230155,0.05402376,0.015508309,0.18166624,-0.08843125,0.2451086,0.0067385454
0.026743622,0.22388783,-0.07788895,0.0040095546,0.19568503,0.18273515,0.16730288,0.34589198,0.16633856,0.1323708,0.0070991963,0.14713117,-0.20116678,0.07483705,0.22514406,0.01971358,0.28542978,-0.120562434
0.027392264,0.19820298,-0.2505175,0.09954782,0.11242664,0.20642346,0.1419592,0.37259334,0.2624789,0.20765264,-0.016920649,0.36220926,-0.07405315,-0.048865084,0.26177955,0.020949315,0.42144912,-0.15529527
0.10531598,-0.36332393,-0.29116413,0.10680112,-0.34630617,-0.02847758,0.016253669,-0.027231233,0.019456638,0.14126894,0.113921136,0.15336443,-0.22217129,-0.05999989,0.3241899,-0.014195556,0.27849185,-0.051955774
0.46023327,-0.17203933,-0.29257852,-0.094005324,-0.1148159,-0.06259017,-0.058594495,0.10996883,0.0067179194,0.22202057,0.118049145,0.15891364,-0.17959115,-0.19708686,0.1115141,-0.01674765,0.14119041,-0.08798666
0.0143771535,0.3199504,0.38007447,0.22679678,0.18939538,0.013997364,0.25878617,0.13876934,0.31222525,-0.17537364,-0.10077478,-0.06998296,0.45675224,0.12866554,0.0885868,0.1111294,-0.076513655,0.1539247
0.33852398,0.17221951,-0.006457401,0.39707845,0.104926705,-0.015847113,0.17087364,0.08549154,0.28119338,-0.06942712,-0.05260521,-0.059552483,0.2990901,0.095764816,0.032512616,0.13284126,-0.009003102,-0.072813444
0.28451437,0.3558895,0.10488303,0.045358166,0.291541,0.26775342,0.18593112,0.34963283,0.273587,0.11278512,0.036684982,0.21711403,0.106226966,0.18301466,0.1888603,0.045119166,0.31938025,0.23048827
0.1081374,0.49800783,0.23401934,-0.05247963,0.41749215,0.3985539,0.10751043,0.42570943,0.41575372,0.119644776,-0.1129843,0.2930755,0.12941422,0.09234314,0.2972377,-0.047874648,0.2762428,-0.063682966
0.117005594,0.43350232,0.09946126,0.12373107,0.3441217,0.05296751,0.33298874,0.31676507,0.20115831,-0.034918964,-0.0589758,-0.075754486,0.48446524,-0.07976742,0.19269079,0.29003832,0.15845259,0.21966965
0.022954077,-0.089122266,-0.10895193,0.08194996,-0.037849825,0.142706,-0.002057569,-0.1895755,0.13927671,-0.10563694,0.39280164,0.021839533,-0.04111664,0.07642947,0.06841179,0.20882021,0.08355401,0.124318436
0.38220394,0.3144895,0.33468682,-0.120877236,0.22714502,0.4014359,0.15179776,0.30636615,0.1940907,0.05413322,0.07532549,0.18462908,-0.07079542,0.16126877,0.21416125,0.11743389,0.20197204,0.04775452
0.040515408,0.2882951,0.050771512,-0.13441715,0.30872428,0.3094124,0.20933026,0.32732278,-0.040337138,0.14612162,0.15526988,0.15881753,-0.12874483,-0.016788837,0.12826264,0.009949184,0.29984918,0.32318696
0.07565515,0.07585235,-0.16152151,0.30174246,-0.010373734,0.14631465,-0.026278477,0.18509834,0.22588235,0.19474891,0.054922745,0.47731897,-0.06979974,-0.095825955,0.21556085,-0.03241922,0.35236865,-0.1654296
0.46272856,0.107781015,0.10243036,0.08289333,0.0999036,-0.0035336837,0.33594358,-0.00080384687,0.11147939,-0.18856455,0.10208138,-0.31276405,0.35035688,0.043352306,0.065027915,0.30686337,-0.0075498046,0.26206386
0.11452106,0.13049345,-0.16480765,-0.013300013,0.09081052,0.13981855,-0.04913359,0.15936112,0.45138216,0.22715214,0.058413874,0.30666897,-0.075944394,0.07208331,0.16845767,-0.01895336,0.20419464,-0.16076192
0.15976548,-0.23923649,-0.1385509,0.25862896,-0.2525082,-0.043546814,0.060285486,-0.034637913,0.19233654,0.003821428,-0.00010553468,0.008783242,0.030815504,-0.014492054,0.0896803,0.15016857,0.07231525,-0.12574024
0.25596043,-0.1937618,0.016269535,0.31177583,-0.15695775,-0.026317349,0.29871437,0.035522368,0.17132293,-0.1040214,0.04706131,-0.07989423,0.21954328,-0.0066645835,0.26489833,0.2608549,0.1993562,0.12230212
0.16037543,0.3428893,0.024348207,-0.041447468,0.23008578,0.36705288,0.26260665,0.45153907,0.09955196,0.072424,-0.0058953683,0.12808111,0.0469867,-0.07045297,0.3060987,0.16666213,0.4258871,0.08814685
0.043865334,0.27344683,-0.11108206,0.09809311,0.17870939,0.13657095,-0.014391856,0.20535612,0.29241967,0.108369984,-0.045756742,0.27155548,-0.056036297,-0.06088323,0.1912809,-0.035814635,0.2874375,-0.20197703
0.14749897,0.1721254,0.07560736,-0.073241025,0.27266046,0.24525753,0.3708703,0.21502839,-0.070512086,0.052072443,0.26745248,-0.0049095494,-0.043749884,0.040281706,0.18079796,0.13522866,0.3060708,0.4716897
0.09452101,0.3785714,0.056390144,0.05828013,0.37832063,0.16316515,0.30383253,0.3673973,0.24720968,0.024395678,0.07492691,0.11590296,0.33768493,-0.03848017,0.33864808,0.11545199,0.38653338,0.3334809
-0.14346755,-0.30778253,-0.31807452,0.20145759,-0.35431552,-0.2060487,-0.25309306,-0.30254275,-0.2079359,0.087375924,-0.13940857,0.027793411,-0.1901859,-0.38819763,-0.24492098,-0.31557137,-0.15913147,-0.28570068
0.05304964,0.36951256,-0.036755394,-0.12817878,0.31117368,0.2571936,0.2148821,0.48441738,0.18618566,0.16122045,-0.100496426,0.22823952,0.07558987,-0.046131764,0.1811249,-0.044343874,0.31368312,-0.009947523
0.04052031,0.18312246,0.077009134,-0.0015166521,0.22355705,0.1709413,0.28120187,0.14848797,0.013177177,0.0497626,0.24228242,0.11282639,-0.17652602,0.043832265,0.16922463,0.12729573,0.32169008,0.2617272
0.23906423,0.34409618,0.2198015,0.12433067,0.39353877,0.30835882,0.15226063,0.2864113,0.3060486,0.25340235,-0.051833574,0.2450724,-0.09714669,0.11516439,0.2695828,-0.10572311,0.2661801,-0.06575088
0.14769281,-0.024173401,-0.11577645,-0.020495057,-0.09354628,-0.052555524,-0.10188836,0.09808583,0.12409739,0.0031663883,0.12294907,0.18951175,-0.21339554,-0.12355943,0.083890975,0.022669043,0.25645587,0.014005354
-0.0039422824,0.4049648,0.29090542,0.2263191,0.3249476,0.34731483,0.21284586,0.15119582,0.30851302,0.15901801,-0.06268432,0.14924978,-0.08003699,0.38384253,0.13146217,-0.022190826,0.037026852,-0.10919188
0.0777801,0.4523692,0.08272937,-0.018929798,0.30403042,0.28060678,0.2334143,0.45778215,0.24455437,0.14931457,-0.10855698,0.25971192,-0.03425912,0.10466437,0.26295328,0.04337651,0.3760141,0.00031687878
0.13351357,0.21024638,-0.12542716,-0.112271756,0.22233397,0.21302095,0.038983848,0.30088294,0.19635844,0.21365115,-0.010547534,0.10699679,-0.24282824,-0.005786172,0.27605107,-0.06808807,0.29630417,-0.16190077
0.22718865,0.24808721,0.17172337,0.34839147,0.19536428,0.20558158,0.27147526,0.21206923,0.21189749,0.08347759,-0.14380029,0.14673781,0.0037221578,0.02372823,0.20433462,-0.042155154,0.24139234,-0.16283275
0.03676649,0.22080308,-0.14512512,0.28644872,0.12613541,0.13429299,0.22396651,0.18837145,0.24767676,-0.027131278,-0.041060716,-0.04479188,0.3909207,-0.015818192,0.12173408,0.12200239,0.08721262,-0.022706874
0.20264947,0.23593006,-0.013286687,-0.0063617346,0.1594873,0.06280607,-0.01913189,0.17476703,0.12828347,0.18487728,0.075466715,0.13657583,-0.12726666,0.06089048,0.053027377,0.03683496,0.03508404,-0.029784173
0.010455077,-0.07339069,-0.09203954,0.00402224,-0.046173736,0.2883824,0.24531347,0.24203843,-0.12714075,0.08934768,0.17596066,0.049448356,-0.15541689,0.061014604,0.14334309,-0.046912268,0.29308927,0.23583077
0.0060164817,-0.25240433,-0.3843691,-0.08560875,-0.2873911,-0.04102997,-0.16450548,0.13580452,0.043485593,0.14960948,-0.018222347,0.29052287,-0.23112716,-0.22233537,0.09994354,-0.14448194,0.2773755,-0.21291682
-0.014167395,0.029364021,-0.0059698136,0.042359233,0.058779966,0.14636007,0.021681584,-0.09617481,-0.01761737,-0.07992161,0.38248867,0.032180488,-0.1462561,0.030306485,-0.08542228,0.16182554,0.0972433,0.3373594
0.08592374,0.2765776,0.031726208,-0.00841867,0.34790957,0.32449177,0.033139803,0.23273984,0.30947992,0.20770523,0.029703645,0.30131593,-0.19916564,0.041813463,0.18329649,-0.16945681,0.24235967,-0.16688061
0.092057884,0.14797677,-0.11723021,0.32964325,0.05468308,0.15744168,0.14738254,0.18072335,0.19848192,0.061654314,-0.04169447,0.21636148,0.3027988,-0.1768974,0.107390106,0.11535867,0.19318521,-0.10709054
0.18948707,0.18158796,-0.110157095,-0.065300986,0.23348132,0.18286645,-0.01078493,0.3048358,0.17781346,0.26361322,0.060999144,0.32654345,-0.14543942,-0.14500374,0.12531966,-0.1288679,0.21219236,-0.13153444
0.34844214,0.11473577,-0.026016038,0.17013219,0.12828851,0.090432055,0.17913999,0.17034572,0.055655982,-0.071691245,0.1254872,0.044523664,0.188823,-0.17811191,0.12787789,0.29673743,0.28961518,0.20511916
0.1414377,0.17903289,0.07716637,0.23876414,0.059676103,0.1333197,0.024382118,0.20813897,0.2309207,0.035654813,-0.1048678,0.11820671,0.03062651,-0.048859864,0.09761977,0.025551304,0.0799759,-0.22754645
-0.09717204,-0.30156332,-0.2772385,0.13634351,-0.3379985,-0.069562264,-0.026677527,0.029055012,-0.02135685,0.10105809,0.09718117,0.23847003,-0.24066827,-0.10406202,0.09147482,0.029017713,0.23234668,-0.11498664
0.3870002,-0.08465479,-0.1712411,0.16185719,-0.1129481,0.1604158,0.01664402,0.064487815,0.08576271,0.1850887,-0.029088631,0.11395794,-0.119096965,0.057359174,0.015323821,-0.093611,-0.003402872,-0.2519403
0.31805527,0.32005465,0.15468188,0.20131981,0.25880292,0.25589803,0.14691716,0.4184997,0.33794123,0.071900845,-0.10397709,0.1825813,0.29372254,-0.14498422,0.24660727,0.11026779,0.29526508,-0.0082368115
0.0423388,0.074023865,-0.10893159,-0.11160818,0.13270397,0.21124357,0.005815063,0.18736239,0.10403606,0.15342939,0.11389986,0.12373547,-0.245096,0.22765735,0.17899467,-0.25049043,0.17929289,0.028310252
0.41937035,0.20327917,0.18118602,0.34821343,0.13504013,-0.13231997,0.1736432,0.022000633,0.28667355,-0.14447328,-0.038068138,-0.103635825,0.4017442,0.11428924,0.03194065,0.14482927,-0.08528022,0.09557238
0.22852567,0.35164827,0.093747035,-0.12016361,0.31340382,0.20777705,0.2066885,0.34774,0.1801837,0.084278375,0.05223184,0.13185263,-0.025851369,0.066254795,0.30171877,0.033866145,0.38475347,0.22459596
0.037902094,0.09098229,-0.34478232,0.13271347,0.0861897,0.18770501,-0.16258669,-0.034157835,-0.036812764,0.20374869,-0.054362617,0.11199014,-0.23951073,-0.15618017,-0.056163803,-0.26849884,0.043027703,-0.31631017
0.3369563,0.25822628,0.33636022,0.30417964,0.15190713,0.044646036,0.3718608,0.2434273,0.2445023,-0.13061924,-0.12830022,-0.08138567,0.51403046,0.03573551,0.14668652,0.14432591,0.02911694,0.14975154
0.17556156,0.49291292,0.12913242,-0.10428685,0.45231873,0.3173392,0.07961291,0.346806,0.38920325,0.21266203,-0.024595633,0.21950045,-0.07874276,0.28496155,0.2008851,-0.002301706,0.18960272,-0.08581967
0.18364665,0.21166246,-0.06773228,-0.084686086,0.26363334,0.32465583,0.015040097,0.24028793,0.14186996,0.19947389,-0.006956995,0.1563274,-0.20465389,0.12942582,0.1418705,-0.25546706,0.16279724,-0.124101244
0.031230979,0.12883657,-0.17524275,-0.013549408,0.09652005,0.16185173,0.01164192,0.17418605,0.32799888,0.10278957,0.05081818,0.17674136,-0.04759562,0.12800965,0.13016406,0.007931039,0.17135116,-0.142207
-0.027050188,0.32246572,-0.06232248,0.08858642,0.23155066,0.36560923,0.09559929,0.1833283,0.17544296,0.19938786,0.027382974,0.24443635,-0.15507704,0.016682703,0.19986835,-0.033231184,0.237005,-0.1454932
0.42039928,0.24906659,0.2715849,0.09272513,0.1973522,0.07156836,0.25400993,0.24851543,0.30041516,-0.102188826,-0.12690946,-0.1288325,0.48545516,0.06006973,0.10697043,0.07474875,-0.03881276,0.063106194
0.034548577,0.26620904,-0.12368713,0.034901403,0.22226515,0.12818667,-0.11834473,0.2495052,0.102594435,0.1811374,-0.13122228,0.19072162,-0.088395774,-0.05496717,-0.048447024,-0.25671768,-0.0116080465,-0.21651486
-0.0050017843,0.2613519,-0.07413049,-0.055132613,0.20710817,0.33949727,0.11026846,0.25048465,0.014813613,0.1807457,-0.17447147,0.15011314,-0.19573122,-0.0290537,-0.040476207,-0.08882262,0.14102584,-0.31348574
0.17198274,0.3478456,0.15533426,-0.09948133,0.3588768,0.32852456,0.119036324,0.27735037,0.25975144,0.16208935,-0.04476736,0.25510582,-0.082257286,0.03928754,0.20283821,-0.09648952,0.27460098,-0.00591802
0.09617905,-0.11766465,-0.074318156,0.43486726,-0.103626,-0.08597031,0.23366627,0.20778334,0.32371333,0.08480759,-0.037096865,0.12321891,0.35015336,-0.08546443,0.14342742,0.008318172,0.08389937,-0.031454504
-0.020092148,-0.024631081,-0.20007151,0.035261903,-0.06521156,0.06621623,0.34114993,0.047272682,-0.114755906,0.02548734,0.057990808,-0.05802586,-0.07501623,-0.044787467,0.17572574,0.15235402,0.264589,0.081959724
0.18348569,0.25073218,0.23735097,0.16943634,0.28418928,0.24105407,0.35154107,0.0654372,0.072720505,-0.111577585,0.2075572,-0.058922023,0.2786823,0.07981579,0.22067744,0.3061479,0.21295637,0.40778837
0.15452997,-0.08836326,-0.22047767,0.0006685308,-0.13149084,0.07006884,0.06957859,0.23577914,0.0042918585,0.21823718,0.029453548,0.17992282,-0.15155269,0.022428468,0.15210298,-0.09228328,0.14324586,-0.10300569
0.21828203,0.08670231,0.28253192,0.2508871,0.075778365,0.061547246,0.26667625,0.25979894,0.34473032,0.0035246639,-0.05488014,0.057570003,0.4110813,0.17738554,0.19045427,0.065093696,0.079965636,0.22276571
0.042880815,0.2298472,-0.03498094,-0.078761905,0.17090812,0.32442066,0.27621916,0.3558507,0.014478607,0.2738172,-0.12465562,0.13926315,-0.25132787,0.090762764,0.15010354,-0.1425818,0.25343788,-0.13838342
0.31080523,-0.06236233,-0.19117069,0.0025797363,-0.13354014,0.09528115,-0.25094774,0.07472942,-0.03640128,0.23202932,-0.0055708694,0.34751338,-0.3619511,-0.1453583,-0.0826453,-0.22920437,0.08539055,-0.3045429
0.13360724,-0.069161445,-0.2506117,-0.12697622,-0.03063106,0.16543412,0.058408678,0.09497045,0.053860642,0.20424435,-0.0653362,0.04224284,-0.22173893,0.11057596,0.049257062,-0.22421142,0.06307619,-0.20407498
0.19689584,0.24315095,-0.059842754,0.039232165,0.17312726,0.24548055,0.17456523,0.2630926,0.18448663,0.1104792,0.03813009,0.0959553,-0.13283277,0.030824259,0.25194746,0.09166476,0.3318113,0.011962013
0.040200472,0.21975845,-0.08207355,-0.008603338,0.24950817,0.38810804,-0.02749231,0.22043161,0.023454286,0.25936097,-0.0050837775,0.22075933,-0.18011276,-0.05984932,0.12277663,-0.26417267,0.18244174,-0.13179822
0.4590491,0.15586963,0.41325098,0.25660902,0.1330353,0.1882758,0.30016184,0.04782605,0.23526683,-0.2504932,0.13064402,-0.06535461,0.37841114,0.1371417,0.16918024,0.33244783,0.1045749,0.32017806
-0.124768525,0.29436362,-0.15654251,0.024762133,0.16524822,0.24869654,0.024956528,0.3665567,0.33300993,0.2900816,-0.11266446,0.35054213,-0.20208049,0.057435762,0.26235873,-0.21481666,0.28846148,-0.24727009
0.045647636,0.16924663,0.4028419,0.08829308,0.15328994,0.15381664,0.31911355,0.056141824,0.15644485,-0.09594984,0.0928771,-0.0029636207,-0.076892674,0.42725217,0.19022682,-0.0069130445,0.14037693,0.3128848
0.059812926,0.31132126,-0.123215966,0.15030025,0.3268524,0.26408017,0.11160152,0.20933783,0.045360025,0.2430005,-0.06555228,0.22304018,-0.16770452,-0.16449748,0.2106015,-0.11443872,0.32791567,-0.17303938
0.39129698,-0.21012406,0.117532864,0.32232007,-0.20110926,-0.03289932,0.2803843,0.13771452,0.1796433,-0.052822437,0.03790872,0.016352706,0.21538544,-0.025651617,0.15194653,0.2046333,0.13426128,0.06791335
0.012222229,0.3069946,-0.10564557,-0.0886205,0.23116797,0.2896854,0.23202813,0.43775532,0.28513393,0.25865936,-0.061020523,0.32647535,-0.15677848,0.07132902,0.316032,-0.08745417,0.40991876,-0.09200566
0.38434404,0.21544303,0.4563105,0.3622538,0.21147981,0.17403756,0.17688128,0.2952104,0.16633222,0.06855477,-0.10055734,0.10078476,0.27295396,0.2293503,0.15202995,-0.11669837,0.016844887,0.14126018
0.3701163,0.34976417,0.036782045,-0.09176761,0.2315565,0.31279594,0.1856461,0.40152335,0.21904512,0.09984578,-0.05140994,0.18316928,0.017712902,-0.0568694,0.27631658,0.15687992,0.40282273,-0.050454967
0.0025827792,0.30336237,0.13878585,0.09733167,0.21803121,0.24565582,0.17709592,0.271543,0.23236522,0.011718199,0.06842701,0.14455043,0.012985726,0.18159603,0.21005285,0.042442966,0.17578772,0.0025827405
0.20496449,0.23722759,0.076899365,-0.07688692,0.2092787,0.27527967,0.0027710507,0.3409272,0.33986783,0.18869045,-0.04861187,0.324612,-0.31232294,0.09993704,0.36978072,-0.069027945,0.43984416,-0.14960685
-0.1872997,-0.25841784,-0.042603552,0.04394299,-0.32527596,-0.13273445,-0.33277738,-0.18783656,-0.0251001,-0.018974869,-0.034242734,0.020114794,-0.22515002,0.0802237,-0.43423736,-0.21134707,-0.42324868,-0.25075144
-0.05904841,-0.00984103,-0.26839978,-0.057866354,-0.024580766,0.18176866,0.23239496,0.36075452,0.20003304,0.166839,-0.07051836,0.1040864,-0.049435087,-0.112699755,0.24276783,-0.024593353,0.35782862,-0.101174325
-0.02123067,0.22299993,-0.20165306,-0.0021062924,0.1718669,0.16101371,-0.18884817,0.154095,0.18608001,0.05584205,0.08933145,0.23266432,-0.17581913,-0.15521002,0.054627538,-0.107819825,0.22103657,-0.10695682
0.085697025,0.27448186,-0.0049282727,-0.05426214,0.21772619,0.2859587,0.053283833,0.41917798,0.19776973,0.12207103,-0.11012073,0.3622085,-0.053441595,-0.18614942,0.14310488,-0.07887393,0.371592,-0.121049605
-0.12813719,0.1822715,-0.1878201,0.007738407,0.05720742,0.19664624,-0.050070174,0.29118744,0.17232895,0.24618924,-0.021273239,0.28375816,-0.19057989,0.0058658477,0.25317633,-0.20501655,0.24138257,-0.17165264
0.10242965,0.58980227,0.36705,0.10780813,0.5317267,0.37948322,0.19570616,0.35056767,0.35576618,0.16239768,-0.060039587,0.24883235,-0.0542444,0.45801425,0.27588308,-0.0503134,0.18922731,0.073767304
0.20029888,0.24396354,-0.15103817,-0.06004388,0.22625533,0.108509175,0.030599596,0.21059656,0.3443858,0.13742012,0.03483854,0.27991718,-0.11616059,-0.0104582645,0.23752967,-0.02007268,0.33645427,-0.12556326
0.06427424,-0.16941115,-0.15761626,0.3193554,-0.18652156,-0.084586814,0.18134917,-0.058185004,0.17396839,-0.06813092,-0.041974884,-0.1271034,0.2823783,0.034175433,-0.029537488,0.028827354,-0.096013755,-0.07676781
0.123774156,0.13872856,-0.09321847,0.31549445,0.08784355,0.06958905,0.31046933,0.056648903,0.14079547,-0.08387421,0.024840316,-0.08882733,0.23468904,0.015307881,0.099392205,0.23376517,0.12796569,0.020358993
0.23751764,0.25747934,0.08993096,-0.048833482,0.22311473,0.175089,0.039669298,0.2374269,0.1317524,0.13501588,-0.10083125,0.05992819,-0.10256626,0.24034837,0.13167275,-0.20163319,0.06324506,-0.049581163
-0.017281884,0.19423556,-0.16202198,0.0010374531,0.16834429,0.32390815,-0.074130714,0.23430355,0.16898757,0.20528618,0.001327449,0.2557664,-0.13079679,-0.17989393,0.11247685,-0.17316839,0.2271613,-0.18815723
0.066059284,0.27106467,-0.14427152,0.045834236,0.27523422,0.21250279,0.3164174,0.4391309,0.2825411,0.20055217,-0.066263795,0.16946533,0.0006188471,0.014049425,0.3595413,0.064019635,0.43100908,-0.046327423
0.29801428,0.13356334,-0.099190935,-0.0998281,0.028832365,0.18276846,-0.108285815,0.21127081,0.2214331,0.25620422,-0.02562134,0.29667214,-0.16268189,0.0012778016,0.13811532,-0.119129315,0.16731031,-0.12676659
0.09286828,0.18747482,0.31347278,0.33614677,0.13122088,0.2407758,0.2991916,0.1603413,0.10727824,0.026977248,0.03727907,0.13701242,0.0055694804,0.20675161,0.2656812,-0.041703183,0.18526687,0.10545585
0.18734303,0.34785062,0.15392846,0.05304253,0.30773562,0.25806257,0.18915828,0.38236105,0.26867527,-0.03516329,-0.056702893,0.12387593,0.33437887,-0.14588688,0.22286955,0.25146985,0.2680323,0.10243091
0.08444499,-0.19417378,-0.14543094,0.2521064,-0.22228043,-0.27763653,0.12278044,-0.16502681,0.06917396,-0.12799755,0.03825949,-0.14746654,0.1769113,-0.0045737475,-0.019387381,0.1290164,-0.09033625,-0.01215667
0.15992817,0.10283719,0.0917566,-0.0055006184,0.1037119,0.18252346,0.29912195,0.20933366,0.20224588,0.10101533,0.15696046,0.069212526,-0.15762287,0.46379083,0.3198769,0.10357459,0.30100763,0.23202519
0.2646138,0.24319696,-0.054888643,0.10903265,0.12221502,0.29466838,-0.047315195,0.20018293,0.096487924,0.11966358,-0.07389392,0.10067362,-0.16088074,-0.014821591,0.057951517,-0.13081357,0.10834621,-0.23141524
0.122398,0.32776183,-0.08311869,-0.083807446,0.2774421,0.31270963,0.20996682,0.28389877,0.12610453,0.13703749,0.0917034,0.22103186,-0.06173024,0.053128663,0.23204526,0.16868481,0.32150245,-0.017219396
0.0635631,0.17544669,0.058702704,-0.067997284,0.2530988,0.21785393,0.3813871,0.2396704,-0.08702548,0.0042548534,0.21532336,-0.058781594,-0.015531784,-0.036860697,0.2362974,0.2868292,0.3768959,0.46407104
0.20531777,0.1149966,-0.014177547,0.013640819,0.085605145,0.40047592,0.1613105,0.33100572,0.169121,0.22641908,-0.07986197,0.31251055,-0.1628636,-0.07072208,0.19091126,-0.11653021,0.32109416,-0.21867101
0.0049981195,0.2600385,-0.07644397,-0.01582037,0.12744243,0.2756874,0.1771928,0.4289459,0.19309458,0.19684395,-0.09668695,0.24054578,-0.1515398,0.011917213,0.1811412,-0.006781393,0.28566808,-0.2171047
0.043968484,0.1376135,-0.18757096,-0.14496228,0.0845811,0.37128466,-0.12788057,0.07428791,0.03444788,0.19467263,-0.053514205,0.20240957,-0.17281964,-0.06522314,-0.106457084,-0.25576058,-0.025787951,-0.27185643
0.11029753,0.23524404,-0.100681975,0.039901614,0.24668661,0.35930145,0.0013679047,0.24346814,0.102424614,0.26317453,-0.029753251,0.29771084,-0.13312982,-0.14741208,0.16650814,-0.15989959,0.27830347,-0.1440993
0.050590582,-0.04241586,0.04484328,0.3029486,-0.08065891,0.14740838,0.42724508,0.036909122,-0.004696767,-0.05922308,0.1351041,-0.06163859,0.009212149,0.049002197,0.2676267,0.31899583,0.26221874,0.15133877
0.09488213,0.2357723,0.07527146,0.27494836,0.2703793,0.28144532,0.32748687,0.3346482,0.15216781,0.15751725,-0.0185508,0.17833506,-0.050620433,0.15242854,0.3500421,0.044887777,0.3963641,0.025007568
0.20399141,0.24312395,0.015537426,-0.060910843,0.24308285,0.2790659,0.26604226,0.4704474,0.28401446,0.20218502,-0.06920288,0.19649689,0.072515935,0.037105657,0.26944673,-0.06451058,0.3365708,0.05584333
-0.06664039,-0.14636922,-0.09268762,-0.072330415,-0.15197688,0.13966769,0.062688954,0.030697294,0.09243083,0.1243363,0.1852546,0.12218223,-0.022802848,0.320717,0.09786686,-0.038591675,-0.04651092,-0.01192165
0.111514285,0.25721258,-0.14222933,0.076765716,0.19644538,0.2806581,0.2887175,0.3205466,0.17191413,0.17906587,-0.040208656,0.16722086,0.0120084565,-0.13334627,0.22306028,0.15475477,0.32384264,-0.15026632
0.22111543,0.23708583,0.023679134,0.012867441,0.12908256,0.16948429,-0.15237725,0.1012872,0.17986564,0.25216675,-0.07525124,0.2449556,-0.24436927,0.06093287,-0.008299509,-0.21177912,-0.0015471266,-0.21849391
0.13226645,0.20863691,-0.10039988,-0.12067952,0.13589162,0.30748117,0.11322503,0.3247211,0.27368206,0.15504466,-0.024687782,0.16950217,0.010217244,0.051374346,0.18687704,0.0053102234,0.24688998,-0.086436644
0.1621129,0.24260671,0.4370868,0.29879478,0.1781393,0.02699875,0.28067777,0.18621981,0.28056645,-0.082051605,-0.12023094,0.055506982,0.48992014,0.073470004,0.17669298,-0.0011051507,0.03143306,0.22115001
0.30187386,-0.048719276,-0.09264615,0.0050527314,-0.090728775,0.010418221,0.26529402,0.20531476,0.09268102,0.07142333,0.019568328,0.14688644,-0.045261435,0.009447909,0.34591183,0.09498525,0.43327323,0.12945545
0.05615335,0.368344,-0.044508904,-0.041369483,0.31907836,0.4070065,0.22660366,0.48063052,0.2779858,0.19846274,-0.024157431,0.33949402,-0.004342541,-0.10010173,0.40162152,0.019245582,0.5245802,0.0035567717
0.48659086,0.27047956,0.23520139,0.20085207,0.23575467,0.015065852,0.13906072,0.17129222,0.35239676,-0.10954195,-0.059060015,-0.11293415,0.42348623,-0.07432997,0.049072724,0.3187935,-0.07421647,0.010490568
0.06935949,0.31763467,-0.12054653,-0.07848514,0.27833438,0.28072858,0.20163825,0.38733706,0.17105857,0.16727096,-0.046541356,0.19803116,-0.044399835,-0.17169291,0.27293926,0.11008236,0.40650073,-0.11575532
0.44120932,0.3210544,0.31028104,0.03687867,0.28425995,0.27682084,0.20254987,0.54259187,0.35617965,0.19019814,-0.15524119,0.24645653,0.098348856,0.19552429,0.20544906,-0.14973494,0.21234772,-0.0015180996
-0.10339397,0.13835889,-0.13917482,-0.06622044,0.007402408,0.19999239,-0.046682443,0.33672133,0.19687292,0.24832374,-0.11430259,0.3179869,-0.24138494,0.014007848,0.070691295,-0.34579778,0.1600807,-0.22968496
0.2086725,0.18109335,-0.03602723,0.36864173,0.14457238,0.15000439,0.23788369,0.3211152,0.217875,0.06978086,-0.09800793,0.117973566,0.46085477,-0.24528438,0.056741334,0.009494679,0.10416419,-0.06987754
0.12559173,-0.1988383,-0.27738607,0.21484931,-0.22016549,-0.025359102,-0.08211885,0.08376578,-0.0390966,0.25640637,-0.04710154,0.26034212,-0.1441684,-0.17646949,0.10539029,-0.20907617,0.11763956,-0.24366
0.058173753,0.19429317,-0.21580651,-0.061772972,0.1319116,0.29156566,-0.17190933,0.19692747,0.112148285,0.27297822,0.055846334,0.3313145,-0.16461739,-0.15182824,0.03431365,-0.23933974,0.15824416,-0.18005838
0.1809243,0.4045929,0.03746212,-0.1306511,0.2735529,0.29777518,0.1244465,0.4254954,0.29939556,0.22383276,-0.10579626,0.31321388,-0.07204854,-0.0011235559,0.27839735,-0.08811641,0.37305513,-0.0020733792
0.011024533,-0.032492526,-0.37122607,-0.25921142,-0.005190553,0.1655873,-0.04571596,0.26962596,0.18166146,0.24229574,-0.0074632177,0.27553093,-0.22217713,-0.062292308,0.2742176,-0.19338483,0.3613999,-0.15509991
-0.00745735,0.3907755,0.15648885,0.09130058,0.30046743,0.23761205,0.24935615,0.33358845,0.23861197,0.0040525673,-0.013851913,0.15195343,0.18866512,-0.083546065,0.25187182,0.15522756,0.33326602,0.08952229
0.059613373,-0.0062101157,-0.046272203,0.36975718,-0.080167875,-0.06373526,0.24083033,-0.027803445,0.20188779,-0.07498252,-0.040003784,-0.054512374,0.2141857,0.055708185,0.08290698,0.12978776,0.051086206,-0.021428522
0.061864443,0.2154675,-0.09507046,0.21541926,0.12218255,0.18676454,-0.088522986,0.10454522,0.2666451,0.12559849,-0.040773913,0.15417191,-0.10085996,0.13004692,0.048300706,-0.1360927,0.01524836,-0.27362117
0.11477618,0.31926075,0.057631113,0.0057565235,0.28794524,0.31319737,0.03130478,0.28668296,-0.014405543,0.32527182,-0.13102616,0.26115987,-0.23728451,0.044452354,0.1081568,-0.22254288,0.15018974,-0.12918608
0.00048012717,0.07340974,0.04576113,0.00656538,0.13850495,0.18978506,0.19905221,0.051767208,0.033678003,-0.004617283,0.3099973,0.065358326,-0.056617077,0.13859555,0.04948087,0.045644432,0.20364602,0.41283357
-0.041477256,0.03205388,-0.13220763,-0.025420837,0.06203535,0.24801415,-0.041720968,0.057164237,-0.1043986,0.2506434,0.00048381323,0.18372953,-0.19005358,-0.21624924,0.035146937,-0.24348293,0.11209734,-0.18347889
-0.004811397,0.39983544,0.19125825,0.06998448,0.26568437,0.3597036,0.35294116,0.36062837,0.24069509,0.057630483,-0.05604021,0.1957227,0.15750502,0.19244123,0.26936686,0.13302302,0.31036842,0.12711962
0.009938906,0.39181677,0.010791539,0.1336109,0.33969873,0.12994787,0.22483394,0.4353031,0.2797459,0.049289603,-0.1273256,0.19917949,0.4189201,-0.11159688,0.20970134,0.047063366,0.28597087,0.064286545
0.082627624,-0.14461401,-0.17114484,-0.10272035,-0.14279741,0.0131746745,0.14319012,0.12823223,0.18051383,0.14296092,0.05920767,0.26644993,-0.0057275076,0.041577835,0.24491271,0.05082544,0.26044288,-0.06278616
0.23842338,0.15675184,0.13179511,0.29402912,0.11974182,0.016320806,0.25055754,0.11831152,0.21157584,-0.17309493,0.028349333,-0.11980267,0.44061223,-0.24913462,0.032522205,0.40325132,0.031658642,0.13298991
0.06946018,0.53055954,0.17187822,0.0034779655,0.47116458,0.36364573,0.2390415,0.37096786,0.3539355,0.14075783,-0.034898836,0.22606665,-0.040730193,0.1366075,0.3537876,0.031710885,0.35710758,-0.0255437
0.09176876,0.17222168,-0.05060066,0.081981316,0.14114878,0.2544858,0.06553849,0.20916574,0.3578602,0.14458865,0.027930789,0.23729214,0.22853364,0.04968539,0.19612229,-0.05030033,0.17620501,-0.054821208
-0.07059704,0.111002035,-0.107391745,-0.07398409,0.14890909,0.28558445,-0.0031501977,0.26347816,0.109593496,0.19138496,-0.0025763446,0.16084634,-0.22946881,0.24015567,0.1582379,-0.32962686,0.14170061,-0.089306474
0.4225644,0.33916056,0.3721106,0.30020472,0.2519908,0.24959272,0.24363095,0.28007114,0.37315202,-0.059225887,-0.048041046,0.13417156,0.4599213,-0.008461503,0.2319543,0.15975133,0.15979153,0.09861769
0.06558161,0.18742837,0.09903589,0.05533903,0.19288114,0.17116526,0.040647347,0.3355332,0.02822728,0.25985777,-0.09996776,0.23595576,-0.14191556,-0.035328794,0.07000464,-0.27906197,0.112786055,-0.099084616
0.4390134,0.0781648,0.114359096,0.032803494,0.06153651,0.1222954,0.09321591,0.12787166,0.35255015,-0.01971642,0.026563503,-0.040083595,0.26879734,-0.06368818,0.14830129,0.30110186,-0.010811882,-0.06590639
0.48161322,0.42551088,0.28542697,-0.13880342,0.40289474,0.31999648,0.20074758,0.58822733,0.40839306,0.22458355,-0.1049868,0.21982759,0.07139215,0.24164903,0.28063142,-0.025590347,0.26072848,0.06726257
0.42605412,0.41993067,0.243628,-0.06346512,0.3786862,0.3214175,0.1069262,0.18725099,0.21909386,0.18797527,-0.1189028,0.08797465,-0.14308101,0.37235722,0.10059059,-0.123050496,0.021524789,-0.12273019
0.21947564,0.21340415,0.4049315,0.0012083875,0.2876085,0.2249694,0.24481499,0.10405207,0.054435812,-0.004560769,0.27797046,0.042704977,-0.1480983,0.25579205,0.11184269,0.053963073,0.17103282,0.41266686
0.014023443,0.19631204,-0.09961335,-0.2591951,0.23534766,0.24635954,0.15730028,0.52608305,0.18974447,0.259071,-0.050251093,0.2314265,-0.14732827,0.003806877,0.24722609,-0.2561377,0.3321876,0.02646552
-0.09552071,0.06696331,0.050755613,-0.029313143,0.0428749,0.1459358,0.15287323,0.12031281,0.0630659,0.14180714,0.14230257,0.08385229,-0.25028637,0.3124397,0.12987727,-0.1548912,0.117063336,0.17018476
-0.0058066314,0.15508603,-0.159608,-0.19182399,0.11730542,0.27651238,0.19947249,0.496071,0.14045587,0.27524248,-0.09576401,0.23992254,-0.04547076,-0.028142469,0.13639925,-0.18872732,0.2471815,-0.11633456
0.0020806808,0.001340623,-0.1467712,0.02410838,0.06572999,0.06750042,-0.105271555,0.058753777,-0.13391858,0.15747727,-0.1359958,0.026635412,-0.18297592,-0.3327762,-0.10813469,-0.29018533,0.026195846,-0.23831178
0.06700079,-0.12464942,0.16302502,0.39058483,-0.14767094,-0.19208947,0.26920024,-0.24242754,-0.019713797,-0.26341844,0.16363537,-0.25142938,0.4481432,-0.018217023,0.0045814733,0.29867876,-0.16933087,0.33450982
0.46321702,0.32519746,0.36604005,0.1787155,0.26219448,0.11922285,0.10370307,0.25937107,0.38248944,-0.06004472,-0.14862141,0.014483505,0.49069247,0.015747111,0.01589058,0.056890193,-0.10882525,0.0024185665
-0.16779554,0.053246386,-0.12060003,0.043811157,0.05511213,0.2035954,-0.0744957,0.07715669,-0.079338536,0.16755284,-0.14619014,0.0639386,-0.20322278,-0.22480026,-0.13315836,-0.2971277,-0.029617738,-0.32178235
0.17543295,0.29643852,-0.012860501,-0.13120547,0.22703642,0.3295933,-0.09121147,0.2669973,0.11906339,0.1391967,-0.12784511,0.14208695,-0.1404348,0.14107782,-0.04389262,-0.30621642,0.019803144,-0.15756145
0.113356195,0.03464151,0.057239264,0.033358026,0.14545617,0.1679707,0.23705794,0.018816736,0.011536289,0.058962278,0.3222286,0.059394337,-0.20534587,0.112500176,0.25891787,0.21986873,0.39734304,0.4326317
0.2704922,0.29690197,-0.1437692,0.06849603,0.38663322,0.2445037,0.045965724,0.15195525,0.073927045,0.28840294,0.15528221,0.30820453,-0.28588018,0.060644858,0.18868996,-0.1218867,0.29744834,-0.058090657
0.052202977,0.27652115,-0.16453147,0.007292415,0.1758102,0.30694592,-0.078236565,0.26457006,0.3176138,0.18097186,-0.06692971,0.29013506,-0.18384153,0.0927959,0.09112783,-0.14266413,0.19272101,-0.33645377
0.03538449,0.2026955,-0.11068524,0.10746171,0.17486382,0.11557901,0.315361,0.17662375,0.20153898,-0.009413784,0.013963295,0.007968564,0.33336288,-0.02939741,0.16967295,0.16553529,0.23699857,0.11244671
0.057146363,-0.20672484,0.14511527,0.49218792,-0.17580009,-0.19698432,0.3535455,-0.15468776,-0.014713757,-0.17728232,0.10891722,-0.28628063,0.44824183,0.013839011,0.06928828,0.21667114,-0.13379103,0.32461476
-0.0817959,0.05591673,-0.15126565,0.1342985,-0.016950278,0.26358977,0.15479502,0.15577559,0.14124376,0.18497324,-0.04603909,0.18989804,-0.1918275,0.1381492,0.2325271,0.0100369975,0.27813262,-0.21157283
-0.04951049,0.13632002,-0.21096313,0.10113014,0.044138603,0.1963556,-0.065682404,0.12985668,0.10880704,0.10251793,0.058747765,0.24144465,-0.22367114,-0.11778841,-0.009991897,-0.017531648,0.23452929,-0.14128295
0.019665433,-0.054168332,-0.16300611,-0.017878972,0.02360988,0.11022249,-0.05789046,0.12855342,0.10552108,0.22943625,0.01590274,0.1359514,-0.3325458,0.09931709,0.0454733,-0.37344515,0.06651721,-0.20758638
-0.003321276,0.29932374,0.22052895,-0.057381425,0.28343546,0.2827574,0.02871784,0.24087603,0.24376959,0.09821214,0.11210978,0.32619447,-0.14388096,0.13346523,0.17288616,-0.02175571,0.19107977,-0.0013595391
0.22561896,0.22338569,0.3717493,0.045073353,0.3173577,0.24102685,0.3623767,0.14140832,0.009955825,-0.0005518426,0.25948644,-0.011448884,-0.005867083,0.22512698,0.2380052,0.15732457,0.28781885,0.55528367
0.31390744,0.30452174,0.088366896,0.011366941,0.2449897,0.25147736,0.20123628,0.35157067,0.15407375,0.110152245,-0.08241781,0.20334181,0.05848109,-0.11986145,0.21642718,0.060129046,0.34957188,0.0009920658
-0.004886914,0.07318571,-0.050266765,0.32545987,-0.002632536,-0.012955912,0.29882163,0.026520418,0.15543437,-0.12297854,0.0057097618,-0.104975194,0.23553735,0.08106159,0.07221557,0.21188913,0.064566255,0.039030068
-0.022697683,0.044308726,-0.055423602,0.25652868,0.013590964,0.118741825,0.24698313,0.12644012,-0.11375199,0.08148813,0.100900404,-0.022691555,-0.16292056,-0.019228192,-0.025582608,0.22175789,0.13093038,0.017186936
0.13674644,0.2158425,0.0025752801,-0.08073966,0.2091066,0.23789899,0.27630198,0.27132604,0.16305001,0.13360196,0.10260485,0.113458544,-0.19519627,0.27493864,0.30049568,-0.07629836,0.3845685,0.18050578
0.13298355,-0.2313298,-0.35253602,-0.05853649,-0.24238452,-0.026087921,-0.18595149,0.00054764654,-0.071429476,0.23194246,-0.10095835,0.035498746,-0.25887653,-0.029798904,-0.17246583,-0.34766936,-0.11702947,-0.28175575
0.16949907,-0.1564548,-0.31045035,-0.26331744,-0.12577192,0.030692216,-0.19779477,-0.086637415,0.10574478,0.12641236,0.028379198,0.11324561,-0.27771154,0.066018656,-0.0056870924,-0.1531238,-0.027946845,-0.33473504
-0.09774423,0.12818956,-0.13048007,-0.22679913,0.14429548,0.2650288,-0.029145572,0.22720641,0.044800706,0.21217546,0.11516063,0.19250125,-0.13289371,0.001920368,0.008584483,-0.21745011,0.043520495,-0.065633826
-0.07372746,0.07460829,0.029519308,0.007575089,0.10654518,0.2048119,0.13222131,0.1051655,0.06870834,0.09805588,0.39167723,0.301742,-0.1318282,0.008834382,0.13463563,0.09753241,0.32185495,0.36714232
0.2284214,0.4744329,0.16449854,-0.06563856,0.5028779,0.2217859,0.19898593,0.3366652,0.422208,0.07522843,0.034558423,0.14581478,0.0873906,0.2632123,0.33116186,0.20076384,0.32262564,0.13098027
0.2904168,0.22619164,-0.034139875,-0.04177165,0.3086446,0.16854893,0.123574615,0.44533274,0.29165483,0.24904653,-0.13598517,0.15355843,-0.02471829,0.06324984,0.27473187,-0.14161822,0.27038175,-0.0742615
-0.02873347,0.16725081,-0.008838149,-0.15098967,0.17610985,0.27800477,0.107025996,0.24566506,0.0918347,0.17657319,0.08335331,0.19260949,-0.05791561,0.09471126,0.06826308,-0.15954842,0.0768019,-0.0075256936
-0.06674819,0.08079419,-0.21121398,-0.050931815,-0.00023821183,0.19951771,0.15803921,0.40090266,0.054674357,0.32086664,-0.002015793,0.30138195,-0.22259647,0.058790363,0.19595912,-0.18099964,0.30275178,-0.09487933
0.019065227,0.018143915,-0.36015564,-0.1286118,-0.054976106,0.18196344,0.0822208,0.29583156,0.21809486,0.24725282,-0.036366407,0.26566792,-0.20792277,-0.0128569575,0.32941222,-0.12347292,0.41692328,-0.12704922
0.2896362,0.22210957,0.10082119,0.0044800444,0.27422732,0.27285272,0.049014933,0.16128099,-0.013125448,0.21326831,-0.015889136,0.08755816,-0.21600246,0.103439316,0.096626304,-0.21972604,0.07725035,-0.049913496
0.091114506,0.2381865,-0.07358477,0.07995863,0.17444107,0.16757411,0.34957534,0.30377007,0.07815932,0.019645292,0.00024220021,0.026417771,0.09206908,-0.12097466,0.23233935,0.26184493,0.36266726,0.06139065
0.19229066,0.32661343,0.32852638,0.035798214,0.30223155,0.3213364,0.09300087,0.31627434,0.24181303,0.0813645,-0.1541435,0.2191925,-0.06414889,0.119290635,0.1503661,-0.17666978,0.14659473,-0.09770125
0.26504272,0.18551388,0.06508441,0.19463381,0.1646387,0.058109086,0.08452398,0.29361224,0.34799826,0.07606462,-0.09028667,0.15842701,0.16766816,-0.05050978,0.19563213,-0.010266836,0.19605628,-0.15921265
0.08857894,0.1964189,-0.14235932,-0.008110942,0.13303994,0.30852082,0.16785881,0.2932616,0.12602958,0.19016619,-0.038017645,0.29786292,-0.12703687,-0.055814993,0.18895692,0.05526092,0.39556926,-0.13578835
-0.0019825501,0.3244276,0.09683158,0.017169256,0.22355771,0.4212951,0.07460861,0.32474864,0.29078946,0.13552411,-0.14129049,0.23417221,-0.22903723,0.17903356,0.2565163,-0.15479766,0.28745067,-0.20662633
-0.089464754,-0.09493271,-0.2812686,-0.09668365,-0.08743459,0.11363818,0.1636316,0.31613407,0.18976411,0.24448508,0.015448872,0.25295717,-0.1621778,-0.039274395,0.25031397,0.042199116,0.35454297,-0.1551455
0.15856898,0.086612195,-0.020813731,0.18636319,0.004131742,-0.0007641399,0.26783323,0.07301054,0.0990923,-0.020944277,-0.00951737,-0.08910499,-0.03433017,0.078717574,0.27610844,0.2268621,0.23337106,0.06769397
0.07346653,0.25020707,0.0890741,0.047535017,0.18612255,0.13396913,0.2974735,0.44613397,0.10259209,0.10005709,-0.12379563,0.097998485,0.106467634,-0.20062503,0.22753173,0.13515493,0.31225562,0.009941273
0.045102693,0.35195282,-0.06899087,-0.088578835,0.23624322,0.43571603,0.101265,0.3699749,0.27424166,0.18633735,-0.06171651,0.2472387,-0.0877811,0.007629877,0.2965157,-0.08934967,0.3384263,-0.18621275
0.025047671,0.26792043,0.23082158,0.32016754,0.21320689,0.2340608,0.09474558,0.2986588,0.2226483,0.051117916,-0.22022432,0.16253617,0.19689119,-0.017076354,0.013332986,-0.23088273,0.058766972,-0.13047832
0.07114355,0.1895166,0.2209155,0.18106316,0.1531896,0.23234206,0.02074849,0.03602303,-0.09411399,0.1531449,-0.13321626,-0.024836767,-0.2308414,0.25954056,-0.080459476,-0.1844765,-0.09204455,-0.120644554
0.4701216,-0.07565856,0.23729804,0.17454258,-0.01228041,0.0038857572,-0.026970264,0.06401819,0.28376418,0.048597533,-0.01105855,0.127208,-0.033186905,0.06397736,0.12435982,-0.055312537,0.121147275,-0.042845897
-0.006143515,-0.046679102,-0.06260616,0.098327465,0.03034956,0.20264834,0.058776353,-0.12378039,0.15507466,-0.113544494,0.45793507,-0.033406176,-0.024824,0.07881883,0.063704886,0.19448808,0.121697575,0.26453224
-0.14548138,-0.0691603,-0.22795269,-0.17787853,-0.0871914,0.13754192,0.09993838,0.32359058,0.21648398,0.23678578,-0.034212515,0.19853745,-0.28448308,0.20007142,0.19410273,-0.22292608,0.2033554,-0.17591758
0.12501904,0.058658972,0.13132517,-0.074490935,0.069759294,0.2788192,-0.16539264,-0.006012974,-0.006465479,0.07520237,-0.14613077,-0.07299099,-0.15279132,0.115097545,-0.16661999,-0.12524238,-0.20325851,-0.1792858
0.0865944,0.30482262,0.04716135,0.31742197,0.31678087,0.159094,0.34102848,0.3076207,0.28147873,0.058930688,-0.07512885,0.04712856,0.5143886,-0.045218103,0.23743698,0.093918115,0.19789618,0.13428235
0.18140396,0.2527954,0.20526162,0.20065361,0.24988115,0.077610046,0.361961,0.3773583,0.36193728,0.0058986484,-0.13422684,-0.015920082,0.5270264,0.066388376,0.19280438,0.06447648,0.057501856,0.12195572
0.21837702,0.22648758,1.0979129e-05,-0.049378045,0.20357464,0.20681423,-0.11794966,0.2980376,0.20552546,0.100240394,-0.14117384,0.21229054,-0.0759902,-0.14793779,0.008256321,-0.23523408,0.15990052,-0.18698388
0.1162747,-0.028927092,0.06545714,0.1623961,-0.060347386,0.15319481,0.09448591,0.15202954,0.25855476,0.020161536,-0.10749662,0.14411803,0.043612547,0.07839942,0.117710456,0.030301407,0.17549133,-0.10629399
0.0053722193,0.2912463,-0.0042924955,0.18183644,0.19743477,0.12191014,0.27282125,0.35223907,0.14537066,0.06307818,-0.16716215,0.18040532,0.10247034,-0.036771614,0.1799942,-0.0091505125,0.3465606,0.04384976
0.038676832,0.3630874,-0.023666797,-0.11299355,0.24659356,0.3387167,0.16012576,0.4676885,0.1402291,0.2352919,-0.07075024,0.35404906,-0.039743945,-0.027299212,0.21428305,-0.11749184,0.34551486,0.029246354
0.38465658,0.22511047,-0.039892413,0.17027318,0.18807477,0.19563472,0.18344155,0.13942416,-0.06562767,0.077357784,0.00045177434,-0.086614355,-0.00028563035,-0.14786808,-0.045117036,0.31874585,0.080551825,-0.09232862
0.058262248,0.24982086,-0.14483656,0.031916834,0.20046486,0.09773962,0.31682378,0.36011988,-0.026589958,0.15820128,-0.1100491,0.088828206,0.00519883,-0.19430637,0.18762062,0.07235165,0.32385802,-0.028298687
0.2806479,0.23708299,-0.09739485,-0.013332816,0.2058434,0.31932646,0.27480534,0.3905226,0.19714513,0.15558618,0.025123168,0.27054378,0.039063547,-0.11830144,0.3562585,0.14355868,0.47898856,-0.0014761728
-0.10189439,0.038492434,-0.21492809,-0.09405644,-0.0035711466,0.09599665,-0.24882695,0.032877207,0.19324848,0.1998958,-0.04377303,0.32401425,-0.21005681,-0.07210581,-0.07943067,-0.12871486,-0.021669932,-0.3878234
0.08664804,0.39141637,0.0034935982,0.01959578,0.38733798,0.39078322,-0.010951675,0.35158706,0.41662627,0.24318276,-0.01546765,0.38482004,-0.14616959,-0.03635433,0.31092113,-0.056731712,0.35918808,-0.19754437
0.115070716,0.22556041,-0.03725398,-0.17523551,0.2388854,0.30307287,0.19979706,0.3407098,-0.012661215,0.21676606,0.06442108,0.1381079,-0.20467198,0.21592228,0.13006678,-0.26096165,0.2309508,0.18977186
-0.040196,0.39679867,0.30077678,0.23116231,0.29599088,0.35373238,0.22428861,0.46471816,0.26110816,0.078225896,-0.083947085,0.3132714,0.35909528,0.020276858,0.21025647,0.0011872062,0.24682191,0.13338168
0.3024835,-0.12754902,-0.2620546,-0.08211975,-0.14600885,0.02697214,-0.06047881,0.07327984,0.12017354,0.19291344,0.06391522,0.35098583,-0.22569631,-0.045259483,0.22495809,-0.056733035,0.29665798,-0.15414342
0.10717381,0.18692087,-0.0771375,0.022638142,0.2573594,0.25491714,0.2884342,0.38018665,0.05792997,0.09617435,0.23703316,0.11341967,0.13251486,-0.20682581,0.22972755,0.24858671,0.29303336,0.17826703
-0.013963594,0.08525881,0.18185934,0.2045725,0.07240865,0.19211783,0.29737517,0.10379461,0.0199602,-0.024763409,0.26423115,0.0142919095,0.024832174,0.20989722,0.16969109,0.042957045,0.1578869,0.33125246
-0.034663685,0.34300393,0.16417009,0.09384851,0.293514,0.2001102,0.07716121,0.205489,0.14859644,0.13580783,0.009648213,0.19822617,-0.14322264,0.115940124,0.14821471,-0.20340115,0.11549353,-0.05975823
0.11549604,-0.041987546,0.08240352,0.15669191,0.07389443,0.1696296,0.31003594,0.08169486,0.17472139,0.032228947,0.38761458,0.10781689,0.001347444,0.15892899,0.32072183,0.28621414,0.3541876,0.4349106
0.17322604,0.18312582,-0.11087473,0.104386576,0.17689744,0.27914378,-0.0007757703,0.20843825,0.19071805,0.09589514,-0.026251746,0.08721183,-0.014280217,-0.15666735,0.0629052,0.076928765,0.16908686,-0.20996828
0.1218776,0.23596615,-0.018237386,0.0059659462,0.22881901,0.35879147,0.019638237,0.20567808,-0.005090462,0.120644756,0.102644406,0.1018223,-0.27355945,-0.06514568,0.062619165,0.024507437,0.23323074,-0.1210783
0.061169438,0.14588733,0.16157913,0.4412579,0.11141809,0.13311447,0.32564908,0.19946061,0.07654372,-0.0763537,0.14796287,-0.09989828,0.50594795,0.019061139,0.125642,0.22818267,0.0015808372,0.27790385
0.08846393,0.37495595,0.13848948,-0.046457395,0.3301845,0.3865346,0.143067,0.2726071,0.121701315,0.1961065,-0.09889002,0.12882823,-0.1940102,0.30303615,0.16958088,-0.2663676,0.12820214,-0.1065638
-0.019306451,0.041725226,-0.09752638,0.1380161,-0.041428804,0.17078814,0.12501462,0.50045156,0.1651635,0.26171145,-0.17833892,0.26110175,-0.03762698,-0.09219242,0.13128152,-0.18652548,0.26152372,-0.12906836
0.0696057,0.19881445,0.1302458,0.2983971,0.11935286,0.11179018,0.15152459,0.20894706,0.1685586,0.15069722,-0.06477614,0.14408036,-0.107183754,0.28439608,0.21949017,-0.16156489,0.11616847,-0.12474789
-0.13252228,-0.37775093,-0.24188234,0.019872785,-0.4007445,-0.048102167,-0.052821927,-0.20787759,-0.12586607,0.06967519,0.18053794,0.024210475,-0.3129875,-0.12244989,0.12864068,0.019002102,0.080506235,-0.10390598
0.065835536,0.34957206,-0.00744739,-0.052759204,0.24721548,0.4589002,0.122222856,0.36279696,0.34107304,0.19846049,-0.09078002,0.3094726,-0.033791006,0.09638332,0.32924655,-0.056942776,0.39075115,-0.12682427
0.096529916,0.0073298085,-0.15460998,-0.024335288,-0.08688593,0.15586029,-0.12521902,0.11109457,0.32101268,0.15760875,-0.057019487,0.26083308,-0.1141787,-0.070199564,-0.03422245,-0.15295702,0.073362045,-0.30236495
0.17894675,0.3131684,0.026156366,0.099881396,0.20021686,0.33662647,0.12824637,0.45806915,0.25998744,0.17702313,-0.15422074,0.31900686,0.11398609,-0.20261307,0.26875833,-0.018426728,0.40182483,-0.11647691
-0.04178439,0.42790318,0.06562556,-0.07841273,0.31775564,0.47324827,0.0652131,0.4002328,0.37111622,0.18495798,-0.124706924,0.31746727,-0.08527051,0.07014046,0.28896847,-0.06508441,0.33952385,-0.21507815
0.28206062,0.3417365,0.24448286,-0.09723328,0.33391726,0.19932857,-0.06742318,0.11976431,0.05667656,0.100190654,-0.16799381,-0.023939906,-0.13951282,0.18472528,-0.11071959,-0.17845549,-0.14316201,-0.15453815
-0.08081079,-0.026415741,-0.29611003,0.098480016,-0.08197604,0.089073144,0.12365474,0.28715092,0.19680467,0.19508496,0.02276006,0.22675622,-0.20070803,0.07242913,0.3049171,-0.02673919,0.37574416,-0.12584712
0.23914164,0.18964761,0.0019870047,0.056521963,0.12211089,0.25736696,0.20648378,0.29429996,0.19209118,0.041770328,0.027053453,0.19239774,-0.142225,-0.036550373,0.35507062,0.17247581,0.5231292,0.04854534
-0.05859575,0.2953456,-0.061847907,0.024254799,0.19212808,0.40105662,0.23601937,0.41002673,0.2402297,0.2107543,-0.09173261,0.28043532,-0.06516582,-0.052491106,0.33092338,-0.07725915,0.44966426,-0.09332499
0.038718577,0.34087077,0.025296014,-0.10397166,0.29582462,0.37033862,0.36004502,0.3330337,0.06911254,0.1309638,0.10040551,0.24479279,-0.093254626,0.09201596,0.3786231,0.06511837,0.51282644,0.25107148
0.06924305,0.32578295,-0.11667759,0.02434221,0.2736476,0.31004864,0.30155593,0.34695414,0.19713943,0.2228491,-0.03383018,0.20509472,-0.028287813,-0.07232028,0.29191846,0.12403181,0.39562055,-0.10464084
0.34054402,-0.12293808,-0.2251122,0.07165769,-0.13650456,0.10882342,0.1688497,0.097170636,0.044390418,0.090863526,0.193899,0.13299635,-0.050659407,-0.0011299485,0.18702893,0.17101505,0.23960462,0.054397915
0.3152162,0.22076717,-0.0026314268,0.22118193,0.15099218,0.1893371,0.21342869,0.16246158,0.11764916,-0.0329125,0.1308757,0.0059737684,0.34714466,-0.0830423,0.16773006,0.33336067,0.19317785,0.20740733
0.13797256,0.16149573,-0.05197035,-0.0069676326,0.15562463,0.05960255,0.13219179,0.35463154,0.33274624,0.14459045,-0.10491934,0.24268115,0.020462336,-0.03410378,0.23229143,-0.12034242,0.28393102,-0.17380252
0.108386084,0.24959734,-0.081092715,0.06843578,0.30271053,0.30765116,0.07127111,0.2704332,0.030908255,0.20042793,0.06256153,0.20733881,-0.15984154,-0.0636892,0.12667818,-0.19219407,0.2434788,-0.10499552
0.14427671,0.39621794,-0.027467921,-0.13782024,0.25831395,0.3013817,0.18138209,0.42350483,0.3102752,0.19670445,-0.06942573,0.22198212,-0.018996479,0.00077059027,0.31474996,0.015262648,0.36719126,0.00553783
0.04106886,0.32126307,0.241916,0.3672887,0.28019986,0.24370275,0.3411134,0.26854256,0.33232892,0.074995235,-0.08293879,0.03194258,0.2779512,0.27839744,0.24043234,0.17603126,0.110346,0.021593742
0.17169297,0.28997147,0.03184973,0.14923017,0.2237434,0.25219235,0.14048967,0.29559565,0.22022972,-0.060701054,0.037897825,0.1599347,0.24049656,-0.13875805,0.15638787,0.20451918,0.29782876,0.05646802
-0.19853687,0.0497701,-0.2690696,-0.0218645,-0.04283224,0.22332576,-0.016696883,0.32789123,0.18256003,0.17177667,-0.06935471,0.24315059,-0.2009715,-0.032304063,0.19547117,-0.24348052,0.3398773,-0.15263674
0.2050012,0.40289843,0.01692638,-0.04418157,0.45362818,0.3770235,-0.014121618,0.22489952,0.099640414,0.21526107,-0.026284765,0.20694172,-0.24789344,0.04808279,0.1498299,-0.13667214,0.1829023,-0.16041464
0.07414931,0.44159958,0.24926099,0.09701316,0.3624454,0.38276595,0.27385947,0.22169673,0.22041051,0.22065994,-0.010047795,0.11545495,-0.17303859,0.5873719,0.29319662,-0.010661798,0.109329805,0.011401722
0.15850018,0.38195503,0.29274678,0.28929597,0.34087825,0.26746237,0.23922728,0.23689508,0.37515754,0.041231304,-0.0872847,0.0028990693,0.18058515,0.36663127,0.1981589,0.10643068,0.0501187,-0.01847374
-0.07293156,0.033248242,0.026970882,-0.075194776,0.033948157,0.18272114,-0.14427474,0.089678794,-0.17389314,0.1359373,-0.10934583,0.020488039,-0.28383446,-0.08380228,-0.22448772,-0.3113526,-0.14439277,-0.24058814
0.4331261,0.11426041,-0.13733163,0.13383502,0.13770571,0.18182158,-0.013408125,0.13161722,0.07568698,0.2097682,-0.028483247,0.07500594,-0.11039788,-0.030687418,0.08027786,-0.088076256,0.08282576,-0.19081211
0.112825766,0.0034564883,0.27624667,0.27249604,0.055621166,0.1281656,-0.0058545107,0.024530347,0.014853278,0.15675339,-0.13261357,0.08274166,-0.18899177,0.0035361308,0.020925727,-0.21288583,0.021974918,-0.12165174
0.019960199,-0.0041734613,-0.06901603,0.24057691,-0.060156018,-0.12494463,0.26750186,0.0077544586,0.14067127,-0.04679764,-0.0224554,-0.10703412,0.19626349,0.1298118,0.08500692,0.12970477,0.03080776,0.060855627
0.088653,0.06689949,-0.2452229,0.103138015,0.016770493,0.21062115,0.09414889,0.13166706,0.19381854,0.038976103,0.080145046,0.054113694,0.09256412,0.0004885602,0.12528291,0.10257691,0.17878751,-0.079558656
0.13530228,-0.044938013,-0.12564169,-0.118238114,-0.04543605,0.05976562,0.12385468,0.1213181,0.26604515,0.21155365,0.04766002,0.31970847,-0.09303756,0.111901894,0.22574514,0.04691391,0.2114048,-0.14975685
0.267978,0.35672,0.21495426,-0.044097677,0.31542268,0.38342163,0.09517896,0.2815214,0.18227974,0.10932121,0.0058534285,0.15260327,0.006609197,0.062601104,0.21126074,-0.0388264,0.13107997,0.0048208935
0.010855995,0.1641202,-0.0134566035,0.24661666,0.059897482,0.10019265,0.21763444,0.19186041,0.18755898,0.023731899,-0.102490105,0.16585095,0.22520715,-0.023769535,0.16551057,0.022383884,0.24535304,-0.024160985
0.35030305,0.013780899,0.036138993,0.16043997,0.023616929,0.13825521,0.10207195,0.17337328,0.3008802,0.085260764,0.13769719,0.060601287,0.32107073,-0.13047811,0.16668582,0.16254593,0.04466869,0.07887147
0.034963775,0.075267054,0.12643223,0.01707592,0.10833101,0.23523173,0.42642522,0.34284097,0.030915478,0.0029189694,0.19992833,-0.059318207,0.36321765,-0.114590004,0.13544215,0.385955,0.13229027,0.35491812
0.07245023,0.25145495,-0.099927396,0.030161977,0.24519655,0.3474489,-0.036351956,0.19701423,0.012627611,0.18155934,-0.16277468,0.16300204,-0.1954296,-0.2409634,0.08497514,-0.16977677,0.2588579,-0.25281963
0.11957359,-0.29127985,-0.31074688,-0.011311548,-0.20459943,-0.09539305,-0.21529198,-0.2611454,-0.11144172,0.044916738,-0.12677845,-0.17569202,-0.11944665,-0.11367528,-0.1963206,-0.16834721,-0.21508527,-0.26191452
0.53809047,-0.059788533,0.13058224,0.1861285,-0.11195784,0.14194176,-0.06499049,-0.029792612,0.13532504,0.12572533,-0.046629835,0.18374947,-0.21675009,0.030869074,0.008254307,-0.11537159,0.039135933,-0.2506798
-0.036647998,0.2985761,-0.046723936,-0.0068766857,0.23967287,0.34523886,0.2301498,0.4729654,0.17702223,0.25216466,-0.11706935,0.22107702,-0.040419836,0.038038075,0.16029848,-0.24119222,0.20770814,-0.12041481
0.1150917,0.35851455,0.12052138,-0.11257364,0.3209076,0.35017663,0.402268,0.3569097,0.093863584,0.1108772,0.062279142,0.18207258,-0.032748695,0.13222808,0.38053524,0.08942059,0.46826118,0.286659
0.019677056,0.31747997,-0.009590787,0.29773557,0.29556012,0.18622586,0.057899572,0.23589127,0.18451622,0.15878585,-0.110725,0.25078517,-0.11798113,-0.053066164,0.0703734,-0.23075289,0.18292122,-0.25522125
0.0070380257,0.22064629,-0.040320408,0.4299245,0.13014714,0.13079688,0.19899096,0.28286505,0.34273058,0.008063087,-0.09477658,0.0835354,0.508227,-0.10478374,0.105037,0.13664255,0.09613142,-0.035027184
-0.060199358,0.29191452,0.07408407,-0.045421258,0.20884722,0.25365466,0.1525472,0.16999206,0.0490573,0.115333736,0.078575976,0.10703237,-0.15393806,0.35570076,0.069912806,-0.21082976,0.06651558,0.1591157
0.07994344,0.18312223,-0.19455379,0.08608325,0.15325704,0.35970414,0.009610182,0.22588229,0.23103407,0.21906051,0.048202187,0.21726343,-0.19560418,0.011718132,0.23766726,-0.1546359,0.28072572,-0.18732506
0.051485237,0.09301092,-0.030122744,0.17517978,0.0071710087,0.20695192,0.12237236,0.19816227,-0.011097053,0.008533221,0.08852719,0.08119506,-0.04411124,-0.1830163,0.102526285,0.253201,0.18156634,-0.10619141
0.2788702,0.45618445,0.27450952,0.019039776,0.48584062,0.3357708,0.47046316,0.3575433,0.08048035,0.075131565,0.15485534,0.030420851,0.11719209,0.10830462,0.34988952,0.5250137,0.35493279,0.36205196
0.04843054,0.19284964,0.049115382,-0.06379037,0.32625526,0.26555973,0.41387647,0.2171753,-0.036467146,0.025480043,0.32087523,-0.035797916,-0.067028135,0.07837962,0.3090747,0.28492686,0.4266663,0.50512075
-0.12041018,-0.24914329,-0.0061440505,-0.042131647,-0.23632449,0.086765885,0.09257748,-0.1883102,-0.17894104,-0.018168647,0.25553775,-0.097035915,-0.30862042,0.34720746,-0.003457631,-0.0459867,-0.077694826,0.05496209
0.031836614,0.10934247,-0.22254309,0.15994284,0.043966565,0.18916869,-0.086048625,0.12084734,0.18633011,0.102892846,0.067266434,0.317608,-0.16274975,-0.015468776,0.0036926102,-0.07647404,0.24321494,-0.108139604
0.08284408,0.29707026,0.23137306,0.22183427,0.2578174,0.18624014,0.4179374,0.35412997,0.11745517,0.031094091,-0.09064026,0.038442392,0.35462648,0.08968055,0.1850133,0.01430004,0.16284333,0.26294577
-0.029652715,0.26438075,-0.14025944,-0.08053734,0.2844745,0.25879377,-0.12047081,0.28000212,0.1349635,0.20062307,-0.08995574,0.16998574,-0.19189072,-0.11675884,0.12047995,-0.31686565,0.17914301,-0.205257
0.15915775,-0.016998924,-0.2445376,0.0016449955,-0.0458904,0.05076459,0.10578488,0.24853054,0.123279326,0.24966788,-0.055820037,0.07305925,-0.22329646,0.1715183,0.21016812,-0.017357998,0.1830867,-0.18494889
0.28181216,0.49015653,0.36514598,0.0023130453,0.4521385,0.33560485,0.21531567,0.21111941,0.3716629,0.069624394,-0.027080268,0.04662296,-0.011387472,0.32776022,0.31342018,0.19810718,0.17217827,0.025120765
0.016598962,0.16308326,-0.1527744,-0.089186236,0.13660374,0.22942793,0.08778422,0.17300016,-0.06227962,0.11061941,0.24130479,0.19810376,-0.1753664,0.07002722,0.12169911,0.02041828,0.21786213,0.027039189
0.058859274,0.33837962,0.14722879,-0.10778384,0.27771997,0.26866993,0.3129131,0.32686338,0.16893962,0.11972526,0.057394385,0.1814121,-0.22119883,0.37078586,0.32826966,-0.059905972,0.35800827,0.18027237
0.09399699,0.12087402,-0.1303401,0.09010933,0.11478791,0.17438364,0.09177351,0.17544454,0.3943333,0.10619661,0.02398802,0.15341206,0.16241083,0.14501481,0.1538532,-0.006641021,0.12895478,-0.07588221
0.2400916,0.37568682,0.22749859,-0.0027099522,0.35333472,0.3295321,0.18772474,0.4024763,0.26697487,0.070749946,0.033666972,0.21997784,0.044553623,-0.008153717,0.31651118,0.098194085,0.39577973,0.10632648
0.44202596,0.08356627,0.4103969,0.2405602,0.010777678,-0.025206268,0.18637791,0.016397234,0.22964656,-0.18679829,-0.0615136,-0.126244,0.39644223,0.108900025,0.021989612,0.038525682,-0.17304659,0.07091451
0.13446379,0.22321096,-0.033723623,0.26371872,0.18723631,0.20481141,0.23046434,0.23086329,0.3474319,-0.021879591,-0.041571572,0.020025032,0.3763978,-0.0046788827,0.07733781,0.14802557,0.08506137,-0.04016125
0.44693533,0.060490277,-0.14887947,0.19302446,0.0944625,0.12103701,-0.094409,0.09649962,0.10152349,0.20829248,-0.025362253,0.12399511,-0.17157295,-0.0491139,0.031621918,-0.11654152,0.06750969,-0.2759934
-0.069665335,0.32304913,-0.075278126,0.14471322,0.19944595,0.30850434,0.15545405,0.4537531,0.3195502,0.2273384,-0.071988106,0.35280818,-0.16574475,0.0005715694,0.31749654,-0.058353305,0.42760867,-0.19851467
0.43582648,-0.09767676,0.30386227,0.21362913,-0.12850763,-0.1381269,0.21649155,0.07706963,0.14797461,-0.0963605,0.0019387044,-0.0876354,0.41171047,0.122317016,0.06320574,0.07659168,-0.11112452,0.18353042
0.12328691,0.17197186,-0.005945632,0.04723557,0.13187706,0.1792583,0.261814,0.23550683,0.24048612,0.19860871,-0.059561647,0.28652745,-0.049569003,0.040637095,0.16828075,-0.03469819,0.31043515,-0.09226964
0.10430086,0.1518934,0.04341822,0.31747854,0.08608928,0.050459605,0.30100694,0.1242751,0.12535553,-0.012384279,-0.10883087,-0.09303301,0.26593858,0.042563997,0.03865063,0.11613764,0.0049517057,-0.039453637
0.12148841,0.1937536,-0.1990835,-0.050281502,0.13457906,0.17169642,0.12524904,0.346593,0.08891925,0.19682786,0.023961209,0.2781167,-0.11366746,-0.17693561,0.14771825,0.09619167,0.30576783,-0.13076226
0.16655423,0.4605443,0.38046688,0.28077126,0.4515435,0.35786176,0.1413787,0.22896919,0.23966646,0.10462779,-0.006355102,0.11351956,0.23875342,0.26090407,0.18841164,0.033642333,0.004630789,0.10385883
-0.038597345,0.25731292,0.1534768,0.17057595,0.13997528,0.31758153,0.15069342,0.4650517,0.11137233,0.18645388,-0.16679011,0.29221886,-0.056155223,0.06339544,0.12572438,-0.19500168,0.26334575,0.0072705476
-0.17445073,-0.3470124,-0.27764076,-0.063582584,-0.36363593,-0.044027716,-0.14261752,-0.14242789,-0.054891743,-0.02456813,0.11051367,-0.06759368,-0.1707914,-0.16720751,-0.096134186,0.10273714,-0.08231166,-0.11420961
0.41121435,0.10551682,-0.112656884,-0.13501683,0.0851147,0.25558752,-0.12015258,0.119702876,0.07902329,0.21901275,-0.056094095,0.1727256,-0.23333779,-0.003514362,0.060781207,-0.2037397,0.13138422,-0.23828095
0.004033468,0.1176046,0.15620784,0.16463998,0.08999038,0.111038625,0.264826,0.17717476,0.16474561,0.02069848,0.28692192,0.22401486,-0.025438908,-0.035325423,0.27721035,0.40663052,0.389761,0.31422478
0.14105234,0.2731939,-0.009327998,-0.10394521,0.28873217,0.300765,0.28394178,0.31817916,0.10511057,0.18382262,0.097881064,0.1221563,-0.058936544,0.1426816,0.19006829,-0.08995935,0.2776196,0.1757319
0.1972169,0.09076085,-0.18775567,0.11326273,0.019000465,0.13108017,0.22080895,0.22675225,0.20175171,0.027373733,-0.0025882944,0.011936199,0.20680666,-0.045402005,0.13572285,0.17329115,0.18091917,-0.03206017
0.46143016,0.17870462,0.34480786,0.17320088,0.14786053,0.2768495,-0.0018345565,0.2008807,0.21077982,0.047284365,-0.112506226,0.104895286,-0.05201748,0.14951766,0.0012575383,-0.14354256,0.018797766,-0.1472528
0.33881086,0.16011554,0.032930452,0.30043703,0.062124446,0.026401263,0.1656537,0.061429374,0.2632758,-0.10624309,-0.046712615,-0.02817557,0.2098001,0.055539794,0.039550196,0.12942794,0.06012426,-0.05690834
0.11946784,0.19661056,-0.1584745,0.11709076,0.18127728,0.2509818,0.13771127,0.107110515,0.16488242,0.17616159,0.18799445,0.2897635,-0.26333946,0.03757301,0.25093466,0.0664216,0.42365646,0.024201803
0.09991807,0.31388217,-0.1192793,-0.001361432,0.2370731,0.3160945,0.33091453,0.37969166,0.06276545,0.15003586,-0.0003104303,0.12423328,0.012170787,-0.068284765,0.25371426,0.13450484,0.35803574,0.0059923884
0.021405546,0.43174475,-0.0007848195,-0.1185627,0.37172508,0.42845792,0.2988245,0.5582907,0.23151699,0.20403662,-0.048463896,0.22297025,0.023886818,-0.022904932,0.34858403,0.04786568,0.43389767,0.071524516
-0.018554436,0.13158157,-0.11392364,0.14895085,0.10949423,0.17247418,0.19802769,0.37431017,0.19855082,0.2063236,-0.06459752,0.32034186,0.0379903,-0.016392305,0.18161616,-0.041588638,0.3377655,-0.030496713
0.10217336,0.23675603,0.42698798,0.23200306,0.18507366,0.064409874,0.35097182,0.25812808,0.2942639,-0.041632272,-0.17714833,0.05399193,0.31952268,0.23490745,0.14999482,-0.11851837,0.05509977,0.13743359
-0.028187554,0.2777112,0.3563363,0.1590034,0.18301217,0.23908226,0.31526393,0.15778816,0.08175237,-0.03171829,0.050601266,0.07285623,-0.09772718,0.41962892,0.28894922,-0.0117328,0.24888179,0.27836394
0.042926304,0.3570122,0.002176704,-0.021629833,0.2386213,0.1762065,0.25156537,0.36410254,0.15624353,0.12417956,-0.11758928,0.16681017,-0.033096932,0.06974908,0.2395811,0.03387045,0.34302214,0.03432533
0.32363695,0.010316933,0.1052047,0.37054598,-0.025050296,0.22376853,0.23322494,0.012004461,-0.10044184,-0.06632454,0.16961187,-0.09985019,0.033858042,0.026895458,-0.027733576,0.3510673,0.032069474,0.10829008
-0.073084906,0.022617579,-0.3741314,0.17817286,-0.043692246,0.10843297,-0.16607696,0.14018477,0.10516228,0.29009902,-0.03982522,0.26014075,-0.31886828,-0.022591531,0.08869454,-0.35561895,0.16036697,-0.35484305
0.20823613,0.26195997,0.052114703,0.17834365,0.1495753,0.18744497,-0.036725733,0.2781145,0.33111894,0.116732314,-0.061552554,0.21596989,-0.09405503,-0.008640267,0.26469815,0.012367804,0.24980521,-0.21791923
0.20799491,0.3172553,0.13009906,-0.12894878,0.31847233,0.32436472,0.11263905,0.32378268,0.08922504,0.16977233,-0.15671138,0.060850233,-0.13021217,0.14036795,0.17237963,-0.21782933,0.15207991,-0.088897705
0.16965377,0.31145445,0.2076732,0.16621038,0.34055942,0.39353347,0.11006984,0.2799207,0.19323793,0.16237667,-0.07422204,0.26702568,-0.073036924,0.06586975,0.20808573,-0.16863385,0.2424024,-0.090892546
-0.09608957,0.26488364,0.13541088,-0.08998982,0.24610545,0.27939212,0.050758034,0.3878872,0.04536576,0.23288402,-0.03375127,0.35379496,-0.11864892,0.004229652,0.07220305,-0.21742213,0.14557739,-0.016636174
0.08599734,0.395185,0.011941033,-0.026039511,0.27441055,0.29900467,0.30857378,0.4044338,0.26086634,0.15175208,-0.10166618,0.20831381,-0.003901699,0.12278364,0.31284368,0.06918252,0.3837095,-0.017913885
0.026997425,0.2923047,-0.07656952,0.09498179,0.23861708,0.28596586,0.29067066,0.29662752,0.03610564,0.16414455,-0.07055108,0.14066261,-0.103385374,-0.034025803,0.17483413,0.04635958,0.28289723,-0.10895943
-0.05134846,0.19536747,-0.20485577,0.09289622,0.2026968,0.25598162,0.053370416,0.20340686,0.10798319,0.28729945,-0.042239025,0.2742836,-0.23947556,-0.2084277,0.16330738,-0.23017527,0.28274864,-0.266527
0.00059063267,0.22317038,-0.0034599404,0.046652466,0.17706183,0.18330377,-0.021727175,0.3465816,0.22468063,0.16255325,-0.1585438,0.2815354,-0.04992941,-0.08940807,0.031549875,-0.25334334,0.16438635,-0.2837957
0.15349787,-0.24856575,-0.24836588,-0.13538378,-0.25733656,0.014889714,-0.18476206,-0.16937496,-0.0701309,0.10893266,-0.15165468,0.025972977,-0.22433138,-0.021403976,-0.15579867,-0.27078715,-0.1385314,-0.3241008
0.2755667,0.2748732,-0.071761996,0.14585365,0.23224509,0.12958154,0.19947754,0.4246511,0.28905502,0.110443115,-0.10167003,0.10615076,0.370882,-0.09184851,0.13596801,0.0036724564,0.14528091,-0.06424245
0.0015012035,0.34104812,-0.07232076,-0.054916102,0.2478555,0.40288094,0.009382836,0.20331812,0.2419255,0.17057401,0.10695602,0.25969386,-0.22955021,0.09840682,0.24999139,-0.12683941,0.26636714,-0.12563881
0.037151143,0.18255998,-0.18037547,-0.0768941,0.06358869,0.25086254,-0.14021559,0.2655078,0.19327992,0.28097516,-0.049302116,0.3525952,-0.17119437,-0.0836502,0.087607905,-0.26128945,0.19478631,-0.18528071
0.1170208,-0.14909735,-0.16643123,0.14301538,-0.13489047,-0.14726388,0.18025589,-0.062009804,0.106648445,-0.11015773,0.105485186,-0.12712811,0.18315491,-0.024388563,0.09034245,0.24249458,0.049753506,0.07377631
0.19285244,0.08164658,-0.102802955,0.0346893,-0.010497652,0.015045927,-0.065910965,0.111534074,0.12365537,0.22540969,0.031354383,0.17987734,-0.17333046,-0.00044266414,-0.027024085,0.023685945,0.00011501089,-0.18243942
-0.020502549,0.09098688,-0.20084208,-0.20917267,0.07261953,0.20324135,0.087072566,0.16950896,0.033584185,0.15489137,0.13067475,0.10701291,-0.16099812,0.25960228,0.07533698,-0.18448421,0.14574912,0.081222355
-0.018002737,0.19210196,-0.2461406,0.08276449,0.17209905,0.2184005,-0.02893949,0.15683258,0.25123253,0.13451311,0.22844292,0.37967885,-0.1765493,-0.059467033,0.19660349,0.10841892,0.38277787,-0.045506
0.122313164,0.35552984,-0.026062442,-0.06869266,0.34809458,0.25451386,0.3369732,0.46035117,0.31699133,0.10072061,-0.08909273,0.058859207,0.32524735,-0.03920746,0.2861932,0.17820162,0.27292666,0.0062170275
0.042106442,0.22920448,-0.10375537,0.014981879,0.23940249,0.3567651,0.31212056,0.47741297,0.098969415,0.19941285,0.009453697,0.16950665,-0.011516314,-0.07825114,0.18142955,0.10416685,0.37309492,0.0010431819
-0.15303719,0.26464966,-0.10392094,-0.20248458,0.2044183,0.28950155,0.0107408725,0.47602972,0.21255328,0.19602773,-0.03580723,0.3502164,-0.12374847,-0.049932983,0.13811967,-0.26751965,0.3205843,-0.01675546
0.06891012,0.38244975,-0.03583253,0.22002782,0.3649145,0.24083441,0.10573788,0.27277157,0.12254237,0.28382516,-0.101713866,0.27065343,-0.14977685,-0.06241207,0.118563786,-0.16745773,0.24026167,-0.18662764
0.13229024,0.29497528,-0.061599538,0.18613087,0.20733961,0.12289179,0.28073227,0.21481735,0.14266855,-0.031343974,-0.07279673,-0.07801832,0.38216454,-0.09603195,0.10250284,0.14596143,0.12444966,0.035995923
0.12066149,0.077537276,-0.06428754,0.27042717,0.00340165,0.06416597,0.26826566,0.33767933,0.15020403,0.0599463,-0.08043407,0.06283175,0.30007964,-0.11201331,0.08262309,-0.0156069305,0.17548314,0.03187009
0.0966427,0.32654166,0.18250081,0.12510747,0.29988396,0.3804258,0.16160086,0.3066498,0.15594459,0.22414821,-0.114668384,0.26226318,-0.16478556,0.15836616,0.20235842,-0.2843392,0.21438104,-0.12744868
0.19066565,0.35444298,0.10361191,-0.08819628,0.34613085,0.26382643,0.21619414,0.30388486,0.35737246,0.0520494,0.012559309,0.045743726,0.06464978,0.27591348,0.29975694,0.06714587,0.26290244,0.042443074
0.09699389,0.27571833,0.22671959,0.12968142,0.24751776,0.16405138,0.21081668,0.13156721,0.296467,0.0062568965,0.15600204,0.15170121,-0.07860762,0.2917016,0.27208036,0.13026619,0.27413207,0.211977
0.0023003612,0.1986363,0.07743831,-0.059121326,0.17451602,0.35572115,0.42771393,0.43585247,0.18135127,0.16126247,0.09077282,0.1048291,-0.09375049,0.16772732,0.39596158,0.19024765,0.4231761,0.20275125
0.35527474,-0.072589815,-0.0037676017,0.25377452,-0.11531082,-0.15216145,0.2119247,-0.016517337,0.17401648,-0.13003889,-0.09162666,-0.23670913,0.34002596,-0.06722559,-0.042114805,0.16347101,-0.14757474,-0.064676404
0.14026052,-0.055398125,0.026900597,0.20052603,-0.062280666,0.048620924,0.13093537,0.11473985,0.29154044,-0.04992631,-0.035902154,0.039681908,0.2051212,0.036782347,0.10914709,0.14956567,0.11092748,-0.04140562
0.45432758,-0.17382763,0.060102254,0.29041243,-0.16667627,-0.13875616,0.20406413,-0.06516586,0.0670402,-0.16482432,0.07787858,-0.20733652,0.24786434,-0.23770918,0.058345653,0.41481173,0.00452821,0.12401694
0.021834292,0.34758833,0.098454,0.103793025,0.2416125,0.32972926,0.26600426,0.4606478,0.18244895,0.21269464,-0.15936343,0.37288293,-0.05865047,0.08930956,0.23770571,-0.11839033,0.38733497,-0.027853513
0.13990192,0.20229103,-0.116079465,-0.089605734,0.19362861,0.2623974,0.053607993,0.4792876,0.23596406,0.17953569,-0.13202994,0.13982296,-0.020093769,-0.14694652,0.18217313,-0.10273747,0.25708133,-0.1792095
0.3953391,-0.15729111,0.049506865,-0.01979595,-0.16895878,-0.057963043,0.059305955,-0.059677802,0.018789655,0.019185692,0.055240296,-0.05023771,-0.11981462,0.12516737,-0.0012286939,0.19442642,-0.08103305,-0.1091818
0.05729827,-0.034480933,-0.039626583,0.040984433,-0.13202412,0.0754877,-0.22035989,-0.0012490014,0.08764347,0.0963739,-0.12560065,0.19349678,-0.261065,0.06810781,-0.26983464,-0.2744593,-0.1618906,-0.34440213
0.31329057,-0.06617895,-0.28755474,0.08162396,-0.13265729,0.07611459,-0.13784227,0.16997543,-0.07208093,0.2589745,-0.13823617,0.21751148,-0.13635454,-0.24741812,-0.07079289,-0.22984117,0.07157573,-0.2862736
-0.08461722,-0.047360808,-0.2959118,0.09861608,0.0024010204,0.20717198,-0.02937982,0.09340055,0.09757317,0.27726787,0.0076871812,0.2529344,-0.28616995,-0.14539224,0.16170245,-0.23540035,0.22491795,-0.2744856
0.38925618,0.08662368,-0.067050844,0.2138786,0.02009135,0.11922602,0.06640751,0.07711494,0.17855948,0.059683427,0.049475953,0.11870851,-0.08217359,-0.079743735,0.05579671,0.1561465,0.19307719,-0.09093812
0.09258702,0.14097139,-0.1808107,0.081290856,0.07081009,0.22116813,-0.017937388,0.37679952,0.13275993,0.2469013,-0.14092891,0.31986254,-0.12194687,-0.19570668,0.11306155,-0.20882738,0.27492106,-0.23306748
0.12394021,0.28736913,-0.13067894,0.05117383,0.20646974,0.14413966,0.066897534,0.23271058,0.25788617,0.04391239,-0.10657394,0.06982376,0.11980141,-0.014290159,0.020120228,-0.016716281,0.13121088,-0.1798822
0.08539012,0.40352315,0.009039337,0.07184379,0.34570187,0.1852518,0.24004006,0.44561327,0.31577712,0.13509172,-0.12747982,0.25673243,0.28545022,-0.056447815,0.2897937,0.07720941,0.3646429,0.016822927
0.069254115,0.3565955,-0.039018277,-0.08031933,0.22621901,0.3371607,0.11973009,0.47867745,0.17467779,0.21843188,-0.09119059,0.34120816,-0.033021837,-0.05943486,0.20038381,-0.070186704,0.33381993,-0.04633438
0.41113144,0.2505117,0.29823464,-0.043813787,0.239348,0.31977034,0.27791232,0.3130526,0.25499257,0.039592758,0.08903977,0.14758427,-0.06964384,0.1293383,0.37434566,0.20025072,0.3967679,0.12506054
0.09228739,0.2326138,-0.05086983,-0.081489764,0.25059694,0.20813906,0.14843771,0.23777533,0.028890043,0.19840518,0.16437364,0.18127,-0.2277976,0.14468822,0.21073905,-0.21104436,0.3103043,0.23457485
0.008394268,-0.43774062,-0.2364987,0.032559384,-0.4095468,-0.12141464,-0.15584117,-0.17052902,-0.13604906,0.15156001,0.057837777,0.19840658,-0.17034113,-0.24747661,0.0640987,-0.19551554,-0.021493752,-0.192569
0.17206153,0.12929374,0.06977832,0.27343976,0.08289893,-0.04122252,0.13949153,0.16816512,0.4441132,-0.11870774,-0.054246083,-0.07193533,0.43133745,-0.03176547,0.123413436,0.2331987,0.039417468,0.048830144
0.30798927,0.09963236,-0.19657868,0.04745938,0.068645865,0.20680353,-0.08919438,0.19503957,0.17670727,0.17670739,0.015820809,0.15868968,-0.14026672,0.089110166,0.14112538,-0.16851495,0.1407022,-0.15740688
0.309313,-0.001566818,0.08651342,0.111081444,0.06714886,0.019487314,-0.22743568,0.049771894,0.12757722,0.10774534,0.04099488,0.17513555,-0.16700377,-0.14217041,-0.105062604,-0.08204878,0.018521886,-0.1064766
-0.072964385,-0.016560603,-0.27789706,0.023751147,-0.041898187,0.112768546,0.2153109,0.19354063,0.06726561,0.1814803,0.048467435,0.17349252,-0.15928684,-0.059664927,0.16450842,0.026413463,0.28676963,-0.11264709
0.04106152,0.27814692,-0.1730956,-0.06278346,0.19130394,0.3204934,0.21513638,0.4157564,0.35490906,0.16619769,-0.009249781,0.12300456,-0.17620525,0.18928981,0.31763065,0.027202576,0.33776352,-0.21104641
0.01926055,-0.06363256,-0.1576756,0.15940417,-0.0868378,0.03831068,0.05380381,0.10850854,0.25623977,0.096514255,0.0636138,0.15798827,0.15965137,0.026043674,0.062487528,0.08519991,0.08244662,-0.064254686
0.21694651,0.27770987,0.05522743,-0.22694695,0.25528583,0.19514352,0.05351202,0.257407,0.048279516,0.15308315,0.00652428,0.1825856,-0.17478758,0.20689237,0.0851758,-0.21085837,0.12949705,0.01464267
0.033730797,0.20115635,-0.0012102621,0.06731756,0.09544535,0.19182563,-0.064177275,0.31139603,0.23368719,0.13070467,-0.14546044,0.29450762,-0.17302996,0.04802172,0.010031866,-0.19975036,0.18758464,-0.22108011
0.1519059,0.053327758,-0.24182329,-0.16042238,0.050383694,0.28590262,-0.1268384,0.25651202,0.12552673,0.29681316,-0.093098044,0.25559026,-0.19220227,-0.1919232,0.050306156,-0.26448375,0.18900862,-0.31808722
0.053653985,0.31715235,-0.07525322,0.13706437,0.24693258,0.21155396,-0.0074041123,0.20768999,0.2989529,0.11137894,-0.04430659,0.2900606,-0.050455905,0.0068652695,0.15024427,-0.010647181,0.27061915,-0.19389929
0.10079095,0.2938917,0.2265603,-0.030014753,0.36378753,0.19472262,0.30201858,0.20991954,0.03542854,0.08815495,0.2052116,0.092045605,-0.17252761,0.25764215,0.3422938,0.066924974,0.40113705,0.46658832
-0.16388182,-0.07228077,-0.3289941,-0.0688685,-0.18327433,0.18853769,-0.13025722,0.21964717,0.103587896,0.20637098,-0.16967298,0.20804158,-0.1817092,-0.044771016,-0.043643393,-0.38021195,0.047566615,-0.32225358
0.39163762,0.24914166,0.3502319,0.0002965225,0.15980747,0.27972573,0.23874047,0.31586355,0.30297446,-0.008788308,-0.06181544,0.09157774,0.3787463,0.24333525,0.13389724,0.031720817,0.010001698,0.06715829
0.08210404,0.4120337,0.07152025,0.020610634,0.3473724,0.26954958,0.19984278,0.45779085,0.11644713,0.16621974,-0.08239871,0.15700017,-0.009866953,0.010082968,0.2601915,-0.07250887,0.29345194,0.05619206
0.42683455,0.19867921,0.036916673,0.0031888364,0.17339313,-0.043164466,0.2862855,0.21772301,0.16238259,-0.093896076,-0.018166408,-0.17728734,0.44595265,-0.17239088,0.15972793,0.34865075,0.09928092,0.16267574
-0.1080739,-0.062513195,-0.3833016,-0.036639735,-0.1073076,0.107053645,-0.2546015,-0.019358449,0.0541325,0.21916047,0.11053151,0.21814081,-0.24606171,-0.19912665,0.07377878,-0.24179152,0.071290344,-0.27514422
0.19894257,0.21514122,-0.103588045,-0.099066265,0.26426923,0.20647176,0.10343105,0.30004308,0.23231953,0.22331004,0.12251662,0.15376836,-0.10710219,-0.0029017725,0.19810173,-0.0053882888,0.22323087,-0.06904459
0.15042433,0.38949466,-0.10947681,-0.16766945,0.40626568,0.27783078,0.18684265,0.40200323,0.30970192,0.19851995,-0.08989683,0.21922109,-0.053785793,0.022252336,0.25333023,-0.044821378,0.3596338,-0.15989494
0.13077262,0.12115535,-0.06280722,0.04350061,0.05648768,0.15753151,0.21081854,0.2539913,0.19463137,0.08051432,-0.0042493353,0.061461575,-0.029036036,0.1894857,0.1302314,0.045978032,0.18912876,0.007960457
0.058336906,-0.2287001,-0.20025009,-0.2024718,-0.21320179,0.010958035,0.15125875,0.20112357,0.08069487,0.05043826,0.098492876,0.012018314,0.056244127,-0.06454595,0.23752084,0.13469742,0.18582967,0.0554443
-0.12470166,-0.077354155,-0.2935694,0.015028387,-0.11851251,0.014119649,-0.118353665,0.045610514,0.07571257,0.10668389,0.030277796,0.21031944,-0.2402761,-0.10258335,-0.10513283,0.054720446,0.06624271,-0.28818205
0.106527366,0.21370581,0.10850891,0.16289058,0.14357845,0.07006109,0.37689883,0.35413077,0.15106338,0.029888181,-0.15667851,-0.0007740157,0.2828613,-0.12244404,0.19138533,0.14966947,0.24630839,0.05904412
0.034764037,0.1910772,-0.027186384,0.0071999207,0.17280461,0.16620009,-0.0029600095,0.28504622,0.3425672,0.08208068,0.11147826,0.23743367,0.3157248,0.023188494,0.12099241,0.07244848,0.109187946,-0.010262864
0.19998041,0.19794612,0.13112152,-0.032260727,0.2927873,0.25690788,0.3738286,0.18300354,-0.096048266,-0.05518059,0.29133147,-0.12678038,0.12860452,-0.0043388307,0.123288944,0.28906882,0.18983553,0.48668948
0.02135299,0.20702274,-0.03076065,0.03231381,0.24098036,0.19332847,0.17070216,0.3399302,-0.0147191,0.16007014,0.20127964,0.07535374,-0.12962121,0.18378273,0.26950628,-0.05806213,0.25264567,0.24604407
0.14736566,0.37329835,0.036868244,0.08689353,0.30626988,0.3583234,0.2478672,0.45565563,0.1726087,0.22210017,-0.12950754,0.3322956,-0.056620225,0.0799876,0.2369188,-0.10198846,0.37418625,-0.039277714
0.48060882,0.10950558,0.22666673,0.009653244,0.034848582,0.27191326,-0.0017491142,0.13202323,0.11567262,0.12906495,-0.04635569,0.15393941,-0.20056905,0.3095968,0.07835142,-0.18859196,0.035058625,-0.087273285
0.123998255,0.030327953,0.12637463,0.33934546,0.030453775,0.016249534,0.29123825,0.20217335,0.3332808,-0.012599956,-0.0032139588,0.11713103,0.34253317,-0.05369146,0.23671915,0.1200348,0.17838547,0.06375457
0.40136528,-0.28892016,-0.24751745,-0.02165009,-0.23249048,-0.04415784,0.04438442,0.007177878,-0.001673168,0.12273478,0.19334307,0.15588954,-0.07134059,-0.18541269,0.12790728,0.062352832,0.14193627,-0.010217602
-0.033131383,0.24143115,0.24122229,0.11727716,0.24823813,0.2532543,0.18355985,0.2782148,0.097662725,0.10230688,0.23191532,0.15323976,-0.14768904,0.18132278,0.07148838,0.07373603,0.12526222,0.1114623
-0.0039297547,0.35652262,0.041423127,-0.09331981,0.32219696,0.36537558,0.15764984,0.51297593,0.30424798,0.21343186,0.0072583295,0.49166527,0.09439308,-0.049029738,0.23267955,-0.13315007,0.4153366,0.0311075
0.049414534,0.2707016,-0.046468876,-0.1464837,0.23718289,0.21425825,0.07228862,0.3464803,0.25169554,0.14768259,0.017075889,0.2435915,-0.18920931,0.117183805,0.2597214,-0.09307468,0.3074934,-0.10838302
0.12986952,0.24259692,-0.05088592,-0.041706435,0.21445386,0.15581354,0.22848257,0.34752446,0.088274464,0.13234892,-0.024769813,-0.036289703,-0.11666627,-0.017331153,0.12218617,0.17361842,0.17149432,-0.07754734
-0.01461757,-0.33090284,-0.40716302,0.07311641,-0.34249562,-0.065963216,-0.21880144,-0.12395348,-0.08492644,0.20084804,0.080241606,0.16734141,-0.23319215,-0.14936644,-0.084880516,-0.32311994,-0.09906496,-0.2299059
0.34413373,0.16587788,0.3458161,0.41193664,0.10881221,0.17507969,0.18145776,0.2500517,0.3399613,-0.0025575608,-0.15668142,0.10286729,0.35803026,0.11560842,0.06656842,-0.067396075,-0.020329673,0.004147522
0.007948797,0.4313445,0.07596586,-0.22724509,0.39860183,0.339809,0.21638262,0.44676945,0.26099402,0.20974462,-0.04051483,0.2751915,-0.12952745,0.10693784,0.34214878,-0.13805252,0.3815833,0.05221161
0.040574387,0.46667427,0.40169406,0.17004865,0.37948033,0.15580755,0.335402,0.23115249,0.29442194,-0.046087123,0.05494351,-0.07191843,0.5429084,0.12953267,0.2502591,0.29940778,-0.006730469,0.3209424
0.34798113,0.2752183,-0.06820335,0.23019803,0.21723235,0.2213851,0.18057227,0.189046,0.13868853,0.076769374,-0.054557312,-0.054619905,0.27946153,-0.09988256,0.059862707,0.1712049,0.045452733,-0.111721076
0.22994459,0.40050015,0.19839993,0.20307297,0.30131567,0.24697569,0.06093412,0.32226354,0.28059614,0.04668028,-0.09768225,0.15804484,0.32832676,-0.13479973,0.19635528,0.086749986,0.15826696,-0.0147225
0.21333814,-0.0717553,0.09761343,0.3685498,-0.07764975,-0.0122455675,0.21470992,0.15465623,0.24276085,0.08985761,-0.038061053,-0.023521997,0.4409914,0.07420947,0.08659932,0.08920839,-0.14193052,0.070239626
-0.104372546,-0.3646642,-0.13495672,-0.09276943,-0.4149022,-0.22751577,-0.37497395,-0.2910821,-0.18828517,0.06845854,0.057926953,0.029215526,-0.16078028,-0.11037838,-0.34744594,-0.21592547,-0.44239372,-0.18170817
0.20162715,0.033342794,-0.052058432,0.4187166,-0.049792804,0.014535775,0.25195393,-0.08362049,0.06808764,-0.10543154,-0.04952298,-0.1418589,0.21854399,-0.041656952,-0.03732801,0.17205434,-0.016493201,-0.055718053
0.1667566,-0.15808414,-0.23431167,-0.14257978,-0.05479841,0.023548108,-0.2304367,-0.023857806,0.09786214,0.12724991,-0.1061194,-0.0035646562,-0.12374962,0.004773228,-0.16682541,-0.28157678,-0.19090217,-0.25961447
0.09209425,0.39626902,0.0062637962,-0.023203349,0.26788473,0.3758787,0.2514595,0.49047473,0.14904119,0.13895613,-0.11831829,0.15009439,0.057404187,-0.08624233,0.31866226,0.05352209,0.40551853,0.0128807165
0.13760632,-0.2468775,-0.19458614,-0.03758032,-0.21288653,-0.061634302,0.2576254,-0.033644017,-0.15871468,0.018831775,0.12906069,-0.08675544,-0.07321431,-0.024995575,0.19943243,0.19117546,0.21149689,0.10831112
0.1054358,0.25774196,0.13037005,0.103215076,0.1673103,0.24746542,0.14271158,0.21129608,0.35293007,0.065996155,-0.0022289068,0.20971587,-0.116544686,0.13037124,0.34517112,0.019441864,0.29682693,-0.11830357
0.19153973,0.27345276,0.2316404,0.19387491,0.2768163,0.28489375,0.09524576,0.2652816,0.37354016,0.14784952,-0.092533596,0.24561268,-0.0053888205,0.04464374,0.12185548,-0.16520602,0.14404355,-0.19365206
0.123297386,0.2541941,0.20417438,0.18580538,0.25885582,0.3531588,0.22300053,0.255101,0.12049063,0.20552416,-0.097782575,0.17743143,-0.17100033,0.15995133,0.22968593,-0.18880971,0.19122754,-0.10785772
0.01386052,0.11408898,-0.19413331,-0.1058617,0.10678734,0.2721098,0.16770625,0.42254475,0.2977646,0.18142337,-0.05301492,0.22541454,-0.022866322,-0.05035438,0.29047984,-0.110574245,0.42586768,-0.07068206
0.27938238,0.0731457,0.15625952,0.11060111,0.114855334,-0.04473735,0.36881852,0.103972554,-0.02078809,-0.17646442,0.10651943,-0.2521135,0.49043202,-0.15605795,0.071332276,0.35867983,0.008591117,0.36391276
0.06331049,0.19955549,-0.12175934,0.03582811,0.19157235,0.13805264,0.16486791,0.312501,0.06983553,0.19442955,0.043914452,0.1395697,-0.14262795,0.029785959,0.19094925,0.02283208,0.24210009,-0.030765738
0.20763828,0.16188455,-0.11681557,-0.17172357,0.19826992,0.12177786,-0.013799435,0.28183153,0.3345632,0.23320895,0.0474033,0.2012932,-0.13076937,0.15997413,0.14361048,-0.050794937,0.13038129,-0.19771466
-0.0152621865,0.38465774,0.12057172,0.094825216,0.29877815,0.23968613,0.3501033,0.4218157,0.24550906,0.06553094,-0.15999979,0.16929221,0.35587525,0.08535655,0.24497795,0.08660632,0.27369943,0.1144222
-0.20378712,-0.3023873,-0.3105119,-0.1291156,-0.31240615,0.058834568,-0.07048535,-0.25557727,-0.13336715,0.124928825,-0.06668458,-0.056012683,-0.25301418,-0.06559172,0.0029323963,-0.24188891,-0.113444045,-0.23887727
0.32931638,0.1553176,0.029584369,0.37667805,0.06508885,0.128871,0.2434685,0.051342577,0.26364088,-0.0465258,-0.00830641,0.0149505455,0.2705408,0.098003626,0.11236466,0.16366084,0.09253889,-0.019340854
-0.06581049,-0.0628221,-0.24326202,0.11816503,-0.081252255,0.056411363,-0.3539458,-0.17355876,-0.046547715,0.08863909,0.02315044,0.098877296,-0.20381859,-0.20841119,-0.16334683,-0.25259736,-0.14237444,-0.3480336
0.4132279,0.0059847627,0.16915184,0.4302134,0.013631804,-0.021513905,0.25866592,0.017650837,0.2900476,-0.106287904,0.03254983,0.05220644,0.30244762,0.020879645,0.14775549,0.28383592,0.13381395,0.07018825
-0.009176169,0.39399904,-0.03638635,0.026350804,0.3209321,0.27596796,0.25668448,0.36789036,0.15021858,0.17109635,-0.07843824,0.1169751,-0.055423666,-0.1260233,0.2146715,0.18701333,0.3242278,-0.11650564
0.066854656,0.0038820598,-0.064440444,0.37677887,-0.08191581,-0.056706898,0.18748231,0.033705693,0.23142853,-0.097710505,-0.06396314,-0.06070643,0.26783013,0.088591166,0.014902013,0.06834405,-0.0032260958,-0.022452526
-0.09391551,0.15512131,-0.28033596,-0.030586127,0.058704548,0.21215366,0.12178585,0.40510085,0.30223852,0.25084907,-0.059831902,0.27853447,-0.15820825,-0.073280685,0.3631922,0.019971974,0.46661153,-0.16998753
0.048616953,0.25766692,-0.0550559,0.30911586,0.24446744,0.20857362,0.11351168,0.24944401,0.28035903,0.0498495,-0.082883656,0.15194058,0.27296573,-0.20226192,0.10166608,0.031099033,0.18728408,-0.13721345
-0.018244453,-0.05615449,-0.12236422,0.18722345,-0.1263448,-0.034740675,0.15412393,0.08698009,0.20985672,0.022815878,0.042066395,0.103933856,0.3113395,0.05628826,0.069630295,0.09180636,0.02926984,0.021448813
-0.05117218,0.21057507,-0.06412016,-0.044380922,0.23762736,0.23005387,0.042922765,0.21171692,-0.049503583,0.29029363,-0.06909041,0.15397514,-0.2103746,-0.16610649,0.12351991,-0.25597852,0.18853056,-0.14194612
0.36116642,0.15029928,0.3935871,-0.030517489,0.10823288,0.29654092,0.15287948,0.13020371,0.04652425,-0.06779363,0.10739465,-0.0067442404,-0.13594759,0.25390732,0.11692702,0.072380185,0.10432155,0.1371318
0.43145448,0.22154556,0.16464287,-0.052737765,0.15412636,0.13958955,0.33866027,0.35181507,0.10401406,0.03799548,-0.06375113,-0.059795942,0.12664814,0.057442114,0.18906537,0.25612506,0.16445586,0.082445204
0.08591312,0.28464156,0.025859658,0.123779014,0.20995724,0.39467943,0.0657525,0.30567724,0.1928708,0.10289821,-0.013903296,0.23572126,0.20573175,-0.09134623,0.11787255,-0.0904124,0.1930978,-0.049772307
0.1153855,0.3205514,0.0957014,0.1281797,0.27203628,0.2332513,0.2945673,0.383544,0.2528023,0.0712159,-0.062225454,0.23314151,0.33505774,0.07336551,0.24268314,0.08580537,0.32084906,0.19457945
0.21327296,0.14408413,0.22314034,0.40743092,0.0916996,-0.16373307,0.18636763,-0.01902904,0.41619712,-0.08044837,-0.0199951,-0.04308833,0.4695025,0.11640197,0.042707838,0.16331235,-0.16278994,0.11340463
0.14973593,-0.049108606,0.050066583,0.15784347,0.021720462,0.2762696,0.19859608,-0.115012236,0.10925846,-0.1844287,0.3912691,-0.14889686,0.20144245,-0.027643021,0.0929206,0.5259026,0.10008204,0.28016686
0.09488514,0.27850017,-0.21654479,-0.031785294,0.18215735,0.28017217,0.19444817,0.4164887,0.27470553,0.27689308,-0.0893061,0.34034836,-0.09658873,-0.017142545,0.2929545,-0.080351785,0.40254748,-0.19511971
0.037003823,0.36665237,-0.0703017,-0.012426604,0.34809315,0.28405464,0.19410533,0.41198927,0.35664868,0.16897076,-0.065927215,0.2913852,0.007062572,-0.013213873,0.3329501,0.027626283,0.3967511,-0.21126437
0.36769068,-0.01806547,0.39784658,0.3183043,-0.031997606,0.08544679,0.3128298,0.012906559,0.06339635,-0.18651292,0.08268795,-0.09713936,0.40971857,0.07825592,0.056586247,0.29404363,-0.03835303,0.26310223
0.07425098,0.3559553,-0.00870473,-0.11231642,0.2397333,0.23566285,0.26453075,0.38791856,0.19164774,0.107811004,-0.05522804,0.17571604,-0.0777155,0.13124341,0.2727519,0.051286176,0.3858578,0.053962477
0.01713914,0.34566957,-0.12826714,-0.13625062,0.2489033,0.37723094,0.13957211,0.5103667,0.3284982,0.19001806,-0.09225024,0.2402464,-0.087556176,0.16646722,0.26629317,-0.046370618,0.3528788,-0.13305251
0.15514523,0.34121323,0.015088808,-0.15626714,0.34508517,0.3063445,0.2911736,0.36287832,0.18573204,0.16804121,0.05150304,0.2649122,-0.0674189,0.10237262,0.36015794,0.013827031,0.49705297,0.21422285
0.32744324,0.3556377,0.03894963,0.06557912,0.3054462,0.1280912,0.26138908,0.32622886,0.27028242,0.028422877,-0.064812586,0.07642208,0.4274224,-0.061680164,0.22148627,0.06244789,0.21828546,0.082799666
0.14306754,-0.115020156,-0.11189672,-0.052740578,-0.07277976,0.03395176,0.016202223,0.0960069,0.3205051,0.07486714,0.03890387,0.18160921,0.036411025,-0.028893303,0.19716582,0.091894224,0.20918378,-0.1255925
0.42897236,-0.25797826,-0.33986676,-0.016850946,-0.22123489,-0.12943308,-0.042188168,-0.07152289,-0.13922349,0.11176044,0.12270563,-0.00071635144,-0.15690371,-0.20693313,0.02427235,-0.015439702,0.029083129,-0.11334216
0.039857276,-0.063717864,-0.25560856,-0.0247847,-0.060976237,0.075775124,-0.04555767,0.20690468,0.18086547,0.18266807,-0.05395735,0.16309263,-0.11325517,-0.10838778,0.20457792,-0.16359463,0.20734325,-0.22743662
0.28614497,-0.27123508,0.016612733,-0.11240357,-0.20501038,0.044599712,0.1463441,-0.19263771,-0.06180548,-0.1591514,0.3199215,-0.1867015,0.014763263,0.049886428,0.12914129,0.3597154,0.04229608,0.262281
0.2689935,-0.12695736,0.1044129,0.32201567,-0.18331432,0.040119972,0.28865752,0.021438055,0.039224777,-0.06342427,0.102583095,-0.010631526,0.3703825,0.054292183,0.082166195,0.12569779,-0.027693566,0.24767229
-0.096664816,0.3224187,-0.10466751,-0.09212418,0.1712319,0.36172825,0.015056904,0.3870405,0.15351519,0.21432894,-0.080586836,0.4128056,-0.15643232,-0.014071217,0.20068069,-0.15743935,0.35515594,-0.1516113
0.06688216,0.1306425,0.1716646,0.017522793,0.19715573,0.344802,0.3602633,0.11215081,-0.04828824,0.061092395,0.32500118,0.094847046,-0.20234351,0.21278459,0.2356607,0.0886094,0.37546474,0.4588724
-0.06520631,0.20796502,-0.09903966,0.017512225,0.10910216,0.19258815,-0.006370412,0.39965647,0.2181431,0.20139138,-0.08932862,0.23599315,-0.13417105,0.099039465,0.21448863,-0.24845766,0.19558321,-0.16955173
-0.025631035,0.13421403,-0.29334942,0.005708473,0.091986865,0.16256465,0.2005108,0.38624617,0.10951635,0.20889722,0.015633777,0.24827468,-0.07754122,-0.071704924,0.2607885,-0.0034609092,0.4115154,-0.09558941
0.24528159,0.13276118,-0.020483736,-0.11444798,0.17407241,0.27699754,0.15130785,0.14974037,0.19921878,0.062441066,0.1565248,0.16274397,-0.02066893,-0.019778352,0.2257176,0.08054717,0.2954948,-0.0026390697
0.034311414,-0.03899461,-0.33973074,0.051643483,-0.07434015,0.19569205,-0.21447355,0.05105676,0.03043186,0.2711326,-0.010868328,0.40599585,-0.18764357,-0.4071574,0.014714905,-0.14776108,0.22905087,-0.36680228
0.09507266,-0.0023167282,-0.26968107,-0.22758661,0.027833723,0.25643417,0.015474519,0.28082982,-0.038418975,0.3029904,-0.08039292,0.25629807,-0.12870386,-0.057693146,0.07486915,-0.28590354,0.20849639,-0.11479662
0.0075058034,0.01220466,-0.25614575,0.08177237,-0.088574454,0.12774116,-0.17982599,0.15989117,0.08257374,0.2156238,-0.03518238,0.22800973,-0.15042865,-0.18526207,-0.08735226,-0.24999419,0.045258682,-0.2615782
0.0820059,0.23237401,-0.15687333,-0.12894814,0.13128579,0.32850444,0.07399139,0.4743401,0.20779455,0.20042764,-0.1211241,0.1321581,-0.12834892,0.07826197,0.20067154,-0.030517997,0.23797244,-0.25139946
0.06283072,0.28463465,-0.10259683,0.15891805,0.30390722,0.20009086,0.022227276,0.22028106,0.04867162,0.23168012,-0.089832075,0.24093457,-0.1282689,-0.2101413,0.1140448,-0.16613698,0.24828866,-0.1842027
0.04394292,0.028278746,-0.23981662,0.14807619,0.034099426,0.090455174,0.26175123,0.07661213,-0.051136598,0.017180385,0.17976125,-0.010011967,0.011117906,-0.05007779,0.14080413,0.26269528,0.24870381,0.13880607
0.25220865,-0.006342831,0.15917906,0.47307533,0.020212438,-0.03446197,0.26802126,-0.03191923,0.15208748,-0.13593283,0.073810525,-0.04358402,0.24320558,0.008718446,0.06930361,0.2836992,0.11433178,0.15286343
0.07267348,-0.014595289,-0.1397938,0.061920393,-0.042165194,0.11903215,0.040841505,0.18141893,0.21508455,0.16798219,-0.03584084,0.34664467,-0.16324574,-0.07624877,0.13270386,-0.050197065,0.3200909,-0.22490185
-0.019621748,0.049657144,-0.16135299,0.045060553,0.0050979643,0.084655896,0.22486776,0.34673837,0.1279358,0.20511004,-0.045579456,0.31532,-0.06041328,-0.030829517,0.21672587,-0.09165149,0.38856298,-0.01817017
-0.007005101,-0.28028452,-0.40318084,-0.169271,-0.322298,-0.0029517096,-0.3871994,-0.17588109,-0.13793698,0.03767733,-0.16888827,-0.09251379,-0.19306904,-0.1615963,-0.32706955,-0.35396373,-0.26086736,-0.37153697
0.15947655,0.27289802,0.3545974,0.36281782,0.2062383,0.004880443,0.3174942,0.11466784,0.3275717,-0.18421865,-0.11468793,-0.13857043,0.50247645,0.03465417,0.14156356,0.14303865,0.0049679824,0.16671002
0.12718207,0.057233565,-0.20048383,0.11843492,0.010962953,0.123670965,0.024833875,0.07295494,0.06960746,0.12624453,0.19694954,0.137051,-0.17314917,-0.011643085,0.21358573,0.11220174,0.20502675,-0.028928883
0.10831061,0.31202036,-0.0076568183,0.105648905,0.27808955,0.27630377,0.2847649,0.21151003,0.17314282,0.08150041,0.009328582,-0.061288834,0.3064382,-0.027551334,0.15759803,0.26994216,0.07926765,-0.0027348362
-0.14015241,0.3194181,0.28044164,-0.083335385,0.29057074,0.36008662,0.17732042,0.16332653,0.055182774,0.08364977,0.025607137,0.07108073,-0.16950077,0.52353173,0.124807656,-0.19117814,-0.0027288217,0.039206266
0.12211459,0.14080377,-0.1382155,0.024683766,0.13270456,0.18388748,0.34432256,0.22428706,0.08503138,0.047113262,0.028105091,-0.038970288,0.15434831,-0.09595074,0.19520584,0.268463,0.24042237,0.05983458
0.02991946,0.096411064,0.018866584,0.22905673,0.042431504,0.16642271,0.260682,0.27696094,0.3304456,0.14836214,-0.035937507,0.241006,-0.08359189,0.18069568,0.30775216,-0.009520396,0.36771432,-0.081356935
0.4622097,0.12159088,-0.024591548,-0.10678144,0.09032193,0.12937179,0.10891583,0.193838,0.18592133,0.024843875,0.023293458,0.07346623,0.045524582,-0.04801509,0.21436308,0.20532799,0.24340142,-0.061187617
0.015041672,0.16477859,-0.03254144,0.3338607,0.08830178,-0.039663255,0.1624985,0.05522134,0.13407883,-0.07876297,-0.104025215,-0.12976974,0.3696854,-0.029190198,-0.049827192,0.053429037,-0.07215096,-0.027302874
0.36015588,0.043298967,-0.1544385,0.060685612,0.07578758,0.30763394,0.10545057,0.2333073,-0.0074505685,0.07935391,0.26453805,0.044272322,-0.22029129,-0.09412681,0.07566893,0.15614371,0.2634016,0.03468486
-0.049324654,0.17533565,-0.1714545,-0.08101702,0.16876611,0.16372763,0.27369303,0.41854036,0.04406945,0.19824171,-0.04273603,0.17651804,-0.09178643,-0.1896059,0.19154797,0.14198425,0.3425548,-0.078131706
0.3263713,-0.24797109,-0.10879745,0.24624479,-0.20547122,0.010301861,0.15627843,-0.053657122,0.15564764,0.09233835,0.036468618,0.045020513,-0.015913159,-0.123999774,0.16775052,0.1702294,0.11460167,-0.15361226
0.45492107,0.3015682,0.14749676,-0.081989765,0.27045935,0.31956664,0.21588594,0.4807378,0.30612668,0.17039263,-0.041961495,0.21066913,-0.043478355,0.061638582,0.2606062,-0.009302612,0.3658894,0.013434745
-0.022707392,0.15855992,-0.19336116,-0.14421873,0.12338908,0.2780518,0.007893084,0.09601732,0.004420229,0.050197855,0.23235008,-0.046166625,-0.1401271,0.1114606,0.085903734,0.15853909,0.075618565,-0.028263412
-0.15949239,-0.2689649,-0.30199862,0.058263466,-0.3165896,0.028071314,-0.032349464,-0.1487001,-0.071059465,0.21439466,-0.02784115,0.0730976,-0.26544094,-0.055113886,-0.010533843,-0.35137793,-0.04659023,-0.20233217
0.33503208,0.33293664,0.17975357,-0.024417173,0.28971133,0.22652042,0.25846252,0.2902683,0.06157984,0.048393786,0.042542476,0.06288877,-0.11694908,0.19049641,0.23100735,0.14079843,0.33657473,0.26595008
0.086158276,0.32039618,-0.09553458,-0.02533606,0.24044758,0.31207657,0.20376801,0.35043126,0.25409514,0.22292854,-0.04242956,0.3598377,-0.17005754,0.018491128,0.2860487,-0.047320742,0.44548988,-0.11294179
0.17279358,0.07332018,-0.12027842,0.1551683,0.111509725,0.1607472,0.17314038,0.18519858,0.14081332,0.2344653,-0.050601795,0.26036242,-0.11568922,-0.011451066,0.18680046,-0.04444854,0.31706327,-0.0843443
0.06506966,0.39811057,-0.015615191,-0.02599004,0.32159248,0.2806679,0.26261604,0.48241287,0.28064966,0.22192624,-0.17163461,0.2529059,-0.038939152,-0.019641133,0.34343874,-0.051318742,0.44152328,-0.10189766
0.2601477,0.1287356,-0.06831122,-0.08162031,0.058191173,0.18195668,-0.05969733,0.2421058,0.32874393,0.25967148,-0.07745114,0.24467297,-0.23819752,0.17950007,0.09231116,-0.24172068,0.074479744,-0.24790117
0.31519035,0.26407737,0.25496924,0.079389654,0.2535222,0.20733023,0.23482539,0.19346133,0.036790267,-0.044945054,0.17447284,0.030117411,0.101494536,-0.11740542,0.17957523,0.2754121,0.29306054,0.35289747
0.063025355,-0.048385926,-0.107401736,0.14633246,0.016373437,0.21955304,0.21679607,-0.025737202,0.15791428,-0.1332626,0.3503875,-0.045269705,0.1956756,0.043297686,0.22805446,0.39207035,0.24488997,0.24812567
0.0657589,0.16667676,0.3053261,0.2741452,0.1463261,0.3069931,0.4341284,0.02454789,0.13471936,-0.136299,0.13641068,-0.044502463,0.2007853,0.2140831,0.30115718,0.12374996,0.27594092,0.34966123
0.048702292,0.29016075,0.018412288,-0.17898735,0.2592339,0.34053913,-0.048743896,0.115719,0.039707072,0.16771516,0.22188343,0.16662373,-0.25779906,0.21779013,0.031544268,-0.14752862,0.06950494,0.1168298
0.026190586,0.16585484,-0.111546054,0.056340378,0.12842464,0.21153532,0.14908448,0.22254781,0.33569074,0.12755942,0.01623315,0.16329539,0.020250022,0.14337644,0.23151748,0.06985362,0.21892646,-0.1284399
0.27681017,0.27114826,0.017909346,0.04149984,0.17938378,0.1361464,0.26899213,0.30097187,0.12071252,0.0020648744,-0.08946361,0.02009809,0.28757668,-0.09860127,0.19389609,0.12871096,0.23698823,0.051699895
0.20809951,0.13796881,-0.08782898,-0.059935015,0.08235498,0.23577037,0.20319372,0.3203093,0.10374394,0.17286699,0.10184485,0.23564644,-0.16416925,0.113623545,0.32128763,-0.036562853,0.41404468,0.10180551
0.07623186,0.37913024,0.07218745,-0.099549994,0.3640194,0.41085616,0.2888021,0.39374393,0.17589054,0.14936353,0.14507106,0.31574845,-0.08510724,0.07889971,0.38530052,0.048233926,0.5719767,0.26487154
0.07628453,0.24970229,0.024844136,-0.11538488,0.21639752,0.24296448,0.19182953,0.35328144,0.058394454,0.19522488,-0.06710185,0.11351597,-0.14300594,0.28012985,0.045956507,-0.24633324,0.0824219,0.049528833
0.029740298,-0.15760666,-0.324153,-0.026630195,-0.108189,0.028521284,-0.2887168,-0.06765717,-0.09776527,0.021101262,0.25125155,-0.019129567,-0.2623656,-0.18858874,-0.29492563,-0.0932375,-0.14089099,-0.12635489
0.21107802,0.29890487,0.24594244,0.1331252,0.29918596,0.28697023,0.037194245,0.26132107,0.38595062,0.10318777,0.010418557,0.28673625,-0.080883175,0.10966772,0.20422313,-0.034701146,0.26701403,-0.10752187
0.10171724,-0.046594955,-0.19585425,0.1701778,-0.09090246,-0.12110506,0.20058328,0.070199266,0.16057786,-0.055190705,-0.029188706,-0.16413198,0.39156556,-0.04379523,0.06454767,0.10173431,-0.05773328,0.004366068
-0.18077254,-0.16166723,-0.3997562,-0.048470967,-0.1471598,0.07110701,-0.21094325,0.14079157,0.07041853,0.17344496,-0.14392127,0.22157665,-0.14829972,-0.39652658,-0.04301367,-0.35706055,0.12830976,-0.35687524
-0.047379438,0.23518223,0.03438762,-0.020816607,0.16466992,0.2842353,0.19657154,0.39716044,0.12151147,0.15296426,-0.09439975,0.20628223,-0.025846653,0.2247861,0.18170926,-0.16775593,0.17335191,-0.078146115
-0.15923674,-0.058582656,-0.31444818,-0.24936526,-0.09093328,0.1461684,0.033204816,0.40826824,0.012042016,0.27596465,-0.09390582,0.27057558,-0.15503775,-0.199595,0.10312836,-0.2653691,0.23680896,-0.17131937
0.13007419,0.2684031,0.15730095,0.016937872,0.247154,0.15812437,0.28725058,0.44343355,0.102457896,0.24026273,0.07625459,0.34052384,-0.1907213,0.104876414,0.32556424,0.010380961,0.46502644,0.24896236
0.08445956,0.10529941,-0.09729543,0.004237205,0.08737978,0.19845113,0.29150838,0.26625404,0.11351421,0.12838835,0.05366787,0.05301616,-0.15323327,0.14499497,0.2118234,0.11253746,0.32377887,0.09484647
0.16938949,0.31729513,0.043283366,-0.047196403,0.2984934,0.3573699,0.28466338,0.4073729,0.12948,0.19757834,0.027641818,0.21543247,-0.0066056484,0.13538142,0.23559438,-0.11226106,0.27415964,0.12329726
-0.021130592,0.26342693,-0.09191427,0.19098371,0.18440172,0.1624606,0.302701,0.25768784,0.10826908,0.017064717,-0.04626204,-0.13612634,0.34480372,-0.112265565,0.18972275,0.19952321,0.115297556,0.029239157
0.13741799,0.22478715,0.08644446,0.21228692,0.22441655,0.2175334,0.30665123,0.34088016,0.124095604,0.050447736,-0.020095848,0.09402016,0.40564996,0.009222083,0.06991087,-0.014030957,0.1357635,0.19591153
-0.0005808873,0.18107235,-0.2036097,-0.018729942,0.10203383,0.19555664,-0.07866147,0.23969941,0.21867952,0.19645962,0.1499244,0.28547102,-0.13761143,-0.13971275,0.21507898,0.020448916,0.24640402,-0.16458517
0.25266078,0.10866757,0.07731727,0.21504338,0.0890212,0.17931998,0.14867231,0.19715253,0.29925126,0.0021513589,-0.09828524,0.10771108,0.16410223,0.07828266,0.096964456,0.073518276,0.17393404,-0.082753584
0.16198224,0.28269774,0.2645312,0.26916116,0.2779783,0.2906105,0.05694286,0.14702119,0.06329821,0.15346688,-0.06637381,0.12399453,-0.09469676,0.2010066,0.100408,-0.16915953,0.040662274,-0.06835674
0.10798119,0.06444756,0.07218178,0.06799719,0.16485357,0.10927408,0.3102436,0.12386071,-0.0030516982,0.071273945,0.23600148,0.14286865,-0.105050765,0.035900943,0.25533158,0.17039642,0.39929616,0.41468042
0.052697502,0.20335993,-0.082510844,0.03793326,0.1495004,0.15713894,0.33877447,0.18819022,0.16561392,0.06637713,-0.029692877,0.034312762,0.12904179,0.042675637,0.23278314,0.095596015,0.269286,0.026101176
-0.05813144,0.23137215,-0.14084788,0.079413846,0.12044164,0.27911848,0.27503514,0.28294665,0.17114863,0.18210977,-0.07208282,0.15576029,-0.041114043,-0.10985812,0.19285916,0.104399264,0.2902699,-0.17785043
-0.03471152,0.17222072,-0.1494712,-0.23891127,0.12795791,0.44427,-0.07497609,0.28241453,0.09211598,0.22163658,-0.03778242,0.28686208,-0.21721406,-0.057798952,0.021316873,-0.26314032,0.13955414,-0.3150733
-0.108580686,-0.2340197,-0.17187893,0.26075584,-0.275464,-0.04094289,0.048533153,0.1274521,0.13810818,0.17066802,0.13412978,0.30083644,-0.16569267,-0.066220045,0.110333845,0.15176839,0.1696558,-0.13661237
0.09502497,0.32847577,-0.07810903,0.007644372,0.3047477,0.43407542,0.016516127,0.26529586,0.123893864,0.23341772,-0.12467195,0.26027584,-0.1983959,-0.09533172,0.17815061,-0.22015782,0.29204196,-0.26048145
0.18821123,0.35172337,-0.08971186,-0.08707,0.34956434,0.2729408,0.14310354,0.44618824,0.36396068,0.2168555,-0.1138736,0.26768118,-0.03196441,0.0082688015,0.2449853,-0.030333538,0.36714983,-0.1734089
-0.13764286,-0.03307333,0.10784087,0.20627728,-0.134001,0.04090535,-0.019916385,0.08665508,0.073593386,0.17404276,-0.022210583,0.19434813,-0.30945104,0.25775415,-0.08916718,-0.26943845,-0.11044636,-0.21112132
0.08592338,0.24982369,-0.13572595,0.033068784,0.20098545,0.1520198,0.14319265,0.1919134,0.21779054,0.02217073,-0.046949126,0.010159862,0.16051063,0.028107792,0.039975043,0.057916112,0.1235567,-0.10683988
0.13639674,0.327186,0.022910709,0.23086697,0.19735269,0.23385802,-0.016517065,0.21656287,0.22356358,0.07976204,-0.070010334,0.16770676,0.088630304,-0.1064969,0.101573445,-0.036354594,0.1465116,-0.12026559
0.38068172,0.118267044,0.36785752,0.25644827,0.1211506,0.10059235,0.2290779,0.19849572,0.28439257,-0.0749331,-0.07443057,0.02352345,0.42092526,0.18163651,0.13800278,0.015761096,0.046311863,0.16849136
-0.16840929,0.15195373,-0.14480871,-0.14860883,0.13601854,0.27976856,0.037987236,0.44165254,0.14686772,0.2080921,0.03390179,0.3532983,-0.15301779,-0.054199502,0.10639036,-0.2703786,0.31995022,0.031637516
0.003494877,0.22306967,-0.112026855,0.036322653,0.184921,0.059496004,0.3673317,0.3056812,-0.06244103,0.1385282,-0.08656625,0.021968478,-0.014740721,-0.15695496,0.20281005,0.14909343,0.2869208,0.011621324
-0.03745352,-0.079977214,-0.33635905,-0.21901822,0.0131546,0.18679385,-0.11871759,0.09439354,-0.025597619,0.12150794,0.31028256,0.14072153,-0.34698305,-0.1437271,0.026103692,-0.18789077,0.18044409,-0.11412831
0.048874885,0.29069206,-0.0073533314,-0.1402666,0.24642432,0.29969254,0.11454951,0.35138604,0.17626706,0.21819189,-0.034751073,0.25255805,-0.19737107,0.22449985,0.11373068,-0.24798535,0.1717605,-0.05026844
-0.03776636,0.20949289,-0.1207873,-0.066996716,0.15351781,0.23357835,0.18198618,0.46927327,0.124629915,0.2340774,-0.03929362,0.34698415,-0.058342375,-0.027278615,0.2339608,-0.1459865,0.387431,0.07991556
0.13719714,0.29679954,0.18913497,-0.07041956,0.25828114,0.36925608,0.17049849,0.4243706,0.21578415,0.17589189,-0.16458505,0.19903553,-0.11929537,0.08698933,0.29871348,-0.15520015,0.33035105,-0.06280022
0.028087225,-0.09356878,-0.2658073,0.20206565,-0.04687611,0.024188034,-0.045332372,0.038477592,0.17596719,0.19770265,-0.02943883,0.24985418,-0.22226316,-0.10996661,0.10438289,-0.08226955,0.25029832,-0.25453895
0.40946496,0.17607714,0.15438616,-0.019211024,0.22102782,0.2576086,0.23482908,0.08137696,0.02970626,-0.03674065,0.3105911,-0.0030463564,-0.022064796,0.15538797,0.2063906,0.24956582,0.29221457,0.45746493
0.2184139,-0.11798807,-0.1677506,-0.05125486,-0.075961776,0.16063003,0.14685257,0.19767262,0.08605547,0.13824424,0.071615055,0.09664056,-0.19512594,-0.07003402,0.31849205,0.16549155,0.3552252,-0.03768719
0.25686,0.24966757,-0.14089075,-0.035340935,0.1708763,0.2654918,0.04646834,0.352647,0.107199825,0.11902013,-0.052557975,0.19560418,-0.075917915,-0.2052651,0.18566513,0.09716378,0.35806096,-0.12495454
-0.019333273,0.037568122,-0.15698105,0.22715989,-0.035356365,0.2514172,0.23846206,0.1853717,0.31912434,0.09193824,0.06730002,0.2379331,0.054132655,0.10801317,0.3839598,0.15209563,0.42179427,0.014370926
0.05358232,0.2777934,0.07842586,0.15074304,0.25025845,0.13762392,0.39420208,0.44282824,0.15545017,0.08404463,-0.0808464,0.030393656,0.29842123,-0.11480491,0.25858825,0.22458634,0.28270012,0.088785246
0.018966,0.33849096,0.09187743,0.03611748,0.26240814,0.3150528,0.16717824,0.44439557,0.16067594,0.1879106,-0.13205001,0.29038036,-0.12066432,-0.05619157,0.2680826,-0.18825564,0.39867073,-0.024504699
0.06006125,0.36317617,0.15468158,-0.026109863,0.2945146,0.2449311,0.29010838,0.2728233,0.15218112,0.031112235,0.045939505,0.17401475,-0.050032765,0.21910545,0.3265127,0.12188159,0.42655373,0.31321722
0.103509456,0.2588068,0.14119205,0.00090561435,0.22465846,0.25963628,0.10717546,0.51215994,0.10021457,0.19323836,-0.08945168,0.2319291,-0.18493187,0.15127811,0.12033516,-0.2579533,0.23838888,0.041475505
0.21537003,0.14503564,0.022045363,0.2923363,0.11349138,0.053592045,0.034244303,0.20304352,0.16135517,0.010641219,-0.1449843,0.13259876,0.13711502,-0.17610279,0.027108321,-0.08676611,0.15830675,-0.15502833
0.15231547,0.20124373,-0.17387196,0.07969118,0.14641535,0.11852409,0.12634093,0.17255084,0.18098158,0.06562996,-0.057814576,0.03540745,0.08094114,-0.004107818,0.033096243,0.020012425,0.14034027,-0.12890926
0.008002611,0.20098071,-0.001518379,-0.0414389,0.2688361,0.29911882,0.364731,0.3380025,-0.051628567,0.08386853,0.2347942,0.009067431,-0.027446564,0.15028204,0.30358124,0.0394558,0.3055871,0.35767677
0.10942234,0.3333829,0.29841185,-0.033105902,0.29378828,0.33786303,0.025917768,0.25418565,0.17928946,0.11824483,-0.16109326,0.20667225,-0.2641797,0.18985647,0.10444446,-0.2833979,0.16525732,-0.15531774
-0.056481294,-0.02376575,-0.27780893,0.003881863,-0.09019582,0.14040546,0.19599211,0.2901994,0.20312013,0.22598174,0.020863036,0.17215106,-0.24095008,0.10733889,0.31851035,0.036053352,0.35549894,-0.13511658
0.2199314,0.2657886,-0.015504679,0.005486723,0.16110836,0.18509203,-0.074287355,0.1588371,0.18137269,0.25841302,-0.0824517,0.2404189,-0.16328964,0.038873408,0.020685527,-0.17603934,0.03977078,-0.17525698
0.22241674,0.3874718,0.092897676,0.031305283,0.327007,0.3808664,0.112422585,0.2623056,0.24761347,0.12162207,-0.10075183,0.1722897,-0.034716606,0.06423157,0.21555437,-0.076535836,0.24110323,-0.101186216
0.13256311,0.24174535,0.34474543,0.22336707,0.17678294,0.15724072,0.31847024,0.2307513,0.14436078,0.024984334,-0.15987363,0.07305019,0.13071328,0.16588543,0.13682418,-0.13645461,0.068140276,-0.0016674208
0.10713361,0.341215,0.38475353,0.08091009,0.37944275,0.29400128,0.26053905,0.2749322,0.33254835,0.0857258,-0.010764651,0.19012712,-0.07010226,0.49352187,0.29795426,-0.13399239,0.21399558,0.19297732
0.15110087,0.13368078,-0.040369272,-0.026090624,0.105317876,0.2314712,0.35318664,0.17812258,0.22484082,0.058357157,0.12094856,0.020596106,-0.12333312,0.16348502,0.3673167,0.115080796,0.42700094,0.17470294
0.191749,0.32651883,-0.08036884,0.08120914,0.25624007,0.3273939,0.14680316,0.20281848,0.05816897,0.13510346,0.072728656,0.1486076,-0.07875741,-0.011309933,0.13774793,0.27117145,0.2441709,-0.104703054
0.16741195,-0.026692642,-0.3217676,-0.0056238724,-0.027422741,0.21580666,-0.12934643,0.061198667,0.091970645,0.24398267,-0.05116019,0.26125157,-0.14281186,-0.2670243,0.07551813,-0.15641989,0.21190031,-0.27995718
-0.08955109,0.25410828,-0.15861386,-0.00053803925,0.09285186,0.326447,0.12783822,0.4119769,0.23104408,0.17817757,-0.104403935,0.26462132,-0.09751131,-0.06899747,0.2321482,0.049358957,0.37150615,-0.20509632
0.43412137,0.16218594,0.14673802,0.25610536,0.14276546,0.030908272,0.2769721,0.12407908,0.16014367,-0.18424936,0.004429175,-0.22874221,0.49896246,-0.22929695,0.025527837,0.35645694,-0.009162646,0.10413663
-0.13759923,-0.06645721,-0.15821901,-0.21151981,-0.056035396,0.21510975,0.19378494,0.39178863,0.20988229,0.23896924,0.010234382,0.22312665,-0.25625202,0.17437759,0.26597238,-0.1289976,0.30912113,-0.09281657
0.17486498,0.21322149,0.090156116,-0.08372289,0.34730685,0.25333965,0.27714828,0.15387222,-0.082968846,0.027929258,0.3751837,-0.022510836,-0.08762176,0.042912666,0.09894775,0.18189374,0.2454268,0.4892373
0.09398366,-0.20270918,-0.29592806,-0.16032152,-0.15392208,0.032252442,-0.22628428,-0.128229,-0.089576304,0.15311868,-0.090282634,0.08252735,-0.18866782,-0.1530306,-0.102482535,-0.2342956,-0.058188323,-0.35645694
0.10524738,0.16733944,-0.08946356,-0.035246987,0.16437556,0.21552244,0.1640949,0.21027786,0.00010916777,0.15175721,0.2181229,0.14411896,-0.21954459,0.13417393,0.14534003,-0.18412346,0.2543083,0.15272158
0.41608468,0.2999382,0.36794817,0.017258652,0.2525319,0.26897126,0.14006604,0.41894463,0.163328,0.20387933,-0.1229355,0.27943158,-0.11263758,0.1637297,0.18243793,-0.115316845,0.24343388,-0.044824447
0.25405264,0.29816973,0.056453243,0.06821261,0.22681874,0.18255976,0.34724385,0.30325925,0.13529506,0.014968248,-0.0425774,0.027971024,0.32205635,-0.07412845,0.23901968,0.16600767,0.26805007,0.12095099
0.3605767,-0.21485351,-0.26176775,0.14310518,-0.15455362,0.038853176,0.055761896,0.05501541,0.19000229,0.065536045,0.032222964,0.016755566,-0.051666863,-0.27213416,0.16222377,0.13402551,0.18678498,-0.22560228
0.1965947,0.30338302,0.09719955,0.061226536,0.24394448,0.3756968,0.21281567,0.45400968,0.22921677,0.13821012,-0.057215877,0.25515932,0.23413089,-0.06301719,0.25474867,-0.0094938055,0.28561154,-0.027636144
-0.10815416,0.104068905,0.10801608,-0.114870176,0.11684997,0.29384232,0.3266788,0.008015544,-0.022632716,-0.052299894,0.34521496,0.030455139,-0.0732968,0.25134706,0.16497266,0.13781701,0.23805816,0.41987908
0.09846014,0.16610947,-0.2144551,0.025949407,0.14425492,0.178048,-0.12160232,0.12525919,0.15012446,0.20503224,-0.028226752,0.10162923,-0.22707233,0.088271655,0.05488041,-0.267793,0.05751272,-0.22876596
0.3091263,0.4304757,0.11902729,-0.04479274,0.45980912,0.25468358,0.17989436,0.41940564,0.26998043,0.16029191,0.034610085,0.119274125,-0.009902482,-0.101573676,0.18039975,0.1570208,0.23837356,-0.0021418543
0.09936811,0.11950362,-0.058809478,0.0907231,0.09049891,0.19791798,0.03525479,0.21373428,0.33672214,0.102713294,0.03043741,0.17268594,0.29630765,0.0258696,0.1600981,0.03258121,0.10997896,-0.050523393
0.10320772,0.5135981,0.17839035,-0.00450931,0.47981262,0.39382124,-0.0143097835,0.295273,0.2955848,0.20314631,-0.08203706,0.30665877,-0.13644266,0.2523486,0.12402588,-0.14071253,0.103518076,-0.16291127
0.061398786,0.27745235,-0.09771034,-0.067542166,0.2009902,0.39066657,0.033880502,0.3907343,0.14248878,0.17738798,-0.115101874,0.23614503,-0.17744595,-0.08458163,0.14203843,-0.1071285,0.3061418,-0.2604496
0.29015207,0.4566745,0.17526084,0.04668864,0.422693,0.38902748,0.1568348,0.25493172,0.11661804,0.19844499,-0.07234284,0.19224396,-0.09760101,0.06561114,0.22192723,-0.09162393,0.21238455,-0.06597231
0.023559712,-0.027040543,0.081442386,-0.013904976,-0.05466318,0.08608775,-0.01963874,0.14381525,0.2671659,0.14913213,-0.068326026,0.19254741,-0.10061838,0.1624559,0.0151351495,0.057165455,-0.033186283,-0.26234555
0.25695634,0.1752753,0.09337925,-0.21206036,0.19727597,0.31493545,0.3204702,0.16894327,0.07205557,-0.04484532,0.1820873,-0.15123738,0.20561291,0.038526915,0.17175052,0.3557473,0.10008953,0.21226889
0.22706877,0.4143389,-0.031237496,-0.18389668,0.33637193,0.2727911,0.16266516,0.39243454,0.2367225,0.22164139,-0.04499749,0.24351515,-0.07004878,0.26420987,0.2445777,-0.03594985,0.30748153,-0.015694931
0.110800944,0.23589319,0.24665648,0.056765124,0.31554657,0.20719364,0.32717183,0.17421111,-0.018518988,0.05395908,0.23824246,0.10013336,-0.07449885,0.13050577,0.19109443,0.16943121,0.31752592,0.49849695
0.22357446,0.013418015,-0.12439461,0.2649021,-0.061250694,-0.18967715,0.1470468,0.020840503,0.13237433,-0.079961196,-0.113544725,-0.2197628,0.32343006,-0.089639835,-0.07731198,0.058137223,-0.16062665,-0.13494217
0.02930124,0.14112467,0.12784392,0.33219844,0.08996923,0.19201481,0.2675083,0.27674267,0.3842901,0.10819891,-0.015265776,0.18553573,-0.028400835,0.16931231,0.28972158,0.14143652,0.3337425,-0.06609614
0.46528643,0.29032794,0.1693107,0.044161394,0.2445637,0.14970705,0.09231215,0.2847638,0.3586825,0.008328759,0.039437123,0.0045466926,0.091298044,0.070114754,0.18863294,0.22129461,0.091099754,-0.04799309
0.083180144,0.40984043,-0.021183718,0.035350136,0.393827,0.3383778,0.0719812,0.47040725,0.324031,0.20006862,-0.11909132,0.28666434,-0.03205371,-0.10406192,0.1939807,-0.122638226,0.2917242,-0.25903234
0.12417311,0.37749946,0.14839062,-0.15486498,0.3849212,0.29908952,0.24485612,0.3898382,0.20629439,0.14908226,0.13174228,0.2761444,-0.11886097,0.17374396,0.29944304,-0.02126998,0.44018173,0.3142264
-0.15460429,0.21399206,0.06826782,-0.08018723,0.13298161,0.2969163,-0.014525885,0.36194542,0.08464521,0.14857301,-0.04140098,0.3174227,-0.05520957,-0.14753519,-0.017543513,-0.16883802,0.13649376,-0.048289012
-0.09094584,0.08725072,-0.00094110495,0.2007487,0.0012124367,0.15645123,0.17149231,0.26927155,0.2659826,0.11231302,-0.10805026,0.16683392,-0.15433714,0.06630936,0.17582893,0.032408807,0.291606,-0.21469583
-9.4742514e-05,-0.16870515,-0.3253825,-0.03550043,-0.20481375,0.022117287,-0.03316418,0.20453155,0.08178997,0.16854626,-0.03311752,0.27696705,-0.2463808,-0.1151363,0.16216022,-0.10581404,0.34484336,-0.15505525
0.31674725,0.20561978,0.25239655,0.27179658,0.12501544,0.36778957,0.21198046,0.10974218,0.20010458,-0.08506415,0.1166752,0.09300457,0.10397692,0.15550509,0.17342594,0.0636231,0.22110169,0.12083449
-0.024515528,0.09184604,-0.1973952,-0.18179363,0.075197734,0.22610748,0.15589148,0.42368627,0.21627074,0.16481376,0.018811714,0.17215912,-0.043914378,-0.07679455,0.2538144,-0.1098856,0.38063875,-0.011236651
0.083177686,0.2398586,0.077714816,0.12517062,0.18710601,0.09317924,0.46155006,0.38312483,0.08765361,0.04283338,-0.0966126,-0.001968314,0.29386574,-0.16044351,0.29158568,0.22385678,0.32818806,0.15512526
0.1174728,0.38132852,-0.062647,-0.022981385,0.36585915,0.14618458,0.1379543,0.36030495,0.23043093,0.19631478,-0.01448017,0.4045112,-0.0214526,-0.06539281,0.31076372,0.00997077,0.46321604,0.03145985
0.16280058,0.15318719,0.054839898,-0.05933846,0.2701962,0.2523728,0.31832272,0.19898987,-0.09205285,0.06196234,0.31604338,-0.07938081,-0.03436568,0.1331279,0.13878052,0.12097814,0.22411184,0.48340046
-0.06468304,0.21206824,0.051026084,0.20892635,0.103642136,0.10553411,0.00065444317,0.2166684,0.22880429,0.07163858,0.019711018,0.17077245,-0.13137121,0.00688249,0.27676296,0.06780808,0.23634583,-0.12590796
0.18157059,0.25411457,0.032972608,0.25277254,0.101888835,0.17180069,0.16682872,0.28319776,0.35258865,0.0017087576,-0.034619063,0.060780816,0.3858295,-0.15378436,0.21443939,0.28083044,0.14435187,-0.029106457
0.045536682,0.13451168,0.034840383,-0.11807625,0.2179006,0.2565265,-0.020895535,0.21468917,0.018957403,0.121845484,0.16102034,0.14655286,-0.26520222,0.18610427,0.08302656,-0.20117986,0.15696196,0.12436451
0.10298374,-0.10264821,0.12315535,0.30220765,-0.13207012,-0.061628334,0.29748917,-0.08368009,0.10603538,-0.18295151,0.13470712,-0.26261187,0.37615454,-0.10279141,-0.02461674,0.45628667,-0.14570168,0.12875532
0.18677527,0.40201086,0.37177068,0.23127274,0.28562257,0.09094966,0.21954662,0.20045307,0.42402002,-0.04138936,-0.054398365,-0.0048467508,0.5458704,0.096131295,0.18346253,0.17340374,-0.057887986,0.14996567
0.38342372,-0.07357584,-0.20312116,0.050853387,-0.13898347,0.06543967,-0.03986941,0.1686269,0.059240125,0.1479407,-0.04204629,0.14750478,-0.023185238,-0.2361977,0.05634595,0.03820052,0.10242893,-0.22211209
0.030708598,0.0016882289,-0.10498803,0.28873742,0.03579978,0.027914535,0.07005794,0.07145111,-0.027921394,0.27887666,-0.035383526,0.1844198,-0.2128047,-0.12904939,0.11381592,-0.19761246,0.12454758,-0.19492874
0.2312505,0.039837703,-0.12672499,0.19318786,-0.028461767,-0.0639747,0.16821858,0.15605049,0.21872872,-0.05062329,-0.056242242,-0.0668332,0.38423085,-0.23567587,0.10792444,0.26209044,0.08724959,0.012126163
0.08508481,0.37648547,0.1261074,0.2521544,0.2638472,0.2763446,0.21389472,0.38761568,0.33231634,0.06561847,-0.15660632,0.2001253,0.15152577,-0.05324269,0.29160646,0.08308366,0.33205798,-0.091948316
0.11742515,0.15669411,-0.052495137,0.2022179,0.11883129,0.24465728,0.00012757289,0.26589066,0.1382881,0.22535548,-0.1617432,0.26679724,-0.20979676,-0.13886118,0.12343715,-0.17430559,0.25915384,-0.293695
0.078300014,0.35434568,-0.08302499,-0.02830458,0.21518487,0.3198204,0.027628371,0.41869128,0.2516011,0.20817563,-0.18740092,0.23706971,-0.08952598,-0.0494263,0.19112049,-0.15324971,0.27124283,-0.21981604
0.13889429,-0.093881145,-0.25663224,-0.1709311,-0.08317107,0.22168073,-0.18840659,0.20825493,-0.07419343,0.19225717,-0.18924807,0.11083782,-0.1429898,-0.17659804,-0.054636855,-0.26811713,0.061129365,-0.23145472
0.04502906,0.3042513,-0.039730515,0.035895728,0.28642538,0.3407124,0.13026816,0.25759947,0.13908435,0.24164644,-0.048530184,0.20823634,-0.113024846,-0.17375734,0.23606114,-0.04609254,0.30031753,-0.19377846
-0.12282567,0.18353823,0.25687763,0.14886874,0.07646886,0.2712975,0.022066256,0.11857974,0.17276415,0.055932574,-0.050038107,0.1898427,-0.19046512,0.36754927,-0.03470821,-0.16954297,-0.053215973,-0.16120514
0.17697725,0.15630826,-0.046271548,-0.11573066,0.21703,0.211741,0.15554535,0.39545768,0.095449105,0.25529557,-0.13610066,0.10067023,-0.07730186,0.0380089,0.12616003,-0.25539893,0.18083872,-0.025858479
0.35598105,0.4292013,0.13475887,0.0643923,0.3812539,0.2972685,0.24507,0.29761028,0.38459533,0.068947986,0.005821948,0.11996034,0.13233158,0.18208513,0.2937121,0.20078582,0.28720507,0.028189745
0.3364684,-0.19851454,-0.27464488,0.0895134,-0.20203039,-0.085647866,0.11872733,-0.04544516,-0.10594575,0.029897738,0.09184131,-0.0030327449,-0.081095904,-0.20981707,0.05973174,0.1937707,0.15606451,-0.01807218
0.34276974,0.056779057,0.14428264,0.060381576,0.1535376,0.08610234,-0.06513659,0.12143066,0.2640439,0.13790695,0.109872684,0.2044013,-0.17178124,0.02146196,0.0519533,-0.06444214,0.103325844,-0.12034827
0.31065452,0.42275748,0.2886312,0.029833669,0.30703008,0.29467466,0.112995386,0.34229314,0.3208443,0.07777066,-0.023861557,0.21109578,0.08778659,0.14345151,0.28918666,0.059329428,0.21386862,0.080531955
0.03727072,0.26036614,0.19895744,0.1170247,0.19118185,0.3073209,0.23168966,0.23827973,0.1451298,0.062204644,-0.05684818,0.16417783,-0.13851409,0.13265808,0.20461126,-0.14424364,0.25059557,-0.087121084
0.07217016,0.2096648,-0.20774901,0.21636085,0.21056053,0.21575785,0.034878284,0.1454558,0.11811523,0.21771036,0.041333318,0.2609206,-0.16470253,-0.23876902,0.18906447,0.026111124,0.33232147,-0.19334264
-0.027838629,0.23594013,-0.10114134,-0.122195594,0.1951954,0.29565972,0.1650463,0.37903374,0.18068737,0.22206494,-0.10487359,0.36753613,-0.006893075,-0.1015884,0.1424497,-0.19326882,0.29148507,-0.185101
0.2378511,0.07201867,-0.12533136,0.3682399,0.12802167,0.10644426,-0.03903074,0.026862655,0.34509146,0.15622096,-0.025524544,0.27740705,-0.033233374,-0.10817464,0.09495926,-0.11655076,0.16353877,-0.2763657
0.15137348,0.018104957,-0.27964467,-0.16028358,-0.021152025,0.14418092,0.16974393,0.20566513,-0.05570637,0.16308331,0.00081843,0.08240393,-0.19693106,-0.104084805,0.12081903,-0.036419816,0.27800316,-0.13714671
0.11651122,0.2537188,-0.112892166,0.18166283,0.18556124,0.17377916,0.15308985,0.15118688,0.16266848,0.0077574016,-0.0902892,-0.028241936,0.21073608,-0.038245603,0.0035787662,0.023298647,0.08373607,-0.12031065
0.15612978,0.3637675,0.14867382,-0.01862317,0.3541108,0.3322336,0.10712589,0.34957758,0.13175932,0.1959314,-0.16162068,0.18310979,-0.090991534,-0.0838566,0.1572757,-0.18963927,0.2368313,-0.09613384
0.40274724,0.17713836,0.45821184,0.33197945,0.13937052,0.09633173,0.24088347,0.13855915,0.23335797,-0.062108684,-0.104036,-0.010468875,0.38471836,0.19239385,0.04911601,-0.062052745,-0.12192905,0.07963757
0.0880714,0.18685475,-0.07028505,0.11493435,0.17685786,0.15995087,0.17682958,0.17979573,0.24599865,0.14294012,0.1446552,0.16403335,-0.091780074,0.24045667,0.3462624,-0.030928195,0.25350454,0.05989422
0.38211858,-0.05214025,0.14112037,0.14393914,-0.06253663,0.15305817,0.36199224,0.048034847,-0.05708307,-0.019315287,0.21728434,-0.009027897,-0.01982742,0.13665134,0.23214236,0.29193777,0.23753591,0.33420148
0.024093688,0.23995276,0.1745013,0.45278654,0.24199301,0.28258482,0.25249076,0.13287531,0.20330308,0.11944552,0.024116483,0.109626725,0.07356351,0.16384967,0.3128273,0.04338725,0.213958,-0.0014137728
0.026603691,-0.18136644,-0.34808344,-0.045417655,-0.1413899,-0.15063041,-0.27506995,-0.034468513,0.27872318,0.14917034,0.05905142,0.16813721,-0.25977916,-0.041756865,0.04651899,-0.21525468,0.084463835,-0.29132506
0.45844084,0.18972747,0.3358212,0.3159107,0.21972507,0.17570554,0.1971408,0.15066995,0.35327232,0.050083056,-0.0145054525,0.12398733,0.03162248,0.18610589,0.19178769,0.04511349,0.16212347,-0.011846683
0.39860487,0.14701585,0.23544931,0.032718383,0.14601563,0.2735197,0.054654755,0.24950384,0.23063695,-0.00445157,0.12590197,0.18236089,-0.0926699,0.01785618,0.15595543,0.14839971,0.28488243,0.042641632
0.13353562,0.15569004,-0.124414176,0.286187,0.12636968,0.060055427,0.25915733,0.07881829,0.16599701,-0.04656115,-0.01578087,-0.07654813,0.29176357,-0.06977924,0.07767759,0.18996829,0.10011438,-0.017405663
-0.048177306,0.13302456,0.045817252,0.2469392,0.061260626,0.27047062,-0.0122216325,0.27007633,0.21508276,0.17087778,-0.1540159,0.2510801,-0.14836293,-0.027243456,0.024566751,-0.26884812,0.13523152,-0.27388108
0.16751263,-0.24677679,-0.1484771,0.40490443,-0.23749,-0.029963274,0.076385126,-0.14121994,0.17215148,-0.0069390065,0.1176117,0.020427603,0.3757589,-0.08812019,0.04747694,0.16861331,-0.08892684,-0.026643429
-0.00014380971,-0.23338872,-0.03373846,0.013244006,-0.19608493,-0.13411579,-0.27898943,-0.0070747286,0.10404447,0.114138484,0.034640126,0.16264448,-0.14203167,-0.21555668,-0.08897288,-0.2544397,-0.099167265,-0.16529003
0.070362896,0.018279983,0.15206148,0.3950253,0.0022963127,0.10994559,0.3466254,0.011895996,-0.05427667,-0.18003616,0.0770345,-0.24363403,0.40773058,0.06862983,-0.020966828,0.2539056,-0.11019874,0.2237019
0.50730944,0.13277525,0.2129298,0.14570165,0.1200372,0.107156284,0.26252067,0.17463882,0.17486995,-0.13344368,0.07513158,-0.13366099,0.35409388,0.075959,0.16130254,0.32091033,0.12086094,0.2715221
0.078294404,0.10330089,-0.10137644,0.053835794,0.08092022,0.26900637,0.16454485,0.22744036,0.20952891,0.056532767,0.13379885,0.09676772,0.3307336,-0.033667903,0.18504035,0.19012538,0.17087525,0.06785822
0.12336778,0.34109217,-0.051843233,-0.044098534,0.29089645,0.34302235,0.22965126,0.43719426,0.22299187,0.18146408,-0.10186231,0.27159396,0.006367972,-0.09679487,0.25137675,0.06647615,0.43206185,-0.10817447
0.42124486,0.33002347,0.35630932,0.11945969,0.2600682,0.07507698,0.12246007,0.27625948,0.27810296,-0.13641694,-0.035612248,0.040594485,0.47437304,0.026014756,0.1308698,0.13327198,0.07006654,0.19201389
0.026455538,-0.3190061,0.09993951,0.4945124,-0.29406705,-0.22138569,0.34475595,-0.18189561,-0.10996163,-0.15203846,0.100699075,-0.20858032,0.15716399,-0.07272546,0.084638745,0.2526253,0.02231069,0.25357854
0.034710694,-0.3212303,-0.17542464,-0.04188888,-0.25619045,-0.021623932,0.3071949,-0.08868602,-0.14519525,-0.039770514,0.24783878,-0.13560918,-0.039887417,-0.0009792866,0.20178312,0.31722894,0.1883876,0.25951105
-0.041479092,0.2873873,0.18138528,-0.08695364,0.27619076,0.2994863,0.108729735,0.37989327,0.16300352,0.22541428,-0.0075454433,0.38398343,-0.11011392,0.05533311,0.19297516,-0.11444366,0.25224373,0.024032699
-0.03661089,0.27795762,-0.10491808,0.04462357,0.13940166,0.4192878,0.0174852,0.28803325,0.07682148,0.27887362,-0.08453713,0.36081952,-0.1464402,-0.004021216,0.17550418,-0.21985784,0.27520365,-0.1623202
0.074280486,0.27755678,-0.13579471,-0.07575555,0.19739518,0.23106366,0.13449258,0.4281932,0.22683245,0.24500209,-0.026281055,0.34883156,-0.1689815,0.046641894,0.24718837,-0.17109561,0.42327014,0.0126181515
0.29908183,0.31450194,-0.020953678,0.07100098,0.23659372,0.23024626,0.16685058,0.30590808,0.09341345,0.066420294,-0.028070893,0.054230176,-0.015905216,-0.17714077,0.22143309,0.1484291,0.33081806,-0.021652948
0.090622984,0.24440646,0.2695248,0.27135444,0.23145244,0.3371842,0.4022197,0.062307872,0.17041743,-0.11454907,0.14264755,-0.04053513,0.24810761,0.27080762,0.29755807,0.099344894,0.24175481,0.36800325
0.43176457,0.05457314,-0.02436799,0.321411,0.027092686,0.12563103,0.13045871,0.1269846,0.21708149,0.01447238,0.07245102,0.096346945,0.047293093,-0.1351522,0.101680726,0.33605504,0.21920046,-0.046985872
0.29790998,0.117434934,-0.18636402,0.08225764,0.03652569,0.10412798,0.16526115,0.26899284,0.13998163,0.12081898,-0.05387649,0.10441821,-0.049540903,-0.021590428,0.1294333,0.09224497,0.20790333,-0.16246203
0.43509313,0.29436642,0.15464514,0.028734338,0.21956539,0.2938957,0.022323264,0.30172718,0.29683542,0.1464122,-0.09478274,0.22968054,-0.020947982,0.0029317457,0.120884106,-0.08473536,0.1675537,-0.14464238
0.1056755,0.15476021,-0.00074488163,-0.07760151,0.14118718,0.28587973,-0.046027347,0.2314671,0.03557987,0.16033831,-0.20256497,0.18403712,-0.09546648,-0.17685215,-0.055523545,-0.28377825,0.11595717,-0.24126922
-0.09314765,0.23971093,0.065525904,-0.06741446,0.23584548,0.31419313,0.19117084,0.311037,0.124479905,0.066784814,0.20720832,0.33832023,-0.15402317,0.017690266,0.19885519,0.018814065,0.47790956,0.27873254
-0.024269946,-0.19082499,-0.15890229,0.046628352,-0.2491115,0.016932659,-0.14233927,0.0054673576,-0.019947298,0.14326534,-0.06227011,0.039175343,-0.14856151,-0.03400582,-0.16532601,-0.25315776,-0.18756056,-0.2563547
0.15665355,-0.28257158,-0.023263846,0.060256165,-0.27632546,0.13300858,-0.102225855,-0.06281483,0.08318584,0.07083766,0.063518584,0.10109167,-0.2810185,-0.004929705,0.035438024,0.06104592,0.045861393,-0.21572778
0.16440381,0.1778486,-0.061947066,0.14135696,0.103065975,0.29618573,0.10705997,0.22056311,0.25165448,0.08206239,0.09386088,0.18782467,-0.14469057,0.052619606,0.19053283,0.05366922,0.3367266,-0.043942697
0.21177892,0.3978461,0.13458899,0.09948078,0.34646878,0.22056489,0.06128534,0.41203988,0.20236757,0.15667918,-0.21602574,0.17200923,0.038746357,-0.06338847,0.13209575,-0.22453062,0.17400134,-0.14004959
0.26044655,0.1261956,-0.0026621586,0.2559804,0.09835675,0.10234891,0.18232942,0.2093353,0.17165062,0.05524478,-0.10607577,0.12513117,0.1692084,-0.15875715,0.09184843,-0.02045002,0.21736558,-0.07913798
0.03918904,0.026518548,-0.07148333,0.23121428,0.092737876,0.104991205,-0.18524349,-0.033055864,-0.022692572,0.10170016,-0.10983084,0.126452,-0.28741965,-0.1264588,-0.1970224,-0.31390524,-0.024395531,-0.34331807
0.13906088,0.29547006,0.0922288,-0.11373754,0.44576144,0.22446561,0.37516612,0.32613176,0.033703253,0.11893717,0.30119863,0.021594523,-0.074497946,0.1890862,0.32385206,0.17430289,0.38898695,0.5558548
-0.023951527,0.008641261,-0.33028996,0.069539756,-0.09825325,0.1305573,0.053232428,0.16809413,0.19209588,0.23091358,0.07498268,0.3634082,-0.19563308,-0.065424435,0.18757975,-0.068105444,0.31227022,-0.17492533
0.07376632,0.2736206,-0.030645225,0.009520071,0.23553586,0.24716163,0.30063176,0.5221728,0.09824957,0.14597401,-0.15888415,0.17417735,0.077164784,-0.08694359,0.2125674,-0.06540272,0.35920355,0.025021631
0.15067199,0.111344844,-0.1974603,-0.0914457,0.07728875,0.23045905,0.028152894,0.2827384,0.2760001,0.18315986,-0.015173059,0.14693883,-0.055093456,0.0764641,0.120746836,-0.112722084,0.15539438,-0.1640288
-0.0106406985,-0.03403713,-0.09267732,0.1544277,-0.031417638,0.115528464,0.018681627,0.2146185,0.4223742,0.09460164,-0.004731589,0.32308316,0.055277094,-0.053752214,0.22608973,-0.0070134248,0.35070342,-0.08976391
0.09897308,0.3213204,0.015430217,0.27108228,0.2354211,0.13754234,0.11089434,0.30078503,0.20527467,0.104557395,-0.15063295,0.21580516,0.11535716,-0.094147265,0.1548077,0.00049191853,0.24638155,-0.082931995
0.16230336,-0.10818241,-0.20946652,-0.05120661,-0.031832308,-0.04872036,-0.20554084,-0.0013686675,0.14530838,0.16261622,-0.13066688,0.03917536,-0.19325303,0.01776048,-0.08999221,-0.21673205,-0.11650096,-0.36104125
-0.0067750057,-0.10741095,-0.038152937,0.20943767,-0.13644584,0.13689415,-0.07015852,-0.036904585,-0.047315203,0.21171866,0.026959578,0.19715592,-0.26172656,0.11697831,-0.109656155,-0.27526915,-0.10979663,-0.16301435
0.15273206,-0.100065246,-0.12897071,0.29107827,-0.09101768,-0.1383352,0.23527244,-0.05024581,0.029966159,-0.085637614,-0.01853346,-0.21400848,0.25071394,-0.20378612,-0.011888774,0.24279033,-0.04519952,-0.058871076
0.32236177,0.22167055,-0.13778475,0.06265281,0.1555346,0.34793144,0.034463376,0.28059,0.114017695,0.09084032,0.039564442,0.1885249,-0.061013468,-0.18174817,0.17757604,0.19168401,0.3380096,-0.13378565
0.08611323,0.10248136,-0.26342005,-0.03220907,0.03149204,0.1866345,0.087549314,0.27826002,0.16738752,0.20451587,-0.04080595,0.21239766,-0.12199412,0.0160424,0.09942776,-0.079643115,0.2721918,-0.13562572
0.45848554,0.04682013,0.24784394,0.2541786,0.0030643912,-0.12715346,0.27704695,0.00039982237,0.23914754,-0.16551355,-0.09487738,-0.17832291,0.38460678,0.0717905,0.11343128,0.17629996,-0.068046615,0.093842536
0.105001226,0.19551812,-0.1292423,-0.081896394,0.16186388,0.39406478,0.13006738,0.48935878,0.15512767,0.29228413,-0.13150369,0.20914263,-0.10625872,-0.14857814,0.17929524,-0.17549554,0.28786457,-0.21399948
-0.058999225,-0.1965527,-0.2077379,-0.121855505,-0.17466794,0.08069231,-0.1462036,-0.031313565,-0.012123738,0.15771441,-0.0842645,0.2939455,-0.1087444,-0.10094415,-0.0342505,-0.29983407,-0.0068901232,-0.30103266
-0.06254216,0.08346232,-0.20980144,-0.018144242,-0.004416504,0.20503482,0.15350553,0.37249663,0.08721838,0.3010717,-0.030280594,0.32183394,-0.19513679,0.018588087,0.16061634,-0.12868688,0.28472552,-0.16023451
-0.036478143,0.22985108,-0.072071485,-0.020091843,0.08685805,0.31143126,0.050085384,0.40984014,0.14341614,0.323938,-0.13859841,0.4625895,-0.1639744,-0.11337514,0.16114132,-0.18253857,0.32815662,-0.19889253
-0.08557187,0.17565426,-0.031167831,0.13839194,0.011734003,0.4853689,0.1004455,0.15610997,0.08105595,0.20947352,-0.14645499,0.17579566,-0.1683685,-0.027031701,0.045473777,-0.16299574,0.14143409,-0.29376256
0.1543356,0.33667448,-0.1208131,-0.01478895,0.30814928,0.2460035,0.1962479,0.41384348,0.2626073,0.19458517,-0.048771687,0.19400427,-0.043446414,-0.0528111,0.31888294,0.0136953015,0.39857832,-0.06268506
0.11583569,0.18512145,-0.17571554,-0.24127972,0.26151416,0.29051176,-0.03082014,0.22331995,0.014285192,0.27194318,-0.0035892145,0.14546493,-0.24855506,-0.013770623,0.08382785,-0.3244028,0.12441498,-0.16683555
-0.10755305,0.3306577,-0.047244363,-0.0047950144,0.22807965,0.43692696,0.20705388,0.45303372,0.26722503,0.22948867,-0.054692645,0.3362129,-0.11565215,-0.026053824,0.38123786,-0.07072918,0.49786073,-0.08859623
-0.07452217,0.04470589,-0.31673926,-0.23488185,0.10603851,0.24428843,-0.13818711,0.1674104,-0.020323008,0.21953258,0.06839399,0.21374074,-0.2890815,-0.113826394,0.07854992,-0.24611679,0.16651689,-0.325543
-0.06203562,0.25214732,-0.14485466,0.09470739,0.1460174,0.31474924,-0.038886853,0.32405704,0.16482013,0.19249082,-0.12019895,0.34514898,-0.15561432,-0.028364299,0.081596136,-0.2189978,0.2590937,-0.25776854
0.4218182,0.25989708,0.22148135,-0.005420981,0.22495605,0.31494176,0.06792545,0.37259227,0.105861425,0.24243337,-0.08178732,0.24892011,-0.11944324,0.05062002,0.17153428,-0.18016067,0.19909087,-0.12117138
0.029817717,0.27937645,0.048360318,0.053382624,0.23833552,0.26590088,0.34862882,0.42074597,0.24067928,0.042739615,-0.08068927,0.052101493,0.29134735,-0.06838712,0.2147282,0.21043144,0.23547924,-0.005868106
0.3697325,0.25951403,0.21922953,0.061634697,0.20172805,0.19155335,0.030240979,0.36762393,0.12928252,0.13954683,-0.15297154,0.19332507,-0.08779738,0.008966569,0.032510288,-0.14418209,0.16428743,-0.17254826
0.21292076,0.36897063,0.20570901,-0.11552944,0.34254956,0.23806228,0.1099585,0.3688808,0.15819408,0.17318046,0.08853128,0.31438977,-0.04612645,0.15031081,0.07829361,-0.04225816,0.18786104,0.20238703
0.11714765,0.10849011,0.046939958,-0.048514266,0.044380724,0.20310622,-0.19059059,0.023953825,0.055574924,0.041439854,-0.15893914,0.09076832,-0.26674965,0.0661147,-0.24375872,-0.26340026,-0.15547201,-0.34201908
-0.023388576,-0.022841075,-0.18589258,0.18729065,-0.04805987,0.12336696,0.25853243,0.14175248,-0.09669321,0.11643961,0.12570357,-0.007245934,-0.16294152,0.024302976,0.08793893,0.13866591,0.18909955,0.062484547
0.19561523,0.07600212,-0.29007804,-0.03315266,0.06635676,0.19729945,-0.14757445,0.112455055,0.12487434,0.28399044,-0.074786305,0.2672264,-0.17415157,-0.25478247,0.08721748,-0.19467393,0.2141776,-0.2760449
-0.019662384,0.24040172,-0.11674902,-0.15289047,0.19063997,0.32311445,0.16919513,0.4431197,0.313182,0.21928814,-0.062268086,0.42404583,-0.00024860678,-0.051093563,0.22581731,-0.13708751,0.39104936,-0.14341074
-0.07846045,-0.2652447,-0.28743693,-0.1691606,-0.27625915,0.15890977,-0.03949114,-0.14325304,-0.0011934114,0.15080307,0.06765319,0.10528785,-0.19633055,0.023829443,0.16984317,-0.13422185,0.10666533,-0.13050294
0.18854657,0.2426258,0.34679052,0.5416111,0.20217475,-0.007011521,0.2937556,0.07212468,0.2639535,-0.16889173,-0.12128138,-0.12950556,0.4374532,0.2022067,0.106208906,0.14181606,-0.07542812,0.07788508
0.44688076,0.19151305,0.3729366,0.342827,0.15004644,-0.0404288,0.11994408,0.060794435,0.29942155,-0.13092071,-0.096745774,-0.079662584,0.53080773,0.06469093,-0.05576553,0.02558418,-0.2218794,0.10044152
0.080295056,0.28703564,-0.0047868066,-0.1656003,0.29386353,0.2518625,0.17503363,0.36650154,0.11980468,0.14465189,0.0690376,0.18422586,-0.087886214,0.04711468,0.11019814,-0.15126708,0.25666982,0.12959757
0.14846268,0.30709532,0.27930048,0.26285642,0.35554188,0.18075487,0.3858528,0.15364233,0.18816528,-0.109328404,0.257282,-0.10913606,0.48048407,0.097583406,0.27872714,0.4265253,0.17888728,0.55009115
0.29145372,0.06048766,-0.273171,-0.05613992,0.05866599,0.13511367,-0.04597384,0.19768393,0.1453594,0.168315,0.061350312,0.3113802,-0.12541436,-0.16355225,0.18779325,-0.058757443,0.3471667,-0.1652844
0.11609297,0.3104403,0.10779035,0.17106436,0.22438538,0.23120093,0.19462731,0.16940883,0.1532372,0.03524153,-0.069925755,0.1248223,0.048419446,0.094046645,0.06676816,0.06996243,0.13436505,-0.12427625
-0.045471944,0.1912438,-0.0157309,-0.07154912,0.27133897,0.26311067,0.22899371,0.09324346,-0.063912354,0.08057371,0.3670171,0.10505395,-0.2503181,0.029466659,0.09660591,0.08742139,0.2903418,0.34511068
0.22950277,0.17245887,-0.010625144,0.31526417,0.15817115,-0.02561042,0.26807168,0.18527442,0.25836483,-0.0476233,-0.11643118,-0.047094777,0.44850212,-0.1613237,0.093963,0.155211,0.08421254,0.002203628
0.06434987,-0.2787707,-0.3061651,-0.1443902,-0.22389975,0.07643219,-0.13462254,-0.20852399,-0.21553913,0.06335192,-0.10401532,-0.22198585,-0.20210223,0.03573946,-0.18101105,-0.30309844,-0.20214705,-0.220477
-0.0006657168,0.06670519,-0.22143546,-0.054787524,0.05117947,0.11916099,0.095573336,0.18056849,0.4149552,0.105927095,0.22590113,0.18571153,-0.11342098,0.20568016,0.36974245,0.18269858,0.34405553,0.03395723
0.39815933,0.3593763,0.39954084,0.15210742,0.2823847,0.12924397,0.18004689,0.27759206,0.348718,-0.041568168,-0.09670635,0.024894206,0.44464275,0.2098389,0.07941413,0.032017358,-0.035885844,0.09832206
0.17384794,0.3641805,0.41142654,0.12946671,0.31676906,0.30938947,0.4449261,0.32586265,0.3295812,0.012674644,0.06433603,0.094106525,0.118142955,0.40542954,0.38386524,0.36490148,0.25552675,0.17711139
-0.0018431684,0.21139032,-0.072796404,-0.041135542,0.109152004,0.28152883,0.028962927,0.3806987,0.017917112,0.19906378,-0.20207359,0.24130036,-0.13306916,-6.406731e-05,-0.07773164,-0.22383317,0.116409674,-0.20468228
0.18995579,-0.26817954,-0.1874861,-0.17247207,-0.27860764,0.02583136,-0.16961858,-0.17667891,-0.017846238,0.12982605,-0.06538842,-0.002204978,-0.1803568,-0.011877136,-0.025472825,-0.16814047,-0.12621889,-0.26079166
0.15402311,-0.20210093,-0.09167883,0.18007672,-0.18866245,0.05246883,0.1985148,-0.16931167,-0.11917445,-0.036753923,0.25705037,-0.12559456,-0.12070803,0.045719977,0.11578137,0.2035572,0.1702443,0.27145576
-0.054170914,0.09790479,-0.19243649,-0.05464998,0.04225941,0.33743566,0.08342025,0.41063702,0.081258506,0.26489872,-0.12287937,0.1879355,-0.1126496,-0.2137787,0.08041856,-0.22709371,0.22457129,-0.24333858
0.26319098,0.1581564,0.3496599,0.26291126,0.08965276,0.0716075,0.20214555,0.16672209,0.3062665,-0.13351437,-0.0343033,-0.09895946,0.5454175,-0.02787543,0.09269418,0.26481086,-0.08499606,0.16130121
0.051884804,0.0051853927,-0.20613438,-0.013975259,-0.064896464,0.23784937,-0.19841683,0.028034989,0.15042204,0.26438636,0.07198432,0.28743434,-0.16696441,-0.09730399,0.04106789,-0.24388653,0.052850645,-0.17326531
0.4087652,-0.09060476,-0.24946675,0.08578022,-0.12158635,0.17914578,-0.017557884,0.02321769,0.0900542,0.14694713,-0.011104125,0.08862491,-0.17929548,0.053331286,0.13512409,-0.16496934,0.09996879,-0.25722295
0.023527365,-0.174723,-0.21545297,0.010615036,-0.16494127,-0.015115431,-0.044938534,-0.2600343,-0.0695328,0.13801488,0.008059515,0.032617673,-0.14858134,-0.09872299,0.07858382,-0.116379745,0.010342885,-0.060843945
0.0648705,0.3149836,0.04341165,0.05266256,0.3169681,0.43514442,0.011442969,0.10095474,0.072181575,0.20199287,-0.042160675,0.18530715,-0.1754215,0.18148538,0.105775096,-0.20182925,0.099974394,-0.16638893
0.0737146,0.44915992,0.09023671,-0.037313133,0.35372347,0.33424374,0.30560786,0.3816505,0.24810866,0.12878266,-0.07026024,0.21805593,0.035464097,0.1881961,0.3247574,0.016969623,0.38017505,0.08501114
0.34590027,0.15918311,0.3590722,0.045627795,0.04946928,0.012403431,0.19601028,0.01502436,0.1381205,-0.22530346,0.017227195,-0.13727582,0.3648756,0.1686902,0.071025126,0.07692072,-0.064915046,0.30053663
0.42881805,7.864833e-05,-0.09064065,0.33826676,0.009060359,0.032502163,0.1251153,0.07518203,0.17373669,0.039778866,0.18164095,0.049340323,0.03436984,-0.0908821,0.13189387,0.3614885,0.19737343,0.049431633
0.13396864,0.4984101,0.06372866,-0.10427012,0.49023098,0.38019383,-0.055392455,0.25311816,0.22529306,0.28005594,-0.022790235,0.36315757,-0.20827925,0.16175167,0.17813987,-0.10253641,0.20482554,-0.10012239
-0.08258547,0.35988963,0.19239017,0.11405157,0.21045244,0.23551348,0.018971812,0.22531506,0.09425212,0.1280914,-0.093946196,0.19578528,-0.12078798,0.12336707,0.14033386,-0.097308725,0.0691147,-0.18247627
-0.059204213,0.06118869,-0.13407513,-0.05088584,0.033914194,0.24224135,0.23016572,0.3849908,0.2676973,0.1477049,-0.043566428,0.19160719,-0.040024962,-0.014550662,0.3226352,-0.07641007,0.45237106,-0.0045476975
0.088022344,0.28119832,0.3789277,0.12676495,0.3222974,0.27563256,0.33318168,0.13847724,0.11480809,-0.048666187,0.23783523,0.11452423,0.017931145,0.19129178,0.3073433,0.2019206,0.3872683,0.49632984
0.08719297,0.30176497,0.083783135,-0.06196954,0.24894816,0.37140572,0.2764284,0.2842276,0.09282999,0.14852934,0.1118024,0.20788208,-0.13255441,0.21408996,0.21809839,-0.09601088,0.3145656,0.21047947
0.3724239,0.30887637,0.006692141,-0.07368581,0.19298406,0.29553747,0.1889696,0.46496218,0.09816566,0.2064766,-0.096868664,0.25436017,-0.09990049,-0.03220965,0.23833123,-0.014060689,0.3624847,-0.097056285
0.09541842,0.34609962,0.005586013,0.21034837,0.21975806,0.21666016,0.12791593,0.37884006,0.27769393,0.16762826,-0.0497166,0.29307538,-0.0901532,-0.019876705,0.31720755,0.030860193,0.37479782,-0.12054926
0.04119759,0.13916871,0.12919086,0.071755335,0.01839417,0.098509595,-0.14952698,0.08720955,0.24134743,0.018785944,0.019511461,0.16846362,-0.13789275,0.17252073,0.15552102,-0.005191043,0.072028935,-0.12629627
0.064255394,0.11395715,0.08908452,0.14648533,0.10844093,0.1811429,0.14635757,0.24583465,0.44193506,0.16772988,0.003882446,0.35425845,0.07450232,0.13255364,0.33793655,0.040626787,0.35736206,-0.024739344
-0.038358394,0.15143788,-0.15876928,0.16826421,0.16431446,0.2908777,0.07208991,0.2982474,0.2814837,0.2325849,-0.035482593,0.3626927,0.0414292,-0.113738805,0.19250946,-0.19654469,0.31668302,-0.12234902
0.0672623,0.21091804,-0.12602763,0.13387302,0.1476346,0.15983912,0.2907033,0.3225476,0.14415441,0.075786166,-0.0722395,0.07623343,0.16477051,-0.10511869,0.19668548,0.1321629,0.30675292,0.012317331
0.077421635,0.2154698,0.07286564,-0.103555344,0.28467444,0.26423863,0.39808497,0.2931565,-0.0495648,0.03417653,0.22697021,0.016645264,-0.060978416,0.023700075,0.24350312,0.19029483,0.3889534,0.44540432
0.11483592,0.32268688,0.3079198,0.37550747,0.2953663,0.023173476,0.39605355,0.099740535,0.2731868,-0.18072885,-0.0009713547,-0.15324348,0.41991824,0.2518929,0.19255307,0.2960931,0.05449599,0.24179108
-0.06452916,-0.39757437,-0.3302561,-0.15855783,-0.42288285,-0.18608505,-0.24117345,-0.2857852,-0.2808387,0.11274671,0.05148921,0.14652838,-0.2252156,-0.2859854,0.0018320065,-0.22859234,-0.032259054,-0.13872616
0.27072674,0.32426238,0.055787876,-0.10064422,0.38187647,0.32908234,0.19809979,0.27595705,0.28291708,0.069693714,0.16184509,0.17291051,0.15150195,0.009541325,0.24480988,0.26387396,0.2639874,0.045451835
0.36803713,0.10787332,0.12978081,0.15067253,0.022736847,-0.06031143,0.24385254,0.053091515,0.1290119,-0.18606663,-0.06495058,-0.18207619,0.41133413,-0.059950463,-0.0067814887,0.24416941,-0.069441766,0.096679375
-0.108997285,-0.14108871,-0.18037677,-0.054148868,-0.1989712,-0.0021694445,-0.22347021,-0.03802672,0.1650956,0.1883106,-0.006559703,0.23870239,-0.2275284,0.011243157,-0.15728483,-0.26011056,-0.13966288,-0.31880736
0.14711523,0.1976698,-0.026694175,0.056300115,0.18899627,0.26427582,0.14082259,0.39009297,0.039269987,0.30133194,-0.12386932,0.31024736,-0.13837233,-0.062886514,0.16155504,-0.22638988,0.2953673,-0.15252289
0.19886675,0.102159224,0.13963778,-0.07198419,0.22566305,0.15982342,0.18341106,0.15997724,0.024065271,0.03967903,0.24345145,0.0496867,-0.17338969,0.14019305,0.15223262,0.015739325,0.30861688,0.4152577
0.100995705,0.39418995,0.21210086,0.39535213,0.41615623,0.22306114,0.30005872,0.341406,0.34741282,0.10382341,-0.025678009,0.22665799,0.5072479,0.02476604,0.2525612,0.12095285,0.22418137,0.200023
0.10756381,0.3457201,-0.093861364,0.1858259,0.2768042,0.22695583,0.050754566,0.20563509,0.31947693,0.16311812,-0.039112292,0.29879612,-0.021229401,-0.05042264,0.13057725,-0.020043746,0.25721526,-0.22471318
0.063078836,0.26594046,0.09360543,0.22804451,0.20247093,0.19241707,0.16906944,0.2908184,0.16884233,0.11638655,-0.16457018,0.21382013,-0.09400535,0.042094484,0.15266028,-0.17520684,0.22942701,-0.20663053
0.04891409,0.17234787,0.057939477,0.016364327,0.18916747,0.33039108,0.17558679,0.11251989,0.002008547,0.15006873,0.32909423,0.18035868,-0.15799192,0.192856,-0.012838178,-0.041341048,0.14106366,0.31302285
0.09668431,0.24676448,-0.09664036,0.018381167,0.15575531,0.18981247,0.14923462,0.253272,0.1629436,0.081309855,-0.09483263,0.11148779,0.0484773,-0.045868855,0.027335301,-0.013417549,0.17833337,-0.1918072
-0.001016329,0.23292032,-0.24913824,-0.01053304,0.2079424,0.26917005,-0.15684862,0.14866985,0.23060682,0.16812038,0.21887276,0.4787671,-0.19958511,-0.14688224,0.14089546,0.0774369,0.33026004,-0.16333193
0.05668445,0.17719725,-0.14151329,0.057179473,0.14793524,0.14593737,0.13435754,0.26968634,0.2722374,0.1877923,-0.08522913,0.28945592,0.023122014,-0.111348346,0.1621792,-0.12129682,0.27806902,-0.21671227
-0.15087765,0.09567429,-0.22533888,-0.28222585,0.06737277,0.22100064,-0.12272243,0.19845465,0.10899071,0.14442545,0.010839723,0.3033354,-0.14790606,0.017214034,-0.017703833,-0.3108061,0.10584901,-0.22710532
-0.04737193,0.2771229,-0.1679572,0.10953486,0.2035087,0.26436305,-0.11941731,0.17083019,0.21308646,0.18194239,0.0062948847,0.22876793,-0.16737945,0.14131574,0.09403251,-0.10077186,0.11706595,-0.26679644
0.31304467,0.03153234,-0.04034132,0.41065252,-0.029011305,-0.03325099,0.21492992,0.0073879934,0.2359303,-0.08663071,-0.03653633,-0.04567442,0.28841585,-0.014824906,0.05498618,0.1881149,0.05244668,-0.03947545
-0.0101535,0.22751288,0.20760235,-0.029163765,0.2763486,0.33474565,0.36716446,0.088798955,0.10590906,0.069184095,0.3784095,0.11107528,-0.07437954,0.40699512,0.27281052,0.1840717,0.30718932,0.5059327
-0.02629517,0.257265,-0.09659126,0.020981373,0.19355258,0.26499712,0.28150365,0.33199245,0.10367309,0.076254785,0.12736426,-0.031534508,0.16912863,-0.07585789,0.27637267,0.2888526,0.23359455,0.111685276
0.21477917,0.24272785,-0.03296699,-0.12662849,0.22272885,0.2400057,0.22626515,0.4170605,0.26230115,0.21191368,-0.112630814,0.20317936,-0.11166711,0.00616955,0.2805165,-0.09509277,0.40256682,-0.022892233
-0.029209428,-0.06204386,-0.0069516157,0.0048201075,-0.03500188,0.26671723,-0.027257496,0.032169968,-0.0079299165,0.16521618,-0.06333833,0.102111325,-0.16823384,0.14136261,-0.063335836,-0.2685279,-0.107453525,-0.2760828
-0.055287957,0.102226935,-0.17276712,0.12631659,0.005907009,0.20510384,-0.11455819,0.11271205,0.21732563,0.119120836,0.097020775,0.38116527,-0.18893035,-0.078995444,0.016685357,-0.01216731,0.25812122,-0.14937773
0.0028681932,0.18661112,0.3558121,0.058113646,0.2953838,0.23519559,0.37487304,0.04103891,-0.08055809,-0.07556293,0.30102617,-0.10832265,0.10394184,0.13975091,0.15120497,0.3352057,0.15220934,0.5399415
0.13563684,0.43527144,0.090297475,-0.044821024,0.3926261,0.32301164,0.25758028,0.3971563,0.32045987,0.111198254,-0.015146134,0.14654382,-0.027674923,0.09178955,0.47816092,0.11094165,0.45427746,0.056712642
0.012157618,0.18235603,-0.19983771,-0.028442003,0.03775387,0.31512344,0.14604378,0.33992577,0.16990373,0.23171094,-0.0748169,0.2315799,-0.13270086,-0.017240955,0.15083846,-0.043638583,0.2377702,-0.22531739
-0.09081412,0.112144336,0.05808478,-0.018740945,0.057948872,0.374421,0.23350662,0.18318665,0.029054552,0.15124999,0.032893527,0.1404787,-0.25152704,0.24893484,0.23696625,-0.18281323,0.20609671,-0.05846879
0.1907365,0.07975353,-0.21361978,0.034184992,0.15137857,0.103520855,-0.09720259,0.11963011,0.11695287,0.1983977,-0.078413665,0.24539384,-0.16329207,-0.1814745,0.04291017,-0.16024442,0.23591305,-0.1816102
0.29601735,0.30752403,0.19861601,0.26949263,0.24277063,0.3094754,0.14338657,0.24675065,0.39874884,-0.045891985,-0.01655119,0.14694807,0.37470376,0.04908341,0.17219563,0.22026542,0.16768193,-0.009984599
-0.022169702,0.013414937,-0.15565482,0.09368004,-0.07529056,0.13417697,-0.032186046,0.18860006,0.061540067,0.23523594,-0.030256543,0.21101975,-0.31803644,0.06695156,0.193414,-0.2065345,0.19668534,-0.19420952
-0.060291328,-0.12721995,-0.37389266,-0.07421064,-0.15217474,0.036269616,-0.24014965,0.12122607,-0.00897735,0.26267433,-0.039856844,0.26251426,-0.17961079,-0.064316526,-0.039983585,-0.30121976,-0.03415538,-0.31301582
0.054413654,0.18024491,-0.0763039,-0.17485076,0.2926386,0.14932004,-0.20536742,0.06469841,-0.01100614,0.10847062,0.0504959,0.14536586,-0.22394097,-0.11747527,-0.106512025,-0.28687677,-0.0063725035,-0.18784058
0.16667835,0.20264727,0.17892478,0.23859958,0.13806108,0.14641713,0.079911724,0.30204612,0.3332317,0.022436155,-0.17685768,0.23324181,0.10561027,-0.022566283,0.15553215,-0.04673976,0.22339562,-0.16477093
0.036814786,0.06786384,0.07345292,0.06981523,0.12359061,0.22245082,0.27692062,0.21372442,-0.01477201,0.127414,0.2426047,0.20698938,-0.13699317,-0.019068796,0.19625238,0.08984397,0.41998363,0.38537186
0.07567565,0.28650174,-0.054184217,-0.111269385,0.2626785,0.27146414,0.32227594,0.372288,0.11775635,0.084336296,-0.0186865,0.06719719,-0.026540218,-0.055657875,0.26922432,0.10194696,0.4024986,0.10356064
0.018281195,0.29520696,-0.12808943,-0.12153652,0.19481158,0.31957084,0.17063549,0.3890549,0.24941356,0.24140714,-0.049085755,0.3928398,-0.17185357,0.018816452,0.30840698,-0.047330163,0.4634035,-0.10980785
0.36276025,0.18009013,0.1012825,0.31934792,0.08651349,-0.045693368,0.22030132,0.06585575,0.17652822,-0.15755035,-0.12332518,-0.13117766,0.33565325,0.024305701,-0.004993618,0.0719915,-0.019592356,-0.014343162
0.09858554,0.2851605,-0.09726164,-0.047650166,0.27217165,0.24928583,0.24250877,0.30418026,0.21590959,0.20913348,0.0026414483,0.18257561,-0.15125369,0.06428757,0.33685225,0.0011294554,0.3435298,-0.083437905
0.23185176,0.3486074,0.05731105,0.11126955,0.29299384,0.32993189,0.18588719,0.4419309,0.30673778,0.19497569,-0.12276359,0.34718686,0.20377707,-0.164886,0.26841062,-0.074822605,0.3156978,-0.11100571
0.10128333,-0.02578847,0.043975897,0.20061633,-0.115840636,0.21859127,-0.12646581,0.13171,0.04310809,0.103315726,-0.20452435,0.11994763,-0.23025613,0.10071017,-0.12981457,-0.2736761,-0.024493393,-0.3062187
0.15571558,0.32221228,0.16500768,-0.032240693,0.3032542,0.22489199,0.11261597,0.37383163,0.15075806,0.1321369,-0.08575496,0.09829189,-0.045966703,-0.045258254,0.10155517,-0.17294198,0.12860534,-0.012650725
0.031377994,0.3506992,0.033970322,0.011501156,0.29265636,0.39118004,0.062170893,0.22737849,0.19688904,0.14026666,0.06535337,0.20424068,-0.16488786,0.05250541,0.25273636,-0.011851808,0.29584283,-0.045558296
0.3527112,-0.03447011,0.17258126,0.16407439,-0.11040577,-0.15574613,0.16001391,-0.02486075,0.21736902,-0.14980757,-0.00172632,-0.083600745,0.37656057,0.096373245,0.054197416,0.03139717,-0.07666056,0.15951142
-0.093018815,0.06889344,-0.14160766,-0.09213771,-0.030220754,0.23106988,-0.07254417,0.23954408,0.049455397,0.33492416,-0.028274998,0.4200107,-0.24209332,-0.18194738,0.12805818,-0.21298021,0.22111923,-0.24435571
-0.058792897,0.21170539,0.10385727,-0.02163458,0.136701,0.39143556,-0.014754597,0.38850534,0.110738054,0.29374772,-0.107333496,0.29448292,-0.23404059,0.23968899,0.037008904,-0.30129433,0.08186261,-0.14470777
0.3078261,0.20057774,0.39683634,0.16087186,0.09027068,0.23159334,0.070037186,0.23989938,0.24376643,-0.024696324,-0.013637067,0.15255806,0.05690828,0.14963911,0.08747006,0.078937024,0.07512534,0.016952172
0.08150092,0.1372633,-0.19921404,0.039939366,0.06876911,0.20854443,0.07694462,0.22705725,0.3493489,0.10504961,-0.008845575,0.16777584,0.08458881,0.016778488,0.20238754,0.0031298497,0.2491835,-0.142892
0.07038307,-0.33197844,0.03805629,0.30256382,-0.34145403,-0.20412888,0.23668127,-0.19552815,-0.0441128,-0.18181708,0.15990685,-0.26593554,0.4340291,-0.035827924,-0.049641404,0.26857686,-0.21546349,0.30473828
0.34926617,0.12269966,0.22777526,-0.014181253,0.22472629,0.08149539,0.22307181,0.16928269,0.1940059,0.074312605,0.24776039,0.14809471,-0.070725694,0.10373539,0.2376739,0.14245966,0.33854055,0.42760473
0.10343277,0.15394713,-0.23978806,-0.10799578,0.09428801,0.27255404,-0.19660288,0.2422921,-0.0008502945,0.24094346,-0.11511373,0.29554567,-0.20454232,-0.18767574,-0.06824455,-0.33636588,0.13921139,-0.27952224
0.18810162,0.16344364,-0.048744842,0.22342256,0.07313483,0.15343234,-0.03375969,0.17875327,0.32544956,0.09824985,-0.021847453,0.20509341,-0.036432143,-0.11632465,0.24836826,0.08260554,0.24282494,-0.20695855
-0.128402,-0.09719327,-0.21050128,0.19681078,-0.15566748,0.07308723,-0.19082312,0.12579384,-0.039514437,0.18043894,-0.09128471,0.21274737,-0.05296231,-0.18969956,-0.1681603,-0.33546406,-0.065277845,-0.19585198
0.2196196,0.104949,0.01945161,0.05609992,0.10807052,0.34612802,-0.035839487,0.07400062,0.18104205,0.1024893,0.116879106,0.15990037,-0.24823254,-0.0052486714,0.08766918,-0.003926032,0.19928955,-0.105256245
-0.106298156,-0.0798744,-0.19261055,-0.026679061,-0.088106655,0.058878716,-0.14756317,0.09122987,0.21916628,0.18245004,-0.10458423,0.19516826,-0.22421479,-0.017037334,-0.09685972,-0.31210643,-0.048393033,-0.38732344
-0.0801967,0.13696456,-0.19699407,-0.19160745,0.16201723,0.13095535,0.15166996,0.3667004,0.013780788,0.23446912,0.10173479,0.14955713,-0.19595315,0.034122877,0.2844823,-0.2326732,0.3066519,0.12914832
0.07052653,-0.32983047,0.06935943,0.12724787,-0.2831893,-0.14207365,0.2644083,-0.22145823,-0.13370928,-0.15493643,0.22371858,-0.27725977,0.3984781,-0.006550903,0.0055836337,0.26823092,-0.18800412,0.42240125
0.016199889,0.17797641,-0.09618901,0.20567143,0.07054925,0.09208402,-0.18664002,0.09115131,0.154941,0.10733995,-0.04464321,0.15461783,-0.20521316,-0.026167314,-0.06522494,-0.14688793,-0.009022599,-0.27592888
-0.087114535,0.124727055,0.02213331,0.017166954,0.12710989,0.23117049,0.042949073,0.17113855,-0.025392277,0.21311995,-0.088935316,0.22519696,-0.23634024,-0.07719873,0.054435205,-0.299912,0.17027088,-0.22006962
-0.0662324,0.31389514,0.11090232,0.0008649039,0.22165097,0.23922658,0.1062789,0.1688408,0.095109776,0.0932664,0.07842855,0.18744421,-0.16983527,0.31882685,0.08245661,-0.15435126,0.099491835,0.09886254
0.1165796,0.15822875,0.22115569,0.07841039,0.19144186,0.20337027,0.4676971,0.0064508887,0.078231305,-0.05545586,0.2059778,-0.09508381,-0.02843565,0.26469666,0.38295767,0.34532893,0.33565238,0.40906292
0.05681976,0.24832585,0.050914455,0.17437193,0.19063304,0.2333158,0.07108028,0.30438715,0.3350851,0.08227342,0.03249199,0.1870445,0.32647747,0.036112435,0.12791009,0.06974521,0.12312999,-0.034132533
0.1535424,0.30047116,0.03577102,0.35962498,0.31479144,0.26574194,0.23341104,0.2108876,0.21628022,0.08414894,-0.05681521,0.12635016,0.26963484,-0.037997074,0.17149983,0.044797637,0.21979116,-0.0040883888
0.049227364,0.23026115,-0.0755962,0.13508973,0.20840818,0.09097986,0.2602776,0.15012687,0.22641334,-0.03400585,0.030180441,-0.013093044,0.34941536,0.020319022,0.09219666,0.17012182,0.13871405,0.091331124
0.048226517,0.27741447,-0.1113709,-0.09152809,0.17951402,0.24313721,0.10894792,0.44687596,0.1950165,0.1636767,-0.029157076,0.2827626,-0.11021742,0.02295696,0.22778168,-0.120092824,0.37587515,0.0061829863
-0.049044393,-0.028857827,0.10248671,0.1000354,0.03432586,0.011258799,0.07628183,-0.09880328,-0.032704704,-0.07820608,0.28223836,0.080131516,-0.14258784,-0.020689681,-0.037320666,0.122855276,0.15589549,0.3778289
0.06975679,0.19493096,-0.10898156,0.21832792,0.1460227,0.049465563,0.20033455,0.19444388,0.17018437,-0.04073519,0.010218062,0.02651995,0.24076065,-0.06504214,0.14300856,0.19441311,0.23766486,0.08058599
0.082243435,0.3852554,0.008570321,-0.071828246,0.31980574,0.32054952,0.19756323,0.5283283,0.14961258,0.21831423,-0.12483464,0.17128491,0.010704014,-0.0408659,0.25648272,-0.1043109,0.30389106,0.013806455
0.023386054,-0.12714586,-0.1777215,-0.011708523,-0.055973075,0.14574376,0.16395916,-0.09054397,0.005412852,0.039918788,0.25380564,0.056457087,-0.06690955,-0.03890443,0.19755693,0.192506,0.22747985,0.04710421
0.056593165,0.4367668,0.08767252,0.065816484,0.3813632,0.32861024,0.119589694,0.31041706,0.3570861,0.1415433,-0.07524994,0.27149063,0.039677463,-0.06448825,0.21304184,-0.06820151,0.29058087,-0.12672481
0.09958136,0.30242348,-0.05982434,0.052229606,0.24112739,0.40325648,0.10660825,0.16318615,0.1231211,0.20747162,0.094726905,0.17402829,-0.24628031,0.004522447,0.17017329,0.0033420944,0.2821855,-0.14973742
0.09743968,0.2881286,0.15757793,0.27302495,0.2483237,0.211355,0.26702562,0.28624249,0.18272555,0.1147846,-0.0935546,0.18544789,-0.061173,0.08785768,0.19882214,-0.04665534,0.25187185,-0.13624024
0.11012806,0.5586342,0.11252211,-0.09377744,0.57561755,0.44414562,0.07198767,0.41081685,0.21283942,0.28745764,-0.0025594053,0.36037642,-0.06843339,0.13581502,0.33730084,-0.14501795,0.3289076,0.017227229
0.43965906,0.2537011,0.34165546,-0.03586022,0.19920549,0.364443,0.17418346,0.34127274,0.23408012,0.052985948,0.042571723,0.22940007,-0.11157842,0.11382872,0.26555836,0.10898473,0.34583783,0.035912506
0.28197876,0.25488505,0.011657741,0.28967237,0.16871145,0.15670237,0.27419195,0.18921813,0.070438,0.00072363205,-0.054925412,0.02262668,0.09334394,-0.14268178,0.21480326,0.24832532,0.28826702,-0.022799606
0.27691668,0.16250107,-0.1381565,0.10552263,0.12783945,0.16516376,0.05481977,0.21232447,0.35913587,0.050282378,0.0141951265,0.085485764,0.28575772,0.05951024,0.095163755,0.048254624,0.093711376,-0.097085595
0.24701351,-0.17087914,-0.12839803,0.49891573,-0.21693528,-0.18596643,0.04393735,-0.14931405,0.17282067,-0.13193849,0.0029632803,-0.09165065,0.3690349,-0.0734853,-0.084219396,0.067611806,-0.13903509,-0.04887326
0.42758185,0.103905946,0.48736525,0.11376114,0.11961506,0.13146195,0.21938509,0.14746654,0.13206306,-0.013860554,-0.034060165,-0.022923963,0.007155185,0.40221238,0.14596887,-0.07981898,-0.027878959,0.12718675
-0.032350823,0.024887767,-0.26303685,-0.14160067,0.10062542,0.30046308,-0.030254608,0.12246346,-0.028153982,0.23419116,0.065803885,0.18818986,-0.28654915,-0.062246732,0.12392659,-0.24647927,0.17862147,-0.23966959
0.04149717,0.106705114,-0.08606173,0.22600392,0.054857913,0.09769845,0.23070803,0.17468283,0.22396727,0.07498895,-0.047534026,0.12988749,-0.038153492,0.11488168,0.22574955,0.063667774,0.30732778,-0.057155084
0.06860875,0.24990907,-0.10553262,-0.07416587,0.1584577,0.24955484,0.25642353,0.4439667,0.13530198,0.17198455,-0.11792721,0.14962399,0.009336357,-0.11781531,0.18830188,-0.0030464008,0.2989353,-0.11352996
-0.07836655,0.22107977,0.04850827,0.055484306,0.19865231,0.47623542,0.15584663,0.26773745,0.31000495,0.10264963,0.17090869,0.33551687,-0.05847461,-0.16330755,0.29232132,0.27479625,0.4438065,-0.0024506885
0.110703334,-0.29430455,-0.29641652,-0.10082674,-0.3412008,-0.02956122,-0.20045857,0.14129783,0.057247147,0.1624173,-0.051676042,0.30254477,-0.2623921,-0.08391365,0.028392695,-0.17947401,0.1584191,-0.2511915
0.16392115,0.20179185,0.055148613,-0.026693603,0.2150552,0.3789523,0.15973072,0.17271341,0.05295492,0.13890705,0.3035596,0.19009611,-0.17561059,0.119381666,0.16824663,0.033672452,0.32109275,0.3215996
0.03072908,0.1365133,0.1378707,0.06529963,0.09641895,0.17585096,0.26157236,0.26146632,0.013406087,0.18093625,0.16598615,0.32894152,-0.1922313,0.065972134,0.23717654,-0.051720675,0.38974804,0.2934458
0.42123222,0.32320964,0.22600673,0.14676952,0.25475737,0.17807837,0.3299667,0.23447803,0.23890907,-0.092896946,0.0064007076,-0.08507228,0.42535475,-0.021603629,0.23541382,0.3833658,0.15082893,0.1644935
-0.05422128,-0.14354742,-0.36120802,-0.15845224,-0.12767452,0.073804386,-0.049806133,-0.0011486122,0.05749247,0.13939705,0.07548228,0.05303052,-0.24335282,0.20848444,0.16026703,-0.22020006,0.10309294,-0.11981677
0.38756567,0.23444425,0.1977853,0.037497133,0.21049489,0.11107923,0.40083256,0.29394764,0.13148294,-0.055694614,-0.06716538,-0.0979324,0.361367,-0.08937639,0.26329207,0.29106238,0.24665663,0.20526141
0.09615838,0.48838905,0.29300347,0.2451329,0.44677216,0.17418995,0.3206029,0.40632394,0.32076222,0.019253386,0.028815567,0.15300974,0.41368943,0.03383838,0.22215211,0.274532,0.23795253,0.23722881
0.11758008,0.24702995,-0.023034329,-0.09578642,0.24938895,0.37785518,-0.058168605,0.22729059,0.060885206,0.16511238,-0.0919929,0.2593752,-0.13534918,-0.14009222,0.02320348,-0.2625541,0.15846992,-0.240116
0.11318861,0.2309325,-0.04835906,0.13594976,0.22724819,0.08083593,0.32862806,0.16401035,0.20600119,-0.019784953,0.00016652397,-0.039529018,0.3333068,0.0048723705,0.16458194,0.18425241,0.20380291,0.12632412
0.21089119,0.32924384,-0.121786684,-0.07406484,0.2832436,0.16272381,0.15362407,0.38825798,0.20262876,0.22043577,-0.018679501,0.19677034,-0.0064815595,0.13157177,0.15666293,0.049424395,0.2377408,-0.012820054
0.21243158,0.032179866,-0.19912226,-0.021464732,-0.046680678,0.03463209,0.040986482,0.1517518,0.1276009,0.19560525,0.02687101,0.15837933,-0.13407019,-0.19251698,0.052587345,0.16565356,0.12413794,-0.17387608
0.20816793,0.22785738,-0.13152756,0.030784223,0.2333141,0.11049176,0.016870825,0.29632175,0.3283093,0.18626557,-0.075849965,0.16622387,-0.04724691,-0.128357,0.14152238,-0.09936547,0.20746914,-0.23629248
0.15936095,0.13063149,-0.16121386,0.0059112995,0.10578185,0.09473298,0.13330573,0.29238206,0.109801024,0.1743179,0.13302027,0.25436312,-0.17473713,-0.14683348,0.28242695,0.040218502,0.4151643,0.033523154
0.18405381,0.34026483,0.40577477,0.16585992,0.355909,0.20317146,0.26696157,0.15519561,0.20976959,-0.09321225,0.24341527,0.025229992,0.14450483,0.18626866,0.29567438,0.35876602,0.1667557,0.31524622
-0.11844632,-0.018316718,-0.3682993,-0.17693332,-0.122949,0.14857343,-0.050933033,0.2891656,0.1764265,0.2072632,-0.034392104,0.34586954,-0.21282704,-0.10138787,0.18213162,-0.18299788,0.3885015,-0.14989188
0.09686202,0.22797471,-0.105355546,0.33222735,0.1686373,0.15851592,0.10303332,0.18425474,0.20734319,0.02463391,-0.015604613,0.12116751,0.24713024,-0.119025774,0.07836658,0.10324239,0.16278726,-0.08701466
0.27197284,-0.16494405,-0.06912564,-0.03391505,-0.03567395,0.035793852,0.13817114,-0.061893716,0.0753946,0.022714507,0.2236804,-0.070240214,-0.22701356,0.030559458,0.22839166,0.34133062,0.1858347,0.005895231
0.15988329,0.08081672,0.10956704,0.23250937,0.17584726,0.101985246,0.26387638,-0.006313569,-0.0692705,-0.07365231,0.28091624,0.009624649,-0.12049046,-0.087907836,0.11690831,0.39703232,0.31350616,0.28828144
-0.061466396,0.37518674,0.032313544,-0.11765266,0.34458706,0.33777612,0.15274468,0.51455814,0.2521958,0.26110741,0.048455887,0.42748928,-0.017885674,-0.113254115,0.23692381,0.013312634,0.36821052,0.014476739
0.22784905,-0.084421374,-0.023518095,0.26363045,-0.055529375,-0.08972256,0.1424618,0.009528386,0.2692906,-0.08930048,-0.0021747823,-0.059721082,0.32790074,0.0430158,-0.011583174,0.067933634,-0.054623343,0.0059552677
0.048000053,0.2973566,-0.022800539,-0.0573288,0.2617514,0.4363739,0.029973408,0.36786428,0.15990806,0.20163062,-0.0408864,0.2625084,-0.19676058,0.023078563,0.21886829,-0.19256662,0.3021412,-0.21035141
0.48128802,0.18372594,0.16917871,0.05218689,0.16317502,0.13062634,0.29733524,0.11656317,0.15722291,-0.19643652,0.11069949,-0.2530537,0.4320777,0.13317849,0.09570458,0.321532,-0.010421531,0.2432335
0.41423166,0.3788048,0.14150268,-0.089219645,0.27121034,0.2860502,0.13277645,0.4123459,0.2889151,0.1793837,-0.068197176,0.3240738,-0.073740214,0.07121718,0.34465003,0.09517594,0.4374451,-0.06768562
0.4469084,0.37466127,0.26019746,0.14727668,0.31807372,0.084273756,0.26807976,0.2618992,0.36986613,-0.070307314,-0.07546785,-0.09622986,0.4898032,0.022680866,0.16388774,0.20726334,0.028698646,0.10226192
0.16245794,0.12170741,0.22030318,0.013658723,0.22203428,0.16641688,0.3704806,-0.033105496,-0.061557382,-0.069560125,0.26720563,-0.10086627,-0.07833362,0.28699574,0.21500948,0.16806382,0.21965078,0.48094177
0.46715972,0.20921306,0.046598524,-0.1381144,0.15925935,0.25600052,0.061946236,0.4487764,0.23889863,0.15499827,-0.07684749,0.25957385,-0.06774858,-0.042774886,0.17524153,-0.06538125,0.3497298,-0.10035306
0.30971444,-0.015301639,0.14330687,0.2827012,0.029089611,0.11507504,0.02550721,0.14468369,0.2536535,0.18388274,-0.04985133,0.22341342,-0.10656913,0.15428805,0.041347023,-0.24654177,0.005543717,-0.19089952
0.4269756,-0.052853055,0.3335718,0.2171106,-0.018439166,0.021556221,0.11727315,0.07422055,0.26381922,0.088687405,-0.07342353,0.09491924,-0.07838807,0.23695555,0.17906874,-0.08191885,0.049732648,-0.035515666
0.020581055,0.2085935,-0.06516443,-0.0492042,0.17682092,0.37249994,-0.07996361,0.24520503,0.02021797,0.20470557,-0.060888745,0.24635959,-0.13111612,-0.19687423,0.0785929,-0.20209068,0.20998895,-0.18091273
-0.04937361,0.24735907,-0.21545915,-0.03142331,0.13664332,0.24412176,0.24686402,0.38411888,0.26035383,0.21789066,-0.051801153,0.24421263,-0.105449475,-0.06383032,0.38028157,0.037490472,0.47887293,-0.08877939
0.39562935,-0.18823686,-0.19703966,0.12182436,-0.2064358,0.05593973,0.11001997,0.070653565,-0.123548955,0.0053681894,0.16950709,-0.0009426554,-0.0472893,-0.26929563,-0.025367677,0.32137853,0.121293284,0.0027479567
0.10483647,0.13162355,-0.13642773,-0.023100704,0.055312805,0.15579037,0.09395334,0.19652691,0.19731854,0.12674531,0.03839659,0.13817862,-0.048725914,0.18945056,0.0826015,-0.026112266,0.13775012,-0.08069279
-0.06407358,0.19634466,-0.08980285,0.13406253,0.120560125,0.25100666,0.34254265,0.2387513,0.11660805,0.13375887,-0.032717086,0.13498366,0.004437088,-0.052991915,0.23146181,0.122328505,0.34138933,-0.063950695
0.24338916,0.31172395,0.18995836,-0.08281833,0.21849036,0.21703473,0.18844849,0.26805204,0.11132549,0.074131034,-0.020752512,0.054371186,-0.031680502,0.09174268,0.035978064,0.17466041,0.048301175,0.009007197
0.106539026,0.22930366,-0.087324515,-0.15654156,0.2844005,0.25992772,0.099246725,0.3603181,-0.023933671,0.25753856,0.15944663,0.3405586,-0.17444366,-0.100837395,0.15590242,-0.1280545,0.3659506,0.101894885
0.17772725,0.037788883,-0.007832437,0.22771823,-0.027157024,0.10229239,0.18450993,0.08572966,0.074004844,-0.08740373,0.082233906,-0.1187654,0.39385837,0.065770045,0.032779295,0.11529578,-0.05330381,0.18406132
0.018593036,0.15969095,-0.12078719,0.3606125,0.10805103,0.03726781,0.22447218,0.106999725,0.1419535,-0.011267413,-0.08025938,-0.024054838,0.3250795,-0.043203283,-0.0024706137,0.010414691,0.048384972,-0.03738096
0.32994714,-0.3346794,-0.27365828,0.04497707,-0.37202108,-0.004308399,-0.075863004,-0.16075036,-0.18690291,0.10234976,0.126167,0.0052114855,-0.28321475,-0.16183259,-0.048626713,0.12619713,-0.019003397,-0.18759295
0.08015019,0.23541787,0.081096455,0.225003,0.18017659,0.3997026,0.048756257,0.2726651,0.16177699,0.14975077,-0.16117308,0.18398355,0.009466067,-0.11512114,0.07501739,-0.1909469,0.16896206,-0.20756048
0.13676473,0.107791804,-0.12020716,-0.1320583,0.074765734,0.2846158,0.09732787,0.47134796,0.2124068,0.19973862,-0.01631859,0.16740257,-0.07960724,0.06103884,0.15643533,-0.07992016,0.18521127,-0.049269557
-0.032924563,0.05696343,-0.11501556,-0.09927048,0.07167005,0.08547474,0.14819032,0.10930795,0.08868532,0.16079938,0.24041921,0.15198532,-0.15898234,0.23092762,0.16068596,-0.11570615,0.21736906,0.26687825
-0.09708078,-0.10748722,-0.19635576,0.09845428,-0.17155343,0.13723597,0.09865092,0.19522347,0.080587655,0.27022946,-0.112373896,0.2726918,-0.21109377,-0.031229548,0.17818998,-0.276397,0.22266056,-0.26692325
0.0043870592,-0.011102294,0.04601785,0.02600492,0.00705346,0.10622507,-0.21409532,-0.035796404,0.32916284,-0.026284399,0.17436373,0.1121474,-0.096158996,-0.011822602,-0.023335025,0.0014409577,-0.025068149,-0.10572088
0.38143635,0.25917315,0.012120478,-0.009467881,0.22077101,0.2411083,-0.14833865,0.24473505,0.016489018,0.16120093,-0.12659365,0.141925,-0.15427348,-0.21059796,-0.03517934,-0.200808,0.08678215,-0.20227385
0.024015738,0.14800033,0.09484832,0.12672505,0.17477821,0.27713805,0.23658529,0.20372643,0.40676242,0.07091208,0.17841479,0.26220092,0.066006765,0.0011553001,0.34543788,0.13147478,0.42721617,0.11888516
-0.012939391,0.07692371,-0.26236194,-0.07110137,-0.052797254,0.19794428,-0.23307925,0.2290102,-0.0067825317,0.19636205,-0.1346246,0.22493458,-0.17118028,-0.20747879,-0.15246257,-0.29036915,0.039965168,-0.28499764
0.21445936,0.13952816,-0.1180481,0.03986356,0.10948401,0.25160939,0.017045463,0.28052709,0.30258226,0.2291485,-0.053548485,0.27508554,-0.24388087,0.09887659,0.27655908,-0.10736951,0.3301267,-0.23525119
0.05501504,0.32580262,0.020581143,0.32893246,0.2227019,0.2035628,0.15276033,0.1593336,0.2219882,-0.011645255,-0.13133903,0.045729168,0.28793716,-0.09973458,-0.0037836358,0.029907418,0.095335186,-0.10266565
-0.03247161,-0.08342938,-0.17602324,-0.1288134,-0.021961626,0.16287848,0.23282622,0.075268574,0.08143891,0.09090315,0.28746015,0.1437067,-0.25037235,0.16305606,0.33317727,0.0029716166,0.4424288,0.19981527
0.04401753,0.12613001,-0.0031724726,0.11032698,0.12098561,0.16584066,0.14738798,0.25545692,0.24059688,0.21666948,0.022189654,0.38476053,-0.09335321,0.06267127,0.19012052,0.023623312,0.3412852,-0.08313967
0.19999507,0.3762958,0.051102392,0.079928264,0.29741892,0.3380888,0.14542344,0.46891755,0.2774744,0.18868175,-0.08182021,0.32181087,0.15037128,-0.113911495,0.24185392,-0.05265458,0.29674923,-0.08977474
0.039049704,0.016689159,-0.32062465,-0.07503779,0.16252781,0.0821999,0.04195241,0.07101214,-0.022166431,0.24541757,-0.05449178,0.09661761,-0.14084813,-0.11934382,0.08311178,-0.18150848,0.1384462,-0.21087855
0.19178697,0.22087032,0.13248238,-0.070770085,0.33384454,0.22025281,0.41097975,0.2594194,0.108599186,0.07485637,0.1913836,0.036640376,-0.02403533,0.21466279,0.3614369,0.14473629,0.43709022,0.48617414
0.015476335,0.18480578,-0.18492973,0.04815571,0.14607492,0.07324416,0.28538916,0.29726097,-0.08232228,0.11187352,-0.08067469,0.012879162,-0.025639959,-0.26419604,0.13826214,0.12539206,0.2944669,-0.050413657
0.087335765,0.11461866,0.08813839,0.20383482,0.10537744,0.18110846,0.32302067,0.021294232,0.051329076,0.0039932923,0.21389663,0.030339794,-0.017365163,0.2045613,0.3086294,0.18880299,0.31773466,0.37981355
0.11367093,0.18364635,0.053730223,0.13257484,0.123767465,0.10449373,0.330273,0.37488598,0.08915129,0.039482955,-0.12774305,0.0023975223,0.25122935,-0.18452959,0.12849498,0.15600637,0.20172828,-0.0044678706
-0.029515017,-0.12546462,-0.27159318,-0.20227629,-0.12308276,0.009752036,-0.2084271,-0.20606756,-0.20022695,0.03433079,-0.12026914,-0.1377534,-0.12897316,-0.04256031,-0.17662734,-0.19785427,-0.23006389,-0.2196237
0.29094642,0.27235997,0.1382196,0.024107326,0.17217737,0.1438585,0.2271487,0.22109427,0.056461334,-0.057204545,-0.06438467,-0.0030632187,0.08290339,-0.06741817,0.089129075,0.20824319,0.15516606,-0.0004879292
-0.058148537,0.06286064,-0.1493363,-0.0312502,0.03634218,0.32088667,0.08167365,0.51058286,-0.0020015007,0.31451398,-0.1078808,0.28017232,-0.043130346,-0.07070907,0.10185787,-0.21509543,0.20222145,-0.11669612
0.0679528,0.19555205,-0.0005179439,-0.1354264,0.21563585,0.26018143,0.2706604,0.14633998,0.017421555,0.1241063,0.24548298,0.061294653,-0.17433207,0.32659236,0.24274181,-0.11318289,0.27523333,0.36107123
0.38163188,-0.12716848,0.23272526,0.35110146,-0.1467289,-0.06036444,0.3568033,-0.03904053,0.068101734,-0.17325294,0.040486693,-0.22850572,0.43091974,0.05994823,0.029108427,0.24868286,-0.14779004,0.19333437
-0.07370436,0.26512206,0.26051745,0.2014884,0.22029242,0.25707263,-0.014217934,0.24014662,0.156058,0.06582855,-0.1999637,0.13667575,-0.112028,0.16611299,-0.014852731,-0.23687315,-0.008916769,-0.22075626
0.0012590224,0.3399214,0.2691126,0.22955054,0.22420001,0.15668154,0.35602415,0.32214785,0.1631768,-0.041010533,-0.07191593,0.080843076,0.4198878,-0.11370771,0.30229133,0.22697327,0.2820763,0.24847378
0.26294792,0.15173188,0.15394443,0.049908526,0.1958163,0.09835763,-0.06311216,0.09645243,0.36959532,0.0850761,0.008448163,0.20398551,-0.095126554,0.15112796,0.07305968,0.0022705263,0.06391695,-0.11973346
-0.24475913,-0.27999672,-0.36473292,-0.031257216,-0.36185887,0.08608301,-0.26930082,0.0075041745,0.09038143,0.16301437,-0.09898722,0.3108564,-0.29096994,-0.11799513,-0.13588682,-0.3642558,0.004979425,-0.40894789
0.23284319,0.3772375,-0.111785844,-0.10161999,0.36710882,0.2466381,0.10829675,0.4856417,0.27608556,0.22415726,-0.13197744,0.21851364,-0.0147066405,-0.11305456,0.29313427,-0.115615964,0.3679256,-0.11564122
0.42451793,0.2912597,0.49328458,-0.07851623,0.2678578,0.37378907,0.11487248,0.23843214,0.13461752,0.055973,0.02663546,0.08468405,0.00014336733,0.36137527,0.055475533,-0.10214828,-0.026452905,0.113465905
0.056131892,0.14555758,-0.13134211,0.12834601,0.123447075,0.10964273,-0.07918109,0.3695374,0.18240327,0.23155588,-0.076841034,0.3082779,-0.19191861,-0.050798163,0.08439288,-0.20388117,0.18343651,-0.23852627
0.079809174,0.35951084,0.13681129,0.08562878,0.3550877,0.24835603,0.32615298,0.34965444,0.25292838,0.07243611,-0.012910995,0.01492317,0.36320215,-0.10606083,0.27887592,0.321326,0.19825737,0.11558892
0.15535358,0.3198477,-0.02039826,-0.16454081,0.30288482,0.2960788,0.104657054,0.4743595,0.2120192,0.17266178,-0.137,0.2549991,-0.02845043,-0.16449393,0.23261821,-0.09306963,0.38656315,-0.032002326
0.095273726,0.4089415,0.22437203,0.10491277,0.310601,0.34878337,0.09050511,0.39427894,0.27685958,0.033767592,-0.09526642,0.2750308,0.26690334,0.03329474,0.1513176,-0.05626473,0.20354597,0.005380788
0.11843905,0.37418187,0.07780442,-0.12875715,0.36071506,0.317195,0.21108091,0.4631816,0.13889846,0.22041437,-0.02109607,0.14684801,-0.097661376,0.31438464,0.122955345,-0.2368286,0.17197731,0.18572205
0.047690205,0.38535434,-0.012628583,-0.022096446,0.35076725,0.16959584,0.18553111,0.41442418,0.20591208,0.19571365,-0.07497679,0.34771824,-0.037855983,-0.045230217,0.31151342,-0.007605483,0.45804286,0.021191703
0.040052637,0.19924968,0.13925251,0.37755805,0.14406382,0.13645923,0.4044395,0.094967306,0.12954783,-0.10182363,-0.05404196,-0.090323806,0.40937498,0.01764514,0.09717943,0.2155216,0.07116261,0.112265736
0.21643443,0.52709514,0.16519421,0.021807231,0.47722068,0.34869927,0.00095916446,0.28208232,0.2566479,0.19253787,-0.036616135,0.31064677,-0.030433442,0.0677487,0.23217244,-0.10849087,0.23954666,-0.08808701
0.08425599,0.44653147,-0.07086932,-0.020207293,0.3847779,0.23553976,0.16210848,0.4030681,0.26541308,0.18390085,-0.13397643,0.2878251,-0.039712306,-0.07876246,0.29970968,-0.032590408,0.4152739,-0.12080553
-0.1970008,-0.33939224,-0.2410693,-0.22409704,-0.36356297,-0.07761952,-0.16408938,-0.18182486,-0.16383663,0.0648811,-0.1328655,0.00930104,-0.19661638,-0.30308935,0.0146226855,-0.18582058,-0.030333454,-0.1765199
0.18609959,0.1121583,-0.23250806,-0.043201238,0.046167705,0.22842197,0.022075526,0.38740242,0.114495024,0.20022684,-0.06557061,0.32770142,-0.13790058,-0.20111582,0.13237964,-0.100828655,0.3808387,-0.19959034
0.03958948,0.17830071,0.040338278,0.0640417,0.16442677,0.34188873,0.038241982,0.22315422,0.09048684,0.18225572,-0.13003339,0.17709291,-0.08254337,-0.040775694,0.07532385,-0.22192308,0.10559213,-0.22120078
0.02947176,0.32827616,0.34980083,0.24351189,0.24984992,0.2152414,0.111060426,0.1561476,0.07111885,-0.010287545,0.01012785,0.12996897,-0.00872222,0.1168807,0.00892696,0.061204053,0.0035470421,-0.04716737
0.3444285,0.335657,0.35613823,0.07793699,0.38536945,0.17006865,-0.045834705,0.14943108,0.11828386,0.18134011,-0.06645752,0.098424554,-0.16257432,0.3225005,0.021516858,-0.10140189,-0.049841277,-0.04841286
0.0783093,0.26432097,-0.038265165,-0.02907836,0.20054981,0.21496062,0.27811688,0.30688828,0.17522591,0.10433701,-0.042087283,0.107177086,0.055087604,0.08096735,0.21395996,0.09505801,0.29830945,-0.010400428
0.47414356,-0.19222353,-0.1544916,0.12304469,-0.23204808,-0.06212008,-0.20231144,-0.21889307,-0.07471943,0.1313217,-0.03830056,0.10054396,-0.18277487,-0.12590328,-0.17213798,-0.15485787,-0.13363165,-0.23184513
0.36683828,0.30274206,0.40271184,0.17541961,0.19761576,0.24902429,0.14349467,0.16565827,0.3064499,-0.13892552,-0.03715121,0.041376114,0.37730226,0.27911338,0.13663933,0.05199743,-0.010536438,0.10254869
0.078962736,0.38558328,0.06689567,-0.08980638,0.35981894,0.3241022,0.2789771,0.55917275,0.2368924,0.1890392,-0.12673905,0.2628277,-0.056796,0.07771981,0.37150443,-0.1284638,0.45707244,0.024460863
-0.011832394,0.19102758,-0.104505636,-0.10090411,0.2110888,0.29375744,0.16294047,0.34713507,0.24074805,0.14976357,0.18403032,0.32458347,-0.26647425,-0.020687658,0.3120355,0.0021654572,0.5232053,0.006897024
0.28813148,0.26698416,0.009021008,-0.04450996,0.1884,0.1983119,0.056971375,0.33812386,0.10852489,0.08963092,-0.062722474,0.2033692,0.026177004,-0.19836196,0.0889434,0.044531025,0.2615911,-0.069311485
0.43026444,0.062245496,0.21565878,0.39831063,0.00013309717,-0.07647781,0.2156077,0.034517772,0.24730505,-0.16855715,-0.07858655,-0.09275678,0.4026687,0.050669525,-0.025219005,0.04542271,-0.08601189,0.046271157
0.17522326,0.07421523,-0.23736964,0.050391786,0.027352236,0.1920703,0.07959683,0.32616824,0.10248181,0.26057404,-0.07944539,0.18080635,-0.1472629,0.09987247,0.09377362,-0.21928191,0.13076942,-0.21686211
0.27142859,0.16598698,-0.107603624,-0.031510584,0.1680132,0.24973467,0.05751306,0.35239595,0.1730861,0.21054526,-0.013715918,0.15836945,-0.13648355,-0.101152115,0.11656842,0.0058082263,0.21307589,-0.17117818
0.54285514,0.23199487,0.32454258,0.21820863,0.20466444,0.081841365,0.2278924,0.053593446,0.3070398,-0.17001492,0.09480335,-0.18433324,0.3434599,0.045969903,0.15405537,0.43763787,-0.016756194,0.1836464
0.027733484,0.34006682,-0.035685293,0.19855465,0.25574514,0.29938394,0.23176388,0.3974995,0.27206546,0.17455027,-0.11918895,0.26766837,0.06359751,-0.11515033,0.31679893,0.023948368,0.43319058,-0.08483666
0.18098423,0.28127205,-0.06455117,0.18719111,0.20184094,0.3712545,0.27994326,0.32035905,0.16872136,0.06610653,-0.04076382,-0.020371906,0.24174243,-0.16353068,0.17280903,0.21696965,0.19833308,-0.085103594
0.16581482,0.030781716,-0.25415432,-0.1139797,0.07800938,0.24696454,0.014225034,0.16033548,0.16780324,0.25822544,-0.0968658,0.1562078,-0.15119544,-0.1516582,0.1208878,-0.16996883,0.20789202,-0.24453124
0.10852796,0.3489232,0.053531673,-0.1800055,0.32559952,0.3731284,0.23265707,0.42980433,0.16614452,0.1770974,0.01989163,0.30565083,-0.098793074,0.075039215,0.3067528,-0.069805905,0.48072138,0.13983902
-0.06300996,0.034394708,-0.22100957,-0.084569395,0.0030400995,0.2463308,0.21261148,0.38617474,0.22207116,0.15953112,-0.014383132,0.166679,-0.1193417,-0.010886934,0.2851835,-0.124610275,0.41987944,-0.02924192
0.35933214,0.33225793,0.018688016,-0.15233082,0.21489093,0.29426992,0.24236579,0.40133786,0.08450721,0.19093639,-0.040018268,0.17160583,-0.12261339,0.053393558,0.20536396,-0.000524702,0.29107493,-0.065369025
-0.07274105,-0.3301956,-0.40650976,0.018286655,-0.3571071,0.008214233,-0.08384757,-0.051673174,-0.07649772,0.11451033,0.100652836,0.116465926,-0.27676105,-0.066663295,0.12064527,-0.12170565,0.155807,-0.16285989
0.106737986,0.17965423,-0.056978375,0.31044468,0.09980525,0.022689164,0.12551335,0.040774662,0.1433979,-0.052253377,-0.10586953,-0.07884159,0.22458571,-0.035883937,-0.043843254,0.042722285,-0.019509617,-0.101598404
0.33844376,0.08282979,0.05294311,0.3876119,-0.016343655,-0.0071000876,0.19295976,0.038614515,0.22869638,-0.09991212,-0.08768307,-0.03182497,0.25607225,0.052127235,0.04229218,0.10945591,0.03936364,-0.027568411
0.3439596,0.4078522,0.10863568,-0.019160151,0.3984546,0.32942593,0.028523726,0.327608,0.18523473,0.20004256,-0.029898796,0.123421475,-0.043900363,0.3007323,0.14000557,-0.16742033,0.06471923,-0.016304718
0.22233066,0.16763666,-0.03149715,-0.016042499,0.19877702,0.09137878,0.33623093,0.31884438,0.22889178,-0.005499009,0.011061195,-0.109706186,0.3295246,-0.07258069,0.31484723,0.3104685,0.2831189,0.15636636
-0.025372483,0.178101,0.29515547,0.27538514,0.11049573,-0.011665288,0.41743794,-0.00908383,0.16316256,-0.19102253,-0.0034280699,-0.20317969,0.41138586,0.31103104,0.13223541,0.05265081,-0.070338495,0.2809477
0.060480736,0.04967824,-0.23690107,-0.20906174,0.18948954,0.112768054,0.03429253,0.1353617,0.08223884,0.2882195,-0.033891864,0.11154418,-0.16560075,0.1608534,0.20223287,-0.24092144,0.09104944,-0.10790973
-0.08431111,0.16720626,-0.031659454,-0.23405464,0.1710753,0.31803724,0.18816906,0.2992139,0.23542745,0.16543238,0.12566318,0.10640594,-0.23676792,0.39779893,0.24355799,-0.024266487,0.21591896,-0.022748698
0.012190098,0.13648024,-0.15233877,0.03663449,0.121656254,0.24579065,0.19944069,0.40736192,0.11833939,0.13360149,-0.07995699,0.1532067,0.028641043,-0.19872718,0.10371667,-0.04131879,0.31759185,-0.04182589
0.0456258,0.21008278,-0.07750453,-0.10460543,0.21038388,0.3588816,0.42725968,0.36235297,0.03232951,0.092902265,0.12714966,0.07736034,0.041803464,-0.020402836,0.40957358,0.1774275,0.505523,0.27886224
-0.020067478,0.11191357,-0.16966148,0.31593633,0.048136193,-0.03800551,0.18995708,0.04229044,-0.027211884,-0.08334632,-0.04392211,-0.076890804,0.2922424,-0.14397937,-0.01442193,0.17604226,0.0870152,0.0573454
-0.0339432,0.034280553,-0.21418805,0.22544192,-0.049653478,0.072228976,-0.28346187,0.09994164,0.1351029,0.114276126,-0.01637059,0.28214148,-0.12666191,-0.1319052,-0.089202195,-0.19573429,0.03003389,-0.26911587
0.12777331,0.3459726,0.055072356,0.27122676,0.2932487,0.18159321,0.18146965,0.19085741,0.30067828,-0.02081128,-0.12478026,0.024914924,0.3170289,-0.06707809,0.081630655,0.077489376,0.124193385,-0.07695143
0.03874618,-0.52148205,-0.24376243,0.13278799,-0.45898923,-0.25455198,-0.14064537,-0.24738948,-0.16772506,-0.098472446,0.20614824,-0.09481189,-0.12822106,-0.363797,-0.18018782,0.16511005,-0.14124379,-0.07742226
0.044046342,0.2318022,0.11782639,0.17829001,0.15306506,0.08551998,0.33652818,0.3817479,0.116888255,0.012506562,-0.16902539,0.059804708,0.25972685,-0.16634789,0.17201743,0.12269076,0.28238833,0.05194007
0.15118021,0.17729735,-0.013746787,-0.052331004,0.14318979,0.11905446,0.02675546,0.3603264,0.17352901,0.17202255,-0.13741305,0.19544259,-0.071883164,0.0036122496,0.09310008,-0.23079628,0.17885241,-0.20424461
0.06173466,0.17572781,-0.054032147,0.29469115,0.09928341,0.009156498,0.11873715,0.061659656,0.13760683,-0.07186473,-0.106187046,-0.0838921,0.26444164,-0.05118347,-0.052129906,0.03241446,-0.02372283,-0.085975096
-0.046797864,0.18801418,-0.035438895,0.124221176,0.16468346,0.17011699,-0.010939259,0.061508823,0.32279077,0.14760366,0.016636664,0.22767884,-0.27321535,0.337273,0.162931,-0.1437625,0.123286426,-0.19130158
0.134719,0.30148983,0.10763313,0.24912673,0.25519973,0.17468253,0.17785165,0.30786222,0.099255055,0.08114824,-0.05261893,0.14852232,0.10694897,-0.08640985,0.13842002,0.05374842,0.26603138,0.01065787
0.21132967,0.30464354,0.1978285,0.09829278,0.1667506,0.21582967,0.122227676,0.2594252,0.21174765,0.061719265,-0.06961419,0.19845915,-0.009664377,0.070814475,0.23259062,0.016136024,0.23853415,0.021920457
-0.07728909,-0.09917593,-0.2495785,0.1731228,-0.13256831,0.1469253,0.03510755,0.08179717,0.14637595,0.11559108,0.10949503,0.11587251,-0.17747134,-0.18817833,0.19817466,0.11847466,0.27441153,-0.17814222
0.40976053,0.0950606,0.3196183,0.32444167,0.006441185,-0.058792125,0.04999898,0.05970224,0.3259668,-0.17694268,-0.102498926,-0.06822338,0.46586448,-0.05200759,-0.048480935,0.05447559,-0.15789957,0.00027843844
0.47421622,0.2217009,0.0046806186,0.11266742,0.23477432,0.41983777,0.017641326,0.16859005,0.16104794,0.25784904,0.014116024,0.22174339,-0.21696806,0.1701942,0.07795852,-0.15701231,0.11575237,-0.21184087
-0.027433135,-0.041541323,-0.16383576,-0.055212624,-0.14058979,0.17692682,-0.03893922,0.11958812,0.26168442,0.14166331,0.08123578,0.31735402,-0.23883067,-0.05437309,0.07359633,0.0016408481,0.23931937,-0.22703603
0.054625127,-0.082690045,-0.1212243,0.13035947,-0.10704069,-0.16212764,0.17363128,-0.089710265,0.104708925,-0.08739536,-0.016545724,-0.16709416,0.25267816,0.047489446,-0.00010744156,0.043396205,-0.08250266,0.015458839
0.2223053,-0.099489,-0.11029622,0.31242675,-0.07911202,-0.015593645,0.055997863,0.25022027,0.31375664,0.11778036,-0.06469104,0.1116108,0.14257851,-0.119990915,0.11810203,-0.055091813,0.120804675,-0.15848348
-0.025594834,0.11165777,-0.07956385,0.16225596,0.016978223,0.16283193,0.18130341,0.29786772,0.27257764,0.09005341,-0.046559438,0.18297979,-0.027208202,-0.012047566,0.2015908,0.03879851,0.3213205,-0.16589442
-0.08032872,0.06311917,-0.22984898,-0.114122644,0.08022838,0.31242108,0.08807519,0.16407749,-0.035123892,0.1928373,0.30911684,0.2934832,-0.30218938,0.062741235,0.13001989,-0.23446988,0.32175747,0.06388642
0.1379895,0.3059734,-0.0615905,0.051462337,0.23577234,0.23963307,0.17217305,0.40654063,0.13873798,0.075052015,-0.15148774,0.1656625,0.054549806,-0.16609901,0.12987393,0.061665397,0.34721524,-0.11038908
-0.044495992,0.08833881,-0.1926106,-0.09927295,0.08424682,0.1550124,0.31238014,0.3945264,-0.010297573,0.12295692,0.0037994513,0.045940544,-0.07437694,-0.049673334,0.27627772,0.018148702,0.39534503,0.092914134
0.20638376,0.40485242,0.20720324,-0.1348024,0.3613829,0.39933223,0.03591326,0.35499173,0.18718332,0.12783104,0.062002994,0.21918492,0.04047279,0.04813627,0.14183211,-0.034477025,0.106552064,0.056446224
0.06887068,-0.020563636,-0.29288018,-0.038545668,-0.12157191,-0.004014031,-0.21918616,0.15198582,0.06259368,0.24500746,-0.050963048,0.4075942,-0.18806285,-0.25988513,0.03583543,-0.18860283,0.18471113,-0.2711688
0.1854755,0.39838952,0.17668258,-0.16409068,0.40115148,0.29057297,-0.009027492,0.18432844,0.2147844,0.053613544,0.20080438,0.05205991,-0.1269388,0.3810826,0.053091105,-0.06338838,0.004851016,0.15427753
0.49549732,-0.037824698,-0.029152075,0.10527487,-0.11600012,0.20248029,-0.083001524,0.068076804,0.09498051,0.11038747,-0.11437088,0.08883785,-0.15047455,0.008370077,-0.035198174,-0.11749046,-0.043797188,-0.34515515
0.07773457,-0.1624859,-0.27402836,-0.10192436,-0.2074427,0.00611536,-0.10051159,0.10721048,0.14302787,0.2401526,0.0066897706,0.35268825,-0.31161186,-0.029286977,0.21754172,-0.06365189,0.2684188,-0.24112889
0.2696232,0.21148652,0.056377444,-0.09940066,0.22293064,0.24177736,0.3451409,0.2890576,0.19851822,0.08304117,0.0624465,0.058211632,0.046534643,0.082532376,0.3490657,0.12200421,0.3535862,0.105156414
0.4294255,0.38149852,0.40010193,0.0015021199,0.36005232,0.30687356,0.24382289,0.35906368,0.25277835,0.07283822,0.1125021,0.26249447,-0.006062311,0.23984231,0.32306898,0.11914255,0.3815262,0.31460515
0.26166752,0.3311972,0.1972956,-0.065117784,0.2330991,0.17355241,-0.028237447,0.3128488,0.048380688,0.075548925,-0.17534375,0.1231392,-0.12092595,0.13384457,0.048714474,-0.1888467,0.090032026,-0.08009549
0.2559908,0.18930896,-0.12323314,0.0884194,0.19099689,0.18578774,0.01410289,0.3021474,0.082646474,0.28937837,0.0030884654,0.19031376,-0.23033315,-0.010948923,0.15446194,-0.14960667,0.14541584,-0.19264589
0.4970565,-0.010354856,-0.16664813,0.32212186,0.011298114,0.14884141,-0.014071482,0.08124232,0.19464944,0.19689444,-0.044590473,0.1854603,-0.08149691,-0.17156486,0.081183486,-0.016444156,0.1264317,-0.33041948
0.06299936,-0.16377522,-0.08636995,0.18988541,-0.23295172,0.032004002,0.242594,0.009461014,0.040442497,-0.11430529,0.14318511,-0.18259394,0.20738736,-0.056312636,0.068985865,0.32333663,0.01797289,0.14117196
-0.047847897,0.17199534,0.079616666,-0.0014490697,0.17891812,0.32198167,0.177596,0.14322627,-0.052736044,-0.0015056985,0.14037937,-0.01539273,-0.103739664,0.033202276,0.1137899,0.14258288,0.12701748,0.05245988
0.11199984,-0.31337804,-0.29138243,-0.27938023,-0.29261738,-0.051692814,-0.27844316,-0.09120338,-0.043905713,0.11534913,-0.13968313,0.07223892,-0.20267381,-0.3339514,-0.112281114,-0.23477864,-0.03830809,-0.35722166
-0.055519134,0.14283255,0.25495076,0.28267664,0.022515696,0.19005138,0.11835091,0.17034087,0.19990747,0.044833086,-0.0057544434,0.19332704,-0.1600677,-0.0006149453,0.2218103,0.03339445,0.245368,-0.036703736
0.2944031,0.22440885,-0.064660326,-0.058665432,0.24466875,0.17147896,-0.11427813,0.2008777,0.20925727,0.1795275,-0.10840064,0.15637913,-0.14577706,0.03915603,0.0088549685,-0.13069272,0.097833805,-0.21751148
0.026376048,-0.18097457,-0.18443856,0.044933975,-0.17192617,0.28158638,0.05051312,-0.0028300164,-0.04382197,0.20870622,0.02460237,0.15011053,-0.22014377,-0.036772687,0.1221464,-0.23103179,0.1296295,-0.19616044
-0.13814914,-0.2663245,-0.2400868,0.029758167,-0.28102666,-0.10458057,-0.1910027,0.1033559,0.00999022,0.16223876,-0.12631509,0.051311493,-0.20560983,-0.07532556,-0.1033286,-0.38103116,-0.1192725,-0.2240739
-0.05983429,-0.04750672,-0.10700379,0.4469306,-0.11728057,0.046536297,0.28612357,0.24892925,0.19763768,0.054052576,-0.07504834,0.0026095435,0.416676,-0.1687576,0.10312641,0.12240301,0.08232882,-0.014066718
0.15673253,0.26865232,0.1690543,0.061672676,0.14574338,0.28389937,0.17952687,0.27524775,0.064703375,0.046429865,0.077531576,0.14865871,-0.12978396,0.1022042,0.08363967,0.16012685,0.19847876,0.0063632126
0.47950062,0.27084392,0.23286971,0.12254818,0.20988534,0.2425695,0.043944933,0.20994075,0.16190855,0.045804612,-0.04060244,0.08524728,0.028696591,0.028222222,-0.05317605,0.049070973,-0.039410513,-0.16301487
0.08871518,-0.24462402,-0.21939453,-0.064546466,-0.2197482,0.06438927,0.17865813,0.1154859,-0.06358653,0.070279144,0.07991021,-0.0602166,-0.15210372,-0.0027035614,0.32875365,0.023926621,0.2713114,0.00937071
-0.14581609,0.17101592,0.049261592,-0.025233854,0.06481631,0.20013162,0.21090543,0.17683524,0.06322233,0.080943115,0.08186817,0.16500922,-0.17230558,0.26588604,0.118166104,0.022337671,0.15860672,-0.0039018295
0.4385699,0.223171,0.3717871,0.044002548,0.124445446,0.2126697,0.077337444,0.17560738,0.25286537,-0.026967417,-0.11353564,0.029807724,0.03340138,0.3510205,0.04690835,-0.036795337,-0.075474754,-0.118145764
0.4754702,0.37724605,0.2766616,0.024260297,0.32948634,0.22964032,0.26897144,0.4599476,0.4083073,0.09531523,-0.052074157,0.19061054,0.46046072,0.009313956,0.25647563,0.1643529,0.17682284,0.13962212
0.12168707,0.12869155,-0.028175015,0.21508542,0.1372726,0.18862233,0.25729185,0.3219535,0.16191715,0.1560715,-0.123525046,0.23774266,0.063518964,-0.11359828,0.18821299,-0.026168333,0.36918923,-0.050850146
0.0064433366,-0.0406074,-0.28188497,-0.03699556,-0.05894713,0.08675097,0.14018963,0.2652128,0.07236813,0.20251425,0.09252619,0.14515379,-0.1632168,0.20715594,0.27619493,-0.15733239,0.25181705,0.04289993
-0.0027593905,-0.08056041,-0.2965359,-0.11781852,-0.1239083,0.099083394,0.08585258,0.27775043,0.34617007,0.19186813,0.044442937,0.20839192,-0.20398663,0.091628894,0.37341315,-0.0062141735,0.37227532,-0.14384843
0.041991573,-0.011649347,-0.10138214,-0.05795833,-0.091996744,0.32358915,0.023417093,0.12840442,0.097136065,0.23532337,-0.025561992,0.20028652,-0.33866948,0.25388908,0.07070279,-0.27851185,0.1109094,-0.19208176
0.43582994,0.31557477,-0.026823698,0.13425097,0.29176262,0.32775772,0.018208824,0.36137402,0.16446975,0.25491235,-0.060364626,0.23385529,-0.08026734,-0.027278883,0.13911116,-0.117615685,0.20875785,-0.15573487
0.09471573,0.25021195,-0.0596801,0.0839255,0.1762127,0.10730897,0.0752541,0.2991065,0.32849914,0.119797856,-0.034748808,0.27026466,-0.08878335,0.032830697,0.23886454,0.07677368,0.3459458,-0.136451
-0.021645518,0.2867611,0.02697633,0.08513239,0.1794173,0.32497418,0.20775422,0.39527065,0.2245461,0.08876498,-0.06013421,0.20525551,0.054846376,0.14487724,0.1394349,-0.1351214,0.14982966,-0.13968697
-0.07779683,0.15153323,-0.16336334,0.0010933718,0.039373018,0.2412954,0.2378147,0.3741139,0.21955752,0.22658996,0.039249428,0.26177335,-0.20940536,0.23381156,0.23044392,-0.11571123,0.33754933,-0.050035704
0.2943679,0.23346281,0.0765177,-0.059515286,0.27425888,0.29264706,0.07471893,0.32061362,0.14410953,0.24989688,-0.13109154,0.15845722,-0.076365784,0.019469498,0.115087,-0.22709394,0.15114535,-0.08612904
-0.026072128,0.009669957,-0.33230346,-0.12622918,-0.08435047,0.30969822,-0.029860802,0.20063996,0.15503132,0.2879216,0.015836336,0.42003623,-0.23755328,-0.010863601,0.1610458,-0.2030097,0.30876863,-0.2169263
0.26738006,0.19781065,0.1482207,0.4047804,0.18954095,0.026816411,0.3546226,0.012946917,0.31090963,-0.16444665,0.01924913,-0.19028336,0.37736,0.15413448,0.094135284,0.25028554,0.0007728003,0.14258358
0.0037465286,0.27294564,-0.091468014,-0.03620419,0.27484113,0.30194703,0.34076586,0.51875806,0.10417403,0.22901666,-0.06676988,0.16444945,0.038851008,-0.124029554,0.23481083,-0.015985359,0.36225128,0.027718367
-0.059750672,0.21372028,-0.1116793,0.01827114,0.07203352,0.29502398,0.17496789,0.434376,0.16256435,0.18733504,-0.05070006,0.27828145,0.013698241,-0.10475395,0.2515419,-0.038145695,0.3692546,-0.03244835
0.21651821,0.28573513,-0.029598445,-0.04933198,0.15223195,0.30259132,0.025122408,0.33862782,0.25694343,0.26306778,-0.112490915,0.2589748,-0.12690297,0.11450098,0.1499712,-0.16424814,0.19399175,-0.13521308
0.25065833,0.1811768,0.50737506,0.22219764,0.09940624,0.13075796,0.28167814,0.17318426,0.25526345,-0.07471446,0.013224778,0.11950774,0.1385518,0.30723113,0.30877465,0.055236414,0.16463603,0.19167832
0.4488478,-0.1821076,-0.023332242,0.15519318,-0.16383517,-0.055415057,0.1599652,0.10288944,0.15203801,0.063857384,0.12312201,0.019213917,0.06528181,-0.05522439,0.085693955,0.28308636,0.026234148,0.010838699
-0.08179372,0.30573142,-0.053893767,0.041217066,0.18906751,0.30109996,0.070964955,0.13674755,0.14627297,0.18722385,-0.036638863,0.12860663,-0.31028956,0.14869991,0.1724862,-0.052096047,0.1467271,-0.25832164
0.28606164,-0.087465644,-0.19419485,0.1226712,-0.17957291,0.012424156,-0.034200884,0.09991286,0.18347985,0.12340347,-0.04185245,0.2131781,-0.124833375,-0.013091443,0.082955554,-0.10226376,0.18104208,-0.21179104
0.08702017,0.3956374,-0.029281927,-0.09611777,0.29363564,0.36902726,0.0253543,0.39984357,0.35520142,0.1473144,-0.18279636,0.3021598,-0.07612778,-0.016723905,0.115052626,-0.1914638,0.2682611,-0.22581077
0.10744527,0.23642594,-0.12543096,0.06168307,0.1364126,0.19726056,0.17983495,0.36244315,0.14557697,0.21234542,0.035731178,0.35472986,-0.084616624,-0.012031007,0.15536019,-0.097366795,0.26869732,-0.09831889
0.54827815,-0.19930455,-0.1615184,0.114710376,-0.109387875,-0.010098677,-0.08390424,-0.18454206,-0.134689,0.1347382,0.016189039,0.027912125,-0.18683621,-0.19093925,-0.06269626,-0.06016531,-0.03703109,-0.19780165
-0.057837382,-0.2523092,-0.27250177,0.08425984,-0.28732055,0.00502884,0.017569117,0.053518552,0.10441017,0.1862782,0.15288737,0.3337807,-0.3361156,0.009629459,0.3135308,-0.05318767,0.39003706,-0.0872902
-0.015313604,-0.31527925,-0.100956775,0.15502587,-0.2542817,0.065704145,0.12962443,-0.15123889,-0.15110895,0.0159459,0.23715451,0.06158614,-0.11831759,-0.13694955,-0.039468043,0.2753573,0.07404705,0.032258607
0.23051852,0.1342288,0.06382481,0.35922018,0.07932092,-0.030702144,0.31498456,0.14317428,0.12507725,-0.070888,-0.013947162,-0.042298526,0.48416117,-0.12313439,0.13019368,0.07152113,0.11874687,0.23051777
0.026758008,-0.37462062,-0.038964964,0.07222004,-0.32163864,-0.08237305,0.06900562,-0.35024738,-0.19275273,-0.095034584,0.465444,-0.1164269,-0.10697853,0.0035989569,-0.1223941,0.12468958,-0.11647166,0.32978767
0.049251683,0.011448406,-0.019767702,0.12523633,0.013341765,0.26123378,0.3058182,0.14256889,0.014115908,0.07252279,0.26363876,0.15337744,-0.18793923,0.019174337,0.30010617,0.1684532,0.45285046,0.2144781
-0.0057578534,0.21423775,-0.10165046,-0.081758186,0.2088184,0.28474435,0.2333485,0.3695184,0.1143343,0.17136168,0.1075587,0.1399892,-0.21185286,0.0034756726,0.41390085,0.052462544,0.439579,0.077630855
0.22673336,0.2506438,0.16806304,-0.06957835,0.32292396,0.23374346,0.17947097,0.32374132,0.23616315,0.14033419,0.0709464,0.14315632,0.063572735,0.13588265,0.1347147,-0.11501061,0.16802709,0.20918939
0.04407528,0.33687383,0.11207057,0.11037193,0.27712268,0.41186994,0.30911952,0.45620537,0.13125965,0.22023416,-0.13797534,0.2736739,0.028433684,0.026681848,0.30089712,-0.1254701,0.3772661,0.032771274
0.14565879,0.20993109,0.08524321,0.25714555,0.1952762,0.15108153,0.10118391,0.25771415,0.18854442,0.23002216,-0.11247863,0.24087086,-0.16419786,0.099445224,0.18538517,-0.23939997,0.20237865,-0.15496236
-0.1857246,0.20753719,-0.034778796,-0.1380555,0.10585034,0.3839602,-0.015895875,0.29645202,0.2350054,0.21287006,0.060096443,0.44999492,-0.2751205,0.15304682,0.05861462,-0.23502733,0.2135085,-0.19396733
0.011508719,-0.24506709,-0.1378471,-0.10398506,-0.25745615,-0.15478125,-0.27504387,-0.12854896,-0.11636005,0.1191003,-0.06509136,0.08377446,-0.20063591,-0.24993965,-0.15387648,-0.20796397,-0.20180058,-0.30070198
0.49457747,-0.113390125,0.08915551,0.1281037,-0.10700444,-0.14913823,0.060678236,-0.0042402726,0.23984703,-0.1310222,0.027615935,-0.12665254,0.3520708,-0.14634179,0.021565141,0.2570605,-0.10082705,0.07079208
0.021819778,0.23284674,-0.06591579,0.112884626,0.1602851,0.12917933,0.32112598,0.40634322,0.08125202,0.13020311,-0.08171436,0.20708542,0.030547135,-0.1332129,0.3024217,0.1455028,0.44045848,0.003209656
0.2472032,0.39662826,0.28881162,0.25902608,0.40935838,0.20152295,0.3049866,0.45940498,0.2875166,0.08126269,-0.06738188,0.18173727,0.25280163,0.008679545,0.27864555,0.22674699,0.33406338,0.15022445
-0.066837914,0.12873892,-0.06338802,-0.00019730139,0.101784684,0.23696202,0.2266807,0.39828303,0.049873427,0.2616216,-0.06755996,0.3018157,-0.16572674,-0.0360249,0.12996443,-0.13773338,0.33633974,-0.045643326
-0.079058334,0.2514277,-0.056197874,0.033821467,0.15190588,0.28122598,0.23548292,0.4897052,0.081832945,0.21723422,-0.13073209,0.16649824,0.054547094,-0.07176186,0.2708612,-0.06669755,0.3253253,0.0018515959
0.03470008,0.077427745,0.22845885,-0.034911744,0.085741565,0.20627588,0.33903968,-0.01912593,-0.10738981,-0.15517338,0.27671093,-0.1495921,0.04577504,0.05222772,0.03477943,0.28385335,0.04892599,0.27855998
0.06639237,0.29206482,0.123782255,-0.117986165,0.30425382,0.32973087,0.21488568,0.20579731,-0.012783632,0.04407312,0.3066345,0.18049443,-0.21667993,0.07629728,0.18761311,0.12161998,0.40346292,0.403601
0.09316167,0.46518028,0.40950716,0.07623903,0.45937213,0.318814,0.20456362,0.35014826,0.42085314,0.1385916,-0.030758506,0.24478886,-0.09049687,0.5241455,0.30968997,-0.038885504,0.17746991,0.07967602
-0.06489636,0.35496333,-0.09540807,-0.032232124,0.24943262,0.38545942,0.059756406,0.26679617,0.17305143,0.10100163,-0.054469872,0.17493841,-0.121054366,-0.039072238,0.17612016,-0.023667693,0.2743495,-0.19536838
0.50156444,-0.030898795,0.20852166,0.27558088,-0.050317273,-0.010744751,0.15632892,0.050706707,0.22887391,-0.122088596,-0.054748505,-0.031873226,0.20271538,-0.08993918,0.08014121,0.26540607,0.045640618,-0.041378036
0.057018716,0.2492637,-0.015175716,-0.17205864,0.2478571,0.25251788,0.36599433,0.28636202,0.023260597,0.023168834,0.1494091,0.054441847,-0.03986513,0.020780992,0.2821871,0.13918173,0.39833295,0.20227823
-0.042413313,0.3693151,0.16203639,-0.00032714568,0.26149848,0.32959148,0.19630095,0.41379195,0.17851996,0.12519413,-0.11386551,0.26882097,-0.14804146,0.09725312,0.30124164,-0.11301297,0.43917853,0.10615676
0.23095787,0.40772802,0.42999268,0.23418577,0.351798,0.10207528,0.36952364,0.3409443,0.38356188,-0.0948704,-0.023543768,-0.056372795,0.59645295,0.1205312,0.22100309,0.33685303,0.061826337,0.34812427
0.025682244,0.3315796,-0.06477877,-0.13047677,0.24704283,0.31301966,0.14049317,0.5165129,0.18919638,0.23459351,-0.12535208,0.39286363,-0.026557354,-0.045048483,0.18514174,-0.1506665,0.3245472,-0.09301566
0.052593246,0.30966973,-0.101636395,0.19340116,0.21900646,0.17092258,0.23072709,0.21301916,0.17099264,0.05489406,-0.11385184,0.036492243,0.25513902,-0.10030018,0.0877178,0.07562077,0.15892445,-0.065963954
0.405066,-0.12991425,-0.24628471,0.098052666,-0.12032117,-0.09093447,-0.07671435,0.103755996,0.056436278,0.075498566,0.0740011,0.07395123,-0.082370065,-0.19368502,0.047309294,0.050258152,0.11063214,-0.1556052
0.020487558,-0.2309791,-0.052833416,0.00807678,-0.20045921,-0.032571092,0.28441614,0.01739122,0.12604468,0.039092254,0.22877292,-0.005523249,-0.14213794,0.29289153,0.3425463,0.22816464,0.20302235,0.16458704
0.033717394,0.18333454,-0.23875432,-0.068327054,0.13300547,0.29892528,-0.036206808,0.43801132,0.24746986,0.18374956,-0.091999575,0.22865373,-0.14016184,-0.16055834,0.11342245,-0.16406211,0.30880165,-0.2405782
0.045167007,0.05500807,-0.31310362,0.052877277,-0.009283797,0.14453363,-0.10409066,0.191886,0.080005065,0.27043986,-0.082950845,0.20550466,-0.27176437,0.009360225,0.077908486,-0.30821687,0.13351287,-0.30084482
0.2630334,0.27734095,0.06712958,0.053080156,0.21901289,0.06764504,0.25907195,0.15814891,0.14291622,-0.097415864,0.08291446,-0.08281843,0.32669002,-0.074547246,0.1983859,0.26826566,0.20364124,0.28438067
0.0372294,0.28057706,-0.12804228,0.19062963,0.1842806,0.14399537,0.1806248,0.20531002,0.17285177,0.024536036,-0.11588058,0.02100607,0.24760294,-0.11487451,0.03847861,0.037472397,0.11552933,-0.10302736
-0.0010716273,0.18244264,0.10796398,-0.039218254,0.21014622,0.26229763,0.37696347,0.22727117,-0.027127942,0.1279256,0.19081244,0.11587866,-0.044951938,0.14154354,0.25011122,0.037387792,0.331903,0.4418403
0.015569981,0.1908817,-0.10632279,-0.06478666,0.14001629,0.2387822,-0.032748632,0.13864064,0.16869661,0.092427716,0.22935271,0.22236496,-0.23208393,0.025401417,0.11200874,0.04652735,0.20147297,-0.06394627
-0.028759103,-0.33654937,-0.20882013,-0.027740892,-0.22730382,-0.052381735,-0.113106966,-0.2858886,-0.15425202,0.0983678,0.09934233,0.03762169,-0.32123694,0.02031347,-0.074214704,-0.2814331,-0.13334765,-0.20406154
0.14629969,0.05954133,-0.23436272,-0.07703723,0.1174351,0.14398676,-0.13051456,0.12796757,0.21277569,0.17952475,-0.063885756,0.18827583,-0.1662455,-0.0813438,-0.01486789,-0.1996898,0.09069523,-0.27810103
0.15578958,0.045287106,0.10133329,0.25416347,0.034144968,0.24570489,0.08803882,0.15645394,0.3340398,0.013558746,-0.04409743,0.18406262,0.1374594,-0.09201343,0.070956975,0.009153296,0.18037751,-0.14367121
-0.021375295,-0.047912423,-0.018676357,0.093163654,-0.013001389,0.21051477,0.40131563,0.14531794,-0.017060155,0.07298829,0.18770543,0.052552663,-0.17726983,0.07843965,0.2934561,0.2389203,0.4378476,0.23786469
0.35049474,0.34188932,0.24972019,-0.056384265,0.33477393,0.25335276,0.27792144,0.3547919,0.23551908,0.05258511,0.12963894,0.19613804,0.04066789,0.16654691,0.34902954,0.054009944,0.4020515,0.29249895
0.11702722,0.09163609,0.16192411,0.07762333,0.037830368,0.11251616,-0.021564756,-0.06695003,0.04459931,-0.09445594,0.35983083,-0.004264201,0.042062238,-0.05805428,-0.03867854,0.3350153,-0.055566862,0.2175822
-0.010601668,0.19504844,-0.015070878,0.19532302,0.095155075,0.25270134,0.09589289,0.336192,0.26197115,0.09744735,-0.108120464,0.38118118,0.061020948,-0.012526546,0.17494774,-0.03002346,0.3781262,-0.108941525
0.118693896,0.17045337,-0.08126743,0.1739241,0.19824769,0.19902426,-0.1522775,0.037727986,-0.0034627754,0.106461935,-0.10861849,0.104312904,-0.19603264,-0.06154678,-0.12650679,-0.25457016,0.0067510107,-0.25784808
0.007371009,0.25809485,-0.10049933,-0.10907304,0.1465945,0.32298768,0.09271808,0.4254539,0.0965216,0.21885642,-0.036824767,0.26336437,-0.14781713,0.08506385,0.16379878,-0.24363208,0.28880373,0.017185645
0.2774356,-0.019242017,-0.055187732,0.31986707,-0.051968753,-0.00058276765,0.067919746,0.057913937,0.35587266,-0.011679191,-0.0008002978,0.05708219,0.3493243,-0.037031375,0.025054157,0.15119302,-0.029252652,-0.076189265
0.13931003,-0.15833503,-0.001671806,0.29349595,-0.16330205,-0.17039189,0.1596824,-0.056577116,0.32014233,-0.072116256,0.06255086,-0.119032234,0.4706388,-0.08864887,0.08958323,0.21447316,-0.14433885,0.06284323
-0.004292098,0.19378528,-0.09864242,-0.1368306,0.17579228,0.34490773,0.15733725,0.29650366,0.12872308,0.21843548,0.011362468,0.27559352,-0.16933669,0.033681937,0.20401114,-0.22537838,0.31452793,-0.069082946
0.05797171,0.15891206,-0.051709794,0.044347946,0.058759823,0.10190891,-0.014836563,0.14727901,0.41466916,0.10794519,0.057409152,0.13359332,-0.07561688,0.09291602,0.27047533,0.13094653,0.20433606,-0.058356456
0.029170865,0.1558995,-0.06080296,0.27134562,0.113467015,0.28653967,-0.06597035,0.12441334,0.23089737,0.11325055,-0.05605703,0.1776358,0.07623114,-0.065080225,0.085105285,-0.0889992,0.08931604,-0.21820489
-0.082518116,-0.14621568,-0.3233681,-0.09414092,-0.19146469,0.24212852,-0.15343341,0.23393524,0.18712622,0.21390772,-0.068596415,0.39844918,-0.21046117,-0.2809958,0.09921789,-0.16209692,0.25133422,-0.4004224
0.39252707,-0.015729722,-0.19461268,0.20366636,-0.061077967,0.14353313,-0.011867924,0.05041867,0.17788734,0.16598374,0.022153206,0.23867401,-0.20188785,0.03551504,0.07902712,-0.119778804,0.19857082,-0.2150282
0.06087932,0.34639615,0.15591791,0.137182,0.24366081,0.43072432,0.22843024,0.26664993,0.21341023,0.084319554,0.09028657,0.22163469,-0.09788385,0.0665178,0.37619036,0.35261583,0.43903184,0.049688768
0.063079454,0.1578959,0.1626786,0.25481546,0.07721251,0.026494615,0.2793294,0.015250363,0.13339509,-0.19698572,-0.0063318107,-0.16322705,0.34944868,0.119412005,0.09338086,0.15987647,-0.038825482,0.10512783
-0.11437233,0.23328358,-0.19542482,-0.08369091,0.11233297,0.29733986,0.08535176,0.28816038,0.1259489,0.1524165,0.10047653,0.2989543,-0.19208002,0.01044952,0.1728121,0.048068516,0.34974134,-0.055713955
0.12473618,0.3622533,0.030828442,0.16723421,0.24777487,0.120489396,0.23782241,0.39040458,0.25345042,0.026939943,-0.2029171,0.029311836,0.4416818,-0.10418929,0.12573414,0.09797932,0.1377597,-0.015599134
0.333495,0.17434412,0.07449144,0.35792214,0.11599009,7.333327e-05,0.23567224,0.067674644,0.2649806,-0.06429069,-0.017310562,-0.047169283,0.2202527,0.24491489,0.15029639,0.21128419,0.060469404,0.04690718
-0.08821164,0.12250888,-0.1996837,0.08059707,0.0053899153,0.2687061,0.12989782,0.3212213,0.27757353,0.17228302,0.013289931,0.3222626,-0.1608281,0.013344172,0.3248828,0.021624971,0.4535467,-0.13921127
0.16638997,0.12999567,0.16677272,0.018691184,0.18879667,0.22291598,0.3284474,0.25624353,-0.0046810913,0.134805,0.20099744,0.07566319,-0.08881141,0.10547293,0.1320785,0.12721686,0.28576088,0.41119933
-0.063513234,-0.076852545,-0.2402609,0.01661173,-0.10689254,0.1816257,-0.099588096,-0.15580624,-0.042532176,0.20070916,0.009762655,0.2151628,-0.18835357,-0.14449254,-0.009349124,-0.17698038,0.03789624,-0.20641893
-0.13951474,-0.3122857,-0.20750076,-0.06991635,-0.32511818,0.049844414,0.0847552,0.10984193,0.0014500725,0.22782557,0.21325664,0.23887685,-0.14676192,-0.07114889,0.090005055,0.12637283,0.10854011,-0.0025534127
0.085972205,0.06680943,-0.109675854,-0.0027799287,0.043588676,0.1293405,0.33775127,0.15874773,0.121742114,0.036259625,0.1303908,0.11203903,0.13315512,0.09839687,0.33402777,0.07383753,0.37517592,0.26445472
-0.044193767,-0.104263924,-0.24828112,0.12021637,-0.114420705,0.015972449,0.26126915,0.20400316,0.017274577,0.10577555,-0.04624958,0.069799826,0.07042438,-0.080342904,0.17488751,0.06443789,0.23678678,-0.0440276
0.36513114,0.19083521,-0.13358603,0.13133946,0.14958552,0.093078524,0.027738787,0.19421616,0.030163322,0.20747924,-0.00890752,0.0053611924,-0.15492435,0.07655327,0.01115663,-0.044612024,0.0030906089,-0.14920747
0.34883612,0.07231717,0.37484273,0.21989569,0.038717035,0.10020527,0.23241916,0.14834875,0.17019337,-0.11282578,-0.031510837,-0.03786204,0.40715158,0.171657,0.06271985,-0.0076003503,-0.06188112,0.14760157
0.045364767,0.14488058,-0.30743855,-0.17791498,0.0963406,0.2977026,0.115113854,0.26211995,0.01868472,0.23569039,0.067660615,0.14596555,-0.18266143,0.07142654,0.15812327,-0.0631334,0.23162144,-0.09927622
0.13495815,0.07676217,-0.13568008,0.28828374,0.02125965,0.08026428,0.20079955,0.058953565,0.1982494,-0.0077471035,-0.07687332,-0.04935571,0.22607118,-0.009198055,0.034843065,0.045058172,0.04685803,-0.10908142
0.17033303,0.28844333,0.007675397,-0.029888408,0.31857648,0.36463982,0.23120424,0.26089895,0.16409594,0.06791778,0.13608408,0.10863442,0.016519835,0.008901427,0.24777529,0.41997343,0.31305236,0.005064741
0.08431144,0.28399596,-0.105776444,-0.05014413,0.1744509,0.2834049,-0.04363603,0.3982454,0.2687456,0.23488048,-0.10165832,0.39695954,-0.12510897,-0.11371282,0.17086655,-0.16731113,0.31842944,-0.21947104
0.13897032,0.25361282,-0.052214548,0.12012929,0.15679646,0.18737116,0.18353516,0.2722855,0.22316273,0.038054876,-0.10012087,0.0036368417,0.28889218,-0.21559098,0.10819265,0.06505615,0.1422019,-0.12176335
0.14439271,0.16167802,-0.20256671,-0.11304299,0.2774998,0.25691506,-0.08905186,0.060697194,0.11029546,0.072996795,0.33821833,0.13467094,-0.23569083,-0.04894811,0.0340572,-0.025365444,0.17780161,-0.026851567
0.5256207,0.458861,0.44997698,0.14020872,0.44864577,0.22191384,0.23677514,0.23808849,0.48191905,-0.061876856,0.037101965,0.031075096,0.38650095,0.31638265,0.33174768,0.35256767,0.13938716,0.24118486
-0.072793275,0.04301354,-0.25876984,-0.0030028115,0.00030859187,0.20528743,0.23167615,0.42180747,0.115526885,0.21942204,-0.0082458835,0.24397063,-0.04372517,-0.17674026,0.27519912,-0.012910614,0.42945576,-0.011448672
-0.0030593076,0.13925496,-0.29911464,0.09281659,0.051842034,0.15868151,-0.15693739,0.20395201,0.21031263,0.2304475,0.07406774,0.46568784,-0.14403556,-0.12975311,0.12062296,-0.16658714,0.2741893,-0.21091041
-0.055889767,-0.2456457,-0.36068428,-0.021144662,-0.2857195,-0.00092498213,-0.11446897,0.12316926,0.027881615,0.24260336,-0.10406433,0.18650928,-0.2973315,-0.10998743,0.025060572,-0.32719272,0.09770683,-0.32631516
0.011917181,0.17273982,0.082913905,0.26502496,0.115348786,-0.020988256,0.31320965,0.24556941,0.28564632,0.02032333,-0.10850005,0.08601232,0.3322257,-0.024548454,0.19664495,0.060885802,0.19877958,0.04770588
-0.039579645,0.17910093,-0.121415555,0.017663267,0.14839238,0.26251477,0.30710667,0.37246487,0.12938404,0.15877326,-0.030985018,0.06631736,0.023778215,-0.070546806,0.30508393,0.10391204,0.30925766,-0.048042186
0.05762252,0.31186622,0.059876047,0.1395278,0.16488889,0.30885798,-0.113324806,0.25802398,0.1680647,0.121863864,-0.11858923,0.31791824,-0.04424177,-0.09467704,0.061174594,-0.10882734,0.17302853,-0.17183927
0.11783086,-0.02282682,-0.2456235,0.17118208,-0.05396557,0.06640358,0.20422064,0.104949266,0.20006497,0.04384283,-0.004983756,0.03078569,0.0389451,-0.06719075,0.19427957,0.15211266,0.22882056,-0.10848719
0.011639351,0.09262569,-0.0316495,-0.066404924,0.08947614,0.029769719,-0.07693175,0.06642367,0.134175,0.1950332,0.15303515,0.111095816,-0.083293185,0.3183404,-0.02372752,-0.112407796,-0.17317846,0.059171714
0.20972691,0.17237017,-0.090677656,0.080954105,0.19397412,0.25139716,-0.06688832,0.3118915,0.2849221,0.1786721,-0.062026367,0.19887534,-0.11582166,-0.088596806,0.24792749,-0.09386906,0.24315268,-0.283011
-0.10826362,0.07180973,-0.26075798,0.041610174,-0.06280976,0.2018033,0.20950614,0.27442336,0.05240081,0.19189167,-0.01598138,0.2117786,-0.1776681,-0.019570582,0.1436939,-0.048865642,0.30734318,-0.1319201
-0.048911743,-0.17174688,-0.21601933,-0.040603757,-0.17723651,0.060242087,0.29563534,0.20902747,-0.035333708,0.09201836,0.032374777,0.04110544,-0.1187707,0.00540085,0.32454386,0.03216464,0.39192963,0.08691752
0.0061163814,-0.004941643,-0.030073062,0.336069,-0.034988493,-0.053003408,0.20824996,-0.03958355,0.043803304,0.047767427,-0.110353775,-0.08912289,0.024995344,0.06200867,-0.040352605,-0.02760188,-0.048750225,-0.15742166
0.04077997,0.34310544,-0.027875265,-0.059657667,0.28539473,0.3006596,0.273771,0.5511076,0.13739736,0.18703449,-0.12050282,0.2464155,0.06883564,-0.19336516,0.3081397,-0.025455987,0.4419185,-0.017451718
0.03145671,-0.007957673,0.3312632,0.30519265,-0.043369338,0.13078797,0.17271797,0.12755573,0.1281921,0.047572173,-0.05540598,-0.0034854335,-0.00079814624,0.4605473,0.011329251,-0.111674145,-0.18309537,-0.03347134
0.34130156,0.30035377,0.094614506,-0.0073397662,0.220316,0.28591383,0.28359377,0.33856612,0.07903006,0.04250875,-0.08272007,0.0076055382,0.05207146,-0.047103837,0.20881087,0.22712897,0.25952387,-0.05168259
0.10830209,0.302589,0.06768178,-0.10760543,0.29668722,0.3822673,0.21241191,0.4012892,0.0637936,0.22018473,-0.063371524,0.1922571,-0.07457289,0.063003756,0.25162864,-0.21508834,0.30130368,0.05337359
0.16758919,-0.099472925,0.007986548,0.39568388,-0.1017212,-0.049558,0.15092024,0.003263034,0.32585305,-0.01888811,0.16735506,0.040234976,0.48506978,-0.10046008,-0.044268478,0.16717073,-0.14002556,0.15211438
0.15371093,-0.24752069,0.08206243,0.32350928,-0.24065793,-0.22224185,0.27958953,-0.057833496,0.20435965,-0.06685668,0.062454894,-0.047081023,0.48391643,-0.14664736,0.08455962,0.22301127,-0.038191542,0.24183574
0.19102505,0.22667605,0.1651517,-0.0324047,0.34551126,0.24790245,0.2548526,0.10073582,0.05900871,-0.026436761,0.37134832,0.002497844,-0.024737002,0.14803615,0.17398524,0.21923333,0.29175845,0.498424
0.08216394,0.27222657,-0.122437544,-0.026188266,0.2995761,0.25153637,0.23531899,0.3605926,0.19651893,0.19937444,-0.01894116,0.22173384,-0.18425551,-0.12077102,0.3896321,0.06863296,0.49437967,-0.08522711
0.3813829,0.38335496,0.22339201,-0.060240634,0.3264272,0.22329861,0.1311908,0.49387902,0.2892734,0.118177354,-0.11918038,0.25584006,0.13434863,0.044957366,0.23755857,-0.080163464,0.31263295,0.091238625
0.08985423,0.539626,0.19580019,-0.062955886,0.4778968,0.36437288,0.23105282,0.58336663,0.3184982,0.20359999,-0.02263131,0.3491621,0.07868947,0.15426503,0.39313164,0.05691593,0.40361303,0.14547193
-0.14709908,0.03244824,-0.0442074,-0.0051792646,0.019058524,0.1973767,0.15261915,0.13634439,0.032971185,0.08648152,0.22481704,0.018150182,-0.19692223,0.45965075,0.13302055,-0.1513212,0.08092581,0.17659676
-0.07415842,0.16180122,-0.21367991,-0.061749086,0.06666829,0.21055669,0.106929235,0.32686102,0.028105387,0.16839467,0.028425448,0.29417604,-0.15723594,-0.091181725,0.08644507,-0.053839758,0.31322336,-0.08137697
0.11617535,0.10974392,-0.10604739,0.11977266,0.070163965,0.08931635,0.034811594,0.15214685,0.03254699,0.15374033,-0.07387359,0.0021567452,-0.060042582,0.09117089,-0.048065044,-0.122276664,-0.08728179,-0.23496994
0.11449545,0.29019693,-0.02571536,0.07977198,0.23037174,0.30058187,0.0830279,0.4315353,0.22492209,0.19838436,-0.12024766,0.36668795,-0.061641745,-0.03870238,0.13457449,-0.07586704,0.3782556,-0.08706906
0.042611405,0.3346554,0.1890203,0.34193867,0.20106499,0.2580257,0.17455181,0.24231496,0.3270895,-0.02544473,-0.085314386,0.14044526,0.44437554,-0.058956042,0.16898833,0.09965831,0.12971662,0.010950942
0.17266843,0.27691513,0.0707563,0.40595508,0.25242525,0.111801706,0.1930939,0.14222848,0.24943054,-0.018335659,-0.065322995,0.05528209,0.44766474,-0.12577371,0.0694675,0.07098319,0.0747861,0.020577012
0.07357682,0.06520226,-0.27524886,-0.15604857,0.041769754,0.2194711,0.1275396,0.40614402,0.0816416,0.17870376,-0.054781005,0.074380435,-0.16003583,-0.041764908,0.18165563,-0.09871848,0.36963755,0.015049687
0.3009355,0.38841242,0.38633084,-0.12821628,0.34185767,0.26247942,0.26107386,0.2888096,0.27257633,0.04466751,-0.034702256,0.11113764,-0.04142189,0.31051433,0.31993735,0.0024742866,0.22079426,0.12828971
-0.045226,-0.05472547,-0.31152564,0.0016374616,-0.14690804,0.0775743,-0.25765955,0.12234835,0.11436435,0.17555067,-0.028920008,0.24991143,-0.22045133,-0.26822725,-0.024184164,-0.21870849,0.09333098,-0.33054507
0.39260882,0.07896941,0.34426886,0.1694116,0.05631478,-0.062417958,0.32959872,0.09025272,0.15901823,-0.23834442,-0.008123456,-0.20435677,0.42606774,0.17019072,0.1442239,0.1831418,0.021853268,0.3103503
0.08138079,0.088438004,0.21113202,0.26434085,0.04938385,0.22531159,0.12243286,0.15275672,0.27348137,0.065844625,-0.06420797,0.15904847,0.2332752,-0.0006728526,-0.010626756,-0.02618259,-0.013379654,-0.11380303
-0.09795117,-0.30669546,-0.18366815,-0.06154174,-0.26883462,0.034967963,0.17250514,-0.16915897,0.00450796,0.013916543,0.28424978,0.029411599,-0.24564163,0.1799591,0.32780027,0.07420486,0.29540527,0.16449347
-0.11292057,0.20490812,-0.077188015,-0.08904202,0.13077451,0.23836333,0.22631258,0.48404413,0.07822782,0.25971812,-0.109342396,0.33068871,-0.04991307,-0.008239232,0.1812851,-0.16594487,0.3159405,0.002743939
0.04337428,-0.2800501,-0.1149742,0.11435212,-0.2639383,0.052511618,0.1940715,-0.01883491,0.16831735,0.037613325,0.27697206,0.11025215,-0.1286115,0.12396008,0.33609226,0.23991056,0.29812694,0.12727693
0.04028143,0.22581759,-0.118343666,0.19059414,0.15295863,0.1435361,0.2022042,0.11653583,0.22457644,-0.009434524,-0.042982623,-0.021694833,0.30442816,0.029904678,0.0640602,0.006623023,0.08068568,-0.043654338
0.12760141,0.1507817,-0.014134804,0.31204027,0.023401309,0.24860156,0.03378377,0.099748515,0.2096177,0.09019835,-0.03724905,0.15009391,0.21449944,-0.04316432,-0.008787607,0.04225134,-0.008856071,-0.18430275
-0.05286981,0.25458288,-0.012504449,-0.111156374,0.18385299,0.27518004,0.26459026,0.437909,0.06958152,0.1836065,0.03939165,0.24231565,0.023518084,0.04057769,0.14211814,0.073931895,0.24515295,0.0991455
-0.07139401,-0.09277631,-0.17517287,0.05046756,-0.08804315,0.09694929,0.35851747,0.2654368,0.03178978,0.09689431,0.048717298,0.06644668,-0.120176904,0.05361227,0.34998798,0.08710554,0.42872444,0.087813556
0.373941,0.11424826,0.37467703,0.20041442,0.051588416,-0.01312808,0.21831104,0.085560694,0.26831555,-0.19241026,-0.051050194,-0.08508311,0.37685412,0.14236358,0.11906099,0.11336444,-0.0014126734,0.13660513
0.08116673,-0.16450301,-0.13547301,0.2014359,-0.16612445,-0.098297864,0.2604326,0.031555183,0.06979581,-0.07654806,0.007896464,-0.019940818,0.11453961,-0.06759853,0.2397077,0.2547026,0.27908975,0.07209301
-0.015008833,-0.23345117,-0.2746149,-0.15140507,-0.19727886,-0.009724119,0.13189942,0.18443406,0.016376663,0.189601,0.26657024,0.21646321,-0.13892126,-0.0582364,0.17426226,0.014838123,0.26737094,0.14986736
0.032584812,-0.13085593,0.11044443,0.1358724,-0.089127086,0.07217687,-0.05464232,-0.039154254,0.043453433,0.19374567,0.044742785,0.25135747,-0.33855444,0.1448564,0.014671097,-0.23929268,0.0027712309,-0.106712446
0.09072648,0.19432953,-0.19003901,0.09989451,0.10331547,0.36044723,0.08952102,0.15334123,0.20674011,0.19115825,0.03590247,0.30237162,-0.2115213,0.0032064472,0.25963485,0.050052542,0.38227403,-0.21703038
0.08737928,0.24420819,-0.13697124,-0.18377823,0.22723003,0.33852386,0.2577276,0.41407967,0.28924578,0.21178687,0.039608866,0.2734486,-0.114019394,0.07961852,0.39564136,0.022232074,0.48788327,-0.052089535
-0.026961368,0.34274036,-0.09807594,-0.103775,0.22271384,0.30346477,0.3408956,0.5119539,0.18742906,0.27034503,-0.07738586,0.3226817,-0.040576965,0.042019017,0.3125924,-0.03593464,0.41593987,-0.012663851
0.13284156,0.40561515,0.084688365,0.032281473,0.36132014,0.38254514,0.28498018,0.47232953,0.32083505,0.19940177,-0.12030932,0.16276744,-0.098643966,0.18825603,0.3813071,0.025672173,0.36652824,-0.09114711
0.078208104,0.38126102,0.06083459,-0.0138915405,0.28719774,0.3280088,0.10553707,0.4865546,0.24230939,0.18720022,-0.16920239,0.25199077,-0.052535485,-0.059862092,0.24708052,-0.19259734,0.30916542,-0.13622159
0.32500005,0.055300526,-0.22635952,0.2506473,-0.010823395,0.16088697,-0.15642668,0.12519853,0.07496332,0.17035803,-0.1337902,0.14869228,-0.086594604,-0.22481392,-0.04846083,-0.12809286,0.07510576,-0.3260765
0.029581942,0.34976822,-0.010186825,-0.04230006,0.2624188,0.35829017,0.17529356,0.4266554,0.12522548,0.22216314,-0.09878605,0.2605598,-0.17135258,0.027838401,0.2834354,-0.22940727,0.38332868,-0.04221945
0.019728268,0.10947665,-0.13850918,-0.19051668,0.13665666,0.15644296,0.20753488,0.3393087,0.0052162022,0.22207847,-0.049720205,0.12255597,-0.21130945,0.119518414,0.22027841,-0.21701452,0.2681583,-0.10119443
0.26368916,0.07737026,0.23424953,0.37408292,0.116643056,0.053500213,0.17760578,0.22475299,0.21795303,-0.035728775,0.057343826,0.113368444,0.51996326,-0.17953667,0.0027231658,0.12941118,0.07811597,0.25078014
0.29300368,0.35684907,0.20132801,0.06569405,0.28738463,0.27234453,-0.09002715,0.18883568,0.3444854,0.053772263,-0.044684228,0.19101764,-0.05544508,0.1414867,0.100921854,-0.047608256,0.09449444,-0.10716386
0.10707407,-0.0198123,0.020976389,0.31924957,-0.024882393,0.13498957,0.24326465,0.021306809,0.033544578,-0.12012039,0.20271015,0.012385293,0.04089701,-0.004122502,0.14302742,0.32667726,0.27490494,0.22319323
0.19999558,0.24630713,0.16029763,0.013521154,0.27718207,0.20599286,0.3014674,0.30281788,0.032287188,0.11165336,0.20413074,0.17781597,-0.08280279,0.032668084,0.24377546,0.060861666,0.3482859,0.3532192
0.26182103,0.22897902,0.13230783,-0.013089224,0.1944212,0.2902915,0.16368645,0.43781716,0.21040347,0.21296825,-0.14016491,0.21173349,-0.120814696,0.056298748,0.19443466,-0.08973413,0.33381614,-0.10604975
0.08750954,0.38461977,-0.032865405,-0.037842877,0.36144978,0.38561627,0.24116893,0.1995644,0.065821484,0.17891484,0.15025479,0.2554509,-0.17749572,0.1584673,0.29101613,0.16241804,0.38134688,0.06447314
0.10237986,0.26596373,-0.00562796,0.12894928,0.14801773,0.048508376,0.2757208,0.23929122,0.22430757,-0.007884633,-0.048870973,0.042723235,0.30923522,0.03247953,0.15436444,0.12073074,0.19293013,0.116989315
0.18638949,0.27607346,-0.090352826,0.06391565,0.25564197,0.2704304,0.13485585,0.30898267,0.23186249,0.15440503,-0.040879086,0.25357327,0.1137791,-0.10317169,0.19570222,-0.035671696,0.3255489,-0.08154778
0.1758542,0.37066165,0.042733774,-0.047617227,0.33822066,0.27625754,0.35350305,0.27475896,0.11812222,0.04524926,0.044683605,0.047299027,0.12670526,0.04240507,0.289945,0.22213559,0.35632432,0.23723845
-0.016434902,0.37428832,0.29511768,-0.034733947,0.29822722,0.34370422,0.13118432,0.28097326,0.51121104,0.17979783,-0.00077423337,0.34278756,-0.13459164,0.4490192,0.4223401,-0.04202638,0.3024237,0.017662905
-0.06236279,0.16642934,0.1708924,0.07314934,0.09552227,0.25072902,0.28417557,0.37811553,0.067377836,0.15437922,-0.020489868,0.2313725,0.02476886,0.2825805,0.21833229,-0.16294494,0.17262648,0.13973288
-0.07287788,0.31191063,0.02795987,0.10243587,0.1599668,0.39467517,0.007875659,0.20513034,0.3250456,0.14919755,-0.05615733,0.33238846,-0.13931176,0.06731637,0.2513815,-0.07675147,0.2777843,-0.19518207
0.20626259,-0.0024855016,-0.14531693,-0.11905907,0.015056255,0.17825249,-0.06408776,-0.03822822,-0.016594334,0.20371328,-0.08214713,0.020720474,-0.2871639,0.08008086,-0.05486185,-0.20434472,-0.048666045,-0.292136
-0.041118782,0.32495582,0.07790373,0.06903343,0.23012614,0.19556889,0.14835086,0.43949974,0.18426129,0.06661377,-0.15301886,0.24841796,0.032207176,-0.042973243,0.20442,-0.07756011,0.33678794,-0.040692307
-0.045523785,-0.33299524,-0.27755427,-0.07027856,-0.24950258,-0.0036782408,0.004710357,-0.18072937,-0.20953286,0.107099906,-0.023200454,-0.03189507,-0.15106404,-0.17314288,0.04372371,-0.17247978,-0.030482886,-0.13062848
0.1639534,0.2344206,0.19522828,0.18509999,0.20166261,0.09826064,0.40761548,0.29186815,0.24498665,-0.030501697,-0.103152886,0.0010904903,0.30064642,0.037675392,0.26753342,0.14637056,0.27075446,0.16692728
0.4501528,-0.17879401,0.06340112,0.12138806,-0.13563047,-0.13558207,0.24499482,-0.18634671,0.007165418,-0.17719035,0.18029734,-0.286121,0.29119384,-0.0918207,0.07937438,0.40267205,-0.07879212,0.27010792
0.22350574,0.21159871,0.18390664,0.061673068,0.18875751,0.15431607,0.27997264,0.09765438,0.046219304,-0.046970446,-0.011754397,-0.09320037,0.011369576,0.04040619,0.09761222,0.28426492,0.11361546,0.040318184
0.13487542,0.35824454,-0.051891297,0.10832028,0.25956154,0.29106602,0.04975795,0.18961638,0.18974271,0.11001818,-0.056945987,0.12969033,-0.06545835,0.060945608,0.119101934,-0.034865003,0.16300201,-0.16155791
0.0035261353,0.18937638,0.08732163,0.18724416,0.087813936,0.14013901,0.3400582,0.21189748,-0.035379596,0.114242695,0.0062140133,0.13039792,-0.101925686,-0.015081575,0.11479959,0.13191876,0.25311056,0.07601589
-0.0017147684,-0.2848039,-0.30278456,-0.006727659,-0.18584287,-0.12088135,-0.058231197,-0.11396798,-0.16849853,0.12042307,0.3488669,0.025619917,-0.30772692,-0.18813944,0.10264066,-0.044407908,0.10767743,0.058061477
0.3038593,-0.036751863,-0.15157273,0.4309768,-0.092151895,-0.059766736,0.0040481724,-0.04790376,0.22205846,-0.06343444,-0.05101604,-0.033054885,0.34131253,-0.1884853,-0.022246378,0.07673682,-0.040567897,-0.12113391
-0.13601296,-0.023491582,-0.31740505,0.007490253,-0.04722808,0.18590328,-0.3261776,-0.10978605,0.08782089,0.13862872,0.0021659671,0.07770074,-0.30887926,-0.12421855,-0.071072385,-0.14833976,-0.036879733,-0.3526579
0.0012861928,0.16798967,-0.15176363,-0.16573843,0.17461205,0.145188,0.16467488,0.38373786,0.2965079,0.26271594,0.044504106,0.26126188,-0.18675052,0.24549884,0.22674602,-0.24639943,0.30594695,0.028762473
-0.15418178,-0.10218067,-0.14900678,0.016425934,-0.1499713,0.005294237,-0.15635125,0.052180342,-0.008759422,0.3202571,-0.009473817,0.4416679,-0.18745911,-0.11683898,-0.072466135,-0.23472273,0.048234865,-0.13738582
-0.045685474,-0.041582864,-0.25567928,0.10593819,-0.098256096,0.16959837,0.04677065,0.24090552,0.17944758,0.17848831,-0.023081327,0.25725618,-0.21891105,0.07836771,0.061564222,-0.13826337,0.24495316,-0.17544135
0.20599972,-0.2115545,-0.11766352,0.07528655,-0.20400023,0.039321627,0.32105443,0.029889522,-0.05157687,0.022355344,0.1503373,-0.09127073,-0.03294897,0.059635602,0.20263086,0.19318573,0.2429481,0.27624834
0.25142395,0.020983612,0.21725988,0.2926401,-0.016779618,-0.053485457,0.27643144,0.15211743,0.15266773,-0.14127095,0.015803749,-0.039448224,0.33616257,-0.12698953,0.27061862,0.36421525,0.2041195,0.21782963
0.044329233,0.22515291,-0.055874556,-0.11597591,0.22807196,0.35940006,0.17495203,0.25123584,0.007172834,0.23955911,-0.05718994,0.14168736,-0.15242855,0.04930941,0.11455148,-0.25261396,0.15208228,-0.12766483
0.1031455,0.25299594,-0.10855305,0.21244237,0.18667912,0.28518912,0.2229908,0.13055557,0.023658035,0.14363796,-0.007599541,0.09915306,-0.08055167,-0.07664402,0.11731875,0.21027979,0.2217299,-0.14948383
0.11637551,0.36521104,0.23001951,-0.01966247,0.35139138,0.30265594,0.21840194,0.4494555,0.3385647,0.18120736,-0.021103948,0.118891284,-0.13661805,0.39422774,0.30666178,0.10044625,0.23754351,0.021808371
-0.17337658,-0.12576687,-0.2785134,-0.05605525,-0.20374718,0.096628204,-0.27659723,-0.26477218,-0.03132192,-0.016878497,-0.12098219,-0.016192935,-0.20001747,-0.0724546,-0.18968037,-0.25438863,-0.17798823,-0.31165484
0.38137895,0.13131233,0.4164815,0.27001348,0.11247301,-0.05297548,0.2981211,0.14016944,0.25706327,-0.15294984,-0.0358284,-0.094488665,0.4464681,0.24393058,0.14287713,0.088644296,-0.03640173,0.2535389
0.07684241,0.15323311,-0.14241153,-0.03599684,0.10644021,0.21923569,0.25953043,0.44126832,0.14623162,0.1852028,-0.15077494,0.07425918,0.18283421,-0.05607574,0.10065448,0.038053885,0.17588344,-0.11062135
0.00109267,0.32323167,-0.019527558,-0.057336174,0.19887549,0.4059505,0.15681866,0.41944784,0.31798416,0.15661016,-0.043055892,0.36347896,-0.12810679,0.06723626,0.36909398,0.059132155,0.49779928,-0.11043449
0.07164077,0.4104228,0.34840947,-0.0028437253,0.3579932,0.2850656,0.29059157,0.45329353,0.2172778,0.13051617,-0.05212792,0.32222092,-0.08702938,0.19447543,0.31656486,-0.06551927,0.42193377,0.24284267
-0.03204652,0.28492993,-0.062851176,-0.174198,0.17001489,0.34609804,-0.0918625,0.3471532,0.17217982,0.25428948,-0.07496368,0.36799458,-0.17125754,-0.092401996,0.15012293,-0.13798384,0.24014813,-0.23491849
0.1973711,0.21970844,0.094828725,0.12791893,0.17711905,0.16206984,0.28435206,0.32722598,0.16868187,0.11950446,-0.15608805,0.1208303,-0.032033037,-0.033862792,0.26692688,0.022839831,0.34373766,-0.093213186
0.38645232,-0.16411033,-0.045266047,0.30706877,-0.18584664,-0.09387664,0.16659974,-0.011757832,0.15302148,-0.075175144,0.044531308,-0.037559263,0.42100328,-0.14563227,0.08863117,0.16328603,-0.031798318,0.050333347
0.17367688,0.32541955,0.086402625,0.08418541,0.26178697,0.4118572,0.12815891,0.2094841,0.26502207,0.13530941,-0.041564666,0.178001,-0.19495364,0.14406933,0.23350331,-0.05714818,0.24159285,-0.18735686
0.04439609,0.20917839,-0.1544562,-0.22321995,0.27942833,0.30311877,-0.10385786,0.11930535,0.20116854,0.19028246,0.053477496,0.13546717,-0.22139643,-0.15050735,0.13050148,-0.052237917,0.19024375,-0.1691624
0.18853109,0.44617993,0.23418249,0.23370984,0.41563296,0.10956785,0.2024924,0.32535174,0.42864096,-0.012205752,-0.06635728,0.18500017,0.44438827,-0.05295332,0.2696417,0.12260641,0.27908722,0.2271645
0.2278017,0.14861588,-0.12469156,0.11874547,0.06959787,0.15510947,-0.1575659,0.15017849,0.17979181,0.110486016,-0.156725,0.10850243,-0.07900564,-0.021637006,-0.08103715,-0.19624957,-0.0048483517,-0.32299986
0.040575996,0.23836696,0.037406694,-0.10754517,0.24312237,0.34493148,0.27160785,0.3297808,0.07032882,0.26014918,-0.04650195,0.19712377,-0.08247801,0.13692868,0.15898187,-0.21097587,0.15535256,-0.06750813
0.15573715,0.21724704,-0.048678815,0.29634956,0.16477977,-0.046222836,0.17986351,0.097521454,0.17846605,-0.043300174,-0.10323476,-0.116391696,0.34884548,-0.029152434,-0.06668698,-0.003776404,-0.08218098,-0.10726975
0.36240447,0.40041137,0.33316904,0.09602132,0.36134982,0.32515556,0.27517238,0.34089583,0.07791119,0.04237013,0.13398811,0.16768405,0.0953879,-0.022390027,0.14416218,0.19569671,0.32129174,0.29963982
0.2943825,0.31536093,0.14093281,0.19866352,0.28338242,0.17549694,0.1382367,0.20653431,0.32393575,-0.037650034,-0.0889707,0.08809331,0.30857402,-0.029734768,0.14709547,0.14643049,0.15879482,-0.040468454
0.49585038,0.38772136,0.37880462,0.14108315,0.36252207,0.145366,0.19663626,0.48051813,0.41672045,0.08972784,-0.080200344,0.13618866,0.47284615,0.10138058,0.17176189,0.18576917,0.07808238,0.15338096
0.2316755,0.28280324,0.3493965,0.31421304,0.2621928,0.27967036,0.1777612,0.197216,0.2567645,0.03269738,-0.058033373,0.11321789,0.19451356,0.1094463,0.2431038,0.013958989,0.11668397,0.035926756
0.16966712,0.32857203,0.10065357,-0.077349946,0.3524502,0.14818606,0.35281646,0.36917305,0.15656954,0.012292653,0.18630977,0.030143391,-0.024476467,0.07044308,0.45712227,0.42026103,0.46658143,0.29239336
0.053286083,0.19341096,-0.09202322,0.11696315,0.17087698,0.29132926,0.119396284,0.2179633,0.14775544,0.14856216,-0.01287384,0.18328854,-0.14035094,-0.038804892,0.06629601,0.20914724,0.23924318,-0.22742975
0.00508685,0.15347219,-0.1139389,-0.22385687,0.13538262,0.20141675,0.049963765,0.31200993,0.06378713,0.20268282,0.11316977,0.10622877,-0.1706487,0.17577225,0.017994173,-0.2286661,0.085170396,0.12735245
0.29671466,0.29058605,0.17297918,0.07378198,0.21663263,0.21516894,0.25109756,0.2779197,0.24258031,-0.005836709,0.042023066,0.12579554,0.044259522,0.22231506,0.2550699,0.14590752,0.2704633,0.11226318
0.063773036,0.33067322,0.023586135,0.16439661,0.26317513,0.264695,0.029909573,0.3202294,0.32060933,0.15020606,0.016598783,0.28633356,0.007044414,-0.029079948,0.26974165,-0.016316622,0.25674987,-0.10143031
0.17362612,0.32643822,0.0009926409,-0.0056682713,0.22222441,0.41175085,0.28483695,0.40000343,0.080425404,0.23269057,-0.13215688,0.20257041,-0.058156848,0.040880922,0.20222348,-0.08022453,0.3327056,-0.009995725
0.15895857,0.06132284,-0.1907078,0.16023712,-0.0035554282,-0.13853474,0.071774565,0.21203572,0.07233295,0.0051358393,-0.09079201,0.02786863,0.3331781,-0.19293633,0.025364656,-0.037631463,0.06694573,-0.04073187
-0.1065032,0.2028605,-0.20896198,-0.078050196,0.17320678,0.24147293,-0.030749574,0.22640105,0.12472202,0.17545697,-0.093920544,0.26544747,-0.13190934,-0.11870433,0.013464942,-0.28148186,0.18047112,-0.29727238
0.11324842,0.42958197,0.05450709,-0.061801888,0.39935362,0.4108532,0.174583,0.5666389,0.35263664,0.25467655,-0.0052856123,0.31043163,-0.074485995,0.15146074,0.41924816,-0.001572053,0.4611724,0.06896989
0.41410297,0.3094517,0.18046904,-0.062083922,0.23927422,0.33588672,0.17106484,0.39502966,0.12625514,0.2141949,-0.020107672,0.19324553,-0.13678218,0.14804173,0.23728569,-0.109247625,0.21767604,0.03495506
0.02884597,0.19112784,-0.14796865,-0.102346316,0.16412036,0.36548722,0.25129813,0.29426134,0.00881996,0.09637602,0.073230475,0.06965274,-0.13815606,-0.0071252696,0.37319458,0.11096847,0.4498493,0.060807943
0.35829446,0.3978132,0.23666182,0.09840071,0.32867032,0.21611214,0.32393152,0.39367068,0.32127857,0.034891024,-0.040157564,0.13975696,0.3780194,0.11428776,0.2712738,0.089462236,0.26405218,0.24198937
-0.00019394327,0.3308971,-0.02298563,-0.013809644,0.245765,0.311223,0.12511101,0.3263434,0.12909761,0.13227154,-0.02422932,0.19577265,-0.17990062,0.18572256,0.20644388,-0.18682882,0.26231444,-0.038716592
0.13427901,0.29374057,-0.047773197,-0.07260229,0.23736279,0.2709678,-0.04566289,0.23270458,0.1316226,0.1853713,0.090715975,0.19107987,-0.1249094,0.0450596,0.15377049,-0.14022261,0.15169519,0.01343141
0.01853868,-0.06484163,-0.23002873,-0.15277821,-0.031620428,0.0006652735,0.13931364,0.021837495,0.10574575,-0.018548202,0.27579784,-0.017878897,-0.10000795,-0.023443133,0.10806456,0.28589153,0.16720325,0.0974903
0.2635247,0.19889566,-0.046067998,0.14486131,0.07816688,0.15714431,0.07352614,0.21729909,0.09673717,0.014481228,-0.11055041,0.13356799,0.09096675,-0.07603977,-0.01423806,-0.0023070723,0.1577183,-0.11886345
0.37727195,0.3175262,-0.015518714,-0.0076230573,0.25604683,0.37328082,0.093480095,0.34226954,0.17991902,0.1448378,0.13436553,0.17234571,0.08262697,0.05852113,0.18770638,0.06939237,0.19693428,0.055853434
0.033779044,0.36601025,-0.2109259,-0.15928042,0.25499701,0.41041437,0.024260905,0.39577055,0.28256044,0.20502186,0.031253867,0.27488744,-0.1019319,-0.009304399,0.14437601,-0.034179136,0.22485906,-0.18438268
0.50464666,0.10051293,0.12423327,0.12598437,0.03706884,0.17478806,0.06962694,0.18526989,0.32702455,0.0349489,0.066831514,0.15459602,0.031618357,0.021470156,0.18710962,0.16469769,0.1793816,-0.01645762
0.08232159,0.12266055,-0.28635013,-0.08593785,0.09996867,0.18279925,0.12949818,0.26819634,0.19737133,0.11710379,0.117015146,0.15095073,-0.1005055,-0.13994157,0.31759164,0.2046757,0.39489037,-0.092875615
-0.10197316,0.041198008,-0.08542566,-0.014484509,-0.02567445,0.28875875,-0.0290303,0.11229318,-0.036359295,0.15534112,0.11704997,0.054945264,-0.21185035,0.29734832,0.020360269,-0.17945284,-0.05811867,-0.09157657
0.24937466,0.29526478,0.12599199,0.015153131,0.14705749,0.3129649,0.12554985,0.2177691,0.03047011,0.017655637,0.018710941,0.02381032,-0.015977662,-0.03142602,0.12521991,0.22146675,0.12580606,-0.08158113
-0.019135369,0.120669335,-0.11536549,0.1211811,0.078496344,0.14088097,-0.049941808,0.13830431,0.07890963,0.22717273,-0.0050212797,0.21535128,-0.14001513,0.116990365,-0.028737443,-0.21740861,-0.038141888,-0.16635896
-0.03285927,0.21005793,0.04679098,0.055450063,0.07628009,0.32545102,-0.052061357,0.318107,0.22904576,0.17003351,-0.17713149,0.35490835,-0.19792168,0.0515782,0.16553356,-0.18772978,0.3294165,-0.1886986
0.22371954,0.064552575,0.007976922,0.18652226,0.07207191,0.123134404,-0.085608676,0.01804281,0.28554767,0.12553483,0.042851463,0.3231243,-0.2849175,0.17288089,0.01849667,-0.07746735,0.08898473,-0.28610897
0.26320606,0.33440077,0.33334103,-0.10336006,0.4041933,0.1539115,0.28024822,0.27144557,0.10430811,0.023275062,0.18704742,0.052348644,-0.007937642,0.18515024,0.17944726,0.13174222,0.22507808,0.4858265
-0.031608757,0.37155634,0.039424382,0.010982679,0.22475031,0.46233517,0.18235889,0.32280385,0.26938832,0.15770614,0.0053808047,0.34741363,-0.048188865,0.056763694,0.4036969,0.12340534,0.45671678,-0.03917778
0.17095333,0.25226673,0.26366955,0.40507084,0.14267045,0.21190278,0.23263584,0.17856905,0.36191618,-0.04795444,-0.08435872,0.06509543,0.39070725,0.20656738,0.060502417,0.023161575,-0.05863082,-0.040578682
-0.13994332,0.15287982,-0.1027207,-0.13623564,0.218031,0.112896055,-0.07374732,0.11021905,0.22955698,0.06693906,0.19021487,0.19356132,-0.15245429,0.06787209,0.14622076,0.019384261,0.14376944,-0.056025587
0.0016215742,0.40165186,0.058434937,0.0021878572,0.27452618,0.40746194,0.19577323,0.4271742,0.19934812,0.22562024,-0.104654536,0.3083182,-0.14162563,0.05688359,0.2989895,-0.12267433,0.40286228,-0.03836866
0.16427952,0.33044234,-0.08361161,0.10798525,0.23752941,0.24585897,0.10916418,0.38704073,0.24269137,0.14233088,-0.0451755,0.3348297,-0.08230982,-0.044827435,0.28025687,-0.012418264,0.44630802,-0.13970771
0.13718557,0.075525075,-0.08392413,0.34062514,-0.007104533,-0.08381891,0.11410369,0.03485371,0.17254993,-0.058460906,-0.08748562,-0.053155255,0.25067267,-0.012840519,-0.03264031,0.05655705,0.0005822708,-0.055701077
0.2580401,0.11365273,-0.058957726,0.39793268,0.084144264,0.108434126,0.15012631,0.26700604,0.27919197,0.09744943,-0.098844916,0.13574229,0.30394274,-0.18894303,0.052409906,0.020080414,0.111624435,-0.107185535
0.17426676,0.25101122,0.32402396,0.14010349,0.38538793,0.15428415,0.32846707,0.10776894,0.13955036,0.027986187,0.3151586,0.10764726,-0.10323687,0.24472705,0.32079357,0.18054825,0.39206973,0.5290561
0.11719904,0.2217479,-0.15001744,-0.13399053,0.26631397,0.31590644,-0.03690169,0.27646238,0.056101993,0.21582723,0.021175295,0.19794415,-0.17215922,-0.08363232,0.07818454,-0.27741635,0.16368997,-0.19763014
0.10720721,0.20823081,-0.038955566,-0.026382132,0.11416556,0.32280672,-0.13856892,0.2369958,0.028641727,0.20273955,-0.099536784,0.35319424,-0.17368665,-0.12782204,-0.046244953,-0.2748272,0.13945258,-0.21619004
0.10831589,-0.029965837,-0.061435565,0.2688997,-0.047408637,-0.10619152,0.32426447,0.12594335,0.042086646,-0.111535,0.033183895,-0.19210303,0.49534708,-0.2012442,0.05834139,0.23798136,0.0098275505,0.1978334
0.008250923,0.25862426,-0.11800347,0.06484064,0.21985327,0.3297993,0.074227646,0.23983788,0.30805188,0.28275055,-0.09728323,0.32618648,-0.22426762,0.083926156,0.20012982,-0.23127402,0.2583984,-0.2562366
-0.030397637,0.16485104,-0.2012242,-0.119782075,0.14028728,0.14791092,0.035590004,0.23932815,0.32793847,0.22277756,0.068068095,0.28884548,-0.17299375,0.10771483,0.21615335,-0.05393385,0.22512805,-0.21133825
0.14469564,0.10870458,0.11791437,0.3351412,0.12736768,0.23747367,0.34510258,0.113572836,0.08432144,-0.100320116,0.182641,-0.02193523,0.4418239,-0.16215754,0.12980461,0.28827104,0.15516669,0.22881097
-0.17535424,-0.008589461,-0.08241602,0.11161403,-0.083293796,0.19462106,0.12990306,0.043759793,-0.059790347,-0.030442834,0.2645977,0.005213672,-0.26140708,0.010802292,0.07006664,0.28815597,0.1797628,0.07181219
0.37270978,-0.12740433,-0.15709075,0.09775901,-0.11010693,0.16126072,0.095597014,0.111403495,0.10789019,0.048725996,0.09069289,0.039932955,-0.008811893,-0.15042397,0.29364038,0.24240023,0.2639131,-0.041108187
0.08637996,0.2288273,-0.09846157,-0.08331558,0.26062673,0.24171779,0.0028590136,0.34472352,0.17636982,0.24045183,-0.08583091,0.1549682,-0.16378574,-0.048271053,0.007947121,-0.19086668,0.15272456,-0.22569898
0.00047536427,0.3515132,0.34114826,0.013128485,0.32971382,0.2680486,0.33334005,0.33616793,0.17759496,0.15391837,0.10871241,0.26913625,-0.13906997,0.32372528,0.32389772,-0.056397036,0.38157463,0.3852835
0.37756616,0.05338609,0.38681567,0.27967697,0.0005948944,-0.113743246,0.26835513,0.02543205,0.34486422,-0.20506236,-0.046540264,-0.12239589,0.49585536,0.02939272,0.10469988,0.15296443,-0.07945053,0.20705354
0.11446944,0.11487411,-0.12379274,-0.14920783,0.1336079,0.33415428,0.15777037,0.41896203,0.17934331,0.24392541,-0.020511921,0.33633417,-0.091766536,-0.083813064,0.23294157,-0.08936018,0.3920499,-0.06400947
0.29539034,0.36200184,0.35062945,0.13068888,0.36938912,0.08960904,0.32976276,0.18477458,0.25884825,-0.03756713,0.11840424,0.09309698,0.26939002,0.097756684,0.3159675,0.32453507,0.3070737,0.46093988
0.28584614,0.21522969,-0.17611964,-0.0718142,0.17427367,0.24396968,0.1570094,0.35440248,0.23099694,0.22189794,-0.06622706,0.17769115,-0.050763205,-0.008493024,0.15759718,-0.084178515,0.24195436,-0.1732809
0.45714623,-0.061014578,0.30701268,0.22739288,-0.055771887,-0.14318225,0.14601833,0.0091694165,0.20000911,-0.13605553,0.0210709,-0.049655393,0.41128993,0.06241528,0.06935443,0.15282898,-0.09589015,0.14577675
0.3729472,0.3168611,0.11024833,-0.12984332,0.24019846,0.30063054,0.27431992,0.4221286,0.09452217,0.14300254,-0.072576016,0.18966617,0.0012562373,-0.015443835,0.32608834,0.07003521,0.41431403,0.09965548
0.08804763,0.14428204,0.038404696,0.16355108,0.20580253,0.13486353,0.1946975,0.31690872,0.28690845,0.23356108,0.07301152,0.13668391,-0.12342766,0.32372743,0.2034167,-0.019249596,0.11105691,-0.027494319
0.28622735,0.21090731,0.1951277,0.26697773,0.15662362,-0.0072237793,0.02956989,0.21822847,0.42763916,-0.04134312,-0.09893109,0.04692303,0.34347078,-0.108247116,-0.004045347,0.01105527,-0.024098556,-0.09176111
-0.12184245,-0.121931404,-0.23385406,0.06745631,-0.1987761,0.14580879,-0.0375003,0.11058116,0.07673278,0.20315267,0.11446846,0.23076455,-0.27964455,0.07525467,-0.102477945,-0.16479172,-0.008523475,-0.22149217
-0.07234447,0.17486818,-0.15583913,-0.12164445,0.17406301,0.21670072,-0.058040075,0.40333858,0.045436352,0.18923381,-0.047063336,0.25361118,-0.1595645,-0.084315486,-0.031918265,-0.33813798,0.11987138,-0.16176608
0.01224666,0.119429275,-0.1019409,0.327828,0.02634621,-0.08828661,0.0922579,-0.035741445,0.10717431,-0.038603134,-0.06698301,-0.08848633,0.19522774,0.037883267,-0.07460861,-0.02533873,-0.07104619,-0.06147469
0.058034785,0.15208417,-0.13306086,-0.0469319,0.21588778,0.41247705,0.034633182,0.17027488,0.13055491,0.261667,0.066030405,0.3077702,-0.11921922,-0.07913086,0.14381902,-0.16447206,0.22305435,-0.16244608
0.20481762,0.2791828,0.22284745,0.12675127,0.21851546,0.1474248,0.3314805,0.25404584,0.13939887,-0.043008223,-0.013988541,0.07151806,0.29544312,-0.110771045,0.2614807,0.2566283,0.31362075,0.2585184
0.020895708,0.33250368,-0.041107073,0.033319123,0.29440215,0.32222623,0.26096874,0.40879977,0.22452739,0.25809106,-0.10122341,0.22476909,-0.14566725,0.0315707,0.30150777,-0.1121451,0.38633797,-0.13485594
0.013566942,0.32185346,0.10552296,0.020154068,0.18990211,0.3536315,0.2409822,0.48009968,0.10591069,0.13150966,-0.038327053,0.21039434,0.02431618,-0.08229789,0.2047748,-0.045691974,0.32091445,0.0963821
0.06308335,0.41004005,0.1988849,0.026379868,0.27977437,0.3178952,0.26290795,0.45602292,0.16976516,0.13945009,-0.113518015,0.28848004,0.017090607,0.008409609,0.33292896,0.12291244,0.4044839,-0.005750261
-0.079109624,0.25570306,0.24294138,-0.01848086,0.31250352,0.25895497,0.12744603,0.16356775,0.19965148,0.061648723,0.29554915,0.11483149,-0.12281271,0.19934532,0.20988521,0.12182005,0.20489694,0.36675468
0.043326594,0.17573896,0.163089,0.098052576,0.23808074,0.20088491,0.34056118,0.17599183,0.026114633,0.06476678,0.2084717,0.095356636,-0.0071013756,0.117168844,0.25300202,0.10015646,0.34768903,0.482642
0.07709187,0.37962177,0.2544061,0.04726533,0.36798668,0.2171896,0.3444722,0.5914869,0.39629373,0.15463099,-0.10779463,0.31162754,0.3234475,0.16671711,0.31092316,-0.036702823,0.32909292,0.1797122
0.11853852,0.27324948,0.11407781,0.09467005,0.1947065,0.3133517,0.2558174,0.35033786,0.01221935,0.14384459,0.023181655,0.2232886,-0.0034765964,-0.14855585,0.15641865,0.05057375,0.31009853,0.07527348
0.093788005,0.2870165,-0.14947629,-0.111825734,0.33235675,0.21374962,0.1020349,0.26898107,0.21802989,0.2492857,-0.075656086,0.22852078,-0.075849496,-0.013444997,0.21636334,-0.16373494,0.25927588,-0.15434101
0.16175821,0.31315345,-0.032391712,0.014103877,0.28380924,0.30285597,-0.14716977,0.18636361,0.07458168,0.23263185,0.03942646,0.4145347,-0.17272702,-0.038237274,0.06892677,-0.19013277,0.20286177,-0.14040542
-0.06433119,0.25397965,-0.024870677,-0.055978402,0.20935392,0.2448917,0.025422279,0.11702523,0.10629234,0.14568062,0.03135921,0.12375535,-0.12388554,0.03755741,0.054958306,-0.042972934,0.039431684,-0.2210818
-0.086145535,-0.2114728,-0.1994408,0.07214127,-0.30138493,-0.0079826,-0.2022976,0.08423434,0.097090326,0.2193408,-0.041612066,0.2508226,-0.29728597,-0.08550686,-0.016475145,-0.30596626,0.010669672,-0.2831968
-0.098582,0.11374131,-0.19101784,0.15855956,0.00068050995,0.33564,-0.07215296,0.114363015,0.26578867,0.21758132,0.00053166924,0.36962286,-0.27227563,0.039692868,0.18792632,-0.17867689,0.24669501,-0.3127029
0.3333036,0.14823177,0.31336567,0.14702186,0.20507072,0.23916203,0.23744322,0.22461419,0.32248777,0.109749034,0.06970118,0.07522025,0.21334875,0.29727638,0.16839632,0.014039648,0.033603508,0.13696131
0.044658303,0.39574075,-0.031979118,0.043272376,0.32185075,0.2698822,0.21491241,0.4248503,0.35038602,0.08467585,-0.13027361,0.111737564,0.502437,-0.0643629,0.1879835,0.022684038,0.17220867,-0.001452087
-0.101188704,0.25055334,-0.19127917,-0.076140285,0.17763223,0.43957996,0.20371902,0.50186455,0.07992607,0.2833745,-0.043026656,0.2974937,-0.079602405,-0.17669953,0.07450971,-0.001694845,0.32974482,-0.13547072
-0.08846256,0.101456985,0.1993241,0.2669363,-0.032470316,0.080619685,0.0323907,0.089542255,0.2715137,0.0075622518,-0.06136461,0.15299608,-0.098254725,0.27201802,0.1059521,0.008301072,0.061953537,-0.10366826
-0.10259569,0.101251364,-0.20720011,0.016414912,0.06429363,0.2808001,0.20616788,0.42578602,-0.045854367,0.20489258,-0.04965152,0.15990086,-0.056224365,-0.16086581,0.0039411075,0.03804564,0.20724723,-0.12795216
0.17168325,0.0651156,-0.106395796,-0.012720354,-0.017259696,0.12127289,0.15076202,0.17173183,0.17073894,0.19076084,-0.013811914,0.12866572,-0.22543386,0.18792969,0.14737548,-0.102444455,0.19508702,-0.092504516
0.31673896,-0.03741467,0.30479255,0.35740802,-0.062182374,-0.15894106,0.26659292,0.025081469,0.12316712,-0.13811392,-0.08603368,-0.19278502,0.4719746,0.08973433,-0.026058583,0.008418199,-0.19712007,0.21177122
-0.071287185,0.26207095,-0.1141669,0.030917529,0.13438186,0.39958268,0.12186298,0.22429682,0.30077612,0.20064192,0.058007486,0.29352665,-0.26110935,0.10339579,0.39500958,0.06401273,0.4372416,-0.13238809
0.12175977,0.13243073,0.0017869377,0.20246288,0.11475325,0.1108017,-0.066998035,0.15114954,0.0981998,0.16148953,-0.18726662,0.029128099,-0.12954374,0.079398714,-0.115852684,-0.22632918,-0.09558776,-0.29972667
0.044701453,0.19037092,-0.14876133,0.043197915,0.11942373,0.13146444,0.3249006,0.38749075,0.17204568,0.10315509,-0.033125814,0.09236203,0.02867028,-0.05453921,0.37730893,0.13706076,0.43601108,0.016091663
-0.12864202,0.026628057,-0.18459535,-0.12958452,-0.0016580541,0.32665452,-0.17139679,0.23121445,0.19279234,0.16425276,-0.04442015,0.23564692,-0.25660884,-0.15181282,0.1301231,-0.24372196,0.27501145,-0.2793204
0.06635375,-0.21480477,-0.16582274,0.11727237,-0.20382519,-0.07792863,0.28485855,-0.03316525,-0.09118085,-0.043121964,0.08157723,-0.25590593,0.18663266,0.03014922,-0.016566528,0.26610625,-0.105760306,0.08519226
0.2460781,0.08285317,0.0039368244,0.16528992,0.16743958,0.043675173,0.15349366,0.14964323,0.20089424,0.11749165,0.09256661,0.20403889,-0.117314726,0.007561904,0.24288106,-0.026961768,0.34094816,-0.0011685658
-0.0446598,0.38167405,-0.010876264,0.15885793,0.22293411,0.3552392,0.22983775,0.26225707,0.27256113,0.14375871,-0.044998936,0.25386497,-0.04881186,0.14218614,0.26380643,0.042376697,0.336086,-0.096969016
0.29481328,0.35050425,-0.04153626,0.109256685,0.2473522,0.21750288,0.093746066,0.29337314,0.24104714,0.063973606,-0.06369034,0.10293743,0.018715467,-0.008252269,0.16627647,0.10778071,0.20533416,-0.16004512
0.18315436,0.32606354,0.25537816,-0.14690746,0.24507481,0.3299865,0.14411105,0.33866587,0.21271864,0.0746548,-0.051069178,0.12845592,-0.09949626,0.2718479,0.20205152,-0.06963665,0.20385922,0.052544415
0.12508659,0.3559745,-0.03977796,-0.03972075,0.26052362,0.3167162,0.12278329,0.4506777,0.15653242,0.17853466,-0.07843606,0.2547497,0.020071141,-0.16578943,0.26294822,-0.0069865705,0.37347928,-0.04955357
0.30333462,0.2450284,0.055276215,-0.0101515865,0.15820596,0.17427406,0.05776973,0.22648484,0.14855337,0.055508126,0.08779167,0.18217349,-0.086886585,-0.022588477,0.19695187,0.15456277,0.25721484,0.022492237
-0.11325461,-0.30500293,-0.28758624,-0.07777595,-0.33915752,-0.08565514,0.033796337,-0.012889141,-0.13209882,0.071040206,0.1585638,0.15277766,-0.28791636,-0.10480698,0.1328119,0.040252477,0.30983025,0.05384874
0.4064965,0.21679883,0.29845577,0.16435677,0.14094314,0.115772545,0.14652953,0.17912072,0.23497011,-0.078882284,-0.16246682,-0.107521474,0.45377356,0.06897982,-0.03513544,-0.052969128,-0.17101541,0.025055993
0.40648055,-0.1474421,0.12022733,0.31035236,-0.111131534,-0.17993021,0.24483183,-0.047588695,0.11419004,-0.18647093,0.087472886,-0.14336751,0.34742045,-0.14019863,0.0874294,0.34492886,0.047520183,0.20158115
0.0043720948,0.17150727,-0.14878857,0.12711069,0.10234807,0.206069,0.26448402,0.17714134,0.021764899,0.13327515,-0.05264653,-0.022146031,-0.03794392,-0.0036279494,0.11183422,0.1929391,0.11589656,-0.15718254
0.07578831,0.31261674,-0.08704487,-0.14516625,0.25223625,0.2818034,0.19528568,0.47851995,0.15013038,0.21921219,-0.053762637,0.33204246,-0.039650656,-0.12227024,0.28068107,-0.059742756,0.43729246,-0.08467604
-0.046701897,0.056860197,-0.12145567,-0.17531355,0.14329633,0.16240093,-0.10278252,0.14647534,0.085994616,0.18659812,0.051317625,0.1933634,-0.092122346,0.011741226,-0.03459299,-0.25944358,-0.021553949,-0.18136942
0.09471317,0.074440084,-0.16888405,0.21683234,0.068889275,0.114321575,-0.036702503,0.2799019,0.06729681,0.16313195,-0.1333844,0.15329373,-0.065269426,-0.15841451,-0.013081782,-0.23674925,0.12823491,-0.23541763
0.13065343,0.18721725,-0.10295453,0.15907705,0.13521188,0.21549793,0.2775545,0.15437056,-0.009573997,0.07488179,0.025492799,0.020105798,-0.059064634,-0.06714386,0.1902872,0.22677872,0.2916184,-0.015796022
0.22233513,0.46815258,0.14917341,-0.2097451,0.5117324,0.28040227,0.1481641,0.47557664,0.35957024,0.18082654,0.063370906,0.34397826,-0.077936605,0.07149957,0.40554836,0.031300645,0.5109307,0.20204148
0.27354336,0.33987606,0.15839279,-0.041740842,0.32095477,0.35538656,0.23304223,0.48721206,0.2821381,0.16382627,-0.028262869,0.27919888,-0.06285775,0.057978563,0.39410222,-0.021968784,0.47810137,0.03522367
0.4219975,-0.05279549,0.14842999,0.13674982,-0.06315185,-0.05497544,0.30969626,0.053759903,0.021659197,-0.16632947,0.041172706,-0.23896739,0.32525837,-0.1205347,0.12590739,0.37897038,0.046911247,0.24835747
0.30084932,-0.0037643155,0.18537161,0.50503874,-0.08771269,-0.052237403,0.22400483,0.032210387,0.3330271,-0.18012969,-0.11917478,-0.10204133,0.38893843,0.10922406,0.076224685,0.17420983,-0.032897413,0.004994755
0.012493434,0.36293134,0.28488058,-0.0990212,0.3797066,0.35802066,-0.0004966018,0.031244576,0.25288165,0.013215507,0.15874949,0.09976532,-0.25775847,0.41077092,0.13859352,-0.051489033,0.040785283,0.019259052
0.24435064,0.14212447,0.0034942375,0.13906208,0.06301687,0.15152302,-0.032674234,0.14944986,0.20854501,0.051006284,-0.15695746,0.106019735,-0.05488325,0.0026895776,-0.11228436,-0.11439895,0.029780619,-0.29415327
-0.068261564,0.059969623,-0.29454425,-0.11055799,-0.014225524,0.20301606,-0.22508499,0.078965805,-0.0466452,0.16747342,-0.029525157,0.122996286,-0.28648883,-0.042798378,-0.15080887,-0.36191675,-0.03508138,-0.22172117
0.49795568,0.08632367,0.40267238,0.21944658,0.067231,-0.055382498,0.1988822,0.046059042,0.30745256,-0.17519993,0.021943718,-0.10754535,0.45593068,0.17070957,0.07910023,0.26947552,-0.11587049,0.2332955
0.10320165,-0.12495806,-0.17783709,0.16098142,-0.15277609,-0.05187407,0.2541095,0.038920764,0.08953066,-0.06587093,-0.006762877,0.007950916,0.17048952,-0.10177935,0.1900107,0.19930468,0.26803493,0.04095657
0.13143711,0.31413597,0.25132838,0.25348622,0.16911696,0.06860566,0.14426614,0.07618287,0.26906168,-0.13159557,-0.052320123,-0.09832151,0.41789678,0.12972976,0.025354348,0.1355856,-0.15474068,0.06159283
0.16550377,0.22150353,0.071963504,0.13496187,0.22649056,0.16244301,0.2684447,0.28429902,0.28979465,0.0009555449,-0.0035308024,0.07462534,0.19511315,-0.050929017,0.21644771,0.1363306,0.29095095,0.056727096
0.27106607,0.08329249,-0.06806588,0.26244977,-0.050868277,-0.06113738,0.07860826,0.07025232,0.20591877,-0.111370064,-0.058563568,-0.090284355,0.34058827,-0.035103843,-0.03287467,0.1367147,-0.06507675,-0.052912638
-0.040032238,0.42649645,-0.017631136,-0.05034685,0.33992213,0.3239265,-0.088482246,0.2041025,0.2897193,0.12766695,-0.04961252,0.23971516,-0.17276531,0.17164373,0.16473256,-0.12147895,0.17071977,-0.2338892
0.0033103763,0.36931273,0.3591357,0.0547916,0.30699623,0.2703051,0.08873763,0.21413946,0.23443508,0.14504763,-0.11106986,0.15131627,-0.06365493,0.4322545,0.08391424,-0.10531469,-0.06925909,-0.07690865
0.20706147,0.27473128,-0.036301956,-0.07894008,0.32827914,0.26109076,0.09771517,0.19294393,0.10958776,0.2227763,-0.10350472,0.12950388,-0.1074906,0.07558465,0.0690054,-0.17599106,0.08769965,-0.15713628
-0.104503594,0.15391317,-0.07759342,0.048407305,0.072950535,0.27176046,-0.07497732,0.12501857,0.12405587,0.21138294,-0.010066743,0.284997,-0.25785375,0.17876077,-0.021609794,-0.2680784,-0.00944924,-0.24888703
0.13993579,-0.12349001,-0.0032006311,0.16613398,-0.13461675,-0.0021014027,0.3460946,0.10726829,0.09281843,-0.033841014,0.025908854,-0.026338313,-0.024458822,0.12325912,0.2591799,0.22344066,0.2932778,0.14719665
0.42226726,-0.30831754,-0.1716775,-0.049363967,-0.3497068,-0.03400857,-0.21403274,-0.18367936,-0.19467734,0.08363815,-0.0065150512,-0.026062006,-0.27092528,0.0029359479,-0.23479588,-0.18526027,-0.23553413,-0.22170429
0.20673913,0.11288059,0.10540466,0.05874382,0.11413407,0.16147062,0.144104,0.24708767,0.21008393,0.22714168,-0.09497323,0.24721122,-0.1176164,-0.038419183,0.19567479,-0.1719895,0.23957893,-0.11591876
0.37333933,-0.15258816,-0.03881908,0.30829012,-0.16411662,0.12440768,-0.0001967093,-0.06478889,-0.014126156,-0.04470579,0.1929528,-0.03298653,-0.10337276,-0.057505827,-0.046765175,0.15737544,0.022028718,-0.056739613
0.061167166,0.13052252,-0.10327385,0.18815246,0.09719815,0.1314012,0.23770128,0.13572896,0.102877915,-0.022580195,0.04991299,-0.12886828,0.35663086,-0.01808051,0.00023595849,0.23935112,-0.05987846,-0.0035139387
0.008203401,0.36312822,0.028040307,-0.08329761,0.36224338,0.30953306,0.24149534,0.45903987,0.2758247,0.2504164,-0.16152287,0.26543456,-0.18517834,0.08016673,0.3679191,-0.15917857,0.42949057,-0.10020208
0.047859818,0.41934112,0.042974256,-0.11965249,0.28969353,0.38977283,0.13122293,0.42169136,0.1915189,0.17895946,-0.00494336,0.30201685,-0.08134261,0.12901516,0.23893067,-0.1543315,0.33738524,0.09184359
0.019684415,0.32568318,0.2409719,-0.050018378,0.31560057,0.24077176,0.30502343,0.13938415,0.073504284,0.00026502274,0.20774186,0.10046555,0.020505171,0.18572769,0.14594865,0.07112713,0.20339827,0.36890382
0.104170546,0.23913166,0.10470405,0.169568,0.14959054,0.39598852,0.012258675,0.10114989,0.15433195,0.1304451,-0.11848736,0.09028736,-0.110401005,0.17623147,-0.06405742,-0.23648822,-0.048608348,-0.18365286
0.098596215,0.13218717,-0.29229137,-0.026135636,0.12779787,0.3278238,-0.09080657,0.03210976,0.1448073,0.22430623,0.08128458,0.21497616,-0.18574375,0.06603717,0.14120972,-0.19761464,0.15979046,-0.14076754
0.19446729,0.35532224,-0.0432774,-0.08520904,0.37786955,0.23876333,0.19429165,0.4681244,0.21845576,0.07573657,0.079337224,0.11078332,0.1365791,-0.18351349,0.2524255,0.19236603,0.36961797,0.17594217
0.20782699,0.13454866,0.20654222,0.35501242,0.065634236,-0.050632846,0.33997443,0.20886588,0.2348899,0.0018580933,-0.11453469,0.008532968,0.24000536,0.005014343,0.17621037,-0.017645355,0.104297675,0.033102077
0.07020651,0.110472664,-0.12262015,-0.042962324,0.12853995,0.044412576,0.07466947,0.18557706,0.019463781,0.089648336,0.2024233,0.26730925,-0.20283905,-0.1256234,0.19137716,0.020404577,0.4410919,0.17882037
0.29413396,0.15271282,0.40078813,0.5591421,0.07136229,0.0041897977,0.34918833,0.048060827,0.27659458,-0.11860377,-0.11273587,-0.10674097,0.49002635,0.144604,0.0986374,0.06481173,-0.11484712,0.119081005
0.107286334,0.041437812,-0.023727655,0.038783237,0.04522804,0.030349089,0.28520483,0.2637196,0.1565851,0.098349884,0.06333654,0.21409753,0.09755187,-0.052955665,0.3053557,0.096399255,0.41985065,0.28284952
-0.0683967,0.34073263,-0.019699486,0.051292654,0.29592034,0.2789271,0.0414344,0.33801752,0.2513103,0.2685126,-0.13770089,0.30579126,-0.14419962,-0.07267167,0.24302433,-0.24669956,0.26085454,-0.23770802
-0.0716931,0.19844088,-0.13757381,-0.24000493,0.15046072,0.2428648,-0.05216504,0.24514015,0.18361302,0.21671085,0.061099842,0.24450839,-0.13155156,0.119655795,0.010546431,-0.17557102,-0.0053258175,-0.16306877
0.2555471,0.23029971,0.022332232,0.14716841,0.22723171,0.2880603,0.11898519,0.23015067,0.21356492,0.0458239,-0.01859703,0.15322915,0.05493194,-0.19960043,0.10470973,0.15904838,0.2944615,-0.111567885
-0.10448234,0.18236299,-0.047627445,0.11671903,0.033663586,0.27109402,-0.12955768,0.203897,-0.009393066,0.21479556,-0.14534083,0.23455846,-0.26768473,-0.0689227,-0.13850263,-0.3507267,-0.018964302,-0.32221377
-0.12425396,-0.30124512,-0.28145722,-0.13750327,-0.3316853,-0.27169132,-0.26205224,-0.3368994,-0.1612849,0.031507082,-0.043788224,0.034401946,-0.11412572,-0.31996855,-0.124920845,-0.1955003,-0.18778598,-0.16267526
0.045694437,0.1316187,0.027677536,0.18771361,0.14189783,0.21341923,0.13324557,0.1334387,0.033112526,0.16679063,-0.06873047,0.14639412,-0.16175005,0.08047752,0.080889225,-0.19810477,0.09892166,-0.21492612
0.1411688,0.25760484,0.14037427,0.02405196,0.30341476,0.24345674,0.3421807,0.23247896,-0.014835094,0.06567857,0.295529,0.14345616,-0.064150795,0.060487144,0.24943419,0.1288992,0.35324335,0.40719444
0.1693006,0.19175431,0.011187161,0.22983062,0.06605402,0.09278537,0.31618726,0.24305391,0.20625624,0.0046438426,-0.083082855,0.06862651,0.28962108,0.039743163,0.19630821,0.10259956,0.20265222,0.04421047
-0.1284114,0.197512,-0.04936529,-0.009610862,0.10220884,0.084875554,0.20055968,0.4061934,0.11856084,0.17383325,-0.12600541,0.31796986,-0.11695472,-0.13144973,0.21355838,-0.10705343,0.4339447,-0.019198427
0.047726832,0.2684129,-0.05084442,0.15182477,0.18167582,0.19124492,0.20399569,0.29718697,0.18786803,0.047943115,-0.097118005,0.23253456,0.18338247,-0.12355238,0.22444603,0.085674986,0.36928815,-0.012100766
0.4199834,0.3775471,0.3963833,0.08275805,0.24948247,0.2431836,0.18197244,0.2505403,0.34807938,-0.089725375,-0.09741529,0.0060894396,0.3549232,0.0874915,0.21790619,0.11552451,0.09639721,0.060860682
0.10884146,0.35043812,-0.015223909,-0.09361288,0.30755427,0.26281554,0.3584116,0.38553086,0.29595417,0.16713683,-0.07261154,0.11861086,0.015538518,0.18550928,0.28535476,0.14930709,0.3121696,-0.025241373
0.13443765,0.25586087,-0.16859566,0.067909494,0.13493879,0.3459497,0.046646386,0.32782435,0.19848639,0.30374953,-0.07388261,0.39955482,-0.21691929,-0.07922253,0.16262968,-0.14409658,0.27459127,-0.31012928
0.16620663,0.18087628,-0.042190645,0.2987207,0.094714664,0.006741775,0.35520992,0.285002,0.064382285,0.010533111,-0.07406824,-0.028913058,0.43537956,-0.12517335,0.1789895,0.13911863,0.22533628,0.2359678
0.17789981,0.288511,0.28582418,0.27746826,0.2014941,0.048293065,0.112631336,0.18517786,0.29435867,-0.057302386,-0.10152543,-0.054728832,0.29461455,0.08063302,0.058238085,0.11919695,-0.045597576,0.004821332
0.21436928,0.16537206,-0.09485455,0.035613216,0.1801233,0.2074075,-0.03558298,0.18335861,0.31248915,0.19866836,0.12267105,0.37622392,-0.107702754,-0.05183456,0.2632232,0.0036077714,0.3158397,-0.05218314
0.024310187,0.32835206,-0.14866497,-0.094112426,0.29137248,0.39162105,0.06468363,0.36211187,0.09279807,0.29935554,-0.06751413,0.42232662,-0.14413613,-0.11316516,0.24072994,-0.17128837,0.39406538,-0.14479837
-0.05052854,0.15243237,-0.121690325,0.14497203,0.14207499,0.29623073,0.076669306,0.2571847,0.25648886,0.15899613,-0.060985856,0.27525988,-0.13091642,-0.09887645,0.15401691,-0.048486352,0.31735063,-0.28464603
-0.033884354,-0.22788727,-0.20855337,0.15521887,-0.22188595,0.051087186,-0.15062064,-0.0697836,0.14318305,0.09744664,-0.117451236,0.24779785,-0.19163632,-0.21774888,0.09178641,-0.10430263,0.22844478,-0.29627293
0.084572166,0.10348496,-0.13903323,0.1366852,0.07170816,0.16927281,0.27492523,0.071961954,0.106591366,-0.111492574,0.14327702,-0.21240732,0.28137043,0.12831818,0.14748998,0.25874788,0.10676703,0.20362309
-0.06747654,0.301966,-0.05871766,-0.120811425,0.26514617,0.3768716,0.1297408,0.2905721,0.040905803,0.19419299,0.16893168,0.33375913,-0.17331745,-0.04726474,0.12617666,0.048067268,0.31339973,0.023777943
0.15499604,-0.27077577,-0.24018145,0.2147075,-0.2902162,-0.058646087,-0.216732,-0.16312316,0.09795305,0.16039999,-0.011063292,0.24842057,-0.3089677,-0.041733578,-0.025448132,-0.23365867,-0.005518177,-0.35063496
0.21936479,0.28703952,0.18149453,0.33816072,0.22528066,0.14066151,0.13932744,0.18190795,0.23067543,-0.04865185,-0.0016980552,0.020459522,0.22566727,0.079826705,0.14517576,0.13705528,0.09952368,0.034008425
0.1215401,0.39826882,0.35180512,0.10522652,0.2878942,0.19315985,0.26084855,0.39895484,0.385692,-0.028778091,-0.15512818,0.041750483,0.50171924,0.07446397,0.18993488,0.110071965,0.08746345,0.10091244
0.06507727,0.30232218,0.1437964,-0.1865814,0.37530267,0.34308773,0.11212616,0.28502768,0.12703976,0.2222738,-0.041960336,0.14159644,-0.09590306,0.29321682,0.10323486,-0.18359494,0.023782954,-0.082198806
-0.10877512,0.21472391,0.06342298,-0.021634653,0.13887198,0.39755744,0.10346592,0.11412457,-0.076620504,0.19301784,-0.011952962,0.12749326,-0.21229741,0.098072454,-0.015892847,-0.09460527,0.010469418,-0.24312787
