0,1,2,3,4,5,6,7,8,9,10,11,12,13,14,15,16,17
-0.026702913,-0.07482797,-0.28645656,-0.029054794,-0.13396122,0.12484526,0.032193933,0.19225872,0.13182518,0.12546822,0.16172518,0.30202955,-0.21607852,0.02452429,0.2412164,-0.012235437,0.39129674,-0.01925574
0.04149724,0.3327058,-0.10266909,-0.034176286,0.2916526,0.2501664,0.2595924,0.5706388,0.16507232,0.21250278,-0.14720407,0.25588,0.059956696,-0.13442332,0.21493751,0.011146183,0.40159848,-0.07796193
0.24369594,0.27094606,0.06423728,0.06276814,0.2526287,0.2038804,0.39316007,0.42871687,0.17533939,0.027443679,-0.033248313,0.0006389916,0.33237013,-0.10210249,0.20742717,0.30499414,0.27543756,0.124491945
0.18563303,0.19048168,0.26289767,0.1762348,0.11596048,0.022253558,0.27290568,0.0048439316,0.14887974,-0.19493084,0.03873706,-0.1956132,0.42340535,0.1686381,0.10115908,0.15213637,-0.09934254,0.27425304
0.4138634,0.036530722,-0.18390864,0.17673431,0.022072282,0.1974825,0.117107294,0.04226727,-0.023261858,0.12114747,0.21908385,0.13734777,-0.21332547,-0.113679975,0.10451988,0.1955863,0.27267417,-0.023054808
0.021133943,0.42358434,-0.10207287,-0.10472743,0.3101194,0.44603485,0.02062576,0.33451128,0.18866566,0.21184213,-0.088730305,0.32584408,-0.10705449,0.003483026,0.21893987,-0.18182503,0.29128262,-0.1977267
0.11387651,-0.2259314,-0.25344515,0.03061394,-0.24866965,-0.13989627,-0.28321293,-0.22524264,-0.09579781,0.04443844,-0.109224305,0.08110542,-0.14999321,-0.12553026,-0.3250874,-0.2956375,-0.21790065,-0.2726782
0.029344628,0.29631746,0.28690127,0.09066818,0.25466615,0.27464134,0.35434523,0.18836085,0.050100587,0.03439401,0.059234105,0.06417308,-0.13463539,0.35455433,0.26837787,-0.018208422,0.33458647,0.3429957
0.124890804,0.1502528,-0.083430424,-0.041031923,0.14205542,0.25360286,0.33732694,0.2845175,0.14837925,0.08335416,0.107393034,0.09964161,-0.050247926,0.13886152,0.36290145,0.17011869,0.45522127,0.14963524
0.070107155,-0.12796956,-0.14730266,0.17481658,-0.1528085,-0.14906748,0.03944254,0.16598035,0.32125354,0.12466846,0.027146203,0.19449311,0.2289968,-0.13709527,0.20188832,0.06085044,0.13156088,-0.011453435
-0.17556901,-0.040863853,-0.30455524,-0.033398107,-0.007789721,0.11001599,-0.0044568535,0.11549026,0.19104783,0.2441538,-0.049970355,0.23153631,-0.1375516,-0.08646411,0.23847783,-0.24081132,0.22820176,-0.18341933
0.06781921,0.3587136,0.0910327,-0.22428836,0.2734011,0.38784337,0.2130593,0.47778124,0.15925607,0.14618942,-0.13651808,0.16293083,0.0034644743,0.04243573,0.20300321,-0.15141936,0.29841098,0.040957335
0.12740079,0.14254259,-0.11843247,0.24540472,0.090095036,0.18286717,0.18703572,0.1071794,0.18787044,0.025350962,-0.038476087,-0.094000414,0.2508114,-0.113912344,0.07148041,0.13700269,0.04354843,-0.14914206
0.119232014,0.18058017,-0.057683546,0.030631168,0.17258276,0.21176389,-0.043062285,0.3285093,0.25512424,0.15498064,-0.13058892,0.29526356,-0.16788863,-0.057820242,0.15470754,-0.19612217,0.30780476,-0.25267133
-0.0046854224,0.17688756,-0.1267226,0.12763193,0.12976214,0.20844433,0.15873604,0.14849095,0.021822002,0.019665,0.12907252,0.09522838,-0.10030263,0.051486768,0.15489796,0.08571751,0.30735365,0.089449435
0.13623236,0.22346394,-0.10827655,-0.08041698,0.20587836,0.1550416,0.2816232,0.4061054,0.036137067,0.17779669,-0.014698223,0.08960451,-0.11777308,0.064920306,0.23894843,0.03163248,0.29047033,0.012631162
0.025912166,0.39996105,0.061277512,-0.08335889,0.28412285,0.37935534,0.3150826,0.41243976,0.20732102,0.19354725,-0.059529267,0.2631616,-0.12290807,0.21036129,0.32854182,-0.005447999,0.4250514,0.09970199
0.16667826,0.3924205,0.011162924,0.04220521,0.31784466,0.3260748,0.14614746,0.43073526,0.1960355,0.15198176,-0.041546598,0.24498712,0.023758253,-0.18687363,0.33187565,0.035880867,0.41510215,-0.032413684
0.38789877,0.20131825,0.37014717,0.023105068,0.17207591,0.2504289,0.09837309,0.2793762,0.14356965,0.018621974,0.011395437,0.11347732,-0.062133238,0.037868455,0.11849569,-0.001145037,0.1428617,0.025356546
0.23964125,0.019668039,-0.20119758,0.065253094,0.007876249,0.11048007,-0.16093974,-0.0460155,0.16329731,0.0015491376,-0.06234769,-0.05185656,0.099587746,-0.12480122,-0.044978816,0.10726125,-0.03968496,-0.24597403
0.4988397,-0.20049043,-0.17973574,0.1292489,-0.20804718,0.029339885,-0.024753772,0.12730241,0.21250293,0.12948872,-0.08403408,0.10833452,-0.06885608,-0.08079663,0.117161416,-0.049017023,0.13522108,-0.25562513
0.13757308,0.3137703,0.01666317,0.07722616,0.29429066,0.2920173,0.43169,0.3194872,0.15673712,0.09701922,0.109811306,0.10174241,0.20349565,0.048562195,0.28617373,0.29177403,0.32311141,0.14004093
0.21330436,0.37424958,0.177633,0.13519853,0.2725413,0.40835503,0.07421438,0.33855933,0.21568467,0.21002738,-0.066759355,0.28598425,-0.011592974,0.00025692675,0.24428132,-0.01517256,0.2471947,-0.082372785
0.3444207,-0.23645134,-0.17284863,0.27349606,-0.2784766,0.022546275,-0.16306242,-0.069951296,0.0472729,0.24700937,-0.0042124405,0.33364767,-0.18687521,-0.20568267,0.012328215,-0.10893352,0.04157174,-0.28670764
0.038272683,0.08146049,0.29346073,0.23961161,0.04984405,0.06666991,0.34752175,0.24595001,0.19456398,-0.021643333,-0.030735284,-0.03477761,0.4605825,0.12801698,0.13241784,0.04610837,0.011730618,0.31912443
0.5187546,0.30935144,0.4404377,0.12759148,0.3460491,0.27327406,0.1255081,0.3980023,0.327941,0.16081364,0.0123104155,0.24353664,0.10879471,0.21061252,0.23016152,0.027529705,0.18847261,0.10891973
0.38750327,-0.25961807,0.05357618,0.23222905,-0.20206456,-0.07902912,0.2872531,-0.040111132,-0.08133085,-0.030497773,0.21747524,-0.06506129,-0.016220901,0.082271375,0.21734788,0.21495919,0.19261557,0.30214828
0.28223997,0.4456055,0.46712026,0.12467719,0.39919406,0.24356811,0.2949454,0.28525925,0.32096285,-0.033616222,-0.08999155,-0.03140763,0.4945623,0.22644661,0.21296772,0.06289267,-0.042349428,0.21093239
0.27230063,0.46413985,0.3859207,0.3651914,0.3628008,0.09365778,0.34346116,0.23768996,0.36430302,-0.0862197,-0.08136406,-0.027472164,0.43574506,0.1857705,0.19674821,0.2605055,0.04844726,0.12635252
0.14303428,0.12348677,0.119764335,-0.022135086,0.20246932,0.16538876,0.2802887,0.18800746,0.028248409,0.10162204,0.19286156,0.17769584,-0.15342782,0.11030753,0.2324053,0.023577655,0.4163456,0.40115374
0.0583739,0.28532824,-0.12536941,-0.13922344,0.2796063,0.41071317,0.19722973,0.4068409,0.19387445,0.16632389,0.032359052,0.09302418,-0.07791135,-0.0613872,0.38764113,0.16041869,0.39164725,-0.040630512
0.4250444,0.2586835,0.45592576,0.2709522,0.19475605,0.14349164,0.22642988,0.12570494,0.40687984,-0.13647558,-0.11064928,-0.056509133,0.3389635,0.20928709,0.1426264,0.13343205,-0.008502943,0.05891396
0.2188011,0.15936232,0.35045093,0.5042052,0.064602785,0.10013007,0.34086108,0.19709481,0.40167865,-0.11919273,-0.037006006,0.09456221,0.5130727,0.036378108,0.23914023,0.24241717,0.15922081,0.18985584
0.36255482,-0.0062567,-0.19859435,0.08140084,-0.01024412,0.15879983,-0.011548521,0.15590955,0.14316382,0.2224518,-0.10756107,0.11972073,-0.09281345,-0.03618821,-0.04872059,-0.18767922,-0.012762997,-0.34654477
-0.123157516,0.11418736,-0.06817797,0.15572828,0.0058205053,0.15674935,0.052635267,0.29250133,0.17381543,0.14353774,-0.006491409,0.16209066,-0.14158215,0.18595926,0.20007399,-0.0938334,0.14929375,-0.13597162
0.12762308,0.28557625,0.0834353,-0.09781105,0.24237046,0.34515217,0.043736704,0.27818853,0.18260957,0.20295899,-0.122603014,0.14848006,-0.19620387,0.30511355,0.040348887,-0.21733083,0.011986889,-0.23901305
0.12239261,0.29028362,-0.15509018,-0.07627678,0.3048309,0.2920016,0.014906527,0.24790661,0.22591813,0.23971856,-0.15779215,0.1988749,-0.15664901,-0.055886112,0.07973585,-0.19690071,0.20233151,-0.30530977
0.477318,-0.16663362,-0.16998424,0.09602546,-0.1483199,0.14305481,-0.08389601,0.056222476,-0.018126933,0.23480578,-0.067870185,0.15748052,-0.27901012,-0.07111176,-0.051032074,-0.21024077,0.0067442986,-0.32050174
0.15888372,0.3394359,0.0500121,-0.005062538,0.2735666,0.28226474,0.38169125,0.39474112,0.08172762,0.1673106,0.04877624,0.08545255,-0.054465383,0.11229289,0.257501,4.43405e-05,0.33808646,0.2264038
0.36282516,0.24389333,0.3237504,0.28806463,0.15743202,0.033720177,0.24868026,0.28616738,0.2274178,-0.027497837,-0.19199216,-0.045115985,0.39715293,0.16807458,0.10095862,-0.029068079,-0.066545345,0.025504285
0.053068995,0.27225164,0.06351458,-0.00455951,0.2515409,0.1955307,0.29646233,0.22776732,0.058619533,0.031424023,0.1081292,0.14767048,-0.015578627,-0.023233006,0.30520728,0.21784288,0.47317415,0.3157516
0.3323007,0.009199281,0.18645518,0.018715523,0.107810706,0.138572,0.2430726,0.13422586,0.118224375,0.03038063,0.21848947,-0.06046237,-0.0010807819,0.3107067,0.11725675,0.104648046,0.03184712,0.2481623
0.4844599,0.3049166,0.49177954,0.03302675,0.2793267,0.25702357,0.2225522,0.37218454,0.28313452,0.039316382,-0.00682943,0.10757476,0.22700743,0.32674876,0.19088149,-0.011219752,0.055444162,0.22400822
0.2092476,0.3530165,-0.038894374,-0.07172597,0.40641093,0.29883894,-0.054975327,0.17067446,0.039129857,0.14991029,-0.10254873,0.13101277,-0.16105182,-0.052213226,0.07989053,-0.22415486,0.15264727,-0.1367704
0.42484015,0.30400175,0.31773642,0.13664679,0.281884,0.23263489,0.2902848,0.38909706,0.4311196,0.063570574,-0.08753278,0.12887564,0.3636015,0.078833915,0.2641219,0.11464583,0.2267791,0.10016794
-0.06615147,-0.2267449,-0.22747791,-0.05680694,-0.33320755,-0.08894509,-0.20047034,-0.13078322,-0.05730595,0.21024643,-0.049922336,0.31230852,-0.17404231,-0.21961647,0.031601,-0.18515572,0.03657304,-0.19492847
0.30075553,-0.064363085,0.025441127,0.35273185,-0.058564696,0.14398377,0.20839798,0.08899896,0.23196104,-0.05060818,0.21732138,0.11959878,0.26543438,-0.018960135,0.2340836,0.24945971,0.21040547,0.16008978
0.16904174,-0.3099224,-0.084478706,0.22960503,-0.23662995,-0.06770779,0.29013273,-0.2486501,-0.049635284,-0.18350354,0.28937668,-0.28522405,0.27253306,-0.12752464,0.0033558244,0.43698695,-0.04295674,0.3150114
0.13788255,0.090141654,-0.116433814,-0.03571573,-0.029787142,0.15520741,0.035258688,0.30879077,0.14030948,0.24884623,-0.04149817,0.25906557,-0.10515985,0.1233274,0.12682252,-0.16458023,0.15752482,-0.04375342
0.25838995,-0.09486436,0.4299566,0.24646312,-0.09419838,-0.027952194,0.3132652,0.006527136,0.082411535,-0.10299924,-0.0031542524,-0.14167906,0.04529914,0.29682878,0.11859615,0.17849225,-0.043667898,0.12783481
0.109263554,0.32934752,0.24462858,-0.04482891,0.44174895,0.31958222,0.3732667,0.24937074,0.058245815,0.09611221,0.28837535,0.09873349,0.016374877,0.26730716,0.29557553,0.14696452,0.35082054,0.58032197
-0.17087719,-0.22551742,-0.14416333,-0.12148704,-0.28045925,-0.03440856,-0.056239225,0.093990125,0.027664235,0.07719007,0.18923703,0.16711076,-0.25926292,0.11853624,0.024296496,-0.15974417,0.1085129,0.14484353
0.24510434,0.26380005,-0.0019104183,0.14229499,0.15474392,0.40194812,0.040213544,0.09295768,0.07724512,-0.016168306,0.12894723,0.053146932,-0.06527249,0.0064969594,0.043951586,0.11855208,0.15220225,-0.058704425
0.26445013,0.08223765,-0.09610457,0.3791348,0.0047648293,0.20431077,0.019746045,0.0610023,0.31073955,0.055390056,-0.08337567,0.14076968,0.18825553,-0.06601724,0.024747605,0.015770333,0.071023546,-0.2657704
0.25534874,0.17405903,-0.007989816,0.110583,0.10939118,0.40119982,0.106404305,0.41231057,0.24537428,0.25572544,-0.08239716,0.24981211,0.01579636,0.17916487,0.04925731,-0.14758156,0.11945588,-0.09907819
0.08127768,0.44788113,0.028559083,-0.06798034,0.33277208,0.41610056,0.25158945,0.45357934,0.2707358,0.22992882,-0.16680157,0.3103398,-0.04491579,0.06495884,0.27233097,-0.075810015,0.37338677,-0.103389286
0.14153662,0.26861295,-0.052611805,0.020989738,0.20257597,0.16494235,0.25974932,0.37844738,0.20386507,0.2137063,-0.07955636,0.18569846,-0.008482976,0.17436744,0.13880931,0.04134687,0.219316,-0.06425131
0.326778,0.36253524,0.13804758,0.022996217,0.22546919,0.50532293,0.14305888,0.34999037,0.23832235,0.23666984,-0.055001915,0.39344692,-0.1587232,0.12059954,0.26624233,-0.04656835,0.36438,-0.14144135
-0.05997095,-0.0012887365,-0.20729409,-0.04517079,-0.04388655,0.12233798,-0.10856837,0.32667658,-0.059750583,0.23628402,-0.16071063,0.31458437,-0.12208664,-0.23261821,-0.06312971,-0.36039037,0.12923789,-0.20080829
0.38880962,0.29382497,0.30264232,-0.05518561,0.19385359,0.26990783,0.08471854,0.2834714,0.18517023,0.043913256,0.010659222,0.12213579,-0.03675593,0.22265816,0.1822865,-0.030203037,0.12741728,0.06308177
0.07010763,0.33242837,-0.077053286,-0.11737189,0.28559038,0.35012496,-0.043984994,0.2409353,0.10547532,0.15468754,-0.1573452,0.11652462,-0.22251447,0.01619994,0.04595094,-0.23512489,0.12852468,-0.24971084
-0.20774348,-0.21266663,-0.31711504,0.02684254,-0.35159263,-0.025163254,-0.27485633,-0.02949603,0.10930823,0.19011942,-0.14929116,0.292218,-0.29874405,-0.12174395,-0.035606768,-0.33084536,0.03336927,-0.39362344
0.13448195,0.12979385,-0.09614907,0.081562154,0.088021144,0.24023841,0.052536827,0.15402305,0.101681344,0.0580882,0.117533,0.2082947,-0.1442975,-0.08623651,-0.008071079,0.011166972,0.26088077,-0.0127142
0.18451332,0.4052182,-0.12120526,-0.14529665,0.3826699,0.27364388,0.22285877,0.49772415,0.11130184,0.20446089,0.09930207,0.14132692,-0.025634388,-0.05099212,0.280295,0.21278182,0.3767127,0.11816743
-0.14788298,-0.37541494,-0.27260253,-0.08114874,-0.33726087,-0.20928347,-0.084194936,-0.22112077,-0.3159179,0.08479991,-0.095601894,-0.085674904,-0.13484056,-0.32294807,-0.033422455,-0.24744986,-0.13283534,-0.115046754
0.14375755,0.21353368,-0.11517564,0.057186753,0.18035136,0.16172476,0.2845509,0.33207706,0.24854058,0.10492198,-0.07114865,0.11985592,0.22801678,-0.121995725,0.20862688,0.12097984,0.29674727,-0.01653455
0.32048756,0.18119158,-0.11031356,0.11234427,0.16897199,0.19943345,0.13778065,0.3454349,0.16416337,0.24744423,-0.020965464,0.23693883,-0.026297335,-0.13010697,0.24495563,-0.1448626,0.3086809,-0.08323543
0.21769033,0.20803168,0.066993766,0.14536448,0.10943421,0.2861538,0.117364235,0.19397387,-0.064955056,0.0732132,0.078912646,0.036641143,-0.13743289,0.101733364,0.06444219,-0.021284489,0.09253097,0.02265441
0.33736217,0.17514867,0.27281937,0.11133545,0.19213551,0.23846537,0.22019094,0.27201867,0.46680197,0.099737406,0.029120684,0.26403064,0.02658241,0.21065935,0.32344407,0.028457792,0.30751306,0.020742228
0.07343362,-0.11777048,-0.059244733,0.43048248,-0.13513839,-0.12648417,0.117823794,0.06283725,0.3305136,-0.056346197,-0.016111743,-0.01922516,0.49617654,-0.21563378,0.049945287,0.12469652,-0.063463464,-0.009434867
-0.03544447,-0.03979327,-0.16222353,0.026297912,-0.039573006,0.22576514,0.035760004,0.08280591,-0.15916727,0.12937544,0.19839741,0.15521567,-0.16485657,-0.3563731,-0.100917675,0.14555119,0.16189258,-0.05414012
0.055798937,-0.023510385,0.13459305,0.106022544,0.063190125,0.1385761,0.24514197,0.016159754,0.08181931,0.012469416,0.39445376,0.11332994,-0.096840985,0.100584894,0.16467203,0.20924965,0.26160103,0.4095578
0.14822441,0.32521334,0.1497853,-0.072397046,0.30136836,0.42202008,0.239803,0.3050476,0.13803905,0.1556693,0.09046975,0.23304825,-0.14693455,0.11889005,0.35199165,-0.028916549,0.44313234,0.21604005
0.02072705,0.22105785,0.11938358,0.41578314,0.13718094,-0.12427321,0.3524043,0.07894183,0.19377412,-0.13641436,-0.055627447,-0.14291762,0.5103526,0.027349817,0.0578573,0.19954312,-0.033820946,0.15286584
0.119538635,0.41277748,0.038284775,0.011157538,0.3652356,0.30410054,0.038823742,0.31868097,0.34115165,0.15965365,0.05834124,0.2885145,-0.16685957,-0.009274664,0.31489623,0.17785665,0.36208695,-0.12336555
0.36302352,0.30625066,0.18041815,0.045307074,0.32314032,0.17597859,0.13228291,0.3394548,0.32639542,0.11832821,0.03966129,0.13679871,0.07422733,-0.013665694,0.24109055,0.08716738,0.18358476,0.012858821
-0.060790557,0.2221218,-0.17784205,0.049657594,0.11040875,0.30527562,0.097346194,0.16692849,0.049932715,0.11783894,0.016550899,0.10671269,-0.152087,-0.057822354,0.080467515,0.2169074,0.20115288,-0.18572885
0.28942677,-0.04195006,0.03478262,0.0916969,-0.069603994,0.051912613,0.18250957,0.1503931,0.18061422,-0.022469051,0.17329049,0.081784986,0.12696694,0.09077322,0.1964536,0.2306968,0.24982587,0.26662636
0.044734985,0.25124592,0.2881386,0.08584796,0.2959301,0.23565486,0.30036035,0.17443745,0.10949965,0.06544132,0.23526736,0.21353662,-0.20757331,0.22742954,0.35467148,0.14111294,0.45620105,0.39378402
0.027490105,0.06769932,-0.14312233,0.24051048,0.00072948117,0.08989067,0.13076477,0.1824702,0.10739894,0.20281626,-0.07501515,0.23318045,-0.08681908,-0.078897774,0.10996266,-0.028702732,0.21698329,-0.21207914
0.15168208,0.3014952,0.12993528,0.014995249,0.30383256,0.30099964,0.12485499,0.16463466,0.121434435,0.07984672,0.2511897,0.15781108,-0.09189227,0.1645132,0.13095514,0.002808187,0.21432137,0.30818123
0.3329981,-0.056353576,-0.20427108,0.34653044,-0.04720831,0.20550051,-0.06562163,0.026060931,-0.022072466,0.14003065,0.017462127,0.13101839,-0.122200385,-0.16570024,-0.041362226,-0.13105185,0.06899567,-0.24279077
-0.092929825,-0.21790051,-0.45260677,-0.21224001,-0.1961596,-0.025188886,-0.24734946,-0.10101413,0.089192435,0.14791626,0.17508994,0.16054356,-0.26607406,-0.08985292,-0.0036792494,-0.16883977,-0.00761649,-0.27191418
0.17160942,0.2902283,-0.0033828102,0.032758318,0.21968034,0.085365854,0.24282862,0.2981683,0.23785308,-0.045374904,0.045154434,-0.097208455,0.52066433,-0.17275031,0.23334722,0.32719693,0.10880454,0.17537
0.15587568,0.30228683,0.4402929,0.120362654,0.30039743,0.21438947,0.32932287,0.16675608,0.116822705,-0.016866006,0.0857832,0.04421849,0.118813835,0.34227285,0.24785566,0.047077347,0.13752176,0.41954717
0.1426628,-0.028190874,-0.1807788,0.06428682,-0.035739765,0.27807775,0.068953596,0.09132575,0.21453972,0.055981603,0.07476252,0.03796937,-0.06558526,-0.08473867,0.14621022,0.23601878,0.17206563,-0.19280683
0.38774464,0.25968355,-0.04459639,0.18049413,0.31751084,0.26242566,0.15036836,0.30534354,0.31705913,0.21065539,-0.0455947,0.20762672,0.06644702,-0.09820129,0.25539398,-0.063337125,0.2867366,-0.14941438
0.26361817,0.18247323,0.01828203,0.07836567,0.13306671,0.21041341,0.051741295,0.32530025,0.056641053,0.15393865,0.049897794,0.2115941,-0.023604192,-0.118151225,0.04539363,-0.008832787,0.14705938,-0.048279185
0.39972067,0.4126961,0.080339395,0.06333819,0.29103246,0.44525626,0.12501658,0.3434586,0.19737034,0.14569181,0.10026255,0.27695692,-0.008100632,-0.050287057,0.22399294,0.28650826,0.31738427,-0.04390245
-0.054354757,0.080032885,-0.17397618,-0.024270777,0.03317726,0.1991285,-0.049058914,0.1269443,0.07439255,0.17226765,0.08411734,0.15124898,-0.3116055,0.3438962,-0.005357285,-0.30758995,0.010556517,-0.13382229
0.06365655,0.23608531,-0.06081616,-0.06618629,0.18441972,0.2885055,0.03206805,0.24545272,0.37158144,0.2044603,-0.08441125,0.23588648,-0.19543432,0.3242007,0.16468951,-0.15192261,0.17585312,-0.24684608
-0.021734681,0.35185972,-0.006870822,-0.18946718,0.2816709,0.44183847,0.20768094,0.46361437,0.07703513,0.26491913,-0.07218813,0.31617218,-0.13618104,0.037911095,0.23146693,-0.18181351,0.35845798,-0.02210843
0.1361718,0.085738026,-0.0870453,0.1640971,0.073758505,0.16737175,0.044000763,0.18673898,0.10550674,0.17743854,0.2051793,0.23136927,-0.14827919,-0.008833081,-0.05240176,0.1093256,0.07128817,-0.10248705
0.07799227,0.4424122,0.2724077,0.1857423,0.39136404,0.3251451,0.18519217,0.36497593,0.27649155,0.15523453,-0.14301446,0.23100302,0.18976589,0.20547761,0.095472395,-0.16405043,0.04175572,-0.05355743
0.054986715,0.23233436,-0.11037097,-0.15828137,0.17668068,0.20584205,-0.04971946,0.41296878,0.29880604,0.23325609,-0.11645041,0.24040914,-0.14284977,0.16545217,0.05966268,-0.27651444,0.118261606,-0.15945986
0.04337884,0.055628672,-0.06689039,0.06986642,0.12356368,0.0024044516,-0.10425342,-7.474155e-05,-0.13214853,0.15320785,-0.15224122,0.030712234,-0.16497545,-0.30133536,-0.08444936,-0.2173141,0.052543476,-0.14760181
0.1597706,0.22199269,-0.031901117,-0.02756649,0.176197,0.28144392,-0.04355501,0.3046358,0.059500467,0.22282237,-0.13228868,0.29504362,-0.12071466,-0.20260093,0.07033149,-0.23019685,0.21588887,-0.19818608
0.530991,0.13729656,0.33268043,0.11348835,0.12515295,0.2193335,0.30253065,0.09768467,0.18203261,-0.10234149,0.23858836,-0.0055779596,0.03387668,0.19107938,0.21099833,0.36709717,0.20752133,0.26939207
0.10186597,0.45004782,0.33465183,0.20547627,0.28655478,0.24227321,0.24622893,0.26239154,0.39451313,-0.10266342,-0.05317815,0.12436796,0.45851064,0.03638806,0.23688854,0.20330903,0.17376639,0.12707789
0.43659207,0.35020852,0.37107337,0.051622514,0.29209542,0.37495205,0.03887338,0.30793267,0.19545673,0.109284975,-0.1307542,0.1393876,-0.02386503,0.13564453,0.13792758,-0.11986007,0.10334877,-0.080405906
-0.1796951,-0.31687328,-0.32313842,-0.18330353,-0.30076864,0.10499169,-0.12892039,-0.24897899,-0.37150306,0.013667968,-0.032737833,-0.15426356,-0.14940672,-0.21824361,-0.10122477,-0.24637994,-0.09586283,-0.07265255
0.2067179,-0.13142937,-0.32408985,-0.12463053,-0.098996654,0.13232425,-0.14419244,0.043726362,-0.031854454,0.24473764,-0.09866403,-0.016113114,-0.2687044,0.009030298,-0.025366213,-0.28694326,-0.07629913,-0.27886847
-0.12929684,0.35214975,-0.053240318,0.07904282,0.20408937,0.31035686,-0.11758407,0.24889515,0.22827955,0.21398409,-0.07664027,0.30813092,-0.18748629,0.0933094,0.06556341,-0.22791186,0.074301325,-0.29577395
0.06894354,0.34215996,-0.0360874,-0.104039155,0.3279402,0.3540072,0.2522623,0.49161667,0.16203693,0.2656557,-0.022310324,0.25594136,-0.15526679,-0.09454257,0.4025539,-0.04548509,0.4893388,-0.040563352
0.16821782,-0.00448918,-0.19054963,0.11188328,-0.019210117,0.12517186,0.0059062084,0.20388445,0.1765552,0.18888609,0.2437596,0.2994616,-0.31506005,-0.044355273,0.12198828,0.093617834,0.28911448,-0.036967993
-0.04883189,0.07744099,0.12414963,0.09095823,0.1474339,0.16350706,0.17072287,0.012555237,0.05936078,0.026726587,0.35784578,0.15953633,-0.21540731,0.15835667,0.16449915,0.20235641,0.32036105,0.37655947
0.16381137,0.35339054,0.30947664,0.18253213,0.38147733,0.24306619,0.23968612,0.5119167,0.3271817,0.16557011,-0.011658058,0.27170452,0.25347745,0.14548053,0.26227355,-0.04821093,0.26859257,0.22486332
0.2541675,0.3307232,0.13798071,0.032921948,0.26055628,0.20813239,0.1725033,0.26275623,0.21067221,0.0789613,-0.07608291,0.02209884,-0.038882945,0.020089772,0.24111494,0.038641557,0.19723903,-0.05993548
0.45559785,0.31650624,0.20856698,-0.16805033,0.29294744,0.31143513,0.291629,0.5100271,0.20041175,0.2067029,-0.05504742,0.18965852,-0.016381333,0.13550119,0.2984473,-0.061273195,0.31777292,0.10759145
0.32775658,0.37511975,0.2817567,-0.029464556,0.310364,0.27611828,0.28040347,0.17770125,0.20109446,-0.1231507,0.09514836,-0.116593435,0.47002804,0.045695327,0.19951697,0.2978608,0.032344624,0.28296027
0.28009814,0.13448176,-0.1414654,0.123195134,0.07584827,0.19068107,0.16091597,0.32730663,0.07670989,0.11316763,-0.10219696,0.11246317,-0.0025350284,-0.11758729,0.03801365,0.03272865,0.25576526,-0.11840371
0.16871952,0.27485967,-0.12663068,0.09676348,0.24524234,0.39186454,0.057467606,0.25128514,0.0372751,0.30338266,-0.033236105,0.18418616,-0.1548826,-0.10179801,0.19769011,-0.15517902,0.22886007,-0.17344472
-0.09314393,0.25587523,-0.15784582,-0.1104422,0.105830625,0.32397532,-0.067948796,0.37120068,0.1844013,0.20910214,-0.082387164,0.41982988,-0.18776977,0.0033781554,0.06491521,-0.2031888,0.24708883,-0.25372037
0.3531116,0.108265504,0.36989623,0.2547459,0.026392745,0.0010212497,0.16067481,0.09499279,0.26668292,-0.14808643,-0.12765674,-0.0637782,0.42767826,0.052612547,0.009902623,0.00354903,-0.12907594,0.053835947
0.026841385,0.22426757,-0.17633216,0.02766515,0.18781573,0.26731363,-0.13042681,0.17173335,0.09129301,0.18733984,-0.06868217,0.3139662,-0.2534904,-0.23817007,0.03346219,-0.26557437,0.25817046,-0.34527552
-0.15674275,-0.34763747,-0.23603733,-0.23531033,-0.31800282,-0.07625579,-0.2731024,-0.3021992,-0.2844511,0.03827592,-0.08142406,-0.09369127,-0.27413365,-0.17943144,-0.29041648,-0.3099873,-0.3401681,-0.27707267
0.17589615,0.22370163,0.26966783,0.054930042,0.1129425,0.26479897,0.263889,0.2949179,0.09887608,0.17158629,0.131876,0.30553615,-0.15377592,0.18878901,0.21721204,0.02031897,0.30122185,0.23995975
0.40135828,0.32217053,0.44825482,0.14429434,0.25070545,0.26519004,0.39491478,0.32798952,0.2852178,0.014270551,-0.07086692,0.06999366,0.29904902,0.2192432,0.3027554,0.046807416,0.18044807,0.225825
0.15285568,0.19532676,-0.039252665,0.4055329,0.18082272,0.057756644,0.18090962,0.17139712,0.34140852,0.030375877,-0.07513229,0.014222996,0.42314947,-0.010304768,0.09306727,0.025643982,0.015159863,-0.06657426
0.38304833,-0.14954032,0.106558144,0.39334404,-0.16422674,0.037372734,0.25946346,0.080875315,0.19586837,0.041392818,0.08718568,0.04222712,0.27848256,-0.01858879,0.21879016,0.26642102,0.07607468,0.121438324
0.120180525,-0.10520716,-0.35821638,-0.07775839,-0.1320073,0.049446795,-0.14755669,-0.08722931,0.106812134,0.20987529,-0.042191457,0.18308377,-0.16078067,-0.05906154,0.00016810978,-0.19618453,0.035543557,-0.25287098
0.12091463,0.12433349,-0.119034395,0.1857692,0.04697396,0.205392,-0.0019895823,0.091994755,0.16192713,0.05669581,0.2043114,0.17527857,-0.0984268,-0.027295401,0.2018419,0.109119125,0.265537,-0.005878617
0.13634098,0.25869074,-0.019286321,0.19993553,0.2762531,0.15065983,0.18092194,0.108751595,0.21062559,0.018504605,0.2039688,-0.025256224,-0.004344139,0.19422272,0.12830487,0.17546843,0.14212921,0.1649245
0.089086905,0.28934732,-0.07451654,-0.11557851,0.23229116,0.3983556,0.2594937,0.4436085,0.19196333,0.14327425,-0.03089588,0.17700738,-0.044495903,0.01520406,0.33659425,0.08391311,0.43649742,-0.014270401
0.027190156,0.045198295,-0.32592568,-0.086278096,0.063686594,0.0785033,-0.14476347,0.26464266,0.11435981,0.3136629,-0.0377689,0.21957019,-0.20410623,-0.03984175,0.0851074,-0.3163101,0.11768762,-0.17307365
0.35710484,0.21118876,0.31845286,0.043279063,0.124001645,0.25978944,0.113778286,0.26823172,0.14277975,-0.02593172,-0.072637156,0.09981742,0.048141457,0.044634428,0.12550999,0.09997295,0.14983271,-0.0071216878
0.18700068,0.31143197,0.384503,0.33333692,0.20987296,0.24167815,0.11061756,0.15515622,0.4011238,-0.090030625,-0.09817427,0.09386221,0.388566,0.20854709,0.08066957,-0.0015527834,-0.016878054,0.05081323
0.17766209,0.29823908,0.16535798,0.14972758,0.2946003,0.18358566,0.34136605,0.35144812,0.3185155,0.025265824,-0.038498074,0.15693802,0.43433067,-0.0853308,0.2464022,0.22131933,0.30581403,0.20296589
0.030484214,0.15357792,-0.067114055,0.20102406,0.08545663,0.09480733,0.16644327,0.29576582,0.3073153,0.10822424,-0.08199621,0.1588658,0.36877286,-0.11280609,0.09266555,-0.038376745,0.10568329,-0.062225092
0.07093525,0.31435034,-0.0138309365,-0.07027591,0.2983576,0.46190098,0.23453176,0.34536523,0.10811088,0.21466765,0.09266592,0.38650325,-0.117311895,0.008496707,0.25584552,0.0026339213,0.47439614,0.058877923
0.0043663913,0.26198655,-0.038656823,0.06527221,0.18079372,0.28677005,0.17043327,0.44426787,0.19566227,0.19664553,-0.13748361,0.32075265,-0.078062125,-0.06916291,0.1610692,-0.099110775,0.40239456,-0.0862693
0.062808216,-0.27252162,-0.23901963,-0.08439432,-0.22470248,-0.033948682,-0.013833558,0.007822108,0.16668837,0.17706741,0.14806525,0.2549533,-0.3857929,-0.02209415,0.19845715,-0.0057583842,0.26610002,-0.19638263
0.014885877,0.110285565,-0.10430471,-0.1676614,0.12571378,0.0781668,-0.14353345,0.24446513,0.06269476,0.20090476,0.06950825,0.20112263,-0.21439901,0.09650887,-0.07150024,-0.2632675,-0.0483493,-0.07203393
-0.16761602,0.09615951,-0.06320994,0.20520231,-0.009926546,0.2078112,-0.08782638,0.25760353,0.16622083,0.17539063,-0.20320663,0.28200218,-0.1874551,0.0679849,0.016579995,-0.33053,0.14575858,-0.30451152
0.37268883,-0.045640808,0.10758806,0.33623117,-0.11705679,-0.012887735,0.3204535,0.11291209,0.30070156,-0.14004253,-0.07594564,-0.10022701,0.39124689,-0.025837615,0.14794897,0.27785894,0.061444636,0.042255394
0.07936744,0.41450036,0.16075273,-0.15304008,0.36479756,0.22682792,0.1681902,0.45478836,0.15577354,0.17533277,0.08279633,0.27221468,0.00423544,0.10553488,0.2687563,-0.03344675,0.27270064,0.22869469
0.38504997,-0.13679273,0.116091385,0.32856598,-0.10533289,-0.05025719,0.4050455,-0.008288571,0.03530724,-0.1088561,0.17662564,-0.1278676,0.42147875,0.007784687,0.16140878,0.277647,0.09089625,0.44446486
-0.21923503,-0.18403035,-0.4800582,-0.06812658,-0.255789,0.10302571,-0.28926823,-0.04619065,-0.10651862,0.18193047,-0.11539197,0.13081516,-0.2375188,-0.20525858,-0.13041173,-0.4019335,-0.020875609,-0.31125182
-0.06276195,0.16896467,-0.12430029,-0.006381561,0.09067843,0.29929677,0.17186217,0.50753284,0.17753655,0.26001844,-0.08989996,0.24230923,0.041691393,-0.085837714,0.295631,-0.1550489,0.32814655,-0.046327658
0.1138389,0.3264507,0.29783723,-0.013460315,0.19791727,0.35241458,0.024968518,0.1461706,0.101138406,0.08411137,-0.11959356,0.15610889,-0.22124015,0.27690795,0.04403703,-0.25513077,0.018870216,-0.13682666
0.09082347,-0.14934474,-0.22965382,0.011386477,-0.2154558,0.0041368613,-0.21722586,-0.129895,-0.04601609,0.22269022,-0.014095978,0.383011,-0.14393866,-0.31916687,0.032453854,-0.122543566,0.12740026,-0.15910059
0.17905317,0.36630782,0.24062482,0.1894734,0.2504744,0.2560376,0.21068108,0.16801955,0.32016903,-0.14528324,-0.08268345,-0.09146641,0.44426772,0.04664254,0.028179044,0.16540866,-0.058726348,0.035676155
0.2534408,0.20796947,0.35230562,0.47571632,0.18742684,0.04498377,0.22635879,0.09888897,0.34523848,-0.11779621,-0.07367591,-0.09543979,0.5510678,-0.062493004,0.017556187,0.15737797,-0.104549654,0.1067404
0.04377333,0.36637267,0.10147758,-0.09355623,0.22871704,0.39448768,0.22926013,0.39377815,0.24563529,0.16957632,-0.16176409,0.1356869,-0.024333633,0.23868516,0.17882238,-0.20700978,0.16003415,-0.0531746
0.16447933,0.43009678,-0.029234307,-0.012646703,0.37713906,0.3322551,0.15988183,0.5730344,0.2107951,0.27463648,-0.08765795,0.37848073,-0.034535468,-0.026354749,0.26073194,-0.016903717,0.44326735,-0.01622987
0.14362332,0.25833705,0.19232751,-0.06696066,0.3638814,0.26938847,0.27793664,0.15248926,0.15763557,0.07403386,0.3138036,0.15718842,-0.14377916,0.13869591,0.30449203,0.17779809,0.43956402,0.43536153
0.047249876,0.09115018,-0.18928924,0.052235387,0.124148935,0.31261092,-0.06308724,0.019166943,0.03253856,0.1567468,-0.12742268,0.049489796,-0.13239993,-0.16588637,-0.048382085,-0.19565174,0.063900776,-0.29536614
0.1000479,0.19799134,-0.030486535,0.2087381,0.12710533,0.19930385,0.10016132,0.23713754,0.26689714,0.11973429,-0.14260116,0.14363064,0.13142689,0.011700138,0.09682454,-0.17433865,0.088482045,-0.212256
-0.10701693,0.07611064,-0.24322209,0.0025340943,0.12034326,0.18959303,-0.129532,0.114392966,0.20532066,0.17304775,-0.105195254,0.21494317,-0.20159361,-0.15793903,0.016575215,-0.33476683,0.13701975,-0.38442597
0.1037495,0.23688261,-0.22148837,0.009714246,0.14035966,0.19344433,0.20767589,0.40398824,0.17902242,0.22256312,-0.034215108,0.20922126,-0.055453174,0.04900294,0.1777299,-0.018985279,0.2934428,-0.08379279
0.39042926,0.11047411,0.038918503,0.07167126,0.18257731,0.16679278,0.10498354,0.21217017,0.4126897,0.16094342,0.015357663,0.2381892,0.031851634,-0.033352602,0.23068348,-0.025244212,0.28169644,-0.03128889
-0.07130376,-0.01500289,-0.26922253,-0.16996998,-0.030935625,0.10579126,0.20429476,0.30401975,0.16532432,0.103492916,0.08256331,0.12516221,-0.11059273,0.03929654,0.33276826,0.10058556,0.4009579,-0.0035279456
0.06904196,0.33461854,-0.07157188,0.0030132502,0.23396948,0.28134313,0.15965696,0.29827183,0.16589856,0.22105695,0.02605602,0.25896922,-0.13205667,0.10203394,0.2806314,-0.12719695,0.325098,-0.0142848035
0.2201138,0.21983027,-0.10886469,0.13420804,0.28183523,0.331639,0.07289224,0.10337214,0.18341964,0.18887243,-0.0047215107,0.22569095,-0.056532316,-0.12073817,0.14568596,-0.029884234,0.2440811,-0.16696456
-0.0012715196,0.2703267,-0.13319652,-0.22983737,0.2738764,0.25644463,-0.010666303,0.30823514,0.27827698,0.1740078,0.11484548,0.2382128,-0.22261015,0.09801767,0.19815467,-0.13699996,0.23815356,-0.09640708
0.062773176,0.3538193,0.14671105,0.043653198,0.20132582,0.37792495,0.047955364,0.29124707,0.19252181,0.20159107,-0.15371922,0.3602299,-0.19592313,0.08368739,0.15983261,-0.19628297,0.23741555,-0.21108331
-0.051174723,0.23672462,0.22996767,0.019762097,0.20764233,0.36795098,0.302046,0.024163762,-0.19609165,-0.11072592,0.22784324,-0.11665021,0.12926997,0.16052334,0.029696595,0.22652361,0.035215348,0.4179873
-0.070853665,0.42848393,0.12167959,0.0277205,0.33287585,0.3235687,0.19055538,0.37662384,0.3975226,0.086860046,-0.12128347,0.22793709,0.33764127,0.12449082,0.18690503,-0.055388704,0.18466474,-0.018329138
-0.13681945,0.19556813,0.15573749,-0.07629206,0.18273482,0.2639899,0.06978751,0.17541195,-0.044720147,0.2034692,0.014347028,0.09350125,-0.19022603,0.44295388,0.07910329,-0.17867696,-0.07771743,0.027352348
0.050233465,0.1780842,-0.048157617,0.2908632,0.09590704,0.01420013,0.23481046,0.06541583,0.086189255,-0.0876051,-0.08296993,-0.16541617,0.22251688,-0.039891995,-0.055833515,0.08006489,-0.022411067,-0.06832586
0.18236953,0.30431288,0.19143605,0.11259363,0.27482986,0.33837092,0.25822368,0.23293567,0.2421949,0.13193254,-0.079841204,0.16687402,-0.06333244,0.27946794,0.12113097,-0.031354602,0.138445,-0.079814
0.32463753,-0.062861785,0.09777537,0.38449338,-0.10283876,-0.10324811,0.3545197,-0.081195556,0.1413636,-0.16879675,0.080153674,-0.1891691,0.42226824,0.05317988,0.07567097,0.25062025,-0.060842074,0.21251094
-0.04646128,0.06551661,-0.0095627215,0.35016966,-0.04743357,0.014322023,0.25063702,-0.0034360175,0.024347376,-0.06467224,-0.07240685,-0.12664777,0.16206525,0.03884568,-0.029035421,0.06774882,-0.040677585,-0.04150507
0.04702889,0.2424112,-0.1767032,-0.0019540319,0.12826404,0.26169252,0.048994035,0.41520244,0.2395625,0.17166112,-0.07707082,0.22557092,-0.094387285,-0.14448419,0.1731055,0.062411766,0.29746848,-0.21168292
0.1620985,0.14230256,-0.24428748,-0.09876176,0.10759976,0.25030684,0.14452921,0.29549596,0.080125295,0.23638842,0.03887094,0.14692666,-0.18069842,-0.11269438,0.18993843,0.17543033,0.2658606,-0.21823655
0.2864681,0.10589753,0.24901699,0.3304646,0.02071078,0.114866786,0.2490077,0.19302736,0.16351646,0.06283258,-0.078589834,0.048664957,0.0054358467,0.3426764,0.10818211,-0.13060991,0.019654032,0.0009582776
0.12483886,0.2518825,-0.19980106,-0.13542679,0.20476788,0.4039945,0.09570608,0.34873533,0.16494599,0.29007587,-0.106191576,0.17122686,-0.13233875,0.067687534,0.14992869,-0.26849386,0.181934,-0.2175373
0.104068704,0.26598838,0.0060968976,-0.02200518,0.21425985,0.37484044,0.1300592,0.44449207,0.3468388,0.13879533,-0.08296918,0.33099,0.11756104,-0.023897188,0.19122082,-0.118581116,0.3270561,-0.13866013
0.29241827,0.40913826,0.044462945,0.117609985,0.3935226,0.44099623,0.10695038,0.36813733,0.37684166,0.117523305,0.0072679287,0.23485723,0.17515534,-0.020063188,0.3476411,0.06901887,0.352394,-0.020585096
0.18546642,0.42014855,0.11261767,-0.13824156,0.41880786,0.30864844,0.11646993,0.44322333,0.20221758,0.23211366,0.049422584,0.23788977,-0.11255178,0.19852062,0.29130858,-0.15790038,0.26768938,0.15683964
0.07659044,0.079131,-0.24916969,-0.087964155,0.09840605,0.1519776,-0.08832899,0.342141,0.13452503,0.27746564,-0.20389241,0.15902509,-0.13479699,-0.13450252,-0.031667862,-0.32367343,0.080441065,-0.35772407
0.23227099,0.29765543,0.03909915,0.11812567,0.29488394,0.33813125,0.25029182,0.2721445,0.39763543,0.090822734,-0.055006187,0.14170021,0.34387192,0.02627538,0.17077297,0.048363864,0.17054419,-0.052534062
0.16328903,0.40777403,0.31675494,0.31090617,0.3358309,0.071941175,0.33514157,0.23254591,0.38005835,-0.067532584,-0.027035823,-0.028507613,0.48987013,0.20708828,0.19647108,0.2371987,0.02623994,0.20891029
-0.04563455,0.08832419,-0.07474187,0.13785169,0.18175152,0.2095946,0.1338313,-0.07546285,0.14917246,-0.011846955,0.40864626,0.08676845,-0.24262068,0.09540405,0.1578555,0.19615804,0.3142513,0.22063372
-0.0560283,0.24777234,-0.12214506,0.059622854,0.09795235,0.3008602,0.20442942,0.3138752,0.21142316,0.17480248,-0.02228227,0.30408245,-0.031978596,0.047376636,0.26727182,0.012146643,0.3905753,-0.051271386
0.11855072,0.42664978,-0.073284276,0.027053677,0.360784,0.45781097,0.27591625,0.50805056,0.24915504,0.27152982,-0.092095494,0.29608673,0.072775975,-0.12434118,0.3010938,-0.061541967,0.42507038,-0.081017144
0.12220452,0.25739634,-0.011490209,-0.015677439,0.3129302,0.25377572,0.14352188,0.3677394,0.17205131,0.27901587,-0.05114929,0.23830672,-0.14766425,0.09493741,0.19418177,-0.19185247,0.2120654,-0.07671735
0.3463389,-0.02363349,0.0036557126,0.34541568,-0.06436645,-0.0841804,0.19656576,0.08709791,0.23316213,-0.008732167,-0.05850415,-0.032704134,0.45201454,-0.03894569,0.028232202,0.05952753,-0.1049467,0.0053643873
-0.051441256,0.1110009,-0.17990407,0.2417138,0.008872691,0.13916421,-0.046634685,0.13465612,0.2111378,0.072787434,-0.0055388613,0.28090352,0.17097406,-0.044092316,-0.06646696,-0.013824038,0.078721926,-0.14720425
0.0049920008,0.24184074,-0.017860703,-0.105780184,0.31639513,0.20988953,0.13726903,0.21332747,0.058863245,0.12501197,0.2662226,0.12071857,-0.22962458,0.11213352,0.16132462,-0.12896289,0.2917094,0.28055334
0.06407868,-0.14866495,0.085221514,0.38404658,-0.1656336,0.07561475,-0.081236765,-0.15624437,-0.11410873,0.20520386,-0.0077688172,0.21146354,-0.23978832,-0.0014600796,-0.051177513,-0.24334966,-0.057965435,-0.16227591
0.28580177,-0.19841969,-0.031730134,0.27121642,-0.2107255,-0.24664631,0.19689587,-0.12785952,0.013922369,-0.18048817,0.045673985,-0.20919232,0.33581218,-0.08046261,-0.045620065,0.20593329,-0.10407501,0.14131351
-0.07390505,0.30491194,-0.10581968,0.22314309,0.19925568,0.18264149,0.23903479,0.26377067,0.17265037,0.14292726,-0.13609406,0.07539757,0.0050976994,-0.06962867,0.16721945,0.014825369,0.24358253,-0.1445679
0.14441735,0.43867725,0.4153737,-0.0793435,0.4645904,0.3933093,0.24340297,0.15388213,0.1334657,-0.056185797,0.23824823,-0.066895664,-0.006392354,0.4239797,0.19922203,0.25712752,0.055805914,0.3498863
-0.16962522,-0.2218906,-0.36852866,-0.066960946,-0.3030642,-0.021331891,-0.27862462,-0.0130344415,-0.024849677,0.19109824,0.018798789,0.371612,-0.2943523,-0.27781272,-0.21568191,-0.19959895,0.012270884,-0.3490563
0.062948845,0.4002595,0.0963395,-0.14929141,0.37798834,0.4009619,0.38256165,0.40615058,0.14371231,0.166689,0.037565712,0.20110504,0.07252123,0.0641058,0.26183403,0.087352544,0.34547985,0.17306508
0.4439784,0.15780692,0.32625043,0.32645163,0.12996642,0.079931274,0.2454437,0.16120706,0.38413164,-0.058228437,-0.094294995,-0.054171074,0.50476974,0.11301449,0.09665348,0.057519775,-0.07720237,0.10630419
0.21906558,0.6012819,0.17467213,0.057094626,0.57345796,0.39843363,0.07158698,0.35166615,0.41194615,0.23968975,-0.016635574,0.31729406,-0.1123537,0.24065608,0.3915908,0.018399272,0.3441329,-0.039151426
0.092333496,0.3273963,0.077749275,0.16155115,0.21922864,0.3568094,0.15062861,0.18373208,0.2911908,0.040109,-0.02761728,0.12143161,-0.08092319,0.041775223,0.24693665,0.13029471,0.24861681,-0.15383211
0.054905098,-0.11754901,-0.11272416,0.31572077,-0.08776828,0.15378734,0.18792379,-0.056961197,-0.028045751,0.060557526,0.25863343,0.10238467,-0.15118754,-0.03936862,0.047094226,0.28503698,0.15648343,-0.026681963
0.06977854,0.3561206,-0.046356663,-0.030111115,0.304767,0.263268,0.17253861,0.40666357,0.33371294,0.114635624,-0.07031233,0.27693072,0.23904374,-0.049611848,0.21184613,0.03128762,0.34255278,-0.028970953
0.5474865,0.09800715,0.38930792,0.14942397,0.08362928,-0.031775046,0.14724562,-0.03901127,0.27646247,-0.14925586,-0.002501416,-0.19251959,0.3682547,0.15721731,0.0101314075,0.20997399,-0.2273453,0.12971424
0.40373522,0.07789518,0.34303185,0.14348833,0.05151668,-0.17353313,0.27861005,-0.029968949,0.10464288,-0.18423474,0.040805817,-0.2142673,0.4231691,0.16237515,0.052076586,0.20837404,-0.12448842,0.3430617
0.10127737,0.2843565,-0.06845781,-0.023715908,0.25866815,0.21424572,-0.052589282,0.12714264,0.22095661,0.13617334,0.03810665,0.22143917,-0.25612435,0.29892966,0.16531903,-0.2263772,0.12665462,-0.1653739
0.079961084,0.06959147,-0.19283894,0.16172992,-0.020870792,-0.028736183,0.073577404,0.06161442,0.19595324,0.01134735,-0.041386485,0.104511544,0.16819024,-0.03098886,0.02983125,-0.023057986,0.090993285,-0.10118358
0.03189114,0.23326127,-0.14326893,-0.08501646,0.18687165,0.31474933,0.04087488,0.4501095,0.13678238,0.16401584,0.009109268,0.32453856,-0.09290813,-0.04713548,0.16429004,-0.10727707,0.3722577,-0.034721375
0.07426871,0.24256822,0.2554611,0.4471591,0.15040618,0.21968524,0.3480859,0.22218394,0.32405847,-0.021529308,-0.116138935,0.08590835,0.39965495,0.20314531,0.1905118,0.08250768,0.10568752,0.06087905
-0.1645761,0.09792376,-0.29209003,0.0115653835,0.013798308,0.25005507,-0.14257179,0.1460584,-0.02091112,0.22997594,-0.1744306,0.22290355,-0.29910666,-0.14362285,-0.0708448,-0.3613535,0.092027314,-0.38770694
0.051048465,0.2220404,-0.14936952,-0.2191526,0.18027255,0.294517,0.0048159813,0.33750966,0.15800972,0.15534526,-0.084891744,0.14271884,-0.18393631,0.057295628,0.1182486,-0.28684437,0.15408312,-0.21113265
-0.029524237,0.27448606,0.07789422,0.012670231,0.19136167,0.22351082,0.34366593,0.24270529,0.25550634,0.11434381,0.10941522,0.1404698,-0.053757183,0.31825504,0.28912973,0.17336993,0.24294373,0.06302364
-0.011505708,-0.32262403,-0.1442656,-0.066293366,-0.23077652,0.044085167,0.120069966,-0.19375375,-0.10840625,-0.008505325,0.46310428,-0.030986255,-0.16404434,0.06421093,0.04841768,0.032650232,0.10469477,0.38587785
0.11460257,0.4029685,-0.092940636,-0.029582635,0.36637762,0.3947316,0.010708647,0.41102585,0.2066364,0.22927856,-0.13451974,0.2636912,-0.030606445,-0.13117333,0.17621158,-0.18263103,0.2953197,-0.18495914
0.0613224,0.15959549,-0.037310466,-0.0512211,0.17188504,0.13356537,0.39217344,0.28182647,0.06833243,0.07521878,0.054952465,0.05860559,-0.053478632,0.07931245,0.40153372,0.2639514,0.48300442,0.22234942
0.21950392,-0.23090151,-0.1587584,-0.17102613,-0.22883058,0.108750686,-0.08951261,-0.13178436,-0.08815097,0.113081366,-0.016917052,-0.035641354,-0.27092543,0.23449098,-0.10984846,-0.20722856,-0.1718144,-0.25613198
0.2506709,0.32904056,0.2404453,-0.04788319,0.28299686,0.085079245,0.4115327,0.29466993,0.14272186,-0.04327209,0.05458687,-0.061418653,0.22820385,0.13375527,0.27902213,0.24270143,0.20412575,0.30498922
0.016587665,0.1481178,-0.22222945,-0.16264011,0.13527171,0.2599678,0.13894482,0.39646977,0.11732241,0.13195181,0.101284355,0.20367354,-0.12846616,-0.08859025,0.2828062,-0.06658437,0.4659581,0.061284997
0.20843393,0.12571752,0.28485197,0.20550174,0.11435254,-0.13920438,0.39075276,0.0073584984,0.13795821,-0.23661473,0.088625744,-0.22672647,0.45478478,-0.00600748,0.1814921,0.35666406,0.072717406,0.40496543
0.4068644,0.22937576,0.2336434,0.3150038,0.15127233,0.06644371,0.110105865,0.25632766,0.33732715,-0.07316851,-0.095535666,-0.0012103622,0.48282588,-0.054617487,0.12823029,0.1556727,0.008748114,0.04595224
0.032535058,0.21052329,0.005217882,0.08407436,0.16233364,0.29072464,0.27914262,0.21711215,0.12406462,0.030151077,0.2040179,0.1356172,0.07433688,0.09639567,0.2698332,0.21434426,0.38414365,0.30680212
0.006255512,-0.15320797,-0.10144765,0.36451352,-0.22414485,-0.107551835,0.23362486,-0.17963481,-0.0056234687,-0.11430734,0.0031940558,-0.16728109,0.26773942,-0.0665746,-0.094698966,0.19061016,-0.123096116,0.016488984
0.41140038,0.1846315,0.338584,0.06892835,0.15878937,0.37610525,0.2124211,0.16396502,0.12562701,0.07744208,-0.04480441,0.092690036,0.03819018,0.20949551,0.07916408,-0.08841731,0.025594512,-0.0639394
0.042898152,-0.1074104,-0.07943993,0.31290594,-0.09865417,-0.06359605,0.32622966,-0.10706836,-0.072720006,-0.104866795,0.15696198,-0.23046915,0.14942296,0.052846745,0.12182026,0.35184842,0.08436893,0.24035338
0.15779078,0.38888773,0.15211697,0.22810437,0.3284176,0.23418796,0.19744262,0.21755604,0.35920063,-0.043035977,-0.09814194,0.0040161475,0.40476143,-0.025823358,0.11102035,0.10163644,0.015868362,-0.07942632
0.0281075,0.16795902,-0.21908276,-0.052244358,0.10406348,0.35492548,0.26203018,0.4936086,0.15203196,0.2979191,-0.10353328,0.24376255,-0.07508833,-0.0763206,0.27783608,-0.0981631,0.4237523,-0.07165678
-0.018219823,0.28562367,-0.0776034,-0.005907505,0.16048172,0.35045302,0.006888674,0.3646909,0.1530114,0.19210169,-0.08480185,0.29215226,-0.15290292,0.08326616,0.105439276,-0.21324562,0.19543661,-0.2447626
0.17579657,0.31975335,0.06541643,0.07095757,0.3518902,0.33549666,0.35662472,0.2621511,0.13691592,0.16855305,0.06053678,0.14819136,-0.075033516,0.11404199,0.283687,0.19076055,0.37217012,0.121279165
0.080918185,0.25991926,-0.085124895,-0.16618975,0.24056418,0.29120332,0.22944322,0.44229397,0.031796068,0.24816561,0.007791366,0.22955643,-0.1532978,-0.067441754,0.24266887,0.0029668338,0.4064652,0.06345337
0.340435,0.30996916,0.1276857,0.39895856,0.22601418,0.06954231,0.12460326,0.21972811,0.24874009,0.020665094,-0.15271686,-0.011603085,0.5011286,-0.14562084,0.0038365452,-0.017924475,-0.07769134,-0.021729002
0.019787844,0.09780768,-0.2102882,-0.02808349,0.035170563,0.23331879,0.055064686,0.32867628,0.03134346,0.13964978,0.053866442,0.25546306,-0.15050781,0.009658831,0.049028374,-0.123945944,0.31391937,0.03740905
-0.0011373213,-0.16153748,-0.108332105,-0.095411986,-0.13000248,-0.018578673,-0.15032415,-0.056809343,0.07744507,0.11317006,-0.06267642,0.056769494,-0.06127273,0.08093278,-0.08705606,-0.24521507,-0.19811255,-0.21392052
-0.035701323,-0.28445148,-0.20026925,-0.2326449,-0.33206138,-0.05520035,-0.26311067,-0.068143934,0.11327896,0.015794076,0.120483205,0.113462076,-0.25220412,-0.050227612,-0.07462912,-0.04737274,-0.049894873,-0.17479354
-0.09866084,-0.12359906,-0.10054282,-0.1759548,-0.08790836,0.07438825,-0.34079763,-0.0438273,-0.09103142,0.11140658,0.08373824,0.08622967,-0.33233392,0.028361993,-0.34528327,-0.3119716,-0.26536608,-0.2538845
0.4044968,0.3551756,0.15554543,0.11657162,0.29188418,0.18648691,0.2664045,0.2944263,0.29193658,-0.014491691,-0.107453264,0.06502139,0.30934328,0.0030550808,0.16973937,0.13753374,0.20127062,0.012017248
0.11817495,0.42028013,0.06444119,-0.06065796,0.34764218,0.4469313,0.17447741,0.46183515,0.1891458,0.22388586,-0.12203666,0.27656358,-0.15294124,0.0066560386,0.3439888,-0.145441,0.4192109,-0.1048247
0.014994755,0.41701525,0.39778295,0.07295311,0.34053484,0.19113073,0.068569005,0.22392496,0.16913703,0.09675257,-0.071431525,0.09069079,-0.050773423,0.49724358,0.11824053,-0.13546725,-0.09698685,0.018983185
0.20454593,0.21853998,0.067378476,0.14192843,0.24656944,0.19916466,0.040205386,0.22553213,0.06466716,0.22758952,-0.11277965,0.013431577,-0.21454926,0.27571446,0.08682885,-0.27142525,0.007103317,-0.13015608
0.4091488,0.2255232,0.15835516,0.3221041,0.18583348,0.42868716,0.27018374,0.23528577,0.12757435,0.21240799,-0.08411257,0.18246765,-0.047734313,0.0831667,0.17651266,-0.07247092,0.20644182,-0.1428491
0.2345522,0.14613146,0.15792118,0.29231286,0.0793138,-0.08755111,0.2148453,-0.029323708,0.17504534,-0.14924079,-0.13520688,-0.20994669,0.32277682,0.09788254,-0.07390418,0.041743398,-0.16823782,-0.02848742
0.46531674,0.26382196,0.3079198,0.10997021,0.23092389,0.3416083,0.17112224,0.27251026,0.3817978,0.0623036,-0.027817689,0.22080928,0.037597544,0.19382825,0.32281017,0.012639484,0.2904689,-0.056115884
0.4253752,0.43470132,0.42295337,0.014839244,0.35111457,0.3525422,0.15976822,0.37250707,0.37540567,0.075650595,-0.13353145,0.20721431,0.010804891,0.30700815,0.24573909,-0.08192331,0.16812111,-0.04600178
0.024080418,0.3278955,-0.10639107,0.01785376,0.2804762,0.28223136,0.27665538,0.47423464,0.116791755,0.24149777,-0.08682942,0.26999167,-0.010978605,-0.177729,0.33830822,-0.016755808,0.4823612,-0.030425034
0.1125783,0.50702554,0.17598774,0.11491246,0.42121282,0.22855078,0.2658603,0.41054484,0.4295223,0.049435645,-0.052554075,0.1378031,0.33512053,0.093781486,0.26706097,0.2703458,0.24197973,0.095065184
0.06580614,0.18489803,0.16137595,0.11614603,0.21910195,0.18840744,0.2737546,0.034006447,0.10321926,0.021553716,0.32103875,0.072683394,-0.11769451,0.27858463,0.24823974,0.21809432,0.30947974,0.4175264
-0.14105362,0.19682881,0.0804865,-0.016085932,0.2329803,0.2622956,-0.035121765,0.15895852,0.12319376,0.1644539,-0.044067428,0.14621906,-0.18275978,0.2527643,-0.023465477,-0.3121556,-0.072941326,-0.16981463
-0.11115105,0.14824778,0.17788629,0.13616998,0.03806204,0.16376163,0.15497537,0.2885171,0.2592911,0.06529331,-0.016948152,0.19870995,-0.16090912,0.24753089,0.1977275,-0.055443205,0.21236521,-0.021761805
0.042320803,0.027371734,-0.18249996,0.08076648,0.0067534065,0.014356783,-0.048994336,0.2806279,0.13687034,0.21744443,-0.14990789,0.23069836,-0.032131985,-0.17790803,0.08253394,-0.25317195,0.1666948,-0.25063682
0.30370873,0.14870946,0.13087489,-0.017604223,0.13773823,0.3540562,0.10175392,0.19929641,0.13638811,0.1911498,0.11568307,0.29052493,-0.18782742,-0.06570956,0.15023364,0.05548455,0.25863487,-0.06377927
-0.00035773474,-0.018902274,-0.10680955,0.10767106,-0.051208578,0.18215613,0.39260125,0.0036067502,-0.18393861,-0.027654158,0.17605531,-0.14775014,-0.08583385,0.0064603817,0.2497134,0.2646883,0.27835196,0.2042641
0.12158068,-0.029294524,-0.17755593,0.06981975,-0.075586505,0.11116925,-0.05851034,0.16829205,0.17362514,0.17430775,-0.095063694,0.1185392,-0.09631517,-0.06035395,0.013125181,-0.18920016,0.039475173,-0.3136044
-0.089712486,0.35584664,0.1774478,0.043548513,0.19698834,0.39810517,0.11580143,0.40377656,0.16526769,0.17298843,-0.09365613,0.34211212,-0.06356333,0.06637859,0.1344163,-0.08891861,0.24818441,-0.0029468322
0.04425942,0.16694948,-0.13439643,-0.23453614,0.21748747,0.27297157,0.042629175,0.33166182,0.16280898,0.17945175,0.025054408,0.1589381,-0.20098329,0.056765478,0.36380413,-0.15506104,0.34512126,-0.03601771
0.2752305,0.3819263,0.16977392,0.16909412,0.24934795,0.10666875,0.21723692,0.27887964,0.33749264,-0.024547778,-0.13255668,0.081979565,0.436874,-0.0018839508,0.11854514,0.050292782,0.08795949,0.001680874
0.016857943,0.0009050858,-0.07210626,0.20048532,-0.09570586,0.17599602,-0.14372797,0.1295963,0.09737178,0.17203332,-0.11747611,0.26126078,-0.14608341,-0.0762365,-0.023470165,-0.24007589,0.071867876,-0.26495388
0.14137208,0.111274354,-0.13459595,0.11084743,0.06841261,0.11051785,0.17072622,0.116434515,0.18852045,0.0064085084,-0.036750246,-0.022181835,0.16518208,-0.0060148267,0.04385824,0.041659188,0.08373453,-0.12554513
0.2836892,0.44003233,0.24060762,0.023979468,0.3756831,0.19859883,0.3913911,0.3908649,0.32181776,-0.03025211,-0.06398225,-0.025997866,0.4393699,0.17746663,0.27445796,0.23617631,0.17312555,0.18805377
0.025247058,0.28994167,0.0634288,0.16710664,0.17886856,0.39295334,0.07180734,0.18910912,0.25808793,0.18760973,-0.0003603336,0.4499222,-0.17034517,0.04031604,0.29173368,-0.01967357,0.40698984,-0.12003349
0.26060697,0.30676967,0.13299212,0.01921019,0.2639182,0.28954417,0.16890568,0.38225833,0.09888624,0.084481336,0.010807963,0.11835642,0.05408173,-0.0032231447,0.17844687,0.06822675,0.23761526,0.09308607
-0.01873452,-0.068748586,-0.22810242,-0.10752281,-0.032382067,0.223631,0.018925738,0.2759969,0.021315567,0.25603878,-0.1680965,0.060211357,-0.17727219,0.0013663609,0.041191027,-0.37668422,0.08928959,-0.19328105
0.05063419,0.28627056,-0.18576616,-0.12622704,0.23263738,0.2714533,0.23119314,0.4015069,0.1483283,0.24783516,-0.023771716,0.25747856,-0.048454553,0.03617781,0.24262863,-0.067717195,0.33948517,-0.054895878
0.38074374,0.1887995,0.32503498,0.06637255,0.13180381,0.15705319,0.27660945,0.088593066,0.21473713,-0.14211136,0.06480878,-0.051782362,0.29222533,0.08845592,0.26115388,0.33544573,0.14782873,0.29749438
-0.03676006,0.2553769,-0.031406682,0.11026253,0.17971058,0.28813735,0.27160022,0.3563812,0.20577104,0.10661795,0.05623509,0.13312651,0.38990694,0.14420155,0.17643149,-0.039140403,0.14451088,0.2080165
0.20860338,0.15515672,-0.045867737,0.20003238,0.09396564,-0.027104113,0.31398356,0.18219379,0.03152513,-0.09352002,-0.09042723,-0.19542089,0.3511781,-0.17510478,0.047475327,0.24489413,0.084807254,0.049745526
0.07618728,0.35123897,0.33082998,0.022605313,0.29477158,0.36177683,0.43901858,0.089720614,-0.008170555,0.005432405,0.24286036,-0.027452925,-0.11918201,0.2594846,0.27218905,0.25393382,0.25309038,0.38536742
0.40030494,0.0009913943,0.18912686,0.19693804,-0.035778917,-0.02890373,0.39962587,-0.00010397355,0.10928892,-0.17170312,0.044524815,-0.24330236,0.40254447,0.08636639,0.18306921,0.2688882,0.0360244,0.33627647
0.15208645,0.08314376,-0.048122108,0.22698113,0.10616993,0.2719064,0.21692646,0.14936212,0.011084829,-0.005895376,0.22834454,0.1579669,-0.03173171,-0.029748196,0.078132935,0.20139122,0.3285819,0.1509255
0.06735192,0.28492925,0.21377309,0.014792725,0.17491339,0.40474254,0.20459595,0.22318223,0.1673137,0.016753351,0.031785868,0.15079644,-0.14319326,0.017996589,0.21520357,0.17670536,0.31110445,0.020723028
0.18167494,0.2964656,-0.10594116,-0.08721657,0.25235006,0.3034126,0.26161173,0.37270504,0.025762578,0.10893143,0.104182445,0.080495544,-0.015243765,-0.08741234,0.24410944,0.18332812,0.3571037,0.118215896
0.12672618,0.13125414,-0.086697124,-0.060589425,0.08176856,0.38465935,0.032426704,0.104659356,0.09882426,0.19983087,-0.089628465,0.16292113,-0.27874264,0.11071377,0.0026793305,-0.26459,0.069120705,-0.30031568
0.12823209,0.43607113,0.08801893,0.04785308,0.39342374,0.37238863,0.2806938,0.44850576,0.31730464,0.23210672,-0.102075115,0.2439967,-0.014003858,0.25922891,0.28021657,0.057292745,0.33134595,-0.06647204
0.2721272,0.05931914,-0.17264433,-0.00467764,-0.021169946,0.22131369,-0.015175792,0.2321724,0.036482777,0.08958263,0.07340423,0.15545768,-0.06437546,-0.02081184,-0.09957318,-0.084226236,0.0993304,-0.038037542
-0.09517121,0.18745524,-0.18413435,-0.17128587,0.17540564,0.36386278,-0.07660584,0.22725049,0.041910976,0.15424001,-0.08575268,0.21037571,-0.15339066,-0.045242097,0.055052344,-0.25822133,0.14232485,-0.30123052
0.42857343,0.160468,0.3553881,0.2203976,0.1031613,0.15427504,0.25169283,0.19166407,0.30919424,-0.090624265,-0.09328237,-0.032342214,0.43844682,0.1441501,0.055490617,0.093726695,-0.06448527,0.01089097
0.46658108,0.23306797,0.45637593,0.2107906,0.20168152,0.1675617,0.26315865,0.15440424,0.48351038,-0.12508811,-0.009219577,0.01362068,0.40598696,0.16336983,0.20201644,0.20767629,0.05151939,0.15189877
0.3543709,0.38681048,0.36448652,0.16260844,0.2652903,0.19755808,0.31616437,0.38326442,0.3486767,-0.020626415,-0.16218454,0.06952618,0.34584424,0.15654641,0.27433312,0.05357608,0.1951467,0.101575725
-0.013133252,-0.007959068,-0.16296685,-0.053404327,-0.002950853,0.19802062,0.35854837,0.28236598,0.075129785,0.15549448,0.0741437,0.16637358,-0.138574,0.03944454,0.43177786,0.11986939,0.53389543,0.12552342
0.18084164,0.27053246,0.22721785,0.13876753,0.17240593,0.24382415,0.0562042,0.29078212,0.14222935,0.10047663,-0.17650373,0.22076268,-0.18415618,-0.0134472065,0.077713385,-0.19769424,0.228088,-0.16676377
0.15812118,0.36266223,0.049116734,0.07493812,0.25315616,0.31992725,-0.017967368,0.26963073,0.100769944,0.16765238,-0.18429227,0.18089989,-0.13651952,-0.026888743,0.049497463,-0.26088178,0.12109942,-0.20724612
0.042219546,0.3423346,0.23461764,0.17123376,0.24827808,0.36155888,0.29218173,0.17467216,0.105140455,-0.09698972,0.14608963,-0.014607716,0.4934028,0.10795477,0.17979613,0.24518007,0.062380925,0.32981881
-0.15848523,0.26367912,-0.13037792,-0.28673318,0.24208061,0.43514708,0.19931239,0.55744207,0.18684775,0.22448763,0.05056912,0.21355203,-0.087178536,0.074108176,0.3062676,-0.17669882,0.4118497,0.11311178
0.34211677,0.24717164,0.10048161,0.09716375,0.16807532,0.18112297,0.29555178,0.4161018,0.13029222,0.089988194,-0.10587479,0.095960446,0.29231027,-0.15115283,0.107462,0.112906635,0.1947623,0.04344952
0.4523698,-0.009003212,0.0781928,-0.07059469,0.042935662,0.2390056,0.12314206,0.09783914,0.033138584,0.16056757,0.14451684,0.07397155,-0.18640828,0.28996584,0.13398902,-0.08067178,0.081398994,0.03955531
0.12410163,0.37226203,0.13738877,0.06646033,0.30654645,0.284478,0.33287895,0.43226102,0.1321825,0.0077109123,0.012674623,0.10643041,0.3158868,-0.14882144,0.29482403,0.34163168,0.35082078,0.21744606
0.23420903,0.4405383,0.24271104,0.07465743,0.39813334,0.2611018,0.20259468,0.39600873,0.4277138,0.064771004,-0.027878115,0.19854897,0.14999357,0.065005235,0.36548227,0.06648359,0.35429344,0.09138404
0.22654653,0.27048838,0.19658801,0.013047389,0.14601842,0.10367782,-0.101000875,0.09951456,0.17663643,0.050992273,-0.13252899,0.053975713,-0.11474634,0.29639184,-0.0376821,-0.1535242,-0.104968585,-0.117746085
-0.14211772,0.18867667,-0.1915635,-0.010897172,0.032638192,0.18774095,-0.07163204,0.33429673,0.1654282,0.22568193,-0.07857655,0.44477448,-0.11431558,-0.16489433,0.08532863,-0.11162582,0.26010132,-0.25389484
-0.0267766,0.23474026,0.20387115,0.42969498,0.16766551,0.074617654,0.38151678,0.14554524,0.2473367,-0.103884175,0.110379614,-0.04859483,0.5299135,0.15943688,0.12631181,0.17586422,0.05210288,0.3985466
-0.097313926,0.3084049,0.014000439,0.12153907,0.3393864,0.16420335,-0.0913185,0.17788729,0.17133601,0.13392615,0.11508646,0.21787146,-0.16601767,-0.060026314,0.040038317,-0.053910844,0.13140799,-0.054708153
0.030468408,0.3728524,0.0027476316,0.08266348,0.29453534,0.329908,0.39455748,0.37717083,0.17590743,0.09085585,-0.019079043,0.15960476,0.23660664,-0.03553285,0.31635252,0.19387084,0.4098356,0.13381842
-0.110696636,0.053276382,-0.31455278,-0.046229135,-0.005955699,0.10264311,0.019429853,0.41637316,0.215441,0.16281386,-0.08126815,0.19208634,-0.057690516,-0.17622916,0.20405623,-0.09457227,0.3329191,-0.117090136
-0.040468078,0.14134364,-0.12336134,0.0635319,0.029537827,0.22165194,0.13587347,0.36113018,0.27492514,0.20149574,0.08816378,0.3774937,-0.19547099,0.032279197,0.42417952,0.12142898,0.47143993,-0.112753876
0.26449823,0.4634771,0.28857297,0.22210741,0.36450478,0.30972463,0.19226982,0.3681612,0.32565585,0.061160427,-0.19653264,0.17228301,0.24475959,0.013208486,0.18071881,0.0039418275,0.17310941,-0.06966624
-0.1647597,-0.09956508,-0.0058241226,-0.049070593,-0.20529193,0.060992807,0.0838059,0.1275576,0.10483353,0.20110328,0.081959,0.29302135,-0.3076406,0.25793996,0.123237565,-0.097234,0.12490953,-0.057468083
0.25155076,0.19430134,0.07395007,-0.03944688,0.100424685,0.15567292,0.020652542,0.21656579,0.13287348,0.14232318,0.13710667,0.23423079,-0.05835364,0.1399457,-0.0005969772,-0.07248109,0.10593565,0.15289557
0.07846262,0.27418467,0.28651428,0.09806385,0.24828555,0.2270901,0.33845225,0.22799033,0.15232775,0.10082872,0.15392557,0.20628025,-0.1586538,0.38515335,0.37582877,0.118812144,0.4000432,0.32818115
0.043906182,-0.1339619,0.12615792,0.3985649,-0.15956217,-0.015451266,0.46153036,0.07308745,0.114728235,-0.06034679,0.010474814,-0.06925836,0.40753737,0.15967989,0.20845793,0.081092186,0.12067552,0.3242138
0.031991456,-0.0014501724,-0.32252094,-0.014423421,-0.044449642,0.06560543,-0.24003483,0.16621998,0.04405724,0.2041074,-0.15923187,0.14753067,-0.17967533,-0.09747926,-0.13578154,-0.3741461,-0.018797573,-0.29811776
-0.04700283,0.3063907,-0.09184639,-0.09539552,0.23725297,0.3967621,-0.18675734,0.16181868,0.11276375,0.19017982,0.020104311,0.24768072,-0.28378075,0.13953048,-0.065704525,-0.2624898,-0.019331789,-0.24527071
0.26861766,0.20552613,-0.06916519,0.114124626,0.19322233,0.24693426,-0.083695665,0.07678131,0.009346102,0.17762934,-0.129621,0.014258499,-0.16187476,-0.027837176,-0.045505602,-0.19578682,-0.0036370577,-0.27947176
0.21048646,0.4811334,0.4158448,0.1615056,0.39161098,0.30290136,0.1214429,0.20343125,0.48220703,-0.05308955,-0.009357521,0.11273899,0.28246883,0.30937532,0.23437145,0.17855713,0.04893737,0.0933088
0.15532173,-0.1489376,-0.20001003,-0.022598017,-0.06876058,0.06365643,-0.13855307,-0.09183088,0.013582628,0.13997318,-0.12992918,-0.073645435,-0.15784627,-0.012061812,-0.11887106,-0.256937,-0.15614678,-0.27756524
0.07154596,0.10808602,-0.01722266,-0.0604997,0.21067981,0.41606805,0.25179684,0.097391486,0.06786638,-0.025051331,0.32493502,-0.058121886,-0.077812836,-0.061103906,0.22467802,0.44466045,0.30499107,0.17225327
-0.0013988807,0.34202272,0.051924024,0.10309015,0.27812952,0.37205556,0.37654206,0.40890396,0.033583388,0.078518204,-0.0069729807,0.100547016,0.1810418,-0.13901475,0.1935414,0.23740862,0.31722227,0.14055538
-0.019244572,0.285261,-0.034849502,-0.1679141,0.26423088,0.2876706,0.29165015,0.5159251,0.09425344,0.2493939,0.0052062823,0.22756772,-0.089267194,-0.05769367,0.3051243,-0.14348215,0.40954804,0.12916218
0.13932498,0.26718494,0.011351986,0.05592873,0.20382924,0.23981689,-0.11847847,0.25887597,0.0060607083,0.19520745,-0.1563435,0.32966778,-0.09596299,-0.19580366,-0.03436012,-0.24191096,0.17091386,-0.18332072
0.29447025,0.036011253,0.04096275,0.1492497,-0.023580397,-0.033082113,0.37391016,0.20011349,0.1850115,-0.07203922,-0.025813825,-0.106157824,0.41076767,-0.10207468,0.23005496,0.30459496,0.17734881,0.2315584
0.44997212,0.13767846,0.23941271,0.023105288,0.12372358,0.2747019,0.21166803,0.15032706,0.0011064009,0.04750998,0.19221336,0.10013202,-0.18044658,0.16121913,0.1659673,0.09893899,0.24616405,0.1828713
0.009783653,0.33389184,0.08747174,0.33411533,0.2490328,0.1306638,0.3312254,0.35208693,0.16441774,0.008576903,-0.18730256,0.023894493,0.3678969,-0.12197119,0.16964376,0.15678716,0.22455572,0.019541802
0.46780413,-0.13662784,0.124072224,0.12169415,-0.092865214,-0.060274415,0.20882836,0.09183719,0.1787239,0.034792118,0.114538155,-0.0037917737,-0.026975656,-0.044319436,0.31168386,0.26934683,0.20823316,0.09454982
0.09528693,0.31961554,-0.086348616,0.07195311,0.24051937,0.25632417,0.35159054,0.44512644,0.20483427,0.11642405,-0.018185657,0.14358063,0.1972121,-0.03976731,0.27847478,0.14647111,0.3691903,0.074449085
0.0954127,0.34630066,-0.014946371,0.076019704,0.31759423,0.46245316,0.11004511,0.24982211,0.21546182,0.19516616,-0.06298308,0.24661307,-0.054037273,-0.039282344,0.2549293,-0.10040359,0.2808578,-0.14486653
0.19443044,0.2797819,0.013976487,0.2221581,0.27977148,0.3381413,0.22094683,0.17694142,0.27931395,0.100088924,-0.079073176,0.05540209,0.028386336,-0.035086796,0.23583001,0.12991047,0.23718652,-0.20285457
-0.059911244,0.041010443,-0.2641114,-0.10165079,-0.07124785,0.2210459,0.25913328,0.3640274,0.1184073,0.19027871,-0.008160828,0.12256069,-0.046800733,-0.112551846,0.26558128,0.1425309,0.35354403,-0.05952015
0.09037889,0.33637896,-0.08659748,0.06804106,0.2790009,0.40174413,0.047481027,0.31900594,0.23953997,0.1826264,-0.027762352,0.25372767,-0.06494363,-0.060081594,0.21117236,-0.13731237,0.26827717,-0.18064322
-0.13038167,0.19762453,-0.24083184,0.04174546,0.09460373,0.25618428,0.032248434,0.2270569,0.32343698,0.26438367,-0.019980585,0.33793804,-0.23883004,-0.0015200609,0.2609099,-0.08704825,0.33436835,-0.27513385
0.3329741,0.32628888,0.0048779007,-0.13771737,0.24569964,0.3222296,0.25056225,0.49306908,0.10270662,0.22561575,-0.049439274,0.26788023,-0.026105342,-0.14886928,0.20049694,0.019772446,0.37909937,0.016176188
0.0874976,0.3439451,-0.044939846,0.06510197,0.3288367,0.29726273,0.3346614,0.43399245,0.21725787,0.1902715,-0.11099543,0.15646014,0.0441031,0.100847475,0.30860895,-0.08098327,0.3476507,-0.007794913
0.14447293,0.31719932,-0.016315436,-0.13158542,0.39929932,0.3697227,0.12235126,0.36311468,0.12844077,0.2629663,0.09158362,0.2446831,-0.21240322,0.24602589,0.2883148,-0.21797806,0.27918482,0.0795775
0.2747292,0.29080784,-0.16864686,-0.09851242,0.17491941,0.25396422,-0.0632153,0.4373204,0.16646348,0.16333817,-0.11222744,0.23990928,-0.030081172,-0.13912642,0.080422245,-0.13954797,0.2501205,-0.15946455
0.08619119,0.4579062,0.17301767,0.057377215,0.31945106,0.24929567,0.23084134,0.2846366,0.36979148,-0.05358995,-0.07088217,0.03143794,0.33482727,0.15518801,0.24758692,0.15293302,0.17264974,0.0657524
0.042619403,0.42825314,0.21618599,0.008756884,0.34685287,0.3321362,0.13848779,0.33550382,0.38878244,0.20125414,0.028026367,0.23550373,-0.11760061,0.40421242,0.32317603,0.036928702,0.18102589,-0.036066018
0.2078335,0.30019984,0.3072652,-0.12244804,0.35804316,0.38768467,0.3619219,0.33063647,0.0690974,-0.035755273,0.20255421,0.026414424,0.20191301,-0.0066861315,0.18568705,0.3805261,0.2934441,0.46033195
0.41681182,0.2921881,0.33882993,0.3407935,0.25285006,0.20000324,0.42102784,0.13551283,0.22998594,-0.175169,0.036344275,-0.09532963,0.52970886,0.017903259,0.16354097,0.35227063,0.06311453,0.2123928
-0.030359808,0.19412918,-0.15894328,-0.070557825,0.0782437,0.47449577,-0.0649162,0.11009015,0.0021908265,0.24895328,0.03300753,0.2711314,-0.25751457,-0.033980828,0.08237591,-0.2119462,0.17347835,-0.27575108
-0.008276899,0.17962198,-0.090742886,-0.014462974,0.120214775,0.1790202,0.29235113,0.41609642,0.13909797,0.22160606,-0.058704417,0.25674677,-0.11800251,-0.03793969,0.20402385,-0.04729842,0.35172823,-0.072164364
-0.035797883,0.16226974,-0.15360664,-0.14634942,0.20215245,0.185272,-0.19777101,0.20121764,0.17950134,0.23291388,0.015707755,0.29728296,-0.18188405,-0.16415235,-0.043467145,-0.27984017,0.05094764,-0.24103346
-0.0945341,-0.14421183,-0.28937268,-0.0066689155,-0.031064395,0.0870103,-0.055285335,0.037025828,-0.012298596,0.16614524,0.35399342,0.2003002,-0.3412229,-0.32887542,0.05775023,-0.009313347,0.26468873,-0.04097116
0.12626453,0.19080034,0.1813381,0.0104938075,0.09503725,0.2082776,-0.019176131,0.3046979,0.18600859,0.11237211,-0.114971735,0.2462472,-0.15591863,-0.08233754,0.12609676,-0.14286365,0.22751194,-0.114079036
0.039033078,0.20570095,-0.05752181,0.35323784,0.16640846,0.11560228,0.33800295,0.15876408,0.023382924,-0.0024710966,-0.04783735,-0.08524944,0.361871,-0.098184675,0.04895267,0.15332735,0.07218713,0.056356836
-0.03300267,0.17112316,-0.16227816,-0.014676737,0.111681126,0.28853694,0.28659406,0.38235444,0.1460091,0.19325985,-0.012123881,0.30318177,-0.0783522,-0.15406059,0.34536353,0.02363054,0.55735993,0.02725215
0.43562847,0.41772625,0.22546788,0.27032056,0.3350584,0.09247504,0.36026895,0.4238077,0.2805854,-0.027669251,-0.14122204,-0.019130364,0.49094936,0.011962529,0.16784514,0.22523868,0.12596253,0.12066382
-0.079748206,-0.00016705203,-0.22709946,0.10019801,-0.021387104,0.10827047,0.062189315,0.017164163,0.2761745,0.18636414,-0.00836885,0.14997308,-0.2506834,0.03378471,0.20063992,-0.035471026,0.22400944,-0.2587295
0.04203278,0.25988516,-0.19046214,-0.09817421,0.23805958,0.23851937,0.35340723,0.39315632,0.024221938,0.1731173,-0.014744467,0.015755884,0.0003771197,-0.12498344,0.24637504,0.1896188,0.31393868,-0.009953169
0.0893237,0.25701088,-0.05281762,0.038273677,0.273028,0.2294693,0.2570142,0.3953724,0.28995082,0.09321517,0.108501524,0.14089245,0.21475272,-0.08766641,0.29891923,0.17067233,0.33610094,0.16485305
-0.02302397,0.12612483,-0.1511634,0.2348006,0.054987878,0.102888964,0.28732684,0.16695024,0.14318585,0.016848536,-0.068093345,-0.00870599,0.2089507,-0.06641848,0.13181455,0.13373947,0.18776609,-0.050467927
0.052507658,0.38111487,0.40486622,0.20760906,0.24889809,0.0354978,0.19975159,0.18139905,0.3486753,-0.13922574,-0.14749984,-0.0685273,0.458114,0.22400314,0.0608537,0.04869247,-0.15894963,0.10613795
-0.061019782,0.13740338,-0.18921843,-0.06221533,0.024278127,0.3539859,-0.023009667,0.21912622,0.20785056,0.17809309,-0.04441854,0.19736606,-0.28570393,0.07198336,0.08625389,-0.11017487,0.177489,-0.3576496
0.097553,0.15605178,-0.12488442,-0.14070146,0.24204591,0.15114327,-0.21862322,0.11738416,0.0813136,0.069212146,0.18760455,0.1916174,-0.23307092,-0.11391807,-0.078934245,-0.22764353,0.08667236,-0.05992384
0.088758275,0.1876349,0.18383937,0.14200759,0.2569512,0.15458548,0.25512585,0.14007184,0.033978283,0.08963134,0.19755234,0.07927718,-0.105616175,0.24603137,0.22057529,0.035357863,0.32003433,0.4416777
-0.022657366,0.31386793,-0.06743289,0.104046546,0.18143953,0.32480946,0.15697171,0.17067681,0.1745131,0.15436365,-0.046718325,0.16258344,-0.0730939,0.05794015,0.18540245,0.097703025,0.2052966,-0.16578554
0.16530335,0.44377032,0.40719023,0.32261905,0.39882633,0.34796426,0.2180699,0.19728222,0.28510457,0.018729111,-0.07703909,0.14758725,0.17476884,0.23129056,0.22042222,0.008094425,0.08831316,0.01138019
-0.08362527,0.12927178,-0.07870919,0.11128155,0.14018595,0.21116868,0.090856515,0.08188069,-0.07400383,0.24249451,-0.02314286,0.17903852,-0.15292795,-0.11998848,0.06254574,-0.19952846,0.14998251,-0.10597236
0.013798591,-0.041407034,-0.11114514,0.3959885,-0.09556687,0.008576289,0.14247814,0.09387416,0.3987076,0.04476406,0.004140624,0.0904843,0.39413613,-0.09925922,0.12017616,0.16278166,0.024006616,-0.076164894
-0.014985104,0.28783554,-0.021040697,-0.03428337,0.15274197,0.2741459,0.2886698,0.37598893,0.17226408,0.22319426,-0.039453533,0.3033253,-0.10180483,0.094119534,0.22635849,-0.05729052,0.3595705,0.04053117
0.21797311,0.36167324,0.4037927,0.24812026,0.25268975,0.24297173,0.34788156,0.44136065,0.3234287,0.03547052,-0.22151232,0.21090269,0.45133528,0.10334649,0.16669044,-0.019246357,0.15828513,0.1258153
0.39108986,-0.003965659,0.056645535,0.24308994,-0.060315177,-0.007228713,0.33218125,-0.023591066,0.0016641032,-0.1414758,0.048897102,-0.22577795,0.39531437,-0.024951067,0.027393294,0.2297071,-0.0553737,0.23345192
-0.006340047,0.4408505,0.25460723,0.04126607,0.4135151,0.43900448,0.25987887,0.46787515,0.25709566,0.19249812,-0.15409292,0.23766147,-0.07599092,0.3389383,0.32506868,-0.27652338,0.27559257,0.025297062
0.14974101,0.042763684,-0.07821195,-0.011697544,0.06294615,0.2165468,0.34830707,0.33802208,0.13133326,0.0761728,0.1332831,0.12577544,0.2459561,-0.047951084,0.3500903,0.15254818,0.3795333,0.26843187
-0.20667277,-0.054763608,-0.2914299,-0.16962107,-0.06407205,0.17900334,-0.24102026,-0.0014440087,-0.070931226,0.11069823,0.046108153,0.09046608,-0.39501923,-0.13438287,0.040491924,-0.19385017,0.115394734,-0.2689046
-0.08328413,0.15944982,-0.003025031,-0.12741542,0.19454177,0.25531256,0.062087882,0.22402567,-0.022339312,0.22232471,0.10457089,0.18242691,-0.15112449,0.040942356,0.011967191,-0.24389273,0.06612158,0.058242124
-0.14103207,0.08059938,-0.26461866,-0.0016137208,-0.017946359,0.1815623,-0.14535111,0.16093005,0.21696047,0.13018624,-0.061550494,0.18746997,-0.17125659,-0.045817632,0.16036983,-0.11811548,0.2114359,-0.27712604
0.11776477,0.36091107,0.05679078,0.3731525,0.31325054,0.011369335,0.23207901,0.15439147,0.30674767,-0.024755413,-0.093124926,-0.039214395,0.40234208,0.06496634,0.07565396,0.08460053,0.004095716,-0.016957877
0.4000915,0.11398474,0.11686859,0.2880788,0.05332581,0.22438969,0.07675412,0.22998473,0.37577388,0.10058773,-0.038442887,0.31431672,0.28143623,-0.01341519,0.16114505,0.026655179,0.1727459,-0.053720903
0.1649496,0.21798114,0.004159389,0.08427211,0.13021621,0.19085965,0.16806546,0.2753921,0.056179512,0.007338632,0.055900868,0.12927906,-0.07794977,-0.152247,0.28597456,0.25661162,0.40964013,0.031830404
0.07465917,0.44951126,0.05318994,0.016443515,0.36443314,0.30454707,0.30769363,0.5122191,0.19991253,0.13386281,-0.046838313,0.23943351,0.17817141,-0.043701608,0.28418455,0.16087426,0.3996333,0.07811207
0.023023136,0.16436225,-0.16181082,0.20521231,0.067432776,0.13489838,0.18791142,0.3558097,0.20460169,0.05381466,-0.10042128,0.21928164,0.34630832,-0.20124294,0.11052314,0.059770565,0.28684908,-0.017590947
0.39440075,0.029674929,0.1265902,0.19242921,0.019716796,0.1755136,0.16739045,-0.015169122,-0.022682693,-0.039251428,0.27846488,-0.042478926,-0.03960405,0.23276405,0.059488975,0.19016339,0.072637826,0.2969075
0.34000212,0.17249092,-0.12012724,0.1821079,0.057267025,0.19214565,0.14097081,0.15094389,0.12344591,0.08347051,-0.046757024,0.055650335,-0.10047527,-0.043572757,0.11446867,0.0882082,0.2290617,-0.15087393
0.42317027,0.25270423,-0.06544671,-0.062480025,0.16593795,0.371254,0.07538909,0.2667399,0.21993352,0.21165107,0.046575278,0.19905345,-0.063971244,0.0743119,0.23221399,-0.011061344,0.24519846,-0.06595443
0.20694618,0.31183237,0.17570634,0.26829624,0.21199536,0.3017628,-0.00730147,0.2754227,0.22695714,0.16386609,-0.18911473,0.28897458,-0.13424762,0.012809637,0.07847223,-0.17410898,0.154725,-0.26172823
0.13287248,-0.15135291,-0.23960689,0.124938786,-0.16259703,0.010669048,0.27534518,-0.03320941,-0.08504135,-0.04265653,0.1402209,-0.16434768,0.0015905802,-0.10335047,0.15351559,0.31291586,0.14170969,0.032141298
-0.0721148,0.18371727,0.14394934,-0.04488729,0.19279395,-0.035274033,0.0060226615,0.10778836,0.41169667,0.0920447,0.028171271,0.18066621,-0.09680683,0.41104662,0.19357975,0.058720473,0.03262999,-0.092705585
0.13201377,0.208244,-0.087244906,0.06033966,0.14179471,0.18903863,-0.035740025,0.28076243,0.20539628,0.19895157,0.07217361,0.3197913,-0.2293931,-0.03326807,-0.028280789,-0.09979752,0.15250696,-0.18713792
0.28691903,0.2192377,0.15390976,0.11003051,0.16256408,0.17360151,-0.052668326,0.20420158,0.36782667,0.14461513,-0.045098804,0.3607269,-0.04907388,0.12290039,0.23380242,-0.061254974,0.24361436,-0.10555716
0.049343884,0.37586218,0.23814356,0.07227235,0.37592006,0.32327846,0.19173954,0.25706136,0.1114011,0.22112933,0.04951136,0.19942571,-0.20818686,0.374385,0.092158414,-0.21153809,0.10106931,0.10779187
0.23327412,0.2811461,0.16449915,0.061631717,0.26367038,0.29214782,0.29543057,0.25640342,0.18033084,0.0669184,0.015691238,0.16135685,0.0077598905,0.060623184,0.274567,0.17074135,0.35320294,0.07578399
0.32199574,0.06819356,-0.0470283,0.14816412,-0.001548697,0.06632405,0.21957923,0.20406468,0.27553564,0.061083496,-0.06950405,0.039614465,0.26001984,0.10591351,0.13665417,0.010726728,0.076534025,-0.035584055
-0.18705018,0.0756717,-0.20708658,-0.1326565,0.014368068,0.30905864,0.042286165,0.47282785,0.3037761,0.29851714,-0.10904006,0.38351,-0.18728395,-0.051744316,0.24633273,-0.2488921,0.38464704,-0.20127617
0.4430087,-0.12731187,0.08957298,0.07835938,-0.12617186,0.039656498,0.2698676,-0.11099182,-0.0558553,-0.16794616,0.14551398,-0.29939428,0.33809346,0.020324156,0.02736685,0.25603372,-0.089574926,0.33465183
0.3560152,-0.27127504,-0.113204315,0.08223597,-0.2466013,-0.01152745,0.18742675,-0.13315798,-0.16709399,0.0015743915,0.21501812,-0.09457955,-0.06994934,0.10524211,0.15014121,0.11795019,0.061594013,0.14592083
-0.013059899,0.2395135,-0.020249797,0.07189931,0.13472189,0.3059928,0.031186802,0.32529253,0.3104086,0.23676473,-0.13300093,0.2915432,-0.21045709,0.13369493,0.19255535,-0.24382354,0.21953733,-0.2076222
0.27534822,-0.0073940153,0.11862241,0.39739478,-0.012648519,-0.045920536,0.34541613,-0.0056172376,0.036812842,-0.11192472,0.15899895,-0.081327945,0.41440302,0.0050458135,0.16537426,0.29914767,0.106698364,0.4000879
0.07458696,0.38739628,0.0007122633,0.0272805,0.38749284,0.43115357,0.07298896,0.4124187,0.13064885,0.25958526,-0.104504585,0.3764352,-0.025966072,-0.15216333,0.22340521,-0.17067727,0.3441275,-0.124925554
0.13177432,0.30318484,0.031635366,-0.037585627,0.3349219,0.4106193,-0.050012007,0.0870784,0.18301624,0.08450353,0.35839683,0.17978922,-0.06118919,0.03708634,0.055618003,0.16944972,0.14984137,0.18826038
0.015746605,0.2535675,0.22535887,0.33935478,0.20024247,0.30840102,0.36786458,0.24667181,0.2343798,-0.040448952,-0.02847037,-0.0010718062,0.36273968,-0.0051128007,0.11757755,0.21157843,0.09855118,0.042830344
0.0349206,0.27565387,-0.09442544,0.111171946,0.21970056,0.35721308,0.2768755,0.48139912,0.1800007,0.18733008,-0.084872775,0.23671134,0.12166616,-0.17406987,0.34592488,0.03403327,0.46096998,-0.01442965
-0.083960876,0.36140814,0.10174042,-0.031810954,0.33082595,0.3250459,0.22117206,0.4652384,0.10733057,0.27006313,-0.09570656,0.22044198,-0.13657576,0.16685593,0.1996442,-0.2762996,0.19492134,-0.0005726707
0.49108046,0.07301474,0.14133053,0.13132443,0.029237272,0.06561964,0.1520877,0.061615705,0.3039712,-0.16042717,0.021685228,-0.15085727,0.3556914,0.04656852,0.0910874,0.30781657,-0.051587112,0.020345751
0.17716973,-0.09454016,-0.20996714,-0.009819493,-0.118849725,-0.026863419,0.123559155,0.117005356,0.05323078,0.1930322,0.08229016,0.27499142,-0.1893564,0.05980733,0.2461152,0.029968366,0.364028,0.061428886
0.32550126,0.102472864,0.36332372,0.4224773,0.018377077,-0.14975543,0.28669435,0.03433807,0.16694376,-0.23659357,-0.051533405,-0.17821541,0.5092208,0.044910327,0.03926261,0.22450109,-0.08776063,0.22848885
0.22957176,0.21117662,-0.18153112,-0.05232206,0.14070012,0.13354649,-0.14550814,0.16181548,0.16393444,0.2088343,-0.1164659,0.24974309,-0.12783352,-0.09326563,-0.011014672,-0.23124143,0.10350494,-0.19133465
-0.0046085296,0.23889196,-0.17352213,-0.182588,0.16591698,0.33612168,0.21127318,0.5705747,0.14120807,0.2429057,-0.12344696,0.23829362,0.017989792,-0.19657856,0.19940358,-0.11426914,0.36862057,-0.06947451
0.42468506,0.43149444,0.1986155,0.094308615,0.29506302,0.43862242,0.12164189,0.32441467,0.3186132,0.14203575,-0.10402252,0.19889314,-0.009090508,0.15079822,0.19296005,-0.021034531,0.1990618,-0.121607974
0.03870657,-0.048996396,0.098598994,0.08302581,0.034828033,0.0948355,0.3511367,0.01312061,0.03808444,0.08942929,0.3461685,0.07418749,-0.1521905,0.24786021,0.36151272,0.12188228,0.37714034,0.49014497
0.07623505,0.119555265,-0.052689113,-0.01831133,0.11110988,0.33010763,0.2200578,0.022637524,0.091878474,0.038194988,0.29005176,0.07972391,-0.064172566,0.27051744,0.21185361,0.11883927,0.25994518,0.26037112
0.23191614,0.30885166,-0.011453812,-0.06849331,0.36873573,0.16029209,0.09744805,0.27272782,0.09227037,0.096803375,0.2063801,0.14084709,-0.19535033,0.05477093,0.19922845,0.027823878,0.27683315,0.08503354
0.010252833,0.2952266,-0.17995985,-0.022897378,0.2815041,0.2963731,0.01969434,0.30056068,0.21009105,0.15374778,-0.12243741,0.25084627,-0.124228664,4.9985654e-05,0.13742612,-0.1044085,0.31193972,-0.25473934
0.046259396,-0.066520296,-0.21455318,0.18253197,-0.13574836,0.07922488,0.0011621299,0.13896574,0.1855491,0.11379495,-0.114428915,0.1924043,-0.14340267,0.04682831,0.16147798,-0.07030302,0.2624454,-0.22176772
-0.020610135,0.25787112,-0.010782642,0.093156815,0.12619115,0.27735382,-0.0057542096,0.29487312,0.30119094,0.17025001,-0.03357281,0.42937568,-0.13160202,0.084579885,0.21009178,-0.04558225,0.29496107,-0.19672707
0.03527986,0.3781436,0.10671214,0.013455115,0.33426416,0.42601812,0.24932599,0.54967237,0.1958809,0.19324228,-0.12072146,0.3340595,0.011651701,0.018754102,0.21938142,-0.102635,0.36631295,-0.040401496
0.0527594,-0.25970834,-0.07492561,0.39430717,-0.3138566,-0.17627417,0.23633984,-0.034883153,-0.0762244,-0.12329831,0.06520882,-0.12637201,0.40437338,-0.2441724,-0.014092348,0.2866327,-0.03776324,0.17759658
0.23262389,0.2499907,-0.06316633,0.12174372,0.16069078,0.25748277,0.23868135,0.18882567,0.15329073,0.09385905,-0.023003507,0.081000656,-0.07400115,-0.02404081,0.20008332,0.26767716,0.26135916,-0.16938221
-0.159734,-0.16886,-0.30759737,-0.17023914,-0.14605805,-0.042833216,-0.24332851,-0.10211018,-0.14429237,0.21880412,0.016449733,0.1803772,-0.16922091,-0.2837811,0.050605334,-0.24454674,-0.020479945,-0.15066545
0.09775179,-0.13176903,-0.2555066,0.21794263,-0.19516054,0.1294983,-0.15122789,-0.09096419,0.02699744,0.25221843,-0.022031546,0.24964364,-0.34432918,-0.10274503,0.024329506,-0.26466987,0.047529038,-0.37443742
-0.055830862,0.04579433,-0.31577128,-0.0659244,-0.057163734,0.28864872,-0.07764009,0.24610671,0.1176687,0.15644465,0.08741353,0.25527284,-0.19961347,-0.16398719,0.1298906,-0.068463,0.27970406,-0.18646345
0.11700376,0.3922978,0.058009308,0.12694497,0.30884162,0.47004968,0.20849998,0.3679441,0.2917248,0.17142847,-0.10322304,0.3271581,0.058729716,-0.02312259,0.3334409,0.0434991,0.41522962,-0.10768405
-0.0963486,0.113305576,-0.29977936,0.04192842,0.01682215,0.20813054,0.05776994,0.12524268,0.055846106,0.19465813,0.04869398,0.22959608,-0.21473566,-0.01867831,0.12702745,0.0027025924,0.25276524,-0.16759813
0.26555216,-0.068788245,-0.13498026,-0.022981007,-0.08071223,0.030589081,0.1680345,0.33353034,0.08204126,0.056284618,0.0074774735,0.055772066,0.31687155,-0.28123185,0.11787264,0.12584148,0.18682769,0.10319063
0.14765032,0.3693768,0.08633904,0.10505636,0.3712606,0.17243627,0.41296533,0.4511092,0.25487897,0.059207648,-0.016062312,0.0024843551,0.13272683,0.0997976,0.47587478,0.33893186,0.42998773,0.21342789
0.28038192,-0.29113355,0.1550418,0.110253975,-0.23273042,-0.091201305,0.21107998,-0.20849903,-0.10703101,-0.20245357,0.22647922,-0.26827714,0.23215583,-0.087974235,-0.06191906,0.40685093,-0.14350288,0.26911262
-0.04127184,-0.037764322,-0.21916066,-0.07936981,-0.043120656,0.18527879,0.25837815,0.2250165,0.12033037,0.12115056,0.1550154,0.04487712,-0.14295855,0.08235593,0.29905403,0.22292049,0.30540356,-0.0053517595
-0.05469835,0.25124508,-0.06324408,-0.08964206,0.19898285,0.33736446,0.27899107,0.3239957,0.11485325,0.24979337,-0.09541079,0.061989043,-0.044098046,0.09608565,0.19190799,-0.001069705,0.12846865,-0.20427679
0.032873757,0.24432367,-0.10271348,0.15128419,0.15702666,0.32673016,0.04167203,0.17035675,0.11881459,0.2555256,-0.057299227,0.26768658,-0.20327148,0.05348091,0.05899879,-0.26020932,0.13393445,-0.23903248
0.16050684,0.4316247,0.06656678,-0.116348326,0.3970336,0.345283,0.17722924,0.5119734,0.35210928,0.24554001,-0.10118885,0.3341799,-0.018676814,0.00034369598,0.28129223,-0.043007724,0.41426244,-0.03493693
0.043610614,0.30658644,-0.007062615,0.10381067,0.27224383,0.077792175,0.4148015,0.43861118,0.32179284,0.06428694,-0.0042890282,-0.0372297,0.52658695,0.14334486,0.28861195,0.25924802,0.15147135,0.23532853
0.048462212,0.29231745,0.045657855,-0.0030068955,0.25316134,0.3626061,0.37943587,0.26656392,0.11648842,-0.05212477,0.17086498,-0.030848099,0.2504401,0.16114555,0.30711916,0.2345363,0.2966123,0.36046493
0.041041404,0.3442149,-0.06982227,0.19125465,0.26329392,0.3610488,0.25996208,0.38616052,0.3894346,0.124371655,-0.105239324,0.16179132,0.32430518,-0.040538605,0.22319268,-0.0046748435,0.23465414,-0.11383475
0.22271284,0.36912417,0.15849923,0.35395238,0.32310325,0.012347208,0.2680751,0.29991198,0.40950885,-0.06442033,-0.06857484,-0.028885145,0.6031911,-0.15115754,0.105071515,0.27785802,0.08153821,0.1251107
0.14242174,-0.15984118,-0.2564772,0.16995838,-0.18734325,-0.009892691,-0.022483228,-0.032402318,0.12054284,0.12761378,-0.011247891,0.21808499,-0.19797048,-0.10856458,0.10281921,-0.0006538292,0.20861553,-0.2681715
0.12444061,0.22818197,0.04323216,-0.21396118,0.3175992,0.22622585,0.1976512,0.4456352,0.08038705,0.18175088,0.079285204,0.105298184,-0.06582781,0.22786558,0.24379514,-0.17819948,0.21388683,0.20585677
0.05847196,0.4645293,0.033498917,0.026731335,0.39219752,0.35058832,0.3227648,0.46049026,0.3062769,0.13704722,-0.090985894,0.16313785,0.18758479,0.00033024536,0.3194611,0.071848854,0.3729861,0.033805262
0.443418,0.26484305,0.5042178,0.24753416,0.24245813,0.27105445,0.30844256,0.18518974,0.20082179,0.02861765,-0.11448225,0.003364809,0.39153513,0.28920925,0.12130188,-0.022298079,-0.08720688,0.14982153
-0.0832842,-0.2233742,-0.3935914,-0.0053259856,-0.22994079,0.0876365,-0.1040567,-0.13937181,0.06742732,0.18009824,0.007950685,0.15098022,-0.20420729,0.013242714,0.10932169,-0.27250662,0.061876908,-0.20684555
-0.024604652,-0.1320714,-0.25370052,-0.25709248,-0.076449655,0.11198681,-0.123013556,-0.2442195,0.004183724,0.0724158,0.07257664,-0.043201417,-0.21757196,0.14033224,-0.012093329,-0.14615455,-0.122067794,-0.18352582
0.04963695,0.010598648,-0.31307346,0.12345082,-0.029738706,0.27744454,-0.11949283,0.014258001,0.06604137,0.23649183,0.08480646,0.31123003,-0.26853848,-0.09679053,0.013196818,-0.10815595,0.107298896,-0.3371467
-0.066983275,0.060144886,-0.051967405,0.058723472,0.029192382,0.39722624,0.41843638,0.32188445,0.09286851,0.11012272,0.025795527,0.10649057,0.039948203,-0.03144824,0.27609572,0.16066556,0.4007586,0.06391783
-0.053168323,-0.07563306,-0.16665505,-0.053123385,-0.06410266,0.044648483,-0.12068698,-0.18821076,-0.026481537,0.050468065,-0.11850795,0.0043922323,-0.11676136,0.054518595,-0.09981472,-0.20231615,-0.14402825,-0.2673629
0.13270962,0.28919208,0.27109915,0.2301429,0.22692701,0.0190036,0.20478511,0.2672901,0.19701934,-0.043862388,-0.12607615,0.022006158,0.52653354,-0.119723424,-0.00070984126,0.05231647,-0.057030294,0.13255244
0.18447009,-0.23409611,-0.104099385,0.38522047,-0.2664875,-0.3126115,0.24088274,-0.20163982,-0.030144693,-0.17348671,-0.0006528547,-0.24711786,0.28461733,-0.020440372,-0.0215874,0.121522196,-0.081114344,0.11444508
0.3974213,0.21244407,-0.028305687,-0.06774487,0.1982052,0.4120182,0.07505144,0.24415812,0.12156558,0.23029639,0.20230587,0.22808476,-0.23919438,0.04468823,0.20021407,-0.03444169,0.24095233,-0.069992796
0.30692995,0.061361652,-0.14823662,0.009945903,-0.04092511,0.21747513,-0.08214111,0.16140428,0.08075016,0.08886991,-0.019782491,0.0708515,-0.1687886,0.14196543,-0.014839741,-0.1410926,0.05846372,-0.17724803
0.022812739,0.32786354,-0.043764737,0.039757784,0.23565164,0.26348132,0.2409982,0.33347648,0.29301095,0.05288626,-0.03132458,0.07254636,0.2066771,0.06980423,0.24268302,0.1992277,0.22886668,-0.037843343
0.32317686,0.2906819,0.32298392,0.14923604,0.3125822,0.24725397,0.21936306,0.28701591,0.26018703,0.119233236,-0.045041855,0.16285409,-0.06170152,0.1440741,0.3488289,-0.0055788173,0.2951912,0.041174006
0.05635907,0.39202058,0.059828002,-0.043797925,0.36401606,0.2921494,0.24262352,0.60358286,0.25263226,0.19287191,-0.036963552,0.19845495,0.022276476,0.1966282,0.31258014,-0.091512784,0.293357,0.102472216
0.08682431,0.101217955,-0.14674367,0.029732253,0.043527246,0.123749256,0.0021487777,0.116193324,0.19879846,0.08856262,0.094090514,0.08563624,-0.13987674,0.14918862,0.2681971,-0.072827786,0.19359615,-0.035688896
0.47565556,0.34633517,0.30262175,-0.15359141,0.35372838,0.30140662,0.30797336,0.47070327,0.24949822,0.15430388,0.02150711,0.16517065,-0.08718285,0.29748794,0.33179224,0.058210537,0.37453014,0.1974617
-0.19775113,0.19698322,0.100376114,-0.012613242,0.0547206,0.1597499,-0.07167927,0.13485338,0.17424619,0.077896595,-0.06998481,0.18857959,-0.3388109,0.16944441,0.018083712,-0.18594362,0.028221708,-0.2574997
0.45447585,0.49637192,0.46529087,0.07263385,0.43091094,0.38381717,0.22690739,0.2951255,0.41207546,0.04475436,-0.060928106,0.11679733,0.32091573,0.3042712,0.19519244,0.034870945,0.024317378,0.117197715
0.2642603,0.36868793,0.41865698,0.32121792,0.33210206,0.16951483,0.11934833,0.21679243,0.4338959,-0.061578535,-0.093059495,0.07550841,0.48530248,0.115622446,0.037698105,0.027920425,-0.061120164,0.0928632
-0.054132782,0.24078539,-0.094042756,0.19801815,0.20985131,0.26982462,0.17686929,0.38707545,0.23576978,0.24602085,-0.076192655,0.3787469,-0.082817785,-0.08558272,0.18894857,-0.03875916,0.42621386,-0.16189347
0.40096715,-0.28946424,-0.0015676222,0.23807505,-0.2658314,-0.021401765,0.29064628,-0.14002907,-0.09500399,-0.05300334,0.2608829,-0.13960162,0.08442442,0.103803344,0.12357888,0.31708634,0.029381977,0.2765277
-0.07951392,0.24237967,-0.24911411,-0.22386582,0.16677302,0.33698586,0.02233903,0.42586276,0.20380576,0.22362702,-0.009015959,0.19975057,-0.120279014,-0.03914666,0.2917083,-0.11643609,0.28532648,-0.17855038
0.28333682,0.2773791,0.15781285,-0.01930824,0.27614063,0.3097685,-0.009395541,0.24395621,0.13572134,0.20496617,-0.18368046,0.20403212,-0.13512807,0.006904733,0.0039496254,-0.28335756,0.064008355,-0.20703194
0.20715551,0.27858433,0.30933443,-0.01126186,0.36788395,0.32853094,0.34751633,0.0521111,0.08421419,-0.0351679,0.40301383,-0.040809665,-0.1327331,0.27896073,0.22113195,0.28966856,0.26092026,0.49167538
-0.11505983,0.038542032,-0.077158496,0.03390135,-0.05175569,0.0910536,0.08430287,0.107973054,-0.006214877,0.1413084,0.06445744,0.12596233,-0.17315282,0.16159935,-0.04760085,-0.04061541,-0.016986854,-0.1156935
0.1412607,-0.30410382,-0.22833231,0.0063887103,-0.23081051,-0.0051539927,0.03400419,-0.09054135,0.17848952,0.073019885,0.25815856,0.22616199,-0.16150545,-0.0169372,0.2055599,0.093077116,0.28180507,-0.003990973
0.12885824,0.3707548,0.016266877,-0.058168102,0.285921,0.34921032,0.3219426,0.57801086,0.22361079,0.2700169,-0.056082662,0.3198824,-0.09865815,-0.031016918,0.42072928,0.08091625,0.53642017,0.019494142
0.023301369,-0.29419947,-0.21369646,0.26428613,-0.31155825,-0.17264654,0.15330867,0.011385597,0.078394674,-0.0016123177,0.057181496,-0.050033092,0.28676373,-0.14629951,0.056620393,0.18673906,-0.04473407,-0.018267313
-0.14600924,0.15207589,-0.11761985,-0.021648098,0.13004076,0.36742786,-0.044744145,0.1889228,0.032790437,0.24932487,-0.07781293,0.2290503,-0.15334347,-0.07248548,0.028845502,-0.3138612,0.09260901,-0.19992457
0.43548614,0.14957863,0.36685294,0.09497149,0.18186799,0.10937767,0.28426635,0.026942834,0.076145776,-0.18974987,0.16030782,-0.24073099,0.47022694,0.13438725,0.09668061,0.26160735,-0.05431467,0.4762439
0.14381681,0.1287685,0.0047856676,0.27053404,0.04267776,0.10865622,0.21494348,0.12725565,0.06618866,-0.0178647,-0.13076772,-0.0039883424,0.11960606,-0.10264681,0.039084118,0.022370277,0.1622778,-0.079452924
0.44806653,0.13519542,0.055288125,0.05319523,0.09460602,0.085989356,0.14181398,0.14393644,0.33577502,-0.040602032,0.020667966,-0.097632185,0.20515303,0.101774886,0.17008914,0.2977247,0.005844574,-0.04280055
0.1432911,-0.12417649,-0.32637456,-0.14163066,-0.074992985,-0.0006924155,-0.23670736,0.15152696,0.13667548,0.19133914,0.027778286,0.13805602,-0.19096138,-0.019928575,-0.06514472,-0.30360293,0.0045830747,-0.15712288
0.43991166,-0.0413016,0.18256703,0.12031986,-0.01963922,-0.14288384,0.30117646,0.017659675,0.06510407,-0.14889593,0.025885556,-0.17280269,0.29540524,0.0694355,0.12859614,0.21265952,0.050781585,0.25573298
-0.07387243,0.039786723,-0.20375428,-0.111698955,0.012545985,0.22335477,0.09688731,0.3015841,0.26646665,0.2699876,0.025548618,0.41462162,-0.10255805,-0.10315847,0.24948269,-0.07407771,0.38948703,-0.17217542
0.42859122,0.4076028,0.06684286,0.11714688,0.46227977,0.27808782,0.18340825,0.5470218,0.52257717,0.25727642,-0.033879414,0.24631447,0.27047613,0.14092994,0.33476353,0.069691636,0.275057,0.016773457
0.26161465,-0.13117433,0.15033199,0.34302124,-0.086718984,0.051692527,0.37179437,0.05878707,0.003909015,-0.050493885,0.17886616,-0.00708629,0.123100035,0.18641862,0.23909819,0.12546492,0.19918305,0.31975818
-0.07090833,0.20174219,-0.099161096,0.10659521,0.097368605,0.25354123,0.19394654,0.45396337,0.08746223,0.1444164,-0.102100804,0.21691681,0.062352795,-0.18132195,0.26958615,-0.00011905888,0.4078412,-0.008473533
0.08921431,0.35507107,-0.07849904,-0.057504367,0.32862428,0.36668497,0.081021786,0.29103515,0.35384712,0.19391534,0.12671188,0.36342204,-0.18089384,0.19104408,0.2908117,0.016388588,0.40861797,-0.08347121
0.47885096,0.13898917,0.008975821,0.22358233,0.10097112,0.4000148,0.14177257,0.14293902,0.0826284,0.20869365,0.020923985,0.16097002,-0.10391043,0.10128688,0.086218,-0.08885858,0.15336893,-0.12041298
0.29831275,0.3474661,0.14622492,-0.03309907,0.30869365,0.2878139,0.1660889,0.46515268,0.32041734,0.21454555,-0.09485658,0.35560736,0.09964554,-0.07231616,0.3045789,-0.055269375,0.39407638,0.0082511045
-0.10900248,-0.13313332,-0.2831795,0.0012099554,-0.1445929,0.052720327,-0.0654073,-0.033696692,-0.10327384,0.03152303,0.07486035,-0.0190901,-0.14713922,-0.18428397,-0.21212941,0.14872397,-0.08850824,-0.25000864
0.013525927,0.35283408,-0.10665287,0.039160945,0.25647256,0.33519274,0.092911996,0.30878347,0.19459654,0.08281816,0.07894211,0.2729803,-0.15594395,-0.048556697,0.22462061,0.05681439,0.43266055,-0.0775749
0.30032212,-0.019792091,0.19395949,0.38385424,-0.053587303,-0.0075063743,0.3464474,0.05695697,0.1863691,-0.088845156,0.020447683,-0.09046675,0.42896488,0.1672709,0.13745262,0.098470174,-0.036687378,0.23158419
-0.15478306,-0.2721032,-0.2734457,-0.11179294,-0.2695337,-0.0025003434,-0.17110564,-0.16004299,-0.15120631,0.027643247,-0.15918659,0.06739971,-0.1022237,-0.37683156,-0.10841129,-0.25113618,-0.022549622,-0.20589966
0.054636285,0.2728996,0.1000442,-0.096609846,0.33060336,0.3243799,0.20329876,0.16923411,-0.026399998,0.054287676,0.35171285,0.11097015,-0.12602808,0.10907804,0.008406484,0.11581025,0.18967357,0.37387848
0.013098264,0.14732437,-0.13000502,0.09894154,0.093698636,0.19273496,0.34048614,0.20915478,-0.010351447,0.05636229,0.038127948,0.08574535,-0.07276505,-0.043379407,0.26583692,0.15563479,0.45637757,0.12760796
-0.095170945,-0.44581556,-0.25434017,-0.01962422,-0.5201384,-0.3062965,-0.286184,-0.25876957,-0.29884663,0.11820644,-0.14043118,0.07123881,-0.17248498,-0.35003686,-0.18908177,-0.22966786,-0.21634568,-0.19560152
0.1655763,0.2172031,-0.11015464,-0.016458694,0.23134172,0.2810212,-0.10983922,0.2618104,0.14533432,0.23592511,-0.040034905,0.33993796,-0.16842979,-0.12280844,0.052768696,-0.26623172,0.20575605,-0.20141034
-0.17135498,-0.12617733,-0.28693566,0.0014130776,-0.24549289,0.09056,-0.34535983,0.036184996,-0.07760752,0.20309138,-0.01702192,0.4316588,-0.21819524,-0.24705765,-0.20459285,-0.32245672,-0.003659976,-0.29306874
0.03788241,0.016490724,-0.21335219,0.11203523,-0.003713578,0.1420283,0.3485901,0.16384049,0.057782456,0.11620333,0.041998457,0.05630545,-0.021319347,-0.04855121,0.22493054,0.20161827,0.2801266,-0.032393653
0.035947222,0.40743947,0.2542376,-0.098531455,0.34720993,0.3341202,0.23776026,0.51172185,0.1546934,0.13666514,-0.044232745,0.28334194,-0.005701913,0.07109848,0.22262332,-0.1368447,0.33039275,0.17022714
0.1987458,-0.23371519,-0.18814574,0.28149,-0.26132995,-0.060515914,0.14531608,-0.01927003,0.12725301,0.08309644,0.04173099,0.22508714,-0.11375808,-0.061043143,0.18785861,0.049048938,0.2594663,-0.119193226
-0.09065028,-0.102449365,-0.13707489,0.09865507,-0.13089637,0.00092539284,0.33688965,0.14314973,0.108611375,0.08979808,0.09433185,0.17018153,0.01907313,0.093544625,0.3948544,0.114876956,0.44175193,0.23696916
0.032567896,-0.2046905,0.017158613,0.10544088,-0.13204548,0.06630077,0.3304842,-0.028042955,0.07124005,-0.05371137,0.29855603,-0.082486056,0.38936162,0.18595935,0.19943936,0.1425997,0.031266853,0.4582636
0.2388115,0.042144008,0.007149696,0.23992671,0.024893492,0.03858599,0.48227867,0.13031425,0.019340264,-0.02271157,0.015486261,-0.28243017,0.26947507,-0.041850362,0.12842162,0.37390894,0.04255195,0.12558584
0.4153239,0.29460293,0.2926314,0.09056961,0.19786574,0.2970891,-0.03963796,0.3132574,0.26448956,0.08268497,-0.14310326,0.2315148,0.062059294,-0.02873391,0.1305075,-0.064646095,0.14260873,-0.11072373
0.097174294,0.22086036,0.19027723,0.14974813,0.1980395,0.1880422,0.19121133,0.2672698,0.124290206,0.13132723,-0.10685307,0.15759534,-0.046175107,0.17514543,0.0328071,-0.22617224,0.040633757,-0.11258613
0.44127882,0.35506046,0.05033305,0.020005312,0.38436314,0.3125356,0.22205848,0.4551056,0.327307,0.1817984,0.11973651,0.24301355,-0.052381188,-0.08258104,0.44830364,0.24220881,0.50897723,0.05781932
-0.12209941,0.088757634,0.021015469,-0.0046588676,0.07429821,0.26958817,0.034407582,0.11595769,0.16547957,0.17900494,-0.036630593,0.17146878,-0.36649826,0.21921335,0.114710316,-0.32558802,0.10955573,-0.26212358
0.4007178,0.18881042,0.21581961,0.13780594,0.21687347,0.124285,0.05675976,0.20600286,0.5308451,0.05024495,-0.023124887,0.15827274,0.31666312,0.02470098,0.23387824,0.03877689,0.12643993,-0.011199991
0.10202438,0.12599789,0.2585959,0.21609233,0.05824445,0.24514808,0.19322719,0.04105787,0.20772113,-0.0148313325,0.08492365,0.05125394,0.11408913,0.29139674,0.116944216,-0.006755744,-0.048544146,0.025942845
0.055512432,0.39135402,-0.12347157,-0.13035399,0.3160169,0.34412947,0.13408074,0.4455736,0.20418827,0.20219721,-0.06304866,0.2762909,-0.079477526,-0.19862157,0.3239152,-0.017504934,0.4351689,-0.10826841
0.18244922,-0.018194254,-0.17646526,0.33454037,-0.08745113,-0.12046088,0.18826374,0.08867798,0.013436999,-0.077815846,-0.009778182,-0.070999086,0.35137618,-0.17643754,-0.011505367,0.13821031,0.106238015,0.16187626
0.25322804,0.034579072,-0.22602393,-0.055941667,0.02618947,0.33519408,-0.009423361,0.15900004,0.0627919,0.26852944,-0.0031691552,0.11181238,-0.16891718,0.08687938,0.072699755,-0.22624291,0.079568,-0.14230053
0.2598613,0.092678346,0.10534347,0.17174461,-0.02295233,0.04347696,0.20929389,0.071534865,0.049431004,0.022101723,0.027679678,-0.014292849,-0.108168945,0.20470479,0.06733815,0.14967827,0.049340796,0.04152074
-0.02087956,0.20036137,0.09764857,0.04823808,0.16824822,0.13421968,0.31358126,0.095514126,-0.041126315,0.010611296,0.18640028,-0.012908553,-0.060138814,0.20560405,0.29928413,0.11816867,0.29594114,0.41801998
0.18828577,0.28879938,-0.04317537,0.16423716,0.3039143,0.36555657,0.110112995,0.18883531,0.2642772,0.08565266,-0.00784752,0.09337209,0.20494716,-0.22180797,0.2068454,0.11431713,0.22205412,-0.12858829
-0.0070981095,0.27584124,0.087579854,-0.025341315,0.1679711,0.44960928,0.14505821,0.27316493,0.09201327,0.08686237,0.17021608,0.2503965,-0.16522415,0.08974848,0.21377082,0.1690549,0.31674084,0.02817986
-0.07456758,0.12163204,-0.08530899,0.051807515,0.17911556,0.20689808,0.060116395,0.047515947,0.043697007,0.24148564,0.012679219,0.20470493,-0.23097502,-0.061409727,0.14492823,-0.18403035,0.19978054,-0.14655071
0.039049633,0.4113814,-0.056981403,-0.12187,0.3215248,0.48893133,0.20731497,0.4882371,0.17980663,0.20230496,-0.09183408,0.2800626,-0.051085994,-0.09636519,0.26788732,-0.0652614,0.41706315,-0.08398805
0.20283374,0.41954076,0.24439615,0.014875145,0.33700037,0.40701193,0.10486069,0.40785354,0.25889677,0.15491204,-0.09793766,0.25916818,-0.021828443,-0.045592938,0.2736267,0.012067069,0.28996322,-0.09304693
0.49565288,-0.13860478,-0.15117642,-0.08590686,-0.15698272,0.050576787,-0.08233961,-0.13534288,-0.105840646,0.19359878,0.045898993,0.06746414,-0.2813667,-0.010486964,0.02155387,-0.088617764,-0.025043271,-0.16096136
0.4082623,0.08884864,-0.16094151,0.01054212,-0.015992783,0.15089658,0.099655196,0.308623,0.11230553,0.24710879,-0.027686115,0.25042537,-0.1561078,0.04833929,0.13249765,-0.09307584,0.26450846,-0.10156899
0.08823445,0.34624225,-0.036046248,0.019730866,0.29593778,0.26493642,0.22000332,0.3856074,0.31419003,0.12508368,-0.08943843,0.23247434,0.24988744,-0.042611897,0.21130575,0.025240514,0.31282294,-0.035816293
0.08782172,0.34176219,0.22936893,-0.05573563,0.28950185,0.3163074,0.19760948,0.20291655,0.18155308,0.08427888,0.16522734,0.20533773,-0.17776483,0.31651804,0.23882471,-0.014803078,0.28904843,0.27924657
0.01653515,0.04041298,0.4866813,0.4665197,0.03382637,-0.056035783,0.3238342,0.050953105,0.2399775,-0.04652377,0.0020089033,0.0137628,0.40935615,0.24663365,0.115974315,0.03682414,-0.0820167,0.2744426
-0.0760943,-0.037618067,-0.21024387,-0.17398624,-0.07552251,0.23092332,-0.042485528,-0.039214984,0.03183325,0.18659076,-0.062388234,0.19221857,-0.18038054,0.055203997,0.010360199,-0.23411918,0.019107485,-0.26076028
0.07438016,0.008759721,0.18122637,0.19343093,-0.021420397,0.26761827,0.21900229,0.18590194,0.20661221,0.18036711,-0.07083508,0.23044424,-0.24660386,0.22290957,0.14867514,-0.13747332,0.1749502,-0.1844124
0.034922693,0.12097621,0.22963734,0.21349385,0.11271598,0.16620746,0.1686745,0.12520382,0.2151002,0.038534656,0.19883804,0.14797623,-0.104568765,0.35169986,0.10766327,0.038570113,0.06480585,0.09993717
0.0601178,0.30033204,-0.017827064,-0.046028998,0.21872011,0.2960628,0.28871232,0.47297606,0.2902147,0.2461033,-0.037032377,0.3054809,-0.18345965,0.07001731,0.47584337,0.0029481677,0.5589113,-0.01070411
0.08217799,0.30597857,0.055467624,-0.16118263,0.32909036,0.2616421,0.1693746,0.3397063,0.0852364,0.23405446,-0.082284585,0.11579702,-0.19028471,0.25623488,0.21220455,-0.23955776,0.20198277,0.034839895
0.075029485,0.17410675,-0.16710687,0.13334183,0.1630642,0.10202604,0.31686968,0.20348231,-0.04241208,0.06409432,-0.030877378,-0.11030335,0.11926847,-0.12153826,0.05326795,0.2178271,0.14675115,-0.028440094
0.13466665,0.066182524,0.42050683,0.40785602,0.103237204,0.013543753,0.41099632,-0.034848236,0.035676192,-0.19031592,0.1828171,-0.15062025,0.34893665,0.25861004,0.13192317,0.2651266,-0.02549057,0.42380974
-0.04577544,0.46602228,0.26092148,-0.026939541,0.39770168,0.45827296,0.23467363,0.41391835,0.36810994,0.12608306,0.00046550413,0.26529425,-0.04389588,0.09892269,0.37278116,0.13935345,0.34932458,-0.019509781
0.009388267,0.33087543,-0.0599754,0.01883216,0.24026336,0.3837573,0.32763654,0.4814801,0.21521777,0.23973572,-0.09682135,0.25252363,-0.06383862,0.050459884,0.2925534,0.013373016,0.4034877,-0.116012156
0.0064673144,0.3589187,0.20331593,-0.021952845,0.2381102,0.23799768,0.37933138,0.47895357,0.2111693,0.16554964,-0.1220655,0.23595494,-0.034032907,0.20989656,0.34652287,-0.014116928,0.35986987,0.058687218
0.03341733,0.28641537,-0.06254816,-0.12052866,0.2985781,0.2646387,0.16646375,0.42630368,0.07176472,0.27350962,0.01552028,0.22929773,-0.11308551,-0.116770715,0.19616759,-0.26657343,0.28967673,0.00014880695
0.10204992,0.2012539,-0.18913953,-0.10444208,0.17953381,0.1836588,-0.1432359,0.2554472,0.17241603,0.1698397,0.0025274456,0.2560833,-0.1668051,-0.034411434,-0.01204383,-0.17557667,0.08952739,-0.25810748
0.10321126,0.12536636,-0.043240357,0.17256992,0.09379961,0.1257405,0.106355205,0.28790495,0.35214442,0.2071283,-0.070468664,0.3762325,-0.18534936,-0.053294547,0.3257869,0.017851729,0.49759668,-0.16108105
0.016072968,0.007177026,-0.1976197,0.14553508,-0.06764803,0.0027976995,0.2357875,0.09992541,0.15190934,0.024775073,0.019930601,0.101329565,0.13237554,-0.00791212,0.17780513,0.13041243,0.24438316,0.017682081
0.20629184,0.45637363,0.1261458,-0.12531845,0.5276081,0.28859186,0.05310058,0.25948638,0.097065896,0.2562876,-0.08538329,0.14879178,-0.13707915,0.23751725,0.16463757,-0.16335964,0.08994082,-0.039441217
0.078796774,0.22888029,0.12564087,-0.006441273,0.25226846,0.45488375,0.11757447,0.17002945,0.22355272,0.15324695,0.31946662,0.26487818,-0.21840312,0.029057506,0.14770204,0.007709435,0.25913525,0.06352208
0.041950427,0.3381864,0.056768067,-0.08077171,0.27065283,0.3667759,0.36390755,0.31107727,0.14642856,0.046667207,0.08635169,0.035413623,-0.035015427,0.07577641,0.4320061,0.2842578,0.43491188,0.17308037
0.21088488,0.070533395,-0.19927841,-0.015197071,0.009598182,0.08582731,-0.0412277,0.050062567,0.1503242,0.20267345,-0.07991889,0.0790928,-0.15519239,0.09695284,-0.08019881,-0.1116792,-0.05081596,-0.26953802
0.046151917,0.33260965,-0.0067254575,0.17840378,0.20562299,0.20013286,0.19785911,0.303334,0.32517508,0.03816823,-0.101047084,0.088270925,0.4019005,0.036407806,0.06932179,0.061306212,0.048168965,-0.07861808
0.28563377,0.26723182,-0.08802929,0.20926403,0.15621215,0.21842012,0.21587582,0.3035428,0.34160793,0.07406241,-0.09882486,0.11322914,0.34279257,-0.0039496613,0.15304404,0.06968612,0.1844403,-0.054942276
-0.15115093,-0.181013,-0.45524526,-0.17400475,-0.20340824,-0.011342894,-0.1591831,0.031001367,0.111495376,0.212141,-0.102932036,0.15457155,-0.16902688,-0.183083,0.13587548,-0.22562101,0.14188784,-0.27538222
-0.13377875,-0.3219847,-0.2529316,-0.16077836,-0.33554974,-0.031216275,-0.11357087,0.09066165,-0.16751646,0.18941127,-0.072991624,0.21059158,-0.114205755,-0.31362763,0.030289376,-0.31761926,0.09027666,-0.0969705
-0.05537264,0.34826198,-0.07881694,0.09485535,0.2669258,0.20798509,0.14727277,0.3983923,0.33697528,0.17929277,-0.03771778,0.2505469,-0.17755522,0.12957709,0.40138605,-0.07710126,0.41384032,-0.062423706
-0.076175705,0.36988273,0.1023924,0.15101157,0.31357932,0.17671333,0.048376996,0.3716722,0.23032092,0.27870086,-0.004877833,0.45214382,-0.2861966,0.13845284,0.30116692,-0.12558386,0.33000645,-0.10545554
-0.059079006,-0.04216771,-0.021434437,0.14153087,0.01399593,0.14262857,0.065881714,-0.02733941,0.17185543,-0.0632207,0.29468167,0.089746445,-0.015095015,-0.18177792,0.07678552,0.37343788,0.22244385,0.16168843
0.1010881,0.38311827,-0.02192285,-0.041431274,0.2854714,0.33055845,0.14850886,0.50395066,0.09681899,0.1687025,-0.14279145,0.27841395,0.07363397,-0.18752952,0.16969584,-0.09403685,0.3759851,0.009030266
-0.08297209,-0.13989297,-0.06163291,0.04310787,-0.086523324,0.06588782,0.16865687,-0.13568284,0.019702587,-0.038430054,0.3501746,-0.025429929,-0.12631899,0.12739211,0.06032556,0.06759068,0.11685751,0.29282695
0.13801928,0.3175833,-0.06511909,-0.10461771,0.29082385,0.2908554,0.22225186,0.3231024,0.17704444,0.13446723,0.015786693,0.03521981,0.021651097,-0.0443283,0.20063418,0.13042894,0.1889309,-0.11779492
0.0025349206,-0.13995938,-0.22401343,-0.017782258,-0.18496114,0.1942213,-0.03900254,0.009114894,-0.020867852,0.17543568,-0.08651575,0.07130412,-0.21489644,0.010230463,-0.10131708,-0.2520305,-0.120120116,-0.35565904
0.042960614,0.23667254,0.060159143,0.110964425,0.1469482,0.35094345,0.112754114,0.24855138,0.31241012,0.16710179,0.005965389,0.30215856,-0.18898234,0.012829245,0.33014554,-0.02542348,0.38302758,-0.15722206
0.16793682,0.29718795,0.2096215,-0.047824863,0.38096493,0.2834043,0.28023344,0.2111774,0.11226039,0.11506634,0.26416293,0.19276339,-0.13626263,0.13208783,0.29380447,0.08834117,0.42207646,0.4069339
0.5067783,0.30791697,0.2462786,-0.00015462565,0.31316143,0.29618734,0.020634286,0.4108061,0.370329,0.1592615,0.062438548,0.31421292,-0.05435089,-0.009508067,0.23814929,0.15104504,0.3170942,-0.028877903
-0.06190587,0.25781298,-0.045406636,-0.2762019,0.3188587,0.3071378,0.15573893,0.49999085,0.18070114,0.3363015,0.034832545,0.19010895,-0.101011805,0.29058188,0.29526037,-0.2510086,0.24040833,0.14489596
0.38981056,0.17601445,0.2916393,0.29672647,0.10137468,-0.009972168,0.09692631,0.06458643,0.3534075,-0.09874068,-0.06037945,0.06043477,0.20163155,0.22334817,0.15634261,0.024605226,0.03136921,-0.018228594
0.3355619,0.40731323,0.42521003,0.22464246,0.3908398,0.18399131,0.21071276,0.2662236,0.49825475,-0.06479594,-0.059274573,0.02049784,0.49319237,0.23989658,0.17650262,0.16931657,0.020792603,0.19967479
0.2749749,0.15463543,0.099395566,0.17948587,0.059946,0.12706141,0.29769164,0.30258223,0.24542663,-0.029379139,0.010928349,0.09220875,0.2510454,0.07467617,0.26083437,0.14108573,0.2516129,0.1276675
0.35347137,-0.07401919,0.009569734,0.24641262,-0.124575466,0.17450641,0.012400376,0.10408973,0.098358005,0.1255148,0.12503383,0.19328034,-0.12275584,0.15996155,0.10096183,-0.013206898,0.09422887,-0.0012196308
-0.024730116,-0.043501165,-0.087298244,0.09745487,-0.067993216,0.25122687,0.35593948,0.25021204,-0.039829936,0.03143526,0.09487785,-0.04143475,0.17872313,-0.05954221,0.13621645,0.2655356,0.20103681,0.15484747
0.07815367,0.3543044,-0.1777639,-0.044257965,0.3111438,0.3341919,0.15703501,0.41886088,0.26105353,0.26230195,-0.03032926,0.25523767,-0.085260645,-0.039006338,0.4064399,-0.06349524,0.4637394,-0.10172223
0.3452477,0.17610668,0.06697999,0.06208845,0.21366745,0.27034333,0.245038,0.14494504,0.0024495367,0.076783195,0.3506214,0.07708352,-0.20059575,0.14390285,0.08772607,0.13648115,0.25880292,0.3416913
0.099337764,0.28993583,0.02387009,0.02242802,0.30183873,0.27239782,0.33134654,0.49319768,0.08691883,0.2626259,-0.076553926,0.24709623,-0.084891565,-0.016233223,0.28905216,-0.10007128,0.44196892,0.10030298
0.1474043,0.32295966,0.07855015,0.1559505,0.22805184,0.3169707,-0.06540147,0.22483627,0.2744288,0.16786158,-0.012526023,0.25298655,-0.059560932,0.13900273,0.15073624,-0.060358796,0.15073441,-0.121416256
-0.037087873,-0.1938971,0.13641511,0.22004014,-0.16648282,0.06567113,0.3216574,-0.12269483,0.10507796,-0.026413754,0.34719726,0.037644695,0.06466106,0.3323397,0.2779567,0.20480119,0.17202194,0.4701165
-0.0024316458,-0.21366945,-0.27434784,-0.14791766,-0.24193837,-0.029963605,-0.25385714,0.13696319,-0.08075079,0.24796857,-0.079791866,0.29455104,-0.1834438,-0.17175765,-0.06943334,-0.3395419,0.04106785,-0.1883053
-0.118004136,-0.2641898,-0.369965,-0.068220034,-0.2606115,0.109332666,-0.251922,-0.10241607,0.13177676,0.11650389,0.024432335,0.18151891,-0.30659205,-0.09740399,0.1734661,-0.13988204,0.15970801,-0.31281176
0.42496625,0.16393663,0.12171592,0.040406764,0.11510904,0.09178837,0.352678,0.114315435,0.10611766,-0.11884512,0.0797363,-0.16404945,0.28767896,0.11566498,0.15552652,0.264908,0.09574176,0.22676405
0.28474447,0.03745359,0.36418042,0.1769823,0.01036589,-0.018288473,0.25437602,0.18596323,0.12827358,-0.043856915,-0.053410042,0.0406715,0.06907042,0.15840502,0.16971159,-0.00043980707,0.12789008,0.102100335
0.21257852,0.15500526,-0.26159525,0.1295368,0.19892965,0.22136366,-0.052313592,0.15622403,0.115517914,0.23046312,-0.044544507,0.19734251,-0.2013834,-0.13122994,0.19414097,-0.15704483,0.24794008,-0.24515472
0.12667835,0.40958464,0.23742564,0.1545698,0.3565805,0.29632902,0.23696086,0.3813207,0.46787757,0.026391197,-0.08072842,0.16730522,0.47365868,-0.051240314,0.20654404,0.033299208,0.17539719,0.087867804
0.006378878,0.09574554,-0.36141032,-0.09913707,0.05942671,0.25699285,-0.12486248,0.2890938,0.09866421,0.3552665,-0.09204836,0.29348487,-0.21561536,0.0011591621,0.15571252,-0.273619,0.21359594,-0.22809419
-0.05987684,0.041840672,-0.26543093,0.018019965,0.024636095,0.30741546,0.18488315,0.31394312,0.039830662,0.23135863,0.11686717,0.26698348,-0.14352809,-0.10087933,0.078023925,0.14315064,0.30306005,-0.122848526
0.09692474,0.19810395,0.0803194,0.27000046,0.20559652,0.09265171,0.3961159,0.08206192,-0.0072277654,-0.03693269,0.111759424,-0.006634992,0.066812806,-0.015426053,0.1770984,0.349984,0.27007437,0.20093752
-0.1463189,-0.17245033,-0.34304184,-0.11748128,-0.18163343,0.19805437,-0.15915643,-0.14313805,-0.11598273,0.1576495,-0.06975773,0.09713213,-0.12390077,-0.17296433,-0.1179254,-0.2922742,-0.08435658,-0.20504317
0.35647956,0.32888633,0.13117331,0.3152922,0.25183928,0.25875315,0.2121135,0.34846076,0.21608916,0.047603395,-0.042093694,0.0802421,0.5102809,-0.08878586,0.052471682,0.04754376,0.07169228,0.11368608
0.14777938,0.120537855,-0.095491916,0.34811682,0.0819789,0.09781013,0.24921942,0.21765706,0.31726795,0.06012879,-0.06487293,-0.0010918244,0.37229204,-0.19271703,0.12543981,0.15381649,0.07970253,-0.1240914
0.06021752,0.33621576,0.23276713,0.00626597,0.2663549,0.44432065,0.18239963,0.32207265,0.10126308,0.16574313,-0.011289701,0.21196862,-0.15008831,0.33916944,0.107219756,-0.19643532,0.12556031,0.09240959
0.111060664,0.09327225,0.11278519,0.3046754,0.05017468,0.18857862,0.29074284,0.34448823,0.19595209,0.20470157,-0.112375915,0.21477316,-0.12050946,0.10418416,0.33770403,0.02988537,0.33700398,-0.11455628
0.06628967,0.19487178,-0.29057017,-0.17137003,0.16724065,0.18120128,0.25844634,0.46046618,0.10863955,0.2061526,-0.014865802,0.11598785,0.022833975,-0.08966378,0.26105562,0.001094201,0.35690773,-0.003686825
0.21163154,0.3421867,-0.07699286,0.076095745,0.3723609,0.33673474,-0.015093137,0.33445022,0.31136125,0.20023714,0.08903711,0.26200074,-0.10942181,-0.11948792,0.27389884,0.15417159,0.32520634,-0.14940183
-0.028484415,0.2692077,-0.10578715,0.029388009,0.22150941,0.33092213,0.027680187,0.092908226,-0.009005423,0.16642617,-0.07057651,0.087279916,-0.15813956,0.10024379,-0.016874546,-0.25078288,-0.03345277,-0.2380783
0.21375112,0.31830245,0.23448583,-0.064045966,0.2818452,0.29900193,0.21406414,0.4630797,0.28937373,0.14306808,-0.08849172,0.2182832,-0.0070884693,0.02277527,0.33547172,-0.07962173,0.35317552,0.022520544
0.09421104,0.40758845,0.20234945,-0.015366434,0.23738237,0.40404803,-0.045541357,0.2764102,0.18620668,0.08487515,-0.15079795,0.21738741,-0.11115885,0.15908313,0.0923664,-0.18061899,0.102449454,-0.15422791
0.029322196,0.32919538,-0.049754687,0.069601744,0.2328228,0.28576508,0.23911229,0.36667117,0.277005,0.25610274,-0.039387908,0.29886222,-0.16262726,0.18705748,0.31238908,-0.07050456,0.38510966,-0.075642794
-0.03929415,0.20783941,-0.20453033,-0.016322035,0.0821476,0.30304918,0.23295568,0.3403199,0.07413758,0.14892478,0.059913702,0.24097936,-0.09790649,-0.11247905,0.22524676,0.16558741,0.43328065,0.0025028521
-0.009173825,0.15657397,0.12711559,0.07345277,0.10717886,0.16533862,0.34944645,0.19683039,-0.05448729,0.0949007,0.095804155,0.2053177,-0.124390386,0.045781847,0.24028482,0.060896374,0.43710798,0.3241335
0.45449483,-0.16978253,-0.057769336,0.24431536,-0.17367259,-0.07150841,0.1902058,0.06670948,0.15334666,-0.07662905,0.016133815,-0.06396006,0.3038072,-0.14546174,0.08559909,0.25118315,0.041501272,-0.0069761164
0.10445232,0.3250632,0.022649338,-0.075778484,0.24807957,0.41723084,0.11636582,0.29514453,0.17929277,0.24445307,0.04239439,0.25776866,-0.2461301,0.211033,0.18003017,-0.16735892,0.24400386,0.013482355
0.019361958,0.22832724,-0.14286992,-0.1060608,0.25192684,0.32921168,-0.12347324,0.17032431,0.06964727,0.22074844,-0.079748526,0.194554,-0.17588516,-0.023154618,0.09773513,-0.24361253,0.13885508,-0.23150995
0.373197,0.36755547,0.27709383,-0.0802896,0.33771148,0.2891548,0.35247517,0.36813697,0.1413479,0.12500422,0.10130985,0.21077096,-0.07407896,0.11559344,0.4067461,0.16960949,0.49651563,0.35359636
0.083401896,0.16204907,-0.17624322,-0.10748242,0.09032978,0.24077162,-0.19104837,0.26862457,0.07960278,0.19772586,-0.085465156,0.37641943,-0.087227225,-0.15592688,-0.07715482,-0.26560473,0.13344613,-0.17937489
0.02687101,0.2045335,0.004314647,0.19027457,0.19663851,0.26709569,0.41889462,0.37894636,0.25899032,0.02492439,0.0058969622,0.06772126,0.24697305,0.07464949,0.38661468,0.28088936,0.44001865,0.16773692
0.038119406,-0.24069832,0.049688455,0.51111,-0.19006635,-0.13144937,0.33546144,-0.07483943,-0.04831431,-0.13042562,0.18338174,-0.20601363,0.47396186,-0.087166704,0.048145965,0.3620481,-0.06676854,0.3520444
0.11638014,0.31964716,-0.035607044,-0.039123777,0.21946481,0.3140758,0.21943195,0.36492896,0.1969081,0.206377,-0.09131185,0.23659047,-0.12935716,0.26544958,0.2528644,-0.13928036,0.34311154,0.012603263
0.008273745,-0.07564144,-0.015538677,-0.014717108,-0.015351392,0.21766949,0.14669356,-0.024547923,-0.02650595,0.018623967,0.46446353,0.04490675,-0.2473137,0.10739004,0.17153642,0.14498653,0.23963949,0.36608124
0.17670134,0.2631595,0.015165855,0.04860519,0.28157222,0.20608507,0.011950084,0.20544244,0.040143814,0.27256444,-0.037126727,0.31908524,-0.17802176,-0.17475915,0.10369248,-0.20950732,0.21990688,-0.10161817
0.27803573,-0.22851361,0.0030154805,0.08293814,-0.20710453,-0.10465435,0.17412221,-0.08472047,0.0014981009,-0.036926363,0.34213886,-0.080343895,-0.1349429,0.15777509,0.20907915,0.29156202,0.16413315,0.36249292
0.42093876,0.13673536,0.38440984,0.13087232,0.11375695,0.010019496,0.19844095,0.10741187,0.22927545,-0.13315062,0.007068352,-0.1064015,0.42378256,0.12694672,0.028679706,0.16855203,-0.14303912,0.16435218
0.071814485,0.37831572,-0.10514362,-0.19083247,0.33566272,0.28598863,0.20914552,0.48315385,0.22203112,0.22975552,-0.121298924,0.2812905,-0.01578221,-0.043980073,0.2749632,-0.06487523,0.39238778,-0.12195523
-0.054403253,0.12567852,-0.24574599,-0.05348229,0.10179565,0.19093466,-0.13539337,0.35599902,0.24648719,0.1944041,-0.20091125,0.3215479,-0.09333154,-0.17252299,0.062121898,-0.35151845,0.26549348,-0.29260832
0.05073721,0.39244872,-0.0010495534,-0.074780114,0.3115591,0.38045585,0.26190677,0.50512797,0.1599911,0.23907071,-0.11616655,0.30121747,-0.03219603,-0.081944615,0.3047589,-0.019684758,0.45689216,0.010868045
0.11385323,0.24827388,0.18404926,0.28339574,0.17152616,0.190072,0.3638562,0.103960946,0.065275446,-0.20014912,0.1193005,-0.18395552,0.53529257,-0.04772193,0.046036713,0.3413498,-0.009715095,0.29234433
0.28466937,0.25587788,0.2611542,0.08199225,0.15538089,0.20671506,0.354713,0.36983335,0.17937271,-0.0235215,-0.08461953,0.05788688,0.48425826,0.0023217686,0.20138985,0.12495831,0.15243872,0.17415576
0.18229905,0.39840543,0.36205,0.24861772,0.37712973,0.3429248,0.34560812,0.3458439,0.30238736,0.07138667,-0.0054564853,0.19274037,0.34901437,0.31767637,0.2313191,0.0353171,0.1973989,0.3235752
0.09447499,0.23926005,0.030472696,-0.004188643,0.1952245,0.24199761,0.060648188,0.31307623,0.20569102,0.2009119,-0.1318581,0.20392966,-0.2181074,0.053619727,0.122574784,-0.2392706,0.19373001,-0.21813335
0.08797435,0.16716425,0.4308269,0.2430962,0.16799349,0.109880395,0.2500656,0.1660398,0.2591966,-0.07019715,-0.0212005,0.006161157,0.20907784,0.3390932,0.048418175,-0.058112618,-0.053160034,0.14998756
-0.029605139,0.39803225,-0.034490157,0.14577422,0.36278042,0.30779958,0.1538928,0.29978698,0.24099682,0.240934,-0.09509925,0.25774002,-0.1269019,0.06283442,0.19740538,-0.16453426,0.23912327,-0.19045682
0.27137977,-0.16919248,-0.03678372,0.45222655,-0.2282238,-0.14570814,0.17473526,-0.08283227,0.085021995,-0.1475692,-0.029131848,-0.15626496,0.37606344,-0.06802836,-0.04212286,0.16684034,-0.1238108,0.031874496
0.066160925,0.31553808,0.062450204,0.15100297,0.22414671,0.3263235,0.32122523,0.25296348,0.13497998,0.08929162,0.03256023,0.19605902,-0.022695078,0.027879843,0.20671593,0.20118868,0.32973135,0.051490523
-0.036905844,0.21643506,0.04329223,0.32647997,0.15083666,0.030285506,0.39324948,0.15706839,0.1033998,-0.07181391,-0.022304403,-0.119591504,0.38756588,0.08263396,0.14824331,0.21994065,0.104147196,0.19405709
0.08546994,0.08166084,-0.2396773,0.025634699,0.03713258,0.19622189,0.06219662,0.18013866,0.18101424,0.09174962,0.2104833,0.12318846,-0.14984053,-0.023364179,0.1946124,0.16097158,0.31732976,0.01682031
0.040379733,0.1375768,-0.024889689,0.1633094,0.08574697,0.056643106,0.32682082,0.25722492,-0.018507972,0.096358515,-0.04391365,0.01983601,0.18653613,-0.19102411,0.13245797,0.21027766,0.19050108,0.09902955
0.08051104,0.39021596,-0.0005738423,0.20934248,0.29480094,0.32883736,0.23425804,0.3104927,0.3561843,0.13117827,-0.011736575,0.15075165,0.086132534,0.04116622,0.35315177,0.17378137,0.29744196,-0.08058959
-0.06786628,0.009437599,-0.27334744,-0.026025347,-0.029764362,0.25788996,0.28339636,0.14822991,-0.0067152423,0.12708725,0.14428084,0.029204752,-0.08690292,0.101637445,0.19804339,0.11584818,0.19537242,0.0079935
-0.000892116,0.40690318,-0.07276723,-0.04193624,0.33652434,0.353627,0.11326818,0.4793831,0.17027888,0.25680324,-0.0120931845,0.28699806,-0.078929625,-0.012346536,0.31361297,-0.1704399,0.3284286,-0.06793433
0.21108654,0.03188857,-0.12769751,-0.15667701,0.03706547,0.015213633,0.3273026,0.271569,0.1480771,0.07289354,0.10947589,-0.015193696,0.08490509,0.012211426,0.37171876,0.33152515,0.32764444,0.17598413
-0.05147449,-0.035209022,-0.33879638,-0.2587758,-0.07972456,0.24524012,-0.06446058,0.3291152,-0.043316625,0.2250433,3.4445897e-05,0.1828914,-0.16403992,-0.03146744,-0.012301649,-0.26352838,0.11318566,-0.16545527
0.033872046,0.0676465,-0.02427461,0.20244758,0.05702531,0.1305385,0.2364769,0.15133265,-0.045738723,0.07156436,0.022572841,-0.070957534,0.11246452,-0.1863632,-0.014005996,0.20454171,-0.0014666838,-0.075579256
0.12869644,0.24689707,-0.18639545,0.11495227,0.21905711,0.267229,0.05730638,0.3179201,0.16344187,0.17413318,-0.14436443,0.30878755,-0.02843382,-0.13424383,0.06975732,-0.08951843,0.3080142,-0.2538265
0.045350093,0.17677355,-0.15621291,0.1265533,0.14094713,0.21319586,0.2737519,0.330911,0.2709932,0.10784811,-0.056592505,0.03815518,0.21007678,-0.108992316,0.23206896,0.1654008,0.24534601,-0.09300963
-0.09125603,0.2873088,0.096148156,0.106126234,0.18416387,0.21748655,0.30070388,0.3717561,0.11898462,0.15225719,-0.021892449,0.17341566,-0.057468243,0.16947517,0.2492725,-0.11615162,0.26130033,0.05949251
0.09599273,0.15663943,-0.06952591,0.055105723,0.17213874,0.215179,-0.0018239378,0.377644,0.37401602,0.1831777,-0.043496132,0.26162785,0.14165907,-0.18277286,0.09466516,-0.072670534,0.19885382,-0.1330273
0.14823146,0.32130525,-0.06961551,0.15160303,0.21900253,0.3643629,-0.046993718,0.1981208,0.27275088,0.08265721,-0.091541894,0.1473082,-0.028899893,-0.06864966,0.12812066,-0.013598315,0.17464775,-0.26088038
0.055273067,0.050924167,-0.103861995,0.06342235,0.10235494,0.3439412,0.125171,0.09758391,0.19568177,0.24011733,0.15582055,0.09748371,-0.2000122,0.08007619,0.2623674,0.30334413,0.22392718,-0.060040317
0.3839097,0.39219627,0.36351243,0.0015906971,0.28898147,0.35864455,0.17728588,0.42562816,0.25667125,0.11008094,-0.09451946,0.21765044,0.11553215,0.07718255,0.26577172,-0.043222416,0.23692986,0.06471386
-0.0653573,0.2553178,0.10314271,0.0034845544,0.25499853,0.20089628,0.09537642,0.28648618,-0.008478493,0.13778806,0.13364305,0.27301997,-0.17608231,0.039808188,0.14340124,-0.17717549,0.25957707,0.15420124
0.25511175,0.3654154,0.32119218,-0.12087168,0.28170162,0.3339716,0.17478244,0.32100853,0.286631,0.08757124,-0.124252446,0.10371087,-0.0036722675,0.3773991,0.21560147,-0.087262705,0.09415899,0.020817714
0.43193132,0.20039132,0.45385703,0.3418371,0.1873729,-0.0020409026,0.18116951,0.17523906,0.41415605,-0.02240757,-0.08487424,0.07587435,0.32331982,0.3067569,0.15040709,0.055835053,-0.029548109,0.09718747
0.35465276,0.27278206,0.3167926,0.15794341,0.18788597,0.052223567,0.17391941,0.15451264,0.35695937,-0.13958342,-0.070840426,-0.02557558,0.4131952,0.1403706,0.07688251,0.10955232,-0.061277665,0.03390877
0.22955352,0.37377042,0.19415809,-0.046942227,0.35143313,0.47283033,0.13264754,0.3232991,0.2563692,0.101201944,0.1133886,0.19879425,-0.08522974,0.20632143,0.30197403,-0.04945506,0.3404027,0.08810101
0.12527831,0.23362875,-0.020894034,0.015843462,0.22911988,0.3363605,0.29101488,0.42682225,0.16374089,0.25656334,0.02866763,0.22929366,-0.1861672,0.059417937,0.36176288,-0.0394781,0.4484453,0.0902199
0.059757423,0.3816699,0.060560692,0.2121415,0.28955826,0.3235551,0.24650063,0.38441277,0.2568541,0.1176138,-0.15376182,0.21854869,0.17552707,-0.081022725,0.2223859,0.041202243,0.3307992,-0.05148211
0.029469736,0.18255702,-0.0019125331,0.46014315,0.09341961,0.16625056,0.1629756,0.10656224,0.23916203,-0.027371947,-0.078535564,-0.021059569,0.29887992,0.056265227,0.016217884,0.18267089,0.0037970298,-0.117267326
0.04393572,-0.10589947,-0.26390758,-0.093154505,-0.14996181,0.107728414,-0.16793084,0.17142163,-0.081221,0.34185848,0.029228859,0.38046616,-0.17489617,-0.1789786,-0.006590492,-0.27357742,0.07838392,-0.14700635
0.083826296,0.44781518,0.07471915,0.030700382,0.36740997,0.37552914,0.17783636,0.46483907,0.3090002,0.20149462,-0.15663238,0.2883246,-0.076666355,0.10748067,0.23103164,0.06001858,0.3548494,-0.14478366
0.050767586,-0.06144428,0.13392039,0.04937235,0.04130841,0.062550426,0.33565655,0.0109418025,0.103719935,0.037197486,0.31360078,0.09403438,-0.13208608,0.17229354,0.32577527,0.20655477,0.38821995,0.46147308
0.06995249,0.39714402,0.13089222,-0.17325035,0.318287,0.3196048,0.22719459,0.51074666,0.26196367,0.1776264,-0.06173145,0.281145,-0.05627218,0.21983904,0.25436538,-0.09914082,0.30053753,0.0039518736
0.2866781,0.37715864,0.16365594,0.16257375,0.3823177,0.083316326,0.20367423,0.26053682,0.46733543,-0.018636366,-0.055468053,-0.047910977,0.44071808,-0.00939106,0.18596609,0.19889729,0.06319881,0.057582323
0.41695064,-0.24196367,-0.090422876,0.12794888,-0.19325855,0.033042286,0.2534558,-0.1401898,-0.15668514,-0.03746195,0.32226777,-0.1637423,0.026822962,-0.106436625,0.02005948,0.36193684,0.05236671,0.31218737
0.007231963,0.2966978,-0.0483353,0.12024932,0.16640957,0.24743252,0.28572866,0.3658575,0.16449577,0.027199151,-0.06698003,0.08793564,0.17799637,-0.084997125,0.17054756,0.17242058,0.29176548,-0.030697305
0.18738215,0.056861117,-0.15864031,0.016731795,-0.026740283,-0.076575495,0.037396815,0.25479597,0.21526761,0.19712682,0.021223329,0.2573949,-0.1363225,0.10766149,0.18786846,-0.03425711,0.22957225,-0.038309284
0.44235623,0.07011166,0.062287655,0.20696506,0.0239518,0.108741805,0.3308682,0.23132078,0.2702272,-0.07118842,-0.056186676,-0.049893577,0.43252996,-0.041307755,0.2900993,0.22022516,0.22985695,0.107427575
0.1398267,0.26692396,0.0008645313,-0.116622105,0.23811638,0.4761169,-0.15572244,0.090889,0.14489166,0.112522356,-0.015127546,0.20100813,-0.19411498,0.036018606,-0.09998151,-0.23110275,0.050327014,-0.22384685
0.03506386,0.2658084,0.0983758,0.19481912,0.21666709,0.3515421,0.35917065,0.3159267,0.008471306,0.029600956,0.052546106,0.07280611,0.30456945,-0.17667373,0.0723877,0.24831824,0.17499492,0.14162208
-0.019162873,0.2685545,-0.09967415,-0.047781136,0.185577,0.28299397,0.038194098,0.35005736,0.0938284,0.14527641,-0.042973932,0.2625268,-0.07819641,-0.21252936,0.08965787,-0.042910896,0.29858416,-0.16697818
0.3681623,0.2512162,0.2776443,0.24767806,0.18086268,0.21895777,0.029906876,0.25487423,0.3832609,0.019637821,-0.06745435,0.16255309,0.05767718,0.11300164,0.2118554,0.04458063,0.17942679,-0.08748545
0.06661087,0.40894538,0.10956874,-0.05568794,0.41044143,0.43053788,0.30914253,0.2991707,0.11072964,0.10278919,0.21071176,0.18458752,0.0050922763,0.12499789,0.23190705,0.023344323,0.3578802,0.34623268
0.09985231,0.32722992,0.06371716,-0.055265173,0.3093784,0.2933139,0.43177262,0.42027113,0.06537277,0.18439883,0.0021578148,0.17251766,-0.07483361,-0.023908373,0.36826447,0.07880872,0.50536865,0.20249325
0.21486329,0.30437058,0.46534404,0.17381158,0.23755547,0.15337841,0.37911227,0.2330648,0.36410385,-0.11559805,-0.026355382,-0.003205698,0.5381125,0.24858393,0.17383249,0.15437448,0.010626404,0.33348477
0.014553996,0.31416324,0.22059454,-0.08564459,0.2957541,0.4611036,0.26282802,0.36176583,0.029696824,0.114661224,0.19425276,0.19407074,-0.07449851,0.08913985,0.1672896,0.08085426,0.29808927,0.2869015
0.40754703,0.15825434,0.32994178,0.06783496,0.13653015,0.2235927,0.34596857,0.41347554,0.11639329,0.17245597,-0.116052784,0.1518509,-0.026705548,0.23056267,0.24054925,-0.10622937,0.2327587,0.09821739
0.33531207,-0.17276126,-0.20511208,-0.048956398,-0.18309861,0.034273855,0.20698681,0.11868252,0.0018304668,0.108816326,0.074430846,0.12113672,-0.22519886,-0.008312857,0.27588913,0.15392858,0.37062436,0.0010140914
-0.15845309,-0.1398135,-0.27678254,-0.024519835,-0.14495887,0.17822406,0.12706399,0.0849044,-0.07064317,0.17018646,0.10874166,0.20740698,-0.20807491,-0.1905463,0.06648922,0.11957526,0.24236989,-0.15656596
-0.056017935,0.5073849,0.20324597,-0.005391719,0.4003463,0.38942528,0.38192454,0.45235613,0.22417696,0.2213858,0.00087887235,0.27158862,-0.026702374,0.28413627,0.3665446,0.066924565,0.39304385,0.161869
0.30357403,0.13301514,0.22705124,0.19478443,0.19499744,0.3321052,0.45830882,0.1811699,-0.05798184,0.031877283,0.2346592,-0.028756259,0.17513986,0.07208247,0.105575204,0.19603348,0.17077836,0.41193262
-0.056192353,0.10888676,-0.16271885,0.34192756,-0.0017842241,-0.004341529,0.2949951,0.19140191,0.21041729,-0.022730015,-0.07616428,-0.097149886,0.42546448,-0.09287442,0.10108594,0.10282422,0.057024263,-0.012910754
0.3083139,0.2601089,0.15793094,0.19157232,0.18788995,0.29051393,0.36910284,0.29426846,0.22312194,-0.01499756,-0.08318763,0.061860073,0.3099606,-0.046452463,0.2363413,0.26987538,0.28377202,0.046584472
-0.16840507,-0.15617518,-0.3766953,-0.09754993,-0.21468234,0.122668065,-0.2490357,0.07464073,-0.07793431,0.19101034,-0.15656652,0.22126447,-0.23049814,-0.23730753,-0.00055042654,-0.42726484,0.12706609,-0.2800389
0.11343719,0.37413475,-0.03214798,0.11261486,0.2906115,0.20825583,0.25658286,0.3367317,0.25413072,0.039950687,-0.09808993,0.038251095,0.27183235,-0.052980404,0.18291399,0.12128175,0.23419012,-0.01812933
-0.08953444,0.20373118,-0.18499672,-0.0871664,0.12926915,0.3531065,0.053628862,0.47188753,0.13058086,0.18874119,-0.093902975,0.3431031,-0.025653126,-0.19058722,0.10803631,-0.20422103,0.3669717,-0.1001846
0.37338352,0.31091857,0.21669877,0.046939887,0.25048035,0.11833456,0.40225518,0.3244584,0.2717269,-0.055304818,-0.10251088,-0.123046346,0.45732626,0.06498966,0.21153437,0.20304705,0.14388877,0.20060141
-0.017458713,0.29504833,0.16243505,0.01982588,0.20627223,0.27964237,0.06374323,0.25884458,0.28914958,0.028354775,-0.016174652,0.17943205,-0.045531113,0.23164155,0.042251628,-0.0151540665,0.058561828,-0.08060072
0.18942656,0.30368808,0.22754234,0.22567464,0.19162819,0.2301513,0.22146878,0.23696738,0.12759241,-0.022377953,0.044536103,0.0769488,0.07922765,0.03039492,0.13922837,0.12897415,0.22051968,0.18288162
0.040674664,0.007689551,-0.20781331,-0.0943636,0.001018561,0.15588042,-0.0041330443,0.09320952,-0.043627203,0.24057123,-0.018848026,0.038015347,-0.329094,0.23210831,0.019160867,-0.35183734,0.0031915552,-0.13598226
-0.04536256,0.029803745,-0.1771524,-0.0073457267,0.0061090384,0.27237022,0.26510143,0.13205582,-0.1563685,0.065082885,0.1964833,0.037417497,-0.10563008,-0.13912714,0.2152136,0.25232437,0.32611427,0.12814994
0.010499675,0.23107882,-0.20692323,-0.034318283,0.23725456,0.2348013,0.01363044,0.18549863,0.07541844,0.28302035,-0.006241513,0.2690861,-0.21492839,-0.18566851,0.16960324,-0.14456975,0.26975727,-0.17184336
-0.1364934,0.06254208,-0.27968788,-0.16544029,-0.029798873,0.30756265,0.08386462,0.30726936,0.012588052,0.2687115,0.15900232,0.42220053,-0.21603964,-0.09142694,0.2562546,0.007966859,0.40881583,-0.041105725
0.32650122,0.22147837,-0.13367125,0.030274032,0.16333061,0.30845416,-0.035203505,0.31960264,0.09870967,0.2412638,-0.1475019,0.11648521,-0.049373098,-0.16438267,0.09192087,-0.1650577,0.14884615,-0.26208696
0.12411102,-0.28089285,0.027940352,0.4500377,-0.27208415,-0.09074324,0.24200912,-0.029523179,-0.02950044,-0.031876016,0.13084343,0.05975501,0.3172843,-0.019930221,0.06528415,0.075044446,-0.008151455,0.18526065
-0.068222396,0.26125672,-0.083910376,-0.10865564,0.19607987,0.23019245,-0.021537986,0.1811049,0.38341507,0.15427488,-0.015255978,0.23582941,-0.1102248,0.18965554,0.089374535,-0.12255512,0.06664569,-0.24895786
0.2573628,-0.11565796,0.11550447,0.20622168,-0.1242878,-0.11236164,0.29293206,0.060291365,0.09666316,-0.11564562,0.12631306,0.029444987,0.25675467,-0.077810585,0.20051938,0.33365217,0.19128896,0.28137907
0.21300994,0.09893933,-0.20681275,0.067048095,0.030587692,0.26503518,-0.053067993,0.25346068,0.2335314,0.19606896,-0.0014718925,0.22016056,-0.031018836,-0.17648385,0.10913627,-0.101893745,0.20767157,-0.23111302
0.046691086,0.38662523,0.25177163,0.027423158,0.32442617,0.30619362,0.47327855,0.39410073,0.052413017,0.084818736,0.06127589,0.03817856,0.016391834,0.082898885,0.3192252,0.2370863,0.31199244,0.2882172
0.09373448,-0.22441712,-0.07172869,-0.14691748,-0.19455405,-0.022068098,-0.14253365,-0.1478664,0.015715135,0.05638083,-0.094307825,0.012147005,-0.17666763,0.1519061,-0.04670098,-0.17428885,-0.17709135,-0.24824078
0.4269258,-0.1903544,0.00091458205,0.27439523,-0.21504253,-0.012494616,0.05727549,-0.0613478,0.024877954,0.1299084,0.032711536,0.07619305,-0.09835602,0.09698812,0.052841935,-0.08405474,-0.07612486,-0.138413
0.44956127,-0.10739956,-0.0822292,0.054631982,-0.07009454,0.14009927,0.024280494,-0.028291458,0.00489903,0.1746202,0.012177753,0.07970173,-0.15489876,0.14919496,0.100033656,-0.10465998,-0.0027117608,-0.17982057
0.053152725,0.19167554,-0.16828708,-0.10740914,0.19393109,0.22816597,0.14279431,0.46791372,0.08871625,0.2924575,-0.09971972,0.16154154,-0.07900973,-0.015599405,0.13843262,-0.22203915,0.16202156,-0.086687185
0.27835846,0.092450395,-0.087463126,0.2319397,0.05630652,0.02647516,0.25327381,0.06472542,-0.075679384,0.013498303,0.028206443,-0.053213947,-0.065372735,-0.09198282,0.11490734,0.15864173,0.26025158,0.086528614
0.13759242,0.337327,0.45752838,0.057193663,0.27788368,0.27230936,0.29707554,0.16548713,0.23137991,-0.19131956,0.018959533,-0.11282607,0.31413764,0.26499856,0.15289535,0.22995293,-0.018949334,0.23396403
0.08605353,0.43334883,0.053433657,-0.14276554,0.38415784,0.38504323,0.24993066,0.6116085,0.2496558,0.3044801,-0.059360217,0.36511877,0.08757677,0.028826097,0.20711431,-0.0069166454,0.2972916,-0.0392718
0.07696119,0.3947852,0.08737925,-0.06617588,0.3431549,0.423619,0.21735431,0.41941366,0.10123246,0.24451415,-0.12693264,0.21486622,-0.13426043,0.083007246,0.21821946,-0.16265102,0.30292583,0.00090360554
0.16192168,0.22713557,-0.0017957103,-0.078352466,0.24585417,0.1918373,0.004281261,0.13389443,0.10509407,0.123762935,-0.0584079,0.12440706,-0.10380136,0.23323308,-0.012581254,-0.2589054,-0.034965154,-0.16447945
0.3834494,0.35926396,-0.054831296,0.13312322,0.28474233,0.1516554,0.121263616,0.35027674,0.17946509,0.0619397,-0.055414535,0.09338797,0.16144592,-0.11722583,0.108764574,0.07703148,0.20458286,-0.10415616
0.21400023,0.22532715,0.034777172,0.17845637,0.15919325,0.084486894,0.3253668,0.2296328,0.13565771,-0.06877944,-0.07800522,-0.10798157,0.30022806,-0.126986,0.11581261,0.2206079,0.2033206,0.08859042
0.24796042,0.15329967,0.18216398,0.27494526,0.09483625,0.11400921,0.30277726,0.1911116,0.023325272,-0.06546646,0.14176854,0.08410766,0.015615917,0.015837139,0.14269885,0.27572605,0.27634752,0.22891986
0.20817815,-0.10572414,-0.08660055,0.3882071,-0.0880983,0.033425253,0.18650793,-0.014751555,0.11993365,-0.1239631,0.07041866,-0.15189324,0.38216496,-0.198314,0.018563062,0.2760318,0.009854641,0.043871578
-0.08868257,0.22938417,-0.106459975,-0.04703514,0.14747605,0.3254143,0.14204258,0.45280963,0.0665423,0.29018486,-0.123894736,0.15743373,-0.1597921,0.17621654,0.12170741,-0.30562997,0.1456482,-0.0931601
0.30571568,0.4438467,-0.0042063757,-0.048274778,0.48510867,0.36158878,-0.013880542,0.27383476,0.20625855,0.28043526,-0.13301252,0.1634977,-0.18152057,0.18548639,0.199265,-0.14915295,0.203417,-0.13924342
0.24178524,0.3946978,0.33319739,0.1642471,0.37399423,0.09130533,0.38811758,0.3247892,0.30357465,-0.0067836745,0.0123653365,0.07271805,0.23947272,0.14401077,0.2915397,0.13126612,0.2868879,0.3036562
0.42239627,0.32105523,0.07299312,-0.20332606,0.2751797,0.24910901,0.19651884,0.444031,0.26990977,0.15725674,-0.009496495,0.12780398,-0.018920988,0.05044178,0.3549632,0.09688261,0.34805185,0.03386338
-0.04941349,0.17861696,0.00021240214,-0.13550778,0.15433104,0.27229273,0.23369758,0.23704804,0.10420885,0.20928346,0.15761986,0.19053143,-0.11566923,0.26982975,0.12102857,-0.13147312,0.13614805,0.13603877
0.054975417,0.23032884,0.107402176,0.18650045,0.21472475,0.24274081,0.44546553,0.2421167,0.20829105,0.11904767,0.118385546,0.1516029,-0.08110998,0.311279,0.4460846,0.13432238,0.40590146,0.1715284
0.15623872,0.39775845,0.25412142,0.16070107,0.33963156,0.23313318,0.3311321,0.32219872,0.36215112,-0.022696929,-0.045730308,0.0483028,0.49054855,0.11647667,0.2691642,0.16208936,0.17348363,0.20594984
-0.009622486,-0.116620734,-0.34823695,0.08513601,-0.17454645,0.19798036,-0.13208234,-0.028464854,0.029058566,0.27101043,-0.03953272,0.25778246,-0.2184483,-0.120512895,0.049204342,-0.22346264,0.10107662,-0.25939962
-0.13751104,0.14302395,-0.2723868,-0.05078158,0.07661909,0.23783617,0.026264725,0.17132774,0.17924261,0.29478836,-0.041615013,0.3227483,-0.2208588,0.0057259374,0.19785841,-0.22469118,0.24298032,-0.19572335
0.11746547,0.37604085,0.18181106,0.19830342,0.33395693,0.20819819,0.3639368,0.3856892,0.18201149,0.079500206,-0.010007529,0.14477715,0.054655485,0.06868171,0.26606146,0.1716264,0.34998918,0.15818188
-0.021293737,0.3444576,-0.062707245,0.0775642,0.2901028,0.26872724,0.078977995,0.28059825,0.21601203,0.06853102,0.09865808,0.22830819,-0.1779278,-0.025832959,0.19779526,0.09702965,0.4064219,-0.007196416
-0.07290915,0.13274466,-0.22922078,-0.11051273,-0.00863016,0.36919093,-0.080164686,0.2644784,0.019188736,0.19135584,-0.18515632,0.16893756,-0.1899396,-0.09860158,-0.03323081,-0.3488824,0.118219584,-0.2695972
0.1235334,0.10991069,-0.17816167,-0.24339168,0.09833254,0.3964406,-0.07051158,0.25579447,0.05751587,0.26006022,0.01668686,0.22639737,-0.2359223,-0.042233925,0.034068607,-0.26757976,0.15254141,-0.20470858
0.19653733,0.15627135,-0.17347677,-0.024743289,0.23441948,0.2548901,-0.016369237,0.12861162,0.034380365,0.13416658,0.23139231,0.09671068,-0.22539887,-0.20455974,-0.018111669,0.25366223,0.115530185,-0.19426781
0.019013558,0.29880178,0.24531038,-0.03187545,0.28927472,0.42740646,0.21904054,0.20072511,0.01374242,0.02317906,0.22418347,0.1906237,-0.07542345,0.08388948,0.16204798,0.0493566,0.33995718,0.40461275
0.23833911,0.18946363,0.00082167576,-0.10761425,0.16603903,0.16775231,0.11525395,0.35154504,0.11702171,0.19821727,-0.05000772,0.10864233,-0.0712697,-0.056668486,-0.00046292832,0.07050975,0.0963199,-0.16484492
0.3785687,0.21398476,0.04946122,-0.22853662,0.19537911,0.24634059,0.08463809,0.3310008,0.26905528,0.15612294,0.017641187,0.04053853,-0.08395419,0.14551273,0.19646715,-0.014801561,0.13477439,-0.040937737
0.005405335,0.45323548,0.36389616,0.16753197,0.3875203,0.24580342,0.29174197,0.3510236,0.41233066,-0.020631125,-0.07107025,0.054755006,0.53294414,0.28171685,0.18550515,0.051106986,0.0009617079,0.22141646
0.06372288,0.012096686,-0.25578737,0.13881025,0.022323826,0.2792111,0.19279355,0.101328045,0.09123004,0.21526332,-0.017465506,0.21096444,-0.16634089,-0.110305965,0.16939218,-0.03257843,0.30302593,-0.23388939
-0.034670044,0.2733643,0.1681217,0.17668228,0.1942723,0.21525742,0.008232876,0.14821538,0.17137654,0.16484493,-0.07904241,0.22392136,-0.23734035,0.33048415,0.10213338,-0.24764065,0.02465316,-0.15194583
-0.080314435,-0.22936714,-0.13953885,-0.017296437,-0.12859502,-0.010583307,-0.064257115,-0.21767434,-0.079575755,-0.033197034,0.40145275,-0.011001935,-0.20664024,-0.06331585,-0.16309273,-0.057394117,-0.07421342,0.17856184
0.48164287,-0.15680853,-0.09358855,-0.07761495,-0.14103122,0.097282484,0.16860433,0.048685156,-0.09717148,-0.02308744,0.22947854,-0.10737743,-0.07719192,0.08451728,0.12972876,0.23497055,0.13207375,0.14356166
0.37762216,0.4900032,0.2494942,0.061449204,0.4413287,0.39206696,0.10096329,0.34744206,0.32231638,0.21397306,-0.02442029,0.27156204,-0.13184498,0.36182943,0.3267004,-0.072244674,0.23465389,-0.018688576
-0.004252545,0.1939031,0.07314374,-0.06323352,0.20692532,0.20759752,0.35963354,0.33029476,0.059288308,0.21016482,0.11923782,0.20437096,-0.1324921,0.20381843,0.30333814,-0.049892683,0.39822647,0.36376178
-0.08328399,0.05369017,-0.2350557,-0.04194495,-0.018544862,0.17605098,0.13448204,0.3354039,0.13736217,0.2766163,-0.053139642,0.37352297,-0.21582142,-0.08132174,0.267488,-0.18177758,0.41027406,-0.18529432
0.30798706,0.26772162,-0.09275881,0.054667298,0.23586869,0.24372676,0.09840142,0.3518228,0.17768379,0.23590983,-0.15607464,0.20462927,-0.03912133,-0.119316295,0.10108635,-0.1782289,0.2229062,-0.22373864
0.0014866474,0.36816612,-0.053558696,-0.0006703208,0.25482404,0.40202555,0.24963297,0.48473644,0.22204342,0.2133802,-0.043525737,0.3187852,-0.024600461,0.013651156,0.22618939,0.12787521,0.3962263,-0.08031827
-0.05570753,0.16676809,-0.14981869,0.02940287,0.07148264,0.30706733,-0.1281565,0.0048831794,-0.020400075,0.13730206,-0.16807602,0.081495404,-0.28296083,0.022851562,-0.16062725,-0.3107664,-0.06898725,-0.38207096
0.01400349,0.20585068,-0.08468613,0.18061727,0.118694365,0.20847763,0.24435359,0.19426456,0.20524313,0.046264336,-0.097438134,0.043788884,0.19696695,-0.052572206,0.12993337,0.07592486,0.19451044,-0.09208533
-0.049451035,0.1262883,-0.16074994,0.095452204,0.04390515,0.12306423,0.17712191,0.15969846,0.023968218,0.1873459,-0.11725001,0.06427941,-0.18743989,0.15162316,0.04875719,-0.048487667,0.113198124,-0.23366843
0.087516144,0.04790917,-0.20028715,-0.087433055,0.060456805,0.10411902,0.3727654,0.2554547,0.021469718,0.10514277,0.10024785,-0.010801295,-0.06546686,-0.041257825,0.36193922,0.24828996,0.37144572,0.08559629
0.1256524,0.23656078,-0.10195487,-0.0046170605,0.22168328,0.2936137,0.27102584,0.25181535,-0.01975815,0.08184715,0.05565712,0.0011713449,0.044169076,-0.036076337,0.08404887,0.22275701,0.16610524,-0.021903848
0.045172315,0.117123,-0.06421062,0.15697797,0.1298652,0.23663126,0.27272686,0.13663778,-0.0016248041,0.047106918,0.10632995,0.050260786,-0.06896171,0.009338452,0.13724506,0.024819516,0.30404207,0.0882268
0.22821237,-0.19274114,-0.2120802,0.061052617,-0.23018552,-0.054154597,0.077503525,-0.09149028,0.16746765,-0.09027815,0.098299645,-0.1554526,0.24971682,-0.1457442,0.034815002,0.23569135,-0.086480126,-0.047068395
-0.13738242,-0.27067822,-0.2815072,-0.06465086,-0.2096451,0.03733842,-0.22511728,0.042806897,0.12775196,0.18192452,0.19499302,0.26555476,-0.33305684,-0.2919077,-0.005208028,-0.14627996,0.113210924,-0.2610008
-0.065273575,-0.031736016,-0.23006415,-0.086013466,0.0728169,0.0502799,0.036869954,-0.013782572,0.1742538,0.030960243,0.3016721,0.08718131,-0.22227791,-0.15463309,0.30786428,0.21282026,0.39337063,0.110446155
0.3946564,0.14502849,0.17461291,0.18341957,0.03315912,-0.08742656,0.16091946,0.08782905,0.2625887,-0.13439149,-0.03212033,-0.09496587,0.4524207,0.132731,0.009519765,0.089893006,-0.10712084,0.1426985
0.18282843,0.2931466,0.41787726,0.13787332,0.23240364,0.26485124,0.37351412,0.3239669,0.28320214,0.067094184,-0.12021877,0.047952995,-0.01519271,0.31137434,0.31530795,-0.018403456,0.17203705,0.058047485
0.25649917,0.2351304,0.38764554,0.30126506,0.22934294,0.13120045,0.42742878,0.06150967,0.011327486,-0.21271159,0.14031664,-0.2334529,0.5208738,-0.009739525,0.109221414,0.43735304,0.024089,0.45878536
-0.23964006,-0.28819993,-0.41512057,0.10783027,-0.36207303,0.044013653,-0.27801332,-0.1514424,-0.07683718,0.087141335,0.10945943,0.23437616,-0.32346368,-0.21221681,-0.14863649,-0.23595382,0.051146697,-0.28233993
0.009185625,0.1996385,0.14410809,0.104852,0.21734966,0.2657663,0.17383432,0.052935615,-0.02576923,-0.0063968627,0.31519306,0.096048124,-0.15503831,-0.020633152,0.033690747,0.19572365,0.24273194,0.3463852
-0.12641494,-0.39254895,-0.26031324,-0.04371796,-0.4417572,-0.2009024,-0.29038385,-0.28215888,-0.23489529,0.020352043,-0.1635638,0.019550383,-0.22830984,-0.21862102,-0.21503602,-0.30558887,-0.23086737,-0.26416877
0.23065008,0.31833336,0.14722057,-0.09673578,0.38730145,0.22400339,0.15764059,0.27110097,0.02880806,0.19655043,0.15833168,0.13810377,-0.1943266,0.16469228,0.1026807,-0.113186315,0.18570405,0.25525597
0.060798295,0.09196998,-0.21956733,0.20642988,0.01921156,0.11880979,0.16064627,0.11382024,0.09411212,-0.016514532,-0.079068825,-0.055496477,0.2034169,-0.12718137,-0.017186843,0.0829253,0.09568019,-0.13572782
0.41141987,0.48824444,0.17561574,-0.11208395,0.4414029,0.46176705,0.13270353,0.4786194,0.2958065,0.23568782,-0.11207587,0.33762562,-0.04676382,0.05807692,0.30945665,-0.08970877,0.37939218,-0.086180516
0.035056032,0.03759612,-0.05811422,-0.0501109,-0.016412694,0.130499,0.014260607,0.16423415,0.1570555,0.20517065,0.07046917,0.09897766,-0.16230215,0.14118716,-0.053201992,0.151473,-0.12844098,-0.24995106
0.4169083,0.24626297,0.282315,0.05252182,0.16908103,0.1366348,0.29223135,0.17800115,0.04307123,-0.1272424,0.06250627,-0.14180022,0.19282085,0.012769673,0.09630175,0.30535007,0.08180626,0.22839053
0.20998749,0.17893694,-0.021445956,0.3581865,0.16197291,0.11056188,0.33403134,0.34108454,0.24217023,0.058147468,-0.16198246,0.045465045,0.38856927,-0.026063161,0.12234709,-0.010233015,0.13826019,-0.072240695
-0.04076409,0.284013,0.0046435194,0.24132608,0.24867865,0.18419579,0.048173454,0.25823894,0.099927016,0.15250397,-0.118731,0.2336826,-0.057116482,-0.089621,0.011608764,-0.18812577,0.12395842,-0.24621874
0.14604446,0.29169473,-0.044183694,0.14583921,0.17321178,0.24703048,0.20833415,0.37016112,0.19185519,0.08283406,-0.12599546,0.16638993,0.21424098,-0.17520398,0.20567481,0.102550805,0.31636152,-0.07979558
0.06062145,0.18276557,0.20569265,0.31808716,0.07370808,0.12557584,0.24160032,0.15541823,0.15292586,-0.057121813,0.03188669,0.0011794713,0.05969296,0.20519821,0.044799734,0.18441181,0.03710257,0.10927562
0.13650706,-0.2635382,-0.34251088,-0.20314313,-0.22204831,0.088858865,-0.13390923,-0.1953212,-0.079437464,0.11571765,-0.083642505,0.014952653,-0.11489153,-0.13438852,-0.056638114,-0.22958659,-0.045230485,-0.23178615
-0.22670887,-0.28757355,-0.17826176,0.13731752,-0.4013217,-0.088925906,-0.37577066,-0.12964599,-0.13635601,0.12908389,-0.18702458,0.22546442,-0.18626884,-0.25482976,-0.31897402,-0.39078352,-0.22805387,-0.35117447
-0.036691487,0.16127181,-0.16215062,0.09256287,0.039144706,0.25803965,0.19035763,0.2153552,0.05369772,0.23111232,0.022735283,0.27757293,-0.19525163,-0.08441072,0.1941553,0.16254072,0.330924,-0.15566881
0.17901082,0.0046791015,0.3897433,0.42257538,-0.06178807,-0.11034942,0.3480326,0.11986898,0.30344144,-0.13799125,-0.028068108,0.08040992,0.4920947,0.0510786,0.23516807,0.215447,0.12078983,0.29311916
0.016204942,-0.45120367,-0.14832619,-0.021297162,-0.3745715,-0.19167517,-0.12965682,-0.37196362,-0.32531977,0.030877674,-0.027809909,-0.12358578,-0.23467907,-0.098144315,-0.20477997,-0.20956185,-0.3272366,-0.21305409
-0.09598888,0.00762262,-0.31500852,0.12384431,-0.033416905,0.25442055,-0.1146849,0.17948309,0.110797,0.17663944,-0.02956656,0.34876972,-0.16346313,-0.31155497,0.04877953,-0.2535998,0.32294363,-0.29642728
0.3626435,0.2465795,0.021482537,0.19965112,0.15112574,0.070597954,0.18680413,0.16874233,0.24396035,-0.05667161,-0.11875149,-0.089937255,0.3241877,-0.0028505053,0.033847682,0.11179847,0.026775952,-0.05141882
0.09529444,-0.3507206,-0.23540089,-0.03180023,-0.35024932,-0.11363675,-0.19818413,-0.28260842,-0.080237694,0.06687807,-0.004048013,-0.0028715567,-0.2529726,0.015719432,-0.04541855,-0.141185,-0.17163734,-0.30462232
0.07640308,-0.28349632,-0.18715173,-0.054023616,-0.24653228,-0.11273537,-0.034631543,-0.41017368,-0.25031537,0.025709309,0.05667784,-0.12095272,-0.15083657,-0.06403036,-0.010180618,-0.13063216,-0.13900402,-0.03863618
-0.1207325,-0.15009935,-0.20860207,-0.103657104,-0.16605881,0.10324143,-0.16817582,0.033453602,-0.17393225,0.13860965,-0.2315391,0.042189155,-0.17522667,-0.35908753,-0.086682804,-0.2933558,-0.011578227,-0.26398826
0.5118173,-0.21421489,-0.19477066,0.049057588,-0.22338536,0.07088045,-0.117004044,0.00462511,-0.0485303,0.22130182,-0.030224133,0.24272852,-0.11598682,-0.24197017,0.073091455,-0.14768787,0.11809429,-0.18211612
0.038278416,0.26490006,-0.25074553,-0.010545815,0.20067774,0.38221675,0.064160414,0.38643858,0.16721831,0.26965663,-0.048763946,0.2052681,-0.09596979,0.06033591,0.2731672,-0.19429538,0.2758774,-0.14113042
0.044849213,0.33990484,0.21966234,0.006842111,0.31913546,0.23396897,0.40851858,0.41105926,0.12403347,0.037935067,0.06282307,0.039715007,0.5195669,0.24503677,0.23103182,0.118488595,0.1078312,0.40631014
0.07910513,0.27464023,-0.06693531,0.14865652,0.28699645,0.23328392,0.33462209,0.374354,0.060812246,0.13811688,-0.02935554,0.018836068,0.04763177,-0.12929776,0.21966147,0.3270444,0.2869207,-0.013179172
-0.0010577714,0.17514198,-0.10872405,0.03176161,0.16096011,0.22245425,0.1412955,0.29182848,0.29692727,0.17506996,0.0029623213,0.2508294,-0.00014658982,0.07208716,0.30612394,0.010435328,0.33792368,-0.07445341
0.07041396,-0.32923958,-0.12262116,0.06809574,-0.23797263,-0.02839584,0.022781406,-0.055920545,0.042702906,-0.06014422,0.3728744,0.044372592,0.17221698,-0.27201912,-0.06645924,0.25166348,-0.022877758,0.17530626
0.09753896,0.3440937,0.21330883,0.07370089,0.26892775,0.23103823,0.23851444,0.11511376,0.12875634,-0.1503281,0.13032441,-0.19517876,0.46966544,0.057756845,0.09576748,0.30841732,-0.10392653,0.19851094
-0.15589797,0.3514229,-0.07376244,0.03299244,0.2322955,0.28953153,-0.020421714,0.35576323,0.18342324,0.15856308,-0.15839593,0.2580298,-0.19417533,0.12924628,0.1537705,-0.26586404,0.24698313,-0.17353745
0.13715947,0.47402042,0.20935428,-0.20606624,0.45344642,0.29042426,0.23350476,0.35928196,0.1903267,0.102830514,0.21289547,0.21854934,0.10309153,0.12590118,0.23505737,0.18419698,0.30236647,0.40657404
-0.055583265,0.2820067,-0.14991301,0.056511037,0.16046889,0.41936025,0.18818104,0.35634616,0.3489278,0.19111377,-0.032396935,0.24568808,-0.0046418435,0.032667767,0.32713228,-0.02478522,0.3542561,-0.18124497
0.23077121,0.053684436,-0.05139965,0.21070553,-0.029526055,0.110109635,0.2849689,0.26342955,0.11027492,0.037711818,-0.023013975,0.09078265,0.17365125,-0.07520116,0.24828058,0.12820353,0.28431478,0.06174068
0.05989414,0.21614419,0.03805157,-0.015136054,0.21943441,0.20695016,0.21495837,0.30254135,0.22530468,0.23367831,0.025742281,0.2332804,-0.2842829,0.12295605,0.37613958,-0.044306964,0.3746127,-0.053866677
-0.0153056085,0.26376775,0.03527115,0.016780281,0.29185528,0.3258548,0.33194107,0.45856756,0.0850156,0.23720199,0.058887247,0.22686476,-0.1877874,0.16480424,0.3697441,-0.10453591,0.44931749,0.15506631
0.51409316,0.12454744,0.24986537,0.17904525,0.080807365,0.04438559,0.20964907,0.13463788,0.3284359,-0.11435778,-0.03801665,-0.1549132,0.39793417,-0.019353362,0.08767761,0.27197054,-0.06630134,0.013039992
0.21265414,0.24721083,0.1729306,0.049458686,0.24358663,0.23031169,0.0972279,0.26311302,0.12602915,0.1641409,-0.07131393,0.16053888,-0.1467298,0.0009845499,0.21258032,-0.10871405,0.21137281,-0.049279902
-0.09723942,0.03432764,-0.21134673,0.2383021,0.0068176044,0.046914306,-0.2022216,-0.0033213648,0.16561663,0.24284045,0.11323785,0.34088126,-0.20359866,-0.16822267,0.100910716,-0.12001084,0.117693976,-0.25674877
0.20504986,0.07877462,-0.14480825,-0.07818537,0.19973624,0.22182502,-0.017674435,0.053656314,-0.042849753,0.24263027,-0.062214453,0.06498328,-0.18620297,-0.07370866,0.035886496,-0.21682036,0.09400109,-0.13672933
0.14662056,0.13147621,-0.20398813,-0.027572954,0.12604907,0.30003235,0.015039526,0.25979498,0.123589285,0.28502336,-0.07930379,0.2896132,-0.1375911,-0.1452857,0.032326475,-0.18617809,0.20520487,-0.27918017
0.14255182,-0.016194941,-0.27564368,0.14625584,-0.035264216,0.016458096,0.037939925,0.14392747,0.2729282,0.094229706,-0.07862587,0.083368935,0.18761398,-0.1493996,0.05571979,-0.0477087,0.089309365,-0.22749265
0.40423384,0.40592727,0.058329023,0.094149716,0.34865555,0.33741748,0.038998958,0.3239856,0.1712258,0.21139479,0.11576232,0.30033764,-0.12860714,0.08016489,0.16753998,-0.057511207,0.24877186,-0.048224453
0.08888024,-0.21453387,-0.35194775,-0.120615855,-0.27323863,-0.009777568,-0.056106962,0.09530025,-0.07616175,0.15935805,0.15180926,0.26363644,-0.18852596,-0.14729333,0.09513183,0.016823452,0.18399537,-0.073571876
0.09951477,0.47637254,0.2691522,0.18358445,0.39543656,0.38752812,0.08938072,0.38688526,0.29564863,0.24807598,-0.08861032,0.34157562,-0.0640285,0.24163245,0.30602247,-0.054830015,0.23347436,-0.08839157
0.032610115,0.13721769,-0.19072013,-0.11546959,0.087284744,0.23053479,0.30048776,0.37022966,0.23250827,0.19407566,-0.0035461122,0.1442756,-0.09654706,0.10245997,0.3150666,0.070238195,0.3967729,-0.0062607434
0.050549567,0.37584966,-0.09340279,-0.20206787,0.32700613,0.24460804,0.11206993,0.34647998,0.28543264,0.08469815,0.10293481,0.3099784,0.05442767,-0.08695664,0.22755346,0.11516022,0.40829158,0.04616291
0.3943189,-0.11404652,-0.073618226,0.0111957695,-0.1535835,0.0842698,-0.061270215,-0.067543104,0.19608785,-0.10182593,0.113674074,-0.098661266,0.11375639,-0.1463293,0.03984109,0.3050958,-0.019109817,-0.077598415
-0.07283197,0.10517894,0.01475632,-0.07206287,0.09741879,0.28442654,0.18808798,0.22944574,0.079948895,0.17188446,0.34184575,0.21587737,-0.13074747,0.2831646,0.111913815,-0.06955097,0.1781919,0.33675367
0.23427226,0.31005472,0.17087714,-0.037101258,0.3117734,0.31153098,-0.09961281,0.32042643,0.19804367,0.14596146,-0.09741242,0.24593748,-0.024394175,-0.041886326,0.12995054,-0.17410596,0.17740375,-0.06496822
0.16374561,-0.269738,-0.19372284,-0.21611713,-0.30721048,-0.05395776,-0.29677382,-0.21468672,-0.121634305,0.10999086,0.06097179,0.09764855,-0.30048835,0.08546421,-0.28081587,-0.2145289,-0.27274874,-0.24263908
0.19031982,0.29675695,0.4715371,0.0824854,0.2704164,0.3335406,0.37734494,0.326359,0.3525432,0.025583915,-0.0665733,0.06674052,0.273149,0.37636364,0.23967232,0.012644337,0.10856749,0.18959028
0.10626475,0.39997655,0.046218764,-0.13817923,0.38667688,0.23653054,0.18102252,0.45682934,0.14691205,0.15534957,0.049150698,0.22729379,-0.06644507,-0.011883132,0.23213118,-0.04474078,0.33823416,0.081218265
0.2475561,0.19348024,-0.15042093,-0.058220442,0.16157193,0.29937607,0.30789635,0.28596947,0.07083512,0.17109405,0.08747014,0.069460124,-0.045424785,0.027375996,0.23305947,0.21630387,0.29528078,-0.05789921
0.32384977,0.1568925,0.10369786,0.049072772,0.1482176,0.121528044,0.17514277,0.11044514,0.10856851,-0.04174088,0.18535072,-0.054559264,-0.066197194,0.21442492,0.068694636,0.074280076,0.08496789,0.13177799
0.095956214,0.06800051,-0.18102224,0.043621343,0.008459512,0.19233339,0.3783624,0.34144795,0.11119676,0.12134399,-0.033408046,0.10183912,0.1666254,-0.093441166,0.24427009,0.14611447,0.33388877,0.028759861
0.01702042,0.22296786,-0.17590508,0.06602015,0.21187584,0.34772116,0.26017445,0.37869146,0.24096721,0.21622808,-0.077183716,0.16313644,-0.07376946,-0.08960206,0.41454232,0.089222066,0.4769365,-0.13022985
-0.06978001,0.08230256,-0.20645428,-0.10743454,-0.0051012887,0.28088233,-0.15934432,0.34053716,0.10563734,0.17982946,-0.07459034,0.3780757,-0.109138474,-0.1549341,-0.072693616,-0.26053596,0.17020243,-0.2032338
0.014774242,0.4430589,0.026545733,-0.04037231,0.4121948,0.34597686,0.29989168,0.5616382,0.109863095,0.22082174,-0.01371188,0.28253707,-0.039890774,-0.03833099,0.23219253,0.04356991,0.46205872,0.17826837
-0.0019711896,0.075871564,-0.25530714,0.018552491,0.026073689,0.17907532,0.030997412,0.123419836,0.026176823,0.09730155,0.2543798,0.21023037,-0.33683652,-0.19387917,0.10040543,0.14931926,0.3507202,-0.06347121
0.43412307,0.09666809,0.11390413,0.21942481,0.1097473,0.18094245,0.15470977,0.062065523,0.3595341,-0.0072605456,0.0109137725,0.047283437,0.1415448,-0.018228421,0.15681903,0.2270207,0.12994349,-0.11287437
0.016689155,0.33916524,0.041214395,0.32208803,0.238598,0.26022595,0.32740462,0.15542825,0.15227933,-0.086439304,-0.0007903199,-0.051878553,0.39985767,-0.054824058,0.11748848,0.2943914,0.112874195,0.045009598
-0.008219796,0.37462118,0.13605191,-0.06360077,0.3450513,0.24108547,0.283475,0.5200816,0.07863434,0.17831068,-0.06151224,0.11171119,-0.022321792,0.025057372,0.13102159,0.13935497,0.20141692,0.07034025
-0.015268598,0.39437035,-0.012164503,0.17028634,0.28323925,0.22961326,0.29887646,0.41989952,0.23761205,0.14276351,-0.07969851,0.1657298,0.05325151,-0.027238932,0.3141123,0.17555368,0.33901924,-0.082475774
-0.012098507,-0.04240454,-0.2913385,-0.13611613,-0.032532837,0.11632492,0.24786708,0.19915351,0.05477316,0.14513454,0.073386185,0.095249906,-0.21083744,-0.0697085,0.37535197,0.070808,0.44466656,-0.03485071
-0.14119734,-0.028502272,-0.2477106,0.013844234,-0.147712,0.14988226,-0.238681,0.19965014,0.069309026,0.22636922,-0.11122815,0.31103405,-0.19544326,-0.12222858,-0.10683169,-0.3373797,-0.00048452645,-0.31332615
0.1354843,0.3321159,0.109332964,0.0489022,0.28899512,0.26021436,0.4215169,0.33320817,0.2502087,-0.005822397,0.039483357,0.046652053,0.32642052,0.04621194,0.39714783,0.30232328,0.4104749,0.33185214
0.31321183,-0.009312628,0.36814287,0.2721936,0.025443383,0.16917157,0.47416458,0.0055314335,0.08022569,-0.13950859,0.25438195,-0.109413445,0.1648247,0.21609707,0.24732205,0.341494,0.19035222,0.41475105
0.12910984,0.32951036,-0.10104975,-0.09115767,0.29948968,0.2691326,0.05040247,0.2851199,0.27855396,0.16025275,0.04954168,0.31184953,-0.17737657,0.072735935,0.23915051,-0.0113436775,0.38610843,-0.10498544
0.10652524,0.3367845,0.2194465,0.046434067,0.23528288,0.29524815,0.15950702,0.30090073,0.20031118,0.008844187,0.05837723,0.17252138,0.010900977,0.10430884,0.218953,0.061309822,0.2502105,0.1581745
0.025400316,-0.064812005,-0.06921938,0.13097155,-0.081904806,0.16597801,0.05640606,0.030843785,0.24365328,0.18073964,-0.052973777,0.27354038,-0.22138777,0.115045905,0.10138535,-0.08126801,0.19382428,-0.24726549
-0.066844605,-0.22413774,-0.20068544,0.06972901,-0.23985995,0.11256148,0.19270238,0.02465642,-0.09251219,0.1688579,0.050969332,0.1836276,-0.19212018,-0.14763741,0.10614379,0.16005059,0.21290894,-0.13915622
0.17216823,0.20197967,-0.11180477,0.08623724,0.13335136,0.16028704,0.17672038,0.1949918,0.16389698,0.0075900555,-0.09618515,-0.055788107,0.23784019,-0.093488015,0.054332133,0.038013272,0.09828317,-0.12985393
0.3195171,-0.15769297,-0.044517286,0.22661345,-0.2105592,-0.12239377,0.21759586,-0.016589243,0.11939203,-0.10630439,0.015006255,-0.16095778,0.3714045,-0.055169452,0.021853471,0.16998571,-0.10274184,0.06391991
0.27961704,0.4667913,0.42943153,0.12560223,0.368209,0.17344603,0.3031629,0.2740935,0.3664824,-0.13444752,0.021741055,-0.03876994,0.4954059,0.061182186,0.21706939,0.36905742,0.05321426,0.26900896
-0.073226936,-0.20871727,-0.17728314,-0.13815433,-0.20631231,0.036429364,-0.089177266,-0.06886938,0.014782669,0.18134215,-0.05605751,0.16681653,-0.11342822,0.03576783,0.010384089,-0.2780363,-0.09002755,-0.17875493
0.13230553,0.15104967,-0.12668931,-0.0499347,0.23210853,0.26897064,0.3036717,0.12318057,-0.052593365,0.094079904,0.20262794,-0.045787178,-0.059609067,-0.06354952,0.14709342,0.3841062,0.21981367,0.06430148
0.12010417,0.13539775,-0.08873093,0.08255282,0.06071482,0.09231806,0.1263545,0.22482634,0.25376484,0.19243035,0.1262834,0.33461553,-0.14947282,0.15557745,0.1814918,0.0464326,0.25718597,-0.050941113
0.39955205,0.24784198,0.044987395,0.050544392,0.2962714,0.20745067,0.22677411,0.35051084,0.24323395,0.113717996,0.01590085,0.1038261,0.0066441884,-0.051369242,0.38644806,0.21288204,0.41396177,0.06769541
0.21793036,0.029742805,-0.18492493,0.09375233,0.09607462,0.07252861,0.20300806,0.18514027,-0.040079005,0.13135713,0.22683877,-0.008014456,-0.19444886,0.04373908,0.1919591,0.0013887351,0.2349154,0.093395405
0.4836089,0.24748816,0.35763386,0.12326379,0.2119354,0.32440567,0.107947886,0.23512296,0.14257696,0.16080362,-0.09733344,0.18941642,-0.07204678,0.15646146,0.16630527,-0.093889356,0.119953364,-0.042978164
0.0683674,0.10611974,-0.1024911,0.1840855,0.009788853,0.14255558,0.26067254,0.14140409,0.16410953,-0.039597437,0.037390806,-0.07046641,0.23018767,0.06689357,0.1375945,0.24857178,0.105916776,0.030724479
0.18953058,0.29511335,0.02736848,-0.01272704,0.1868849,0.41383788,-0.016175477,0.23400143,0.11206081,0.21544085,-0.15444559,0.25940117,-0.20334034,0.03737932,0.026774023,-0.25618634,0.15557992,-0.27182654
-0.09768011,-0.3063271,-0.23224756,0.04982083,-0.3582629,-0.25064558,-0.2625795,-0.22072397,-0.17768635,0.14820847,-0.09072492,0.1809436,-0.19846155,-0.2550477,-0.13661845,-0.28359377,-0.14934678,-0.21874565
-0.05397743,0.20159297,-0.23134957,-0.05062423,0.1835336,0.2842598,-0.06255319,0.21460387,-0.006179301,0.2235651,-0.14681879,0.09728053,-0.13470094,-0.2028482,0.06268063,-0.25437224,0.14263807,-0.2314542
-0.07841528,-0.013273339,-0.2551695,-0.025067672,-0.054655,0.19753516,0.18848462,0.379902,0.16075177,0.2920541,-0.09820098,0.15543135,-0.08238143,0.10802828,0.15092358,-0.20591818,0.16327143,-0.16930959
0.40899846,0.28783953,0.21863608,0.23251466,0.19005808,0.075133085,0.36449248,0.21412764,0.2474441,-0.13203831,-0.07153533,-0.17634697,0.466236,0.14705019,0.12945567,0.25885144,0.010856866,0.17458767
0.10692367,0.2843758,-0.17534555,-0.04317908,0.23320954,0.32761392,-0.07552898,0.20019835,0.12628429,0.18059236,-0.089051805,0.116373725,-0.10676471,0.070729166,0.099070095,-0.20968255,0.100091934,-0.21667504
0.049369648,0.43255278,0.16745934,0.07016068,0.2508427,0.4403879,0.1585278,0.33525208,0.25320598,0.09250125,-0.06574643,0.20857131,-0.03030485,0.05114226,0.26650974,0.043707345,0.30757695,-0.094435595
-0.056439575,0.19255745,0.27250618,0.1211744,0.11991631,0.082844585,0.08805564,0.13849762,0.17526545,0.044500165,-0.13737729,0.10446427,-0.11464646,0.41629454,-0.030588463,-0.21986078,-0.0967544,-0.14359495
0.20682983,0.3034507,0.046091385,0.19032781,0.2499479,0.09803643,0.25460905,0.18796404,0.21032995,-0.041367054,-0.13924499,-0.053468555,0.28353754,-0.077494234,0.12432071,0.16029103,0.16502194,-0.007548664
-0.09289644,-0.12641062,-0.2099179,-0.1634437,-0.117492884,0.20527367,-0.14363584,-0.04666028,-0.06456802,0.12334157,-0.080283985,0.110727474,-0.129269,-0.06430071,-0.12257656,-0.3186507,-0.093262665,-0.28791565
0.39378378,0.2637065,0.3526569,0.14452267,0.22488272,0.13166611,0.24127226,0.28276235,0.271807,-0.060655266,0.07401586,0.15111777,0.1553782,0.15449451,0.24446592,0.07879059,0.24268097,0.17441498
0.19218965,0.0628521,-0.08757148,0.11060961,0.053042296,0.08885275,0.24981129,0.24412881,0.018179918,0.08661255,0.11690311,0.009685016,0.013870204,-0.043486968,0.13819498,0.19371867,0.14818661,0.08394593
0.35553402,-0.055358194,0.13206924,0.2750891,-0.057246357,-0.00042762398,0.20962755,0.15574886,0.3953045,-0.024206396,0.057347655,0.15979327,0.1812986,-0.025763093,0.30096912,0.25788513,0.26613125,0.08003771
0.21158226,0.28982848,0.34714174,0.12399714,0.3362407,0.24585566,0.33361542,0.1794187,0.12210365,-0.009371567,0.18205798,0.14065969,0.08701502,0.13638182,0.3091306,0.16191009,0.40193218,0.49553102
0.077439845,0.39173675,0.042819604,0.13768259,0.2551571,0.31814125,0.14040752,0.28479674,0.22907457,0.1413322,-0.075291306,0.2769017,0.007971369,0.006721097,0.26355124,0.03160395,0.33751616,-0.08500256
0.15225548,-0.3930751,-0.025172327,0.3374474,-0.42188412,-0.100993164,0.002665396,-0.15512553,0.026227076,0.08703727,-0.011558607,0.08891254,-0.1768823,0.11844151,-0.032329068,-0.08875632,-0.09712016,-0.20605823
0.12615559,0.34102654,0.19300683,-0.017866956,0.2744776,0.3396303,0.16250075,0.18545584,0.15540715,0.026070252,0.0667482,0.060967274,-0.14719626,0.4550522,0.23613688,-0.07729394,0.16214165,0.09859964
-0.07156141,0.33620733,-0.030319767,-0.23725751,0.3205382,0.28859067,0.23892322,0.3060609,0.10625402,0.12452476,0.22668722,0.16550425,0.031428065,0.041323867,0.23080191,0.2598503,0.28140545,0.13058999
-0.045341454,-0.35393247,-0.250047,-0.0030335311,-0.30557382,0.05107571,0.086640835,-0.15435857,-0.24113461,0.029513247,0.21667485,-0.002298159,-0.18544161,-0.20353685,-0.02680247,0.24989615,0.07059303,-0.029755635
0.12888914,0.23109592,-0.1638231,-0.22487998,0.221783,0.21532254,0.032537177,0.45315185,0.15987815,0.22986695,0.027665662,0.21345323,-0.18108124,0.1431221,0.10167267,-0.2691867,0.26823765,0.0819489
-0.13513449,0.33924457,-0.12916681,-0.06111428,0.27065685,0.39165753,0.1103977,0.3692363,0.28695926,0.1802276,0.0054118745,0.2127759,-0.11300436,-0.0996706,0.31136918,0.02504089,0.35809276,-0.17650951
0.09063081,0.25657457,-0.1326255,0.16996475,0.20505594,0.20360631,0.22660166,0.18127097,0.27755725,0.047760144,-0.008860348,0.07427205,0.23109043,-0.018236121,0.11707062,0.09761224,0.19749114,-0.06455462
0.11076208,0.22668739,0.020618891,0.33272082,0.12721807,0.030280922,0.20687367,0.24317202,0.25201738,-0.031807043,-0.13233934,0.017747767,0.4216829,-0.045218535,0.053119995,0.06253528,0.057415873,-0.033678286
-0.089430995,0.19451503,-0.003450293,-0.16096206,0.041134037,0.4419022,0.028902344,0.17954957,0.104551435,0.13675018,0.079412915,0.25496307,-0.27566794,0.27231818,0.13842574,-0.1580969,0.14682499,-0.15330628
0.46979415,0.16914727,0.24764553,0.33663642,0.17087935,0.17187677,0.19407536,0.14782864,0.44541514,-0.051894613,0.0041253427,0.029366467,0.49660572,-0.059221115,0.15693907,0.19278312,0.05448945,0.090096
0.10184388,0.41804916,0.1699127,0.06752185,0.32078397,0.44444674,0.07015804,0.42477652,0.23993696,0.23203173,-0.17545128,0.31380278,-0.18853052,0.08372772,0.23645799,-0.15294985,0.32725194,-0.15589252
-0.03632383,0.028375668,-0.1591223,-0.001674922,-0.045219947,0.098611236,0.18669465,0.27377176,0.21091145,0.23129794,0.012824117,0.22060744,-0.18670931,0.32764173,0.23781838,-0.10110103,0.19917314,-0.06356283
0.25746587,0.1072522,0.22613356,0.10896091,0.25983822,0.09340031,0.17507093,-0.020652816,0.057262428,-0.020143822,0.37688226,0.027221825,-0.124358796,0.092220105,0.08826424,0.2539491,0.1989746,0.4213814
0.32144502,0.28733364,-0.10972159,0.0002512866,0.35794368,0.32428578,-0.0008690186,0.15234466,0.11403855,0.23001003,-0.004913741,0.20495783,-0.16853301,-0.022121733,0.17451613,-0.1419866,0.21171366,-0.18693535
0.49875984,0.37289563,0.5411632,0.14562495,0.35445938,0.28177142,0.13163103,0.23740359,0.4340915,0.015406791,-0.01181929,0.09452018,0.34753212,0.3323388,0.17569174,0.107840896,-0.039071385,0.14559378
0.20502885,0.03385865,0.027151974,0.26475233,-0.0145718735,-0.12167653,0.433876,0.21545336,0.17923497,-0.03936851,0.021581,-0.041860417,0.4789879,-0.054090228,0.31127948,0.22061904,0.22936335,0.3390289
0.021025654,0.27708685,-0.0014769799,0.16448957,0.16328545,0.31515312,0.21110602,0.4085804,0.26365626,0.13210005,-0.06879188,0.218488,0.07648474,-0.0016662566,0.31509033,0.06804969,0.3354173,-0.08206701
0.054319467,0.3747548,-0.0041095726,0.0966902,0.25749028,0.31663176,0.289958,0.47901705,0.19704697,0.21699992,-0.11380371,0.2426018,-0.05835556,0.044707283,0.31937444,-0.019888785,0.41200832,-0.044828333
0.06473147,0.26739392,0.13451046,0.24099426,0.13269654,0.33793712,0.1497833,0.16831622,0.19126447,0.06464524,-0.060931362,0.14623243,-0.100736246,0.22256699,0.1567421,0.07128785,0.15691923,-0.1650587
-0.017752936,0.25773102,-0.13658959,-0.055848733,0.19404744,0.33135435,0.2145625,0.53414786,0.23328836,0.29827648,-0.15124276,0.26280603,-0.031078335,0.039460957,0.24405724,-0.21086407,0.3182535,-0.055836048
0.39898393,0.20693438,0.3930166,0.087962754,0.20247884,0.049881317,0.42499605,0.11887928,0.10853586,-0.12023977,0.11198397,-0.15464939,0.107435286,0.1798518,0.25010353,0.31996801,0.18089856,0.35718328
0.027542666,0.17077129,-0.11910237,0.2843896,0.15521297,0.07570398,0.36063328,0.24400015,0.00046735047,0.07868637,-0.052034937,-0.043164976,0.037161097,-0.09890746,0.15799111,0.23396929,0.25142595,-0.0038831818
0.21236265,0.37703493,0.07872633,-0.083498865,0.34459612,0.27110478,0.32905182,0.5347459,0.2594746,0.18942662,-0.12581638,0.16787158,0.07553853,0.01731793,0.30995503,0.020374577,0.40155783,0.100062974
0.08531695,0.040299516,-0.22792065,-0.19675371,0.07919513,0.094950795,-0.1146674,0.003939827,0.045769937,0.10527037,0.13692707,0.010495218,-0.28659976,0.24430227,-0.015088432,-0.18368846,0.0008126206,-0.090690225
0.08109382,0.3387946,-0.0877992,0.14050737,0.22300184,0.27977675,0.21211989,0.2520182,0.1591959,0.10195468,-0.06409602,0.18422763,0.12885362,-0.11122877,0.122444786,0.027282555,0.26573128,-0.062581345
-0.017442755,0.29027718,-0.14979105,-0.06962699,0.19261128,0.2768135,0.18054976,0.4043476,0.2928055,0.19360147,-0.05184732,0.28115007,-0.060419064,0.041217797,0.3429096,0.0055989097,0.42697224,-0.065968856
-0.018383292,0.37519613,0.19994442,0.0056627523,0.31654274,0.35731158,0.089969516,0.43764228,0.15250495,0.2668761,-0.07313012,0.44046354,-0.099272005,-0.029589487,0.2607497,-0.14542519,0.31871232,-0.028732501
0.14186294,0.35680664,0.12220446,0.12820107,0.23672028,0.34835368,0.07479783,0.3189861,0.24313824,0.09161491,0.06382454,0.27293402,0.03550668,-0.012079511,0.1716624,0.09199859,0.2170582,0.008702511
0.53263247,0.18232161,0.25826454,0.12746163,0.0864947,0.34251264,0.1981341,0.19109908,0.27775276,0.056774672,0.034960918,0.204476,-0.066267096,0.15905951,0.28260547,0.14497219,0.2859047,-0.06311381
0.055699892,0.17430952,-0.16414747,-0.22901033,0.17780426,0.30988988,0.072987475,0.2983527,0.076655164,0.26038778,0.030777846,0.21554808,-0.1975918,0.077526756,0.08026765,-0.23539123,0.17057712,-0.11051372
-0.119297124,-0.04365011,-0.29853633,-0.09525023,-0.12505534,0.12502806,0.114701815,0.40603104,0.14123859,0.21803768,-0.069800995,0.23747486,-0.14405227,-0.12488269,0.2746062,-0.11591588,0.41488996,-0.088243626
0.06206023,0.19110583,-0.18149394,0.04489078,0.10095709,0.24437207,0.18448278,0.41985086,0.050711,0.24256186,-0.106289715,0.2845957,0.0363968,-0.13168035,0.10433773,-0.10697575,0.24977043,-0.16129673
0.045779783,0.1927666,-0.12832698,0.22252308,0.14458823,0.096149236,0.13206394,0.16719367,0.16882326,0.056748167,-0.047487073,0.122203216,-0.096196115,0.1007848,0.14714137,0.05103321,0.27306515,-0.0996699
0.45920026,0.27668914,0.45418885,0.141674,0.19328284,0.027961636,0.17566589,0.15908512,0.38363823,-0.1525953,-0.051296245,-0.052196063,0.4338575,0.16281569,0.13671857,0.17483819,-0.046821054,0.1251489
0.4683351,0.32018486,0.30340394,-0.118513845,0.3452855,0.3910723,0.17342846,0.29706785,0.19149512,0.16661556,-0.03951344,0.10601309,-0.017339155,0.27160707,0.10461708,-0.120613255,0.037228715,0.0035283926
0.095726125,0.26541486,-0.22021292,-0.06518837,0.25976205,0.25399032,0.0025140843,0.35200143,0.23743656,0.29472157,-0.10494162,0.22458753,-0.21504803,0.060012363,0.118322626,-0.25006276,0.208205,-0.27463412
-0.051717255,-0.221407,-0.22584294,0.026869921,-0.25147396,-0.07349617,-0.051508944,-0.12359483,0.060833514,0.15727706,-0.028057136,0.3024419,-0.2733619,-0.00450175,0.1887583,-0.12290977,0.24561279,-0.17583118
0.13299851,0.22173107,0.23776847,-0.023801282,0.26286113,0.22059478,0.33471927,0.1508517,0.04818241,0.080384195,0.22171767,0.1305952,-0.1684674,0.24673906,0.30609757,0.041791458,0.37888226,0.43434685
-0.021935057,-0.16955414,0.21404426,0.3454214,-0.21959986,0.08668904,0.130613,0.01950491,0.28279403,0.10412786,0.023156274,0.16354339,-0.19033809,0.3378933,0.22200249,-0.03798383,0.11262673,-0.047580704
0.3091246,-0.14123186,-0.049437463,0.3731706,-0.124742284,-0.16745569,0.29955444,-0.058992848,-0.011786245,-0.10611228,0.07439445,-0.19026802,0.36724123,-0.06823845,0.0461879,0.26543123,-0.034381732,0.15011276
-0.017936843,-0.018765353,-0.18311308,-0.17969848,0.035733517,0.17685547,0.01937022,0.15115955,-0.071062535,0.06693904,0.27358738,0.104426265,-0.12710674,0.0747524,-0.057528302,-0.1163446,0.09384154,0.26615182
-0.0412679,-0.013113099,-0.25125828,-0.34971502,-0.0016615238,0.23689273,-0.23453964,0.15354826,-0.05869467,0.1813598,0.1726939,0.14442699,-0.33195576,0.055552144,-0.18396871,-0.33976066,-0.07216303,-0.11076573
0.42600247,0.47029763,0.43184012,0.07103627,0.39241874,0.29544476,0.30271217,0.4007291,0.29802677,-0.013646912,-0.048575997,0.12591235,0.39490288,0.10913852,0.2874601,0.2414737,0.23308258,0.22517127
0.093812324,0.2765343,0.13864641,0.1576311,0.22091545,0.23910132,0.27927348,0.31258416,0.18034032,0.013210943,-0.06969252,0.105472,0.08526731,0.037950635,0.14960752,0.17382598,0.23960276,0.008770909
0.1389745,0.4376869,0.37494916,0.010113787,0.55014217,0.25334498,0.35216323,0.31771833,0.20539449,0.010984674,0.25833917,0.07133929,0.092954025,0.31998855,0.29522473,0.24497555,0.27056527,0.5055838
0.4599538,0.20863205,0.33374047,0.0058221444,0.21209718,0.15900233,0.30135348,0.22706844,-0.011009339,-0.01399917,0.1691905,-0.047320176,-0.03408076,0.016194131,0.21854179,0.36556724,0.20884152,0.24381702
0.12610947,0.20954934,-0.13253622,0.030406283,0.26663622,0.26859033,-0.0569263,0.15449777,-0.0040910733,0.25409406,-0.141066,0.10241929,-0.16588722,-0.122900285,0.00945021,-0.24248748,0.13186942,-0.19497746
-0.037705526,0.18882185,0.06110236,0.14780164,0.1268346,0.13789342,0.26136652,0.33498678,0.058488455,0.20881064,-0.028157067,0.07959972,-0.17442222,0.19197948,0.14324127,-0.019765945,0.1120495,-0.08918072
0.017715639,0.26712194,-0.15399745,-0.01867636,0.15953003,0.41539234,0.08443658,0.28695115,0.118484855,0.21331607,-0.025838098,0.22071074,-0.08469171,-0.14179933,0.17241164,-0.043969754,0.26960742,-0.20792302
-0.05673292,0.13411608,-0.16771466,-0.05109285,0.07537314,0.39963022,0.16243361,0.3363467,0.15871309,0.18051477,0.061574258,0.3461731,-0.21471186,-0.078527205,0.37644815,0.03431036,0.5480207,-0.074269444
0.29647642,0.15027235,0.24945669,0.42614177,0.17358705,0.11822098,0.43819883,0.13924566,0.11402789,-0.11411009,0.14553806,-0.107499436,0.48050922,0.1289788,0.22502592,0.31085485,0.09088651,0.34451726
-0.019933598,0.03643856,-0.004178795,0.23589443,-0.035657607,0.25308028,-0.107683696,-0.032310706,-0.07769605,0.14861844,-0.049883347,0.14048812,-0.24920338,0.117349245,-0.06683654,-0.28419226,-0.050521404,-0.19121188
-0.08344059,-0.29640764,-0.19461839,0.13256563,-0.30098045,-0.22117186,-0.12488511,-0.34060925,-0.22607625,0.13692953,-0.0039320397,0.12927665,-0.2862561,-0.14090244,0.041973863,-0.21817496,-0.024313185,-0.14759244
-0.13134179,-0.096944205,0.044768307,-0.10211802,-0.12331207,0.06568995,0.0041733747,-0.048990235,0.034505665,0.08262437,0.109709404,0.013106722,-0.21257837,0.47654402,-0.06007617,-0.18582624,-0.21340075,-0.009122993
0.119493656,0.24988687,-0.07844504,-0.047996722,0.22978258,0.2735159,0.09642727,0.36524507,0.029413726,0.24589688,-0.14289159,0.20846352,-0.11642715,-0.1321175,0.084930144,-0.26499537,0.20750077,-0.19782144
0.11324,0.20713444,0.038584106,0.16073772,0.144797,0.079652585,0.17484172,0.24861377,0.17789786,-0.042267576,-0.08981739,0.114827566,0.34208527,-0.06382534,0.068896264,0.09857146,0.15829661,0.01656706
-0.06621345,0.28405356,-0.08375916,-0.1253931,0.23203744,0.37259796,0.026556646,0.2418057,0.26578835,0.2273053,-0.08236015,0.31729555,-0.14992243,0.034181867,0.236554,-0.13511467,0.29661414,-0.2313707
0.057424396,0.24186207,0.20949653,0.30752522,0.12316244,0.07460434,0.38792768,0.22723325,0.24882033,-0.09553273,-0.1579049,-0.03211561,0.44100434,0.10930129,0.12920842,0.018449547,0.10646971,0.14120716
0.0062850965,0.06577608,-0.33997568,0.0062401593,0.031577848,0.29707605,-0.025273357,0.25019592,0.17228529,0.23124029,-0.012756209,0.30269045,-0.18622386,-0.10594015,0.240289,-0.18952805,0.30680695,-0.27276847
-0.0955088,0.24111903,0.060730167,-0.11743236,0.19784896,0.23629873,0.039337717,0.064247034,0.14789046,0.09290228,0.122146614,0.1362504,-0.33216155,0.46035463,0.15374826,-0.1852095,0.11486975,0.047242735
-0.10702532,-0.09926773,-0.16325483,-0.13792878,-0.088011056,0.19521543,-0.017241996,0.21866181,-0.04610482,0.30474076,-0.004213837,0.2702606,-0.18841803,-0.07901,-0.05361801,-0.3593309,8.137326e-05,-0.14880238
-0.0058214734,0.18760084,-0.08787731,0.058962103,0.12255564,0.18020754,0.4048108,0.3732107,0.14310701,0.2015034,-0.024969878,0.16661395,-0.029304963,-0.013421729,0.3708745,0.09481005,0.42078215,-0.007487114
-0.032238252,0.17713055,-0.017210007,0.021717278,0.04532022,0.16557516,-0.15481792,0.3147584,0.046122894,0.17583896,-0.12290775,0.35318518,-0.20711201,-0.12664278,-0.027362693,-0.27060604,0.1744969,-0.17554569
0.570592,0.1302504,0.402959,0.17087667,0.12456168,0.016357327,0.19790733,0.12213898,0.342779,-0.10539048,0.024996817,0.04560641,0.2913596,0.14927912,0.26932558,0.1847361,0.10133753,0.1396797
0.05100334,0.15171035,-0.11115489,-0.005442109,0.044036157,0.30795223,0.29201508,0.48139635,0.20935422,0.21004783,-0.036853664,0.28010052,0.04952834,-0.09383413,0.3567009,0.05651083,0.4503608,5.941617e-05
0.49268577,0.21439579,0.27376273,0.15862413,0.21768443,0.07745141,0.2046045,0.20109372,0.3689851,-0.06875438,0.063041955,-0.0011487354,0.423748,0.12142142,0.26038778,0.29895464,0.100066,0.26310718
0.042570833,0.027852235,-0.056867644,0.33333445,-0.06960375,-0.066379115,0.16058056,-0.02556621,0.3067198,-0.038976397,-0.036310736,-0.06930361,0.29161236,0.119600125,0.03860327,0.035005312,-0.07147255,-0.041386075
0.36847502,0.09801221,-0.20417863,0.038720053,0.009998668,0.1922925,-0.14079113,0.13915852,0.02985359,0.22871426,-0.02537052,0.26160064,-0.10203139,-0.15666738,0.023760004,-0.07738743,0.1130214,-0.19784904
0.09333836,0.2702647,0.45441234,0.02680978,0.30617705,0.25706375,0.24456017,0.2330482,0.060215987,0.0026626373,0.15302506,0.08198211,-0.048672162,0.17474245,0.13503122,-0.021048062,0.1667867,0.37629634
-0.13412984,-0.14609689,-0.30890083,0.023953635,-0.13857715,0.1742773,0.104946464,0.03417189,-0.13744882,0.14446317,0.18835467,0.13169394,-0.16827431,-0.24170376,0.01656387,0.21535295,0.17328,-0.10353838
0.284724,0.23262171,-0.029778672,-0.14121738,0.20819406,0.2300588,0.27684137,0.46319717,0.08133958,0.15273413,0.07746486,0.06501188,-0.07455328,0.109784305,0.35297862,0.0066371886,0.371467,0.17815247
0.50583667,0.42359066,0.42826036,-0.06057205,0.48608908,0.29725543,0.24610363,0.42643937,0.35409126,0.13896598,0.12637486,0.16527982,0.05359892,0.3456959,0.4250791,0.17268704,0.2793877,0.27547982
0.059554007,0.3803978,-0.03441974,-0.10217509,0.23782505,0.3478682,0.0932156,0.28396574,0.20261863,0.23933218,-0.12063834,0.1453422,-0.2921928,0.3878147,0.2623251,-0.24171837,0.18696144,-0.17538586
0.1547837,0.34588256,0.017727965,-0.042354655,0.34339136,0.33499143,0.056266755,0.33462444,0.3055726,0.17636028,-0.0031476205,0.24146646,0.03212379,0.13483371,0.08836575,-0.24406543,0.14803524,-0.057804294
0.113547735,-0.060864966,0.106814735,0.20411502,-0.048701994,-0.043759603,0.32321495,0.037470777,0.035866454,-0.00921721,0.22481248,0.052505374,-0.035361886,0.23683354,0.34732005,0.3022339,0.32723913,0.38223657
0.23870216,0.024473926,0.094213486,0.23129435,0.00867049,-0.040906988,0.27192536,0.0672175,0.24544773,0.0074613774,0.11836455,0.13587622,-0.050127536,0.17799015,0.38110995,0.18706721,0.35054684,0.20031634
0.14672546,0.1764474,-0.14229716,-0.025011916,0.17289649,0.18730552,0.13389191,0.21219993,0.063500814,0.10941247,0.14987677,0.062947206,-0.06900523,0.116219,0.038578,0.042338375,0.09517335,0.004161434
0.20153429,-0.0519153,-0.012076084,0.0436255,-0.036258794,0.051777154,0.038547475,0.11461134,0.48892996,0.07146253,-0.0043306993,0.20879585,0.19653808,-0.04034089,0.26082608,0.12075203,0.15243594,-0.1363772
0.17573692,0.2689572,0.047141448,0.05436291,0.30693904,0.18280958,0.3403841,0.25077578,0.19607364,0.019228233,0.17038277,0.080849126,0.22986647,0.07758103,0.33790973,0.22448923,0.40128708,0.43437108
0.06309301,0.23207507,0.107815854,0.17552973,0.1738158,0.25992668,0.32742384,0.38153148,0.09866005,-0.021783814,-0.0022912552,0.042912062,0.43640006,-0.14421567,0.13020642,0.19184431,0.18857148,0.21920295
0.07328035,0.18184938,0.22673152,0.29436758,0.13231994,0.15212134,0.35008916,0.055484775,-0.085667334,-0.182456,0.15521836,-0.15173908,0.4084625,-0.16182806,0.017278032,0.35934603,0.07215752,0.40554348
-0.07877467,-0.09358069,0.31367955,0.44529396,-0.08450095,0.1334512,0.12542662,-0.0046973163,0.06936698,0.061201442,-0.03504584,0.042475455,0.32920954,0.18054217,-0.07278846,-0.15414767,-0.24430844,0.06885067
0.0027914087,-0.11950774,-0.06331648,-0.059855312,-0.095576696,0.077484496,0.42397135,0.26164857,0.012541475,0.09336583,0.080177754,-0.053545784,-0.028464384,0.11243736,0.40680063,0.1118191,0.32608375,0.2321079
0.0023438064,0.3185305,-0.14969279,-0.15476684,0.27441722,0.2941097,0.20267507,0.53662694,0.14660569,0.30115166,-0.09544824,0.35543984,-0.060772493,-0.12876928,0.26738697,-0.06540802,0.42705697,-0.0570484
-0.0059667,0.10910581,-0.11466819,0.015989436,0.11764178,0.29499424,-0.040483814,0.2871727,0.1403962,0.22376566,-0.16484837,0.17084266,-0.19734742,0.070429064,0.014353478,-0.3584532,0.028922142,-0.36638263
0.29926717,0.2975361,0.2537933,0.05653522,0.28981358,0.28786683,0.14003536,0.32649723,0.3160078,0.14597282,-0.07207839,0.1254598,-0.015056031,0.33319297,0.02714833,-0.07154705,0.020586697,-0.086277895
-0.081779964,0.2511056,-0.0070397733,0.06013451,0.11089808,0.34598982,0.15571702,0.36409456,0.20464149,0.18641712,-0.013297193,0.36731654,-0.21747361,0.1113756,0.314218,-0.12708111,0.43492353,-0.07492658
-0.013741201,0.35325742,-0.0513305,-0.10717257,0.340184,0.31925902,0.3223414,0.5635736,0.2142313,0.25515094,-0.04967668,0.3083185,0.020716641,-0.032808978,0.3865331,-0.020545969,0.518147,0.110679924
-0.11235439,-0.22711474,-0.4161328,0.019417075,-0.27651703,0.1101476,-0.018340759,-0.047030244,0.0073547363,0.20753072,0.06440913,0.15896611,-0.21222211,-0.117274255,0.040881604,-0.029316846,0.080571085,-0.26574418
0.09084312,-0.01903448,-0.109587975,0.19918837,-0.07608349,0.079663195,0.20956226,0.20040649,-0.029372744,0.18949513,0.12306109,0.15741444,-0.19278724,0.01890062,0.28244057,0.10854425,0.26694015,0.009237642
0.039968565,0.1632976,-0.017941535,0.3116793,0.092592016,-0.0016220749,0.24893306,0.20361644,0.056311205,-0.03354344,-0.13734026,-0.102810845,0.34096217,-0.12906852,-0.0025543855,0.13374466,-0.020126984,-0.07678164
0.09706757,0.35389167,-0.040080275,0.11331435,0.24939877,0.24258813,0.107472606,0.36217773,0.23299332,0.16706574,-0.11933814,0.14345086,0.021391008,0.017240083,0.19206694,-0.06971415,0.20508151,-0.14559779
-0.09059004,0.07639132,-0.07149222,0.34946266,-0.021535547,-0.021041421,0.19215716,0.118304394,-0.01245516,-0.028135048,-0.061268855,-0.07048466,0.33301213,-0.20271058,-0.11343615,0.13876005,-0.07890998,-0.035132494
0.20188965,0.29280818,-0.09779199,-0.0257594,0.1883252,0.27494043,-0.103895165,0.15122834,0.24991122,0.15445386,0.042960487,0.19740945,-0.18039927,0.08545492,0.1780942,-0.014660443,0.15166584,-0.19979009
-0.08794277,0.28210348,0.21111536,0.032163914,0.18708752,0.14340955,0.067526236,0.33354235,0.29768214,0.042759612,-0.0023437003,0.16159579,0.17615215,-0.00034422555,0.14327623,0.053423148,0.07793381,0.04362521
0.07057909,0.42807525,0.10941949,0.03975597,0.25375515,0.41369754,0.083567545,0.46295145,0.21182501,0.14983925,-0.19624773,0.2585462,-0.045687202,0.07763354,0.13415755,-0.17435116,0.23068109,-0.1535853
0.19620237,-0.030351168,-0.18560846,-0.07649103,0.012319223,0.25691092,0.031662967,0.07882112,0.0007397721,0.22885121,-0.09466377,0.07962477,-0.1439774,-0.113223344,0.0401823,-0.17488405,0.07285188,-0.2703769
0.22223976,0.11295443,-0.17259626,0.17751297,0.041761838,0.07695632,0.15973714,0.061685033,0.08208282,0.022448573,-0.123820454,-0.098171964,0.12878054,-0.022678949,-0.016083356,0.048302148,0.050662383,-0.15325207
0.013977718,0.08703625,-0.16130681,0.054054808,0.061821267,0.34510928,0.075345464,0.23100133,0.1023781,0.08959121,0.1399756,0.2391099,-0.13303757,-0.20334797,0.27013588,0.12130061,0.4384736,-0.028990999
-0.06847428,0.36350426,0.08601268,-0.053217415,0.19586861,0.31275836,0.13062562,0.41725636,0.21657683,0.17782089,-0.06027561,0.33780837,-0.07989532,0.07801912,0.32645687,-0.08922733,0.39413032,0.040644355
-0.06055539,0.41833594,0.04404394,-0.05093342,0.32934064,0.3926517,0.15684031,0.2844189,0.31197563,0.23465209,0.03230408,0.31212062,-0.27187583,0.26228017,0.3753473,-0.04186924,0.3421622,-0.055292796
0.44222727,0.32004353,0.47134453,0.0035586404,0.34529704,0.21471323,0.17473608,0.25368464,0.32982135,0.07425393,0.060081262,0.11190607,-0.07693046,0.50846076,0.38782942,0.09742559,0.20777114,0.22334044
-0.04236655,0.2543024,0.20378835,0.35875535,0.16352911,0.17265889,0.18849751,0.19193192,0.21782416,0.04877033,-0.048857715,0.115237184,0.2673862,0.07285362,0.040000446,-0.12028569,-0.01566912,-0.0026190584
0.14592466,0.18913141,-0.027877033,-0.20150486,0.22422995,0.28461188,0.09000529,0.4984568,0.23489696,0.24579145,-0.1515737,0.19664055,-0.11035794,0.033993773,0.13248558,-0.23628277,0.23382889,-0.11584612
0.2612294,0.27700964,0.36456674,0.14638676,0.38374582,0.2627348,0.24514464,0.2526972,0.40867797,0.041170575,0.19096537,0.1265456,0.13450857,0.3283352,0.29105502,0.0886227,0.18171361,0.23859867
0.10340818,0.038446166,0.115332514,0.07467704,0.10748959,0.09487893,0.348756,0.07345173,0.10844949,0.0910642,0.23045465,0.14770235,-0.10349879,0.18756495,0.4103152,0.13135345,0.4647271,0.41621077
0.12309391,0.27818382,-0.141084,-0.055960845,0.22292307,0.18708055,0.13890329,0.3145558,0.23067981,0.16554263,-0.019167839,0.13575885,-0.0005769993,-0.09088214,0.1873559,0.07423735,0.24083939,-0.14737807
0.07632787,-0.014999024,0.22866362,0.32264724,-0.08292204,-0.10177662,0.3746502,0.103124104,0.055916496,-0.011493587,0.04252575,0.123877905,0.23750158,0.058553066,0.22144902,0.13217415,0.23533559,0.3618522
0.029468726,0.0364156,-0.19439183,-0.11639241,0.043510552,0.23719202,-0.14012241,0.2027376,-0.043993104,0.24949782,-0.13520513,0.18137237,-0.20076507,-0.2155634,-0.05666409,-0.34662396,0.048286363,-0.2972239
0.10535222,-0.14170004,-0.28869745,-0.04714285,-0.18660554,0.16653426,-0.15572987,0.0838802,-0.1053008,0.19703907,0.023263153,0.2498854,-0.21694422,-0.18832427,-0.03478467,-0.27428067,0.06962299,-0.23184012
0.11658318,-0.00096147985,-0.341166,-0.20392291,-0.0024310597,0.24754603,-0.047595438,0.25122437,-0.07904484,0.28120616,-0.011592851,0.20239031,-0.24436599,-0.10225047,0.03144551,-0.314425,0.16687086,-0.14999178
0.0119627435,0.29316676,0.025762597,-0.12427805,0.22095914,0.35080934,0.03006943,0.36269626,0.14027591,0.13751386,-0.03487391,0.24334098,-0.2551671,0.1408886,0.13223921,-0.25883514,0.29612538,-0.009663665
0.0939677,0.29755658,-0.069685236,0.047501937,0.28488153,0.25833452,0.22251754,0.48221338,0.21820477,0.19869545,-0.109832965,0.2746389,0.0132960435,-0.090590715,0.20286906,-0.025490878,0.41697806,-0.0517479
-0.08274093,-0.2173457,0.08096595,0.011529239,-0.28227413,0.1428732,-0.06644109,-0.15664434,-0.11664144,0.104928076,-0.048307832,0.05346725,-0.23857266,0.25755465,-0.17746943,-0.24311322,-0.26483786,-0.18831849
0.4831534,0.33712366,0.39331123,-0.015266847,0.31914604,0.26956367,0.06127037,0.3554913,0.21423903,0.14743786,-0.09008951,0.18705752,-0.057174254,0.25954047,0.14399357,-0.12841073,0.11160825,-0.013572435
0.066760845,0.20529751,-0.21387398,0.019885382,0.19664292,0.3568102,0.0037882016,0.16426428,0.12679777,0.24518105,-0.053473074,0.19129771,-0.25032052,0.12406944,0.12869129,-0.24756475,0.14201324,-0.29477108
0.116778105,-0.13929671,-0.2006762,-0.05913779,-0.17027791,0.020088427,-0.04926042,0.106856,0.12719467,0.18701461,0.019614808,0.42395076,-0.17147319,-0.023279719,0.2521875,-0.056282904,0.36488456,-0.083536245
0.39008227,0.046785127,0.33904678,0.32810453,-0.004576761,-0.072780326,0.4629819,0.14972347,0.08525588,-0.1272925,-0.05896208,-0.14337489,0.49047923,-0.028498193,0.17632753,0.23365901,0.0931693,0.31394607
0.2121953,0.013540271,-0.1014305,-0.032248154,0.040085517,0.15297924,0.0048872726,0.17502339,0.21671149,0.18734333,-0.12932473,0.13251029,-0.08409495,-0.028824013,0.109537125,-0.18271281,0.11286448,-0.2764066
0.023598837,0.27351758,-0.14241125,0.16456716,0.18069294,0.12960483,0.23777711,0.30965564,0.21520564,0.07608831,-0.077694714,0.08324089,0.37602133,-0.09754768,0.13186467,0.08038035,0.16757827,-0.01195539
0.06999208,0.22181378,0.112058856,0.21113023,0.16730483,0.061450448,0.21199101,0.2327893,0.06694321,0.059378788,-0.11507704,0.05581585,0.043497432,-0.049483065,0.07530349,0.09095489,0.13814485,-0.12879068
-0.18180989,-0.09816408,-0.3030019,0.025665184,-0.1491717,0.045438193,-0.0076557742,0.18091372,0.22623995,0.12542114,0.07884948,0.26282158,-0.28792778,-0.07307422,0.3631762,0.042533804,0.41345873,-0.15962675
0.08156988,0.17439461,0.030974409,0.24399059,0.13948585,0.035845403,0.3180845,0.27336714,0.148911,0.032133434,0.0065794755,0.18648663,0.40819922,-0.105219364,0.21455522,0.16266268,0.34280005,0.29318896
0.059366684,0.16340753,-0.07137049,-0.014123186,0.09652295,0.17752665,-0.038939096,0.34591532,0.14084882,0.20330976,-0.13069698,0.3699721,-0.107549645,-0.058639888,0.13616739,-0.18646057,0.26561588,-0.16608027
0.39915386,-0.023944682,0.047681466,0.3748485,-0.04686893,0.13951926,0.29089943,0.04049599,-0.030628594,-0.00988801,0.052361265,-0.07519036,0.19668092,-0.15042436,0.014776892,0.21768469,0.0024172608,-0.040631242
0.12477507,0.27772957,0.42353034,0.21895455,0.22526352,0.021336863,0.29265088,0.24078844,0.32011774,-0.111382075,-0.14312053,-0.04404025,0.45650437,0.1625286,0.13464488,-0.009440794,-0.019118309,0.17431274
0.1978919,0.15663248,0.07798175,0.24822147,0.07367624,0.069791704,0.31245795,0.22330238,0.19713739,-0.10990312,-0.0819274,-0.057900224,0.4909901,-0.15500043,0.11438432,0.27224073,0.13799146,0.11376763
0.26603585,0.4130314,0.24404617,-0.19619733,0.46707636,0.22528999,0.04979745,0.40327653,0.24394624,0.21055113,-0.08691093,0.13378334,-0.10535599,0.2774404,0.12660871,-0.23456378,0.09435955,0.10715023
0.22674413,-0.013653488,0.017501052,0.28695583,-0.022424718,0.1758359,0.039441038,-0.044303738,-0.050763123,0.16978468,-0.031597134,0.11997064,-0.22174792,0.12312931,0.08114554,-0.18210551,0.034035973,-0.1502345
0.058945224,0.2803013,-0.049063053,-0.0632542,0.2195403,0.3967684,-0.00096137315,0.36571762,0.0549911,0.21674292,-0.17897026,0.24655926,-0.085907705,-0.22579436,0.086869836,-0.24211,0.23709646,-0.20898467
0.33615884,0.23563324,0.14991955,0.26178434,0.23883925,0.2123658,0.37611556,0.206371,0.33565915,-0.040336184,0.10218571,0.020885685,0.40034264,0.01084968,0.22483295,0.3956903,0.17858374,0.1438046
0.12793231,0.23137407,-0.16286205,-0.07319193,0.2105363,0.21573862,0.32542428,0.38803422,0.006742491,0.1164927,0.015148765,0.011661873,0.0109766275,-0.13623326,0.30601618,0.13606906,0.39975998,0.071076386
0.17695619,0.40396705,-0.0329515,0.025734123,0.42034855,0.10080694,0.17901401,0.43019965,0.36560345,0.14695278,-0.093976155,0.11901755,0.22119509,0.05254625,0.19826692,0.020028327,0.23547626,0.017893756
0.22560993,0.13883734,0.19053555,0.38897002,0.10947067,0.08343925,0.18360023,0.21131009,0.34576198,0.04861913,-0.09646584,0.09327257,0.32458413,0.18834811,0.057591524,-0.12093576,-0.058546156,-0.062390488
0.27731067,0.15236543,-0.2207246,0.20773025,0.10934952,-0.021961704,-0.01439582,0.2255547,0.1977795,0.20465331,-0.09445873,0.12644802,-0.048108295,-0.0757281,0.03556463,-0.065028116,0.091928616,-0.286937
-0.12498402,-0.12605308,-0.198615,-0.10953011,-0.20965312,0.0020626565,-0.142128,-0.084289804,-0.08855784,0.24748757,0.06629214,0.35896698,-0.25595436,-0.026691426,-0.03778074,-0.27426803,-0.007188197,-0.13486597
0.02162844,0.37675744,0.053561,-0.07112626,0.3296656,0.35634112,0.22738446,0.6171072,0.15240808,0.2855365,-0.04032109,0.31392795,-0.13452992,0.11787671,0.2246375,-0.11893986,0.3707926,0.12211062
0.2690798,0.25619006,0.19159949,0.05337735,0.2710165,0.22221355,0.19442995,0.1662414,0.29127416,0.055919193,0.013635043,0.0906671,-0.06872482,0.23942089,0.34507355,0.09796353,0.29627904,0.112435706
0.14595567,0.2800526,0.18050815,0.008808086,0.3581582,0.24897121,-0.0911218,0.18248022,0.013371975,0.19991867,0.050289802,0.22498542,-0.25310537,0.11303127,6.964989e-05,-0.26242396,0.03328666,-0.012513447
0.34019315,0.32931915,0.3665233,0.10962683,0.28124404,0.13333493,0.30127516,0.13079451,0.18861455,-0.18438208,0.058652572,-0.1782297,0.41246447,0.14686951,0.121713996,0.39752045,-0.0043057078,0.34150687
0.07306459,0.24091977,0.1188524,0.2963754,0.16198587,0.33668628,0.26341558,0.27757636,0.2995848,0.002590287,-0.090344846,0.12820318,0.20148367,0.14675032,0.15370524,0.13236079,0.18137474,-0.071269155
0.1420198,0.03867205,-0.238775,-0.1547436,0.065621085,0.23301558,0.069305144,0.10503022,-0.044636764,0.17114247,0.23313181,0.24638452,-0.232841,-0.063740894,0.08488114,0.052309528,0.24818346,-0.010733584
0.1569664,-0.052106082,-0.04223256,0.3307877,-0.114508435,-0.17659433,0.27846283,-0.06760835,0.06533152,-0.15964602,0.021359969,-0.26954013,0.34282383,0.06447902,0.018390872,0.1743078,-0.11227018,0.12386827
0.050014388,0.36779428,-0.13043192,-0.045160457,0.27830628,0.3031983,0.16602115,0.43070662,0.20419002,0.19176398,-0.041531328,0.34610814,0.0017519237,-0.08766829,0.2677547,0.007159915,0.4151148,-0.06360527
0.19504513,0.3020333,-0.01952036,-0.03858396,0.30869192,0.17333513,0.05337751,0.19819771,0.42091978,0.14948103,0.046818316,0.21666968,-0.16552748,0.18087262,0.2640966,0.12243999,0.29268962,-0.13212964
0.118753284,0.3001881,0.2122687,0.027307697,0.29765737,0.29058456,0.24589697,0.14616512,0.03955388,-0.027697122,0.25357252,0.08145216,-0.089652844,0.22924338,0.22028741,0.11314478,0.32937413,0.4646347
0.112259395,0.006658268,0.116968684,0.37895313,-0.08288985,-0.12985095,0.29772422,-9.6617034e-05,0.27773178,-0.12179333,-0.025994787,-0.16833003,0.42381665,0.17118965,0.08182093,0.16152732,-0.11346601,0.14877364
0.21857849,0.2363225,0.1527508,0.124894604,0.21016866,0.23331311,0.041127965,0.25354058,0.3016431,0.085629605,-0.18191247,0.1760406,0.018022731,-0.07644528,0.08153373,-0.16044515,0.15075551,-0.20229578
0.08733981,0.39414853,0.004264985,-0.07328284,0.3609325,0.31834924,0.21196966,0.30517256,0.31791067,0.10612656,0.028631218,0.23086663,0.131609,0.047835257,0.22377504,0.15203077,0.29762906,-0.046890493
0.014551823,0.3352953,-0.15286912,-0.1453092,0.3280774,0.3085209,0.072683424,0.31221592,0.3226841,0.2138533,0.06464595,0.19951221,-0.16903722,0.3114288,0.26404628,-0.14203136,0.20077442,-0.10574489
0.050498847,0.27771908,-0.06719376,-0.007965307,0.1926993,0.2655971,0.19495505,0.4133009,0.22776228,0.19329171,-0.119142376,0.1113488,-0.17488779,0.013498423,0.25459144,0.017888755,0.27679393,-0.21086429
-0.23489302,-0.35443163,-0.38870335,0.02066012,-0.41795722,-0.096257046,-0.16156141,-0.050967954,-0.13461526,0.14169553,-0.0017235612,0.1784888,-0.23000242,-0.34007147,-0.044627216,-0.11989381,0.10792708,-0.2237314
0.004464468,0.3575894,-0.06605268,-0.031171149,0.28068823,0.3051869,0.34238848,0.4580582,0.13995932,0.24772364,-0.09170136,0.23511085,-0.041538447,-0.027182393,0.3109703,0.04257693,0.41712132,-0.039111573
0.1597238,0.27979648,0.077791244,-0.0412854,0.34958494,0.29338408,0.23839736,0.24925336,0.021682657,0.13556854,0.25860795,0.18331614,-0.18712077,0.0374069,0.18538396,0.018502615,0.37416154,0.32207912
0.11143107,0.21072368,-0.103876114,0.16086511,0.073295206,0.38144147,-0.14540951,0.16673149,0.025710953,0.18571572,-0.06599238,0.20548306,-0.18774071,-0.13980529,-0.044311143,-0.17211749,0.08385602,-0.2944506
0.15834181,0.36441842,0.30399463,0.03032103,0.39318582,0.3203827,0.2416545,0.21838757,0.04223297,0.110465765,0.2329777,0.21268798,-0.17978479,0.1536224,0.26545987,0.090628795,0.40829986,0.4306822
0.26406884,0.37049758,0.06989199,0.24149016,0.26109755,0.26045674,0.30316362,0.34747735,0.20574911,0.10623374,-0.09702826,0.09014833,0.011764187,0.07203629,0.26072207,0.09693697,0.27409846,-0.098667465
0.42599747,0.14071277,0.26667368,0.100833885,0.05150555,-0.06518185,0.09671047,0.05514588,0.32832938,-0.17502397,-0.014425122,-0.07776284,0.41778487,0.030808227,0.056908205,0.20822482,-0.08531054,0.11312066
0.4248716,0.30869076,0.39782384,-0.020737458,0.27646592,0.2857594,0.11575327,0.29769227,0.20320931,0.07391914,-0.10486063,0.10372589,0.05659092,0.20902313,0.10482825,-0.13944617,0.037581395,-0.008106861
-0.053221244,-0.39845368,-0.07041632,-0.0018232475,-0.3273868,-0.15528081,0.08476096,-0.38059777,-0.23355806,-0.16163391,0.40757152,-0.19878598,-0.12299955,-0.047926087,-0.12540987,0.23415378,-0.10450578,0.325529
0.09733599,0.28414714,-0.1716614,0.03625322,0.25055727,0.23253332,0.14834437,0.3968525,0.317748,0.20179617,-0.01242442,0.21210256,-0.13281366,0.102300316,0.27060434,-0.08581013,0.3438968,-0.10725745
0.016967427,0.45699608,0.08125211,-0.09321834,0.3594068,0.46327212,0.23146701,0.49802867,0.20558769,0.24637635,-0.08522508,0.33168298,-0.0025066682,0.051983003,0.29722494,-0.09576698,0.34234536,-0.016694577
0.0037464078,0.09360302,-0.17985474,-0.16446006,0.049200132,0.35812184,0.20168175,0.43880093,0.12933262,0.29175398,-0.118244275,0.15468223,-0.090324044,0.11385278,0.13626722,-0.25443196,0.18830875,-0.13918799
0.18670483,0.22231099,0.109761976,0.20372851,0.17312028,0.1882204,0.3927749,0.4573174,0.12668741,0.13347758,-0.12856175,0.113635615,0.32896695,-0.115848295,0.14093122,0.07843124,0.19674791,0.06408223
0.008283323,-0.075082734,-0.3347009,0.05927627,-0.052499693,0.10188535,-0.25649253,-0.037524138,-0.09492391,0.108412914,-0.122837245,-0.049331605,-0.21037945,-0.23388107,-0.12347004,-0.32746094,-0.053566918,-0.28458652
0.09275719,0.21295638,-0.09457927,0.07633565,0.18434216,0.13436647,0.35122532,0.24667047,0.17613767,-0.01754808,-0.009432996,-0.08601447,0.34049672,0.060637407,0.15547878,0.17316064,0.1628532,0.09389286
0.2911851,0.18359627,0.23064639,0.307447,0.20520966,0.24533854,0.28430098,0.19452204,0.29760906,0.0028426528,-0.08301665,0.05107915,0.23096716,0.029833177,0.20245938,0.17786625,0.19424307,0.0018805407
0.083751336,0.15597385,-0.002118274,0.18610603,0.10047849,0.05139243,0.19795446,0.23667406,0.066508256,0.1220927,-0.14422755,0.11834935,-0.022480149,-0.16811539,0.08327587,0.0003871665,0.20088744,-0.1845303
0.17095193,0.16694133,-0.026587991,0.2144403,0.096633114,0.012603974,0.29590654,0.14099967,0.06396686,-0.06915822,-0.09770312,-0.1752772,0.2705628,-0.13433072,0.043096438,0.16104408,0.10653405,0.04795582
0.03599803,0.2211716,-0.16860883,-0.0673361,0.13402447,0.21660024,0.12350363,0.35129094,0.24349272,0.19494665,-0.00044587627,0.33879718,-0.17916843,0.03356305,0.2667878,-0.034878626,0.4051417,-0.12381108
0.2025296,0.41325578,0.28057882,0.010754874,0.315275,0.26088896,0.07823181,0.30718356,0.16070077,0.05855174,-0.14810418,0.07489522,-0.007689417,0.07713478,0.20030305,-0.104414426,0.12828179,-0.08123642
0.3424922,0.183424,0.42975304,0.14960493,0.14026114,-0.044195518,0.26443598,0.19375232,0.2249078,-0.13135158,-0.107788384,-0.06724022,0.41001302,0.18645097,0.117867775,0.0416521,-0.043486007,0.17089914
-0.033327665,-0.14194736,-0.27037573,-0.15967432,-0.14121374,0.15045227,-0.18028684,-0.055539656,0.237627,0.16663165,0.2013309,0.17658299,-0.13923217,-0.0858193,0.12589209,-0.10794333,0.065077305,-0.123627245
0.39762256,0.37239823,0.14669132,-0.13858224,0.29666582,0.32049358,0.35865036,0.3638397,0.16619681,0.05201756,0.015504501,0.08970131,0.1084767,0.025966115,0.34310353,0.27721488,0.36843014,0.12967019
0.0066990084,-0.055468492,-0.1909173,0.043847207,-0.049758427,0.10800516,0.14748222,0.1150499,0.18890266,0.1545107,0.026887167,0.12851262,-0.2198683,0.15426591,0.20198943,0.12629119,0.22005215,-0.17516169
0.052967485,0.35695964,0.099700555,0.25236058,0.2626291,0.27443418,0.30757773,0.38032544,0.20636952,0.08324989,-0.17017601,0.15956576,0.2963096,-0.05997076,0.19600077,0.011234176,0.26557752,0.013332326
0.15860796,0.43306622,-0.02204541,0.08554855,0.3909025,0.33057797,0.10045005,0.48670182,0.30049634,0.20046438,-0.102414615,0.2209244,0.114115804,-0.039312035,0.2923167,0.013972798,0.30513865,-0.10265864
0.10566681,-0.2434061,-0.13926122,-0.002253362,-0.2245352,-0.054920472,-0.016699886,-0.08429653,0.08509955,-0.041028336,0.13511023,0.047748294,0.16750711,-0.060297098,0.010395739,0.16154872,-0.018906346,-0.003830005
0.10687834,0.41374186,0.27881518,0.19563359,0.26155517,0.44498983,0.26104382,0.24974707,0.36810076,0.06711392,-0.063393146,0.14509308,0.14619315,0.21082024,0.30336535,0.14479215,0.16596234,-0.04520408
-0.08658503,0.24834198,-0.11962515,-0.10624429,0.17181404,0.20366341,0.22805806,0.4255873,0.25933328,0.13882157,-0.0043117497,0.15644945,-0.069663666,0.15963428,0.2343632,-0.0042350697,0.30394715,0.06270436
-0.024139509,-0.34283078,-0.23911232,-0.3109997,-0.37071034,-0.035715006,-0.11252833,-0.06008659,-0.1047096,0.20893674,-0.028606275,0.10604969,-0.2373993,-0.032872885,0.054319367,-0.18717906,-0.066628575,-0.18980312
-0.02236476,0.18658198,-0.12052781,0.32872272,0.057414893,0.19220018,0.16058758,0.18754916,0.1094207,0.06528085,-0.082072616,0.16858459,0.005795935,-0.100921035,0.1379821,0.0716963,0.30498973,-0.13085514
0.17580333,0.050004657,-0.22644155,0.025752187,0.027792905,0.22063048,0.12139824,0.087392725,0.14805184,0.13139161,0.13668892,0.29863745,-0.17690766,-0.0044928016,0.25849354,0.087047525,0.44450477,-0.029694304
0.109129585,0.1912901,-0.1497816,0.17283592,0.16413552,0.24147725,0.24272785,0.3248745,0.25462413,0.15913035,-0.10841521,0.22983693,0.11239664,-0.07190161,0.2685792,0.012888389,0.38593957,-0.07867985
-0.09548869,0.07796631,-0.13364907,0.1672937,0.0016334783,0.23633528,0.119060196,0.10774929,0.3112523,0.21686448,0.027956761,0.35740817,-0.24672198,0.16343863,0.30863643,-0.056842573,0.3588557,-0.15219954
0.0699056,0.4031293,0.43153486,-0.07021072,0.33474836,0.2894187,0.23734723,0.19160685,0.21143371,-0.13977244,0.088425,-0.0072069387,0.25382254,0.22203448,0.16985212,0.23226908,0.0037462118,0.18452281
-0.026447142,-3.6674493e-05,-0.22786215,-0.14446302,-0.058199167,0.17498125,0.1808178,0.27100527,0.17753169,0.11633918,0.049026795,0.02296079,-0.08225683,-0.013282322,0.38978025,0.26317608,0.35090607,-0.011786939
0.01935992,0.3977769,0.21965782,0.18455936,0.347777,0.24627744,0.11689191,0.326827,0.13253231,0.15273458,-0.06583218,0.15313077,-0.09601777,0.23296651,0.22628671,-0.13578093,0.10920999,-0.05379306
0.051428646,0.24941792,-0.032860063,-0.055463728,0.28225964,0.300949,0.098401934,0.35186705,0.13004331,0.23232141,-0.0006671902,0.19223925,0.025074776,0.010940617,0.06776265,-0.29379123,0.11272333,-0.018636134
0.42443073,0.45066667,0.38869247,0.18787736,0.3714511,0.3511547,0.2994371,0.1331994,0.30710846,-0.08110456,0.07022755,0.021147404,0.32896763,0.31931794,0.23375113,0.23977493,0.045858063,0.15393215
0.00841644,0.15533961,0.0876918,0.09763145,0.14523633,0.20473734,0.21628714,0.05402602,-0.04062143,0.037800472,0.26314896,0.040041678,-0.17136827,0.22349402,0.17283398,0.042699657,0.227729,0.36550748
0.19227812,0.376793,0.143781,-0.011962619,0.3386048,0.3317713,0.31920144,0.49300653,0.22926794,0.18671405,-0.15068272,0.21816278,0.07418582,-0.049972232,0.25677115,-0.030374141,0.38386545,0.014056598
0.3866385,0.24846336,0.16431831,-0.05101579,0.17838481,0.37229598,-0.015518792,0.2803512,0.18284866,0.14784935,-0.10223535,0.14796664,-0.031478457,0.119957335,-0.02209524,-0.16869022,-0.03187207,-0.22816297
0.43711144,0.19803269,0.15006305,-0.025575485,0.15391316,0.08893724,0.28010798,0.17795125,0.14800814,-0.12617864,0.040189736,-0.11341164,0.31512028,0.07554028,0.13408248,0.22037843,0.10931444,0.19924608
-0.18212163,0.075278655,0.17497654,0.2381012,-0.031618327,0.10728943,0.17323823,-0.0051298714,0.06435312,-0.052649755,0.0958164,0.044254903,-0.012217861,0.3108634,0.021928262,-0.02448206,-0.007922999,0.11360651
-0.063013315,0.11888466,-0.10888276,0.3586101,-0.007274498,0.13541791,0.110031314,0.12383276,0.17499225,0.022098621,-0.10804855,0.12820593,0.20021853,-0.14259338,-0.0076766843,0.037436243,0.11385552,-0.17878576
-0.0780906,0.124002896,-0.04418278,-0.07431513,0.20825562,0.16384524,-0.089369826,0.113684244,-0.0032102219,0.24295115,0.029525507,0.17539234,-0.22352487,0.021228554,-0.03214695,-0.30757904,-0.030706916,-0.1100992
0.1262216,0.36097175,-0.012786524,-0.05095502,0.2739665,0.26604277,0.27404204,0.5201223,0.12622038,0.15828046,-0.1286929,0.15514795,0.07827645,-0.18398997,0.25478196,0.12549953,0.38324234,0.0028545945
0.20646301,0.20624116,-0.024766691,0.25886485,0.2104959,0.16506685,0.110911645,0.24885805,0.32869667,0.08793132,0.120328,0.24315894,0.13228907,-0.10643457,0.32433254,0.21316628,0.31865284,0.010941724
0.092314854,-0.15523843,-0.3881922,0.0134620825,-0.19272983,0.0067822514,-0.17343509,0.05222849,0.09848299,0.29025352,-0.043854374,0.20327936,-0.25512457,-0.10560182,0.036641132,-0.33967257,0.05970455,-0.3183546
0.37252387,-0.22247176,0.0017384423,0.29427168,-0.1746026,0.11007182,0.21633403,0.057497855,0.088916354,0.14012,0.02699582,0.10590703,-0.0808704,0.06971418,0.19108361,-0.03806194,0.14958112,-0.08133171
0.026911287,0.2878609,0.03306352,0.11601927,0.16808148,0.41334137,0.061030842,0.17643125,0.14355801,0.25048804,0.01811515,0.46718356,-0.25450844,0.051989246,0.23202686,-0.10462288,0.35402998,-0.122895226
0.17927708,0.28195757,0.0943738,0.08550147,0.21458364,0.38049203,0.06564153,0.27935934,0.3709085,0.17017189,-0.063911535,0.30804485,-0.08363639,0.043330356,0.27683252,-0.08189298,0.33528545,-0.10515472
0.044661246,0.4957706,0.24925756,-0.21893127,0.4406212,0.4816911,0.1861335,0.36527282,0.24497183,0.1374804,-0.030886907,0.18619207,-0.10966465,0.35915104,0.3375299,-0.070402905,0.24894382,0.055254214
-0.12809944,-0.091071226,-0.1231798,-0.13007575,-0.0550568,0.0048374347,-0.30241042,0.039717577,-0.05173218,0.17996098,-0.003499018,0.21588625,-0.1790651,-0.20526408,-0.2592377,-0.29127958,-0.18952423,-0.25305688
0.038264375,0.2567718,0.22075619,0.388246,0.19290209,0.096723996,0.2657386,0.24012017,0.45041052,-0.0025599352,-0.11983962,0.06814083,0.47935665,0.071377605,0.09671921,0.005590598,-0.008747081,0.012928695
-0.015810426,0.20787299,-0.17541417,-0.09878684,0.1446644,0.27486113,0.0254106,0.2509691,0.021485835,0.099761635,0.21341515,0.25430435,-0.12600246,-0.18914913,-0.013374548,0.04859661,0.2289762,0.04232635
-0.070614986,0.06920404,-0.2874647,-0.11357408,0.058541425,0.29425973,-0.049556904,0.22263947,0.064201206,0.18664895,0.15047193,0.36519077,-0.26251748,-0.13772978,0.10076793,-0.2037949,0.3558132,-0.15162738
0.12410436,0.32899314,0.1679165,-0.067743994,0.31578,0.24409841,0.31617117,0.36485288,0.08027549,0.13674313,0.054545276,0.1870131,-0.063940085,0.08051935,0.33688802,0.0018190317,0.44552976,0.3343577
0.12881903,0.23936187,-0.070250444,-0.1414952,0.20610532,0.39359462,0.32404557,0.40633723,0.18764396,0.16378291,0.0372535,0.24729246,-0.07120888,0.0684341,0.31107897,0.026588498,0.49644017,0.110121086
-0.06098967,0.3996427,0.01019302,-0.014394024,0.28341267,0.40639147,0.31720892,0.48134193,0.28278482,0.17015857,-0.10631886,0.20672673,0.13912036,0.029062415,0.35573384,0.11292514,0.39863336,-0.03252975
0.05131625,-0.07315459,0.073336445,0.23495935,-0.059181914,-0.0036759921,0.3195199,0.015344417,-0.06828296,0.1103445,0.2502576,0.107624166,-0.17689118,0.18059875,0.18900868,-0.0073481817,0.2657294,0.37458465
-0.052175287,0.4252127,-0.09137073,-0.014989303,0.33577695,0.37018812,0.358178,0.58424515,0.18804576,0.21505387,-0.029906422,0.20499727,0.053883683,-0.017202659,0.3845313,0.15861508,0.4653727,0.06459967
0.2805724,0.3367059,0.015423929,-0.0329636,0.36909303,0.22730279,-0.07739832,0.22814706,0.21592714,0.21034232,-0.13470566,0.1319884,-0.26600063,0.27128857,-0.011339346,-0.24229635,0.0137077635,-0.2288859
0.054600354,0.29501,-0.009219355,0.095221266,0.26197633,0.37801543,0.23076804,0.37604553,0.21458942,0.11347734,-0.048874877,0.2068096,0.2194583,-0.11224808,0.2384035,-0.022539904,0.3177221,0.02241415
0.23046525,0.31572375,0.45131564,0.31406373,0.3306447,0.28214645,0.32751104,0.20903556,0.3958706,-0.08512695,0.10055382,0.044944167,0.3273167,0.33185676,0.21655,0.14945862,0.09416523,0.27561972
-0.1739011,0.23954485,-0.057123415,0.05531624,0.08215955,0.32700542,-0.084167965,0.1924542,0.36825216,0.156883,-0.005691785,0.35294363,-0.20614918,0.04444534,0.118833244,-0.07175939,0.20746389,-0.29434547
0.36374822,-0.14549538,0.22438848,0.26668787,-0.12997581,-0.12499356,0.3675062,-0.0108570075,-0.00473216,-0.14688899,0.07384986,-0.19405217,0.3556937,0.07771301,0.07287137,0.18587086,-0.034993187,0.3681925
-0.07062302,0.14665653,-0.1666536,0.13831115,0.10066014,0.26861358,0.18560173,0.12717284,-0.115091,0.09231206,0.14673024,0.046415992,-0.08899907,-0.16016942,0.035270967,0.2917241,0.17363769,-0.047582928
0.08212973,0.3746542,0.19597666,0.17712407,0.29176632,0.2121734,0.23358048,0.27249297,0.12583306,0.14262198,0.083257504,0.17723772,-0.18399343,0.048972275,0.31239694,0.17860706,0.39009655,0.15700825
0.113400765,0.11965515,-0.025950324,0.15741305,0.03433873,0.20719504,0.3567336,0.26442224,0.08446284,0.056547932,-0.050068833,0.0497905,-0.0517885,0.060881704,0.18457465,0.12904607,0.2650003,-0.0532565
0.15180942,0.09190826,-0.071537875,0.117687695,0.04512799,0.2694111,0.11213503,0.3041772,0.2893379,0.15133996,-0.1210345,0.20042555,-0.072665766,-0.043248914,0.25195512,-0.007998318,0.3375127,-0.19760361
-0.019026611,0.30882427,-0.17288445,-0.084401175,0.27837896,0.22122253,0.14812626,0.51341873,0.17104948,0.26173073,-0.16370034,0.28724444,-0.07723505,-0.1274258,0.1805878,-0.1942726,0.36515343,-0.15385336
0.4501273,0.26620322,0.29388744,0.2373051,0.18904728,0.112819776,0.20165287,0.10145407,0.32752845,-0.13024619,-0.086141415,-0.1298207,0.40179372,0.12027819,0.045504592,0.1260944,-0.09697253,0.001199237
-0.08664853,0.22148404,-0.25485218,-0.048323005,0.20185387,0.29657587,-0.11675944,0.16362491,0.109889746,0.24001326,-0.004426514,0.363635,-0.2084006,-0.24233204,0.12944837,-0.20806126,0.28129697,-0.23216392
0.11915408,0.17767769,-0.1699145,0.114174165,0.10417905,0.25026438,0.15440235,0.2986619,0.11505698,0.22735064,0.0213566,0.3703929,-0.20180331,0.060426943,0.26186353,-0.04955102,0.4625685,-0.022024188
0.025471585,0.021592395,-0.057550974,0.18285699,-0.089883156,0.17237133,0.034003865,0.096922226,0.19340241,0.14298142,0.053991776,0.17861044,-0.2094945,0.22553816,0.19610406,-0.043261874,0.105350904,-0.14232035
0.04389788,0.1762564,0.10735656,0.3021699,0.083128996,0.0693997,0.19145603,0.12593214,0.101092055,-0.12117054,0.045845304,0.0023241201,0.35150373,-0.02725341,0.08527272,0.1900583,0.12853165,0.24010378
0.071119025,0.30694562,0.002402436,-0.26614386,0.24447198,0.45000422,-0.0037819557,0.28389096,0.12419374,0.20772448,-0.03260767,0.17417695,-0.21943204,0.18811369,0.057908993,-0.2813643,0.04567179,-0.20031469
0.44408232,0.2659594,0.26524934,0.20497528,0.16730821,0.3235331,0.24273832,0.20457974,0.33010176,0.039834667,0.002769538,0.089191355,0.034162648,0.11324583,0.23322603,0.2775011,0.16411906,-0.106154814
0.23190133,0.33453152,0.1456482,0.25604025,0.31316492,0.08906781,0.356175,0.19218826,0.06408883,-0.12899852,0.065321535,-0.20686357,0.5425213,-0.12141993,0.028901365,0.36246243,-0.004338052,0.26775387
-0.07806006,0.025857821,-0.3286661,0.028126623,-0.012166454,0.20780723,-0.037191913,0.00013302895,0.0690121,0.24911174,-0.008358986,0.23106521,-0.21940716,-0.0012728749,0.02287091,-0.20514159,0.08086003,-0.2351228
0.023098152,-0.063883126,-0.18436573,-0.059612535,-0.12374993,0.056533977,-0.02747502,0.14728433,0.24021041,0.2342995,0.023712834,0.49672833,-0.15413684,-0.018930594,0.20489196,-0.06242013,0.35637504,-0.10012878
0.0795008,0.3549856,-0.04677281,0.03587404,0.35001543,0.33259642,0.17581236,0.40933818,0.11267978,0.2736642,-0.13114868,0.2502193,0.016712734,-0.06380037,0.20405902,-0.1914398,0.27676088,-0.0716553
0.25258723,-0.30350828,0.05488643,0.14199601,-0.27327904,0.0008076582,0.33207664,-0.18135539,-0.04666157,-0.037265148,0.2899577,-0.08928913,-0.04243998,0.18359865,0.20094953,0.22388779,0.111979604,0.31248033
-0.15653451,0.05083543,-0.2069782,-0.105265774,0.036602616,0.29733127,0.15131204,0.348575,0.15726544,0.21222524,-0.058373194,0.21891372,-0.17426707,0.004910525,0.35416397,-0.18017665,0.37191746,-0.14011902
0.083349995,0.24690588,0.26050776,0.30504805,0.12315461,0.11852722,0.21963722,0.29823038,0.26982227,-0.01320893,-0.13540205,0.06767101,0.4448353,0.10827559,0.14906856,-0.0060666665,-0.009055569,0.07246988
0.17952932,-0.061103392,-0.22277035,-0.04660192,-0.05862354,0.20794418,0.16081253,0.07475203,0.015582304,0.059673827,0.04755061,-0.026239067,-0.06370404,-0.15168935,0.17401974,0.18818577,0.2105548,-0.14312726
-0.018315949,0.36907256,0.10322063,0.1059993,0.22686803,0.38588554,0.07030343,0.39682233,0.17665674,0.15940058,-0.20513983,0.23296224,-0.13110542,0.03446597,0.16342096,-0.22884381,0.2527262,-0.16250761
-0.012860383,-0.29046062,-0.06293232,0.25174716,-0.25682515,0.06358512,0.19805133,-0.080535606,-0.11714169,0.07688935,0.19333877,0.086219706,-0.12266763,0.04956055,0.04992939,-0.028045736,0.05355737,-0.034860518
0.30279994,-0.10965958,-0.20808062,0.00504776,-0.11993991,0.0802355,0.15248953,0.12736247,-0.07257736,0.05125291,0.10176702,0.013430212,-0.1671706,-0.034799434,0.1412268,0.16217448,0.2675657,0.0057508205
0.39561665,0.3974954,0.20267002,0.17835972,0.34210038,0.17042036,0.30867788,0.29429445,0.24579717,-0.121615745,0.02075419,-0.12288199,0.50135,-0.10621802,0.15189087,0.44072413,0.089096345,0.13533977
-0.084077954,0.36567912,-0.07024559,0.004931789,0.19556503,0.40799254,0.068204425,0.43419728,0.2945162,0.18417199,-0.07949038,0.293899,-0.085140675,0.0658896,0.29048756,-0.09701691,0.3514574,-0.14579338
0.02642341,0.2385327,0.00838483,-0.07191707,0.15955701,0.18170619,-0.07015715,0.14343633,0.21102755,0.17942882,-0.13631755,0.1680609,-0.18376118,0.24308562,0.031349108,-0.250908,-0.012927787,-0.25293234
-0.111009754,-0.08508371,-0.22690494,0.042123828,-0.2049139,0.14289317,-0.22856046,0.103007,0.1233473,0.18838327,-0.098535925,0.31180018,-0.20353544,-0.13388468,-0.026581842,-0.18770702,0.07609235,-0.3536857
0.24599603,-0.07039738,-0.068309546,0.35513783,-0.08265857,0.040896997,0.26446792,0.023864584,0.24330565,-0.062527575,-0.045974556,-0.12291764,0.34975415,-0.03569198,0.03397419,0.21186413,-0.026939316,-0.074038304
0.071258664,-0.10078061,-0.20528477,0.067848355,-0.076865874,0.09529791,-0.114012554,0.066044405,0.16074973,0.25771728,0.08737486,0.23097676,-0.08119748,-0.08495664,-0.047512114,-0.22710977,-0.08887507,-0.19830415
0.18410683,0.38407922,-0.036701377,0.21488659,0.36196724,0.25750566,0.14038678,0.3677562,0.22143076,0.10905923,-0.10725711,0.18890026,0.1137601,-0.101708315,0.16717328,0.19855632,0.3163202,-0.095310554
0.35854715,-0.12543912,-0.008232688,-0.0877415,-0.050587747,0.006340148,-0.07583622,-0.04653402,0.1427803,-0.024142385,0.1902679,-0.026809974,-0.053917985,0.070255965,-0.014769541,0.12284779,-0.036106568,-0.0012886552
-0.017523693,0.20298794,-0.3026515,-0.10253268,0.23570624,0.29854417,-0.08558066,0.31232733,0.15225859,0.30008104,-0.04299871,0.36505854,-0.2065316,-0.172967,0.18841407,-0.28351855,0.3327319,-0.22680672
0.15400943,0.21813078,0.018668605,0.1498119,0.14306103,0.26031092,0.035595745,0.27678946,0.19283229,0.15185252,-0.18611245,0.101952754,-0.085719444,0.17844935,0.045819752,-0.28251967,0.05246355,-0.19874343
-0.07209517,-0.14053218,-0.19564056,-0.10777756,-0.16006985,0.10433726,0.26674291,0.17044173,0.065510295,0.13205153,0.12164192,0.21761844,-0.20877384,0.06739894,0.39141425,0.041867886,0.4937025,0.13235836
-0.004309543,0.33029875,0.0242499,-0.02785696,0.2569737,0.4165312,0.26265913,0.3308037,0.13645323,0.10640283,0.040286627,0.07459368,-0.08250194,-0.016619403,0.24685489,0.23266196,0.30324605,-0.075394206
0.15180026,0.21836403,0.25992587,0.14740486,0.2119989,0.20593937,0.43206197,0.0520467,0.09167092,-0.10487011,0.20070152,-0.1227016,0.052717008,0.23044935,0.26691914,0.3096081,0.21658826,0.38057974
-0.11638073,0.1888678,-0.049018852,-0.050020315,0.16730136,0.29983672,-0.07125032,0.116186105,0.03973922,0.14771901,-0.0033071549,0.14164719,-0.18873517,-0.16553503,0.032571837,-0.13900428,0.09480348,-0.20308642
-0.035493564,0.3482576,0.20930114,0.100090064,0.17984208,0.3416712,0.05486997,0.30005094,0.25320294,0.09451227,-0.11898602,0.29359904,-0.012536566,-0.007412808,0.1718206,-0.12395684,0.21327446,-0.1407022
0.16839647,0.4203927,0.38851392,0.035000212,0.34256315,0.34046793,0.15502837,0.37318498,0.28991807,0.018225808,-0.099188186,0.18002374,0.22073786,0.15735295,0.21460186,-0.06966307,0.21306452,0.21207164
0.2568015,0.25802386,-0.11509636,0.15691406,0.12999558,0.1700658,0.17368951,0.18421042,0.077813044,0.06638034,-0.07701771,-0.018630179,0.01724353,0.017912425,0.06516135,0.0963725,0.13603269,-0.13268974
-0.024692047,-0.26350284,-0.25459415,-0.35634667,-0.3047122,-0.06477977,-0.1734943,0.06547032,0.14613272,0.18966648,-0.047680944,0.18166612,-0.15285449,-0.0591821,0.17946872,-0.2207468,0.06465917,-0.19013359
0.43819624,0.3872092,0.30661452,-0.14238949,0.3771773,0.24253146,0.031374503,0.32794008,0.13752915,0.13585752,0.051274307,0.1409622,-0.13068323,0.1933672,0.12821156,-0.12593326,0.117203474,0.15396175
0.3299068,0.07250529,-0.09825686,0.33296168,-0.007398717,0.020168114,0.27549946,0.0039830157,0.080148585,-0.15923029,0.012754574,-0.19223218,0.4403736,-0.13740787,-0.021329531,0.24396597,-0.011213542,0.09273739
0.11639934,0.3232193,-0.11940156,0.12881503,0.30310637,0.37311542,-0.02091808,0.3018307,0.24366613,0.31344867,-0.07373415,0.24327202,-0.10811505,0.057786077,0.13633433,-0.16521032,0.14183237,-0.20590656
-0.110259555,-0.060653653,-0.18812278,-0.039717853,-0.11675144,0.2543257,-0.08959968,-0.04939697,-0.12274073,0.118095584,0.010269383,0.00914486,-0.3822131,0.22206223,-0.21084017,-0.37507913,-0.16167827,-0.27207133
0.31803244,-0.22921447,0.15584402,0.43280822,-0.22216181,-0.064083524,0.27164802,-0.0836508,-0.039032012,-0.086192444,0.15829484,-0.12530519,0.4335123,0.04894308,0.0041984944,0.27082992,-0.16372819,0.2733614
-0.08585011,0.07962684,-0.18576598,0.040312815,-0.018833369,0.22327977,0.19497131,0.29835227,0.03138644,0.16647361,0.017515985,0.14287196,-0.16404007,-0.038490076,0.19993831,0.12521945,0.28228116,-0.1258987
-0.11120836,0.17314455,-0.104323044,-0.113334,0.1227256,0.21103747,-0.10306254,0.29448706,0.019234374,0.26518652,-0.053352322,0.31816489,-0.19737117,-0.22919662,-0.048044164,-0.31244358,0.08953347,-0.20603906
0.07123586,0.3843494,-0.11554949,-0.15898533,0.35315922,0.34229136,0.13122669,0.214685,0.1923994,0.13849041,0.07773326,0.16351193,-0.09669061,0.15982568,0.17367554,-0.027890138,0.18777272,-0.14091225
0.23247063,-0.19167249,-0.23668052,0.17381719,-0.21917254,-0.01339807,-0.0014542718,0.0014364552,0.22230576,0.108575724,-0.014416663,0.10514267,0.03987743,-0.097800866,0.07186393,0.013412473,0.057826485,-0.20720632
0.012380049,0.34878257,-0.08064908,0.020549763,0.2568385,0.31343168,0.20157455,0.49074718,0.10046743,0.17181033,-0.15910447,0.13575566,0.034123033,-0.15632527,0.1847907,0.00129557,0.30110353,-0.08148517
0.34833738,0.34148827,0.009056959,0.15283456,0.21698295,0.37423924,0.16963871,0.2772738,0.166204,0.08059908,-0.04655375,0.11982157,-0.034841314,0.021778563,0.1690246,0.18353644,0.25938615,-0.15797354
0.13679999,0.33921304,-0.011078823,0.15270583,0.28398773,0.28048646,0.24258108,0.19306602,0.17313461,0.012851388,0.082835466,-0.024890749,0.078203484,-0.034531146,0.11516516,0.33452803,0.17782445,-0.032336127
-0.013166137,0.37854522,0.22523135,0.13925828,0.24748832,0.39200088,0.12581299,0.35394058,0.2945328,0.11240956,-0.18644622,0.30328614,-0.1088045,0.10756568,0.2514105,-0.1238847,0.29059058,-0.20047891
-0.022981387,0.30788586,-0.13181049,-0.12526451,0.29079598,0.3008145,0.070258394,0.25748196,0.14081109,0.32675865,-0.067635216,0.21618631,-0.22967875,0.16884194,0.098082714,-0.2289164,0.09630848,-0.18095371
0.20556898,-0.052414216,-0.18999736,-0.038012587,-0.15368833,0.035565086,-0.09554828,0.09192336,7.351558e-05,0.23268723,-0.0027925977,0.38735095,-0.21870874,-0.10469781,0.030436281,-0.21814752,0.19969538,-0.11946442
0.5092146,-0.138084,0.046523355,0.034219906,-0.1301547,0.014940586,0.19498202,0.0005176079,0.06970406,-0.11531522,0.12681462,-0.177203,0.22524779,-0.051143512,0.09625457,0.3472698,-0.03356792,0.090438485
0.28033617,0.34068045,0.24178372,0.21881986,0.18416816,0.084984496,0.21031506,0.2592161,0.264145,-0.050890967,-0.16529335,0.055585906,0.36318305,0.1662214,0.052771103,-0.0098666595,0.0099946335,0.01614391
0.13713501,0.22860762,-0.04929213,0.089065306,0.21167347,0.46985242,0.3383889,0.26870814,0.0826081,0.11618503,0.00928888,0.063337386,0.040122736,-0.03551289,0.21631075,0.20822236,0.3458598,-0.043422483
0.07486199,0.26079318,-0.0664216,-0.09268673,0.26073214,0.31110373,0.14516017,0.5006347,0.29810688,0.16038698,-0.0745534,0.22142828,0.017031379,-0.19096789,0.32926974,-0.007517761,0.43227315,-0.042925112
0.2773801,0.46049154,0.15443899,-0.21016614,0.49613282,0.21271686,0.22821587,0.5077955,0.34523374,0.12719777,0.047172084,0.12066521,0.046653006,0.04386505,0.3768386,0.11997565,0.3404948,0.14946815
0.10975997,0.12354921,0.3315092,0.39292693,0.114265785,0.12621623,0.26587814,0.20940924,0.27536616,0.0966226,-0.12153532,0.1394726,0.009693383,0.2549945,0.21161745,-0.10471575,0.10647402,-0.06116381
0.0035431192,0.36240634,0.12826651,-0.09690795,0.30285382,0.35323134,0.444828,0.5052231,0.16101444,0.20716426,-0.056604348,0.25433877,0.042571127,0.057059906,0.3142677,0.1360764,0.416061,0.08918503
0.33583197,-0.072674364,0.3588011,0.1942057,-0.087186225,0.014686314,-0.043552745,-0.017899487,0.14068092,0.07639416,-0.023635613,0.17426366,-0.1443101,0.18930069,-0.009425113,-0.21132159,-0.087651394,-0.046570383
0.09641432,0.12889442,-0.12635086,0.06627792,0.080740064,0.1728886,-0.11998249,0.28669524,0.15804216,0.20457596,-0.13669209,0.18398617,-0.09846182,-0.16103522,-0.06670177,-0.23539454,0.052590463,-0.32481372
0.3452844,0.15334877,0.31488758,0.20816283,0.15246397,0.16919558,0.03320275,0.20418079,0.18285955,0.17700008,-0.08768288,0.2492454,-0.13454388,0.20533668,0.08178726,-0.18490066,0.07909075,-0.057456426
0.38586038,0.1518148,0.24587864,0.4231579,0.11628866,0.061077446,0.24737586,0.09282085,0.30835316,-0.10794175,-0.12583092,-0.09885991,0.46813753,-0.017785186,-0.003966615,0.08659557,-0.095212914,-0.015521234
0.05757794,0.12445829,-0.07733739,0.09859606,0.09318838,0.14749865,0.040941168,0.23467365,0.3213436,0.12576978,-0.122011416,0.24714139,0.21492596,-0.110393874,0.05636572,-0.0941753,0.16031955,-0.1997365
0.1097636,0.0029798243,-0.10943571,0.03848704,0.015874328,0.18038811,-0.046646655,0.11879425,0.08692565,0.19693846,-0.028695555,0.09872045,-0.13935353,-0.018628664,0.06492002,-0.18003619,0.0689449,-0.27909422
0.47612563,-0.186925,-0.059002176,0.18970048,-0.1649542,-0.05688605,0.064914875,0.025298052,0.17958112,-0.0053171054,0.070692435,-0.056486532,0.07943762,-0.13494903,0.13926882,0.36147946,0.060224015,-0.06700358
-0.0246204,-0.03656598,0.25250113,0.3998731,-0.038507305,0.20950848,0.29957333,-0.04940021,0.0008156181,-0.13910355,0.26700404,-0.03484977,0.3703477,0.011442486,0.0040280577,0.27778348,0.013880188,0.43086836
0.32219955,0.33926898,0.4295304,0.46200567,0.24043545,0.08696802,0.25109026,0.22610602,0.29751053,-0.0040401565,-0.18084584,0.027259987,0.42334715,0.21658647,0.116601,-0.034253914,-0.04735669,0.070302546
0.015342649,0.3138412,0.0012578536,-0.13165003,0.29953808,0.37784928,0.23673698,0.5509833,0.23929705,0.31557614,-0.06798957,0.35994825,-0.17288382,0.11785196,0.235215,-0.15851328,0.3230571,-0.06946394
-0.14048998,-0.14645407,-0.07439277,-0.08604463,-0.16973089,0.14127778,-0.2537094,0.15644714,0.08003889,0.1782227,-0.11206401,0.20745371,-0.3276617,0.019172912,-0.050851405,-0.38477615,-0.020657942,-0.34179223
0.3669662,0.14743,0.26230302,0.13390099,0.23518153,0.15793645,-0.04443564,0.10145302,0.15029065,0.11851635,0.025896955,0.12270135,-0.12590027,0.10739734,-0.037366707,-0.10399809,0.010567654,-0.04171295
-0.007848295,0.3762931,-0.06778761,-0.12477573,0.4451679,0.25079086,0.011777823,0.20666753,-0.033485014,0.24898353,-0.03355577,0.120143935,-0.26274922,0.11018306,0.1384982,-0.26841408,0.13639233,-0.08068166
0.090181164,0.14721608,0.020826314,0.03879231,0.18653953,0.15963127,0.13923419,0.359798,0.18967718,0.23115788,0.0606606,0.17984663,-0.044464555,0.100910224,0.14046541,-0.18696181,0.113667555,-0.0068204473
0.031662643,0.11668898,-0.21075054,0.20215458,0.05875491,0.111019544,0.19426869,0.27269846,0.11577563,0.21624841,0.03552932,0.3125464,-0.16041622,0.018905144,0.2547657,0.04665704,0.41327384,-0.025879864
0.034034744,0.23754506,-0.12145021,0.09652603,0.1883738,0.33390146,0.22457449,0.43517295,0.22101668,0.2559521,-0.024489056,0.36716923,-0.14015697,-0.099717245,0.370767,-0.002668769,0.49465248,-0.120131016
0.16998526,0.15288782,0.22995977,0.10964322,0.1680003,0.3567294,0.11375113,0.1403587,0.16904232,-0.00027758628,0.21018872,0.1767966,-0.07700277,0.028346835,-0.025734594,0.10413408,0.16036607,0.06813306
-0.052299768,-0.40632635,-0.33435237,-0.15830469,-0.44228172,-0.031542946,-0.1757564,-0.11732138,0.042304907,0.063260995,0.006751516,0.11837618,-0.2341662,-0.061974075,0.035939615,-0.13519478,0.030168708,-0.28852925
-0.0625856,0.14927833,-0.20961122,-0.0338025,0.20799994,0.046034005,-0.05714106,0.11862112,0.40224594,0.1964566,0.045134977,0.27781484,-0.21226646,-0.019519916,0.291714,-0.028436426,0.310367,-0.2237212
0.014832949,0.22870296,-0.12387949,0.011039834,0.18778832,0.31401142,0.20410283,0.5121659,0.37116134,0.30458304,-0.08039142,0.32118767,-0.13458169,0.12721,0.37313092,-0.07638844,0.44808543,-0.0930152
0.012541799,0.18785979,-0.18981682,-0.13750447,0.11427659,0.34627587,0.12736803,0.49773628,0.08261203,0.2090361,-0.10656174,0.25963065,-0.048272073,-0.13228549,0.06608826,-0.016343886,0.30249885,-0.15254901
0.045212064,0.37400573,0.025752906,-0.031764485,0.18987784,0.18725039,-0.023893364,0.3151079,0.23376985,0.15138157,-0.122325644,0.36193913,-0.10734648,0.017489742,0.10955334,-0.094376534,0.2396068,-0.14572464
0.1997285,0.35904452,0.07442843,-0.04923785,0.2590684,0.43021658,0.16078235,0.48715937,0.25819102,0.16047487,-0.126359,0.17314012,-0.040570118,0.021620607,0.26160294,-0.06470986,0.31231502,-0.084142305
0.09853775,-0.08735521,-0.13349138,0.15244043,-0.11952266,0.040141027,0.29494077,-0.014007779,-0.054558564,-0.03023804,0.12663712,-0.17148158,0.14100473,-0.08543793,0.075504005,0.3715959,0.0044585885,0.05948217
0.051254608,0.38731304,0.3677124,0.23717514,0.3346179,0.29270113,0.3504356,0.3614986,0.13524891,0.02457589,0.033012774,0.16250587,0.3349841,-0.013604368,0.24497318,0.13768424,0.27890468,0.36937204
0.33286276,0.30422533,-0.13613343,-0.082256764,0.28930798,0.3111696,0.051903073,0.33917874,0.060659684,0.25706,-0.116844065,0.15784737,-0.0996405,-0.18157166,0.11740078,-0.10278318,0.2314851,-0.2139903
0.15502281,0.03685167,0.071342446,0.03246408,0.0872364,0.088768676,-0.0879355,0.07025033,0.045191348,0.07896904,-0.13803856,0.03841394,-0.121967226,0.100667015,-0.12002012,-0.24834454,-0.08783214,-0.25715965
-0.070220076,0.17568828,-0.1524062,-0.14984564,0.15758878,0.21809638,0.106542744,0.5209595,0.2403139,0.25254717,-0.13403535,0.17698483,-0.109812245,0.036074877,0.21565546,-0.30806714,0.24285032,-0.10347881
-0.050119214,0.20707384,-0.08838364,0.2383397,0.12955205,0.08895593,0.34885165,0.33104175,0.090738714,0.024204882,-0.066859014,-0.094155625,0.4878723,-0.17800324,0.11941704,0.09942704,0.09923993,0.10316804
-0.033733353,0.15488355,0.11677055,0.06421164,0.12262192,0.16220781,-0.09007857,-0.065571815,0.03306412,0.050968304,-0.14710182,-0.037772194,-0.17825222,0.2808425,-0.17030758,-0.15153702,-0.23236877,-0.26302963
-0.025927093,0.01704883,-0.007208094,0.050308872,0.047813516,0.17923193,0.39508924,0.17699726,0.1070768,0.1279493,0.19069,0.10354679,-0.08387454,0.15629368,0.39418477,0.10202866,0.45628724,0.38003144
0.010538023,0.33059236,-0.09837424,-0.14214554,0.31944653,0.34105948,-0.0062333746,0.1376357,0.0070125493,0.17856924,-0.11046007,0.07009761,-0.18068641,0.04563542,0.008568641,-0.30375743,0.02434728,-0.23630317
0.38166898,0.049677406,-0.21822304,0.0136007015,0.014882937,0.06950102,-0.06322648,0.12240402,0.008474004,0.15507095,0.10953674,-0.016390992,-0.1613364,0.10157287,0.022270141,0.064562306,-0.0190721,-0.070540786
0.28932008,0.17554228,0.13694699,0.2996472,0.19662689,0.31761244,0.2850293,0.13030645,0.2952778,0.011880636,0.009882206,0.041617002,0.18474187,0.035621475,0.23444492,0.2585949,0.19094427,-0.044909373
-0.051321276,0.34073788,0.04050571,-0.015109382,0.20504977,0.35144517,-0.045521654,0.26763237,0.1990394,0.09955673,0.03387835,0.23533127,-0.10249447,0.029581314,0.18358387,-0.014130803,0.1691163,-0.1427721
0.004000867,-0.21794407,-0.24308738,0.11735445,-0.2210822,0.09635588,0.25905347,0.2218061,0.071281426,0.10573903,0.07729701,0.1136865,0.0044113714,-0.14299658,0.21774063,0.13251948,0.30830717,-0.009563638
-0.086636424,0.16110633,-0.12145761,0.1260842,0.19709662,0.3112672,0.060545396,0.21377851,0.08652546,0.09067853,0.29460886,0.22015582,-0.11125148,-0.26789108,-0.0045984183,0.17596588,0.27981365,0.04352283
0.32766682,0.27258405,0.123287395,0.28844023,0.14117339,0.029964922,0.21913196,0.025441622,0.18451025,-0.12343449,-0.11021117,-0.18594062,0.3989883,0.07728341,-0.0069406587,0.061410703,-0.12837353,-0.0059770294
0.13216889,-0.26834184,-0.24626368,-0.18357861,-0.29193825,0.045364633,-0.21355562,-0.24348073,-0.20243162,0.12530047,-0.10882715,-0.04422171,-0.21536747,-0.004319967,-0.18060666,-0.26666626,-0.22633988,-0.21226953
0.28415054,0.27930936,0.09604957,0.19969743,0.26387924,0.059422355,0.37769246,0.16160308,0.10824524,-0.181233,0.10028414,-0.20206144,0.46738943,-0.10134179,0.14962935,0.39784563,0.14716332,0.26968455
0.022722209,0.46524286,0.28862864,0.043444153,0.5403476,0.2872482,0.3706768,0.25578582,0.11332642,0.09868824,0.2589152,0.119799525,0.033356715,0.2174585,0.27518982,0.1904787,0.31264785,0.5236012
-0.031187031,0.3496043,0.10657856,-0.0072032153,0.25927964,0.27970713,0.28090546,0.43430924,0.2499099,0.1387608,0.027911212,0.10975178,-0.08360324,0.16258797,0.2668455,0.13396913,0.22189623,-0.0026817643
0.39446965,0.28647676,0.14803264,0.114116944,0.23134601,0.12161664,0.31682062,0.34123558,0.17739086,-0.038812757,-0.020549923,0.061810084,0.42437658,-0.1991001,0.212251,0.30747294,0.32561022,0.22417513
0.22141829,0.36808112,0.12099239,0.058398627,0.34236816,0.1532371,0.26065186,0.30359334,0.4076478,0.022854142,-0.06196361,0.12385153,0.41893324,0.11467849,0.23519774,0.075158976,0.20130773,0.14066367
0.11287198,-0.029933631,-0.30187365,-0.05109197,-0.040594634,0.14144848,-0.11893935,-0.04517102,-0.052655734,0.18171294,-0.12904139,-0.07116076,-0.23786801,0.030095138,-0.09958627,-0.29049692,-0.100924626,-0.2980763
0.20563968,0.23418301,-0.034354128,0.057193696,0.19068949,0.291469,0.038294204,0.30945554,0.14186029,0.20894372,-0.15084043,0.20761354,-0.06093109,-0.0931704,0.10741111,-0.20449597,0.20203234,-0.2356949
0.11147757,0.3709413,0.057332397,-0.026926946,0.40256804,0.26181594,0.06102888,0.3817835,0.32802054,0.14016235,-0.008331199,0.19478759,0.14603607,0.088371634,0.1459775,-0.2042245,0.13504015,-0.051156256
0.22119853,0.2758082,0.16958204,-0.055075314,0.33032182,0.21816729,0.2685542,0.34269625,0.045126818,0.119037494,0.13364862,0.16605599,-0.09087966,0.018989565,0.25801063,0.08808422,0.4185244,0.37239876
0.12087846,-0.038940847,0.08765511,0.041494057,0.02300073,0.17497283,0.37524801,0.1725792,-0.045048714,0.11862964,0.16174549,0.017044166,-0.09358636,0.29753157,0.22656432,-0.019812189,0.22912225,0.32776153
0.2523544,0.0022856472,-0.15937947,-0.10927365,0.0031830794,0.012365587,0.3193681,0.27519673,0.16950308,0.052672975,0.07530989,-0.031636104,0.0680294,0.04919961,0.37452924,0.21474656,0.31250876,0.10090653
0.37355775,0.28914702,0.32229704,0.032247182,0.18034618,0.34135333,0.15961619,0.29238892,0.13695568,0.13216886,-0.080820635,0.22010355,-0.16341071,0.32321566,0.13887843,-0.17868999,0.15419823,-0.048661068
-0.1286127,0.1884653,-0.18500152,0.0031654516,0.13716291,0.34847304,0.03586743,0.15353566,0.28318626,0.22222202,0.048913203,0.2868329,-0.34474316,0.17700785,0.2607562,-0.22566922,0.28817677,-0.27754885
0.1314035,0.2622045,-0.09199417,0.1267502,0.17159075,0.18200685,0.20744757,0.22528699,0.21720298,0.050904293,-0.034470923,0.12457158,0.26746646,0.004090004,0.20236248,0.07669205,0.2438571,0.049487684
0.10479325,0.15079202,-0.10192692,-0.22618654,0.0883445,0.35053018,-0.15126495,0.23754543,0.021786803,0.21733424,-0.15385178,0.109229244,-0.23745897,0.02045691,-0.14628556,-0.35249805,-0.055304557,-0.2695471
0.17786348,0.41034958,0.27414414,0.030332329,0.3920423,0.3633152,0.06336604,0.2770402,0.34666476,0.07364714,-0.14249012,0.19922805,0.29595643,0.06675432,0.0131489895,-0.09987019,-0.015641421,-0.10678865
0.20180221,0.04818285,0.20354745,0.26328635,0.011323608,-0.07638663,0.3072503,0.13380286,0.21097451,-0.14258236,0.020828908,0.003002247,0.4835047,0.07301598,0.12625064,0.14491549,0.06374631,0.2701725
0.03469543,0.0975158,-0.13731648,0.23311445,0.070429936,0.20837057,0.23946345,0.10216748,0.123437054,-0.013929258,0.054952547,-0.03877349,0.19297312,-0.0049525253,0.12991631,0.3153407,0.16472211,-0.008926075
0.111162454,0.096057095,0.00029214565,-0.006623286,0.02283906,0.27036637,0.11263517,0.39638588,0.1217872,0.2746006,-0.016798224,0.26334724,-0.06751259,-0.009700645,0.082713984,-0.13476244,0.15919383,-0.018857494
0.23206395,-0.2623973,0.01203127,0.21517967,-0.23161355,-0.1310267,0.2566613,-0.09616689,0.11480812,-0.068713084,0.12776561,-0.119574174,-0.02833844,0.0060136328,0.32976192,0.27384135,0.18646896,0.13866942
-0.008346135,-0.24840729,-0.2616955,-0.0066989996,-0.27067038,-0.11258343,-0.2805866,-0.14656691,-0.20944257,0.22988227,-0.025691893,0.23018432,-0.24578352,-0.30184186,-0.13807313,-0.30546993,-0.06886346,-0.19629389
0.05228403,0.2878724,0.009737587,0.26793417,0.21627754,0.17714384,0.31508824,0.20914131,0.1530416,-0.029106831,-0.12697865,-0.027809303,0.3562837,-0.14376636,0.078344345,0.14549422,0.13593096,-0.037865207
0.105864145,-0.24979477,-0.018167894,0.05232407,-0.17207958,-0.014791482,0.25033674,-0.09373606,0.044201273,-0.0073551154,0.3082722,0.022603454,-0.16459997,0.2071881,0.32340673,0.19579366,0.28614527,0.24445133
0.0054280795,0.29037884,0.010493638,-0.01795135,0.14984018,0.39000958,0.19332331,0.26663998,0.32355377,0.17659461,0.049189705,0.33885017,-0.17279775,0.046596076,0.44713306,0.1201314,0.51045847,-0.034095533
0.14853482,0.15317157,-0.20666838,0.16359009,0.09632627,0.27433822,0.15463883,0.31006038,0.1638625,0.17930603,-0.065097824,0.22860485,-0.11698124,-0.19818063,0.23341839,0.045408458,0.38289663,-0.22284506
0.054839835,0.44121546,0.013832427,-0.042112283,0.31008178,0.40609127,-0.09087557,0.24170543,0.16068384,0.1645998,-0.08490482,0.2357297,-0.1539747,0.07474343,0.070066296,-0.1996185,0.06446322,-0.25419292
0.07344431,0.43493947,0.034937102,-0.20437846,0.3693896,0.39933985,0.20489554,0.4529605,0.3023978,0.2513764,-0.009710464,0.27149883,-0.1363632,0.2963046,0.33992523,-0.20573217,0.33894882,0.046725575
0.18952115,0.28162134,0.21476378,0.2828138,0.27882838,0.14141272,0.36673576,0.23176022,0.1744934,-0.06978817,-0.039871704,-0.07459314,0.4332103,-0.018985007,0.0951669,0.2905698,0.106283054,0.1945859
0.35048255,-0.037043788,-0.1853758,0.08797392,-0.012699735,0.082539916,0.15710692,0.13766634,-0.045263976,0.069354825,0.064700216,-0.01746691,-0.095857196,-0.27534074,0.10314936,0.32464188,0.19452468,-0.11728922
0.30833033,-0.025930438,-0.26404858,0.12624787,-0.07812706,0.044694778,-0.08482004,0.15612012,0.120326094,0.17255121,-0.1549059,0.17179269,0.02397486,-0.20372823,-0.031687316,-0.1820326,0.06980785,-0.29631466
-0.01042107,0.11501242,-0.08473863,-0.17933181,0.12104275,0.26938626,0.16779676,0.4185677,0.18934008,0.287575,0.04709808,0.304397,-0.19080263,0.033128478,0.24728283,-0.222949,0.33513063,0.017532311
-0.049305893,-0.2459741,-0.26802394,0.051585346,-0.28596848,-0.01586268,-0.18093897,-0.16844203,0.057157382,0.13296151,-0.09808516,0.16123238,-0.23400417,-0.039863892,-0.16748197,-0.28709984,-0.12727162,-0.35212734
0.00697528,0.320763,0.12077579,0.11194209,0.1498744,0.17935804,0.17383024,0.2501705,0.3164671,-0.044256054,-0.072432205,0.09280767,0.33589235,0.14196187,0.10856888,0.11764052,0.07167127,-0.0041910806
0.3343002,0.44605374,0.3325291,0.3932417,0.34563968,0.26054525,0.2617443,0.44719362,0.33789176,0.10155271,-0.14253527,0.19980842,0.35516825,0.010242896,0.30689755,0.14107797,0.23968083,0.06417637
0.3550982,0.1666665,0.21286242,0.16967879,0.17548276,-0.11053987,0.2356325,0.15307467,0.29095715,-0.10110106,0.013676466,-0.10712703,0.521233,0.024505856,0.08462175,0.13600387,-0.07843568,0.19867554
0.22146371,0.25002944,-0.011992796,0.33854252,0.12924506,0.09664237,0.18424155,0.2909438,0.30482507,0.008056973,-0.12592115,0.092597045,0.4312806,-0.00084225636,0.076989986,0.04734263,0.10216342,0.0029348359
-0.17135116,-0.3213102,-0.087086216,-0.16933607,-0.3096998,-0.0825489,-0.24236394,-0.0970881,-0.09188349,0.13906951,0.1802044,0.049288854,-0.17638639,0.07524774,-0.28508538,-0.20198864,-0.37096357,-0.02239296
-0.07261245,0.11894754,-0.24504091,-0.16482122,0.028282432,0.24838153,-0.14618528,0.25301337,-0.0059473095,0.22482598,-0.06080077,0.17053914,-0.24926856,-0.079810806,-0.055123303,-0.42853552,0.07671721,-0.14320353
0.19017605,0.2580081,-0.21291742,0.049730644,0.3194176,0.21993166,-0.22059056,0.10835636,0.18535383,0.23388404,0.047392584,0.2721942,-0.18974243,-0.03407058,0.062297516,-0.2258248,0.10307436,-0.24860092
0.4454414,-0.13535258,0.11954596,0.16656107,-0.11615413,-0.0862886,0.29900923,-0.044875335,-0.009240372,-0.11194461,0.15454143,-0.1660516,0.26958817,-0.011200115,0.091760255,0.31834546,0.0028653755,0.33507994
0.011501472,0.27633914,-0.22077262,-0.037920915,0.21991341,0.4280587,-0.074866295,0.17702034,0.11838614,0.25977653,0.013509766,0.34853342,-0.20024079,-0.04044779,0.14560893,-0.23670365,0.2413569,-0.24647823
0.11823328,0.10165422,-0.09592204,-0.0073154336,0.15192907,0.22328739,0.09671941,0.14445135,0.025106532,0.26114765,-0.041120254,0.2132549,-0.26140323,-0.10108438,0.1647936,-0.25986272,0.24063921,-0.1692762
0.12508394,0.38651326,-0.020362386,0.16632321,0.31595263,0.37015727,0.28169808,0.2693703,0.21544477,0.12510672,-0.035470877,0.07813721,0.22932847,-0.059069365,0.18960387,0.14722385,0.19890136,-0.05982298
0.25145984,0.32744685,0.06247074,0.28053585,0.17306644,0.08384069,0.2623701,0.10082187,0.2550253,-0.090202205,-0.047397662,-0.096817054,0.3482586,0.103597924,0.08021926,0.1476823,0.008938146,-0.001195318
0.30581054,0.551714,0.38770655,-0.053249754,0.46013597,0.46900463,0.18422002,0.52989185,0.2936064,0.20139337,-0.08246084,0.30871916,0.031176716,0.22847062,0.30684888,0.0023893313,0.28534263,0.113589376
0.07316269,0.20642538,-0.1000066,-0.018870214,0.12790582,0.16283919,0.057375494,0.33437562,0.3293068,0.124078214,-0.06772472,0.27528298,-0.089109585,0.10402827,0.143549,-0.0985528,0.27081606,-0.19396219
0.14199547,0.26452294,-0.06488513,0.040978663,0.19033352,0.32307848,0.2897066,0.26722366,0.09845119,0.13959256,0.030722564,0.13915817,-0.055035233,-0.028278641,0.24672717,0.27739727,0.29288274,-0.0997777
0.069279045,0.4169432,0.01696674,-0.15822232,0.3435303,0.4537788,0.20973946,0.46193856,0.25105742,0.18990453,0.004085333,0.28290084,-0.1252918,-0.045392267,0.39498496,0.05667926,0.47304046,-0.010147704
0.019698806,-0.23333192,-0.02733916,0.16644669,-0.26307604,-0.018712334,-0.016016405,0.044535235,-0.124991365,0.27815932,-0.078661695,0.27946296,-0.18625121,-0.090114996,0.0048159426,-0.25615665,0.011646199,-0.1704814
-0.019764695,0.26770973,-0.062356394,-0.07621868,0.30363548,0.2540725,0.06303012,0.1960893,-0.0025596304,0.24914688,-0.082481764,0.08599244,-0.16177419,0.12322687,0.08586702,-0.24079368,0.04479759,-0.13955614
-0.1106797,-0.11530847,-0.3102167,0.0008885156,-0.06614495,0.041073352,-0.16029854,-0.022475624,0.08348042,0.15202767,-0.14958987,0.2421357,-0.1619763,-0.24551375,-0.09983016,-0.17107014,0.10687884,-0.37330204
-0.0985037,0.04661528,-0.16562164,-0.17871594,0.0020220913,0.21114789,-0.03772927,0.19448367,0.015521517,0.16352808,0.0537951,0.016693827,-0.20042926,0.34843922,-0.060469527,-0.34468678,-0.12587069,-0.08871084
-0.051708948,0.27474153,-0.12090545,-0.2247557,0.2303974,0.28940913,-0.0534798,0.38898095,0.1720605,0.18092827,-0.14171696,0.32259613,-0.044912573,-0.08754259,0.05545043,-0.31576106,0.19057736,-0.20793107
0.45530418,0.039374013,0.385194,0.45931226,0.0014041709,-0.12571453,0.31467885,0.016664162,0.34089836,-0.13834132,0.058537602,0.0010948231,0.4672231,0.13457206,0.15906303,0.33325472,0.007903126,0.27999786
0.059194922,0.14315206,-0.11803849,0.047905035,0.043009914,0.30334586,0.3305872,0.33842617,0.20909639,0.06862714,0.08585977,0.12384645,0.047825594,0.041623406,0.34984758,0.13947712,0.39508817,0.066162735
0.2321671,0.20935397,0.13676965,0.0966813,0.26097447,0.15502074,0.2779131,0.1606184,0.19662963,0.014800922,0.13207942,0.0603047,-0.08470656,0.10433858,0.3208515,0.21447042,0.39354682,0.22382632
0.418684,0.0076818923,-0.08342336,0.2156519,0.005482846,0.15423484,0.038996983,0.19723542,0.20698103,0.26211822,0.118609376,0.27376726,-0.03674784,0.0027364981,0.21630076,-0.025187764,0.16595551,-0.06237815
0.12414872,0.14360571,-0.098801225,0.2632327,0.17359027,0.26279786,0.20606093,0.102447145,0.1627337,0.05140671,0.118160106,0.11304835,0.09916429,0.041084904,0.1626357,0.15725079,0.24108979,-0.009479406
0.03421669,0.4049758,0.10766893,0.0046505798,0.3116274,0.36789948,0.2970894,0.5369586,0.15982701,0.19359764,-0.09489162,0.2993564,0.068657726,-0.019750921,0.29511097,-0.04653389,0.41109157,0.111121744
0.0043335883,0.1279939,-0.16917582,0.2701554,0.089909695,0.1433824,0.27526838,0.4143278,0.19532004,0.23028259,0.011759471,0.13547865,0.06480799,-0.0012666669,0.25306192,0.025867669,0.2683366,-0.062223505
0.13369764,0.3237684,0.09698335,-0.060346298,0.32981738,0.3538598,0.11044388,0.3060699,0.15387547,0.112370186,0.19471832,0.28582793,-0.17427637,0.023164665,0.20118535,0.069056354,0.3824125,0.18946078
0.4652482,0.1201461,0.32075083,0.39682186,0.05811995,0.012354296,0.236117,0.07760675,0.3854927,-0.1424981,-0.01586371,-0.051526163,0.4109102,-0.028737478,0.16911829,0.34440216,0.04697885,0.12405437
-0.061617713,0.06163849,-0.2648353,-0.07319663,0.07992276,0.2613994,-0.047387656,0.23459421,0.11065892,0.2292225,0.011539821,0.22843862,-0.21577789,-0.18772437,0.16054168,-0.15200783,0.23635863,-0.24460569
0.3630828,0.13128968,0.0064783725,0.11171367,0.121853516,0.23871262,0.016539237,0.28158742,0.3698477,0.121152945,-0.08175309,0.24013315,0.14498816,-0.19631898,0.20540206,-0.046678063,0.25067863,-0.18932949
0.24239828,-0.15344079,-0.2015842,0.0763627,-0.12142064,-0.049628984,0.2084996,0.24923922,0.2562135,0.16038573,0.038920313,0.145161,-0.13443354,0.054420166,0.36405978,0.006808217,0.36891544,-0.06180635
-0.021047058,-0.13531059,-0.043939337,-0.1889242,-0.20242347,0.06651171,-0.20779607,-0.15833005,0.052249957,0.07325135,-0.03038185,0.10778242,-0.33993158,0.2504589,-0.068032384,-0.12700656,-0.125525,-0.34745374
-0.02698809,0.36997798,0.19143683,-0.04353155,0.27452052,0.3888829,0.07931191,0.47197878,0.17034622,0.24792106,-0.086810365,0.46454135,-0.08268127,-0.070662774,0.21534333,-0.13869368,0.3201541,-0.053165328
0.080770895,0.35971066,-0.078058586,-0.13811663,0.35040787,0.5213462,0.07951587,0.38553846,0.28261977,0.20263146,-0.044753928,0.2933998,-0.11545898,-0.017423475,0.32448265,-0.14978603,0.40319586,-0.1747587
0.020313969,-0.003497337,-0.15057191,0.004049309,-0.080630496,0.16090396,-0.12216301,0.18199396,0.121295415,0.18411376,-0.19655177,0.17397417,-0.19669902,-0.020146567,-0.05039991,-0.2886688,0.06585213,-0.3388928
0.077778846,0.089658745,-0.15380503,0.08336617,0.06566153,0.07342844,-0.07410998,0.34047648,0.21867867,0.21616057,-0.055671368,0.2828531,0.012715679,-0.1416853,0.12007956,-0.17610951,0.16735426,-0.14719853
-0.0032192173,-0.31550425,-0.27608508,-0.19080713,-0.35246968,-0.04390021,-0.30834627,-0.27421293,-0.16494203,0.07545423,0.030831784,0.019866953,-0.38580942,0.00030900585,-0.15669928,-0.24714456,-0.17971167,-0.35494223
0.28771186,0.3087153,0.11842726,0.22213688,0.20201884,0.06263597,0.28489962,0.17059955,0.22810125,-0.057732627,-0.0013660486,-0.097244225,0.3499007,0.28474286,0.13739261,0.20863786,0.040937636,0.1984451
-0.072307505,-0.07116876,-0.0950812,0.0062383506,-0.13397363,0.071407095,-0.013035573,0.097741805,0.25186798,0.19958818,0.045204047,0.2301052,-0.2070194,0.1432817,0.15832718,-0.016522927,0.08168951,-0.247425
0.12412116,0.24225293,-0.13349557,0.0127562415,0.1604134,0.06370154,0.19163622,0.22702968,0.10587351,0.03009621,-0.07124184,-0.049325615,0.12490918,-0.018296627,0.06799517,0.08336805,0.1029105,-0.08463321
0.0581097,0.24488534,-0.14165825,-0.08866679,0.1693595,0.28069305,0.07869612,0.42630345,0.26922327,0.24149756,0.0038920296,0.27802014,-0.2144455,0.10897076,0.31871766,-0.018476743,0.368447,-0.111680254
0.4515557,0.31799027,0.5333613,0.15144357,0.27560255,0.19294296,0.2093699,0.26846376,0.40921888,-0.0031223982,-0.095267445,0.06055419,0.40496394,0.3027562,0.14230733,0.042074442,-0.06504713,0.12805948
-0.028141364,-0.2941642,-0.34529728,0.1139223,-0.27344748,0.0019649689,-0.071936496,-0.27515173,-0.18202889,0.1981778,0.04652755,0.039159942,-0.12768254,-0.15318705,-0.042226784,-0.19778459,-0.116158105,-0.1404257
-0.089191325,0.24156469,0.13485625,0.15313344,0.14432895,0.2537901,0.4275933,0.3988732,0.054424357,0.07571989,-0.05104643,0.13622174,0.1260313,-0.006274137,0.23232254,0.08805427,0.3099568,0.14948069
0.10315233,0.19289915,0.21138193,0.19831325,0.12750123,0.24601452,0.20034206,0.32018754,0.096788116,0.08308952,0.10393546,0.30017662,-0.012134104,-0.018600792,0.09448343,0.09849804,0.27406552,0.16271591
0.3823683,0.081241556,0.22724815,0.033434942,0.074963264,0.255502,0.3363006,0.22686325,0.15540625,0.07404255,-0.034356534,0.032960203,-0.09220608,0.14184603,0.3628199,0.15846252,0.32292518,0.060064353
-0.016728647,-0.11480293,-0.26007655,0.22544286,-0.19888122,0.08660548,0.026853103,0.06435159,0.09914755,0.19800937,0.022573583,0.32440305,-0.21731938,-0.07305389,0.17102237,-0.011013173,0.2837614,-0.22929446
0.3300073,-0.1282578,0.11852671,0.17318512,-0.09641506,-0.13627712,-0.0777544,-0.15880887,0.022853965,0.059527546,-0.109816276,0.04875872,-0.055844102,-0.03849275,-0.11351914,-0.15484107,-0.13660309,-0.16900647
-0.023481376,0.33633372,0.24509515,0.1739974,0.18446645,0.41088372,0.2435505,0.23681058,0.19889182,0.19952546,-0.09313798,0.27622363,-0.17526868,0.16093875,0.30404234,-0.1010605,0.28886,-0.11334297
0.07040229,0.53186667,0.2247658,-0.06817318,0.5303839,0.3289545,0.3050054,0.24004444,0.21396275,0.09552235,0.2929041,0.18982719,-0.10157192,0.29429197,0.33239266,0.22917455,0.4118255,0.44889936
0.06585622,0.3487687,-0.04603885,-0.0066651334,0.25727123,0.26284096,0.25964522,0.47931346,0.3250952,0.12347755,-0.10741333,0.1796251,0.1577387,0.06988203,0.25795266,0.051641654,0.3443358,-0.023855094
0.38753393,0.24543078,0.38463643,0.029498143,0.22252043,0.31388187,0.29467636,0.15231743,0.12678573,-0.108153835,0.08639479,-0.12016767,0.23107946,0.13984352,0.23462926,0.2870481,0.06441744,0.23343782
-0.019474791,-0.344287,-0.2889455,-0.07261421,-0.2994125,0.029320508,0.0027571854,0.012030347,0.08849576,0.17060958,0.21126163,0.25265372,-0.2702425,-0.32125342,0.09957553,0.11694527,0.2206294,-0.17489249
0.022378648,0.42664677,0.06538993,-0.0812022,0.3839099,0.439031,0.30064976,0.6463573,0.21404074,0.2620009,-0.039729834,0.37204948,-0.027063228,0.03146891,0.3897675,-0.010997662,0.5338634,0.10729081
0.4484481,0.18886235,0.13818417,-0.02214818,0.21113409,0.189881,0.325253,0.26197112,-0.03642495,0.10470986,0.16564424,0.014259217,-0.11815115,0.1094735,0.21041018,0.14294305,0.31277445,0.35429373
-0.022144342,0.008895167,-0.30478334,-0.3314333,0.010072108,0.03187004,0.12612136,0.34715363,0.07262233,0.24397089,0.097711705,0.08054238,-0.18681185,0.21239577,0.32678112,-0.20017533,0.24525826,0.09565741
0.01953059,0.22983935,0.0021864225,0.11994251,0.16665308,0.2625984,0.306376,0.35884342,0.2279088,0.05243123,-0.07564802,0.17182839,0.40145332,-0.12767603,0.11520062,0.101221405,0.24561371,0.035891067
0.4562298,0.24421372,0.4957152,0.41757733,0.22370644,0.09024984,0.24329364,0.11731536,0.34709352,-0.08846427,-0.08030897,-0.04649859,0.4269128,0.29630932,0.100219905,0.118382856,-0.11314866,0.114380516
0.04416894,0.4024499,0.11337151,0.13806117,0.32484478,0.43623182,0.36590812,0.46595782,0.21469507,0.1783534,-0.14765035,0.24492273,0.19052728,-0.06543378,0.269083,0.05454598,0.35992938,-0.010038114
-0.04528442,0.45856303,0.21916495,0.01905751,0.37680632,0.36981916,0.16925378,0.36542287,0.39045736,0.09459093,-0.13639478,0.25443628,0.26582402,0.17688422,0.19083995,-0.118795104,0.17459281,-0.03353798
0.09194788,0.43999204,-0.004382777,-0.07473113,0.37338892,0.38650844,0.13146058,0.45725814,0.349149,0.2668922,-0.057416424,0.12727605,-0.027939575,0.15864559,0.25782275,0.06468635,0.16936843,-0.16442992
0.12844099,0.3051062,0.25602725,-0.054318357,0.32127175,0.3245463,0.3155233,0.27921978,0.0601695,0.07227469,0.095601685,0.0937063,-0.06796938,0.20566405,0.23149234,0.041707326,0.3380319,0.3915209
0.13905196,0.37367597,0.06355338,0.020657083,0.32977122,0.2539787,0.31858557,0.44691372,0.24930932,0.04010871,-0.09916051,0.04311691,0.32695863,-0.054715008,0.24416229,0.07695783,0.26283032,0.035920527
0.1753835,0.1653655,0.050001852,0.19530895,0.20639533,0.2954409,0.14823945,0.09364505,0.31652975,0.06479216,-0.035264075,0.10263108,0.018946983,-0.0394456,0.19333121,0.061139647,0.22690527,-0.18147081
0.07911073,0.34551874,-0.019396286,0.027615484,0.25455466,0.40277913,0.022362368,0.4273613,0.19452924,0.2173501,-0.10924162,0.2920739,0.02088847,-0.100115836,0.25695884,-0.1269052,0.29143465,-0.1358658
0.2151638,0.2457826,-0.0957343,0.23612323,0.16850942,0.09522308,0.12998939,0.31484976,0.30653173,0.057693664,-0.11231791,0.028088436,0.37660837,-0.21631245,0.1515863,0.07583558,0.12323231,-0.111673236
0.10645663,0.3315988,0.017418336,0.06811108,0.35375404,0.4547857,0.21487632,0.28677058,0.26436964,0.19715853,-0.008002572,0.26966426,-0.12888215,0.09047119,0.36128905,0.041425895,0.4508541,-0.05598192
-0.018947357,0.36402494,0.035318542,0.029205088,0.28791225,0.3707307,0.34144223,0.3916696,0.28081816,0.1623075,-0.017771348,0.31729525,0.084506646,0.10730892,0.32416606,0.107666,0.40660074,0.04438041
-0.04602797,0.33514565,0.33222258,-0.066040315,0.31018534,0.26304755,0.12756404,0.22756954,0.3080298,0.03804271,-0.013400133,0.18140179,-0.23040447,0.4427209,0.2724263,-0.142981,0.17486843,-0.0053547826
0.033764537,0.23106356,-0.010428435,0.3587623,0.154244,0.18675384,0.32014337,0.1939517,0.17608213,-0.0031241134,-0.09153757,-0.044178493,0.3050418,-0.10397901,0.15963028,0.1761127,0.1525695,-0.05250554
-0.12221621,-0.048183966,0.018259967,0.0013473928,-0.013270984,0.11344143,0.10055932,-0.2070095,-0.02599103,-0.13889538,0.3744588,-0.12276987,-0.038631603,0.07454298,-0.0482939,0.28115842,-0.025451096,0.3309055
0.15593529,0.3043456,-0.03450392,0.0118296305,0.24010894,0.28478548,0.17639188,0.24239513,0.20832665,0.20448494,-0.032309268,0.118551224,-0.21200493,0.20192184,0.18014382,-0.122007415,0.17230263,-0.19352673
0.29707313,0.12184141,0.0031821963,-0.034923017,0.11657381,0.17338441,-0.04989031,0.0920898,0.21480119,0.1425592,0.00575227,0.22009638,-0.17963059,0.045761827,0.0996931,-0.080321826,0.1825748,-0.16288473
0.46509388,0.061173823,0.1794959,0.1559156,0.038531642,0.10641371,0.35100743,0.08405239,0.057724573,-0.16442557,0.06432352,-0.24549069,0.43603522,-0.040624414,0.040237535,0.3489781,-0.031355083,0.22754909
-0.003998479,-0.13699178,0.15790917,0.12956123,-0.07460414,0.1547867,0.179626,-0.16550905,0.01631983,-0.051544663,0.4110553,0.049142197,-0.17133497,0.11883361,-0.0072901277,0.19543962,0.079899274,0.32072863
0.5056125,-0.005587468,0.06508993,0.077856146,0.013017063,0.15091395,0.012809579,0.20635605,0.2745699,0.0450799,0.05077159,0.15566517,-0.03978106,-0.11026063,0.114603564,0.1526536,0.22814812,-0.10213889
0.1064044,0.43248716,0.06234121,-0.071857356,0.40384176,0.36014143,0.25033337,0.4005786,0.44218838,0.15755573,-0.037001327,0.24784403,0.0027843304,0.23057128,0.40106294,0.05700391,0.4010405,-0.027478253
0.12239115,-0.08908782,-0.20342396,0.06707185,-0.041576397,0.1537753,0.06505953,0.11278367,0.058526672,0.23845921,0.25768465,0.45061687,-0.29067817,-0.1569941,0.16633888,0.021595735,0.4331751,0.016108802
0.38166803,-0.14557298,-0.18608114,0.06542552,-0.15202034,0.07749118,0.111890815,-0.08439161,-0.023415115,0.040154893,0.18278952,-0.060726404,-0.1856108,0.028693777,0.14075352,0.25062585,0.14288157,-0.025081797
-0.0056347894,-0.36699027,-0.17475557,-0.011277244,-0.3056377,-0.024837598,0.23185056,-0.17367744,-0.1659025,-0.026653655,0.20889632,-0.079796165,-0.048138667,-0.0908496,0.1118707,0.2933147,0.090829045,0.11647209
0.28177682,0.2542708,0.41826367,0.32749414,0.18844119,0.12710273,0.3651025,0.23686413,0.29921633,-0.043739356,-0.14168864,-0.007095286,0.42846644,0.2226513,0.15966375,-0.0414138,-0.0045268163,0.15402794
-0.031233003,-0.34533656,0.0006904644,0.14367701,-0.3588639,-0.0746501,-0.15452781,-0.25307205,-0.101924576,-0.016681653,0.16633837,-0.047118206,0.117107205,0.16521123,-0.1944001,-0.135016,-0.399788,0.012140041
0.1440351,0.06627675,0.006942986,-0.042529684,0.15008275,0.24206251,0.2422701,0.17129181,-0.03428395,0.07740931,0.22655755,-0.09239651,-0.109495096,0.32723466,0.10758482,-0.009053822,0.11427614,0.30117536
0.17166342,0.23837352,0.24342346,-0.051419567,0.28897315,0.27660757,0.22632252,0.39461416,0.2698992,0.16623607,0.106338196,0.17575572,-0.05613774,0.105644025,0.32631484,0.13516054,0.3083051,0.16298205
-0.08929935,-0.2561009,0.070924215,0.053728517,-0.17590454,0.059504338,0.20082499,-0.122791305,-0.16951336,-0.075444154,0.35524315,0.007726727,-0.09635309,-0.022461917,-0.040112402,0.16320084,0.11098943,0.43458554
0.13404973,0.46698812,0.17187747,-0.007186404,0.38396773,0.36863244,0.17942658,0.43274787,0.21157978,0.18717742,-0.053826347,0.28555596,-0.03140204,0.07631273,0.37612194,-0.07028347,0.35102385,0.007031183
0.09825389,0.33039072,-0.098358884,-0.13647544,0.3156677,0.25846037,0.27579486,0.5024218,0.10797136,0.19903028,-0.006695632,0.093995176,0.09433335,-0.084833875,0.19530055,0.14080676,0.2454817,0.043427363
-0.12341303,-0.14793836,-0.08235746,-0.11171976,-0.12990539,0.24625331,-0.08618399,0.11431484,-0.07613241,0.2696726,0.031423584,0.21079084,-0.26302367,-0.078377716,-0.03704576,-0.35469288,-0.011690413,-0.17660621
0.006184633,0.37642586,0.18013719,0.029025467,0.37777284,0.3596952,0.12257916,0.3120113,0.2723994,0.16782732,0.010109413,0.2524371,-0.22548366,0.031373948,0.35156554,-0.09479397,0.3620553,-0.049381323
-0.06658191,0.4211376,0.15050367,-0.11889839,0.36147717,0.36213964,-0.08027996,0.09079537,0.1075949,0.06339396,-0.012795358,0.10746103,-0.27665007,0.3616069,-0.00074776844,-0.15261552,-0.06029875,-0.21961205
0.16616954,-0.16711642,0.25741884,0.2647466,-0.16495371,0.078058615,0.34813115,-0.059024833,-0.0051370305,-0.05001582,0.14967047,-0.094766,-0.009821523,0.2647602,0.27747864,0.21114752,0.08232684,0.23702973
0.050451253,0.07262319,-0.24452087,-0.026939686,0.031817835,0.16171038,0.1591497,0.24222791,0.18863223,0.27683923,0.040970527,0.23303576,-0.24198465,-0.069831535,0.34893817,0.056003973,0.3662733,-0.15418755
0.096430734,-0.13248324,-0.13744767,0.176374,-0.114628054,0.09901535,0.056985576,0.03308918,0.18470699,0.17189535,0.0008120765,0.19571891,-0.090364024,-0.020447861,0.14969568,-0.08789552,0.11462178,-0.23399596
-0.051821027,0.13985366,-0.15565442,-0.21733634,0.17415823,0.37661877,0.24793051,0.2684362,0.1703967,0.21112038,0.34795865,0.1270453,-0.25939557,0.3364901,0.4269655,0.04370864,0.38274083,0.19717902
0.092259794,0.18865444,-0.15058233,0.15810037,0.18072903,0.13191755,0.25559217,0.28773996,0.09412177,0.071082115,-0.06965374,0.108603336,0.19935133,-0.1732189,0.118366584,0.14192548,0.27769923,-0.010035893
0.023982273,0.24476539,-0.08855509,-0.023853093,0.1212795,0.21671367,0.23326245,0.44797346,0.25826025,0.15145947,-0.07407669,0.27308872,0.021508627,0.024498228,0.25906536,-0.008526415,0.39840245,-0.0032293282
-0.016364748,0.41397122,0.055211812,0.037487067,0.2697809,0.2938497,0.26387644,0.42974973,0.2774993,0.21174066,-0.032915976,0.31270465,-0.1458228,0.20333515,0.5067231,0.03910596,0.5026268,-0.0059000063
0.36685786,-0.018826528,-0.19596152,0.054901484,-0.049653273,0.092674136,0.028479187,0.11022422,0.07097293,0.18015091,-0.09683268,0.02477536,-0.09785899,0.08392466,-0.036538344,-0.22050428,-0.031008713,-0.2232403
0.032540135,0.35072494,0.20989561,-0.07654437,0.35569012,0.22844847,0.28768077,0.32705176,0.061969988,0.11698171,0.14525524,0.14967005,-0.12036025,0.25436378,0.14362928,-0.058667477,0.22748972,0.36578497
0.1348769,0.24739033,0.103829734,0.07008479,0.20173234,0.21774575,0.32389468,0.36733234,0.14849477,0.16120173,-0.120751806,0.21506275,-0.025014723,0.04293815,0.21169001,-0.05688404,0.32604474,0.012547696
0.19441453,0.19000459,-0.17656554,-0.09897135,0.22128204,0.2221873,0.07431013,0.22928545,0.26107404,0.0723408,0.22246425,0.073227,-0.118962616,-0.04556686,0.1745687,0.15528578,0.29859763,0.06313069
-0.2189462,-0.044871025,-0.2767281,-0.061640844,-0.19857997,0.25683737,-0.049776103,0.23492846,0.1761314,0.17143889,0.048727456,0.3594259,-0.20773095,-0.15885097,0.1695662,-0.016688097,0.32872266,-0.20540993
0.38134718,0.3379977,0.405753,0.08168574,0.20002308,0.2558671,0.17639798,0.24162862,0.3729643,-0.07468739,-0.1104269,0.05916205,0.20477833,0.15138488,0.2524021,0.10259701,0.12818287,0.007886662
-0.069691636,0.13210979,-0.15927272,-0.30744922,0.22081903,0.28522784,-0.07273782,0.2080967,0.01872213,0.23358458,0.06899621,0.18298712,-0.3504229,0.17212741,0.037047196,-0.41564277,0.073238805,-0.16721262
0.034093764,0.14322619,0.09487973,0.05720062,0.17916487,0.19597441,0.39333498,0.13633095,-0.08895173,-0.020948507,0.23847531,-0.020083178,-0.08270102,0.09480371,0.20604162,0.22791593,0.33407336,0.4151566
0.19354418,0.29691368,-0.08493893,0.062761165,0.18832324,0.27446157,0.1723442,0.25737464,0.2705649,0.041385166,-0.06230554,0.101257965,0.179394,-0.074420586,0.16786663,0.10794002,0.24543656,-0.122397095
-0.0073297382,-0.3144223,0.03649376,-0.077970505,-0.22778194,-0.022934442,0.16757801,-0.26050696,-0.13373859,-0.11801253,0.39568734,-0.11060532,-0.09520476,0.069598354,0.007792877,0.2731081,0.03538469,0.38572213
-0.031606093,0.2647749,0.36155733,0.06405418,0.27231592,0.29706794,0.18030818,0.16835514,0.087614514,0.11267801,-0.06793021,0.08841445,-0.15596344,0.317179,0.14055121,-0.13592857,0.0531153,0.011636745
0.07030479,0.16385625,-0.18026033,0.10091044,0.17276244,0.22705714,0.2700877,0.32512066,-0.0034390376,0.28828782,-0.089140385,0.10505971,-0.06873561,0.043131873,0.15689918,-0.18809484,0.19033244,-0.14835674
-0.008276601,0.27735043,0.22857302,0.13051142,0.16416776,0.2211828,0.1565779,0.28395206,0.10790721,0.033449918,-0.12827706,0.07252587,-0.10267178,0.25088254,0.19407874,-0.0775596,0.16065946,-0.017841801
0.18291096,-0.18331088,-0.25368854,0.025217535,-0.15394293,0.035856463,0.18034019,0.18858446,-0.06261374,0.12584808,0.11644659,0.014322858,-0.20049354,-0.10876494,0.20071296,0.0057880366,0.31430277,0.04860566
0.13999481,0.32844785,0.22391456,0.055036657,0.30320284,0.41047242,0.21880434,0.25794607,0.28675696,0.15026787,-0.025368774,0.27345407,-0.08655019,0.23315535,0.22743167,-0.050145894,0.24545707,-0.072079614
0.15909912,0.13913919,-0.103236996,0.38517037,0.10285161,0.025860019,0.17325826,0.051846694,0.2089635,-0.043767933,-0.096181065,-0.04935648,0.32629138,-0.06777519,-0.01186336,0.021772945,0.026840093,-0.09805837
0.040782012,0.23362671,-0.008721333,0.12756346,0.1770401,0.12990396,0.17243439,0.30156854,0.035448972,0.054925863,-0.049720317,0.09653655,0.011761373,-0.2052089,0.061013795,0.10129623,0.2260632,-0.10624209
-0.06742632,0.19367439,-0.21409692,-0.020920765,0.0876607,0.24780817,-0.09692361,0.19918904,0.16891491,0.30918628,0.06195806,0.4022846,-0.28445578,0.076649666,0.25761375,-0.14373356,0.22413096,-0.23373732
0.07969945,0.38385025,0.20290568,-0.09347758,0.37683785,0.3762292,0.33229733,0.5939404,0.19288912,0.31390375,-0.08894174,0.3232657,0.12394386,0.16067755,0.22512187,-0.06797554,0.25807276,0.118435495
0.43381464,0.2651981,0.32382753,0.07635761,0.2605111,0.33773544,0.2459859,0.28992522,0.24782732,0.06695992,0.12318558,0.119489275,0.10095987,0.14251214,0.32947475,0.18861665,0.2376248,0.17566717
0.5173833,0.25342193,0.44242024,0.23687679,0.18737058,0.162119,0.22500813,0.17860727,0.40347734,-0.12848403,-0.06618148,0.029722085,0.38189676,0.19904377,0.1289103,0.16545805,0.012492333,0.050751414
-0.05608776,0.33182704,-0.08977886,-0.15548494,0.20025095,0.43277967,0.20344101,0.4029675,0.19645287,0.19429633,0.1210479,0.36865455,-0.18855606,0.11087892,0.3374792,0.0027747692,0.47637558,0.02211767
0.1272819,0.24189699,-0.19390126,0.063841656,0.2049887,0.2726638,0.16795981,0.40267354,0.26613617,0.25840616,0.05400707,0.26144153,-0.10730269,0.10798078,0.21840209,-0.09195515,0.33767527,-0.022040216
-0.052747376,0.2674705,-0.060084544,-0.0036646682,0.15287915,0.170552,0.31958324,0.37589356,0.14818834,0.10589146,-0.02417928,0.19966604,-0.033523876,0.06285086,0.33195192,0.1276071,0.46249554,0.0934167
0.17630014,0.37575638,0.322218,0.116442755,0.31318727,0.3469322,0.18363853,0.47553477,0.31909603,0.0875609,-0.10278221,0.32174245,0.36658135,-0.014230468,0.2099782,0.03710011,0.27458236,0.14666834
-0.03660499,0.2592435,-0.10400693,-0.038674332,0.21194093,0.16976438,-0.03360108,0.18498896,0.26413968,0.201389,0.048381474,0.09223431,-0.3667348,0.24215896,0.21821819,-0.1120557,0.12741688,-0.21647878
-0.0055660275,0.28421274,-0.065675125,0.035892047,0.29280713,0.19620001,0.106995136,0.36413738,0.3528147,0.22316179,-0.045160286,0.19331113,0.12942028,0.0055274954,0.23633075,-0.123387754,0.18087088,-0.122575775
-0.20762089,-0.002777459,-0.37095892,-0.0549563,0.014130753,0.05804548,-0.15226264,-0.1581096,-0.08577539,0.18472245,-0.015267549,0.03865613,-0.17278987,-0.12609346,-0.037075836,-0.21789806,-0.08515981,-0.22040364
0.13874404,0.28619516,-0.06886273,-0.030401502,0.23853055,0.21046613,-0.22235458,0.23289117,0.09959122,0.15024063,-0.10353404,0.31499898,-0.06984426,-0.24725367,-0.011245531,-0.2081921,0.14236766,-0.20025834
0.32212877,0.14796394,0.092202954,0.51993656,0.15229857,0.104178876,0.21313806,0.22830227,0.20809647,0.075967215,-0.13110101,0.102284536,0.3657631,-0.084029384,0.04591945,-0.053342003,0.026444303,-0.11677274
-0.022848776,0.33728787,0.046179608,0.023690853,0.23312919,0.29478988,0.23609337,0.38559452,0.31924266,0.21198103,0.012200903,0.41950727,-0.16877684,0.14857633,0.4700565,0.037508532,0.554637,-0.0076116663
0.31663367,0.00046443564,0.16486649,0.084893174,0.050868478,0.141495,0.35640293,0.18162933,0.2963322,-0.09861554,0.20592372,-0.015219896,0.320368,0.08092273,0.26970512,0.36622432,0.22591212,0.34901878
0.26966894,0.043563873,0.12742563,0.25952366,-0.03503986,-0.095459364,0.37101018,0.01529359,0.02895543,-0.13409333,-0.01113285,-0.11537798,0.26600173,-0.052061036,0.1571973,0.19273974,0.19065444,0.2876067
0.04462318,0.2804753,0.12599213,-0.08381411,0.37848973,0.2521276,0.3495128,0.18173759,-0.01959013,0.06812176,0.2844386,0.042007282,-0.087475844,0.24574156,0.26499465,0.05390595,0.33276194,0.5128802
-0.015553293,-0.121895924,-0.37536225,-0.04763882,-0.089449555,0.08612501,-0.16471818,-0.15631849,0.16400214,0.13429786,0.07351745,0.15531473,-0.16497883,0.028023032,0.047439124,-0.2596307,0.040077496,-0.25239688
-0.2801696,-0.28613174,-0.3851323,-0.23130587,-0.3288164,-0.09309426,-0.4083057,-0.33017233,-0.20394273,0.033157658,0.023455225,-0.084068015,-0.21664403,-0.11141464,-0.26691017,-0.34184,-0.37657568,-0.26968703
0.32463276,-0.014936435,0.16040762,0.2455023,0.041236356,-0.033692434,-0.13459396,0.00019658031,0.30577415,0.040672928,-0.018810013,0.15772985,-0.049512036,0.047805578,-0.02840766,-0.05081191,-0.01396702,-0.17297947
0.27638143,0.2808362,0.3427976,0.14443214,0.19953674,-0.036633607,0.28711498,0.24666658,0.28889972,-0.12049198,-0.14365998,-0.10153652,0.4985134,0.18556204,0.078481846,0.013292812,-0.048614066,0.1988777
0.3890806,0.2819756,0.24683028,0.07431848,0.19087358,0.026791904,0.12635872,0.21685319,0.21296544,-0.07852689,-0.13539994,-0.025726218,0.41172206,-0.024049886,0.024136681,0.082772225,-0.051861163,0.045000136
-0.0196541,-0.22660899,-0.37233266,-0.0073581515,-0.2194943,-0.061650276,-0.23691528,-0.19131361,0.05548215,0.14026509,-0.033993386,0.20272125,-0.15925847,-0.23508847,-0.028987113,-0.24525584,0.005911169,-0.26836824
0.023252137,0.41738412,0.04092667,0.07642551,0.2969799,0.3724743,0.101621486,0.24731483,0.27628988,0.22229819,-0.1117205,0.27991933,-0.20583701,0.19292489,0.24279627,-0.11578985,0.25820714,-0.19376749
-0.06450967,-0.26913512,-0.23961309,0.040410057,-0.28925872,0.13793375,-0.15717956,-0.020498814,0.2308377,0.142296,-0.051045593,0.31776008,-0.22131573,-0.051770814,-0.052122213,-0.25219926,0.064405605,-0.33145818
-0.038199913,0.24312107,-0.2345149,-0.19898525,0.1816917,0.21258177,0.06452481,0.47963348,0.18904251,0.2835141,-0.023707826,0.37982926,-0.03880368,-0.14821039,0.3187353,-0.13878633,0.41137448,-0.019204516
0.3204074,0.39037713,0.25280684,0.25571024,0.36680233,0.15076368,0.2250376,0.3427494,0.35663116,0.02078699,0.025057523,0.1986472,0.43016577,-0.027348254,0.24807791,0.31425083,0.27064252,0.22080904
0.2990722,0.22007558,0.016186686,0.34911025,0.13018753,0.102451906,0.3234382,0.15173148,0.09297438,-0.12198141,-0.060682215,-0.15070333,0.4149065,-0.1083015,0.038209576,0.26355538,0.065551035,0.054312967
0.11961598,0.2513965,0.059694123,-0.04989784,0.28992116,0.27896658,0.3738571,0.21365128,0.027306406,0.07904663,0.1788973,0.03177426,-0.14578432,0.078156084,0.3505123,0.14025645,0.45612255,0.32250932
0.27192774,-0.20408183,-0.15665606,-0.08159447,-0.21575925,-0.1807372,-0.3024242,-0.11556066,0.06306525,0.17282869,0.10131557,0.14483587,-0.18340552,-0.051115405,-0.15010092,-0.17815,-0.21055149,-0.12986611
0.14423408,0.26079264,0.14853877,0.1734853,0.222863,0.29575565,0.051591974,0.21103267,0.19206294,0.1142694,-0.07958306,0.14325665,-0.15757298,0.25373515,0.087252654,-0.16865903,0.07400854,-0.14721097
0.11723636,0.14299221,-0.014114313,0.38643444,0.09169964,0.18865271,0.30029005,0.14223531,0.13772273,-0.0115424935,0.013379455,0.04642085,0.3224428,-0.16027991,0.14282139,0.33412755,0.17137489,-0.004219748
0.3189578,-0.11285663,-0.11775501,0.09705576,-0.10274462,0.1189507,-0.12798022,0.05840421,0.032617543,0.1500698,-0.047291685,0.15075523,-0.22289261,-0.11441041,-0.10588333,-0.17137244,-0.01114184,-0.35652342
0.4207198,0.08228826,-0.1506692,0.09355389,0.108937316,0.28272584,0.040257704,0.2137688,0.24369648,0.23210429,0.027097072,0.17356774,-0.09133926,-0.09008826,0.19440864,-0.08377363,0.19617328,-0.21104313
0.18897843,0.23547609,-0.123135276,-0.12830222,0.27846214,0.16279137,-0.15960117,0.15900561,0.2551999,0.23584864,0.0130028,0.35440078,-0.21955767,0.014504061,0.039286893,-0.19928436,0.09793997,-0.23933387
-0.11081996,0.36624813,0.18023512,0.019285796,0.21386382,0.4372539,0.080201805,0.38186875,0.28041884,0.17729142,-0.22687237,0.31110743,-0.17710993,0.16774037,0.21305926,-0.15799902,0.2969834,-0.2177608
0.13811427,0.35103777,0.037698593,0.10492469,0.29513294,0.43317994,0.033744767,0.17223181,0.13806106,0.19045305,-0.15543665,0.17918645,-0.15486132,0.12544464,0.049630947,-0.2253009,0.107259974,-0.23750877
-0.14200145,-0.060962167,-0.27985665,-0.08518865,-0.19262698,0.078376494,-0.2509423,0.09459419,0.104064584,0.1783158,-0.09682325,0.22050145,-0.2782924,-0.17120561,-0.07771058,-0.36633158,0.032450575,-0.30307844
0.18081667,-0.056724463,-0.04770324,-0.025290836,-0.04218156,-0.027831215,0.2179992,-0.0051808697,0.20958187,-0.0918294,0.11580855,-0.16151024,0.3274034,0.18669832,0.107418805,0.19137348,-0.062272165,0.107015595
0.33904502,0.14910695,0.36146617,0.19174057,0.25832674,0.18060774,0.24634354,0.0576123,0.23081307,-0.14437279,0.32686555,0.011386038,0.28182542,0.02391118,0.07129704,0.37022573,0.116625994,0.4248612
-0.027448554,0.17061912,0.05540175,0.17858322,0.09509336,0.21420924,0.45547372,0.33686873,0.06444033,0.104768746,-0.087830566,0.12831035,0.10990785,-0.001185898,0.3203524,0.09513945,0.42242786,0.118323654
0.11756969,0.32535368,0.005005569,0.1992688,0.27859896,0.12234588,0.20264927,0.2744157,0.39050797,0.03388842,-0.09458191,0.06578721,0.43942338,0.054413345,0.13381474,0.030154053,0.09584824,0.005750974
0.0919704,0.3551214,-0.08576352,0.069260724,0.29252708,0.3316874,0.21744071,0.50967866,0.1789417,0.24240345,-0.12880814,0.29161093,-0.044349834,-0.15652114,0.3623271,-0.012750081,0.485359,-0.09708892
-0.01107975,0.2975136,0.014488484,0.04797391,0.2321186,0.44023073,0.32334325,0.45265466,0.2671019,0.13097896,-0.08087194,0.2024902,0.17834297,-0.10240751,0.24946876,0.12186842,0.37448126,-0.0074075023
0.28210482,0.056632616,-0.08151123,0.22034466,0.008975798,0.15098572,-0.007881438,0.25777203,0.07183671,0.19545175,-0.19260202,0.14453058,-0.085516065,-0.105597064,0.06306405,-0.22624563,0.098453335,-0.29729676
-0.013114339,0.2578021,0.19328198,-0.0050179977,0.26263514,0.29158875,0.21828647,0.3692187,0.025172345,0.20425153,0.12791891,0.24542902,-0.16893469,0.13544345,0.15618187,-0.13307783,0.28649607,0.2930602
0.23756374,0.37938166,0.123083524,-0.06976539,0.35441306,0.28240055,0.34192964,0.45008713,0.16279376,0.10996721,0.058411352,0.12721315,0.061724663,0.023323584,0.32297015,0.19177571,0.39086547,0.22773682
0.06532426,0.07645972,-0.29190025,-0.04565943,0.11919498,0.13703553,-0.2586226,0.023822095,-0.07347875,0.25804168,0.045868088,0.1814917,-0.30872357,-0.009844679,-0.13191244,-0.35699514,-0.05840819,-0.23818725
-0.0020360844,-0.009506516,-0.4035574,0.08167156,0.008716173,0.10787699,-0.25269195,-0.1075816,-0.07009266,0.20396021,0.003921739,0.14425214,-0.31433558,-0.19495288,-0.1391227,-0.34874874,-0.019996516,-0.36363184
0.10676132,0.21061213,-0.02491375,0.04592336,0.24984969,0.3251683,0.23372889,0.118201055,-0.062224355,0.1470282,0.22448666,0.16898932,-0.21900775,0.012275344,0.1984296,-0.03511181,0.36627012,0.20835932
0.06961363,0.37489492,0.012612626,-0.08951161,0.2794088,0.2964429,0.2245545,0.5893196,0.22172807,0.26647577,-0.11275157,0.35952216,-0.042938624,-0.040590238,0.25843695,-0.09905164,0.42551127,0.020613924
0.15965661,-0.08288238,-0.09614119,-0.17402162,-0.09165667,0.12483425,-0.00921586,0.08344811,0.22755568,0.07631369,0.00955197,0.018790081,-0.077787034,-0.010608517,0.1028813,0.04362739,0.04041904,-0.23110227
0.11205401,0.38968572,0.1184567,0.033130363,0.29434088,0.38673335,0.3521807,0.41193947,0.17790161,0.11215466,-0.10013153,0.14330739,-0.02923282,0.035619125,0.3116624,0.19328,0.4035532,0.011218625
0.06886972,0.3542412,-0.06445627,-0.09723695,0.22594802,0.33073732,0.29868206,0.46481723,0.19961083,0.21435595,-0.06365205,0.33092824,-0.07249788,-0.006443101,0.31872308,0.010593088,0.49125177,0.011752275
0.13182655,0.22971,-0.074542515,-0.0002570952,0.26611105,0.17424211,0.11299825,0.519435,0.25157544,0.28774178,-0.14646733,0.30053368,-0.097928844,-0.07238806,0.15393196,-0.15229428,0.29690123,-0.16070637
0.3478981,0.38239163,0.3488512,0.22981451,0.25740632,0.15284106,0.25722045,0.34045312,0.34890917,-0.06429519,-0.1726537,0.0666653,0.48301622,0.14076313,0.16354874,0.089313604,0.102863155,0.097273886
-0.1394322,0.079951406,-0.31242812,-0.20847188,0.124500774,0.25313523,-0.07586964,0.21126536,0.05013749,0.26440173,0.26720437,0.39993444,-0.2946616,0.002533876,0.22131865,-0.22786611,0.3226798,0.037285082
0.044597216,0.2753542,-0.11970904,-0.014536178,0.21879824,0.30253914,0.3540326,0.39563417,0.13813218,0.16271247,-0.036163364,0.17100538,0.038157742,-0.10898306,0.27709487,0.17873634,0.40676895,-0.024015648
0.35302427,0.39099935,0.26882276,0.077464156,0.33246642,0.25232315,0.08965075,0.21418777,0.32838887,-0.053138476,0.0065742526,-0.01613213,0.2746114,0.022563417,0.10423895,0.3199027,-0.004345268,0.0094287
0.3696227,-0.0012239066,0.33427998,0.38029197,-0.052665796,0.017741643,0.2090314,0.20707509,0.4045414,-0.0029419377,-0.039432935,0.25518465,0.3996942,0.045386005,0.21228588,0.17632088,0.15507737,0.13148949
0.50472015,0.01348001,0.15376703,0.12394404,0.020538973,0.017311903,0.29072034,0.1708376,0.22730358,-0.10682437,0.04284173,-0.10743527,0.31530493,-0.036009252,0.23392731,0.36495215,0.11972336,0.13782825
-0.022117684,0.34821498,0.012505594,0.11062177,0.21591151,0.3891013,-0.042393703,0.31110853,0.27191165,0.18591112,-0.1370608,0.37886477,-0.05462793,-0.06928244,0.16727372,-0.100636914,0.25492316,-0.23862012
-0.22631693,0.11084823,-0.23794624,0.0034667766,-0.066689566,0.2536885,-0.04313726,0.29653308,0.18348208,0.16046311,-0.12901388,0.3234116,-0.1459433,-0.14375927,0.086063325,-0.16720466,0.27575105,-0.29866034
0.3345285,0.33622262,0.124558024,-0.11643009,0.24904002,0.37078175,0.28254083,0.38418576,0.091544494,0.14296235,-0.026128404,0.14383267,0.0067912517,0.012762512,0.233559,0.13840653,0.29784152,-0.011613576
0.3864178,0.1314598,0.1596625,0.19292581,0.14224818,0.22341919,-0.017971113,0.044579208,0.26787966,-0.052106075,0.1360862,0.08428195,0.054345954,-0.022100562,-0.006973626,0.2040664,0.0473116,-0.056413494
0.49149126,0.024325013,-0.031919837,0.036917217,-0.03141202,0.097071886,0.102453895,0.15148638,0.2038554,-0.05447871,0.030343289,-0.10175647,0.3530161,-0.14273399,0.062023547,0.29514873,-0.02931919,-0.047687173
0.03405232,0.21546236,-0.17148034,0.14754328,0.1453926,0.15737903,0.16061147,0.20137176,0.23600852,0.018408677,-0.046773493,0.048255596,0.24243084,-0.053952392,0.056459013,0.04880819,0.15946591,-0.08140393
0.010917044,0.07552628,-0.29509076,-0.09572123,0.068519324,0.27989167,-0.07827634,0.0531518,0.07632993,0.24518068,0.09970489,0.19087297,-0.34376284,-0.019114772,0.12084812,-0.2594342,0.14952278,-0.239384
0.0732594,0.22368039,-0.13351716,-0.24257013,0.26915076,0.29430246,0.03401389,0.25195208,0.044861384,0.32692838,-0.12874658,0.16931137,-0.07310514,0.01909017,0.1395539,-0.20645039,0.14737917,-0.12117304
0.36355644,0.22107647,0.41798767,0.074342914,0.1630269,0.2064114,0.032951318,0.23046696,0.23741792,0.033425167,-0.089928895,0.11658982,-0.061226137,0.27871123,0.08289634,-0.12356031,0.028878326,-0.09776251
-0.070471495,0.28587553,-0.06712536,0.0018148303,0.21208651,0.4493469,0.059941813,0.23548016,0.086023465,0.27465445,-0.013504452,0.28979212,-0.14472577,-0.023245476,0.19375631,-0.07690993,0.24233775,-0.15285508
-0.022134308,-0.23423603,0.06812308,0.13539656,-0.21323453,-0.07183141,0.22739795,-0.19766912,-0.10120213,-0.054601602,0.32229608,-0.018552158,-0.09184609,0.12289487,0.14043935,0.19504628,0.17420119,0.44556442
0.32473305,-0.13761528,-0.22381593,0.094834544,-0.14493538,-0.102028064,-0.0050139255,0.091462724,0.020610476,0.19058454,-0.10384128,0.044121522,-0.13147466,-0.020961398,0.013605775,-0.16255155,0.001017977,-0.2331303
0.122320935,0.13991702,-0.09495678,0.21688995,0.08367119,0.041789934,0.181046,0.1523292,0.2689514,-0.008230566,-0.099603236,-0.052676853,0.3151143,0.033163622,0.06896843,-0.03547253,-0.00020189933,-0.12184296
-0.11906121,0.07521625,0.16136687,0.21834697,-0.058289796,0.18654928,0.2963226,0.06727187,0.12123134,0.061068606,0.10358896,0.10317745,-0.20862675,0.38075078,0.2809493,0.05365951,0.1954936,0.021615122
0.07294625,0.28445458,-0.12568258,-0.12722547,0.24497676,0.43902406,0.08464462,0.42784262,0.06436373,0.22460797,-0.1444634,0.1918888,-0.10112791,-0.119395,0.12554099,-0.23230259,0.27555126,-0.1705573
-0.074316114,-0.025193661,-0.03252206,-0.10712341,0.031430174,0.09880066,-0.09901808,-0.06498787,-0.057970002,0.14252618,-0.020663975,0.104109645,-0.2575214,0.2401676,-0.06979116,-0.22711726,-0.15098388,-0.23112284
-0.06992583,-0.04852023,-0.096974574,-0.056233328,-0.062827304,0.11591064,0.035564143,0.048011273,-0.004499233,0.17111781,-0.055410422,0.011302717,-0.23439261,0.30927938,-0.051455896,-0.29923242,-0.1582378,-0.22662798
0.07714535,0.18822478,-0.1397677,0.16201025,0.09397983,0.08196736,0.117896505,0.080581225,0.15396567,-0.016350113,-0.083677925,-0.03521783,0.14078923,0.02462798,0.00060739985,0.04170389,0.051574945,-0.10779888
0.16703786,0.20717393,-0.13754673,-0.032831464,0.13094161,0.03798984,0.088155046,0.24802718,0.20266338,0.17494975,-0.059569653,0.08917703,-0.070519336,0.1370706,0.04587629,-0.13121587,0.07298852,-0.08411165
0.18539008,0.12490065,-0.014051544,0.1893489,0.16839632,0.18694551,0.06874176,0.23220065,0.438555,0.17908701,0.055552322,0.2224693,0.08375916,-0.06114823,0.25923014,0.032207146,0.2467776,-0.06497145
0.32949677,0.4427072,0.06523637,0.0084674535,0.38400018,0.25374705,0.27199543,0.37933007,0.19974248,0.13948081,-0.090294346,0.1985213,0.04961968,-0.031502265,0.3421122,0.05316789,0.4493976,0.053174086
0.3425939,0.30202812,0.035789836,0.28664848,0.23680288,0.35321337,0.27603278,0.34011728,0.11879555,0.17872962,-0.06329917,0.28569308,0.19841284,-0.12958199,0.18440524,0.06112289,0.2956553,-0.03470382
-0.012134432,0.26929578,0.032337643,0.08228501,0.16511689,0.24387796,-0.012599728,0.19524674,0.12545511,0.26155743,-0.036901586,0.32395503,-0.18948688,-0.00056623446,0.05876872,-0.19680372,0.105952464,-0.1329189
0.08116181,0.29516685,-0.14207546,-0.21127331,0.30423662,0.36998323,0.24497648,0.5532317,0.21549189,0.29028463,0.016661882,0.37394658,-0.03810005,-0.084315374,0.28524575,0.031111086,0.45363855,-0.021720365
0.048003886,0.24174231,0.038030725,0.03495442,0.14515322,0.28547025,0.19741406,0.27877,0.07181129,0.007997041,0.108585946,0.057747453,0.27161574,0.06617638,0.08464536,0.077875644,0.10051737,0.17196879
0.10686404,0.34677926,-0.007703078,-0.04343433,0.33470845,0.2946132,0.2201079,0.4110742,0.34243307,0.2304034,-0.0654864,0.3271566,-0.15652376,0.14719065,0.34230962,-0.101650305,0.40825078,-0.13536291
0.41643184,-0.020483015,-0.1660854,-0.06901812,-0.07125912,0.11623116,0.03601989,0.20171407,0.046846155,0.24999012,0.056498453,0.36539507,-0.22916745,0.023366462,0.2016696,-0.098094136,0.3383179,-0.034881737
0.018329319,-0.003125125,-0.19143304,-0.12397855,0.016682118,0.08120778,0.16185004,0.20324266,0.25390482,0.16088259,0.16044165,0.2672332,-0.08102573,0.09748755,0.2744634,0.0046115117,0.34007162,0.02298492
0.03195687,0.36828,0.017650487,0.023863547,0.34070024,0.37564442,0.09046878,0.35856342,0.054626618,0.35213572,-0.06675855,0.3622949,-0.090140834,-0.06545034,0.19322906,-0.14405845,0.25405598,-0.09317202
0.18020226,0.08113502,0.16625121,0.1648029,0.07126188,0.1807292,0.34544536,0.29783407,0.15828179,0.09578056,-0.027444603,0.022467224,0.10721509,0.025933126,0.24986129,0.12294197,0.22474977,0.07899057
0.23314941,0.019610621,-0.31289798,-0.11264177,-0.034416545,0.16425131,-0.27865243,0.05233698,0.03519217,0.20746893,-0.07082212,0.17668924,-0.20110177,-0.21703857,-0.1406409,-0.26675642,0.006759046,-0.27619323
0.22984459,0.4280561,0.16799842,-0.011699166,0.31534547,0.37913623,0.2820189,0.36572188,0.35063124,0.07285459,-0.08722193,0.1469639,0.16068624,0.16478874,0.2734175,0.08121067,0.25830346,-0.02382106
0.13997509,0.33429036,0.23083404,-0.041425146,0.30940792,0.3794367,0.18937944,0.24239421,0.10514117,0.16615431,0.21216367,0.27633318,-0.22385725,0.24461685,0.16666855,-0.11752265,0.3030064,0.28159466
0.11624706,-0.10656624,-0.16412003,0.2311261,-0.06669958,0.101490095,0.30781657,0.09611963,-0.0067475173,0.013889115,0.08823756,0.000183122,0.12293911,-0.07807663,0.14958271,0.24902359,0.23965761,0.074583665
0.18700309,0.21463488,0.3235536,-0.08829801,0.22367184,0.31088984,0.13585395,0.25158554,0.050166506,0.080042385,-0.008902865,0.08059555,-0.11398263,0.2791468,0.050837662,-0.1908093,0.08749585,0.12633647
0.21660773,0.30942625,0.18441407,0.084802665,0.21370114,0.23583828,-0.00808748,0.31171238,0.27399486,0.09002187,-0.20231493,0.24986319,-0.0462282,0.012064587,0.111868136,-0.18199214,0.21195509,-0.17776002
0.26964158,-0.22680435,-0.042464882,-0.12358341,-0.20765148,-0.08240172,0.057386372,-0.0901211,0.03986308,-0.094783984,0.2201324,-0.113734454,0.024523953,-0.0824226,0.15253638,0.37913996,0.061783757,0.11520468
0.053779885,0.25539523,0.15632157,0.045449603,0.22340354,0.32883227,0.26735246,0.46088192,0.292825,0.10168504,-0.022111403,0.22942479,0.18703988,0.19469091,0.1859445,-0.13320827,0.28033897,0.17608945
0.3750229,0.40423623,0.15312332,0.13523918,0.30199403,0.39638078,0.13977481,0.358097,0.3245838,0.1343948,-0.13820529,0.17294231,0.072849534,0.002839966,0.23492043,0.041726585,0.23720828,-0.16719617
-0.048441034,0.33819547,0.19683233,-0.053158965,0.33840215,0.15838562,0.11609948,0.35678053,0.11020559,0.19930905,0.045281436,0.18574896,-0.13923672,0.22282772,0.19062242,-0.19775896,0.10501844,0.09527828
0.026400149,0.39644906,0.18610545,0.24776162,0.2741407,0.36334267,0.3312318,0.27101082,0.30819014,0.021851622,-0.09066166,0.117380425,0.1872089,-0.029212283,0.24360391,0.16824079,0.24613659,-0.07173413
0.12649086,0.22183856,0.27204806,0.055824045,0.2568843,0.20488974,0.35004485,0.14013633,0.012406703,0.058605336,0.16820739,0.06784173,-0.12600306,0.18349223,0.29276296,0.119494304,0.3750056,0.43542546
0.14540991,0.26352298,0.17254855,0.19623405,0.21991926,0.19689438,0.37871778,0.28881335,0.1742119,0.03417658,-0.028531156,0.0735456,0.2574672,0.023682287,0.24561185,0.20239267,0.24860546,0.13666792
0.40893427,0.36052004,0.07740352,0.24282473,0.25912306,0.26375407,0.12822364,0.19928245,0.26371503,0.10317041,-0.124652594,0.11313816,-0.012949656,0.12388237,0.13931492,-0.014712129,0.18124513,-0.16370007
-0.026745478,-0.026545255,-0.22015865,0.07905188,-0.10596402,0.3269128,0.065978855,0.09598073,-0.10141108,0.1918457,0.15596253,0.21691819,-0.30742955,-0.01281441,0.06170503,-0.04337664,0.22454579,-0.11741343
0.096283935,0.2177,-0.052382704,-0.13203743,0.29941386,0.22533302,0.08340338,0.28292805,0.09402104,0.24851985,0.028044539,0.14432274,-0.1321108,0.0844879,0.1559622,-0.24050912,0.12233103,0.016486095
0.0023897386,0.28469658,0.08739624,0.24857719,0.27503243,0.19562593,0.02141983,0.32403335,0.2518212,0.14252226,-0.15144925,0.22975318,0.02818354,-0.093770996,0.15260087,-0.20732306,0.1733334,-0.17778096
0.43822804,-0.26196566,-0.15863687,0.17254663,-0.225282,-0.15261573,-0.06551652,-0.113660425,-0.05320425,0.10881866,-0.029706515,0.0010817014,-0.080299266,-0.08151887,-0.063851215,-0.05324341,-0.13976136,-0.25569952
-0.055457763,0.3343184,0.013213891,-0.048089225,0.2479032,0.41493618,0.37876397,0.44564068,0.29959753,0.21684559,-0.11129934,0.21017817,-0.13779813,0.26634082,0.4300338,-0.08445358,0.44250956,-0.02110434
0.38070673,0.30752072,0.29479402,-0.08173312,0.21290448,0.26068485,0.09442028,0.23898895,0.24563576,0.12739445,-0.064744934,0.19097807,-0.10938898,0.23347364,0.2554372,-0.093193784,0.15632652,-0.03286805
0.056748733,0.32511973,0.079758234,-0.0009414732,0.21934655,0.39002123,0.16549172,0.35146853,0.19984315,0.13786376,-0.014167984,0.23824978,-0.11880193,0.19324952,0.30200213,-0.0575615,0.40538225,0.10188474
0.24805409,0.30507305,0.05833795,0.37778944,0.19539271,-0.024346959,0.2271168,0.14459404,0.25741455,-0.0827288,-0.13296106,-0.03608071,0.4129328,-0.01814335,0.035686508,0.065733865,0.043263964,-0.0068873125
0.07150922,0.12281635,-0.17426692,-0.11536136,0.0703494,0.20018098,0.1218534,0.39243698,0.035619378,0.32614905,-0.12689276,0.35714385,-0.16778712,-0.14834794,0.17057224,-0.22955027,0.34812185,-0.15925944
-0.14212844,-0.34927648,-0.3374044,-0.025775585,-0.3165952,0.013268553,0.0038685375,-0.17748407,-0.056337856,0.12934446,-0.06429134,-0.049361967,-0.07913714,-0.06791949,0.043750938,-0.2479074,-0.032828182,-0.1045514
-0.0576386,0.40624642,0.35264835,0.2892857,0.26073954,0.24342439,0.36742166,0.41336262,0.30074117,0.04545807,-0.16000229,0.18811765,0.46382302,0.09924727,0.28567588,0.06596194,0.1827452,0.14705086
0.09817634,0.36464816,0.2558294,0.12196313,0.2460364,0.42635897,0.24211732,0.310374,0.17046504,0.16112821,-0.05098396,0.2611534,-0.21296687,0.23493294,0.28657854,-0.08338246,0.3223455,-0.0031335424
0.09299758,0.13244678,-0.2889569,-0.073928766,0.07054358,0.20989896,0.08579238,0.41188806,0.27501255,0.2539694,0.031092878,0.32209653,-0.061218057,-0.066411965,0.20935294,0.011108581,0.3030157,-0.1872698
0.40788847,0.29109913,0.05236006,0.13487184,0.18018623,0.3818912,-0.012205738,0.24955605,0.1769699,0.17860742,0.013569293,0.22420923,-0.09374437,0.15309863,0.14848782,-0.064764224,0.120415226,-0.1397077
0.30735886,0.31249672,0.3173971,0.26000783,0.26099455,-0.01732183,0.11631314,0.07760966,0.31560388,-0.06054812,-0.089211404,-0.08699235,0.4995329,0.115472555,-0.043196905,0.06851374,-0.2471893,0.10329072
0.06808198,0.17387626,-0.06245057,0.17515685,0.2192675,0.22095986,0.26793194,0.21239327,0.13703577,0.1354092,0.112999015,0.059199624,0.0145544205,-0.099619485,0.17078699,0.44259727,0.24807389,-0.042135812
0.0525811,0.35654423,-0.0016798279,0.023967866,0.27589935,0.30591613,0.30499056,0.41231537,0.2584055,0.20982553,-0.041782785,0.23484795,-0.20998849,0.16970733,0.36756343,0.074688844,0.44703668,-0.032890182
0.3508367,0.3410276,0.108909614,-0.027302723,0.28541234,0.23058587,0.2751332,0.3864564,0.15642934,0.01340528,0.030545684,0.027768029,0.08434028,-0.06761978,0.3757934,0.29779798,0.38272643,0.13975064
0.032627404,0.44302967,0.011553637,-0.14531755,0.3246097,0.44767973,0.1778985,0.55508476,0.2660637,0.23420976,-0.05862088,0.41215825,-0.039486136,-0.0057620835,0.299505,-0.068973504,0.45373353,0.034358956
0.056950506,0.15522587,-0.15474251,0.02762325,0.093068376,0.31519657,0.13164741,0.3235263,0.21341649,0.25397417,-0.07244536,0.20973997,-0.1610489,0.23092268,0.19923782,-0.22796863,0.2631195,-0.0854598
0.39482418,0.20564073,0.27808204,0.03388633,0.24865909,0.14564621,0.4079532,0.1360269,0.008003224,-0.13059163,0.15323341,-0.1809028,0.4168504,0.04899174,0.16301024,0.29950193,0.121032916,0.554883
0.22805688,-0.23539922,-0.17543691,-0.011828752,-0.27177754,-0.22439149,-0.277993,-0.12784877,0.0909798,0.094016805,-0.0071004885,0.12498666,-0.17953575,-0.053679947,-0.15753354,-0.13438666,-0.16390777,-0.25821775
0.14197321,0.2149369,-0.16938552,-0.070023246,0.2166063,0.23687243,-0.106638856,0.21867532,0.22946583,0.18568489,-0.16653071,0.24658388,-0.094386935,-0.19980566,0.02312868,-0.22125311,0.18259244,-0.27239418
0.14613172,0.13634816,-0.0962565,-0.08768798,0.16995035,0.2481935,0.18623638,0.3736429,0.21116987,0.20103353,0.080297016,0.13404036,-0.13053349,0.1573725,0.20283927,-0.07590039,0.22282942,0.023622451
0.29867485,0.35034874,0.026204955,0.022948517,0.30825433,0.22276776,-0.07841216,0.3163928,0.070647284,0.2045779,-0.119481355,0.16349922,-0.08742578,-0.06531547,0.080822095,-0.21306272,0.09936194,-0.18395165
-0.15205656,-0.0910364,-0.16991521,-0.15652762,-0.052336875,0.21964458,-0.06279086,-0.025964558,-0.0010449232,0.22876617,0.031692572,0.20729485,-0.3561643,0.029934809,0.001479179,-0.39474744,0.035264816,-0.26129723
0.026545096,0.30589637,-0.10907768,-0.18375741,0.27794015,0.3226478,0.09443729,0.42033762,0.27669105,0.28011215,0.053171247,0.3653517,-0.07428577,-0.1449783,0.3129852,0.004006325,0.36443767,-0.06823251
0.13958886,0.24361853,0.03508695,0.2740777,0.1529122,0.057808973,0.2883385,0.2704879,0.21124917,0.005914866,-0.17939422,0.010741041,0.32043198,-0.049751297,0.111580506,0.04107671,0.15149547,-0.03812346
0.31892428,0.11333028,0.10017911,0.26210356,0.13339262,0.3114022,0.08308056,0.20368475,0.3576147,0.10447703,-0.1055356,0.2207441,0.17723404,-0.008033643,0.1342261,-0.10189154,0.18221818,-0.09611086
0.39720115,-0.124909714,0.055259515,0.21804348,-0.1495001,-0.17855342,0.237755,-0.11809291,-0.0024803386,-0.18765023,0.08808966,-0.27345234,0.35239553,-0.08304551,0.00640027,0.30936402,-0.1257737,0.19929776
-0.14150877,-0.1652744,-0.3677862,-0.041527532,-0.15869091,-0.0045281276,-0.25209248,-0.2665457,0.003526144,0.16263036,-0.087068364,0.04897391,-0.26497725,-0.03466425,-0.09739984,-0.3064169,-0.14631455,-0.33690766
0.2933153,0.36420694,0.18182509,0.217938,0.27252388,0.30954513,0.19718222,0.32105133,0.3105059,-0.039178528,-0.090127565,0.111845575,0.3709544,-0.074862905,0.1823839,0.11788299,0.23533241,0.02213076
-0.10216635,0.14263377,-0.042759474,-0.048943184,0.07113607,0.094670996,-0.03824026,0.17297289,0.18298031,0.20528273,0.08602502,0.2054895,-0.19416441,0.34792277,0.12505178,-0.14946389,-0.003730625,-0.021269666
-0.1889518,-0.4096515,-0.21070735,-0.09313626,-0.48228106,-0.040210243,-0.24080965,-0.3464186,-0.24240138,0.043597043,-0.1028197,-0.09587797,-0.35496444,0.08485856,-0.21325013,-0.26732078,-0.29791027,-0.2679866
0.04415834,-0.33313224,-0.14864413,-0.025459534,-0.24926315,-0.03737569,0.028680988,-0.24601813,0.13341938,-0.07785117,0.43322212,0.0026104406,-0.13484424,-0.0051736813,0.1858889,0.2352481,0.13017328,0.18412258
-0.025459863,0.29810703,-0.03821281,0.03609181,0.1326114,0.2651846,-0.20734926,0.13905056,0.12534773,0.12576015,-0.12699914,0.31049103,-0.20166191,-0.06931564,0.005614365,-0.19851863,0.118572816,-0.30810687
0.14448144,0.38122013,0.35525918,0.12851913,0.34308854,0.2038061,0.2407209,0.32950205,0.4078499,-0.050851256,-0.13662031,0.012657863,0.5341442,0.16795586,0.112017125,0.01906189,-0.03959103,0.15527493
0.15856098,-0.31321052,-0.20781831,0.08542635,-0.26149398,-0.014482109,0.109829016,0.0063881744,0.060377106,0.116735086,0.13578096,0.043699004,-0.12984587,-0.022190847,0.26839313,0.019767072,0.16591547,-0.04102695
0.37450132,-0.023066172,0.07256682,0.40616938,-0.09206085,0.15180306,-0.0990341,0.035979092,0.16295463,0.14506496,-0.11945378,0.1732421,-0.13161655,-0.07324208,-0.05814015,-0.087468185,0.015413629,-0.29232183
0.0012734134,0.28752595,-0.049713317,0.21681602,0.21101803,0.23138432,0.23558754,0.26992238,0.25088775,0.089269154,-0.08880884,0.13089646,0.3397143,-0.06525267,0.124898866,0.015710086,0.19446437,-0.03877412
0.062407598,0.29258743,-0.19920509,-0.18776035,0.2251569,0.43031046,0.0069380505,0.41667187,0.24074823,0.21787855,0.10488166,0.26701432,-0.19515568,-0.009881777,0.28152645,0.0645875,0.36057928,-0.12208152
-0.12121204,0.18245062,-0.030051501,-0.0698214,0.17791073,0.2627302,-0.11233324,0.09341971,0.015092013,0.1920995,0.060422502,0.076028205,-0.19471854,0.25194624,-0.00087728235,-0.21499014,-0.10478858,-0.11962972
0.09695795,0.3787788,-0.02510746,-0.2175009,0.3937516,0.2992583,0.09953431,0.40355724,0.21740198,0.21424758,-0.035882663,0.29361272,-0.068201415,0.074954964,0.18443005,-0.17751463,0.2199908,-0.10334408
-0.04031724,0.408249,0.22274603,0.21031041,0.29261407,0.24864317,0.32965913,0.43182063,0.24868974,0.12701452,-0.17213017,0.22230172,0.18905582,-0.03504488,0.35635218,-0.002013132,0.3352284,0.04143165
-0.04855462,-0.1682093,-0.36779344,-0.08666626,-0.22408065,-0.025917545,-0.16882841,0.063374236,-0.027747422,0.26726958,0.07190653,0.43537366,-0.2670468,-0.11748109,0.0020212894,-0.22524379,0.17136341,-0.16743311
0.06412278,-0.08935622,-0.22826228,-0.14507109,-0.07860323,0.13555801,0.28216183,0.30914825,0.04386743,0.086255915,0.060746375,-0.0012667188,-0.0717584,-0.10494133,0.32792273,0.14228731,0.41693828,0.080641605
0.08521221,-0.16114922,-0.10782217,-0.07659152,-0.15945327,0.11126385,0.09578831,0.002036021,0.2816567,0.1340807,0.08817312,0.12908512,-0.0064018196,0.10702659,0.20692858,0.060780857,0.079016775,-0.08527121
0.05662135,0.3377035,-0.0184168,-0.13675304,0.33319068,0.3682459,0.2015283,0.4711342,0.11019696,0.21636225,0.0017973739,0.2322397,0.01868183,-0.052103534,0.22425129,0.031568415,0.27715313,0.042291455
0.18052858,0.3580478,0.16767637,-0.03467856,0.22889079,0.26268423,0.13530612,0.33685166,0.2493689,0.16215193,-0.09190363,0.30308947,-0.028988672,0.14940894,0.24722783,-0.11176299,0.3085914,0.08523878
-0.006206885,0.4164202,0.054055482,0.042911045,0.39909887,0.26050377,0.17024256,0.34580973,0.26672536,0.23292677,-0.041525617,0.19394132,-0.13360551,0.087219186,0.34764573,0.010011396,0.31753442,-0.113533676
-0.074692436,-0.3818248,-0.31377998,-0.27779034,-0.3496087,0.0055212877,-0.17723575,-0.14608349,-0.1602901,0.14288288,-0.03766754,-0.020448824,-0.32086384,-0.045057807,-0.07222211,-0.35876286,-0.14931533,-0.28640118
0.44687498,0.2613458,0.36250564,0.015963258,0.24117765,0.2979596,0.14662755,0.25190914,0.24884409,0.0745163,0.08182082,0.13412769,-0.0018730655,0.28745988,0.28197917,0.02814804,0.15740518,0.13801336
0.14639843,0.10749176,0.03155837,-0.0135042835,0.1638307,0.16107555,0.27438694,0.052398577,0.034836672,0.09285061,0.2979334,0.047100518,-0.17336304,0.2689919,0.2876211,0.039568465,0.34798256,0.4404975
-0.017704658,0.36568266,-0.14107358,-0.2042828,0.33651584,0.26394135,0.24330194,0.5183457,0.09712027,0.16942638,-0.0076142047,0.17339288,-0.008570591,-0.10445483,0.27398193,0.0628567,0.4207217,0.08858004
0.055955734,0.20072016,-0.17876753,-0.008470151,0.18228929,0.2778343,0.31663078,0.44281608,0.19158743,0.20302047,-0.012857189,0.17207,0.019441746,-0.07406612,0.3552505,-0.03127919,0.49027526,0.11205411
0.36795643,0.28604507,0.2212768,0.25307056,0.24438272,0.0010948889,0.19187793,0.23069571,0.3109101,-0.12780477,-0.109093465,-0.06429141,0.49685907,-0.0805188,0.057231843,0.07981527,0.010225031,0.059930366
0.13790712,0.2573453,-0.18645018,-0.17665848,0.27544048,0.31773397,0.13451836,0.37528095,0.060686804,0.27793437,-0.019741554,0.23168476,-0.13730739,-0.108046494,0.25434214,-0.10405177,0.3629869,-0.049654912
0.2214101,-0.041053988,0.08461803,0.06639059,0.022150235,0.15773188,0.24460928,0.07644936,0.07144306,0.06820314,0.33955362,0.017510306,-0.19770133,0.2052054,0.21036434,0.11229369,0.25043315,0.33282927
0.008082731,-0.4540508,-0.14071992,0.1476257,-0.46080044,-0.2079529,-0.26542264,-0.46858886,-0.3222312,-0.052854188,-0.05315044,-0.18629584,-0.24037194,-0.1583165,-0.24844489,-0.18810408,-0.34545556,-0.22063504
0.25209934,0.087207265,-0.019782696,0.0024704167,0.068490095,0.13631734,0.07601859,0.19509868,0.23707902,0.14887942,0.11165446,0.34043777,-0.20489034,0.122443005,0.17179215,0.03534244,0.32398483,-0.018272983
-0.0585224,0.3416185,0.14607266,-0.078894116,0.19813746,0.4381458,-0.04768636,0.24169509,0.286068,0.053101487,-0.035457473,0.26637122,-0.059974365,0.29048336,0.013596371,-0.14966896,0.016808346,-0.1569638
0.08403839,0.35830653,0.25524682,-0.09575355,0.3936109,0.21889351,0.20047799,0.29161713,-0.0121890595,0.18654652,0.09440885,0.13470033,-0.19764249,0.27301565,0.1316216,-0.17034419,0.15412907,0.28439867
-0.0068976507,0.35318944,0.13327895,-0.029626898,0.2124035,0.28762326,0.2361481,0.49588504,0.23988649,0.12747088,-0.089321926,0.30105126,0.00051123754,0.033851944,0.33179358,0.034147814,0.39974958,0.027553786
0.13116542,0.08939789,0.014520616,0.28856695,0.026297748,0.13118702,0.3081774,0.14821783,0.018738365,-0.026614938,0.08949992,0.007026569,0.19073202,-0.041565154,0.18497264,0.24268147,0.21874627,0.19219756
-0.04657261,-0.16639921,0.027019972,0.12368016,-0.1977682,0.014697429,0.30659768,0.0021638584,-0.03345611,0.049520414,0.09357627,0.12484931,-0.19871736,0.099539645,0.2909875,0.068585105,0.37924024,0.20563023
0.092859544,0.19730006,-0.05247054,-0.020013155,0.21201055,0.14366437,0.059443608,0.2972207,0.25980985,0.16890226,0.11271927,0.14486206,-0.099636346,0.0921652,0.2913734,0.0025707334,0.2838377,0.05373152
-0.02561813,-0.14059895,-0.17634715,-0.042384617,-0.17849584,0.0811517,0.23731208,0.24677293,-0.0021000449,0.14990032,0.14103842,0.27787688,-0.1316762,-0.11748566,0.30247375,0.10951596,0.42825446,0.1176423
0.2194407,0.281927,0.05903292,0.0969888,0.19318096,0.12271219,0.2725276,0.37907255,0.17357083,-0.04174907,-0.06383517,-0.017294552,0.50582975,-0.25137332,0.14232084,0.2543171,0.17659092,0.16975623
0.13309605,0.3329679,0.01123581,0.028199377,0.28922623,0.32011625,-0.058561005,0.21786328,0.10702184,0.14574225,-0.23487553,0.06988996,-0.13737583,0.14862916,-0.0336158,-0.26803705,0.0053654066,-0.26118365
-0.062446322,0.25122884,-0.09441561,-0.06573505,0.12518983,0.32094947,0.0960586,0.5308908,0.1907968,0.20938908,-0.18634894,0.31005347,-0.028621623,-0.08746213,0.13757496,-0.2027492,0.30272397,-0.17940316
0.03574871,0.25225928,-0.1606005,-0.016564036,0.23736116,0.25661632,0.136079,0.21314964,0.103122376,0.15896523,0.113982536,0.21827747,-0.25729138,-0.088032156,0.17703077,0.08834956,0.38667938,-0.09184339
0.3200195,-0.25049758,-0.10256623,0.20818305,-0.23131973,-0.07546317,0.19402055,-0.14542791,-0.02141101,-0.1311979,0.29229015,-0.13787572,0.15626742,0.02874787,0.081599385,0.3329384,0.035487175,0.2715964
0.39082804,0.25233003,-0.060033783,-0.016755974,0.24403359,0.36001587,0.15058371,0.4753904,0.24604657,0.26897943,-0.09362618,0.24337333,-0.10389207,-0.024365546,0.20679408,-0.14508528,0.30943492,-0.1798783
0.19264168,0.23716955,0.099956155,-0.029706273,0.17106552,0.3383984,0.16204356,0.335529,0.10033052,0.16709974,0.13037303,0.37980115,-0.115646385,0.007921201,0.20279242,0.08362202,0.34278715,0.050976925
-0.030360095,-0.0061930446,-0.21190411,0.087130375,-0.057348125,0.23516575,0.30385536,0.3763252,0.06970286,0.12736851,-0.07087313,0.0044309674,0.05073132,-0.17098185,0.18510565,0.112675615,0.3019051,-0.08112239
0.15465455,0.43664506,0.066016965,-0.13027489,0.3881262,0.37791404,0.18663755,0.36903527,0.365169,0.17776883,-0.041911688,0.36575615,0.086711034,0.06722225,0.31573927,-0.019460073,0.39877766,-0.01929551
0.2715298,0.27720225,0.039673414,0.03346601,0.13010973,0.26949933,0.025919484,0.3775791,0.15943465,0.15898837,-0.120908685,0.23955795,-0.15485081,0.11662898,0.18165495,-0.1946316,0.23085932,-0.14166595
0.051170047,0.12946333,-0.13431467,0.32541937,0.07239922,0.18615659,0.28917795,0.15943691,0.03062195,-0.009421583,0.019004552,0.01415711,0.28356934,-0.12961805,0.069337614,0.22967301,0.18236607,0.01684304
0.43572932,0.32308337,0.34639347,0.06689412,0.2576635,0.1494122,0.37118822,0.16744804,0.16909404,-0.16299346,0.029912869,-0.14929542,0.44784424,0.17717701,0.17199075,0.27081472,0.05274281,0.3329124
0.09830864,0.35419813,0.17677176,0.067104526,0.30345,0.3518661,0.12253054,0.32058537,0.48111752,0.10115866,-0.0020748812,0.20180567,0.29670385,0.042259805,0.16227682,0.032349568,0.09108885,-0.022649024
0.06816166,0.22208317,-0.033670317,0.047966853,0.2814239,0.3076034,0.049111202,0.15193902,0.24258752,0.22194086,-0.0062133763,0.21736623,-0.23344468,0.08977742,0.16264777,-0.15908049,0.18217328,-0.31014454
0.27250305,-0.11440001,-0.20437941,-0.032509085,-0.12941585,0.09537551,0.071257144,0.09014514,0.21537527,0.09622845,-0.039886232,0.03652238,0.16324596,-0.10261599,0.15941358,0.06764509,0.10890958,-0.11910506
0.4002224,0.36675906,0.2715957,-0.06342683,0.3838387,0.2091963,0.18105374,0.3293526,0.18426333,0.1467409,0.07663207,0.17930198,-0.104311354,0.24122514,0.26550967,-0.08806784,0.2691819,0.24206308
0.02755648,0.3067583,-0.08549307,0.043901913,0.19124374,0.16503264,0.21104927,0.37461543,0.23781572,0.057703596,-0.06739031,0.14228755,0.28482947,-0.054655753,0.11806834,0.033215974,0.19685265,-0.031217271
0.39920878,0.07616731,-0.1708213,0.06967438,0.108847104,0.26020738,0.06903723,0.11039708,-0.0024379028,0.21711232,-0.08004424,0.018036224,-0.10545188,-0.044703245,0.054844763,-0.15064156,0.06785982,-0.2623108
0.19413778,0.28979218,0.3090267,0.007582889,0.26925543,0.2305768,0.26686555,0.21553522,0.16050033,-0.13963935,0.05880715,-0.110892355,0.54132456,0.10491378,0.07778547,0.17232603,-0.043919742,0.35595036
-0.17973824,-0.1723916,-0.4496909,-0.05275523,-0.23595732,0.15691382,-0.3547964,-0.11871356,-0.094653465,0.25461456,-0.034343172,0.35544667,-0.34349528,-0.28413352,-0.13933738,-0.33633426,0.019119276,-0.42579234
0.14584026,0.4249535,0.04355521,0.03610114,0.32017612,0.29252604,0.095202304,0.4219405,0.15027204,0.21460854,-0.14693801,0.23505186,-0.05761877,0.012351014,0.2339526,-0.15134129,0.26147866,-0.07080152
0.2998321,0.11064808,0.17275123,0.2684614,0.06276426,0.005281225,0.08149966,0.064467534,0.32447538,-0.12894894,-0.10503285,-0.055527784,0.31105763,0.047644816,-0.053688355,0.04587956,-0.088359065,-0.11207213
0.20486414,-0.19552492,-0.034472004,-0.11866308,-0.14647107,0.042665783,-0.18794124,-0.017396621,-0.07989745,0.09731864,-0.166898,0.027100708,-0.13981195,-0.2876479,-0.08071473,-0.22920737,-0.026213704,-0.17823817
0.09629288,0.38618717,0.019603837,0.01980504,0.27171722,0.3593744,-0.036072545,0.2876976,0.111094095,0.19582924,-0.10393944,0.33615604,-0.04615435,-0.12325813,0.119912714,-0.17375529,0.22225176,-0.14134236
0.2703403,0.12124752,-0.09241337,0.13064112,0.05318456,0.15018721,0.011095115,0.2169384,0.25476986,0.19520806,-0.09876136,0.13158405,-0.1399751,0.027138878,0.19327933,-0.16198316,0.17498568,-0.2165419
0.15728197,0.30759367,0.24671918,-0.068715684,0.36404854,0.24754417,0.11922271,0.24134117,-0.03278115,0.12555552,0.21416163,0.08572317,-0.23274875,0.22883251,0.034993127,-0.12563838,0.105919875,0.28834373
0.090899445,0.20524128,-0.03472848,0.30750448,0.1351495,0.15423381,0.23218842,0.2491672,0.13892502,-0.079038896,-0.04418837,0.02919882,0.31974578,-0.11836606,0.07079027,0.17742169,0.20732515,0.0388257
0.03617345,0.20305564,-0.037244182,0.29217064,0.11384501,0.023326948,0.23667036,0.06045098,0.19068915,-0.056410927,-0.10339512,-0.10591479,0.29231152,0.064987436,0.010456596,0.037774395,0.0124557335,-0.013099561
0.07837851,0.009520994,-0.123622775,-0.07263432,-0.07929164,0.1911474,-0.27614418,0.093656614,0.0371592,0.24640019,-0.11683112,0.25862646,-0.36584616,-0.019787977,-0.14198208,-0.32093835,-0.036421396,-0.37849027
0.12577157,0.21664697,0.058827892,0.12861128,0.20765612,0.12908955,0.15689754,0.03944326,0.02093953,0.0051480755,0.034751162,-0.074124776,-0.06823224,0.05218523,-0.042806186,0.2981831,-0.007970646,-0.0896626
0.03411892,0.26051936,-0.032454867,-0.06646434,0.26036033,0.41278923,-0.063850634,0.10932667,-0.062090043,0.21840839,-0.057879616,0.09271703,-0.16495569,-0.045895312,0.094643414,-0.1231225,0.1029384,-0.13687523
0.38115913,0.27658135,0.3552635,0.19474478,0.1872021,0.05662581,0.25384,0.029550254,0.22380447,-0.22102123,0.03256055,-0.21432406,0.4280352,0.27672797,0.06872187,0.23196359,-0.1120439,0.28484097
0.08945643,0.2939091,0.04722847,-0.04168016,0.28747177,0.25179297,0.08881973,0.15701911,0.07892588,0.08955277,0.24395692,0.09183893,-0.21133052,0.13830715,0.13816795,-0.03392946,0.2249351,0.24564314
-0.03714992,-0.096521206,-0.2904451,-0.022698812,-0.15505423,0.1122135,0.102721795,0.18450007,0.012097046,0.24068308,0.07497417,0.40494516,-0.27197835,-0.07592075,0.307122,-0.015867837,0.46232775,-0.067754745
0.034149103,0.3014655,0.012433389,0.08486762,0.19702974,0.2561278,0.15702775,0.3533402,0.31904638,0.14556554,-0.021768576,0.29866517,0.14920734,0.07301227,0.21582904,-0.045122493,0.28347808,0.04979531
-0.121626884,-0.0077034514,-0.3324781,0.107208855,-0.09779063,0.15703578,-0.11494859,0.057607297,0.25065356,0.22471066,-0.023200646,0.32200146,-0.26613796,0.016381402,0.121048756,-0.2211257,0.17395175,-0.32182395
0.30586913,0.34269318,0.19639328,-0.048438806,0.23342678,0.33883423,0.270542,0.41905144,0.14880475,0.16875555,-0.09207218,0.23947553,-0.043923598,-0.0015232627,0.3219258,0.088443786,0.3965809,-0.017843239
0.06494145,0.12888625,-0.21979351,-0.0033633139,0.07648789,0.23339209,0.1656097,0.2884224,0.02277301,0.2314882,0.04870475,0.18678248,-0.04213562,-0.20187335,0.10570647,0.06295134,0.20458862,-0.14143455
0.089744195,0.055700082,-0.13378862,-0.15954578,0.027376851,0.19495495,0.28788283,0.3388442,0.08869938,0.16825473,0.08406235,0.088229306,-0.06821952,0.032818533,0.22337213,0.14427334,0.23494342,0.0050700484
-0.013448006,0.13678043,-0.087032184,0.058633704,0.09309892,0.31048673,0.24408726,0.19972472,0.022849226,0.11450422,-0.005813891,0.0073756343,-0.10371961,-0.2130819,0.12015174,0.10366394,0.19657609,-0.18855943
0.0008141566,0.42036292,0.071928255,-0.1002134,0.30586958,0.4518683,0.14164862,0.4687149,0.19150645,0.24623096,-0.12568766,0.3484793,-0.048713483,0.037404742,0.2299818,-0.115646444,0.30527803,-0.10041045
0.38756475,0.34573716,0.16581406,0.06582871,0.2421082,0.3418286,0.20955515,0.2449344,0.03714297,0.07396536,0.049402457,0.10658613,-0.06515263,0.0618142,0.20116174,0.22556327,0.23037936,-0.0012405391
-0.103236444,0.35278872,0.060701545,-0.22793041,0.3137424,0.25665343,0.1125632,0.40906063,0.1512651,0.12760934,0.018448384,0.26379865,-0.018938184,0.11752404,0.037264075,-0.16938433,0.17095026,0.030848622
-0.1711932,0.12722503,-0.24451952,-0.09299827,-0.005018468,0.19600965,-0.24814291,0.22412577,0.064220734,0.14084226,-0.0025102561,0.3248775,-0.17128925,-0.14601412,-0.084894136,-0.2856154,0.071891524,-0.22422643
0.27133766,0.048155244,-0.010552066,-0.10933486,0.08667581,0.19775657,0.11106453,0.35363215,0.40366405,0.13253792,0.10326056,0.18381329,-0.14270139,0.21005373,0.39719328,0.0725964,0.4099863,0.06754484
0.22463104,0.31604084,0.1438034,0.0029221661,0.26980045,0.31422123,0.3577248,0.38177082,0.07983643,0.029663898,0.005879733,-0.040081423,0.13338967,-0.06566346,0.24783716,0.27847987,0.28250602,0.10882548
0.19202858,0.050282687,-0.026071329,0.31771109,-0.023854068,-0.029510545,0.37230048,0.15600105,0.0037318692,-0.052867446,-0.03372725,-0.19871517,0.4257864,-0.1471656,0.059147887,0.14727055,-0.00737462,0.111117914
-0.032718033,0.34125224,-0.05109923,0.04169335,0.2563483,0.3886733,0.33885634,0.46384835,0.09757417,0.17754452,0.020556264,0.21710491,0.02635493,-0.049928397,0.29015827,0.29191178,0.41627282,0.03547199
0.26861793,-0.0031086835,0.021603072,0.20460303,0.01506417,0.116486035,0.26585257,0.15973808,0.27026746,-0.02652224,0.15098134,-0.089364916,0.38734463,-0.0971716,0.15161525,0.3233914,0.06247001,0.14981876
-0.0503877,0.18023367,-0.16028558,0.17598456,0.063440934,0.10536821,0.241432,0.2279969,0.23106703,-0.0043348935,-0.009200125,-0.015832605,0.4066105,0.0005767342,0.16067114,0.16716218,0.11366749,0.028911429
0.26227942,0.27704516,0.14747584,0.04465183,0.30088285,0.28264174,0.043761633,0.26380292,0.32322803,0.111626886,-0.086295724,0.19142714,0.016753953,0.12109271,0.20757842,-0.12329889,0.20573997,-0.06647063
0.3827847,-0.03561864,0.3445102,0.12923802,-0.034600247,0.051187154,0.31982216,0.13134673,0.14452946,-0.10898587,0.029859692,-0.10663981,0.3563122,0.10801597,0.18092366,0.25741863,0.021684855,0.2157272
0.039570935,0.49610153,0.3749633,0.18291552,0.46089047,0.24097021,0.2910962,0.4464853,0.45047,0.10165769,-0.11894637,0.20761591,0.42209443,0.24963371,0.21902643,-0.009960599,0.10501286,0.094837755
-0.0572802,0.27585194,-0.16330782,-0.106465936,0.14793706,0.49051145,-0.11322321,0.120420456,0.019862862,0.17389686,0.12920368,0.23779501,-0.22565669,-0.009864876,-0.015596293,-0.22219396,0.12138067,-0.11578094
0.09410197,0.30700803,-0.114997216,-0.13855743,0.23337565,0.33869654,0.22475131,0.49667317,0.19981118,0.23821968,-0.102319054,0.25918028,-0.05923936,-0.042606216,0.27970418,-0.13717617,0.4294489,0.0045045493
0.06479593,0.19819137,-0.21280241,-0.10825092,0.1615648,0.31887913,-0.05314338,0.2761738,0.21352294,0.31598672,-0.18222909,0.2731455,-0.17565024,0.05716024,0.0793367,-0.2837215,0.1567222,-0.2888377
0.2995053,0.3310313,0.36473906,0.03565913,0.27661955,0.29708973,0.2080559,0.20593946,0.11243203,0.09828697,0.03325002,0.16423254,-0.114508145,0.28053924,0.21718514,-0.09525165,0.23734403,0.25732931
-0.07444323,0.14860041,-0.23731434,-0.2069624,0.14436786,0.40633672,0.068171844,0.3462901,0.08504663,0.27797997,-0.035404637,0.291082,-0.18581519,-0.029448912,0.19203028,-0.29558823,0.28399974,-0.1724406
-0.014735308,0.21261771,-0.062314797,0.18666863,0.107187785,0.12924612,0.1918452,0.261881,0.30016333,0.012701457,-0.10405419,0.04504343,0.28164467,0.007118957,0.13357654,0.083580054,0.13858777,-0.054999977
0.00544403,-0.33542228,-0.18712896,-0.08315431,-0.32952538,-0.1831576,-0.06520618,-0.34513736,-0.29918808,0.0847535,-0.015604437,-0.033721536,-0.26241785,-0.08388904,0.0069355587,-0.1429993,-0.09737219,-0.08146061
-0.097581424,-0.16150928,-0.23724355,0.039001536,-0.17521606,0.16947159,0.2406015,0.048032306,-0.12910718,0.15688568,0.074925154,0.11726368,-0.2230639,-0.12233814,0.12641259,0.15144747,0.26159388,-0.08520499
-0.029975656,0.12535702,-0.2591573,-0.09739515,0.02361724,0.30245784,0.17339978,0.46619442,0.2143002,0.27403498,-0.053076558,0.34315208,-0.05318671,-0.033451345,0.21741252,-0.1399257,0.36626267,-0.061461296
0.2645794,0.18557057,0.10723063,0.04481529,0.1396903,0.16271995,0.25184014,0.28538713,-0.081715666,0.022811126,0.07964753,-0.07316019,-0.03881704,0.01648998,0.14068985,0.19583367,0.15947826,0.15257446
0.46702778,0.14600769,0.36116257,0.41346198,0.12250171,0.14428854,0.16205607,0.051796865,0.28299797,-0.13441797,-0.09565384,-0.062619634,0.43806714,-0.016045956,-0.033066366,0.11101478,-0.11524422,-0.0048575075
-0.0145796295,0.3624091,0.08517934,0.033100795,0.22933076,0.32709032,0.29404166,0.43070683,0.27109948,0.12528357,-0.13519648,0.2574024,0.06136949,0.024609791,0.3034147,0.015196204,0.40829515,-0.043784518
0.016542543,0.31292018,-0.028383236,0.07878034,0.1882616,0.35733634,0.16092436,0.30999368,0.22886294,0.19432996,-0.12174384,0.24493437,-0.19371909,0.09112603,0.31899458,-0.06380616,0.37198865,-0.19818181
0.10097907,0.2011734,-0.01501615,0.31923887,0.086850286,-0.07702411,0.2855772,0.08201202,0.102419145,-0.06677031,-0.11454228,-0.1325494,0.28481016,0.026916428,0.032952737,0.10158644,9.1909315e-05,0.005320237
-0.15167555,-0.13870583,-0.33125573,-0.0020780852,-0.18689501,0.03901862,-0.10001916,0.12966938,0.25911418,0.17012754,-0.043858778,0.23296541,-0.27466014,-0.045443892,0.2972703,-0.15447167,0.3227178,-0.239934
0.23326918,0.3889843,0.17774808,0.0016863046,0.34650686,0.30976388,0.23102841,0.43444723,0.2928603,0.18153903,-0.1120772,0.30172318,0.1798069,-0.049653273,0.29232576,-0.06360149,0.35546505,0.044708584
0.07630827,0.48037142,-0.037373703,-0.116081655,0.4052066,0.44264466,0.28828636,0.56792367,0.24741337,0.21261607,-0.06564452,0.22856061,0.010168441,-0.08841673,0.33294317,0.092651926,0.4469768,-0.015755905
0.21943925,0.14851269,-0.047547318,0.1163584,0.115020886,0.33263072,0.19118075,0.18080983,0.30035263,0.071371816,-0.023128621,-0.011127766,0.2240187,-0.07480661,0.16029325,0.18605585,0.11477024,-0.14429688
0.34987125,0.16962144,0.06466266,0.09778242,0.06429441,0.12253898,0.18432517,0.2087275,0.20356685,0.07509904,0.0068513732,0.07076205,-0.12502629,0.17802247,0.13936168,0.16281757,0.1597096,-0.036562305
0.11138142,0.014139887,-0.25827312,-0.06656514,0.009339523,0.08728784,-0.021016447,0.30221614,0.237802,0.23346105,0.043422297,0.24575162,-0.11752962,-0.16329469,0.20394866,-0.06506265,0.24652168,-0.19820388
-0.013968122,0.19638608,-0.18616384,-0.073522665,0.1782568,0.23579583,0.11509885,0.37819704,0.029412849,0.25670016,-0.030731048,0.1552804,-0.18740097,-0.0143773,0.3275798,-0.1460159,0.30466104,-0.09220202
-0.06590195,0.11865959,-0.09796289,-0.17160346,0.18545386,0.24213524,0.07931728,0.3091416,0.0010459765,0.28888637,0.08931184,0.15887557,-0.14278506,0.15178885,0.095578104,-0.28377885,0.055538338,0.06714054
0.3800775,0.27801824,-0.11221403,-0.031499706,0.30648196,0.22856985,0.1668161,0.31928492,0.30389807,0.20820248,0.054203957,0.16207847,-0.012889915,-0.17025353,0.29012418,0.1562214,0.3229519,-0.09139015
0.06544307,-0.028078074,-0.0768042,0.2869382,-0.04933556,-0.025336422,0.21673065,0.10642151,0.26951358,-0.055261087,0.013222264,0.038483392,0.23817016,0.031919405,0.14704983,0.14309789,0.17219046,0.033905935
-0.068152204,0.20281911,-0.22137982,-0.036907066,0.12330059,0.23086613,0.22942452,0.36405036,0.16930962,0.26729387,0.0017069227,0.29343855,-0.20521666,0.14299624,0.24247158,-0.027239636,0.3862694,-0.07719585
0.063420534,0.366663,0.179687,0.10228407,0.39059958,0.2958748,0.39321253,0.29676586,0.02823251,0.06632879,0.18774584,0.116661675,-0.0015327844,0.06124646,0.19997534,0.20442852,0.35465553,0.37141392
0.48074645,0.43579066,0.1625991,-0.05458559,0.41047594,0.3459921,-0.035350192,0.27691534,0.21822138,0.20690042,-0.09431554,0.22722414,-0.11283666,0.037744343,0.1358423,-0.15010336,0.17441349,-0.12600125
0.050928082,0.2081601,-0.13324527,-0.03336469,0.17188384,0.19926974,0.19398844,0.3569193,-0.033285517,0.13983753,-0.024392355,0.052027997,-0.021301635,-0.20755963,0.031799864,0.138728,0.19163926,-0.06431411
-0.030899657,0.2176992,-0.093874276,0.09661998,0.21255252,0.35512424,0.27030635,0.27229667,0.2565925,0.18625179,-0.030531144,0.2062063,-0.027866453,-0.055567026,0.39284152,0.08893064,0.437413,-0.0739364
0.019227447,0.2459442,0.063522585,0.0064242133,0.31765717,0.21284883,0.25084597,0.18800904,-0.0019921036,0.15448026,0.28323406,0.105338365,-0.21144484,0.12186654,0.32379425,0.035663247,0.37832436,0.36582077
-0.20797467,-0.2680665,-0.2835795,-0.13792081,-0.2870618,0.0827252,-0.13893774,0.0682119,-0.2098006,0.16408598,-0.15250964,0.11544758,-0.08975217,-0.31764305,-0.10321779,-0.35686475,-0.012662682,-0.15713196
-0.04668575,-0.089270875,-0.1281448,0.019608237,-0.047392573,0.13055713,-0.08423671,-0.04461651,0.16393723,0.1616511,-0.10478604,0.22266224,-0.14745902,0.12753439,0.053004805,-0.28483683,0.015928729,-0.30971116
-0.028486509,0.019430246,-0.13454577,0.12763384,-0.07527313,0.14677677,0.2368142,0.31454378,0.10597671,0.26961803,0.054240644,0.36080745,-0.16424732,0.09751573,0.25953147,-0.108212784,0.33966607,0.0010595587
-0.08556793,0.19077466,-0.07582234,0.22716448,0.096095316,0.36083317,0.19457147,0.2767771,0.19885322,0.08638472,-0.031337198,0.324145,0.23564911,-0.14372045,0.12795255,0.021043513,0.33194593,-0.029768571
-0.055495117,0.24599545,-0.12751538,0.023221686,0.13807963,0.24924272,0.12793882,0.37913775,0.35329986,0.17334448,-0.015624474,0.3683161,-0.0040886602,0.078593396,0.25935394,-0.07628629,0.39979422,-0.0030868228
-0.020646447,-0.061831746,-0.18184966,0.2577771,-0.10045524,-0.06444639,-0.18537483,-0.008256751,0.12806852,0.051002026,0.06080767,0.12029099,-0.12344866,0.06545078,0.06973857,-0.15283197,0.018460616,-0.12346641
-0.030338444,0.24806331,-0.010454637,0.13565032,0.24480608,0.18653549,-0.14606516,0.13940175,0.43177614,0.15346713,-0.026462514,0.31395254,-0.16640858,0.053584192,0.1346497,-0.18012938,0.15000804,-0.25946754
-0.03932449,-0.20667212,-0.19769251,-0.08196263,-0.18387403,0.039997824,0.27342123,0.093671985,-0.103710145,0.046661273,0.1549076,0.058997307,-0.15844245,0.010243567,0.34567174,0.14245982,0.43211487,0.20780747
-0.00052597583,0.33250517,-0.057680674,-0.02816897,0.2323049,0.39492345,0.02059082,0.29946354,0.123527676,0.27853692,0.020045534,0.3888042,-0.052838314,-0.13600357,0.16822444,-0.083972976,0.23124175,-0.122390635
0.073761895,0.2547335,-0.08089085,-0.0800728,0.25514355,0.18683167,0.19497575,0.2294946,0.13428581,0.06934762,0.24951327,0.06703336,-0.05078503,-0.11961657,0.20222966,0.3168355,0.26259762,0.1932224
0.1033761,0.1677208,-0.008472868,0.06625374,0.07084431,0.15502045,-0.12143371,0.23964114,0.16191886,0.15418532,-0.04407174,0.41947642,-0.13623492,-0.13292128,0.1625278,-0.07840679,0.31221995,-0.12188078
0.3448783,0.19034588,-0.07977126,-0.0022641048,0.11107292,0.15214147,0.09219855,0.3716182,0.37096444,0.11100001,-0.09526494,0.2313087,0.1484897,-0.018635048,0.2365894,0.02957578,0.2653694,-0.123174824
-0.08036938,-0.019702462,-0.30726662,0.050274048,-0.1327185,0.18594839,-0.30073076,-0.021847997,0.04759194,0.08161858,-0.026856653,0.1792524,-0.22307168,-0.11610626,-0.1949871,-0.2557041,-0.02271265,-0.33430076
0.041578878,0.22990517,-0.045483883,0.23559235,0.17540382,0.020660968,0.35913157,0.28763667,0.32558715,0.0359489,-0.07888173,-0.089179866,0.45974126,0.10950497,0.13437891,0.10009306,0.036243528,0.06435688
0.2396236,0.22789226,-0.05475076,0.18336134,0.1004562,0.2856451,0.105655156,0.26222152,0.021438228,0.12929371,-0.011740792,0.053514346,-0.0150724165,-0.13582598,0.08539927,0.17923698,0.12342186,-0.15342993
0.18392913,0.08995651,-0.20835418,0.019595956,0.20002654,0.05791099,-0.22526562,-0.072112985,-0.0031624618,0.066196725,-0.11484024,0.06374822,-0.12258208,-0.17880689,-0.17366134,-0.24659592,-0.0302546,-0.27997136
0.09850081,-0.17749627,-0.075834185,0.18179132,-0.20274104,0.0775493,0.12850654,0.16328141,0.15997924,0.049903683,0.1728088,0.34908372,0.15603259,-0.11776153,0.21707952,0.15777268,0.3847451,0.2020462
-0.15764256,-0.3011201,-0.29080647,0.049146876,-0.27920863,-0.14137724,-0.1932695,-0.34791055,-0.19242616,0.017444035,-0.06306379,-0.003505666,0.00689287,-0.32388365,-0.1745129,-0.23833473,-0.16597255,-0.102304004
-0.006070444,0.32213035,-0.08851247,0.15096234,0.1811813,0.28206584,0.18251948,0.2834959,0.23977742,0.16248046,-0.092389815,0.30966696,-0.073269285,0.039783265,0.24197026,-0.030082926,0.36972305,-0.14817291
0.11450964,-0.02044886,-0.08023374,0.1428265,-0.015585041,0.111018606,0.08492907,0.102596425,0.114800036,0.15814759,-0.10219719,0.16365838,-0.08327268,-0.07514314,0.059866805,-0.20659707,0.12292243,-0.23062369
-0.13777807,-0.27973118,-0.24523164,-0.123467475,-0.20337988,0.03944596,0.06922244,-0.101686336,-0.01584698,0.1955282,-0.0029326482,0.042344797,-0.14616403,-0.06407655,0.27365744,-0.11958997,0.13800555,-0.03856994
0.15787399,0.4639521,-0.12444894,0.04098528,0.37532353,0.40892366,0.060492743,0.36411747,0.28795785,0.21099631,-0.14600901,0.24540906,-0.1437996,0.03679676,0.11312406,-0.09133777,0.22432509,-0.30558395
0.30140346,0.24965762,0.2675672,0.07020676,0.27705497,0.20037885,0.05649681,0.27954698,0.16282856,0.2050732,-0.10389584,0.21074072,-0.16821282,-0.013505024,0.14446299,-0.20435856,0.1766276,-0.08835484
-0.0091694575,0.28966326,-0.026426047,0.34893495,0.14790161,0.23038135,0.121362664,0.23413697,0.23880155,0.07483549,-0.095789716,0.17715521,0.11096845,-0.010071161,0.17810242,0.054420732,0.2480012,-0.13901804
0.34498292,0.22309914,0.23084575,0.03923607,0.23429112,0.32811254,0.09888843,0.28781334,0.10997566,0.18102387,-0.14365676,0.104611084,-0.092559926,0.114351794,0.013238173,-0.22202915,0.017520111,-0.1669634
0.38887125,0.07208981,0.28061372,0.103475556,0.079069875,0.15175916,0.31645393,0.11442489,0.09235677,-0.16774145,0.17169811,-0.104278736,0.4409211,0.07699814,0.12288839,0.2983058,0.05101056,0.37284264
0.28229174,0.27095276,0.09249238,0.087368056,0.23135729,0.25866783,0.33117175,0.2937528,0.11462284,0.060454644,0.016974356,0.009023555,0.013578322,0.11975468,0.2615742,0.2541543,0.28209797,0.11588373
0.09772182,0.21008037,0.024381077,0.28353885,0.17259176,0.17772923,0.21936363,0.2994373,0.35144058,0.06866948,-0.12111122,0.1270044,0.33429858,0.053677678,0.13636395,-0.05747149,0.11191531,-0.09278878
-0.015018362,-0.19322665,-0.14292705,-0.06961153,-0.13648453,0.12913728,0.06487776,-0.18326195,-0.11453305,0.15052505,-0.03350324,-0.0234263,-0.1601089,-0.10555102,0.084690005,-0.15659244,0.017527182,-0.10218151
0.2610013,0.41268694,0.18570018,-0.1985593,0.45814598,0.34882164,0.059095375,0.46631488,0.37378433,0.23553523,-0.02998513,0.28859368,0.03304542,0.21340603,0.16887656,-0.11611412,0.17490265,0.021606253
0.04267265,0.40374142,-0.04105075,0.01865537,0.34019056,0.37021244,0.28935984,0.42101875,0.32040733,0.18625636,-0.052772127,0.28552163,0.19817431,-0.026215438,0.27150849,0.049545024,0.3551341,-0.04271244
0.14292896,-0.14084193,-0.20329814,-0.052011847,0.048244953,0.051604275,-0.15312333,-0.14185447,-0.048900176,0.15164053,0.0625535,0.04281291,-0.30353788,0.012932096,-0.0033087065,-0.14926326,-0.05018105,-0.21591839
0.054360848,-0.023944065,-0.2099172,-0.019753158,0.03661229,0.11486902,-0.02075759,0.26509705,0.19550997,0.24563299,-0.07550454,0.16390076,-0.13360599,0.04678756,0.037730016,-0.3157204,0.063258775,-0.21453322
-0.16808863,0.0060767904,-0.26677057,-0.045920473,0.079894036,0.16464062,-0.09898504,0.08075211,0.03325004,0.121905446,0.22378685,0.11885816,-0.26827225,-0.18788727,0.069124684,-0.18770748,0.19276552,-0.08157421
-0.01272211,0.36025015,0.046340145,0.22737229,0.26414126,0.045088507,0.3072916,0.14044304,0.22896257,-0.06931856,-0.042444777,-0.13976163,0.41747135,0.07569564,0.113582425,0.17426546,0.038963836,0.1340487
0.15234774,0.12482205,0.08144325,0.1824287,0.15148227,0.16311607,0.16027033,0.36839017,0.24319373,0.17365275,-0.06278685,0.16767763,0.30188698,-0.029519122,0.07159039,-0.13153651,0.05992385,0.020207722
0.07277488,-0.027273033,-0.2198732,0.2812586,-0.10234166,0.02125171,0.12335337,0.109214,0.16060334,0.15809603,0.03063174,0.279248,-0.12977706,-0.040363062,0.23192436,0.03870421,0.32468376,-0.11088241
0.28729844,0.13013148,0.16612987,0.12802994,0.027206294,-0.05483209,0.04746702,0.008028027,0.2943878,-0.16698518,-0.054535322,-0.12633228,0.32427427,0.15934286,-0.014846967,0.020709744,-0.14931907,-0.011965234
0.27783933,0.16381487,0.021821203,0.056375504,0.09661909,0.24831359,0.17746037,0.1513671,0.17072783,0.072140716,0.08616651,0.035669453,-0.10490243,-0.014988488,0.165327,0.32973522,0.1882469,-0.037528057
0.012904195,0.25428867,0.08402497,-0.082826026,0.2898674,0.2734841,0.2658593,0.20854165,-0.10481565,0.025174765,0.21526934,0.06395611,-0.14409563,-0.041036207,0.12626937,0.19328685,0.36047155,0.3890645
-0.10135699,0.0768569,0.06951929,0.00049219816,0.15474194,0.0384758,0.23064385,0.054146837,0.15572228,0.0061763884,0.3781963,0.085762374,-0.134084,0.13555484,0.25714722,0.27283505,0.30852413,0.3955523
0.062485155,0.3168748,0.23737839,0.12379196,0.19518341,0.45409876,0.20119637,0.267662,0.13031146,0.1314778,0.030793434,0.25105214,-0.17911616,0.20549648,0.20935242,-0.09377773,0.27008897,0.021448705
0.01603236,0.09265569,-0.15187486,0.311135,0.029590188,-0.07208885,0.17019232,-0.004594854,0.005046974,-0.10144746,-0.07609065,-0.18350711,0.25445256,-0.08790198,-0.13469341,0.18218225,-0.09330992,-0.08443568
-0.018741677,0.35628518,-0.1186727,-0.1691607,0.2710901,0.35587576,0.24415772,0.5029012,0.25033644,0.25937572,-0.04823608,0.33075124,-0.09453892,0.04442458,0.37669516,-0.090254076,0.4988183,0.044571362
-0.045914415,-0.20333953,-0.112677194,-0.16605443,-0.21953444,0.115215085,0.21872024,0.27017528,0.1590116,0.17729309,-0.009857025,0.13514832,-0.047356855,0.05629193,0.24514481,-0.047836997,0.1935102,-0.0468973
0.1952198,0.40121204,0.013211523,0.085203886,0.3403591,0.2899232,0.19783385,0.5102459,0.32428572,0.15883224,-0.05864039,0.22008133,0.031185444,-0.112064496,0.2941516,0.16384459,0.38998654,-0.10139547
0.019681148,0.19483231,-0.037778646,0.11546314,0.09580709,0.36714336,-0.01797368,0.14838722,0.19711724,0.10547825,0.09847928,0.20898668,-0.14263672,-0.1294709,0.16564122,0.10347648,0.22151539,-0.21262337
0.28693482,0.05025326,-0.11834543,0.11966224,-0.008959541,-0.033681437,0.27102724,0.25976098,0.16489387,0.0021141907,-0.08239859,-0.066366136,0.33269593,-0.028919516,0.10855643,0.14202951,0.09184212,0.025458772
0.049136113,0.21560723,0.031547397,-0.03545338,0.2204213,0.32453346,0.24363868,0.17194314,0.01612781,0.03020046,0.20144877,0.08872773,-0.042180866,0.15553334,0.16577011,0.03882662,0.33444065,0.4085555
0.43643397,0.37226194,0.3476227,0.063442275,0.2688935,0.13756974,0.17793234,0.14075905,0.23001383,-0.14230382,-0.032669745,-0.16309589,0.40877855,0.1124582,0.044910286,0.21850906,-0.13447553,0.10641497
0.3732329,0.48859838,0.24947335,-0.015682423,0.48693073,0.28246775,0.18184559,0.40802783,0.46733305,0.13314901,-0.058579057,0.13874325,0.097787745,0.13065937,0.34409901,0.15618674,0.27252388,-0.026115581
0.0047348654,0.30269432,0.3795758,0.2871411,0.2688829,0.12551731,0.1219609,0.17280751,0.25626087,0.220154,-0.06539851,0.20866582,-0.17510778,0.43447798,0.12818128,-0.10931977,-0.006561989,-0.042142734
0.00016105361,0.3486231,-0.0120131895,-0.011983434,0.26823533,0.29774264,0.33364967,0.39991596,0.044508055,0.15064771,-0.00038016483,0.20850334,0.00018950083,-0.14316392,0.28208172,0.12753388,0.43893325,0.108983666
0.18123282,0.3956352,0.09651382,-0.0011096773,0.25350666,0.43896478,0.2075358,0.34092632,0.22098716,0.15929995,-0.09182866,0.29116178,-0.034498103,0.08215247,0.28679022,-0.02052868,0.37513044,-0.018891929
-0.022565765,0.3927761,0.09126516,-0.013626699,0.3317626,0.30285582,0.30044478,0.4677098,0.09587922,0.1573485,-0.043074187,0.27012196,0.041755855,-0.035693627,0.29458794,0.04680626,0.4498791,0.21324557
-0.074956216,-0.16166958,-0.17967957,0.014855864,-0.08798545,0.22283994,0.009536186,-0.08531724,0.005672875,0.12708153,0.30468526,0.13018258,-0.35148486,-0.041629896,0.11430813,0.2000584,0.18914022,-0.08866061
0.12588753,0.43475837,0.1564964,-0.031361368,0.4265482,0.3699828,0.15494509,0.3158772,0.23483244,0.16917457,0.18942049,0.27363992,-0.1299976,0.12744533,0.25335482,-0.012666302,0.31132063,0.15615067
0.06884517,0.032687105,-0.26129523,0.16198242,-0.010191521,0.1706128,-0.0730601,0.2685024,0.26095083,0.16299279,-0.08242375,0.22448124,-0.04223532,-0.22375412,0.12363414,-0.13069214,0.24868852,-0.2781716
0.023670396,-0.33615658,-0.30789563,-0.18773904,-0.2564119,-0.06272769,-0.33164454,-0.25093928,-0.11157582,0.098584786,-0.078325555,-0.10626056,-0.27513304,0.008295377,-0.2832286,-0.34026024,-0.32261124,-0.31664225
-0.053307567,0.08975552,-0.07377232,0.03856087,0.01473222,0.3604746,-0.07269805,0.19616544,0.33699572,0.19194101,-0.13982037,0.30599797,-0.25856987,0.16046244,0.16209754,-0.24700518,0.20519471,-0.30752108
0.21786717,0.2915891,-0.09756139,0.08423487,0.26054788,0.3478026,0.07231815,0.33213925,0.13542871,0.25859964,-0.08930181,0.3124588,0.024092572,-0.15489897,0.18259066,-0.13137683,0.31422016,-0.10556548
-0.21195064,-0.14885658,-0.30407935,0.037936922,-0.26145086,0.023207711,-0.3045696,-0.04251776,-0.08446508,0.15911812,-0.13509347,0.21911114,-0.14174993,-0.300068,-0.10053512,-0.2968241,-0.0080935005,-0.22339655
0.07733555,0.19234274,-0.14664826,-0.029171357,0.058715384,0.34251654,0.0773873,0.24867043,0.21587417,0.23792003,-0.059170652,0.22431083,-0.21694362,0.20156442,0.23095286,-0.22635894,0.237482,-0.18212646
0.3791316,0.2533787,0.03931403,0.10948831,0.21475291,0.2903616,0.10549196,0.34349936,0.20975044,0.15052533,-0.12795351,0.17853601,-0.037782654,0.07269713,0.08569086,-0.09818266,0.22893381,-0.2003468
0.10316112,0.45321724,0.22746234,-0.13975777,0.3843692,0.540139,0.18389608,0.31542468,0.36294293,0.13815773,0.0742227,0.24549857,0.034535583,0.16467227,0.2834563,-0.01885601,0.23741224,0.06113066
0.35008806,0.26371327,0.27580932,-0.11129517,0.2689183,0.2872473,0.26536077,0.09877379,-4.205166e-05,-0.1222507,0.20595278,-0.10909935,0.07539788,0.09005235,0.10637055,0.2826862,0.1273796,0.3693589
0.13926443,0.31303617,0.2519167,0.016575964,0.33162397,0.22679596,0.24089994,0.20569667,0.09323041,0.09010073,0.16092865,0.16380353,-0.09530375,0.112280004,0.26382872,0.08528873,0.34985948,0.37810627
0.024172738,0.40410295,-0.0005639781,0.03643213,0.3562204,0.33832166,0.30806592,0.5274512,0.32079738,0.19551136,-0.11829291,0.24496531,0.019401196,-0.033584792,0.38646653,0.06280776,0.48008138,-0.059633516
0.3387382,-0.09652682,-0.1822011,0.3146991,-0.14148393,-0.041761473,-0.16287334,0.024993917,0.09254813,0.12900957,0.008524633,0.14615075,-0.13472009,-0.15015194,-0.09726324,-0.14349148,-0.010983045,-0.23569244
0.28622136,0.14604545,0.14783722,0.19011238,0.0937389,0.22759303,0.17814302,0.19910009,0.07130883,-0.036625873,0.103718095,0.031196162,-0.022378275,0.1410101,0.13436396,0.056784276,0.15663013,0.07738062
-0.032817252,-0.14146852,0.06401271,0.06521746,-0.0707519,0.15499106,0.38523692,-0.09152784,0.01516493,-0.04365443,0.39517874,-0.11402445,0.015343769,0.13824965,0.21502553,0.29499096,0.18812922,0.49609864
0.2608417,0.32609978,0.27402434,0.028896555,0.31262773,0.29044798,0.19901893,0.43348998,0.30176577,0.11653267,-0.117001034,0.1891439,-0.037172556,0.16016485,0.28576523,-0.022504013,0.34130245,0.04434162
-0.033377375,0.3483427,0.012850884,-0.062929146,0.26693812,0.48701695,0.19656523,0.48710525,0.16811615,0.25530064,-0.0992731,0.36219454,-0.10846212,0.023663942,0.17027889,-0.1346136,0.29371172,-0.17307413
0.09288595,0.3402084,-0.10905574,-0.065032445,0.29077116,0.38446122,0.25183657,0.4908246,0.22359435,0.2461526,-0.13245822,0.24063642,-0.032629933,-0.098105095,0.34136498,-0.039365612,0.46578047,-0.0842339
0.5244208,0.30707276,0.029686328,0.08688432,0.2972615,0.25637394,0.067068405,0.3230951,0.26684782,0.13841358,-0.12706794,0.16915546,0.16322199,0.029213637,0.17257422,-0.069596134,0.2077589,-0.088735044
0.14069633,0.07868409,-0.13147391,-0.22991984,0.13628887,0.2787699,-0.04888625,0.2769785,0.23134968,0.2476879,-0.030529674,0.17037566,-0.22766335,0.21161464,0.17490648,-0.29689676,0.15010749,-0.09404992
0.31804428,0.040881228,-0.08158116,0.15134835,0.006413726,-0.08204623,0.14832766,0.11163726,0.30453333,-0.015265952,-0.0792801,-0.04485561,0.39547995,-0.057298522,0.088059664,0.06776024,-0.028684406,-0.055892244
0.09927347,0.21501756,0.05711689,0.04722333,0.18626739,0.33679876,0.22905347,0.24906334,0.07106183,0.09703885,0.17588006,0.25037915,-0.06672222,0.040423237,0.22082125,0.20634247,0.3396666,0.10687673
0.11420281,0.01567982,-0.20558561,-0.11835358,-0.02301177,0.13072549,0.0902867,-0.019716859,-0.01467572,0.084699765,0.21364757,0.06607842,-0.13283642,0.15664443,0.06663608,0.09957355,0.10025427,0.019631179
0.28427887,0.32345015,0.2783935,0.2433689,0.29062286,0.2472647,0.23142426,0.21730213,0.2934911,-0.016243994,-0.11400444,0.02261438,0.43375793,0.06433059,0.098466545,0.067861184,0.012370394,0.0517602
-0.02466635,0.16451353,-0.18323663,-0.048953608,0.10851792,0.2943111,0.15606338,0.24872059,0.13455366,0.2241922,0.13728711,0.24384205,-0.15750036,0.34542784,0.19487068,-0.14249232,0.20313674,0.035691395
0.3541511,0.35592335,0.13629924,0.0945301,0.29100236,0.3859671,0.107692145,0.41722915,0.2398686,0.14322104,-0.06765763,0.20147908,0.06556768,0.03583932,0.2382912,-0.08041535,0.24849702,-0.032915927
0.44853216,-0.28447124,-0.29303905,0.07230783,-0.31524304,-0.09450091,-0.16860624,-0.10729481,-0.16052426,0.17875707,-0.015171863,0.0774919,-0.19330174,-0.17596741,-0.12288368,-0.11551675,-0.122270174,-0.29640886
0.029026303,0.40908536,0.070326395,0.003934693,0.26744914,0.36687186,0.055196214,0.2825734,0.234314,0.038681954,-0.08757052,0.12024764,-0.08911237,0.08202604,0.15604429,-0.08354222,0.20270379,-0.10764805
0.39461306,0.3135648,0.26453674,0.28670403,0.22466955,0.040364567,0.20945056,0.20932232,0.32308048,-0.083480775,-0.14968204,-0.03007127,0.4707066,0.04012884,0.08486925,0.05007631,-0.01476616,0.047111508
0.28863212,0.08072072,0.06888678,0.15089269,0.13395134,0.26108384,0.38021952,0.26206204,0.032337345,-0.035284143,0.09034386,-0.071350686,0.14298047,-0.051445503,0.16029537,0.42339903,0.2642889,0.16857755
0.30482084,0.18937059,-0.075365126,-0.21203957,0.18893684,0.26239303,-0.067254975,0.26275885,0.22428428,0.18527265,-0.084646046,0.17794114,-0.14472061,0.11598542,0.11068115,-0.21544968,0.12089049,-0.20316021
0.12917228,4.351692e-06,-0.096836485,-0.09085931,0.021953626,0.1895091,-0.07748203,0.18011697,0.030849956,0.19696105,0.1917712,0.16766155,-0.30842513,0.19568948,-0.019368308,-0.29727468,0.092233464,0.101512626
0.14381872,0.33592188,0.111606784,0.27612194,0.2229452,-0.03125566,0.28636461,0.245261,0.33293882,-0.069248416,-0.09275923,-0.05313362,0.48584446,-0.00799426,0.15762804,0.13682757,0.05489755,0.07974197
0.13028017,0.30999342,0.10324824,0.046789594,0.30626735,0.32122183,0.16235067,0.28839386,0.32483727,0.18736231,0.009328541,0.338091,-0.08644177,0.17373617,0.28934073,-0.038711276,0.27381116,-0.029803867
0.06303637,0.3859282,0.120611355,-0.063267045,0.27446082,0.37059438,0.0025655427,0.24523497,0.08762001,0.10266063,0.056253552,0.20306082,-0.23299026,0.15804094,0.20830472,-0.09392644,0.23512454,0.0006139686
0.5321651,0.16639453,0.026215946,-0.044269193,0.14888756,0.33062056,-0.008128554,0.19336082,0.23911223,0.20958547,0.026287043,0.23032974,-0.162162,0.058594283,0.077847496,-0.17006548,0.11796874,-0.15333468
0.30613053,0.3378073,-0.015362874,-0.05001099,0.26237524,0.25941107,0.26226637,0.5144363,0.054825198,0.16578515,-0.07006396,0.17014351,0.057857964,-0.13227718,0.20102388,0.16296022,0.37581104,0.02871095
0.37499014,0.31809527,0.07396486,0.08187695,0.24693654,0.30966195,0.2521628,0.29144272,0.28635272,0.035888936,-0.012335729,0.104674526,0.08938484,0.0604913,0.25859588,0.23287053,0.3242976,-0.030681672
0.020795824,0.22904594,-0.21350718,-0.05840937,0.18664168,0.35628211,0.055704206,0.30133206,0.18449233,0.31097275,-0.10916722,0.19013864,-0.27054283,0.10089343,0.20059891,-0.3166736,0.21424411,-0.24744879
0.05112444,0.3443892,-0.08354829,-0.08469463,0.2327122,0.41832775,-0.0501417,0.2546472,0.17413777,0.18599783,0.037289586,0.39581096,-0.088638335,0.0007944149,0.15526913,-0.12115614,0.2544216,-0.12892027
0.12584682,0.19077577,-0.024883952,0.26334554,0.06597361,0.040160816,0.23452827,0.25389823,0.06576855,0.019242983,-0.17413491,0.03625811,0.11740986,-0.0856485,0.079108134,0.11173033,0.17546265,-0.08785103
0.2586709,-0.18130213,-0.05028648,0.402531,-0.21468112,-0.14147384,0.30599874,-0.08725821,-0.016957922,-0.111164644,-0.015590388,-0.23411423,0.15508188,-0.055167075,0.03836019,0.17121483,-0.023879241,0.009533372
0.2555599,0.3143427,0.06835889,-0.04902946,0.3207788,0.27955985,0.10270371,0.32654256,0.16777857,0.2022312,-0.16859484,0.09143579,-0.05176888,0.046193723,0.039012447,-0.20111059,0.06406352,-0.17115673
0.02740591,-0.26536608,0.013238999,0.29160434,-0.25353602,-0.03337818,0.29200122,0.046415504,0.10270886,0.089764565,0.05091333,0.11353166,-0.0706201,-0.016208023,0.4069065,0.10050963,0.3280893,0.03678747
0.07549196,0.38173854,0.020823289,0.03229316,0.22325954,0.41436586,0.20448528,0.35549864,0.23492482,0.22987732,-0.048363928,0.3659846,-0.15714957,0.15540583,0.29025012,-0.037079714,0.38493016,-0.11064232
0.02141224,0.26416093,-0.08045065,0.15504171,0.17538159,0.23103742,0.33529583,0.31797838,0.24142732,0.013240101,0.05381756,0.12153315,0.3703578,-0.051208343,0.17839059,0.15369861,0.2477327,0.10392267
0.34902024,0.080776356,-0.18892765,-0.0060197995,0.006747783,0.14280768,0.2130264,0.34567288,0.121125914,0.2321145,0.037561215,0.23624767,-0.05368654,-0.110936694,0.2908099,0.18560478,0.332285,-0.099963084
0.4044207,0.17781039,0.36174735,0.4033468,0.16497819,0.15806393,0.27462724,0.19507939,0.50977486,-0.033442777,-0.06390416,0.0947605,0.42993498,0.10323393,0.21460399,0.2079857,0.13752748,0.10816369
-0.22211681,-0.20646471,-0.20249619,0.13345262,-0.1482173,-0.21865065,-0.18211243,-0.39108178,-0.15654169,0.048228327,-0.017818656,-0.14027697,-0.08656599,-0.09773586,-0.07869073,-0.15398133,-0.24623445,-0.07954839
-0.04713922,0.3168501,-0.12616228,-0.12104706,0.28113702,0.43684492,0.12049099,0.17450494,0.03979677,0.27721155,-0.06152908,0.17917678,-0.15546978,0.10383022,0.17601718,-0.1826207,0.17746872,-0.15761401
0.014217453,0.3281453,0.0023850347,0.19402272,0.25093913,0.24562843,0.29190648,0.33746964,0.16268024,-0.027976193,-0.05345386,0.013980136,0.4285776,-0.12377672,0.17036812,0.1200729,0.20263308,0.13682336
0.3025951,0.22514421,0.18287829,0.04943354,0.18306361,0.13134725,0.31781098,0.32380748,0.20641431,0.13453647,0.059851732,0.29724008,-0.018947454,0.030975815,0.41395488,0.13661586,0.52413523,0.29522917
0.16110863,-0.14893228,-0.053912435,0.176542,-0.20859914,-0.06214064,-0.11056854,-0.038598865,0.095000856,0.05631274,-0.057084315,0.047549594,-0.123803966,0.12967469,-0.045277916,-0.09884214,-0.13307537,-0.27085683
-0.1171171,0.08499284,-0.3534175,-0.06944976,-0.020107627,0.22413294,-0.24594544,0.080522954,-0.0461338,0.21000452,-0.09718801,0.17756,-0.23685879,-0.16541086,-0.2057584,-0.33444116,-0.07450118,-0.32507756
-0.09608907,-0.1672803,-0.11296692,-0.0828817,-0.11802633,-0.08869808,-0.2818633,-0.07709622,-0.15569155,0.099306814,-0.047363993,-0.025437405,-0.25129268,0.046962794,-0.34964126,-0.30801103,-0.3631272,-0.18126138
0.053021234,0.4020638,0.51709944,0.16661955,0.4336083,0.2793534,0.29154128,0.14677298,0.18247522,0.008813566,0.05310623,0.010188071,0.013876598,0.61829054,0.28084096,-0.0074478043,0.0687426,0.33000642
0.015596147,0.030795818,-0.1713702,0.28086013,-0.020033764,0.16788544,0.14824405,0.28545105,0.15349601,0.06800211,-0.007143426,0.17665294,0.012147077,-0.23862487,0.28200278,0.17693026,0.42872426,-0.09961738
0.14745417,0.2282813,0.16112185,-0.12683474,0.25987452,0.23693447,-0.03660653,0.074319564,0.26268873,0.0157774,0.13486832,0.091195084,-0.22425638,0.28180307,-0.018586477,-0.016657423,-0.021390231,-0.09997623
0.023671376,0.23592375,-0.102327,0.03451311,0.18981466,0.29681712,0.3098211,0.38663313,0.08246512,0.11087811,-0.081047304,0.055905376,0.004446594,-0.2571567,0.2657121,0.21280064,0.4068942,-0.06766881
-0.069010615,0.16671985,0.1514811,0.087032706,0.21900249,0.23675834,0.3026995,0.053333268,-0.011476001,0.03847202,0.33646426,0.071498066,-0.05798707,0.18711166,0.27993065,0.18809842,0.34126765,0.5144179
0.24079321,0.26411802,0.39052066,0.21982676,0.2733115,0.23845068,0.3726941,0.14910126,0.03932879,-0.16058213,0.16939645,-0.16801819,0.5326559,0.08013723,0.13192871,0.38781655,-0.01217772,0.4506863
-0.103738815,-0.016825499,-0.15186094,0.101015784,-0.032377377,0.21962479,0.2547192,0.25426832,0.03213513,0.03432315,0.13191822,0.05778613,-0.028652795,-0.054034583,0.17513591,0.2700382,0.29104638,0.07995238
0.17707421,0.32466123,0.21852084,0.12543754,0.2989927,0.32200122,0.22337343,0.32029378,0.21629158,0.15946959,-0.11381599,0.10566167,-0.11555468,0.38944408,0.22891088,-0.19434725,0.1647141,0.014979142
0.090510756,0.17593431,-0.11686857,-0.17904532,0.16813472,0.2359833,0.036647182,0.28180465,0.07411025,0.25027263,0.098731555,0.17981634,-0.27272978,0.29041487,0.08901002,-0.29274547,0.16219965,0.09987379
0.09954842,0.2481329,-0.13354184,0.061221346,0.23475483,0.107426435,-0.108958006,0.23394606,0.18131791,0.18009378,-0.13800725,0.101044394,-0.039136834,0.0025546378,-0.02368284,-0.25111854,-0.008456461,-0.2523773
0.09978554,0.3360208,0.2792354,0.41835633,0.18319121,0.25719774,0.22745359,0.13128562,0.24029535,-0.08611138,-0.13597262,0.03818208,0.3367664,0.15590674,0.061163485,0.049632967,0.0010804893,-0.010061964
0.012028266,0.2537539,0.0047188867,-0.05398405,0.2447642,0.4353828,0.14788012,0.20606923,0.17878965,0.18519628,0.046809234,0.26460356,0.11565108,0.13878712,0.16450584,-0.09460315,0.11938463,-0.05172988
-0.11314174,0.19786453,-0.31230783,-0.05031597,0.09801194,0.24175777,0.015117995,0.24407074,0.23150407,0.25157356,0.035269484,0.2997914,-0.2137427,0.06999555,0.2851245,-0.10004756,0.33163258,-0.17637564
0.04635931,0.349269,-0.028283654,0.10839971,0.2826246,0.33499134,0.33611065,0.52532107,0.31951174,0.207966,-0.0850999,0.28990766,0.33065435,-0.099326134,0.3363004,0.058029994,0.39867994,0.03962212
0.33713603,-0.2952495,-0.25552702,0.10248645,-0.38426933,-0.0695187,-0.29232964,-0.15068875,-0.16672081,0.111344114,-0.12925151,0.10330293,-0.19270581,-0.29170743,-0.24201182,-0.21007015,-0.14371714,-0.31534106
-0.015371862,0.25147516,0.08044733,0.09167497,0.21892688,0.29938832,0.26809955,0.12300335,0.12691274,0.060010165,0.24034391,0.21336573,-0.1330942,0.1886079,0.29707813,0.18583588,0.42486432,0.2983484
0.51721674,0.058952976,0.038493533,-0.031988688,-0.0005817085,0.28401244,0.07239964,0.098176286,0.12575313,0.11080841,0.18098591,0.20717373,-0.19174604,0.052633528,0.25665632,0.13081113,0.283461,-0.040148772
-0.14739272,-0.3398336,-0.1544898,-0.0043636486,-0.47077402,-0.2519219,-0.34991053,-0.20124058,-0.19721411,0.1077016,-0.083463274,0.20278941,-0.23853542,-0.19618122,-0.29478276,-0.27612686,-0.28556585,-0.25557914
0.4249475,0.28372627,0.44081977,-0.06778512,0.29568323,0.32627386,0.2530102,0.2544357,0.16505513,0.04229551,0.20349084,0.0912887,0.010139124,0.2813245,0.26948193,0.10681713,0.23761259,0.40493774
0.0077057485,0.07110131,-0.21099962,0.066209346,0.0034749063,0.22362891,0.11089889,0.47421157,0.110215135,0.2729149,-0.06288897,0.24881199,-0.11639586,-0.024954958,0.16135052,-0.20694496,0.29004985,-0.07099517
-0.04070479,0.19783862,-0.21101114,0.08746146,0.121132106,0.40247402,0.014093663,0.14838547,0.10576448,0.22580323,-0.039748415,0.17748405,-0.13096866,0.057373155,0.14720777,-0.17343487,0.14716943,-0.21485783
0.14982064,0.17506997,0.05621613,0.27780244,0.12744524,0.24034743,0.28801766,0.08527352,0.024156742,-0.1650336,0.09063045,-0.09610521,0.23635815,-0.07204394,0.07408015,0.40223286,0.18535149,0.17759532
0.22016011,0.45374548,0.09553443,0.26527753,0.39797315,0.2761897,0.280976,0.30608195,0.32017407,0.054409422,-0.110246725,-0.012229845,0.4499509,0.007639023,0.13627419,0.17324765,0.059919246,-0.040622175
-0.06226048,0.09988725,-0.27455992,-0.16934927,0.07110062,0.27255318,0.2508558,0.41580924,0.026411971,0.28256956,-8.709449e-05,0.3013733,-0.1620299,-0.18347168,0.29105568,-0.061258275,0.5030914,-0.040715437
-0.03494692,0.316124,0.046498217,0.017809581,0.23754466,0.3686513,-0.0918062,0.08234425,0.077251725,-0.0415035,0.120085336,0.10795026,-0.11475223,0.072574385,-0.09654428,-0.045848567,0.030300975,-0.04902228
0.12025758,0.28859216,-0.023537656,0.22730066,0.1541875,0.25635472,0.17932388,0.25249222,0.2179058,0.045828734,-0.06201707,0.19778468,0.2655836,-0.033466935,0.14402549,0.032962818,0.23702902,0.009505575
0.049599368,0.23668954,-0.08099357,0.09244447,0.16706684,0.17836808,0.27235183,0.3455078,0.18768945,0.10737423,-0.063434556,0.047308568,0.007618289,0.058893044,0.18593514,0.19277608,0.22318925,-0.105785914
0.01829758,0.3378634,0.04789304,-0.17616138,0.24954613,0.379624,0.36516723,0.40516666,0.2286374,0.11941306,0.047979906,0.20060854,-0.033682603,0.1480011,0.3901675,0.14338219,0.43970364,0.09417934
0.16057746,0.34320325,-0.15242824,-0.015854951,0.3798977,0.23778121,0.14683923,0.3857851,0.35248676,0.26423734,-0.15135486,0.2071842,0.02594067,0.019911636,0.19935247,-0.16692552,0.25337902,-0.19347328
-0.11382146,-0.035257924,-0.23135133,-0.15674874,-0.05983248,0.18054225,0.1649298,0.16264331,0.03663477,0.20340341,0.13946596,0.14906678,-0.17527987,0.28661904,0.09122342,-0.20702793,0.08692781,0.0013040869
0.17625411,0.22464871,-0.045126073,0.26448733,0.15205063,0.15872824,0.23640274,0.13861136,0.17079003,-0.0045623216,-0.09242422,-0.031052738,0.2259359,-0.035657957,0.03934671,0.053900708,0.1153814,-0.084528945
-0.014376555,0.36191487,0.120224684,0.09930971,0.28542113,0.4678054,0.20268278,0.418344,0.39142618,0.20236787,-0.0016890301,0.31844327,-0.12745208,0.22355872,0.43165696,0.032563392,0.46316314,0.03456085
0.08138489,0.34524265,0.3105348,0.20351927,0.36794952,0.30327898,0.118352495,0.24131024,0.08782674,0.19278857,-0.08797894,0.1758867,-0.07569773,0.24626748,0.088232495,-0.19205868,0.008014811,-0.0197955
-0.067871146,-0.08593055,-0.240324,0.018511338,-0.18371297,0.32114184,-0.13965417,0.024211893,0.1248428,0.27792308,-0.030481175,0.33568785,-0.22099094,-0.060627174,0.073353074,-0.24680352,0.1173963,-0.27736932
0.05024001,-0.002043706,-0.03650437,0.3912171,-0.07477827,-0.123594746,0.27054748,-0.10272383,0.1574056,-0.16683862,0.026060507,-0.24885684,0.384979,0.08271827,-0.01709251,0.17508145,-0.16612579,0.04930167
0.17091233,0.42868623,0.30147603,-0.01853475,0.37116918,0.2733788,0.16236332,0.42040518,0.43387634,0.03402906,-0.024701962,0.19085872,0.24058585,0.2778794,0.16796356,0.12566687,0.13458091,0.1379779
0.08406184,0.04796355,-0.21973573,-0.055140495,0.009121218,0.14334622,-0.071538754,0.14597166,0.32073873,0.18511772,-0.044605173,0.1293752,-0.16037844,0.05509118,0.13260093,-0.1267332,0.083020516,-0.2971185
0.04947698,0.2781696,0.005135201,0.25483114,0.27556077,0.2916222,0.34672934,0.20908765,0.09883835,-0.009622764,0.07141538,-0.056706484,0.43719363,-0.11079168,0.14185464,0.38787645,0.12356794,0.11912813
0.010583729,0.31157842,0.072912306,0.13010372,0.28859928,0.3327359,-0.014363918,0.038310956,0.067537524,0.17603819,-0.040057313,0.09792685,-0.17822391,0.17623651,0.016787423,-0.17144723,-0.03490214,-0.21027687
0.015297532,0.173096,-0.017346956,0.4063949,0.058897913,0.3033441,0.24288055,0.133527,0.22863048,0.0095169665,-0.028291611,0.08060278,0.3251265,-0.0316813,0.08356838,0.13419186,0.09258553,-0.10198349
0.26978824,0.25486997,0.23617408,-0.052497912,0.31183597,0.23601042,0.34645462,0.22838609,0.13772725,0.08791008,0.18858288,0.11074645,-0.05022559,0.12873015,0.3083467,0.12222917,0.4050562,0.42873603
0.0037387097,0.09392536,-0.22232257,-0.038856946,0.004482027,0.307828,0.19198272,0.47802004,0.12697157,0.24912709,-0.17074816,0.12797588,-0.053038698,-0.0617131,0.12224333,-0.18121552,0.23792545,-0.18712641
0.021088632,0.01116059,-0.22444052,0.18518552,-0.012958487,-0.019098613,0.33271852,0.2307954,-0.0004468594,0.036732517,-0.048664115,-0.0136549035,0.14747883,-0.15297334,0.23291482,0.15811244,0.3279561,0.08228669
-0.06741627,0.2101065,-0.14619564,-0.063356265,0.16216958,0.43807042,-0.0075550494,0.14862578,0.01432536,0.27285808,-0.047168855,0.2374027,-0.2740288,-0.09342118,0.08789555,-0.20901422,0.1782575,-0.2722663
0.26412755,0.2785077,0.0053660693,-0.17109732,0.24889643,0.29673594,-0.07369896,0.2559998,0.15970464,0.18863648,0.041750398,0.28771365,-0.13796455,0.09134161,0.08461777,-0.1733049,0.14945664,-0.07558455
-0.1705811,-0.34168074,-0.28456163,-0.13795787,-0.34842628,-0.005343833,-0.140246,0.020240279,-0.15304962,0.2298471,-0.119263455,0.17050755,-0.17086172,-0.37009335,-0.010621451,-0.3291368,-0.012680927,-0.23137341
0.029560052,0.14256749,-0.13830426,0.22197625,0.12516019,0.10721715,0.3245164,0.2493514,-0.018611895,0.056369685,-0.060063116,-0.11233649,0.087073505,-0.17298657,0.15776114,0.25740853,0.21022025,-0.028483804
-0.04288133,0.11293023,-0.1514397,-0.19200808,0.09756418,0.27381334,0.28194755,0.3177087,0.20104295,0.20053121,0.16103394,0.2513371,-0.009027185,0.07785559,0.32880247,0.09806128,0.34888124,0.05462249
-0.020951115,0.121893644,0.1602649,0.222725,0.09767004,0.12393456,0.18227915,0.25881726,0.2228594,0.19234458,-0.12059068,0.21849719,-0.1095227,0.19341038,0.3278128,-0.16570808,0.24701706,-0.08087572
0.017301884,0.3292772,0.09199567,-0.06279688,0.2239739,0.4563479,0.12148357,0.35769105,0.2274178,0.14879104,-0.052660957,0.1899587,-0.07456312,0.15373762,0.21588923,-0.18651006,0.21394765,-0.035420604
-0.04232247,0.35691333,-0.08090056,-0.07757734,0.24939832,0.43019247,0.26420248,0.45624584,0.15015912,0.18952954,-0.10794758,0.1777328,-0.032619063,-0.08630337,0.28145573,-0.009820088,0.39673364,-0.058386408
-0.041643124,0.13575284,-0.21272673,0.102159806,0.025260113,0.21364179,0.1609938,0.23104677,0.0887308,0.20754637,-0.009459299,0.36533895,-0.08912333,-0.07884518,0.14806752,-0.050741002,0.36621377,-0.08012734
0.00263002,0.26246285,-0.09395349,-0.10620483,0.20519148,0.33326292,-0.039807554,0.32993782,0.11133398,0.2968423,-0.08644843,0.38302252,-0.095485054,-0.1615369,0.1443643,-0.24496321,0.24227956,-0.15799545
0.45614025,0.1124923,-0.12829188,0.21667139,0.1296017,0.24058232,-0.060438015,0.17076181,0.13753748,0.2696435,-0.12187131,0.17191614,-0.14854462,-0.12971957,-0.036343265,-0.14505523,0.053107087,-0.31236967
-0.06648492,0.025022412,-0.26248023,0.051102135,-0.067788154,0.25143045,-0.30555907,-0.05472928,-0.053326383,0.115584865,-0.054626856,0.11819628,-0.19032276,-0.17982692,-0.19552115,-0.19074403,-0.09346972,-0.3321807
0.15300873,0.3755393,0.14962009,0.10279198,0.31681344,0.31530917,0.12103277,0.27711487,0.18580952,0.18191823,-0.124617524,0.2097124,-0.14695789,0.17021316,0.2071235,-0.24505524,0.17090148,-0.15687539
-0.049196035,0.38853487,-0.15486127,-0.15533614,0.31099895,0.4092807,-0.06135177,0.279739,0.31605145,0.27227467,-0.026575135,0.36411616,-0.12981986,0.09804611,0.10030942,-0.12279065,0.14534207,-0.2281065
0.12362329,0.2802098,0.0017387455,-0.04701999,0.23099287,0.29842424,-0.1083997,0.10693422,0.17089926,0.09465307,-0.17473124,0.14414892,-0.17606029,0.018605486,-0.046175327,-0.23968582,0.047309037,-0.27887604
0.40491796,-0.1274033,0.060030475,0.16648944,-0.15817751,-0.11022022,0.15319815,0.018117929,0.07837371,-0.16151756,0.11039958,-0.12709922,0.4081082,-0.19006306,0.019994896,0.4040515,-0.033290774,0.2285969
-0.18013315,0.24465911,-0.029488105,-0.10715989,0.14489669,0.34921283,0.1844999,0.42079017,0.17242742,0.23595397,-0.12835081,0.32225716,-0.12880845,0.065998696,0.20044585,-0.24220157,0.30771518,-0.10574278
0.083719835,0.39549056,0.18109553,-0.030375896,0.27567014,0.40105385,0.16444117,0.29811364,0.2560153,0.04505933,0.099898994,0.20974521,-0.074388325,0.12213529,0.3931924,0.222644,0.39244172,0.07135485
0.07644863,0.39567685,0.075677216,-0.084261335,0.39159265,0.3709871,0.34737068,0.4904446,0.12757935,0.25779894,-0.049370486,0.24959779,-0.0357474,0.07200973,0.25650597,-0.0654833,0.39815933,0.12574393
0.109893635,0.33939937,0.08468972,-0.040792096,0.21908808,0.29623273,0.06387353,0.30639282,0.09483239,0.18289265,-0.050400183,0.40793148,-0.16550505,-0.026354391,0.16129708,-0.09875395,0.38064653,-0.0020716817
0.098072834,0.24895652,0.21999906,0.05258602,0.21057683,0.16914211,0.35368773,0.31798065,0.13386555,0.007890984,0.098532826,0.19295733,-0.052058775,0.036328726,0.39178574,0.26116896,0.4936787,0.17759374
0.12509163,0.2746526,0.18829307,0.008079118,0.29123983,0.3357712,0.011464311,0.17032202,-0.022223635,0.13648713,-0.18427718,0.067229785,-0.20060833,0.08494271,0.04329743,-0.23158498,0.067751184,-0.1387512
0.43366385,0.11648549,0.27477127,0.26837337,0.06748456,0.18466751,0.12295443,0.1926202,0.2910978,-0.011986115,-0.07062686,0.040249575,0.10836629,0.13453752,0.111259185,0.11342854,0.017282618,-0.09955889
0.19696157,0.35784215,0.0032811228,0.22779123,0.379889,0.23189455,0.011271538,0.18138368,0.23452626,0.15237303,-0.0064793946,0.14928833,0.19071697,-0.049447373,0.13863224,-0.0073989434,0.08838268,-0.081525914
-0.11488694,0.31343582,0.17171355,0.23636588,0.18175179,0.30862522,0.19923164,0.21032102,0.3275739,0.16978005,-0.14189522,0.24280478,-0.15627038,0.28537518,0.18684827,-0.108661294,0.17298299,-0.19627808
0.06403749,0.23680669,-0.119611405,0.06228667,0.17547572,0.19370848,0.305084,0.35491768,0.25421116,0.08109943,-0.029834164,0.16559829,0.25869662,-0.09091285,0.3002021,0.10574656,0.3944292,0.06627672
0.38884997,0.22007874,-0.038819484,-0.022480357,0.1898371,0.46621227,0.017757293,0.31798732,0.032294597,0.28139004,-0.05519915,0.31226635,-0.07406885,-0.15711188,0.057023965,-0.15196541,0.19665131,-0.22064784
0.19683537,0.32355282,-0.008742085,0.034614395,0.2557378,0.25277603,-0.023842257,0.35783836,0.34571075,0.23434548,-0.07410059,0.31920904,-0.16252437,-0.0947591,0.17784882,-0.122050606,0.25402492,-0.25324365
0.05660603,0.28733498,-0.040685,0.037683833,0.2789346,0.09455032,0.36473086,0.31483427,0.049419068,0.011654732,0.0057842396,-0.065857485,0.19674815,-0.074398205,0.29451528,0.27672493,0.33935428,0.25553304
-0.07925639,0.28853434,-0.10368288,-0.06995912,0.166934,0.3968883,0.14744611,0.47034833,0.1521261,0.18974917,-0.056641784,0.21844539,-0.035779644,-0.05715118,0.33443883,-0.048193455,0.3860802,-0.0688591
0.25376195,0.15739164,0.13003407,-0.032322217,0.19600599,0.2932209,-0.018590458,0.21893021,0.11517854,0.19293223,-0.043232933,0.1777483,-0.1470305,0.05845165,-0.00067988713,-0.24753912,0.044458162,-0.12670445
0.0033824001,0.2550764,-0.10901241,-0.029293755,0.22019216,0.32335785,0.2916729,0.41143107,0.2551463,0.22681792,-0.103568584,0.2592871,-0.04925816,0.009626995,0.2881241,-0.04989476,0.4301425,-0.08237243
0.33916366,0.20537229,0.24300604,0.021079231,0.24516685,0.37381175,0.038832244,0.20833722,0.18640226,0.21168637,-0.095421866,0.15397799,-0.21839455,0.14433609,0.17543401,-0.14865106,0.14062262,-0.1346832
0.09199652,0.3692658,0.11857575,-0.16119133,0.34948614,0.23624802,0.22282189,0.46178022,0.12699145,0.18743631,-0.024983143,0.13682982,-0.03250453,0.106190994,0.21385418,-0.16119018,0.23716749,0.18207908
0.2450213,0.34848356,0.45544663,0.31824657,0.32934114,0.21674919,0.30379197,0.22529922,0.35221517,-0.019392535,-0.012540194,0.002744768,0.50829625,0.32398665,0.18789902,0.13687538,-0.07466304,0.2815106
0.051111747,0.2868322,-0.014843217,0.07330495,0.24604654,0.36145836,0.23491713,0.3574748,0.19442059,0.24418561,0.0444554,0.23254111,-0.08830543,-0.021912057,0.3249872,-0.04217362,0.34055164,-0.0318973
0.10483691,-0.23869938,-0.0017106892,0.15482573,-0.21638012,-0.1351381,0.25077948,-0.12024833,-0.058319565,-0.16773146,0.20531946,-0.2916765,0.41424707,-0.113783576,0.017571684,0.3753853,-0.13360073,0.32933915
0.12162679,0.15522873,0.04059465,0.27438223,0.08325235,0.18315326,0.3862447,0.25475693,-0.0065325843,0.028522411,-0.08684113,-0.0016381303,0.16628681,-0.13156629,0.101307236,0.22438827,0.2178784,0.019748162
0.039850928,0.31412074,0.081299484,-0.0293901,0.22330746,0.46379462,0.3109384,0.32892466,0.12908708,0.17791717,0.02110457,0.34909704,-0.0662129,0.14210667,0.25966725,-0.034915537,0.40593874,0.08810115
0.0876939,-0.007033135,0.12954657,0.32132918,-0.074565366,0.100615114,0.21471283,0.12820426,0.08737513,0.059371404,0.09799948,0.24347334,-0.10337597,0.14675279,0.22262982,0.10040132,0.30557597,0.12829335
-0.018954374,-0.015865954,-0.15638202,-0.18145001,-0.02852557,0.17446564,0.21366249,0.28040534,0.23460515,0.13575535,0.122608855,0.27351627,-0.05288276,0.06686195,0.3234102,0.06536129,0.44162163,0.101706214
-0.03722621,0.20352261,-0.08248211,-0.115000986,0.140576,0.43131268,0.20696206,0.40797856,0.11193006,0.23293865,-0.01393821,0.21454719,-0.25093612,0.066762835,0.28132254,-0.109651715,0.38932186,-0.050050434
0.04038881,-0.005402575,-0.2018964,0.08933546,-0.05230089,0.019966355,0.16829914,0.1717181,0.061801895,-0.0080185495,-0.030458013,-0.09925687,-0.061248027,-0.1250628,0.12698773,0.22652635,0.19145247,-0.12955171
-0.02473428,0.0665088,0.0540669,0.11784435,-0.031212792,0.34456688,-0.022149315,0.06588237,0.2052192,0.09127073,-0.10529772,0.18994035,-0.24183425,0.012034395,0.07142453,0.0023872848,0.14874117,-0.32373673
-0.0065545477,-0.06978808,0.25376505,0.15841179,-0.052326184,0.06442887,0.22846037,0.11436167,0.23069091,-0.027493209,0.1273778,0.044407334,0.17405768,0.058535725,0.120685756,0.21020243,0.039173625,0.13499705
0.21397573,0.34785998,0.3888039,-0.030346747,0.27918264,0.39238968,0.26964822,0.15367086,0.13857241,-0.08169912,0.16076006,0.008680914,-0.010726297,0.35296294,0.25575626,0.12892115,0.17928971,0.27826422
0.10496907,-0.08777481,-0.15060906,0.29073474,-0.1571216,-0.19922602,0.16204621,0.042238362,-0.0075653964,-0.08725216,-0.14842205,-0.1955333,0.3123469,-0.2805349,-0.108332925,0.09706553,-0.045222495,-0.05706339
0.22841646,0.3073176,0.08128374,-0.11190358,0.26264343,0.29011062,0.031204375,0.4197933,0.21152489,0.12728795,0.0413158,0.31534842,-0.10533584,0.052749746,0.19073215,-0.073319055,0.34479162,0.04196404
0.056132,0.023554983,0.15155788,0.15421042,0.0016942199,0.09611438,0.30189368,-0.00062599324,-0.048984703,0.03985498,0.2725987,0.12302822,-0.13837591,0.14814319,0.18559986,0.18174358,0.29304788,0.40968212
0.431588,0.19578345,0.3657459,0.12249943,0.13247587,0.1483464,0.42349884,0.13472407,0.16384187,-0.18567355,0.048304003,-0.17680918,0.5186328,0.06623125,0.13319643,0.29916242,-0.011625824,0.30383483
0.027529612,0.36029828,-0.08739327,-0.075085565,0.2252204,0.41209736,0.07504611,0.36077034,0.2084074,0.2046295,0.032871403,0.32191533,-0.21613105,0.113963306,0.24403372,-0.15903425,0.34154567,-0.12222438
-0.07134686,0.06701259,-0.30230987,-0.14107634,0.029924866,0.24934143,0.02109886,0.32721162,0.057345316,0.10351456,0.08730495,0.0955003,-0.14491802,-0.12237928,0.17664495,-0.049019307,0.28849047,-0.08773643
0.009023339,-0.034243822,-0.3449868,0.019868763,0.02805627,0.11068472,0.050072286,0.21521917,-0.074050665,0.26722443,-0.079327874,0.023764199,-0.27432027,0.063581616,0.12116361,-0.30149585,0.10944561,-0.19519287
0.19021182,-0.023630058,-0.320147,0.13592955,-0.088022284,-0.03186136,-0.02354698,0.22948508,0.027309846,0.1294218,-0.08620683,0.18044183,-0.0508194,-0.3340387,0.028440924,0.008058171,0.21874435,-0.25391847
-0.08976059,-0.0104781715,-0.1657261,0.3142766,-0.073490255,-0.02051767,0.15710431,0.15201701,-0.010970439,0.09699458,-0.10096282,0.10648578,0.06517298,-0.16407433,0.04918575,0.038791418,0.14793476,-0.1405478
0.1822897,-0.04072133,-0.10006109,0.12554194,-0.054193445,0.08935169,0.35410222,0.08690961,0.08086611,-0.01615658,-0.016711576,-0.19704394,0.23191893,-0.059794433,0.08886515,0.2473175,0.0333206,-0.02249456
-0.040576715,-0.21187718,-0.19419031,0.2807518,-0.3073318,-0.17477496,0.060244124,-0.061383013,0.08741763,-0.059885044,0.0057943407,-0.080618784,0.39226198,-0.114917934,-0.10517639,0.15555641,-0.19183917,-0.044957746
0.020340264,0.2682024,0.28785232,0.24810115,0.18855745,0.29449725,0.22571078,0.27219424,0.15648316,0.15887937,-0.17820705,0.106856234,-0.07976249,0.3223594,0.008902939,-0.25506815,-0.006110942,-0.105948426
0.13206814,0.24361181,0.0073903706,0.40301758,0.101205505,0.213237,0.11516742,0.14881586,0.25653738,-0.043512594,-0.16462767,-0.010051366,0.24606614,-0.08993681,0.019103192,0.083466955,0.06528467,-0.20943938
-0.14061385,0.007664179,-0.01685585,0.26751187,0.004688862,0.2261922,0.10656322,0.18644941,0.1116388,0.09423702,0.28010896,0.279787,-0.20555861,-0.16219538,0.11921679,0.16063415,0.28406307,-0.04396429
0.04831789,0.2634028,-0.07136613,-0.041154973,0.22636692,0.38002023,0.03185223,0.30907705,0.124717094,0.24627875,-0.06638953,0.21519129,-0.11501123,-0.092358604,0.13519768,-0.25084892,0.21696194,-0.15973285
0.2658644,0.4304412,0.17723855,-0.03443047,0.4245145,0.36213437,0.24154323,0.40111968,0.27487272,0.108571135,0.037418664,0.1548454,0.02854323,-0.079270884,0.29904416,0.18467015,0.38395476,0.13566095
0.35605848,0.43282238,0.21563815,0.17071441,0.31807837,0.20881961,0.27335218,0.37281153,0.39778602,-0.012792272,-0.13823266,0.057603028,0.45006737,-0.01263202,0.23805243,0.1688252,0.19032182,0.038958788
0.43670362,0.22914562,0.13779084,0.030363953,0.19942628,0.17296274,0.23424684,0.17894559,0.18586552,-0.12829207,0.097984344,-0.11377069,0.2761433,-0.08849438,0.17313513,0.47582525,0.14715745,0.1398026
0.4600184,0.10070648,0.3802349,0.21757573,0.03198753,-0.06869679,0.18009768,0.16040635,0.301623,-0.13466918,-0.15610224,-0.118740186,0.4390794,0.10964342,0.010482716,0.096389756,-0.15761352,0.0320724
0.13921544,0.1792816,0.38902396,0.14491077,0.17869371,0.1712454,0.20434317,0.3010689,0.13278131,0.033820294,-0.019806728,0.09286672,-0.024741638,0.15728065,0.07545411,-0.031652004,0.091052055,0.10696178
0.46144184,0.26235425,0.26004884,-0.010393241,0.28037024,0.35217535,0.11712876,0.39210817,0.1584812,0.24709798,-0.064307414,0.2631876,-0.08060684,0.13502485,0.2968525,-0.08787863,0.26965687,0.0021895075
0.12332749,0.18032603,-0.05601417,0.09433129,0.14431715,0.13493992,-0.08212026,0.24058102,0.1696698,0.18756036,-0.18903242,0.12818101,-0.23567653,0.16884099,-0.10588146,-0.30245513,-0.055202782,-0.34927732
0.120438606,0.38336182,0.19829148,0.2033485,0.31759435,0.28647375,0.3213333,0.5333619,0.41513976,0.1857734,-0.106307596,0.349146,0.1617355,0.13231574,0.41655698,0.19467889,0.44901156,0.051221818
0.3659002,0.26149017,0.3508486,0.15882918,0.23542017,0.2174597,0.12470371,0.4027763,0.31592613,0.0671713,-0.13451698,0.18206641,0.41648358,0.038987566,0.10989947,-0.09435569,0.049661286,0.05074436
0.036516607,0.383309,0.2489161,0.14303857,0.27800027,0.27323064,0.3919045,0.45304808,0.17180946,-0.01045548,-0.06388068,0.06345555,0.45556378,-0.06244188,0.24756113,0.18534517,0.23735045,0.26823342
-0.035092644,0.25047708,0.0071762586,0.030738557,0.17473638,0.3282309,-0.12026268,0.18078426,0.31622884,0.1419951,-0.06331861,0.36103892,-0.22468294,0.232586,0.058950063,-0.20327371,0.13097246,-0.29909524
0.2617968,-0.09141173,-0.08294612,0.056753747,-0.118129164,0.06281083,0.22198448,0.22348946,0.25649047,0.07796049,0.04268862,0.14448875,-0.042528138,0.03380326,0.43834266,0.124339856,0.4329346,0.07401232
0.12802967,0.15814872,0.1514088,0.36418143,0.12728925,0.1939849,0.32477432,0.14739673,0.26497975,0.0065684137,-0.103763096,0.041333135,0.26126885,0.04518164,0.12245938,0.09356251,0.12405035,-0.04028474
0.017358115,0.22642867,0.006245183,0.19097535,0.10420131,0.21654561,0.31963563,0.3294076,0.12040123,0.080577314,-0.076617055,0.049428742,0.12931176,-0.13074262,0.27702567,0.2526701,0.2771457,-0.025604624
0.042464297,0.22769786,-0.041112475,-0.14620374,0.22428435,0.3225429,0.22479129,0.46321502,0.061184112,0.25320104,-0.059193555,0.17892851,-0.053096704,0.0112887975,0.12690681,-0.25495243,0.19240217,0.025674963
0.037395507,0.5330083,0.085844286,-0.09096028,0.44995436,0.47770324,0.069181055,0.5330767,0.28151926,0.21550357,-0.10146165,0.37742823,-0.008648819,-0.034964014,0.34933358,-0.050175056,0.41893235,-0.050324585
0.17565894,0.22405948,-0.12722486,-0.04902198,0.085461095,0.21513829,-0.00738691,0.24436364,0.32750672,0.24860257,-0.058978718,0.32700777,-0.12914369,0.08870502,0.12974161,-0.1129547,0.19136582,-0.20652397
0.085076384,0.19198845,-0.111329295,-0.107090004,0.19504283,0.277423,0.17255323,0.40165323,0.07439686,0.29129088,-0.08881484,0.32022977,-0.056805212,-0.010413629,0.15921077,-0.21339801,0.2750908,-0.057619914
-0.06494533,0.07356827,-0.013608526,0.34644103,0.0467376,0.029481765,0.32985848,0.110402174,-0.07549852,-0.10644153,0.017715847,-0.099041134,0.34320456,-0.15178737,0.067453474,0.25127044,0.15312678,0.20331433
0.0359713,-0.3455724,-0.08419656,0.27125657,-0.33599013,-0.30756468,0.18224092,-0.2323816,-0.022212394,-0.15883718,0.16335674,-0.24175756,0.34015182,-0.13642487,-0.04289107,0.2864562,-0.14972888,0.23568884
0.11244794,-0.10520687,-0.28012154,-0.08003927,-0.071962364,0.07032707,-0.12758207,-0.21685676,-0.07560325,0.13007598,-0.03256305,-0.00029316568,-0.14026876,-0.11725363,0.0041549685,-0.21332228,0.013797997,-0.09585731
0.41008812,-0.019803453,0.10959273,0.033542067,0.036003076,0.15931566,0.30358833,0.09220768,0.08946768,0.07658834,0.25020218,0.06482418,-0.14621522,0.14723487,0.26067775,0.120712556,0.34845883,0.329938
0.40181464,-0.13207945,-0.014807587,0.1777968,-0.17636956,-0.19953242,0.19939663,-0.09175043,0.13808504,-0.11743215,-0.021574728,-0.181246,0.23262955,0.13402097,0.04519269,0.105459124,-0.08298985,0.03985994
0.34549758,0.013462331,-0.043099374,-0.04702201,0.06454748,0.081808425,0.081110254,0.19657528,0.1683378,0.19604565,0.044123948,0.15113123,-0.14698668,0.123923585,0.18984658,-0.0051240977,0.19075876,-0.07380916
-0.24112013,-0.04239635,-0.20439537,0.03019404,-0.17998338,0.13591698,-0.21887502,0.031609148,-0.07932752,0.20882566,-0.22252473,0.26018295,-0.26933172,-0.2026706,-0.20313896,-0.38143396,-0.024106923,-0.4044335
0.040757652,0.26446652,-0.09439007,-0.20909882,0.22336361,0.4117086,-0.02643978,0.08540273,-0.056888074,0.18238473,-0.036019508,0.05392126,-0.23155692,0.1293847,-0.091643065,-0.22726186,-0.08280306,-0.22668438
-0.09708171,0.09026688,-0.27972484,-0.0007105534,-0.013623968,0.23088841,0.07503379,0.34024894,0.14092071,0.18874468,-0.020749561,0.37108463,-0.067686714,-0.13262938,0.095865816,-0.02632593,0.3357043,-0.1650757
-0.14941482,0.3018197,-0.18276873,-0.03830488,0.14264704,0.34546,-0.04152393,0.29746625,0.24191427,0.2452294,-0.06482621,0.35048333,-0.1947046,0.097282335,0.17933391,-0.24137843,0.21120149,-0.26410377
0.046125274,0.3616427,-0.03350414,0.007742087,0.43764222,0.18296398,0.016083634,0.08523959,0.09963248,0.23844188,-0.022669109,0.056804467,-0.179235,0.20438902,0.16144624,-0.019055417,0.06223175,-0.082766
0.032900337,0.31067604,0.15840504,-0.03225783,0.30766317,0.27617595,0.29546207,0.23953415,0.09245632,0.11986896,0.16048342,0.12769815,-0.091710255,0.26915804,0.25383356,-0.018478163,0.2904033,0.39898998
0.11098008,-0.12130624,-0.21822052,-0.065760516,-0.16766982,-0.07141214,-0.070065126,0.13857502,0.13933714,0.1924527,0.051637515,0.36183,-0.20377867,0.08582999,0.09844089,-0.13878742,0.2067341,-0.10952551
-0.13729958,0.18775281,-0.026888665,-0.14829926,0.1119661,0.3493074,0.051783673,0.36928204,0.14740376,0.25471747,-0.064950876,0.30851007,-0.20479548,0.163406,0.04719953,-0.29939753,0.11854805,-0.11054297
0.34621227,0.085506774,0.05168262,0.11905004,0.015265774,0.24543047,0.30177894,0.33935252,0.27192205,0.09271361,0.060954433,0.088995084,0.18961172,0.095697746,0.24778318,0.27807742,0.1616225,-0.0048471014
0.276057,0.3148015,0.29085022,0.18174906,0.18653008,0.42705506,0.30096784,0.33774692,0.41531843,0.07618681,-0.03370071,0.24821194,0.11154794,0.199364,0.447233,0.19988179,0.36193877,-0.011288175
-0.08586717,-0.37333396,-0.28189692,-0.16655573,-0.4100351,-0.032003097,-0.22000557,-0.4072428,-0.32022405,-0.040706135,-0.057102516,-0.15281604,-0.22063415,-0.06960784,-0.16725667,-0.15792993,-0.235559,-0.19598672
-0.05321905,-0.10383223,-0.013833046,-0.087688655,-0.108055584,0.06894271,-0.18802059,-0.11582432,-0.12193041,-0.025259709,0.14371751,-0.06259413,-0.25785342,0.12666208,-0.28275985,-0.13945885,-0.23738575,-0.09584055
0.1358388,0.25686455,0.07449324,0.23986463,0.20725623,0.072021365,0.30914682,0.24408528,0.23212756,-0.015499734,-0.150394,-0.019579936,0.27814707,0.06289628,0.1021692,0.052629493,0.11876215,0.031132212
0.1753935,-0.14325543,0.10761855,0.30471727,-0.20364276,-0.20067911,-0.0511338,-0.1163698,0.15789798,-0.006389253,0.05937023,0.0036267787,0.37223706,0.020547245,-0.22177877,-0.036059115,-0.39293855,0.036953855
0.18721423,0.18120158,0.20756453,0.06879897,0.2191012,0.23260431,0.37817428,0.24967384,-0.08803417,0.085830905,0.17192662,0.07486679,-0.10016751,0.047319353,0.22111957,0.12711237,0.39723578,0.3892249
0.29073346,0.24366547,0.28550756,0.14472926,0.2360053,0.114262104,0.48150432,0.2064195,0.1298082,-0.12075122,0.11189178,-0.06929077,0.46322745,0.12129044,0.22905532,0.30168924,0.18179736,0.46439224
-0.042187333,0.024553353,-0.100764856,0.15676765,0.039230652,0.3171662,0.34541574,0.091180146,-0.091526896,0.06789215,0.16219175,0.020413095,-0.05639772,-0.10352405,0.1631848,0.28125015,0.28332138,0.04553959
0.3306623,0.012087978,0.20500909,0.3327816,-0.019680105,0.041141998,0.29214096,0.18163747,0.16758555,-0.09867336,0.0006013223,-0.06383121,0.45815605,-0.08083123,0.068271056,0.2003814,-0.011893991,0.16043277
-0.055434447,-0.14883316,-0.21550484,0.06080605,-0.108983606,0.06578097,-0.061954163,0.01612538,0.06261631,0.24685632,-0.052301794,0.30206665,-0.1870863,-0.19805612,0.024911068,-0.25744182,0.11245158,-0.22847615
-0.021038046,-0.026293809,-0.20936848,0.15765977,-0.086129606,0.076720886,0.256684,0.083997205,-0.004469687,0.1009021,0.04685704,0.028066514,-0.042208206,-0.034056682,0.1370473,0.19517234,0.16884997,-0.10790041
0.09632715,0.3094265,0.2501335,-0.046987694,0.3579073,0.26951855,0.35977843,0.3135532,0.042042006,0.091903046,0.17349978,0.10617698,-0.10189989,0.23368588,0.29127952,0.044862352,0.34270734,0.44352508
-0.082962245,-0.20958082,-0.35039118,-0.12644647,-0.27587658,0.013636142,-0.16595048,0.11472283,0.15575507,0.15305091,-0.009271546,0.33311456,-0.22115502,-0.12472664,0.04717363,-0.1186285,0.22546141,-0.23486775
0.013215665,0.13705593,0.014479231,0.2048385,0.0810775,0.27178255,0.15674543,0.26161182,0.2967264,0.08357528,0.029500972,0.15184455,-0.09130556,0.19364765,0.24792543,0.06711601,0.2510587,-0.11353239
0.35955152,0.23586914,0.13864401,0.23442519,0.20111555,0.28918996,0.21357855,0.22841336,0.12195968,-0.013875602,0.20029801,-0.038134042,0.2525525,-0.13600343,0.17447074,0.48059112,0.13417651,0.19041859
0.026502874,0.3433012,0.15781766,0.19935884,0.2691925,0.17292766,0.41002092,0.42307425,0.21096456,0.08808776,-0.15565419,0.085524455,0.3071169,0.07339538,0.22417337,0.08044751,0.27922955,0.14001684
0.076808795,0.3171383,-0.01833902,0.17430648,0.22131525,0.0015957516,0.14765394,0.1356637,0.18730663,-0.040833004,-0.015516526,-0.041863937,0.30613628,0.091644354,0.02996167,0.036211956,0.019479297,0.07233966
0.11051515,0.31269842,-0.057551585,-0.18529272,0.28986374,0.34963,0.2908935,0.5730314,0.20978217,0.27128884,-0.097446874,0.21684931,-0.017359992,-0.0046894485,0.32933205,-0.091420256,0.4213843,0.052726403
0.4482079,0.2776355,0.18449956,0.11392459,0.2193641,0.3052382,-0.06547629,0.14544173,0.3166379,0.0852797,-0.018760797,0.20098624,-0.14586006,0.12715377,0.15579723,-0.042464375,0.10528683,-0.24510312
0.06301739,0.4400268,0.13850893,-0.066582784,0.39129865,0.33360916,0.06676724,0.4336568,0.42804942,0.21897675,-0.05356683,0.29348093,-0.14200994,0.3596133,0.31765255,-0.10494202,0.22686265,-0.08207806
0.15287168,0.28723535,-0.06215566,-0.08694047,0.25680944,0.23575214,0.117015965,0.48030153,0.33659896,0.17674689,-0.035290446,0.22071244,-0.086152636,0.13708416,0.22516727,0.009780116,0.28405002,-0.09364648
0.23866317,0.42007285,0.24988852,0.030119784,0.31912675,0.25273883,0.26418033,0.46652895,0.18567906,0.10955934,-0.040370967,0.26221934,-0.0693726,0.07329347,0.28960767,0.07399184,0.42731094,0.15007575
0.04541991,0.3450577,0.11681728,-0.0011263505,0.20313969,0.314698,0.17185244,0.47941554,0.34603968,0.15714875,-0.17965652,0.16806039,-0.04913781,0.14246465,0.21577089,0.02445058,0.19552946,-0.2154434
0.07488097,0.2669785,0.21505673,0.11789101,0.3081714,0.035288636,0.20781164,0.19223584,0.30819014,0.058639575,0.1170587,0.07061081,0.078001514,0.29120773,0.23513015,0.09443734,0.119135536,0.2028426
0.09262713,-0.19299845,-0.108721994,-0.09585428,-0.18598467,0.07677057,-0.29039636,-0.14136726,-0.10207122,0.03629891,-0.13390487,-0.00796527,-0.13181315,-0.1252352,-0.24872108,-0.21895386,-0.26009703,-0.22598112
-0.09232251,-0.023967814,-0.23346063,-0.1898893,-0.12025283,0.11613341,-0.34939608,0.09271069,0.033941418,0.15260535,-0.097893625,0.17565139,-0.13354023,-0.13258854,-0.2894075,-0.33280116,-0.18762696,-0.28840575
0.0148745915,0.3804694,0.03455306,0.14280559,0.3769345,0.31948125,0.16320804,0.21310034,0.10221738,0.18218954,-0.090485536,0.14529699,-0.08969367,0.1107942,0.18463922,-0.17137201,0.15855709,-0.139755
0.13233365,0.30515152,0.002889427,0.05934463,0.2756033,0.2492256,0.2868476,0.28253767,0.2425893,0.010825744,0.0055327844,0.058018833,0.26960754,0.015194384,0.22287884,0.25051087,0.2545901,0.056775954
0.19248992,0.48212636,0.310338,0.028653298,0.44461358,0.4240934,-0.016610727,0.31715858,0.3472257,0.15364264,-0.06990196,0.323978,-0.062069625,0.1388205,0.17097138,-0.098941736,0.18245222,-0.04501803
0.00746697,0.30086353,0.033720747,-0.08524912,0.2588229,0.41078356,0.3723726,0.333646,0.25583676,0.11314707,0.060610365,0.14643365,-0.1583334,0.12969786,0.49305943,0.16893964,0.51757425,0.053511485
0.4174646,0.11093098,0.0021778024,0.113791615,0.08740818,0.29810113,0.20627403,0.21312921,0.1013112,0.07051716,0.13845351,0.047167826,0.0070299236,-0.017102823,0.14471652,0.37877393,0.14089704,-0.057905648
0.07359492,0.3075679,0.07542748,-0.15827626,0.34567338,0.28835502,0.31158707,0.4359045,0.07306438,0.2035927,0.12433412,0.21786356,-0.101364136,0.11433384,0.2675611,-0.10430029,0.3961863,0.34948137
0.046124812,0.430826,0.1302221,0.019518748,0.4504593,0.37918764,0.12560818,0.3699448,0.20612006,0.2572635,-0.12620424,0.26962164,-0.19508839,0.06297393,0.29108778,-0.24790147,0.32404804,-0.11457559
0.02832844,-0.12540188,-0.17789869,0.18517141,-0.11857185,-0.056926172,0.29735795,0.04332496,-0.17517911,0.0143300425,0.06917395,-0.14395052,0.042929333,-0.27484325,0.099447444,0.30783558,0.16330935,0.09617755
0.4225416,0.2997907,0.20200865,-0.03179588,0.19011146,0.463701,0.040128343,0.23756526,0.16844706,0.117626935,0.011019626,0.26617143,-0.09370511,0.14782104,0.18284768,-0.08049831,0.20317614,-0.08450167
0.08484047,0.017503113,-0.21485327,0.05118308,-0.03880567,0.1662561,0.17302364,0.1953941,0.0578871,0.08250814,0.16844217,0.024739658,-0.040966794,0.015117323,0.19441894,0.21207055,0.20980382,0.06309169
0.21855766,0.17784366,0.12913503,0.020899082,0.2379953,0.26835462,0.3837969,0.17315517,0.004334742,0.016119232,0.20366082,-0.029503288,-0.053090494,0.021509081,0.38039553,0.29047012,0.4660084,0.3851729
0.40869617,-0.13676071,0.20301242,0.309844,-0.13787788,-0.17483506,0.36729136,-0.021334192,0.059045028,-0.11599295,0.040862616,-0.2080726,0.35951442,0.14104551,0.08569705,0.23974793,-0.0688565,0.26391178
0.24180284,0.3035629,0.14422525,0.013607655,0.2747076,0.24730316,0.41907302,0.34051463,0.100845106,0.05709817,-0.026369587,-0.0045671505,0.039176095,0.040082604,0.3021385,0.28698665,0.29634896,0.062374678
0.054406308,0.2862964,-0.011761627,-0.019298946,0.16642684,0.4412246,0.19777337,0.28408164,0.07420848,0.14407237,0.04604735,0.07240997,-0.024340594,0.02344123,0.21516149,0.17528607,0.17997402,-0.07454077
0.11361405,-0.14981242,-0.20590647,0.07682062,-0.10250275,0.067806944,0.20650123,0.16762426,0.01865982,0.17991051,0.1866495,0.13657406,-0.2313974,-0.005914607,0.33564532,0.0044463854,0.381843,0.07040592
-0.06643413,0.20598836,-0.042531874,-0.09549333,0.29350385,0.23350243,0.0649457,0.13216111,0.08314296,0.04068125,0.40490535,0.09350475,-0.2042598,0.013223993,0.12091796,0.10390768,0.26912302,0.3373624
0.09663465,0.34834817,0.0591986,0.05479609,0.20902748,0.34872684,0.15326345,0.44317228,0.11158926,0.1517479,-0.09273737,0.26863456,-0.08077646,-0.11756061,0.18037428,0.013210239,0.3742407,-0.05514434
0.13411786,0.4791855,0.22153169,0.13781033,0.41311118,0.36960787,0.13470449,0.36366862,0.26497823,0.1416566,-0.06388934,0.18188395,0.3396104,0.107364595,0.20389278,-0.01148523,0.09025056,0.028059376
-0.0201176,0.3247249,0.013157291,0.20172594,0.2150322,0.22902025,0.15568216,0.3770574,0.25605983,0.08335074,-0.12780236,0.20832442,0.19820234,-0.090431064,0.21949804,-0.0029081665,0.30475473,0.008410582
0.26420116,0.23054673,-0.045765273,0.101651326,0.22062552,0.13907506,0.29504457,0.26024407,-0.041778427,-0.044095665,0.035480984,-0.09606331,0.23632976,-0.24536966,0.1115707,0.31563085,0.23533317,0.18308741
0.25353795,0.3350075,0.07735905,-0.038366027,0.33434668,0.41391012,0.0031262978,0.32752517,0.27879044,0.16864048,-0.10433632,0.21901412,-0.11032782,-0.0062580346,0.19372104,-0.117609866,0.26623762,-0.18364865
-0.04376763,0.08116312,0.11110852,0.05446397,0.17834328,0.3083194,0.30648145,-0.02847872,0.06570982,-0.011006421,0.44139603,0.05389898,-0.18582861,0.11585567,0.20274523,0.2982963,0.33727664,0.3857494
0.42053974,0.34106824,0.25933942,-0.049687885,0.32040688,0.36541113,0.3717838,0.36999196,0.17755514,0.10706491,0.12265496,0.15391563,-0.08686942,0.20014735,0.38914135,0.081869215,0.4257559,0.25732544
-0.03633939,-0.103996985,-0.35068014,-0.07679195,-0.16142948,0.083026186,0.19092287,0.19134986,-0.04454143,0.19154093,0.10969537,0.12908937,-0.17945473,-0.013439189,0.19452475,0.035363927,0.26588967,-0.038786866
0.016511332,0.39360607,-0.012379065,0.13300732,0.31249368,0.45175385,0.21796611,0.32952982,0.22016998,0.24840756,-0.073944256,0.2456525,-0.034389347,-0.043915592,0.30306074,-0.030385498,0.30743206,-0.15989432
-0.07317805,0.3618154,0.03619277,-0.1713331,0.3387437,0.38152623,0.26720732,0.49995974,0.20337649,0.17306983,0.03993628,0.121015355,-0.055621784,0.12136977,0.3889142,0.021627706,0.33960134,0.082067914
0.19218777,0.039539434,-0.0731578,-0.10955829,0.020327915,0.085108384,0.16134226,0.26745003,0.19031546,0.049351577,0.13472794,0.20108324,0.14902616,-0.14550555,0.20425737,0.24739097,0.31548077,0.0843749
0.09476593,-0.13320524,-0.23099776,0.32907724,-0.19525628,-0.20470935,0.11354776,-0.08311261,0.07129381,-0.1787638,-0.0523812,-0.18843895,0.28233576,-0.19205983,-0.05794511,0.15699443,-0.0228877,-0.04973408
0.36627838,-0.16511768,0.2032667,0.40000218,-0.19840743,-0.2655627,0.19926867,-0.174534,0.14197437,-0.19379088,-0.013170445,-0.23273818,0.41548392,0.10063635,-0.04812775,0.08172649,-0.25318658,0.1535351
0.024585567,0.0717858,-0.14486527,-0.15946476,0.08841763,0.20386328,0.063664794,0.05234022,0.13517898,0.16624382,0.009564503,0.1288934,-0.15717845,0.19547966,0.058730148,-0.1805051,0.021585781,-0.17462766
0.10120871,0.43151125,0.03130523,-0.019114824,0.38067773,0.3658776,0.22479573,0.531602,0.22268863,0.2281684,-0.041851547,0.34046197,0.05010625,-0.1188692,0.3557198,-0.01215513,0.48062944,0.09505746
0.13960204,0.30370203,0.06998097,-0.032683928,0.33472043,0.27506673,0.23594598,0.2437313,0.09279393,0.117555894,0.22244358,0.19277957,-0.14952485,0.12359993,0.32015184,0.027820544,0.4380248,0.34078544
0.02215692,0.2581467,0.40463546,0.35916564,0.18185176,0.2565698,0.2570388,0.029278552,0.10517454,0.0034230277,-0.11329527,-0.008088149,0.026259424,0.39000547,0.047272842,-0.1191952,-0.09803472,-0.034513317
0.10135333,0.4438294,0.38869992,0.2979069,0.3693507,0.18563294,0.30577874,0.3258191,0.30923507,0.03634117,-0.14384839,-0.065602496,0.5261356,0.12011824,0.12006515,0.07348814,-0.10961145,0.08810711
0.15958944,-0.14859603,-0.08972512,-0.08025083,-0.20032991,-0.124373555,-0.2655021,-0.0056499634,0.01020184,0.21517837,-0.077155456,0.36479205,-0.13444956,-0.24125297,-0.08005955,-0.22817166,-0.009552741,-0.19129314
0.4554576,0.35607895,0.26284525,0.039692912,0.31664926,0.3635048,0.24007797,0.43222964,0.27434993,0.14752212,-0.042177208,0.33228105,0.11666884,0.07515051,0.2762539,0.12896337,0.38173157,0.05432884
0.33429798,0.000919977,-0.0015847478,0.12080182,0.014365109,0.17257468,0.27473122,0.067906864,0.043531813,0.04751673,0.24241619,-0.020631252,-0.05267327,0.30288053,0.1852305,0.080107264,0.16204904,0.30501947
0.044904932,0.42097017,0.018437246,-0.12681377,0.35606122,0.36430934,0.281465,0.57189846,0.120855,0.2553113,-0.14469665,0.25515345,0.03466381,-0.03400613,0.31242514,-0.11093612,0.39084047,0.053981766
0.20540805,0.25902072,0.12853226,0.0010903375,0.22991596,0.33486992,0.25710702,0.28479943,0.17628147,0.10859145,0.0070187976,0.22158912,-0.063475475,0.03778012,0.28476077,0.13200088,0.39117694,0.021324266
0.102464415,0.2783622,-0.08945837,0.09580385,0.18970622,0.07883831,0.28653115,0.27070588,0.21238962,-3.9551407e-05,-0.034719385,0.028403858,0.22042015,-0.045604546,0.23315364,0.1718867,0.26686803,0.022600966
-0.06945178,-0.07237751,-0.3175505,-0.08652392,-0.1641001,0.11211155,0.19264735,0.22567938,-0.045144416,0.12475004,0.040048674,0.07502766,-0.14326105,-0.075725265,0.19294745,0.13073349,0.3053262,-0.049645495
0.23506454,0.2904891,0.0033885601,0.30727634,0.18941954,0.21523577,0.133869,0.22712436,0.29892033,0.05563892,-0.11131908,-0.0063206237,0.5093358,0.00806255,0.009212953,0.0029693549,-0.08700388,-0.017489595
0.20214246,0.24624108,0.3207606,0.090703644,0.14707711,0.33522987,0.4789469,0.21457279,0.06901677,-0.038056754,0.10242995,-0.06438315,0.03907635,0.1698978,0.33852795,0.3743863,0.2853227,0.2987742
0.100906655,0.49301407,0.3209755,0.044616137,0.44357163,0.351736,0.0028310728,0.31875935,0.3304298,0.14740716,-0.1438863,0.29049003,-0.14364775,0.21594127,0.1569713,-0.16342165,0.14801526,-0.09672121
0.13029027,0.10686104,0.0765085,0.2142666,0.08358301,0.011332411,0.20544665,0.253279,0.31472492,0.029769806,0.018315779,0.08561065,0.41662008,0.090021715,0.16707326,0.0013978146,0.048369154,0.11584445
0.40524784,-0.16319485,0.06412433,0.20635259,-0.1559443,-0.14871807,0.3439101,-0.04345304,0.00013778964,-0.12087513,0.11776107,-0.17390946,0.32272717,-0.01008504,0.09340331,0.26637432,0.01205937,0.3264271
0.10639753,0.2955967,-0.09301152,-0.10280191,0.33782578,0.34158075,0.067201585,0.3648234,0.22559059,0.21847588,0.084050424,0.28191942,-0.17761451,-0.027376188,0.18935479,-0.09845885,0.30638438,-0.18519601
0.06653517,0.24308084,-0.10848458,0.06432363,0.2711936,0.2139898,-0.08270153,0.20284045,0.08000565,0.166821,-0.11034217,0.18024151,-0.105601385,-0.14165881,-0.050050143,-0.24528883,0.1077844,-0.27878928
0.27140513,0.2814857,0.08664484,0.054403916,0.21081091,0.3515633,-0.0029797812,0.24346483,0.3464877,0.20807461,-0.106149316,0.3714248,-0.13028148,-0.02303182,0.12622671,-0.13806957,0.25025624,-0.27079514
0.4757739,0.21771568,0.40803385,0.3013415,0.16973986,0.16184449,0.25330037,0.14762014,0.39555815,-0.054904155,-0.07800533,0.04284662,0.49931505,0.15444727,0.04893164,0.0375834,-0.1032508,0.067911625
-0.063990265,0.06898612,-0.3080422,0.043193944,0.023012072,0.12454301,0.011665798,0.33803433,0.11106432,0.30898783,-0.092976704,0.2793058,-0.20619248,-0.17803407,0.22767532,-0.2234231,0.31093264,-0.29691765
0.18960996,0.09237617,-0.033669278,-0.041192465,0.13624871,0.22794089,0.19786993,0.060732447,-0.0315867,0.058264934,0.32232004,-0.0060495753,-0.13335496,0.09552091,0.07828684,0.1270743,0.22627312,0.36463425
0.19580671,-0.048103124,-0.1907692,-0.030788949,-0.09327564,0.1681778,-0.1936896,-0.033523392,-0.11546552,0.14018214,-0.11021384,-0.049678087,-0.26342356,-0.0021741036,-0.18931213,-0.22809556,-0.17311992,-0.3511425
0.09757073,0.3511901,0.20693597,-0.03839202,0.27751398,0.38803783,0.32473707,0.46027714,0.18491833,0.10223062,-0.0809233,0.20568492,-0.1130379,0.13592729,0.31271473,-0.03548139,0.41344476,0.07808504
0.43088412,0.08035831,0.18158177,0.21912602,0.04937749,0.26236558,0.026685266,0.12514538,0.011187385,0.18188669,-0.08430846,0.11885652,-0.13325186,0.17609511,-0.040800203,-0.14328457,-0.076574005,-0.20583037
0.03551462,0.2295503,-0.08637257,0.12865555,0.2084968,0.25848317,0.43230987,0.31799203,0.15095788,0.022852868,0.030377023,-0.009650639,0.40715277,-0.0829756,0.27666688,0.25758153,0.29241797,0.14182638
0.10443747,-0.2152902,-0.22042131,0.21885966,-0.23922229,-0.18324465,0.20054233,-0.098936304,0.06304726,-0.038616057,0.05580989,-0.11460733,0.16396911,-0.0113080405,0.061809443,0.16702156,0.00977381,0.03543779
0.012570223,0.044132072,-0.21619017,-0.047863975,-0.04619929,0.2778726,-0.0855065,0.15280226,0.044492897,0.32345942,-0.024712574,0.4633814,-0.23626612,-0.20072863,0.077269554,-0.22681792,0.23676144,-0.23398931
-0.17213671,-0.48685044,-0.24327457,-0.18646666,-0.511569,-0.27041495,-0.33741423,-0.2816586,-0.16839373,-0.09626279,0.24217352,0.00022300426,-0.18020287,-0.22219963,-0.2893754,-0.054298237,-0.27257356,-0.028793488
-0.037824757,0.182181,0.22422814,-0.061355613,0.25540528,0.2565664,0.32972562,0.044642594,-0.13037388,-0.06386501,0.23120685,-0.18955792,0.00607736,0.3424832,0.10739564,0.081346944,0.050037045,0.46285406
0.293544,0.2965755,-0.013483424,0.122386694,0.29305592,0.23067744,0.25712425,0.337984,0.3095906,0.13154018,-0.08905837,0.16914105,0.07090379,0.007967047,0.22337124,0.12756453,0.36078438,-0.07719092
-0.025546927,0.30685684,0.3974851,0.22241575,0.18663722,0.30234396,0.24166329,0.2102156,0.053328842,-0.0076999404,-0.061743036,0.15179768,0.04019458,0.084455684,0.13340442,-0.021521864,0.1403725,0.05666338
0.13430119,0.26601148,0.13536714,-0.10478281,0.19559532,0.2519445,0.20225425,0.49527058,0.29662594,0.13405001,0.031268883,0.2610676,-0.066994384,0.021562073,0.3407137,0.056190543,0.38873747,0.035079505
-0.16482289,-0.23594287,-0.2141222,0.20311388,-0.21074083,-0.156408,-0.29818928,-0.16032907,0.045499615,0.17942978,-0.062839925,0.106159836,-0.3383628,-0.054041144,-0.12176704,-0.32011363,-0.16278109,-0.35581958
-0.04256318,0.017045356,-0.265198,-0.091908164,-0.095440894,0.1720971,-0.16505419,0.27331078,0.073788926,0.2742673,-0.12740152,0.41766506,-0.1109513,-0.22365516,0.03705309,-0.25745437,0.22451995,-0.22492048
-0.023023052,-0.22466789,-0.26523176,-0.12684365,-0.23329279,0.06785625,-0.072973326,0.012656293,-0.06335823,0.19511952,-0.14321221,0.1796601,-0.1346588,-0.32113385,0.048872385,-0.29489747,0.092551455,-0.271797
-0.102160834,0.15539953,-0.1984081,-0.112014204,0.19161525,0.2819397,0.10566168,0.18069878,0.011900603,0.27749866,0.06267102,0.16380742,-0.23686022,-0.0971227,0.24490471,-0.16518933,0.28427327,-0.088990204
0.006111472,0.31283832,0.1439958,-0.03400208,0.3694854,0.2868435,0.2585118,0.07681211,0.02178285,0.0450543,0.32888174,0.058086857,-0.15631044,0.20562518,0.260046,0.16265076,0.3327623,0.44297928
0.09519339,0.45150822,0.30613482,-0.028402083,0.3582271,0.3529688,0.14296426,0.4012032,0.14031047,0.17741127,-0.040880926,0.23927002,-0.13889167,0.1742206,0.2349414,-0.14867344,0.20791383,0.096535064
0.08735251,0.06959435,-0.011786995,0.23295768,0.034343548,0.3104836,0.00656191,0.09524542,0.052662823,0.20669569,0.15110174,0.3542659,-0.2902277,0.20169067,-0.014598072,-0.17346783,0.13678715,-0.09561336
0.06656252,0.2622032,-0.08951916,0.26477057,0.1764551,0.2324144,0.16660176,0.27898237,0.31725264,0.17501053,-0.09887759,0.28270295,0.06429065,0.080189355,0.16252956,-0.10371285,0.23325917,-0.17251113
0.17481653,-0.31764832,-0.058725633,0.1861063,-0.2827917,-0.071693674,0.20818423,-0.22201204,-0.10228471,-0.06803308,0.28998446,-0.17379357,-0.15201618,0.0538716,0.08182237,0.3862935,0.050616995,0.14635395
-0.14146538,0.14958154,-0.16559225,-0.03428864,0.011535028,0.29423004,-0.10440269,0.1905344,0.17953396,0.14622876,-0.042535238,0.36642253,-0.20627263,0.015868122,0.034490395,-0.12898806,0.19372134,-0.2730349
0.10224569,0.35414812,-0.017791595,-0.14689593,0.31856054,0.40997294,0.31895724,0.4412508,0.26990694,0.22835141,-0.0486072,0.26775268,-0.026142279,0.008612498,0.37866697,0.026869588,0.45696273,-0.04075751
0.05042074,0.33068636,0.0837346,-0.06836705,0.34426486,0.36079323,0.16825658,0.21684617,0.11631325,0.21600865,-0.030819954,0.14914297,-0.16509002,0.1857531,0.16720288,-0.20488049,0.16761208,-0.04524923
-0.20688619,-0.035327993,-0.31402403,0.0943566,-0.091032974,0.017179843,-0.16663654,0.056034483,0.26588154,0.21356647,-0.051773492,0.283973,-0.19678846,-0.042215258,0.14493778,-0.191193,0.13106923,-0.31869
-0.073407516,0.2525897,-0.096788295,0.17755263,0.17467399,0.1586403,0.30933276,0.2777044,0.14691748,0.063763164,-0.058961216,-0.02305273,0.14010042,0.10020491,0.18699971,0.077060066,0.13767761,-0.020266877
0.15026197,0.097037934,-0.17131715,0.13789894,0.12210942,0.27192488,0.17583096,0.2468178,0.21818677,0.13771214,0.04776175,0.23614375,0.20697372,-0.14398496,0.13478516,0.110566325,0.253274,-0.04053116
-0.043460876,0.1293309,-0.06730605,0.0631489,0.079361506,0.26131144,0.3286425,0.23575774,0.07890401,0.10927991,0.14467846,0.22774184,-0.13367651,0.08671238,0.3791146,0.07789612,0.5315838,0.24553983
0.33814162,0.22890487,0.06994177,0.06653855,0.27679384,0.20946883,0.15476826,0.27754265,0.10873298,0.12236345,0.069255926,0.043709163,0.04673436,-0.076449275,-0.01683156,0.16821691,0.055462364,-0.027958604
-0.09059433,0.3832466,0.17857687,0.19776504,0.27858436,0.24670555,0.23098579,0.46432778,0.20957759,0.1809766,-0.12914637,0.25061238,0.09720987,-0.052011985,0.28223056,-0.08042529,0.28078678,0.007274149
0.10299835,0.22416478,-0.056921627,-0.15187928,0.29355282,0.3445286,0.29265597,0.1919611,-0.01739663,0.0974236,0.35707858,0.036517203,-0.20149362,0.124698095,0.22352979,0.09084881,0.37682474,0.43199095
-0.24464478,-0.44534948,-0.20569828,-0.105964035,-0.45189586,-0.24089985,-0.24471904,-0.2833062,-0.19489078,0.083287835,0.06995309,-0.056132488,-0.11320131,-0.039820895,-0.1899859,-0.31934977,-0.36956942,-0.058965903
0.38402796,0.33781406,0.23944552,0.064605914,0.30022937,0.36065814,0.21697363,0.4033877,0.19585614,0.19627483,-0.14006579,0.19376953,-0.069565706,0.1710346,0.1790567,-0.18628657,0.20545092,-0.04942344
0.07063381,0.28393367,0.008253411,0.018011883,0.26394182,0.2546391,0.28623277,0.5526154,0.18238261,0.225941,-0.10828869,0.33426312,0.023253607,-0.17917095,0.28696507,0.03937947,0.48015106,-0.01639708
0.21140137,0.3141912,0.22698893,0.21960226,0.25618103,0.24164237,0.16398811,0.28596616,0.16906214,0.08093903,0.0141862845,0.13886921,-0.06630297,0.13995129,0.25790137,0.13613129,0.1639323,-0.057695664
0.096394,0.24284616,-0.15678784,-0.06836385,0.31999144,0.16730222,-0.19724537,0.1980301,0.13248251,0.12310849,0.03561159,0.23537873,-0.1799324,-0.13697281,-0.057734653,-0.2027794,0.09673751,-0.2235834
0.058749646,0.30143932,0.049938586,0.02111092,0.23500638,0.32722217,0.41207623,0.22056869,0.04089604,0.006128551,0.12367838,-0.034195367,0.015158935,0.0057153436,0.34427118,0.38105443,0.381808,0.20515645
0.1509424,0.03926727,-0.16639753,-0.07791188,-0.025912825,0.05389074,0.039090283,0.17799723,0.23252158,0.21044533,0.033204887,0.19209959,-0.26243132,0.05242779,0.21671222,0.14527228,0.23359104,-0.18319808
0.12117053,0.4493051,0.15434445,0.09561368,0.40283313,0.33761075,0.17691831,0.4417709,0.2620312,0.21277086,-0.12207842,0.2826974,-0.05173161,0.15635651,0.24663565,-0.18492197,0.23661137,-0.05432997
0.2733109,-0.2615274,-0.20067291,0.044553027,-0.2289735,0.055063676,0.15272051,-0.10684301,-0.124613285,0.0058554406,0.2789803,-0.15514264,-0.13455103,0.15614703,0.12763263,0.11471219,0.07766151,0.16368598
0.07814868,-0.07056994,-0.18260548,0.1041959,-0.013120596,0.118233606,-0.08721969,-0.088835664,-0.10580822,0.18500715,-0.07626245,0.06266296,-0.22988582,-0.19719048,-0.0067008636,-0.21636869,0.015732534,-0.26613596
0.44506812,0.11086854,0.2500767,0.09547343,0.018588405,-0.08288119,0.13693573,0.042391766,0.18178485,-0.19844556,-0.019888418,-0.19209082,0.42139107,0.08967425,0.014011277,0.16924262,-0.1395139,0.15634553
0.07637529,0.36821857,0.30013007,0.03025094,0.24877548,0.3202236,0.21451412,0.50880986,0.24927579,0.19718716,-0.19163597,0.34966406,0.068321824,0.008856712,0.2748778,-0.09744992,0.32377166,0.015043198
0.30610457,0.21448344,0.015090016,-0.11629506,0.295067,0.11088139,-0.051166113,0.24374379,0.3176927,0.18298818,0.011932202,0.2299821,-0.13955471,0.066317216,0.18301433,-0.14409295,0.20220551,-0.14974423
0.035989594,0.23046735,0.33938798,0.030571155,0.30300698,0.2570348,0.40061086,0.10631597,0.022123246,0.05274412,0.2567913,0.06808778,-0.14452448,0.3781234,0.31557125,0.068957806,0.33705395,0.5044574
0.21382685,0.27726945,0.11780789,-0.17387019,0.26053068,0.42184946,0.18434358,0.45646507,0.21202876,0.18233982,0.061342243,0.27163163,-0.14425127,0.035890646,0.208041,-0.02320878,0.3712792,0.044579417
0.35256356,0.29173082,0.22654578,0.052482244,0.25282025,0.34218845,0.2530472,0.31992024,0.23699635,0.09101363,-0.047352366,0.19961435,0.043785315,0.09915189,0.28968686,0.09936257,0.32927936,0.02926171
0.15779938,0.30242354,-0.039451282,0.050558705,0.28040183,0.37674788,0.13248126,0.48906234,0.30081037,0.21128947,-0.13287897,0.3469956,0.008181082,-0.13492335,0.24187563,-0.09195022,0.4269023,-0.15178363
0.09995186,-0.22920959,0.08887944,0.07859776,-0.15531476,0.13757823,0.41940954,-0.09297928,-0.0858753,-0.02826483,0.3121931,-0.11284088,-0.04128602,0.18959776,0.3012877,0.26469967,0.24830735,0.4454117
0.08264305,0.35197812,0.025845611,-0.12789598,0.33965752,0.29370958,0.13210495,0.60028744,0.26861882,0.29977617,-0.068294786,0.25496334,-0.07327021,0.17543271,0.21001461,-0.16392429,0.27441376,0.080701336
-0.09039874,0.1588844,-0.18902402,0.06821566,0.022666961,0.23679756,-0.13828595,0.28268397,0.17201532,0.14411429,-0.081127845,0.19005606,-0.0732146,-0.09351032,0.08172198,-0.20798407,0.14661807,-0.2110729
-0.053192485,-0.15515669,-0.17228611,0.3615674,-0.21859868,-0.02615061,0.237795,-0.014181277,-0.054153074,-0.05947854,0.032297026,-0.09064943,0.290785,-0.14051858,-0.08649824,0.21220979,-0.037185643,0.057723053
0.35954103,0.42898878,0.27818263,0.07178429,0.33877048,0.38667512,0.09687853,0.41260567,0.29636723,0.11447135,-0.07125958,0.3774998,0.086499654,0.0043538325,0.27709547,0.04613727,0.37271366,-0.008292403
0.08903371,0.23655468,0.19073594,0.09976758,0.18939416,0.412855,0.31429014,0.21898264,0.14024867,0.07713927,0.13768809,0.16705228,-0.057048112,0.13553281,0.18900204,0.034372907,0.28417432,0.17338532
-0.03621188,0.45843366,-0.006047177,-0.087190926,0.42105424,0.28979406,0.32215044,0.5649483,0.16919902,0.16226913,-0.011933178,0.28375944,0.07413371,-0.03773115,0.32010356,0.12305494,0.5034119,0.19863018
0.01898681,0.24638948,-0.049902383,-0.15089619,0.27415198,0.16591553,0.061279707,0.3991756,0.32326537,0.25268438,-0.06487339,0.30244863,-0.05747289,0.13391893,0.20945434,-0.18267642,0.19665602,-0.14093544
0.024939043,0.36259958,0.07938144,-0.10077868,0.34237662,0.29137537,0.25037342,0.43891892,0.19620802,0.22226213,-0.06335079,0.2443759,-0.11314524,0.30796164,0.27321678,-0.22337654,0.2994623,0.146142
0.09274436,-0.43141648,-0.26833534,-0.20124389,-0.40436092,-0.12585838,-0.26358548,-0.41472995,-0.27848858,0.013548253,0.034340084,-0.16872114,-0.24368066,-0.026396004,-0.276255,-0.23891959,-0.40994853,-0.21933137
-0.048902895,0.34678328,0.013331572,-0.0406211,0.25946558,0.3290199,0.29638633,0.4570888,0.13741764,0.26290855,-0.106894724,0.2938784,-0.0027808915,0.036103617,0.20677862,-0.12433851,0.35822484,0.01888474
-0.046077967,0.008737757,-0.30404577,0.1857136,-0.06764026,0.06775269,-0.14652875,0.059847884,0.08277162,0.27083534,-0.08067751,0.31852588,-0.17874685,-0.19109575,0.029776223,-0.27765575,0.13555588,-0.26637077
0.16846499,0.0057602664,-0.12229801,0.10945434,0.054669134,0.14654276,-0.06140893,0.07212978,-0.024350729,0.2172086,-0.15164994,-0.042766497,-0.16358711,0.1011521,-0.11586113,-0.2573986,-0.16267253,-0.1955245
0.0036993185,0.35028946,-0.06689695,0.020073188,0.22304541,0.24760194,0.2976047,0.38958228,0.18699601,0.09779579,-0.0639802,0.12891391,0.1836672,-0.011412773,0.31525767,0.11306392,0.36440888,0.036813892
-0.15263492,-0.03829366,-0.1107943,-0.07446621,-0.0966218,0.18162939,0.13487403,0.4133281,0.09954215,0.30667117,-0.015634138,0.30779034,-0.12805209,0.11181448,0.17190456,-0.23882271,0.25946856,0.10039817
-0.021798026,0.38367397,0.106893755,-0.041653175,0.34778216,0.34294397,0.23799148,0.35029942,0.24537477,0.13062553,0.1530142,0.4001882,-0.12124142,0.03940004,0.32936364,0.1317587,0.48729405,0.13047606
0.016482685,-0.033812992,-0.17422399,0.20120747,-0.06707621,-0.007547564,0.21051395,0.06400806,0.16841249,-0.0017266613,-0.026449455,-0.032227203,0.14654504,0.04269117,0.08602895,0.096432745,0.10385631,-0.050344553
-0.062720805,0.1546505,0.23527111,0.336865,0.045742992,0.18852465,0.25852117,0.034336172,0.05115464,0.11445231,-0.11523547,0.04832855,-0.14958383,0.3220709,0.09029575,-0.22499357,-0.01411527,-0.13133186
0.0323292,-0.118932456,-0.2921746,-0.0754751,-0.055765986,0.12864777,-0.17791444,0.07153469,0.13927512,0.2295092,-0.11038083,0.18960182,-0.23816869,0.027145617,0.027984563,-0.3363224,0.08190283,-0.22392659
0.15757379,-0.13845874,-0.2179578,0.056794852,-0.13102083,0.033427075,0.111277,0.02678373,0.19408,0.069536425,-0.051161274,-0.004089077,-0.029662974,0.017671773,0.09998378,0.15001075,0.09696807,-0.20851061
0.07923557,0.26632613,0.068550244,0.32187006,0.17136389,0.18524253,0.25387043,0.18651956,0.07775091,0.0903217,-0.049394574,0.02421463,0.08487693,-0.06968029,0.057979718,0.19572423,0.038280636,-0.1333258
-0.108711846,-0.10949732,-0.34482154,-0.10568647,-0.13796239,0.10097639,-0.21149188,0.030133985,-0.17987566,0.13617392,-0.16437162,-0.036376823,-0.21475282,-0.1609573,-0.18938209,-0.40841788,-0.12620519,-0.2614498
-0.008022219,0.19077027,-0.26034737,-0.012416393,0.11572774,0.243265,-0.09040281,0.28872275,0.23927195,0.22561947,-0.13978209,0.3452866,-0.105118126,-0.07986807,0.07722818,-0.29730055,0.20883599,-0.26760677
0.15981145,0.04078197,-0.18305795,0.05243456,-0.0144646615,0.030293958,-0.28505033,-0.0034083345,-0.0037027244,0.104566015,-0.09808662,0.06922344,-0.2108091,-0.029801264,-0.29122737,-0.2836589,-0.15202452,-0.2570624
0.07273982,0.2742887,0.11407148,0.036308553,0.18671347,0.42256105,0.30487794,0.4344883,0.17817847,0.21516554,-0.10275845,0.2012709,-0.125721,0.22986914,0.2366582,-0.162718,0.29590327,0.023610063
0.24202049,0.15618621,-0.01427152,0.15109955,0.14333804,0.26973772,0.25239745,0.16768026,0.113367535,0.047347344,-0.012891095,0.04464026,0.025918303,-0.086979106,0.119947255,0.28449628,0.23372307,-0.08814979
0.39991266,0.022103934,0.3597591,0.091793925,0.034631547,0.057113834,0.09974089,0.049813576,0.15337622,-0.03420279,0.07731652,-0.064113595,0.108850494,0.24120979,0.069729455,0.0976473,-0.14572659,0.09729113
0.17251289,0.08182446,-0.030541813,-0.08928551,0.047163457,0.150065,0.09478071,0.30359814,0.13609716,0.23289111,-0.002458462,0.4197637,-0.11164637,0.015511441,0.2457325,-0.09606588,0.38445285,0.010380857
0.11913939,0.055888705,-0.14217721,-0.1561315,-0.019643147,0.21904258,0.07591844,0.23580766,0.17480983,0.2352072,0.05601587,0.26633784,-0.19385578,0.27897394,0.21505378,-0.19229676,0.22019874,-0.018120687
0.2977334,0.29509765,0.4243026,-0.035141133,0.3372424,0.3550839,0.30212,0.21085122,0.030393647,0.04509185,0.27058065,0.10079496,-0.10055229,0.19922861,0.21682571,0.13104485,0.2991202,0.4829205
-0.09190772,0.3088668,0.12815149,0.091958724,0.19512075,0.20949931,0.41034195,0.4491153,0.068902306,0.11945536,-0.16889587,0.09851916,0.013667183,0.054652523,0.1949269,0.010633208,0.302537,0.08489327
0.2562006,0.31203523,0.32164657,0.29305732,0.21432017,0.1702976,0.31886497,0.22071826,0.33589783,-0.09497266,-0.03629895,-0.0020606234,0.45317817,-0.033423536,0.264898,0.2537799,0.14796123,0.17338002
-0.027567811,-0.038129095,-0.29278153,-0.1232342,-0.11506078,0.13591936,0.2527101,0.23214456,-0.0059440914,0.15353712,0.0911959,0.09361245,-0.15977976,0.021672739,0.22318311,0.073446915,0.3045205,0.030599972
-0.088979475,0.0047532446,-0.3185767,-0.28273666,0.009422024,0.30576444,-0.10310274,0.017019026,-0.14985137,0.2081452,-0.019775724,0.058927983,-0.15584704,-0.120516226,0.10817614,-0.18434083,0.08700703,-0.1135528
0.010403854,0.39378858,-0.032641906,-0.115881085,0.2931306,0.392991,0.24184074,0.44996265,0.30041727,0.17841698,-0.08376243,0.23753972,0.09541837,-0.024573673,0.33139336,0.08604843,0.39410213,-0.06784135
-0.07381507,-0.06756826,-0.3457103,-0.04105734,-0.08802856,0.18748178,-0.1874265,0.07981377,0.2414842,0.17591575,0.07965927,0.23278822,-0.32456362,0.11013849,0.11588497,-0.28212947,0.12622097,-0.33688977
0.05384173,0.12330288,0.14096023,0.108273014,0.11238636,0.20322488,-0.007829257,0.081298195,0.12035594,-0.06162608,0.21514963,0.049047753,0.3237462,-0.0062015336,-0.16097042,0.09198238,-0.18244846,0.14892697
0.21783501,0.3570502,0.18949576,0.21548896,0.34644195,0.14650847,0.3234258,0.44377622,0.40594584,0.056738976,-0.121616766,0.08849264,0.43371585,0.07820222,0.20554698,0.06171348,0.17418522,0.10661907
-0.08674082,0.08344247,-0.06043432,-0.014564807,0.07258529,0.2641485,-0.08431312,0.109092146,-0.09971604,0.19963808,-0.18725945,0.12348996,-0.16753884,-0.22661904,-0.048514012,-0.24926648,0.086963415,-0.22229569
0.1207386,-0.21820459,-0.0406528,0.03170983,-0.16666482,0.011136547,0.18286885,-0.0009714789,0.06975189,0.058939315,0.33927912,0.025176644,-0.07812203,0.15198582,0.2260972,0.13607803,0.119732566,0.25621885
0.1338059,0.32148683,0.14317958,0.36633196,0.2453209,0.05632621,0.27162072,0.25623503,0.42492378,0.0066010975,-0.04716901,-0.048338246,0.49179044,0.16856436,0.1183603,0.23013362,-0.08026564,0.04555028
0.13549352,0.32565778,0.10701288,0.34245878,0.2622248,0.18125664,0.260722,0.2447777,0.25321314,-0.01254412,0.07071963,-0.013992653,0.28791913,0.07557932,0.23943435,0.391262,0.12778096,0.089812726
0.3841541,0.1414002,0.4923399,0.30574328,0.111234136,0.053767476,0.35275954,0.048802476,0.18758188,-0.20342231,-0.013856185,-0.12429002,0.44694716,0.23606563,0.14680271,0.13890676,-0.039777197,0.3027913
0.12641677,-0.014617123,-0.06961812,0.08570808,-0.0032930577,-0.010496691,-0.07224214,-0.014127218,0.05608768,0.017230518,0.22653475,0.08982115,-0.16316895,0.096251406,-0.033291902,-0.033051956,0.07646929,0.2066268
0.0069903545,-0.24000934,-0.28011963,0.044863123,-0.2245705,0.06727483,-0.017474907,0.038777452,-0.14984317,0.28922158,-0.07107888,0.24016167,-0.23889954,-0.22622101,0.032599628,-0.26310337,0.06569991,-0.26418135
0.23092474,0.38474995,0.18561685,0.12517469,0.2901612,0.30841723,0.29606554,0.46340346,0.33440572,0.13559403,-0.12449987,0.33523843,0.04890452,0.05967832,0.39196515,0.16195881,0.45692676,-0.05799558
0.19265905,0.0809021,0.15421458,0.15887982,0.035779182,0.13828017,0.20448023,0.19347973,0.3324865,0.04723073,-0.07957446,0.11005542,0.36280635,0.07403668,0.1509083,-0.04374151,0.054332595,-0.003446555
0.047881376,0.35132757,-0.083791986,-0.031035673,0.356951,0.3276737,0.2912922,0.45407358,0.079226755,0.22407064,-0.01639634,0.1653186,-0.045999967,0.0446243,0.29270434,-0.072315805,0.38095605,0.118213974
0.4154621,0.34139058,0.24457045,-0.0048307404,0.2740959,0.27646315,0.36420742,0.3413544,0.22874932,0.050416157,-1.32384885e-05,0.004295495,0.04350939,0.12692198,0.2755838,0.24921596,0.20504858,0.05603382
0.19718143,0.14156923,-0.03394081,0.16210668,0.07574585,0.09308626,0.12594195,0.23177457,0.15190406,0.11402317,-0.05399782,0.07225431,-0.05605012,0.12426016,0.01870656,-0.009492732,0.035093386,-0.18329345
0.26855767,0.36919653,0.22189952,0.038068455,0.32218456,0.32161447,0.26703095,0.46907127,0.38759667,0.16517192,-0.16241266,0.22937489,0.00968241,0.10682635,0.3966991,-0.0023118632,0.41553244,0.00070155377
0.16476959,0.3591548,-0.053964265,-0.063571475,0.36460465,0.3614807,0.22358087,0.40149757,0.23343226,0.23893405,0.04094278,0.22387926,-0.05206093,0.04838355,0.32055548,-0.07332058,0.2921607,-0.060375117
-0.029520122,-0.050991293,-0.2927889,-0.053917494,-0.051651172,0.05612409,0.13978674,0.30695575,0.05208839,0.2711278,-0.1341367,0.23462863,-0.18223314,-0.13725404,0.24039114,-0.097339444,0.37945297,-0.17062432
0.037053403,-0.015219594,-0.15826745,0.40355906,-0.016394509,-0.049056485,0.1688649,0.11924674,0.21464051,0.082435146,-0.031517666,0.040702038,0.18482469,-0.13852447,0.15417618,0.0233595,0.13978076,-0.058921855
-0.015444952,0.206366,-0.17557518,-0.016109433,0.09470018,0.16122627,0.20693915,0.27076927,0.07555851,0.19083005,-0.025085794,0.12880008,-0.10678495,0.05653477,0.08105852,0.11173535,0.16111624,-0.1353204
0.21542305,0.45855474,0.21165627,0.07433244,0.3870035,0.32124716,0.20420896,0.53516185,0.33188564,0.16704458,-0.10726626,0.33395216,0.20183271,-0.030249294,0.33823138,-0.01195659,0.3816869,0.06964718
-0.015352862,-0.3610048,-0.34988835,0.07844459,-0.34460756,-0.18719786,-0.093429945,-0.36914968,-0.25423217,0.08006511,-0.013485085,-0.10444086,-0.16162518,-0.14318185,-0.09020811,-0.21943232,-0.19768739,-0.16818455
-0.23622388,-0.2745555,-0.21283005,0.15068185,-0.37228563,-0.13238902,-0.36179093,-0.28068152,-0.116580024,0.05795798,-0.05741855,0.17179891,-0.111148596,-0.26781395,-0.23954554,-0.2899412,-0.23196733,-0.2481341
0.38176355,0.1795325,0.15039034,0.25488567,0.1774248,0.018904604,0.34528545,0.3318051,0.22296792,-0.027548319,-0.06520267,-0.04086561,0.54821163,-0.13775462,0.18211357,0.22561829,0.096744075,0.16143239
-0.06878346,-0.22704823,-0.36561397,-0.080194496,-0.28206962,-0.025537457,-0.22429477,0.07200681,0.16871868,0.15594584,-0.01757765,0.12258333,-0.31120908,0.06388924,-0.06892415,-0.27520958,-0.021379856,-0.34099048
0.04929678,0.266877,-0.016373193,0.30381185,0.14835194,0.30078867,0.2784021,0.24380434,0.22368456,0.1036795,-0.08934411,0.17319962,0.1726793,0.06403809,0.17525475,0.04158142,0.21597065,-0.078829005
0.014791172,0.3130654,0.21974486,0.40777218,0.2538232,0.25359914,0.31819683,0.28932354,0.20490845,0.022947442,-0.13377675,0.052222375,0.38759732,-0.026039315,0.13545738,0.005822823,0.108155556,0.022523822
0.053093042,0.36989424,0.06372641,0.09351521,0.228638,0.4643998,0.046011847,0.34254855,0.30849144,0.17810927,-0.10694144,0.2672583,-0.045761667,0.033142738,0.27048862,-0.07133386,0.2689173,-0.1817544
0.04976397,0.44994205,0.19184528,0.115380615,0.33660772,0.33056355,0.28087366,0.5105416,0.25605467,0.13064785,-0.14841221,0.22915953,0.1751206,-0.009274975,0.30346364,0.032596435,0.33413863,0.028764848
0.14123811,0.43637878,-0.06578878,0.07535662,0.37030572,0.34246963,0.25008592,0.45363516,0.27912068,0.16417481,-0.13981123,0.19988473,0.22564317,-0.15413564,0.2896792,-0.008199393,0.37295753,-0.06441108
0.36497542,0.2992773,0.06950085,0.20041095,0.20936008,0.18491696,0.28974143,0.15937248,0.25032914,-0.07424278,-0.07085312,-0.12251953,0.37623185,0.06926326,0.083463185,0.19916105,0.0055775396,-0.03227237
0.07463901,0.36191607,0.022158472,-0.09631596,0.27785158,0.40393624,0.16238376,0.51312304,0.25487414,0.23666897,0.012273791,0.28442702,-0.0009321618,0.19598201,0.29456568,-0.08283664,0.31683564,0.14454146
0.10996968,-0.16693121,-0.1102681,-0.085168555,-0.13156281,0.08848332,0.29543173,0.16736278,-0.0066834763,0.087797895,0.08050681,0.080783196,-0.15471786,0.034687053,0.3726863,0.07675734,0.45695803,0.18304801
0.07123774,0.34698534,0.1661281,-0.17058338,0.37760076,0.33808026,0.087517545,0.2957172,0.16509964,0.12269217,0.08358435,0.1988601,-0.115849346,0.1719276,0.21320008,-0.16813162,0.23109558,0.18169291
0.31104854,-0.3694389,-0.26933596,0.016540328,-0.32000372,-0.047493063,0.010300955,-0.16062485,-0.14945124,0.055321462,0.18110117,0.008050133,-0.19361888,-0.108103275,0.063746884,0.11007316,0.0790905,-0.07555356
0.19722652,0.26884803,0.19727972,0.006735134,0.29803988,0.33350995,0.36097223,0.22413251,0.13713561,0.13017686,0.286531,0.14235803,-0.15437967,0.20671815,0.3306877,0.18191509,0.46874052,0.4671442
-0.05366577,0.39165127,-0.06372718,-0.011175599,0.31462443,0.36030197,0.24038377,0.42693266,0.29472202,0.16713901,0.037324496,0.28408465,0.050170444,-0.031223956,0.35917827,0.03282743,0.43580088,0.05230033
0.19492276,0.43237016,0.049787834,-0.14288265,0.39629295,0.332452,0.33799246,0.58031523,0.27446073,0.21432087,-0.11992932,0.18085515,0.10672704,-0.014208458,0.3265687,0.025714468,0.40548763,0.07501588
-0.0035022702,0.34135228,0.27569216,0.05552155,0.306815,0.28866893,0.36384687,0.28745788,0.068645924,0.08432034,0.09593088,0.14560911,-0.10320081,0.09894108,0.32149154,0.058492787,0.42084736,0.35687044
0.28164494,0.34564567,0.25189897,-0.12214511,0.42678738,0.3400299,0.25300428,0.32496485,0.090631455,0.020090774,0.31694797,0.05274435,-0.015125351,0.031823084,0.22931068,0.2918624,0.33370566,0.4622261
0.42619926,0.37288088,0.16853781,0.00028427644,0.24731393,0.40402788,0.10126813,0.3327704,0.28036475,0.158845,-0.061952174,0.3557862,0.031577844,-0.009966887,0.27117303,0.037120685,0.33867693,-0.07750027
-0.052272506,-0.17701948,-0.24795038,-0.13355373,-0.18926257,0.1079274,-0.17254992,-0.33369467,-0.19424805,0.08931956,0.00094566843,0.019796858,-0.1661358,-0.17670831,0.0230307,-0.1254434,-0.049154736,-0.1308867
0.0010690121,-0.09656098,-0.304645,-0.17582594,-0.16748951,0.22104898,0.021653693,0.15777072,0.07987308,0.17265815,0.01454192,0.09029914,-0.22666623,-0.02085324,0.07475325,0.06272962,0.15203795,-0.21961658
0.028556611,0.3044942,0.03587191,0.070092335,0.2490792,0.14794034,0.39350957,0.43283004,0.18030927,0.09107251,-0.07498414,0.039280556,0.23687805,0.0015063059,0.3319147,0.13900863,0.31585523,0.16297476
0.09774226,0.2931157,0.1397194,0.05942545,0.35260317,0.32051912,0.32392395,0.2902511,0.1329271,0.10682572,0.12863845,0.18621476,0.14674768,0.15671813,0.2029891,-0.0061829686,0.27572012,0.31677043
-0.049010396,-0.28266567,-0.21246943,0.012900706,-0.2950555,-0.16576143,0.04078379,0.037751727,0.05606586,0.12815665,-0.0015421284,0.091084704,-0.244483,-0.06316766,0.22493827,0.09585236,0.19064209,-0.17842251
0.11914297,0.33555782,-0.0980536,0.0013816515,0.21831748,0.36407313,0.044642277,0.21847016,0.26841208,0.12219629,0.0061613703,0.2018653,0.005595945,0.023373224,0.17933156,0.011664249,0.21427692,-0.17125547
0.12339835,0.40511104,-0.0024590853,-0.07397666,0.3483907,0.423254,0.25304964,0.523034,0.17528018,0.26030004,-0.12107936,0.2920063,0.045937635,-0.11085724,0.31102633,-0.070168406,0.40879285,-0.011943173
0.06397201,0.15948601,-0.22753607,-0.0377364,0.2353994,0.24869633,0.03328061,0.1375657,-0.01947883,0.25970143,-0.047099836,0.12085513,-0.19886363,-0.13751154,0.082305714,-0.25566342,0.1426093,-0.27719608
0.3291786,0.053623002,-6.0364022e-05,0.28440872,-0.03293672,-0.12722118,0.295764,0.0032153828,0.07314561,-0.09557956,-0.03340461,-0.24485217,0.407951,-0.11492263,-0.002967494,0.17012309,-0.13998732,0.027265698
-0.039686006,0.31360248,-0.13955939,-0.12676862,0.24592683,0.34506893,0.31376413,0.34034225,0.08962352,0.23503835,-0.009358594,0.16443796,-0.10763006,0.005570996,0.24061882,0.053145867,0.32010913,-0.067375615
-0.18159837,-0.36061993,-0.35160318,0.034054287,-0.47703087,-0.14547864,-0.26817346,-0.06478193,-0.11425398,0.18346414,-0.13249592,0.34778708,-0.2637495,-0.31727955,-0.08948378,-0.3095101,0.07828314,-0.31420997
0.15840392,0.28936082,0.11069292,-0.0043343618,0.17833579,0.3447021,-0.031274464,0.3255854,0.2667664,0.1614704,-0.035358142,0.26434103,-0.0067016566,-0.02622608,0.23296335,-0.05255944,0.21675661,-0.11980471
0.021150826,0.2193366,-0.21706796,0.14940785,0.20941989,0.24917062,0.039467834,0.15063737,0.22972117,0.22927079,0.04478109,0.27465796,-0.21896785,-0.09159291,0.2994538,-0.081785016,0.34581912,-0.1972795
0.09070813,0.0412966,-0.33119518,-0.009404702,0.05626609,0.25421718,-0.023056727,0.06863745,0.19976218,0.09523464,0.13726361,0.12884855,-0.18370399,-0.13013892,0.19476344,0.2460984,0.27829066,-0.20475084
0.012601471,0.024997933,-0.15092163,-0.09135903,-0.043417115,0.20823716,0.049299303,0.10541486,0.014585482,0.15546809,-0.019330706,-0.050872885,-0.22883318,0.40729186,0.020260213,-0.22084838,-0.07902953,-0.14047767
0.12658623,-0.24344918,0.009245022,0.35064262,-0.24124233,-0.11170202,0.07274101,-0.18127622,0.1676929,-0.12666182,0.0725996,-0.105996065,0.23428527,0.14585963,-0.0019453813,0.13197917,-0.15571766,0.0107329665
0.01842458,0.41507015,0.2352144,0.12976412,0.3463152,0.36518556,0.2863215,0.27798888,0.090969756,0.059303388,0.10570576,0.12390976,-0.032679215,0.20109273,0.3147321,0.20885944,0.27800718,0.15324716
-0.004822324,0.32570556,-0.1097994,-0.011572034,0.23760968,0.29854873,0.1506619,0.466049,0.1863679,0.23251417,-0.051141094,0.39551798,-0.14721197,-0.0041229455,0.2739296,-0.10351518,0.44729397,-0.03142364
0.08678813,0.27865124,-0.085213006,-0.020378562,0.20589405,0.34086853,-0.1669292,0.23970705,0.14565648,0.14884648,-0.06469459,0.37583908,-0.103226826,-0.12465817,0.027162326,-0.23381865,0.2044213,-0.21722941
0.11891238,0.1491339,-0.18457288,-0.051186975,0.122206256,0.21294907,0.05099092,0.2442228,0.17713183,0.030526869,0.22322862,0.13729566,-0.0469787,-0.12733829,0.18338847,0.262837,0.319024,0.04759724
0.15714598,0.4076664,0.025488526,-0.09348664,0.371843,0.489436,0.07283852,0.4214722,0.15779094,0.23395985,-0.01588154,0.36881247,-0.033907287,-0.023117326,0.08093672,-0.17777166,0.17398949,-0.111055456
0.31267682,0.2215923,0.11227612,-0.09897711,0.2898823,0.18712212,0.3823818,0.31941855,0.146578,0.057203908,0.2048557,0.07117605,0.00986231,0.054550286,0.28302258,0.29786116,0.40784305,0.3593146
0.4451669,-0.11187063,0.020093635,0.26688716,-0.14571665,0.18199162,0.12146476,-0.050890315,0.03478931,0.18851936,-0.078162625,0.055773366,-0.14607523,0.08575164,0.0070709055,-0.115835786,-0.04131977,-0.23142919
0.08789848,0.2509518,-0.09277215,-0.116255015,0.24381284,0.30762753,0.18236253,0.36901158,0.14771192,0.2165274,0.024890544,0.096764795,-0.17162302,0.077383496,0.17931707,-0.14422543,0.25015706,-0.023210622
-0.0067317113,0.046185903,-0.18291956,0.03032562,-0.005612823,0.22759043,0.044789393,0.25080618,0.3021267,0.25760204,-0.058003828,0.31642887,-0.24813432,0.069773376,0.29324624,-0.14928217,0.3635577,-0.21060635
0.2843777,0.28667504,0.32075343,0.19390222,0.22795223,0.24748415,0.29978284,0.27319172,0.2627259,0.057791155,0.052552488,0.14664994,-0.0127637,0.15638131,0.22231027,0.36017668,0.20648466,-0.006828792
0.040209983,0.32466015,0.23534964,0.28800163,0.21635036,0.15664674,0.25392014,0.26933885,0.2921825,0.008398805,-0.0733112,0.028946461,0.3134751,0.14231011,0.13246389,0.0646142,0.0093122,0.017456824
0.22472213,0.39627576,0.10193018,0.12952536,0.29338974,0.3320008,0.002402042,0.28401387,0.32912242,0.11230597,-0.0430073,0.25890693,0.18699083,-0.04797614,0.17359398,0.017572071,0.15781578,-0.08484039
0.2837968,-0.029190797,-0.07565513,-0.006270885,-0.05168222,-0.008109368,0.3368911,0.33667836,0.07329568,0.02416395,0.0077770934,-0.07083674,0.42266387,-0.1555355,0.20345362,0.21013674,0.16295075,0.234064
0.40819573,-0.06785204,0.24342619,0.17343932,-0.051191814,-0.04823261,0.25458518,-0.049599033,0.109756604,-0.16239905,0.17586784,-0.075684555,0.14802866,0.08409461,0.20328185,0.41303796,0.13142216,0.32583717
0.22852314,0.38619632,0.27470976,0.34141347,0.3310057,0.010287765,0.29205066,0.24033403,0.4196812,-0.054535236,-0.13169312,0.012741962,0.51252323,-0.030269956,0.19256929,0.10423847,0.12450601,0.17430045
0.007852852,0.26678792,0.14478843,0.05188625,0.17684595,0.25914142,-0.08326356,0.2916269,0.41335538,0.105290554,0.021671815,0.32805067,0.0536637,0.046921212,0.2106186,-0.00693176,0.18418661,-0.07430883
-0.09057283,-0.30848736,-0.24998312,-0.18191689,-0.27580875,-0.09619446,-0.1795178,-0.27452573,-0.16052552,0.04583303,-0.106172256,-0.16246271,-0.15335673,-0.088768944,-0.19820184,-0.24617013,-0.32495844,-0.25361398
0.022096675,0.41058972,0.06868072,0.03796371,0.2889873,0.26955572,0.1483466,0.34962025,0.25556892,0.14219882,-0.0054371986,0.2768583,-0.055333916,0.17031132,0.2844951,-0.06252225,0.3195367,0.0743175
0.17799838,0.4279896,0.043252822,-0.11954881,0.3209437,0.4679383,0.28196815,0.3753948,0.11981595,0.10198974,0.053158574,0.2334774,0.04344219,0.078402504,0.32821712,0.07313061,0.42170122,0.1727242
0.28633627,0.016377335,-0.06468709,0.19401026,-0.027954176,0.07669696,0.061987694,0.19354782,0.3155707,0.006482403,-0.007188817,-0.012553984,0.40393272,-0.18775134,0.03013852,0.14727324,-0.017273532,-0.01995439
-0.07596308,0.37264246,-0.0072605293,-0.13263816,0.25268736,0.4263039,0.013716176,0.29970908,0.043942995,0.23835646,-0.10740534,0.22108567,-0.20152417,0.17999232,0.013244684,-0.29806936,0.02580323,-0.19136888
-0.026984269,-0.28402188,-0.30161917,0.021182464,-0.26337588,0.04691487,-0.20346786,-0.22024651,0.1453991,0.11941802,0.17757742,0.23050071,-0.1851262,-0.070073135,-0.0046808384,-0.18855129,0.024586758,-0.1442288
0.18112269,0.041940417,-0.10579086,0.06070479,-0.0064550755,0.19423091,0.28367418,0.37572035,0.095004775,0.16612196,-0.084089495,0.25266975,-0.060024414,-0.025183694,0.22322662,0.036177162,0.4336127,-0.016912792
0.011635547,0.39200103,0.2741362,-0.105984785,0.3787598,0.2261377,0.06738509,0.28555974,0.19810645,0.16307785,-0.11511896,0.16638944,-0.08243554,0.368567,0.031337276,-0.19105582,-0.046940308,-0.10915587
-0.060342252,0.11552862,-0.13094352,-0.11664332,0.021334738,0.30099407,-0.22853722,0.12560995,0.012850233,0.100972414,0.041624513,0.15422937,-0.21139815,0.10280469,-0.23444569,-0.2721937,-0.15633498,-0.21696986
0.033673488,0.17499086,-0.022126073,-0.06447211,0.20364526,0.16164596,0.31673452,0.22712559,0.1616535,0.14456841,0.25147703,0.16839236,-0.12000061,0.30444074,0.34607458,-0.015950864,0.40838212,0.38835263
-0.021246195,0.15493143,-0.15948397,-0.096006766,0.039367326,0.34471202,0.1916135,0.51044214,0.17954981,0.23653889,-0.122389674,0.26332465,-0.03997367,-0.042557385,0.1814118,-0.14779583,0.35766268,-0.036555346
0.19997981,0.3314368,0.010871105,0.0050303526,0.26973367,0.28182095,0.10499407,0.2721204,0.17513825,0.21404205,0.0065610325,0.10235746,-0.15541942,0.1897947,0.15316533,-0.103569835,0.10707082,-0.1349402
-0.10367241,-0.18671416,-0.18591389,-0.0246376,-0.21463618,0.07715164,0.25489324,0.13685092,0.06754288,0.0458751,0.13256344,0.05615111,-0.1620612,0.113308795,0.39476684,0.090918906,0.3939561,0.13698825
0.23085204,-0.292082,-0.26246953,-0.021453084,-0.27852717,-0.04950024,0.15459982,0.094649,0.024277655,0.14946401,0.017907487,0.08566615,-0.16219479,-0.020615023,0.25874215,0.008069168,0.24494925,-0.0702117
0.36014566,0.10605201,-0.0266276,0.25510818,0.041026227,0.08142306,0.13133503,0.17732258,0.33361584,-0.023926994,-0.031769898,0.033226855,0.4123795,-0.14066556,0.030521026,0.21535774,0.0057540443,-0.09054178
0.101807944,0.011090986,-0.0764851,-0.02911234,0.040994428,0.19790658,0.011559282,0.15851007,0.4007025,0.22177604,0.06543214,0.42957813,-0.27759442,0.10526619,0.37867343,-0.00091906847,0.47830507,-0.099919
0.1325961,-0.017769566,-0.15758142,0.40421662,-0.03504279,0.0012367018,0.13872014,0.0327194,0.17903377,-0.042915918,-0.008137925,-0.05276548,0.23368005,-0.11340751,0.05418372,0.20437963,0.069820024,-0.11664939
0.34303808,0.30676633,0.32114777,0.14946242,0.27552295,0.24136311,0.32226908,0.16705808,0.07529043,-0.122045964,0.14528508,-0.067488484,0.4687749,0.12755011,0.13485731,0.19917995,0.062060688,0.453844
0.129193,0.15548405,0.24806896,0.4195474,0.0440387,0.05523803,0.28164226,0.011678459,0.26057184,-0.2059668,-0.005301348,-0.030712212,0.37945676,0.08710339,0.1034745,0.16171743,0.011583889,0.11494333
0.12789157,0.09605298,-0.092088826,0.14747636,0.08437613,0.10079857,0.27934545,0.108239084,0.016306886,0.0007703455,0.09907556,-0.08935367,0.0103654135,0.053384297,0.108684696,0.11178508,0.16617967,0.12941419
0.25941163,-0.16534008,-0.0034261793,0.10850915,-0.15661433,0.16701747,0.22875899,0.07019137,0.083895564,0.048400182,0.065784834,-0.010322193,-0.09873691,-0.104437225,0.25622535,0.2627875,0.20934327,-0.040008407
0.13313556,0.27351665,-0.1751915,0.0011228439,0.18336414,0.294946,0.06639089,0.307898,0.13000107,0.11479477,0.07285861,0.22312628,-0.026978472,-0.14811017,0.18953693,0.08427597,0.31886733,-0.08815355
0.29437503,0.36681,0.054789413,0.027797775,0.27915633,0.29090577,0.2907648,0.47213855,0.19211881,0.17954095,-0.07374956,0.30661485,0.008893672,-0.10737905,0.36839682,0.10568877,0.51921016,0.03766745
0.022694238,0.22769436,-0.13323513,-0.0033211084,0.17888717,0.20936637,0.3582202,0.37358615,-0.016920239,0.15071768,-0.05675462,0.028100004,0.015582058,-0.12755069,0.27737954,0.22747576,0.3371973,-0.0084627345
-0.03862696,0.05689227,0.059935924,0.15499292,0.041986976,0.08449457,0.29289606,0.062227957,0.035278082,0.005029107,0.19219275,-0.1129163,0.033519503,0.21138349,0.0644234,0.3347221,-0.043687962,0.13019595
0.15280119,0.3648947,0.12378261,0.08284313,0.238115,0.27544126,0.25482738,0.3587195,0.083714694,0.12421659,-0.042625718,0.16768976,-0.046109423,0.019838005,0.2546536,0.16205263,0.32742393,-0.010429904
0.13339464,0.36531296,0.2772054,0.022880858,0.47717,0.18402602,0.32904026,0.2104681,0.19336805,0.031075466,0.30491656,-0.005734574,0.13389076,0.37393028,0.29062846,0.22811177,0.2080112,0.5592422
-0.2160876,-0.2811705,-0.13418558,-0.12896587,-0.37013522,-0.16847943,-0.26696074,-0.28788567,-0.28414536,0.058607616,-0.088128306,0.038374923,-0.14128625,-0.2566249,-0.13606302,-0.14604697,-0.2201259,-0.16047186
0.23074211,0.3597615,0.42029697,0.14765668,0.3347212,0.24737231,0.06888301,0.17442271,0.34787583,-0.05192778,-0.04531786,0.081741735,0.049468286,0.27206433,0.078191996,0.0306098,-0.029506264,-0.07779235
0.033605654,0.3325227,0.15167594,0.13790992,0.26401123,0.34834766,0.334243,0.48785362,0.20999146,0.06429342,-0.07020048,0.17639266,0.377031,-0.06803586,0.19296166,0.07180115,0.3153011,0.18700244
-0.04111622,0.06184388,-0.21751986,-0.116846174,0.041695166,0.2380061,0.060161877,0.46023536,0.15586011,0.22470568,-0.15083383,0.20557718,-0.030095888,-0.15888628,0.1298098,-0.22754885,0.30473813,-0.10406694
0.17366049,0.4697865,0.12325623,-0.10503055,0.5355887,0.4591137,0.06850919,0.43210748,0.22797081,0.2461803,-0.016637264,0.23009254,-0.08993112,0.21829621,0.21516329,-0.16282475,0.18629432,-0.020639084
0.1853822,0.24889317,0.22653012,0.10303334,0.27448487,0.23976868,0.24676102,0.25703993,0.1695087,0.16056159,-0.067259245,0.10017837,-0.13608526,0.4771743,0.17048651,-0.18601638,0.08426618,-0.017800968
0.31599465,0.3433856,0.13299511,0.18834417,0.23356582,0.23311692,0.31137568,0.23547085,0.17144503,-0.08320579,-0.061340448,0.015201746,0.32163706,-0.06409321,0.15098985,0.2747048,0.22839652,0.091799855
0.04330185,0.32685626,0.09199142,-0.06730609,0.17713898,0.2541898,0.050129842,0.42806113,0.18507901,0.13751408,-0.087863006,0.33656034,-0.10276978,-0.092857026,0.24017169,-0.004178078,0.3646566,-0.06705301
0.0868129,0.22288498,0.018986788,0.40673798,0.21928427,0.093680345,0.122205354,0.29780447,0.33401603,0.05803881,-0.15954757,0.11192932,0.40378723,-0.124481924,0.038444202,-0.053922296,0.026248816,-0.1526032
0.16417587,0.3798717,0.09831158,0.1718797,0.28401086,0.33302307,0.18698181,0.35967553,0.28296885,0.12064712,-0.04838255,0.27535355,0.13116579,-0.026551541,0.31345305,0.05654459,0.36433676,0.033920858
0.5141263,0.18339153,0.23112871,-0.004946704,0.1851401,0.3813714,0.13877058,0.22946481,0.1966125,0.17928323,-0.025954287,0.14042704,-0.14545429,0.16342333,0.22153293,-0.051273998,0.2005158,-0.0915865
0.43060094,0.09896192,0.10844789,0.13635363,0.05846736,-0.023089599,0.26410857,0.17789182,0.19307952,-0.10687027,-0.024841402,-0.090939485,0.43184257,-0.061029088,0.124035686,0.22426708,0.061189882,0.120558545
0.013825713,0.2806664,0.08329084,0.010428485,0.19513066,0.4966572,-0.037154537,0.2758872,0.015226416,0.18840742,-0.16961838,0.21107835,-0.1337971,-0.078582734,0.038965672,-0.19662714,0.13528167,-0.22114673
0.008357814,0.18458459,0.02640022,0.25573024,0.14150354,0.16955326,0.15096468,0.04786651,0.20023368,0.106512435,-0.03659344,0.07477518,-0.13196725,0.2718993,0.110068604,-0.056557015,0.07164494,-0.12798023
-0.007996541,0.31699237,-0.060083184,-0.037924707,0.25858754,0.29066527,0.07704404,0.3965711,0.31414673,0.17670411,-0.07997971,0.28295493,-0.11137748,-0.089266755,0.26254594,-0.12079474,0.34571248,-0.19068384
0.11618992,0.19024122,0.1531274,0.039950665,0.32876197,0.18050206,0.22097778,0.07791741,0.02091852,0.03076557,0.3532096,0.041265912,-0.14174998,0.04276561,0.22351798,0.2717538,0.35088494,0.45861658
0.19802204,0.48527133,0.090487644,0.031799894,0.4271652,0.30836827,0.0060271733,0.3744752,0.1219127,0.25601888,0.010197982,0.38453043,-0.08681088,-0.0072806925,0.21835142,-0.048405286,0.2959097,-0.037849385
0.051458243,0.31545952,0.15283158,-0.008792215,0.28447345,0.26725057,0.2376256,0.25844938,0.12441945,0.12600054,0.083201975,0.23734821,-0.1309285,0.14278834,0.306443,0.023944208,0.4257218,0.2853985
0.03522099,-0.37207228,-0.13924506,0.250548,-0.405685,-0.094181165,0.10890257,-0.06591143,0.11629405,-0.009880184,0.11006821,0.03315369,0.3351209,-0.17288743,0.01476504,0.28518108,-0.077121995,0.0068772337
-0.08384129,0.078926586,-0.23454972,-0.11916202,0.0574835,0.21030207,0.2636172,0.44941387,0.13822386,0.24163665,-0.031141903,0.29708847,-0.06624826,-0.14128087,0.3215431,-0.06504363,0.4932426,0.0030512498
0.035030343,0.3769825,0.087245926,0.24915819,0.22736305,0.29135013,0.24834237,0.42044473,0.34572574,0.08673535,-0.19508982,0.16918458,0.35319847,-0.07681762,0.1712022,-0.0010945806,0.2057559,-0.100826
0.43379158,0.23610476,0.15503721,-0.08870559,0.23188743,0.22562163,0.090724595,0.38254458,0.23822154,0.18648034,0.035888962,0.21060626,-0.05743734,0.06529422,0.23794506,-0.08599274,0.23210838,-0.0067087775
0.25790417,0.094020374,-0.08922187,-0.04145988,0.06913793,0.20374875,-0.09932872,0.19831577,0.07127825,0.18600126,-0.14728676,0.06713258,-0.10889725,-0.057505317,-0.016496249,-0.22385503,0.011357344,-0.28685603
0.40871876,0.32044345,0.4093209,0.09638782,0.18081446,0.3815035,0.14517507,0.25226548,0.2765896,0.031139063,-0.09542372,0.18043998,0.20217973,0.19472872,0.13497797,-0.04975716,0.059291005,0.018890334
0.044933893,0.25258896,-0.081288375,0.09428432,0.20240393,0.22687294,0.21496293,0.38911134,0.17626987,0.15516953,-0.08147014,0.24137557,0.082297325,-0.12861407,0.21547735,-0.019868053,0.40606475,0.041521415
-0.009256622,0.16124977,-0.24373396,-0.13101415,0.16739723,0.3032474,-0.17488429,0.010222838,0.12912504,0.13523284,0.1043193,0.09573006,-0.30677933,0.046111483,-0.07167034,-0.010123102,-0.027098065,-0.28029582
0.04259255,0.22670913,-0.11049221,-0.08568302,0.16668358,0.360338,0.040313736,0.42310384,0.122933775,0.20241852,0.012629554,0.20534357,-0.1003646,-0.16364217,0.14968805,-0.05288402,0.25027493,-0.12013954
0.24931489,0.13602924,-0.03910356,-0.056191426,0.1752158,0.28729737,-0.023823947,0.30923903,0.14040093,0.21740928,-0.18024448,0.13282947,-0.11373034,-0.041683197,-0.04450291,-0.24606377,0.07077793,-0.3087288
0.08567734,-0.14176223,-0.004613772,0.15680665,-0.111220144,0.01178397,0.428378,0.16130221,-0.08089639,0.104687855,0.08678811,-0.0045761056,-0.04236051,0.030343631,0.31043157,0.12366064,0.30618924,0.26045156
-0.13440166,0.27246043,-0.02651986,-0.12896626,0.20803957,0.24178417,-0.05649935,0.04948345,0.056967873,0.1548672,-0.011179357,0.13647667,-0.22407079,0.24892072,0.032579526,-0.16099018,-0.041054383,-0.26119828
0.25107038,0.27872175,0.23845543,-0.008296267,0.18461658,0.2886492,0.34626317,0.35192078,0.08885547,0.073221065,-0.022113213,0.13953196,0.03727082,0.018893024,0.2882749,0.23547791,0.334102,0.07431297
0.09340688,0.052537367,-0.26598695,0.087952375,-0.03341013,0.06051525,-0.033578765,0.19404012,-0.022729907,0.2059464,-0.01303185,0.24913605,-0.18901779,-0.10288146,0.037681885,-0.2600487,0.22017203,-0.12657021
0.15467474,0.29047662,0.14522083,-0.10151089,0.35281476,0.32262105,0.16012818,0.31537083,0.17365287,0.16454765,0.31649983,0.34395877,-0.08923629,-0.04054958,0.21754162,0.077818446,0.42230183,0.3713115
0.026221752,0.08364875,0.036198586,0.10931744,0.06457387,0.10724865,0.24425174,0.15860845,0.26247555,0.08567094,0.21016183,0.13113736,-0.2104774,0.08650331,0.31094885,0.2122865,0.35560519,0.10264081
0.15636982,0.31717658,0.44112998,0.3077973,0.2884067,0.20961362,0.25388223,0.30394533,0.2642884,0.069272876,-0.15203874,0.10929823,0.18470328,0.2604974,0.14800507,-0.108182564,0.05419588,0.11441054
0.006773863,-0.2523562,-0.15976086,-0.054322664,-0.22537483,-0.019698031,0.33956835,0.009965884,-0.09706894,0.02138275,0.16936116,-0.0637985,-0.1325706,0.03340564,0.3315315,0.22841974,0.31816757,0.22062264
-0.2138747,-0.38897768,-0.09579868,-0.00710193,-0.35102358,-0.061106894,-0.06754472,-0.26450562,-0.019170202,-0.13971856,0.24517517,-0.039240208,-0.15934446,-0.07871782,-0.15141454,0.13200888,-0.06664387,0.09771143
-0.08455708,-0.46398342,-0.27839723,0.12242428,-0.43852136,-0.09612851,0.10783257,-0.21170098,-0.25974423,-0.08448397,0.20849127,-0.11749917,-0.16054963,-0.23047346,-0.05144036,0.28255695,0.031717196,0.0022950456
0.37865275,-0.15793127,0.19617508,0.16472845,-0.12041068,-0.17199576,0.20620987,0.017628634,0.105001025,-0.10301763,0.06415898,-0.113588184,0.404042,-0.081719264,-0.0035026022,0.22911721,-0.13504443,0.17482197
0.4695169,0.059797432,0.38453007,0.055673517,0.06200459,-0.04634098,0.2942454,0.03925045,0.17792794,-0.19550073,0.09365845,-0.20870325,0.44203234,0.06520279,0.09865957,0.36826032,-0.09964663,0.31300986
0.089634866,0.3436455,0.3589663,0.41762677,0.3241809,0.086385615,0.34960374,0.31049445,0.29769567,0.00080370856,-0.071951605,-0.014635823,0.5171816,0.23863442,0.15059263,0.13599658,-0.06806432,0.122051045
0.26478624,0.0165176,-0.2562534,-0.036826007,-0.061508372,0.23875628,0.17318779,0.3258442,0.053002987,0.2328983,-0.08325423,0.17261218,-0.16669177,-0.1912925,0.1511125,0.081928976,0.32850873,-0.21689086
0.06929251,-0.07836712,-0.19679566,0.131366,-0.119727924,-0.12874722,0.08053754,-0.030017454,0.12198968,-0.001243325,0.00080693903,0.029541552,0.15228647,0.005396272,-0.0065341294,0.027984802,-0.0018935911,-0.08508124
0.25002253,0.21820246,0.26544568,0.2141179,0.22669344,0.34085625,0.06971005,0.21232559,0.31927076,0.04471405,-0.05652481,0.2125996,0.05997267,-0.006350383,0.1382551,0.0054068174,0.19035587,-0.044743776
-0.066526495,-0.15465012,-0.3562791,0.24948259,-0.1927299,-0.051143005,-0.13518848,-0.04150305,0.10206376,0.22211161,0.023129893,0.315501,-0.21871275,-0.10852101,0.1388485,-0.215931,0.19593063,-0.21770279
0.12946163,0.33496156,-0.042496614,0.02224074,0.24393587,0.28337088,0.3074288,0.44518813,0.18526508,0.16264965,-0.09574267,0.16915675,-0.024093725,-0.008890681,0.23926586,0.10932119,0.35200602,-0.02410094
0.10366722,0.3368138,0.01107528,0.07789005,0.25909317,0.17332791,0.1960197,0.32516003,0.34282193,0.102842085,-0.0484069,0.17217351,0.14070547,0.1436362,0.22673933,0.06726664,0.2394085,-0.022104017
0.06587641,0.46175098,0.06543739,0.18301101,0.38498735,0.3005582,0.25974524,0.47087753,0.2529422,0.13376558,-0.1329653,0.16069241,0.13601682,-0.08643134,0.23867801,0.17785122,0.35119852,-0.03294641
0.017844439,0.2570286,-0.15559639,0.03758471,0.15145957,0.37430832,0.1378036,0.3562897,0.26851714,0.24408971,-0.03575415,0.28772703,-0.0797129,-0.073849544,0.28900588,0.026179701,0.34521714,-0.20227541
0.40835482,0.46043712,0.37655085,0.011976448,0.37253386,0.29783466,0.22721219,0.29818538,0.29846483,0.03810396,0.14027351,0.16480938,0.05753661,0.2563119,0.37411633,0.25341177,0.28556535,0.20617425
0.03187493,0.37211204,-0.05296856,-0.093537904,0.3136632,0.2983645,0.26466292,0.47308326,0.29311034,0.1836475,-0.021466572,0.19051065,0.09132067,-0.023835003,0.3622976,0.05285833,0.3731847,0.05801542
-0.0907783,-0.022308988,-0.23215036,0.07546691,-0.11441474,0.21375178,-0.0714405,0.016585737,0.116930366,0.18744443,0.0041663293,0.19546616,-0.21490724,0.013297061,0.033890072,-0.078003414,0.03489632,-0.28085378
0.07249227,0.3648811,0.028755931,0.012430831,0.24231479,0.4471643,0.3620201,0.33243474,0.09406108,0.11633485,-0.0070311986,0.072544664,-0.06877416,0.13128848,0.24220257,0.22933595,0.30966282,-0.037338458
0.37994698,-0.30276054,-0.19802779,0.05750988,-0.28985584,0.013595264,-0.017995125,0.051153988,-0.13793066,0.20183837,-0.042832114,0.21714151,-0.15392818,-0.17847148,0.07684336,-0.16474523,0.1349834,-0.14158122
0.050599515,0.10221822,0.104669295,0.018976947,0.0062833955,0.22516945,-0.20417257,-0.057001635,0.0043467735,0.049187742,-0.18774754,0.026802434,-0.2600284,0.113555826,-0.30044666,-0.3010999,-0.22987272,-0.3497338
0.41438553,0.10922673,0.21821587,0.12045736,0.039836485,0.20150821,0.08105336,0.18395625,0.19463123,0.050543495,-0.057795543,0.084186286,-0.06794513,0.10960979,0.13214141,-0.050805032,0.10514968,-0.14954095
0.4142733,0.11650493,0.33779794,-0.1332282,0.07634773,0.2560857,0.07760301,0.0054807505,-0.019019399,-0.0709221,0.23685025,-0.098166294,-0.12132023,0.38743913,-0.062731184,0.114936374,-0.11557585,0.19406448
0.11569358,0.08356545,-0.14361577,0.20038426,0.036556408,0.13290381,0.19874072,0.04072148,0.13970423,0.025165727,-0.08421903,-0.06545266,0.21890987,-0.029766988,0.003321652,0.04992008,0.041206136,-0.13003248
0.04335129,0.28010783,-0.07028348,0.19596525,0.21388349,-0.009693102,0.35507342,0.23051247,0.0972095,-0.06627197,-0.029317334,-0.13798396,0.49018002,-0.12551735,0.15602557,0.28976074,0.14922969,0.20408696
-0.02952945,0.43077457,-0.08616923,-0.19493286,0.35219866,0.34539187,0.076019,0.430557,0.36171347,0.24726051,-0.03395177,0.27901524,-0.0823532,0.18619344,0.21841148,-0.070602,0.2319565,-0.20266709
0.16039503,0.20082992,-0.008474976,0.0893517,0.2191175,0.18181342,0.13078769,0.18624446,0.24540167,0.0036447342,0.13712628,0.009020607,0.02590461,-0.048898682,0.30200866,0.3643173,0.25030378,0.02993698
0.023020526,0.06881055,-0.21992204,-0.13098131,0.059757095,0.24659504,0.14865625,0.2970577,0.20344985,0.27362046,0.04398114,0.34740838,-0.18578486,-0.05823282,0.24763681,-0.07389865,0.3843036,-0.18134862
0.1190534,0.26954046,-0.0018263957,0.067205355,0.26568037,0.23986262,0.39603117,0.29092494,0.11874167,-0.014110087,0.14738742,-0.035143707,0.41030303,-0.12389728,0.24327694,0.3354007,0.26828533,0.33130357
0.18966895,-0.31600025,-0.35125756,-0.15754737,-0.3802805,-0.05188989,-0.32590508,-0.19273022,-0.24326997,0.15144277,-0.050943326,0.07166763,-0.24445683,-0.28681105,-0.19129434,-0.26800713,-0.21095346,-0.29087663
0.22574192,-0.09354968,0.09041995,0.073051356,0.010547594,0.10750246,0.18444438,0.06108581,0.031327818,0.009336082,0.29646567,0.1018718,-0.16190334,0.04528256,0.18542144,0.120935425,0.26391742,0.20081092
-0.006245234,0.36596802,0.040421095,0.004301959,0.31478277,0.39197215,0.076648764,0.3243857,0.13487741,0.20739022,-0.1364418,0.23590237,-0.057806127,-0.037031677,0.056737196,-0.20175979,0.15324599,-0.26677948
0.11355221,0.30619633,0.06341932,-0.04920997,0.35699818,0.34449175,0.15091658,0.22326174,0.12761803,0.1532097,0.07967902,0.23405944,-0.122311234,0.20352878,0.19184563,-0.09578491,0.25233945,0.071129076
0.17759196,0.3786407,0.35068557,0.16221334,0.3442494,0.2576808,0.20703062,0.4561399,0.26939893,0.2517125,-0.13962555,0.325768,-0.05282217,0.118424416,0.2139217,-0.017816225,0.23704843,-0.087023854
0.19815429,0.36548635,0.3137813,-0.00071197294,0.3324084,0.41550323,0.10737963,0.26544383,0.20907304,0.057681147,-0.107137814,0.13032584,0.09868942,0.07815708,0.09194316,-0.14638121,0.06560018,-0.039395917
0.48788178,0.1342588,0.14035441,-0.010028167,0.120212905,0.27036312,-0.0025747132,0.2848962,0.2265016,0.257027,-0.00898426,0.41562754,-0.0751577,-0.012755423,0.15859991,-0.16143663,0.21948119,-0.08588287
0.12059379,-0.08474324,-0.35268044,-0.101823315,-0.11937077,0.084527306,-0.055631854,0.11399856,0.044479933,0.12116933,0.1318285,0.102291934,-0.12634,-0.084547974,0.0517559,-0.019564273,0.1359184,-0.11346088
-0.046352714,0.40912867,0.019907564,-0.063567325,0.3109922,0.37123883,0.16744904,0.47589606,0.10761454,0.21515939,-0.06589709,0.33854583,-0.07168421,-0.035936315,0.3072672,-0.09804968,0.3907762,-0.06703944
0.1312581,0.19465858,-0.052196376,0.095740914,0.09768054,0.22336414,0.17253797,0.3778329,0.27208185,0.13867885,-0.15628412,0.16654198,0.064933985,0.010288637,0.15345362,-0.09871348,0.25817952,-0.10057843
-0.10277529,0.17293522,-0.14382826,-0.1705795,0.12199169,0.2547726,0.07059761,0.31741154,0.08888311,0.2502727,-0.04883406,0.3130358,-0.104315914,0.01924168,0.023663823,-0.26503834,0.12569712,-0.1490367
0.17333324,0.23328365,-0.1834862,-0.11053439,0.29935527,0.33470598,-0.113752715,0.30619892,0.19903703,0.24999213,0.02724557,0.33098376,-0.18744268,-0.06644705,0.1369023,-0.2773514,0.24171828,-0.20808564
0.06353855,0.27584067,0.011422921,0.05662602,0.16856669,0.27720866,-0.09084112,0.2721838,0.27412716,0.14114118,-0.1018574,0.4053019,-0.0859846,-0.024668593,-0.0040163193,-0.170919,0.15947765,-0.24158245
0.11902637,0.42576686,0.16826247,0.09396146,0.39111376,0.352958,0.20205046,0.36572,0.34916797,0.11889313,-0.06352998,0.1575702,-0.03113954,0.08490991,0.43306077,0.07804357,0.3841946,-0.010212005
0.059598118,0.29712835,0.3791472,0.061843187,0.2894676,0.28726965,0.3623809,0.25897884,0.028304385,0.101980835,0.13688886,0.12736712,-0.09275406,0.29875395,0.2614675,-0.07694495,0.27882332,0.4454507
0.02887716,0.3076696,0.0272492,-0.07045505,0.33639285,0.28463727,0.25426564,0.5571217,0.17776254,0.25577214,-0.16000326,0.19187836,-0.0015730355,0.108449414,0.24496213,-0.26458412,0.28270885,0.028379481
0.07002989,0.37123558,-0.121547535,-0.16464029,0.3712299,0.32582664,0.0037349875,0.37378022,0.09585321,0.26917222,-0.032061186,0.44899252,-0.12550426,-0.17775446,0.18628503,-0.13058868,0.37772143,-0.11234332
0.21958457,0.1399199,0.21784513,0.13455534,0.11792972,0.32578793,0.33945924,0.23039122,0.37362626,-0.0036794771,0.117447175,-0.041836392,0.3373138,0.1301108,0.18218403,0.32853153,0.026963403,0.118328884
0.39899686,0.06823917,0.39006296,0.035542555,0.042587806,0.13608617,0.1572831,0.23768964,0.20176978,0.081268355,-0.075523145,0.117838055,-0.003808734,0.27619863,0.13441446,-0.07123116,0.025462318,-0.0017709456
0.10386532,0.27976286,-0.100903794,-0.049374405,0.33961263,0.31029424,0.18490244,0.28260395,0.09612935,0.2385498,0.12158685,0.19596411,-0.1607149,-0.11255195,0.32724184,0.25363705,0.3687996,-0.026586713
0.4422984,-0.20131853,-0.08725729,0.09639317,-0.17522039,0.16189736,0.07222723,-0.08239108,-0.07583277,0.15998702,0.034289986,0.06466882,-0.15368603,0.05248371,0.037496477,-0.07427579,-0.017161636,-0.1876465
0.24154773,0.38016057,0.08665491,0.079253756,0.29687506,0.26534224,0.28248572,0.32398838,0.29336202,0.025703557,-0.0058537903,0.056522,0.1601221,0.1336861,0.24897479,0.2631709,0.25855464,0.024181785
0.47073767,0.14575732,-0.21289565,0.009863861,0.1712156,0.31320548,0.03924773,0.12505797,0.19722559,0.23818398,-0.032225944,0.17187423,-0.10059344,-0.08993601,0.13172607,-0.05479264,0.19546841,-0.25925905
0.056016397,0.30836594,0.07184871,0.14998966,0.2339626,0.189954,0.4106374,0.28370765,0.076678544,-0.018514086,-0.058787797,-0.019746605,0.40823558,-0.12169123,0.18967132,0.24892117,0.21261083,0.18368055
0.3731928,0.3362405,-0.018067311,0.02547589,0.25504017,0.30073196,0.16931978,0.5066345,0.18887517,0.23890093,-0.15782396,0.225966,0.05831243,-0.15725568,0.2770581,-0.02853549,0.37342045,-0.0907121
-0.0756897,-0.048139483,-0.31672797,-0.022931987,-0.11717168,0.17427559,0.053333342,0.40282968,0.1269196,0.19154906,0.0045195315,0.2510029,-0.08532263,-0.10723006,0.11759059,-0.15370476,0.2969926,-0.04622848
0.0913249,0.08422409,-0.22827627,-0.058239885,0.05274458,0.37522504,0.0023235686,0.16669407,0.15234141,0.2570784,0.14515299,0.30030754,-0.10025226,-0.24761617,0.20995468,0.15785308,0.2546637,-0.1707832
0.3280622,-0.20783707,-0.12938163,0.018845484,-0.1652866,-0.042573374,0.2741829,0.093683146,-0.07597713,-0.018362302,0.123507544,-0.16096076,-0.033567585,-0.07650252,0.21138565,0.27540237,0.20878085,0.1564568
0.14037551,-0.24952282,-0.30182993,-0.2415242,-0.21364242,0.041298207,-0.03266386,-0.06861999,0.031222003,0.10741688,0.16662873,0.100368135,-0.1876861,0.004280705,0.11607622,0.036768086,0.12795995,-0.07631504
0.34584042,-0.115155175,-0.076856844,0.047089938,-0.0725955,0.059497904,0.37689307,0.12214792,-0.07340131,0.091220565,0.18618593,0.006627034,-0.11330677,0.16019093,0.33731085,0.1885492,0.3824195,0.32476744
0.2010982,0.31990287,0.3231021,-0.117289975,0.33124104,0.3976533,0.18846904,0.29298386,0.068800196,0.0994174,0.20720318,0.17516935,-0.10390839,0.1577537,0.14152837,-0.038008634,0.2556497,0.3684155
0.36165974,0.01186631,0.36109185,0.27034947,-0.014679055,-0.038440015,0.40096596,0.12137788,0.22343473,-0.104728036,-0.013993967,-0.05374058,0.23327073,0.29750767,0.24360667,0.14594252,0.091176376,0.21056837
0.30462113,0.31569082,-0.09637483,0.18222398,0.22959712,0.24904332,0.16942495,0.24464734,0.20373194,0.068257555,-0.09644278,0.0066785524,0.20540728,-0.16411474,0.10954704,0.13299972,0.15103297,-0.15186657
0.2934269,0.12670487,-0.09292958,0.26983798,0.07440413,0.07451266,0.20458661,0.06588554,0.058374163,-0.019884268,-0.03683988,-0.027464088,0.17560188,-0.12603441,0.0031788829,0.14070643,0.12192021,-0.034310523
0.03396007,0.40743986,0.15500264,0.049139876,0.29656327,0.37227705,0.040779237,0.37572566,0.27166376,0.19504505,-0.11263856,0.33820882,-0.10970797,0.12873602,0.23831975,-0.20146874,0.24451335,-0.1208675
0.25644046,0.054236207,-0.07426836,0.053119358,-0.010124066,0.14122781,-0.14758874,0.020581033,0.1605201,0.16421884,-0.12203786,0.07548384,-0.15248246,0.2052326,-0.162813,-0.14232437,-0.17180243,-0.29491225
0.09427781,0.27900675,-0.079430036,0.008051749,0.21147557,0.37943277,0.12850872,0.38580647,0.2146966,0.25088865,-0.092660286,0.37075213,-0.17204383,-0.040775422,0.21700102,-0.18048754,0.4172537,-0.181485
-0.054698158,-0.13050938,-0.10776599,-0.0419077,-0.1402146,0.019305138,0.3062571,0.1540432,-0.030245854,0.0073171114,0.16083921,-0.031412214,-0.0451064,-0.0069542965,0.29934555,0.26806676,0.2760722,0.18505456
0.078011125,0.53219116,0.0025256025,-0.084582426,0.5619189,0.237136,0.087151304,0.5314453,0.3102738,0.253565,-0.1080902,0.32030442,-0.08307437,0.013903299,0.18864442,-0.15695989,0.33101803,-0.072426565
0.074349396,0.14801945,-0.12868896,0.22656085,0.073008366,0.17160492,0.22402339,0.3601452,0.24988824,0.11557641,-0.122096345,0.082073405,0.060803443,-0.066639945,0.23855531,0.116507135,0.28859347,-0.16166201
0.12616765,-0.03764713,-0.04337214,0.1408926,-0.03389527,0.07861542,-0.012245604,0.15507789,0.17399976,0.099699885,-0.08580164,0.1297862,0.0005555045,0.036833435,0.004357854,-0.22585478,0.02903959,-0.20598672
0.03453995,0.33193135,-0.065122925,-0.0536461,0.26664755,0.32530665,0.3198685,0.54027563,0.10350388,0.24648897,-0.13619898,0.22960727,0.043144092,-0.16329597,0.27392134,-0.009865968,0.4151804,-0.028299514
-0.087424256,0.07590261,0.15887523,0.14240184,0.01260709,0.13696873,-0.17174305,-0.018169073,-0.020693514,0.0490458,-0.10134896,0.085058756,-0.2145751,0.2469738,-0.24375808,-0.2613134,-0.24732201,-0.16683123
0.08235503,-0.3001353,0.07704074,0.30384064,-0.26754296,-0.13943002,0.3254294,-0.14656512,-0.030733235,-0.07500017,0.26178187,-0.15616904,0.10478261,0.09618008,0.08854661,0.28675395,-0.009414282,0.34131888
-0.05164513,0.17036048,0.026261711,0.12618862,0.13232712,0.31253678,0.26553485,0.06290135,0.020975221,-0.028108,0.28949192,0.055312026,-0.14334306,0.18880644,0.21096799,0.18410009,0.3432291,0.3566262
0.33677182,-0.0121310195,-0.20036447,0.122095294,-0.06426057,0.18282305,-0.025414232,0.09096181,0.1180007,0.18436843,0.061424606,0.18256171,-0.10207657,-0.009107253,0.04668059,-0.08510228,0.098248236,-0.14303966
-0.01116965,0.4014248,0.047319744,0.15366955,0.25940832,0.17041196,0.30579314,0.38094068,0.24264269,0.01045356,-0.13816077,0.07029354,0.36824927,-0.027560363,0.21698341,0.11995471,0.25560653,0.06770578
0.04026308,0.081000105,0.27023554,0.4616554,0.05187028,0.175819,0.3566782,0.07516279,0.02929856,-0.10206075,0.13207616,-0.07122138,0.3318214,0.1337115,0.112347305,0.17741485,0.023638045,0.295103
0.040583797,0.20475858,0.06028419,0.16629145,0.120862715,0.053861734,0.30007383,0.26317802,0.23469214,-0.02391507,-0.07770775,-0.07982804,0.41994703,0.079822965,0.04837443,0.17146322,-0.039083842,0.026975894
0.2975935,0.2919806,0.12963471,0.16244662,0.21649057,0.28544545,0.40250924,0.25928256,0.1134933,-0.056130618,0.009429509,-0.03213615,0.3049132,-0.11008226,0.25180453,0.32193512,0.26419985,0.14576916
0.3998846,-0.09164683,0.26051193,0.15972494,-0.14924641,0.061584186,0.23092826,-0.12109799,-0.0009165318,-0.16192429,0.22415061,-0.11173503,0.14684947,0.23161599,0.026294932,0.09026897,-0.058005042,0.3093926
0.115234815,0.35189748,-0.051607206,-0.036246866,0.25195196,0.36978006,0.15333807,0.50827754,0.2898515,0.19693245,-0.14563583,0.2489955,-0.07643692,0.0030917306,0.2758086,-0.14346087,0.3962402,-0.14432783
0.37233412,0.20178467,0.06111369,0.0069339727,0.14600863,0.25152126,0.3192676,0.23743293,0.022134764,0.050886374,0.044658788,0.050296992,-0.023598503,0.108389154,0.1833793,0.09839505,0.31384808,0.23503095
-0.09462852,0.35272282,0.10012436,0.27236605,0.23122594,0.19800666,0.23424286,0.37953702,0.22233815,0.051323377,-0.16608126,0.15736966,0.18225779,-0.074080855,0.23765096,-0.0006308714,0.26221308,-0.07224823
-0.096690856,0.2121788,0.03414809,0.17996769,0.08347193,0.28555644,-0.010723559,0.20336743,0.12550946,0.12984803,-0.020380495,0.18928505,0.029797731,0.069587044,-0.084610894,-0.20429288,-0.0682975,-0.15130779
0.361092,0.3635211,0.21976216,0.18082297,0.2677254,0.26214108,0.09208529,0.2091138,0.3755933,-0.018743837,-0.06314597,0.09530324,0.3493598,0.10441702,0.16019729,0.033020593,0.0447238,0.01114891
0.009819403,0.31734648,-0.08014387,-0.13602217,0.23973896,0.31125864,0.05852456,0.48727018,0.13135281,0.17059489,-0.039235607,0.35812142,-0.04658581,-0.077400796,0.20219956,-0.13351253,0.39042905,0.013102813
-0.03260486,0.15273173,-0.0009925487,-0.023840621,0.09254247,0.32691023,0.1810164,0.44797808,0.013573562,0.32068592,-0.08275423,0.3344125,-0.13704354,-0.012900079,0.1804032,-0.20860352,0.25103822,-0.06862706
0.29959753,0.3278973,-0.040481754,-0.066691175,0.25467867,0.28674176,-0.025831362,0.41287488,0.24373426,0.20096418,-0.19233975,0.1806399,-0.03619461,-0.109155044,0.13266462,-0.09252433,0.20867187,-0.23445384
0.013584183,0.27734962,-0.11871388,-0.1128452,0.23459564,0.3648496,0.26516715,0.5187121,0.20886296,0.26273972,-0.037248455,0.37049362,-0.07852376,-0.099162064,0.3904345,-0.017401231,0.5637484,0.013029442
0.046293676,0.22434023,-0.076125495,-0.09554886,0.31109422,0.31401634,0.13476029,0.29661468,0.14831406,0.14337514,0.29149365,0.11377439,-0.15311483,-0.098070435,0.2677769,0.20564498,0.31778556,0.09898072
0.23469006,0.2430439,-0.124233976,0.05022547,0.23856404,0.37265152,0.19250065,0.3320676,0.102283224,0.28291017,-0.011138733,0.26078826,-0.058635976,-0.13101612,0.26133966,-0.08910917,0.33108002,-0.100872934
0.34893745,0.41552863,0.19971377,0.18301557,0.35972863,0.19125043,0.3691928,0.2906199,0.2943428,-0.023995195,0.03095257,-0.08212361,0.38758376,0.21699601,0.24095453,0.37873742,0.12272705,0.2143547
0.48113155,0.390231,0.38711417,0.08234738,0.32064927,0.40916798,0.15426742,0.29521164,0.2635025,0.061603215,-0.09104019,0.167125,-0.030206395,0.19902225,0.23383857,0.038796194,0.18241191,-0.042515874
0.075027555,0.41563767,0.059009735,-0.097718924,0.42688257,0.3766593,0.26120818,0.4781368,0.22595975,0.19946696,0.020416178,0.2568203,-0.083599515,0.13165992,0.4780597,-0.06884922,0.48219386,0.14242563
0.061629258,0.21363401,-0.015702492,0.14720993,0.08158542,0.22860295,0.15288553,0.32402277,0.17654106,0.15211016,-0.06357217,0.31687373,-0.079609066,-0.008814575,0.23184432,0.07850251,0.3547243,-0.11405731
0.36605212,0.18607104,0.37490645,0.10460409,0.16415514,0.091829665,0.44582847,0.20075627,0.09246722,-0.11827797,0.09042942,-0.09684252,0.3590831,0.02135495,0.25528908,0.26040775,0.23027551,0.49294746
0.1044374,0.016541608,-0.045751363,-0.18559554,0.040779956,0.16567591,0.11516307,0.12488862,0.22413047,0.11369005,0.24601364,0.07976867,-0.2524664,0.29720843,0.28810155,0.05943904,0.22941189,0.11238769
0.41594222,0.33340496,0.2321159,-0.0074664233,0.223967,0.47474122,0.041114476,0.26100585,0.16913179,0.16291419,-0.12050691,0.2314184,-0.12443528,0.095090024,0.15372728,-0.090662956,0.17110692,-0.16963924
0.061707668,0.017521836,-0.26240987,-0.0076418775,-0.0026277807,0.23341188,-0.006319919,0.27576032,0.08406673,0.30842802,-0.092634335,0.15447769,-0.16778721,0.089779295,0.021071479,-0.33505535,0.06551906,-0.16799052
0.28107196,0.28643152,0.02274071,0.09378358,0.21516804,0.25303072,0.3051694,0.3933558,0.022897715,0.21642658,-0.07448567,0.16332564,-0.14381172,0.0977065,0.21550876,0.049568154,0.31175348,-0.04794172
-0.14967287,0.23685166,0.10704908,-0.04882287,0.22742128,0.35956478,0.09018102,0.3465347,0.1481987,0.23298302,0.04593347,0.4195056,-0.1861996,0.07866095,0.16459124,-0.19928697,0.2999031,-0.08175435
0.061555177,-0.066633806,-0.24629666,0.1876487,-0.06078179,0.18287621,0.06521612,-0.014342556,-0.022659697,0.08184762,0.1900282,0.07048381,-0.15873943,-0.23917693,0.05113603,0.14169025,0.17580184,-0.13204284
0.20581557,0.27252233,0.040146466,0.07206819,0.19817147,0.2250369,0.16305286,0.23965524,0.14617755,0.1882892,0.033767715,0.33837757,-0.21069035,0.120139785,0.26353422,-0.053223696,0.34568962,-0.06013914
0.27037287,0.21213758,0.09512726,0.08776954,0.10709741,0.23001605,0.10696733,0.30533797,0.027530178,0.21514545,-0.09408839,0.40255114,-0.18273455,-0.05117824,0.12324398,-0.0810694,0.33934644,-0.10220481
0.11971373,0.34411335,-0.017338108,0.00908843,0.29690516,0.4796489,-0.00088974065,0.2119962,0.33671543,0.20609917,-0.07220978,0.25871882,-0.17590287,0.14069729,0.15679125,-0.11015748,0.15654247,-0.2991726
0.10476065,0.013391992,-0.25386444,-0.13811374,0.03904892,0.20860988,-0.08381407,0.13783719,-0.06187142,0.20718384,-0.1643515,0.034177173,-0.20081396,-0.21217798,-0.05920298,-0.32246223,0.07598972,-0.2952893
-0.02904682,0.13259278,-0.21504764,-0.16205683,0.08138428,0.28426373,0.19624037,0.39656383,0.1190111,0.2621787,0.018978752,0.20882064,-0.16410443,0.11417913,0.20866838,-0.25244966,0.29829565,0.058316074
0.027302178,0.33379593,-0.114623435,-0.013683234,0.24599989,0.24595039,0.30714422,0.543216,0.29578608,0.24090408,-0.079015076,0.33839688,0.012598636,0.01872511,0.36630356,-0.06380279,0.50053155,0.00021741528
0.06544198,0.43074334,0.09141265,0.02108103,0.36389002,0.24934775,0.25684136,0.38199395,0.19918036,0.10267312,0.04753376,0.1260065,0.017392505,0.11292887,0.30381536,0.07610271,0.26631066,0.059409317
0.13396864,-0.00796905,-0.2270945,0.038076516,-0.06889364,-0.009730288,0.25182384,0.24886777,0.10657979,0.086529925,-0.05473373,-0.058207538,0.095682144,-0.10446334,0.16367777,0.122275114,0.16626197,-0.058014028
0.084085084,0.07121472,0.18030587,0.19739501,0.079826385,0.037774276,0.30747542,0.015039778,-0.04307112,-0.12996179,0.13595541,-0.19840828,0.46802047,-0.059884924,0.025277605,0.3169278,-0.07472717,0.37939462
0.13001576,0.16902882,-0.10723608,0.24662106,0.1310074,0.20985554,0.20977443,0.3601925,0.28785414,0.08663113,-0.12272774,0.1205841,0.2298723,-0.0163122,0.09435614,0.011318441,0.21896216,-0.068064995
0.030608865,0.3937977,0.1057803,-0.0653511,0.2985957,0.29863176,0.29151866,0.47228983,0.06745734,0.12954077,-0.09164997,0.15201737,0.0016198291,-0.025212407,0.22061501,0.0721272,0.3401092,0.10234415
0.28213826,0.25459188,0.36443666,0.22311732,0.16576013,0.01757301,0.24874683,0.05081125,0.27216566,-0.16085884,0.008053351,-0.0999339,0.49717358,0.08954431,0.09354723,0.19350816,-0.082585774,0.259564
0.027145319,-0.14823297,0.0388676,-0.055953674,-0.04582214,0.25543815,0.18414398,-0.004930747,0.06026974,0.0015847008,0.44661373,0.030053752,-0.24209283,0.21988368,0.08873236,0.07656268,0.15728964,0.25402218
0.31658584,-0.13302423,0.021062618,0.24539793,-0.16047719,-0.16991971,0.31083623,0.118547566,0.19285609,-0.11485175,-0.053666465,-0.046319034,0.4074298,-0.07203025,0.2257112,0.16917041,0.16988783,0.16938442
0.096744254,0.473659,0.32402048,-0.0067276233,0.4000166,0.37650475,0.31655052,0.3482443,0.13834415,0.16621262,0.0060264864,0.2516783,0.016954761,0.17941879,0.32953614,-0.002922733,0.33159822,0.274059
0.15168662,0.3380808,0.10294508,-0.027506562,0.20411244,0.2502456,0.19568418,0.36134234,0.16987072,0.16841474,-0.06465838,0.17315976,-0.102057524,0.15337047,0.30067414,-0.076761074,0.25096968,-0.0029159766
0.05785378,0.17705634,-0.17268677,0.055506483,0.1386758,0.14034323,0.19506878,0.21948087,0.20987615,0.036786187,-0.030924186,0.0026305253,0.14424293,0.006984791,0.14924288,0.059128415,0.20110172,-0.066473454
-0.14367992,0.23601069,0.011382883,0.07848339,0.15179124,0.38340724,0.0940036,0.26897815,0.06612112,0.32431063,-0.09935135,0.47117564,-0.2816364,-0.030213669,0.18757759,-0.21037672,0.3716794,-0.214526
0.10914628,0.40303913,0.31587687,0.29638636,0.31613114,0.3254759,0.0593792,0.21812832,0.32757106,0.15073778,-0.092009425,0.25643373,-0.06035686,0.40727863,0.07655835,-0.087355405,0.0030216505,-0.12905736
-0.11414703,-0.028901678,-0.34311575,0.032715015,-0.13797787,0.17937288,-0.19351125,0.16373947,0.17553788,0.26305497,-0.084292404,0.44186226,-0.24291316,-0.19271165,0.015426344,-0.23654187,0.19934803,-0.39273813
0.09029247,0.2897619,-0.07508352,-0.08590821,0.1884061,0.24897087,0.18188924,0.49196374,0.2629339,0.20140307,-0.179759,0.21686417,0.056785528,0.05835561,0.12109688,-0.11841951,0.22134605,-0.1643969
0.04012039,0.37363407,-0.06144465,-0.100986764,0.33174145,0.42237046,0.10525425,0.35434452,0.1781166,0.2320669,-0.10189212,0.16041708,-0.19434404,0.20970352,0.2997229,-0.22518522,0.3091047,-0.10050912
0.18756972,0.19501531,0.12879185,0.107070275,0.18694048,0.23132452,0.051153984,0.16139665,0.17127897,0.094623834,-0.07731539,0.18853472,-0.04325885,0.042875025,-0.010562111,-0.16444205,0.1143708,-0.13257945
0.14067696,0.19313501,-0.11890646,-0.03708927,0.11704508,0.2713628,0.288551,0.26386222,0.084034756,0.12873818,0.075653605,0.08134228,-0.086248465,0.12266368,0.18495539,0.034296528,0.2772601,0.0492726
-0.050173037,-0.030433249,-0.17452453,0.105019055,-0.1584626,0.1599046,0.100467406,0.11918834,-0.03450092,0.26618007,-0.04085694,0.21557276,-0.22138228,0.0011999963,-0.021296563,-0.05869757,0.061898697,-0.24096276
0.27512288,0.24069586,0.27001354,0.0016757126,0.27540055,0.23780784,0.23671049,0.2439388,0.032227356,0.009325062,0.1799585,0.062730074,-0.06118001,0.03491196,0.18091342,0.1984258,0.33555087,0.37604356
0.45169482,0.22112137,0.20596328,-0.023952754,0.17933182,0.22970955,0.09006055,0.45231593,0.19781916,0.2044676,-0.10262586,0.3371505,0.008764283,-0.020249939,0.17821899,-0.12915249,0.27537557,-0.05958235
0.119120486,0.470972,0.20171279,-0.025421003,0.34661022,0.3393376,0.21980457,0.5478279,0.28295413,0.15126526,-0.16990125,0.24730496,0.116090216,0.029776627,0.25686166,-0.023330336,0.2922827,-0.00047406022
-0.055376742,0.28780234,0.04470369,0.06547572,0.19058813,0.28064963,-0.0062424764,0.27587488,0.2691844,0.21788655,0.09368725,0.31724328,-0.14971554,0.25077888,0.22883056,-0.048146952,0.1506417,-0.026301866
0.3478507,0.25498807,0.08107854,-0.085874364,0.164789,0.3475673,0.05444047,0.3661528,0.07425804,0.18396722,-0.056704838,0.29737967,-0.05874129,-0.1304769,0.05471398,0.0015260517,0.24551788,-0.11644978
0.060098384,-0.35785928,-0.18281695,-0.110562325,-0.32366052,-0.027282007,0.17874466,-0.04152676,-0.19703351,0.035207827,0.33567098,-0.07595895,-0.18290493,0.07487009,0.10667272,0.23142602,0.08569981,0.20820196
0.31686676,0.17856498,0.19908616,0.012033789,0.16498344,0.19997683,0.15903325,0.26976666,0.22706851,0.22141337,0.062649816,0.27031395,-0.18957925,0.2814608,0.27165404,-0.06889086,0.25326958,0.08788833
0.06906983,-0.14564568,-0.03824728,0.0855921,-0.20509036,0.07843689,0.021559227,-0.072653435,0.28443125,0.1694164,-0.009935793,0.28162915,-0.09591922,0.06012387,0.17735915,-0.12224364,0.100360796,-0.14940645
0.085818484,0.35213125,0.035326708,-0.1309516,0.33671212,0.2667047,0.18621716,0.45778936,0.17534187,0.22349134,-0.026275186,0.30587777,-0.06933595,-0.052752115,0.22210635,-0.17617594,0.36877948,0.11146006
-0.04509409,0.33193898,0.027588075,0.07658412,0.23071042,0.36245233,0.3960363,0.40138552,0.20149621,0.060269974,-0.00089402695,0.061689466,0.024852581,0.024047634,0.3548045,0.2869646,0.39250225,0.0031886895
-0.15158987,-0.015228826,-0.39968038,-0.029837396,-0.07191302,0.19406083,-0.079575,0.21801008,0.2666246,0.2792491,-0.09699087,0.28103045,-0.2401368,-0.08087492,0.12896149,-0.25874308,0.18856739,-0.37788177
0.24220306,0.23715594,0.27124178,0.05555845,0.19992778,0.10781047,0.39127812,0.33835828,0.14965855,0.0448455,-0.057523526,-0.016685445,0.45025215,0.042459738,0.19411026,-0.004269279,0.13102236,0.3770689
0.0089275,0.2430468,-0.05801093,-0.09833831,0.13792926,0.39507568,0.022446599,0.3402544,0.11798547,0.24703538,-0.06863288,0.21288128,-0.08180106,0.08156748,0.06634249,-0.23584953,0.08070554,-0.14322978
0.1512404,-0.005993681,-0.29526436,-0.17399372,-0.07613669,0.14716215,-0.09858699,0.21773995,0.09179412,0.25774056,-0.0340601,0.3395197,-0.16874552,-0.10685892,0.10844794,-0.2024618,0.2620916,-0.14996828
0.13147941,0.08667447,-0.1736904,0.13533865,0.025961611,0.1388388,0.33645144,0.28348702,0.11507058,0.06555739,-0.07075222,0.0246126,0.3426999,-0.18438844,0.09574915,0.10800337,0.18044107,0.009897543
0.21617445,0.17329293,0.26143262,0.38467866,0.1736982,0.16441497,0.22873177,0.095826045,0.29798988,-0.15682423,0.17403944,-0.016846912,0.50217366,-0.014438153,0.06732282,0.45066673,0.026395159,0.2721531
-0.032560673,0.36474016,0.22396947,0.3518712,0.24890438,0.26970226,0.16527939,0.33712855,0.2495369,0.22805941,-0.056416288,0.34006512,0.023844417,0.09932423,0.3186822,0.0071835676,0.26211447,-0.0039015799
0.12911287,0.4407829,0.029001694,0.010757523,0.36936617,0.26682746,0.2376079,0.40520018,0.34100437,0.08954866,-0.080670625,0.14823586,0.20428506,-0.039746672,0.2715674,0.1411909,0.31852457,-0.029796513
0.09456765,0.41383433,0.1352363,-0.13814895,0.40375212,0.29146984,0.24242327,0.4676933,0.33600795,0.20318462,0.0035862334,0.35174116,0.14371125,0.17465651,0.27747098,-0.15811676,0.34413072,0.18864265
0.41252807,0.353029,-0.03110398,0.046395548,0.27583942,0.37946504,0.07576967,0.29720512,0.119735,0.19051813,0.014247606,0.24218917,0.003846872,-0.12854078,0.051401965,0.006126545,0.20841704,-0.11372629
0.2525517,0.13288052,0.3098232,0.056666646,0.13938163,0.30151373,0.27344453,0.16910966,0.044905182,0.022584856,0.10462622,-0.029439352,-0.06327937,0.2663825,0.13894302,-0.0031820082,0.09102844,0.17743933
-0.1029531,0.005935169,-0.22090773,-0.14722241,-0.082320906,0.1419436,0.026787005,0.25682288,-0.005520268,0.12692046,0.097400814,0.2578122,-0.08287532,-0.06317991,-0.11334081,0.030624494,0.11352885,-0.06742314
-0.14094292,0.12541202,-0.20372452,-0.15923448,0.041740566,0.33885702,0.11533011,0.4180849,0.26860312,0.17907842,-0.07202423,0.21068393,-0.09821566,-0.019987276,0.2700882,-0.017602438,0.3444011,-0.2066395
0.2121865,0.4513767,0.33133978,0.27376887,0.3793033,0.036610175,0.2592445,0.24052821,0.42653066,-0.040561408,-0.06474296,-0.0077396417,0.47813788,0.1496269,0.16212119,0.18132143,-0.023549462,0.115704335
0.07698899,0.16481382,-0.057178896,-0.13310279,0.14258227,0.44769737,-0.039401606,0.30855688,0.06441277,0.30987337,-0.15152659,0.28435642,-0.25057638,-0.023672465,0.08502176,-0.29822528,0.21418972,-0.25988185
-0.09448932,0.12730825,-0.28414792,-0.053303305,-0.00066141225,0.22415376,-0.21013454,0.2127685,0.112179175,0.18435094,-0.14454268,0.2505432,-0.18633214,-0.19561762,-0.042656258,-0.32225466,0.110379666,-0.3130251
0.40130424,0.39905116,0.281543,0.19303055,0.32756606,0.21661296,0.19457322,0.29382846,0.3299937,-0.028258607,-0.04011708,0.03526622,0.51940656,0.06153601,0.14480197,0.10716951,-0.0082514165,0.12525168
-0.21024902,0.18453644,-0.15478703,-0.061159804,0.10653849,0.21999945,-0.07962401,0.23887278,0.17436263,0.09210155,-0.07433104,0.18832245,-0.29357895,0.19729991,0.078207634,-0.21105784,0.20894949,-0.20721674
0.3331083,0.2292304,0.10756215,0.08428594,0.10036922,0.3104323,-0.101589985,0.27182323,0.10878849,0.15381405,-0.121706896,0.33186552,-0.114196435,-0.05565514,0.069611706,-0.10980131,0.19855198,-0.21233767
0.31910378,0.38757336,0.5172462,0.08776618,0.28959978,0.17460407,0.2546877,0.34318244,0.28573933,-0.040816784,-0.14947009,0.06970113,0.41457614,0.30017692,0.19828677,-0.058525372,0.012129015,0.2342064
0.03775293,0.008850049,-0.27675748,0.116021596,0.014734386,0.13836181,0.009040302,0.21893853,0.25106394,0.26568043,-0.11996464,0.31176573,-0.1526431,-0.11937838,0.16601431,-0.20713489,0.26509568,-0.32566822
0.014687189,0.063749544,-0.13948123,0.41667143,-0.010379024,0.12917012,0.21057977,0.061106108,0.16006272,-0.02025083,-0.055072308,-0.035278495,0.29378298,-0.06469668,0.035641685,0.20256929,0.06343954,-0.11252624
0.4076779,0.04303625,0.26882428,0.41173285,0.055166584,0.09145041,0.26490146,0.093549035,0.13617058,0.12207328,-0.16007942,0.033564426,-0.017815113,0.1258965,0.10507657,-0.11815253,0.05136136,-0.1078158
-0.14657973,-0.2744615,-0.24453372,-0.23491189,-0.26544294,0.046740778,-0.071193144,0.013140463,-0.104738876,0.2288535,-0.020523036,0.19622855,-0.29565817,-0.102506354,0.26435673,-0.27527264,0.1950087,-0.119156905
0.3629528,0.19423306,0.29999688,0.27641907,0.10683477,-0.09935473,0.27944016,0.060667217,0.2442325,-0.14998409,-0.07786261,-0.07443254,0.48308012,-0.0920695,0.11876138,0.22510831,0.00013340346,0.17801708
0.17723194,0.026159935,-0.02911751,0.21148027,-0.055212103,-0.07491382,0.12942074,-0.07998434,0.2398883,-0.04459363,0.023922553,-0.12906599,0.32490116,0.18238842,-0.033346795,0.067773916,-0.18061964,0.042696565
0.46810994,0.12345013,-0.063584395,0.25255588,0.10376049,0.2222186,0.20684284,0.24779715,0.21136795,0.10753403,0.028189935,0.10642097,-0.064504765,-0.059071362,0.3186819,0.20795351,0.3624593,-0.05236804
-0.06513743,0.2694072,0.13426562,0.19183235,0.19869316,0.15838796,0.010356939,0.28219125,0.27444702,0.19532321,-0.06682179,0.21907762,-0.1537558,0.37013525,0.030925928,-0.19711949,-0.031533275,-0.16436228
0.13778096,0.2229355,0.27069953,0.29292905,0.11342735,0.18783459,0.07803478,0.24137947,0.23321936,0.088150665,-0.08774634,0.26017693,0.00029521,0.09297076,0.15775982,-0.105410576,0.14006692,-0.09076483
-0.0009539493,0.37783456,-0.09161345,-0.087736316,0.305125,0.28114682,0.10179261,0.42645794,0.26766294,0.2147426,-0.1340579,0.28597233,-0.0012704569,-0.114758134,0.1755009,-0.15848456,0.30872938,-0.19544631
0.16066423,0.34359926,0.08271142,-0.033022776,0.22008006,0.35917518,0.16596259,0.26547006,0.24927776,0.112715356,-0.08079314,0.14655869,-0.028464703,-0.045971405,0.22903445,0.16897914,0.2489367,-0.1587035
0.09650253,0.24010095,-0.21137595,-0.05202751,0.12261793,0.3886782,-0.08706427,0.22646877,0.06356159,0.1577349,0.012114474,0.26732647,-0.17734629,-0.1204296,0.1018826,-0.1067179,0.29014182,-0.18707535
0.31772324,0.33967426,0.35703227,-0.0045225755,0.24215235,0.10738828,0.038494233,0.10049849,0.3626103,-0.12408753,0.027887605,0.019330624,0.2551809,0.28604037,0.060748804,0.041253556,-0.08161575,0.11303543
0.08139792,0.350019,-0.029700706,-0.022302264,0.27488512,0.41115618,0.26656753,0.5402585,0.20158747,0.2909746,-0.14361943,0.18761095,-0.080819145,-0.019593518,0.22880636,-0.13503289,0.29404315,-0.13867274
0.22881539,0.46326414,0.3641658,0.27902216,0.3796748,0.1232424,0.26237443,0.24325518,0.38935584,-0.08562385,-0.11284159,-0.039006475,0.55173665,0.18665625,0.07590951,0.09234768,-0.07348964,0.15625623
0.17573303,0.34894258,0.022259047,0.06322885,0.26722288,0.19328378,0.2556668,0.36654815,0.17839277,0.12025799,-0.13575903,0.15493938,0.07720089,-0.016705582,0.23061766,0.01724372,0.3596406,0.007971916
0.033721,0.19559625,-0.19314118,-0.30457214,0.28049284,0.19375803,0.15602171,0.24774005,0.06856194,0.18262601,0.27817535,0.22091006,-0.12071319,0.12288705,0.22605565,0.084345326,0.30622423,0.12463933
0.03021713,0.4066631,0.04284654,-0.18684651,0.2972034,0.39266822,0.20680761,0.51703125,0.2092254,0.2507702,-0.1430556,0.19701774,-0.15614662,0.36530384,0.30391198,-0.20213918,0.3004939,0.0022620116
0.30402595,0.20499964,-0.08008041,-0.13299364,0.20729646,0.40921107,0.07609218,0.32153332,0.086919144,0.24757558,0.009198503,0.33088928,-0.097014606,-0.08791633,0.17886509,-0.16787256,0.29066208,-0.10599632
-0.01187654,0.4240955,0.001555423,-0.0006642038,0.30324343,0.39370668,0.26439267,0.43212998,0.17874657,0.21222092,-0.11419513,0.28137925,0.0075150784,0.043074533,0.27770695,-0.049685966,0.38121444,0.0040291175
0.10893708,0.28276545,-0.16490944,0.08015184,0.26487407,0.22841768,-0.07359569,0.2814788,0.24102254,0.1889954,-0.08514655,0.23470356,-0.07227293,-0.0047901645,0.14437896,-0.21152547,0.17033787,-0.20907535
-0.17878364,0.123686045,-0.17003152,0.070397824,0.026513333,0.12484302,0.08527907,0.2619468,0.16809228,0.09325501,0.055253327,0.15710483,-0.09577537,0.09118033,0.27097493,-0.05687438,0.27047506,-0.04073144
0.08209876,0.3257445,-0.096404314,-0.13578801,0.32701203,0.35754624,0.10679711,0.50784236,0.14939745,0.29358655,-0.06714211,0.34409067,-0.0954384,-0.15591814,0.29116693,-0.20420362,0.40088922,-0.04659026
0.3134642,0.09962029,0.032103866,0.059114788,0.043954957,0.24567613,0.38904837,0.2428715,0.059771,0.092641786,0.08848457,0.15342607,-0.12529336,0.11691528,0.41010207,0.23603913,0.5243909,0.18909152
0.21906444,0.28610578,-0.053429876,0.34738708,0.16655137,0.13736276,0.08924267,0.28547877,0.30304188,0.0156000955,-0.16424021,0.06989461,0.436965,-0.12186536,0.022276407,-0.007014112,0.03741312,-0.11873411
-0.04501785,0.17855836,-0.1413395,0.08265052,0.14523542,0.17405257,-0.04563181,0.049661893,-0.030941509,0.24786587,-0.03851961,0.20043077,-0.2115481,0.066213,0.028180724,-0.28993028,0.04779766,-0.13970755
0.320019,0.35634834,0.08549845,-0.04820763,0.38029665,0.24573581,0.37022823,0.5220372,0.34302858,0.11052736,-0.05387713,0.15157305,0.25209385,-0.027991956,0.3285888,0.22276258,0.37791416,0.085985795
0.15174142,0.10843265,-0.08907313,0.04851504,0.1087081,0.36473638,0.29116136,0.0565796,-0.08627361,0.0143466275,0.22937432,-0.048125874,-0.09437709,-0.015313605,0.08816243,0.33029047,0.2357914,0.13709867
0.09353066,0.29673555,0.100472204,-0.00434143,0.24026982,0.30283016,0.33416396,0.42876446,0.07566717,0.19078778,0.0077661495,0.2921963,-0.028519982,-0.035411023,0.24376473,0.05008304,0.42098656,0.18667795
-0.14094195,-0.52047294,-0.37587142,0.042368528,-0.54875934,-0.21436073,-0.28755894,-0.35960346,-0.22953016,-0.06710292,0.2619219,0.024697648,-0.24393141,-0.30776644,-0.32340807,0.005403368,-0.23740415,-0.14917068
-0.0142988935,0.31545204,-0.10544371,-0.08477575,0.23244795,0.33755925,0.0366111,0.43126267,0.29920575,0.15789513,-0.16856866,0.23242451,-0.06450157,0.09228234,0.18941317,-0.26351383,0.24212204,-0.1912269
0.23835252,0.109715044,-0.032588325,0.12147458,0.1493462,0.013374098,0.3174577,0.1351737,0.06531565,-0.08037184,0.11015194,-0.1997843,0.44594657,-0.10287801,0.03215755,0.23056024,0.053757194,0.3222491
0.17337029,0.40049535,0.08711635,-0.112129934,0.33534428,0.37242055,0.1156829,0.39324585,0.17572929,0.22448298,-0.11470185,0.37166962,-0.112873405,-0.054423977,0.2678752,-0.14737949,0.35832366,-0.09880259
0.38830456,-0.096723184,-0.23624445,-0.094009854,-0.08373778,0.089265406,-0.041128095,0.09041773,0.01575334,0.17585203,0.070830695,0.026428271,-0.18988247,0.04199339,0.048097108,-0.14067736,0.007296321,-0.122265056
-0.1125879,-0.27267277,-0.28820854,-0.20566757,-0.27815202,-0.13234235,-0.18836893,0.014604899,-0.055834495,0.17594172,0.053913005,0.4257598,-0.13454407,-0.2525604,0.035071388,-0.2739877,0.14961945,-0.09125565
0.03262036,0.029957484,-0.16533981,0.29105386,-0.078479536,0.09441651,0.19145311,0.1467424,0.22950013,0.06851621,-0.008598696,-0.009111589,0.49191254,-0.0607,0.046296015,-0.0070096743,-0.082170255,0.010024067
0.2676504,0.03287037,-0.12758765,0.18244405,-0.028554171,-0.01699761,0.14929643,0.06517728,0.15818971,-0.027455183,-0.046723615,-0.05757494,0.20992309,0.022505023,0.007416901,0.046224028,0.0382261,-0.053417526
0.13320328,0.3508271,0.05386558,0.25137785,0.25181732,0.18481326,0.31817755,0.36056894,0.2335315,-0.033099078,-0.18294512,-0.04887266,0.49718955,-0.118041664,0.08911382,0.118829444,0.10086245,0.013111736
0.097024724,0.2785187,0.14393783,0.2513577,0.16046403,0.32626462,0.09161033,0.22719754,0.072826594,-0.07471706,0.049739975,0.083309874,0.1745361,-0.120830394,-0.014387307,0.20722976,0.10514128,0.0248186
0.19343302,0.42133844,0.17824827,-0.07645659,0.36017296,0.1963453,0.31296393,0.4096518,0.2066765,0.04656571,-0.032871976,0.1815219,0.2799146,-0.048706114,0.3325886,0.16676064,0.40196905,0.2589866
0.023241865,0.42107746,-0.005152526,-0.013525685,0.26075122,0.40579864,0.23459835,0.49115992,0.23305254,0.23649532,-0.029299548,0.40870607,-0.04856372,0.0027240412,0.28580794,0.025786882,0.41380528,-0.08848839
0.05788095,-0.031080097,-0.110188924,0.22113286,-0.06369731,-0.0861292,0.27548698,0.022715388,0.11108698,-0.058666747,0.0116815185,-0.0980597,0.28625825,0.0680036,0.0618568,0.095795825,0.04122757,0.11359741
0.11411649,0.006872635,-0.2822656,-0.106316805,-0.03955332,0.16724177,-0.20106317,0.26250598,0.0056761517,0.19987495,0.13237602,0.33091116,-0.19373941,-0.29892495,-0.08706856,-0.18053533,0.18302575,-0.14533176
0.432987,0.33500743,0.07427936,0.10285988,0.24970219,0.1720874,0.11436994,0.31591052,0.36775392,-0.03273797,-0.1123374,-0.028090935,0.46694228,-0.04682349,0.09112699,0.096329324,0.009333642,-0.061922796
-0.03333099,0.41116565,0.14950787,0.10805716,0.2603465,0.23468824,0.28296095,0.30564833,0.3507978,-0.0329312,-0.09777066,0.030458326,0.36557606,0.1107116,0.21338171,0.12018675,0.14977512,0.05474603
0.09678618,0.395969,-0.08902484,-0.057986237,0.28787997,0.30409086,0.18329735,0.48379874,0.25060716,0.2285139,0.023774758,0.30598268,-0.07984682,0.08126103,0.37763852,0.081679605,0.45518863,-0.0034032199
0.40056896,0.30932966,0.14777729,-0.073293425,0.26989275,0.3283585,0.22370674,0.5127785,0.18291552,0.25412372,-0.14734888,0.2603319,-0.045576163,-0.06221682,0.3165032,-0.09010019,0.41511947,0.012665362
0.071187414,0.33359388,0.43532667,0.29230383,0.26266977,0.26663956,0.35668135,0.2746734,0.3653464,-0.026732534,-0.049857058,0.022691835,0.41055667,0.3184689,0.2714082,0.0022260821,0.071558334,0.26624975
0.18510169,0.10415564,0.18964761,0.054354526,0.22140767,0.13834746,0.376089,0.028631954,-0.08873813,0.03581162,0.33223245,-0.03204195,-0.16776198,0.14385913,0.20110808,0.2028827,0.28700265,0.45277214
0.3042146,0.36160102,-0.0074460413,-0.06862998,0.30232212,0.3744425,0.2432901,0.5477371,0.17411783,0.25067636,-0.14712454,0.24711758,-0.0031475534,-0.062334843,0.25766447,-0.084653765,0.4089429,-0.032487147
0.40958646,0.33012655,0.31477067,0.024940846,0.24727115,0.40316716,0.25881857,0.3154108,0.19653971,0.059973046,-0.00928456,0.14352176,0.011198184,0.100687705,0.32490963,0.1826121,0.3204676,0.036024805
0.37464568,-0.069953464,-0.018487379,0.101321414,-0.1346838,0.11545317,-0.25861236,-0.07845399,0.11187827,0.080016494,-0.08733415,0.09758687,-0.19506332,0.008083459,-0.13386017,-0.1367594,-0.13085726,-0.3107693
0.18376541,0.3770742,-0.046742,0.07251424,0.35354695,0.3004242,0.19098832,0.37023935,0.2801989,0.13596624,-0.06364919,0.1536585,0.34606028,-0.1947045,0.1760717,0.0583834,0.22277959,-0.051833116
-0.1866738,-0.072637476,-0.27938247,-0.08538989,-0.1383914,0.093918554,-0.038739253,0.36255246,0.13600889,0.19413543,-0.09547246,0.26323658,-0.13080962,-0.051178094,0.07409539,-0.2960688,0.22477546,-0.06989893
0.20494674,0.39003372,-0.03583358,-0.034776103,0.32721943,0.28617862,0.18213332,0.44740263,0.19637354,0.27601087,-0.109057516,0.40416577,-0.051127058,-0.087038726,0.24288191,-0.04060762,0.4559733,-0.068541646
0.0122124,0.2114917,0.029024977,-0.096450076,0.27030626,0.24690019,-0.1278805,0.28104755,0.2584051,0.112631865,0.26920897,0.3068101,-0.12266836,-0.10221189,0.04551901,-0.06495078,0.17293301,0.007815158
-0.029295815,0.22983696,0.12383394,-0.07867795,0.22558272,0.31949934,0.15666549,0.091280974,0.049325448,0.042750724,0.27219617,0.13737829,-0.2374165,0.29780403,0.091747314,-0.057156425,0.2069642,0.29888147
0.11077519,0.35670942,0.0863325,0.14696307,0.30675417,0.2949363,0.3363125,0.49954048,0.2004912,0.087191865,0.03835912,0.18998459,0.40022492,-0.05603499,0.29994893,0.17263032,0.33461794,0.27249026
0.03111464,0.34465584,0.013728738,0.21103147,0.26700348,0.21601972,0.29884675,0.4211821,0.38714305,0.08879177,-0.050108247,0.18498673,0.42623195,0.13572434,0.2545934,0.14272174,0.24693371,0.10201864
-0.09302764,0.3172112,-0.089532755,-0.06721249,0.22810085,0.26591116,-0.15889709,0.1928108,0.4288798,0.14199196,-0.05851136,0.26241323,-0.17917255,0.19466855,0.15927455,-0.101353265,0.13358454,-0.26468903
-0.12107324,0.05319093,0.049348496,-0.31138587,0.0019134129,0.2914496,-0.08909257,0.10464764,0.104490735,0.10771603,0.030846195,0.15529238,-0.097906314,0.19654943,-0.14157736,-0.22020699,-0.17568336,-0.20781964
0.16523616,0.4370848,0.109626025,0.12828502,0.28693867,0.25459594,0.38832077,0.3837902,0.1801394,0.032802533,-0.0011178377,0.022191875,0.36786237,0.08564246,0.21528879,0.26118866,0.22822806,0.24813478
0.23249277,0.4175369,0.003596394,-0.007904527,0.36792904,0.39250356,0.057507515,0.36741972,0.15811178,0.2503663,-0.10358119,0.21477886,-0.07473725,-0.011432105,0.2620671,-0.14448254,0.28996295,-0.07743052
0.10070138,0.29787534,-0.1440292,-0.0028487677,0.27150947,0.31666163,-0.05064883,0.1865827,0.29210508,0.18856178,-0.05291539,0.27187783,-0.24375887,0.0873909,0.2047946,-0.14855966,0.27171388,-0.2575362
0.38798547,0.22393051,0.03678148,0.17775571,0.19710718,0.21830738,0.09784835,0.23296537,0.43583786,0.12191909,0.008404647,0.16926472,-0.052813593,0.1271173,0.22863933,0.2164567,0.23848777,-0.13611205
-0.058386225,-0.22203024,-0.31626457,0.006507167,-0.27918035,-0.06237885,-0.017328475,0.18759133,0.11810969,0.17641534,0.025715914,0.27943826,-0.17401788,-0.15482908,0.16478413,-0.022284484,0.25818557,-0.14902402
0.06097669,-0.008105814,-0.10207726,0.29302847,-0.06922254,-0.10025376,0.1835579,-0.08660359,0.079815574,-0.15556744,0.030215638,-0.21940182,0.17371273,0.04300086,-0.03495958,0.17761476,-0.051042803,0.021216057
-0.052920714,0.44955307,0.09833886,0.14735866,0.33776414,0.167574,0.36712247,0.37758595,0.22653838,0.042247377,-0.006293808,0.039266933,0.37176722,0.17590187,0.21866189,0.16090195,0.20321698,0.2732261
0.31322026,0.42347243,-0.099143915,-0.039001584,0.44653052,0.45975888,0.08943232,0.3812292,0.16949947,0.279016,-0.035502903,0.21716028,-0.19528557,0.07115265,0.28290555,-0.16148983,0.31853756,-0.17377782
0.013498625,0.18209574,-0.15359586,-0.045041107,0.28328174,0.31698266,-0.07706645,0.052664313,-0.021700874,0.21243724,-0.026529448,0.09314097,-0.2016682,-0.05542994,0.09230737,-0.26095697,0.120814644,-0.18401442
-0.10709214,0.13211407,-0.21084805,-0.13488649,0.073452435,0.24731183,0.25999993,0.43709213,0.15086241,0.24139322,-0.049530964,0.31345317,-0.12280057,-0.1699853,0.34130937,-0.03485567,0.5225661,-0.051415034
0.23896962,-0.040346563,0.1691363,0.29588342,-0.015995674,0.021894943,0.17333761,0.08834982,0.17416349,0.065770395,0.10889145,0.09894598,-0.06455008,0.2235819,0.13377476,0.121634796,0.04530674,-0.00045273843
0.14795311,0.29882136,-0.0757558,-0.11515818,0.3675739,0.31559226,0.026651964,0.26469213,0.058137853,0.26312625,-0.09869886,0.2203892,-0.17042366,-0.08920161,0.1084795,-0.2638683,0.21322915,-0.1397969
0.35359,-0.068361685,0.02959491,0.43334958,-0.097193845,0.030285096,0.29774144,0.07606773,-0.014013334,-0.058812212,0.075614884,-0.047655247,0.29871586,-0.19154893,0.008871513,0.32356215,0.07699056,0.10577338
0.36048463,0.31913495,0.27539602,0.07978561,0.23621723,0.23581237,0.16829164,0.31804863,0.31454608,0.1184425,-0.068932846,0.16396412,0.003318424,0.32191953,0.22276767,-0.11041141,0.11090077,-0.022197662
0.08649071,0.2767358,0.2882001,0.2605358,0.16910385,0.09087317,0.35029835,0.3724178,0.2742155,-0.04598798,-0.19079073,0.0848784,0.37161368,0.15563704,0.15148711,-0.013973336,0.14966801,0.09972698
-0.01455748,0.08617333,-0.17588252,0.018787408,0.053626154,0.33155122,0.20249897,0.27997673,-0.025954606,0.29806456,-0.08497401,0.098160006,-0.28931803,0.0298376,0.25669035,-0.21903133,0.24794038,-0.20957717
-0.022685044,-0.02096729,-0.26463193,-0.022522857,-0.033178512,0.090333484,-0.1820078,-0.02073378,0.1900852,0.104845315,-0.08590335,0.19019704,-0.19090469,-0.035610955,-0.012712276,-0.18843946,0.04676185,-0.37694243
0.09528294,0.10642831,0.43631428,0.3118714,0.07875841,0.17351717,0.45981917,0.2623029,0.15999484,0.02860029,-0.03934848,0.029110817,0.41423166,0.19676217,0.20382176,0.025375532,0.018266752,0.2606808
0.2475849,-0.19936328,-0.07052618,-0.070248686,-0.25701073,0.18755426,-0.12953517,-0.004920535,-0.018600741,0.12835862,-0.047173686,-0.004008037,-0.21467519,0.15570103,-0.19808137,-0.19722965,-0.24285549,-0.26310584
0.2255728,-0.19210747,-0.12723629,0.081140526,-0.17176954,0.008871652,0.10352493,0.013934569,0.02523788,0.16119775,0.12773627,0.06115463,-0.25290787,0.18795711,0.2595759,-0.048574448,0.12086149,-0.02697901
0.39447087,0.1158859,-0.008868393,-0.11866228,0.022203293,0.19403768,0.07498561,0.3598533,0.102399625,0.19538432,-0.044942472,0.23481973,-0.0702842,-0.0093966685,0.14718178,-0.0076930635,0.21650888,-0.09466352
-0.18994886,0.25751093,-0.14932139,-0.041760243,0.13426872,0.39984867,0.143846,0.37335995,0.34376755,0.15350609,-0.04357457,0.27905327,-0.12746002,0.012955216,0.32445675,-0.04071033,0.45752946,-0.14231461
0.03509437,-0.01615091,-0.22278322,0.16156498,-0.015772317,-0.05369319,0.08000559,0.24472396,0.2916599,0.1778505,-0.13101989,0.13827841,0.067776226,-0.068183586,0.123824194,-0.12611055,0.105554834,-0.26194286
0.25684863,0.45824173,0.28545725,-0.038881063,0.44423926,0.23126195,0.04418702,0.322626,0.396865,0.09054838,0.090098,0.21331063,-0.009586257,0.09655188,0.22511376,0.09415204,0.14934632,0.038624797
0.054694816,0.021824792,-0.2198902,0.26955688,-0.016468665,0.072712906,0.27466568,0.21562882,0.11619194,0.0490098,-0.09022818,-0.03628068,0.14301986,-0.04583905,0.11343625,0.11921185,0.19970265,-0.06965662
0.4719774,-0.17611425,0.077570945,0.1923123,-0.1592572,-0.109682254,0.2917367,-0.13176335,-0.039984986,-0.13225637,0.15002124,-0.23917346,0.29721972,-0.05628465,0.041038647,0.34004098,-0.068466544,0.29919204
0.06872262,0.11172944,-0.12563665,-0.13466278,0.083306104,0.2314803,0.13842818,0.5092844,0.09529283,0.26099843,-0.15398933,0.16613795,-0.066394046,-0.10829852,0.115623735,-0.26713428,0.2153068,-0.10357991
0.015343899,0.2982841,-0.056653693,-0.02058478,0.30341578,0.30038884,0.2174991,0.42482686,0.25813994,0.2788228,0.06811623,0.18798122,-0.10405396,0.0060342266,0.30572718,0.178764,0.2895012,-0.028792113
0.22967105,0.5248787,0.098846994,0.070029825,0.5194236,0.5096127,0.2372034,0.4908031,0.35141844,0.3188444,-0.06776599,0.36756247,-0.1479723,0.11893056,0.40887415,0.049942818,0.4514819,-0.10503605
0.37958485,-0.08353488,-0.037247866,0.14351772,-0.114607066,0.059589434,-0.13655305,0.112450264,0.29848227,0.11944474,-0.03640613,0.26941824,-0.11613115,-0.001613267,0.066423126,-0.14809924,0.120404445,-0.2869864
0.11124265,0.3694803,-0.045885306,-0.13879292,0.2637733,0.37388262,0.10644073,0.4607261,0.19676805,0.23435475,-0.043492462,0.3307991,-0.02789632,-0.032504532,0.22782835,-0.09987099,0.34102255,0.011654995
-0.14280875,0.03585055,-0.26019284,-0.049680553,-0.058802333,0.25798833,-0.16573907,0.028174238,0.0863642,0.17997012,-0.14472947,0.14245637,-0.2409294,-0.07320991,-0.09703603,-0.3142907,-0.014423958,-0.3489374
-0.0138226,-0.27844065,-0.24020019,0.2209396,-0.23762599,-0.19416846,-0.12596644,-0.27563435,-0.0750754,0.17038529,-0.0052129254,0.050262943,-0.10394505,-0.051976558,-0.09148116,-0.27840504,-0.20147038,-0.10031508
0.40191373,0.28080946,-0.04691184,-0.007224565,0.1988405,0.40511096,0.12414505,0.28379622,0.119594574,0.13247019,0.06359983,0.1828698,-0.06634228,-0.09418666,0.22529662,0.20676267,0.3054795,-0.09583599
0.028817242,0.16515769,-0.089354806,0.36494368,0.08639496,0.019679606,0.26145062,0.04007299,0.066572,-0.09709611,-0.041903432,-0.11375964,0.37716568,-0.15910241,0.004430265,0.26282862,0.049432777,0.04718167
0.09124174,0.2699914,0.0657621,-0.03494341,0.22292356,0.19284284,0.029206928,0.27079615,0.062832564,0.17255527,0.123345524,0.25485155,-0.14424142,-0.030365005,0.08848285,-0.13543646,0.20536296,0.10783989
0.06095396,0.24114409,-0.14471114,-0.06391039,0.17467308,0.25989196,0.18086962,0.34397626,0.19487281,0.25236896,0.039527055,0.28854838,-0.21857607,0.10969438,0.24457765,-0.12039974,0.36198625,-0.04934389
0.12909308,0.26833197,-0.09922673,0.08084766,0.19668049,0.21641661,0.18648899,0.19892384,0.19277819,0.0864986,-0.03989704,-0.059655625,0.29089698,-0.028475655,0.060965467,0.1469855,-0.017238665,-0.1161984
-0.020583685,0.33973405,0.11406078,0.20159605,0.19573957,0.23461917,-0.059838843,0.16076548,0.40952384,0.17035374,-0.02905563,0.38357797,0.005839367,0.12910655,0.17580591,-0.1264207,0.14371505,-0.10946652
0.10548355,-0.08148599,-0.24381214,-0.06380402,-0.11025018,0.023798533,0.11150034,0.07467729,0.0051091006,0.18588178,0.05020786,0.22649328,-0.21099168,0.06234296,0.15033317,-0.007042067,0.27635866,-0.047904752
0.424846,0.35684314,0.37273338,-0.11835137,0.27915096,0.4025806,0.16268618,0.4029524,0.28380167,0.11332353,0.019111376,0.22950846,-0.05920371,0.25055772,0.20116839,0.079649165,0.18072413,0.01863378
0.3224973,0.28186545,0.00762533,0.012834581,0.30283052,0.27770197,0.19718435,0.45961726,0.36155212,0.26749015,-0.06549966,0.35445112,-0.041984584,0.027820945,0.29733273,-0.0813508,0.35387975,-0.12874894
-0.18489133,-0.11259914,-0.23358469,-0.117407866,-0.15631077,0.097413175,-0.00056588114,0.2754155,0.25196972,0.18534388,-0.09916545,0.26248103,-0.2579255,0.019089218,0.15475357,-0.14736024,0.24620862,-0.32516834
0.22643681,-0.070112266,-0.01098564,0.3299767,-0.12169658,0.17551476,-0.020653795,0.037502542,0.25349718,0.23371874,-0.047852423,0.30164,-0.20756403,-0.045851607,0.14835282,-0.07737524,0.15561445,-0.287214
0.3519099,0.2829123,0.09990541,0.034333874,0.23310472,0.29354966,0.30286193,0.33882368,0.0371284,0.08703284,0.007710588,0.06926325,0.05418914,-0.10042547,0.1765308,0.2206451,0.28647816,0.066450536
0.38124397,0.32515278,0.19076347,-0.020503424,0.28125384,0.30514175,0.29788724,0.33440557,0.12902164,0.10736449,0.08007516,0.25545275,0.010506162,-0.043340735,0.3109139,0.20943128,0.46690962,0.24473658
0.03629757,0.11719708,-0.07689939,-0.028808514,0.15087274,0.2490375,0.32091755,0.26552466,-0.030868823,0.06645727,0.18470196,-0.08966891,-0.03920342,0.01555608,0.23213811,0.26523232,0.2640399,0.24610317
0.096632436,0.40207022,-0.08925292,-0.046474203,0.34808913,0.1983558,0.2943261,0.41176227,0.24524249,0.11428364,-0.078056835,0.0536575,0.14624809,0.0011979786,0.27222455,0.037254155,0.29193804,-0.03907994
-0.07360164,0.1617304,-0.19720705,0.0069339396,0.067270376,0.32300252,0.020329824,0.13684925,-0.09071886,0.10456188,0.16977845,0.18377927,-0.18353963,-0.14173223,0.002487554,0.06286079,0.17116359,-0.073162675
0.053175624,0.3345434,-0.0026053241,-0.10294562,0.25494808,0.28657353,0.2600387,0.5142973,0.09122001,0.27687696,-0.12033123,0.2983678,-0.09542027,0.0037114006,0.25144473,-0.17093076,0.40533152,0.048411228
0.06855149,0.116126224,-0.039920457,0.38911262,0.08117157,0.18178952,0.22110832,0.089465916,0.10374983,-0.05323747,0.10491608,-0.05990459,0.30763558,-0.03179677,0.115563296,0.21096182,0.06931891,0.074737936
-0.062595464,-0.3107518,-0.17852074,-0.100343525,-0.35966277,-0.101546526,-0.32142696,-0.11200057,-0.008069189,0.06440935,-0.0067206444,0.093465395,-0.24224731,-0.31198132,-0.18293868,-0.026658343,-0.13764416,-0.32965916
0.40889657,0.256554,0.19367237,0.23852926,0.18784271,0.09188468,0.25843588,0.19249766,0.3219862,-0.072340384,-0.090231925,-0.14836614,0.4526297,0.034485936,0.086920686,0.19981916,-0.10498449,-0.01036641
0.098458596,0.24653646,-0.06370567,0.108463824,0.22674611,0.10371317,0.37178242,0.2633261,0.16143923,-0.030933779,0.035730183,-0.08206329,0.3613389,0.0096546095,0.18279551,0.27337325,0.22112931,0.19022736
-0.0395941,0.20302784,0.1208265,-0.04521209,0.09580475,0.2271574,-0.016499171,0.068317786,0.17131568,0.004495508,0.08978646,0.19375528,-0.3136574,0.28114668,0.14305268,0.011677181,0.2074643,-0.077308014
0.0041794935,0.1821762,0.0048813354,0.13861004,0.1811131,0.34235275,0.22326577,0.3149474,0.094817266,0.1185294,0.0403181,0.19212113,-0.042539664,0.035183337,0.22361079,0.010157834,0.32548246,0.005277464
0.21284479,-0.07044197,-0.11670617,-0.26765713,-0.1279075,0.06691185,-0.06774336,0.14490813,0.15228942,0.13895184,0.04344544,0.09640862,-0.15946402,-0.03345906,0.20061074,0.24636735,0.095456064,-0.16435091
-0.08683139,0.12834936,-0.21748823,-0.077251576,-0.014393092,0.32355696,0.0047927145,0.3646295,0.082109615,0.24308716,-0.02986113,0.35334298,-0.1528143,-0.05783626,0.014489173,-0.17668219,0.20491906,-0.2319086
0.03109718,0.15791452,-0.054324716,0.34232923,0.058598764,0.019700116,0.21995428,0.04196919,0.09704277,-0.06446433,-0.07547123,-0.09690126,0.31036058,0.026469357,-0.0229003,0.10865207,-0.011080475,0.0077180457
0.098350495,0.24400398,0.15625808,0.238883,0.19703789,0.15140966,0.29021576,0.28002855,0.37698945,0.035915416,-0.060355727,-0.054483116,0.5688317,0.0681287,0.15575576,0.06707865,-0.06250998,0.1361439
0.0559717,0.30859047,0.32792255,0.09037614,0.29659277,0.224051,0.41751742,0.17505936,0.104191475,0.038893178,0.18267247,0.038935743,-0.038057834,0.43321398,0.3752289,0.090612754,0.33104232,0.5296093
-0.008095947,0.32920802,0.052747007,0.18756972,0.2383783,0.28345057,0.11114891,0.31548014,0.38473663,0.18874332,-0.12429724,0.15233201,0.0033789445,0.24319248,0.3101703,-0.048318587,0.19822915,-0.115521304
0.18660006,0.48436588,0.39688522,0.17090146,0.37353593,0.32033595,0.31057462,0.2829138,0.40654144,-0.03542467,-0.0389651,0.050063692,0.48084036,0.17968826,0.2689375,0.2012838,0.053123243,0.14987487
-0.24069586,-0.05381473,-0.19889799,-0.057904076,-0.08052799,0.15956739,0.22659259,0.3828146,0.21279278,0.27013075,-0.053153355,0.21608898,-0.1605677,0.20134309,0.28169692,-0.22421484,0.2495931,-0.1280066
0.15604877,0.2652859,-0.091352865,0.28483802,0.17913535,0.2554988,-0.04015678,0.19327915,0.28013036,0.13793413,-0.10528393,0.27820075,0.036982685,-0.04497972,0.116628416,-0.1366252,0.20836933,-0.23967639
-0.09355376,-0.17989801,0.039644547,0.08599147,-0.15610225,0.123437814,0.12071053,-0.22772722,0.053243347,-0.115868635,0.3660659,0.027093377,-0.15563999,0.04165721,-0.032493837,0.2572395,0.082641825,0.22126557
0.17719631,0.21423464,-0.06559221,0.19756013,0.16640684,0.1776597,0.35693356,0.12368263,0.14547056,0.052406814,-0.0334248,-0.104457445,0.13663337,0.02209171,0.123987086,0.1740572,0.09532909,-0.06813538
0.2323815,0.27869228,-0.07341349,0.08566939,0.30431077,0.36957124,0.16491337,0.3826951,0.2374934,0.219045,0.08765391,0.38348806,0.016716246,-0.15142854,0.19668719,-0.070722505,0.38297433,-0.035751686
0.14039066,0.2938446,0.23734859,0.21012457,0.20461251,0.2823065,0.39354178,0.15366371,0.17521201,-0.09641363,0.07517385,-0.103515774,0.4146553,0.2550195,0.19802001,0.25886694,0.020148655,0.20730504
0.058004882,0.2552878,-0.024282753,-0.002769036,0.247652,0.3223509,0.10457149,0.22507018,0.16008623,0.23048128,-0.112089254,0.3188447,-0.1484833,0.05831524,0.16999607,-0.20277393,0.23604551,-0.24635424
0.066208534,0.34758997,0.16755046,-0.012413448,0.31988195,0.39038798,0.04356042,0.27488753,0.028237825,0.23575029,-0.114461526,0.2814575,-0.19283023,0.08900912,0.074633606,-0.26575404,0.13047948,-0.15820387
0.0036503505,0.16077708,-0.25735646,-0.08777091,0.11585315,0.3364945,-0.013801107,0.16400282,0.13051254,0.2665158,0.013997611,0.33720282,-0.09667225,-0.037067566,0.10840769,-0.15334584,0.16948152,-0.16643801
0.309255,-0.21444172,-0.24074806,-0.075782806,-0.2306481,-0.014222128,-0.09312114,0.04532566,0.12597302,0.14971666,0.16413559,0.2829736,-0.30427516,0.037835926,0.25309727,0.05113862,0.25758982,-0.14353566
0.25000602,0.31444752,-0.045639474,0.11050993,0.2773164,0.40321055,0.11543821,0.17944866,0.10745092,0.26562384,-0.050748434,0.15056711,-0.17605153,0.09366598,0.21833421,-0.10284724,0.19804929,-0.20001762
0.38023278,0.23672387,-0.020185437,0.025234738,0.17537326,0.20971788,0.2299279,0.20168784,0.11653074,0.08037861,0.057997063,0.09895603,0.001515789,0.13642822,0.10472727,-0.021975428,0.21651399,0.04774494
0.38216645,0.39750266,0.11752901,-0.0733199,0.30481413,0.2979334,0.27678353,0.40504906,0.26108974,0.13665862,-0.0040573673,0.22348714,-0.05398883,0.07645268,0.4168435,0.22093692,0.487521,0.033917658
0.25558606,0.26546857,-0.22186527,0.07118805,0.28085905,0.29984084,-0.054226834,0.20240587,0.079923354,0.22923546,-0.028785747,0.22293214,-0.17739251,-0.081521,0.1585814,-0.22407684,0.24969032,-0.1883541
-0.12342517,-0.18437783,-0.19021118,-0.06931086,-0.24445902,0.17301796,0.0035759024,0.17097321,0.18258837,0.25920326,0.12797555,0.33370417,-0.1714241,0.17466813,0.043770924,-0.097642876,0.0534896,-0.1450999
0.0840404,0.39570543,0.18504447,-0.06661574,0.34873658,0.27204517,0.3688858,0.2906435,0.1375693,0.009540198,0.08354536,0.05772504,-0.04213573,0.27545774,0.39669687,0.20584488,0.4093158,0.3462619
0.0035879593,0.21611215,-0.011751166,0.4068853,0.12581922,0.09574664,0.27749828,0.060350567,0.099512905,-0.026532685,-0.04806919,-0.0054578213,0.25719276,0.0032128089,0.08744954,0.16634162,0.11298055,0.025900496
0.0032234364,-0.05840936,-0.09527755,-0.04684766,0.04553881,0.1717388,0.09341338,-0.058297455,0.15959038,0.007975131,0.43780026,0.0755026,-0.19094989,0.06354633,0.12526551,0.09313628,0.23438916,0.28637916
-0.0038655158,0.19500645,0.00042772526,0.26426208,0.07132966,0.16519803,0.26472592,0.23546436,0.26812991,0.06976536,-0.070055835,0.21980298,0.18284719,0.044787575,0.28796437,0.10330674,0.33750594,0.01571995
0.08814614,0.2988638,-0.030462828,-0.028606715,0.28018966,0.27286875,0.32671568,0.30104914,0.15317094,0.16387269,0.10116646,0.1571828,-0.1672168,0.10219915,0.37275258,0.20336933,0.37178543,0.028770978
0.26627678,0.15262039,-0.07992664,0.2854837,0.17476106,0.18990228,0.32766354,0.30076572,0.18026514,0.021742487,-0.012093931,0.010600948,0.46177587,-0.26862168,0.17842278,0.25004587,0.2294998,0.063480094
0.08177194,0.2218232,-0.24307828,-0.05425176,0.17646281,0.24392875,0.19691934,0.38522917,0.12401025,0.15539075,-0.03512982,0.16559413,-0.04353518,-0.009649246,0.18170092,-0.023039173,0.36495876,-0.08264356
-0.01152669,-0.10605604,0.26765722,0.40820315,-0.14697722,0.044324655,0.4902399,0.041443378,-0.065342024,-0.12828732,0.080528066,-0.12219221,0.38658696,0.04507453,0.16080976,0.2232363,0.0840642,0.4003202
0.43445602,0.13701905,0.121647686,0.26909462,0.14529902,0.17499046,0.27309144,0.20912975,0.1606449,-0.08606427,0.14724894,-0.06699345,0.31029722,0.027410146,0.17716558,0.3089021,0.19643086,0.27150583
-0.020702675,0.0937906,-0.1547298,0.2502352,-0.015548385,0.14296329,0.07455774,0.24678864,0.14574935,0.09075573,-0.054346435,0.3163233,0.09919464,-0.17404136,0.11623441,0.077747874,0.30609316,-0.09683591
0.16846862,0.2848554,-0.19120567,0.013329353,0.2149521,0.29636925,0.049162906,0.35464066,0.13607816,0.16360357,0.025300289,0.18714322,-0.11197183,0.026603695,0.1294348,0.004924648,0.20125045,-0.19045027
0.1251015,0.28303996,0.12116655,0.03337861,0.17357714,0.24437325,0.22316715,0.36461836,0.068477355,0.18791306,0.0015643343,0.32641965,-0.12065068,-0.0054255733,0.27584213,0.013327017,0.42073134,0.14018671
-0.05678957,0.26383308,0.033008065,-0.005318805,0.1607294,0.27050787,0.10713844,0.35561395,0.21477072,0.1215854,-0.007954857,0.2339414,-0.16395201,0.08702799,0.2096932,0.053727727,0.27867332,-0.107457474
-0.00016403035,0.22198384,-0.20792271,0.007576784,0.15455621,0.39444444,0.027566433,0.33178023,0.121443085,0.24698663,-0.14594169,0.13406937,-0.21266708,0.009881809,0.110773236,-0.30206442,0.17541532,-0.27497017
0.23867685,0.2245742,0.019944396,0.2227788,0.18963061,0.18725917,0.21544291,0.23935333,0.13643238,0.11152396,-0.05631152,0.20541066,0.05692303,-0.08694112,0.16495445,0.038782585,0.31709117,-0.025306799
0.13436696,0.23488972,0.11225722,0.08526801,0.1810998,0.13472006,0.3637714,0.46231782,0.12937671,0.10012348,-0.13241008,0.098380715,0.18889552,-0.20419599,0.2787229,0.15838441,0.36494413,0.075346224
0.015640572,0.03279198,-0.16664723,-0.21613227,0.0060606645,0.16792975,0.026048917,0.1508796,0.04241363,0.11733331,0.13773623,0.0812242,-0.16829087,0.21892448,0.0319836,-0.19176751,0.09786581,0.0461208
0.05472144,-0.06564221,-0.28105062,0.011981127,-0.09645011,-0.04300764,-0.05923069,0.1377924,0.022706652,0.21548206,-0.107405946,0.081412084,-0.16009018,-0.107019685,0.0018192495,-0.22683677,0.013159019,-0.32537788
-0.09360208,0.2979333,-0.08180615,-0.015211808,0.14638238,0.31704468,0.1422991,0.48708585,0.27070895,0.1568418,-0.14846417,0.25908682,0.012323244,-0.122560404,0.26223665,0.046903707,0.39483705,-0.14408016
0.17907947,0.23230208,-0.07996746,0.01524869,0.13871051,0.14211999,0.0429061,0.18958244,0.23385824,0.15886517,0.00452088,0.18940227,0.14536944,0.07663843,-0.01241788,-0.052428346,0.003747111,-0.08079212
0.093299665,0.23729415,-0.04664971,0.38501856,0.14206833,0.151935,0.09846256,0.25450692,0.27102104,0.04645791,0.030178636,0.26251975,0.28827512,-0.06580137,0.1764979,0.12644719,0.2388413,-0.019424897
0.48005238,-0.12515356,0.019678747,0.1252656,-0.10035794,-0.11311091,0.2517013,-0.091496386,-0.006706537,-0.1694814,0.14454038,-0.33493933,0.28479883,-0.06619892,0.0765516,0.39139602,-0.057086144,0.23439153
0.11408931,0.15662786,0.13510591,0.43646562,0.063745886,-0.035624746,0.11480085,0.0015698713,0.29907802,-0.068628795,-0.08889085,-0.080757365,0.43853453,0.01486004,-0.028290581,-0.017687898,-0.19664422,-0.0073801884
0.006271641,0.34454608,-0.14106868,-0.17901276,0.23637575,0.42970577,0.21731004,0.42061186,0.30381334,0.20909102,0.03352197,0.17155138,-0.14431871,0.28734812,0.38684884,-0.08893914,0.35043487,-0.059498362
-0.21522297,-0.091996364,-0.23137884,0.004536248,-0.18472968,0.06544475,-0.09482046,0.14606087,0.039275605,0.16819416,-0.13522328,0.23617224,-0.31096163,-0.020940384,0.04522293,-0.16602294,0.17814799,-0.3200936
0.113071345,0.34848872,0.15910068,-0.0758727,0.31479183,0.3103943,0.31324652,0.4096567,0.27167386,0.1574669,0.070950896,0.262242,-0.057094403,0.2499284,0.39651528,-0.014467103,0.4675018,0.28739884
0.061465207,0.3492989,0.103905305,0.268343,0.26541567,0.25991625,0.21115501,0.20907651,0.1425117,0.012128531,0.016780721,0.1311421,0.23361073,-0.051592577,0.14416255,0.19437136,0.16552086,0.02934592
0.08193035,0.3452393,-0.0511412,-0.08134056,0.273894,0.36601517,0.06539945,0.441559,0.16769361,0.2831482,-0.16421407,0.31061283,-0.13604677,0.09352925,0.059023708,-0.264574,0.15787505,-0.21698734
0.22920477,0.20597422,-0.10060137,-0.060513522,0.12933215,0.059213527,-0.026114104,0.24359073,0.13053602,0.30346382,-0.053741187,0.26548207,-0.19497724,-0.012928116,0.045938957,-0.049367093,0.117110245,-0.16084032
0.04072948,-0.36246315,-0.25902072,-0.018567985,-0.30635178,-0.13848837,-0.12855987,-0.2232357,-0.10121275,0.085994504,-0.06800085,0.051043876,-0.17266814,-0.25295204,0.1034005,-0.183301,0.024227165,-0.19579259
0.26555613,0.035827167,0.05357501,0.037567444,0.048489254,0.16439559,-0.044483334,0.19799145,0.15311825,0.16547275,-0.11628216,0.20074871,-0.18680207,-0.108660124,0.0038654439,-0.051933926,0.15336905,-0.24703282
0.13843521,0.285078,-0.013587221,0.082235046,0.22436832,0.25438648,0.0282554,0.31808737,0.3686578,0.13364753,-0.025163144,0.21209349,0.22084591,0.043721605,0.1553468,-0.0007482772,0.14223447,-0.14470024
0.10327321,0.21338096,-0.010575285,0.01513928,0.17114557,0.291046,0.13796894,0.18207024,0.1086886,0.23727867,-0.07715618,0.16995198,-0.30471936,0.23950176,0.13053204,-0.22321498,0.13113657,-0.21966317
-0.07310871,0.25076336,-0.18850547,-0.06689234,0.20804031,0.16077845,-0.05376013,0.24186645,0.051353943,0.17740664,-0.02439979,0.15094057,-0.11930686,-0.112102,-0.011736276,-0.13697939,0.066504456,-0.21710996
-0.03506777,-0.3469172,-0.32879215,0.06594493,-0.38439694,-0.11863095,-0.19739419,-0.0053499746,-0.07475168,0.15294631,-0.118656784,0.3217523,-0.22480017,-0.21171108,0.010520576,-0.30015087,0.1487226,-0.231206
0.24006566,0.35875157,0.3599384,0.13783829,0.3417219,0.2904097,0.13971746,0.35772523,0.37336615,0.0992686,-0.13482508,0.23898228,0.05866443,0.10854514,0.1333537,-0.15124978,0.12951463,-0.095752716
0.071533434,0.46005434,0.13336395,-0.095948465,0.45843762,0.25889796,0.26634067,0.36148292,0.2567343,0.13819268,0.069046326,0.18683258,-0.094065465,0.14298542,0.29577738,-0.0050321273,0.34930438,0.18080334
-0.078148514,0.01337926,-0.22086194,-0.20207584,0.012730828,0.1572049,0.112468444,0.43566632,0.019839086,0.3140993,-0.058889743,0.29917017,-0.107039504,-0.06682114,0.16209704,-0.2184784,0.23765336,-0.046784073
0.110221066,0.35661012,0.1777442,0.009683934,0.28057787,0.21850497,0.36542177,0.31792375,0.13931769,0.010641496,-0.01374604,0.06250048,0.035629768,0.1713699,0.3434759,0.1859717,0.39196944,0.2703445
0.07037065,0.15953226,0.12579526,0.20002022,0.1843796,0.30883893,0.3778397,0.154989,-0.07854694,-0.015866527,0.20568639,-0.0037944023,0.25337604,0.19286136,0.19281408,0.05789576,0.19585611,0.45479944
-0.09398995,0.2930425,-0.06725615,-0.11244792,0.21212117,0.378018,0.27180788,0.45058304,0.08352694,0.23449153,0.015988648,0.29017285,-0.047307495,-0.07522327,0.19323547,0.09436616,0.36112374,0.008270105
-0.07434836,0.18083698,-0.29007345,-0.07666709,0.1518023,0.28567496,0.13639256,0.36019984,0.24245094,0.19273196,0.006565403,0.26422653,-0.07327159,-0.096314244,0.27004415,-0.14290302,0.40569946,-0.12241339
0.11431543,0.33357766,0.34262806,0.0015502058,0.41317776,0.43901455,0.20690033,0.17529029,0.057513017,0.04092746,0.3443829,0.12432274,-0.038803805,0.15309574,0.122162454,0.109163016,0.22417173,0.42544714
0.26224893,0.16686945,-0.1487856,0.10865499,0.12647739,0.20478317,0.14207934,0.21931274,0.26058018,0.17301783,0.09414473,0.1647211,-0.02852011,0.17381138,0.3037644,-0.034184713,0.22555095,-0.030192034
0.30002335,0.24912772,0.1295829,-0.06444203,0.19354284,0.3474152,0.058242097,0.1958956,0.33620897,0.08926497,0.08685031,0.12762369,0.032342076,0.12602472,0.23802875,0.11367853,0.13742407,-0.14232217
0.0722618,-0.008560304,-0.23485212,0.06708383,-0.09182749,0.20587814,-0.07872599,0.17052947,0.1134579,0.2413401,-0.07585773,0.20613377,0.0823707,-0.088568345,-0.027005468,-0.28324834,-0.011916324,-0.1910009
0.05047599,0.32851174,0.32736066,0.26135445,0.22560205,0.060320675,0.32283914,0.30088243,0.15931408,-0.09960839,-0.15676422,-0.1049208,0.5099666,0.07393034,0.074669905,0.016925627,-0.029660966,0.2723298
0.27620843,0.32693848,0.2856952,0.22748445,0.34231064,0.2623721,0.24097267,0.23501132,0.3525583,-0.0021608118,0.009467784,0.06538164,0.113408014,0.17715453,0.2536036,0.29142886,0.23087694,0.048222493
0.16448726,0.43252754,0.14527953,0.022046907,0.27585807,0.25748587,0.17213935,0.44624978,0.19811156,0.114439934,-0.16149817,0.16960388,0.067647405,0.036321294,0.20794538,-0.0776841,0.26610973,0.02465951
0.02825872,0.2488109,-0.07278477,-0.0038251395,0.2148161,0.20888844,0.18299058,0.3659491,0.18385038,0.14636658,0.007720668,0.16180478,-0.1886504,0.08946936,0.24767491,0.02574076,0.29847196,-0.10593403
0.021473082,0.21588244,-0.24029723,0.08544053,0.12434173,0.2220092,0.15433435,0.38056412,0.2699156,0.2138861,-0.021364514,0.3659509,-0.0664124,-0.032723077,0.27053383,0.022478418,0.42074513,-0.14622952
0.101797946,-0.34987497,-0.2874025,0.10532731,-0.33964154,-0.009963976,0.031132014,-0.017455803,0.028156152,0.14986661,0.11205614,0.16415912,-0.21443066,-0.048777208,0.3394788,-0.0106347455,0.28708825,-0.048834413
0.46615046,-0.15203105,-0.2886999,-0.09212632,-0.09932896,-0.041607387,-0.044726036,0.1367262,0.025179986,0.23583893,0.1256534,0.17321138,-0.17633827,-0.17945379,0.1312516,-0.007101887,0.15338674,-0.087162405
0.020338554,0.3493218,0.38327584,0.22276448,0.21210834,0.039356682,0.2745093,0.16518873,0.33170843,-0.15896498,-0.09868685,-0.05543513,0.46379885,0.15209188,0.10652229,0.115716875,-0.06526481,0.15922776
0.33510995,0.19713691,0.012352758,0.3973813,0.123328306,0.0067121116,0.19568634,0.10658495,0.2984425,-0.06259979,-0.051294427,-0.050256737,0.31413782,0.11548266,0.043769788,0.14532357,-0.0044158185,-0.0603649
0.28420052,0.38434634,0.116684645,0.040388145,0.31685585,0.2881283,0.20792472,0.37618417,0.29505306,0.12814328,0.03886612,0.22985461,0.11225704,0.20457277,0.21325326,0.051360168,0.33441523,0.23640257
0.10425047,0.5202318,0.24152017,-0.047760993,0.4349849,0.41931027,0.11930469,0.4458509,0.42687002,0.13222195,-0.11565741,0.3054898,0.137737,0.10904408,0.31147584,-0.048054397,0.2847968,-0.05219872
0.11933326,0.46243325,0.11457884,0.12158083,0.36640802,0.07976995,0.3553968,0.35100606,0.22692996,-0.016142622,-0.05566706,-0.057762098,0.4944306,-0.05722898,0.21231283,0.2996914,0.172504,0.22557135
0.0151018975,-0.07233492,-0.09899614,0.07379584,-0.025736688,0.15957075,0.016574627,-0.1876897,0.15227169,-0.101384036,0.39934096,0.028423818,-0.034254447,0.0914613,0.07756529,0.22226298,0.08593702,0.14282191
0.38144022,0.3397423,0.34032995,-0.120518185,0.24879542,0.42142722,0.16741914,0.32611787,0.20957997,0.066147,0.07117822,0.19636612,-0.052134365,0.17961437,0.23430789,0.121925704,0.2114365,0.059563108
0.042013947,0.31856453,0.07099097,-0.13596871,0.3351484,0.32311228,0.22528976,0.34508947,-0.025287053,0.15915494,0.15862225,0.16843548,-0.11801943,0.0067854617,0.15036795,0.015157639,0.31594008,0.33804336
0.07582708,0.09883257,-0.15118095,0.29553336,0.0032332174,0.17037821,-0.008635125,0.2010177,0.24343891,0.20958163,0.044589583,0.4977363,-0.066764355,-0.081569776,0.22942172,-0.027587187,0.36384496,-0.16212496
0.46261063,0.1316889,0.11640291,0.0875553,0.118602306,0.0200634,0.36191913,0.032167293,0.13135473,-0.17845194,0.10302406,-0.30546588,0.3695709,0.0627505,0.08460806,0.3207869,0.004322102,0.27013776
0.10644827,0.15385331,-0.16231568,-0.013305215,0.10751959,0.15341666,-0.041472655,0.18116745,0.46406594,0.23688762,0.05607499,0.32090726,-0.07051299,0.09177056,0.18281722,-0.022370767,0.21034554,-0.16601786
0.16327682,-0.2258953,-0.13062319,0.26359376,-0.24293642,-0.027577586,0.080517165,-0.023768393,0.2049921,0.0057161245,0.0010154293,0.014186647,0.047638875,-0.0024648746,0.102284245,0.16312546,0.077264816,-0.120906785
0.26722234,-0.1707174,0.031113608,0.312318,-0.1395087,0.0055213394,0.3328268,0.058441672,0.19266741,-0.08986411,0.052817333,-0.06537698,0.24035293,0.008285111,0.28374383,0.2826085,0.21603355,0.13935144
0.16669677,0.36522448,0.03862982,-0.038515996,0.24937466,0.3870638,0.28643543,0.47693694,0.12165134,0.08867193,-0.0024374495,0.14257978,0.06143541,-0.055218983,0.32902998,0.17617664,0.4430343,0.104065105
0.04309047,0.29383966,-0.104731515,0.09205296,0.19306694,0.15722227,0.0014895215,0.22869177,0.31040913,0.12272251,-0.0518524,0.2826196,-0.051012438,-0.04592341,0.20772524,-0.03433912,0.29710358,-0.20244315
0.14691454,0.20094879,0.09149019,-0.07623468,0.2956294,0.26492295,0.38769278,0.23402195,-0.053203143,0.063394666,0.26835725,0.0020679615,-0.032341644,0.06385681,0.20540336,0.13825175,0.32194906,0.47966182
0.097944416,0.41159683,0.07365484,0.055416852,0.40458056,0.18850254,0.32491833,0.40446997,0.26913068,0.03876887,0.070860475,0.12961362,0.34524053,-0.019864667,0.35667115,0.12110006,0.40247935,0.34256163
-0.15390609,-0.29537034,-0.3184251,0.19930492,-0.34807396,-0.18498038,-0.24266917,-0.29705152,-0.1984439,0.10110028,-0.14736748,0.038482625,-0.1824942,-0.38298208,-0.23346366,-0.32049772,-0.15397918,-0.28477335
0.05907277,0.39421546,-0.022192858,-0.12439515,0.32999676,0.2836063,0.24051985,0.51058376,0.21077316,0.17718162,-0.09689233,0.2415269,0.09087126,-0.031400643,0.20525682,-0.034128986,0.33159372,0.005504182
0.03894998,0.21256693,0.08813753,-0.00915749,0.24924065,0.19100432,0.30292583,0.16790557,0.025759153,0.060487967,0.2417704,0.12008091,-0.17287382,0.062234,0.19502194,0.12891792,0.33979914,0.27785754
0.23524186,0.37440354,0.22412522,0.11542517,0.41851988,0.33595872,0.16052616,0.315118,0.3218098,0.27065784,-0.05961424,0.26606387,-0.09772455,0.12970929,0.2841632,-0.109546654,0.27972278,-0.06544451
0.14870025,0.001623137,-0.109144144,-0.014216209,-0.0718087,-0.025593532,-0.08922376,0.122408666,0.13632855,0.017419944,0.130355,0.20321272,-0.20341052,-0.10768447,0.105221055,0.029544963,0.27174652,0.029148048
-0.012575326,0.43137664,0.29513088,0.22297016,0.3468641,0.35909942,0.20905085,0.16439685,0.31156933,0.15867877,-0.06782063,0.15883629,-0.07503918,0.40176198,0.13881117,-0.02870524,0.03564046,-0.109178975
0.08220585,0.47134987,0.092231974,-0.016596334,0.32095164,0.30222505,0.2507871,0.48067117,0.26604533,0.16585493,-0.10226001,0.27174369,-0.019071314,0.124708734,0.28474736,0.050050054,0.38842335,0.010346041
0.1329303,0.23336042,-0.12099882,-0.1177666,0.24298503,0.23581152,0.05600382,0.32267323,0.21214522,0.2313525,-0.014055023,0.12709013,-0.24103762,0.0009955205,0.29949945,-0.06603229,0.3125061,-0.15304817
0.23116992,0.27492508,0.18328688,0.34825045,0.21563974,0.24071959,0.29361236,0.23849468,0.22885539,0.09536018,-0.15035506,0.15862086,0.01536937,0.038965113,0.2195513,-0.038085643,0.25417927,-0.15384856
0.035837777,0.24460462,-0.12306841,0.28335705,0.14254622,0.15494366,0.24741788,0.20541166,0.26323956,-0.015843546,-0.04444692,-0.032906473,0.40393955,-0.0012159663,0.12948355,0.13210681,0.0914959,-0.007816592
0.20141126,0.25849545,-0.0067068734,-0.010074754,0.17567657,0.076794334,-0.017103095,0.19094862,0.13892391,0.19596449,0.07513937,0.14609745,-0.12454575,0.08798762,0.0595981,0.03649491,0.034962375,-0.027013188
0.011127171,-0.05064505,-0.084138855,-0.005203546,-0.029169299,0.30243292,0.26029325,0.25488758,-0.11325777,0.09838933,0.17401728,0.05873824,-0.14184228,0.075386226,0.1603372,-0.042715326,0.3009226,0.24008453
-0.0033681674,-0.23337822,-0.3699675,-0.0884115,-0.2772969,-0.01809929,-0.14071469,0.14669962,0.05304236,0.1569539,-0.021417879,0.30401108,-0.22254618,-0.21517336,0.115560785,-0.13883506,0.2875398,-0.19970115
-0.018936321,0.058206905,0.0036175859,0.036396746,0.08413563,0.16522902,0.03756553,-0.08231335,0.00026618515,-0.07055165,0.38315603,0.0424883,-0.1348458,0.04800051,-0.067852065,0.16650757,0.10542918,0.34341693
0.07518072,0.2991895,0.03030386,-0.021646813,0.3672303,0.34620145,0.034068488,0.2470092,0.31558356,0.21745367,0.02385783,0.31188974,-0.20321791,0.052077677,0.18797179,-0.17999938,0.24819487,-0.17162426
0.095760025,0.17080337,-0.0995196,0.3305071,0.07074867,0.18425642,0.17448999,0.20300154,0.21864599,0.069951944,-0.046850022,0.2244444,0.31642333,-0.16314356,0.11728428,0.12719357,0.20195779,-0.09619902
0.18539318,0.20733878,-0.10773431,-0.0789812,0.25387353,0.20227367,-0.009010189,0.3255989,0.18779218,0.27244076,0.050866697,0.33912167,-0.14155495,-0.13333054,0.13150938,-0.14035653,0.21528916,-0.13709822
0.34239483,0.14158241,-0.012435034,0.16833195,0.14847358,0.119568065,0.20538442,0.19588245,0.072218224,-0.0662122,0.12762156,0.050718006,0.19791947,-0.16065854,0.14769591,0.30699843,0.30457643,0.2205614
0.14222637,0.20407948,0.08420209,0.234815,0.07891368,0.15639871,0.037106596,0.22745231,0.24294652,0.04191945,-0.10514473,0.1291634,0.038208473,-0.032712154,0.1137309,0.024250632,0.088208094,-0.21532205
-0.103925824,-0.28561088,-0.27086475,0.12333976,-0.32842147,-0.05154821,-0.011688208,0.03574061,-0.013905061,0.10329116,0.09611344,0.24508895,-0.23215862,-0.09699149,0.10179715,0.034090742,0.23670198,-0.10479458
0.3812571,-0.07096395,-0.16988184,0.15551709,-0.10343377,0.17307808,0.022953521,0.072951525,0.08999427,0.19229946,-0.03377478,0.12020546,-0.11657468,0.0720098,0.021696532,-0.09898011,-0.0017305331,-0.25323218
0.3117851,0.34330454,0.15955916,0.19576687,0.27626434,0.2831159,0.17287165,0.44258565,0.35563377,0.0866269,-0.10291697,0.19678806,0.2994907,-0.13115363,0.26512033,0.11629407,0.31139103,0.0052412245
0.041198317,0.1047973,-0.10099824,-0.11623108,0.1570319,0.2402384,0.016694,0.20939617,0.113048546,0.16273844,0.11699451,0.13824584,-0.24315363,0.24807881,0.19151276,-0.25600222,0.18828006,0.03717862
0.41858855,0.23031454,0.20273355,0.3478735,0.15491687,-0.110501125,0.19932638,0.048037924,0.3125729,-0.13228372,-0.037828557,-0.09557463,0.41886634,0.14600067,0.05018479,0.15938078,-0.077909835,0.110770926
0.23601429,0.3768375,0.1117157,-0.116030514,0.33640736,0.22928719,0.23328143,0.37742296,0.20022488,0.10630825,0.056036033,0.14591862,-0.020614361,0.087243006,0.32892802,0.045768753,0.4066644,0.24158269
0.021448337,0.11238482,-0.34003666,0.12528916,0.101225,0.20511436,-0.15665013,-0.028169071,-0.029968664,0.2101797,-0.06804391,0.12508039,-0.23564349,-0.14464009,-0.050049726,-0.27933303,0.0449281,-0.3187736
0.3389065,0.2843319,0.34577066,0.3003814,0.17162341,0.0740753,0.39855534,0.27870956,0.26870933,-0.11420274,-0.12478301,-0.06636226,0.5267652,0.053033765,0.16444422,0.15695606,0.046031833,0.16592726
0.16839473,0.5112507,0.13034241,-0.10725916,0.46756616,0.32873404,0.08461614,0.36450487,0.3960251,0.22279245,-0.03049556,0.22983468,-0.07778208,0.29851595,0.21101415,-0.0076210345,0.19348653,-0.08578154
0.17827134,0.24013378,-0.062354676,-0.092082724,0.28493163,0.34951857,0.022192184,0.2591185,0.1508633,0.20389974,-0.013163827,0.17134638,-0.20069516,0.14448062,0.14975019,-0.26437485,0.16798887,-0.121133424
0.023350952,0.15046018,-0.16859315,-0.016878312,0.11114034,0.17585202,0.026298756,0.1891846,0.3391343,0.11171156,0.04559919,0.19073118,-0.03951298,0.13731843,0.1422817,0.007907712,0.17697224,-0.14073372
-0.0325684,0.34899986,-0.053120345,0.08187737,0.25217384,0.38943982,0.10111129,0.20251061,0.1893101,0.20814893,0.018523429,0.25775325,-0.14979227,0.035287976,0.21373793,-0.036202163,0.24367939,-0.1464968
0.41651118,0.2715185,0.2817135,0.09158771,0.21361326,0.09747953,0.2758848,0.27500993,0.31899562,-0.08659282,-0.12367494,-0.11114579,0.4967433,0.078929,0.12519884,0.08456681,-0.023328206,0.08273516
0.025320973,0.2830246,-0.11596884,0.024357267,0.23467839,0.14457871,-0.11490948,0.2614728,0.11358718,0.18464051,-0.13910656,0.20094925,-0.079899184,-0.039836112,-0.043482438,-0.26474473,-0.009114623,-0.21745183
-0.011138776,0.2828137,-0.07201218,-0.055322576,0.22480462,0.35814774,0.11031848,0.27180663,0.02466983,0.18934003,-0.17262286,0.16346206,-0.18102187,-0.017740363,-0.031940013,-0.09501085,0.14385185,-0.30988142
0.16310208,0.3737761,0.16357982,-0.1007611,0.3797651,0.34528372,0.12733312,0.29407504,0.26702,0.17326131,-0.05140462,0.2605824,-0.07301232,0.05767783,0.21495435,-0.09730395,0.281869,0.00093412126
0.102153376,-0.09507865,-0.06439236,0.4346753,-0.08600058,-0.057757467,0.25130633,0.226652,0.3375145,0.091729224,-0.03860188,0.12687533,0.36511776,-0.06694953,0.15637936,0.015645001,0.093040384,-0.016758632
-0.015792096,-0.0067978087,-0.18860818,0.04089909,-0.05088064,0.081870645,0.35429242,0.07203206,-0.09751364,0.033396944,0.06229269,-0.048982263,-0.064674355,-0.029231366,0.19314028,0.16354306,0.27508402,0.08908359
0.18010505,0.27731764,0.2464834,0.16603872,0.30558527,0.2695015,0.37605014,0.09139481,0.08952573,-0.103838116,0.20998894,-0.04983127,0.28245175,0.09303193,0.23982947,0.31501138,0.22778863,0.4245018
0.16083255,-0.07119219,-0.21406195,0.001369938,-0.1176002,0.091694094,0.087789334,0.25602636,0.016648946,0.22728983,0.024891078,0.18858543,-0.14527808,0.035997845,0.17027223,-0.08905799,0.15571792,-0.095202
0.21653883,0.11876906,0.29769683,0.2528311,0.10479178,0.08807842,0.2913887,0.282223,0.3654644,0.018070288,-0.0490918,0.0725425,0.42828262,0.19768012,0.20711476,0.079300016,0.0912622,0.24380232
0.04208216,0.25752288,-0.024386825,-0.07917947,0.1950692,0.35145864,0.29346308,0.3833389,0.028507322,0.28536963,-0.12760527,0.15233447,-0.2456666,0.10818263,0.16932382,-0.1424547,0.2669153,-0.12312728
0.30250868,-0.041063596,-0.18802938,-0.0056250743,-0.11875909,0.10983063,-0.249852,0.08979856,-0.028502466,0.2457191,-0.01764553,0.35833976,-0.36172095,-0.13332866,-0.07408371,-0.23804687,0.08760799,-0.31380364
0.1259714,-0.05355887,-0.24842153,-0.13479167,-0.021267321,0.18577488,0.06941106,0.10993249,0.057195634,0.20851806,-0.073312275,0.05212738,-0.21910335,0.11992814,0.05349469,-0.23136364,0.068275325,-0.20183867
0.19965376,0.26976213,-0.05073906,0.030365115,0.19669981,0.26861283,0.1919732,0.289016,0.20108771,0.1243249,0.036180116,0.1102564,-0.12846658,0.049801167,0.2764245,0.09388118,0.3476268,0.020847702
0.029573496,0.24370906,-0.07583733,-0.014664665,0.2675115,0.4101331,-0.024753,0.24037796,0.033258297,0.26878467,-0.014853943,0.23661506,-0.18042365,-0.04960514,0.13179399,-0.27241823,0.1892237,-0.13575378
0.46114045,0.1870286,0.4254434,0.25156873,0.15947145,0.2178021,0.33040604,0.078143716,0.26219705,-0.23205428,0.1310031,-0.05448201,0.3942467,0.16267297,0.18993331,0.34874317,0.11745336,0.3324602
-0.14152597,0.31370643,-0.15054925,0.014677227,0.18155943,0.26132047,0.03264615,0.37506074,0.3410188,0.2997437,-0.12378686,0.35930434,-0.19029956,0.07084887,0.27117777,-0.21846588,0.29058775,-0.23980184
0.041136034,0.19236155,0.403896,0.08515243,0.17443871,0.168727,0.32765314,0.07657153,0.16708444,-0.08977197,0.09541024,0.004182491,-0.059092462,0.44014722,0.20391598,0.002111592,0.14513785,0.31891266
0.051521517,0.33295143,-0.11165787,0.14244336,0.3441787,0.28781226,0.12041892,0.22453034,0.054942694,0.2515881,-0.0740513,0.23435152,-0.16484319,-0.15648541,0.21885012,-0.1174715,0.33548826,-0.16903554
0.39891344,-0.18404901,0.13103038,0.3267249,-0.17935756,-0.0016947449,0.30826202,0.16068918,0.19575995,-0.043435685,0.043684736,0.024180459,0.23725727,-0.0053269374,0.17546496,0.22136097,0.14837074,0.09418244
0.0071452297,0.32205218,-0.1003093,-0.09504037,0.2431537,0.306389,0.23974968,0.45041838,0.29276717,0.2710272,-0.059428245,0.33171502,-0.15156071,0.088286266,0.3265847,-0.086405545,0.41550002,-0.08518025
0.37451726,0.2376076,0.46590367,0.35486254,0.22899233,0.19764659,0.19227946,0.31771752,0.18432344,0.0777175,-0.10005909,0.11596538,0.28073385,0.2449756,0.16291983,-0.10875659,0.021499861,0.15281259
0.3654103,0.3688909,0.051004834,-0.08548544,0.24967577,0.33260432,0.21212225,0.4280822,0.23778039,0.11726154,-0.045544043,0.19719875,0.0327042,-0.0384993,0.29820284,0.16778179,0.4173624,-0.03153147
0.00422966,0.32698366,0.14937517,0.101615004,0.23793063,0.27027178,0.18884537,0.2900204,0.24287945,0.01565416,0.06593674,0.15323743,0.025682572,0.19862984,0.22312376,0.043782715,0.18446444,0.015524463
0.20784968,0.26435164,0.08322738,-0.082935944,0.22963925,0.29895613,0.02546114,0.36081964,0.3580696,0.20762403,-0.050697844,0.34392473,-0.3058152,0.11253752,0.39685005,-0.066217646,0.4591379,-0.13807271
-0.20193087,-0.24046963,-0.040879667,0.03340225,-0.30945954,-0.1244388,-0.3341151,-0.18384777,-0.024804968,-0.019295556,-0.043508347,0.024118178,-0.219987,0.09381631,-0.43194953,-0.22111209,-0.4284302,-0.2523386
-0.05503328,0.020490862,-0.25336918,-0.055848066,-0.00065249373,0.21173596,0.26027998,0.38389757,0.21947342,0.18508066,-0.06883232,0.1225371,-0.03232268,-0.09822943,0.26898092,-0.016356982,0.3791161,-0.08185668
-0.027936248,0.23865943,-0.19706443,-0.0060791112,0.18321674,0.1750566,-0.18464492,0.16723481,0.19426112,0.062474187,0.083142124,0.24378434,-0.17095539,-0.14287853,0.06356225,-0.11285927,0.22720976,-0.10827304
0.08232363,0.297279,0.007400868,-0.049504533,0.2381251,0.31028706,0.06887446,0.4372931,0.2093026,0.13783719,-0.10811548,0.37116218,-0.034997012,-0.16865264,0.16006859,-0.076585606,0.3843277,-0.106945544
-0.13310681,0.21217771,-0.17415118,0.008767028,0.07968373,0.22533962,-0.030766174,0.3105123,0.18972316,0.26541993,-0.030589491,0.3015091,-0.1811906,0.025316857,0.27448767,-0.2032233,0.25474733,-0.16429724
0.09678148,0.6058224,0.3713565,0.10719307,0.54218674,0.3881006,0.20021759,0.36318874,0.36526328,0.16335359,-0.057256144,0.2536534,-0.04391846,0.47322604,0.2828672,-0.048167177,0.18906656,0.07796958
0.20224155,0.26629683,-0.14124192,-0.061995056,0.24330495,0.13542338,0.04761702,0.23405702,0.35893527,0.15044463,0.034135282,0.29006875,-0.11504209,0.007159545,0.25717807,-0.016770648,0.34931177,-0.11930303
0.06818547,-0.14940552,-0.14172788,0.3233641,-0.17385569,-0.0731504,0.19982785,-0.050319027,0.1846565,-0.06614965,-0.044218473,-0.12441269,0.29997167,0.04483849,-0.021120634,0.04151118,-0.09165198,-0.06758128
0.12706228,0.15932873,-0.07731226,0.31791446,0.101043686,0.08930558,0.33337325,0.07688455,0.1560683,-0.07709005,0.021833714,-0.0836648,0.24969174,0.02750955,0.10779283,0.24667317,0.13382691,0.03212653
0.2318954,0.28368813,0.10063904,-0.04929033,0.2455508,0.20484895,0.054690354,0.25806326,0.1491668,0.14594965,-0.10187076,0.07634818,-0.08926739,0.25791994,0.14608437,-0.19926025,0.07345223,-0.035416603
-0.02894772,0.21999682,-0.15806198,-0.0003825113,0.18760496,0.3454566,-0.069597065,0.25279164,0.17611364,0.21133216,-0.011820808,0.2649283,-0.121638134,-0.1690575,0.123713516,-0.18146467,0.23512466,-0.19367796
0.06273947,0.28917444,-0.13429937,0.04381329,0.28744626,0.23148017,0.32634255,0.45739368,0.29571173,0.2104997,-0.06313056,0.17814572,0.013569987,0.030772023,0.37077394,0.06874026,0.43596557,-0.040299635
0.2939177,0.15531282,-0.09514895,-0.10647355,0.044110306,0.20172763,-0.10841918,0.23052599,0.22857122,0.2697211,-0.03713767,0.3102757,-0.16354564,0.014275273,0.14629203,-0.12913309,0.16745353,-0.13477264
0.09356807,0.20618662,0.32344496,0.33369404,0.14509216,0.2659525,0.31303895,0.18282056,0.12048196,0.033153523,0.035805535,0.14733638,0.01227594,0.2258589,0.2792169,-0.037220106,0.19419415,0.115086064
0.18450853,0.36902305,0.16630028,0.055435985,0.32571033,0.28358403,0.21088724,0.40143406,0.28253323,-0.02670322,-0.052571613,0.13190943,0.34449095,-0.12803894,0.23542975,0.25260636,0.27831134,0.11774046
0.08929535,-0.17615792,-0.13462272,0.25589997,-0.21312007,-0.26441124,0.14903495,-0.14722921,0.08718383,-0.11910969,0.036491238,-0.1459105,0.19545186,0.014975728,-0.0037626566,0.14255452,-0.08377244,-0.0021723923
0.15544692,0.12432246,0.10101769,-0.0074253017,0.123480245,0.20572111,0.32124105,0.22926095,0.21074465,0.112801224,0.16092254,0.0783515,-0.15633734,0.47758597,0.3389333,0.10679053,0.31285074,0.24824658
0.25192422,0.26132128,-0.047674578,0.104455344,0.13689788,0.31195718,-0.039011557,0.2170182,0.10967838,0.12784404,-0.07829794,0.11391735,-0.15186554,-0.0032176597,0.06956679,-0.13060752,0.115490176,-0.22705786
0.115688235,0.3381891,-0.07500791,-0.08667177,0.2836967,0.32332876,0.22002098,0.29482925,0.13838583,0.14549534,0.09055606,0.22738741,-0.055569876,0.065155394,0.24087016,0.17092784,0.32592243,-0.010474416
0.06743506,0.20169534,0.072050825,-0.06477336,0.27508733,0.2343835,0.39590585,0.26021877,-0.070955835,0.016146941,0.21636666,-0.053067595,-0.0015806027,-0.018837214,0.25935438,0.28665474,0.39082918,0.46855325
0.20127691,0.14229743,-0.0035110284,0.012176266,0.10555598,0.43139914,0.1800056,0.35151222,0.18009338,0.23822741,-0.08629019,0.32335722,-0.1500228,-0.05403565,0.2073695,-0.112339504,0.33316267,-0.20503055
0.00703093,0.28301838,-0.066774674,-0.013756778,0.14681835,0.29676762,0.19079596,0.44618714,0.20575176,0.20444074,-0.09367489,0.25182363,-0.13941187,0.02912192,0.19956528,-0.0029248472,0.2981945,-0.19934218
0.025770504,0.161442,-0.18242939,-0.15849212,0.102838464,0.38606507,-0.12330177,0.08916476,0.04118921,0.20357876,-0.065306626,0.21274681,-0.16765578,-0.0571862,-0.10449652,-0.26556963,-0.024897723,-0.27734604
0.099750355,0.26118505,-0.09458738,0.038165912,0.26680365,0.38411617,0.0038615623,0.26484007,0.10812232,0.27111432,-0.0381594,0.30992606,-0.13028646,-0.13560195,0.17542864,-0.1682606,0.2868577,-0.14555499
0.059747938,-0.021437027,0.052332565,0.30171737,-0.061400976,0.17173286,0.44718593,0.062268022,0.013911873,-0.047426496,0.13999407,-0.049613137,0.018527705,0.06586246,0.29245543,0.3292794,0.28178814,0.16829737
0.09405803,0.260144,0.08753598,0.2674587,0.28835484,0.30245477,0.34454378,0.34826463,0.16549209,0.16304554,-0.023051374,0.18580724,-0.042278815,0.16895798,0.35995078,0.052783787,0.40227228,0.036276333
0.20827954,0.27489957,0.034921885,-0.057028033,0.26990098,0.30674636,0.2952879,0.49896786,0.3078131,0.21975155,-0.06754235,0.21015123,0.091600925,0.062710464,0.2945313,-0.0519419,0.35615596,0.0750084
-0.07581369,-0.1328696,-0.08917708,-0.07651773,-0.14339909,0.15130712,0.07482361,0.037812326,0.097233936,0.13535,0.18548144,0.13141425,-0.021661201,0.3359935,0.10388174,-0.036419105,-0.048641868,-0.006479087
0.10816186,0.2729473,-0.13519023,0.077145174,0.20939395,0.29864287,0.29727176,0.34144166,0.18551138,0.18781865,-0.039635852,0.1747952,0.019926488,-0.11609685,0.23738453,0.15701789,0.33330992,-0.14182568
0.21656258,0.2635464,0.028721472,0.008031892,0.14907385,0.18450855,-0.15440606,0.11515731,0.18780696,0.26533934,-0.089133985,0.25951624,-0.24162199,0.082873516,-0.0020651622,-0.2238804,-0.0040925276,-0.22357224
0.13039865,0.23534563,-0.09180544,-0.11415351,0.15915571,0.32896268,0.12890877,0.3519249,0.29057735,0.16388576,-0.02792795,0.1839444,0.022967098,0.059496373,0.20489009,0.0063018696,0.2576213,-0.083134696
0.15786783,0.26428682,0.44294494,0.28919348,0.19447272,0.048215903,0.2955215,0.20991796,0.29324758,-0.0744065,-0.12264756,0.059151035,0.49922928,0.088757426,0.18427667,0.007688079,0.03319166,0.23345517
0.30153063,-0.028123548,-0.08065565,0.006770528,-0.073706575,0.031149698,0.2889418,0.23344782,0.11353017,0.08636094,0.029624654,0.15724689,-0.035874847,0.023486067,0.36505473,0.111025386,0.4466477,0.14080845
0.059538044,0.39441553,-0.029854087,-0.043361045,0.33966574,0.43184912,0.24536887,0.5036848,0.29369667,0.21662648,-0.024829399,0.3521456,0.0021370857,-0.08417104,0.41947043,0.02613068,0.5418081,0.014764912
0.48015958,0.29491726,0.24522409,0.1925813,0.25429308,0.043707218,0.16229908,0.19606984,0.36827603,-0.09680265,-0.053239662,-0.097883575,0.43323013,-0.049751155,0.06912034,0.31921634,-0.059956368,0.027995823
0.070491046,0.33633372,-0.10891279,-0.076931946,0.29268107,0.30050957,0.2194039,0.41097164,0.18864253,0.17815278,-0.047072295,0.2083755,-0.033370383,-0.15686041,0.291467,0.11455943,0.41906446,-0.10162742
0.4320353,0.34678316,0.31844917,0.038093332,0.3069674,0.30056825,0.22276044,0.5646318,0.37115827,0.20542432,-0.15604249,0.25632137,0.11678379,0.21723408,0.22632617,-0.14300556,0.22444852,0.015127615
-0.11308127,0.16095111,-0.13454986,-0.07893425,0.027992764,0.22078364,-0.037517402,0.35105914,0.20411399,0.2612735,-0.12723362,0.32990855,-0.2274463,0.025873026,0.082756124,-0.3515506,0.1653879,-0.22489665
0.21321355,0.20133129,-0.024470316,0.36470014,0.15983805,0.17694065,0.26062623,0.3442198,0.23529467,0.07911353,-0.1006438,0.124100946,0.47439405,-0.23166853,0.06817099,0.020089157,0.11523804,-0.058400944
0.12590452,-0.18405357,-0.27395135,0.20756228,-0.21262792,-0.006705284,-0.07138494,0.09674763,-0.026026355,0.27331325,-0.05375313,0.27967292,-0.14086637,-0.16488577,0.116631575,-0.2108374,0.123617485,-0.24338755
0.047702562,0.21396084,-0.21455781,-0.07329225,0.14685977,0.30530232,-0.1786517,0.2118094,0.11733242,0.28036216,0.040899277,0.34620556,-0.16416407,-0.14519098,0.035247836,-0.25438672,0.15578952,-0.1937084
0.18482374,0.44038767,0.05270392,-0.12387865,0.3041078,0.3294279,0.14546196,0.46006334,0.3207858,0.25241274,-0.1061062,0.3331328,-0.059184916,0.02597163,0.30925784,-0.08935522,0.39469287,0.008795015
0.003220067,-0.0049009942,-0.36075464,-0.2556063,0.016262732,0.19733763,-0.027346293,0.2931271,0.19554704,0.25367892,-0.0065888753,0.29423985,-0.20984712,-0.04838991,0.2887253,-0.19132066,0.37533855,-0.14462273
-0.0072153495,0.4119341,0.16142516,0.087922744,0.31924543,0.26073912,0.26749474,0.36300665,0.2539505,0.01778315,-0.018268412,0.16105123,0.19653742,-0.069377065,0.270885,0.15833539,0.34897754,0.10034086
0.063379064,0.01597702,-0.030175745,0.3688826,-0.06473532,-0.04596327,0.2640029,-0.008336821,0.21556355,-0.0697374,-0.0441859,-0.050657023,0.2352176,0.06953808,0.09020311,0.1421045,0.054507345,-0.011399052
0.056873284,0.2390584,-0.0841478,0.21540202,0.13991694,0.20723452,-0.078040615,0.11856896,0.27342322,0.12757248,-0.047631487,0.16274709,-0.0905409,0.14864032,0.056830153,-0.13756266,0.017027665,-0.26658857
0.1027226,0.33891314,0.063964434,-0.005369625,0.30167264,0.32812926,0.028455215,0.30101773,-0.0040676217,0.32800248,-0.1407573,0.27422145,-0.23064893,0.057485465,0.11207716,-0.22975726,0.1472122,-0.1315108
-0.003731389,0.09799096,0.05357561,0.00048882666,0.15828322,0.20251231,0.20487438,0.066583924,0.04575953,-0.00065966323,0.30926812,0.06732124,-0.045310766,0.15532024,0.059982404,0.047338806,0.20599227,0.41023976
-0.054459855,0.060663905,-0.12652454,-0.03385856,0.085605316,0.27486834,-0.036979843,0.07704267,-0.09616035,0.263264,-0.009415756,0.19740611,-0.18705836,-0.20814103,0.04510751,-0.24815486,0.11829758,-0.18627697
-0.0015877311,0.41446164,0.19707218,0.0698604,0.2771581,0.371257,0.3657603,0.37837046,0.2582105,0.07123946,-0.051238347,0.20258902,0.16677439,0.20594001,0.28310177,0.13859737,0.31752548,0.1322506
0.010520628,0.40294272,0.02044169,0.12497955,0.34640422,0.1533891,0.24266876,0.45350638,0.2949124,0.05940542,-0.12650727,0.20486331,0.42453012,-0.095428966,0.22014478,0.052448556,0.2922736,0.07035134
0.079917915,-0.12639938,-0.16595456,-0.10539124,-0.1316475,0.03266182,0.16024172,0.14689769,0.19934249,0.15364362,0.06300406,0.27893496,-0.00032265473,0.054934885,0.26063558,0.05544168,0.2710557,-0.055184554
0.2455318,0.18438834,0.13993026,0.28260714,0.13971375,0.041974574,0.27302247,0.14515358,0.2299303,-0.16253711,0.027902111,-0.11032623,0.4575481,-0.22409086,0.051923737,0.4041008,0.043336034,0.14389859
0.06961057,0.5553245,0.17809285,0.0019450462,0.49201035,0.38775524,0.25353047,0.4004512,0.37339693,0.15550873,-0.038431726,0.23976028,-0.034554604,0.1498125,0.3744566,0.030298326,0.37217212,-0.019670418
0.08339911,0.19180733,-0.045023244,0.08381995,0.155739,0.26833302,0.07899142,0.22816171,0.37018776,0.1506103,0.017338432,0.24537252,0.23382664,0.05195498,0.20385036,-0.047566913,0.18218333,-0.0578141
-0.077494904,0.13870199,-0.10098396,-0.077991426,0.16964759,0.31077456,0.0087069245,0.2844191,0.12097642,0.19893749,-0.007674914,0.1730753,-0.22295207,0.25775063,0.16598335,-0.33688378,0.14581998,-0.084402606
0.41837987,0.36459303,0.37880513,0.29047915,0.27003106,0.2786004,0.2605648,0.30697855,0.38997874,-0.047756463,-0.051767144,0.14502414,0.4652484,0.0074179117,0.24293149,0.16586556,0.16689938,0.107333735
0.06359408,0.21492593,0.10838556,0.04076516,0.21422994,0.19311287,0.0473575,0.35643497,0.043954827,0.2729497,-0.10664331,0.2523639,-0.13314135,-0.020755941,0.07790952,-0.28425756,0.115331195,-0.09624458
0.4437729,0.10218941,0.121956006,0.029060211,0.08381614,0.1449186,0.11542449,0.15038149,0.36731303,-0.0107112145,0.028112574,-0.028042562,0.27972713,-0.04808246,0.16685784,0.3047631,0.0063149105,-0.051971417
0.47788158,0.45309123,0.2966215,-0.12864727,0.42862937,0.34243116,0.22149171,0.6098147,0.42370534,0.24351181,-0.10170836,0.23457234,0.089197665,0.26366547,0.3050897,-0.01872977,0.275398,0.08597561
0.41383994,0.43550354,0.24555069,-0.064522825,0.38874313,0.33052307,0.10839926,0.20233431,0.22554201,0.19628389,-0.12085491,0.09922467,-0.13954385,0.38733718,0.1022848,-0.1271591,0.019137112,-0.12128871
0.21196662,0.24030536,0.41001865,-0.003214586,0.31273526,0.24559285,0.25838277,0.12493915,0.06341,0.006268972,0.28057867,0.051143643,-0.1434609,0.27727902,0.13445795,0.05981463,0.18803601,0.42362398
0.013055662,0.22553793,-0.08970353,-0.2599058,0.2596125,0.27304038,0.17643598,0.5500591,0.20685552,0.2770828,-0.046690583,0.24372791,-0.13072954,0.023320418,0.266461,-0.2562587,0.34572032,0.036706537
-0.0976421,0.0944172,0.06185465,-0.039453574,0.06709608,0.16546999,0.16576387,0.14069173,0.07031552,0.15224949,0.14384584,0.09546627,-0.25017902,0.33617437,0.14530309,-0.15998688,0.124822274,0.18111299
-0.004817046,0.17979467,-0.14601347,-0.1876775,0.13944356,0.30313033,0.21673469,0.5186524,0.15428022,0.29239306,-0.096352935,0.25052983,-0.030179197,-0.01015669,0.15419558,-0.18278843,0.25989133,-0.10162416
-0.003244489,0.022036336,-0.14305317,0.013234049,0.08099229,0.087224595,-0.098837174,0.07639804,-0.12329732,0.1697306,-0.14799087,0.04170602,-0.17535153,-0.32702097,-0.09858713,-0.29823163,0.033365868,-0.24058045
0.07721858,-0.099187136,0.17579927,0.38984063,-0.13006449,-0.16780357,0.29653436,-0.21129194,0.0042914134,-0.25228587,0.1662756,-0.24706468,0.46521527,0.006306815,0.022644881,0.31206092,-0.15860616,0.34699878
0.45353362,0.34765035,0.37526986,0.1743744,0.28114417,0.14141473,0.12592988,0.28187257,0.3974483,-0.04908233,-0.14632596,0.024637917,0.4974329,0.037049457,0.034548186,0.0648468,-0.09535396,0.018629678
-0.17572398,0.07491681,-0.1165733,0.036174018,0.07294765,0.22317746,-0.071455315,0.09458448,-0.06948128,0.1746728,-0.15790544,0.07483375,-0.19218104,-0.2159841,-0.12617108,-0.30521917,-0.024412852,-0.32450223
0.16900292,0.31632882,-0.00836148,-0.13348347,0.24290654,0.34583345,-0.08502813,0.28063768,0.12605236,0.1423732,-0.13175392,0.15128922,-0.1283125,0.14998469,-0.035588644,-0.31069767,0.022706378,-0.15718533
0.10558452,0.06401765,0.07043331,0.024390783,0.17313984,0.19009778,0.25174946,0.039872218,0.02111636,0.06606031,0.32515228,0.06515354,-0.20011103,0.13330545,0.2777174,0.22225915,0.4087108,0.440638
0.26565275,0.33290344,-0.1347032,0.061563704,0.42143813,0.27248323,0.048736595,0.17360052,0.082774885,0.30391428,0.15086877,0.32248247,-0.30176264,0.08479166,0.20094584,-0.13219848,0.31087217,-0.060102854
0.042943597,0.29686382,-0.15601064,0.0006317195,0.19113153,0.32042176,-0.0626351,0.2756873,0.32878053,0.1912778,-0.07225929,0.29949075,-0.17504369,0.10453466,0.10316765,-0.14225517,0.19900085,-0.32847708
0.03204532,0.22157657,-0.097659156,0.10890981,0.18648368,0.13014989,0.32939982,0.20397301,0.21889819,0.0006966265,0.0081427125,0.016069353,0.34244484,-0.01669626,0.18105473,0.16934401,0.24127336,0.11194057
0.06411477,-0.1830012,0.15569802,0.49087775,-0.15742289,-0.17251672,0.37311545,-0.12620044,0.0073674154,-0.16362022,0.11726954,-0.27116597,0.46117347,0.036615223,0.086437374,0.230843,-0.120181575,0.33603
-0.09122058,0.076147385,-0.14327614,0.12493614,-0.0029232425,0.27912998,0.16524145,0.16994184,0.14614558,0.18831326,-0.05115926,0.2030217,-0.18698542,0.14978677,0.23829529,0.012073375,0.2789325,-0.20710441
-0.061484348,0.15824546,-0.21111745,0.087109126,0.059540834,0.20421417,-0.063399374,0.13980946,0.11301139,0.10643833,0.048122045,0.24960305,-0.2189138,-0.10588952,-0.0057785185,-0.02369272,0.2337191,-0.1518285
0.00898353,-0.030799532,-0.16394429,-0.0344273,0.043230403,0.13189302,-0.05734942,0.1448675,0.10949171,0.2411969,0.007950611,0.14848253,-0.33979356,0.11630918,0.04898339,-0.39217728,0.06584991,-0.2129585
-0.008860262,0.3271265,0.22458373,-0.068011805,0.30642727,0.2999553,0.03384467,0.2589743,0.2508359,0.09972542,0.10398732,0.3311036,-0.13208124,0.14655682,0.17345256,-0.02797117,0.1871699,0.0006764103
0.21956186,0.2471502,0.3814303,0.040511187,0.33946598,0.25698724,0.3779785,0.16119283,0.021627435,0.009768368,0.26256698,-0.0054158373,-0.00043619494,0.24735907,0.26069584,0.16473596,0.3024282,0.56515473
0.31317413,0.33267888,0.10491754,0.013860546,0.2655686,0.28152558,0.2242597,0.37855035,0.17244792,0.12520444,-0.0806798,0.21755783,0.07053697,-0.100153565,0.23608352,0.070375435,0.36567461,0.01552299
-0.002837422,0.09304416,-0.037754826,0.32681528,0.011778862,0.0055355495,0.31588084,0.044218287,0.16765602,-0.11638049,0.0029803407,-0.099272385,0.25006565,0.09437576,0.08202374,0.2218345,0.06959225,0.046981726
-0.01884925,0.067820296,-0.05394934,0.25431708,0.035273936,0.13169532,0.25439584,0.14214613,-0.1061546,0.08244891,0.10076439,-0.01978151,-0.1553857,-0.0025160664,-0.008146719,0.22770657,0.13818383,0.02342852
0.13735975,0.23453353,0.011838428,-0.08998861,0.22658364,0.2556399,0.29205117,0.28944686,0.17692058,0.15039934,0.10709579,0.12380885,-0.19192658,0.28861123,0.32068014,-0.068009086,0.39598644,0.19003147
0.13238597,-0.21707295,-0.35088623,-0.06471864,-0.23415324,-0.008444458,-0.17956646,0.016239801,-0.06377728,0.23913284,-0.11139255,0.045954924,-0.25514787,-0.01539183,-0.16887623,-0.35510218,-0.11779939,-0.28690955
0.16359824,-0.13811722,-0.30539116,-0.26529986,-0.11432996,0.043359622,-0.19349565,-0.079555064,0.11470981,0.13551052,0.02431195,0.12365842,-0.27876133,0.0838486,-0.0015725149,-0.1575453,-0.030521963,-0.3387488
-0.10979697,0.14746073,-0.12418924,-0.23902515,0.15991953,0.27653366,-0.030419545,0.23904188,0.043692168,0.22129664,0.10038474,0.20259532,-0.13163581,0.016956562,0.008981021,-0.23334062,0.03850993,-0.07023679
-0.08245189,0.1021384,0.042055715,-0.004960614,0.13026236,0.22009702,0.14207518,0.11839753,0.08118318,0.105770156,0.3884055,0.30738968,-0.12684421,0.024167204,0.14552668,0.09946617,0.32642782,0.3736577
0.22445534,0.48944333,0.17109376,-0.06376397,0.5117923,0.23744774,0.21420339,0.359027,0.43657428,0.08281835,0.036107577,0.15843642,0.09346136,0.27595708,0.34690648,0.20230022,0.33092105,0.13393281
0.28249034,0.25317085,-0.021354165,-0.044147637,0.3300546,0.19318575,0.14064327,0.46146882,0.3041056,0.26208034,-0.13815184,0.17034225,-0.012483294,0.0793501,0.2860271,-0.14278632,0.27993882,-0.057671644
-0.038609054,0.18083814,-0.005132869,-0.1637245,0.18411964,0.2896026,0.10829481,0.2563539,0.08947427,0.1876628,0.07100464,0.19730394,-0.059257586,0.10930211,0.06818645,-0.17362523,0.073750824,-0.011796391
-0.06034482,0.10384626,-0.20279273,-0.056382984,0.018109819,0.21837758,0.17394464,0.4243715,0.07213649,0.33458802,-0.004279519,0.3140192,-0.21476671,0.07697039,0.21261726,-0.17411838,0.3163987,-0.08420714
0.00980357,0.043302473,-0.35114422,-0.1297039,-0.037200086,0.21158788,0.10888197,0.31524453,0.23672877,0.27214503,-0.039559487,0.2884818,-0.1985292,0.0053453436,0.35408127,-0.12311665,0.43750477,-0.1174576
0.27947962,0.24347395,0.10671866,-0.0073895976,0.2908857,0.29226306,0.047087863,0.1775842,-0.0063123475,0.22088951,-0.02621629,0.102244906,-0.2165186,0.11998861,0.10267647,-0.23199886,0.078112826,-0.05249387
0.09977244,0.26295128,-0.06304317,0.079873644,0.19574587,0.18909453,0.37535447,0.3342993,0.10076273,0.038954187,0.0026579136,0.037255064,0.10629501,-0.10680826,0.25761166,0.2743677,0.381087,0.07736915
0.18405673,0.35039026,0.33116463,0.03376748,0.32041004,0.33981603,0.10231965,0.3322294,0.25254112,0.09060307,-0.15938519,0.22623767,-0.049829364,0.13283671,0.16494521,-0.17999728,0.1551859,-0.09079995
0.26308554,0.20730402,0.069314614,0.19162206,0.18321012,0.07597853,0.10000727,0.3156515,0.3606759,0.08692354,-0.09223361,0.16906711,0.17954913,-0.040744007,0.20940694,-0.010477991,0.2048227,-0.14566621
0.07744927,0.20721158,-0.1315293,-0.013803858,0.13970801,0.3219214,0.17759222,0.299687,0.1295018,0.19682874,-0.039254,0.30863342,-0.119476385,-0.047517784,0.19688046,0.05433064,0.39714834,-0.12448808
-0.00139232,0.34900758,0.101934046,0.0134978555,0.24028291,0.43989137,0.08766657,0.34089786,0.30382872,0.14876102,-0.1450205,0.24894275,-0.21704334,0.18790956,0.2727443,-0.15448213,0.2978837,-0.20052178
-0.09163334,-0.068186775,-0.27051207,-0.09805344,-0.06857978,0.13490276,0.17975967,0.33131054,0.20411699,0.24708888,0.013135593,0.26643774,-0.15050271,-0.024891455,0.26792142,0.04442911,0.36260244,-0.14307289
0.16388434,0.11258592,-0.0073032966,0.19223438,0.027185239,0.027829614,0.29327387,0.10597948,0.1213949,-0.0066732215,0.003912827,-0.073795594,-0.021870984,0.10110982,0.30024454,0.24429354,0.2534939,0.08998483
0.0860966,0.2744107,0.092975244,0.04402212,0.20627646,0.15699363,0.3203905,0.47458407,0.122996934,0.1174125,-0.11892338,0.108815156,0.12207245,-0.18884198,0.25412112,0.14403835,0.33559418,0.028088355
0.04801532,0.37573275,-0.055650443,-0.08366737,0.25801963,0.4632569,0.12041999,0.39400774,0.2927936,0.2036333,-0.06273502,0.2643558,-0.0780452,0.019300632,0.31410944,-0.082133554,0.3522715,-0.17353435
0.021372495,0.28692096,0.23040988,0.30921873,0.22695388,0.24906482,0.09927302,0.31472868,0.2375693,0.059641182,-0.2217223,0.17446978,0.2044739,-0.0062003294,0.026055291,-0.2323497,0.06712624,-0.13060942
0.06314746,0.21160223,0.22776544,0.17437255,0.17227939,0.25497207,0.022171222,0.05655403,-0.0887496,0.1595798,-0.13870823,-0.011692675,-0.2353526,0.275638,-0.07511065,-0.19117391,-0.09165745,-0.12287167
0.47584504,-0.049792312,0.2521517,0.17366429,0.010587972,0.028703146,-0.010546992,0.08892586,0.30341467,0.058303393,-0.014701013,0.13971186,-0.01709329,0.08003523,0.13978568,-0.045077093,0.12776236,-0.037666902
-0.0109725315,-0.019427387,-0.049422212,0.08758709,0.05249364,0.22534017,0.08172474,-0.11234973,0.17419529,-0.10572652,0.46755,-0.01950153,-0.021399109,0.094902284,0.0802027,0.20935032,0.13145308,0.28730342
-0.15175883,-0.03782188,-0.21632335,-0.18357849,-0.061173964,0.16844453,0.12523785,0.34524643,0.2337925,0.25669867,-0.035321742,0.2166501,-0.27123073,0.22110873,0.21528217,-0.22113751,0.21565299,-0.1602858
0.113855116,0.076080754,0.13541158,-0.08777582,0.079968154,0.2872949,-0.16497572,0.00342214,-0.0033715577,0.08387291,-0.15304118,-0.06545714,-0.15350366,0.12235456,-0.1671545,-0.13620226,-0.20949222,-0.18799876
0.08180383,0.32426572,0.06396234,0.3106695,0.3276314,0.17988192,0.36083037,0.32843232,0.29800448,0.066202454,-0.07794728,0.057068456,0.52087677,-0.03189442,0.24428222,0.10356528,0.20434774,0.14741549
0.1810086,0.2733362,0.21603085,0.19684893,0.26446223,0.10313596,0.37882915,0.3949861,0.37536484,0.018924676,-0.12610985,-0.0037749652,0.535352,0.08371609,0.20448373,0.07422175,0.06977837,0.14399192
0.20458798,0.24698794,0.0062725144,-0.04902452,0.22192633,0.22092453,-0.11307336,0.30979136,0.21424887,0.10987874,-0.14491343,0.21978067,-0.065201536,-0.1339673,0.021981467,-0.24021041,0.16613652,-0.18554099
0.12440929,-0.00020332559,0.07846727,0.15902011,-0.038640305,0.1788006,0.12131099,0.17488427,0.28218538,0.033581626,-0.10401064,0.16498682,0.06434023,0.08936884,0.13881823,0.04394303,0.19318907,-0.094121724
0.008384622,0.31020483,0.006615399,0.18034258,0.21298304,0.14375809,0.29444253,0.37175488,0.16269927,0.07780329,-0.16075915,0.1870662,0.123544864,-0.022798132,0.19814812,0.0076669576,0.35961753,0.055482905
0.041482046,0.38586676,-0.004053315,-0.1076387,0.26487637,0.3621928,0.1796625,0.4882069,0.15402529,0.25141653,-0.06883544,0.36479154,-0.025780806,-0.009170351,0.23101717,-0.10929689,0.35902554,0.0429332
0.38065574,0.24575636,-0.03509041,0.17709017,0.20663244,0.21170391,0.19902247,0.16500397,-0.052787032,0.080741465,0.00985758,-0.07950406,0.0030157636,-0.13110232,-0.02711153,0.32763255,0.09409044,-0.0830054
0.066519074,0.2726925,-0.12921813,0.037878394,0.21967602,0.12282416,0.33971563,0.3889137,-0.008075811,0.16918407,-0.102261886,0.09844626,0.018853929,-0.18039538,0.20785262,0.089435175,0.34278026,-0.0059842356
0.2826079,0.25605282,-0.08211923,-0.010148849,0.22064959,0.3386245,0.29803902,0.41252717,0.21526584,0.1649959,0.029861981,0.27512035,0.047665495,-0.10242718,0.37169948,0.15707883,0.49220452,0.015362341
-0.11366244,0.06226893,-0.20631483,-0.100851156,0.01531182,0.11074599,-0.24229841,0.045822352,0.19899878,0.21227013,-0.05447443,0.33533144,-0.20421773,-0.04969343,-0.06953996,-0.13884954,-0.017559191,-0.3861739
0.08038719,0.41966256,0.011016871,0.019679036,0.41055295,0.4141947,-0.003574742,0.36866117,0.42517826,0.25174564,-0.017640814,0.3978745,-0.14095314,-0.024333099,0.32544166,-0.05931817,0.37048408,-0.18705992
0.11172171,0.24476194,-0.030980458,-0.18382461,0.2535162,0.31357604,0.20745309,0.35287255,-0.00014341157,0.22436455,0.06670459,0.14569068,-0.19875728,0.23452021,0.1421592,-0.26127377,0.23563056,0.19364597
-0.041070938,0.41292945,0.3058157,0.2211241,0.3089008,0.36954388,0.23753813,0.47688544,0.27609453,0.087559104,-0.085366264,0.3174112,0.36383057,0.03685929,0.22022104,0.005360664,0.25206238,0.13959353
0.2939459,-0.11152673,-0.24919483,-0.08390407,-0.13666648,0.05230774,-0.03989545,0.08639964,0.1270146,0.20626408,0.06567754,0.3690375,-0.2236856,-0.035210293,0.23763685,-0.04916767,0.30683115,-0.14051086
0.11446239,0.2167643,-0.062974736,0.018952262,0.28284416,0.27862173,0.31411248,0.4060304,0.076649636,0.10715764,0.23265952,0.12037158,0.15486512,-0.18958378,0.25427774,0.2601804,0.3087363,0.19439302
-0.011699343,0.11029,0.19262275,0.19590966,0.091131575,0.20692384,0.31893563,0.12585694,0.039036408,-0.013051201,0.26118007,0.022819914,0.03360684,0.22926252,0.19105987,0.0487469,0.17031865,0.34063232
-0.05113593,0.36946565,0.17030221,0.0881235,0.31671423,0.217672,0.083232224,0.22504878,0.15844841,0.14654443,-0.0024537658,0.20788285,-0.13938217,0.13176775,0.16375525,-0.21223378,0.122099996,-0.060549174
0.11352193,-0.014514711,0.09318107,0.15189205,0.096626654,0.18843338,0.32714114,0.099866845,0.19075806,0.040887997,0.38914207,0.1106015,0.0055579087,0.17986296,0.34233496,0.2921102,0.36713654,0.44217938
0.1700263,0.2066037,-0.10216008,0.10451324,0.1953264,0.3041288,0.0146645885,0.2242528,0.20070858,0.10072037,-0.032050192,0.096557036,-0.0049897707,-0.14803146,0.078049704,0.07567835,0.17835309,-0.20426983
0.111907706,0.26879576,-0.004854737,-0.00039297983,0.25855365,0.3861574,0.03186453,0.22743767,0.0016682069,0.12555194,0.09996588,0.11500726,-0.27480215,-0.051590998,0.076908514,0.024183197,0.24690536,-0.107028924
0.06446025,0.17282572,0.17231081,0.43218374,0.13169415,0.15807787,0.34478536,0.22167236,0.098778896,-0.061856266,0.14788929,-0.07972548,0.51362824,0.039037112,0.14322102,0.23820876,0.014544674,0.28903946
0.08324678,0.39933592,0.14820994,-0.049475577,0.34935465,0.4114378,0.15181841,0.29551634,0.13283285,0.20559685,-0.10233736,0.14162569,-0.1966859,0.31957248,0.17991897,-0.27100584,0.13440087,-0.09672245
-0.018219016,0.06669461,-0.094038725,0.12672122,-0.021747857,0.19360909,0.1426988,0.5191617,0.17948444,0.2781538,-0.18533087,0.27301377,-0.018779926,-0.0790276,0.1505613,-0.18710648,0.2749671,-0.12252374
0.056200657,0.21226788,0.13301128,0.28931314,0.12930839,0.12251962,0.15994996,0.21605107,0.17458409,0.1492224,-0.07191673,0.14897284,-0.10151905,0.29499295,0.22307162,-0.15963043,0.11451572,-0.11497311
-0.14037484,-0.36878985,-0.24529931,0.008618086,-0.39818832,-0.03289644,-0.037418976,-0.19466089,-0.11415385,0.08730708,0.18738474,0.04042426,-0.3098625,-0.11486604,0.14982483,0.031240761,0.092466936,-0.09593844
0.06531437,0.3737801,0.0047260104,-0.05209758,0.26783076,0.48326492,0.14183748,0.38395315,0.3563424,0.21216895,-0.09197857,0.32453758,-0.026466783,0.10466544,0.34286207,-0.05042019,0.3992688,-0.11631135
0.0887918,0.02903077,-0.15879732,-0.029631006,-0.07189012,0.16602582,-0.11857505,0.12998514,0.33053502,0.16795497,-0.06675646,0.27023154,-0.103964545,-0.0604642,-0.023496728,-0.1615489,0.07743501,-0.31351128
0.1823271,0.33524853,0.036578692,0.0958032,0.21830261,0.36171275,0.1505576,0.47797808,0.2763421,0.19220817,-0.15401793,0.33194894,0.12459596,-0.19294065,0.2861428,-0.012150354,0.41668537,-0.10313543
-0.043632373,0.44032142,0.06614086,-0.07570431,0.32948944,0.48367327,0.07519449,0.4130145,0.3802922,0.19408928,-0.12336899,0.32675603,-0.0718646,0.076084495,0.3004965,-0.0632349,0.3441107,-0.20462304
0.2697326,0.35644814,0.25056973,-0.102105856,0.34535375,0.2116689,-0.06897917,0.13255914,0.064837545,0.10723679,-0.17395124,-0.009062136,-0.13553986,0.19882901,-0.10416354,-0.18540016,-0.14178109,-0.15309766
-0.08375712,-0.010140581,-0.28817606,0.0881556,-0.07177148,0.101942845,0.1375531,0.29305744,0.2067236,0.20560424,0.02000947,0.23509517,-0.18915391,0.0838256,0.31571332,-0.021644715,0.37821338,-0.11911478
0.23542476,0.20865844,0.008832415,0.052151628,0.13830313,0.2756805,0.22755975,0.30955872,0.20522103,0.054296866,0.031902988,0.20123877,-0.13207142,-0.023062266,0.37829548,0.18129827,0.53671736,0.062054638
-0.054681543,0.3169902,-0.051252577,0.024555573,0.2102147,0.42371836,0.25032654,0.43242338,0.25649974,0.22677934,-0.09295662,0.29123408,-0.05402531,-0.038469695,0.346184,-0.07090327,0.46120527,-0.08650905
0.043448113,0.357147,0.04399003,-0.09829344,0.3087658,0.38510692,0.37423146,0.35206035,0.08685048,0.14479682,0.10413588,0.2533366,-0.08455269,0.1089448,0.3918132,0.07632765,0.52214766,0.26028267
0.06542695,0.34340525,-0.11041729,0.026914569,0.28745717,0.32937893,0.30701408,0.37319508,0.2107024,0.23183385,-0.032481916,0.21664526,-0.019767065,-0.055909533,0.30399743,0.12711225,0.40428242,-0.10069761
0.34106198,-0.10684514,-0.21496151,0.070012875,-0.12576608,0.12691696,0.18888848,0.11469237,0.06354408,0.105834164,0.19834849,0.14633237,-0.044020385,0.016890496,0.20826362,0.17973101,0.25168204,0.060639083
0.3183563,0.24797416,0.013416915,0.22945774,0.17242552,0.21401727,0.23446986,0.19027889,0.14028092,-0.028528329,0.1377358,0.012579322,0.35089177,-0.060656752,0.18196616,0.3472908,0.20361224,0.22077802
0.1360675,0.18156268,-0.05248037,-0.01362381,0.16905132,0.07696676,0.14231296,0.3715415,0.34312004,0.15529092,-0.10844813,0.24565303,0.03166531,-0.026619632,0.24540785,-0.1227198,0.29012358,-0.16639628
0.09607765,0.26847503,-0.077176705,0.060064383,0.31716248,0.31551412,0.06874333,0.2836596,0.03809072,0.19342776,0.049803577,0.21032926,-0.1534222,-0.054783553,0.13115935,-0.20522682,0.24459453,-0.10944139
0.14860237,0.4344237,-0.014386805,-0.12953153,0.28931633,0.33359182,0.20497325,0.46175587,0.33459416,0.22160575,-0.068462424,0.23984902,-0.0029411144,0.028144604,0.34648994,0.018456941,0.38961774,0.015789662
0.043116026,0.3455579,0.25360045,0.37027758,0.2995212,0.26265138,0.35399935,0.2849817,0.34431258,0.08305721,-0.084105454,0.0459509,0.28912702,0.28975618,0.2523894,0.18289578,0.11627817,0.030477716
0.17739837,0.321177,0.049317043,0.14878094,0.24956605,0.2852297,0.16763927,0.32306173,0.2412817,-0.04796204,0.035191327,0.17252798,0.25727272,-0.119664066,0.17541388,0.21590178,0.31218323,0.07054963
-0.20593105,0.06712743,-0.2664661,-0.032463074,-0.03217209,0.2341712,-0.0052660517,0.3341007,0.19422929,0.18461554,-0.08330485,0.2536839,-0.18711846,-0.02781362,0.21078454,-0.24697994,0.34531868,-0.15345505
0.18499485,0.43238074,0.024938073,-0.054606915,0.47604808,0.3955058,-0.010194911,0.23976961,0.11041164,0.22198257,-0.036581077,0.21851267,-0.24656318,0.061463732,0.15506507,-0.14629135,0.18480068,-0.16116309
0.064957984,0.45702985,0.25436193,0.09708614,0.37624526,0.38561237,0.26776177,0.23548721,0.22792995,0.22253968,-0.012014586,0.12837058,-0.16178088,0.59655523,0.2940019,-0.011648265,0.10541458,0.009186103
0.15684734,0.40757683,0.30620244,0.29433343,0.36118147,0.28960243,0.24924079,0.256792,0.38518128,0.044245232,-0.09014967,0.016468214,0.19040374,0.3798091,0.20763266,0.109659076,0.052648276,-0.012446987
-0.07904667,0.05242728,0.03114954,-0.0915077,0.04875733,0.19697648,-0.14177397,0.10395537,-0.16593769,0.14137337,-0.12055331,0.03196881,-0.27763295,-0.07657701,-0.2213187,-0.31909376,-0.1438904,-0.2422739
0.42942107,0.12891361,-0.13280587,0.1357289,0.14779039,0.202171,-0.0069413846,0.14666277,0.084548086,0.22169855,-0.02988714,0.089764364,-0.11432494,-0.016238343,0.09042594,-0.09066603,0.091080636,-0.19163682
0.11061498,0.030521011,0.28532228,0.262387,0.07703385,0.14687212,0.0063572093,0.04817948,0.026987918,0.17592014,-0.14628468,0.10260562,-0.18441963,0.01554665,0.029849473,-0.21901798,0.026344247,-0.124339424
0.02307961,0.016150221,-0.058261015,0.24240014,-0.047531288,-0.11291358,0.28181472,0.026446417,0.15686508,-0.040992875,-0.023641735,-0.10314038,0.21082373,0.14568603,0.095654555,0.13620102,0.034631003,0.065959886
0.0918516,0.09295865,-0.23501454,0.10159182,0.03593113,0.23362654,0.11779553,0.15554981,0.21552937,0.054357775,0.07769661,0.06929709,0.104880475,0.015824946,0.14455108,0.110638745,0.1882667,-0.07127947
0.13349946,-0.027785474,-0.12302684,-0.12155027,-0.03423104,0.07622201,0.13144156,0.1439707,0.2823426,0.22232346,0.049254157,0.32935375,-0.09022069,0.1293777,0.23874186,0.047243726,0.21875532,-0.14928696
0.26818344,0.37865955,0.22688921,-0.0464221,0.33033073,0.40917417,0.10656075,0.30007553,0.19489212,0.11772071,0.00083918264,0.16682751,0.016620385,0.07803276,0.22221583,-0.038660143,0.1363326,0.008167596
0.013294931,0.18546252,-0.007963954,0.23932856,0.073426306,0.11911618,0.23679434,0.21927705,0.21239334,0.0389955,-0.10601032,0.17576182,0.2360099,-0.010574775,0.18027726,0.029603763,0.25486648,-0.022443958
0.3475115,0.041471187,0.047692187,0.15711968,0.04755833,0.16363382,0.121561185,0.20077197,0.32015055,0.09314793,0.13258266,0.07475678,0.3332412,-0.11711011,0.17969148,0.16938244,0.05445015,0.0808956
0.047202136,0.10747135,0.13877234,0.018654117,0.13533235,0.25437868,0.4454005,0.36456168,0.052861728,0.01718776,0.19975594,-0.046051342,0.38052115,-0.09201413,0.1547008,0.39100507,0.14528918,0.365905
0.060894735,0.26644388,-0.09634129,0.020623712,0.25481078,0.36287963,-0.03144622,0.2136756,0.022002224,0.18398416,-0.16978316,0.17393121,-0.18974665,-0.23521297,0.089429,-0.17926915,0.26345602,-0.253044
0.11495552,-0.27982208,-0.3026766,-0.008464044,-0.1966021,-0.06774362,-0.19951308,-0.24996804,-0.10064647,0.061791003,-0.12974349,-0.16190447,-0.11101801,-0.09881563,-0.1877233,-0.16909595,-0.21106392,-0.25769255
0.5378235,-0.03811528,0.13638736,0.17764805,-0.09667501,0.16333765,-0.054082345,-0.013516777,0.14323902,0.13675432,-0.056811538,0.19574577,-0.21008384,0.043827098,0.02028032,-0.11648643,0.04329066,-0.24999943
-0.0350051,0.32276303,-0.040226858,-0.011043651,0.25912404,0.37158734,0.24127741,0.49746728,0.19449879,0.27007902,-0.11842106,0.23649791,-0.02960943,0.055123687,0.17403382,-0.2434863,0.21897256,-0.11600719
0.119512014,0.37578744,0.13553736,-0.1064324,0.33508196,0.36492062,0.41752565,0.37823066,0.11345954,0.12663801,0.06738469,0.1910544,-0.022529922,0.14880826,0.39724123,0.10112676,0.47954112,0.29657984
0.010331023,0.3500148,0.0020940804,0.29127565,0.32330889,0.21367562,0.066006474,0.2534846,0.19635414,0.16767664,-0.12176096,0.26015195,-0.11194478,-0.03950473,0.08012082,-0.23417546,0.18988384,-0.25270438
0.0074235564,0.24467249,-0.020203313,0.42240325,0.1500821,0.15464252,0.2254039,0.29844016,0.35647064,0.018255824,-0.096042216,0.09357264,0.51892436,-0.08364806,0.11726309,0.1447992,0.103700675,-0.015370453
-0.061974734,0.31369486,0.087208726,-0.050363306,0.22884846,0.26696214,0.1624068,0.18429482,0.0617058,0.12499332,0.07662031,0.115659796,-0.1465706,0.37516597,0.08227151,-0.20954755,0.07164284,0.16557692
0.07474882,0.2056869,-0.1894635,0.079458535,0.17040028,0.3848195,0.014443573,0.24102263,0.23908308,0.22522613,0.03728968,0.23233469,-0.19483158,0.021428622,0.2490674,-0.16413929,0.28694475,-0.19032747
0.056044675,0.117045775,-0.02248486,0.16599314,0.026337435,0.23076683,0.14693645,0.22172801,0.01037773,0.023870805,0.08985611,0.09928513,-0.028000224,-0.16532107,0.12370739,0.2629414,0.19694485,-0.091945015
0.278087,0.48428237,0.28322864,0.013524642,0.50841296,0.35880622,0.48610315,0.38480133,0.09973336,0.08317561,0.1605218,0.03799585,0.13292924,0.12642223,0.3668163,0.52914774,0.36485258,0.36907244
0.048743423,0.2233428,0.06473174,-0.06315453,0.35142326,0.28207695,0.42609662,0.23332956,-0.021394406,0.03422356,0.32085314,-0.030474737,-0.057454307,0.09756158,0.3299689,0.28505194,0.43715337,0.51233155
-0.12463617,-0.23563765,-0.0062834756,-0.052952275,-0.22568253,0.09867553,0.10484859,-0.17570989,-0.17605564,-0.0149102025,0.25205234,-0.09139385,-0.3100931,0.35907784,0.004426093,-0.048037928,-0.07365051,0.0582258
0.017612044,0.13176763,-0.22003333,0.14693272,0.060736507,0.19755057,-0.08353072,0.1291689,0.1906164,0.11026627,0.06022128,0.3242706,-0.15585726,-0.00078086776,0.0069404054,-0.08107613,0.24140258,-0.11546331
0.085834466,0.32153052,0.24742325,0.2222054,0.27759495,0.21387154,0.4399019,0.3775943,0.13711026,0.045013133,-0.08731111,0.04871563,0.36943182,0.108819485,0.20172389,0.02722376,0.176576,0.2810194
-0.038064796,0.28551185,-0.13324599,-0.08985946,0.30019742,0.27820006,-0.11238613,0.29233998,0.14576012,0.20542337,-0.100225724,0.18421568,-0.18495815,-0.11278917,0.13075826,-0.32175753,0.18708315,-0.20304562
0.16445275,0.0048569986,-0.23193204,0.008632844,-0.026490802,0.065304145,0.12505665,0.26634732,0.13646457,0.25754583,-0.048850782,0.08393697,-0.21669258,0.18517481,0.22149678,-0.009060964,0.1915349,-0.16969053
0.28478715,0.51353437,0.3760607,0.008774309,0.47055423,0.35494506,0.22682945,0.23272839,0.3825463,0.07705198,-0.02863388,0.05986057,0.0038938466,0.34465903,0.32937545,0.20488608,0.17948878,0.036795825
0.0073902034,0.1814441,-0.13919891,-0.09645682,0.15043284,0.2479815,0.099826194,0.19185036,-0.044585675,0.11258963,0.23805578,0.20833993,-0.1656572,0.08438455,0.12721553,0.02830381,0.21951176,0.03501643
0.0630218,0.35869554,0.1582102,-0.110690266,0.29535395,0.28787106,0.3315928,0.3451911,0.1853742,0.13576584,0.060166348,0.18987513,-0.21228704,0.38808426,0.34935403,-0.051349357,0.3703567,0.19270633
0.08921014,0.14361483,-0.12369514,0.08871042,0.13045497,0.19129366,0.107421376,0.19469744,0.40841645,0.11477464,0.01651242,0.16726722,0.17286032,0.15378591,0.16828746,-0.005680863,0.1356843,-0.07600512
0.24600706,0.4055529,0.23882027,-0.0064136703,0.37696168,0.35353002,0.21356551,0.43113947,0.28860432,0.08551514,0.03035653,0.23352507,0.05288058,0.008052839,0.34123304,0.10492527,0.41468215,0.121793434
0.45651564,0.111055404,0.43241417,0.24651141,0.031728473,0.0045343237,0.21644463,0.04581291,0.25435114,-0.17588666,-0.06567516,-0.11735399,0.420349,0.13012242,0.041608725,0.053433277,-0.16276139,0.09035444
0.13874693,0.24331284,-0.019119967,0.26052827,0.20322856,0.22609846,0.24805534,0.24497786,0.35854268,-0.016730696,-0.04346578,0.028419692,0.39245304,0.007842545,0.0890498,0.15319729,0.090590544,-0.032673262
0.44212827,0.078632735,-0.14390257,0.19678435,0.10835735,0.13856766,-0.0885411,0.10752114,0.10721224,0.21640545,-0.030417541,0.1342269,-0.17479312,-0.036445796,0.040864863,-0.12045864,0.07217181,-0.27724642
-0.07446459,0.35030383,-0.06466584,0.13849817,0.2213305,0.33245787,0.17274232,0.47045675,0.33459574,0.2410353,-0.080133915,0.36361435,-0.15060271,0.020068422,0.33662814,-0.05487974,0.43815377,-0.18960898
0.4419501,-0.07205594,0.3191517,0.21936044,-0.10672596,-0.11072484,0.24723375,0.10739926,0.17306182,-0.08605238,0.009586569,-0.07702301,0.42905223,0.14254281,0.08279999,0.09757191,-0.0973464,0.20945312
0.12059824,0.19166197,-0.0007121763,0.0386019,0.14662272,0.20229247,0.2694441,0.25819492,0.24570443,0.20967677,-0.061111778,0.29328352,-0.04871379,0.055500954,0.18067738,-0.032301717,0.3189777,-0.08441275
0.1056964,0.17090935,0.045058817,0.3124956,0.09761577,0.07234853,0.32090297,0.15009288,0.14833477,0.00070752855,-0.10600351,-0.08190758,0.27884972,0.05818931,0.054289047,0.124121316,0.015702825,-0.02902246
0.114321634,0.20842957,-0.19481157,-0.05698876,0.14386576,0.18720722,0.12961732,0.3618545,0.095826924,0.1993744,0.019425545,0.2806735,-0.10589629,-0.15993758,0.15624666,0.09287303,0.3084189,-0.12930642
0.16164763,0.4773963,0.38725185,0.2687246,0.46208414,0.37185872,0.14515431,0.24595118,0.25244322,0.11183676,-0.011162866,0.13165976,0.2338695,0.27612826,0.19503953,0.029504297,0.007468809,0.10301545
-0.03793106,0.28509787,0.1623798,0.15796082,0.16095053,0.3401216,0.16963069,0.48365572,0.13064954,0.20376892,-0.16884537,0.3077902,-0.04139906,0.076249875,0.14734544,-0.18897219,0.27682772,0.015089989
-0.18175106,-0.3371786,-0.28032374,-0.070519686,-0.35986155,-0.028272618,-0.1330476,-0.13005379,-0.04985877,-0.009638424,0.118722685,-0.05272952,-0.16195048,-0.15849175,-0.088190675,0.109659515,-0.079935305,-0.10606018
0.40435106,0.12814194,-0.10619097,-0.14205423,0.101428345,0.27814716,-0.11270034,0.13809322,0.08783494,0.23327988,-0.06445843,0.18808894,-0.23221733,0.0090063065,0.067420185,-0.21057893,0.13477196,-0.2355319
0.0036469407,0.1494045,0.16491033,0.15629576,0.11745949,0.13542584,0.27946857,0.20406087,0.18269198,0.02897594,0.28640738,0.23256962,-0.012908285,-0.012744001,0.29640257,0.40949252,0.40005824,0.32497868
0.13636869,0.3003025,0.0020229693,-0.113954164,0.31202722,0.31680948,0.2959736,0.34356225,0.120406404,0.19597359,0.09183894,0.13164613,-0.055309843,0.16093262,0.20818168,-0.09045791,0.29074743,0.1816388
0.1942792,0.117816836,-0.17208567,0.116453424,0.041599277,0.15129693,0.243067,0.2538406,0.22189426,0.037616067,-0.0034111727,0.023629501,0.22173353,-0.027556445,0.15574141,0.18075523,0.1907499,-0.022412071
0.4576936,0.20573334,0.35038516,0.16773894,0.17184342,0.29566446,0.008223322,0.21992302,0.22348239,0.05698096,-0.12339516,0.11642862,-0.040998776,0.16209833,0.014133183,-0.14466357,0.023980604,-0.14695652
0.3385445,0.18509078,0.049684588,0.3056488,0.080572486,0.049112413,0.19014944,0.08389626,0.28112847,-0.098296046,-0.04892358,-0.023643078,0.22927912,0.07381071,0.05238322,0.14296322,0.06642706,-0.04668453
0.109767966,0.22123894,-0.15130982,0.10049123,0.19928578,0.2638604,0.14310403,0.11739735,0.17175208,0.18031108,0.17857957,0.2964533,-0.26721266,0.059650037,0.26155075,0.061970152,0.42897788,0.021773297
0.10082953,0.3388733,-0.10465649,0.0021677087,0.25951642,0.3356062,0.34479484,0.4065991,0.082734875,0.15984026,0.00044557184,0.13346541,0.026653046,-0.05165196,0.26991507,0.14582728,0.36816028,0.018941721
0.022667207,0.45659125,0.015172135,-0.11071132,0.39257428,0.450235,0.3164178,0.5797698,0.24610154,0.2205342,-0.047742993,0.23441613,0.03694804,-0.008875267,0.36786595,0.051344503,0.4502248,0.08520349
-0.014297818,0.15912579,-0.092587225,0.14637998,0.13040642,0.19856033,0.22289193,0.38984212,0.2135424,0.21956965,-0.06589752,0.33354616,0.05510831,-0.0013944629,0.19652453,-0.027464159,0.34962445,-0.015259138
0.09855977,0.26322648,0.4364899,0.2345071,0.20563585,0.08723454,0.3641097,0.2868294,0.31252173,-0.033590004,-0.17503785,0.061514042,0.33439562,0.25483412,0.16851354,-0.11183328,0.06724619,0.15024647
-0.02812459,0.30253676,0.3629133,0.15735137,0.2070342,0.25869495,0.32800183,0.18131712,0.10060503,-0.018497076,0.055318378,0.08488171,-0.0817655,0.43279582,0.30609095,0.00041280838,0.25617504,0.28609222
0.05072795,0.3770837,0.015505545,-0.017848905,0.25571978,0.19771738,0.27182546,0.38845676,0.18042421,0.14226043,-0.1091526,0.17940715,-0.018478937,0.09053855,0.26264313,0.044308133,0.35808003,0.047577515
0.32278746,0.032136627,0.11006697,0.36667293,-0.005074953,0.23723044,0.24909346,0.028829537,-0.08379032,-0.061568797,0.17170818,-0.092851065,0.044354253,0.044445552,-0.010364379,0.35478452,0.040841088,0.1156701
-0.088718474,0.046990138,-0.37277898,0.16646186,-0.02725012,0.12461716,-0.15961726,0.15121445,0.116517276,0.30067968,-0.056045707,0.28059292,-0.31558424,-0.0096792355,0.09592756,-0.36587617,0.16250466,-0.35619298
0.20817952,0.28836602,0.06789017,0.17739548,0.17023213,0.21278073,-0.01692508,0.29284495,0.34423956,0.12760127,-0.06217099,0.23008454,-0.08356658,0.011272047,0.28269598,0.018697923,0.25777128,-0.19700927
0.20095731,0.34355292,0.14387316,-0.12759365,0.34158805,0.35360044,0.12974402,0.34644648,0.10751494,0.18352874,-0.15756586,0.08038973,-0.11829564,0.15383427,0.18747006,-0.21494433,0.16585404,-0.071982756
0.16579755,0.33927718,0.21623614,0.15740097,0.35972205,0.41922098,0.120855436,0.30048034,0.20725152,0.1747132,-0.08240896,0.28171822,-0.06968871,0.08021144,0.21789859,-0.17276159,0.25112393,-0.088616125
-0.10123586,0.28922734,0.14545286,-0.09873792,0.26640883,0.29478967,0.055559717,0.4016555,0.053572305,0.23881361,-0.040506024,0.35861102,-0.10467021,0.017394092,0.07588524,-0.21874735,0.14335881,-0.01055922
0.08720891,0.40864927,0.020217001,-0.02699848,0.28599027,0.31454787,0.32320866,0.42391884,0.27935854,0.16893235,-0.09749593,0.21787734,0.0071091633,0.1358443,0.3273214,0.07591836,0.39164585,-0.011302545
0.024449548,0.3130649,-0.06080192,0.09078046,0.2542771,0.30770013,0.30376503,0.31150404,0.048156213,0.17173551,-0.07027645,0.15232918,-0.09190696,-0.016418438,0.18722203,0.051685963,0.29254317,-0.094293594
-0.06346749,0.22235733,-0.20053576,0.085315675,0.22635767,0.2817347,0.057976857,0.21894938,0.11706906,0.29484305,-0.05378951,0.29013714,-0.23752569,-0.19616707,0.17267752,-0.24086912,0.29174256,-0.26815006
-0.0055450615,0.24432504,-0.0033227112,0.04374705,0.19614896,0.19250976,-0.015599829,0.3572831,0.23258488,0.16637352,-0.16651438,0.28439578,-0.036658015,-0.08447961,0.044612467,-0.25573686,0.16832845,-0.27930683
0.14748646,-0.23251246,-0.24449475,-0.13955799,-0.2462448,0.03416613,-0.17087553,-0.15791054,-0.06327327,0.12168527,-0.1603311,0.03292059,-0.22132686,-0.00741103,-0.1480424,-0.27617705,-0.13482834,-0.3249774
0.26992202,0.29085073,-0.06679105,0.13816398,0.24424812,0.15360147,0.21822034,0.44431564,0.30793196,0.12208258,-0.098375686,0.116876975,0.3755908,-0.078386284,0.15089352,0.011808652,0.15786068,-0.059080888
-2.6077032e-07,0.36616492,-0.0663389,-0.064713195,0.26613232,0.42437765,0.017089784,0.21938273,0.2559752,0.18305294,0.098224975,0.2759995,-0.22865286,0.11627263,0.2639784,-0.13121611,0.2751524,-0.13005093
0.03226486,0.20387697,-0.17719892,-0.08562612,0.08125221,0.2678789,-0.13934612,0.28319037,0.20011288,0.29316413,-0.061017036,0.3664975,-0.1659207,-0.0749416,0.09443216,-0.27069005,0.19605349,-0.19230215
0.11997491,-0.12832904,-0.15720911,0.14244086,-0.12109836,-0.12741107,0.20532335,-0.03663601,0.12983496,-0.09671091,0.105201155,-0.11549325,0.19799665,-0.005613695,0.112451464,0.2522104,0.062322583,0.07895742
0.1891259,0.09656794,-0.10283226,0.03368925,0.00031042396,0.020361546,-0.068749614,0.122004785,0.12648754,0.22603075,0.03072103,0.18358073,-0.17268765,0.020255763,-0.026085474,0.020249922,-0.0069101546,-0.18145113
-0.023431204,0.11533551,-0.19325916,-0.2133729,0.08929203,0.21361,0.08854151,0.18575102,0.0425798,0.16086611,0.12633556,0.113802776,-0.15414022,0.27213553,0.07753016,-0.18796773,0.14329612,0.074826695
-0.02981139,0.220469,-0.23867925,0.07083972,0.19321074,0.22896475,-0.026467772,0.16718066,0.25784335,0.13897823,0.21980856,0.3847944,-0.1722694,-0.034758702,0.20367792,0.10357374,0.38201073,-0.05099372
0.12990603,0.37574786,-0.011856026,-0.059746925,0.36301658,0.277351,0.35621184,0.48354998,0.3349854,0.1113427,-0.081937075,0.07176348,0.33492014,-0.026923418,0.30147052,0.18727535,0.28486976,0.023395661
0.039820865,0.25816187,-0.08943174,0.02188669,0.26397893,0.37928048,0.33425385,0.49374393,0.111482106,0.20866376,0.009307311,0.1785847,0.007872118,-0.061689705,0.20090133,0.11281693,0.38768074,0.017275237
-0.15624033,0.29330865,-0.09922731,-0.2056489,0.22837295,0.31215107,0.032863237,0.49708217,0.23114522,0.22088714,-0.036526885,0.3637013,-0.1104262,-0.03832726,0.16042711,-0.26674998,0.33992437,-0.007669451
0.057221923,0.4059856,-0.027482199,0.21000764,0.38534078,0.2622226,0.108086325,0.28650704,0.13118915,0.29410473,-0.11132445,0.27977595,-0.1484221,-0.04926831,0.1268482,-0.17203718,0.24680099,-0.18428358
0.12631583,0.31387377,-0.0495476,0.18498737,0.22032745,0.14120264,0.29953277,0.24120589,0.1635529,-0.015933264,-0.07302145,-0.06729066,0.39153507,-0.082205646,0.11238846,0.15478666,0.13180237,0.041007295
0.12741104,0.10388358,-0.056564774,0.26909032,0.02502545,0.08438905,0.29234266,0.36520642,0.16978493,0.07394595,-0.08147136,0.06712857,0.3127851,-0.099284805,0.102389805,-0.0032217083,0.19094408,0.042650364
0.08666601,0.34668538,0.18353893,0.114620395,0.31463924,0.4000054,0.16322783,0.32581252,0.16280116,0.22346066,-0.12324943,0.2718196,-0.1631804,0.168303,0.20656395,-0.29226783,0.2142264,-0.12682363
0.19348575,0.37568828,0.10941558,-0.0857681,0.36355576,0.28199315,0.23319526,0.33103228,0.3761424,0.06607009,0.009896959,0.061162345,0.074143425,0.28339088,0.32250586,0.07034852,0.27832872,0.048237987
0.09474947,0.3069349,0.24138789,0.12629387,0.27361992,0.18780155,0.23420818,0.15261993,0.30972683,0.015952844,0.1571035,0.16158022,-0.07070016,0.31091806,0.2926238,0.13712284,0.2870176,0.22828019
0.006301145,0.23381677,0.086314075,-0.06790536,0.20216599,0.38526243,0.45928186,0.46328875,0.203761,0.18522757,0.09094215,0.1245103,-0.08189302,0.19144732,0.43122506,0.19767848,0.44891638,0.21549234
0.36216262,-0.052143205,0.0067572203,0.25798112,-0.10129956,-0.13392098,0.2386202,0.010961163,0.19334555,-0.11942511,-0.08822073,-0.23009121,0.3562328,-0.04672832,-0.023573201,0.17391302,-0.13358441,-0.05032253
0.14998768,-0.027780049,0.040825956,0.200681,-0.040532924,0.0725104,0.15767346,0.1347111,0.3124962,-0.0415621,-0.03380806,0.055092234,0.22527176,0.048215006,0.12824002,0.16421461,0.1259284,-0.027264975
0.45817804,-0.14964716,0.07053834,0.28788045,-0.1479416,-0.1127119,0.2276885,-0.03544016,0.082921505,-0.15544142,0.08447871,-0.20096484,0.26443943,-0.21429959,0.07676339,0.42362592,0.017685415,0.14013961
0.022490423,0.3652978,0.10674384,0.09460988,0.254713,0.34833807,0.28024438,0.47344252,0.19451247,0.23053858,-0.15874809,0.3835946,-0.04618625,0.10098484,0.25391158,-0.11170631,0.39788917,-0.017772518
0.14216425,0.22804421,-0.105676435,-0.086974904,0.21613243,0.28649133,0.072574675,0.4981645,0.24748686,0.1892217,-0.13552473,0.1511947,-0.0046065506,-0.1372058,0.20224437,-0.10268459,0.27008003,-0.16713588
0.39684147,-0.14531164,0.04933549,-0.012849909,-0.16146946,-0.044238098,0.07198235,-0.04422391,0.031471938,0.028354745,0.06590775,-0.040323623,-0.11692432,0.13682759,0.014307603,0.20197298,-0.072363995,-0.09751049
0.05174448,-0.009265776,-0.040587183,0.032627843,-0.11048453,0.08990824,-0.22512208,0.012594137,0.08941746,0.108187005,-0.13166761,0.20157853,-0.25104615,0.08592997,-0.2665558,-0.28630015,-0.16657268,-0.35128266
0.30686948,-0.0550201,-0.28543603,0.07266466,-0.12695518,0.08253246,-0.1358519,0.17742519,-0.0650901,0.26048875,-0.14544661,0.2221965,-0.14017881,-0.23788461,-0.066649236,-0.23604704,0.07236166,-0.28998628
-0.10299182,-0.024938963,-0.29351705,0.089036115,0.019815413,0.22618988,-0.021488352,0.10562716,0.107776,0.28848484,-0.009384967,0.26643634,-0.28404918,-0.13138068,0.17324303,-0.24852751,0.23376627,-0.28006223
0.3953759,0.11326179,-0.059119448,0.2131612,0.04233995,0.13859907,0.084127486,0.098911814,0.19576062,0.06544537,0.055936933,0.12565681,-0.0795003,-0.05817929,0.07578354,0.16647479,0.20732476,-0.07844595
0.084997825,0.15836728,-0.17625038,0.06443031,0.08046797,0.23976527,-0.0031781401,0.38713714,0.14379655,0.25702965,-0.15105553,0.33203587,-0.11187718,-0.18561585,0.12520999,-0.21447888,0.28319708,-0.22693992
0.12438266,0.30841205,-0.12007554,0.05713121,0.22144778,0.16100462,0.09393037,0.25742906,0.27811834,0.062099274,-0.109613635,0.082517825,0.13954136,-0.0014103912,0.04104545,-0.009912341,0.14353259,-0.17393744
0.0856062,0.41876727,0.022586273,0.069684125,0.35651127,0.20843641,0.26030454,0.46762043,0.3336073,0.14597097,-0.12501295,0.2652205,0.29328787,-0.04196366,0.30125666,0.085117705,0.37298173,0.030256737
0.07080024,0.38038376,-0.021553112,-0.07732223,0.24471611,0.3608326,0.13878824,0.49692696,0.18859988,0.2328041,-0.09061986,0.35284185,-0.017599074,-0.040876284,0.21910682,-0.06437958,0.34632567,-0.03229262
0.41310307,0.2806382,0.31068456,-0.043311283,0.26458484,0.3526926,0.30865562,0.33624598,0.27213094,0.058968034,0.09150494,0.16516098,-0.05566305,0.14832886,0.40145722,0.21367897,0.4179272,0.15173432
0.09153168,0.26213464,-0.03912629,-0.099106856,0.27634048,0.2251162,0.15848431,0.26031244,0.040116947,0.20825712,0.16549626,0.18766023,-0.23330759,0.17014802,0.22758155,-0.21642293,0.322861,0.24298635
0.010289126,-0.43458354,-0.23407605,0.02985114,-0.4129883,-0.10050982,-0.14562021,-0.16403547,-0.13075826,0.1776147,0.059161708,0.22247571,-0.17361784,-0.24155441,0.08327872,-0.19709821,-0.011819314,-0.18914305
0.18322396,0.16006635,0.08355096,0.27639493,0.106544696,-0.007967225,0.16926986,0.19594425,0.46757188,-0.1056637,-0.052443303,-0.057489436,0.44743356,-0.0065546464,0.14769888,0.24209216,0.05423486,0.06538006
0.30596316,0.1276534,-0.18462671,0.045828044,0.08743602,0.23038974,-0.07212705,0.20580922,0.1906219,0.1874557,0.011822166,0.17199627,-0.13084719,0.10940395,0.15394312,-0.1645978,0.14718266,-0.15035506
0.2976334,0.019592421,0.09174202,0.104218125,0.085541226,0.031518605,-0.23095827,0.060194425,0.13309643,0.10920385,0.031099634,0.18332814,-0.16313724,-0.1318578,-0.10113895,-0.089454316,0.015597118,-0.10842336
-0.08146374,0.008334211,-0.262635,0.017743269,-0.02302485,0.1353617,0.23198614,0.20872821,0.07811587,0.19032973,0.043015763,0.18445687,-0.14920385,-0.042242907,0.17954306,0.034600858,0.29449472,-0.10160932
0.040737912,0.304395,-0.16151436,-0.05673358,0.21304227,0.3444485,0.23432438,0.4350636,0.3681341,0.178973,-0.008130896,0.13840242,-0.16281775,0.20827837,0.34114617,0.031419955,0.3524381,-0.18949342
0.011558738,-0.044274643,-0.15322717,0.15394314,-0.07350945,0.053596206,0.06635095,0.12535928,0.2671832,0.10131723,0.06059344,0.16975264,0.1660413,0.037309505,0.074067034,0.08450273,0.08752683,-0.06219629
0.20486079,0.2996634,0.06378892,-0.22620705,0.2756925,0.21710788,0.0635765,0.2737108,0.06264373,0.16084597,0.0042811166,0.19067396,-0.16233331,0.2211895,0.09425414,-0.20870118,0.13440835,0.023569707
0.033177547,0.22259107,-0.0013342567,0.057719756,0.114493035,0.20647544,-0.056443248,0.32424214,0.24107519,0.14156899,-0.14869837,0.30084297,-0.15732948,0.053876664,0.021315057,-0.20124556,0.19121411,-0.22231099
0.14528073,0.07822711,-0.23985495,-0.15984084,0.07087161,0.300883,-0.118615165,0.27887902,0.13575622,0.31049517,-0.10292181,0.2691337,-0.18647152,-0.18561766,0.06149279,-0.2726881,0.19662969,-0.3194857
0.04969776,0.33607796,-0.06984625,0.12628512,0.25778204,0.22623852,0.0046048174,0.22729617,0.31327423,0.12006084,-0.051969375,0.3002646,-0.042147268,0.023592848,0.16106509,-0.014400389,0.27434182,-0.19856986
0.10104714,0.31476665,0.23937207,-0.035729356,0.37895003,0.20782715,0.31710464,0.22786762,0.046630524,0.10349503,0.20815861,0.1006811,-0.17220396,0.27236953,0.36009714,0.071043454,0.41400406,0.47483993
-0.17090987,-0.050375316,-0.32433394,-0.07432332,-0.16547605,0.2006117,-0.117568485,0.22939533,0.113275275,0.21889561,-0.1774284,0.2191627,-0.16618066,-0.035121113,-0.032569148,-0.38409668,0.05405042,-0.31596434
0.38296512,0.27245855,0.35678613,0.002400375,0.18123265,0.30136397,0.25729457,0.33684483,0.31911027,0.0051326016,-0.06037558,0.100644745,0.38741937,0.25621697,0.14898014,0.04056247,0.019737612,0.08354626
0.0866223,0.4456692,0.09389488,0.020853782,0.37448362,0.30209076,0.22758213,0.4873945,0.13840136,0.1864134,-0.082707234,0.17269515,0.0019982965,0.03103559,0.28361797,-0.06264888,0.3154672,0.07454803
0.42678747,0.22648975,0.056730863,0.010201558,0.19591255,-0.011763293,0.31446558,0.2489901,0.18367001,-0.07860685,-0.007904465,-0.16164838,0.46018293,-0.15146096,0.17897972,0.35918677,0.1146971,0.18312714
-0.12341487,-0.045953132,-0.3859806,-0.050076853,-0.10013428,0.12204554,-0.25208712,-0.008972505,0.063808896,0.23245582,0.097438455,0.23772585,-0.24953824,-0.19549705,0.08224056,-0.25393772,0.076642185,-0.28281555
0.19866279,0.2396798,-0.10533443,-0.112678714,0.2839559,0.22693805,0.1132373,0.3262659,0.2474773,0.24247095,0.11383529,0.1710362,-0.10898895,0.009256394,0.21785092,-0.00939417,0.23758318,-0.07101306
0.15026386,0.4160768,-0.09665965,-0.16808638,0.42609748,0.3038307,0.20635149,0.42889586,0.3320415,0.22197346,-0.08825302,0.2367883,-0.04222077,0.035765637,0.27351335,-0.041132804,0.37600875,-0.14760613
0.12696595,0.14351508,-0.055492546,0.04550075,0.07704231,0.17553715,0.22801916,0.27067807,0.2003104,0.08730851,-0.0046343636,0.06580287,-0.021698311,0.1987304,0.145267,0.048802063,0.19582298,0.021767454
0.06969528,-0.2003294,-0.18729982,-0.2032487,-0.19006442,0.039414372,0.18441512,0.22619744,0.10619428,0.07095337,0.10176608,0.03083459,0.072847985,-0.04823795,0.27064705,0.15102156,0.20959286,0.06906248
-0.1354756,-0.053911455,-0.2828273,0.015709355,-0.09919046,0.034931064,-0.10828569,0.06320142,0.08424505,0.113811925,0.033187505,0.22489303,-0.22715901,-0.086472414,-0.09410801,0.056374144,0.072262965,-0.27661023
0.11915037,0.2362968,0.10783758,0.1576064,0.16195598,0.09692816,0.3992824,0.38654605,0.17261028,0.04992194,-0.15204646,0.011504531,0.2982878,-0.11121151,0.2135811,0.15834934,0.26628616,0.07047295
0.026856378,0.2116922,-0.016970394,0.008247101,0.18770848,0.18033683,0.01626947,0.301652,0.3547513,0.09150039,0.10645481,0.24777219,0.3201862,0.03553153,0.1346687,0.07519887,0.11920583,-0.008031912
0.20171951,0.2252644,0.14466283,-0.037433237,0.31409693,0.2769944,0.39427486,0.20455118,-0.07804208,-0.044039372,0.29116386,-0.12048638,0.14081636,0.016501086,0.14877462,0.2923824,0.20706609,0.49345204
0.027406596,0.23724473,-0.011920312,0.029227406,0.26779807,0.21356744,0.18655975,0.35815465,0.0032430044,0.1700024,0.20173411,0.08999547,-0.12004186,0.20802498,0.29116136,-0.052091707,0.26507697,0.25649804
0.14597161,0.3978349,0.051353823,0.07875426,0.32451484,0.38228607,0.26752985,0.47245002,0.19080594,0.2417904,-0.12997475,0.34718835,-0.043797657,0.09736491,0.25391912,-0.09508642,0.38619438,-0.026701702
0.4697773,0.13014711,0.2281939,0.0033409658,0.051747978,0.28625268,0.0038156724,0.14725266,0.12135417,0.1372469,-0.053371772,0.1610772,-0.19465095,0.3182202,0.08499086,-0.19077273,0.032863878,-0.086237274
0.12832543,0.05656646,0.13149211,0.3350901,0.050583225,0.036888033,0.31159645,0.228249,0.35057706,-0.0022571813,-0.007998933,0.12511453,0.35442665,-0.03480545,0.25357595,0.12308596,0.18972735,0.07416862
0.405885,-0.27434304,-0.23634917,-0.014135566,-0.22399119,-0.019326916,0.06689364,0.027659455,0.013269944,0.13437805,0.19738653,0.16550831,-0.061519377,-0.16778554,0.15134275,0.0750308,0.15641223,-0.0005997907
-0.040499337,0.27197573,0.25120062,0.11169379,0.27794528,0.27100906,0.19276121,0.29472354,0.10777753,0.10830321,0.22731315,0.16286844,-0.14012553,0.20444779,0.09049625,0.07358045,0.13740224,0.123387195
-0.007455026,0.37750852,0.048488136,-0.09886757,0.33759847,0.38164657,0.16800131,0.5286158,0.31515092,0.22819285,0.00088042463,0.4948447,0.10629856,-0.03195341,0.24383275,-0.12840565,0.41924137,0.03087561
0.049855303,0.29505357,-0.042932797,-0.15426318,0.25615057,0.2385771,0.08652058,0.36600527,0.26668382,0.16446775,0.014244948,0.25761217,-0.18276793,0.1296943,0.2811364,-0.09341142,0.32075134,-0.09930407
0.13160805,0.25844795,-0.053285442,-0.04105038,0.22853258,0.16961536,0.23851165,0.36960816,0.10222965,0.14490964,-0.021933213,-0.020951008,-0.1067843,-0.0072754463,0.14457309,0.17467962,0.18778107,-0.06763035
-0.020940457,-0.3218195,-0.41122422,0.065002345,-0.34152886,-0.04614537,-0.21621194,-0.11806252,-0.081868686,0.22137332,0.07328227,0.18871029,-0.23526289,-0.1336369,-0.08203846,-0.3382257,-0.10030929,-0.23549247
0.3387212,0.18660559,0.34909746,0.40368873,0.12455678,0.19461396,0.19464627,0.2674821,0.35465133,0.007946948,-0.15452038,0.11328009,0.3694796,0.12955911,0.0789395,-0.061186243,-0.013859476,0.010473223
0.005689203,0.45538825,0.08704471,-0.22524618,0.4199217,0.362208,0.23369996,0.46609524,0.2723632,0.23075959,-0.039538242,0.28318727,-0.12029245,0.122425616,0.3609052,-0.1349046,0.3948005,0.067501515
0.045090728,0.49590343,0.40909073,0.15675876,0.40069327,0.18027407,0.352597,0.26300907,0.31493136,-0.029752977,0.054454118,-0.050054576,0.5496933,0.15132149,0.26494953,0.30411956,0.004652755,0.32626584
0.33727497,0.29344898,-0.061889417,0.23017305,0.22855751,0.24060304,0.20118678,0.21450393,0.1597022,0.08793317,-0.053648345,-0.041586384,0.28737497,-0.088866465,0.072204515,0.17516166,0.05439273,-0.107079536
0.22630753,0.4193697,0.20628548,0.19230282,0.31427386,0.26880917,0.07505767,0.3453158,0.2971065,0.050585806,-0.10061444,0.17045543,0.32784483,-0.12068344,0.20487547,0.087030165,0.16570738,-0.011343174
0.21145454,-0.050272778,0.1056894,0.36472556,-0.058686636,0.0043456084,0.22907208,0.17160487,0.25487804,0.09553151,-0.0344261,-0.014271343,0.44466683,0.09196602,0.097231165,0.09374078,-0.1299144,0.07708068
-0.11507336,-0.35697863,-0.12761322,-0.09895071,-0.41177523,-0.21627405,-0.37816927,-0.28583413,-0.19063003,0.078112915,0.057623338,0.03834353,-0.16315943,-0.09674628,-0.35417563,-0.22590758,-0.4552259,-0.18096073
0.19637899,0.05254776,-0.04085505,0.42041954,-0.034817398,0.02560076,0.26748565,-0.061645743,0.08420466,-0.09693493,-0.049894176,-0.13829188,0.23699678,-0.022797367,-0.027482698,0.17891364,-0.013276323,-0.05084589
0.1629125,-0.1407364,-0.2283831,-0.14528286,-0.040888164,0.049189776,-0.22008476,-0.009783441,0.10863768,0.14056481,-0.11966957,0.00703385,-0.11621855,0.022490425,-0.15991715,-0.29260138,-0.19037014,-0.26507452
0.094011575,0.41080764,0.014259786,-0.02385001,0.27943805,0.39449272,0.26453328,0.5129219,0.16909733,0.15221585,-0.11441488,0.16607004,0.06980288,-0.07278584,0.33538923,0.05764694,0.41931525,0.020895537
0.1434571,-0.23453295,-0.18552352,-0.03199681,-0.2052376,-0.044060662,0.27772644,-0.012779441,-0.14148758,0.028357461,0.14059246,-0.07875397,-0.06656963,-0.011922714,0.21696496,0.20312288,0.22470511,0.12486677
0.10812277,0.28895596,0.14063834,0.097995564,0.18903887,0.2787039,0.15910529,0.2363896,0.3694534,0.0790165,-0.005502925,0.22903228,-0.1079706,0.14877698,0.36717048,0.021122824,0.31141576,-0.109383844
0.18794757,0.3005941,0.23516582,0.19112456,0.2988329,0.3106911,0.10447297,0.2894707,0.38584065,0.16333926,-0.10516971,0.25991422,0.0048987973,0.058319084,0.1375079,-0.17411026,0.1556496,-0.19543388
0.1166426,0.2725363,0.20595291,0.17447628,0.27014965,0.37374362,0.2276999,0.27219877,0.12744085,0.21151078,-0.10282647,0.1911724,-0.172955,0.17439355,0.23547266,-0.19694985,0.19504279,-0.10738886
0.017925093,0.14304388,-0.17912294,-0.10491912,0.13076736,0.30032465,0.19396411,0.4473053,0.3209618,0.2012763,-0.049699467,0.24695913,-0.008288339,-0.03934091,0.31702706,-0.097956136,0.4471018,-0.053817887
0.27844995,0.09858361,0.16940488,0.110817045,0.13445373,-0.015865045,0.38618314,0.13477023,0.00027430733,-0.16315556,0.10969043,-0.24231136,0.5026334,-0.13407314,0.08922435,0.36509427,0.021118127,0.37130246
0.062548906,0.22089954,-0.11678672,0.026480803,0.20705387,0.15747659,0.17806269,0.3322622,0.087104216,0.19997858,0.041870583,0.1490424,-0.13667624,0.04663894,0.2102208,0.026791539,0.2532523,-0.0208703
0.19908595,0.17976046,-0.11674505,-0.17766498,0.21070102,0.13677292,-0.0088146785,0.29701886,0.33651373,0.23960212,0.038140148,0.2087306,-0.1266653,0.17098787,0.14924045,-0.05869049,0.1303533,-0.1950909
-0.012214595,0.40357953,0.1343933,0.10218067,0.3130818,0.25981838,0.37116486,0.44186243,0.26318884,0.07726408,-0.14930475,0.17680347,0.36387298,0.098985486,0.25794294,0.09915922,0.28570572,0.13376066
-0.21780524,-0.28801444,-0.3114566,-0.13148406,-0.3046141,0.08063295,-0.06251907,-0.24139898,-0.12534958,0.14047997,-0.07209583,-0.041175526,-0.24669385,-0.053723864,0.009940235,-0.2507516,-0.111655414,-0.24255519
0.32797563,0.17892654,0.047318917,0.37664223,0.0818665,0.15025066,0.26531607,0.073758096,0.28336737,-0.039037183,-0.013013794,0.020812275,0.28687263,0.11342576,0.11945684,0.17530294,0.094154105,-0.015835073
-0.073008955,-0.0384578,-0.23930192,0.114709385,-0.06468179,0.080682054,-0.3544983,-0.1671604,-0.039812326,0.10262961,0.0097986525,0.118773654,-0.20443432,-0.20174383,-0.15832862,-0.26674938,-0.144869,-0.35731712
0.42169917,0.030379301,0.18332702,0.43200824,0.028744018,0.008184046,0.2881843,0.04152495,0.31374818,-0.0982725,0.033236977,0.058938265,0.3238671,0.039497774,0.16374475,0.29975623,0.14270632,0.085115716
-0.0113959415,0.40942967,-0.03447899,0.029427491,0.33315852,0.29093114,0.26570076,0.39304805,0.16330737,0.17732829,-0.07757164,0.12521487,-0.04345254,-0.111619934,0.2300637,0.186505,0.33442658,-0.11133501
0.06717597,0.027359497,-0.04837107,0.37594134,-0.064640805,-0.039395265,0.20917726,0.048405614,0.24678814,-0.09019293,-0.06530617,-0.055079363,0.28694034,0.10317821,0.026999982,0.08181627,0.0021411711,-0.013516706
-0.100114055,0.18483931,-0.2717852,-0.030820807,0.08128716,0.24236207,0.14883357,0.4289172,0.32438916,0.27361003,-0.061515253,0.30074897,-0.14500897,-0.053817406,0.396575,0.02488163,0.4913116,-0.15515941
0.047219876,0.27443224,-0.04497465,0.30152923,0.25623816,0.22755595,0.12698169,0.26356834,0.29097214,0.053263575,-0.092250064,0.15611032,0.28566912,-0.19678694,0.10883209,0.032866184,0.19052744,-0.13374479
-0.023581807,-0.035267614,-0.11276114,0.18404354,-0.1100296,-0.02022469,0.16990997,0.10445544,0.22418271,0.03137238,0.03965188,0.11053285,0.31646007,0.06994556,0.082925804,0.09612661,0.035733752,0.029148754
-0.060297094,0.23569988,-0.05940709,-0.054952636,0.2597652,0.2556282,0.048183408,0.23262891,-0.037656005,0.30836624,-0.075263746,0.1756718,-0.20997782,-0.15992431,0.13363299,-0.26188877,0.19815566,-0.1423756
0.3604982,0.17775467,0.39827734,-0.032639593,0.13325217,0.31548285,0.1668988,0.15292928,0.06093491,-0.05714972,0.10607213,0.0034181294,-0.117520496,0.26542142,0.1338728,0.07957134,0.11119642,0.14759193
0.4438959,0.24995264,0.17599607,-0.04012278,0.17902286,0.1673178,0.37332517,0.38536575,0.13046713,0.056525555,-0.048148785,-0.043559052,0.14544725,0.07669336,0.22160421,0.2750395,0.19284931,0.113555945
0.079792395,0.3010841,0.033039,0.117081076,0.22122744,0.4083441,0.07566845,0.3207694,0.20492017,0.10183341,-0.02319747,0.2393497,0.21320862,-0.085195445,0.123718865,-0.091375604,0.1938502,-0.051804017
0.11196673,0.33729178,0.1106824,0.1308638,0.2835074,0.25257257,0.31465852,0.40022182,0.2682751,0.078234084,-0.056952525,0.23804173,0.34018618,0.0852743,0.2528558,0.094831206,0.32826763,0.21001355
0.20894647,0.16574413,0.23520598,0.3970892,0.108813345,-0.14544815,0.19923739,0.0028124964,0.428193,-0.07292589,-0.022224905,-0.03774778,0.4789591,0.14462695,0.054443043,0.16649137,-0.15789516,0.12712887
0.147408,-0.03019717,0.063635744,0.15151627,0.036618616,0.29366285,0.21929117,-0.10101008,0.122961625,-0.18084331,0.39830106,-0.14160277,0.20875579,-0.014011585,0.10443971,0.5365494,0.1044084,0.29750678
0.08999652,0.2943388,-0.21000202,-0.03905188,0.19400315,0.29746544,0.20367105,0.4322376,0.2868818,0.28775048,-0.090508096,0.34857976,-0.08971797,-0.002434282,0.30363593,-0.0774823,0.40774205,-0.18728547
0.029162599,0.383964,-0.06265698,-0.013221602,0.36053252,0.3040023,0.2034508,0.43076512,0.36745912,0.17835337,-0.067669526,0.29835254,0.017856672,-0.0008094895,0.34244987,0.026669845,0.40091613,-0.20094745
0.37046808,0.0067721168,0.40561506,0.31985095,-0.010142406,0.110695384,0.33536407,0.043668073,0.08509196,-0.18189627,0.089846954,-0.09406135,0.42509973,0.095709704,0.07291446,0.30423534,-0.029035099,0.27812544
0.07784797,0.3700371,-0.0005064572,-0.10715838,0.25366727,0.25369292,0.2800956,0.40754187,0.20986721,0.12171045,-0.04829268,0.18718539,-0.06361762,0.14693566,0.29223937,0.05814638,0.3969253,0.06260309
0.014392791,0.36038527,-0.118305355,-0.12982091,0.25765246,0.38711527,0.154144,0.51786494,0.33904102,0.1967734,-0.08767182,0.24948044,-0.07242291,0.17611712,0.27766865,-0.042376652,0.3580126,-0.120664656
0.15507722,0.35916233,0.032938305,-0.150171,0.3585849,0.31987163,0.30770928,0.38300496,0.20268299,0.18011504,0.05871438,0.27459517,-0.06151154,0.118867114,0.37575626,0.024943652,0.5069968,0.2250968
0.32403797,0.38108948,0.0514866,0.060296517,0.32321143,0.15558888,0.2864681,0.36071026,0.2956188,0.04277326,-0.067497484,0.08879178,0.43757018,-0.044400126,0.23775388,0.07394175,0.23065093,0.09261051
0.14365998,-0.094198845,-0.110081375,-0.055247374,-0.057206593,0.05077348,0.033979338,0.12119628,0.3412187,0.08817106,0.036021195,0.19845086,0.04453026,-0.016923722,0.22168887,0.09271162,0.22622441,-0.12574069
0.43834412,-0.247615,-0.3346657,-0.008778657,-0.21421035,-0.10935666,-0.023798216,-0.04966895,-0.12516916,0.12465408,0.13370867,0.010603365,-0.1545211,-0.19190677,0.044136845,-0.00036428298,0.041474517,-0.10920965
0.03971255,-0.034609895,-0.24399155,-0.02052033,-0.037007708,0.10912726,-0.0241204,0.22928606,0.20065048,0.1926369,-0.054084465,0.18025316,-0.102302395,-0.098733924,0.22632918,-0.1551832,0.2240711,-0.21436004
0.2857323,-0.2501274,0.029881649,-0.11162957,-0.18852189,0.066045456,0.1701903,-0.16661094,-0.047646582,-0.1487813,0.3247758,-0.18363363,0.02909203,0.06564466,0.14686757,0.37275574,0.050833452,0.27220365
0.26926944,-0.11188613,0.10655847,0.3196456,-0.16939263,0.057427272,0.30067956,0.04310204,0.050442647,-0.058090966,0.10417519,-0.010334529,0.3717346,0.06680264,0.093386896,0.13056652,-0.018631093,0.24881503
-0.09917931,0.33103824,-0.09726377,-0.09643079,0.17631339,0.36943758,0.021848368,0.3942676,0.1606732,0.21861994,-0.085363105,0.4172965,-0.143651,-0.0068268846,0.20304126,-0.15733704,0.3528665,-0.14991544
0.06627238,0.15753725,0.18219309,0.005828525,0.21959193,0.3590824,0.37368128,0.130383,-0.037717886,0.07390274,0.32319093,0.10084747,-0.19630964,0.23194137,0.25695843,0.09094428,0.38684696,0.4613927
-0.06966194,0.23741066,-0.08892597,0.01608957,0.13127641,0.21894431,0.011777978,0.41504368,0.23477629,0.22040719,-0.09950537,0.25026137,-0.11955517,0.11542747,0.23545653,-0.25017715,0.20788093,-0.16009787
-0.019321116,0.16240999,-0.2752131,0.0035605957,0.11334694,0.18545473,0.22381715,0.41183612,0.13410835,0.22209711,0.016627394,0.26035184,-0.064584106,-0.054145798,0.27904078,0.012560865,0.42320588,-0.082639284
0.23822378,0.14798228,-0.011281149,-0.119600356,0.18498556,0.3006395,0.16173166,0.16256846,0.20265602,0.07256457,0.15301484,0.16963065,-0.015571008,-0.0092731835,0.23372251,0.08551279,0.30083677,0.0051746513
0.024060499,-0.016201602,-0.33833912,0.05008266,-0.056378454,0.21973656,-0.21228382,0.065369196,0.037544403,0.2867672,-0.02396563,0.4281393,-0.18897465,-0.40515044,0.027088229,-0.15892711,0.24077386,-0.37236312
0.0875594,0.015692588,-0.26184356,-0.23316613,0.03845558,0.27396008,0.026715465,0.29538766,-0.030627193,0.3081562,-0.0836757,0.26742464,-0.12605663,-0.049201306,0.077835836,-0.28826872,0.21069598,-0.11066382
0.0013475919,0.03417239,-0.25190574,0.071076155,-0.07074869,0.14012514,-0.17927727,0.17785372,0.09001521,0.21999359,-0.050545007,0.23795074,-0.14368951,-0.17623657,-0.08089208,-0.2587521,0.046122562,-0.2683379
0.07599268,0.25407282,-0.14850527,-0.12974434,0.1455494,0.3428335,0.09346752,0.48394158,0.22278742,0.21101634,-0.12149962,0.14782988,-0.11543167,0.08869947,0.21779524,-0.03036074,0.24758622,-0.23460917
0.05280328,0.30614933,-0.09465338,0.14819586,0.3208265,0.22359712,0.030185308,0.23260504,0.05795528,0.24099223,-0.10029103,0.2518855,-0.12312515,-0.20173785,0.12410367,-0.17203036,0.25613424,-0.183382
0.040586453,0.049176484,-0.22044173,0.15248714,0.05097236,0.106567405,0.28135684,0.091683865,-0.039868947,0.02175627,0.17789385,-0.004425085,0.02093458,-0.03373559,0.15647681,0.2734039,0.2579698,0.15418054
0.2604053,0.0181873,0.17205784,0.4741967,0.038513552,-0.0043734773,0.29950374,-0.008365073,0.1728064,-0.13245696,0.07265587,-0.03829411,0.2627843,0.025415285,0.0872815,0.299884,0.12592852,0.16729918
0.07321915,0.009848486,-0.13474473,0.05506549,-0.02462826,0.14189094,0.06055026,0.20334838,0.23253775,0.17670129,-0.035948962,0.3583462,-0.15281045,-0.0628088,0.15161611,-0.044313505,0.3324164,-0.21675844
-0.011887341,0.07740366,-0.1459841,0.036361687,0.025307547,0.11124326,0.24843523,0.3738589,0.15051587,0.2194902,-0.04256595,0.32725585,-0.04708408,-0.013991879,0.23796996,-0.076619826,0.40332142,-0.0031388402
-0.011354881,-0.26454586,-0.39497843,-0.1692651,-0.31314632,0.018968284,-0.37269422,-0.16354582,-0.1301824,0.05662931,-0.17836544,-0.07680542,-0.1879365,-0.14877701,-0.32012358,-0.36225414,-0.25895214,-0.3691833
0.16084667,0.29423067,0.35697636,0.3492298,0.22149748,0.027800368,0.32819518,0.14411311,0.34406826,-0.17046583,-0.1112432,-0.121351935,0.5109415,0.053783726,0.15436184,0.1443833,0.012714577,0.17185059
0.1322797,0.07750778,-0.19036222,0.11499594,0.025587069,0.14396483,0.0400061,0.08948731,0.08587788,0.13609833,0.19458178,0.14991651,-0.16680256,0.009084901,0.23327015,0.11963606,0.2182643,-0.021108389
0.102167495,0.33343384,-0.0005109395,0.10327071,0.29415712,0.2989851,0.30292892,0.2388956,0.19348924,0.09969116,0.0071035116,-0.040473055,0.31598735,-0.01576754,0.17413913,0.27126864,0.09099077,0.0007784314
-0.14848468,0.33122352,0.27811286,-0.09329655,0.29753527,0.36647028,0.17259458,0.17074774,0.056060582,0.085523225,0.016579922,0.07486747,-0.17098708,0.5317889,0.121249005,-0.20040318,-0.010896022,0.038990643
0.12545699,0.16396104,-0.12805347,0.024724936,0.14938988,0.20421843,0.36495382,0.25433326,0.108701065,0.06325858,0.02842208,-0.02526576,0.16923562,-0.0789189,0.21653219,0.27373168,0.2540818,0.06497947
0.030833473,0.117087014,0.022384262,0.21504083,0.05790967,0.18367119,0.27534872,0.29560387,0.3458748,0.16051015,-0.039814256,0.25098658,-0.071837075,0.19297567,0.32360443,-0.00208586,0.37600198,-0.07752094
0.45842236,0.14442232,-0.013143974,-0.10864273,0.1089896,0.15058595,0.13339682,0.22441913,0.20833768,0.03533732,0.023822296,0.08277179,0.059578273,-0.030903704,0.23521195,0.21356529,0.25548753,-0.051073525
0.017027672,0.18101488,-0.024641642,0.3359379,0.09649107,-0.024773663,0.18160453,0.0702452,0.14873809,-0.074751355,-0.1022639,-0.12554929,0.37664092,-0.012080704,-0.03769872,0.06516096,-0.06471306,-0.02217599
0.36592963,0.078270935,-0.14549299,0.05822612,0.10542149,0.3351334,0.12736872,0.25581285,0.005734106,0.090576075,0.2683003,0.0539127,-0.21200098,-0.07289952,0.0972315,0.1647101,0.27993724,0.044539556
-0.044931136,0.20069627,-0.15747102,-0.07308899,0.19000205,0.18554242,0.29592457,0.438399,0.05775806,0.20787807,-0.04114195,0.18169358,-0.07725719,-0.17400335,0.21152167,0.14951758,0.35760683,-0.057617605
0.3357568,-0.23193485,-0.09802441,0.2563887,-0.192663,0.04053872,0.17799282,-0.037313383,0.16852917,0.09958625,0.04328954,0.05454258,0.0020191194,-0.10613779,0.18372588,0.18334804,0.12549384,-0.14102198
0.45539722,0.334692,0.16494533,-0.077292696,0.3008553,0.35159135,0.24623013,0.5070849,0.32436138,0.19282061,-0.04124768,0.22664686,-0.027550062,0.08603897,0.2912834,0.0014835306,0.38905984,0.039894093
-0.030214481,0.17530818,-0.18093748,-0.14589281,0.13868879,0.2911335,0.022623297,0.107584506,0.016348917,0.060352467,0.23246014,-0.028789142,-0.12752418,0.12345588,0.096543886,0.16441457,0.08027607,-0.01423382
-0.1766301,-0.25243008,-0.30303657,0.05612383,-0.30538994,0.05066085,-0.02299375,-0.13887335,-0.06270272,0.23278706,-0.03625451,0.09100053,-0.26367313,-0.035278134,-0.0004772311,-0.36475858,-0.043507118,-0.20382497
0.33516338,0.35694087,0.19238523,-0.020163773,0.3128854,0.24731082,0.28375128,0.31297436,0.083464034,0.060646214,0.05770887,0.07462996,-0.107984014,0.21001905,0.26043254,0.15419005,0.35828573,0.2830351
0.084258005,0.34001756,-0.08787594,-0.035138298,0.254389,0.33003718,0.21302474,0.3686076,0.26499033,0.23914558,-0.046050753,0.36908203,-0.1647749,0.034764078,0.2981478,-0.048159696,0.45250097,-0.110083625
0.16106908,0.0942496,-0.11208841,0.14226201,0.12468498,0.17712519,0.17938195,0.19933088,0.14865768,0.24154124,-0.056692265,0.27108803,-0.10770419,0.0019091703,0.19320378,-0.045658704,0.31926662,-0.08554976
0.068564,0.4201818,-0.006350588,-0.027880263,0.3392065,0.30361396,0.28200406,0.5079135,0.30076075,0.2410219,-0.16704036,0.26600817,-0.028696368,-0.0064782174,0.36204123,-0.044545326,0.45750177,-0.08722087
0.26244837,0.15897973,-0.062247276,-0.08358676,0.082182586,0.20757312,-0.05489646,0.26635173,0.34077153,0.2786291,-0.083663344,0.2633506,-0.23332317,0.20557998,0.104070865,-0.25148004,0.07753151,-0.24645321
0.31850958,0.29510677,0.26793757,0.07744252,0.28111917,0.23655334,0.25345454,0.22690263,0.051949665,-0.03182175,0.17618614,0.042336907,0.112699516,-0.09746455,0.20286128,0.2844541,0.31296873,0.36711964
0.059132162,-0.028403351,-0.09378685,0.14184958,0.030872019,0.23807631,0.2435523,-0.01724447,0.17642762,-0.12783594,0.35716185,-0.036542937,0.20606945,0.052683856,0.24108349,0.41152173,0.25211582,0.2664438
0.06338343,0.18584718,0.3142853,0.2700998,0.16178744,0.3291574,0.45389584,0.050549526,0.15000196,-0.12985171,0.13723989,-0.037613172,0.20678826,0.22832425,0.3171623,0.13480116,0.2869564,0.35884318
0.037916828,0.3225102,0.030142138,-0.19507897,0.28716213,0.35894302,-0.041182894,0.13435282,0.048868686,0.17965068,0.21557565,0.17908853,-0.26079985,0.24091604,0.03822438,-0.15472913,0.07346405,0.122031204
0.023639323,0.1833655,-0.109698854,0.05278752,0.14152063,0.22284853,0.16044877,0.23954836,0.34870794,0.13772783,0.011721947,0.17750314,0.02862142,0.15011682,0.24492016,0.069939926,0.2252073,-0.12850593
0.27841586,0.29200488,0.029367695,0.04557448,0.19555077,0.16148148,0.29479912,0.33444217,0.14572111,0.016881447,-0.085088775,0.032697987,0.29684442,-0.08405198,0.21337406,0.14281408,0.25436497,0.06627167
0.2069085,0.15542735,-0.080921434,-0.06505947,0.09824548,0.2527366,0.2185128,0.33897993,0.11667949,0.18105498,0.101419665,0.24121298,-0.15767427,0.12568368,0.33522204,-0.02837613,0.4208405,0.1109133
0.079310074,0.4005181,0.08908398,-0.09963553,0.38316432,0.42089447,0.30191404,0.41828698,0.1912611,0.16045856,0.14499697,0.32122663,-0.08006499,0.094924316,0.40139833,0.0570583,0.5826566,0.27282768
0.07351084,0.26883373,0.03278646,-0.11675407,0.23209378,0.26682407,0.20802616,0.3711796,0.07020629,0.21209945,-0.06372099,0.121743076,-0.13367711,0.3032341,0.062255885,-0.24777487,0.09321654,0.059753537
0.02627487,-0.14227177,-0.32136875,-0.04292016,-0.0966284,0.043096796,-0.29075456,-0.059741013,-0.09548483,0.02825585,0.24971518,-0.0056179115,-0.26154578,-0.17791422,-0.29677227,-0.099687524,-0.14706357,-0.122591786
0.2102498,0.3243913,0.24307089,0.124743365,0.32004973,0.3109317,0.047970183,0.2841369,0.39856204,0.11024975,0.0050094193,0.29752064,-0.077027604,0.116156854,0.2201138,-0.035415106,0.27677515,-0.107109465
0.10463473,-0.022648726,-0.1808788,0.1761398,-0.07595338,-0.09881243,0.22388929,0.09420099,0.1808552,-0.04560788,-0.025924115,-0.15271305,0.40425935,-0.026793264,0.07902309,0.11441784,-0.04761466,0.013746622
-0.19378556,-0.13618696,-0.39317992,-0.054987088,-0.12798132,0.0956478,-0.20014985,0.15637882,0.08279891,0.18553077,-0.15853794,0.23192456,-0.13621765,-0.38621217,-0.02927892,-0.3677208,0.13952827,-0.35657457
-0.04855162,0.2503598,0.035575014,-0.027068676,0.17321803,0.295972,0.20373532,0.40566725,0.13244024,0.16053513,-0.09341804,0.20993502,-0.01419359,0.23014732,0.1860668,-0.16473235,0.17547,-0.07047518
-0.15606742,-0.02939935,-0.29621613,-0.2482003,-0.06804161,0.17714155,0.06030259,0.42894095,0.03113818,0.2942593,-0.094700135,0.29019782,-0.13984057,-0.18425827,0.12322445,-0.25573158,0.25428987,-0.15274014
0.13139242,0.29553413,0.16781618,0.010784477,0.26988706,0.17499517,0.2979324,0.4640211,0.11872055,0.24808185,0.07823074,0.34552583,-0.17794955,0.12729046,0.34480056,0.0162643,0.4744713,0.25529695
0.084238276,0.12923357,-0.085893475,0.0038133226,0.110765845,0.22292128,0.314619,0.28708124,0.12343894,0.13858527,0.055095114,0.06432213,-0.14297187,0.15699217,0.23366715,0.11714527,0.33885634,0.113227315
0.1624772,0.34073904,0.059914835,-0.047579914,0.3156784,0.37944794,0.30125663,0.427517,0.14484106,0.20736371,0.025009368,0.22115052,0.00510452,0.1543943,0.2488592,-0.107123606,0.28353155,0.13714756
-0.01960382,0.2755224,-0.08650273,0.18610735,0.19179729,0.18309204,0.3162386,0.27920425,0.12586339,0.03050023,-0.043608278,-0.11908268,0.3492549,-0.101582155,0.199414,0.20420909,0.12579292,0.034209143
0.13345999,0.24978599,0.09897306,0.20682673,0.24308263,0.2357468,0.32382673,0.36223486,0.142836,0.053341445,-0.022156475,0.09940728,0.41154552,0.021901794,0.08331899,-0.0049589863,0.14401701,0.20280376
-0.0073091164,0.20164452,-0.2022765,-0.030838158,0.11604872,0.20853895,-0.07236642,0.257521,0.22969052,0.20058216,0.1397578,0.29621142,-0.13214123,-0.13063402,0.22632292,0.017255444,0.2494376,-0.16532597
0.2551584,0.13554408,0.09101013,0.21485889,0.110944286,0.20196928,0.17310634,0.22003825,0.318765,0.01340127,-0.096132085,0.123292305,0.18575509,0.08741704,0.115072094,0.08638503,0.18564108,-0.070562124
0.1518783,0.30663115,0.2686005,0.26053566,0.29500806,0.3118357,0.0648617,0.16399626,0.074214034,0.1665142,-0.074481145,0.14103274,-0.09551392,0.21798068,0.113347694,-0.17362264,0.04606527,-0.068650976
0.10802211,0.09586783,0.08960929,0.061876338,0.18739396,0.13235669,0.33178964,0.1467692,0.0122390725,0.08284145,0.23782888,0.14956026,-0.09371361,0.058864985,0.27761212,0.17537324,0.41551054,0.4235956
0.05463746,0.21982022,-0.07237846,0.041819394,0.16325322,0.17582695,0.35141763,0.21707058,0.1841185,0.077615626,-0.028956981,0.04658668,0.1401221,0.051577598,0.24491735,0.10357381,0.27800864,0.032061674
-0.057323877,0.25101504,-0.13280465,0.08526486,0.13801554,0.298292,0.28443745,0.3075594,0.18461263,0.1909106,-0.07094746,0.16467622,-0.028464707,-0.091065116,0.20751494,0.10761508,0.30063555,-0.1692795
-0.046106704,0.19338815,-0.1455854,-0.24825259,0.14465351,0.4584901,-0.06816051,0.2951982,0.0979236,0.2345286,-0.050340038,0.2964692,-0.21266635,-0.047539417,0.026404144,-0.27358535,0.1425713,-0.31333745
-0.1164191,-0.21587633,-0.17001748,0.2517473,-0.2632794,-0.028988184,0.059238773,0.13454412,0.14446533,0.17540637,0.12581693,0.3092625,-0.1582309,-0.049148273,0.12342677,0.15265147,0.17321147,-0.13310307
0.08296968,0.34624696,-0.072968796,0.0006422878,0.3167324,0.44959927,0.01988003,0.27716568,0.13159592,0.23873731,-0.13186264,0.2704442,-0.19478905,-0.08690676,0.18250261,-0.22731242,0.2939076,-0.25727907
0.18456437,0.3735673,-0.0795768,-0.087068014,0.3653476,0.2936499,0.16445065,0.46567655,0.3810324,0.23485363,-0.11513366,0.2796457,-0.017063798,0.02067111,0.2639572,-0.028067727,0.37938994,-0.1615127
-0.14280882,-0.0132538825,0.10496387,0.19279629,-0.11783861,0.055592936,-0.02200082,0.10061037,0.07536022,0.18151958,-0.032219052,0.20316748,-0.30941284,0.27739152,-0.087008625,-0.28221118,-0.11584411,-0.22062697
0.085059166,0.2680117,-0.12611409,0.039408624,0.21191461,0.1649569,0.16367994,0.21540815,0.23427467,0.03405164,-0.051761143,0.020303832,0.17777789,0.038986415,0.056515656,0.061170414,0.1311863,-0.10583147
0.13222893,0.34554914,0.03484057,0.22702643,0.21182671,0.2560125,-0.010109043,0.2344198,0.23416823,0.08073985,-0.07570007,0.17532855,0.096761316,-0.09034688,0.110205285,-0.036483105,0.14879738,-0.116396636
0.37817106,0.14316756,0.37883368,0.25606555,0.14465371,0.121867046,0.2501927,0.22176988,0.30459613,-0.06677051,-0.0732502,0.029360045,0.43651733,0.19725423,0.15038829,0.02859519,0.051525965,0.18134643
-0.17198344,0.18471734,-0.13780704,-0.15713556,0.16331765,0.30487445,0.059428845,0.46404523,0.16690363,0.22900133,0.03115345,0.36742792,-0.13823605,-0.039503515,0.12679434,-0.26774326,0.3370746,0.03905079
0.009272435,0.2442922,-0.09694494,0.047052916,0.20405012,0.08214521,0.38506728,0.33472443,-0.044489086,0.14486885,-0.078221455,0.028088294,-0.0006769462,-0.14083587,0.22008279,0.16725954,0.30311102,0.032865103
-0.046744402,-0.055469498,-0.3323571,-0.23661654,0.0343397,0.20852579,-0.11095056,0.107300736,-0.018916763,0.12802325,0.3141741,0.15430047,-0.34953424,-0.13004403,0.037016615,-0.19212899,0.18883939,-0.10314538
0.044605676,0.31179506,-0.0013579794,-0.14904825,0.2627897,0.31765014,0.124852724,0.36334398,0.18484586,0.23243667,-0.035553016,0.26387343,-0.19011906,0.24174269,0.12329559,-0.2513928,0.17668933,-0.045023017
-0.03567381,0.23746642,-0.10291038,-0.06652929,0.17633407,0.2587361,0.20710164,0.4891563,0.14244601,0.25221574,-0.039375026,0.35739127,-0.039193984,-0.009445826,0.25478354,-0.13662621,0.4026919,0.09580379
0.13252205,0.3208774,0.19726714,-0.069863655,0.27932,0.3946416,0.18883322,0.44534835,0.22539341,0.18736608,-0.16374953,0.2102034,-0.108483784,0.09533316,0.31328616,-0.15209025,0.342926,-0.043994185
0.011535754,-0.0723823,-0.26303136,0.194438,-0.03148361,0.04026079,-0.03595675,0.04628441,0.18366809,0.20661783,-0.040617976,0.26406485,-0.21550068,-0.099667214,0.11442589,-0.087294616,0.25556195,-0.25858608
0.40179932,0.20521787,0.16579895,-0.022104947,0.24763694,0.27888578,0.25618586,0.10052741,0.042732537,-0.026190538,0.3167895,0.001978239,-0.018824993,0.17221199,0.2278601,0.25853816,0.30562392,0.46712264
0.21911529,-0.0960694,-0.15825048,-0.05609208,-0.060137022,0.17912938,0.17088974,0.21448894,0.10281888,0.15209612,0.074068256,0.11273758,-0.18690366,-0.05396433,0.3447044,0.17322363,0.37205705,-0.026057662
0.25721166,0.27189735,-0.12520517,-0.033924267,0.18738519,0.28759548,0.06785763,0.37087566,0.11767514,0.12600334,-0.05057435,0.20244406,-0.06675805,-0.19111589,0.20123667,0.102114,0.3704937,-0.10966529
-0.026000295,0.0532133,-0.14748687,0.22278774,-0.02332751,0.26583403,0.2520893,0.19808184,0.32761896,0.09799432,0.06404308,0.24455996,0.059416313,0.11840098,0.3946442,0.15708795,0.4275422,0.022171667
0.067458235,0.29916617,0.07855472,0.14239983,0.2671845,0.16086416,0.41386604,0.47178045,0.17666492,0.1011598,-0.075181425,0.042174425,0.3125485,-0.10319889,0.2787788,0.23430198,0.30094287,0.10182518
0.018581588,0.36818564,0.10687219,0.03219469,0.28842875,0.34431326,0.18643904,0.46693212,0.17702146,0.20555703,-0.13615641,0.30433866,-0.10554408,-0.040061224,0.2903794,-0.18461831,0.41515395,-0.010910866
0.06293132,0.38272935,0.167332,-0.022505432,0.31246406,0.26175988,0.31270397,0.2931252,0.17448068,0.04730958,0.05693537,0.18611157,-0.035645124,0.23620874,0.34956872,0.1326387,0.43993062,0.32229304
0.10860027,0.29004195,0.1497402,-0.00903357,0.24762529,0.28224036,0.12803905,0.53144765,0.12207006,0.2100891,-0.088709205,0.24747352,-0.16982199,0.16999538,0.14422306,-0.25587216,0.2538855,0.05162396
0.21799019,0.1703613,0.03651496,0.28622356,0.13450478,0.08239444,0.055681456,0.2271063,0.18292002,0.02518608,-0.15330596,0.14553286,0.15645145,-0.16490129,0.04142447,-0.07990627,0.17084138,-0.14958082
0.149953,0.22344603,-0.16392872,0.08457977,0.16181941,0.13333012,0.14841568,0.19985707,0.20137163,0.07906313,-0.062485773,0.04542669,0.099307306,0.008965399,0.050648168,0.024964679,0.14913402,-0.1284546
0.01433315,0.2301803,0.017540773,-0.04574692,0.29424554,0.31990355,0.3899692,0.35971442,-0.03171326,0.09810293,0.23707697,0.018496716,-0.0106122745,0.17693922,0.32754955,0.049340934,0.3193047,0.37548026
0.10520805,0.36083728,0.30046996,-0.04195994,0.31546453,0.35909593,0.039183266,0.275647,0.19566524,0.13017824,-0.16821554,0.22115938,-0.25205496,0.1982733,0.11791142,-0.28222013,0.17160977,-0.15244427
-0.05627485,-0.0031083387,-0.26805618,0.000471297,-0.073434755,0.15494035,0.21164663,0.30308238,0.21614774,0.23761877,0.019686107,0.18577409,-0.22992945,0.123110324,0.33542407,0.040226437,0.36487222,-0.12512854
0.2164809,0.29234564,-0.008244096,0.00090254005,0.18110333,0.20083569,-0.073779054,0.17457354,0.19059023,0.27148828,-0.09320616,0.2497587,-0.15901344,0.064808816,0.027529944,-0.186249,0.03725234,-0.17781872
0.2196767,0.4100779,0.103831545,0.031067176,0.34404942,0.41160512,0.12916079,0.28379318,0.26094353,0.13542673,-0.101495884,0.18578789,-0.02560804,0.076658726,0.22959808,-0.07424011,0.25132677,-0.09211031
0.13336855,0.26639557,0.35924205,0.22356339,0.19381544,0.18479997,0.33763653,0.26121694,0.16485608,0.03621617,-0.16134416,0.08784968,0.14333983,0.18803878,0.15459892,-0.13332763,0.08134518,0.01147586
0.099968806,0.36701286,0.38911596,0.08019251,0.39967367,0.3093467,0.26642162,0.29035166,0.34283274,0.08901539,-0.00620208,0.19417283,-0.05645575,0.509898,0.30673963,-0.13343546,0.21204042,0.19991563
0.14640903,0.15375152,-0.03215236,-0.028804721,0.12448955,0.24883504,0.3664319,0.20483646,0.23823112,0.07428115,0.12370395,0.03620807,-0.11434882,0.17754343,0.38775462,0.119678415,0.44073808,0.18533894
0.17972456,0.33922818,-0.07282262,0.0749951,0.2656045,0.3362266,0.15174109,0.21400006,0.06311876,0.13231212,0.07217104,0.15102255,-0.07317744,0.0072526303,0.1407497,0.26894808,0.24190432,-0.09976106
0.16231558,-0.00624005,-0.32044163,-0.008366371,-0.012863359,0.24179667,-0.120043024,0.07920522,0.10328728,0.26263744,-0.061343174,0.2824403,-0.14403094,-0.260459,0.08722319,-0.16713554,0.22333299,-0.28822008
-0.089687996,0.27513185,-0.14530711,0.004538774,0.11017479,0.34328195,0.14502786,0.42803732,0.24254926,0.19058844,-0.101387545,0.27567452,-0.08027217,-0.05063268,0.2509682,0.052682184,0.38090524,-0.18904294
0.44149274,0.19110407,0.1626144,0.2566741,0.16446526,0.05790465,0.3064866,0.15912656,0.18159613,-0.17271277,0.008541867,-0.21819247,0.52017546,-0.20865734,0.045433696,0.37052777,0.006612166,0.12933518
-0.14172347,-0.037456207,-0.14765719,-0.21637721,-0.032264646,0.24577004,0.21858035,0.4081951,0.22674654,0.2586983,0.008929413,0.24346404,-0.2448252,0.19386159,0.287801,-0.12703663,0.32319108,-0.07582975
0.17323394,0.24368872,0.10621739,-0.09284488,0.3736119,0.27390066,0.29302472,0.16904797,-0.06659262,0.03816488,0.3789919,-0.015912406,-0.08154434,0.06559427,0.121828705,0.18417068,0.2603786,0.50011903
0.08915961,-0.18748233,-0.296026,-0.16887918,-0.14188959,0.05769878,-0.21546215,-0.11471397,-0.077490985,0.17504485,-0.10002772,0.103007935,-0.18820803,-0.14571448,-0.092993006,-0.24047643,-0.052085884,-0.36033323
0.10621074,0.19535217,-0.0815585,-0.047620095,0.19026688,0.23601443,0.17561953,0.23439813,0.013589828,0.16072959,0.21835756,0.15029772,-0.22053638,0.15767573,0.16207238,-0.18811741,0.2683249,0.15878241
0.41604653,0.32918766,0.3814931,0.01553678,0.2763859,0.29680726,0.16135588,0.4425692,0.18204913,0.21993643,-0.12383397,0.295497,-0.09900248,0.1832692,0.20473106,-0.107010156,0.25579622,-0.025912745
0.25405943,0.31615084,0.06578934,0.0665992,0.24143276,0.20438461,0.3676947,0.33451954,0.15745164,0.028769363,-0.04195513,0.03774427,0.32974425,-0.060608074,0.25593156,0.17706579,0.28120458,0.12938534
0.3653095,-0.19387482,-0.25031754,0.14555846,-0.1377837,0.06800579,0.07192625,0.07073684,0.19923364,0.07369136,0.031547386,0.027518641,-0.036257666,-0.25563177,0.18231854,0.14016843,0.1988589,-0.21350305
0.1908894,0.32188368,0.10447644,0.05904951,0.25691542,0.39257163,0.22893326,0.4705557,0.24276765,0.14094347,-0.058065414,0.26087826,0.24245004,-0.050116837,0.26346147,-0.004347987,0.29076722,-0.010867186
-0.11021896,0.12895925,0.11298325,-0.12474108,0.13625452,0.3108484,0.33928305,0.025002308,-0.008045168,-0.0403667,0.34228522,0.03641601,-0.06404361,0.27089903,0.18015721,0.1384369,0.24260631,0.41614056
0.09005338,0.19157855,-0.21086426,0.018951733,0.1644693,0.20204121,-0.11188049,0.1410271,0.15928148,0.21867573,-0.03962157,0.11758602,-0.22462359,0.10242472,0.06696962,-0.2745003,0.063912526,-0.22914436
0.3051968,0.46331885,0.13002758,-0.051115412,0.4919857,0.28219658,0.19284655,0.45001203,0.28671372,0.17396861,0.03357948,0.13560538,0.0045499657,-0.07859586,0.2011749,0.1609518,0.25525162,0.0074175987
0.090890214,0.14142212,-0.052184716,0.09456162,0.108186655,0.21274872,0.050474986,0.23573397,0.3518567,0.11060951,0.02338367,0.18479627,0.30278242,0.03196734,0.17201373,0.034871068,0.11879099,-0.052995645
0.09330416,0.53638923,0.18906172,-0.0046419404,0.49751693,0.40856937,-0.009337132,0.31283617,0.3050742,0.20894608,-0.08417756,0.31558454,-0.12859227,0.27077824,0.13097373,-0.14339401,0.10578993,-0.15675236
0.053535838,0.29285607,-0.08702689,-0.067762464,0.21269374,0.4019544,0.044530213,0.39964083,0.15258859,0.18304315,-0.11614257,0.24616872,-0.1609756,-0.07275222,0.15156505,-0.107445136,0.30858192,-0.2481037
0.28187865,0.4782843,0.18520264,0.048792206,0.43985492,0.41541722,0.16494307,0.27611265,0.13041002,0.215293,-0.07471422,0.20904425,-0.09477674,0.08399416,0.23569971,-0.09138807,0.22285967,-0.06136591
0.021537734,-0.0050207856,0.08078442,-0.015259997,-0.03797447,0.09731145,-0.011947242,0.15591589,0.27716962,0.15499714,-0.06966701,0.2033616,-0.091460556,0.17647487,0.026061084,0.052014984,-0.03016715,-0.2619908
0.2560333,0.19580662,0.105660535,-0.2050906,0.21297126,0.33392936,0.33909962,0.19265509,0.088526085,-0.027384292,0.18557408,-0.13795413,0.22404505,0.05565376,0.1906907,0.36318946,0.11101592,0.22101706
0.22336486,0.42759836,-0.02329575,-0.17845824,0.34524164,0.27991864,0.1697232,0.40814993,0.2504384,0.23068324,-0.03867791,0.24891989,-0.06696355,0.2743528,0.24768509,-0.03125127,0.30655923,-0.00962316
0.10417811,0.26189485,0.25398085,0.048701376,0.33639458,0.22407138,0.33801216,0.19307147,-0.0050380677,0.06371484,0.2387143,0.102566,-0.06561975,0.15071954,0.21313329,0.16876027,0.32819855,0.5003299
0.22508775,0.031390764,-0.11528434,0.26717883,-0.050077654,-0.16981214,0.16988553,0.043755542,0.14922881,-0.06827148,-0.10952794,-0.20900345,0.3345018,-0.07097531,-0.0619564,0.06879528,-0.14724293,-0.11775069
0.026195636,0.16235654,0.124198675,0.31670254,0.10603564,0.20673352,0.27325302,0.2952018,0.39391714,0.11646837,-0.020023962,0.19683635,-0.017642472,0.1825837,0.30447054,0.13985693,0.34036627,-0.06578421
0.47416744,0.32176158,0.18362737,0.0509471,0.27129117,0.18440174,0.11373378,0.31136808,0.37655616,0.022291651,0.04504671,0.02447612,0.10666044,0.091140665,0.21515241,0.23211284,0.11085168,-0.021520063
0.07438008,0.429618,-0.014721,0.03709966,0.41141838,0.3524585,0.08388779,0.48620537,0.33431995,0.20894003,-0.12311098,0.29235175,-0.018839974,-0.093724295,0.21121447,-0.12872902,0.30382845,-0.24681951
0.12997103,0.40452808,0.15948674,-0.15617327,0.40722632,0.31085902,0.26030985,0.41211686,0.22254553,0.16199008,0.13749205,0.281953,-0.11195922,0.19426072,0.3219399,-0.016177237,0.4531002,0.32066733
-0.15411454,0.23808564,0.07661552,-0.084678404,0.15299621,0.31419697,-0.006963152,0.37989348,0.09504228,0.15815967,-0.050110493,0.32400486,-0.037822176,-0.1355868,-0.009859653,-0.16988473,0.14071213,-0.04665594
-0.08978556,0.11050237,-0.0011618553,0.19271155,0.021007136,0.17618886,0.18169986,0.28823823,0.27870393,0.12503411,-0.10804021,0.18182886,-0.13873903,0.076804996,0.19536646,0.034791496,0.3029882,-0.20775717
-0.009017805,-0.14959046,-0.315135,-0.039207805,-0.19335045,0.047916446,-0.009373992,0.21494678,0.09118563,0.17999257,-0.035036195,0.2932847,-0.2355443,-0.10789251,0.17974186,-0.10062184,0.35759652,-0.14334978
0.31340513,0.22760777,0.25798613,0.271731,0.14323232,0.38913214,0.22804128,0.13182358,0.21651569,-0.07584926,0.11863385,0.10367552,0.108945064,0.1683461,0.18906897,0.074661314,0.23022196,0.12504551
-0.019552303,0.123011336,-0.18320486,-0.1798488,0.102260575,0.25445968,0.18213406,0.4500258,0.24001886,0.18656184,0.02177523,0.19345672,-0.028663399,-0.065312594,0.28380817,-0.09703392,0.40422088,0.0060163178
0.096363634,0.26202485,0.082227565,0.1184286,0.20544359,0.11766476,0.48023498,0.41326228,0.1084344,0.060654327,-0.0917209,0.010632615,0.30418935,-0.14903972,0.31035516,0.23411405,0.3480625,0.17081209
0.112964116,0.4022908,-0.04476945,-0.022483604,0.38154727,0.16760065,0.15446304,0.38000086,0.24185169,0.20475908,-0.01759455,0.4084618,-0.012456213,-0.049416143,0.32150075,0.014610026,0.47230953,0.045546908
0.16322258,0.1846824,0.07358521,-0.070439085,0.2982165,0.27399662,0.3408067,0.21954043,-0.076760165,0.07576883,0.3151763,-0.06985624,-0.027942374,0.1588741,0.16544513,0.12279531,0.24316137,0.4967744
-0.0645857,0.23415746,0.059553042,0.20072639,0.12058275,0.12413193,0.013544621,0.23290405,0.24187839,0.08094348,0.01518953,0.18638211,-0.12385256,0.023600068,0.29309094,0.06878237,0.24531114,-0.11619635
0.18072629,0.27999392,0.043787163,0.24645984,0.12556183,0.1998075,0.18521978,0.3064433,0.36574978,0.011800614,-0.034958515,0.07271425,0.39234382,-0.13199529,0.23046847,0.28067032,0.1547746,-0.016430492
0.040916283,0.16390406,0.04017646,-0.13023579,0.24181253,0.27049425,-0.020936027,0.23234981,0.025606493,0.117920704,0.15912734,0.15235814,-0.25968653,0.20129463,0.088083595,-0.21095175,0.15595531,0.12443544
0.11024686,-0.078889735,0.13215086,0.30852363,-0.11349371,-0.040633786,0.31685856,-0.058330715,0.12009669,-0.17610697,0.14089243,-0.25446635,0.3923427,-0.07977331,-0.007734484,0.46790746,-0.13700214,0.14558694
0.18671463,0.42815462,0.3797853,0.22359145,0.30612183,0.11623728,0.23342836,0.23312677,0.4394981,-0.03200907,-0.05319221,0.013803195,0.55164653,0.12175875,0.19692795,0.17403008,-0.048788212,0.15991001
0.38649923,-0.05391691,-0.19406374,0.05575573,-0.122142114,0.08710222,-0.019243823,0.18865296,0.07493602,0.15828715,-0.03873409,0.15925722,-0.01734536,-0.22013985,0.0787579,0.043411314,0.117226474,-0.20916463
0.025375977,0.028908275,-0.09903567,0.28804493,0.059562154,0.057620756,0.085694835,0.09433741,-0.01458163,0.30103952,-0.04551348,0.20835017,-0.2157671,-0.11559313,0.13258345,-0.20450653,0.13973817,-0.1970686
0.24241005,0.071855314,-0.106852755,0.2012953,-0.0027903067,-0.033651724,0.20537063,0.18817936,0.24652293,-0.0368174,-0.04905404,-0.056966983,0.4123372,-0.21361132,0.12928534,0.28177106,0.103156865,0.034999073
0.09094023,0.40501326,0.13769172,0.24648324,0.28437996,0.3097728,0.23271292,0.41043282,0.34926793,0.080304846,-0.15734728,0.21596946,0.16493182,-0.037214134,0.30951077,0.087072834,0.34662983,-0.0780839
0.1093808,0.17494738,-0.055501226,0.18045542,0.12731788,0.25228846,0.0002775134,0.27669066,0.14622258,0.23104571,-0.17711659,0.27850938,-0.20508951,-0.13193399,0.1281293,-0.18727352,0.26005584,-0.29861
0.074701704,0.3749501,-0.07156815,-0.027321545,0.2328921,0.34547028,0.047500413,0.4336485,0.26501867,0.22415245,-0.19075434,0.24969795,-0.07568132,-0.035100393,0.20991662,-0.1536982,0.28241193,-0.20754367
0.13163386,-0.07648596,-0.24786639,-0.17955682,-0.07332537,0.24066992,-0.1705693,0.22224462,-0.067680076,0.201394,-0.19727328,0.12299876,-0.13903672,-0.17149223,-0.05047567,-0.2756967,0.065073915,-0.22639143
0.032284256,0.32200396,-0.03833643,0.028656716,0.30034778,0.35770583,0.12926836,0.27799454,0.14891262,0.25042662,-0.055681784,0.22011724,-0.11098533,-0.16572739,0.24425292,-0.05466445,0.3076345,-0.19212286
-0.12726636,0.20314549,0.255178,0.13927676,0.092310406,0.27555376,0.017749026,0.12891029,0.17313622,0.05003231,-0.0587955,0.19188489,-0.18018942,0.3787301,-0.035296984,-0.17673829,-0.06099653,-0.16505115
0.1740865,0.18137902,-0.034095302,-0.11873499,0.23665784,0.2403918,0.17815381,0.41557676,0.111921474,0.27070788,-0.13496085,0.11622494,-0.065802015,0.0575808,0.14432277,-0.25165975,0.19692719,-0.010605282
0.3505979,0.44345534,0.13989542,0.06729835,0.3898855,0.31734952,0.25882986,0.32536674,0.4013331,0.077874236,0.008497458,0.1326638,0.13669813,0.19407639,0.3072412,0.20405515,0.29745838,0.032816745
0.34135637,-0.18015966,-0.260412,0.098048076,-0.18807578,-0.06532729,0.14209016,-0.019906865,-0.08722721,0.036853172,0.10430742,0.0036052475,-0.07321329,-0.1914408,0.08247034,0.20954315,0.17334712,-0.0017087879
0.3394215,0.07541091,0.15314914,0.05374891,0.1709574,0.10154366,-0.06508216,0.13204277,0.26926985,0.14098403,0.10026942,0.20967378,-0.16431208,0.03675006,0.057555597,-0.06851049,0.103569485,-0.120044515
0.31190366,0.44943056,0.30437797,0.03441614,0.32828018,0.32469186,0.12974674,0.36683846,0.33662286,0.091793284,-0.023052558,0.22429635,0.09817445,0.16576278,0.30544043,0.06511533,0.22394241,0.08951862
0.037026554,0.28734845,0.21245123,0.114700235,0.21409164,0.33849242,0.2522242,0.26104483,0.15934415,0.07428136,-0.062089927,0.1745193,-0.1308074,0.14895752,0.22454354,-0.14102775,0.26612335,-0.07449947
0.065849386,0.23559612,-0.19799398,0.21274434,0.23260196,0.24068956,0.04744036,0.16197927,0.1274352,0.22523792,0.03052649,0.2694487,-0.1577724,-0.23063949,0.20112576,0.02643843,0.34057537,-0.19513878
-0.032437235,0.25370988,-0.09771041,-0.12675227,0.20848766,0.3165786,0.17475788,0.395221,0.18848126,0.237996,-0.111432336,0.37064046,0.00143589,-0.088446066,0.1512139,-0.1966645,0.29913408,-0.17902167
0.22942302,0.09565836,-0.122545145,0.35890546,0.14540258,0.129299,-0.031245066,0.03859261,0.35804942,0.16733155,-0.037134442,0.29034862,-0.026434494,-0.0961822,0.10273162,-0.1230602,0.1676379,-0.28203458
0.15620586,0.043685995,-0.2662093,-0.15624312,0.0010477612,0.16983937,0.19125885,0.23592325,-0.038376447,0.18011911,0.0037535597,0.095788725,-0.19061154,-0.08988096,0.1422743,-0.027226897,0.29588142,-0.1198503
0.11100312,0.26781416,-0.10764415,0.17777152,0.19287367,0.18759847,0.16983901,0.17359059,0.1807835,0.02148656,-0.093518496,-0.015781313,0.22323689,-0.030311724,0.01530649,0.026551517,0.09072073,-0.12366486
0.14307444,0.38010064,0.15241148,-0.023114996,0.36807036,0.3459301,0.10841406,0.3640786,0.14003626,0.2035878,-0.16799271,0.19112511,-0.081094764,-0.07359608,0.16642053,-0.19431865,0.24322608,-0.092998154
0.40138942,0.20011902,0.4690049,0.332969,0.15708557,0.11716215,0.26129454,0.16511092,0.25189418,-0.051195275,-0.10579043,-0.00081662065,0.39749297,0.20933254,0.06401059,-0.05066241,-0.11395586,0.091148496
0.08161975,0.20648833,-0.062812954,0.114274055,0.19308689,0.18328309,0.191374,0.19535814,0.25644496,0.15254393,0.14274718,0.17570029,-0.086483695,0.25649524,0.36348215,-0.025662614,0.26484153,0.06905183
0.3814042,-0.032353472,0.14708379,0.14179721,-0.04653589,0.17486683,0.37875533,0.069321245,-0.044840593,-0.011611605,0.21955454,-0.0018183109,-0.011012045,0.14790426,0.25149626,0.2940829,0.25035462,0.34099048
0.016487038,0.26191458,0.18466511,0.450529,0.25928456,0.30473107,0.26370603,0.1518455,0.21405256,0.1256648,0.016170919,0.12141944,0.075939976,0.17661826,0.32071307,0.04213084,0.21807835,0.002090931
0.017221145,-0.16486089,-0.34844175,-0.05507085,-0.12935482,-0.13602658,-0.27278152,-0.016842071,0.28813526,0.15665747,0.053474147,0.18490891,-0.2625584,-0.03087882,0.05520292,-0.22232284,0.08844599,-0.2918189
0.4667237,0.21797065,0.3559287,0.31762323,0.24220866,0.20384255,0.21446504,0.17567804,0.37086812,0.057936434,-0.020647854,0.1322431,0.05240217,0.21080159,0.2065094,0.054779768,0.16802138,0.00017223356
0.39509362,0.17688404,0.24229558,0.0266762,0.17322505,0.29677662,0.07523817,0.26867762,0.24539846,0.006540377,0.12577216,0.1953436,-0.07793562,0.03455651,0.17600733,0.15541472,0.29627585,0.059324767
0.12693457,0.17643897,-0.10841529,0.28768,0.13978323,0.07679558,0.2828717,0.09895857,0.18198265,-0.03528564,-0.020437868,-0.07019531,0.31030607,-0.05734454,0.08642943,0.19960092,0.10443994,-0.011455717
-0.05921389,0.16437563,0.048816886,0.23563926,0.0867875,0.29181647,-0.0036486299,0.2817512,0.22496822,0.17927727,-0.16980454,0.26000884,-0.13604581,-0.016029214,0.04039598,-0.2751177,0.14378761,-0.27303377
0.1752891,-0.23430157,-0.13072905,0.41478854,-0.22784626,-0.010889165,0.09947806,-0.12777445,0.19005659,-0.0024805858,0.117245525,0.026965505,0.39294064,-0.07562086,0.053717352,0.18245004,-0.086829714,-0.018228192
-0.00606551,-0.21343341,-0.031533014,-0.005283344,-0.18309459,-0.11958938,-0.28090176,0.0115363365,0.11661526,0.13046403,0.02767471,0.18008833,-0.13777702,-0.21246782,-0.088460565,-0.26112142,-0.09956176,-0.17378384
0.07433592,0.03830958,0.16221502,0.39168292,0.018656792,0.13467968,0.3685431,0.03195904,-0.031295005,-0.16900682,0.08113102,-0.22962867,0.4212575,0.08258981,-0.0005627691,0.2651886,-0.095442034,0.23869544
0.51322025,0.16322811,0.22359973,0.14362475,0.14436188,0.1344295,0.29681048,0.20597918,0.2007219,-0.123439066,0.082044765,-0.12233771,0.36188555,0.09035059,0.18639976,0.3368618,0.1391908,0.28743067
0.07487551,0.12500568,-0.08915672,0.056297723,0.09736057,0.28579414,0.18888555,0.24919765,0.22807895,0.0674919,0.12850928,0.10988378,0.3407416,-0.025693623,0.19904001,0.19774652,0.17962337,0.0738053
0.120794915,0.35711873,-0.043436717,-0.04580607,0.30283743,0.3600036,0.24467413,0.45584938,0.24003418,0.19477811,-0.10066559,0.28080806,0.019964699,-0.08437152,0.26792568,0.069955304,0.44026664,-0.09709325
0.42243862,0.3626142,0.3756851,0.12107324,0.28834692,0.10495186,0.15588962,0.30893824,0.30444342,-0.123038396,-0.033103064,0.053304195,0.48783195,0.048006903,0.1511796,0.14849828,0.08690511,0.2141923
0.03615936,-0.29971835,0.1055115,0.49669823,-0.27885148,-0.19901316,0.3632874,-0.15854578,-0.09527713,-0.14264338,0.10791887,-0.20344226,0.17057788,-0.050631836,0.10376227,0.2636723,0.036291067,0.26244158
0.03482772,-0.30545783,-0.16546588,-0.035575453,-0.24657878,-0.007930821,0.31388378,-0.07117061,-0.13405041,-0.037401803,0.25403056,-0.12845786,-0.029341826,0.009974439,0.21369144,0.31878147,0.19341308,0.26150656
-0.044399843,0.31364936,0.19108346,-0.090193786,0.29645473,0.32049796,0.121989414,0.39592177,0.17066684,0.23478486,-0.010605388,0.3913261,-0.10006322,0.06766771,0.19975157,-0.11254769,0.2554608,0.036542512
-0.043109342,0.29707366,-0.09496998,0.033781666,0.15277871,0.43734652,0.022458209,0.30259234,0.08598363,0.2922356,-0.09483663,0.37273243,-0.14426498,0.0053671366,0.18003574,-0.22276138,0.2768747,-0.16418521
0.07802052,0.3045854,-0.12098214,-0.08456686,0.22039251,0.25366354,0.15616131,0.44895798,0.24283847,0.26280913,-0.026619887,0.35674238,-0.15798163,0.06970156,0.26781344,-0.16365643,0.43596298,0.023390098
0.3059766,0.34759802,-0.00035034824,0.07484989,0.26580098,0.26430634,0.19733182,0.3389326,0.11311158,0.085602626,-0.023661703,0.070683934,-0.0019962986,-0.15827087,0.24815825,0.16250409,0.35465753,0.0026474176
0.08365042,0.2679723,0.28184354,0.26717046,0.2521376,0.3599938,0.4187599,0.08545735,0.1859055,-0.10714686,0.1431496,-0.028754687,0.25437793,0.28419113,0.3097717,0.11023514,0.24876197,0.37731722
0.4327675,0.079365045,-0.0153628215,0.3218064,0.04810842,0.14765929,0.15260054,0.14702964,0.23143248,0.014959055,0.07881543,0.101952575,0.05875326,-0.11621099,0.11941056,0.3461263,0.23029082,-0.033433307
0.29507205,0.14002039,-0.17265922,0.081778936,0.05546182,0.12737368,0.18991229,0.29264778,0.16010815,0.13638398,-0.046389803,0.11745427,-0.038707227,0.00017892197,0.15007529,0.1045645,0.22304139,-0.14612426
0.4370766,0.32771787,0.16951115,0.028304825,0.24602525,0.3271675,0.040728495,0.32281643,0.31509987,0.15982938,-0.101394534,0.24439588,-0.011231436,0.024141291,0.14046253,-0.08398969,0.18011677,-0.13529778
0.10067751,0.17087454,-0.0010116723,-0.084930085,0.15318811,0.2983164,-0.04210271,0.24723056,0.0445566,0.17427246,-0.20967542,0.19638552,-0.08474314,-0.1693651,-0.04507663,-0.28760323,0.123631075,-0.24281538
-0.0951862,0.2669293,0.07046968,-0.06819824,0.2598018,0.33082405,0.20196669,0.3281393,0.13895173,0.08185946,0.2070574,0.3440832,-0.13785751,0.030579682,0.21506985,0.024497539,0.48704672,0.28075588
-0.02889633,-0.18007705,-0.15890144,0.04468831,-0.24228483,0.01893662,-0.14703377,0.014778325,-0.018650327,0.14688846,-0.07234143,0.04572286,-0.14201656,-0.022340536,-0.1637652,-0.2655082,-0.1930013,-0.26462623
0.14948472,-0.2759561,-0.026119143,0.04441372,-0.27632084,0.14342135,-0.09540751,-0.05933106,0.08593363,0.06987509,0.056403242,0.10649585,-0.2795203,-0.0021581668,0.038195074,0.058941294,0.043315373,-0.22390233
0.16642001,0.20501286,-0.05686547,0.1259793,0.1251831,0.31608456,0.122042865,0.23900633,0.2634492,0.089934714,0.08688338,0.19766842,-0.14006609,0.06870322,0.2094834,0.052967533,0.34745845,-0.039742753
0.20325108,0.4218342,0.14289945,0.09061146,0.3663676,0.24522762,0.06872991,0.4352152,0.21928714,0.16909878,-0.22125278,0.18891588,0.04616209,-0.049142856,0.14917096,-0.22923246,0.18646748,-0.13096938
0.26489952,0.15314968,0.01649483,0.2561367,0.12036712,0.13144587,0.209941,0.23546477,0.19157414,0.067212254,-0.11175879,0.1327167,0.19329186,-0.14252135,0.10759542,-0.005394201,0.23025315,-0.0645283
0.028403914,0.053002603,-0.07183122,0.22167403,0.11513391,0.1293611,-0.1837038,-0.016612688,-0.014292319,0.11185479,-0.12113588,0.13968822,-0.2830971,-0.11842704,-0.19306359,-0.32676396,-0.020852404,-0.35145935
0.13837786,0.326082,0.11034025,-0.11250712,0.47143564,0.23922922,0.3849084,0.34203896,0.049608,0.12835206,0.30161056,0.02913738,-0.06530953,0.21227495,0.34578067,0.17419827,0.4016056,0.5616468
-0.033797923,0.026455987,-0.3252891,0.05887658,-0.08531182,0.14634918,0.058301095,0.18094689,0.19699223,0.23790896,0.063933805,0.3684766,-0.19074792,-0.04765152,0.19724306,-0.072060175,0.31522235,-0.17700393
0.080162205,0.29687622,-0.014790619,0.011695508,0.25316074,0.27660304,0.32535458,0.54260725,0.12153739,0.16451044,-0.15123157,0.18914782,0.0973357,-0.07218476,0.23609777,-0.050695457,0.378886,0.041609406
0.15177414,0.13720995,-0.19138359,-0.09445968,0.09650248,0.25143406,0.049754806,0.30518824,0.29350063,0.19598511,-0.02441122,0.16149385,-0.044019867,0.08647767,0.13994366,-0.1133755,0.16778247,-0.16180852
-0.008610346,-0.006244654,-0.088522516,0.14752991,-0.010174436,0.1408888,0.04014194,0.23485294,0.44267678,0.10709237,-0.009020086,0.34036747,0.06655656,-0.043004766,0.24828687,-0.0041114925,0.36882007,-0.08337103
0.09783844,0.34708738,0.031503964,0.2678567,0.25397703,0.16017081,0.12690254,0.3195525,0.21884057,0.107528284,-0.15246926,0.21943021,0.1282841,-0.07665359,0.16352266,0.008234166,0.25204262,-0.06978495
0.16371077,-0.08934447,-0.2022054,-0.051067766,-0.0154570425,-0.024474278,-0.19009195,0.0132404715,0.15905245,0.18412937,-0.14023754,0.055366218,-0.18697833,0.038001284,-0.07869392,-0.21937889,-0.10954022,-0.36180523
-0.015114007,-0.092077784,-0.038462494,0.19396158,-0.12844789,0.15479015,-0.071100764,-0.029155899,-0.048026472,0.22296178,0.012686236,0.2106451,-0.26234037,0.13765088,-0.11192943,-0.2926744,-0.11918632,-0.17665397
0.16688417,-0.080529064,-0.11831026,0.31143397,-0.07747361,-0.11664556,0.26621208,-0.022441646,0.04581595,-0.08665408,-0.009398673,-0.2133336,0.2716381,-0.1972611,-0.00048139284,0.26753545,-0.033842232,-0.03597916
0.31944045,0.24089158,-0.12629905,0.05983002,0.16994597,0.3653876,0.052314103,0.2912412,0.12450982,0.0936024,0.038663518,0.19238234,-0.054014042,-0.16678837,0.19023147,0.19279191,0.34529153,-0.12424186
0.08946198,0.12826328,-0.25433332,-0.036630545,0.05114342,0.20552385,0.104259714,0.30128238,0.18531348,0.22137047,-0.045602985,0.22792879,-0.11075303,0.033572134,0.120042704,-0.07834052,0.28130308,-0.13646188
0.46695533,0.074103154,0.26198772,0.25555933,0.023361444,-0.10186155,0.30319688,0.03306739,0.26371256,-0.15132827,-0.08694336,-0.16676508,0.40465096,0.09517635,0.13017976,0.19030558,-0.057271324,0.11144213
0.103756145,0.22144994,-0.118232444,-0.07915403,0.18469557,0.41844887,0.14637327,0.5125703,0.17138946,0.30855292,-0.13330218,0.22402404,-0.091502644,-0.13413356,0.19734383,-0.17526034,0.3024827,-0.20094608
-0.070215404,-0.18184175,-0.20594367,-0.13534552,-0.16454019,0.10082965,-0.13781665,-0.023148574,-0.007837218,0.17280927,-0.09358409,0.30331662,-0.11224092,-0.090072006,-0.030482102,-0.30779508,-0.0042456277,-0.30258974
-0.05814647,0.10559716,-0.2008833,-0.02365752,0.012990258,0.22456023,0.17058893,0.3965891,0.10565451,0.31626138,-0.027900305,0.33668828,-0.18823865,0.037455026,0.17719905,-0.118570276,0.29811928,-0.15013894
-0.03938124,0.2546505,-0.06279853,-0.03041692,0.105794124,0.33411035,0.06837913,0.42736253,0.15988496,0.34390187,-0.14362991,0.47882962,-0.15408364,-0.101580046,0.17735615,-0.17907026,0.34082264,-0.1893421
-0.0890231,0.19691026,-0.032642405,0.12777965,0.028979754,0.49567664,0.09802677,0.17632541,0.09195634,0.21894178,-0.15302776,0.19059332,-0.1554974,-0.020175816,0.053192046,-0.168726,0.14535646,-0.29969195
0.15324152,0.36234137,-0.105185136,-0.010863354,0.3280031,0.27265024,0.21525288,0.43952602,0.2786549,0.20713691,-0.04762087,0.20508441,-0.033098504,-0.033727735,0.33576787,0.020723553,0.41379085,-0.050383344
0.10121271,0.209198,-0.1698008,-0.25415137,0.2799412,0.30760178,-0.03018014,0.24002537,0.022262104,0.27241,-0.012401509,0.15829718,-0.247574,-0.0046182666,0.08421482,-0.33522087,0.123090744,-0.16491519
-0.10641315,0.3567119,-0.03368274,-0.0045731887,0.24901286,0.45879444,0.21977553,0.47632557,0.28443462,0.24402389,-0.059309565,0.35003906,-0.10335042,-0.007900926,0.3987563,-0.06650412,0.5091906,-0.08409783
-0.08745007,0.06882197,-0.31091052,-0.25090912,0.12548202,0.26343733,-0.12693247,0.17231052,-0.014258352,0.23318344,0.059676517,0.23066181,-0.28977132,-0.10429636,0.08810013,-0.25422516,0.17192642,-0.31868857
-0.0688679,0.26302272,-0.13917878,0.08140481,0.15351644,0.31940946,-0.036375456,0.32800445,0.17045285,0.19283275,-0.12467398,0.34710422,-0.14319716,-0.019586466,0.08359915,-0.22095077,0.2559531,-0.25445482
0.4154732,0.28629535,0.23209856,-0.007542423,0.2481503,0.33653387,0.07461626,0.39724693,0.11729663,0.2525596,-0.09169421,0.26300746,-0.11429536,0.062040724,0.18238118,-0.18447688,0.20314091,-0.11363261
0.040460628,0.30494034,0.058450684,0.05943584,0.25877705,0.29044202,0.37043113,0.44471604,0.25750247,0.05455752,-0.07403033,0.062392384,0.3042411,-0.05469711,0.23414955,0.21900061,0.25249666,0.015556279
0.36903143,0.28928232,0.23440039,0.059907764,0.22805229,0.21814032,0.051269706,0.39037207,0.1471237,0.15490343,-0.1568613,0.20925967,-0.07263175,0.026124448,0.05541186,-0.13829191,0.17846091,-0.15681118
0.20132531,0.38915825,0.2133364,-0.11637321,0.36004347,0.24826503,0.11389464,0.37937552,0.16814795,0.17483114,0.090479285,0.3194754,-0.03502635,0.17366655,0.08845057,-0.043706056,0.18863212,0.20839128
0.10776393,0.12629688,0.04590403,-0.059877455,0.05875681,0.21476984,-0.19026777,0.035929568,0.05803454,0.04517106,-0.16877538,0.10057997,-0.25772622,0.073859006,-0.23976102,-0.27338082,-0.1547361,-0.34335938
-0.019468738,0.0017186615,-0.17459385,0.18827267,-0.02531771,0.13916034,0.2739204,0.15820462,-0.08628485,0.11846252,0.12580098,-0.0035771297,-0.15330417,0.043838978,0.10709438,0.14871903,0.19930167,0.07745768
0.19103895,0.101120844,-0.28737915,-0.038498156,0.085479744,0.22210406,-0.14054246,0.13572718,0.13788705,0.30364698,-0.085206814,0.29028356,-0.17485134,-0.24770553,0.09959843,-0.20499007,0.2250774,-0.28297147
-0.021336688,0.25767732,-0.11096609,-0.15447001,0.20313191,0.33984065,0.18258637,0.45570067,0.31990215,0.23519897,-0.06660681,0.42523104,0.009894559,-0.03880075,0.23572965,-0.13548274,0.39738774,-0.13639472
-0.08528161,-0.25446132,-0.28846318,-0.17236166,-0.27248266,0.16901983,-0.030391976,-0.13672088,0.0062205684,0.16577297,0.06435835,0.117502324,-0.19274247,0.036511086,0.18158802,-0.13842726,0.11325965,-0.1298723
0.19386595,0.26774693,0.355975,0.53060997,0.21798092,0.015328133,0.31129718,0.09315518,0.2871719,-0.1582247,-0.11492469,-0.11281445,0.44603524,0.22110261,0.1174956,0.15177192,-0.06920561,0.08999933
0.4392778,0.21443637,0.38400748,0.334881,0.16860332,-0.018105973,0.14189044,0.08411987,0.31900313,-0.12201076,-0.098002344,-0.070842184,0.53933144,0.08943364,-0.040102273,0.037287556,-0.21412651,0.11456286
0.077595316,0.31371847,0.006294885,-0.1695295,0.3167425,0.26409546,0.1851113,0.3866294,0.13405326,0.15548174,0.06451726,0.18876395,-0.07758505,0.063957244,0.1287227,-0.15032588,0.267325,0.13376568
0.1399271,0.3396745,0.29111728,0.2565546,0.381343,0.20333777,0.4023987,0.18338458,0.20638129,-0.10366331,0.25714964,-0.09724766,0.48464915,0.11570304,0.2926762,0.42916787,0.18866342,0.55937904
0.28942364,0.08684079,-0.26321164,-0.06207402,0.077188045,0.15944047,-0.027087959,0.22362821,0.16454576,0.18377301,0.0602297,0.32631746,-0.12331811,-0.15160303,0.20654638,-0.050075326,0.36243242,-0.16040461
0.115636945,0.33047068,0.11818968,0.16813904,0.23832813,0.25334856,0.21171689,0.18750662,0.16899382,0.047545332,-0.07077045,0.13607264,0.059283838,0.108725294,0.08079938,0.07666493,0.14173321,-0.11477566
-0.052802145,0.21740443,-0.005438614,-0.08196902,0.29436412,0.2772112,0.23399328,0.10562668,-0.05201212,0.083968624,0.36643004,0.111955956,-0.24463099,0.05055779,0.1093069,0.08527804,0.2980377,0.3513478
0.23133819,0.19713841,0.0074911383,0.3171324,0.17589822,0.002648263,0.29101077,0.20868659,0.27662367,-0.03882565,-0.11381519,-0.03821733,0.46823323,-0.1446401,0.10590069,0.16981135,0.09370571,0.017209679
0.055339597,-0.2671443,-0.29993835,-0.14792266,-0.217197,0.09416695,-0.12787864,-0.19913113,-0.21425487,0.07390679,-0.11271271,-0.2126509,-0.19743773,0.04534386,-0.17904162,-0.30999005,-0.20422931,-0.22292279
-0.0036024114,0.094256885,-0.20877911,-0.052215423,0.07084395,0.13063455,0.110117644,0.19832107,0.42763793,0.11667596,0.22461082,0.19975606,-0.10465556,0.22295761,0.38583043,0.18484883,0.35075828,0.03827642
0.38876963,0.37753254,0.40438193,0.14999582,0.2972366,0.1476615,0.20219187,0.3017267,0.3664005,-0.02945623,-0.09951836,0.035295915,0.4517039,0.2276998,0.10087181,0.043544225,-0.02341336,0.10516362
0.17797045,0.38579902,0.41318774,0.13080265,0.33222342,0.32914698,0.45706454,0.34946874,0.3465787,0.021836022,0.0734473,0.10726099,0.13225633,0.41780135,0.39836165,0.37142262,0.2654855,0.19253515
-0.0044161165,0.22553287,-0.06983366,-0.047071315,0.12089263,0.2964585,0.034448408,0.38960966,0.028171014,0.2062783,-0.19822651,0.2525834,-0.11955323,0.0077443095,-0.06554995,-0.22491431,0.124652416,-0.19881268
0.1947432,-0.25871488,-0.1843092,-0.1719502,-0.27609602,0.05198865,-0.15362069,-0.1631489,-0.0073507205,0.1507995,-0.06880485,0.01686557,-0.17985055,0.00040103355,-0.010735678,-0.17198877,-0.11913816,-0.2581646
0.15854229,-0.18055502,-0.08134582,0.17734872,-0.1694927,0.06976395,0.21908456,-0.14636105,-0.102926314,-0.02841011,0.26417115,-0.11705533,-0.11193096,0.06601928,0.14075708,0.21644294,0.1865106,0.2831457
-0.053782452,0.12504224,-0.18064748,-0.053845875,0.066738695,0.36138624,0.10041343,0.4339865,0.09836608,0.27944386,-0.12669042,0.19991569,-0.09525187,-0.19956471,0.09920975,-0.2254819,0.23857541,-0.23173256
0.26853386,0.1849027,0.36053115,0.26162836,0.11122023,0.09873601,0.22236365,0.19441509,0.32510823,-0.12393344,-0.029957822,-0.08418581,0.55741405,-0.002316647,0.11050255,0.2712704,-0.072078064,0.17793103
0.04037928,0.028437788,-0.20732436,-0.021016404,-0.050270952,0.25443265,-0.20697221,0.044184733,0.1597836,0.2790752,0.060537882,0.30807886,-0.16500874,-0.08541481,0.046025347,-0.2604555,0.050777573,-0.1877028
0.4064389,-0.07630375,-0.24180566,0.08541516,-0.111230716,0.19830212,0.0008995092,0.03815829,0.09870049,0.16207826,-0.010588048,0.10322785,-0.17167203,0.061053768,0.14665532,-0.15869217,0.107939176,-0.25009146
0.012001001,-0.16167131,-0.2143221,0.010467483,-0.15902527,0.0049656415,-0.03254636,-0.25283536,-0.0593209,0.16360281,0.0060396874,0.05461545,-0.14675552,-0.08613013,0.09197392,-0.12639262,0.018642027,-0.06080488
0.058583807,0.34126508,0.050425593,0.041988824,0.33477747,0.45632365,0.022180645,0.11416148,0.08285591,0.21198148,-0.050031397,0.20249939,-0.17605637,0.19286011,0.111026354,-0.20436066,0.102981366,-0.16752116
0.07615409,0.46642247,0.103581496,-0.034019377,0.36718374,0.3500107,0.32159668,0.40410763,0.26810783,0.14431171,-0.0658844,0.22783668,0.04673929,0.20453726,0.3406834,0.026263908,0.38910875,0.09418524
0.3536803,0.18918091,0.37351716,0.055577237,0.07529029,0.038648397,0.21759343,0.049533766,0.16356334,-0.21068554,0.021350365,-0.12708504,0.38044685,0.19325992,0.09202165,0.09189253,-0.052807193,0.30938905
0.43800923,0.027645076,-0.07628298,0.34337988,0.031849064,0.05364168,0.15102024,0.096722566,0.19256331,0.041667365,0.1903798,0.054991506,0.04410072,-0.06887633,0.14919683,0.38066941,0.21009634,0.06665908
0.11861258,0.5167199,0.0689857,-0.1082226,0.5038952,0.38912147,-0.05353309,0.26320216,0.23114845,0.27739367,-0.02713434,0.36572367,-0.2085551,0.17451021,0.17957799,-0.109078154,0.20254937,-0.09712858
-0.08611892,0.38179848,0.2020381,0.10940664,0.22909206,0.25721052,0.02498058,0.24662217,0.11039187,0.13709015,-0.10073592,0.21217515,-0.11395337,0.1406273,0.15177625,-0.100926474,0.07495866,-0.17681937
-0.05290485,0.08719935,-0.12353931,-0.053026732,0.055108584,0.26685965,0.2536209,0.40538505,0.2888835,0.16702199,-0.041856922,0.21056214,-0.025770003,-0.005397605,0.34768903,-0.065862805,0.47118747,0.007183004
0.088711746,0.30809075,0.38590375,0.11985224,0.3453126,0.29749584,0.35072413,0.16297789,0.12998344,-0.03681013,0.24068674,0.12173334,0.022000024,0.21151634,0.32769004,0.20777236,0.3988647,0.5032221
0.08989984,0.32740164,0.10057831,-0.06640986,0.27037734,0.39007562,0.29069108,0.3047924,0.108680464,0.15911601,0.11319732,0.2168728,-0.12848376,0.2373439,0.23558453,-0.090998404,0.3267624,0.22076963
0.36758468,0.32860664,0.02130421,-0.07205594,0.20973086,0.31858814,0.21193802,0.48333198,0.11896782,0.22259322,-0.09065096,0.26891547,-0.08690102,-0.016526423,0.25602797,-0.0008137564,0.3739777,-0.077704385
0.09339827,0.37344164,0.018607117,0.20276703,0.2411403,0.24568124,0.14883822,0.39964366,0.29697943,0.18342416,-0.05577437,0.30608684,-0.08119341,-0.00075791316,0.33943063,0.036684312,0.38961282,-0.1080865
0.044694256,0.16293871,0.13840988,0.06767965,0.03674198,0.115033284,-0.1381337,0.10175374,0.24576278,0.02395319,0.013253256,0.1762675,-0.1293354,0.18343876,0.16304334,-0.003208431,0.0719031,-0.119078286
0.06669317,0.13720284,0.08834474,0.1367918,0.12556288,0.20168315,0.1621069,0.26835644,0.46192575,0.17761177,0.0035930835,0.37020078,0.07863351,0.14477836,0.35518366,0.046365306,0.3693527,-0.022210475
-0.040574238,0.1781787,-0.14982262,0.1603176,0.184838,0.31750098,0.084394604,0.31602204,0.2985242,0.24504085,-0.044343095,0.38028982,0.050569285,-0.10756845,0.19959742,-0.19671807,0.323841,-0.12160888
0.06839985,0.23092777,-0.1158242,0.12532552,0.16229117,0.17983545,0.30954784,0.3463362,0.16504844,0.09006475,-0.071659744,0.08590963,0.17886774,-0.090105824,0.21249849,0.13880217,0.31595904,0.018332109
0.0836055,0.24361533,0.08815474,-0.10174685,0.30768996,0.28399378,0.41824502,0.31301454,-0.030799842,0.05122317,0.22913463,0.024453511,-0.045000408,0.04317426,0.27046603,0.19450088,0.40734637,0.45542216
0.11889121,0.3442227,0.31748292,0.37865633,0.3093328,0.039245144,0.41058838,0.11967457,0.29061177,-0.17486405,0.0009848936,-0.14306547,0.43112564,0.2652008,0.20290318,0.3046807,0.05974834,0.2490344
-0.07305295,-0.39502165,-0.32945734,-0.16358483,-0.4289517,-0.17459029,-0.23552337,-0.281327,-0.28154862,0.12653883,0.049440313,0.16190761,-0.22990294,-0.285536,0.0076400144,-0.2320513,-0.029655997,-0.13395771
0.2608834,0.34467655,0.06718646,-0.099855855,0.39469978,0.34692577,0.20995434,0.297245,0.2941842,0.067443766,0.16159338,0.17707399,0.16110225,0.026840212,0.25068808,0.26648843,0.2636876,0.054674786
0.368307,0.13420294,0.14111145,0.15125102,0.044701498,-0.029655498,0.27109522,0.08946384,0.15527709,-0.16977718,-0.05833401,-0.17113304,0.4249353,-0.03543052,0.01809762,0.2552071,-0.052220814,0.10613743
-0.12594861,-0.12101894,-0.18309966,-0.06430289,-0.18533266,0.0070993453,-0.22578095,-0.030819342,0.16869599,0.19102597,-0.020235986,0.2450991,-0.22577292,0.024094343,-0.15766448,-0.27625713,-0.14737342,-0.32387578
0.14335684,0.22197856,-0.017751904,0.04329596,0.20626912,0.28892878,0.15272282,0.4104841,0.05417347,0.31525937,-0.12941757,0.32751158,-0.13361579,-0.05155133,0.17240314,-0.22497028,0.3044078,-0.14370729
0.19491693,0.13250068,0.15199295,-0.07352036,0.25173208,0.18101157,0.20276216,0.17840925,0.039043903,0.051937718,0.2490637,0.057791654,-0.16159405,0.16110612,0.17603923,0.024549477,0.3226291,0.42507178
0.096931264,0.41741312,0.22843385,0.39128336,0.43273014,0.2440575,0.31770065,0.3643215,0.36468256,0.106577106,-0.02746758,0.23150228,0.51499194,0.047171418,0.26366982,0.12846382,0.23019414,0.21258666
0.103177935,0.3673559,-0.09269772,0.17613494,0.2924883,0.24562748,0.060088504,0.22729395,0.33522078,0.17686023,-0.04704886,0.3090787,-0.01375128,-0.03654603,0.14375463,-0.023979751,0.2638548,-0.23072137
0.061304256,0.29383028,0.10504603,0.22177732,0.22378461,0.22112752,0.18719055,0.31090924,0.18426928,0.12699221,-0.16990781,0.22453658,-0.0838222,0.055590462,0.1661803,-0.17173383,0.2399211,-0.19657207
0.03817769,0.20303829,0.063349426,0.0011847802,0.21467173,0.34288755,0.17641848,0.12790139,0.009499417,0.15060131,0.32403517,0.18482214,-0.15205812,0.21853438,-0.004276233,-0.048276275,0.13999338,0.30695856
0.09370174,0.26820466,-0.08953437,0.01942237,0.17445059,0.21148172,0.16467154,0.28110987,0.17974892,0.09521161,-0.0962074,0.12374193,0.063413404,-0.03604421,0.044277377,-0.008147624,0.18939377,-0.18385546
-0.01651564,0.25197247,-0.24426813,-0.028882222,0.22013862,0.27476433,-0.15949313,0.15888973,0.23103675,0.16532956,0.20750448,0.4793127,-0.20121531,-0.13273247,0.13921395,0.067046024,0.3235093,-0.16902755
0.053814966,0.19576944,-0.14048113,0.05361536,0.16345693,0.16162398,0.14732042,0.2931981,0.2847837,0.19640696,-0.093089305,0.29277253,0.03436283,-0.10375723,0.17444639,-0.12569663,0.2849608,-0.21398094
-0.16593759,0.119402446,-0.22184284,-0.2876379,0.08610688,0.23576069,-0.11878485,0.21143645,0.11344769,0.15580678,-0.0018168096,0.30875805,-0.14156097,0.022346454,-0.01572901,-0.31851006,0.106007524,-0.22855394
-0.053524915,0.30262613,-0.15161939,0.110311665,0.2209198,0.28302464,-0.10450417,0.18311921,0.22453068,0.18919758,-0.00047665904,0.24133521,-0.15941088,0.16169278,0.10560165,-0.09838665,0.12140439,-0.25870416
0.31269103,0.055785485,-0.020608585,0.41188234,-0.011834968,-0.011019375,0.24159905,0.028553355,0.25493965,-0.081325985,-0.03857223,-0.041267347,0.30814168,0.0028740682,0.06556181,0.20150161,0.056938637,-0.026230782
-0.014404855,0.25265223,0.21167332,-0.04082239,0.2957491,0.34164223,0.3720599,0.101364195,0.116735205,0.07398414,0.3767797,0.11139106,-0.07260417,0.42727602,0.2861887,0.1816597,0.30887088,0.5023759
-0.022672284,0.27497068,-0.08882093,0.021526117,0.20906204,0.28057507,0.29415786,0.35181975,0.118620686,0.08277698,0.123486616,-0.018611507,0.17925306,-0.06529091,0.2918399,0.29306024,0.24260728,0.118020386
0.21445723,0.2672287,-0.018313164,-0.12105597,0.24340233,0.2642863,0.24954063,0.4400127,0.27840286,0.2298785,-0.108837605,0.21722443,-0.094457135,0.028063107,0.30473453,-0.086544506,0.419445,-0.006362029
-0.038340427,-0.048106518,-0.007890938,-0.0073640393,-0.026349938,0.2837381,-0.020141685,0.039754782,-0.008282618,0.17350544,-0.075850375,0.1102654,-0.17204127,0.15578982,-0.06240641,-0.28009173,-0.10933595,-0.27716982
-0.07079303,0.12335889,-0.17377792,0.10831985,0.02115815,0.21052183,-0.11611048,0.11965493,0.21743748,0.124398194,0.08145951,0.386812,-0.18647721,-0.06563809,0.020247888,-0.023894526,0.25414887,-0.16127855
-0.00066712033,0.20980102,0.35626578,0.05146124,0.31515118,0.2519686,0.3833219,0.05642704,-0.07086049,-0.061128996,0.30159864,-0.10456005,0.107242405,0.15528196,0.16886781,0.33174872,0.16245304,0.5440532
0.13747789,0.4563601,0.10080687,-0.039965168,0.40854055,0.34665114,0.27743894,0.42197305,0.33737165,0.12829617,-0.008308085,0.16121039,-0.022795502,0.10461901,0.4981372,0.11906141,0.47103333,0.07154018
0.013181189,0.20326214,-0.19227378,-0.029376402,0.055868257,0.3365255,0.15956193,0.35752955,0.17846869,0.24166444,-0.07884033,0.24140693,-0.12273548,0.0004122638,0.16716076,-0.045046814,0.24738893,-0.21594995
-0.09881144,0.13414554,0.06091857,-0.03275067,0.07335079,0.39058307,0.2462218,0.19557022,0.03910574,0.16322377,0.025020335,0.150808,-0.24533775,0.2626777,0.24732774,-0.18039961,0.21280208,-0.051088836
0.17759365,0.10132714,-0.20496877,0.025279623,0.16583672,0.119447745,-0.09067853,0.13062741,0.12462205,0.20459329,-0.08648738,0.25607488,-0.15540166,-0.17219712,0.04953968,-0.16647281,0.2397806,-0.18332475
0.29520825,0.33007106,0.2101691,0.26275966,0.25966093,0.32863244,0.16631755,0.26502648,0.4150156,-0.039555807,-0.017135313,0.15519743,0.38110676,0.0619735,0.18287979,0.22608672,0.17280303,0.0010258548
-0.030297972,0.031126404,-0.15873569,0.079431735,-0.065278225,0.15055291,-0.026701726,0.2012902,0.07005678,0.24507943,-0.045756593,0.22455652,-0.3135029,0.07402259,0.20399782,-0.21430539,0.20020944,-0.2001831
-0.07382706,-0.11001142,-0.3675698,-0.084350325,-0.14262086,0.044951074,-0.2340483,0.12463361,-0.004479573,0.26214063,-0.056931835,0.2680377,-0.17431621,-0.053963497,-0.04090961,-0.30907616,-0.03951399,-0.30846733
0.036113992,0.2027798,-0.07300477,-0.19162433,0.31069708,0.16174833,-0.21088544,0.076184236,-0.006706293,0.11422756,0.038922973,0.15543944,-0.2223426,-0.11002481,-0.10635819,-0.29986212,-0.0077892975,-0.19326212
0.16854046,0.23564208,0.18960917,0.23130915,0.16251253,0.17560677,0.10122474,0.32795295,0.35362735,0.034783375,-0.17788574,0.2478912,0.12167333,-0.008224937,0.17619033,-0.04544083,0.23682787,-0.15074371
0.040636793,0.101718985,0.089518234,0.05832381,0.15284052,0.24227908,0.29817352,0.23448499,0.0004889727,0.14309466,0.24226426,0.21527544,-0.12678307,0.002815282,0.22471744,0.097170696,0.44030404,0.3964165
0.085270934,0.31372353,-0.036154825,-0.09894575,0.28692088,0.298558,0.34834057,0.39963618,0.14055063,0.10597409,-0.010675853,0.08354277,-0.011244027,-0.039474413,0.300007,0.11421915,0.42727932,0.12427601
0.015598312,0.30406997,-0.120705,-0.12382895,0.20066482,0.329692,0.17784745,0.39730906,0.25489408,0.25430167,-0.05102916,0.39991358,-0.16409579,0.029806485,0.31644848,-0.045656044,0.4654398,-0.10497669
0.36640307,0.20538491,0.11611691,0.32521158,0.10526043,-0.024947377,0.24646221,0.09024816,0.1994663,-0.14814411,-0.11859878,-0.1234474,0.35220635,0.043129373,0.010096604,0.08964003,-0.010471916,0.0012085976
0.09649783,0.3060431,-0.09261908,-0.055625245,0.2878594,0.27532217,0.25592217,0.32695514,0.23118441,0.22314171,-0.00043231098,0.1953899,-0.14835645,0.08046213,0.3572322,0.002420249,0.35855454,-0.075938255
0.22451718,0.366461,0.06476686,0.10558424,0.30514088,0.35208553,0.1955502,0.4601967,0.31812608,0.20002171,-0.12656006,0.3527889,0.21128197,-0.15157165,0.2742691,-0.07517977,0.32136166,-0.10121089
0.09854243,-0.004517232,0.040960904,0.1864961,-0.0979688,0.23122299,-0.11840413,0.1432512,0.050204124,0.113108195,-0.21480563,0.13033028,-0.2206094,0.10426997,-0.12399417,-0.2770682,-0.02284481,-0.30763185
0.15151379,0.3539158,0.17819498,-0.034659624,0.3332263,0.25387448,0.12022419,0.40577,0.16538739,0.14609885,-0.0908657,0.115633376,-0.033745132,-0.024472486,0.12305424,-0.17913237,0.14564309,-0.004738694
0.03259651,0.37917176,0.051485404,0.013908495,0.31635073,0.41802818,0.07802471,0.24560831,0.21208742,0.1513216,0.061071057,0.22024159,-0.15734951,0.071305715,0.27011544,-0.007459293,0.30959502,-0.032172203
0.36289564,-0.012404386,0.1893196,0.17741805,-0.095808096,-0.1380229,0.18758805,0.0015721354,0.24100448,-0.14482258,0.0038072956,-0.08336152,0.39640296,0.12281487,0.06965094,0.05061911,-0.06970721,0.18422966
-0.10078057,0.09588208,-0.13464971,-0.104747295,-0.010193707,0.25700596,-0.064325854,0.26272133,0.058748204,0.35529155,-0.03843368,0.4469363,-0.24405085,-0.17697412,0.1387582,-0.21944791,0.23165601,-0.2422684
-0.06271042,0.2408853,0.11190862,-0.032982074,0.15760936,0.408951,-0.004464046,0.4036879,0.12584361,0.30812564,-0.1165107,0.31132618,-0.222643,0.25681084,0.047746133,-0.30802554,0.0816909,-0.14358397
0.31282425,0.23345926,0.40937734,0.15946086,0.12003678,0.2587621,0.08594462,0.26090026,0.26191625,-0.012745287,-0.019610584,0.16550606,0.07242014,0.17144328,0.10983226,0.08208217,0.084278494,0.02387217
0.08353342,0.16130818,-0.1903156,0.03688699,0.088598564,0.22910674,0.098146625,0.25094867,0.36900443,0.12213846,-0.016255077,0.18188867,0.0934776,0.027833324,0.22088479,0.0060456255,0.2597263,-0.13754071
0.07772767,-0.31432763,0.0442297,0.30022192,-0.32606953,-0.18057284,0.25383225,-0.16881011,-0.029077452,-0.17288385,0.16756336,-0.2572965,0.4413377,-0.016559705,-0.032112658,0.27652964,-0.20291558,0.31311032
0.34265947,0.15500395,0.24195927,-0.017854914,0.25257605,0.10583017,0.2463001,0.19470386,0.20697455,0.08649816,0.25219858,0.15556648,-0.062103793,0.12726374,0.26323223,0.15143177,0.3579798,0.44130102
0.09168737,0.17151478,-0.23474349,-0.11679414,0.10772864,0.28856647,-0.19304703,0.2509162,0.0022751945,0.24917144,-0.1299319,0.30708998,-0.20342146,-0.18208146,-0.06371845,-0.3456421,0.14088298,-0.28200936
0.18985067,0.18833552,-0.03447837,0.21978793,0.09231976,0.18038279,-0.015450126,0.19599524,0.34059894,0.10892094,-0.023389855,0.21718433,-0.02363485,-0.095346525,0.26519492,0.087226465,0.25161827,-0.19427247
-0.13826367,-0.07820931,-0.20839496,0.17906801,-0.14459446,0.08471118,-0.19194263,0.13500604,-0.029704437,0.18628171,-0.10645579,0.22379486,-0.043860473,-0.17907038,-0.1651367,-0.3459786,-0.06637803,-0.20474641
0.2223735,0.13116723,0.023423117,0.042283952,0.12881212,0.37398893,-0.023903033,0.0887491,0.19294523,0.11133013,0.109178774,0.17492853,-0.24574387,0.0062394864,0.10412241,-0.0049633766,0.2097713,-0.10719681
-0.12007676,-0.056749277,-0.19216335,-0.043273445,-0.07021047,0.0758073,-0.14563136,0.10199924,0.22188076,0.19538702,-0.11843175,0.2059773,-0.22033255,-0.005969014,-0.09401877,-0.3290187,-0.049738564,-0.3903888
-0.08064511,0.16457042,-0.18412173,-0.20311031,0.18542747,0.15251061,0.1678413,0.38977548,0.031558916,0.24877216,0.09865208,0.1617612,-0.18747634,0.052413765,0.3017172,-0.22953923,0.31643468,0.13731168
0.07698659,-0.30855364,0.08268708,0.13876915,-0.26404014,-0.11913958,0.2854887,-0.19297788,-0.11639398,-0.14514567,0.23415583,-0.27370736,0.40905368,0.013710419,0.020920493,0.28132364,-0.17747882,0.43226182
0.0025931161,0.19607165,-0.089081325,0.19825876,0.08492372,0.101650655,-0.18659489,0.09749909,0.15708095,0.103097305,-0.05447819,0.16194552,-0.19773068,-0.012974383,-0.061144806,-0.15263282,-0.010766523,-0.2725261
-0.09193444,0.14826667,0.021425866,0.0031373417,0.14596511,0.252744,0.04662511,0.18987525,-0.016030934,0.2268898,-0.10003189,0.23899905,-0.23272033,-0.06897204,0.061469737,-0.3083658,0.17559886,-0.22383013
-0.06798779,0.336184,0.12490928,-0.0010258586,0.24100026,0.25646156,0.12103517,0.1821448,0.105128475,0.103074044,0.074795775,0.19254196,-0.16098173,0.33930534,0.0939185,-0.15417306,0.1037555,0.106469356
0.1173237,0.17894274,0.22426178,0.073069245,0.20897643,0.22701454,0.48035854,0.03229275,0.09148339,-0.043978814,0.21525705,-0.0811424,-0.021432891,0.27671787,0.4004525,0.34844452,0.3497025,0.4193944
0.04773426,0.2666508,0.05476534,0.16944332,0.20475414,0.24926819,0.08917458,0.32187715,0.34669325,0.08870103,0.024572838,0.1974586,0.33070856,0.042352017,0.13957343,0.0713404,0.1314148,-0.034460757
0.14600165,0.31523857,0.046693712,0.35960197,0.3233348,0.2797899,0.2405456,0.22618526,0.2258625,0.080559224,-0.06611647,0.12859066,0.2780435,-0.03234539,0.17019796,0.04729578,0.2184854,-0.004464095
0.044661757,0.24678253,-0.06444321,0.13025577,0.21647838,0.106775686,0.27255717,0.1772705,0.24202177,-0.026634315,0.024772394,-0.0037688657,0.3571789,0.036029313,0.10259923,0.17080869,0.14167647,0.08473914
0.04956446,0.29595467,-0.100923166,-0.09519028,0.19277357,0.2613208,0.12562859,0.4642464,0.21274059,0.17762253,-0.02929784,0.2925183,-0.09580307,0.038678203,0.24456395,-0.1137092,0.3877139,0.0077461395
-0.05078112,2.050656e-06,0.10733954,0.09250181,0.059065398,0.036303516,0.088340536,-0.07758223,-0.015421358,-0.06378699,0.2905293,0.09018158,-0.12995458,-0.0027521923,-0.01737364,0.1279419,0.1695745,0.38192973
0.07276716,0.22006918,-0.09067957,0.22202194,0.16430786,0.069029495,0.22845213,0.2196304,0.18914786,-0.03189422,0.008009134,0.03356597,0.2567011,-0.048436906,0.15704802,0.2098837,0.2475139,0.09069486
0.08602732,0.41977286,0.029553333,-0.060996618,0.3501438,0.35695973,0.22214794,0.5592944,0.17129505,0.23878741,-0.12064799,0.19180936,0.029648708,-0.019852657,0.2849123,-0.09591,0.32748494,0.034317
0.008539759,-0.11699592,-0.17374274,-0.0241454,-0.04859525,0.16442335,0.1793428,-0.08991517,0.0075949817,0.04779263,0.2573664,0.061630014,-0.0679555,-0.029005762,0.20933749,0.2014365,0.23406172,0.059430674
0.055570558,0.45381922,0.08731049,0.05904034,0.39539188,0.34858328,0.12799613,0.32960963,0.3690453,0.15422842,-0.08225419,0.27979904,0.04516724,-0.05952586,0.22606046,-0.072466865,0.29879177,-0.12784816
0.08936082,0.33873802,-0.046127617,0.050043907,0.27574492,0.4410006,0.11939383,0.18926385,0.13347793,0.21473321,0.0878305,0.19086659,-0.24930868,0.020689523,0.18972386,0.0015185894,0.29912814,-0.14087524
0.09769298,0.32245424,0.17219777,0.27376792,0.27543992,0.24497917,0.29146332,0.31468385,0.20134124,0.12423323,-0.102295846,0.19755091,-0.04959079,0.105076104,0.21636032,-0.04293307,0.26579085,-0.12574802
0.0966549,0.5789044,0.12306616,-0.099980295,0.59127796,0.45732886,0.07499111,0.4267848,0.22370933,0.29029906,-0.008733793,0.36939192,-0.06739054,0.14930953,0.3433267,-0.14729296,0.33136907,0.02426155
0.44034705,0.2848064,0.35149628,-0.034014862,0.22647628,0.39055073,0.20074941,0.3637292,0.25181198,0.068769656,0.043331552,0.24233912,-0.093425676,0.1339177,0.29051387,0.11971061,0.3604679,0.056241184
0.2891005,0.29018322,0.032508716,0.29916888,0.19701953,0.19105707,0.30747938,0.22547132,0.094121225,0.014994133,-0.05148487,0.033580553,0.11244348,-0.122374356,0.23595022,0.26864308,0.3077682,-0.0019223776
0.27034965,0.18715398,-0.12499586,0.105156705,0.14531247,0.18775798,0.07704527,0.23566785,0.3742164,0.060248192,0.011085949,0.10084033,0.2926068,0.07489995,0.110093795,0.051956497,0.102009706,-0.08844897
0.24707092,-0.153441,-0.11120619,0.50243264,-0.20737901,-0.17204867,0.06821775,-0.13568698,0.18989809,-0.12873891,0.0063978736,-0.091052726,0.382392,-0.04982454,-0.07509606,0.0820286,-0.13665603,-0.03220485
0.42760852,0.13195065,0.49847236,0.11495916,0.14150232,0.15845658,0.24034429,0.17663616,0.14929312,0.00091313047,-0.034157228,-0.010933055,0.027452912,0.42237708,0.1663418,-0.069674954,-0.019623976,0.1407136
-0.044515707,0.04482955,-0.25867668,-0.1536028,0.11570744,0.3208044,-0.024681699,0.13242464,-0.025508922,0.24463007,0.056143228,0.19920081,-0.2916151,-0.048596494,0.1291249,-0.2586924,0.18222497,-0.23961629
0.040781178,0.12885948,-0.07356548,0.22551508,0.07080409,0.11244624,0.25407794,0.18908384,0.23706566,0.08527439,-0.049559824,0.13996206,-0.020490728,0.12852858,0.24044679,0.07756446,0.31398106,-0.046004605
0.075489506,0.2710099,-0.09352117,-0.06449303,0.18009852,0.27341115,0.27601284,0.47270525,0.15204626,0.18429478,-0.11466864,0.15585367,0.02793456,-0.10530048,0.20989892,0.0075000534,0.31603396,-0.096041955
-0.08300216,0.24476579,0.048903815,0.050577372,0.21849746,0.48830134,0.16303086,0.2815612,0.3184326,0.10357547,0.16437528,0.34122297,-0.04713705,-0.14994231,0.30402273,0.26939914,0.44794562,0.002555268
0.10071904,-0.2743679,-0.2876042,-0.104580864,-0.3283853,-0.0045442153,-0.17777742,0.15240036,0.06783752,0.17726737,-0.051272165,0.32425734,-0.2557889,-0.07619868,0.04568956,-0.17702512,0.17206466,-0.23402172
0.15963069,0.2307771,0.06521028,-0.04552261,0.24082598,0.3962879,0.17400959,0.19089241,0.062142942,0.14911596,0.29986075,0.1985988,-0.17674562,0.13998193,0.18473561,0.031062955,0.33353895,0.3308519
0.035161275,0.16548349,0.15351172,0.053792488,0.121869415,0.19854529,0.27962914,0.28660992,0.026791241,0.19718964,0.16589373,0.3365319,-0.18411736,0.09078667,0.26097277,-0.044291973,0.40639433,0.3050224
0.42090482,0.34640858,0.23457026,0.14070915,0.27231342,0.20819283,0.3573318,0.26749504,0.2627196,-0.076735996,0.011391768,-0.0688462,0.43708816,-0.004261606,0.25484294,0.3919053,0.16554914,0.17833841
-0.066296645,-0.1251635,-0.35806197,-0.16379045,-0.11635965,0.09098478,-0.037512425,0.007900655,0.065193534,0.15716495,0.07207458,0.06545988,-0.23953389,0.22434214,0.17200693,-0.22388546,0.10667475,-0.11326675
0.3897082,0.25778896,0.206079,0.039873526,0.22832374,0.13791224,0.4258141,0.3290171,0.15494595,-0.0346224,-0.060493454,-0.08068246,0.37327626,-0.07393217,0.2831711,0.30230924,0.2663075,0.22146672
0.096287735,0.5145717,0.30039605,0.23547043,0.4675947,0.19724858,0.3412252,0.4368903,0.340972,0.031420846,0.023347337,0.16172141,0.42335552,0.055289254,0.24498667,0.27913287,0.2526168,0.24722216
0.10966368,0.26567402,-0.0192927,-0.09781464,0.2610522,0.3902434,-0.053767968,0.24668302,0.07296426,0.16656184,-0.100262,0.26293334,-0.12309478,-0.13291821,0.028120853,-0.266159,0.16115987,-0.24266405
0.10947354,0.24717733,-0.03728768,0.13487494,0.23552184,0.093711294,0.34540173,0.19050898,0.22321917,-0.008627858,-0.0058169314,-0.032460164,0.34503227,0.01791327,0.17519745,0.18848161,0.20814253,0.12597853
0.20641682,0.34290028,-0.11238246,-0.07244674,0.29384884,0.17285365,0.16143297,0.4045621,0.21574672,0.22704096,-0.014577623,0.20354111,-0.0053711217,0.1467829,0.16577509,0.05310641,0.24243298,-0.0072963214
0.21278296,0.052932773,-0.1975279,-0.022159262,-0.030230774,0.052087534,0.047983475,0.17736752,0.13900878,0.21329938,0.031150116,0.1688877,-0.13222542,-0.17294458,0.06800885,0.1685558,0.13120872,-0.17104127
0.20738928,0.24938476,-0.13262877,0.023007926,0.2501214,0.1321053,0.02736762,0.32112026,0.34157258,0.20389424,-0.08024107,0.18213074,-0.040072702,-0.11861761,0.15925539,-0.10243764,0.22000459,-0.23746686
0.16191983,0.16192915,-0.15296324,-0.0019713189,0.13269886,0.12449286,0.15356384,0.32554403,0.12820536,0.18910152,0.13326004,0.26700202,-0.16994938,-0.1298862,0.30978784,0.048257966,0.4351287,0.04568704
0.19480607,0.37571388,0.42220405,0.1630928,0.3851395,0.23896568,0.29168496,0.18508992,0.23225339,-0.0797861,0.24476156,0.03989051,0.15426394,0.21104924,0.32037878,0.37034804,0.18636031,0.3308983
-0.12634161,0.0055838902,-0.36233744,-0.17633952,-0.106490366,0.17479187,-0.026193246,0.3084716,0.19348899,0.22837159,-0.038623158,0.36770007,-0.19843431,-0.08725994,0.20942478,-0.18241262,0.40832907,-0.14156123
0.09635558,0.24958642,-0.08819572,0.33097196,0.18275726,0.17899346,0.12252815,0.19711496,0.2203197,0.026403042,-0.022079613,0.12587991,0.25926954,-0.10219461,0.08482201,0.11064995,0.16523103,-0.076377876
0.26932183,-0.15274304,-0.0662427,-0.037527103,-0.030589769,0.05501494,0.15339448,-0.048134074,0.08177574,0.02567479,0.22961242,-0.06077089,-0.21952759,0.041436844,0.24315597,0.34920362,0.19481789,0.017159544
0.16127823,0.11020496,0.1157976,0.22678655,0.19973283,0.13170956,0.28296304,0.01902489,-0.05134189,-0.06772787,0.28588548,0.016224096,-0.10900007,-0.065686405,0.13929357,0.40164337,0.32896537,0.3007423
-0.062065303,0.40049323,0.040768966,-0.11890145,0.36762187,0.35550627,0.16134304,0.532406,0.26038662,0.27005726,0.043771565,0.43050116,-0.0025332198,-0.09699526,0.24941081,0.015886275,0.37414297,0.024204748
0.23320688,-0.061242606,0.00017916033,0.27104008,-0.03897369,-0.07068093,0.16416669,0.023483796,0.28370667,-0.08298138,-0.0018084237,-0.05394634,0.3476247,0.061397985,0.0017562655,0.08445263,-0.047985096,0.021338817
0.041943382,0.32391793,-0.010764021,-0.060771313,0.28247133,0.4570004,0.04647284,0.38176212,0.17272557,0.21080118,-0.047567986,0.27604008,-0.18543321,0.03729104,0.23350978,-0.19126403,0.31116715,-0.19678055
0.478308,0.20928454,0.18038423,0.05295935,0.1836843,0.15485615,0.3250315,0.14521685,0.18082996,-0.18147689,0.11491944,-0.23634632,0.4390763,0.14611492,0.115991354,0.3337197,0.004565262,0.25379026
0.40251228,0.39547914,0.15117022,-0.08811115,0.2857229,0.30216095,0.15141372,0.43303078,0.3029632,0.19063284,-0.06498705,0.33620468,-0.062925756,0.0880303,0.35832766,0.10103107,0.44187072,-0.052756716
0.44040272,0.3988694,0.27030203,0.1449217,0.33575186,0.10630011,0.29017687,0.2904819,0.38632944,-0.054479364,-0.07052641,-0.07892985,0.5011598,0.042644907,0.1793091,0.21384269,0.037808947,0.11828604
0.15549783,0.14009614,0.22541274,0.008189455,0.2358379,0.18215019,0.3836089,-0.01452396,-0.05042477,-0.058276944,0.27036974,-0.09854039,-0.068275705,0.29790294,0.23116346,0.17252965,0.22906095,0.48495767
0.46243224,0.2381698,0.057963848,-0.13624789,0.1847686,0.2838203,0.089492485,0.47025952,0.2544462,0.17170238,-0.07772942,0.27093917,-0.054144025,-0.029608369,0.20057365,-0.05902321,0.36623222,-0.08296203
0.31317595,0.008680099,0.15510763,0.28266403,0.048823144,0.14085914,0.036496047,0.16642319,0.26943108,0.19726871,-0.062956944,0.23699561,-0.09683567,0.17844133,0.05313134,-0.25527227,0.007739773,-0.1919358
0.4298028,-0.031834383,0.34830245,0.21859823,-0.0030200575,0.040559787,0.12649632,0.09872009,0.27560148,0.094096385,-0.077453464,0.104766995,-0.058274794,0.25732923,0.18835716,-0.078864634,0.04917527,-0.022668613
0.010858946,0.22990467,-0.0601581,-0.052917995,0.1925409,0.3910368,-0.07209456,0.26296768,0.02907923,0.21403098,-0.07036937,0.25462544,-0.12450151,-0.18836021,0.088191636,-0.20507655,0.21644332,-0.18136951
-0.051415525,0.27075383,-0.20430982,-0.033197615,0.15611653,0.2698828,0.26950052,0.40595624,0.27688363,0.23796327,-0.05346633,0.2610384,-0.09406089,-0.04656468,0.4039005,0.043085843,0.49628186,-0.076409996
0.39359006,-0.16377285,-0.18668713,0.12435597,-0.18676262,0.070631295,0.1301359,0.09313439,-0.108924925,0.012427556,0.17429121,0.0017645569,-0.033179756,-0.24796693,-0.0038216366,0.32817432,0.13125148,0.01619588
0.10600605,0.1538425,-0.1297158,-0.024840163,0.07316688,0.16723032,0.105838425,0.21463946,0.20696317,0.13451555,0.035789736,0.14302026,-0.04921059,0.20370989,0.09438738,-0.024297591,0.14117919,-0.07136779
-0.06455001,0.20887582,-0.087104335,0.13199428,0.13117976,0.26479018,0.34532163,0.25890666,0.13017818,0.13943441,-0.031547938,0.1427023,0.011979442,-0.039475404,0.24174288,0.12649287,0.3456415,-0.05976515
0.2446844,0.33920556,0.20167181,-0.074987486,0.24356647,0.23747823,0.20479411,0.29083315,0.13032192,0.0862685,-0.013453065,0.06841054,-0.021292025,0.11603128,0.05991352,0.17992617,0.06506584,0.022473462
0.09891821,0.25349414,-0.07328939,-0.16447826,0.30363145,0.27729908,0.10748439,0.37402716,-0.011764761,0.26126075,0.15378045,0.34804788,-0.16518994,-0.084880814,0.16722517,-0.1259433,0.37163857,0.11019239
0.17249845,0.055118218,0.0032800063,0.23285076,-0.009913133,0.123226926,0.20093593,0.1038539,0.08618713,-0.08369218,0.0842834,-0.10845583,0.3973932,0.07688821,0.044822894,0.12155822,-0.044328466,0.19352014
0.018104078,0.1738601,-0.10719674,0.36673814,0.11597543,0.047856644,0.24008057,0.121333,0.154304,-0.007821007,-0.083957225,-0.0253859,0.33733553,-0.03288189,0.0038696977,0.024063194,0.052202236,-0.032244474
0.328162,-0.32767767,-0.27452812,0.044168424,-0.3692447,0.0019981002,-0.066821106,-0.14614677,-0.17731747,0.108308576,0.13143137,0.013644749,-0.28120372,-0.15208125,-0.039339207,0.12954019,-0.016573219,-0.18596008
0.077367276,0.2598224,0.08239111,0.21197031,0.19881675,0.42333218,0.058287244,0.29283217,0.1757206,0.16558574,-0.17218181,0.20030247,0.017415963,-0.10620845,0.0884793,-0.19409843,0.18028815,-0.20976457
0.13720348,0.1420543,-0.1056581,-0.1369123,0.10225106,0.31686348,0.12664498,0.49645427,0.23175621,0.22164595,-0.01804643,0.18699896,-0.05768626,0.083270386,0.17909318,-0.079367116,0.20064121,-0.034504022
-0.032879192,0.084497906,-0.103036344,-0.10666702,0.09465545,0.102731206,0.16132158,0.1275653,0.099775635,0.17314182,0.23987745,0.15914555,-0.15553327,0.2544609,0.17606291,-0.115912184,0.22571827,0.27531627
-0.099953,-0.08561564,-0.19177762,0.091436185,-0.15393035,0.15153469,0.106553234,0.21208262,0.09141556,0.2748341,-0.121576056,0.27645534,-0.19850421,-0.017878348,0.18829064,-0.27801433,0.22706145,-0.26388758
0.0013352956,0.013602176,0.05151388,0.020010423,0.02531551,0.12294673,-0.20796467,-0.022334274,0.34177575,-0.013885954,0.17313145,0.13238169,-0.087569386,-0.0033047749,-0.015812358,0.003015676,-0.020265114,-0.10062256
0.36848882,0.27614227,0.021581462,-0.017797807,0.23508917,0.25962865,-0.14602295,0.26480973,0.029775605,0.17031427,-0.13442841,0.15877646,-0.15085761,-0.19853182,-0.024641758,-0.20698537,0.09498819,-0.20547749
0.027254073,0.17889541,0.10112736,0.12049129,0.20127639,0.30864435,0.25685713,0.23091282,0.4288174,0.08734856,0.17564474,0.27653062,0.07387384,0.01728432,0.37137514,0.13807836,0.44857517,0.1261551
-0.01889058,0.09162548,-0.25515637,-0.07570453,-0.040562056,0.20529482,-0.22901763,0.24011917,0.0009737109,0.2006978,-0.14484929,0.2316617,-0.16155958,-0.19790223,-0.14502172,-0.2970699,0.041166868,-0.2884284
0.21923102,0.17153408,-0.11292775,0.029109163,0.13155364,0.27988672,0.03777157,0.30241033,0.32410836,0.25042713,-0.059793647,0.2987709,-0.24671024,0.115207136,0.29973903,-0.109246016,0.34795773,-0.23032212
0.048933387,0.33997083,0.025394233,0.32247034,0.2327425,0.21711592,0.16316397,0.17861167,0.23233023,-0.005034323,-0.13826582,0.051330887,0.29812157,-0.08978444,0.003118235,0.030998545,0.09766458,-0.10736672
-0.03957358,-0.06512157,-0.16075607,-0.12957151,-0.008980189,0.17707677,0.24586108,0.082829334,0.09333195,0.09868385,0.28884673,0.15423714,-0.24865398,0.17616965,0.34751606,0.011332533,0.44747862,0.2085334
0.04275091,0.14931433,-1.7724466e-05,0.1023974,0.13517644,0.1858333,0.16098508,0.27752015,0.255032,0.21856473,0.02384357,0.39354658,-0.08849181,0.078973204,0.20202634,0.028752644,0.34747705,-0.07890999
0.19428681,0.3967493,0.060590364,0.07999966,0.3140995,0.35971174,0.15896244,0.48923168,0.29178393,0.1933051,-0.081751905,0.3289364,0.1613367,-0.0963377,0.2544905,-0.049080316,0.30474457,-0.075767145
0.024346672,0.039978515,-0.3140218,-0.08093123,0.18142033,0.10712067,0.052534714,0.0845185,-0.014348999,0.2571729,-0.057994973,0.110451296,-0.13898458,-0.108068734,0.09023177,-0.18893826,0.14594829,-0.20170355
0.18993616,0.24882354,0.14892873,-0.068223126,0.35427132,0.24013029,0.4305435,0.2802942,0.12507564,0.090427145,0.19892883,0.04890802,-0.01634728,0.23499729,0.38466868,0.15240201,0.45159832,0.4963354
0.022943327,0.20395806,-0.17022328,0.05570398,0.16330796,0.09402954,0.30621213,0.32322016,-0.06465096,0.12084771,-0.073725685,0.020579755,-0.009895158,-0.24937503,0.15892333,0.14255148,0.31292573,-0.027571667
0.08603757,0.13783772,0.099459074,0.1981267,0.12495435,0.20022914,0.3370056,0.041992348,0.06402647,0.012440891,0.21685891,0.038769055,-0.011294499,0.22232205,0.32590717,0.19520389,0.328227,0.38515395
0.12846039,0.20778677,0.052731767,0.12763499,0.14305614,0.12708485,0.3543022,0.40628058,0.1121917,0.059036944,-0.123946935,0.012518008,0.26883107,-0.17318572,0.15326965,0.1663001,0.2237464,0.010396579
-0.04207197,-0.112390734,-0.2621435,-0.20183846,-0.11415262,0.027434753,-0.19841576,-0.20113166,-0.19621414,0.04622454,-0.12165959,-0.12686382,-0.12567212,-0.028168922,-0.17157106,-0.20189707,-0.2289303,-0.21481891
0.29489195,0.30295172,0.15224533,0.027438177,0.19709545,0.17630196,0.25671238,0.25473404,0.08139402,-0.03882566,-0.059485108,0.011262216,0.10502814,-0.045648746,0.11517507,0.2251658,0.17457867,0.017573915
-0.061875515,0.08779929,-0.13652697,-0.035977915,0.05462262,0.33967716,0.10136974,0.52189696,0.01390219,0.32676545,-0.11720325,0.28974453,-0.026753604,-0.055013746,0.11800439,-0.21475594,0.21078937,-0.10597877
0.0641749,0.21730745,0.013993087,-0.14017752,0.2342812,0.2731485,0.28156224,0.16302742,0.028891845,0.13122986,0.24777278,0.06863379,-0.1731568,0.34772387,0.25371453,-0.11146856,0.2813815,0.36690104
0.38813618,-0.10512633,0.24153714,0.3514911,-0.12919982,-0.03301387,0.3840731,-0.0070369635,0.089066684,-0.16235338,0.051036347,-0.21557878,0.4437596,0.07662138,0.048501156,0.26425502,-0.1290982,0.21478367
-0.08264907,0.28849113,0.25945443,0.18943577,0.2371325,0.26892185,-0.009291085,0.24885835,0.16725402,0.07592446,-0.21242979,0.14908132,-0.10127556,0.175828,-0.007287079,-0.24424022,-0.004952446,-0.22154146
0.00738616,0.36737216,0.27927333,0.22239171,0.24536543,0.18503258,0.37634882,0.35353735,0.18309723,-0.025189493,-0.070801616,0.09709051,0.42659885,-0.098554954,0.31782198,0.23260428,0.29758832,0.25704762
0.25398606,0.1753363,0.16179417,0.04613348,0.2152097,0.110621095,-0.0552934,0.10698042,0.3735369,0.090073384,0.00084834243,0.20957612,-0.08147012,0.164861,0.078740515,0.00037251902,0.06485231,-0.10957184
-0.25594783,-0.25474542,-0.3629282,-0.04292064,-0.344043,0.096972406,-0.25881633,0.015865255,0.097146295,0.17003292,-0.115638725,0.31506136,-0.27997464,-0.10864218,-0.12583193,-0.36938795,0.0085337935,-0.40773222
0.22963664,0.40342835,-0.09799344,-0.10093715,0.38932675,0.27548724,0.13130742,0.5109794,0.29527012,0.24048923,-0.12967478,0.2327465,-0.004673362,-0.10124788,0.31365553,-0.111178935,0.38507685,-0.097595975
0.4143462,0.31387085,0.4968249,-0.079846054,0.2870539,0.39027905,0.12481617,0.25799844,0.14444618,0.06088637,0.020319032,0.0924055,0.0116614215,0.37589368,0.06655268,-0.09837447,-0.023911035,0.118451975
0.046710387,0.17101042,-0.1253108,0.110035226,0.14152582,0.12578009,-0.07074123,0.37900728,0.19249368,0.23959017,-0.09233744,0.32186,-0.18478133,-0.039552864,0.09368115,-0.2161252,0.18675068,-0.2327858
0.07952579,0.3852767,0.14696892,0.087395854,0.3728791,0.2705763,0.34347787,0.3749952,0.26709935,0.07518581,-0.012610568,0.026233252,0.37141827,-0.093374476,0.29178414,0.324441,0.2092513,0.13275133
0.15382141,0.34349746,-0.0049907295,-0.15619117,0.3214829,0.31943256,0.12964864,0.49095055,0.2280792,0.1951649,-0.13600893,0.2699713,-0.01231254,-0.14918363,0.25598586,-0.08767386,0.40673548,-0.017304901
0.091894686,0.42723843,0.23140267,0.10014135,0.32382542,0.36930636,0.10998907,0.41437235,0.29479986,0.046083145,-0.09799293,0.28423202,0.27379224,0.046712868,0.16353716,-0.050239198,0.2120445,0.011725576
0.11486618,0.39541888,0.085281484,-0.13093208,0.38096178,0.3306433,0.21469952,0.4759358,0.15228906,0.2277914,-0.019141622,0.15259194,-0.08138915,0.3317266,0.13751836,-0.23596108,0.17727959,0.18747902
0.045391954,0.4021186,0.006048646,-0.020889137,0.36383128,0.1906548,0.20134163,0.43009958,0.21723904,0.20708135,-0.07389862,0.35508525,-0.025894903,-0.030699205,0.3245961,0.0006118575,0.46744224,0.03905352
0.038368426,0.21568544,0.1457601,0.37182283,0.15438451,0.14908546,0.41529426,0.114561476,0.14463322,-0.09277906,-0.054553863,-0.08414442,0.4181914,0.028208531,0.10359842,0.22299922,0.07639829,0.114717744
0.20476536,0.5477931,0.17140183,0.017534893,0.49237904,0.35976082,-0.00076499255,0.30470338,0.26893023,0.19893454,-0.04693562,0.3217765,-0.02813564,0.07809595,0.24020487,-0.12031347,0.23942168,-0.0913826
0.076036245,0.46260053,-0.056203894,-0.017313516,0.397748,0.25914118,0.17627302,0.42178184,0.2780843,0.19488104,-0.1321855,0.29529,-0.026605938,-0.063884705,0.31144682,-0.028291512,0.42379647,-0.107947156
-0.2020686,-0.32352304,-0.23600252,-0.22212741,-0.3537777,-0.060338773,-0.15374069,-0.16713381,-0.1528382,0.080419116,-0.13165696,0.02085021,-0.19022763,-0.29070327,0.02639039,-0.18708,-0.022726636,-0.17444327
0.17903936,0.14063492,-0.21769834,-0.048132047,0.06710351,0.25234202,0.04265075,0.40782627,0.13059111,0.21490599,-0.06867063,0.33889484,-0.123768374,-0.1836527,0.15039414,-0.094366536,0.39215884,-0.18720026
0.033240777,0.19615413,0.040831555,0.060198806,0.17591211,0.35303485,0.040938698,0.24254909,0.09943516,0.18353142,-0.13977817,0.18445955,-0.073154554,-0.03209954,0.08349207,-0.22952397,0.109853394,-0.22603217
0.026459076,0.3560738,0.36322066,0.24042383,0.27063864,0.24132553,0.12514687,0.18016529,0.08488621,-0.008821331,0.005557121,0.13992167,-0.00024299818,0.13814786,0.023338122,0.061536133,0.011185819,-0.033426486
0.33267626,0.35319522,0.36401054,0.071499996,0.39935717,0.18153019,-0.03994857,0.16050601,0.12617509,0.18389629,-0.073032,0.11106864,-0.16187102,0.34008732,0.031432487,-0.10474859,-0.048033617,-0.03829666
0.078649275,0.28178114,-0.030839033,-0.023225484,0.21496266,0.23410511,0.29291272,0.3332029,0.1946869,0.11706461,-0.0392995,0.12041544,0.06823326,0.09020595,0.23025621,0.102560245,0.30832505,-0.004434654
0.4749245,-0.18117698,-0.1491963,0.12684643,-0.22526824,-0.051387113,-0.1990218,-0.2083866,-0.06435655,0.14285791,-0.041340474,0.10985787,-0.18286599,-0.10873903,-0.16549213,-0.1563348,-0.13381323,-0.2376532
0.36191022,0.3241401,0.4101637,0.17329824,0.21505642,0.2676348,0.16200088,0.18699095,0.32065278,-0.13058047,-0.035562325,0.04689259,0.38220078,0.29051352,0.14459455,0.06178654,-0.009707181,0.11126316
0.08090369,0.41071463,0.08053853,-0.08530613,0.37988883,0.3489799,0.3024696,0.5826166,0.25468615,0.20564708,-0.12312037,0.27307987,-0.041974325,0.09141806,0.39233053,-0.12181424,0.47536916,0.042801257
-0.01042584,0.2181389,-0.095285214,-0.1112504,0.23264489,0.31464028,0.1811003,0.36126617,0.25730473,0.16067329,0.18402758,0.3382815,-0.26326284,-0.0016475361,0.33515736,0.0052319933,0.53875846,0.022981094
0.28921312,0.29434595,0.026081694,-0.043871168,0.21017866,0.2264531,0.0784114,0.36026034,0.124593414,0.10444633,-0.062903605,0.21769436,0.036821146,-0.17759953,0.11057404,0.050513513,0.27913594,-0.053536445
0.43852153,0.08668748,0.23407935,0.40165728,0.017518142,-0.054783806,0.24421465,0.058550075,0.27110413,-0.16173673,-0.07895148,-0.089098096,0.4276795,0.07423174,-0.007860977,0.06272593,-0.07843822,0.06594024
0.17209564,0.09891374,-0.2322699,0.037760768,0.044951256,0.21663615,0.09432195,0.3437744,0.11573382,0.27709594,-0.087247744,0.19304594,-0.14518395,0.11824212,0.104865134,-0.2225859,0.13784043,-0.2092325
0.27036265,0.19186066,-0.10185732,-0.040183295,0.18793678,0.27244347,0.06980841,0.3735554,0.18662177,0.21405831,-0.020137807,0.16903806,-0.12832452,-0.09120777,0.13143668,0.001841178,0.22219993,-0.16651261
0.5426545,0.26030076,0.33205944,0.21135639,0.22700167,0.115014724,0.25349712,0.084722914,0.32728675,-0.15663493,0.10048476,-0.16697617,0.3579667,0.065123975,0.17357329,0.44603872,-0.00029347296,0.20082113
0.030816235,0.3675174,-0.022551842,0.19505969,0.27636442,0.3280868,0.2548074,0.42007813,0.2887674,0.18765691,-0.12202652,0.28227907,0.07785261,-0.10402004,0.3338631,0.031590953,0.4488458,-0.071382515
0.17939365,0.30250207,-0.057652015,0.18189181,0.21726438,0.3928805,0.29652742,0.3446343,0.18593551,0.07913999,-0.039970607,-0.006446888,0.25546318,-0.14813529,0.18590413,0.21891887,0.20903449,-0.07926375
0.1532003,0.052010942,-0.2521627,-0.11633387,0.09350291,0.26924855,0.026035853,0.17900313,0.17741561,0.269827,-0.105782405,0.16955592,-0.14377645,-0.13945088,0.13117567,-0.18029247,0.21803278,-0.24540786
0.113790736,0.37099454,0.07053605,-0.1738393,0.34456962,0.38866147,0.25160682,0.4541486,0.18419024,0.19350313,0.024601959,0.31571704,-0.08937369,0.089392535,0.32701388,-0.05711476,0.4963438,0.15341637
-0.057786398,0.06329096,-0.20502287,-0.08510271,0.027779954,0.27122772,0.23492183,0.40823072,0.24415928,0.17656657,-0.014787979,0.1839862,-0.101131715,0.0017137624,0.3121197,-0.11283205,0.438151,-0.016900348
0.357276,0.35452518,0.03421981,-0.14776206,0.2345948,0.32064748,0.2648427,0.42702806,0.1067657,0.21097721,-0.033265546,0.19017598,-0.110782966,0.07116454,0.22630236,0.014080839,0.3071707,-0.04760644
-0.07845125,-0.31910107,-0.40189996,0.007844682,-0.3514232,0.025742827,-0.06347565,-0.04777011,-0.06800222,0.12966049,0.09635416,0.13159068,-0.27117828,-0.056281418,0.13639341,-0.11878833,0.16733679,-0.15613721
0.105118,0.19847147,-0.046524793,0.31205073,0.111401565,0.037026085,0.1453151,0.05813286,0.15880601,-0.04563987,-0.10782969,-0.07676,0.24037099,-0.018912975,-0.03202582,0.051935,-0.014837096,-0.09525468
0.33798233,0.108321965,0.06823604,0.3877861,0.0013764659,0.015991412,0.2179287,0.06078795,0.25020698,-0.09175503,-0.08777907,-0.025878064,0.27471346,0.070602775,0.054929323,0.123247236,0.04481668,-0.01900462
0.3374175,0.42743465,0.11705368,-0.018961297,0.4131434,0.3448611,0.035998303,0.34426388,0.19876939,0.20466106,-0.030021122,0.1398776,-0.03660933,0.31612408,0.15034382,-0.16603595,0.07066195,-0.011640157
0.22912681,0.20092857,-0.0134435035,-0.015019406,0.22505337,0.12330432,0.36633548,0.35264152,0.2544099,0.012698159,0.014547955,-0.08742497,0.3418723,-0.059164453,0.340539,0.3231917,0.30332428,0.17313346
-0.021054612,0.19701304,0.30028135,0.26821658,0.12401758,0.007624432,0.42671257,0.018099893,0.18501581,-0.17934446,-0.0021826173,-0.1890759,0.42347178,0.32441977,0.14349437,0.06197965,-0.063218676,0.28458336
0.04579785,0.073449016,-0.22801614,-0.2157733,0.20767996,0.1359884,0.043035496,0.14968073,0.090121955,0.3016477,-0.038536333,0.121417694,-0.1625619,0.18126985,0.20895484,-0.24883741,0.091653526,-0.1053901
-0.09226485,0.18407935,-0.031160263,-0.23840494,0.18134138,0.32428625,0.18889274,0.30433628,0.23914236,0.170709,0.12381537,0.11919512,-0.2282874,0.40435725,0.24759951,-0.02907714,0.21404427,-0.021748114
0.014679977,0.16771649,-0.13596311,0.039724067,0.14760287,0.27502468,0.2246807,0.42684996,0.13378654,0.14892401,-0.079252794,0.1660923,0.05078283,-0.18174519,0.12735946,-0.03228227,0.33867913,-0.023301952
0.05254071,0.23703672,-0.057354763,-0.09964661,0.23354357,0.38265577,0.45166785,0.38848853,0.052975934,0.109886706,0.13066587,0.09228283,0.053677887,-0.0059174537,0.4301494,0.19057485,0.52301264,0.29197896
-0.023187086,0.12749909,-0.1553155,0.31963795,0.05957196,-0.019807888,0.20918609,0.06391886,-0.0101506645,-0.07915246,-0.04094614,-0.07171467,0.30013704,-0.12847526,-0.003790625,0.18794772,0.09484527,0.064135484
-0.042861417,0.053916126,-0.20828517,0.2157904,-0.035887655,0.08283037,-0.28140935,0.10515832,0.13710195,0.114729434,-0.032627944,0.28584045,-0.117106244,-0.11649875,-0.08401964,-0.20527773,0.02874576,-0.2731665
0.12566584,0.36193112,0.06578608,0.26777,0.3027988,0.19672185,0.19616501,0.21043837,0.313987,-0.01450754,-0.12855855,0.0339895,0.33034465,-0.054201916,0.089177676,0.08231656,0.12761965,-0.07493714
0.03935419,-0.5215714,-0.24188425,0.1368274,-0.46353716,-0.23454109,-0.12589732,-0.24431443,-0.16362211,-0.08861265,0.22866055,-0.086467884,-0.11665982,-0.35768065,-0.17691128,0.18886447,-0.14113155,-0.05759777
0.05686069,0.25756705,0.118651286,0.17029603,0.1733779,0.11488278,0.35806927,0.41526952,0.14001825,0.037022226,-0.16547485,0.07663173,0.27729037,-0.15563644,0.19701071,0.13089266,0.30597952,0.063432336
0.14776142,0.19700383,-0.012336969,-0.05774015,0.1575074,0.13336843,0.039393555,0.375793,0.18737695,0.1828248,-0.14184964,0.20393462,-0.058183827,0.008628443,0.107196815,-0.2317854,0.18554404,-0.19670679
0.063220784,0.19187501,-0.04526712,0.29711577,0.10812949,0.02255716,0.1393157,0.07766247,0.15211225,-0.06646225,-0.10695769,-0.08196775,0.27792075,-0.0350175,-0.040382702,0.043178156,-0.017994316,-0.081443876
-0.060854662,0.20674832,-0.036658794,0.11744286,0.17883053,0.18033175,-0.00991614,0.06756304,0.3210222,0.14772326,0.008222545,0.23250249,-0.26977903,0.34787118,0.16240582,-0.15242787,0.11910742,-0.19095688
0.13846745,0.33064368,0.1249343,0.24871705,0.27879426,0.19953278,0.2004387,0.3357739,0.116355754,0.09063212,-0.057639573,0.15861106,0.12007612,-0.06959954,0.15430474,0.06629726,0.28029284,0.025039647
0.2171408,0.333217,0.21476331,0.10473283,0.19023263,0.25022975,0.14542174,0.2888548,0.23079377,0.07584056,-0.06533356,0.20948987,0.002690516,0.089690365,0.2547668,0.026331952,0.25397453,0.035462666
-0.08503599,-0.0838336,-0.24638872,0.16978881,-0.12120148,0.16310975,0.045120247,0.09522222,0.15474118,0.1209108,0.1032814,0.12665606,-0.16908102,-0.1820856,0.21436584,0.11790585,0.28476596,-0.17703703
0.41880724,0.12327182,0.3394624,0.3274744,0.02769944,-0.035912283,0.07804363,0.08433886,0.3538082,-0.1700435,-0.10862819,-0.060365,0.48788187,-0.028839454,-0.0316501,0.066398785,-0.15177846,0.015609845
0.4673905,0.24141984,0.0077016316,0.102149636,0.24820885,0.4324318,0.014956498,0.18450789,0.16812542,0.26477054,0.0030252947,0.2315443,-0.22217858,0.18442123,0.079220936,-0.16773954,0.11192402,-0.22843508
-0.03305577,-0.020500418,-0.16720682,-0.062021956,-0.12586153,0.19003351,-0.03023662,0.13793941,0.26879224,0.1468478,0.078609295,0.32680273,-0.23055021,-0.041028406,0.08823209,0.00011347362,0.24377553,-0.22467193
0.05281247,-0.06328476,-0.106740005,0.13861078,-0.09484249,-0.14993908,0.19400491,-0.07133883,0.122884616,-0.08035179,-0.021720646,-0.16189393,0.27038324,0.06424564,0.0131230485,0.053939234,-0.07568453,0.01767874
0.22979079,-0.07671262,-0.10738048,0.30950302,-0.059151977,0.012153378,0.07463081,0.2682077,0.3267858,0.12839444,-0.07094717,0.12215375,0.15472129,-0.109563574,0.13726039,-0.050201494,0.13319388,-0.15027599
-0.025749002,0.13353291,-0.07385913,0.15749162,0.036511198,0.18442382,0.20071137,0.31829298,0.2869705,0.10673861,-0.04835591,0.19254874,-0.013175569,0.0006334799,0.22181378,0.045343317,0.33320612,-0.15452409
-0.0885765,0.08861687,-0.22131751,-0.13315326,0.10261718,0.335229,0.09841813,0.17999536,-0.02442428,0.20153464,0.30998603,0.30233675,-0.3044113,0.08157721,0.14048648,-0.23228388,0.32843938,0.075636245
0.13789889,0.3257034,-0.053219095,0.050024994,0.25146374,0.2610379,0.1903786,0.43011466,0.15838307,0.09528401,-0.14533666,0.18106222,0.071788274,-0.15302499,0.14961272,0.06591107,0.362224,-0.10164242
-0.032359086,0.114641234,-0.1741883,-0.0876903,0.106604435,0.17472409,0.3378307,0.41532326,0.009709902,0.13751121,0.008712422,0.055896785,-0.06034567,-0.037411828,0.29953098,0.030921364,0.41182944,0.114041656
0.2032093,0.4306896,0.22045086,-0.13866481,0.38263735,0.42108595,0.04468778,0.37502986,0.19699885,0.13172632,0.0529102,0.22945926,0.0556632,0.06652606,0.151501,-0.040069897,0.10892083,0.06089736
0.059425835,-0.005149407,-0.2850853,-0.047154393,-0.112970285,0.008170997,-0.20909259,0.1642963,0.06893682,0.24914333,-0.0642542,0.41326967,-0.1835226,-0.2490633,0.040266532,-0.19345415,0.1857448,-0.27139142
0.17583497,0.41908878,0.18229453,-0.17731152,0.41840026,0.30192238,-0.0023669053,0.19881523,0.21841434,0.057261802,0.1946359,0.06354303,-0.12185558,0.3961037,0.05705579,-0.06679904,0.0053952406,0.16483636
0.4944125,-0.016802037,-0.020106427,0.10502404,-0.09841256,0.21977113,-0.061713055,0.084802024,0.107219465,0.12515686,-0.11578914,0.09850428,-0.13941628,0.02379137,-0.020550825,-0.11377257,-0.035291053,-0.33945528
0.06981102,-0.14183553,-0.26193964,-0.10414808,-0.19350153,0.03175598,-0.077740364,0.12060172,0.15494363,0.25564077,0.009053281,0.37735456,-0.3098579,-0.016134886,0.23839726,-0.056587026,0.28434038,-0.22345275
0.26846984,0.23770104,0.07350241,-0.096890196,0.2452605,0.2741874,0.36934555,0.3164165,0.21310991,0.09909386,0.06410785,0.07388739,0.05628128,0.100839786,0.37134692,0.13515931,0.37191278,0.12891074
0.41901433,0.4082092,0.40822402,0.0022387546,0.38465953,0.32835165,0.26226202,0.37996808,0.26625592,0.08500675,0.113826945,0.26912135,0.0019298552,0.25653723,0.34196797,0.12614523,0.39204904,0.3249743
0.25654897,0.35639516,0.21070862,-0.06387382,0.254816,0.20054655,-0.009840073,0.33337316,0.071459666,0.09065298,-0.17280039,0.14063777,-0.10452729,0.14961472,0.06794268,-0.18383314,0.100945994,-0.06859184
0.25349298,0.2123966,-0.11592291,0.08468352,0.208921,0.20994928,0.022947708,0.32072908,0.09463662,0.30052727,-0.005451614,0.20775343,-0.23009369,0.007875089,0.16843438,-0.15323538,0.1540153,-0.19250777
0.49637714,0.0061455555,-0.16084412,0.31727123,0.02088355,0.16589098,-0.0045527313,0.090421185,0.20185022,0.20411164,-0.050897487,0.19692814,-0.075839385,-0.15604182,0.087392166,-0.02166364,0.12797378,-0.32975325
0.0721518,-0.13786599,-0.077368714,0.19330214,-0.20896326,0.05204369,0.2627857,0.03596694,0.0596868,-0.10240293,0.14873356,-0.17045802,0.2183276,-0.037750263,0.09163801,0.33193842,0.03393086,0.15472968
-0.054627422,0.19876663,0.084009185,-0.006800354,0.19907802,0.34748292,0.19221349,0.16435811,-0.043874077,0.011680458,0.14090526,-0.0033048787,-0.09475866,0.048625812,0.12937081,0.14699638,0.14036064,0.06438994
0.11150454,-0.30349326,-0.289857,-0.28035194,-0.28672642,-0.032139633,-0.2715843,-0.06807142,-0.036633488,0.12727049,-0.14591025,0.08083194,-0.19791597,-0.33172664,-0.10302022,-0.24069738,-0.03425371,-0.3605898
-0.05826912,0.17276041,0.25928655,0.27109933,0.04671822,0.21560366,0.12436414,0.19658919,0.21198572,0.052380793,-0.0155046815,0.20993479,-0.14813706,0.012183448,0.23955074,0.0275977,0.2565129,-0.038196176
0.28301576,0.23960213,-0.054205537,-0.06276548,0.25712243,0.18340342,-0.11002645,0.20662217,0.20953125,0.18192135,-0.11313578,0.16355683,-0.14177084,0.05409739,0.011711974,-0.13656673,0.09600344,-0.20763187
0.026618129,-0.16135575,-0.1784888,0.042391017,-0.15687169,0.31382948,0.06394529,0.016827537,-0.033618584,0.22123297,0.0192759,0.16482386,-0.22184083,-0.023031453,0.13504124,-0.2353765,0.13834795,-0.19885822
-0.14590573,-0.25057995,-0.24112415,0.018860985,-0.27306753,-0.08888939,-0.18517235,0.112577826,0.017490998,0.17349517,-0.14142369,0.061769452,-0.19360974,-0.06527473,-0.096481666,-0.3946807,-0.117943056,-0.22870389
-0.050938483,-0.021175291,-0.09196495,0.44615835,-0.094764024,0.073115475,0.30937174,0.26669762,0.21346314,0.063839346,-0.076999456,0.014743521,0.43655083,-0.15397091,0.11672379,0.13368043,0.09202551,-0.00033609092
0.16671664,0.2989547,0.1761951,0.058411572,0.17232569,0.30785152,0.19974913,0.29995832,0.086608775,0.057935536,0.079989746,0.16045232,-0.12208562,0.122730605,0.10910668,0.16653545,0.2152709,0.02393532
0.47663432,0.292504,0.24146664,0.11803299,0.22717336,0.26617765,0.052557625,0.22861138,0.17173633,0.05068307,-0.04624428,0.09409311,0.036312103,0.046138417,-0.041963913,0.04626838,-0.034701545,-0.15802649
0.09448048,-0.22321132,-0.20724073,-0.061646692,-0.2028658,0.089937486,0.20462413,0.13096316,-0.046244048,0.08723343,0.08598715,-0.042299815,-0.14419444,0.011118769,0.35288915,0.03698562,0.28996432,0.031061111
-0.14685202,0.18845679,0.053636983,-0.027619842,0.08229557,0.2159157,0.2166589,0.19013128,0.07672014,0.086050615,0.07946794,0.17574818,-0.15991832,0.2730952,0.12907322,0.027617086,0.1637059,0.004303688
0.4331285,0.24399628,0.37958798,0.04927655,0.14250906,0.22805917,0.088761665,0.19356301,0.2633983,-0.020521414,-0.11181778,0.0386315,0.047541898,0.3636539,0.060089592,-0.033084843,-0.07206373,-0.1049738
0.47043735,0.40389028,0.29289898,0.030300127,0.35462984,0.25741726,0.29493505,0.486008,0.4277385,0.10977449,-0.051325038,0.19770117,0.4762118,0.030690312,0.27418327,0.17571144,0.18960546,0.16026163
0.12811339,0.15323912,-0.014407324,0.21082422,0.1528159,0.21356095,0.28065938,0.34247145,0.1779569,0.1640492,-0.122599274,0.24715254,0.07910622,-0.09998903,0.2013412,-0.013623994,0.38058168,-0.03521247
0.0060932823,-0.019753251,-0.27107504,-0.04203468,-0.044548765,0.10962777,0.16333893,0.2804268,0.08860997,0.21850997,0.08966206,0.15904799,-0.1545357,0.22697803,0.29327846,-0.15278533,0.26224357,0.054153055
-0.007664652,-0.056650173,-0.28856212,-0.11562861,-0.10552917,0.12084685,0.1079887,0.29296845,0.36019152,0.2109621,0.044401776,0.22348265,-0.19454595,0.10907739,0.40014058,-0.0036961408,0.38784385,-0.12939814
0.037890643,0.008078504,-0.100352235,-0.06960016,-0.07653805,0.3437698,0.032771487,0.14609435,0.10070531,0.24358645,-0.03700365,0.20804086,-0.33965504,0.26993033,0.07720544,-0.28761414,0.11268182,-0.19682221
0.43397427,0.33720598,-0.01737764,0.13132623,0.30633524,0.34643102,0.024610378,0.37935692,0.17687325,0.2602175,-0.06423253,0.24549007,-0.08073385,-0.01070649,0.14643323,-0.1190391,0.21318005,-0.15526785
0.08593579,0.264573,-0.05491153,0.07480251,0.18881905,0.12368387,0.08985394,0.31334782,0.3382772,0.13069423,-0.036987543,0.2766228,-0.08369967,0.045898322,0.25462827,0.07890646,0.35248306,-0.12988195
-0.023619378,0.3078729,0.043239966,0.08904484,0.19918607,0.3481672,0.22184195,0.40646726,0.23586802,0.09433466,-0.05894471,0.2122603,0.06984953,0.15990295,0.15340675,-0.12723298,0.15812103,-0.119713016
-0.07774399,0.1719206,-0.15635337,-0.008025969,0.05678682,0.255911,0.24706721,0.38491467,0.23259743,0.23596692,0.034407377,0.2670158,-0.19683689,0.2515949,0.24462844,-0.11132464,0.34008676,-0.04571496
0.2832425,0.2537185,0.08214456,-0.06728702,0.29069096,0.3108014,0.07949894,0.3365427,0.15285091,0.25549906,-0.13850324,0.17035763,-0.06958988,0.033566285,0.12390986,-0.23247632,0.15685113,-0.08129706
-0.033397198,0.023999874,-0.32663134,-0.1341871,-0.07385928,0.3179421,-0.021917174,0.20900753,0.15446602,0.29553017,0.0054416903,0.42429686,-0.23695244,-0.00043043343,0.16618697,-0.20625769,0.31036997,-0.2138253
0.2677845,0.2227923,0.1638361,0.40100247,0.20422737,0.04478334,0.37016848,0.03505711,0.32879207,-0.15663643,0.017689327,-0.1792396,0.3963999,0.17695427,0.10502597,0.25915846,0.0030375507,0.14726427
0.008364077,0.30391163,-0.07665431,-0.03493297,0.300442,0.32450834,0.3641676,0.5451498,0.12223692,0.24681638,-0.0682432,0.17440847,0.05401109,-0.106601,0.25867265,-0.009321951,0.38116658,0.04407667
-0.05458116,0.24361353,-0.093149945,0.017021298,0.09626292,0.325369,0.20088814,0.46000278,0.1795922,0.20672706,-0.05342809,0.29298133,0.030541053,-0.08766608,0.272411,-0.029023807,0.38663492,-0.016927283
0.21296525,0.31042442,-0.020367485,-0.054338273,0.17274417,0.32073802,0.03267202,0.35253814,0.26662725,0.27652556,-0.1192052,0.26996645,-0.11995876,0.1365062,0.16136654,-0.17025666,0.19697642,-0.12950602
0.25622264,0.21203698,0.5240631,0.22215253,0.12387182,0.16077909,0.30561924,0.20452662,0.27760363,-0.06021755,0.00975264,0.13404271,0.1540847,0.3299658,0.33170432,0.064244896,0.17718905,0.20855989
0.45311376,-0.16289744,-0.018319163,0.15959327,-0.14807507,-0.039101534,0.17466167,0.1196681,0.16216052,0.070901,0.12860645,0.021143546,0.077565245,-0.03556283,0.10170393,0.28951633,0.034169752,0.021608585
-0.08846558,0.32691616,-0.051791497,0.03628586,0.20601527,0.31761885,0.07693703,0.15605286,0.15921181,0.19722651,-0.041181028,0.14396115,-0.3049326,0.16342907,0.18623959,-0.05474502,0.15447943,-0.2574536
0.2828652,-0.06729814,-0.19066416,0.12001446,-0.16401087,0.029300895,-0.015094541,0.11570233,0.20004964,0.13228005,-0.038035564,0.21978243,-0.11972579,0.0017019318,0.0988361,-0.094380096,0.18901691,-0.20543018
0.077480435,0.40874094,-0.026450515,-0.09670795,0.304412,0.38138375,0.031831916,0.41029572,0.36112398,0.15946579,-0.18457855,0.3085095,-0.0616252,-0.00715284,0.12601875,-0.19615893,0.27205,-0.2256116
0.10509946,0.26800716,-0.11677792,0.050670948,0.16064516,0.22693951,0.20426469,0.39088598,0.1619848,0.22903793,0.027428392,0.36430633,-0.07601529,0.01108392,0.17238341,-0.09506584,0.28395295,-0.089901164
0.55600077,-0.19118667,-0.15738927,0.11835461,-0.10716874,0.007667525,-0.07650482,-0.17211841,-0.12652525,0.14875484,0.015832804,0.03853955,-0.18722321,-0.17811508,-0.0533314,-0.06062137,-0.032953158,-0.20505403
-0.0646106,-0.23373775,-0.2636091,0.07595704,-0.2743346,0.022261797,0.032286543,0.06537752,0.11354094,0.1948788,0.1475385,0.34352145,-0.32838553,0.023684356,0.32895064,-0.046206214,0.39738637,-0.07699759
-0.026887942,-0.30147183,-0.10118486,0.14561008,-0.2454398,0.0734576,0.13628902,-0.14162287,-0.14136636,0.015772443,0.24061768,0.06476647,-0.1085814,-0.12362367,-0.028040553,0.28006876,0.07558086,0.032070693
0.22943719,0.16304812,0.0844654,0.36210588,0.09975664,-0.004717132,0.34640402,0.17399774,0.1471653,-0.059934873,-0.015895693,-0.036697745,0.50528276,-0.10294483,0.14559752,0.09028953,0.131102,0.25309747
0.019591039,-0.37156487,-0.030192323,0.069025226,-0.31994754,-0.06536293,0.08661798,-0.35012275,-0.18303943,-0.08651205,0.4913784,-0.109677844,-0.105104394,0.018220922,-0.11290185,0.14270566,-0.11050798,0.35831392
0.052242715,0.036967482,-0.009196576,0.11947997,0.033864453,0.2765462,0.32154608,0.16134194,0.031085595,0.08052669,0.2618813,0.16233926,-0.18031669,0.0379891,0.32014418,0.17659771,0.46494097,0.22707552
-0.004254105,0.24987862,-0.08357173,-0.08995645,0.24019592,0.31366715,0.26413316,0.39560413,0.13881207,0.19524436,0.10784726,0.15960464,-0.20487997,0.023426367,0.4464659,0.067383215,0.46487075,0.09431805
0.21983816,0.28163913,0.18276156,-0.07292116,0.35089204,0.25782886,0.19341186,0.34929833,0.24741562,0.14926966,0.06428835,0.15167567,0.073631495,0.15800643,0.15316604,-0.11750791,0.18058936,0.22031726
0.045508724,0.35877773,0.12347739,0.101544276,0.2928085,0.43648258,0.32257104,0.47745663,0.14656259,0.23519142,-0.13943909,0.28528956,0.03688163,0.041249443,0.31150258,-0.121621944,0.3870803,0.04153187
0.1392357,0.23109625,0.08454634,0.24435212,0.21056692,0.16725962,0.1016089,0.27267995,0.1988844,0.23888886,-0.12441127,0.25238493,-0.15970764,0.10970558,0.19305468,-0.25091812,0.20518486,-0.15932599
-0.19804768,0.23002264,-0.03624277,-0.15040052,0.12242517,0.3931263,-0.011308033,0.30457115,0.23449649,0.21605138,0.04759409,0.44997594,-0.26798794,0.16622029,0.06305144,-0.24413112,0.21094248,-0.19356552
0.012354488,-0.23226562,-0.13034174,-0.110655375,-0.2527272,-0.13925725,-0.2720425,-0.11792246,-0.11200414,0.14227262,-0.07336808,0.098908596,-0.20239799,-0.24587506,-0.14973067,-0.21744429,-0.20792414,-0.306628
0.4960498,-0.084305815,0.104786485,0.12768272,-0.08412925,-0.11981177,0.086039364,0.021154538,0.2563922,-0.121753335,0.03182301,-0.11990706,0.36724284,-0.12383658,0.039133277,0.26714158,-0.09020852,0.08458455
0.028683044,0.25654444,-0.050456442,0.10665901,0.17907146,0.15567394,0.3478608,0.432645,0.10098266,0.14624059,-0.07502059,0.22112767,0.042405542,-0.11907386,0.32401857,0.1602812,0.460514,0.027927669
0.2579588,0.43112174,0.30551192,0.26467115,0.43723014,0.23012193,0.33461562,0.490575,0.31342253,0.0955202,-0.065552175,0.19422765,0.27683136,0.030010084,0.3053761,0.2411311,0.35380092,0.16903153
-0.061722822,0.15971392,-0.047195803,-0.001823018,0.12619011,0.268107,0.25341454,0.4205651,0.06476618,0.27824673,-0.06756628,0.31686798,-0.14910083,-0.019052686,0.15412983,-0.12684214,0.3552008,-0.028763352
-0.07049706,0.27824348,-0.039917987,0.03493634,0.17318483,0.3104601,0.25735086,0.51592237,0.10290906,0.23450857,-0.12743235,0.18272258,0.06813997,-0.057886865,0.28945675,-0.054999445,0.34221026,0.018781502
0.034738258,0.10387023,0.2370828,-0.03593713,0.10853062,0.2298495,0.35551542,0.0052619055,-0.09018757,-0.14158668,0.27786285,-0.14098091,0.06670137,0.07301924,0.055017583,0.292851,0.059742738,0.2851507
0.06841225,0.31569907,0.13581303,-0.12285478,0.3255829,0.3428392,0.22907713,0.22341211,0.0051558134,0.05324598,0.30809706,0.18499388,-0.20409742,0.09601181,0.20721939,0.12600958,0.41190997,0.41117236
0.08396686,0.48065212,0.40783364,0.0759202,0.46878943,0.31933156,0.20262474,0.35494587,0.42189375,0.13581307,-0.033377293,0.24366663,-0.0762288,0.53387296,0.31080016,-0.042430945,0.16969238,0.08152002
-0.07392944,0.37813023,-0.08780517,-0.04082944,0.26837763,0.4029873,0.06982604,0.28284246,0.18343556,0.11824704,-0.06269564,0.1869938,-0.111802086,-0.026958449,0.18793893,-0.02669143,0.28203562,-0.19535106
0.5124844,-0.0042339475,0.2227761,0.27739635,-0.02812447,0.021232573,0.18328078,0.075358324,0.25099406,-0.11255972,-0.047893316,-0.022700004,0.2289918,-0.06791779,0.10092186,0.27993396,0.0589057,-0.02430517
0.06060658,0.27266654,-0.0034167361,-0.1726605,0.26657137,0.2758865,0.38698977,0.31012145,0.03983006,0.0436629,0.15155962,0.06633038,-0.027481772,0.034907777,0.30567905,0.14782171,0.41671616,0.21959682
-0.0407783,0.39227945,0.1671167,-0.0007106876,0.27959615,0.3495287,0.21311983,0.43546617,0.19788766,0.14190926,-0.111859165,0.28436583,-0.13334453,0.10844037,0.32783893,-0.109338954,0.4590925,0.11124541
0.23635545,0.43995252,0.4424144,0.23124042,0.37906575,0.13657269,0.39732894,0.3720553,0.4094415,-0.07445582,-0.01667917,-0.036035642,0.61115,0.14613923,0.24736282,0.3453615,0.08159858,0.37061316
0.02585199,0.35669988,-0.05233607,-0.12720524,0.26593673,0.33578843,0.15912485,0.53897864,0.20530511,0.25574306,-0.1227684,0.40215278,-0.011231984,-0.027980497,0.2038915,-0.14871423,0.3403492,-0.08052563
0.050591905,0.32937902,-0.08563118,0.19385563,0.23295936,0.18742572,0.25042748,0.23361754,0.18687744,0.065546416,-0.11441504,0.04220335,0.27069747,-0.084709905,0.09621997,0.08448504,0.16345586,-0.059414357
0.40731016,-0.1074927,-0.23681167,0.09533501,-0.10355243,-0.06744313,-0.04845068,0.12424938,0.072127685,0.087010816,0.079110816,0.0843016,-0.07583467,-0.17687705,0.06817776,0.06553927,0.124460965,-0.13837884
0.022087906,-0.213586,-0.053889263,0.007808683,-0.18691728,-0.010696889,0.29476085,0.03611025,0.1357175,0.04851108,0.23043144,0.008535063,-0.13683477,0.2984665,0.35994887,0.22919846,0.21820587,0.16961516
0.032749895,0.20876452,-0.22579445,-0.07026591,0.15503174,0.31793162,-0.01591884,0.45209885,0.25856507,0.19638279,-0.09937054,0.2407843,-0.1241228,-0.14892428,0.13244012,-0.16557185,0.3196467,-0.22643706
0.0422863,0.07861728,-0.3075503,0.04757127,0.0090858,0.17308325,-0.092812546,0.21524267,0.09032564,0.28328687,-0.092508934,0.22032452,-0.26986277,0.023907179,0.08559758,-0.31357545,0.1379133,-0.2994424
0.27154183,0.30702502,0.082631715,0.05795912,0.24283928,0.09509465,0.28877124,0.19719723,0.16767077,-0.07949091,0.08679883,-0.07040196,0.33828774,-0.05481817,0.22442634,0.28332475,0.22575748,0.3031278
0.03595657,0.29980043,-0.1131033,0.19138275,0.19754699,0.16068475,0.20267911,0.22292577,0.18834962,0.03422464,-0.11592854,0.026422447,0.26461127,-0.09982281,0.049330216,0.047995877,0.121418595,-0.09474675
-0.00050060905,0.20839632,0.12700933,-0.0390639,0.23181105,0.2780686,0.39021996,0.24739006,-0.011291243,0.14090791,0.19425379,0.12571292,-0.037536126,0.16140684,0.26772836,0.04285014,0.3422771,0.44967574
0.013773296,0.21365556,-0.106248364,-0.08321696,0.15769948,0.2570641,-0.01968717,0.15630078,0.18396883,0.10745601,0.22354007,0.23591954,-0.22927839,0.041546643,0.1275749,0.048481103,0.21210317,-0.068575986
-0.038898617,-0.32908437,-0.2067759,-0.03375212,-0.2232493,-0.02601329,-0.10352193,-0.28202686,-0.15491103,0.11283749,0.09522616,0.049412854,-0.33221772,0.040173836,-0.06987342,-0.29542214,-0.13277522,-0.20605786
0.13116755,0.07498905,-0.23085994,-0.085631855,0.12647855,0.1509766,-0.12744159,0.13248871,0.21220021,0.1813386,-0.07590853,0.1946557,-0.16028251,-0.06925009,-0.012895088,-0.2157172,0.08948888,-0.2806918
0.16139302,0.07430242,0.106684454,0.25008076,0.05846964,0.27325726,0.104137026,0.18298826,0.35263804,0.024147693,-0.05267573,0.1966435,0.15379307,-0.083174825,0.08775416,0.011056148,0.19389272,-0.14285928
-0.019314831,-0.025920428,-0.013989877,0.0865828,0.0025998272,0.21969801,0.40866134,0.15826544,-0.0067172735,0.07518164,0.18639289,0.056614317,-0.16625077,0.09289706,0.31008938,0.23918805,0.44291246,0.24096349
0.34778285,0.3699134,0.2644298,-0.05502336,0.3599666,0.28248754,0.3031809,0.38336775,0.25317675,0.071080334,0.13050024,0.20711845,0.049426112,0.18946876,0.37186465,0.06634747,0.41941902,0.311389
0.11647279,0.11452282,0.17193373,0.071078666,0.056911275,0.13260654,-0.0076003997,-0.048595328,0.056022383,-0.08919783,0.36119965,0.005664603,0.052383505,-0.040305354,-0.031269442,0.34169316,-0.05407742,0.23273343
-0.011515783,0.21127377,-0.007767681,0.18656287,0.10792413,0.2710873,0.11300232,0.35085717,0.27404568,0.10973121,-0.10879108,0.39181486,0.07334329,-0.008650565,0.18598114,-0.020313457,0.3873671,-0.10093502
0.10972896,0.18796195,-0.0804085,0.15420493,0.208238,0.20808746,-0.15084933,0.045341656,0.0025745127,0.111619644,-0.12144561,0.11821263,-0.19548701,-0.055738863,-0.12488613,-0.2673975,0.00511139,-0.26408064
0.0080841165,0.28794068,-0.08531881,-0.10879886,0.17044555,0.34853193,0.11371392,0.4497376,0.11428766,0.23855394,-0.03840081,0.2762412,-0.13404715,0.105837926,0.18662795,-0.24108532,0.302775,0.028562559
0.28471732,0.006219054,-0.032614026,0.33303273,-0.031996902,0.023358693,0.091169156,0.07375775,0.37552422,-0.008941901,0.0011447764,0.06300468,0.37038845,-0.0142544275,0.03545656,0.1644395,-0.027971165,-0.058779843
0.15038125,-0.13491526,0.013993025,0.29817727,-0.14687777,-0.14599031,0.18418871,-0.033347648,0.3400116,-0.06406469,0.064789094,-0.10978731,0.49075606,-0.067562215,0.10294645,0.22749132,-0.13711718,0.078302234
-0.008402217,0.21278101,-0.094062395,-0.14631774,0.19041109,0.3665481,0.17120756,0.31549346,0.13612483,0.2387813,0.0060413433,0.28497997,-0.16720527,0.048434436,0.21485956,-0.23029831,0.32299814,-0.065056495
0.06121758,0.19330531,-0.037617654,0.051312815,0.08845056,0.13085718,0.0016885577,0.17651455,0.43487915,0.12137278,0.056945883,0.15109222,-0.0626335,0.115896076,0.29731205,0.13654374,0.217777,-0.049055073
0.02807204,0.17926185,-0.05606022,0.26238886,0.13006558,0.3111228,-0.05283227,0.13794589,0.24225003,0.124229185,-0.06347482,0.19263099,0.08449612,-0.05580634,0.09655482,-0.08838651,0.09722062,-0.21541193
-0.084884375,-0.117311075,-0.31769532,-0.0988151,-0.16981578,0.2708575,-0.13071296,0.25387844,0.20639178,0.23459259,-0.07778185,0.41877073,-0.19934502,-0.270822,0.121528216,-0.16225046,0.27105737,-0.3917972
0.39274752,0.0047824057,-0.18916038,0.19703433,-0.047479797,0.1600814,0.00018974324,0.060568,0.18826078,0.17280084,0.020133112,0.24654368,-0.20166093,0.051612068,0.08741788,-0.11559075,0.2006509,-0.21460079
0.057869382,0.36700308,0.15973605,0.12883668,0.2600799,0.44343787,0.23981375,0.28312492,0.22367916,0.09016848,0.089149304,0.22938775,-0.09025473,0.08273233,0.39205608,0.35202232,0.4470424,0.05751308
0.06658332,0.18041785,0.17241052,0.25092563,0.093191326,0.044304624,0.29668054,0.036540747,0.15538198,-0.18857342,-0.004864934,-0.14942798,0.36052608,0.13263291,0.10494534,0.16565597,-0.03263618,0.117086105
-0.11593075,0.24314886,-0.18685654,-0.084362924,0.12081147,0.30196854,0.09199605,0.29689,0.13543274,0.15268412,0.09648594,0.30240732,-0.17920835,0.022784472,0.17984866,0.04955715,0.34949833,-0.0501203
0.12426158,0.37764692,0.037543856,0.16471739,0.25817996,0.14337964,0.2574167,0.41471216,0.2713288,0.038245633,-0.19465831,0.040661983,0.4462839,-0.086319864,0.14195737,0.10299701,0.15272506,-0.0027830068
0.3297339,0.19934472,0.09374897,0.36166885,0.13419703,0.022115871,0.25581807,0.089071065,0.28462127,-0.056869917,-0.010962679,-0.036975916,0.23393086,0.26445788,0.16048907,0.22552352,0.065626726,0.06154034
-0.095736876,0.13487338,-0.19538303,0.0690949,0.015392596,0.2754463,0.13579531,0.32739422,0.27954987,0.17920478,0.005513168,0.32615682,-0.15165515,0.023256632,0.3347956,0.018619822,0.45330745,-0.137017
0.1731184,0.16828582,0.18021074,0.014212834,0.22368802,0.25216764,0.35335082,0.28850716,0.0144785885,0.1556035,0.20674971,0.08861938,-0.07873375,0.13193339,0.16734684,0.13241068,0.3100329,0.42201647
-0.079857215,-0.058507394,-0.24133156,0.0069219377,-0.09515178,0.19957963,-0.09410209,-0.1478961,-0.03771407,0.21867241,-0.0026808574,0.23140775,-0.1957888,-0.13411722,-0.0018564481,-0.19384304,0.044079296,-0.21545014
-0.14666799,-0.2959071,-0.20145454,-0.07216113,-0.31429052,0.064238675,0.10145299,0.12620836,0.011851737,0.23949169,0.21672788,0.2558811,-0.14127725,-0.057068206,0.10322607,0.13224003,0.11549926,0.009916128
0.08832572,0.08532902,-0.09895258,-0.0018966584,0.05723326,0.14472087,0.35903957,0.1830136,0.14182687,0.052052032,0.1314743,0.12075823,0.13783218,0.11205793,0.35091385,0.083637804,0.3870943,0.27322116
-0.04138139,-0.079576515,-0.22974233,0.12759636,-0.09476983,0.04501017,0.28585178,0.22597153,0.031439595,0.11232021,-0.037516724,0.084204614,0.08200602,-0.068453744,0.1886752,0.0835815,0.250778,-0.024666583
0.36108926,0.20462556,-0.12734811,0.12770246,0.16113354,0.099883884,0.03299222,0.20978755,0.040830147,0.20941244,-0.011297817,0.013023701,-0.15870185,0.094238974,0.020067008,-0.045015745,0.007589582,-0.14961462
0.34711194,0.09499934,0.38244691,0.21059196,0.05750134,0.12011372,0.25435737,0.17245816,0.1893413,-0.10021131,-0.03222718,-0.030747754,0.4193854,0.18668884,0.07973081,0.0063702893,-0.051971324,0.16301255
0.038233973,0.15599649,-0.2996924,-0.17973992,0.10391058,0.30945238,0.1234042,0.2733489,0.030293105,0.23838633,0.06397196,0.15526798,-0.17607072,0.08118009,0.16608684,-0.06139424,0.23558782,-0.09373275
0.13255934,0.09710514,-0.1187308,0.28942198,0.035102148,0.09350738,0.22235814,0.0727413,0.2129703,-0.00016077003,-0.08107421,-0.043372516,0.24647224,0.0034369556,0.043129444,0.054787263,0.05074362,-0.101623
0.1628113,0.30336538,0.013627574,-0.032857034,0.32878557,0.37807706,0.24384026,0.2720141,0.16781728,0.07566112,0.14247838,0.1146627,0.023660975,0.018931653,0.25686857,0.42556357,0.3155031,0.02037725
0.07796172,0.3067773,-0.10223775,-0.053690486,0.19165203,0.3074685,-0.027985072,0.41644445,0.2819636,0.25091246,-0.10681365,0.4115632,-0.11260207,-0.09978355,0.19038169,-0.17146258,0.33047196,-0.21192482
0.14620078,0.27905175,-0.04416594,0.123849176,0.17767769,0.21353287,0.20689155,0.30572996,0.24291873,0.05673041,-0.10148546,0.019245101,0.30557585,-0.20595516,0.1268804,0.07143348,0.157824,-0.111837335
0.12807979,0.19195619,-0.19866656,-0.12847337,0.30493104,0.27627718,-0.08507051,0.0690405,0.118897535,0.07327394,0.34129062,0.14365825,-0.24256612,-0.037097875,0.042529143,-0.03056853,0.18694945,-0.020386204
0.5125552,0.47823793,0.4557989,0.13970685,0.4625435,0.23913422,0.2569779,0.2598213,0.49382025,-0.052628443,0.041204903,0.040732455,0.3958326,0.3287912,0.3410024,0.35652602,0.14083703,0.25393814
-0.06707733,0.07513906,-0.24195418,-0.0008727503,0.025750393,0.23777156,0.26293293,0.4491474,0.13305147,0.23833637,-0.009000391,0.26037177,-0.028878495,-0.15862274,0.29978976,-0.0032659462,0.4527562,0.0075850827
-0.012145887,0.16232736,-0.29352084,0.08253457,0.06802497,0.1791869,-0.15312861,0.21711893,0.21711071,0.2431101,0.06028051,0.48237792,-0.14453061,-0.11982933,0.12681988,-0.17566298,0.27839452,-0.21141951
-0.06559278,-0.23030882,-0.36264458,-0.030145835,-0.2789649,0.030797726,-0.08827332,0.14054778,0.04229357,0.2659914,-0.11622739,0.20724957,-0.29658052,-0.09566162,0.042044625,-0.33725137,0.11219036,-0.32090056
0.017084887,0.19467618,0.083559774,0.25339064,0.1307971,0.004098118,0.3304362,0.27408642,0.30357835,0.035391025,-0.11447622,0.0921043,0.34533376,-0.013099329,0.20938858,0.066453755,0.2076901,0.04981847
-0.03226495,0.1970259,-0.112876736,0.017052747,0.16312717,0.2757186,0.3207304,0.38812017,0.1459732,0.16857873,-0.032625914,0.07421621,0.033279236,-0.05806896,0.3202897,0.11068474,0.3196723,-0.03654906
0.04881137,0.3237222,0.06297492,0.13305248,0.17424671,0.32160854,-0.11289764,0.27038833,0.17119794,0.12621848,-0.12633713,0.32224852,-0.038489476,-0.078517236,0.06902774,-0.116247796,0.1746053,-0.17532304
0.12117866,-0.0018430968,-0.2380313,0.16788507,-0.0398661,0.08400228,0.22522874,0.12957832,0.21984875,0.057961486,-0.004369761,0.043117054,0.053009834,-0.04987543,0.21370175,0.15773974,0.23998377,-0.10337381
-0.002198161,0.11741107,-0.02453721,-0.071271494,0.108890094,0.042598628,-0.074615195,0.081465505,0.14056765,0.20309643,0.14775501,0.12392248,-0.07635246,0.34041384,-0.02222179,-0.123241834,-0.17777102,0.058300857
0.19865392,0.19790655,-0.081598885,0.0753558,0.2135114,0.27145994,-0.052754916,0.3258813,0.29425594,0.18561783,-0.06914324,0.21263315,-0.108533986,-0.079233475,0.25869575,-0.09624402,0.25013384,-0.2723288
-0.1057108,0.091726206,-0.2504818,0.037394803,-0.045262776,0.21815965,0.22285843,0.29344627,0.068659276,0.2013286,-0.019010758,0.21826266,-0.16386604,-0.0025411688,0.1606711,-0.040437836,0.31434,-0.123541735
-0.040750537,-0.15102874,-0.20140022,-0.034116678,-0.15878375,0.08022144,0.31476736,0.22583036,-0.019018944,0.10626326,0.04042451,0.052989654,-0.11002689,0.01579863,0.34238583,0.045070887,0.40518624,0.101231106
0.011368889,0.008940419,-0.026987487,0.34163898,-0.025961446,-0.04692025,0.21482572,-0.028446104,0.04933089,0.048519988,-0.111341424,-0.090017356,0.04093546,0.07659064,-0.035560388,-0.02105051,-0.050684616,-0.15633729
0.04752099,0.36955437,-0.0090897465,-0.055347897,0.3067944,0.3278019,0.29907337,0.5763943,0.15735365,0.20556301,-0.11595445,0.26351357,0.08578574,-0.17803821,0.32923564,-0.012310326,0.4624184,0.0070428504
0.028470036,0.014393955,0.3366101,0.30273244,-0.024709763,0.14470491,0.18519807,0.1362128,0.1333713,0.0536796,-0.05941125,0.0037445817,0.008043143,0.47716892,0.021243202,-0.10968899,-0.17933263,-0.027641118
0.34134325,0.31713712,0.10099582,-0.005243864,0.23535775,0.30639362,0.30462354,0.36212355,0.100429386,0.059578322,-0.07229079,0.024971003,0.06717587,-0.036938492,0.23068634,0.23492517,0.2768011,-0.03083691
0.10788527,0.3255572,0.08147242,-0.112729155,0.31454468,0.40476233,0.22954857,0.42131937,0.07916105,0.23760961,-0.06775041,0.205431,-0.06578163,0.08077839,0.26663736,-0.21149386,0.3126528,0.06372495
0.174097,-0.0750205,0.025166193,0.40225208,-0.08449545,-0.026838537,0.17510691,0.02567215,0.34648257,-0.009543719,0.16248238,0.045005523,0.5115791,-0.0755498,-0.02973943,0.17625722,-0.1361078,0.15973404
0.15986547,-0.22369708,0.098549545,0.33031726,-0.22461368,-0.19934805,0.30576527,-0.027845854,0.22414933,-0.06296439,0.066635385,-0.043902744,0.50350434,-0.12328938,0.09784229,0.23726134,-0.030165747,0.2592755
0.18679266,0.2588083,0.18030983,-0.041419953,0.37382862,0.27327082,0.2773619,0.12220144,0.07450807,-0.01299273,0.37175137,0.011892982,-0.020276612,0.16708532,0.19817355,0.22502182,0.30747896,0.509626
0.07766237,0.2993766,-0.110123836,-0.028708665,0.3227266,0.2781993,0.2570322,0.38227257,0.2113869,0.21155956,-0.019487357,0.23015058,-0.17546113,-0.10597165,0.41445634,0.07471848,0.513146,-0.066232145
0.3774594,0.4087523,0.23717007,-0.05653907,0.3498015,0.24865389,0.15916663,0.5198627,0.31206444,0.13843139,-0.116862446,0.2680455,0.1503784,0.06413137,0.26385385,-0.06573498,0.3336158,0.10815535
0.094716534,0.56253684,0.21076725,-0.06067254,0.49571264,0.38286516,0.2509648,0.60448956,0.34007996,0.21817875,-0.017435113,0.3606233,0.09359039,0.17723414,0.41066596,0.066421635,0.41514048,0.15869601
-0.15477188,0.056490473,-0.036069814,-0.008088991,0.04014367,0.20316647,0.15988012,0.14186767,0.036976747,0.08899674,0.21814792,0.024757735,-0.18689698,0.47140187,0.1400873,-0.15030628,0.08003253,0.18124846
-0.07394749,0.17449014,-0.20266157,-0.06855129,0.07657032,0.22459863,0.11624432,0.3367612,0.03669013,0.17534755,0.022761013,0.30252543,-0.14672767,-0.07831455,0.098443344,-0.051918358,0.3205176,-0.07467118
0.11182748,0.12434516,-0.10225127,0.1203441,0.07939236,0.10520537,0.040282987,0.16542915,0.042055327,0.1539491,-0.076177925,0.010526999,-0.060264684,0.10567284,-0.04156769,-0.12117873,-0.08397729,-0.22865589
0.11572975,0.31926864,-0.011526356,0.07534618,0.25177842,0.3265299,0.109751426,0.45085108,0.24203905,0.21567285,-0.119469576,0.3837146,-0.04552164,-0.01961743,0.15938829,-0.06829317,0.3967204,-0.07145749
0.04502492,0.35987473,0.20243059,0.33421847,0.2178581,0.28481117,0.19384067,0.26555282,0.3445931,-0.0150480885,-0.09178382,0.1496342,0.45178917,-0.03999285,0.17816137,0.10433209,0.1354252,0.01908808
0.17145054,0.29591325,0.08425298,0.39816743,0.26414588,0.12860496,0.20965767,0.16080984,0.26686,-0.016197298,-0.0746385,0.05871498,0.45928675,-0.110455975,0.074061304,0.07824512,0.07500707,0.022493575
0.07585957,0.09242815,-0.26372167,-0.15104832,0.063734375,0.24586292,0.15090455,0.42994413,0.098867595,0.19461359,-0.055328377,0.08848608,-0.14224525,-0.025182653,0.20719342,-0.0978247,0.38615322,0.021193113
0.30138436,0.41543585,0.39725342,-0.12352077,0.3636735,0.28883958,0.28051648,0.3173685,0.29008248,0.06112115,-0.03261254,0.12228283,-0.028669756,0.32752028,0.34162858,0.010277582,0.23491609,0.14337812
-0.05340223,-0.037847854,-0.3125808,-0.0052059814,-0.13660121,0.085785754,-0.2579274,0.13581814,0.12056415,0.18373369,-0.04330343,0.26027906,-0.21322794,-0.26558927,-0.016643532,-0.23107709,0.09465741,-0.34030706
0.39789465,0.1047454,0.35467818,0.16816008,0.076989345,-0.035502322,0.3552327,0.12173339,0.18397866,-0.21991259,-0.0032122736,-0.18966329,0.440631,0.18762353,0.16594517,0.1978233,0.035599057,0.32466868
0.080573805,0.115021765,0.21804954,0.26351973,0.07035849,0.24855694,0.1337651,0.17378038,0.28510013,0.070656285,-0.069335766,0.16915028,0.2483385,0.0127170365,-0.0015235452,-0.022057895,-0.009161316,-0.11495468
-0.10464433,-0.29379955,-0.1796865,-0.060163103,-0.260241,0.04654769,0.18281043,-0.15279756,0.013500287,0.0220967,0.29087338,0.04275755,-0.24199477,0.18321072,0.33859065,0.08213102,0.30495176,0.1733637
-0.11013978,0.22535013,-0.06353683,-0.08966028,0.14862783,0.26095638,0.24570757,0.50234276,0.09342734,0.27456942,-0.10627542,0.3391424,-0.03481826,0.0034790863,0.19591638,-0.15581138,0.32839286,0.01603959
0.044458415,-0.2627681,-0.11165445,0.10669447,-0.25117525,0.07144037,0.21162969,-0.006324357,0.17803356,0.04518457,0.2798227,0.12258893,-0.12501796,0.13557076,0.35671487,0.24555139,0.31317624,0.14011998
0.03649729,0.24076381,-0.108910635,0.18845785,0.1603546,0.15395308,0.2163395,0.13655604,0.23865195,-0.00086680986,-0.050200123,-0.015191312,0.3160903,0.039284598,0.06924992,0.011679998,0.08088205,-0.045910623
0.12130086,0.16959658,-0.012714485,0.30785722,0.036683626,0.26509133,0.044483423,0.118370034,0.22420307,0.096261635,-0.044060104,0.1572917,0.2194742,-0.030999709,0.0018274542,0.03997903,-0.0035743727,-0.18616542
-0.051591206,0.27933297,0.0036050046,-0.10862231,0.20533156,0.2941863,0.27770722,0.45795816,0.08383691,0.19205211,0.042671766,0.25288522,0.040946808,0.0571287,0.15444107,0.07840524,0.2505165,0.10913056
-0.065754116,-0.07364331,-0.16326624,0.053507704,-0.07237294,0.113782585,0.3707783,0.27709365,0.04471946,0.10773729,0.05472411,0.075740084,-0.10871835,0.06400906,0.36555177,0.09649191,0.4381038,0.10253538
0.3834017,0.14329983,0.3938487,0.20559396,0.07708502,0.009334338,0.24413864,0.11589702,0.294676,-0.1849632,-0.052871656,-0.075048834,0.39995372,0.1670042,0.1399445,0.12526491,0.0066697644,0.15351528
0.085730106,-0.14389162,-0.118837826,0.20277818,-0.15278117,-0.072261564,0.29139733,0.053442385,0.09214881,-0.062266055,0.017361652,-0.0039369063,0.12968071,-0.051794544,0.25659975,0.2749908,0.293904,0.090482116
-0.015463259,-0.20894165,-0.25968364,-0.14911138,-0.17909792,0.015303458,0.15733507,0.20840485,0.03084117,0.1992557,0.27826288,0.23287222,-0.13000527,-0.03714802,0.1990122,0.026440447,0.28553176,0.17675816
0.024232233,-0.11144733,0.1128431,0.12476472,-0.07648061,0.0935144,-0.04791211,-0.025635602,0.046520848,0.20487471,0.039988946,0.2662883,-0.34265244,0.1662139,0.015936017,-0.24965836,0.0013644401,-0.110609345
0.09268488,0.21861894,-0.17840464,0.090488225,0.121388756,0.3885409,0.10389344,0.17289835,0.21665627,0.20397191,0.029658705,0.31618854,-0.21102314,0.019626996,0.2737771,0.05108676,0.39224705,-0.21266799
0.090050675,0.2654541,-0.12974551,-0.18817076,0.24095502,0.35588053,0.27544275,0.4317623,0.30524057,0.23134275,0.0408001,0.28572366,-0.109584555,0.09502106,0.41317433,0.02606184,0.49952418,-0.0418772
-0.024070635,0.35807714,-0.085025325,-0.10215561,0.2359173,0.3222662,0.35413915,0.52914315,0.20347421,0.2845657,-0.073985346,0.33294472,-0.025547469,0.059495293,0.3258107,-0.026963182,0.4248008,-0.00041267753
0.12549958,0.42871904,0.09085593,0.026421936,0.37912753,0.40284124,0.29669753,0.49222857,0.33505452,0.21249858,-0.12033268,0.17756145,-0.08584467,0.20312607,0.39476544,0.02537641,0.3749431,-0.07893422
0.07758956,0.40447462,0.07380719,-0.010795775,0.3074362,0.3519585,0.12340769,0.508243,0.25760472,0.20233344,-0.16953921,0.26407877,-0.037549965,-0.045089804,0.26743913,-0.19007787,0.3239796,-0.122992635
0.31955045,0.07165662,-0.21660295,0.24635798,-0.00016458938,0.17367555,-0.14539815,0.13465488,0.08443851,0.1736014,-0.13792749,0.15543942,-0.08202372,-0.21030666,-0.04235388,-0.12850712,0.076735266,-0.32478085
0.030816259,0.37770942,0.0023644452,-0.047001928,0.2839777,0.38603756,0.19067213,0.45494482,0.14531112,0.24240339,-0.09985627,0.2781857,-0.16271143,0.046014193,0.30618402,-0.23056787,0.40099004,-0.035145815
0.019455232,0.13381734,-0.12733565,-0.19576319,0.15355372,0.1874944,0.22836307,0.35931483,0.020041458,0.24186535,-0.04813544,0.13662684,-0.20600653,0.13619116,0.23608412,-0.2118547,0.2816144,-0.08217756
0.26330876,0.100756705,0.24861047,0.36344177,0.134111,0.07084107,0.2025469,0.24396153,0.23742074,-0.026958099,0.052071344,0.11960061,0.5341484,-0.15565577,0.018808892,0.1375543,0.08629046,0.26497224
0.29111058,0.37730587,0.20868675,0.06446941,0.30131188,0.29120097,-0.0829242,0.20442574,0.34844905,0.05317781,-0.047480807,0.19931138,-0.048989087,0.15459892,0.11015749,-0.047681242,0.09694701,-0.101681106
0.10867321,0.0072109257,0.033758014,0.31596604,-0.002854852,0.16269067,0.27582106,0.04002025,0.051758148,-0.10866317,0.20264825,0.021358103,0.056472532,0.015383962,0.17046423,0.33991608,0.2930685,0.23848584
0.1964581,0.27126065,0.17457747,0.007928429,0.29761523,0.22472754,0.31677502,0.32343096,0.04640752,0.12141431,0.20332779,0.18304878,-0.07237376,0.05539439,0.26571128,0.06499151,0.36157173,0.36474502
0.26749837,0.25933215,0.14315875,-0.016597189,0.21889791,0.31919658,0.18999803,0.46536288,0.23222022,0.2364427,-0.14209062,0.23146234,-0.104471475,0.07462122,0.22382803,-0.08404666,0.3539149,-0.09062461
0.07658034,0.3977032,-0.024848051,-0.045188695,0.3712587,0.39310595,0.24182817,0.21076846,0.075104,0.17925519,0.14696671,0.25722688,-0.1750201,0.17243731,0.291814,0.16034788,0.37992564,0.06847909
0.105202496,0.2881099,0.0021150485,0.13129817,0.16299726,0.06853872,0.2960194,0.2691184,0.24482739,0.0062113907,-0.045902736,0.050114963,0.32135603,0.056402646,0.17008448,0.12952574,0.20100063,0.12134191
0.17868075,0.295114,-0.08125626,0.059811223,0.26975957,0.29079658,0.15302804,0.33027092,0.24720842,0.16163075,-0.048213556,0.2561165,0.12216412,-0.096134596,0.20751527,-0.030333223,0.3334789,-0.07545232
0.17564894,0.3880124,0.05524586,-0.04352241,0.3530996,0.29324514,0.37276316,0.3034024,0.13768694,0.06101264,0.04788605,0.05836774,0.13609102,0.05520593,0.30915245,0.22788718,0.37094897,0.24313079
-0.028847951,0.39844698,0.2943852,-0.033867214,0.31694078,0.3517212,0.13737933,0.29306033,0.5166764,0.18730539,-0.0069134473,0.34609035,-0.12348851,0.463206,0.4336956,-0.04819217,0.3009765,0.02045341
-0.058795463,0.18679725,0.18509601,0.07690125,0.11436497,0.26808035,0.29747945,0.39111003,0.08087856,0.16358446,-0.020135706,0.23320906,0.036116228,0.29806623,0.22904958,-0.15528712,0.17830098,0.14855698
-0.07818295,0.33126947,0.032721795,0.09928475,0.17715256,0.40610608,0.012358042,0.21940595,0.33016935,0.15722758,-0.063877046,0.33836448,-0.12800013,0.07854795,0.2597012,-0.079408646,0.27935705,-0.19420838
0.19917174,0.013526255,-0.14578606,-0.12694499,0.02676466,0.20140925,-0.054463264,-0.022461623,-0.011300323,0.21924675,-0.09179831,0.035872385,-0.2894027,0.095151775,-0.04883458,-0.21458182,-0.04496843,-0.29569897
-0.038990818,0.34364462,0.08353762,0.06355722,0.24623284,0.2223867,0.15950766,0.45576558,0.20154627,0.08326856,-0.1492584,0.26186532,0.04862218,-0.03190215,0.22040896,-0.07450192,0.34813565,-0.034221377
-0.047355853,-0.32178596,-0.27335256,-0.07029301,-0.24212767,0.027078371,0.022031076,-0.17108004,-0.20166554,0.13236289,-0.01935116,-0.013586457,-0.14861879,-0.1591048,0.059878677,-0.17526282,-0.017174985,-0.12509985
0.17267227,0.25696748,0.19803342,0.17654468,0.21755628,0.12572648,0.43059605,0.3224202,0.26669753,-0.012129417,-0.09748289,0.014524543,0.3122415,0.053032573,0.28780273,0.15764496,0.2882643,0.1794498
0.45587203,-0.15844639,0.0789446,0.12208896,-0.12184274,-0.10719488,0.27217028,-0.1558302,0.02518535,-0.16683894,0.18753311,-0.27782667,0.31038392,-0.073222995,0.095946305,0.41612163,-0.0663129,0.2851009
0.21926592,0.23320228,0.19058092,0.066453494,0.2071955,0.1786817,0.3000419,0.119981684,0.062355623,-0.035618566,-0.004930672,-0.07996087,0.026322009,0.056111354,0.12009771,0.2919428,0.13159437,0.05770541
0.13245009,0.37890303,-0.038354248,0.10956666,0.27391133,0.3085372,0.05791619,0.20282356,0.2017208,0.118716404,-0.06024125,0.13751261,-0.053361095,0.080786824,0.12955654,-0.031972483,0.16405217,-0.15909232
0.010247478,0.21640731,0.09749635,0.17967446,0.11155618,0.16152775,0.35922655,0.24080338,-0.01807493,0.1259268,0.007317763,0.14026155,-0.09156743,0.0056780763,0.14113873,0.14248098,0.27181056,0.09108128
-0.0071869805,-0.27790928,-0.3042414,-0.01700235,-0.17862223,-0.10410385,-0.04993078,-0.10657422,-0.16864581,0.13495457,0.36775133,0.042281907,-0.3184441,-0.18095982,0.12057983,-0.03803575,0.120103195,0.073914126
0.3030381,-0.017625518,-0.1330032,0.4340527,-0.08059307,-0.043769594,0.024585713,-0.035754334,0.23674016,-0.06508588,-0.05175074,-0.032857176,0.35504824,-0.16684557,-0.017709292,0.08677023,-0.041648403,-0.11016182
-0.15840879,0.0011407286,-0.31611302,-0.0012136204,-0.032300644,0.20147981,-0.32445744,-0.104960985,0.09597183,0.14958924,-0.013012005,0.09275779,-0.3051101,-0.11526305,-0.06103321,-0.15991008,-0.036213372,-0.35965276
-0.0005991899,0.19979864,-0.14508909,-0.17295045,0.19918254,0.16690423,0.17758909,0.40208215,0.31020972,0.2801594,0.04401211,0.26878047,-0.17536527,0.26722187,0.24208675,-0.24723925,0.3129207,0.03370081
-0.16547814,-0.086527966,-0.14188586,0.0027403398,-0.13865554,0.0134990215,-0.15760444,0.06528953,-0.00442336,0.31935868,-0.018374309,0.4489001,-0.18388568,-0.10546835,-0.072290495,-0.24118605,0.043395337,-0.13813119
-0.049371853,-0.017889552,-0.2502939,0.098103695,-0.0816526,0.1866598,0.05799269,0.25042194,0.18405977,0.1835148,-0.02873732,0.2667034,-0.20823209,0.08882438,0.07235995,-0.14054099,0.2509591,-0.17328216
0.20885888,-0.1881427,-0.108287014,0.07901674,-0.18104535,0.058945294,0.3362973,0.058898013,-0.038881656,0.027433123,0.15387246,-0.086013846,-0.02357067,0.07659666,0.2240192,0.19723433,0.2553814,0.27915215
0.26132265,0.05212043,0.22635902,0.28963873,0.008098199,-0.02001937,0.3019247,0.18430811,0.17264433,-0.12661833,0.024020439,-0.024988845,0.347312,-0.10773446,0.29077086,0.3744308,0.22165428,0.23380487
0.03585495,0.23657648,-0.0524815,-0.122178145,0.23591076,0.37768573,0.17852977,0.26743138,0.013243452,0.24905436,-0.0646693,0.15032898,-0.1510001,0.0645748,0.120621264,-0.2608871,0.15688573,-0.12646234
0.097364694,0.2715739,-0.10111376,0.20674707,0.20092653,0.3027578,0.23115061,0.1500907,0.033796202,0.14919274,-0.0069558388,0.10527623,-0.0731336,-0.058727175,0.12729122,0.21127316,0.22753549,-0.14659823
0.11770886,0.38601705,0.23149018,-0.02347652,0.36966723,0.3199673,0.23217683,0.46588197,0.35174686,0.19020493,-0.020164097,0.13222824,-0.124019854,0.40663365,0.3264114,0.103655964,0.2478465,0.029217867
-0.18931259,-0.10397405,-0.270274,-0.05437106,-0.18759577,0.109186925,-0.26522526,-0.24942675,-0.023394141,-0.0074106744,-0.12564202,-0.0014873146,-0.19101252,-0.06080617,-0.1835951,-0.25957504,-0.1755346,-0.30269915
0.37933978,0.15820403,0.42593017,0.27148592,0.13287069,-0.026812274,0.31503484,0.16468048,0.27692068,-0.14129595,-0.03097659,-0.08280882,0.45742238,0.26287904,0.1576074,0.10387227,-0.028395742,0.26507163
0.07969328,0.17435315,-0.13085625,-0.025098844,0.12353974,0.2392973,0.27858672,0.4632284,0.16486852,0.19401787,-0.14231077,0.0887492,0.19376333,-0.043502554,0.1201746,0.045425337,0.19168939,-0.09472481
-0.005462311,0.32956317,-0.015697654,-0.057858378,0.20271835,0.4100075,0.1678455,0.4250017,0.32266015,0.16253062,-0.041131083,0.36744407,-0.11561405,0.07667279,0.37515596,0.060529795,0.49740025,-0.104471646
0.073998176,0.43804765,0.3577649,-0.0007173192,0.38240206,0.3063958,0.31234533,0.4757713,0.23621567,0.15001209,-0.04559316,0.33235514,-0.066663675,0.2145415,0.3430232,-0.0558863,0.43831584,0.25840193
-0.04189819,0.3050012,-0.053979672,-0.17731471,0.18496197,0.3596812,-0.07868068,0.36530477,0.18220475,0.2631375,-0.08401052,0.38199106,-0.15845641,-0.08421816,0.15986139,-0.13935351,0.2462977,-0.22515886
0.20341633,0.24778144,0.114062324,0.1335696,0.20025179,0.19570635,0.31268826,0.35547796,0.18646339,0.13575701,-0.15305208,0.13607909,-0.013728667,-0.015633184,0.28857076,0.03846307,0.36425966,-0.06825522
0.38895273,-0.14615974,-0.032576624,0.2994526,-0.17356457,-0.07255767,0.1911391,0.0102220895,0.16709028,-0.067094736,0.049102724,-0.032327693,0.42756528,-0.12774509,0.100829944,0.1748435,-0.024195092,0.06668194
0.17185992,0.3522551,0.09221715,0.075715356,0.28263184,0.44092098,0.14058153,0.2281431,0.2771168,0.1446153,-0.046978537,0.19475128,-0.18873952,0.15949175,0.24976125,-0.05783826,0.2523914,-0.18182746
0.033379275,0.23677841,-0.14874616,-0.23500185,0.300724,0.32805377,-0.09855064,0.14144774,0.21522133,0.20104389,0.049139038,0.1547014,-0.22078131,-0.14089586,0.14204882,-0.058766488,0.20243634,-0.17019542
0.1824944,0.46915597,0.24233851,0.22605696,0.4325045,0.1365828,0.21942605,0.35054556,0.44438788,-0.00074639457,-0.06335824,0.19460823,0.44607165,-0.030803489,0.2828849,0.12797917,0.2878886,0.23273966
0.21724322,0.16896127,-0.119481124,0.113416694,0.08661281,0.17299159,-0.14548558,0.1652339,0.18911871,0.12250923,-0.15881932,0.12163933,-0.07074336,-0.011625692,-0.06902305,-0.19524501,0.0013738261,-0.3181372
0.029996745,0.24874637,0.039505973,-0.11346675,0.24890731,0.35912064,0.27322808,0.34533006,0.0754241,0.26702172,-0.055068992,0.2000189,-0.08041857,0.15529661,0.16418624,-0.22129184,0.15870929,-0.065391794
0.15419301,0.2355108,-0.043508347,0.29096028,0.17417814,-0.029655503,0.19729653,0.11953125,0.19756751,-0.033373795,-0.10860684,-0.105679594,0.3609203,-0.018346207,-0.05243851,0.0028662654,-0.07326726,-0.10512493
0.36500263,0.43150237,0.34385875,0.09394797,0.39069107,0.3512666,0.29869473,0.3746901,0.09663072,0.058431484,0.13587417,0.17758355,0.10275256,-0.0028279107,0.17182039,0.20723611,0.34432933,0.31638858
0.29658902,0.3370229,0.1572931,0.19881283,0.30168095,0.20009848,0.16275136,0.22909784,0.34671983,-0.027368123,-0.090063296,0.09823154,0.32578656,-0.013744532,0.16143517,0.15820323,0.16733572,-0.029224198
0.48918363,0.41123572,0.390739,0.14327419,0.38492247,0.16690777,0.22060986,0.5010891,0.43292117,0.10117309,-0.08047033,0.1467221,0.48692432,0.11996722,0.19251724,0.19184822,0.08960716,0.17265841
0.23314427,0.30820265,0.36075532,0.3127168,0.27930933,0.31363937,0.19130194,0.2235621,0.273829,0.04223526,-0.059247214,0.13185555,0.20289844,0.12630638,0.2551332,0.017363274,0.12577252,0.04519998
0.17429799,0.35169074,0.11298592,-0.072013274,0.37150624,0.17490925,0.3711417,0.38957375,0.17509334,0.02487665,0.18979412,0.0447719,-0.010694476,0.08850862,0.4777151,0.42823312,0.48203287,0.31046197
0.045730013,0.20920506,-0.08782016,0.10897625,0.18111393,0.29870322,0.12385586,0.22929496,0.14784898,0.14894253,-0.013041411,0.18848364,-0.13567397,-0.025466623,0.07298792,0.2038531,0.2393697,-0.2251755
0.005151324,0.17682493,-0.10812458,-0.23441762,0.15715007,0.21740134,0.054595985,0.33266953,0.07152206,0.216959,0.109732814,0.121237405,-0.16500731,0.19822663,0.028606573,-0.24130486,0.089808434,0.12723637
0.29437566,0.3147433,0.18118533,0.067076854,0.23710825,0.24457331,0.27397886,0.30242974,0.26631066,0.013068596,0.04662069,0.14256915,0.05440078,0.24103734,0.27817956,0.15564722,0.285431,0.12142113
0.056094952,0.36065495,0.03520624,0.15769063,0.28873438,0.28725493,0.042580772,0.3344356,0.33601427,0.1604539,0.008971672,0.2983057,0.019285439,-0.014989856,0.28044704,-0.0130660115,0.26237202,-0.0947302
0.17383267,0.35235855,0.017784469,-0.0045241006,0.24373135,0.4390708,0.30711615,0.4273982,0.10046551,0.25103334,-0.12429715,0.2218581,-0.04705773,0.058114856,0.22155482,-0.07181609,0.34827477,0.0061383066
0.1614355,0.082450755,-0.18242273,0.15496081,0.009858703,-0.118211046,0.09494417,0.23869455,0.093876205,0.011026196,-0.087813385,0.034247372,0.33887452,-0.18133965,0.037044905,-0.025311517,0.07919051,-0.030950341
-0.12339754,0.22513492,-0.20646855,-0.08655265,0.19254418,0.26181936,-0.02199696,0.2381091,0.12727308,0.18825233,-0.10385213,0.2749424,-0.12528393,-0.105990514,0.021356909,-0.2937701,0.18703727,-0.2933169
0.11255745,0.46151844,0.07336034,-0.059156355,0.4242924,0.4296145,0.19074924,0.5875901,0.3701822,0.26897463,-0.008005554,0.3258729,-0.056902796,0.17544708,0.44216493,-0.0001452514,0.47391754,0.080146454
0.40997913,0.33480793,0.19256665,-0.066239886,0.2593196,0.36348444,0.18615387,0.41766524,0.13966845,0.22816123,-0.0225625,0.20813063,-0.1277454,0.16913143,0.2544203,-0.10793329,0.22856799,0.04393839
0.03169597,0.20946407,-0.13129278,-0.09832228,0.180743,0.3855149,0.2732732,0.3124074,0.027422016,0.11169541,0.07523089,0.08255652,-0.12811884,0.005847146,0.39316833,0.12040803,0.4637121,0.07628911
0.35080343,0.4189228,0.24856776,0.098108955,0.34639603,0.23949075,0.34573004,0.421772,0.34105274,0.04911578,-0.040621363,0.14795238,0.38636747,0.13132629,0.28761396,0.099579886,0.27636015,0.2529697
0.0049351263,0.36469546,-0.0004966351,-0.016146103,0.2720695,0.3424824,0.1501471,0.34735778,0.15210779,0.1504457,-0.024969095,0.2120169,-0.16790852,0.20979229,0.22833158,-0.17656124,0.2758992,-0.023123838
0.13464892,0.32448974,-0.032552894,-0.07240906,0.2609779,0.30039668,-0.036095493,0.25483412,0.14539692,0.19655839,0.0849066,0.20673096,-0.11974724,0.0667031,0.17068698,-0.14272788,0.16248417,0.017439429
0.020691298,-0.042654347,-0.22110571,-0.14506993,-0.016221149,0.016364096,0.15395552,0.0398753,0.12130887,-0.008555832,0.28265962,-0.0069649294,-0.09160502,-0.006842962,0.124606736,0.29182246,0.17783576,0.10805575
0.26006547,0.22412142,-0.03382082,0.14410014,0.09906862,0.17806818,0.09267175,0.24160181,0.115574576,0.023052659,-0.1058044,0.14268842,0.10103708,-0.059859373,-0.00020059454,0.007702307,0.16898702,-0.11088124
0.3749605,0.34029678,-0.0033374622,-0.007719393,0.27493352,0.3910976,0.10677036,0.3602559,0.19734488,0.15087794,0.13109574,0.18187611,0.08755628,0.07601083,0.1996327,0.07266653,0.2026325,0.058973964
0.023637842,0.38787258,-0.19827682,-0.1553224,0.27321032,0.42557117,0.03370036,0.41261613,0.29095435,0.21257627,0.03003295,0.28305566,-0.083411716,0.010696091,0.15594056,-0.034065288,0.2305858,-0.17701659
0.5048975,0.12777762,0.13158567,0.12114533,0.058791764,0.19898498,0.09046366,0.20307289,0.34367666,0.046451163,0.06793895,0.16645718,0.040016662,0.039210312,0.20978433,0.17365937,0.19358854,-0.008514046
0.08660673,0.14314798,-0.27236122,-0.0845483,0.1161272,0.20251432,0.1496869,0.28990802,0.21309423,0.12773083,0.11333828,0.16101247,-0.0907782,-0.12048335,0.33991697,0.20665754,0.4076397,-0.0812853
-0.10692313,0.062768504,-0.077313535,-0.010978847,-0.008845538,0.29897076,-0.028992029,0.1207603,-0.033375353,0.15098312,0.108324215,0.06441153,-0.20257984,0.31056717,0.023235518,-0.18343884,-0.06289978,-0.09249467
0.2567912,0.3189497,0.13733307,0.01583941,0.16864057,0.3410795,0.14631286,0.24597159,0.050840683,0.028016033,0.025493972,0.040994693,-0.0014147607,-0.010979475,0.14763872,0.23079152,0.14277418,-0.060785905
-0.028830223,0.13810621,-0.11023339,0.10650112,0.08913773,0.14761837,-0.04959776,0.14875987,0.08332004,0.23012789,-0.016485099,0.21983168,-0.13697793,0.13782804,-0.028928328,-0.22695221,-0.044923276,-0.17092784
-0.04011805,0.22666454,0.046453923,0.04794247,0.08872966,0.33821315,-0.044216037,0.33088,0.23654877,0.18221068,-0.18568526,0.36867866,-0.18752941,0.052977685,0.17767267,-0.19503696,0.3353523,-0.19070297
0.21251597,0.08432298,0.011682482,0.17196193,0.086054966,0.13417931,-0.0869046,0.024322439,0.28496265,0.12416801,0.02991694,0.32571742,-0.28081316,0.18663533,0.019288486,-0.088321924,0.082682654,-0.28721657
0.2580001,0.36279547,0.3434766,-0.09929834,0.42905393,0.17749,0.29850248,0.29470965,0.11982826,0.037828498,0.19192408,0.06100159,0.005089105,0.20710418,0.2060328,0.13475205,0.24392773,0.4970149
-0.03225485,0.3868858,0.05026477,0.009955819,0.23675111,0.47505692,0.19429405,0.3337663,0.27673122,0.16870342,0.0014304505,0.35469922,-0.04370251,0.06845785,0.41068837,0.12651077,0.46012715,-0.031963132
0.16615899,0.27061743,0.26728395,0.3955369,0.15845029,0.22105214,0.24039605,0.1941387,0.36834782,-0.04564902,-0.08677954,0.069731295,0.3954575,0.21844631,0.06856862,0.023702918,-0.056249507,-0.030136343
-0.16048336,0.1715489,-0.09835608,-0.14552945,0.23444964,0.12320791,-0.07292086,0.11253094,0.2287543,0.07190238,0.18811977,0.20091604,-0.1518258,0.080672935,0.14702168,0.0122077335,0.14191116,-0.050591417
-9.336509e-05,0.4277376,0.07073428,-0.0020447855,0.2953386,0.43037975,0.21101691,0.44621584,0.21482264,0.24097095,-0.109158084,0.32460982,-0.12899546,0.07482632,0.3182807,-0.120436154,0.41483462,-0.030123109
0.1617585,0.3563717,-0.07032709,0.09836046,0.25619107,0.27320564,0.1328195,0.407798,0.26229677,0.15713677,-0.047216605,0.34964865,-0.072568156,-0.026448358,0.29775232,-0.0043181735,0.45845202,-0.12706137
0.13317993,0.090845704,-0.07916989,0.33428976,0.00039775367,-0.072726004,0.13298544,0.054837774,0.1895935,-0.051210035,-0.089917764,-0.050158113,0.2621637,0.004019029,-0.02166971,0.06099842,0.0033183107,-0.05580154
0.2638592,0.14075613,-0.046797294,0.39480945,0.1042548,0.13585708,0.17133911,0.28767404,0.2984213,0.1047859,-0.10717462,0.14545119,0.3259314,-0.17549635,0.06482597,0.026690345,0.119297594,-0.103039235
0.1653564,0.2738398,0.3268835,0.12269134,0.40169477,0.17030911,0.33888888,0.12449258,0.1469317,0.03648811,0.31458613,0.10807268,-0.10244263,0.26213685,0.33541098,0.18057968,0.3994988,0.53195286
0.11149589,0.24732023,-0.14594689,-0.14804642,0.28541988,0.338022,-0.030920753,0.29343805,0.067264974,0.22910903,0.008520467,0.2130961,-0.16976798,-0.07439287,0.088004805,-0.2891836,0.17107719,-0.2011846
0.09562011,0.22233419,-0.03977873,-0.04112444,0.12295933,0.32922953,-0.14101757,0.2480248,0.03449945,0.20405081,-0.11289209,0.35765845,-0.16658601,-0.11965221,-0.04147383,-0.2827828,0.13748443,-0.22501844
0.11359498,-0.008093006,-0.049215138,0.26583025,-0.03281768,-0.07845411,0.34383222,0.15455732,0.059134513,-0.10050711,0.03932673,-0.1808436,0.5055233,-0.17999442,0.07675733,0.24629983,0.023433117,0.21329129
-0.009032207,0.27965888,-0.12150579,0.050676707,0.23427205,0.34095538,0.074943036,0.2539864,0.3121435,0.2897893,-0.10908609,0.3337617,-0.22518146,0.09791739,0.202909,-0.24732621,0.2602048,-0.2624099
-0.038763065,0.186804,-0.19932051,-0.12883465,0.15638137,0.16384657,0.044385344,0.25155765,0.33734584,0.23630105,0.06065243,0.29550987,-0.1741441,0.12601168,0.2268375,-0.060746342,0.22953266,-0.20548382
0.14185953,0.1295085,0.1225552,0.32404116,0.14053108,0.2554725,0.3574339,0.13958153,0.098768264,-0.09632699,0.17876121,-0.015084464,0.4493269,-0.14589736,0.13937162,0.29123488,0.15946935,0.2356735
-0.17292188,0.013644549,-0.08024691,0.108727194,-0.062916785,0.21232426,0.13871096,0.060336582,-0.04424026,-0.02491894,0.26260427,0.019988665,-0.24550155,0.027220042,0.08847446,0.29189003,0.19114943,0.08046514
0.37586755,-0.10848066,-0.14149721,0.09696031,-0.09793297,0.18891217,0.119318545,0.12746322,0.12175098,0.058920782,0.0972505,0.055012047,0.0027975128,-0.13376528,0.3128096,0.25302482,0.27573094,-0.026574055
0.07900906,0.25194785,-0.09494958,-0.09421913,0.27952176,0.2582228,0.008772984,0.36256692,0.18248586,0.24519531,-0.09620336,0.16628416,-0.15899476,-0.040885594,0.019793158,-0.19896835,0.15986498,-0.22093913
0.0040308423,0.37844732,0.34851274,0.004649144,0.35243395,0.28002578,0.3407094,0.3536123,0.19118257,0.16087826,0.113616064,0.27521124,-0.12768772,0.346521,0.3415006,-0.05562031,0.38633686,0.38870642
0.38597012,0.08290007,0.4038284,0.28174633,0.022301009,-0.08478652,0.2962991,0.05997243,0.3702075,-0.1896675,-0.045713164,-0.11197406,0.51836157,0.05947856,0.124588236,0.17043012,-0.0672015,0.22766523
0.1169671,0.13955048,-0.114492856,-0.15515326,0.15063499,0.3607026,0.18333821,0.4386708,0.19211866,0.2596608,-0.022219067,0.35071045,-0.08542974,-0.07063533,0.2480975,-0.08806929,0.40671673,-0.051109668
0.29717395,0.39458865,0.36491317,0.12403081,0.39549524,0.11876937,0.35139135,0.2211308,0.28147617,-0.025796521,0.12433522,0.10310755,0.2772076,0.12521648,0.3388152,0.3326048,0.32378528,0.4710087
0.284918,0.23823193,-0.1718721,-0.07608082,0.18952584,0.26144275,0.1649405,0.37416095,0.24028108,0.23437774,-0.06459107,0.18534929,-0.048680164,0.007436818,0.16677617,-0.086568974,0.24885374,-0.16472767
0.45915756,-0.035302956,0.31905362,0.22142048,-0.035312686,-0.116531916,0.17631595,0.04068502,0.22454537,-0.119572535,0.020097485,-0.042772803,0.4264718,0.08492342,0.088358305,0.16829969,-0.08492937,0.15754764
0.36985976,0.33953568,0.12898012,-0.1168975,0.25944096,0.32308587,0.29695833,0.446267,0.112471975,0.15766627,-0.06355754,0.20255542,0.013688373,-0.0012345102,0.34447852,0.08348592,0.42968115,0.12368502
0.086391896,0.16690072,0.045497622,0.1621483,0.22366816,0.1471838,0.19661261,0.33042526,0.28997332,0.23623839,0.06508364,0.14214334,-0.11131972,0.33943748,0.21186686,-0.02382855,0.11261378,-0.02316426
0.28561544,0.235498,0.19970798,0.26285598,0.175581,0.018453298,0.042294264,0.24350171,0.44252196,-0.031137036,-0.10700558,0.06180575,0.35416266,-0.094609365,0.0126676755,0.010341924,-0.013161146,-0.087265275
-0.13283855,-0.10151014,-0.22949895,0.056347076,-0.18365274,0.15971027,-0.031576343,0.11903292,0.07640789,0.20628281,0.10022669,0.23611483,-0.27580243,0.09596896,-0.099204935,-0.17728318,-0.013942257,-0.22286494
-0.07458037,0.19800591,-0.14754215,-0.13354042,0.19080828,0.23279102,-0.04755832,0.41399226,0.060590513,0.19437698,-0.053635806,0.26119944,-0.14171048,-0.06803062,-0.021417018,-0.33967832,0.12601474,-0.15595628
0.007923881,0.13498464,-0.09286199,0.32257032,0.034244068,-0.07941666,0.11246398,-0.020505693,0.122226514,-0.031474702,-0.07409419,-0.08848394,0.21165325,0.053218313,-0.06431284,-0.015049197,-0.0695303,-0.06202678
0.04464823,0.1787693,-0.12738422,-0.05954381,0.23753299,0.43646786,0.036206637,0.18668774,0.13938567,0.27097252,0.056029186,0.3234588,-0.124114186,-0.071252495,0.1461067,-0.17414334,0.22514176,-0.16895278
0.2103867,0.30522507,0.23685515,0.12960683,0.23982382,0.17665388,0.35496056,0.2880956,0.15528034,-0.027100453,-0.014643723,0.08371681,0.30625337,-0.0940848,0.27822682,0.26634654,0.33205006,0.27227774
0.013753794,0.35350266,-0.032541428,0.02917248,0.3129105,0.3471571,0.27301684,0.43026626,0.23932062,0.27197602,-0.10172816,0.23783292,-0.13611914,0.04595822,0.31529468,-0.10907335,0.39838853,-0.12242288
0.01792907,0.35320085,0.11814684,0.017305538,0.21763644,0.380721,0.2585238,0.5066563,0.12555104,0.14905873,-0.040635314,0.22375816,0.03960267,-0.065733664,0.22826155,-0.041426927,0.33799988,0.10278298
0.06571319,0.42538238,0.20419793,0.024211286,0.29085776,0.33351693,0.2752087,0.47508198,0.18736926,0.15244387,-0.10723404,0.30045232,0.025602767,0.020954883,0.34776536,0.12787847,0.41612765,0.005721378
-0.085283674,0.29220858,0.25363708,-0.02300772,0.34608898,0.27861944,0.13740788,0.18644917,0.21474843,0.07512175,0.29997778,0.12953229,-0.11323886,0.22093654,0.2263386,0.12401216,0.2148035,0.37470096
0.043668583,0.20484985,0.17788388,0.08978829,0.26260215,0.21623853,0.35888883,0.1968835,0.041250974,0.07712723,0.21228957,0.0996543,-0.002104878,0.13887207,0.27692026,0.10796152,0.36451337,0.49300468
0.08019435,0.397556,0.255466,0.041440643,0.38117215,0.23182985,0.3544347,0.6045089,0.41065952,0.16571783,-0.1061405,0.31207082,0.33582994,0.17804705,0.32364783,-0.03156427,0.33393922,0.18489395
0.12152942,0.3029078,0.13042207,0.0901024,0.2201407,0.33827943,0.27258906,0.38038322,0.02807378,0.15499987,0.021147167,0.23467214,0.00648286,-0.1310395,0.1786988,0.05781137,0.32781848,0.09288545
0.07583127,0.3036425,-0.14731888,-0.12013857,0.3454494,0.23148832,0.10545493,0.2802825,0.21901295,0.26163703,-0.08100107,0.23771378,-0.07792609,-0.00092692615,0.21872753,-0.17647626,0.26284322,-0.15004556
0.15501633,0.32887772,-0.028391581,-0.0040724766,0.2920668,0.31110945,-0.15123342,0.19439974,0.07824707,0.23389223,0.02366545,0.42217925,-0.17624877,-0.029628221,0.066513844,-0.20201792,0.19665624,-0.1475017
-0.087404564,0.27418363,-0.019012948,-0.06282906,0.22703078,0.25543267,0.026963487,0.123937435,0.10513667,0.1510719,0.01869629,0.13025495,-0.11747565,0.05415524,0.05986174,-0.052282613,0.03567461,-0.22079556
-0.10059588,-0.19399081,-0.20749147,0.058345478,-0.29285625,0.0016253551,-0.20831403,0.09349136,0.102211975,0.23285654,-0.061593983,0.2636432,-0.29476026,-0.076236494,-0.010289705,-0.32445613,0.007697435,-0.29651323
-0.11038094,0.13940841,-0.18606186,0.14994006,0.019897824,0.3535951,-0.068040945,0.125464,0.27021268,0.22166455,-0.013293297,0.37691176,-0.26547208,0.053560283,0.19654165,-0.18729383,0.24762876,-0.31409132
0.33834693,0.1741237,0.3225306,0.14896978,0.22374843,0.26668942,0.25660518,0.25760633,0.34236103,0.11557684,0.06895391,0.09063408,0.22286744,0.31603828,0.18516302,0.014767862,0.045527734,0.14752334
0.047181986,0.41706458,-0.015018743,0.04461769,0.33829802,0.29226816,0.2394785,0.44849622,0.36922443,0.10022841,-0.12994689,0.12470827,0.5085455,-0.054791827,0.20167878,0.030699426,0.18364029,0.014045406
-0.102516875,0.27345678,-0.17909698,-0.07141026,0.19643816,0.45820102,0.21647033,0.52087414,0.09067246,0.2895326,-0.042786047,0.30948055,-0.061806813,-0.16000764,0.08971759,0.0012612529,0.34171364,-0.124534704
-0.09964714,0.12148544,0.19879231,0.25620514,-0.013754808,0.08811734,0.033294465,0.10461277,0.27801642,0.010043693,-0.06371978,0.16278945,-0.08672085,0.28194207,0.113146774,0.006459388,0.06359048,-0.10389657
-0.10040846,0.12563224,-0.1925062,0.017370325,0.082082495,0.30047652,0.2252561,0.4409762,-0.03033026,0.21209858,-0.048771296,0.17310448,-0.037885062,-0.14330006,0.020338213,0.045322716,0.21851104,-0.114509314
0.17461912,0.09328826,-0.095688865,-0.011174781,0.0044861306,0.13845652,0.16821012,0.19216344,0.1894204,0.20283206,-0.014890783,0.14043988,-0.21659139,0.21346828,0.16507724,-0.096753456,0.20261392,-0.08250867
0.3140115,-0.017336812,0.31457862,0.3530635,-0.04550687,-0.1370658,0.281021,0.05132076,0.14216653,-0.12663299,-0.081431955,-0.18324615,0.48550618,0.111386135,-0.00805646,0.02268149,-0.18537325,0.22229414
-0.07754537,0.2870797,-0.10542159,0.023404902,0.15420967,0.41870055,0.13378197,0.24073115,0.31574976,0.216535,0.050530456,0.30888167,-0.25509617,0.12127783,0.41572914,0.06571561,0.4491372,-0.13101256
0.117282405,0.14556338,0.0017046744,0.19515513,0.12321478,0.11907977,-0.061438423,0.16409102,0.104409225,0.16704059,-0.19258699,0.03934812,-0.124089226,0.09047173,-0.106472805,-0.22926505,-0.09120675,-0.3005581
0.055073343,0.21835427,-0.13091582,0.04499601,0.1434718,0.16083296,0.3575537,0.41592816,0.19319063,0.12253529,-0.025112733,0.11143473,0.041694608,-0.03878483,0.4014544,0.15598409,0.45787,0.042552043
-0.13105749,0.05266082,-0.17947954,-0.1354638,0.020005768,0.34694073,-0.1567651,0.24352932,0.20730911,0.1791208,-0.054119978,0.25392526,-0.24700598,-0.15209919,0.14673845,-0.24481604,0.2864208,-0.27285725
0.07214465,-0.19973415,-0.15984999,0.13058916,-0.19435382,-0.065962486,0.29821166,-0.015468013,-0.07550169,-0.03726009,0.09257582,-0.24658664,0.19325596,0.041504867,0.00022046454,0.27509546,-0.09427931,0.0941506
0.24524306,0.10642417,0.01284339,0.14970575,0.18492645,0.06972166,0.17169338,0.1707595,0.21557878,0.12519917,0.087665975,0.21461618,-0.11565996,0.024942659,0.25819072,-0.02182448,0.35334778,0.0052065863
-0.045474015,0.40271017,0.0051457034,0.15559609,0.23933788,0.37003824,0.23757592,0.27891335,0.28341526,0.15183847,-0.05028256,0.25981706,-0.037306353,0.16111067,0.27109095,0.047290962,0.33585045,-0.09411597
0.2961107,0.3756626,-0.024272244,0.113337345,0.26788017,0.24055499,0.116834454,0.31378278,0.2580724,0.075626835,-0.058022346,0.111803554,0.027786367,0.011764286,0.18407562,0.11890833,0.2160223,-0.13844909
0.18174323,0.34346992,0.2564981,-0.14567412,0.26211292,0.34538892,0.1550902,0.3563177,0.22414325,0.08081559,-0.0487757,0.13797918,-0.08347358,0.27822524,0.21595274,-0.06312527,0.21112396,0.061047003
0.13057534,0.3856844,-0.018113129,-0.036103223,0.2842734,0.34710294,0.14793624,0.47618654,0.17748001,0.19370294,-0.07779386,0.2719607,0.034965973,-0.14893015,0.28493777,0.0031507039,0.39117867,-0.030512193
0.31185597,0.27312732,0.073276244,-0.0072559416,0.18008982,0.20375839,0.077584326,0.25000417,0.16586106,0.06606772,0.09095348,0.19300784,-0.07869925,0.0011438567,0.21861029,0.16357635,0.27174395,0.038521547
-0.110432215,-0.28794986,-0.27632734,-0.070212066,-0.32501003,-0.066017024,0.052721635,0.004008891,-0.11610614,0.07792033,0.16486378,0.16579102,-0.27758995,-0.09606061,0.15390025,0.05238077,0.32552847,0.069041185
0.39676857,0.23928213,0.30636775,0.15705845,0.15815814,0.13587278,0.16414994,0.20133087,0.25260475,-0.068916984,-0.16156457,-0.093905985,0.46080324,0.08622184,-0.016806299,-0.042554293,-0.15903085,0.039859816
0.41351122,-0.121264346,0.1363069,0.31286344,-0.09087588,-0.14818703,0.27568886,-0.017245727,0.13720025,-0.17952944,0.0907335,-0.13975891,0.3685811,-0.12012309,0.10583915,0.36464393,0.062164657,0.21683398
0.00078854663,0.18622263,-0.14213683,0.13039707,0.11448898,0.21699385,0.2735677,0.19186126,0.028254455,0.13755196,-0.0473957,-0.016717056,-0.030402645,0.010688972,0.12022442,0.19485313,0.1197851,-0.14608665
0.078121394,0.3313384,-0.076948,-0.14159063,0.26567197,0.29931882,0.21121834,0.4997939,0.16865326,0.23058449,-0.052059524,0.34084573,-0.025741147,-0.1080954,0.29564348,-0.05063284,0.4477751,-0.072592326
-0.062327452,0.06946247,-0.11830921,-0.1897422,0.15015703,0.16811375,-0.10941496,0.15184334,0.08331807,0.19067392,0.03682318,0.200817,-0.09030788,0.02029996,-0.039985854,-0.27688798,-0.028748926,-0.18731418
0.088900946,0.09166333,-0.16617748,0.20213607,0.081005566,0.12951486,-0.038471885,0.2885074,0.07644454,0.16814218,-0.13761921,0.163547,-0.05732232,-0.14818342,-0.006055935,-0.24295257,0.13055332,-0.23850778
0.12973005,0.20761736,-0.094140634,0.15693425,0.1525741,0.23509964,0.29324389,0.17702945,0.0032770657,0.07876256,0.028857864,0.028156333,-0.054289974,-0.051746868,0.2083332,0.23727106,0.30530506,-0.0015560596
0.2178053,0.49361148,0.16214925,-0.20395024,0.53410757,0.29614633,0.16760625,0.4966935,0.37243304,0.19446965,0.06533069,0.347582,-0.06605964,0.09063152,0.42372096,0.036319625,0.52210367,0.21729115
0.27066892,0.36804742,0.17408599,-0.04082073,0.34428802,0.37960377,0.25448844,0.50676394,0.29832706,0.17521352,-0.028527832,0.29085383,-0.04765027,0.075819634,0.4124363,-0.010390181,0.4901049,0.05402652
0.43006685,-0.02622101,0.15690637,0.1346312,-0.041571446,-0.026640229,0.33696887,0.08538195,0.04297392,-0.14828683,0.050864056,-0.22714494,0.3380476,-0.09916768,0.14835776,0.38893488,0.0645187,0.2598726
0.30794084,0.02425115,0.20211394,0.5013289,-0.06512966,-0.025856378,0.25414562,0.054929327,0.3571792,-0.16731197,-0.11403476,-0.089238666,0.41090283,0.13060567,0.09353802,0.18913117,-0.023258384,0.022746278
0.0017913283,0.38484365,0.28424817,-0.10830845,0.39648277,0.36807224,-0.0017928089,0.044415142,0.25530052,0.010408777,0.15557948,0.105609976,-0.25816435,0.4213354,0.14094093,-0.05854171,0.037595768,0.020036152
0.24469253,0.17183678,0.017182995,0.13943376,0.08775382,0.17763257,-0.013559689,0.17146803,0.22361371,0.06252272,-0.16123393,0.11882556,-0.037372842,0.020512652,-0.09449178,-0.111450866,0.039148446,-0.2874045
-0.08486751,0.08089911,-0.2888922,-0.123231746,-0.0010848439,0.21762007,-0.22246492,0.091695026,-0.03617268,0.16890709,-0.038941655,0.13791193,-0.28153747,-0.035163976,-0.15206076,-0.36535606,-0.037494317,-0.2249895
0.49605507,0.11792299,0.4110614,0.21507725,0.092918105,-0.023313316,0.22574866,0.077182874,0.32834208,-0.16247967,0.026526298,-0.09833416,0.46808803,0.19220561,0.09936542,0.27940592,-0.10359747,0.24652766
0.102800705,-0.10731216,-0.16191314,0.16169839,-0.14159706,-0.031116843,0.27970222,0.06095267,0.108441286,-0.057377666,-0.0013847563,0.020237755,0.18262286,-0.087823875,0.2028526,0.21283287,0.2779735,0.055029176
0.12882483,0.3403699,0.2584089,0.2426053,0.18793382,0.090945005,0.16540977,0.103907734,0.2906415,-0.11773671,-0.054456376,-0.08146283,0.42614874,0.15254422,0.040329605,0.14085047,-0.14570124,0.061961163
0.17465654,0.25150037,0.08151257,0.12960418,0.24919763,0.19285294,0.2953224,0.31403038,0.31355646,0.015553998,-0.0051098317,0.08681061,0.20696688,-0.03397653,0.2437442,0.14505956,0.31251812,0.07058709
0.27135158,0.10992757,-0.052552983,0.26666638,-0.03148307,-0.041640803,0.10315868,0.09553612,0.2254716,-0.104898505,-0.050715946,-0.08280982,0.3467909,-0.010355534,-0.01740319,0.14765424,-0.057463072,-0.037730854
-0.048194885,0.44013852,-0.011431052,-0.04964814,0.34899104,0.33254185,-0.07926528,0.21617198,0.29708025,0.1322738,-0.05455006,0.24864578,-0.16136773,0.18007089,0.16932428,-0.12312706,0.17009448,-0.2296202
-0.0045696786,0.38226154,0.35688093,0.05164664,0.31525585,0.26689878,0.09127237,0.21791475,0.23839456,0.14618784,-0.118595846,0.15342635,-0.05282849,0.44601032,0.08959699,-0.11041254,-0.07327102,-0.07881527
0.19229774,0.29122794,-0.033323325,-0.0856488,0.33929953,0.28140152,0.10412611,0.20686966,0.1160407,0.23223333,-0.10863706,0.13807295,-0.10632223,0.09021315,0.07455595,-0.18471906,0.09231353,-0.15440917
-0.1184238,0.17517227,-0.07905687,0.029130926,0.087633,0.28259978,-0.072665654,0.13203843,0.12606762,0.21254687,-0.025805335,0.29275745,-0.2566092,0.18950899,-0.02489076,-0.28021485,-0.016199758,-0.25485632
0.13998951,-0.09693626,0.008433625,0.16852649,-0.11339883,0.021754213,0.37047172,0.1256593,0.11073857,-0.019040238,0.037270945,-0.01013913,-0.0074553676,0.14119835,0.2836801,0.23712876,0.30954617,0.1647452
0.42288455,-0.29613966,-0.16522062,-0.0449732,-0.34066984,-0.02072128,-0.20593768,-0.17100912,-0.18918176,0.09327392,-0.006994199,-0.023318978,-0.2715212,0.017684668,-0.22820552,-0.18489449,-0.23486672,-0.22648627
0.20638962,0.14210439,0.11275366,0.051160444,0.13798395,0.19090621,0.15828095,0.27720827,0.2254856,0.2425805,-0.10496249,0.26317433,-0.111487836,-0.024387091,0.21405211,-0.174636,0.25373363,-0.11341138
0.36854213,-0.13297865,-0.032538444,0.30170196,-0.14920542,0.13916236,0.014734192,-0.05067815,-0.0045650345,-0.038145762,0.19566007,-0.02138514,-0.09459482,-0.04208502,-0.03504443,0.16509032,0.028247397,-0.047738947
0.058496617,0.14554898,-0.095026076,0.18983155,0.10567635,0.15146375,0.251482,0.15659015,0.1164331,-0.01604202,0.054966666,-0.114715815,0.3601302,-0.003055295,0.015483728,0.24206324,-0.048098393,0.007943528
0.00013839849,0.3848987,0.03270965,-0.085883155,0.37907243,0.32872108,0.25331768,0.47547543,0.2905757,0.26228708,-0.16263309,0.2729067,-0.17272948,0.09207847,0.38343802,-0.15991484,0.43961474,-0.08921592
0.052053597,0.4463476,0.057190157,-0.12087097,0.31339943,0.41392562,0.14609087,0.44980642,0.20934187,0.19279845,-0.007092965,0.31633827,-0.0669696,0.14828202,0.25658888,-0.15113343,0.34788284,0.09598426
0.016546851,0.34860638,0.25064763,-0.053424664,0.3356606,0.25999317,0.32001138,0.16043824,0.08393362,0.014713727,0.2065941,0.1064961,0.022409601,0.20458962,0.1661467,0.071994334,0.21807764,0.38091987
0.09333231,0.2612727,0.10608692,0.15765406,0.16707149,0.412943,0.0129181575,0.11771258,0.16076796,0.13728674,-0.12984602,0.102691606,-0.103144616,0.18973921,-0.056403358,-0.24401347,-0.045602668,-0.18969053
0.07909982,0.15659432,-0.28742722,-0.035951033,0.14451855,0.342796,-0.08403298,0.04043841,0.15319362,0.23561886,0.07019586,0.22805044,-0.18522587,0.08283713,0.14673105,-0.20711291,0.163302,-0.14390959
0.19652659,0.38341725,-0.025643941,-0.08666775,0.403671,0.2589811,0.21997103,0.48868227,0.23526372,0.08978368,0.077099815,0.120121285,0.15584964,-0.16690601,0.27391338,0.19913034,0.38373566,0.18824506
0.21557462,0.16418865,0.22071235,0.36192682,0.088704325,-0.016576989,0.36941803,0.24811009,0.25710478,0.012977127,-0.11309886,0.020692252,0.26020154,0.02521533,0.19904856,-0.0054567815,0.12173621,0.055534407
0.07101454,0.1326879,-0.111096494,-0.05106377,0.14452219,0.06503789,0.09144816,0.20643254,0.032885917,0.098074585,0.20163444,0.2757969,-0.19746011,-0.11156084,0.20623457,0.027405385,0.45506123,0.18916228
0.29207283,0.17470862,0.40609586,0.5543787,0.08606791,0.02877319,0.36640275,0.07460673,0.2975032,-0.107560165,-0.109546885,-0.093474574,0.49972937,0.16680194,0.11063314,0.076069616,-0.106630996,0.12799594
0.10912491,0.07185669,-0.0071279583,0.03939584,0.06938003,0.05894214,0.30893677,0.2919827,0.17690882,0.113353185,0.068727925,0.22803532,0.1075017,-0.03619674,0.32744917,0.10804519,0.43833584,0.29383314
-0.08361193,0.36381206,-0.013306556,0.04999402,0.3164108,0.29797703,0.041391455,0.35144576,0.25470835,0.27284697,-0.14663365,0.3161617,-0.13711068,-0.059886493,0.25021398,-0.25415674,0.26313603,-0.23164101
-0.089628026,0.21918386,-0.13473503,-0.24770173,0.1668689,0.2530948,-0.05170468,0.25537983,0.18424131,0.22414592,0.04833022,0.25341114,-0.12301195,0.13319536,0.012340551,-0.18674733,-0.0097560575,-0.16501601
0.25846982,0.25560147,0.03178845,0.1496666,0.24977818,0.3140421,0.1368786,0.25320697,0.22691971,0.053164057,-0.019159142,0.16131945,0.06842239,-0.18479507,0.1245608,0.16420336,0.3097732,-0.09989733
-0.11269094,0.20431451,-0.047047567,0.09944686,0.051400933,0.287035,-0.12917177,0.21616527,0.00168617,0.22260658,-0.16068487,0.2485994,-0.25736606,-0.057881854,-0.13106966,-0.35997137,-0.017446464,-0.33013156
-0.14489748,-0.29164037,-0.27776098,-0.13802117,-0.32891828,-0.25823617,-0.2538261,-0.33222556,-0.15414171,0.047959913,-0.04789626,0.041520372,-0.10825348,-0.3097781,-0.11443545,-0.20183064,-0.18856102,-0.16251923
0.035640843,0.14563145,0.031167926,0.18389985,0.15092918,0.22289443,0.13846888,0.14737165,0.039187785,0.16625252,-0.07882441,0.15120451,-0.15564127,0.093520716,0.090112284,-0.20416117,0.10169138,-0.21211025
0.13800536,0.2822071,0.1566402,0.01791306,0.32341093,0.26247168,0.3588201,0.25380597,-0.0015652011,0.07721496,0.29058632,0.14818537,-0.056024842,0.08210747,0.26993915,0.13169639,0.36725295,0.42023802
0.17515,0.21883142,0.02428831,0.23319727,0.08703433,0.11770207,0.33899596,0.27931917,0.23160331,0.016172493,-0.07532384,0.077566214,0.3021022,0.060194723,0.21187404,0.11848124,0.21573052,0.058775645
-0.116382174,0.22025372,-0.038575236,-0.009814436,0.121975996,0.11402873,0.21958385,0.4339028,0.13936186,0.19252576,-0.122523054,0.33046547,-0.0954264,-0.11647101,0.23774435,-0.09268397,0.4533405,-0.009362126
0.04736751,0.2861834,-0.03563104,0.14834017,0.19378017,0.2147108,0.22491315,0.317538,0.20293225,0.057175625,-0.09828797,0.2405322,0.194278,-0.11273602,0.23471878,0.09516257,0.37791678,-0.0021547764
0.42319903,0.40262023,0.40551966,0.08598941,0.27089003,0.2727102,0.20567858,0.28276423,0.3712309,-0.073762506,-0.09246207,0.02511076,0.364597,0.102880135,0.23724808,0.12818958,0.11153321,0.07385333
0.10807957,0.36848626,-0.010002169,-0.08957407,0.3197225,0.2782203,0.36848158,0.40663204,0.30963075,0.18469673,-0.067061044,0.13138701,0.026167672,0.19942565,0.30075607,0.15036133,0.32034865,-0.019432176
0.123190366,0.28188774,-0.15702888,0.060741574,0.1567952,0.3720002,0.05772992,0.34568056,0.2110529,0.31755716,-0.08193164,0.4126315,-0.20665668,-0.062378787,0.17411813,-0.14605294,0.28134236,-0.30411196
0.16825071,0.20648035,-0.028686367,0.29439873,0.11351143,0.028704472,0.38045868,0.3147183,0.08968276,0.024723316,-0.06873437,-0.017374653,0.4462093,-0.10728483,0.19468388,0.15599951,0.24027185,0.24695852
0.17542392,0.30637518,0.28753084,0.27895164,0.21391006,0.06293105,0.1244764,0.20555995,0.30674928,-0.055042066,-0.09891223,-0.041902464,0.2986943,0.09216023,0.07069891,0.11839413,-0.038423013,0.013890953
0.21376948,0.18905278,-0.09363846,0.025325809,0.19653146,0.23117009,-0.02861668,0.19926459,0.32663968,0.20850386,0.11602251,0.39273772,-0.109750666,-0.040899865,0.277031,-0.0011499847,0.32455567,-0.057724778
0.016051259,0.34372872,-0.13814156,-0.10221542,0.3009798,0.40580854,0.072888225,0.37181368,0.10277508,0.31098318,-0.073286064,0.4335775,-0.14400633,-0.1048196,0.24561985,-0.17047358,0.40033072,-0.1391179
-0.059304114,0.17809646,-0.11401448,0.14359757,0.16269441,0.3221249,0.09201663,0.2727983,0.2664979,0.16372268,-0.06746737,0.28491196,-0.11624325,-0.0907146,0.16505444,-0.047626354,0.32687128,-0.28293696
-0.048701614,-0.21428081,-0.2072373,0.1473824,-0.21415597,0.065396525,-0.14413302,-0.058017887,0.15038688,0.098669864,-0.12391323,0.2571593,-0.18404648,-0.21502928,0.097749606,-0.10639698,0.23274687,-0.29682606
0.08798382,0.12667847,-0.123548806,0.13879687,0.08882532,0.19220188,0.30154148,0.099853896,0.12940632,-0.0948963,0.14640199,-0.19443706,0.2973016,0.14240432,0.16585079,0.27121782,0.115581386,0.21393445
-0.07612518,0.32655036,-0.042904,-0.1254446,0.28809685,0.39098042,0.13658313,0.30571517,0.047925558,0.2008084,0.15836962,0.340481,-0.1679643,-0.033191577,0.13619122,0.04655491,0.31883666,0.03528806
0.15251909,-0.25805658,-0.24166964,0.20969638,-0.28628635,-0.044479042,-0.20940416,-0.16310024,0.10641151,0.17197074,-0.024108142,0.26231888,-0.30942392,-0.027035657,-0.01891904,-0.24212828,-0.0057023037,-0.35787687
0.22351775,0.31634787,0.19841276,0.3386961,0.24482936,0.16687004,0.15637542,0.2036585,0.24998423,-0.041057657,-0.0047898246,0.03626779,0.23282975,0.09946678,0.15784153,0.14856678,0.107869804,0.04421315
0.12493485,0.4178873,0.35472092,0.106585875,0.30443454,0.21817023,0.27994052,0.42615685,0.3998072,-0.015884588,-0.14935865,0.057876613,0.5082432,0.09380524,0.2082134,0.113819465,0.101254754,0.114260875
0.05141449,0.31231815,0.14385633,-0.1970235,0.3788079,0.3482045,0.10770055,0.29158318,0.12552178,0.22752832,-0.05275362,0.14743277,-0.09385187,0.30347216,0.09933239,-0.1981667,0.015452551,-0.08354478
-0.118559465,0.22808129,0.06342667,-0.029891023,0.14993356,0.40631813,0.098063126,0.123221785,-0.07685496,0.19525975,-0.02382308,0.13385285,-0.21214245,0.11032753,-0.014079252,-0.10678484,0.005813074,-0.2441274
