0,1,2,3,4,5,6,7,8,9,10,11,12,13,14,15,16,17
-0.040277846,-0.0882084,-0.22224362,-0.0290758,-0.13062987,0.105627134,0.06266864,0.1404922,0.10949125,0.11359337,0.19795966,0.33135062,-0.022593664,0.06059631,0.1711068,0.043795995,0.36062112,-0.09956249
0.03943815,0.3222245,0.015381172,0.09397873,0.33468062,0.25575304,0.21786094,0.473025,0.13349137,0.23130578,-0.10250142,0.33670342,0.14530876,-0.08603343,0.24143964,0.042929783,0.40128908,-0.032328553
0.22277561,0.25467062,0.11539191,0.3182066,0.29944748,0.20100373,0.21558738,0.33203107,0.106734216,0.031686522,-0.06711389,0.07881996,0.14017591,-0.10031921,0.15326144,0.025355719,0.22838125,0.13455343
0.17413586,0.24862777,0.19100435,0.34486768,0.20059368,0.053410552,0.18192305,-0.044835158,0.10317348,-0.17262113,0.052327283,-0.15421736,0.017405033,0.122948915,0.04608517,-0.1052804,-0.15039697,0.3471053
0.43844008,0.16107354,-0.027579423,0.083903775,0.12136813,0.25673494,0.28618848,0.07060676,0.009119928,0.189637,0.2562171,0.2011273,0.16751897,-0.0023470637,0.100500315,0.20607634,0.3048116,-0.076314166
0.037122764,0.47210953,0.021493815,-0.07517674,0.38187355,0.45344317,0.23213744,0.29789332,0.21077701,0.2240454,0.04794565,0.37904364,0.18647632,0.07074203,0.33980238,0.10421501,0.35580283,-0.04605667
0.14208117,-0.18913835,-0.28913864,-0.01818424,-0.19287264,-0.11045401,-0.20212087,-0.13815129,-0.012117134,0.059277862,-0.019981537,0.06892359,-0.1330767,-0.114498205,-0.28508303,-0.09439418,-0.155613,-0.26169044
0.054689437,0.37360853,0.32418203,0.13843423,0.3608539,0.3383037,0.37141466,0.15254727,0.0396601,0.08000917,0.11323574,0.17241007,0.14092216,0.32118216,0.2319976,0.088157654,0.33266616,0.42785507
0.14991522,0.17725492,0.048000652,0.17837566,0.22273731,0.29177707,0.31299114,0.26579833,0.12809214,0.10236794,0.13275388,0.20927767,0.14973128,0.19342986,0.31200576,0.14962709,0.44596723,0.11791435
0.055073258,-0.14841823,-0.10288544,0.2756427,-0.16227901,-0.15070982,0.040444035,0.16915369,0.32034057,0.097769395,0.07022138,0.20949459,0.18630368,-0.089704596,0.14034155,0.09117725,0.10277888,0.024047425
-0.0964907,0.17350113,-0.17884593,-0.07081828,0.13217211,0.17436475,0.29127026,0.18436086,0.29540467,0.26394996,0.12421168,0.30506074,0.12470539,0.07443586,0.39230984,0.17184836,0.36332145,-0.09451693
0.08157393,0.4633263,0.1467306,-0.0622141,0.40755945,0.41171908,0.24343671,0.37645414,0.14077237,0.15922247,-0.048322342,0.25002548,0.08260869,0.05907446,0.25673264,-0.02391604,0.31889397,0.17313114
0.18472926,0.2963798,0.030206066,0.48349386,0.30024365,0.2856398,0.29097885,0.20773429,0.25372073,0.088513926,0.08921468,0.04755782,0.22054763,0.021400634,0.14550614,0.100195944,0.11281112,-0.038859654
0.111325294,0.12736174,0.029041022,0.021028344,0.17360556,0.20219085,0.07079439,0.33909214,0.26182383,0.14358032,0.032769475,0.34403354,0.1473451,-0.008894864,0.17200966,0.08170152,0.30238542,-0.16995707
0.017508287,0.2273483,0.013470704,0.18884878,0.2100648,0.25350535,0.2181145,0.1398615,0.022622855,0.060502455,0.20229231,0.19633974,0.13123025,0.112523966,0.1553493,0.09549116,0.32590353,0.10971327
0.16775659,0.3791566,0.0907433,0.07252098,0.3858676,0.27546424,0.4056124,0.4042133,0.08273925,0.25613824,0.13743585,0.24856435,0.24346253,0.20509684,0.29659775,0.14879584,0.33469218,0.12974645
0.06534876,0.52472365,0.20173952,0.031143116,0.42610124,0.46063334,0.44583923,0.36071622,0.2104891,0.24025263,0.040607043,0.4127271,0.23342566,0.2718128,0.36737317,0.16840589,0.45829195,0.23566431
0.17334136,0.4753119,0.14453638,0.10213888,0.4070279,0.3443861,0.29650986,0.3753532,0.19209199,0.16746855,0.08795361,0.32565027,0.28435335,-0.102012,0.3835339,0.15454718,0.44554812,0.07680203
0.3772143,0.23583747,0.36240363,0.042841382,0.2550737,0.2685308,0.14307189,0.25649664,0.10672637,0.049278736,0.10613456,0.13504507,0.15554619,0.0059034713,0.08998403,0.036808804,0.10663366,0.12277905
0.26849806,0.013544799,-0.13742745,0.19375157,0.07158689,0.13588277,-0.025485847,0.062205113,0.20367414,0.040424317,0.025433809,-0.009027762,0.10071632,-0.057379723,-0.0141803045,0.05789522,0.0028800357,-0.16767499
0.526274,-0.11490631,-0.06901495,0.13413982,-0.09505884,0.09816442,0.13028955,0.22439209,0.2669676,0.18613064,0.06243951,0.18087892,0.17486677,0.041480005,0.13280934,0.08050396,0.14949846,-0.15396068
0.13800451,0.32091343,0.1317986,0.26415944,0.34701163,0.30756873,0.36167365,0.24619812,0.11735158,0.11096732,0.08357526,0.18521574,0.25387034,0.08055048,0.26657212,0.15242279,0.30834123,0.1669248
0.21850425,0.40846992,0.31773877,0.14938891,0.3294226,0.42624515,0.29725713,0.34516343,0.24704087,0.23390326,0.06292492,0.35092437,0.36379504,0.06893307,0.3151276,0.23897699,0.2984097,0.12239356
0.35042873,-0.15315174,-0.14535497,0.0063032247,-0.23053965,0.045602925,0.07582554,0.009670366,0.12864694,0.25544858,0.10923133,0.2969705,0.12190395,-0.11629336,0.041116346,0.16563797,0.09837785,-0.23478672
-0.0011989716,0.13799986,0.21891847,0.3191484,0.104800954,0.08359346,0.20202176,0.15216833,0.14788279,-0.028906565,-0.030889979,0.010175674,0.085528806,0.08159801,0.07910386,-0.088116825,-0.042575628,0.424785
0.4889267,0.13545871,0.45726085,0.09558909,0.22577238,0.2286151,0.14851671,0.36780074,0.27785695,0.15519914,0.038388405,0.20405844,0.27642462,0.13618255,0.17795938,0.17355311,0.13930571,0.246792
0.37496775,-0.24923319,0.050800424,0.2361506,-0.17844531,-0.066477984,0.17118198,-0.03986997,-0.11645369,-0.018111425,0.18255296,-0.05252044,0.05551047,0.078990996,0.052972533,0.046973508,0.109862864,0.1813659
0.23045093,0.2551912,0.40747055,0.28580612,0.27480847,0.16311885,0.17534141,0.19370143,0.21859878,-0.070858985,-0.11212466,-0.07765407,0.13035956,0.10156602,0.14285338,-0.0403786,-0.13864195,0.33251375
0.21783563,0.23451394,0.3191642,0.43695554,0.2198731,0.012849109,0.12175579,0.13380614,0.22789152,-0.11118184,-0.15981938,-0.07312979,0.11104792,0.027770124,0.07802048,-0.04069116,-0.083349295,0.18840927
0.14937472,0.1307129,0.14540485,0.022762977,0.22224295,0.18984737,0.27982342,0.16045117,0.009253681,0.114719205,0.20802578,0.23820353,0.09805256,0.07961349,0.12620068,0.13250533,0.39509535,0.3191593
0.06517884,0.378641,0.021139603,-0.011817431,0.39411554,0.4430944,0.3358124,0.38452375,0.18757936,0.18650979,0.1314879,0.17268267,0.24474387,0.037825115,0.42983007,0.18159908,0.42107308,0.020268468
0.4356543,0.29153126,0.43645433,0.3664861,0.272546,0.18442786,0.20214574,0.13233948,0.36390123,-0.09801516,-0.049897425,0.013749636,0.16257784,0.17615782,0.1300205,0.024146639,-0.048235953,0.2736174
0.18473567,0.2000945,0.28463888,0.5635718,0.12408722,0.1029853,0.21094722,0.10917598,0.30288348,-0.12499823,-0.04207749,0.14580931,0.16377166,-0.014486546,0.15689369,-0.027890664,0.071762696,0.28520605
0.38765162,-0.0010045306,-0.05879575,0.10864872,0.03368921,0.19838336,0.18551537,0.2656422,0.21678916,0.27145484,0.020691045,0.15362453,0.16776653,0.06266987,0.029673243,0.09204787,0.047191128,-0.25248486
-0.12112124,0.12913498,0.067186326,0.1058221,0.037075534,0.1800175,0.17939873,0.2933078,0.18980375,0.16254142,0.12030176,0.19540781,0.22080673,0.25545037,0.24971345,0.108524956,0.1573332,0.011075269
0.17395532,0.45043457,0.21391772,-0.041227616,0.4517436,0.46095157,0.30407405,0.34683472,0.2701763,0.28958863,0.037806794,0.23686072,0.22142628,0.39482832,0.20601258,0.122596145,0.1062233,0.023496125
0.15949121,0.3429774,-0.049947828,-0.012053363,0.38923383,0.32117087,0.24576333,0.30492613,0.29363823,0.2840327,-0.020389559,0.27064964,0.087117344,0.03050654,0.20317937,0.12369034,0.30757397,-0.1925143
0.5060386,-0.051893346,-0.034510817,0.025992187,-0.022114554,0.22050461,0.18269469,0.18628499,0.09296842,0.3006413,0.11784772,0.21518399,0.12010539,0.07433011,0.029455867,0.1360144,0.08881309,-0.2320213
0.17288949,0.41209388,0.1508858,0.062068023,0.37219846,0.34178913,0.3971886,0.33204746,0.08657015,0.19961545,0.11576286,0.17428713,0.2550251,0.12765414,0.24608284,0.09525135,0.33364445,0.2939304
0.32469308,0.15126447,0.30048698,0.4335066,0.13382603,0.01726117,0.1370579,0.23380886,0.15836632,-0.021089353,-0.15337616,-0.047309533,0.14627407,0.106210396,0.07621067,-0.115678675,-0.13302481,0.18309106
0.056591034,0.27147385,0.13093811,0.119663395,0.26664388,0.19049674,0.2448986,0.14994884,-0.0022145836,0.024492964,0.10181169,0.22689289,0.13776594,-0.028954655,0.21250734,0.13690767,0.43865073,0.24598308
0.3313207,0.053183764,0.24938308,0.10114187,0.17489249,0.20278655,0.30305016,0.16998874,0.12351407,0.09625116,0.2308507,-0.021645525,0.17340782,0.33215624,0.061637275,0.13108891,0.0057058046,0.27598798
0.46851248,0.23294672,0.5210398,0.1802898,0.26191694,0.25977805,0.23181696,0.33132094,0.23551376,0.062669575,0.057673138,0.14299728,0.21446961,0.28311923,0.14658388,0.06744308,0.0036033122,0.40082794
0.214376,0.2836804,0.020208087,-0.089298114,0.3636635,0.26593542,0.10287736,0.19261967,0.073144585,0.15326117,0.025234064,0.13700522,0.013110974,-0.027448133,0.14647767,0.09404844,0.22542691,-0.08482732
0.45397168,0.42928463,0.38570628,0.33956286,0.42127144,0.30931538,0.35017765,0.37758732,0.4292811,0.10414745,-0.015599615,0.24589024,0.3188829,0.12723425,0.30846518,0.15087347,0.2526424,0.31256428
0.009156001,0.0045752795,-0.1918402,-0.098366804,-0.1455524,0.010333146,0.077948004,-0.046677556,0.07304578,0.23132545,0.119581014,0.36553586,0.12356928,-0.08729135,0.10763042,0.13880971,0.1419507,-0.12146057
0.28007928,-0.035129935,0.09384003,0.42816103,-0.011891779,0.15982838,0.25042713,0.09525642,0.18742636,-0.030853098,0.24363187,0.16835786,0.26176962,0.027499378,0.14712064,0.106084086,0.16146833,0.17674193
0.19154726,-0.15557906,-0.112100005,0.30637258,-0.1049371,-0.0067628706,0.17370617,-0.20621738,-0.06462382,-0.14430371,0.19492397,-0.24198681,0.018560514,-0.09213649,-0.113191195,0.023615915,-0.06924872,0.16244528
0.14075278,0.075533226,-0.03529785,-0.04985481,-0.02202977,0.17818761,0.13629457,0.2733319,0.17165351,0.26621318,0.045570843,0.2968613,0.100153565,0.15579893,0.12996745,0.038385767,0.16298667,0.040050082
0.23616572,-0.076934464,0.35620227,0.27536696,-0.018152518,0.0057611084,0.12213599,0.015438904,0.03212772,-0.07375619,-0.035845563,-0.123962626,0.049794756,0.23122165,0.014889819,-0.013488414,-0.13747038,0.17789742
0.086024396,0.1453109,0.27795705,0.02324899,0.29504144,0.2674511,0.29582557,0.18528023,-0.008952075,0.08037932,0.18648988,0.08500572,0.17366597,0.16530293,0.14509735,0.19214734,0.29795527,0.48689687
-0.17009474,-0.2499978,-0.11594993,-0.15733233,-0.3147025,-0.048367105,-0.053503074,0.059428096,0.0075853453,0.052342497,0.23020883,0.15947306,-0.054078475,0.10931668,-0.090856105,-0.0056660445,0.04341984,0.03491511
0.24804643,0.27397642,0.098919265,0.16784981,0.21978858,0.4079414,0.1466215,0.094319865,0.0645158,0.031559777,0.1843853,0.100309104,0.13906786,0.032979563,0.037057035,0.08074279,0.14857714,-0.022059161
0.28728977,0.09753754,-0.0032973175,0.3900584,0.07137699,0.23909526,0.13720939,0.14384961,0.34602606,0.091950215,0.030293737,0.2152515,0.19996867,0.014037757,0.07170374,0.091153935,0.10262388,-0.12815097
0.2796624,0.2048111,0.14467889,0.09636695,0.15651253,0.43140197,0.29363436,0.40696234,0.26793918,0.29324478,0.018770667,0.30089706,0.2671407,0.24848904,0.11874916,0.11855898,0.15204522,0.06309961
0.12403664,0.5939596,0.15836293,0.037548274,0.49255157,0.48654976,0.41322225,0.40975466,0.29332688,0.26601532,-0.039696723,0.44900382,0.23080976,0.14671022,0.37835038,0.15030828,0.44273514,0.07791496
0.15366286,0.22781923,0.07078387,0.11175239,0.2253452,0.20556189,0.25955182,0.34728333,0.19858706,0.25192642,-0.04980164,0.26404947,0.17593646,0.20474538,0.15729962,0.08580643,0.21386242,0.041588664
0.36329564,0.46192688,0.24678656,-0.017569238,0.3397411,0.54865676,0.36373398,0.32465476,0.2624653,0.276214,0.07198267,0.48061156,0.26044077,0.17812285,0.34753567,0.21521369,0.41301876,0.03162202
-0.07341469,-0.022654783,-0.18532343,-0.12577946,-0.05491855,0.08647658,-0.036628507,0.2731306,-0.036313128,0.20811261,-0.0152820535,0.31441644,-0.029926434,-0.19609645,-0.039456084,-0.06450669,0.14763868,-0.22039872
0.37222964,0.23893052,0.31471264,0.030561626,0.20292106,0.26251626,0.11337152,0.23392855,0.14346148,0.07076547,0.091314375,0.14188011,0.08945709,0.17974558,0.14026877,0.024787588,0.08072674,0.18142241
0.09617266,0.37393808,0.04024153,-0.041363496,0.37704387,0.38618198,0.18042216,0.28296578,0.15902007,0.197457,0.032314047,0.19823703,0.102491215,0.09495728,0.1521128,0.06767285,0.20757686,-0.09527683
-0.17225198,-0.1228897,-0.29409862,-0.13792244,-0.29222628,-0.023970407,-0.10721443,0.0063955057,0.17471361,0.18845397,-0.017026894,0.2977901,-0.11734441,-0.038020246,0.02815271,-0.013188847,0.08891379,-0.34672907
0.11521916,0.03246234,-0.09090339,-0.036031745,0.018410131,0.18262127,0.0069963215,0.078707084,0.051889874,0.048292466,0.11985731,0.19196361,-0.0151860025,-0.1394055,-0.08884328,0.007646718,0.2014764,-0.097533084
0.18339208,0.34103507,0.07705507,0.08450705,0.37489134,0.28854132,0.28337216,0.44707072,0.09114507,0.2355921,0.12793711,0.21581009,0.2539448,0.008817149,0.2521768,0.19904235,0.38433784,0.12060937
-0.12517072,-0.30133188,-0.29460704,-0.08596542,-0.28604034,-0.213166,-0.042858623,-0.13264553,-0.2272627,0.055422142,0.022680745,-0.091692165,-0.082053736,-0.24698193,-0.028026894,-0.031606846,-0.07372124,-0.16810533
0.18771632,0.36820596,0.024821833,0.31071422,0.3481297,0.25456125,0.34802616,0.32223743,0.27213645,0.15060765,0.019349657,0.28170472,0.21270546,-0.0070771263,0.26660448,0.117680185,0.35160828,0.05931201
0.3499986,0.3206699,0.0704422,0.14356789,0.30001408,0.28100604,0.3752009,0.37840682,0.22317918,0.29720595,0.15176421,0.3188542,0.33394876,-0.004239026,0.33317685,0.1459063,0.37230098,0.029497392
0.23049827,0.23250481,0.21552688,0.15118265,0.18080416,0.32841033,0.23825927,0.21480522,-0.047010433,0.12457383,0.21194151,0.10344688,0.21450888,0.15397678,0.067030616,0.10167859,0.10124615,0.11272734
0.3573804,0.26466042,0.32288927,0.15271546,0.2902724,0.30044252,0.35682428,0.29356772,0.47664607,0.14477165,0.118953735,0.35007486,0.26919487,0.24277547,0.33949435,0.21945123,0.32360855,0.20780075
0.032870837,-0.15250435,-0.08060531,0.53127027,-0.15052831,-0.14985704,0.045641474,0.07678009,0.29852,-0.08002405,0.01033132,-0.0109902825,0.09251712,-0.20161659,-0.02416318,-0.05125308,-0.11973118,-0.0061708796
-0.026900442,0.07341206,-0.1429379,-0.059864067,0.06584907,0.21504268,0.05279757,0.04250557,-0.15523285,0.14548008,0.16768903,0.14905354,-0.0404751,-0.31419063,-0.12697065,0.06051785,0.18647069,-0.19648731
0.05872021,-0.03435144,0.1771631,0.1512346,0.049019836,0.13464534,0.2290551,0.033884548,0.04340034,0.019946516,0.28156424,0.10824566,0.15622501,0.069718674,0.011136854,0.20439644,0.22221601,0.24983877
0.19354033,0.48427093,0.27926767,-0.016866973,0.44774938,0.5040043,0.45681113,0.28324234,0.15907311,0.21750417,0.20394228,0.356328,0.2875152,0.18275993,0.3915578,0.20787421,0.49808004,0.33992907
-0.005089254,0.19326645,0.048659593,0.5734804,0.1452835,-0.1439219,0.10264677,-0.0032176897,0.11728898,-0.155004,-0.10839256,-0.11877732,-0.041421346,-0.05440429,0.00046805013,-0.1336371,-0.0827053,0.16687322
0.09099343,0.29980522,0.12572987,0.0073090745,0.29475263,0.2508841,0.14199284,0.27813888,0.2961316,0.13696934,0.1175562,0.2866518,0.22300728,-0.015316891,0.2795676,0.24754788,0.33410835,-0.07184518
0.3446861,0.24534553,0.3177848,0.16337323,0.3007636,0.18526834,0.25256273,0.36684665,0.30711418,0.13248426,0.14720243,0.17602062,0.3418717,0.032990944,0.21432418,0.20004788,0.14799151,0.10241096
-0.046768256,0.18063585,-0.06382642,0.04594148,0.120441645,0.291373,0.1225215,0.14599335,0.032764163,0.13839424,0.04271978,0.15135029,0.09424508,-0.0101077,0.06311978,0.12966502,0.18500791,-0.21076849
0.28211546,-0.051784087,0.08518496,0.29153484,-0.030666364,0.08275677,0.136004,0.13024326,0.13997477,0.01126015,0.1495156,0.15207742,0.13994977,0.092026174,0.061048713,0.06924836,0.18680105,0.246656
0.05077903,0.3312965,0.34264547,0.039880335,0.3582151,0.2833241,0.36897323,0.13813782,0.08108432,0.091124,0.25599355,0.28966057,0.2065978,0.21228902,0.2861199,0.24457419,0.44759858,0.4026022
0.05300992,0.04554051,-0.06719252,0.1815395,0.022587158,0.101359144,0.1335862,0.20161471,0.1413041,0.21344471,0.0033086198,0.27423066,0.090328015,-0.039871037,0.11796869,0.10998,0.23909943,-0.18365663
0.16801447,0.3323691,0.27670035,0.0941166,0.33663055,0.35522753,0.31206754,0.19325736,0.15329754,0.1299838,0.31367898,0.23122391,0.26653305,0.19559312,0.12043604,0.24159008,0.2527036,0.3764247
0.33451012,-0.032495633,-0.11915761,0.15145735,-0.02147081,0.20602527,0.11566375,0.09166828,0.02965137,0.15263513,0.17710431,0.12719274,0.13675609,-0.08597842,-0.008157486,0.089658,0.10072052,-0.23021007
-0.048517812,-0.09776068,-0.34095025,-0.15961525,-0.09395646,0.021538446,0.013280986,0.006165197,0.17972657,0.15525769,0.2919761,0.16480578,0.046294115,0.035703015,0.0779281,0.10902799,0.08346362,-0.24423756
0.13699797,0.25123417,0.04884272,0.3536143,0.21838394,0.05894675,0.15939045,0.21293697,0.17338648,-0.05759146,0.035657234,-0.05542764,0.16574621,-0.1596292,0.17906143,0.013203766,0.058990974,0.18161866
0.17624755,0.41706502,0.5077251,0.20592633,0.40587848,0.2969185,0.435973,0.15154715,0.114735276,0.033053298,0.16513062,0.14379759,0.29535112,0.35000885,0.24544483,0.16411003,0.14603415,0.59370697
0.17601016,0.12863702,-0.058331784,0.09743798,0.14483443,0.35176283,0.2533857,0.1679604,0.2425001,0.11883029,0.16541201,0.12081955,0.23142758,0.046811037,0.1713569,0.16600117,0.1912471,-0.13796328
0.41834593,0.37230778,0.14790936,0.26813006,0.43711844,0.3369851,0.41728812,0.39044243,0.39283937,0.25487974,0.13964248,0.3187515,0.37460083,0.051271975,0.3689599,0.25452423,0.38029143,0.034137122
0.27543816,0.27617845,0.14497808,0.089059435,0.2517806,0.28553066,0.23210537,0.3237747,0.084807865,0.22004884,0.17723964,0.27019832,0.2899294,-0.041940212,0.08110468,0.1058234,0.17027499,0.049796008
0.3727004,0.31676814,0.20098379,0.120291956,0.2543405,0.40406552,0.19935156,0.27738455,0.14207262,0.1589528,0.09426361,0.29888332,0.2581999,-0.046262953,0.17966138,0.21325877,0.28393435,-0.015966188
-0.0013199854,0.15644127,0.008669617,-0.036690205,0.11878762,0.28021562,0.22703221,0.20447296,0.17032006,0.24356861,0.26264644,0.23756476,0.10028234,0.45043164,0.07992181,0.13093412,0.09002251,0.0020938828
0.10315581,0.2998279,0.04105471,0.0051896516,0.29502794,0.34730527,0.25821134,0.29711354,0.41776934,0.26398796,0.023657773,0.2984125,0.13496065,0.37923077,0.27998853,0.1260698,0.24722165,-0.051066294
0.011234241,0.51116586,0.13688728,-0.087604806,0.4562866,0.5076395,0.36740115,0.4161935,0.11420411,0.2956713,0.052152038,0.42201185,0.22072911,0.12540483,0.3406192,0.12207514,0.43172157,0.116377845
0.16296247,0.20489293,0.10762858,0.122951485,0.1893626,0.26411176,0.25145108,0.23368685,0.16152343,0.26233062,0.29273462,0.3062296,0.24568401,0.117170155,-0.011623687,0.25234967,0.11888471,-0.041583523
0.060803086,0.3348611,0.3506887,0.18700448,0.32487944,0.2957613,0.2247357,0.32069552,0.2480094,0.15081836,-0.094786815,0.2259538,0.26911044,0.17928201,0.16336644,0.07921398,0.043494653,0.15715021
0.080682255,0.24197413,0.0420394,-0.054480646,0.2330005,0.27068967,0.17767386,0.43954834,0.35143554,0.29008502,0.054211702,0.32543808,0.15801463,0.23909476,0.13233986,0.08218836,0.16466805,0.016607758
0.0509605,0.03945998,-0.082550526,0.003537164,0.12251245,-0.027838334,-0.045981854,0.06002595,-0.06790125,0.13418892,-0.040246703,0.033701167,-0.06977549,-0.27912492,-0.054782197,0.021134922,0.12497259,-0.17662656
0.17685314,0.30885154,0.025144512,-0.07437357,0.26471215,0.30384701,0.13216643,0.2875953,0.10856835,0.23536155,0.031493068,0.34350538,0.102503374,-0.13785578,0.15439817,0.06862832,0.28389254,-0.11022736
0.5243368,0.17459843,0.3482457,0.1877707,0.1952117,0.24873671,0.2423531,0.06925397,0.117764264,-0.056777075,0.2033838,0.0507147,0.14993262,0.16368441,0.08137126,0.14247276,0.1261824,0.2694731
0.07580342,0.3988465,0.30440515,0.3832901,0.2887609,0.19969279,0.15016171,0.14666411,0.29381996,-0.1249996,-0.05501496,0.16368511,0.15186477,-0.044654198,0.18697192,-0.004418584,0.103313565,0.24160856
0.45613122,0.34855986,0.42518246,0.10538344,0.35879433,0.3998377,0.1885769,0.33564192,0.2096549,0.16305187,-0.00093485136,0.17373465,0.21687387,0.13128021,0.19283038,0.09499927,0.13176721,0.12588467
-0.13910985,-0.25878742,-0.34620604,-0.13697039,-0.2323409,0.08425145,-0.08714119,-0.18179257,-0.30390614,-0.007252694,0.061355602,-0.13827556,-0.19334224,-0.15771794,-0.09606589,-0.106202774,-0.03354445,-0.16571262
0.2423643,-0.14041804,-0.19904839,-0.12855224,-0.06440152,0.15820599,0.06327997,0.19020684,0.09260641,0.2676674,0.03925237,-0.0061206925,0.0518091,0.11056653,0.045638137,0.07041444,0.018066904,-0.21209651
-0.1300237,0.2669556,0.056698598,-0.019851878,0.14645776,0.27009106,0.06502397,0.24189256,0.25411403,0.21350935,0.052709743,0.30813974,0.11219356,0.12170858,0.13426109,0.123849094,0.10154079,-0.17333414
0.100569814,0.48372114,0.1446307,0.002083227,0.4804992,0.41557628,0.42589527,0.47509414,0.19407785,0.29185545,0.13029057,0.37224585,0.30717903,0.023698986,0.4727896,0.21756017,0.5456362,0.049371935
0.15448174,-0.022817396,-0.032400154,0.013600105,-0.044517748,0.13409509,0.16687599,0.21461192,0.16679436,0.22405857,0.27412707,0.3187747,0.16862395,0.026542667,0.054022335,0.2172916,0.2693256,-0.08952873
-0.03585175,0.03523157,0.1575442,0.0128270555,0.083249405,0.14028582,0.17047027,-0.010024788,0.0054847775,0.030768618,0.2677076,0.1514916,0.052446794,0.10574983,0.040297464,0.21126954,0.2988227,0.24519122
0.12374145,0.2157313,0.38202435,0.28028435,0.2928019,0.21758473,0.24184945,0.45959917,0.291614,0.14837864,0.03236532,0.29461643,0.34027022,0.11016801,0.22444126,0.15632823,0.24141306,0.37738305
0.29430336,0.47243714,0.29022285,0.17990825,0.4390329,0.3095407,0.38145176,0.31136024,0.2427312,0.16505371,0.096493125,0.14750886,0.3222261,0.117720485,0.3096003,0.13714051,0.23458853,0.13152134
0.49666893,0.47543472,0.33243835,-0.004492231,0.46397248,0.40790665,0.44242328,0.48365867,0.22852957,0.26564062,0.094859615,0.31595182,0.2835076,0.2144666,0.35521233,0.15726501,0.3549499,0.27321386
0.32687974,0.46216846,0.32466516,0.2838726,0.41889462,0.30978623,0.30225104,0.12170321,0.15508187,-0.094051495,0.12514521,-0.033171076,0.21611932,0.0652919,0.1840431,0.06359781,0.008761813,0.37447196
0.29191488,0.12298529,-0.02987139,0.18917891,0.1313508,0.2153699,0.13632958,0.3020702,0.06756401,0.1572091,-0.027756251,0.2045149,0.084503576,-0.061723858,0.022414522,0.0011548201,0.23722963,-0.0932091
0.21983975,0.4121465,0.07680948,0.06893906,0.3701399,0.4448135,0.3794217,0.3238361,0.14078207,0.33969676,0.15679908,0.2573228,0.31146085,0.053906556,0.3415241,0.2496639,0.35331696,-0.042654965
-0.11803636,0.15101483,-0.09829514,-0.13764751,0.045859486,0.26014203,-0.00081448327,0.2816462,0.15597403,0.18777286,-0.011920938,0.43185097,-0.033021085,0.0032911766,0.07163778,-0.0010529077,0.23039117,-0.24113974
0.32975873,0.109026894,0.24860547,0.35443258,0.059809636,-0.0004042331,0.046005137,0.049313344,0.20371532,-0.13929223,-0.1032896,-0.06132951,0.022464573,-0.029559666,-0.033793133,-0.16343175,-0.19535515,0.1672957
0.027588442,0.15600035,-0.107845396,-0.059621286,0.16072363,0.21133313,-0.0045477175,0.17756817,0.11527711,0.16175687,0.08500408,0.32210553,0.01445584,-0.20189798,0.07392886,0.06332645,0.28590834,-0.3524922
-0.10340603,-0.28796223,-0.20999289,-0.20691979,-0.2564366,-0.0721729,-0.16224223,-0.15460329,-0.17660746,0.04301893,0.026653504,-0.0912988,-0.15502903,-0.094139904,-0.23967743,-0.01908216,-0.24979404,-0.27350685
0.2172738,0.44628426,0.38745534,0.033760235,0.29253307,0.37631804,0.4354427,0.2489726,0.12271467,0.2333478,0.22600295,0.42435533,0.28769898,0.25177157,0.23473191,0.22028002,0.32504892,0.3539017
0.42276374,0.5075637,0.48176798,0.28071934,0.4231134,0.34316278,0.4529906,0.26430973,0.26398373,0.051632695,0.036540024,0.18918774,0.27588844,0.24197447,0.35153073,0.084883206,0.1911026,0.46332538
0.1354916,0.13250199,-0.0065291645,0.49383944,0.16118202,0.062130842,0.18503186,0.19449396,0.32308143,0.046041995,-0.03833633,0.015737545,0.19624051,-0.008105436,0.10726845,-0.016118232,0.0047109425,0.016158447
0.37759435,0.007264889,0.16157159,0.42190328,-0.030249655,0.10995754,0.33871228,0.10603286,0.19251156,0.077683195,0.13757885,0.1049288,0.31723619,0.06629015,0.1798138,0.14154181,0.051011853,0.21041498
0.20676476,0.1283437,-0.24772474,-0.04777644,0.05879429,0.15626329,0.17976828,0.025577351,0.24815026,0.27086952,0.09561305,0.2652496,0.07375954,0.103196695,0.14270858,0.14720976,0.18711205,-0.15091172
0.13086665,0.22066888,0.013373693,0.12468594,0.12751351,0.24397242,0.19697794,0.10688653,0.18702936,0.08980301,0.28918648,0.23094161,0.2468811,0.055291366,0.22126602,0.19050902,0.29463094,0.049878255
0.1200465,0.08825827,0.09734552,0.19130665,0.16197206,0.14036056,0.18246399,0.13111052,0.18037724,0.04645878,0.21063612,-0.008274497,0.18323931,0.17587614,0.0324883,0.13954373,0.07647767,0.15292907
0.07554087,0.2978347,0.026094787,0.041426808,0.30066115,0.3983376,0.25089693,0.37082678,0.15395467,0.1475555,0.028179325,0.26709455,0.12935326,0.060496517,0.31752956,0.09156374,0.41557026,0.011854004
0.003348954,-0.15390408,-0.25776768,-0.17921866,-0.10961458,-0.0031491902,-0.06136493,0.27091253,0.15143886,0.2664305,0.016570099,0.13541463,0.007930815,-0.032175824,0.06921532,0.054522846,0.1294208,-0.21122277
0.32616043,0.15725537,0.2507186,0.035765946,0.1328305,0.22395962,0.04013423,0.17727959,0.0499677,-0.02555677,-0.042139646,0.08730745,0.06169706,-0.034722272,0.059145663,-0.058176517,0.059005186,0.042605177
0.16586442,0.19264188,0.3272503,0.3527282,0.14394325,0.20380917,0.05573845,0.10958119,0.3383078,-0.098229505,-0.07057436,0.095509216,0.11626084,0.1102411,0.04761236,-0.024611082,-0.072309345,0.23716669
0.1877313,0.39391398,0.18933855,0.30660516,0.38963008,0.22915187,0.32437524,0.2629871,0.27725518,0.050601497,-0.010840777,0.2719013,0.21878442,-0.066372335,0.25265467,0.08179203,0.31320807,0.3188235
0.06879921,0.24030098,0.063136816,0.44708174,0.19684777,0.15811649,0.25141314,0.32377136,0.35283422,0.13893801,0.05309903,0.29625058,0.22164531,-0.010461289,0.1489563,0.08582939,0.15774216,0.07105924
0.10852418,0.4138617,0.111009,-0.03299657,0.40970474,0.5098162,0.3827964,0.3016702,0.12589094,0.25613117,0.16377573,0.48881912,0.21139571,0.072309956,0.3077559,0.20692798,0.53584313,0.119658485
0.030556146,0.29137656,0.06321602,0.06763342,0.23343162,0.29535615,0.22823149,0.39316297,0.18521142,0.20957297,-0.043206185,0.4106611,0.12179105,-0.025036499,0.18926123,0.067869745,0.42110598,-0.02115373
0.106450245,-0.13498905,-0.1380833,-0.10231124,-0.1144575,0.023006082,0.17546444,0.08414607,0.2180323,0.21076904,0.24459548,0.31070417,0.06957624,0.09343786,0.193807,0.21598712,0.29968137,-0.20327386
0.0001740586,0.04418461,0.022435024,-0.17244866,0.069231,0.08650835,0.025214924,0.26383567,0.10541101,0.21457173,0.18854162,0.1980162,0.07062399,0.15255903,-0.04843972,0.100368366,-0.027085656,-0.025125023
-0.16186596,0.043022357,-0.017195143,0.07600074,-0.018886298,0.1838744,-0.0008588281,0.25894046,0.17654273,0.16992462,-0.07186787,0.28821045,0.051387228,0.08099367,0.06297721,-0.024416596,0.15360019,-0.21708947
0.35287645,0.0016635405,0.06119276,0.47373474,-0.037640236,0.0064228512,0.17622897,0.078142405,0.22174105,-0.12421335,-0.08801392,-0.04405701,0.057760827,-0.04223513,0.060356133,-0.08536713,-0.022780096,0.06737651
0.099957675,0.48342386,0.32959807,0.021709785,0.43956244,0.3053797,0.3533765,0.41330516,0.17109671,0.21640404,0.21770692,0.37226966,0.35967055,0.1686022,0.29600835,0.21145278,0.30164993,0.36044568
0.38798046,-0.01832902,0.0987078,0.47575969,-0.00016299752,0.011518856,0.30020964,-0.03355873,0.0068544555,-0.07573117,0.13787453,-0.05496548,0.120578036,0.014256025,0.05070351,0.004309217,0.055000518,0.40218753
-0.17364782,-0.07936083,-0.40411612,-0.121000916,-0.17696199,0.11034484,-0.07825557,0.022112293,-0.0036927883,0.18413594,0.04908275,0.1621919,-0.12848099,-0.07497054,-0.027621362,-0.03710708,0.09126093,-0.31708357
-0.040358827,0.3176248,0.034715913,0.07478544,0.2252898,0.34485686,0.33257845,0.4762509,0.21814151,0.26812977,0.06492515,0.3355056,0.28206995,0.04421199,0.39226133,0.11023703,0.3870424,0.086866416
0.16019467,0.48745292,0.36718583,-0.016998593,0.38286233,0.43924093,0.24849033,0.17948756,0.16780946,0.15485525,0.07658376,0.26145375,0.11845253,0.32665032,0.16228956,0.09424905,0.09635971,0.11767624
0.16848838,0.104948655,-0.16184534,-0.060668647,-0.027304815,0.105735555,0.12749779,-0.04148811,0.085296765,0.24570605,0.1437268,0.4377278,0.18755618,-0.17096995,0.12680812,0.2036038,0.2578388,-0.093866065
0.15655491,0.25850248,0.23135364,0.3942303,0.22671339,0.21740302,0.10671727,0.12348029,0.23780188,-0.14475435,-0.06332213,-0.053331047,0.06660508,-0.012976203,-0.037862003,-0.07083537,-0.14367136,0.12241959
0.2255435,0.20110436,0.26736602,0.5195081,0.20349702,0.03688738,0.10732475,0.07887151,0.29254392,-0.11467177,-0.08409916,-0.08865875,0.07143134,-0.1291587,-0.020251134,-0.04959154,-0.13861296,0.21092847
0.083617985,0.50342554,0.22734624,0.031088874,0.39098802,0.46469116,0.39774013,0.37630683,0.27036962,0.21914513,-0.027792353,0.24803501,0.21714304,0.2969667,0.28794587,0.038853552,0.20698568,0.17821604
0.12487075,0.22181852,0.03497709,-0.007129058,0.23778908,0.25771353,0.12538259,0.45259643,0.15054649,0.24392715,-0.06413502,0.36982486,0.15783308,-0.06938723,0.20031121,0.11017903,0.39647388,-0.0027406686
0.16579399,0.25685155,0.2581762,-0.0036899317,0.35341176,0.27458507,0.31707805,0.13811411,0.12786229,0.0846947,0.25879043,0.1979937,0.14708571,0.112432756,0.21354231,0.26944065,0.4435003,0.35491925
0.09807481,0.1946519,-0.111027636,0.036748603,0.23532325,0.32392883,0.12568332,0.11258905,0.113404766,0.17752257,-0.00819742,0.090852164,-0.015829409,-0.06287697,0.083709046,0.06213925,0.17914495,-0.25983965
0.123072356,0.28634402,0.073654294,0.26297492,0.2379362,0.2596927,0.2636444,0.27873558,0.3054852,0.15882581,-0.011365233,0.2020169,0.27710027,0.08484876,0.20886704,0.030843763,0.13601327,-0.033755235
-0.0927609,0.048128553,-0.18639004,-0.06871708,0.095201775,0.1306284,-0.013936518,0.1631923,0.24794093,0.1415431,-0.0054119453,0.19677185,-0.081605494,-0.101505935,0.10388453,0.04824263,0.2023693,-0.38155526
0.13578796,0.30134293,-0.0487398,0.15592998,0.24564657,0.27537566,0.32035425,0.39757442,0.21555378,0.2846678,0.07205118,0.3350138,0.18077444,0.14597896,0.22227253,0.10780955,0.34139013,-0.0066626216
0.43609262,0.31578872,0.16008338,0.08207646,0.34001148,0.26482183,0.35637015,0.27597958,0.4738696,0.21190572,0.14264396,0.33827907,0.28884265,0.09493125,0.32487425,0.23325938,0.3605497,0.14116159
-0.08046378,-0.04918482,-0.19940835,-0.028563412,-0.028484143,0.07906021,0.13049904,0.2336849,0.111901,0.08267678,0.093230665,0.16775635,-0.0020595565,0.07909132,0.25764444,0.035642996,0.3459584,-0.10488239
0.10070301,0.44030964,0.09564432,0.056359816,0.33558953,0.33929822,0.37733552,0.2895475,0.22443575,0.2659693,0.17390874,0.3651864,0.21896902,0.1947904,0.3712756,0.18474883,0.40526223,0.12878494
0.27437067,0.4234518,0.019311987,0.047935754,0.42067695,0.3912616,0.35643676,0.15303373,0.26607686,0.23213983,0.10823445,0.29752687,0.17786422,0.022881206,0.30948913,0.2631851,0.3867793,-0.050652437
0.019062303,0.34695446,0.062808126,-0.11532803,0.3626542,0.30455,0.24705985,0.33565435,0.30616096,0.20300528,0.2571569,0.30132657,0.22661406,0.20336081,0.2832807,0.16624105,0.28394616,0.020529503
0.09860425,0.47795433,0.23309751,-0.008156568,0.349432,0.44648927,0.28913027,0.29366696,0.24409756,0.24798122,0.04121954,0.46098876,0.22797313,0.14194444,0.26963377,0.13991582,0.30384445,0.0120099345
-0.05169282,0.28370982,0.2543772,0.15374902,0.27484873,0.36514962,0.23344192,-0.052023266,-0.251277,-0.09786585,0.18335834,-0.06544285,0.05023463,0.13427708,-0.047584668,0.044188462,0.005792047,0.3437786
-0.07069564,0.38139606,0.19083764,0.30104664,0.35231227,0.3037595,0.192773,0.3266041,0.3757887,0.07121156,-0.06431689,0.3068463,0.16130513,0.12013568,0.23892736,0.04840464,0.1987494,0.14688522
-0.11609132,0.19906697,0.2477885,-0.12882787,0.18414608,0.2922708,0.25458667,0.18985462,-0.00045714807,0.23365782,0.13735761,0.10383697,0.15839803,0.4749505,0.15815794,0.17185697,-0.02557651,0.1739496
0.08930926,0.2560201,0.017783578,0.42684498,0.23228078,0.08921722,0.13766533,0.0931483,0.10238589,-0.039101727,-0.01795289,-0.05507574,0.019634241,-0.007649311,-0.026703697,-0.06316578,-0.0038412726,-0.004144887
0.23793176,0.4200877,0.29226732,0.05348845,0.3980457,0.43036145,0.4105606,0.25294483,0.2795577,0.20742917,0.037352927,0.2789847,0.18472388,0.3394674,0.21625656,0.17775707,0.19091392,0.12597516
0.3234738,0.092603356,0.04906749,0.49586332,0.036773924,-0.03898236,0.25145733,-0.10291525,0.110200174,-0.12715021,0.05563476,-0.12793374,0.009370709,0.054308042,0.025829993,-0.07180824,-0.086190894,0.21978538
-0.0067596515,0.2033802,0.074948624,0.37096828,0.10400012,0.106478095,0.20435369,0.019336328,0.04919481,-0.0077012964,0.005060467,-0.002795332,0.09374063,0.10839105,0.01806423,-0.021268804,-0.02338887,0.06542284
0.04399743,0.2608647,-0.0022332384,0.10861249,0.19510183,0.28898942,0.18426943,0.40539938,0.239606,0.2021316,0.04182306,0.32366562,0.22518128,-0.043657936,0.19282284,0.11683904,0.30014223,-0.13469076
0.16512638,0.16156629,-0.11377012,-0.037156064,0.1748161,0.27010447,0.20236793,0.2868751,0.09606546,0.2646877,0.07218014,0.18207604,0.16471806,-0.027801998,0.19588965,0.17142865,0.27061582,-0.24749969
0.27986258,0.1512206,0.2872057,0.3053223,0.11082459,0.17325976,0.28098214,0.20476453,0.15769665,0.11318802,0.019584604,0.09209876,0.17766428,0.33572078,0.10845895,-0.024972806,-0.016169503,0.16686586
0.17393482,0.41540647,-0.013043474,-0.033924647,0.38703877,0.49524263,0.38819364,0.40508437,0.26606616,0.351959,0.0892196,0.2805794,0.24295619,0.21432579,0.3201379,0.121392444,0.29744053,-0.026173707
0.10483499,0.22733888,0.086089596,0.12094481,0.23369926,0.35129827,0.15867972,0.39289296,0.32237723,0.12028216,0.014636054,0.40391853,0.14855778,0.0027991477,0.20494026,0.05924813,0.31451046,-0.063880414
0.29903454,0.37841582,0.19598107,0.21626464,0.39995462,0.43939903,0.30247802,0.3737504,0.367816,0.13577381,0.12731567,0.29248917,0.36101094,0.04240206,0.40153223,0.21275817,0.38428795,0.14278874
0.20112136,0.41959196,0.3001709,-0.01826377,0.428333,0.35631692,0.371697,0.4482835,0.23813345,0.27050576,0.21995094,0.3178633,0.32726204,0.26063064,0.341439,0.24317372,0.3216735,0.33251014
0.09275156,0.07289672,-0.12956491,-0.03365455,0.13520204,0.17168029,0.093014,0.4019575,0.20338745,0.30593127,-0.050356437,0.1915894,0.11307755,-0.0399124,0.069597736,0.021858938,0.15149102,-0.27913904
0.27639663,0.5065867,0.15079455,0.26660872,0.5024708,0.431575,0.42313492,0.28222173,0.42873877,0.15561819,0.048101023,0.2663603,0.28200528,0.13570522,0.3107404,0.123805925,0.24834415,0.16276893
0.09210576,0.14745536,0.2566352,0.4278654,0.14804617,-0.020850783,0.13449667,0.12897867,0.24107417,-0.09912439,-0.14943086,-0.09801704,0.12605815,0.0496578,0.06785037,-0.056898393,-0.1087956,0.24396282
-0.039076075,0.0378011,-0.012524333,0.061833847,0.11623584,0.16395108,0.142131,-0.054428615,0.105499975,-0.01654361,0.2792824,0.054712452,0.032810155,0.07412641,0.047704607,0.20316118,0.2985273,0.034530863
-0.022987004,0.32583344,0.0037787443,0.17268246,0.2055974,0.34972525,0.29835588,0.2810279,0.22764821,0.19654036,0.075589806,0.4286031,0.1726977,0.11625541,0.30227745,0.13384023,0.42762828,0.02614959
0.15173337,0.54529846,0.09146133,0.12888394,0.4851799,0.49596184,0.4224445,0.45976064,0.27614808,0.2898724,0.021954123,0.4072501,0.2839108,-0.020710386,0.40903673,0.1738849,0.49749827,0.03865733
0.15967512,0.4469366,0.12636864,-0.07912678,0.4622143,0.35173798,0.40427327,0.3868397,0.26297414,0.32789856,0.1253973,0.3229562,0.21865332,0.21464184,0.34924564,0.2093009,0.3274627,0.114653215
0.31928802,-0.029278364,-0.03166081,0.41922897,-0.06770747,-0.07996199,0.14678337,0.065578714,0.20094703,0.0007079048,-0.05978266,-0.039604545,0.08671059,-0.05026662,-0.0071810824,-0.08745137,-0.14623469,0.035316646
-0.05551459,0.012017485,-0.12405999,0.23732552,-0.05884099,0.104494974,-0.024944834,0.09458417,0.19877192,0.06143987,0.029486958,0.2983747,0.08915314,-0.036455084,-0.07059507,0.02834584,0.06539636,-0.11349848
0.012248876,0.20778349,0.09988095,-0.05195758,0.2803129,0.2119571,0.26004973,0.22320578,0.067102626,0.1394492,0.32097346,0.15343615,0.106460795,0.119314596,0.12770694,0.15215604,0.3198225,0.23708488
0.11060339,0.07680477,0.13497499,0.11927599,0.014842745,0.18102053,0.19158049,-0.016833913,0.034040757,0.23991549,0.1581102,0.23864469,0.24172649,0.103439264,0.059875388,0.20982674,0.06215057,-0.012918948
0.24934758,-0.21176942,-0.14666194,0.36718276,-0.1989334,-0.24912104,-0.024975974,-0.16153623,-0.056560848,-0.17461304,-0.0372902,-0.22730498,-0.105730295,-0.14411876,-0.17849696,-0.19701147,-0.18823846,0.018768381
-0.03204021,0.4176728,0.03259948,0.2905975,0.33756274,0.24666503,0.31128317,0.28043845,0.2124497,0.1822902,-0.01620829,0.20866226,0.16261864,0.017405784,0.2566955,0.101563975,0.3112796,-0.036021043
0.0856209,0.14447784,0.38754442,-0.050507832,0.24855703,0.28034544,0.13830873,0.07722877,0.009803786,-0.08339821,0.12207219,-0.15833984,0.07334906,0.25277764,0.04114004,0.11528907,-0.057438396,0.3102586
-0.14534366,-0.15961462,-0.31265706,-0.16757667,-0.27689373,-0.025896002,-0.12097782,-0.0068138484,0.031500015,0.18787524,0.09773186,0.38097936,-0.10331475,-0.18731561,-0.18673515,0.0572431,0.06776428,-0.4011114
0.11538641,0.61985725,0.23850581,0.01798601,0.5792521,0.4925598,0.49257427,0.33846146,0.15233159,0.20849761,0.094707325,0.33341336,0.27662995,0.15252961,0.34655243,0.19230998,0.40590054,0.27720648
0.45093435,0.25490698,0.2624809,0.42580575,0.22648619,0.1323908,0.249903,0.15456271,0.37192628,-0.023746064,-0.05334169,-0.008431415,0.11638282,0.09477228,0.11985773,-0.027062833,-0.06879663,0.28170753
0.20007278,0.37453723,0.2648457,0.028466787,0.4024772,0.3223833,0.21568316,0.32934302,0.38401914,0.22320199,0.016342854,0.2773455,0.2628928,0.17744762,0.38771737,0.28169933,0.3417613,0.08389848
0.1206397,0.44730872,0.20928779,0.17516647,0.37152356,0.41972962,0.32566595,0.21968946,0.30441427,0.097043775,0.10255722,0.22466123,0.277301,0.12492722,0.3037067,0.18771467,0.2721557,0.012659391
0.06580332,-0.08153879,-0.0752866,0.1372762,-0.043133117,0.15849923,0.16424693,-0.03598337,-0.032001853,0.088191435,0.21881974,0.091919966,0.04749728,-0.014989667,-0.01668973,0.1627692,0.14798027,-0.12305131
0.08324838,0.3278417,0.04867888,0.2561596,0.34447175,0.27437383,0.19252843,0.3647202,0.31771067,0.11555639,-0.0029182183,0.37958908,0.17753734,-0.023683231,0.22796515,0.08967296,0.36468056,0.04417588
0.5347725,0.016953688,0.29271632,0.27628377,0.052799232,-0.0399179,0.04767235,-0.025484258,0.22444832,-0.12740365,-0.04631117,-0.21373227,0.01381634,0.06420101,-0.085861064,-0.033122424,-0.3012465,0.18823539
0.37259445,-6.593857e-05,0.20706725,0.32910243,0.020473424,-0.19433853,0.020038543,-0.09433671,0.0222337,-0.18171713,-0.055119418,-0.22616364,-0.089787066,0.038615562,-0.09100575,-0.13928327,-0.21926911,0.32422066
0.15070811,0.40340996,0.09407194,-0.035580337,0.3728925,0.3152656,0.28114143,0.20411086,0.31841892,0.19957328,0.25717315,0.31917697,0.18604112,0.41697526,0.29543662,0.21900445,0.22281985,0.034362532
0.12510392,0.11540371,-0.13861467,0.33666623,0.07280169,0.03581346,0.09233016,0.095431715,0.22965263,0.037834615,0.052363448,0.20320731,0.03026684,0.007511762,0.042043976,0.011491561,0.13149938,-0.060967587
-0.0029303217,0.09517438,-0.12253029,-0.12741202,0.096813485,0.23442589,0.016607499,0.32447883,0.07653813,0.13234974,0.04937671,0.30510426,-0.011518639,-0.086445004,0.11663738,-0.017300487,0.32991797,-0.08374596
0.08605807,0.35759377,0.26710987,0.45523092,0.28693867,0.29189694,0.34808648,0.18646885,0.3039264,0.018428138,-0.032899596,0.19162284,0.22475696,0.21766771,0.2429738,0.024233252,0.10825097,0.2911138
-0.15937808,0.12152584,-0.2174441,-0.10241336,0.05395396,0.22275025,-0.0009150946,0.16336975,0.036107652,0.2102763,-0.035578653,0.23076399,-0.048064873,-0.06895687,0.023305498,-0.01526826,0.15594713,-0.37495676
0.047720972,0.21904968,-0.022490088,-0.10830128,0.22893913,0.30468452,0.12741488,0.33397418,0.18565497,0.17501831,0.07178531,0.20387205,0.0141816875,0.13577902,0.18715432,0.0048583844,0.18069455,-0.116362676
0.0077128704,0.40190715,0.2226884,0.17742082,0.34962708,0.32740474,0.43574083,0.24219282,0.2584929,0.1785452,0.15872172,0.2519254,0.26687396,0.37918127,0.3216359,0.19872059,0.26092494,0.17466733
0.048456337,-0.12897517,-0.06952389,-0.05617299,-0.10984258,0.12297844,0.22437972,-0.124260545,-0.05813718,0.034329135,0.43976694,0.017274758,0.03155539,0.13448316,-0.019538714,0.13303256,0.13261282,0.23273616
0.15769932,0.4975242,0.08053085,0.06536421,0.48230007,0.4528343,0.29697305,0.44175863,0.27096903,0.27604443,0.04998804,0.3601581,0.29685375,-0.016958218,0.3213719,0.15815951,0.4064182,-0.015819762
0.066266835,0.20768704,0.04261006,0.10763044,0.2523181,0.16521084,0.3010533,0.21473616,0.0233566,0.08581412,0.05008944,0.15740213,0.120814204,0.11998139,0.32724732,0.130032,0.44443688,0.16875519
0.28308636,-0.03614509,-0.065891095,-0.12601261,-0.023486042,0.21152544,0.11280672,-0.008403609,0.03134674,0.18502957,0.0838287,0.019680668,0.0283656,0.3564122,0.0142474035,0.059532423,-0.08083722,-0.13940325
0.27351272,0.44180402,0.31695572,0.28683054,0.4325245,0.17455822,0.37853843,0.24431181,0.10870004,0.00721151,0.093349494,0.052033845,0.24727643,0.15307227,0.24841239,0.07380117,0.18571241,0.38358217
0.015980665,0.11007932,-0.07929147,-0.045522906,0.12563936,0.23235555,0.16281836,0.33471555,0.08004473,0.118572176,0.17145908,0.26409572,0.09229542,-0.026591817,0.2330674,0.05863568,0.43543568,-0.014231814
0.17381123,0.0991542,0.14547032,0.39994088,0.1301325,-0.16556536,0.05635681,-0.088640675,0.026348848,-0.2581787,-0.030718556,-0.2225537,-0.070028074,-0.13470438,0.015087204,-0.12616976,-0.034629736,0.31071877
0.38112307,0.21186055,0.2566975,0.46107444,0.17153993,0.06510582,0.12023115,0.2280666,0.28795326,-0.055711664,-0.028581157,0.04277028,0.19709468,-0.044532087,0.116787374,-0.0045758775,-0.021915277,0.22084907
0.030212188,0.19546247,0.13126469,0.27682376,0.18493056,0.29993325,0.2535435,0.17432356,0.08616312,0.03973507,0.17189997,0.21919349,0.23278776,0.12152785,0.18372346,0.16589433,0.3539195,0.27165404
0.051570147,0.04930305,-0.080135256,0.38040975,-0.044225648,0.002575804,0.16780514,-0.15248573,0.02172497,-0.052102897,0.025194712,-0.055276785,0.02111636,0.0053161825,-0.0799849,-0.03844679,-0.10073161,0.05325569
0.45823523,0.42785898,0.380336,0.08622055,0.39409745,0.46314687,0.35206908,0.17935932,0.17432684,0.13585432,0.06684628,0.17165539,0.19530208,0.2707147,0.21023758,0.10991904,0.09913333,0.15966864
0.06723487,-0.038959973,-0.012888951,0.3968622,-0.014258879,-0.0064629507,0.1998081,-0.0856592,-0.08197221,-0.064747915,0.114601,-0.15141496,0.08527303,0.101880856,0.03745015,0.05263468,0.05445567,0.17787144
0.15855792,0.39600652,0.18666661,0.3879374,0.39376998,0.25272748,0.2188079,0.22177768,0.33226395,-0.013965543,-0.034571633,0.04623466,0.19485009,-0.02338675,0.15326443,0.020539854,0.018458724,0.06668797
0.07539858,0.3534191,-0.06135109,-0.0025521591,0.28171027,0.4311778,0.40752572,0.45968157,0.19520575,0.33927864,0.028865997,0.36609298,0.22929952,0.051896937,0.36458588,0.11108263,0.48343658,0.011657199
-0.027982656,0.25723687,0.0071971975,-0.003794949,0.20392886,0.35320476,0.102134794,0.33396828,0.1689178,0.21030392,0.040390056,0.32950163,0.095397115,0.11496151,0.15967098,0.025937816,0.20899615,-0.1290737
0.2140902,0.45198885,0.16591255,0.027165895,0.45303133,0.3967514,0.46254814,0.21311331,0.14106117,0.22630894,0.08278034,0.24028416,0.19086194,0.17200273,0.33663082,0.24273205,0.43160668,0.20484239
0.118376516,0.39706752,0.07334468,-0.054527417,0.3813194,0.37353688,0.3815511,0.40248907,0.062348563,0.31486565,0.11203429,0.3564393,0.21112421,0.039441347,0.28932709,0.16735214,0.46759176,0.12599197
0.33233345,0.32144666,0.17256533,0.5488651,0.26972598,0.08754956,0.17100993,0.22232097,0.2485724,0.046948142,-0.06953885,0.033240274,0.17254923,-0.116337486,0.040843885,-0.0400228,-0.056389023,0.12270729
0.0019192456,0.007033786,-0.16763821,-0.04499246,-0.012856444,0.19421923,0.035642877,0.23338127,-0.01238294,0.14049435,0.09295569,0.27172008,-0.04117582,-0.011337858,-0.024253648,-0.053320825,0.2715075,-0.0397615
0.04641054,-0.16740216,-0.065402485,-0.050792675,-0.11588135,0.013860475,-0.015415496,0.061708964,0.15055487,0.1294828,0.01798026,0.03376317,0.099331856,0.11065013,-0.02491054,0.060364198,-0.13386473,-0.12597089
-0.015240536,-0.21896788,-0.14323029,-0.16558431,-0.25911027,-0.027357414,-0.12965706,-0.009442128,0.12338075,0.032186806,0.17999884,0.120611295,-0.02953662,0.015530532,-0.09132318,0.0122893425,-0.06272242,-0.19676957
-0.061259665,-0.096224695,-0.024093812,-0.15498722,-0.03169898,0.08982203,-0.13779391,0.06224294,-0.009018149,0.15053087,0.18081975,0.06822996,-0.07442788,0.07239754,-0.27093172,0.025784574,-0.18597193,-0.20354451
0.43130228,0.38047975,0.18569049,0.27094954,0.35827467,0.21279687,0.20829314,0.23589459,0.25329423,0.0102095725,-0.059785686,0.15550838,0.0970774,0.0030023516,0.18080369,0.027067304,0.19716406,0.12088085
0.15841511,0.54468465,0.2160581,-0.018104104,0.49274457,0.49638665,0.3833897,0.43938008,0.21702012,0.2680259,0.06540032,0.38884544,0.25777626,0.09789544,0.45391953,0.1608175,0.48574117,0.08099042
0.00090277754,0.24217094,0.46295625,0.09802614,0.25387818,0.19380403,0.14737538,0.25294787,0.16851771,0.12623286,0.0005394467,0.06399004,0.26419145,0.43042302,0.12315592,0.12509386,-0.11939088,0.24177617
0.19660532,0.12667249,0.18105647,0.0652746,0.22820365,0.23316823,0.18506163,0.3154449,0.13694601,0.2781377,0.027278796,0.018590193,0.20075607,0.30392516,0.14433986,0.094456285,0.044592593,0.04773993
0.43737274,0.40249667,0.25728327,0.1939236,0.34889266,0.48376295,0.45479807,0.25077084,0.17126875,0.2599141,0.044376962,0.25572538,0.23205078,0.17209998,0.29233038,0.16281906,0.27485615,0.027590543
0.27594703,0.23723003,0.14878672,0.41174197,0.2111561,-0.00030248892,0.12723242,0.015471611,0.19322714,-0.09565298,-0.07631573,-0.11560902,0.009290513,0.09528319,-0.04127667,-0.08370642,-0.15283296,0.1085548
0.48396537,0.3553696,0.37402374,0.1579524,0.3562408,0.3872764,0.29895374,0.27983367,0.37895784,0.097909614,0.1020654,0.30907,0.26851928,0.23862243,0.36400336,0.17021926,0.29162717,0.14935651
0.43202108,0.40204465,0.4420853,0.076730646,0.36899206,0.355146,0.26136905,0.33552933,0.33791965,0.102571815,-0.02143866,0.24152705,0.18613617,0.26506203,0.2764772,0.0997165,0.16206959,0.18273199
0.053855963,0.4844289,0.03225161,0.085090935,0.43657303,0.3378287,0.365089,0.41160738,0.14407927,0.25423062,0.036372483,0.38303286,0.25434288,-0.068535745,0.4175085,0.1492922,0.53858495,0.051874194
0.07741154,0.34787855,0.24263453,0.36204952,0.3437736,0.19432479,0.20727322,0.340201,0.3503666,0.04237707,-0.07069225,0.1844677,0.27647048,0.040739615,0.21144989,0.124715805,0.18688112,0.20319818
0.07998062,0.1302723,0.249477,0.20579262,0.1987915,0.20940956,0.28303933,0.06532472,0.08474044,0.049247332,0.2695769,0.11798936,0.19942373,0.2517145,0.12374213,0.23970598,0.28455728,0.35377592
-0.09516503,0.26626945,0.21262911,-0.042934664,0.2954591,0.3062454,0.2263521,0.24276848,0.20060486,0.2010941,0.12982228,0.19018483,0.14997718,0.3349079,0.1302188,0.16648078,0.034721375,0.03400146
-0.13298273,0.123389214,0.22952291,0.10682249,0.060141273,0.163704,0.16269267,0.25008702,0.20819242,0.06716515,0.08206284,0.24858646,0.12652506,0.23800129,0.13947746,0.042029813,0.13326257,0.0694422
0.044135988,0.0009984665,-0.09326661,0.10486437,0.019763194,0.022361532,0.035944078,0.314773,0.17212495,0.21822889,-0.023483574,0.24168384,0.1708835,-0.11657505,0.13365655,0.0037241005,0.19002542,-0.19887085
0.33752394,0.36171377,0.19763073,-0.11166644,0.31421798,0.42604482,0.31636652,0.19877546,0.18685666,0.24679136,0.21722159,0.35799515,0.21078295,0.01811264,0.21347472,0.24932364,0.32206583,0.042412985
0.018761516,0.15746877,-0.04569072,0.12475555,0.12163137,0.24198373,0.32069427,-0.035970107,-0.20246923,0.008163907,0.18302637,-0.06696175,0.06627461,0.07042727,0.19158944,0.04025152,0.2464768,0.09934571
0.13407055,-0.03357666,-0.06728214,0.12936127,-0.032549582,0.13962238,0.09171825,0.25176856,0.22895423,0.20328301,0.027773164,0.1472357,0.15636519,0.027745131,0.05395201,0.04927253,0.06432759,-0.24333909
-0.08089248,0.39339882,0.29462916,0.060796075,0.25406587,0.41547298,0.25802684,0.35301483,0.15591857,0.18555143,0.016577806,0.4300024,0.26015317,0.10397394,0.16814306,0.13730331,0.26099527,0.14352916
0.055856805,0.25403017,-0.010669568,-0.18125623,0.30323738,0.30184007,0.25608447,0.33241028,0.20840389,0.18732376,0.19600633,0.22314823,0.16272593,0.16239004,0.43602684,0.14313382,0.40003097,0.07312204
0.28330365,0.3932162,0.14722317,0.4177573,0.32458422,0.12152951,0.15433726,0.21625286,0.30150318,-0.018292505,-0.07190047,0.15715133,0.069869764,-0.039507568,0.11591016,-0.06431933,0.07419464,0.11100063
0.014734547,0.065627724,-0.035320155,0.058289766,-0.02404873,0.19281842,0.018456927,0.15218398,0.15428564,0.17772204,0.027460255,0.2893263,0.057916492,-0.008950053,0.037279174,0.029146172,0.11506278,-0.15848309
0.21152817,0.2417424,-0.018844504,0.33853835,0.24908149,0.21375468,0.22428328,0.1870175,0.2457459,0.06072477,0.078353,0.121911004,0.099871665,0.09545598,0.101191014,0.06769164,0.14427936,-0.057857133
0.28324687,0.40076882,0.274105,0.38737947,0.4153455,0.21379888,0.28735012,0.31567162,0.2537888,-0.019410916,-0.04995288,0.059663117,0.17593466,0.1425674,0.24460304,0.031185368,0.13662669,0.310045
0.056557015,0.43215758,0.15444255,-0.000695467,0.29076523,0.43181694,0.32124132,0.16500306,0.28329355,0.2105399,0.121087335,0.52163833,0.25637302,0.10934232,0.3780629,0.23732862,0.46138275,0.034497052
0.29112664,0.43098608,0.26075128,0.12559205,0.4149201,0.38189337,0.3138067,0.3623541,0.114579454,0.16272517,0.15731862,0.2437233,0.27949584,0.07443185,0.22906815,0.120783806,0.27559596,0.2629732
0.033076037,0.1006006,-0.11937145,-0.09120588,0.1268701,0.2870576,0.23342627,0.33954173,0.12424888,0.30474943,0.005642471,0.13709974,0.035771757,0.1315316,0.17828804,0.014810206,0.20426145,-0.08748439
0.10612127,0.41311753,-0.006808982,0.04681985,0.3533094,0.33724695,0.39137632,0.37374252,0.18818414,0.28383046,0.1006455,0.38658178,0.17864472,0.16196068,0.3384194,0.17734084,0.4252134,0.0149257025
0.36700508,0.1836555,0.311298,0.3071674,0.17856017,0.15718335,0.20389913,0.05091627,0.13779011,-0.13752313,0.058627337,0.017120948,0.1374202,0.055149663,0.13726363,0.05939662,0.061466962,0.30941397
-0.033976197,0.28938323,0.082365915,0.30260107,0.22993653,0.32651877,0.32299542,0.30447707,0.21931809,0.12144488,0.12967926,0.23063949,0.25986397,0.19574797,0.21362524,0.06650485,0.17333463,0.34396812
0.21063063,0.14406632,-0.016464643,0.37570608,0.13878182,-0.023032205,0.08337713,0.118557036,-0.02540008,-0.08519079,-0.10132083,-0.124950066,0.0010355357,-0.17205685,-0.004745437,-0.11318898,0.026962902,0.015085541
0.09245224,0.4067592,0.39921987,0.06294748,0.3593932,0.38840175,0.42107168,0.04492505,-0.046716414,0.04096584,0.2078565,0.03899681,0.19702448,0.23407021,0.19206508,0.20014513,0.21333414,0.36441547
0.41892326,0.114860594,0.20501933,0.4716615,0.10097739,0.038901232,0.28178358,-0.0018363763,0.07680391,-0.12740412,0.049533807,-0.12278226,0.068996444,0.10975309,0.0974879,-0.034999523,-0.011744656,0.35223296
0.13536493,0.02326294,-0.011485295,0.1624186,0.082336664,0.24698597,0.12578236,0.08552568,-0.051480334,0.0091692135,0.18065286,0.17027631,0.05942317,-0.0539042,-0.024366606,0.06742737,0.27596483,0.030985689
0.07147748,0.3930753,0.2416951,-0.018348416,0.2921572,0.4230818,0.26019904,0.14645329,0.11456756,0.049188163,0.080500446,0.21971256,0.11508856,0.018000402,0.19648002,0.10156691,0.2840919,0.09338242
0.2128573,0.4582134,0.09071209,0.12210079,0.4233142,0.38696253,0.37283668,0.33646628,0.042291313,0.16550411,0.1891394,0.22447151,0.24039096,0.04113415,0.2857027,0.16918856,0.4103722,0.16105983
0.19599196,0.4050177,0.044889025,-0.091725044,0.34027588,0.49586305,0.33514637,0.18402326,0.21154265,0.27067387,0.09180549,0.26869744,0.12846442,0.25237715,0.18567273,0.12675706,0.19481382,-0.11869596
0.112187244,0.25282386,0.12869002,0.0063429363,0.29023024,0.33035606,0.22374323,0.3758958,0.2702424,0.22924021,-0.109984964,0.24873982,0.14476353,0.20236035,0.26811343,0.13020831,0.2962488,0.019337475
0.27691483,0.0033038054,-0.05150306,0.08155177,-0.019677408,0.22969031,0.05612818,0.22055882,0.027825158,0.12143085,0.14026594,0.19351603,0.093289725,0.007396995,-0.13803788,-0.019976068,0.070768565,-0.056568738
-0.07726828,0.23022738,-0.10778721,-0.099430084,0.26521945,0.34562626,0.055887364,0.23215012,0.07404645,0.13978173,0.03244103,0.22110203,0.012189633,0.017885983,0.17666292,0.00858884,0.21134293,-0.24097222
0.40535492,0.13982669,0.2802713,0.37152928,0.14654748,0.14836523,0.13190177,0.14215766,0.24032906,-0.07571469,-0.09741384,-0.017090483,0.08311507,0.08244665,0.0279718,-0.09725056,-0.13128477,0.1368201
0.46731433,0.2810471,0.4173786,0.36633706,0.27516648,0.19646841,0.24867222,0.13934441,0.42820454,-0.09751217,0.019012745,0.07996498,0.15307337,0.12626092,0.1612849,0.06496714,0.0071345763,0.30932802
0.37422776,0.4803336,0.38447022,0.39455312,0.40279,0.2554815,0.32439694,0.32583845,0.31378806,0.016231127,-0.05645992,0.18879478,0.2026659,0.15236951,0.30409575,0.012020474,0.19668677,0.3303467
0.021431867,0.17021596,-0.07877523,0.004119468,0.16283198,0.2623561,0.40044194,0.23769754,0.070799164,0.18463035,0.11962254,0.2692042,0.114651024,0.13182418,0.42963815,0.10834813,0.54871243,0.09324574
0.17793906,0.24433836,0.23338345,0.08252667,0.20656672,0.22519836,0.08484535,0.25320145,0.116488986,0.11169627,-0.050686095,0.25207907,0.060726896,-0.045881644,0.074180156,-0.011999159,0.2051607,-0.06652324
0.17050919,0.40339798,0.15358326,0.074646294,0.3343102,0.3486808,0.18477938,0.2973221,0.15981048,0.1934931,0.020848412,0.25627986,0.16532138,0.03429519,0.1406953,0.07972631,0.18738538,-0.022071071
0.0013591911,0.3031501,0.23713756,0.35981792,0.2430692,0.31918263,0.21447799,0.053791653,0.018288959,-0.115147665,0.11210858,0.00653059,0.16677868,0.060176454,0.11552409,0.006291971,0.0033307492,0.37373275
-0.15232274,0.21829605,0.0019923379,-0.11656989,0.23666815,0.3918346,0.23412707,0.47760522,0.15514088,0.20512131,0.105146036,0.25302428,0.08987954,0.09676886,0.2934221,0.050972596,0.4085431,0.1016184
0.3507374,0.27551925,0.18426317,0.24895625,0.22991051,0.20418158,0.21303703,0.33843517,0.09856646,0.109546706,-0.05687625,0.18650854,0.179577,-0.110046424,0.09390046,0.0290096,0.16340956,0.111043796
0.4891182,0.15173392,0.13811007,-0.09464204,0.20171508,0.32456565,0.32566565,0.15249874,0.10295755,0.22618781,0.25255787,0.116389364,0.14804333,0.35213563,0.20443292,0.1406984,0.14372908,0.16295141
0.074810416,0.2666466,0.1564053,0.16981706,0.2409815,0.20701553,0.16392043,0.2556187,-0.006603386,-0.035146434,-0.029517792,0.11403078,0.1715821,-0.20188138,0.19447601,0.021332955,0.24642025,0.17845121
0.2639137,0.53818583,0.36700326,0.25651416,0.52266383,0.34445697,0.36552197,0.39240235,0.42752713,0.11689443,0.120772325,0.33280194,0.37660813,0.121947445,0.41002524,0.1936509,0.38291246,0.32042775
0.25080395,0.24583207,0.27791166,0.11713344,0.2003434,0.17370221,0.07477629,0.17758177,0.22811016,0.13181812,-0.003924269,0.11823108,0.13704857,0.30531484,0.010389647,0.061671756,-0.06912783,0.11074911
-0.14961627,0.201713,-0.13137682,-0.04118428,0.043002475,0.15706012,0.029117122,0.2501356,0.1602337,0.20666263,-0.00436383,0.46776095,0.032252844,-0.123170674,0.122627154,0.049593784,0.27946895,-0.23332344
-0.059608575,0.12481554,0.17297372,0.58356965,0.11594466,0.05470203,0.20229316,0.08572027,0.16367769,-0.109440416,0.0489414,-0.030595442,0.14252988,0.052132823,0.0015964354,-0.042383976,-0.021399178,0.40876156
-0.13337672,0.12191473,0.07511929,-0.04332693,0.15523541,0.07165683,0.019619998,0.15770853,0.13095215,0.109616786,0.14619625,0.13760242,0.092650585,-0.10189478,0.029148657,0.13783334,0.1265086,-0.04650017
0.055049617,0.45597118,0.116158284,0.30163366,0.40617102,0.3758356,0.39318162,0.29829782,0.14920399,0.108694,0.032813564,0.29977882,0.22652861,0.01814167,0.33648098,0.12279548,0.43074158,0.19380046
-0.12431128,0.026589569,-0.22526667,-0.015560805,-0.026349481,0.05288699,0.01445419,0.34245148,0.17799234,0.1222493,-0.00779524,0.21333283,0.0044903196,-0.11585788,0.18315513,-0.018543193,0.30417022,-0.1518175
-0.05684102,0.15684351,-0.031003036,0.00850539,0.051344045,0.20331472,0.21074829,0.28921252,0.23485784,0.19041425,0.1345355,0.39981657,0.16631177,0.07696113,0.40000623,0.16909328,0.4386685,-0.106921375
0.2775868,0.4623428,0.34069154,0.2920978,0.4184155,0.33270684,0.24675667,0.33721846,0.30550408,0.09213434,-0.093486756,0.24437308,0.25294882,0.0059992685,0.23295903,0.07063694,0.18743739,0.16262092
-0.11343253,0.13118044,0.08036142,-0.14253122,-0.025429506,0.17509931,0.28594708,0.12909117,0.16490193,0.2647783,0.2066027,0.38734925,0.10590078,0.35449183,0.17182705,0.15160891,0.15830962,0.051009197
0.25753802,0.10372894,0.18009064,0.07194644,0.057729676,0.17075148,0.09426053,0.20503156,0.13589883,0.17967194,0.14685214,0.26342627,0.16032591,0.116637446,-0.067161545,0.098824024,0.089012936,0.18696459
0.10141639,0.3313657,0.3812601,0.13609429,0.3216369,0.29742193,0.40777057,0.20651755,0.14617366,0.14652383,0.18647367,0.30078793,0.25371805,0.3876943,0.331308,0.24255395,0.39521298,0.42092213
0.063228115,0.07372196,0.08736004,0.4307912,0.01716837,0.07410751,0.34084028,0.022083957,0.10286907,-0.027037641,0.038455002,0.04057315,0.06731766,0.18126541,0.19066028,-0.07576136,0.10709056,0.4064173
0.036566578,-0.04502602,-0.23294273,-0.037868567,-0.048136584,0.07161364,-0.06955084,0.22207943,0.11547088,0.2315611,-0.0105035035,0.16146736,-0.01225482,-0.028832726,-0.07807596,-0.048971754,0.033638936,-0.24636221
-0.06298914,0.13038634,0.029451013,-0.18711093,0.10019245,0.32493168,0.016907396,0.18396991,0.13335449,0.1784643,0.120330274,0.20776996,0.06131622,0.148675,-0.019622937,0.12902668,0.0084842285,-0.1671554
0.3034191,0.2648183,0.07019482,0.15219074,0.30863237,0.3027364,0.17694595,0.21106693,0.12156582,0.23599018,0.041087233,0.071774825,0.18817417,0.08122289,0.08140864,0.122467436,0.105367586,-0.12304555
0.17708376,0.31054318,0.45319217,0.27078658,0.29535064,0.26461083,0.1708135,0.18586266,0.41584295,-0.052496612,0.0008273162,0.12123749,0.2717079,0.23915613,0.18864638,0.15202318,-0.015154392,0.28992993
0.18747419,-0.16280623,-0.149724,0.0009574641,-0.042690083,0.07915376,0.040592737,0.06747839,0.11474247,0.16675252,-0.024703553,-0.075450435,0.028611533,0.054425396,-0.055191085,0.03947209,-0.07331329,-0.2056001
0.059477247,0.07950298,0.00417033,-0.049580757,0.2108756,0.36211357,0.1712006,0.06820875,-0.010678828,-0.022556555,0.19975561,-0.08778934,0.04976079,-0.07859112,0.11249194,0.15710789,0.25371367,-0.016975336
0.00043395814,0.43191606,0.15637815,0.19400099,0.38783264,0.40313166,0.35446396,0.31220555,-0.012137725,0.10334338,0.03257031,0.20018302,0.2507527,-0.08811744,0.19960408,0.095123425,0.31271106,0.19370955
0.0011295872,0.44384393,0.109607935,-0.045213766,0.41053218,0.35169882,0.41350144,0.45605645,0.11222638,0.27165788,0.14016402,0.34264582,0.22332537,0.030647583,0.35620767,0.113451734,0.45522204,0.20327893
0.12379865,0.19305065,0.00929994,-0.04666072,0.16326815,0.19245183,-0.03591499,0.20960388,0.016381213,0.17549774,-0.049986914,0.3113787,0.05070678,-0.22083566,-0.009933347,0.0092822835,0.19074644,-0.15015538
0.31740418,0.22282961,0.08028455,0.40524983,0.16237016,0.061336055,0.30826193,0.15572059,0.16080523,-0.025484994,0.008615802,0.039518025,0.14622322,-0.03517003,0.19365208,-0.0043804264,0.1583594,0.28283688
0.48676226,0.28779545,0.33557868,0.066988006,0.2974832,0.37282294,0.3442216,0.1695814,0.019196894,0.13613482,0.2810008,0.20492104,0.20619142,0.2100341,0.14311229,0.15873711,0.25307274,0.24275783
0.0024492461,0.3358442,0.15253755,0.43448848,0.29440182,0.13737068,0.20300925,0.27181345,0.11270645,0.008930257,-0.15736702,0.11101842,0.18207848,-0.1048819,0.185193,-0.01583945,0.20059887,0.120690145
0.47174084,0.040204987,0.15528606,0.14151266,0.067949966,0.03176313,0.27712497,0.13534427,0.18669234,0.08300826,0.1792656,0.055432577,0.23911525,0.030047156,0.24942358,0.17130622,0.18149753,0.14244989
0.10944253,0.36230937,0.059120968,0.30243534,0.33040094,0.30667126,0.33860907,0.38667315,0.19084224,0.13491343,0.052114293,0.27459955,0.26486272,0.02785949,0.27778316,0.11451848,0.3686126,0.12705564
0.14155959,0.51774853,0.16977605,0.07036395,0.46768168,0.5280074,0.4296964,0.29567668,0.28070867,0.2386994,0.13127577,0.3589085,0.3309399,0.10648252,0.40782613,0.24657783,0.390916,0.05911938
0.22199544,0.35876507,0.13725501,0.23393433,0.3941894,0.37549806,0.3398614,0.23446967,0.30149835,0.14315318,0.038366385,0.14438073,0.23102427,0.060954995,0.31008863,0.19388023,0.27346638,-0.076345235
-0.0033374624,0.2751916,-0.09515804,0.04068435,0.15613082,0.32069063,0.35336784,0.3369229,0.15127233,0.2391569,0.09246064,0.279735,0.20668493,0.04923334,0.31198794,0.12910104,0.38993257,-0.013255976
0.121204175,0.46164152,0.097959206,0.07580392,0.39653316,0.44781315,0.3471707,0.33921018,0.28972632,0.22615838,0.16176958,0.33906525,0.31128275,0.068410456,0.34175235,0.18649088,0.3508758,0.0015930152
-0.08268106,0.35217583,-0.089375034,-0.0010411767,0.2230145,0.30672458,0.30244434,0.2587729,0.3867172,0.29231423,0.12013553,0.42315328,0.16343138,0.12155259,0.38355392,0.21656376,0.42767668,-0.17441437
0.3642693,0.46579033,0.15595594,-0.0034207613,0.38731033,0.38793325,0.35027885,0.42468226,0.1111338,0.27015102,0.048343044,0.39486477,0.21359895,-0.05339256,0.2427259,0.13530236,0.41271985,0.0797911
0.13048705,0.4760319,0.11461893,0.1357961,0.47500092,0.3827836,0.45868427,0.41764158,0.2471357,0.23974393,0.04204333,0.28272247,0.2838195,0.19795766,0.42554224,0.117175154,0.41163793,0.18224566
0.12752411,0.24878903,0.09553243,-0.20689103,0.32779962,0.35408452,0.28255963,0.32753706,0.14657265,0.25891608,0.18442187,0.23921748,0.15766014,0.26473847,0.32390577,0.19134858,0.31268272,0.15705779
0.26594684,0.18599728,-0.05545981,0.017972909,0.12865481,0.20858836,0.00279943,0.38172892,0.15137514,0.15668663,-0.014884133,0.2754796,0.055257805,-0.107486874,0.08250734,-0.0025590118,0.24313825,-0.13649209
0.09692986,0.4327261,0.23477428,0.38903755,0.38092944,0.26229754,0.20535374,0.24589443,0.32786763,-0.045023747,-0.0118091805,0.13452406,0.16203657,0.13877994,0.24380058,0.050260145,0.15882683,0.21136682
0.010828912,0.21310373,0.28890947,-0.03204146,0.20201385,0.26769364,0.197492,0.29489872,0.32051867,0.19107808,0.014701355,0.16615702,0.27140775,0.3241338,0.28832555,0.17000937,0.111528754,0.07688126
0.17388515,0.20740521,0.2719611,0.030644849,0.30930188,0.32849014,0.17943633,0.19929224,-0.05257575,-0.060526337,0.06391284,0.024007734,0.10366656,-0.11206379,0.023401748,0.08829704,0.20927115,0.33888233
0.3844219,0.28380525,0.2819236,0.45198157,0.27801692,0.18009616,0.255471,0.037276044,0.11672025,-0.173266,-0.007933994,-0.07105015,0.13311517,-0.052422985,0.08128835,-0.030424166,-0.02506002,0.23284745
0.023261892,0.29520792,-0.03179998,-0.09249289,0.20619613,0.4984487,0.19090772,0.1537918,0.08629385,0.27626932,0.17550105,0.3121646,0.15684968,0.06221086,0.19098607,0.14940216,0.25825801,-0.2173371
0.028871987,0.3748587,0.04808494,0.05097726,0.30140248,0.26470858,0.37924471,0.37617096,0.17219332,0.26768094,0.050441757,0.39957836,0.13296546,0.07657291,0.2682864,0.12719163,0.40729666,-0.00034684315
-0.023721727,0.10890074,-0.0043644733,-0.14065744,0.14135051,0.15131363,0.023623228,0.25003815,0.22809835,0.2171688,0.14016925,0.2975636,0.07842745,-0.07717478,0.025708385,0.16040185,0.1098845,-0.22516668
-0.06705663,0.006994601,-0.18576372,-0.11777212,0.06111415,0.10480147,0.11439675,0.08321642,0.03827274,0.17953983,0.3884408,0.20328307,0.01696339,-0.2154027,0.055309556,0.18007143,0.32452157,-0.17703687
0.10341437,0.19550978,0.15834889,-0.075081885,0.11533593,0.17851667,0.025277521,0.23347104,0.1507121,0.09221378,-0.009494213,0.25355217,0.027211763,-0.10899547,0.10986386,-0.009290768,0.1963186,-0.033119738
0.05543264,0.32271445,0.008212461,0.3990883,0.28743374,0.17247684,0.29511547,0.1185973,0.024374288,0.03613754,0.006227365,0.011116948,0.14071795,-0.03425034,0.10687922,-0.008493987,0.10430831,0.14570558
0.0059257513,0.3657587,-0.037080325,0.04780352,0.27756414,0.33805358,0.36971354,0.3131655,0.1450661,0.2051059,0.061742872,0.42919534,0.15853828,-0.046737775,0.38419083,0.12143085,0.5987185,0.0263835
0.39662078,0.30143613,0.23106286,0.50907874,0.30256826,0.06658286,0.19775707,0.32290643,0.17482163,-0.024321156,-0.15084308,0.017975282,0.14802113,-0.05145021,0.093285814,-0.06257806,0.049344093,0.19471563
-0.027217042,0.1423733,-0.13329709,0.05397422,0.11295041,0.17294881,0.26653987,0.10504812,0.34819895,0.2134454,0.13018656,0.22819111,0.09821403,0.14295202,0.27640826,0.18411997,0.2961254,-0.18136165
0.06731014,0.40794927,-0.040652983,0.088722944,0.40659717,0.31303447,0.39523476,0.3556329,0.03222763,0.2168569,0.070167385,0.14433536,0.17424068,-0.008712761,0.29338875,0.12071483,0.35801637,0.008300309
0.097591534,0.34410864,0.11244332,0.23361462,0.35058904,0.27884722,0.366152,0.36696208,0.27777433,0.11502914,0.21386492,0.26451123,0.30366927,0.020321574,0.30412388,0.20049402,0.3569012,0.23350115
0.025521092,0.2632813,-0.06398012,0.34355673,0.20985855,0.1824575,0.26677614,0.1629948,0.16165718,0.05506427,0.007588951,0.12555833,0.10400562,0.019937612,0.18506353,0.03301639,0.22825953,0.012168709
0.0059463014,0.267201,0.3295912,0.3915526,0.20180726,-0.0021461886,0.055709243,0.11019845,0.2609266,-0.15251227,-0.1649822,-0.07776877,0.031566467,0.10811186,0.0054686186,-0.1325833,-0.24669173,0.25431734
-0.03350193,0.15361151,-0.0628701,0.005517962,0.10349849,0.36149195,0.12684788,0.2593856,0.24168953,0.2039038,0.07708034,0.2614261,0.045985382,0.15721238,0.13924038,0.10888359,0.21504878,-0.2880417
0.11456716,0.16626634,-0.022442201,-0.16775349,0.23240808,0.15795822,0.013179512,0.14217612,0.110260755,0.091839425,0.32504427,0.20143014,0.0010356316,-0.062789515,-0.03923947,0.09917621,0.14529371,-0.06599034
0.10959252,0.16412686,0.23664218,0.16190928,0.25379074,0.18951824,0.29999653,0.15334642,0.038861264,0.123915166,0.21243945,0.12756085,0.19341427,0.2061001,0.1340484,0.16675586,0.3181025,0.43449783
0.023688765,0.4187267,0.089149535,0.10295582,0.29303765,0.38404447,0.33927268,0.17908798,0.20733447,0.2054855,0.06991367,0.27615803,0.24301785,0.16631776,0.2650489,0.20393354,0.25175354,-0.030544262
0.18318242,0.5239854,0.4973772,0.3081038,0.4913603,0.39798445,0.3893177,0.20812884,0.28919122,0.057616435,0.05683234,0.2187641,0.34722006,0.26327986,0.32098234,0.19034311,0.1311508,0.2968337
-0.015805459,0.3766385,0.031283878,0.021783005,0.31323314,0.28188348,0.32828555,0.13206923,0.039648563,0.2664923,0.12417464,0.25850493,0.13927019,0.017225256,0.2235377,0.20144379,0.30469668,-0.036923323
0.033036858,0.09191275,-0.008226015,0.51083696,0.028497139,0.08911751,0.27236062,0.1600734,0.42832872,0.08198381,0.08555394,0.18811244,0.29836076,0.020431908,0.15422414,0.12666708,0.055328537,0.04934121
0.025062166,0.43934292,0.105869785,0.025768945,0.2911139,0.34915352,0.37714058,0.3129616,0.19788614,0.26238266,0.050809428,0.44104755,0.14521596,0.16195254,0.2786359,0.14404249,0.41226953,0.14634112
0.1992799,0.35733676,0.36811486,0.32382107,0.27508712,0.24238795,0.27490896,0.3112439,0.24192792,0.044203322,-0.19589746,0.2688011,0.1837236,0.042815976,0.16846722,-0.062036395,0.11289047,0.32065803
0.39570564,0.102863975,0.04914028,0.43256694,0.05966503,0.04735555,0.22877382,-0.046060227,-0.030678336,-0.09594614,0.014572108,-0.15947297,0.032204706,-0.013455614,-0.03836456,-0.091327414,-0.0855073,0.20951597
-0.016388752,0.40564054,0.3098287,0.017702566,0.42398506,0.43352067,0.33494675,0.41154748,0.23215556,0.19619894,-0.04744012,0.26355106,0.18272087,0.30622447,0.3820366,0.05887469,0.28680313,0.22401398
0.16255862,0.19526961,0.010760637,0.1947469,0.21041241,0.29174063,0.3871694,0.27951947,0.12822483,0.10725576,0.19590198,0.24682623,0.2559116,0.036448665,0.3313794,0.09894718,0.3878004,0.29228264
-0.1764552,-0.12276939,-0.22470672,-0.25194642,-0.11488683,0.104451284,-0.11771974,0.025884174,-0.05850946,0.09187671,0.15320632,0.057834953,-0.109424554,-0.090434924,0.047646813,0.024512496,0.13148841,-0.34876612
-0.014499084,0.35881534,0.18666662,-0.09484578,0.34576675,0.36467907,0.34941912,0.28148857,0.08498498,0.28212032,0.29456425,0.29337204,0.22191499,0.18451166,0.14202687,0.2228786,0.18978415,0.17220129
-0.13018738,0.07253347,-0.17130034,-0.005606791,-0.007987473,0.15362762,-0.0037540467,0.17603226,0.24363461,0.114408135,0.05415719,0.21306561,0.017347222,0.034211315,0.22060831,0.069252774,0.24663937,-0.23471072
0.08305177,0.18941422,0.01931581,0.4388352,0.21626097,-0.029859768,0.07891713,0.12021239,0.24235833,-0.034964044,-0.12715106,-0.07316768,0.05637034,-0.029129993,0.039954886,-0.074815616,-0.045679837,0.014718499
0.42461962,0.22841841,0.20237681,0.31083062,0.1619269,0.29566264,0.28025913,0.25145784,0.40219536,0.14696208,0.092055306,0.41525078,0.32422715,0.07783256,0.220976,0.16285299,0.21384478,0.16214375
0.14340588,0.23109418,0.066281505,0.13790418,0.18069685,0.17874506,0.14251006,0.18920834,-0.0208477,0.0073863547,0.10291657,0.17641158,0.14759141,-0.13995165,0.20556751,0.05697579,0.3411203,-0.022716204
0.053949714,0.36054942,0.1602227,0.24463627,0.3467124,0.275007,0.23449174,0.40348783,0.1307725,0.122196764,-0.03674566,0.3175559,0.19281061,-0.05190556,0.2503035,0.10048412,0.37220618,0.11622323
0.014268867,0.13692513,-0.13235971,0.29851574,0.06925908,0.10601227,0.087823175,0.24382043,0.14625692,0.03265704,-0.06617086,0.27848977,0.06429611,-0.18552372,0.08820307,-0.06780657,0.24748608,-0.018849934
0.38775298,0.0021140815,0.21029675,0.266468,0.038661994,0.20444438,0.19687486,0.020227278,-0.03457717,0.016492017,0.24329817,-0.013132189,0.16689476,0.22859627,-0.055698283,0.12282005,0.034435615,0.26892528
0.3897028,0.28125057,0.047484435,0.24532989,0.20515203,0.28140345,0.27338657,0.20004205,0.15716025,0.16613838,0.08083379,0.20111176,0.16688874,0.06563431,0.15060043,0.098223045,0.26278728,-0.06534066
0.44902372,0.2953074,0.12339883,0.046054684,0.23371017,0.40913996,0.30890077,0.29448998,0.24908704,0.24971525,0.15571404,0.2741069,0.3046866,0.17557845,0.28640366,0.18688995,0.27864367,0.052663296
0.16748309,0.18139473,0.21198873,0.09663729,0.13580325,0.24471404,0.08530427,0.2608799,0.2037623,0.15447037,-0.08447191,0.2729265,0.14231586,-0.01355534,0.088579096,0.055997744,0.13067213,-0.13700664
0.17612013,0.0781544,-0.13994212,0.2686428,0.07329145,0.12150351,0.26911265,0.007396818,-0.055251658,0.011384707,0.19690795,-0.046266288,0.09682527,0.025905773,0.13138993,0.070502505,0.15417403,-0.033692524
-0.08324084,0.003995899,0.14455473,-0.023125729,0.06389307,-0.07673606,0.036990657,0.124011554,0.36275434,0.083033815,-0.0074166013,0.10917417,0.11321773,0.33133256,0.16806424,0.13921674,-0.012582248,-0.020937517
0.1346518,0.21575585,0.062071312,-0.0034377526,0.16228485,0.2261029,0.1455744,0.28955287,0.23912802,0.24464193,0.18376845,0.37175706,0.15307966,0.03714511,-0.0013193912,0.16705927,0.17579786,-0.1088065
0.2930984,0.19618459,0.17170987,0.0153613165,0.15298696,0.18461654,0.09155159,0.20411119,0.37862694,0.15418491,0.055391844,0.374991,0.17304823,0.121823266,0.25848773,0.17581278,0.26317167,0.06298916
0.037998673,0.24194783,0.30819777,-0.062042646,0.26259872,0.29955506,0.26251256,0.23906407,0.11491543,0.2260246,0.101579905,0.18881014,0.13240647,0.31625465,0.0924246,0.17526089,0.11019553,0.21853778
0.2830208,0.45554805,0.22131735,0.054387428,0.42833334,0.3713656,0.3893234,0.2110326,0.17574278,0.1256061,0.09717327,0.26932323,0.19519556,0.108600274,0.3248967,0.1573261,0.38737094,0.20979631
0.34041193,0.120636575,0.05882392,0.38399637,0.098914534,0.13276432,0.2693668,0.23702729,0.2870677,0.105997525,0.0036286213,0.14009658,0.18961766,0.1763347,0.168684,0.019958362,0.09116555,0.100922644
-0.1690085,0.12379356,-0.11109042,-0.17526399,0.05014339,0.2828554,0.15741289,0.4168539,0.30351174,0.28211814,-0.010709905,0.42817155,0.033639193,0.01860163,0.29527307,0.057024695,0.40925395,-0.16425076
0.46683568,0.010532828,0.10490158,0.3657699,0.038093455,0.11877676,0.21766967,-0.068749696,-0.053213365,-0.106948055,0.12959626,-0.20528871,0.073687226,0.064618796,-0.06323958,-0.027885716,-0.11247949,0.29666817
0.40338612,-0.045879036,-0.053188473,0.11154597,-0.036064558,0.11134866,0.29245847,-0.06853244,-0.104365066,0.069799565,0.3073619,-0.015753958,0.098951705,0.2194331,0.12549308,0.08327253,0.07833339,0.12830406
0.0064667594,0.32088292,0.107209966,-0.002405094,0.22192532,0.35322458,0.28464827,0.35292512,0.36502993,0.27062398,0.05669836,0.37333924,0.18948394,0.22036587,0.29847994,0.13441461,0.2836784,0.0012734476
0.29299092,0.15893354,0.15171298,0.5295151,0.13522807,0.04365368,0.3345459,-0.018213449,0.022594353,-0.060218863,0.18620408,0.03047369,0.20619789,0.055074915,0.10243566,0.05659654,0.09787165,0.42762864
0.047644194,0.32719514,0.06267782,-0.009224156,0.34758088,0.36953402,0.1785191,0.34626862,0.12527697,0.23420924,-0.030426843,0.36438674,0.14429086,-0.13875555,0.28773552,0.12279092,0.3955444,-0.046639793
0.09753457,0.0496011,0.09261715,-0.11506055,0.091381416,0.28851026,0.009201394,0.05024652,0.12071079,0.05464246,0.24849719,0.08197357,0.12409558,-0.04196366,-0.049978804,0.22591841,0.1078433,0.08263376
0.01694619,0.32450438,0.2667527,0.40069556,0.31286675,0.33427334,0.30148053,0.2122259,0.1892317,-0.014468585,0.018373499,0.076303765,0.21450278,0.01164696,0.12620227,0.04692274,0.07052754,0.17444552
0.060687505,0.44259724,0.05794143,0.1980033,0.3822563,0.40940973,0.39054668,0.42777264,0.19382171,0.20078789,0.043710753,0.3643731,0.30610472,-0.04656884,0.428253,0.1391615,0.513512,0.09990983
-0.06160599,0.442441,0.24393591,-0.041714594,0.40164155,0.36280838,0.37244207,0.42958558,0.14009374,0.2936288,0.05964458,0.2996859,0.17866616,0.23127414,0.29977974,0.13651794,0.26325238,0.16383131
0.4862845,0.06837422,0.1531411,0.37744117,0.10286319,0.098122016,0.12068431,0.092512906,0.24961375,-0.107257605,0.03362214,-0.09903725,0.12784034,0.0524057,0.02181332,-0.023020178,-0.11825748,0.08995397
0.20576471,-0.044375442,-0.16330637,-0.075142235,-0.07919951,0.01900739,0.16851777,0.0885243,0.07527817,0.22613218,0.10304023,0.31505018,0.039781578,0.10207099,0.21204168,0.10087563,0.37190956,0.04085797
0.2856557,0.04017368,0.26603538,0.5286006,0.0067808097,-0.15976605,0.03075692,-0.032795083,0.06995167,-0.23001638,-0.08749229,-0.14646764,0.013271116,-0.052998975,-0.075515896,-0.14897528,-0.18866077,0.28907055
0.24921845,0.20540935,-0.08181803,-0.04244005,0.15274909,0.16326347,0.06939122,0.20642781,0.24147117,0.24184181,0.016577084,0.3011546,0.08429323,-0.03547611,0.06893545,0.08678836,0.18793732,-0.07795252
0.0109023,0.30497056,-0.056824967,-0.06927904,0.23690234,0.33145082,0.24008766,0.46811503,0.1239924,0.23642704,-0.04509367,0.3178847,0.094920486,-0.12038796,0.23639466,0.01999309,0.38584504,-0.06729251
0.46461317,0.5161371,0.329453,0.14711836,0.41185495,0.49578092,0.346183,0.3391512,0.34373045,0.20518833,0.024635578,0.29125297,0.2840982,0.20348427,0.28816885,0.16922542,0.25305098,0.1135916
0.08110888,0.090386346,0.18185973,0.122995235,0.14185813,0.17802134,0.42995617,0.058787737,0.06677328,0.12763281,0.34430307,0.15389818,0.22353974,0.2867156,0.27870202,0.2420742,0.38272893,0.42753488
0.1269394,0.2704298,0.062999636,0.06879063,0.23299041,0.39768112,0.37999302,0.023547478,0.114601895,0.094882786,0.29462582,0.17287034,0.1488224,0.34557202,0.21860623,0.19604516,0.30817062,0.2646528
0.2535783,0.3621921,0.15672943,0.054356046,0.44792473,0.23840275,0.29863706,0.3089121,0.1319072,0.1560454,0.3633888,0.23482037,0.24444133,0.13089408,0.21237774,0.22654316,0.3251052,0.15280925
0.036266994,0.2331768,-0.09644323,-0.0046164147,0.28271186,0.28118226,0.10178046,0.29542047,0.21610972,0.16635337,-0.018255906,0.29657137,0.029057771,0.036365002,0.20785816,0.067854114,0.3550859,-0.1886186
0.08729674,0.013510899,-0.1339069,0.13154061,-0.028383497,0.13864411,0.12600785,0.17438391,0.2232785,0.15804756,0.01961505,0.27700746,0.09801981,0.13124809,0.20254886,0.053779136,0.29358497,-0.10553825
-0.0377107,0.24449363,0.042517982,0.024440415,0.13324422,0.2618724,0.12547651,0.23376346,0.28620744,0.16621527,0.0476985,0.45718014,0.11707293,0.103547394,0.23388073,0.11546582,0.2896815,-0.10718419
0.04816537,0.40955698,0.21612842,0.06677745,0.40539145,0.44472867,0.30455035,0.47204962,0.16989069,0.21923998,-0.020433962,0.41470778,0.20979284,0.057987127,0.2713147,0.09591398,0.38285667,0.08362366
0.012993086,-0.22993398,-0.106522575,0.4793881,-0.27290082,-0.17899138,0.024772312,-0.08887008,-0.13628185,-0.13229197,0.0048236297,-0.09974103,0.03188511,-0.23386468,-0.15504977,-0.11282843,-0.12822095,0.070165105
0.2572647,0.34985393,0.052129544,0.15861094,0.30469444,0.32628196,0.30830964,0.19231245,0.15636505,0.16021897,0.056786172,0.18661207,0.1983304,0.05862993,0.22496381,0.14890124,0.26354104,-0.09764895
-0.09929902,-0.07238504,-0.21230151,-0.16212395,-0.10158087,-0.019770034,0.039355002,-0.00092852954,-0.021029703,0.19800428,0.19509491,0.19276935,0.108483836,-0.14111269,0.12499247,0.17218868,0.096776545,-0.133746
0.15355729,0.03041783,-0.1006064,0.05721309,-0.04360767,0.21263286,0.17951944,0.071500376,0.17885283,0.29624403,0.18151757,0.30071658,0.19384457,0.060263075,0.13108703,0.21203852,0.16206382,-0.26427883
-0.0618679,0.04429376,-0.1997163,-0.052105974,-0.041472744,0.25383452,0.05934022,0.21723032,0.10727833,0.13454854,0.21098045,0.28699952,0.06630655,-0.08926004,0.113254815,0.057821855,0.26932847,-0.23345461
0.16169876,0.5479946,0.18384896,0.13195364,0.4579913,0.52093667,0.39539218,0.32590884,0.2995963,0.20335576,0.020364277,0.4456346,0.28488696,0.073347524,0.4517467,0.20161338,0.48245257,0.07128569
-0.055476636,0.16687652,-0.15850596,-0.026738506,0.058888987,0.23435777,0.22303933,0.1196234,0.08745834,0.22493741,0.12468452,0.28961474,0.13676655,0.07754262,0.1750691,0.14789811,0.29617864,-0.16099107
0.2533899,-0.06454057,-0.06790094,0.20633218,-0.04919625,0.038898095,0.09780456,0.2758177,0.042098437,0.061699048,0.02865589,0.1137264,0.14377412,-0.22490287,0.04432066,-0.03634063,0.13349251,0.050260633
0.107915506,0.27178162,0.20280562,0.27245253,0.3381007,0.15870172,0.30421573,0.37782604,0.16367136,0.05335961,-0.02669604,0.06192455,0.28016627,0.10821159,0.3811068,0.13337864,0.33849782,0.23904628
0.2596802,-0.28639773,0.06669523,0.22973368,-0.20684956,-0.11048408,-0.012859347,-0.20791173,-0.16729966,-0.20213369,0.07731521,-0.28694075,-0.044931255,-0.13480142,-0.23508713,-0.029585954,-0.2304905,0.097351015
-0.040885635,0.049274266,-0.13203156,0.021428568,0.07635324,0.22757152,0.25724283,0.21005777,0.10518862,0.14897004,0.16856909,0.097127795,0.087993935,0.15778524,0.26543307,0.10028127,0.28586203,-0.062082812
-0.004252434,0.43279892,0.0846482,0.051155422,0.41874656,0.42799374,0.41144854,0.35495734,0.17325917,0.29848266,0.012014469,0.15105003,0.2617908,0.21221286,0.33728093,0.14068818,0.20389068,-0.052728705
0.09811321,0.43979818,0.0984133,0.09261276,0.326424,0.42498437,0.37664634,0.24549513,0.2281824,0.3221851,0.13994586,0.37426817,0.26706624,0.20289066,0.22506392,0.2082079,0.2631008,-0.06063045
0.19193557,0.4948715,0.16769615,0.018718677,0.4878393,0.38873115,0.3425424,0.467125,0.3601876,0.291538,0.004082148,0.43526232,0.20859575,0.03522235,0.34677073,0.15462115,0.46972775,0.11173588
0.0044784956,0.14364189,0.050026137,0.40257794,0.17270759,0.039696757,0.24531206,0.33981934,0.23924267,0.041946106,-0.05854441,-0.012015832,0.1923838,0.112124875,0.2123265,0.020259438,0.075752705,0.2710216
0.03804866,0.25335985,0.14392757,0.28495306,0.27745944,0.35423833,0.29831344,0.19944903,0.05795414,-0.060592365,0.1674839,0.055341486,0.1752503,0.16796681,0.22556815,0.07698055,0.2489045,0.34063548
0.04729526,0.380661,0.053845383,0.38880548,0.34063837,0.37832096,0.3320188,0.37474936,0.40136617,0.12712431,-0.0012081154,0.26665884,0.25118864,0.037477963,0.29212016,0.09929859,0.2664889,0.026952676
0.18464357,0.25367087,0.12032144,0.53098273,0.26114675,-0.030832663,0.09519936,0.21040148,0.3118866,-0.08154948,-0.114429794,-0.014216529,0.091450095,-0.23035222,0.029401148,-0.055836976,0.02046569,0.15516946
0.21266621,0.025996216,-0.16079277,0.096096374,0.0025681057,0.10888995,0.17278562,0.07584649,0.2126966,0.18966107,0.14992815,0.317536,0.13960116,0.02044908,0.15888956,0.15082291,0.27739805,-0.18910387
0.10971289,0.19606973,0.11148146,-0.15627553,0.3005107,0.23886211,0.25125813,0.39240962,0.07842122,0.19323972,0.15816814,0.12555407,0.108816534,0.23475997,0.24253443,0.07415421,0.22556247,0.26939854
0.09455834,0.58121264,0.20097837,0.28083056,0.54169357,0.42451948,0.42888975,0.43665737,0.31746268,0.17100558,0.027819507,0.32290238,0.3147725,0.08976792,0.40163064,0.16712159,0.4307707,0.19439852
0.4438422,0.3397857,0.45873317,0.2942862,0.32229283,0.30188155,0.34601057,0.1523842,0.18755357,0.05511371,-0.058558386,0.034394145,0.21502799,0.2586855,0.17012802,0.039394427,-0.07300928,0.37563467
0.0076393727,0.027351204,-0.26665068,-0.05288649,-0.02992449,0.20195904,0.25318217,0.008515958,0.21841608,0.2238698,0.20360723,0.22847429,0.15371558,0.19176391,0.24810994,0.15794782,0.2010571,-0.08710717
0.028695544,-0.12654349,-0.22834638,-0.20270379,-0.048269376,0.107380055,0.015545404,-0.1206485,0.08818463,0.063894995,0.13730967,-0.050430685,-0.06581053,0.17670536,0.043675527,0.083557874,-0.041965075,-0.15280275
0.11320472,0.24483085,-0.11347656,0.013182089,0.17080098,0.38270003,0.25082433,0.12933439,0.20131022,0.30032086,0.26871338,0.39237294,0.2180344,0.102965735,0.16608037,0.2748171,0.24718055,-0.21020496
-0.04066328,0.2525693,0.028193245,0.066245764,0.21121964,0.44070494,0.3762039,0.2444619,0.06522685,0.1330891,0.05405247,0.21530193,0.12870298,0.052730225,0.29310814,0.07430039,0.39729565,0.07058178
-0.008956775,0.038333945,-0.19551766,-0.04477571,0.052090257,0.07591066,0.004730938,-0.10330403,0.045026883,0.054810267,-0.0340596,0.003925939,-0.06853849,0.09786913,0.023659524,-0.019001365,-0.04800403,-0.18609393
0.090438224,0.24768159,0.20313163,0.36584738,0.21091571,-0.0076829894,0.068872645,0.16492963,0.13233775,-0.06255356,-0.117793396,0.04078973,0.04057801,-0.18418199,-0.044302166,-0.10761068,-0.10589461,0.20360881
0.1922972,-0.16571586,-0.16499552,0.40856564,-0.19258231,-0.2686568,0.025774188,-0.20357983,-0.04391443,-0.150092,-0.014819726,-0.1947896,-0.13062903,-0.031167446,-0.08798131,-0.17674834,-0.122082666,0.07428716
0.42545867,0.29446006,0.17876159,-0.0099163335,0.2938077,0.462632,0.36571664,0.30244625,0.17137194,0.28113505,0.35817915,0.2979374,0.26671132,0.16476855,0.23730168,0.27016494,0.28742826,-0.015261388
0.31764382,0.018081257,-0.031276293,0.07078141,-0.0072562257,0.24656522,0.058229834,0.2018758,0.101107374,0.15110551,0.09070238,0.12057413,0.05701849,0.19136214,-0.009364245,-0.027487643,0.053950302,-0.12206077
0.063752756,0.4414013,0.13870099,0.32483816,0.39474368,0.35208923,0.349578,0.341771,0.30569702,0.10015596,0.07806437,0.23643486,0.29408133,0.19016097,0.31351393,0.16449547,0.27120054,0.119378895
0.35955977,0.49907833,0.39543247,0.09773451,0.5081037,0.35885334,0.4316246,0.31084582,0.30293822,0.1942171,0.12802823,0.2646494,0.32947898,0.21138582,0.4457357,0.20512724,0.35831743,0.29998568
0.010382871,0.2338853,0.17150778,0.04384874,0.26127228,0.24674761,0.225243,0.5170132,0.19383737,0.17019007,0.014416029,0.20082593,0.21962711,0.18163288,0.27513474,0.08704096,0.24343896,0.19444498
0.12134223,0.24147902,0.04524997,0.12053636,0.18542776,0.21855819,0.28210467,0.19950767,0.2743854,0.1414558,0.27631292,0.19385457,0.28004903,0.2920451,0.3411493,0.18013968,0.25574684,0.12180835
0.48046198,0.28339052,0.379189,0.034955747,0.37161446,0.31986928,0.30848342,0.43649924,0.2090331,0.18903117,0.06347726,0.23088118,0.19424634,0.269955,0.26692677,0.15072206,0.33277962,0.27624014
-0.18366988,0.23550527,0.17124231,-0.045702487,0.12422519,0.17659101,0.08151901,0.1521112,0.18046036,0.09796469,0.08393115,0.23556095,0.05072051,0.19864011,0.060344186,0.064648494,0.033510584,-0.13459595
0.47394037,0.52857417,0.52961415,0.2223718,0.48324722,0.41893253,0.3814969,0.2755513,0.39458779,0.08691399,0.02699312,0.18540433,0.310435,0.30045676,0.2543135,0.16413948,0.045669097,0.39690745
0.22824618,0.19358484,0.35083073,0.38779178,0.22557798,0.12263781,0.04825891,0.18573044,0.37010458,-0.06703688,-0.099984586,0.051859546,0.14067462,-0.012370553,-0.018148674,-0.01622003,-0.11358157,0.25814325
-0.0552143,0.18467358,-0.04025868,0.08317691,0.18381259,0.23111704,0.16693541,0.32884902,0.21865276,0.23667546,-0.033574633,0.40376765,0.0738545,-0.083126284,0.20977631,0.11022388,0.4425149,-0.14018774
0.3903218,-0.21579829,0.005073283,0.22262634,-0.20278433,0.019643644,0.21466643,-0.13894719,-0.12336369,-0.017207455,0.18423149,-0.13373017,0.09577262,0.12677704,-0.0073411562,0.052570276,-0.041102216,0.1754531
-0.06059581,0.29181802,-0.06539082,-0.11015341,0.22662362,0.33685094,0.20213541,0.39424914,0.22508234,0.21967542,0.13419007,0.2632181,0.17598821,0.08786364,0.36853886,0.13523266,0.32393697,-0.1013077
0.335372,0.40973234,0.23457721,-0.031647224,0.41827017,0.38935745,0.26385242,0.31510648,0.2311849,0.26668066,0.012028949,0.28620824,0.16395637,0.08731732,0.14343026,0.13122275,0.17838988,0.0046645342
0.19684339,0.14526203,0.31704304,-0.003378814,0.2663514,0.28063977,0.25528318,0.02978538,0.017041378,-0.036847528,0.25852844,-0.07338603,0.12810074,0.16383708,0.039136607,0.22135177,0.18392994,0.33551157
-0.08011027,0.16142339,0.06947976,0.06830692,0.09276675,0.19819249,0.20727257,0.1472903,0.050655805,0.21240723,0.1515799,0.21568629,0.17679092,0.25863844,0.00828057,0.10247288,0.019108402,-0.013189818
0.20477754,-0.10919839,-0.13276644,-0.012478225,-0.0812894,0.08119457,0.21967164,-0.01298864,0.22770277,0.123817295,0.29439282,0.28938353,0.11651838,0.09781736,0.2138963,0.19724885,0.32857716,0.0028703809
0.13421595,0.4167782,0.14293684,0.0073064314,0.35745782,0.36513278,0.36756036,0.48809496,0.1924991,0.27021754,0.03255382,0.4051197,0.26253784,0.020457642,0.40786517,0.18777995,0.51901245,0.06706038
0.019409854,-0.21014374,-0.15135874,0.3947618,-0.2203296,-0.11551011,0.10104454,0.046999365,0.09624309,0.016304549,0.089115284,0.014916755,0.1415146,-0.049209107,0.012923699,0.025266394,-0.06569569,-0.019765303
-0.09059121,0.32562461,0.039695464,-0.06604251,0.26229012,0.41110075,0.26403272,0.24533625,0.13313301,0.27548206,0.11915107,0.3004817,0.16771178,0.07428578,0.20857689,0.1560161,0.23094356,-0.058178764
0.3972806,0.03874017,0.2509453,0.29487354,0.12074651,0.051333636,0.075236686,-0.047001343,-0.018667119,-0.2009124,0.046001047,-0.27527076,-0.02544267,0.0039157607,-0.062527634,-0.08789426,-0.14583024,0.4267194
0.1909516,0.28722984,0.096894145,0.3764661,0.24516334,0.19699442,0.22096151,0.14551935,0.09464753,0.0450605,-0.024073048,0.1452725,0.13967699,-0.02155029,0.08729469,-0.017386984,0.19346175,0.039467864
0.44813338,0.10961712,0.15667352,0.33191362,0.14095654,0.1191305,0.18932596,0.2008084,0.3110578,0.004072152,0.055203296,-0.029903237,0.18871096,0.16817352,0.113313295,0.10030207,-0.048397385,0.01471197
0.14301665,-0.2087365,-0.21986228,-0.09972761,-0.12936476,0.0037191124,-0.03928598,0.22996575,0.19619095,0.21521649,0.15661073,0.13270494,0.021216452,0.038494837,-0.05847145,0.027219161,0.039985448,-0.13241625
0.41699392,-0.09008795,0.095822826,0.30989867,-0.016280372,-0.14225835,0.0642732,-0.024013342,-0.010727964,-0.13755247,-0.05210899,-0.16671506,-0.019361459,-0.01398403,-0.0070775053,-0.112602875,-0.035919175,0.18561587
-0.04147267,0.058159865,-0.12462886,-0.057321325,0.036367405,0.20438209,0.18192554,0.2748021,0.28835407,0.2613134,0.06464782,0.45706418,0.0700813,-0.047330663,0.26738185,0.15767789,0.4233349,-0.19456884
0.38309303,0.11425646,0.18164091,0.2341136,0.24174967,0.19501072,0.22859585,0.51824486,0.46172252,0.23149513,-0.029109143,0.20961437,0.32378143,0.11101046,0.2919197,0.19061536,0.22702605,0.10818146
0.2684242,0.028666565,0.15825348,0.29256976,0.055927437,0.13699189,0.34973204,0.045961633,0.002537088,-0.009214939,0.23275879,0.0659994,0.1933596,0.21589057,0.18214527,0.06457273,0.17244539,0.3675897
-0.084798925,0.2677729,0.0050605093,0.15472308,0.17485836,0.24989781,0.20876148,0.36157376,0.062165964,0.13013011,-0.0050472366,0.30119884,0.19017032,-0.10834601,0.2935354,0.029505664,0.405769,0.046947528
0.10392603,0.3035459,0.051217478,0.020856397,0.3285972,0.37669098,0.2411073,0.29739088,0.37239325,0.2185857,0.19012505,0.42236313,0.1729659,0.21723996,0.32060924,0.25598735,0.45204502,-0.012406007
0.5304431,0.29070872,0.1426401,0.13004217,0.2432133,0.4705246,0.39093763,0.19853885,0.16028851,0.28468505,0.15402499,0.23833323,0.17983234,0.20426273,0.19701442,0.18032753,0.24990886,0.013414755
0.32840124,0.44424915,0.25062287,0.11482282,0.41599387,0.34386325,0.33099496,0.43559277,0.34718215,0.24622177,0.036972396,0.4710408,0.28978282,-0.0069824094,0.36868548,0.18098082,0.45323855,0.18750802
-0.0954307,-0.10508199,-0.25239682,-0.058930866,-0.09237472,0.05464799,-0.076392725,-0.016893081,-0.09381938,0.04743188,0.07771928,-0.033515155,-0.03168533,-0.14085303,-0.20794404,0.00080039445,-0.09083043,-0.32960874
0.00026749447,0.29114705,-0.003980389,0.07864778,0.24054776,0.29415572,0.11547497,0.23366496,0.14863943,0.069211006,0.11231967,0.31514347,0.091621056,-0.038717464,0.19318248,0.104876265,0.41196552,-0.09768394
0.2794922,0.067361906,0.11253613,0.41832674,0.027408037,0.03011354,0.26405346,0.0061966125,0.14403808,-0.06526429,0.024203688,-0.06866667,0.05837205,0.13777375,0.090929314,-0.10362902,-0.087361544,0.29804623
-0.13017716,-0.21460319,-0.31360084,-0.0744459,-0.2131577,-0.037206985,-0.12515897,-0.113104984,-0.10422297,-0.012924906,-0.05280876,0.09124747,-0.17455831,-0.32344913,-0.10126925,-0.0868129,0.029883374,-0.2714587
0.06506973,0.2877401,0.18815677,-0.023385625,0.35317582,0.34290797,0.24039304,0.13972417,-0.051400393,0.09052296,0.28583848,0.131475,0.117392704,0.09054213,-0.0528433,0.16533451,0.2014381,0.28863594
0.011215956,0.21730825,-0.070621155,0.1624998,0.18472275,0.20679647,0.25562006,0.12768617,-0.04958131,0.06532784,0.044355214,0.17855778,0.038967013,-0.011018688,0.21330106,0.028825855,0.43300924,0.057064015
-0.0631274,-0.33202016,-0.303088,-0.08793244,-0.43130776,-0.27263117,-0.19205806,-0.17293233,-0.20255214,0.110133626,-0.017039627,0.063358694,-0.07590996,-0.27784348,-0.1932202,-0.03724174,-0.16205028,-0.2117284
0.16622183,0.26378047,-0.02222686,-0.07772553,0.2741981,0.29711506,0.106856726,0.28033158,0.21477506,0.24271852,0.09397586,0.3671697,0.0960588,-0.045109905,0.15140006,0.1339301,0.29780284,-0.1063207
-0.1747736,-0.16899543,-0.27620667,-0.17245063,-0.30668217,0.024451151,-0.21404704,0.0048892195,-0.03790586,0.15514418,0.048712354,0.36714402,-0.08531462,-0.21989295,-0.19404115,-0.009206005,0.025757072,-0.34630173
0.08283615,0.24623594,-0.064829856,0.19765145,0.20961717,0.25381625,0.41237277,0.17052612,0.09659476,0.17111458,0.113760166,0.20165682,0.1848624,0.097965926,0.27588534,0.1582028,0.33102116,-0.0034431932
0.02340851,0.38782924,0.33942732,0.04466662,0.37677038,0.33958036,0.25354236,0.42549354,0.115205765,0.14343287,0.047983393,0.3625672,0.19992474,0.05342774,0.21285795,0.07073483,0.31917268,0.29332176
0.2428253,-0.023239002,-0.14505455,0.15922637,-0.076391496,0.04038152,0.2431669,0.026671352,0.17717464,0.13187855,0.17033389,0.31539822,0.088519566,0.036522575,0.19906674,0.10975681,0.28935114,-0.07242486
-0.051313847,0.08908868,-0.08834712,0.13534582,0.015539192,0.078014195,0.33550793,0.08689384,0.10780125,0.10914824,0.11968681,0.27549857,0.12075743,0.1667814,0.37387457,0.08779773,0.450284,0.24269639
0.027144872,-0.12246058,-0.0072032153,0.20883086,-0.09069088,0.079506405,0.26597077,-0.07078384,0.050506108,-0.065718964,0.25650734,-0.060213916,0.08695022,0.19810842,0.11634074,0.025168907,-0.0062404517,0.39799824
0.24086812,0.18507573,0.07819548,0.41192642,0.18438733,0.10786244,0.3489331,0.11079617,-0.008681415,0.019172639,-0.0168028,-0.19537807,0.13934416,0.027948916,0.09791842,0.017306305,0.011129616,0.11052852
0.40096587,0.23287436,0.3065294,0.100395225,0.18463773,0.2695942,0.061134893,0.28790644,0.23689646,0.08130998,-0.0409547,0.23596886,0.18707852,-0.05516631,0.13438594,0.055278048,0.12321211,0.04272416
0.11646132,0.31667084,0.262529,0.123542145,0.31095928,0.26323417,0.3107967,0.28621426,0.1532619,0.1870422,0.03116256,0.20923501,0.21327947,0.2063792,0.12600392,0.048613425,0.07518566,0.05094421
0.43594062,0.3884266,0.2021647,0.07607546,0.43457615,0.33721238,0.36503938,0.42787796,0.29601043,0.21359813,0.20425922,0.30311182,0.35297206,-0.01666979,0.42478883,0.26480782,0.49106887,0.105103835
-0.03918129,0.32109934,0.1777992,-0.074148014,0.28782153,0.37078226,0.3347224,0.2268531,0.27449828,0.24099526,0.18694605,0.27931684,0.15705672,0.35427952,0.2752106,0.17703971,0.21092758,-0.07762313
0.41552147,0.23961663,0.25778466,0.23132652,0.26222128,0.16507164,0.22976768,0.2489433,0.5398606,0.07640125,0.0774772,0.20759857,0.305209,0.07094292,0.28000003,0.1685386,0.1548706,0.19676402
0.12969291,0.35493356,0.34574226,0.25755668,0.28668785,0.35137227,0.35065347,0.08493601,0.24280041,0.047071815,0.18860924,0.13145451,0.31150466,0.37105986,0.19852492,0.116908476,-0.021373374,0.25320822
0.07071555,0.4539261,0.054184057,0.026538491,0.40300778,0.36730218,0.3033107,0.41402948,0.20760736,0.21367967,0.09932502,0.3936724,0.2441055,-0.09340337,0.37648875,0.16808914,0.47754198,-0.024866918
0.15799922,-0.058258783,-0.18374263,0.45254394,-0.09195693,-0.13010862,-0.00486539,0.01632599,-0.042659137,-0.07886031,-0.039824303,-0.027306931,-0.039393477,-0.20263882,-0.11158502,-0.16149902,0.047276795,0.072709635
0.31555408,0.2145476,-0.022833014,-0.020140478,0.19509262,0.44120497,0.3642825,0.2692636,0.19145527,0.3477574,0.1917945,0.21220961,0.2485889,0.25942302,0.20765221,0.18334143,0.2045826,0.01769138
0.29272065,0.24879505,0.22657517,0.21970327,0.1386897,0.1619467,0.30162263,0.093280286,0.06625438,0.11276008,0.10041584,0.10645196,0.15988441,0.28049994,0.06748556,0.10361823,0.052634567,0.14998662
0.00806812,0.33460253,0.196361,0.14100677,0.28980824,0.20743072,0.36754394,0.07719119,-0.02962728,0.041369565,0.25187957,0.09286226,0.20455165,0.24513623,0.26825425,0.14842917,0.30402553,0.43716422
0.22604169,0.44201943,0.1245068,0.2846802,0.4684133,0.43027684,0.34150803,0.2602476,0.31632298,0.12666646,0.1390894,0.20384312,0.3532645,-0.07626721,0.32179868,0.22146958,0.30933768,0.0238031
-0.017662581,0.30711004,0.17266613,-0.0030104346,0.2298378,0.45032468,0.21418953,0.20299552,0.054313533,0.105146796,0.18074974,0.29374123,0.15316585,0.10707708,0.1916076,0.16784166,0.30511028,0.049335837
0.003035035,0.36869955,0.0311165,-0.03655316,0.35596263,0.27783912,0.34103125,0.12406665,0.15787636,0.2715216,0.1618472,0.27880722,0.12525728,0.07623412,0.31290704,0.23767722,0.35539883,-0.060526803
0.063101776,0.48162115,0.08810642,-0.020208884,0.40632293,0.48630518,0.31510153,0.4089666,0.16552746,0.20471582,0.0083034,0.37673923,0.16238692,-0.016413176,0.32805797,0.11888916,0.45085335,-0.018480303
0.2197729,0.5204898,0.3397529,0.054523215,0.45292807,0.44216427,0.28902978,0.3780142,0.26457602,0.18445829,0.03780563,0.33468902,0.29916635,0.00536618,0.35632154,0.18815213,0.3384424,0.11637397
0.5527197,-0.026784237,-0.035320807,-0.09024596,-0.040660895,0.14611694,0.18924949,0.01374715,0.02799185,0.25638694,0.19952922,0.12859407,0.15842587,0.11336535,0.0635378,0.21547276,0.06490787,-0.103186
0.43778196,0.14395973,-0.033648837,0.016224276,0.06592007,0.21050471,0.204797,0.29543906,0.15501402,0.29176724,0.06020747,0.32077467,0.15411878,0.112889245,0.15970255,0.0884892,0.29159114,-0.029450601
0.12774986,0.4199701,0.081344634,0.28955513,0.4179686,0.3302348,0.30613893,0.37481755,0.33254594,0.1513115,0.024290856,0.37315205,0.23608994,0.027907556,0.27343744,0.12105521,0.36820766,0.08323413
0.1264706,0.4435016,0.35394746,0.026007105,0.38537198,0.39953998,0.40294656,0.20633224,0.1995014,0.14191914,0.26052216,0.31859553,0.24043377,0.3429339,0.24958137,0.23139256,0.33031416,0.40120995
-0.058896944,-0.08645466,0.29104078,0.35125554,-0.08271271,-0.13649422,0.064665735,-0.044273652,0.13427643,-0.10308942,-0.12254065,-0.09582527,0.030777834,0.06174586,-0.0040163617,-0.10476905,-0.19636826,0.32254136
0.0059718024,0.24851325,-0.13981995,-0.14284793,0.17267653,0.32922965,0.22962646,0.03471356,0.15000011,0.22333139,0.06892759,0.27092734,0.061865464,0.19172171,0.19716227,0.09514301,0.16203101,-0.13987696
0.1256997,0.26901966,0.24281833,0.029744066,0.18607675,0.34935364,0.38048875,0.2040441,0.2558295,0.23653406,0.031652015,0.3005879,0.14004269,0.2971177,0.264899,0.17389199,0.24293551,-0.013501801
-0.001870594,0.038330764,0.2761832,0.1382323,0.045224905,0.14755395,0.19848679,0.11527432,0.17826718,0.052650012,0.180235,0.12409321,0.15687698,0.31579766,0.048700817,0.15405105,0.015497839,0.15875956
0.08919583,0.45120257,0.10722629,0.004918014,0.37631398,0.36555174,0.415382,0.4256348,0.30001003,0.27279693,0.096347876,0.42439967,0.26908606,0.14842588,0.513569,0.18474203,0.58120334,0.10322097
0.15267809,0.4829498,0.1932717,-0.07334112,0.50260067,0.37898776,0.4503122,0.3778558,0.17230666,0.31530464,0.113613784,0.23860303,0.22412163,0.35262522,0.34697416,0.16430512,0.31922507,0.23367517
0.09006897,0.16936846,-0.06937127,0.23116666,0.22151062,0.13271059,0.18272191,0.1808987,-0.051114663,0.09717949,-0.033939283,-0.038763396,0.09504871,-0.07786135,0.0446051,0.013329975,0.13562676,-0.05295936
0.074631155,-0.029366326,0.3004825,0.3939395,0.030184885,-0.039067596,0.14316934,-0.119775,-0.0738522,-0.22293806,0.04213251,-0.21346876,0.08882863,0.12522106,-0.030769538,-0.022544682,-0.14879432,0.364392
-0.039237343,0.51799685,0.39582658,0.047054682,0.47189817,0.46979773,0.36679563,0.36751735,0.31926247,0.14064614,0.09573406,0.3445054,0.3355754,0.1380423,0.40847862,0.24632563,0.34179357,0.14439139
0.041581646,0.4147619,0.09392526,0.13292,0.36556005,0.4333843,0.39874047,0.4504839,0.22813158,0.2731006,0.0014060168,0.37985304,0.20164779,0.13520491,0.3570666,0.16158424,0.44574553,-0.022684386
0.018786183,0.48496193,0.25583535,0.067616776,0.3917641,0.30843514,0.38512868,0.3849073,0.18913226,0.19937485,-0.03460174,0.34017634,0.19141969,0.22798303,0.38236517,0.071334556,0.35620677,0.22140595
0.07198474,0.42701837,0.1114641,-0.01719677,0.42592978,0.33395374,0.3771707,0.43128735,0.14599833,0.30058146,0.21094868,0.3386736,0.22903606,0.0037255883,0.294702,0.16408849,0.38498127,0.101428255
0.071750954,0.08343218,-0.10742317,-0.10911216,0.110860035,0.14513281,-0.045270875,0.25029638,0.19578579,0.16235416,0.090798266,0.24844263,0.010183166,-0.0019788472,0.0017415257,0.06870848,0.098278224,-0.221153
0.10481435,0.14206253,-0.006562403,0.10014343,0.13498151,0.12780842,0.16222459,0.27195072,0.3479154,0.19583976,0.0034485823,0.41592416,0.124932304,-0.02669213,0.31142673,0.16062813,0.49307513,-0.11776935
0.056932542,0.1259704,-0.11555335,0.31059408,0.06175795,0.078367844,0.23157758,0.09085365,0.16724268,0.054881684,0.0823428,0.23499918,0.08792155,0.0699241,0.17191178,0.06385901,0.26452708,0.030595705
0.19397712,0.3192415,0.1811651,-0.12510806,0.43672925,0.256554,0.19688907,0.2688756,0.1138355,0.2512084,-0.019252073,0.102307364,0.18446235,0.20298377,0.23334625,0.15968855,0.13994095,0.095860034
0.12829511,0.3809818,0.28360236,-0.02270417,0.36601272,0.49872252,0.38405854,0.21599871,0.26427263,0.19445565,0.3887787,0.32725912,0.26784885,0.11540211,0.19130373,0.32315117,0.3225507,0.11481708
0.05746188,0.5144112,0.16775629,0.059995376,0.45221043,0.43448782,0.42427438,0.2491293,0.121958934,0.07846731,0.15223928,0.15662977,0.25638252,0.1468342,0.43999836,0.17554533,0.43452752,0.24015534
0.24788624,0.0654627,-0.09837401,0.03917306,0.06384859,0.15022202,0.096358344,0.1506792,0.23483554,0.26020953,-0.010063293,0.12252925,0.08101936,0.14903945,-0.012522064,0.084216535,0.013938397,-0.18013984
0.052507054,0.32596356,0.07337552,0.45449954,0.26681936,0.22089672,0.20099203,0.281582,0.31759912,0.053768773,-0.025260204,0.19305955,0.13740897,0.072058536,0.09393251,0.011036271,0.05117903,0.036582287
0.31531358,0.33238918,0.015049942,0.437872,0.25334626,0.26734328,0.2784038,0.28476104,0.34297097,0.10809851,-0.029227324,0.23028386,0.16553833,0.062796816,0.20848235,0.039070606,0.22655605,0.06135699
-0.11810769,-0.16070884,-0.43401334,-0.22798905,-0.19393551,-0.04925123,-0.08735332,0.048408777,0.15679783,0.16650017,-0.027773865,0.11851275,-0.07838167,-0.12278345,0.17236003,-0.0101432325,0.17732206,-0.3072005
-0.13581115,-0.2885234,-0.27871913,-0.2062432,-0.3288992,-0.08121079,-0.090795994,0.060550477,-0.13137263,0.13252825,0.028220281,0.19971213,-0.12758109,-0.25666517,0.0139444,-0.07143457,0.11195204,-0.16315357
-0.056836635,0.36584872,0.07738723,0.08592483,0.30386335,0.23287752,0.29317224,0.37726527,0.3348943,0.1901559,0.11647197,0.32630864,0.24196096,0.19671792,0.4367447,0.15440336,0.4205428,0.08716741
-0.10170233,0.2983415,0.20791313,0.009229064,0.25706744,0.1585122,0.22245657,0.33722106,0.22522867,0.27571654,0.117330015,0.45642933,0.22423589,0.14733276,0.32155314,0.22489166,0.34201872,0.013036018
-0.061416008,-0.05724213,-0.008913711,0.103426754,-0.032339495,0.08617726,0.059156626,-0.04596829,0.08795501,-0.07919347,0.18451701,0.061009187,0.064447,-0.1937007,-0.04799427,0.16213807,0.17883658,-0.009750042
0.1050152,0.40306455,0.0831082,0.07220358,0.3347455,0.3335418,0.20608008,0.40460265,0.073016,0.17240411,-0.03832793,0.36120433,0.18814886,-0.14866202,0.20061894,0.023859337,0.3854525,0.07076978
-0.07336138,-0.084731154,-0.04919119,0.06835255,-0.041384757,0.07148583,0.13470829,-0.11258418,-0.005993465,-0.030135725,0.25680006,-0.039222416,-0.012893684,0.10922477,-0.03885175,0.026445793,0.09066579,0.14341493
0.16878402,0.46314767,0.12978831,0.17419693,0.4853073,0.37774444,0.36486483,0.3612811,0.21264508,0.1843302,0.14390978,0.16004196,0.2777233,0.09356433,0.28128368,0.18163589,0.24493349,-0.005931697
0.057391018,0.0832635,-0.10276663,-0.053698182,0.0024839654,0.26472807,0.19688271,0.09888393,0.084308654,0.21968684,0.05991672,0.12610763,0.052357286,0.16866782,0.063005194,0.07386601,-0.002658056,-0.23928198
0.0937429,0.43149167,0.2463848,0.124773785,0.34657776,0.43662697,0.39325768,0.30392605,0.3615093,0.22446248,0.18458045,0.43596354,0.34966177,0.1480383,0.4202863,0.24814855,0.43837386,0.025874525
0.21389297,0.4103505,0.32885742,0.021648692,0.4749264,0.3649847,0.4395005,0.22535408,0.13823257,0.16990283,0.31328818,0.29703164,0.27506292,0.16559306,0.27550834,0.2956761,0.46817112,0.42846197
0.46786928,0.1645791,0.2935469,-0.029916622,0.2187011,0.24354419,0.09282158,0.3663747,0.306772,0.16313446,0.08422704,0.2883818,0.22465086,-0.0448492,0.1763103,0.19134124,0.25967735,0.036880672
-0.08027084,0.10709204,0.07181656,-0.20143618,0.21192911,0.2688126,0.23289229,0.46332765,0.18119717,0.31421283,0.08896905,0.1629034,0.20511259,0.27653328,0.30365485,0.10883301,0.23948404,0.21886608
0.3696641,0.040973917,0.2497105,0.33732456,0.03563055,-0.03259332,0.03444168,0.05688011,0.28112876,-0.086778864,-0.041426703,0.041424867,0.09466885,0.13125817,0.09285555,-0.041089483,-0.045830086,0.08187303
0.30566752,0.24722685,0.37926662,0.3648969,0.29944468,0.15193683,0.13243692,0.22412342,0.41909873,-0.05903206,-0.09836136,0.010121817,0.16190955,0.116987154,0.11330095,0.033396833,-0.036879506,0.3795032
0.2371051,0.10464439,0.105443604,0.3409677,0.06766765,0.11247313,0.1879601,0.20871297,0.148341,-0.027753457,0.016441397,0.121840596,0.13751292,0.03398622,0.1652722,-0.06859386,0.15226068,0.13990799
0.34029618,-0.0783318,0.13053021,0.16376543,-0.10845786,0.21545725,0.19230244,0.15791777,0.12008443,0.17142305,0.22466019,0.2250459,0.23645563,0.22163573,0.066732705,0.14308003,0.07736471,0.08574942
0.0025518183,0.057292767,0.026607018,0.22446214,0.053475983,0.2994612,0.27525434,0.21554393,-0.058144614,0.06353322,0.09632753,0.057270184,0.17850173,0.035088632,0.09470876,0.07506575,0.17824918,0.12103009
0.12603797,0.45084935,0.04709086,0.10194792,0.4147864,0.3834923,0.38694507,0.42622137,0.30152544,0.2930434,0.12239374,0.3710677,0.31210786,0.10344964,0.5036807,0.22866793,0.5410696,0.012370312
0.33698136,0.1100989,0.16826169,0.07545513,0.1694192,0.26727372,0.2582498,0.13655263,-0.026949704,0.11474988,0.30505884,0.096047476,0.1087192,0.12226011,-0.03743904,0.17415255,0.22572397,0.21286044
0.12719783,0.4270594,0.14559692,0.036873072,0.43346673,0.34485084,0.4139519,0.4424231,0.11701456,0.29996878,0.030356666,0.35445476,0.22868477,0.059515797,0.34710914,0.14642818,0.4951613,0.19974218
0.13783002,0.14356264,0.17967156,0.110064514,0.119713746,0.28005016,0.0812189,0.2609145,0.2917083,0.17311554,0.0612043,0.24505979,0.25660798,0.12165993,0.15858102,0.18770441,0.16212371,0.018597642
-0.026218487,-0.0836992,0.14079711,0.19564773,-0.09740789,0.12015366,0.3230389,-0.116283655,0.09332871,-0.010467328,0.28647292,0.07635914,0.1904828,0.33406717,0.16948107,0.16000153,0.13184556,0.43792433
-0.00050280057,-0.20735052,-0.26333892,-0.19102782,-0.23321116,-0.03451272,-0.13773954,0.13933276,-0.013643157,0.23577346,0.009249302,0.26797318,-0.04628738,-0.12078333,-0.05195819,-0.021687502,0.08412506,-0.19864893
-0.10529577,-0.2966404,-0.32490367,-0.15786818,-0.2835061,0.050322566,-0.101208806,-0.033447094,0.15685835,0.08925617,0.10739137,0.13822854,-0.038407143,-0.030641805,0.1566979,0.07485995,0.16199367,-0.3448879
0.4537412,0.29215688,0.17144687,0.3550282,0.29132956,0.18799692,0.27920598,0.10085194,0.09497727,-0.056994013,0.10835667,-0.031613424,0.13050577,0.14506942,0.1194824,0.014926821,0.08130932,0.27196005
0.25528395,0.038896434,0.26108202,0.13501905,0.047879957,-0.012617882,0.09048952,0.11017233,0.053870693,-0.032927576,-0.041832868,0.03328251,0.053384494,0.070322044,0.09518509,-0.09747521,0.036002733,0.16518939
0.23990083,0.29158846,-0.09158681,0.05310499,0.32496512,0.2960273,0.2893658,0.25335664,0.22425112,0.27653825,0.17105082,0.26756936,0.24997361,0.0321048,0.32077765,0.21156263,0.35857213,-0.11463923
0.13341486,0.502055,0.30774927,0.35583764,0.4583273,0.3443328,0.34199905,0.3488196,0.45506158,0.05628956,0.0152139915,0.27293336,0.31869397,-0.015500115,0.26962346,0.09089135,0.20398568,0.3030614
0.007455138,-0.009546822,-0.2358796,-0.1713942,-0.021380149,0.21565965,0.07124426,0.2943624,0.15241791,0.3506396,-0.0004624566,0.26654872,0.12135968,0.06364034,0.208336,0.09513298,0.26101774,-0.18522796
-0.058718022,-0.0063404464,-0.1314843,-0.019821964,-0.0014752909,0.27413183,0.16727132,0.25639087,0.014546022,0.2405649,0.088452235,0.294028,0.082938775,-0.030715544,0.048245482,0.15268078,0.2920525,-0.21876669
0.117305316,0.28997225,0.11768845,0.25925153,0.30841744,0.14730126,0.3123722,0.040763237,-0.038757022,0.0027746279,0.10828699,0.07246089,0.14611849,-0.00874974,0.13293943,0.11214433,0.25726724,0.18480897
-0.08796785,-0.15630159,-0.31028765,-0.14969027,-0.15524954,0.1782453,-0.010471726,-0.056309372,-0.026817018,0.13541642,0.03863677,0.09844754,-0.027962815,-0.109246,-0.078125276,0.008726118,-0.0117520895,-0.23555583
0.3264263,0.2184206,0.17798547,0.47173005,0.18558282,0.1979492,0.17464949,0.264054,0.15235057,0.04232885,-0.018758772,0.0998705,0.14270765,-0.11043882,0.029413348,-0.027992476,0.044456996,0.18904379
0.15873902,0.2526889,0.03319612,0.47207206,0.21542107,0.16797346,0.32712987,0.25315285,0.32937053,0.106037155,0.0016532252,0.08739953,0.29802355,-0.07485686,0.18657649,0.0716915,0.103884675,-0.020538626
0.0697449,0.3356735,0.3568472,-0.011504615,0.2949674,0.47656888,0.32531887,0.30142522,0.1109451,0.20326963,0.11456566,0.28923023,0.18729866,0.3582457,0.13651505,0.13896088,0.14111853,0.25268507
0.12161894,0.24845941,0.18928018,0.20275804,0.22061133,0.27962905,0.3865787,0.34864885,0.22354628,0.25372893,0.016685784,0.30336437,0.27266216,0.18589681,0.38773733,0.15009144,0.35113835,0.04602384
0.09527573,0.34581923,-0.111545905,0.08059554,0.34052882,0.26303297,0.35211378,0.42999643,0.13877913,0.24791026,0.08646861,0.24342349,0.20603648,0.04462366,0.33384168,0.06808543,0.4136071,0.04313475
0.1588305,0.13783275,0.03465587,-0.011655496,0.20950618,0.24649191,0.096092045,0.31016967,0.26246476,0.16680875,0.12998547,0.20390221,0.27219254,-0.11592467,0.22256729,0.24121456,0.2766257,-0.15313941
0.020879388,0.43161052,0.056247585,0.016549036,0.37065232,0.4025252,0.30835903,0.16496545,0.093276754,0.21645576,0.120322436,0.16749296,0.16025639,0.2379774,0.16472739,0.14612305,0.09758804,-0.059698645
0.23751095,0.49294287,0.28994453,-0.005087371,0.46168596,0.3718036,0.34756958,0.4219299,0.30022156,0.18524972,0.054977536,0.31463927,0.24580173,0.0699253,0.40553427,0.09785883,0.38797048,0.2179838
0.08578688,0.3715678,0.2487481,0.003871706,0.2612337,0.390675,0.098014295,0.2436473,0.17433396,0.09926936,-0.01855424,0.25495696,0.097839,0.14661872,0.13910449,0.028629214,0.1113597,0.024025101
0.057129335,0.39221472,0.09229399,0.10832819,0.33164233,0.35622063,0.38796365,0.36912972,0.32027325,0.29979426,0.080714285,0.41224253,0.24378125,0.25216517,0.3680364,0.19524144,0.43370426,0.067328885
-0.03230747,0.2770499,-0.08110931,0.03676681,0.16939849,0.3189403,0.2295458,0.24610797,0.042631373,0.16715693,0.08971624,0.33291042,0.117487855,-0.048197422,0.20184392,0.09449266,0.42100966,-0.025563046
-0.0037283245,0.21442041,0.14782333,0.05697883,0.1616961,0.18584374,0.26853806,0.100742444,-0.09374703,0.09668788,0.10343377,0.27513257,0.093078315,0.018526286,0.14907087,0.08274237,0.3958274,0.26171055
0.4264437,-0.18034357,-0.073810324,0.33023357,-0.14587337,-0.06615023,0.06905724,0.056710795,0.08930819,-0.063078664,0.0009844485,-0.051616997,0.07579765,-0.14237712,-0.010379208,-0.073045135,-0.03960612,-0.046323515
0.15069261,0.38494533,0.22348073,-0.08396316,0.31044883,0.47563452,0.3760028,0.32200703,0.23186117,0.29561502,0.20082875,0.3591725,0.2623403,0.29896963,0.24385872,0.23489556,0.29836258,0.16183904
0.03852549,0.13526157,-0.0499327,-0.097813666,0.18156955,0.2696961,0.07575481,0.2130399,0.11666794,0.20925969,0.0069554397,0.1659471,0.07367113,0.022538036,0.18330315,0.14029813,0.22351098,-0.18557301
0.40199175,0.46245533,0.36354893,0.029210402,0.4337865,0.35001546,0.42762086,0.29974347,0.10912211,0.16252103,0.15650824,0.31989354,0.24692377,0.123872794,0.3656574,0.20797923,0.49487776,0.41162547
0.08532336,0.17425403,-0.113220796,-0.13009465,0.10531601,0.23285727,-0.008769566,0.22140041,0.11188787,0.20210773,0.025641121,0.39699373,0.026699904,-0.10967442,-0.018851507,0.013073548,0.18095432,-0.1267475
0.002449083,0.11411801,0.03892685,0.26266742,0.16137925,0.22398773,0.23258308,0.2702791,0.15534553,-0.0036938796,-0.037833907,0.102213204,0.14926913,0.051971134,0.30177045,0.040286995,0.35394078,0.15493566
-0.0129503235,-0.24761873,-0.009234967,0.52466524,-0.20298131,-0.15142581,0.109125,-0.116198994,-0.116697505,-0.15019375,0.07936783,-0.22391436,0.08931603,-0.11088018,-0.10623843,-0.040622663,-0.15782651,0.23992877
0.16466065,0.42240626,0.08711641,0.012877697,0.34846327,0.40191293,0.376477,0.3395269,0.236585,0.2709159,0.038276628,0.3663919,0.17292155,0.32456416,0.32880473,0.098451875,0.39892626,0.18795855
0.047918048,0.078341275,0.11579524,0.028428664,0.100163355,0.27585143,0.30349475,0.033892035,0.0024325522,0.060043484,0.46052766,0.09926438,0.16847423,0.17744733,0.09869506,0.2497684,0.2587489,0.25423667
0.2257458,0.45315212,0.1349977,-0.040441092,0.4139256,0.27887845,0.30551982,0.23766622,0.1391328,0.30341935,0.14620464,0.3893481,0.21884494,-0.054237444,0.23668894,0.2328516,0.3481952,0.0189775
0.27743125,-0.1796992,0.025170762,0.06259054,-0.16338103,-0.059188914,0.10609283,-0.068684995,-0.018577743,-0.0076681892,0.27397883,-0.0710253,0.07751022,0.15288271,0.04394204,0.11022684,0.09198897,0.25455785
0.37676197,0.03342511,0.24557573,0.2637366,0.065543056,-0.035665818,0.010271172,0.033936527,0.13467738,-0.13762629,-0.07594289,-0.16166645,-0.03469494,-0.0025727423,-0.0763368,-0.12581399,-0.24167427,0.19122733
0.10068787,0.4459091,0.049762934,0.054203145,0.4597301,0.34779957,0.33081248,0.46224183,0.24051547,0.2609114,0.0050446736,0.4081788,0.23597357,0.046967484,0.3550912,0.122968726,0.44912887,-0.011503741
-0.059611414,0.052635476,-0.21032073,-0.050329372,0.06749068,0.1323471,-0.043903094,0.3288303,0.2489092,0.16460921,-0.065123364,0.33580142,-0.028848216,-0.15174516,0.10500326,-0.06016594,0.2842825,-0.27714825
0.081050776,0.5035007,0.15125394,0.049055707,0.44142303,0.43716115,0.38415903,0.4517476,0.17325501,0.26641375,-0.0058820313,0.43471348,0.2765249,0.01111252,0.36102006,0.16592458,0.5012645,0.120658964
0.06781076,0.2124041,0.1648286,0.51750827,0.1936934,0.15546687,0.13782749,0.005366224,-0.027444674,-0.21232547,0.04101602,-0.15053236,0.07932793,-0.09953505,-0.075977,-0.07339816,-0.10525827,0.2470724
0.29216784,0.3664985,0.25649184,0.32862186,0.2941078,0.24591768,0.27664113,0.2534715,0.12546118,0.005660114,-0.046345636,0.16156295,0.12626393,0.009066427,0.2048898,-0.06403889,0.13052887,0.2960691
0.17299007,0.32037425,0.38468242,0.26310533,0.32279557,0.34502643,0.3374908,0.2650203,0.24900109,0.07868366,0.015808525,0.23852965,0.2585319,0.25580987,0.20293608,0.11511064,0.17324072,0.49595445
0.14625075,0.37484026,0.18831816,0.022361021,0.34667167,0.333058,0.3377466,0.37554777,0.27159333,0.27147615,0.090329036,0.32098794,0.25410086,0.16700342,0.24078983,0.12817307,0.2690379,-0.02036681
0.05842355,0.113434434,0.35167712,0.23883933,0.15324491,0.10135297,0.1228978,0.11993226,0.20578912,-0.05971106,-0.025738358,0.0032654013,0.035711367,0.24280646,0.0065972256,-0.054547258,-0.111095615,0.2948026
0.025913563,0.5806935,0.13488582,0.10488911,0.5182018,0.39294523,0.4357624,0.3320599,0.314272,0.29924783,0.08673721,0.3601547,0.25972515,0.17995682,0.3740435,0.21739511,0.36116907,0.008095166
0.271114,-0.10073301,-0.023319472,0.5127112,-0.14545208,-0.09167513,0.10423856,-0.05681891,0.07071827,-0.10296039,0.0068151946,-0.080620155,0.049426176,-0.025617834,-0.08128751,-0.09259823,-0.15634185,0.087223224
0.09976112,0.4544475,0.17851195,0.14291254,0.37041527,0.4041807,0.3992144,0.20653364,0.12844804,0.15267354,0.09880598,0.32059997,0.22797918,0.08476685,0.23648095,0.16789788,0.35311022,0.1546065
-0.029299777,0.24514577,0.07693978,0.55408084,0.23166859,0.06660657,0.2404887,0.11489184,0.0663081,-0.060016982,-0.011676818,-0.02651286,0.09148692,0.07578872,0.11524589,-0.027166119,0.0883144,0.23093247
0.111945,0.16094595,-0.061168574,0.13089095,0.13635275,0.24976924,0.21478498,0.20354587,0.18719459,0.14857787,0.24046941,0.19849452,0.22780737,0.07218185,0.15920603,0.17283541,0.32571462,0.006496853
0.061134182,0.27327347,0.11610428,0.29123282,0.2170591,0.14450386,0.32718468,0.22628507,-0.009144202,0.15148202,-0.0072514676,0.1456085,0.29001385,-0.08190859,0.15155305,0.101866096,0.20590559,0.14463744
0.0937027,0.47217706,0.17559165,0.310215,0.39119282,0.36588252,0.4125193,0.3115906,0.3585201,0.1595822,0.095607296,0.24803254,0.36511165,0.14185828,0.4179702,0.23652813,0.32758725,0.086167365
-0.014401116,0.25704485,-0.105784565,0.07445738,0.19820732,0.37536234,0.41676727,0.1604072,0.053026967,0.18943734,0.24574582,0.16517767,0.14534035,0.2651812,0.2644544,0.15311259,0.26351053,0.03742682
0.007686409,0.4110415,0.14041942,0.08188077,0.3747992,0.3787643,0.3255129,0.47868353,0.19990566,0.2682407,0.16981138,0.35930747,0.34468663,0.088386476,0.3868971,0.19213817,0.37744555,0.06440193
0.22332144,0.0032958514,-0.038849134,0.06966847,0.03942933,0.025454644,0.22759043,0.22308701,0.098153934,0.07270239,0.08264822,0.040439922,0.15231362,0.049902797,0.2532509,0.12169746,0.24939744,0.060711794
-0.047713943,-0.107850894,-0.23719859,-0.1790849,-0.10398175,0.21156722,0.00068399543,0.30332908,-0.011950698,0.22215489,0.10105783,0.20504355,-0.05967415,0.03557694,-0.00089169666,-0.031842075,0.13061649,-0.20658794
0.06015048,0.27740872,0.11353462,0.29398358,0.26754153,0.22943713,0.27311295,0.1766543,-0.0068324856,0.12909904,0.09108642,0.0348588,0.21547058,-0.052611,0.046532836,0.12552729,0.044742964,-0.022401713
0.13273825,0.17182484,-0.1424882,0.04756265,0.18960994,0.23225462,0.10948383,0.26920527,0.1487346,0.17623143,-0.04156126,0.34140652,0.049140908,-0.11725217,0.11156887,0.027615577,0.32049027,-0.22665974
0.06355196,0.2552669,-0.0059231664,0.32354867,0.23448116,0.24579543,0.31160858,0.32589477,0.27244353,0.123287275,0.009521469,0.14762667,0.2040241,0.009538528,0.27957654,0.1268042,0.27284476,-0.042081773
-0.063795455,0.39059743,0.23994955,0.16508138,0.31974155,0.30993748,0.3843016,0.35630745,0.13414836,0.20240441,0.12499179,0.2808635,0.31263483,0.22639546,0.29166347,0.09068303,0.2664625,0.20086244
0.08134487,0.07281999,0.034971848,0.10805771,0.098145306,0.15925515,0.096345976,0.3587693,0.35920912,0.16575252,0.008747349,0.26837307,0.202513,-0.12797654,0.10326648,0.11204757,0.19507664,-0.077739134
0.1512707,0.27689266,0.04430247,0.16388385,0.23198035,0.34563786,0.11094092,0.2331883,0.28376597,0.095176995,0.029201405,0.18511584,0.17013636,-0.017122602,0.1809087,0.11266413,0.20160079,-0.13805342
0.040621083,-0.100860514,-0.05572927,-0.16308495,-0.041980676,0.25053847,0.14891528,0.096088976,0.15305054,0.20923935,0.07401577,0.0049780654,0.15633005,0.05817419,0.1919137,0.24910384,0.17667402,-0.11800149
0.41513723,0.52842915,0.46354902,0.13907538,0.444469,0.43175977,0.3648858,0.40370542,0.26925963,0.1587396,0.07521833,0.33095926,0.3568024,0.13215218,0.34041464,0.14686748,0.27504748,0.32388437
-0.073422246,0.2461329,0.19066344,-0.0032689534,0.24665082,0.1926181,0.17536068,0.2272523,-0.018446855,0.14413626,0.21437475,0.30050713,0.09351383,0.048100725,0.13927913,0.10021606,0.28078985,0.18376274
0.29723924,0.5072277,0.39902037,0.023348512,0.45557308,0.44101918,0.38283637,0.33463258,0.3218227,0.16507791,0.034448303,0.23045999,0.24304062,0.42807627,0.30734068,0.117940284,0.14498958,0.31780612
0.3725608,-0.034807615,0.32182556,0.29704732,0.0033044987,-0.07875806,0.042873587,0.113161504,0.3063137,-0.050819732,-0.1486302,-0.02188066,0.10332948,0.13326958,0.043047708,-0.03830806,-0.1419023,0.19617656
0.32022652,0.15260474,0.21122053,0.36777177,0.14655496,0.002269972,0.02140563,0.08952655,0.26713902,-0.15213619,-0.10063434,-0.046812925,-0.021631707,0.021428395,0.00053713145,-0.11751754,-0.14519818,0.10332778
0.25475675,0.36912245,0.2945754,0.014353521,0.3968171,0.5022849,0.29012516,0.32536393,0.26246685,0.15078077,0.2154876,0.25787568,0.26324072,0.21368639,0.32732195,0.17919126,0.36275244,0.2367431
0.16514862,0.4081224,0.16753897,-0.004123693,0.3741025,0.42152256,0.5053633,0.41791412,0.19957066,0.30448768,0.18147841,0.34815753,0.33281386,0.18293452,0.42409885,0.23363616,0.49853536,0.21009006
0.08909224,0.47952372,0.17223626,0.2620706,0.3962866,0.36495742,0.3211624,0.33914903,0.25622058,0.14422688,-0.061102808,0.3379147,0.24286161,-0.019655999,0.3095041,0.11862856,0.38389444,0.10635663
0.024718931,0.15669811,0.044889085,0.47964686,0.13215314,0.18401422,0.120239764,0.116394505,0.22504807,0.0048477,-0.06326435,0.028174927,0.15435341,0.071944386,0.025940109,0.023223527,-0.0090280585,-0.0014327872
0.070769414,-0.07729459,-0.15481955,-0.17481154,-0.1366714,0.12903506,0.05688469,0.19525982,0.01158068,0.34209955,0.13085389,0.35805994,0.16713631,-0.083873525,0.035965662,0.12908266,0.14232765,-0.1461677
0.059994698,0.28743315,0.10601582,-0.015285982,0.2858919,0.3199184,0.14141741,0.37823573,0.24765962,0.19037902,-0.13128313,0.29922825,0.104290836,0.05414442,0.21127284,0.10073401,0.3133898,-0.06805983
0.055630755,-0.048996497,0.13880554,0.09632344,0.0483626,0.06605006,0.2762499,0.0135486275,0.06850947,0.03748712,0.24066155,0.12542903,0.0834275,0.13599153,0.16632646,0.18996996,0.34198862,0.32227397
0.07276219,0.4610569,0.22128531,-0.010072332,0.43770668,0.3676328,0.2978683,0.43710285,0.24240825,0.20398723,0.039254636,0.3641151,0.20299903,0.23750153,0.3054059,0.06874749,0.31012696,0.18340597
0.31455868,0.4641804,0.27590457,0.42642894,0.48306805,0.1627014,0.31174958,0.30073458,0.476211,0.029301256,0.027664643,0.058107175,0.3072958,0.063026175,0.24683227,0.15497334,0.108067974,0.2540396
0.4456072,-0.052715257,-0.021002948,0.19326416,-0.03800652,0.12199416,0.283246,-0.08091152,-0.13243538,0.02574999,0.27246082,-0.09637055,0.11419164,-0.017522758,-0.072645396,0.14159954,0.06182363,0.16785538
-0.0060318797,0.25600976,0.03779883,0.30805916,0.20494367,0.23603214,0.15858167,0.27502215,0.09866214,0.026520392,-0.038906924,0.18049955,0.12811063,-0.07688619,0.12839343,-0.0076383827,0.23417604,-0.02116822
0.1870048,0.022526398,-0.07231921,0.053138718,-0.03354681,-0.04197346,0.10160113,0.24573322,0.24146616,0.22531942,0.08336371,0.30035013,0.09651719,0.13470772,0.16245773,0.09972766,0.23273179,0.018427968
0.46578878,0.2056756,0.10941361,0.406591,0.17914227,0.17638373,0.29647174,0.19809324,0.23661175,-0.028953353,0.005784155,0.06792391,0.19993554,0.026719812,0.28420013,-0.0031375699,0.2045167,0.20800439
0.16388538,0.22675908,0.080278605,-0.091025166,0.2401638,0.4507252,0.06264864,0.13820606,0.18477863,0.13638666,0.090524405,0.23649505,0.020527465,0.06775674,-0.03879818,0.107698664,0.11217114,-0.14428052
0.0419653,0.41959384,0.17844191,0.23523128,0.35248607,0.39189917,0.3512528,0.21846558,-0.028422765,0.055580504,0.071099974,0.15550871,0.24812147,-0.115509465,0.10407802,0.092537984,0.18777569,0.19270074
-0.038969565,0.22736426,-0.05660884,0.029909767,0.20671001,0.23439065,0.029171634,0.27348632,0.06828554,0.12656614,0.02180438,0.29336348,-0.003775579,-0.21214819,0.09063361,0.005072196,0.30074286,-0.17999819
0.35701966,0.16093947,0.30801386,0.22673762,0.14577797,0.19279358,0.075306565,0.25465274,0.34286022,0.02052333,-0.0012157832,0.1620135,0.19877484,0.08256593,0.18561773,0.10805522,0.14270726,0.07134594
0.09752585,0.5043968,0.25238323,0.0903599,0.5018674,0.48657703,0.4379437,0.25542313,0.112824865,0.14967284,0.2568748,0.28672296,0.27347594,0.16082916,0.24813277,0.20094511,0.40441126,0.40795165
0.13362345,0.49967772,0.18170153,0.038898177,0.47787535,0.37337196,0.4815796,0.35449818,0.06739278,0.2251085,0.07591552,0.30688387,0.24826019,0.0458854,0.38766715,0.16359481,0.5318143,0.24746358
0.17234167,0.26290727,0.38346675,0.3531158,0.22395909,0.1337564,0.2114861,0.11272704,0.2683088,-0.12691158,-0.07133387,0.038747847,0.08306329,0.14594123,0.08255305,-0.053429432,-0.08272672,0.45594382
0.049856484,0.42795694,0.37700695,0.043663375,0.41993368,0.5283669,0.39801472,0.34036013,0.03360451,0.1665577,0.24315883,0.29617906,0.314017,0.14183386,0.16431943,0.23521681,0.32552654,0.33377182
0.43712413,0.32628468,0.37815332,0.09172391,0.3171846,0.31789583,0.41165707,0.3877251,0.13255462,0.23377255,-0.00035923254,0.23992983,0.2248117,0.26241073,0.2866054,0.06884453,0.24818978,0.2668978
0.37214953,-0.04387387,-0.12181351,-0.0055859005,-0.05059038,0.10908833,0.24454275,0.11402294,0.007244703,0.16128007,0.11003598,0.20996203,0.060491808,0.085782126,0.22635694,0.09349417,0.3589859,-0.063304506
-0.11943524,-0.02419452,-0.2203929,-0.12075053,-0.04310642,0.19392243,0.14514516,0.062485166,-0.054319404,0.19274567,0.11947175,0.241687,-0.020164894,-0.108540006,0.07361542,0.109997675,0.27113557,-0.25110692
-0.077025056,0.3051293,0.2630151,0.007363079,0.2627293,0.31478846,0.298527,0.32549733,0.14260411,0.19112676,-0.028258476,0.2826203,0.19642714,0.19515654,0.28333318,0.15580702,0.31861067,0.19883847
0.31831318,0.28602657,0.29680365,0.25049087,0.33367977,0.40170592,0.4587046,0.15772462,-0.05889435,0.08457425,0.22072078,0.047707304,0.2672035,0.10468876,0.07801765,0.14677584,0.18416741,0.421948
-0.04369385,0.21349272,-0.09103727,0.5487021,0.12843065,0.053801745,0.23374438,0.17863536,0.21170713,-0.0023016697,-0.012765018,0.0116788605,0.11732772,-0.022603553,0.12811537,-0.06808177,0.065960914,0.049309723
0.33830315,0.39669108,0.19147757,0.29261392,0.34444135,0.344696,0.32146215,0.2176395,0.17478028,0.021513872,-0.04188689,0.17658347,0.17493507,-0.009257103,0.25757474,0.044834346,0.27298427,0.1561018
-0.12468268,-0.107165694,-0.31547886,-0.13687804,-0.15808484,0.11305941,-0.07976515,0.11849916,0.006858276,0.17122276,0.012053657,0.24064133,-0.04129303,-0.14017889,0.067064956,-0.03729746,0.205091,-0.27632234
0.1481233,0.44663754,0.08162211,0.38176233,0.4137746,0.25954026,0.26195046,0.31368294,0.2562274,0.06711996,-0.015937421,0.17428191,0.15243042,0.0052820444,0.2366511,0.06296578,0.27750129,0.08284257
-0.08594069,0.16740522,-0.10694477,-0.0587766,0.11545922,0.30136704,0.08215912,0.36998534,0.093034,0.15202199,-0.005452774,0.37585413,0.051359437,-0.16475931,0.11118537,-0.02031134,0.3524031,-0.14499028
0.41121066,0.44607788,0.24057725,0.37483072,0.4181658,0.19674525,0.32398486,0.27052763,0.24506505,-0.016282875,-0.060931455,0.00931019,0.12471716,0.08394733,0.22440659,-0.012976229,0.14769536,0.32046005
-0.022634793,0.29851395,0.24487072,0.08664183,0.2625342,0.31210852,0.16792437,0.24483721,0.27058917,0.081647314,0.0840714,0.26112857,0.07768202,0.25239718,0.060954742,0.075643316,0.04725945,0.072818555
0.19199088,0.31542003,0.33066055,0.3425976,0.24103484,0.2465668,0.24019864,0.20359254,0.08426546,0.0051969513,0.112366006,0.17173329,0.21511725,0.038596656,0.08830893,0.09592079,0.19017893,0.2608297
0.122385636,0.24212229,-0.02163423,-0.080846354,0.22825573,0.30736077,0.33513814,0.21634196,0.11372863,0.34528813,0.2109305,0.15161023,0.1716855,0.38737646,0.17629465,0.120719396,0.13552436,0.038656637
-0.00794582,0.25069606,-0.07317807,-0.030530442,0.19809963,0.34163642,0.31151325,0.08385132,-0.15327927,0.10560494,0.2413482,0.12447666,0.12613484,-0.032409593,0.21481693,0.11137612,0.34286743,0.05747342
0.071481705,0.4401569,-0.042296864,-0.089311704,0.370665,0.29207867,0.3219249,0.22235602,0.17180261,0.30426535,0.15163785,0.34559405,0.17257234,-0.025692519,0.32667464,0.25533623,0.41752625,-0.10036653
-0.12936392,0.13445604,-0.15966988,-0.18337555,0.019453345,0.303396,0.21115133,0.22075325,0.015477616,0.26408207,0.20024043,0.4536119,0.11387636,-0.003150411,0.25791907,0.1636785,0.42956078,-0.09266968
0.3615896,0.27706382,0.05037229,0.14409181,0.27432826,0.36237547,0.22022423,0.40327585,0.17961799,0.29732656,0.03457794,0.19407639,0.2757418,-0.03562271,0.20009196,0.108534366,0.23196271,-0.12542671
0.10197743,-0.15107863,0.0033832549,0.37035,-0.18915713,-0.045442905,0.20953551,-0.059168987,-0.037432417,-0.022108939,0.1422346,0.07282099,0.1534374,0.016112948,0.02283901,-0.009649436,-0.032692913,0.20093164
-0.04591517,0.25788623,0.07438434,0.044864155,0.23075238,0.26140374,0.18553263,0.24552503,0.42455652,0.18023857,0.0990092,0.30241847,0.16307178,0.27464825,0.17208824,0.1797967,0.1120595,-0.10378266
0.24984756,-0.064718455,0.11416343,0.3432188,-0.062174443,-0.086024605,0.16684029,0.014864042,0.03337707,-0.10905963,0.11951901,0.104261056,0.12668696,-0.07025784,0.052823123,0.0460843,0.10058927,0.23176934
0.24486253,0.17988321,-0.01408671,0.1490303,0.13926148,0.3174124,0.17938228,0.32323146,0.2879519,0.23832604,0.15475921,0.3035993,0.2638902,-0.037803546,0.16937792,0.124117814,0.24912313,-0.15424003
0.05743136,0.5376911,0.3762852,0.1232958,0.468085,0.37471017,0.4916855,0.31331837,0.016343532,0.1154307,0.11775445,0.15441501,0.30898666,0.13048124,0.30963877,0.18333164,0.2960924,0.35832173
0.13037968,-0.17248794,-0.08772924,-0.11462157,-0.111818,0.017706577,-0.030682143,-0.030658573,0.08094676,0.07602516,-0.03142886,-0.0041885246,-0.010671912,0.17912191,0.023496918,0.012818845,-0.114678234,-0.15045485
0.4640774,0.0023990101,0.122674435,0.22373283,-0.033140786,0.11744058,0.2942866,0.07360119,0.12639463,0.20729877,0.21501732,0.14795636,0.2716299,0.23225375,0.10168025,0.16446194,-0.033153493,0.0060203006
0.46179086,-0.0458756,-0.024797488,0.035932735,0.016530992,0.18239462,0.21000037,0.06763668,0.07431439,0.20764537,0.1072022,0.071548544,0.13069674,0.21857622,0.16593514,0.116361916,0.05505249,-0.084641114
0.07999177,0.35181916,0.009448062,-0.058358442,0.33638418,0.31252566,0.35532925,0.47078598,0.16127843,0.34090978,0.09299046,0.26553655,0.18005994,0.13121916,0.26137757,0.106972165,0.24842477,0.044230867
0.30323172,0.1667659,0.028946813,0.29408866,0.1603557,0.096948385,0.22568305,0.08297159,-0.06811525,0.07272795,0.08090336,0.06505623,0.108136274,-0.028659701,0.07513812,0.057987332,0.2582611,0.055055562
0.10593119,0.3211128,0.41488397,0.25836697,0.32424462,0.27333814,0.20288469,0.09636617,0.14056134,-0.1732037,-0.0063207876,-0.07963646,0.132393,0.18878481,0.09220128,-0.013895626,-0.089101315,0.36808544
0.06314695,0.28482407,0.17000209,-0.0043534497,0.3077979,0.3401137,0.24580008,0.5119933,0.20313345,0.29713804,-0.073728204,0.37198758,0.2534309,0.01789665,0.20482303,0.1314356,0.27230537,0.028320428
0.13239911,0.57760346,0.22126824,-0.061177984,0.50987375,0.50487065,0.43705085,0.39280006,0.14754257,0.30452573,0.025750907,0.33047128,0.22539401,0.16764542,0.34811395,0.15169603,0.40070915,0.18772657
0.20432435,0.3353069,0.11689954,-0.01337274,0.3672008,0.27820742,0.24416147,0.19907252,0.19102597,0.17456888,0.1183712,0.20446083,0.1556369,0.33213446,0.13959196,0.11295642,0.06559235,0.04471866
0.38746798,0.32694203,0.106151566,0.33810347,0.33190954,0.18639019,0.17535843,0.3411322,0.1695301,0.10995178,0.04574895,0.18502004,0.23684382,-0.053620107,0.1388385,0.054238167,0.2130667,-0.00026901066
0.22808784,0.26132786,0.039674073,0.33566537,0.24260066,0.10369384,0.12819,0.15718955,0.08783536,-0.05833609,-0.09057115,-0.026119266,0.004156229,-0.14315939,0.07443385,-0.064930156,0.17101426,0.085175075
0.23495686,0.18015091,0.24512827,0.34173962,0.16022786,0.13607736,0.22031522,0.13102195,-0.048096284,-0.042479534,0.14906563,0.15807483,0.16331296,0.005830731,0.020393413,0.0809872,0.19995613,0.18719797
0.18822148,-0.036872014,-0.09531522,0.45777982,0.008458691,0.059343945,0.12515245,0.00026446953,0.09184468,-0.09702545,0.06551933,-0.11667697,0.11902316,-0.16325516,-0.037236575,-0.05109237,-0.026100215,0.026368694
-0.06486422,0.33745354,0.045796905,-0.045066245,0.26647422,0.38960883,0.31907296,0.44772696,0.13480812,0.32606947,0.04767286,0.23996894,0.16898003,0.27461386,0.23438399,0.06968428,0.21594307,0.05966404
0.33285356,0.3477316,0.1242026,-0.017612569,0.4534918,0.3814926,0.27468425,0.35670575,0.27066153,0.32974577,-0.0070223697,0.18846643,0.26455885,0.2175628,0.28986803,0.21817344,0.2912181,0.019129585
0.2730388,0.51658213,0.4214066,0.39000916,0.52133954,0.19891845,0.42376453,0.3108582,0.29649568,0.051227875,0.11731521,0.23358852,0.30945826,0.16890109,0.27901798,0.15295103,0.29130667,0.4585834
0.44975752,0.44828776,0.242731,0.07873693,0.44712782,0.33522117,0.35512656,0.44864073,0.28285116,0.20591211,0.116979346,0.2509337,0.32861346,0.15495291,0.39773184,0.17469889,0.36852524,0.18419534
0.012128528,0.4023105,0.16286364,-0.024483066,0.3541062,0.39220294,0.4591027,0.25909773,0.17370081,0.27537388,0.27073878,0.30249798,0.2398932,0.36696818,0.22522603,0.17915507,0.22635943,0.27277926
0.06492898,0.35389826,0.20327565,0.17161971,0.32671234,0.30137148,0.4885953,0.1978137,0.19999985,0.14391667,0.178594,0.2499179,0.22150087,0.35615766,0.4462665,0.21312013,0.40533292,0.25838578
0.17434171,0.50269973,0.3083145,0.43493366,0.46912745,0.30158302,0.3716518,0.27500683,0.34751177,0.015421805,0.030684235,0.18094462,0.27237487,0.14031221,0.3148619,0.09213967,0.2030667,0.4199683
0.053828873,0.09175189,-0.22041535,-0.025456414,-0.009445056,0.28106353,0.21753332,0.08226053,0.16817454,0.30661497,0.1306878,0.31512034,0.17364332,0.04566478,0.18163624,0.17925712,0.23826033,-0.16362981
-0.07718591,0.35079688,-0.14609374,-0.13019584,0.21388552,0.30055314,0.32629842,0.1902238,0.26838905,0.3153658,0.10886205,0.39542082,0.13052133,0.13662435,0.35254884,0.1752162,0.37070844,-0.094592735
0.119145855,0.37296265,0.29431868,0.23102191,0.3598721,0.23719943,0.36444914,0.32417953,0.13815846,0.10934966,0.046534106,0.23329651,0.30616963,0.078789264,0.24331994,0.15398207,0.320808,0.25158757
-0.04167506,0.21186894,0.01414839,0.015837139,0.20344548,0.21560608,0.0859665,0.20498523,0.14092407,0.06291048,0.12848619,0.23522764,0.1231671,-0.06519576,0.13219926,0.0915503,0.34739655,-0.042563338
-0.07907267,0.09255585,-0.164056,-0.12273958,-0.013619426,0.31199747,-0.005037179,0.2267679,0.026873969,0.17110027,-0.070188574,0.18946666,-0.08928657,-0.060822256,0.0029059781,-0.0973053,0.1317962,-0.26047567
0.19037041,0.32394886,0.01068089,-0.13195492,0.32529294,0.50384873,0.27390814,0.33604175,0.17289618,0.3342587,0.22107045,0.33489555,0.20756091,0.11595261,0.18505481,0.13739856,0.27645284,-0.07459611
0.18323034,0.10924758,-0.078622326,-0.08272451,0.21443355,0.21717739,0.07304908,0.14379816,0.023027936,0.14623836,0.22488448,0.050295882,0.08954116,-0.16045493,-0.023276594,0.19506907,0.1283759,-0.27483907
0.0051824166,0.26971376,0.28374165,0.005866171,0.26636475,0.396121,0.22087696,0.11328221,-0.054865148,0.01965858,0.19859144,0.22682166,0.083211884,0.026439896,0.06897851,0.11034934,0.3115337,0.34068978
0.279599,0.29976425,0.155845,0.058408286,0.32367742,0.26529932,0.2338357,0.3825523,0.16641657,0.27619296,0.039124016,0.2143668,0.21198888,0.048268963,0.062543646,0.14209929,0.14672366,-0.04356841
0.42591733,0.35016012,0.22246975,0.012465505,0.37396282,0.36886433,0.3305403,0.4101046,0.3386094,0.24497631,0.19285062,0.16815071,0.2749751,0.2673448,0.25779167,0.1824964,0.18521866,0.14389442
-0.02020834,0.40497926,0.3822778,0.4442612,0.39882833,0.25070176,0.27185267,0.29953632,0.36850342,-0.015453511,-0.028471641,0.121449456,0.19114375,0.23217663,0.1842172,0.029137664,-0.01992812,0.4323974
0.13453928,0.2812351,-0.1233892,0.0083183795,0.24374992,0.37317127,0.3861705,0.14812517,0.17941335,0.26992467,0.10549843,0.31516463,0.15293808,0.05308661,0.31354526,0.1806634,0.4115861,-0.1579898
0.026963137,0.43424052,0.31200105,0.07152527,0.34515405,0.32996094,0.33692473,0.22577706,0.26178277,0.24758568,0.14251004,0.31687522,0.28036368,0.42115802,0.25411144,0.20863166,0.13098152,0.13659658
-0.05785081,-0.23484288,-0.116811946,-0.11488003,-0.1868743,-0.043048546,-0.023010196,-0.16658318,-0.07310136,-0.026379067,0.32421988,-0.063316666,-0.14819676,-0.06676068,-0.2563156,0.055706143,-0.064253435,-0.00055490294
0.49604303,-0.1523784,-0.021355264,0.071722366,-0.08025347,0.13572672,0.12908152,0.06423113,-0.11500209,0.027447276,0.21409352,-0.069238275,0.055273402,0.12509665,0.009205704,0.048818056,0.07411155,0.029699758
0.34486052,0.26237094,0.3308288,-0.006162417,0.28314394,0.33482036,0.2418278,0.3302276,0.29645717,0.21555312,0.062086117,0.24377176,0.27402896,0.3100632,0.30435118,0.2146473,0.20000109,0.14731023
0.029151497,0.2875348,0.17987764,0.006763488,0.2813947,0.2720083,0.44169906,0.30507484,0.07383783,0.23593195,0.1765174,0.29875302,0.20465061,0.23764639,0.27705204,0.18360318,0.4232433,0.36693949
-0.044057228,0.18348506,-0.119518846,-0.023448508,0.113165826,0.22382897,0.26837206,0.31878,0.18952793,0.28058067,0.098509416,0.468476,0.12688628,0.029110085,0.31821305,0.117351204,0.45623428,-0.14610073
0.3548013,0.38359445,0.062353246,0.13454822,0.3657816,0.31838477,0.32875252,0.39404273,0.23756273,0.29366407,0.013432076,0.29855,0.23724149,-0.010849427,0.22388992,0.104252644,0.3152592,-0.10046479
-0.027645193,0.25506955,0.0335298,0.07540783,0.21833988,0.35887092,0.20057103,0.38009912,0.15802827,0.21052332,-0.057411507,0.36152846,0.14031506,0.0038879334,0.18926626,0.101130426,0.35685524,-0.065306515
-0.039799515,0.16832647,-0.077271074,-0.031134967,0.110906795,0.29139155,0.018474251,0.06924964,0.045272317,0.14433464,-0.04948035,0.10523106,-0.068781264,0.083286785,-0.065604985,0.009633699,0.0010016268,-0.32510775
0.07265581,0.33621132,0.0007229857,0.28707033,0.27291793,0.28246439,0.2639489,0.19852152,0.23050734,0.08236398,-0.0071476945,0.17297958,0.11941022,0.024863064,0.20203316,0.054961395,0.24626148,-0.007717211
-0.018821435,0.16833055,-0.060932815,0.08258373,0.14381897,0.18470827,0.18611202,0.18532398,0.06597638,0.23377547,-0.047426715,0.14029258,0.061236825,0.21051738,0.11418998,0.037238546,0.14336735,-0.16137868
0.123282954,0.24719316,-0.0498842,0.09702406,0.26661986,0.21314839,0.41516364,0.24774179,0.036695585,0.16034439,0.18291728,0.1279908,0.19886853,0.093927786,0.36100435,0.14190271,0.3839497,0.06459856
0.15095817,0.29675287,0.034462348,0.1269756,0.34012747,0.34852475,0.28103918,0.23884417,-0.015470382,0.13722606,0.096067145,0.086569175,0.1849656,0.041473348,0.11774848,0.09854696,0.18672901,0.02215448
0.09871136,0.27817202,0.03801854,0.13949919,0.29580772,0.3216403,0.33298925,0.14832018,0.03720499,0.1065155,0.21254858,0.17278516,0.13897656,0.081809886,0.1729312,0.09518662,0.3493301,0.13281497
0.28135955,0.008194625,-0.13732749,0.316203,-0.0140411,0.062186867,0.16315569,0.010535737,0.22261077,-0.024459098,0.17910114,-0.038441144,0.10416218,-0.01749872,0.02846051,0.059857935,-0.052618667,-0.036699302
-0.10270265,-0.18941146,-0.14015755,-0.11070885,-0.1597988,0.030784074,-0.020198088,0.13037805,0.17967051,0.17029542,0.275705,0.26268756,0.060913295,-0.15600252,0.008803887,0.17438406,0.16497229,-0.28300148
-0.045620367,0.09171352,-0.1458874,-0.048822057,0.15316394,0.056892797,0.15525731,0.012090087,0.1498581,0.022776384,0.2838585,0.096774735,0.07918492,-0.082548305,0.2637834,0.16998382,0.40048808,-0.021783091
0.3907342,0.09206799,0.10227403,0.37998235,0.039657526,-0.07734501,0.0067598354,0.04427461,0.21185523,-0.11800131,-0.03263323,-0.06219948,-0.038081344,0.052307807,-0.06793023,-0.13591155,-0.16720742,0.21060964
0.20289606,0.45035714,0.4720664,0.16511878,0.4147373,0.36634952,0.4624149,0.3261134,0.27914494,0.12881863,0.013633605,0.14778149,0.3133746,0.33575806,0.3548791,0.10203037,0.16087994,0.3032443
0.20826024,0.17884997,0.32295287,0.51351035,0.22099799,0.08175078,0.14195333,-0.038912617,-0.10318759,-0.22734559,-0.023499345,-0.23211733,0.07549265,-0.10438445,-0.044379048,-0.041658357,-0.07720254,0.37931705
-0.23626482,-0.28908664,-0.44517472,-0.13683632,-0.38687074,-0.018322058,-0.20761308,-0.15814431,-0.052868642,0.057798464,0.16663605,0.17092153,-0.2196117,-0.19726235,-0.17008445,-0.05495866,0.06286088,-0.41565216
-0.015324666,0.110649675,0.16929632,0.046438545,0.12773414,0.2011028,0.10667724,-0.0013352549,-0.10222151,-0.02200468,0.19457531,0.069947295,0.032869317,-0.091559425,-0.11409314,0.13858992,0.18914405,0.16423115
-0.10074082,-0.36610842,-0.3252455,-0.10908088,-0.41198283,-0.21267694,-0.23083153,-0.20322287,-0.17168635,0.000531849,-0.015567794,0.0023848454,-0.16411135,-0.19638264,-0.23984107,-0.09606704,-0.21295193,-0.32294685
0.26626933,0.34212673,0.31608635,-0.016977109,0.41882706,0.3042648,0.3606726,0.3211139,0.08421851,0.26023078,0.2683094,0.2178718,0.26584464,0.20882714,0.11798092,0.23948719,0.24072745,0.3294754
0.11503205,0.199345,-0.1354332,0.35401383,0.17471531,0.18996081,0.15444446,0.13464606,0.12141079,0.031871907,0.0064355033,0.06964561,0.041846357,-0.04194081,0.030126384,-0.026808906,0.14083266,-0.09092903
0.45009685,0.539009,0.3144669,0.031730946,0.5331758,0.50387424,0.36106217,0.47491154,0.32244402,0.2775538,0.036725167,0.43462002,0.29458612,0.1214032,0.40402073,0.21805674,0.45194942,0.10675335
0.0316997,-0.08657513,0.046707414,-0.051169686,-0.08284064,0.114714235,0.064526245,0.20264247,0.1607318,0.22108021,0.052237518,0.05966023,0.15691599,0.16406883,-0.074462205,0.17273042,-0.1557424,-0.2107128
0.41414464,0.32855147,0.3324871,0.28931576,0.30389273,0.1984269,0.22327016,0.13708663,-0.008940544,-0.066354364,0.05291933,-0.06181641,0.19184333,0.013850682,0.039460845,0.0065228674,0.032267038,0.28108335
0.20807046,0.23409577,0.04230476,0.4137323,0.24266762,0.15887466,0.292369,0.30796665,0.22640133,0.0921574,-0.09047823,0.12005103,0.19243525,0.025734399,0.1882335,-0.045890063,0.14309675,0.059180833
-0.055088274,0.22365269,0.053774454,0.13735548,0.21008848,0.15256017,0.11528216,0.23692161,0.08812092,0.1473621,-0.020252218,0.21158718,0.12589681,-0.090559036,0.07632952,0.037839912,0.14389998,-0.1821762
0.16110751,0.3477947,0.05789925,0.258137,0.26022282,0.2667666,0.21340257,0.3048578,0.1692543,0.09570114,-0.05525619,0.2612316,0.20894055,-0.107111916,0.24473646,0.050742917,0.32034045,0.0031549884
0.042558044,0.11811523,0.26709434,0.34174496,0.07406175,0.13795045,0.17812741,0.13419615,0.09031214,-0.013215305,0.05288793,0.054050926,0.15399542,0.1776973,-0.061013076,0.032892488,-0.05812882,0.16761765
0.22130965,-0.06260207,-0.28503215,-0.09226673,-0.0324701,0.17342275,0.11994618,-0.0538302,0.05820241,0.15454122,0.053600945,0.08896765,0.03265684,0.012132989,0.058612153,0.05916322,0.08656874,-0.17246601
-0.21216393,-0.26884997,-0.20586562,-0.038088106,-0.39579278,-0.118862204,-0.27995837,-0.08045079,-0.067850545,0.10496608,-0.07999829,0.18606693,-0.11738698,-0.21316344,-0.2922402,-0.07520045,-0.18174526,-0.33198193
0.0014079493,0.3275121,-0.03534372,0.019172901,0.19526026,0.32786775,0.31928322,0.18946712,0.08744034,0.27341688,0.093856074,0.368243,0.21535483,0.0239373,0.2441147,0.20162296,0.3704958,-0.10764633
0.13859963,0.031710967,0.26968762,0.46676996,-0.04591111,-0.11857332,0.15318814,0.009033937,0.1973796,-0.16508204,-0.07567922,0.10058659,0.12524867,-0.03199306,0.11984092,-0.05405862,0.017318659,0.3616915
0.06064857,-0.32843673,-0.13788734,-0.04727086,-0.26070195,-0.1300661,-0.016109826,-0.19733936,-0.19973458,0.04851929,0.10014039,-0.108846135,-0.021762015,-0.002411231,-0.16230676,0.050183393,-0.247323,-0.18530476
-0.07503384,0.0501398,-0.22521187,0.012995124,0.013255724,0.22375594,0.017238464,0.1828413,0.14287853,0.15379956,0.112443075,0.3794669,0.029550154,-0.22103597,0.10923587,0.029373847,0.36944795,-0.29762837
0.39583856,0.22504687,0.07281533,0.47821093,0.21434104,0.10080567,0.13314652,0.18411854,0.22652014,-0.019339923,-0.055436227,0.010396984,0.029487733,0.004008053,0.01628267,-0.044948008,0.024083659,0.012280406
0.16630132,-0.12791368,-0.14550948,-0.04712271,-0.1349735,0.016531643,0.07127267,-0.095797,0.056151293,0.11489968,0.17213878,0.04949264,0.16191663,0.16187951,0.06642507,0.11142896,-0.07814714,-0.17967382
0.15244213,-0.10428387,-0.17113954,-0.0071174838,-0.088116795,-0.036643613,0.087314755,-0.25166738,-0.114220776,0.04664745,0.14771634,-0.07883903,-0.0030799548,0.028569747,0.030943524,0.106242314,-0.028420094,-0.037190743
-0.11878474,-0.17447728,-0.21387321,-0.13138953,-0.17124802,0.035829052,-0.12826984,0.06335636,-0.14076167,0.09853175,-0.124294154,0.02850902,-0.12327412,-0.3125149,-0.07509127,-0.09065836,0.019474756,-0.32754022
0.5584779,-0.02478047,-0.09439427,0.0088629965,-0.058819346,0.16433446,0.1816898,0.10920031,0.07610884,0.2679266,0.14978361,0.3064453,0.21544608,-0.08610466,0.1457814,0.16211486,0.21644488,-0.093763426
0.08311327,0.387511,-0.028047461,0.035957314,0.32066974,0.44447535,0.36398336,0.41388482,0.24598032,0.30502602,0.14960632,0.30457094,0.292488,0.22005767,0.41555414,0.17937428,0.37993145,0.032678943
0.010163056,0.23034923,0.24775621,0.28213203,0.26257336,0.20958197,0.25812125,0.2804863,0.045991983,0.02196291,0.026495907,0.079156496,0.16588038,0.19939733,0.16271403,0.0049733054,0.047076657,0.4664582
0.07222217,0.33278263,0.06962417,0.18294841,0.36506605,0.27591425,0.34265393,0.33065957,0.03736201,0.17933995,-0.002863084,0.09337559,0.28322423,-0.043730136,0.24423212,0.15700366,0.28922886,0.032113887
0.03315453,0.23104742,0.054467782,0.19177836,0.23950185,0.27527064,0.31122336,0.3285976,0.33257017,0.1920644,0.13884097,0.36800396,0.2700346,0.18452832,0.35967863,0.2290607,0.39429072,0.0450323
0.07173742,-0.26588994,-0.08116243,0.09489298,-0.21334472,-0.021958662,0.018382981,-0.03395298,0.023034986,-0.06172408,0.33273694,0.03445495,0.09534059,-0.20985276,-0.167465,0.111864395,-0.053305227,0.029433392
0.0797673,0.31672418,0.26360038,0.39765358,0.31854254,0.23291844,0.16944383,0.093099385,0.079530515,-0.13521537,0.114533946,-0.16308326,0.17040983,0.04649072,0.045612894,0.028614167,-0.15096448,0.24256551
-0.1348544,0.3747387,0.019305218,-0.03424152,0.27565974,0.30235404,0.1628395,0.31894547,0.19191915,0.16797274,0.0280364,0.31674796,0.12435224,0.16248384,0.24106514,0.035580114,0.28193033,-0.038764603
0.14299539,0.33773035,0.33361053,0.04088749,0.350181,0.2664059,0.2550765,0.28827733,0.13433784,0.101354346,0.16474345,0.26084366,0.2564314,0.08605151,0.14244258,0.24522462,0.27570558,0.38876948
-0.02070112,0.4070127,0.025370799,0.16323578,0.29504156,0.4610072,0.36458254,0.35488492,0.38339186,0.20744762,0.102160834,0.36236823,0.25856054,0.15635887,0.42759392,0.18623744,0.41245654,-0.044704933
0.25781506,0.2117849,0.07677695,0.3448911,0.13532022,0.19664532,0.33733314,0.24329689,0.11983647,0.084632665,0.08573736,0.23634136,0.2639594,0.042614873,0.25446883,0.08172524,0.28994444,0.15727267
0.10579159,0.39290953,0.20487133,0.031030502,0.38916796,0.3041634,0.4688504,0.3495289,0.27733696,0.28862625,0.21296343,0.3570824,0.28192067,0.24397784,0.44913435,0.26169476,0.43983948,0.092084385
-0.016014775,0.29287785,0.1705019,-0.0016778796,0.33776504,0.35724849,0.40800422,0.4139271,0.09008315,0.25270465,0.1637626,0.2952103,0.27951184,0.21076098,0.3763642,0.16929728,0.45497853,0.24093181
0.5007591,0.1341995,0.27394834,0.42367288,0.15354808,0.06743004,0.13931084,0.15234762,0.27622932,-0.077479556,-0.051015034,-0.109612085,0.14502919,-0.011681691,0.032797743,-0.019305632,-0.13501917,0.087846845
0.25547302,0.4499181,0.2535433,0.005319472,0.4237229,0.32898077,0.34786692,0.29149076,0.19590941,0.22722787,0.12841278,0.25908074,0.22325033,0.09257305,0.32283187,0.17695343,0.3067551,0.16290927
-0.09847014,-0.05902305,-0.11513057,0.036858596,-0.0937103,-0.0073958347,-0.029976826,0.058153436,0.2146127,0.1986769,0.17404437,0.26268926,0.18936595,-0.11454157,0.10565116,0.22468677,0.14652398,-0.24739833
0.2788049,0.24684367,-0.038965367,-0.075887576,0.3493158,0.3083105,0.28315753,0.17832363,0.09943106,0.30509076,0.08901256,0.12868117,0.1368329,0.05676464,0.18094356,0.1893996,0.25223565,-0.046869274
0.21583323,0.34396994,-0.0149364825,0.026856814,0.32332307,0.40008247,0.32359958,0.32590583,0.24084285,0.3626816,0.085559115,0.41089493,0.21569952,0.034822665,0.19864298,0.1949984,0.35089648,-0.13799882
0.1800489,0.05061105,-0.1537957,0.36925662,0.07680843,0.085078046,0.15374073,0.23579317,0.33585423,0.12659138,0.04935012,0.18374968,0.17542908,-0.031252235,0.1075442,0.06365359,0.14693576,-0.14792058
0.40827405,0.31445456,0.23419638,0.107114464,0.30533516,0.33662122,0.25109386,0.33054784,0.18408361,0.25917995,0.218034,0.3246993,0.26530454,0.10773043,0.19168623,0.20724952,0.2754166,0.04631366
0.117975935,-0.06978538,-0.23459858,-0.07660418,-0.14475697,0.06865572,0.11554131,0.10749414,-0.017773826,0.19939828,0.2605013,0.33570817,0.08589809,-0.011800996,0.08918022,0.108671546,0.21969411,-0.10257661
0.05279198,0.22549582,0.34664375,0.08388506,0.21333303,0.3056833,0.17857987,0.35408986,0.26060712,0.22399616,-0.0485265,0.29072753,0.3170375,0.1795515,0.29712382,0.2134736,0.20173776,0.062094174
0.059854034,0.26877984,-0.060455114,0.041492723,0.23808786,0.30901754,0.37406138,0.34365094,0.24705966,0.2426973,0.056710973,0.27364933,0.13817766,0.1992392,0.3423015,0.1088156,0.4263345,0.04554329
0.047045447,0.35366753,0.030584559,0.06314428,0.34652054,0.23267561,0.14606076,0.2645666,0.24043502,0.07499416,0.11536578,0.3817299,0.165073,-0.059803434,0.21039817,0.1282706,0.39916247,0.04053396
0.4169585,-0.0015517152,0.0036430787,0.16725618,-0.018362474,0.14702556,0.07026691,0.017912455,0.21161813,-0.038653307,0.15374547,-0.0250231,0.15846291,-0.046220604,0.017623652,0.10182977,-0.017234908,-0.044409744
-0.08487018,0.029280812,0.13289818,-0.024736047,0.02455914,0.27455756,0.23997852,0.20331953,0.071563154,0.17240742,0.3217025,0.22412387,0.1490634,0.27576166,0.022862807,0.18153305,0.15490112,0.2653261
0.20855603,0.22218287,0.20503047,-0.0448879,0.25592208,0.2669857,0.036395397,0.29959804,0.20040205,0.13438304,0.0069499416,0.23363708,0.14045256,-0.051775016,0.16617665,0.09036382,0.20554179,0.078738496
0.22077319,-0.17571399,-0.110413596,-0.22075918,-0.21133162,0.025986137,-0.09893453,-0.090338305,-8.973293e-06,0.16544233,0.14164272,0.12332925,-0.039411135,0.16878873,-0.20237309,0.079124644,-0.18001738,-0.16945526
0.21141158,0.38494858,0.4907024,0.26752472,0.4081837,0.40790826,0.41717497,0.31063926,0.34222293,0.08026993,0.007196163,0.18166065,0.25001407,0.36550772,0.2617231,0.09033686,0.10855648,0.4238065
0.12202355,0.45127785,0.2238444,0.077988654,0.47341347,0.30335167,0.32337672,0.43652642,0.16272745,0.20177388,0.1975359,0.35137254,0.2852657,0.062406905,0.26905745,0.1686705,0.38040084,0.19406356
0.26786208,0.25308025,-0.02002323,0.13366053,0.2806877,0.3352915,0.30916822,0.2686274,0.07162072,0.21147521,0.09136231,0.14147747,0.12085387,0.10796997,0.24568957,0.13463947,0.31192374,-0.08537552
0.32006902,0.11702509,0.18409064,0.19011769,0.18323503,0.15907645,0.16883267,0.1337406,0.08542471,0.021635283,0.2003935,-0.016329773,0.09529225,0.20693164,-0.011096863,0.022068486,0.031024098,0.13142884
0.13513143,0.2037993,-0.07392205,0.22677633,0.15068465,0.256661,0.36557424,0.29123718,0.108100444,0.15249982,0.018290846,0.23231035,0.13836074,0.008313252,0.25632122,0.068106815,0.35260138,0.028535565
0.051921166,0.35496634,-0.017261136,0.030505162,0.3326947,0.37881857,0.40144992,0.3630134,0.24853218,0.2340621,0.03518921,0.25193226,0.28378233,0.037822936,0.49352026,0.17608419,0.5088011,-0.046281513
-0.079264,0.016814642,-0.14907469,-0.16127643,-0.053257693,0.23183581,-0.075302996,0.2631097,0.086152084,0.16398042,0.0052940045,0.3758039,-0.012591408,-0.1367774,-0.06265363,-0.04818453,0.15651709,-0.22346531
-0.0053561907,0.347996,0.09894709,-0.022705924,0.34908426,0.3087368,0.25093418,0.41563666,0.038583152,0.21774103,-0.0049225683,0.3170424,0.1517912,-0.08209741,0.18444395,0.0917914,0.43572757,0.17234012
-0.011752762,0.09948461,-0.1461563,-0.047416214,0.050335612,0.16027504,0.06783233,0.085354626,0.006635334,0.10857645,0.2456337,0.23153663,0.014010651,-0.14004743,0.03011334,0.1364694,0.3282781,-0.21561123
0.48630792,0.3016473,0.18583396,0.25750303,0.31490248,0.2942477,0.31712568,0.1465919,0.40165472,0.07915941,0.11359529,0.1605252,0.2410971,0.08552395,0.22383514,0.19649158,0.18500957,0.052177794
0.004530133,0.3158277,0.07105315,0.41960794,0.26903307,0.24467756,0.19554123,0.07790579,0.08099428,-0.08119071,-0.008164294,0.0015266701,0.11999596,-0.06824529,0.095025554,-0.008440262,0.06791724,0.07973476
-0.00914545,0.3366747,0.27158764,0.028728362,0.33991125,0.25240123,0.25775102,0.43767983,0.03226503,0.20760992,-0.045576535,0.17244093,0.1928162,0.05416252,0.114938244,0.14192516,0.17838722,0.1191616
-0.011320337,0.46474123,0.13552064,0.28631693,0.38107985,0.26961714,0.35747474,0.3734374,0.21922055,0.16407564,0.0048876703,0.27024847,0.2837698,0.047358688,0.36220062,0.16247806,0.35615993,0.03265641
0.034451663,0.15010259,-0.16286075,-0.031080589,0.14922687,0.1899918,0.3299728,0.20556922,0.08960954,0.17367929,0.18686539,0.22226414,0.09943509,0.06688836,0.38710487,0.13255838,0.47641307,-0.078093454
-0.1559487,-0.07353129,-0.1775041,-0.07421784,-0.18470061,0.10878411,-0.112060696,0.20270145,0.11034504,0.20142412,0.0012137499,0.29745686,-0.030800547,-0.06312844,-0.071730524,-0.0042938,0.02542789,-0.29390007
0.16462804,0.41081733,0.21862048,0.35130394,0.39598444,0.3140933,0.41016978,0.26822194,0.19837405,0.01578743,0.069860324,0.18887609,0.26616484,0.09037723,0.36006296,0.12766834,0.39228365,0.37825105
0.32555947,0.16626847,0.32583424,0.28175294,0.18439402,0.23063663,0.34873146,-0.03322118,0.041261364,-0.10515201,0.19425468,-0.04249642,0.13619056,0.19708952,0.1506587,0.10354716,0.14082855,0.4149394
0.13687408,0.30047506,0.0061848103,0.009013978,0.3224254,0.28655067,0.19136474,0.28116825,0.29401737,0.1866532,0.13929197,0.38793904,0.11833551,0.1086006,0.26337922,0.17663912,0.42495117,-0.041904546
0.09263036,0.3420536,0.31220102,0.13819864,0.28021732,0.31771255,0.23889801,0.25701287,0.16306171,0.036310688,0.15238693,0.24810871,0.25242916,0.112946734,0.1846354,0.117112264,0.21497184,0.27276057
0.09733203,0.06353639,-0.026346557,0.0011805068,0.037956282,0.2355951,0.2260391,0.10424729,0.31163263,0.2306166,0.05904601,0.3463667,0.04300379,0.18906571,0.17760964,0.16717112,0.26567557,-0.14679554
-0.012582187,0.055214968,-0.14969681,-0.037529886,-0.012152648,0.20578596,0.2658434,0.026044972,-0.04193963,0.21463023,0.10115135,0.26764247,0.04373038,-0.01779187,0.15389591,0.15180324,0.27389064,-0.1607548
0.2282229,0.28239906,0.011801248,0.38059396,0.28779107,0.23392954,0.19093356,0.2459362,0.20204645,0.049711734,0.014597823,0.08236732,0.11307995,-0.0027446423,0.10297161,0.01736639,0.14130685,-0.06700081
0.30812165,-0.08039603,-0.04735239,0.36095926,-0.124395125,-0.07874885,0.13309255,-0.019455943,0.089547485,-0.07019888,0.0002381691,-0.118537664,0.04922991,-0.02187498,-0.027355846,-0.115964875,-0.15138054,0.07536955
0.25058722,0.4232881,0.45982724,0.4255889,0.3787118,0.17560637,0.25625202,0.21100211,0.27506018,-0.11820257,0.012701441,0.021760438,0.28974825,0.0142107345,0.13744092,0.08630974,-0.022147307,0.38745567
-0.008887195,0.04599709,-0.11531775,-0.083778195,0.01385352,0.14319113,0.1815919,0.044049278,0.13333553,0.20595756,0.10671702,0.21317327,0.16596198,0.1563667,0.15579426,0.0871052,0.026573308,-0.02664961
0.13318045,0.18589728,-0.08566876,-0.04715123,0.27813274,0.26119718,0.2598214,0.07519822,-0.08819579,0.11564423,0.11747235,-0.05735647,0.08431199,-0.044448867,0.124424934,0.14272681,0.22050199,-0.049175095
0.145536,0.16009198,0.05818309,0.14489791,0.110998884,0.16038935,0.2696905,0.2511835,0.2896347,0.23497829,0.21723345,0.4205416,0.2270133,0.21529876,0.1724192,0.23543808,0.27937073,0.020123817
0.41366318,0.35236943,0.1562821,0.090403564,0.4065469,0.2670159,0.33781075,0.34078217,0.23184615,0.15671681,0.13087685,0.19321936,0.29030326,0.032357913,0.39875484,0.1883977,0.42020646,0.1726669
0.21344286,0.06389432,-0.01162162,0.12623376,0.14396605,0.121790625,0.2906608,0.22622561,-0.012760488,0.17084573,0.30438018,0.03234253,0.1877951,0.12997924,0.17081279,0.12845594,0.2424589,0.058287904
0.50284994,0.37109405,0.37093586,0.058273144,0.3451464,0.38178927,0.32542694,0.25529438,0.18368906,0.21296477,0.047139972,0.22791763,0.22106454,0.18153721,0.24400872,0.14717619,0.1780363,0.16164419
0.10309623,0.22738826,0.032605626,0.40637958,0.16219059,0.22871625,0.28340912,0.15424761,0.17028457,0.008077221,0.09137033,0.06405625,0.19878706,0.16988347,0.15656087,0.08151756,0.12174642,0.11356429
0.22121848,0.41033384,0.12179722,-0.016571738,0.3362243,0.46353722,0.21990651,0.2591458,0.17987674,0.2668802,-0.0041998094,0.3340628,0.14724109,0.108554296,0.1577957,0.07723543,0.2415679,-0.08919212
-0.029349737,-0.13471268,-0.21059802,-0.049907975,-0.21987161,-0.16361345,-0.053182803,-0.09470221,-0.033200312,0.16062522,0.07711196,0.2046983,0.029729687,-0.13891283,-0.077247344,0.07719706,-0.040114462,-0.16766794
-0.00998617,0.30360317,-0.08251207,-0.027761301,0.28030086,0.3035022,0.17664805,0.27416152,0.08072546,0.23466508,0.035165038,0.1638507,0.11202833,-0.06419946,0.20756373,0.094064616,0.26520872,-0.15238053
-0.035494,0.1677042,-0.0979786,0.009359216,0.12004402,0.29151404,0.34184706,0.40589082,0.2406939,0.33449036,0.027682465,0.24324709,0.20218517,0.24860936,0.2713345,0.07266448,0.22902723,-0.051584244
0.42161995,0.3038522,0.25093657,0.5519353,0.27522764,0.118022546,0.25860068,0.17442113,0.18518381,-0.08969226,-0.046965145,-0.068441525,0.09767155,0.13682383,0.073318504,-0.05004041,-0.038470965,0.27226582
0.15374988,0.3335549,-0.0076919915,0.038773645,0.31054622,0.37472773,0.23767805,0.2848382,0.21770129,0.22175157,0.10165748,0.1889371,0.20661351,0.19102865,0.2397835,0.14779861,0.21421519,-0.059695855
0.07200439,0.51443756,0.29637334,0.1670693,0.38539338,0.47809035,0.28091982,0.30449176,0.2441538,0.13205871,0.047702637,0.31452,0.28611946,0.100374505,0.3165812,0.13871746,0.31486368,0.07713087
-0.056264125,0.17202875,0.27505088,0.101925254,0.15289876,0.11166866,0.10643521,0.1488857,0.17622523,0.08311693,-0.07174981,0.1246499,0.040173218,0.38059264,0.01452898,-0.017920092,-0.10345771,0.02888599
0.24857628,0.39097327,0.07294408,0.32049376,0.3718394,0.156316,0.2104575,0.16580316,0.20010918,-0.0022931616,-0.07241227,0.058570802,0.06672473,-0.053183116,0.16549757,-0.003640811,0.19274083,0.093601696
-0.01752108,0.030793024,-0.1134332,-0.076264314,0.047682665,0.25171822,0.055187535,0.05839947,0.043778457,0.14374623,0.05495611,0.15639894,0.040914938,0.052210405,0.024896126,0.03749318,0.026016057,-0.19353098
0.3637464,0.18979178,0.33787987,0.267352,0.2173417,0.11879039,0.16015986,0.21079114,0.18354532,-0.051627755,0.09616956,0.16749117,0.16415401,0.07652165,0.14457747,0.0040291813,0.14944881,0.22752722
0.19043407,0.17757016,0.053999726,0.19287698,0.15566194,0.16341078,0.33585078,0.23187332,0.014581404,0.14110526,0.16325021,0.07395522,0.26273575,0.05550751,0.12679854,0.13387105,0.15441036,0.10063772
0.33974326,0.06851762,0.13266069,0.27567607,0.049447693,0.055562705,0.22506298,0.13847338,0.3539986,-0.0067940685,0.10608742,0.22529694,0.2203848,0.013410509,0.23321664,0.13106161,0.21440423,0.16555014
0.21922015,0.31673878,0.38486433,0.24455653,0.37734962,0.27183074,0.31685582,0.1371782,0.08110873,0.0044997567,0.17078775,0.21873435,0.22507775,0.09703579,0.22332454,0.1784133,0.3882564,0.51819783
0.111478806,0.48701787,0.16353881,0.16197485,0.36780334,0.3716548,0.3121822,0.26559192,0.25171098,0.17904772,0.055472933,0.3853984,0.27909094,0.073023856,0.35036618,0.17048378,0.39354727,0.08635996
0.18679409,-0.18930969,-0.0012159646,0.11883937,-0.25344396,0.008278623,0.16295385,-0.040540308,0.11397815,0.1500366,0.11608676,0.1302174,0.103210144,0.22017077,0.01795587,0.09180486,-0.05692081,-0.07221855
0.16044031,0.45237887,0.3134517,0.08730334,0.4355097,0.4448136,0.3690765,0.21872723,0.19577396,0.11148735,0.21284337,0.17507589,0.23509185,0.5034119,0.29553849,0.1364615,0.19925521,0.30409575
-0.08218567,0.26678652,0.016511336,-0.05904299,0.2988689,0.23965333,0.17281336,0.20163617,0.038914274,0.10595145,0.13316262,0.14610362,0.108864844,-0.003215164,0.19180234,0.11481236,0.26578492,0.050715152
0.00028057396,-0.15192479,-0.22895178,-0.08049078,-0.1331709,0.11381318,0.10591679,-0.1273798,-0.20983058,0.06947455,0.20465893,0.030016208,-0.039725557,-0.10802239,-0.057424538,0.090941906,0.099290386,-0.15874413
0.119551316,0.08271173,-0.067654416,-0.13795975,0.13331518,0.1948306,0.08768028,0.40582383,0.15525822,0.23951948,0.10998744,0.2388176,0.011592679,0.11917948,0.04993574,0.013529083,0.2548984,0.06558646
-0.10361352,0.47458798,0.04015036,0.012639246,0.40565395,0.42338493,0.32453334,0.36242193,0.30478942,0.2023046,0.15404075,0.31037807,0.21959773,0.015542399,0.41734856,0.18852878,0.42473286,-0.069636516
0.14156869,0.3343216,-0.04053013,0.35828537,0.32103014,0.26613486,0.2691714,0.19673774,0.30452645,0.08227586,0.06736289,0.19717732,0.104977444,0.042952083,0.17160845,0.09663327,0.259739,-0.006301384
0.12217596,0.23662794,0.08492029,0.57114774,0.19886836,0.061129488,0.14411101,0.23012164,0.23954475,-0.010677431,-0.058076486,0.122407764,0.123046115,-0.023848705,0.06903204,-0.04345391,0.059004363,0.08169538
-0.044217087,0.30867735,0.15304798,-0.12078006,0.18396726,0.5041796,0.24406126,0.19140233,0.15289311,0.1894981,0.2293813,0.35659602,0.14785965,0.3719735,0.20981038,0.14445889,0.17453606,-0.04199516
0.46920025,0.25658587,0.26666978,0.449013,0.24938583,0.19943812,0.2803678,0.15646526,0.4248153,-0.022803042,0.054641224,0.09346631,0.23778367,-0.02238778,0.17167515,0.0999287,0.063387886,0.25726503
0.07325943,0.2768265,0.2034387,-0.07739283,0.24011108,0.3741972,0.120326996,0.35952967,0.19758242,0.2083951,-0.09101625,0.29786065,0.13436769,0.036729142,0.2328777,0.08347504,0.2933771,-0.050899632
0.029434003,0.22337675,0.003133363,0.028377179,0.12464334,0.22342125,0.399179,0.30054992,0.27846673,0.29160458,0.15316203,0.33587068,0.20146331,0.45790976,0.31561437,0.1778126,0.26006866,0.06500764
0.2599154,0.017566778,0.23846968,0.08814802,0.17216064,0.06743997,0.15022615,0.0031475527,0.012076916,-0.0057159346,0.26028454,-0.0016692473,0.07484297,0.021441542,-0.06817785,0.2181842,0.16716,0.2723977
0.37600732,0.43966484,0.056002915,-0.024345076,0.48243123,0.39574602,0.3575695,0.23367518,0.22180036,0.28327924,0.18522742,0.27676553,0.24749357,0.12695386,0.33915448,0.27332628,0.35422826,-0.029805891
0.45634627,0.14368656,0.50411093,0.22516698,0.19785762,0.21214613,0.124700546,0.20770499,0.3519592,0.0021438962,-0.044233896,0.03424774,0.24839155,0.20880428,0.09743138,0.100853965,-0.12378593,0.3065879
0.1984512,0.13395146,0.02656682,0.4570381,0.07014189,-0.08140979,0.30986744,0.12525181,0.12113625,-0.03150563,0.026951522,0.038489718,0.12235481,-0.03946439,0.23987867,-0.059154887,0.17808625,0.32724217
0.04463377,0.39133602,0.13925034,0.19479038,0.2868081,0.36345875,0.3455469,0.3751068,0.26263672,0.16354367,0.04673758,0.3060818,0.3423682,0.0899331,0.3898902,0.13948551,0.35772842,0.07518465
0.07630243,0.5126351,0.101397455,0.102546826,0.4156488,0.38292247,0.38582385,0.4102437,0.20702937,0.25433195,0.012517624,0.34762514,0.24045217,0.110188246,0.38521665,0.0981964,0.43968505,0.10259131
0.09636289,0.3343718,0.24570307,0.23382133,0.26348352,0.40758222,0.27842224,0.2057564,0.21120976,0.12870616,0.07642057,0.25682348,0.21250202,0.27981097,0.20468096,0.14883107,0.17416896,0.02574016
0.011858857,0.35990077,5.826843e-05,-0.015185431,0.29100993,0.37289926,0.35679114,0.49064434,0.26365215,0.31096417,-0.0196362,0.35109872,0.17143495,0.13086493,0.33020598,0.08057623,0.37283304,0.05681052
0.42857248,0.37561405,0.4280538,0.277582,0.39284104,0.16587994,0.37051475,0.115362294,0.0898811,-0.042094577,0.14431609,-0.019603658,0.21721393,0.1888335,0.1808002,0.11732484,0.14362325,0.42919397
0.042830855,0.2697968,-0.014391402,0.26722148,0.27047777,0.14391667,0.31750023,0.22110678,-0.0011225122,0.12525931,0.0070783608,0.059673056,0.17347372,-0.02160796,0.17114666,0.07623753,0.2558181,0.017979428
0.2532549,0.52102304,0.18652269,0.08237612,0.4996829,0.3590372,0.40537643,0.48082322,0.27366182,0.23998982,-0.023773905,0.31419402,0.21520102,0.082559586,0.37117866,0.12254885,0.45373303,0.24547146
0.10928184,0.05258161,-0.14569451,-0.13535087,0.12388791,0.124417305,0.06649768,0.06649211,0.09867528,0.14577836,0.19914225,0.00551153,0.0016878978,0.27696133,0.037034344,0.041078802,0.05354497,-0.047908857
0.13225484,0.49054655,0.043570552,0.21845575,0.37042907,0.34927943,0.30950695,0.21708968,0.18851268,0.14547254,0.035436846,0.32600963,0.16847469,-0.019023025,0.2216495,0.10533594,0.3432148,0.051169813
-0.001615068,0.35909724,-0.040998757,0.04649723,0.2931776,0.31755438,0.29597354,0.3610028,0.3012992,0.2144517,0.059070397,0.38778272,0.1534483,0.108973764,0.3881932,0.110814065,0.45841676,0.024608545
-0.028233849,0.41820663,0.25988817,-0.07989775,0.35239077,0.35458326,0.24458215,0.3625527,0.15736833,0.25690424,0.03343243,0.46149963,0.22073472,-0.007953187,0.32087076,0.17056414,0.35757366,0.10693577
0.13714114,0.4101047,0.27729297,0.17426315,0.29590848,0.37901592,0.28048122,0.2950309,0.23784491,0.12509012,0.17465204,0.35324228,0.3552146,0.057245135,0.20180905,0.21388747,0.23186111,0.16261104
0.5587845,0.29587972,0.3307681,0.15774149,0.2393257,0.40362304,0.31969184,0.20007771,0.27184123,0.12352328,0.12265265,0.29608506,0.24224408,0.20506686,0.27897698,0.1719045,0.26743287,0.07775061
0.124255955,0.3471337,0.0040543107,-0.1186662,0.33715278,0.40152663,0.37256753,0.33406693,0.16386318,0.33303183,0.1989814,0.31642872,0.1663677,0.20533141,0.21388486,0.15780748,0.2903325,-0.0077416934
-0.110690676,0.018787876,-0.21202329,-0.061310016,-0.054686166,0.121751495,0.12613529,0.3431996,0.13572755,0.20029257,0.027518539,0.30070588,0.03430485,-0.043402318,0.25968724,0.007012713,0.400002,-0.10706653
0.082454726,0.30751812,-0.037707806,0.14433235,0.22688472,0.2937683,0.28126937,0.37005454,0.076830536,0.27441317,-0.012455527,0.37350407,0.18497398,-0.019601854,0.20147806,0.049678307,0.3108809,-0.091276765
0.06294793,0.15980375,-0.062700026,0.17891605,0.16265863,0.12088436,0.13812184,0.16279243,0.15870333,0.08555284,0.041087706,0.19168389,0.04178979,0.120391555,0.14242503,0.04780242,0.2673404,-0.05353461
0.41349947,0.13236913,0.34851402,0.32662368,0.11929594,-0.029328084,0.0178951,0.090679266,0.27476865,-0.16660988,-0.085754156,-0.077856556,0.047739618,0.033262633,0.03424862,-0.06730087,-0.14958057,0.20896351
0.5249132,0.4745049,0.4256827,0.009327235,0.5139911,0.4969787,0.41949308,0.35475636,0.26247025,0.24722044,0.11511648,0.20577261,0.27583155,0.3477223,0.22855256,0.20457986,0.12671447,0.23992309
0.09558621,0.13732988,-0.093667254,-0.05235283,0.19630717,0.24725716,0.16650839,0.3937257,0.27437067,0.32029343,0.0044759563,0.22867867,0.14940965,0.09260298,0.1733405,0.097763546,0.24934512,-0.21786617
0.03695159,0.009442133,-0.20936073,-0.08655286,-0.058013294,0.03150267,0.14451393,-0.049284678,0.15393895,0.18961029,0.10309018,0.36391908,0.049328145,0.09725203,0.2666572,0.13746102,0.3376322,-0.0939154
0.18668872,0.389509,0.33132714,0.04386674,0.41705474,0.33557868,0.466282,0.16761835,0.08265196,0.14364642,0.299831,0.2510549,0.26471108,0.27491063,0.28339565,0.22741434,0.4121001,0.48188585
0.0028707385,0.029975038,0.22137614,0.14110436,-0.05206708,0.17520458,0.27691618,0.07540478,0.31534082,0.15238665,0.1160158,0.21081193,0.15110394,0.38505033,0.25160992,0.14094546,0.123591654,0.13044775
0.27225274,-0.16334942,-0.11119032,0.39411992,-0.12334695,-0.17268935,0.074817866,-0.09965928,-0.07963696,-0.099337935,-0.014843537,-0.21623549,-0.005239865,-0.106237136,-0.058156632,-0.13107559,-0.113598995,0.060566314
-0.039868683,-0.08946563,-0.14592299,-0.18573725,-0.048558347,0.13779444,0.026920065,0.08061038,-0.10158672,0.05284302,0.25851566,0.08396191,-0.123086534,0.055973966,-0.13998964,-0.01215956,0.07940252,0.12518173
-0.0028737523,-0.02280883,-0.09505677,-0.28361902,-0.0013761639,0.24044211,-0.011062654,0.19942114,0.009611951,0.21207958,0.27625525,0.14674906,-0.031526964,0.12761274,-0.13851179,0.06775724,-0.0084855445,-0.123901814
0.42238197,0.42835897,0.45587948,0.27535772,0.40880278,0.30202562,0.26543415,0.30160728,0.21892664,0.011703378,-0.019569188,0.19779283,0.28676105,0.06239975,0.25583106,0.09458934,0.19000551,0.40426844
0.103282265,0.3213284,0.2079226,0.21544604,0.31578562,0.28445694,0.24158192,0.2680269,0.1420675,0.05400603,0.0023912436,0.21040003,0.14646578,0.0619685,0.14462669,0.07597044,0.2185327,0.12866351
0.08254701,0.1842164,0.39735794,0.07366577,0.34117365,0.17260388,0.246537,0.22425805,0.08069463,-0.018673606,0.15727443,0.028432224,0.20173374,0.18383577,0.1329651,0.18750814,0.17670757,0.46969104
0.4391786,0.2379185,0.33006263,0.04745195,0.26880014,0.1707074,0.21112101,0.15487593,-0.08023779,0.015989779,0.14241016,-0.031789612,0.13531381,-0.020171685,0.112208545,0.11512676,0.14185946,0.21050805
0.16640043,0.22379984,-0.03776733,0.022495974,0.30727524,0.2827949,0.1722223,0.24382551,0.09029019,0.2879969,-0.008134166,0.13277666,0.111154765,-0.048557386,0.116535485,0.12132621,0.25180358,-0.12665819
-0.033695523,0.23252502,0.22201139,0.12572843,0.20683318,0.2053466,0.28894266,0.34367257,0.091989964,0.24942833,0.079883546,0.16075858,0.22879402,0.2698819,0.1688829,0.1561886,0.10765359,0.031210132
0.07012087,0.4715532,0.02033214,0.02924886,0.3553161,0.46881855,0.3335768,0.2800182,0.16810597,0.26038957,0.12220423,0.32383668,0.23769087,0.0038275402,0.3038754,0.1467042,0.354591,-0.08664791
-0.04644513,0.24489124,-0.034927495,-0.07685688,0.18565199,0.40531546,0.2763571,0.2758113,0.14347398,0.18577257,0.13475163,0.42080817,0.17570217,0.019925928,0.3970894,0.14337939,0.55084753,-0.061063576
0.2286804,0.027948674,0.1736919,0.46509784,0.08762545,0.04689276,0.20175824,0.022905098,-0.017833266,-0.15143399,0.032141864,-0.17395727,0.11746104,0.02397824,0.087413706,-0.052334435,-0.027800623,0.29396865
-0.009904001,0.071205735,0.07053752,0.06485565,0.0061418763,0.2606777,0.09187718,0.036918923,0.0038468386,0.15801881,0.10247202,0.15750709,0.08215973,0.18228719,0.010224734,0.09337072,0.021015702,-0.061552815
-0.0007381113,-0.020363607,-0.15402207,-0.00012186158,-0.08656075,-0.091618314,0.1400941,-0.17893517,-0.05720944,0.16291714,0.19148655,0.18128052,0.14269689,-0.00018409942,0.13543889,0.18195546,0.11080897,-0.07088636
-0.05666177,0.06559791,0.1594654,-0.074379876,0.019086082,0.1909894,0.23304603,0.05427,0.13347946,0.15482342,0.25288853,0.093706146,0.105854556,0.57103384,0.023721654,0.14600313,-0.14929235,0.12664048
0.16363418,0.41944093,0.06425752,0.012042694,0.4103511,0.36041403,0.31526273,0.38969043,0.11004904,0.30507767,0.044899046,0.30954525,0.20557104,-0.0095481165,0.22530788,0.09212385,0.31217358,-0.06720404
0.0953127,0.10854362,-0.0030908277,0.21693888,0.09721096,0.031632684,0.010366654,0.1260164,0.09577581,-0.06798201,-0.06307909,0.13792467,0.02005744,-0.117622524,0.0082802875,-0.08851189,0.073870346,0.024967846
-0.005696513,0.38474464,0.040766966,-0.03395236,0.3412289,0.41026103,0.283632,0.27348477,0.32622495,0.25353694,0.067004964,0.41227442,0.1604901,0.13247028,0.3703605,0.2043163,0.4035772,-0.10682699
0.067368284,0.29491058,0.19147368,0.5252968,0.23210792,0.11587229,0.23178619,0.16539176,0.20359406,-0.08229878,-0.116878495,0.0827574,0.061434545,0.06834409,0.11452229,-0.12283992,0.07923607,0.26670513
0.055186607,0.28780606,-0.13015419,-0.021085849,0.22116074,0.376742,0.30186683,0.29922673,0.27012604,0.27044675,0.19640264,0.40854633,0.23614264,0.09870395,0.39070356,0.19029328,0.41596776,-0.1371414
-0.020647353,0.3972717,0.21297869,-0.10992386,0.33407617,0.35269952,0.34356028,0.1265306,0.21950547,0.17620496,0.3007772,0.2538104,0.13723275,0.54000485,0.25367072,0.19977547,0.19872627,0.21812254
-0.06359548,0.099579856,-0.028193712,-0.18437748,0.046681922,0.2580551,0.22823101,0.25601763,0.065900534,0.32442972,0.16417915,0.32910228,0.094738916,0.072606444,0.07658701,0.13740948,0.115693934,-0.07562633
0.0218759,0.33179337,0.039686367,0.17038092,0.2777543,0.25002772,0.4367826,0.33079594,0.14960164,0.23625392,0.057623144,0.2917822,0.21333504,0.07800627,0.4002831,0.12973198,0.44225988,0.03823313
-0.037516117,0.16392246,0.0406169,-0.05585584,0.059166804,0.15767413,-0.028754208,0.2693712,0.05101481,0.17727455,0.031550266,0.3808842,0.07274839,-0.109512985,-0.009029742,-0.007280166,0.17751299,-0.11509357
0.55736136,0.13034286,0.37254286,0.28865185,0.1564295,0.03451448,0.17487386,0.1075444,0.28271145,-0.085331604,0.07707706,0.08435803,0.1934413,0.11709048,0.19790518,0.07236065,0.033388752,0.26014948
0.07587634,0.30015892,0.03571833,0.08197918,0.18276101,0.34926367,0.35081297,0.40026587,0.20352775,0.21905309,0.044330325,0.39127412,0.26226568,0.020740928,0.37773523,0.13271496,0.44985136,0.05706426
0.48711133,0.18346117,0.32510117,0.3413924,0.20293355,0.09348187,0.24208117,0.17993246,0.31048763,-0.04383605,0.083003536,0.054557588,0.27374482,0.13374224,0.1992809,0.13008946,0.050221402,0.3872667
0.08441067,0.10017557,-0.01998186,0.48360157,0.040580995,0.013537367,0.15000463,0.045759156,0.3450584,-0.003326619,0.032903396,0.024105776,0.071067825,0.152738,0.046998605,0.0068941424,-0.0494242,0.04992532
0.393808,0.14295298,-0.03935412,0.054632932,0.06275834,0.23761114,0.1417014,0.20583671,0.11603016,0.27534834,0.10008907,0.31715384,0.238738,-0.03484319,0.09837705,0.1815424,0.19937971,-0.106888935
0.08919574,0.28885388,0.46854076,0.047826953,0.34407964,0.2833649,0.23520714,0.19443755,0.025134422,0.035419412,0.17883748,0.11789578,0.15537226,0.11180498,0.07318109,0.097818054,0.14071406,0.44008577
-0.11057319,-0.07211957,-0.24798934,-0.05538287,-0.07273996,0.17087516,0.11287592,0.016342439,-0.13128623,0.16312984,0.16902323,0.142005,-0.015104918,-0.1669649,-0.008073671,0.11405413,0.19265145,-0.24240859
0.28975675,0.27264446,0.13661213,0.062877044,0.29717332,0.29012507,0.3433959,0.43524224,0.07534637,0.199503,0.1804077,0.15041265,0.2640363,0.176909,0.33531022,0.094040185,0.35764593,0.22904329
0.46384555,0.18780874,0.45594266,-0.025477776,0.30676597,0.23065197,0.2529614,0.36293617,0.26306906,0.12714015,0.12722945,0.11617649,0.27655512,0.24337032,0.31567582,0.21969092,0.19062729,0.3577931
0.12162496,0.45274445,0.13766056,-0.06874499,0.3434922,0.40878326,0.35453498,0.3119033,0.26589912,0.2971511,0.07285419,0.24118093,0.19739664,0.4645201,0.37506574,0.14903897,0.24916807,0.03511283
0.20600599,0.42675263,0.18068603,0.09332095,0.44835374,0.4228502,0.32840735,0.37992722,0.3685368,0.24985304,0.17106113,0.3423137,0.2861131,0.21767376,0.20884833,0.15281475,0.23929064,0.15538695
0.10213846,-0.10379126,0.12075031,0.21976319,-0.06739887,-0.031152159,0.20788199,0.0038115405,-0.017911883,-0.0040192995,0.1711443,0.077818155,0.14844498,0.19876406,0.17827186,0.1332162,0.23465243,0.30839705
0.27301204,0.23305556,0.1780946,0.24247244,0.18531474,0.0817499,0.38738632,0.08697961,0.26170045,0.06469612,0.21807194,0.26881558,0.24571997,0.2553771,0.3540991,0.199781,0.34717363,0.30314344
0.16645576,0.20963028,0.03797642,0.110741645,0.25447935,0.27291584,0.26617938,0.2523126,0.10103933,0.18195683,0.22206232,0.14366302,0.22225426,0.2041963,0.074813955,0.124175124,0.12988132,0.07100932
0.21125224,0.042961963,0.05167287,0.19843024,0.06454112,0.09047812,0.18629915,0.17360443,0.48499367,0.08108534,0.055822052,0.25374475,0.2553972,0.045970503,0.28498894,0.14314914,0.15038481,-0.024377242
0.20096284,0.2920828,0.16760334,0.31513983,0.35106558,0.23466295,0.38265085,0.2369982,0.17500708,0.043426476,0.2040272,0.20129547,0.2954905,0.11533192,0.27262563,0.19422397,0.40048885,0.43910804
0.012445217,0.16691372,0.15109456,0.3355654,0.14516807,0.21023509,0.17129394,0.25094584,-0.0038563253,-0.046449363,-0.028555635,0.07453081,0.18070346,-0.15822536,0.054988507,-0.037752066,0.1035127,0.2147941
0.036628887,0.13114122,0.1847733,0.40253526,0.10990429,0.09214887,0.083480254,-0.059962966,-0.19485012,-0.20812157,0.036438838,-0.14819881,0.051290095,-0.23920427,-0.1382854,-0.05241794,-0.028171506,0.27346456
-0.08845857,-0.06761232,0.27008063,0.3994094,-0.05131824,0.14223644,0.1373108,0.043385394,0.10055034,0.053285174,0.008988052,0.031092525,0.16668458,0.1752078,-0.051596522,0.027671695,-0.2301286,0.20204942
0.011273678,0.058537148,-0.00014148327,0.022771278,0.066531174,0.15151396,0.38955936,0.22286254,-0.0032518762,0.114617564,0.119368255,0.01682628,0.17668,0.18574953,0.37588537,0.03590153,0.29180396,0.2215291
0.020568572,0.3616163,-0.00030595437,-0.027703803,0.32779235,0.31352118,0.32209426,0.4715758,0.14970276,0.31452763,-0.010570554,0.44680464,0.17995419,-0.039397538,0.31481588,0.14094545,0.47702172,-0.016409673
-0.0016605952,0.09991661,0.009094026,-0.0072584557,0.15252951,0.28851646,0.13449356,0.35250762,0.2083786,0.23827149,-0.009145308,0.1830039,0.08070955,0.15968391,0.12928084,0.06392388,0.09307221,-0.22486079
0.30894786,0.20820676,0.3150164,0.072837755,0.26981732,0.29925162,0.16990158,0.3401665,0.31678903,0.19081405,-0.026731689,0.14404026,0.13317293,0.30199736,0.06004774,0.10786022,0.023979958,0.10156314
-0.08256347,0.31924653,0.07523769,0.009662833,0.20044827,0.360142,0.2443414,0.29198158,0.19357993,0.1957517,0.103246294,0.4443819,0.11000295,0.1498269,0.33693305,0.07946926,0.43440303,0.012618406
0.011151332,0.4553448,0.07550604,-0.00082476577,0.42864752,0.3547184,0.40818483,0.47225392,0.20672831,0.26504397,0.017565776,0.40881371,0.22489838,0.038407657,0.4432118,0.1553899,0.5679132,0.18443093
-0.03015255,0.053476505,-0.26844725,-0.0017538448,-0.037720867,0.23883592,0.26038778,0.060714964,0.13914469,0.27256858,0.2134625,0.26398924,0.15643458,0.08133453,0.15505221,0.19398591,0.20510697,-0.21103379
0.10968616,0.1658098,0.032387145,0.14502928,0.10031356,0.19081247,0.3759677,0.22276604,0.018504426,0.2476455,0.2518004,0.23835553,0.3094721,0.1419771,0.28651112,0.18869802,0.28841722,0.06937244
0.040525444,0.24209628,0.06068107,0.4315763,0.2121911,0.0636744,0.18520208,0.18158315,0.042867195,0.017184293,-0.083544604,-0.017373357,0.18576422,-0.06566234,0.04402273,-0.071511775,-0.025813403,0.03652305
0.12834176,0.45211035,0.1703363,0.29489172,0.39617214,0.33234686,0.32618275,0.41414648,0.2944101,0.22462492,0.06326236,0.28146547,0.36050195,0.14660484,0.29961687,0.16216025,0.27867672,0.071857095
-0.08711569,0.14220205,1.2014061e-06,0.40988833,0.06628793,0.026468987,0.116877675,0.09170294,-0.021412008,0.010921724,-0.025251979,0.0035694726,0.14571851,-0.14659727,-0.1010783,-0.06646502,-0.09287704,0.016175887
0.22780254,0.32829887,0.10304415,0.057637263,0.25017726,0.3222673,0.21866906,0.23008198,0.3146789,0.20779218,0.20066717,0.2799008,0.26582545,0.20629576,0.25738004,0.24785262,0.22035058,-0.04468912
-0.12108107,0.2078954,0.29495704,0.15837537,0.13778582,0.10457279,0.10458897,0.2829309,0.24472286,0.018527921,0.04895209,0.17454605,0.26094565,0.0023209844,0.1227708,0.0988787,0.027558256,0.15406117
0.07188994,0.38165927,0.2036008,0.12353835,0.29061997,0.40545022,0.1464599,0.41176873,0.19599381,0.1678929,-0.06995255,0.33693397,0.12717494,0.080162734,0.1649931,0.017742604,0.23146263,0.004748354
0.2441426,0.037437994,-0.0821576,-0.06284824,0.09186209,0.2842032,0.21021922,0.1752067,0.09120017,0.2531638,-0.0031294003,0.10483215,0.1453205,-0.007891691,0.12938404,0.13027927,0.15586042,-0.24599755
0.27452272,0.17908812,-0.10408071,0.3014962,0.16858801,0.14567456,0.13363594,0.098573394,0.11499858,0.07771574,-0.06339717,0.0043911273,0.019582903,0.031370122,0.03261977,-0.040050633,0.091255486,-0.10025564
0.01154196,0.17892677,-0.039874204,0.012166136,0.1463739,0.33889794,0.19443592,0.19289398,0.08783888,0.09352401,0.20581484,0.29028714,0.1712901,-0.11174564,0.2690387,0.14131294,0.44231212,-0.047767237
-0.05591236,0.4291709,0.18236226,-0.016782217,0.2666655,0.3255033,0.23263858,0.32489902,0.20090261,0.1771377,0.03536859,0.405224,0.21418302,0.11100605,0.3579703,0.10744514,0.400204,0.17217472
-0.030649498,0.51694345,0.19344214,-0.12332802,0.4029811,0.4398647,0.43908966,0.2703181,0.32947874,0.2680758,0.1800445,0.3888794,0.26668906,0.33293682,0.4576984,0.26853883,0.38690817,0.10756761
0.39256614,0.060495887,0.41860047,-0.050453402,0.15997854,0.14123634,0.13905261,0.20099446,0.2347719,0.054185536,0.043083817,0.039482743,0.14575988,0.36211357,0.2552352,0.12769128,0.09299299,0.30231532
-0.026609046,0.3407802,0.28955013,0.38260683,0.25674683,0.23109582,0.26666987,0.19753468,0.23021828,0.08387299,0.046321824,0.16759115,0.294707,0.10811276,0.10488411,0.038015008,-0.005672169,0.17071632
0.18955025,0.36561576,0.09628211,-0.11212763,0.4024008,0.37455827,0.295285,0.5080839,0.2947143,0.30220377,0.007985152,0.3072104,0.1513727,0.14175177,0.2604285,0.08435776,0.32394487,0.05306345
0.23308355,0.17896068,0.4251696,0.19350375,0.32072818,0.25473583,0.30271703,0.26137662,0.36551213,0.050173238,0.19985163,0.12606421,0.320401,0.29994982,0.23331022,0.21067373,0.12955895,0.3361288
0.1508292,0.17667443,0.19456254,0.17437918,0.22887146,0.18148392,0.41867894,0.097062334,0.13004959,0.12901476,0.25485873,0.2564407,0.21202835,0.22735596,0.35039157,0.23839247,0.48439205,0.3937745
0.18243167,0.4527461,0.10144113,0.20279083,0.41483757,0.30138174,0.35277027,0.3692278,0.28713363,0.23457766,0.1240386,0.29725644,0.3011922,0.08153246,0.30045253,0.20614967,0.3299275,-0.023541994
0.09185487,0.12757283,0.21698822,0.3714164,0.037245773,-0.027379118,0.28144616,0.0339193,0.03231439,0.0074944342,0.0675866,0.22977605,0.16980934,0.05458045,0.14654723,0.04149223,0.20000936,0.41356036
0.090511695,0.19929844,-0.040668674,-0.08603302,0.20496957,0.30321637,0.14250179,0.29191807,0.078181505,0.29330808,0.06543996,0.2525615,0.124661624,-0.05283594,0.093271434,0.09638102,0.17701094,-0.20369703
0.09805767,-0.13613153,-0.19472408,-0.10821262,-0.17734773,0.14805359,0.0076431525,0.10112726,-0.044846892,0.1900326,0.15648058,0.25317457,0.035944466,-0.08859813,-0.011992343,0.0372001,0.10256799,-0.24360284
0.18556187,0.24112752,-0.14624774,-0.13335977,0.2128993,0.35928234,0.2926728,0.3123326,0.04956977,0.35270935,0.2079237,0.32310122,0.12950179,0.08930282,0.17506088,0.11126542,0.31025484,-0.06966342
-0.011707165,0.20910187,0.062454294,-0.17683351,0.18474522,0.31240094,0.07542096,0.27913427,0.09842767,0.13916305,0.05344128,0.25675732,-0.0006659846,0.09655419,0.108995594,-0.033945777,0.26188338,0.037151508
0.09016447,0.21600178,-0.007224851,0.03423822,0.23789734,0.21526685,0.16544285,0.38827837,0.17435536,0.18212667,-0.07295182,0.31264946,0.07907851,-0.09137283,0.19033897,0.06383295,0.4015154,-0.037239652
0.0076691117,0.06128519,0.1679738,-0.041579187,-0.034465034,0.2889471,0.20449111,-0.015563484,0.026800193,0.18303125,0.13063663,0.15524575,0.13570616,0.3934232,-0.02945232,0.13139528,-0.14600864,0.015453479
0.4651572,0.16768187,0.3814944,-0.016669236,0.23402873,0.23798607,0.11084817,0.33583415,0.17820111,0.16670188,-0.028368788,0.14326206,0.17236942,0.16041072,0.12003003,0.059707504,0.077545464,0.11890667
0.13693148,0.4008577,-0.026288696,-0.018263657,0.37938505,0.45915955,0.37504685,0.263633,0.2543738,0.31619525,0.15960594,0.2851526,0.23623365,0.291092,0.32322967,0.2165611,0.29027617,-0.102837875
0.16265926,-0.056418333,-0.15516901,-0.16224115,-0.11589661,0.057410803,0.090150565,0.08521271,0.15294069,0.18975762,0.09575462,0.44654804,0.11825973,0.046463016,0.2592817,0.1363895,0.37896413,-0.044774048
0.36091527,0.08977437,0.2366978,0.4501537,0.054152474,-0.071203485,0.18367893,0.035372056,-0.004925727,-0.1322934,-0.12453516,-0.107540816,0.039055098,-0.09685165,0.06625535,-0.13075563,-0.00055657513,0.30998918
0.28006148,0.16299161,0.037443005,0.07401621,0.21282616,0.26654562,0.2891208,0.30659652,0.3157434,0.2596501,0.056729503,0.2279033,0.27034426,0.1072402,0.23272981,0.14177328,0.21338114,-0.116664484
0.057048973,0.38328198,-0.007452054,0.43023506,0.3125909,0.20034268,0.27788925,0.2897349,0.24176466,0.106087565,0.004116152,0.222787,0.20296644,0.0033835068,0.21219164,0.06071868,0.22975947,0.09295128
0.060499597,0.20733103,0.14137176,0.18690267,0.21778704,0.08158515,0.1086765,0.1906167,0.028744427,0.09076649,-0.10316852,0.07092497,0.15188229,-0.06369013,0.0783737,-0.021363348,0.09317112,-0.0727042
-0.17383036,-0.040900815,-0.2141271,-0.02510792,-0.09621783,0.045306347,0.10676332,0.17409965,0.20858067,0.104898386,0.1915113,0.29152524,0.10710599,0.009186807,0.3202736,0.12433388,0.382692,-0.19753811
0.06345252,0.1295147,0.02592063,0.34820008,0.10591179,0.013847093,0.15820691,0.14384824,0.082173645,0.010409923,-0.04210453,0.22833389,0.13257238,-0.14251563,0.13850957,0.00721305,0.30093622,0.28953454
0.04023022,0.15391576,-0.038101755,-0.06795302,0.103509136,0.16773917,0.06103313,0.28785783,0.14855403,0.1936008,-0.022758625,0.39660573,0.04656864,-0.020530079,0.17031343,0.025379729,0.2816968,-0.09314653
0.4072755,0.11208658,0.09126641,0.3512928,0.102202095,0.19641638,0.28790164,0.06278898,-0.03168312,0.037475117,0.106432706,-0.026106376,0.19185041,-0.08930446,0.0034219697,0.04801279,-0.007998758,-0.028303318
0.090970024,0.25200498,0.30067253,0.34072608,0.2260743,-0.0028026775,0.12738648,0.13959318,0.22772853,-0.12528366,-0.16500568,-0.063501135,0.03426177,0.041293405,0.09960976,-0.16015263,-0.08628966,0.30713323
0.18190527,0.107058376,0.051815547,0.43235028,0.081717744,0.03575387,0.07459312,0.12513965,0.09876278,-0.13021028,-0.121027336,-0.010070732,0.015091108,-0.1953463,0.020299058,-0.10942675,0.05088476,0.090598
0.26741305,0.26047552,0.30591208,-0.1440116,0.36388525,0.21873593,0.181009,0.40643424,0.24787726,0.24583378,0.001735254,0.131476,0.1252006,0.21948478,0.13815951,0.09863889,0.11245586,0.27687678
0.27339178,0.18987843,0.11894567,0.12844372,0.15926558,0.28933662,0.32948714,0.081852406,0.07884931,0.23028909,0.17524128,0.19046807,0.22492412,0.25273046,0.20290682,0.19873203,0.15304968,0.038568716
0.053462017,0.32262713,0.023022547,-0.05489651,0.2848283,0.371789,0.11701739,0.33053493,0.07659242,0.20136654,-0.04827345,0.28922153,0.05117749,-0.16764158,0.16923425,0.022928689,0.29352984,-0.14136884
0.34828997,0.3817302,0.24735373,0.47855812,0.38391873,0.28121796,0.41271996,0.18987876,0.30740535,0.005073969,0.12074452,0.13943142,0.2768169,0.08816221,0.22507948,0.19072814,0.18480614,0.23194362
0.13917255,0.35560894,-0.007039463,0.10241717,0.36935055,0.28644407,0.32112366,0.3384397,0.0027769767,0.15448575,0.09974049,0.13654876,0.21701445,-0.027562175,0.31589293,0.061122976,0.3945111,0.072145045
0.17272514,0.25162154,0.10510581,0.31506205,0.35635328,0.10926353,0.1990552,0.4382881,0.35302284,0.16043542,-0.034859933,0.18330128,0.24332952,0.061432123,0.19284049,0.11290656,0.24200973,0.11532911
0.22154498,0.16824615,0.24398088,0.42970318,0.16449893,0.1390419,0.24897172,0.24468967,0.35226348,0.08729197,-0.012898046,0.13230042,0.26231676,0.21350706,0.111212075,0.01163242,-0.057093862,0.13512029
0.27010775,0.03513753,-0.07023355,0.2532062,0.05594401,-0.012527085,0.06716365,0.29475096,0.23153056,0.23572528,-0.025279101,0.14665067,0.18075803,-0.022200834,0.05900625,0.07765434,0.10691286,-0.2459543
-0.08648762,-0.10514932,-0.16200256,-0.1751386,-0.20725353,0.0014610756,-0.014302465,-0.051102214,0.0021129975,0.22638951,0.124156594,0.33703458,-0.008047704,0.014711864,-0.032171324,0.14197591,0.052408807,-0.15300727
-0.017228447,0.2100887,0.14954372,-0.08432316,0.21326113,0.2939842,0.19681318,0.48922998,0.08263028,0.2591293,-0.016960964,0.3106729,0.13845563,0.072000936,0.15809146,0.07096128,0.3128618,0.14340967
0.30970937,0.4056619,0.26182517,0.027841674,0.4066401,0.31529617,0.37490416,0.18229353,0.30614382,0.11996063,0.14205593,0.19737376,0.22687888,0.29840553,0.3896454,0.19112098,0.3280139,0.30637518
0.15026753,0.23832387,0.28471822,-0.06625046,0.3275572,0.26573318,0.14679246,0.24208112,0.07026686,0.227123,0.1935552,0.22450341,0.15790969,0.14081669,0.05971714,0.20346618,0.1087056,0.112012826
0.3149611,0.1970273,0.3578746,0.44010323,0.2506578,0.10784524,0.14129451,0.091882855,0.08565572,-0.17446363,-0.0028790915,-0.13383192,0.1154477,0.05955918,-0.044889867,0.016013527,-0.11287376,0.33552706
0.055431135,0.19773802,0.12833385,0.28664702,0.18102747,0.31889877,0.18323284,0.21783516,0.23125523,0.0041424716,-0.05761092,0.17144175,0.10374041,0.13050085,0.13345145,0.016645301,0.124848016,0.030088244
0.18738948,0.21172833,-0.0833772,-0.103836134,0.22303006,0.32917455,0.2952533,0.13541928,0.033270165,0.2360557,0.32630622,0.34436488,0.15498845,0.07059849,0.12520574,0.22950381,0.32575482,-0.016991094
0.16046315,0.023695461,-0.018002164,0.50519216,-0.0066703525,-0.101699874,0.16061002,-0.04569713,0.04814665,-0.11034348,0.014220319,-0.20258173,0.050914478,0.085528076,-0.029120453,-0.11687888,-0.14601226,0.14040124
0.06850397,0.4524967,0.023015097,0.09888555,0.38350457,0.35374796,0.32310498,0.37876466,0.21779773,0.22386953,0.08187811,0.4751807,0.23380882,0.00881816,0.33407223,0.1569111,0.47218046,0.050826672
0.21928892,0.2943939,0.075556085,0.016722947,0.33636123,0.21868068,0.21427251,0.24272373,0.45093906,0.19307977,0.10823081,0.27537125,0.17137654,0.21885139,0.3084719,0.2592513,0.33785385,-0.018631632
0.09469919,0.19046254,0.2399067,0.14451325,0.2454921,0.26112306,0.19185501,0.09476548,-0.028578402,-0.02385265,0.21313688,0.10942396,0.07591896,0.13935834,0.066369765,0.09284523,0.27290487,0.38599247
0.12590565,0.1800868,0.114646174,0.53407085,0.09508641,-0.016492544,0.27050948,0.018905476,0.27491194,-0.05582891,0.003643717,-0.06946333,0.12786835,0.19810449,0.07054593,-0.053727906,-0.12623027,0.28162897
0.25543183,0.36048818,0.21948498,0.12458958,0.3548295,0.3040173,0.22522043,0.2985379,0.3514901,0.14118214,0.006334319,0.27646488,0.20350233,-0.008453209,0.18543893,0.077736065,0.21044937,0.028082889
0.102265894,0.33958,0.11530479,0.1831328,0.3743097,0.30773586,0.24258971,0.276047,0.2969777,0.10617377,0.05233115,0.30936432,0.17522743,0.07198113,0.23332135,0.17867544,0.30839348,0.0035665222
0.006451344,0.2438733,-0.025873065,-0.10561488,0.2839039,0.30610353,0.23566402,0.3126499,0.3393041,0.2259934,0.15898398,0.20543462,0.17227793,0.34147403,0.3197525,0.14968288,0.21987307,0.012953587
0.041579697,0.2997849,0.08814716,0.05400642,0.26743823,0.287934,0.26730514,0.40195614,0.2280159,0.22265872,-0.0068651773,0.19212313,0.19436035,0.10209969,0.28702676,0.11456023,0.26765475,-0.093984455
-0.22556414,-0.2575981,-0.4118745,-0.17423964,-0.36566725,-0.11427808,-0.138763,-0.07379126,-0.10819208,0.126881,0.0547589,0.15621677,-0.13069814,-0.27607745,-0.045314126,-0.06409517,0.12327556,-0.31115478
0.04109239,0.49521428,0.08188437,0.10633232,0.43515122,0.3778233,0.4378003,0.4117431,0.15748546,0.29501134,0.008312672,0.37600553,0.21607399,0.07169008,0.3849675,0.16634245,0.4780441,0.048494942
0.17916214,0.360714,0.20856176,-0.0025907028,0.41331688,0.3528521,0.3721493,0.2429137,0.041703172,0.18448943,0.3175444,0.27087814,0.20989695,0.07960133,0.16460913,0.2368064,0.41153073,0.3039984
0.13007061,0.23352998,0.03810296,0.07431418,0.1170478,0.37179512,0.082352825,0.1991787,0.073111296,0.21301055,0.07040067,0.2373099,0.12568425,-0.055116933,0.040441085,0.09759842,0.14914727,-0.2084283
0.16440342,0.33995748,0.37402433,0.027483929,0.37401202,0.32643345,0.31218344,0.1800119,0.014802243,0.12551467,0.22482696,0.24708208,0.22515938,0.10131137,0.18535595,0.24044532,0.40686825,0.41562325
0.29445294,0.4995922,0.18900467,0.26244938,0.42259333,0.34678417,0.39605677,0.33430594,0.22135031,0.16823737,0.05284805,0.21225181,0.26810867,0.14614937,0.3355329,0.12532988,0.30659908,0.08831453
0.40395597,0.08435635,0.1615856,0.34113264,0.056999035,-0.08572619,-0.033703577,0.011010954,0.25160262,-0.17432217,-0.041624323,-0.067586936,-0.04502713,-0.06320404,-0.05296741,-0.10849269,-0.16725379,0.15036316
0.41770774,0.24237233,0.3907361,0.070253484,0.27667317,0.27373517,0.15524256,0.2785733,0.18114164,0.09576556,-0.0107050035,0.11237252,0.13070315,0.15592006,0.12258308,0.021207973,0.031906873,0.17179525
-0.038719185,-0.34710026,-0.11681782,0.007543753,-0.30480623,-0.1652121,-0.04166575,-0.34578127,-0.26445955,-0.155622,0.2572682,-0.23002875,-0.15983486,-0.07207703,-0.30709213,-0.00019155536,-0.16251573,0.042006187
0.12714955,0.36747614,0.0077914908,0.10475297,0.36055726,0.32036954,0.37547237,0.42640004,0.364219,0.27151808,0.15297009,0.32798153,0.2620674,0.20760225,0.35265133,0.15645716,0.40684152,0.049072746
0.03880174,0.5748448,0.22445229,-0.003083136,0.48784527,0.5068531,0.3993803,0.43246847,0.22091757,0.26407143,0.028908309,0.41580445,0.321023,0.12524873,0.4049393,0.16151708,0.3961942,0.1660165
0.049839735,0.2999801,-0.035787076,-0.06854333,0.26108918,0.45408928,0.37891,0.4472238,0.20452175,0.35218835,0.015706597,0.2658645,0.145026,0.24415281,0.2771036,0.0424407,0.27481097,-0.0056955935
0.20046115,0.34817404,0.21881303,0.2951014,0.29586542,0.25251076,0.37261474,0.38065958,0.11691449,0.17352244,-0.056031402,0.23696926,0.26908138,-0.026302323,0.18788542,0.06151278,0.20357975,0.18521217
0.025142783,-0.108866885,-0.2540506,-0.006523433,-0.056121048,0.07166378,-0.101688966,0.07356841,-0.0033175782,0.10319576,0.03154969,-0.047723744,-0.069907665,-0.14226556,-0.07230127,-0.02292426,0.019766867,-0.2781688
0.117860705,0.2641784,-0.014000637,0.40424532,0.3091668,0.19863266,0.26762897,0.22941637,0.16975248,0.016644651,0.0282996,0.038019262,0.12333972,0.104180366,0.15422311,0.0073422985,0.1709392,0.13404028
0.3162064,0.32679057,0.25705236,0.28349653,0.354277,0.3173164,0.32572705,0.2026414,0.2941718,0.05297117,-0.0074435133,0.14341143,0.22847,0.0759469,0.2563067,0.12098572,0.21886322,0.18236908
0.10669501,0.29835865,0.070276245,0.15803027,0.25813434,0.13070737,0.22943678,0.22255233,0.081729315,0.17429113,-0.061031826,0.18963258,0.20374632,-0.10222663,0.15124187,0.017038513,0.2182737,-0.10003725
0.21674103,0.29970872,0.019385625,0.36464646,0.25784186,0.09303678,0.18247636,0.122613,0.06966592,-0.026794877,-0.058260918,-0.051410127,0.039355263,-0.09431438,0.059336904,-0.054154407,0.123715706,0.083882414
0.02792559,0.23744553,-0.08281778,-0.018696569,0.1838491,0.22745603,0.19430459,0.2952756,0.23873332,0.20764756,0.07837177,0.40883058,0.056867294,0.076347105,0.27331102,0.08418276,0.40860516,-0.090888925
0.21441808,0.4640473,0.35314065,0.1369129,0.41950995,0.2929634,0.20908451,0.30494368,0.17679574,0.08199332,0.035954975,0.14877431,0.2262411,0.110979974,0.26459187,0.090440735,0.15277386,0.14484254
0.29247835,0.0747949,0.278795,0.27672037,0.08627266,-0.0941048,0.03163354,0.08513069,0.11127354,-0.15310673,-0.14867017,-0.10956296,-0.0109272,0.041882023,0.025317779,-0.18548429,-0.15418312,0.24124666
0.021490682,-0.009390463,-0.1041507,-0.052220568,-0.037553933,0.20060116,0.1610812,0.07789767,0.3213305,0.17808582,0.3452248,0.22185296,0.22620314,0.07101254,0.16819236,0.22872776,0.13354805,-0.06633205
0.434942,0.5208219,0.25372636,0.11841924,0.4734181,0.39286608,0.4064933,0.29947853,0.1396475,0.100295596,0.080916315,0.23090437,0.22428598,0.09321764,0.3548486,0.15315071,0.3748182,0.21139877
0.06324944,0.07171956,-0.07656431,-0.026799537,0.07543078,0.19854996,0.29638332,0.17434198,0.23827142,0.21375507,0.11410764,0.20804223,0.15097427,0.26925272,0.257715,0.19405988,0.25726193,-0.09090176
0.07653691,0.4719153,0.19065323,0.31382054,0.38351867,0.32103026,0.33859426,0.31350368,0.19793977,0.103048354,-0.070465654,0.275516,0.25863755,-0.00052136695,0.28191245,0.0556686,0.30002248,0.1893171
0.14929888,0.34350446,0.14287582,0.25998408,0.36715817,0.3111208,0.24139701,0.48211813,0.2992161,0.20429146,0.009685752,0.27404052,0.32736456,0.021510893,0.33326584,0.1848563,0.33532923,0.04613051
0.11964962,-0.28542307,-0.16299151,0.023510061,-0.25759396,-0.07341908,-0.08991772,-0.08560141,0.062362812,-0.056256365,0.109816656,0.031278275,-0.0019762795,-0.0559759,-0.063919686,0.027100738,-0.06324622,-0.061277248
0.12782833,0.52078116,0.3896228,0.2623648,0.39215684,0.4969871,0.42744398,0.2482884,0.36427397,0.10204412,0.053638488,0.24687842,0.35416552,0.26960474,0.371395,0.20444328,0.17576751,0.19154486
-0.06352463,0.29529768,0.03502186,0.07981475,0.24353051,0.2561939,0.30769295,0.3925494,0.2513809,0.16760647,0.10416439,0.280356,0.15825367,0.23275882,0.23663732,0.11901194,0.31727695,0.14584458
0.06151481,-0.10224492,-0.14217687,-0.24793443,-0.16290462,0.08934547,0.16066141,0.06122192,0.03399578,0.2504145,0.17610987,0.1960367,0.12757373,0.13523445,0.13588819,0.14435394,0.022020923,-0.11577813
-0.01407228,0.20692915,-0.057581596,0.26177388,0.1128563,0.19812536,0.14420067,0.14215586,0.08980517,0.07576768,-0.0034746253,0.24530047,0.10430165,-0.072942376,0.1457626,0.021646012,0.29704085,-0.09052798
0.22615413,0.21386462,-0.12904085,0.0009118933,0.16741347,0.29122096,0.2844673,0.083662264,0.1855701,0.17733037,0.20525959,0.39744097,0.08829562,0.09760383,0.29764313,0.17966554,0.50284815,-0.023614295
0.14720812,0.2879969,-0.05375492,0.17387909,0.26117772,0.28906602,0.3229787,0.2994059,0.26861814,0.18572748,0.0065218555,0.33969992,0.16966498,0.015915995,0.33705604,0.10667534,0.43477798,0.016636342
-0.0355809,0.31256264,-0.026275203,-0.0024367198,0.16097915,0.3080275,0.360112,0.114674896,0.36037958,0.24804777,0.12996462,0.4376419,0.14092642,0.27608746,0.4237105,0.22812286,0.4412085,-0.031006277
0.030292636,0.30249333,0.41023278,0.17736313,0.32305622,0.24617353,0.1261226,0.10919907,0.103269435,-0.1470106,0.044680428,-0.015552634,0.1215999,0.11954713,0.08659516,0.022783827,-0.08249323,0.24410154
0.009623289,0.13595802,-0.096302375,0.04232081,0.103185475,0.23709056,0.25093663,0.2766579,0.18319346,0.13722877,0.11278673,0.12296932,0.20808576,0.106343284,0.37426317,0.15255655,0.34840626,0.003763772
0.01662086,0.38099444,0.33973563,0.13365951,0.36320418,0.27315885,0.30288684,0.34268877,0.1496854,0.17894767,0.08604121,0.17366803,0.31528562,0.25962046,0.30017406,0.16683131,0.14164466,0.15986028
0.0840528,0.3295356,0.1648807,0.08650853,0.37503153,0.37384617,0.32272518,0.40360403,0.21065861,0.27862304,0.17500475,0.28550497,0.2833538,0.13261002,0.17818221,0.1536988,0.20283884,0.13904352
0.41947675,0.40652782,0.42917794,0.3233968,0.3806761,0.35291535,0.32145637,0.089715526,0.23853126,-0.052480035,0.10847946,0.07170349,0.24554195,0.28937036,0.2015897,0.12501356,-0.012773123,0.2927281
0.04771825,0.25526425,0.22657833,0.13192746,0.23316693,0.2854818,0.3458973,0.08351196,-0.014385554,0.09568538,0.33202466,0.13575765,0.20370865,0.27325344,0.13677268,0.18897778,0.24773091,0.3710458
0.23396538,0.54964423,0.22335678,0.07003932,0.50532037,0.4058193,0.40019807,0.43095714,0.24412487,0.2321254,-0.058295123,0.33999717,0.21828765,0.00712883,0.35289577,0.113110565,0.44693995,0.16854611
0.4030046,0.23722437,0.2768438,0.07138846,0.24938089,0.3984496,0.14642218,0.3329666,0.21068196,0.19333446,0.0286536,0.18571156,0.18831429,0.16531655,0.043450117,0.06082066,-0.015720535,-0.055182163
0.45411503,0.25084874,0.17042613,0.33316797,0.2792549,0.14837074,0.17227355,0.14847237,0.11612021,-0.08266969,0.05875865,-0.007233438,0.08453652,0.070996895,0.07879169,-0.025457256,0.080998,0.2320357
-0.16686215,0.07247563,0.23532279,0.261239,0.0076365396,0.13487723,0.13407254,0.0071173133,0.05634482,-0.02756226,0.15449435,0.11201992,0.0914702,0.3024629,-0.024710909,0.042723123,-0.046344467,0.18876985
-0.06221915,0.08333828,-0.07843232,0.34333438,0.007890337,0.11930181,0.034397796,0.09362693,0.15289073,0.022134682,-0.058814332,0.18188265,0.04011789,-0.12874644,-0.018736545,-0.038499914,0.0872173,-0.14291921
-0.018221509,0.26670143,0.12374712,-0.08681151,0.31561473,0.24378833,0.24463022,0.22476725,0.119336724,0.28733355,0.22861627,0.2359285,0.18504441,0.1580269,0.11942123,0.21916522,0.11012799,0.028100956
0.12990159,0.4319194,0.11623141,0.15516046,0.3915417,0.30944508,0.2815037,0.4451651,0.10472202,0.18861055,-0.050352015,0.28093147,0.22068684,-0.11548954,0.27288437,0.07674168,0.3898284,0.078787975
0.21860358,0.3132108,0.15263474,0.3322785,0.31183076,0.23623471,0.35972762,0.28875288,0.3336584,0.1278103,0.2684441,0.34164906,0.42645544,0.025263019,0.34295183,0.27246505,0.34632862,0.13334887
0.1491662,0.020876728,-0.22534099,-0.0031439874,-0.028640326,0.111086376,0.15910056,0.19534694,0.25778124,0.34368974,0.1632413,0.26712793,0.17104958,0.071137205,0.1576304,0.13677765,0.18531147,-0.18943992
0.40176827,0.0038249646,0.07992355,0.21556517,0.027279494,0.22314027,0.37475598,0.14959934,0.1731052,0.19692531,0.16593732,0.19287887,0.23630914,0.19238386,0.23906673,0.1848535,0.20646882,0.03609171
0.056777924,0.44708866,0.13868871,-0.06779963,0.28263494,0.45305866,0.3396328,0.15018763,0.18975434,0.2733074,0.14755094,0.5295789,0.23419398,0.13096203,0.3361935,0.24724245,0.43021172,0.01694556
0.214708,0.43146896,0.22138125,0.0464987,0.34560812,0.44072926,0.3444348,0.30509317,0.41769862,0.20554927,0.09595083,0.41439262,0.29343128,0.1416826,0.38136867,0.21940134,0.4094637,0.11817267
0.07279113,0.49242663,0.38696846,-0.09116097,0.48390543,0.5128195,0.38680753,0.35539895,0.23957069,0.1679197,0.11993175,0.27804965,0.26465818,0.39162624,0.39503706,0.20223454,0.26815808,0.24034168
-0.10161451,-0.016289135,-0.026276581,-0.1475123,-0.0033379747,0.030446244,-0.07608572,0.116546765,0.033496175,0.18505251,0.13986841,0.21444249,0.059425976,-0.10112693,-0.15812024,0.08895691,-0.102593444,-0.20206925
0.047490366,0.35693216,0.21980414,0.5094211,0.30424225,0.15656467,0.29712766,0.24133125,0.44917184,0.026226979,-0.046924993,0.14386499,0.19744372,0.0739643,0.15439624,0.011967395,0.020324327,0.20393687
-0.051885135,0.13019797,-0.0870601,-0.08042596,0.07589626,0.2151584,0.04008907,0.14814289,-0.035716638,0.090007186,0.19844857,0.25723195,-0.0040288987,-0.18599671,-0.08215588,0.059203103,0.20106915,-0.07576999
-0.055172503,0.1044693,-0.19178164,-0.1585702,0.09795263,0.26008233,0.0638281,0.18591544,0.07898627,0.15701726,0.24365018,0.37361163,0.026879895,-0.078576,0.13855642,0.064541616,0.3860221,-0.18157062
0.14130786,0.40607816,0.25643718,0.031248217,0.3924651,0.29389286,0.37123087,0.30961394,0.078283966,0.15377727,0.12287976,0.28291857,0.23942645,0.102342986,0.3120178,0.1616191,0.4537952,0.38617623
0.16122709,0.322863,0.03330615,-0.008144412,0.3135521,0.43759733,0.3649854,0.34559977,0.1790059,0.18705761,0.093410164,0.36980915,0.11383267,0.12322067,0.30378902,0.12572125,0.51465464,0.1264618
-0.034619108,0.47612217,0.149398,0.21568003,0.4057815,0.4431091,0.37244928,0.42831266,0.26706254,0.18041605,-0.032540403,0.3336653,0.26661167,0.100828186,0.417418,0.14736873,0.42913502,0.08635292
0.07103284,0.03062255,0.12262763,0.1522178,0.011437254,0.06585371,0.33239937,0.024943333,-0.042270128,0.1430591,0.28546435,0.17351016,0.13579524,0.19102998,0.09916168,0.14222768,0.25318742,0.31707162
-0.057165496,0.4047587,0.05239565,0.12457417,0.3615635,0.36525232,0.3445735,0.47321635,0.1369961,0.21389773,0.002830999,0.2789052,0.26422724,0.02788642,0.36836517,0.1351341,0.44641128,0.0877597
0.26745608,0.08870335,0.07012105,-0.104244485,0.20469353,0.17659825,0.05546104,0.2744044,0.22959647,0.23449625,-0.059026465,0.08445217,0.056272842,0.21686807,0.005052038,0.08599391,0.025776107,-0.12476298
0.094589956,0.47804928,0.14293243,0.207367,0.43523064,0.45210904,0.3850497,0.34988743,0.23800412,0.1526837,0.09772658,0.34321046,0.3095096,0.0161936,0.3463032,0.13570175,0.38716558,0.1914103
0.17383116,0.11295177,0.4004859,0.32066756,0.1761428,0.20176098,0.21092886,0.13836852,0.28035057,-0.11375302,0.025029717,-0.006055461,0.1782642,0.19886631,0.09456052,0.055811025,-0.015584819,0.35558006
-0.17135242,0.1768808,0.033397593,0.020085542,0.045642346,0.27582258,0.048747506,0.18577078,0.35318202,0.1434847,0.059679765,0.36677426,0.07461979,0.06483786,0.1347849,0.14393462,0.20511208,-0.23955405
0.33537555,-0.14552356,0.14324042,0.41020375,-0.10057771,-0.11489743,0.1374,-0.04466313,-0.07121769,-0.13888875,0.00928239,-0.17404228,0.0060428036,0.016073542,-0.08416732,-0.11662077,-0.12868714,0.30081746
-0.07339786,0.16389284,-0.059027504,0.12370561,0.14895342,0.264513,0.15842569,0.09261714,-0.13364999,0.11358541,0.12146272,0.0725659,0.1009041,-0.109522656,0.015806036,0.12142719,0.17554459,-0.122628175
0.07343499,0.40770632,0.27760714,0.082714915,0.31843328,0.22662833,0.31965214,0.2077569,0.09285629,0.1724002,0.11029114,0.21635002,0.27656695,0.05044865,0.27461964,0.2038253,0.366413,0.21195209
0.13620363,0.2508938,0.07869229,0.17888844,0.19171351,0.2897001,0.35817492,0.23120987,0.07205222,0.120836906,0.017358525,0.16481265,0.19356912,0.13400707,0.19008645,0.04500681,0.24163085,0.014631011
0.149652,0.12515573,-0.0060409,0.119476095,0.12328392,0.27756888,0.20283416,0.29880226,0.2753051,0.17121337,-0.028800115,0.25639015,0.16460979,0.013700336,0.26320562,0.04037237,0.32070664,-0.12501863
-0.008259128,0.32313025,-0.022634929,0.051625073,0.32939625,0.2343139,0.22732304,0.4786728,0.1916658,0.2685786,-0.047805224,0.37277034,0.1511867,-0.041064236,0.24079847,0.08841534,0.411658,-0.08809209
0.45167756,0.1882949,0.27640265,0.44070718,0.19551241,0.100895405,0.107811034,0.109675676,0.27577987,-0.10855021,-0.06852724,-0.090116695,0.018894717,0.0707601,-0.0013951086,-0.056841716,-0.14966725,0.0905918
-0.058135312,0.28624704,-0.13975579,-0.1635857,0.2030734,0.25976384,0.13248321,0.148316,0.15268072,0.21703851,0.110667184,0.37631822,0.05018555,-0.14327131,0.23906289,0.17106763,0.38389742,-0.21759865
0.14430359,0.22195584,-0.03609039,0.061564762,0.16413756,0.29754108,0.29906347,0.2696433,0.13437358,0.26345897,0.12536228,0.46479934,0.19883627,0.12917832,0.27378857,0.15327425,0.48960105,0.029201956
0.06369915,0.22163698,0.12559175,0.12922049,0.095653914,0.2937318,0.3368544,0.18520129,0.27610934,0.21921693,0.24663797,0.28848574,0.31612462,0.37291878,0.28435522,0.22047302,0.16316123,0.06135547
0.0441584,0.20108697,0.1507034,0.44037983,0.1377643,0.09685752,0.13269292,0.076272815,0.061890773,-0.101306014,0.071165085,0.08984542,0.17459825,-0.030794032,0.042331852,0.0018482942,0.10808182,0.3158093
0.123792574,0.45243868,0.19249117,-0.1388734,0.42343023,0.53799975,0.29830468,0.3427336,0.20747887,0.27757293,0.15904546,0.2667426,0.21346605,0.3057244,0.21358612,0.13544738,0.13703115,0.002460063
0.46259958,0.43679017,0.33688408,0.2640859,0.35551387,0.39578462,0.37437648,0.21184862,0.31982195,0.10118481,0.07085785,0.1755346,0.25617218,0.1755791,0.26850653,0.1975182,0.16986972,0.05411801
0.1910902,0.2149354,0.16235101,0.4787832,0.2682678,0.051144127,0.13723037,0.10830872,-0.034805972,-0.12064551,-0.011329164,-0.18998656,0.10628097,-0.17290059,-0.08353311,-0.055391826,-0.090713866,0.2266235
-0.009293206,0.23543864,-0.19923092,-0.06115403,0.123342775,0.2777895,0.28033233,0.06801383,0.18053292,0.2852665,0.13586757,0.30171674,0.0811266,0.14956135,0.18381035,0.19376615,0.23216444,-0.15580827
0.07355833,0.05603859,-0.12049911,-0.059886962,-0.04824421,0.10769835,0.179436,0.13734801,0.28337783,0.25633287,0.09535515,0.56660974,0.11004173,0.06310538,0.2373842,0.19265184,0.42020687,-0.054462634
0.12432775,0.47932377,0.114698894,0.068387106,0.45629585,0.38990226,0.39856082,0.40861782,0.17793453,0.30139562,0.04011125,0.34887743,0.2832772,0.05908481,0.34243596,0.18247297,0.3863153,0.08633095
0.2901638,-0.0685925,0.0866873,0.14696394,-0.08862117,0.10100642,0.35523212,-0.14146966,-0.024754617,0.01624841,0.27481282,-0.018909164,0.10786387,0.25665087,0.13448082,0.12899125,0.10000649,0.26510173
-0.12330796,0.24256909,-0.09091694,-0.14752862,0.18934236,0.33475077,0.3213796,0.32072014,0.19037867,0.22319448,0.0951806,0.29289666,0.11108558,0.13647786,0.46930167,0.08509897,0.43240377,-0.05628818
0.034216918,0.13395403,0.24158803,0.37779313,0.053661183,0.068372354,0.12828285,0.2115118,0.19106928,-0.03458911,-0.09681089,0.06199239,0.15110886,0.05525294,0.109251276,-0.087167755,-0.09636818,0.20850676
0.24677427,0.17119923,-0.09124996,0.12879452,0.20073833,0.32560194,0.2895646,0.15683948,0.08214681,0.12384191,0.1638199,0.1070824,0.1671383,0.0057633906,0.21720129,0.14535335,0.27063063,-0.13673714
-0.0019293036,0.43089977,0.1965366,0.093036175,0.33543497,0.4192199,0.22257578,0.37945765,0.19472569,0.18588176,-0.01723513,0.32067776,0.18903278,0.075788334,0.24003884,0.04434283,0.28921524,0.031762064
-0.0041643195,-0.17231822,-0.03491192,0.11888083,-0.17415324,0.077745184,0.17708647,-0.061964326,-0.082488015,0.0795372,0.19221218,0.08353688,0.035404272,0.105745435,0.04717736,0.10479613,0.07331825,-0.0722479
0.31861174,-0.037670553,-0.116196185,0.04584453,-0.011209214,0.13911283,0.1461496,0.11922584,-0.075136036,0.10688019,0.12635463,0.0836525,0.06531714,0.038811646,0.08863577,0.020728227,0.23988444,-0.05394903
0.34812343,0.26109636,0.20745966,0.42838335,0.2969132,0.11373003,0.11034492,0.19790758,0.121602505,-0.12717073,-0.047572926,-0.11438614,0.14181182,-0.16949473,0.037338417,-0.01854603,-0.021684047,0.11833477
-0.078069516,0.36342618,0.061855055,0.071775705,0.2335932,0.3938483,0.19152322,0.3885579,0.2881808,0.17551485,0.032931916,0.35778493,0.18046424,0.11789955,0.33819425,0.107720405,0.36900628,-0.029766046
0.08021253,0.3682623,0.10936579,0.0012709666,0.31558383,0.26982558,0.22010255,0.21918844,0.2914864,0.24517125,0.024981605,0.23584375,0.17587855,0.31306306,0.18749665,0.09908507,0.09211375,-0.011554814
-0.1204463,-0.16735843,-0.17843232,-0.010903731,-0.25353372,0.08906823,-0.13558128,0.12177875,0.15097123,0.16247839,-0.024354225,0.2983411,-0.020598646,-0.086773604,-0.027041432,0.039315864,0.08444558,-0.3560249
0.27970544,0.123827204,-0.010644106,0.43163973,0.11327969,0.14557076,0.27994493,0.07551935,0.25905657,0.008631006,-0.004811016,-0.020459553,0.15547368,0.06260499,0.08452225,0.007914899,-0.0015636622,0.034363545
0.1291482,0.052003115,-0.025242884,-0.020340754,0.029316535,0.19330445,0.23557481,0.19600701,0.2902899,0.29751414,0.26603383,0.26602983,0.31246102,0.08067177,0.0698542,0.24267611,0.023031037,-0.055740144
0.160772,0.22190082,0.03958581,0.21327475,0.26636085,0.20459774,0.09969677,0.3055334,0.16018726,0.09841668,-0.09173085,0.20799938,0.17112198,-0.11768319,0.14817217,0.11310322,0.2905253,-0.053897146
0.35173053,-0.13119847,-0.0098272655,-0.011596639,-0.015388698,0.022659343,-0.031497523,0.008165984,0.14014053,0.0034026657,0.18259697,-0.046251036,0.03422463,0.07661669,-0.06394973,0.039580047,-0.061916187,0.0016017104
0.033669658,0.31681645,-0.12967376,-0.1031971,0.31808537,0.32726005,0.23264974,0.35343707,0.2393859,0.30806786,0.13269609,0.41700053,0.16522256,-0.02836754,0.33617818,0.19545278,0.468881,-0.15223415
0.17703542,0.28116697,0.15396601,0.18486069,0.25461534,0.32955825,0.25623584,0.34311217,0.25613102,0.21569875,-0.00022023171,0.18790346,0.2028982,0.26400763,0.15657043,0.032031313,0.11456932,0.034718927
-0.03986758,0.04804384,-0.14781953,-0.09637235,-0.013472036,0.15633765,0.29659027,0.11273135,0.059890673,0.14804387,0.15428509,0.30563438,0.017566815,0.15012002,0.36704525,0.08506827,0.5022172,0.07867442
0.014089266,0.4336431,0.15290728,0.116601706,0.40865773,0.4469968,0.3087734,0.30048776,0.11951267,0.13860881,0.08806116,0.16661188,0.16345552,0.051582694,0.27586603,0.16238725,0.31995368,-0.036970273
0.16070296,0.3164882,0.32450217,0.26626664,0.3136591,0.24611166,0.39055666,0.028877176,0.040443916,-0.07935613,0.16485724,-0.048789583,0.19314492,0.23654705,0.1914253,0.13353428,0.17090513,0.3670776
-0.0950278,0.19175395,0.05203732,-0.035207674,0.1870898,0.26825094,0.08197558,0.15236092,0.075690925,0.13618189,0.12438868,0.16796497,0.08028656,-0.09926924,0.09327628,0.13571632,0.1566065,-0.16033016
-0.04461422,0.3260609,0.2425898,0.047694772,0.1853901,0.30595267,0.11225397,0.22825977,0.21402758,0.071960576,-0.01879463,0.31197855,0.1806575,-0.02938914,0.18946941,0.049266707,0.17859192,-0.015813451
0.16275397,0.3706085,0.440553,0.22705081,0.35526454,0.34431028,0.21496728,0.32709503,0.24992491,0.032481376,-0.0049511017,0.2585692,0.25446522,0.122446634,0.1977012,0.05777572,0.18983524,0.40554625
0.29452163,0.27277923,0.03298741,0.30969438,0.2273137,0.236985,0.2113137,0.21646705,0.10019811,0.13417055,0.016102724,0.10445048,0.15108307,0.08297645,0.08703101,0.048049867,0.1537933,-0.04875353
0.043699145,-0.1415362,-0.1838404,-0.23052168,-0.19435742,-0.001672551,0.032309085,0.14069518,0.23041059,0.19031742,0.12060116,0.23334527,0.08527203,0.058361277,0.20601407,0.100806445,0.110359475,-0.12118113
0.4479781,0.32224,0.4037589,-0.030698664,0.35722262,0.26427165,0.19458088,0.3351527,0.1442909,0.18503597,0.18409336,0.18058163,0.17500982,0.17911834,0.118606016,0.14162436,0.12969427,0.29463333
0.33972228,0.12986578,-0.083488,0.49975795,0.08484436,0.0567693,0.14751878,-0.024523105,0.03985738,-0.12039812,0.019854859,-0.103109494,-0.014711697,-0.11894341,-0.06994796,-0.120406955,-0.03964359,0.06674081
0.07868369,0.07036597,-0.0014820842,0.005548139,0.100855246,0.2759397,0.11287589,0.31714213,0.25453854,0.28265652,-0.01654592,0.17641611,0.19950344,0.05545306,0.14249825,0.16852963,0.14058259,-0.14449555
-0.08003859,-0.04474391,-0.09406799,-0.11411266,-0.06697607,0.2679507,0.046077956,0.03263411,-0.04163937,0.15541485,0.14362478,0.038248084,-0.12655303,0.2896434,-0.14376152,-0.008754041,-0.10613008,-0.23025998
0.26547343,-0.28050345,0.05886401,0.41867483,-0.26224142,-0.093629345,0.08441732,-0.1340583,-0.108705066,-0.10013394,0.05376762,-0.17756188,0.04512302,-0.010691265,-0.14862847,-0.061227445,-0.26382995,0.21267879
-0.07703487,0.20105278,-0.05120549,0.08706668,0.1338228,0.2837547,0.24281439,0.276926,0.043192882,0.20124352,0.104027286,0.24260283,0.14389125,0.069846034,0.21259919,0.10435873,0.28805575,-0.100305974
-0.078101814,0.291642,0.056781188,-0.11571815,0.21514565,0.24758708,0.15249515,0.3168267,0.09304531,0.2854348,0.1337399,0.38564596,0.1290268,-0.0993935,0.068087146,0.12394641,0.18523493,-0.13091287
0.10183422,0.44864726,0.0088579105,-0.01115686,0.45936552,0.3855254,0.286453,0.22565857,0.23797473,0.17465416,0.17849427,0.23707539,0.10592173,0.23167056,0.281888,0.15897773,0.26647192,-0.027362408
0.2768423,-0.015387604,-0.1061316,0.29443318,-0.03182205,0.10125649,0.22455825,0.12649027,0.3082468,0.17759809,0.11110172,0.21444002,0.23199016,0.055810314,0.12279214,0.14144434,0.13204503,-0.08641559
0.030579941,0.43525642,0.092398226,0.16536027,0.3820517,0.3590656,0.2834192,0.4537353,0.10975113,0.20514679,-0.018948577,0.26548904,0.24168064,-0.04492878,0.25143093,0.091454044,0.33869472,0.041711885
0.34908307,0.28678513,0.116932474,0.19346993,0.23735675,0.362986,0.19619149,0.24623343,0.12503022,0.111197606,0.011956594,0.18146303,0.13477246,0.048147745,0.16265619,0.09624311,0.23142669,-0.096320525
0.16578358,0.4424184,0.15009543,0.30121833,0.43542364,0.36423022,0.33141735,0.21931133,0.17803982,0.08680189,0.1379701,0.09588707,0.30740222,0.056433495,0.14146325,0.18441346,0.1998462,0.05645632
-0.029318081,0.37498313,0.26379672,0.0738994,0.28647682,0.3776433,0.21793851,0.3038119,0.25585303,0.10753696,-0.077397436,0.33658648,0.1895383,0.09841615,0.29992503,0.06234242,0.27604303,-0.027752858
-0.0039955704,0.31656247,-0.03155781,-0.16497792,0.31384093,0.31835142,0.2565888,0.27290553,0.20148271,0.33628184,0.04218591,0.22501796,0.108880155,0.20972192,0.21485388,0.14167286,0.18108733,-0.06199107
0.23765312,0.06790122,-0.12666681,-0.09947321,-0.054274358,0.098095834,0.102132715,0.09625393,0.08401866,0.2652127,0.1259149,0.44655395,0.056656025,-0.025092829,0.07088684,0.0767238,0.2626871,-0.07517774
0.4988816,-0.121796235,0.06393869,0.19906473,-0.08261378,0.024945246,0.12068673,0.006364252,0.019398384,-0.093191996,0.09461262,-0.15557158,0.0975126,-0.02259165,-0.012029277,0.019578002,-0.115293115,0.033221733
0.28598094,0.35900968,0.2571332,0.4534486,0.27104515,0.13647465,0.18316701,0.21396753,0.23045105,-0.006780214,-0.093547694,0.15223019,0.13894075,0.13641748,0.07168333,-0.07622586,0.0015462448,0.20834917
0.17696688,0.31435585,0.05588926,0.15845126,0.35139412,0.5033316,0.33803016,0.2501957,0.08739958,0.16526084,0.041742273,0.16110939,0.16526681,0.034754813,0.2515607,0.13572103,0.37260282,-0.005324735
0.066174045,0.30975324,0.07908642,0.04314147,0.32947755,0.3228871,0.2633611,0.4696859,0.27957743,0.16278896,0.05470175,0.31927687,0.24881348,-0.09453034,0.35693884,0.11881205,0.44219357,0.036042143
0.27270412,0.41496322,0.2841765,0.043775577,0.5055779,0.2465513,0.32013676,0.4864819,0.31987157,0.15562794,0.15078405,0.19749402,0.31365693,0.06268431,0.3530203,0.19233751,0.33049425,0.2653346
0.10387348,0.18593259,0.28548136,0.18455489,0.1728251,0.15678951,0.29483658,0.1971242,0.2586053,0.11954331,-0.06085414,0.11861904,0.19832079,0.21267572,0.25269848,0.038092963,0.092214614,0.11211036
0.021570142,0.4690678,0.22316453,0.060179483,0.44141486,0.40278387,0.42241377,0.4082557,0.12842298,0.22696196,-0.049457055,0.3543393,0.23574767,0.09388829,0.3377543,0.13695607,0.41996592,0.16295384
0.36267996,0.099560164,0.32707062,0.041507654,0.05885084,0.120510645,0.15336092,0.06548377,0.22025305,0.13186082,0.129501,0.20949252,0.13951331,0.21399269,0.047599256,0.12096287,-0.029848643,0.16568086
0.12193317,0.14375776,0.030260675,0.107493326,0.15175095,0.22662818,0.096612364,0.36949527,0.224377,0.25927392,0.054825533,0.24753353,0.22363514,-0.061277088,0.015701802,0.056126777,0.10316635,-0.19813028
0.34464002,0.18325377,0.30757266,0.034624856,0.19273233,0.21536711,0.16974974,0.22985986,0.22757038,0.21107411,0.03904526,0.26530313,0.14972779,0.20088978,0.120775074,0.13243559,0.11379211,0.14155114
0.39260677,0.22850393,0.19327217,0.48754227,0.21843229,0.10835022,0.19026126,0.107308745,0.292567,-0.06865452,-0.07470777,-0.044891357,0.07148622,-0.03456823,0.013484815,-0.06794318,-0.09642467,0.12598678
0.07059601,0.08296442,-0.022098634,0.2904169,0.11312683,0.13112746,0.06735331,0.25315687,0.3317577,0.10605022,-0.045315735,0.29919177,0.12450577,-0.080513075,0.08687946,0.033572353,0.17880696,-0.12808812
0.19500789,0.15807599,0.08002515,0.11626233,0.20433336,0.28959143,0.23147634,0.28072533,0.22258359,0.26327115,0.15925321,0.18866482,0.30165476,0.14258,0.19904026,0.20242995,0.17841455,-0.13675666
0.46207118,-0.19129059,0.005539563,0.26122555,-0.13561314,-0.03859636,0.09331979,0.08761378,0.14871843,0.030307744,0.06486809,-0.04251167,0.19046248,-0.07090025,0.049024083,0.10421338,0.0013060858,-0.08302158
-0.057840325,-0.03143715,0.21538883,0.451213,-0.030202875,0.18075694,0.14655174,-0.10080937,-0.07000983,-0.15122518,0.15028763,-0.02319333,0.10933606,-0.038817726,-0.14032781,0.032649435,-0.052112795,0.34393603
0.2904177,0.19061509,0.40074754,0.5246407,0.15348105,0.041395254,0.16504127,0.18283111,0.23200566,-0.015908744,-0.14730662,0.02166661,0.17779404,0.12300748,0.08815717,-0.03426814,-0.09958047,0.27136803
0.034355402,0.41452608,0.15282308,-0.14029726,0.39291763,0.42134613,0.40982842,0.49742824,0.25093204,0.33882356,0.054274786,0.4335668,0.24952878,0.19129819,0.32304978,0.16761063,0.36894208,0.077487975
-0.115065314,-0.18462613,0.014520462,-0.10284136,-0.15647757,0.12181859,-0.09507966,0.24260464,0.13311975,0.18169694,0.044560768,0.21753404,-0.018280983,0.08746952,-0.017732508,0.026814908,0.0050917845,-0.27909768
0.36403233,0.08640312,0.24119695,0.008282044,0.20312639,0.16156423,0.060625967,0.14918019,0.17770228,0.15293312,0.08933003,0.09674528,0.08461295,0.063015416,-0.022393495,0.12192033,0.04424326,0.07377915
0.0049422774,0.31759903,0.028027061,-0.15712515,0.39702994,0.23355162,0.2074292,0.24033563,0.025091998,0.25262928,0.09208754,0.10612776,0.097492225,0.13788687,0.23841968,0.16396224,0.23725846,-0.0013150708
0.09921467,0.20870316,0.19088261,0.10480885,0.25907308,0.24220881,0.33811438,0.41045237,0.2444846,0.278934,0.21476229,0.23695654,0.3208045,0.1941553,0.1996395,0.16204399,0.1506107,0.12843585
0.04849227,0.16062273,-0.093711525,0.1030697,0.110271186,0.16555183,0.2821704,0.23780528,0.12815814,0.24772121,0.12646276,0.39052486,0.192034,0.08295509,0.24777931,0.14689492,0.42098284,0.0037057376
0.042396206,0.3579367,0.026587088,0.011352334,0.30147475,0.37145936,0.3740173,0.385055,0.22720566,0.2798717,0.10345398,0.4453746,0.25666037,0.009454624,0.42907125,0.17454565,0.5155107,-0.022643432
0.13774198,0.012400828,0.19046322,0.006434059,0.06724505,0.26673654,0.028609097,0.072908096,0.08303484,-0.017490592,0.14148493,0.12981983,-0.0086778775,-0.070046216,-0.14791512,0.06503223,0.07240219,-0.022467054
-0.0065777423,-0.26288998,-0.34583282,-0.16219632,-0.291714,0.0108543895,-0.06881414,-0.05320532,0.10151265,0.062732324,0.11384885,0.13121715,-0.04790586,0.015060142,0.061274555,-0.013115924,0.060161505,-0.27356505
0.011297425,0.3335021,-0.043160815,-0.024838677,0.34353635,0.13295272,0.28958434,0.2136342,0.47719395,0.24360192,0.20714706,0.36286485,0.21340267,0.13094069,0.4343294,0.28373975,0.42669433,-0.09552672
0.036531862,0.30475575,-0.005812248,-0.01866591,0.27185747,0.3560573,0.3472196,0.47661194,0.38594985,0.31960428,0.01986,0.3895116,0.21436866,0.19561912,0.4295008,0.16140655,0.48002297,0.02979784
0.014050532,0.15434417,-0.107111394,-0.051359978,0.14335416,0.32598597,0.113683015,0.405617,0.0477677,0.22243604,-0.06288177,0.3132488,0.027381044,-0.09560725,0.058758788,-0.006648372,0.28764796,-0.17029405
0.03767348,0.3046208,0.06406586,-0.019258957,0.16377947,0.16100082,0.031579487,0.23015481,0.20948571,0.14611319,-0.04083862,0.3912922,0.068230495,-0.015559902,0.111159354,0.04357134,0.22598287,-0.05307187
0.23801036,0.5153936,0.25399914,0.0818831,0.44279766,0.5071633,0.38748962,0.48185784,0.2751037,0.21998668,0.059346654,0.30866474,0.3271588,0.13350669,0.35886094,0.120637104,0.35562545,0.121799804
0.1474933,0.16162984,-0.028550746,0.32398778,0.13182297,0.17398062,0.3173572,0.039733253,-0.011573928,0.03240069,0.18257165,-0.044884734,0.19246715,0.04578246,0.06952786,0.12789556,0.031700056,0.048551224
0.039518762,0.4135278,0.43438825,0.3463409,0.37112504,0.30027327,0.32495636,0.26402423,0.073078975,0.027622286,0.041290563,0.22660655,0.32962102,-0.026050916,0.21645415,0.10526346,0.25335407,0.47663635
0.36821002,0.3845505,0.0645801,0.043559853,0.40478027,0.36056134,0.27374786,0.3811515,0.12657088,0.31166828,0.03905703,0.25188243,0.22862509,-0.041537866,0.24248789,0.14787099,0.32758355,-0.08736272
0.16322422,0.011023311,0.063505635,0.013103545,0.13570951,0.11162101,-0.031080075,0.14081907,0.08586261,0.109881416,-0.039489947,0.022989199,0.03883428,0.097597264,-0.056673404,-0.037784647,-0.065730736,-0.15624228
-0.04730788,0.28297552,-0.014948754,-0.08886412,0.2637324,0.27096182,0.28592974,0.5137931,0.28525454,0.27985767,0.06390427,0.27891827,0.11484291,0.14139268,0.31922492,0.037289437,0.31068954,0.038748913
-0.050412357,0.31054878,0.014656908,0.500615,0.26422843,0.13788539,0.26554847,0.27789393,0.0828502,0.04115245,-0.0014717747,0.02658053,0.16272074,-0.092384994,0.14270005,-0.05555299,0.10384778,0.1606679
-0.016502453,0.075324245,0.10874145,0.017034875,0.1064388,0.15220961,-0.020484507,0.011051555,0.06688087,0.06814577,-0.089244284,-0.060651604,-0.026239749,0.2504047,-0.10610062,0.018813565,-0.19801185,-0.15702185
0.017786298,0.16907004,0.08831242,0.092911884,0.15775955,0.24896263,0.4603795,0.16612189,0.1153567,0.15857935,0.21669444,0.20521393,0.19677752,0.21651496,0.35524124,0.18958062,0.47081223,0.35192412
0.055162184,0.42504612,0.021067036,-0.07703552,0.44227916,0.3832119,0.21317933,0.20908085,0.100102924,0.20357646,0.06009614,0.12587963,0.08696341,0.13632238,0.17041156,0.088013776,0.14276013,-0.10651595
0.37023997,-0.0999781,-0.063801974,0.042446963,-0.08114484,0.0710406,0.069285445,0.17509982,0.026144652,0.20085455,0.15994956,-0.025757292,0.13700524,0.14697032,-0.019488815,0.10778801,-0.033290114,-0.07037148
0.30914497,0.33406228,0.22520413,0.30614322,0.366528,0.3912437,0.4055484,0.16614279,0.29667968,0.0755091,0.08278947,0.13488859,0.32151526,0.12636836,0.28619632,0.18975301,0.2106556,0.11452053
-0.051170405,0.36303174,0.18401161,0.04881006,0.25750706,0.3587814,0.17135295,0.2660642,0.20614865,0.110152036,0.18631172,0.29084593,0.2555313,0.0977695,0.23779806,0.17249599,0.19432494,-0.004493837
0.021938376,-0.07858555,-0.12860152,0.13998853,-0.093891986,0.15326667,0.2637376,0.21000616,0.072288185,0.14185604,0.12556621,0.20191234,0.16076317,-0.016912013,0.19410145,0.081864074,0.29227737,-0.029034946
-0.1043223,0.036539264,-0.05439759,-0.020865496,0.07560043,0.21160147,0.029477112,0.14217716,0.007976837,0.06759782,0.2061435,0.1475757,0.07150265,-0.29709816,-0.08969945,0.11181925,0.23352562,-0.13238236
0.37479496,0.38048828,0.15206316,0.46615526,0.279127,0.10417012,0.20246491,0.04251919,0.1985011,-0.066813506,-0.030553006,-0.07998122,0.04890568,0.10342362,0.048932534,-0.057211973,-0.094867095,0.14479305
0.22208674,-0.115383565,-0.19771537,-0.13407294,-0.12682319,0.14214335,0.0479486,-0.080880724,-0.05099395,0.19028825,0.048585832,0.01903693,0.00217502,0.105957374,-0.09848415,0.047584504,-0.10755511,-0.13610438
0.27923924,0.26354247,0.11584847,0.43593085,0.30393404,0.066268444,0.17708458,0.0851379,0.026013039,-0.16139716,0.061920516,-0.1310478,0.086988315,-0.121465646,0.059728324,-0.029380772,0.080913655,0.22600761
-0.014626799,0.23780014,0.3397053,0.08923079,0.35154796,0.21988262,0.30677545,0.18919559,0.024985753,0.07459952,0.14925385,0.083361864,0.26085708,0.091127,0.13264504,0.21319222,0.24767202,0.45233557
-0.01159705,0.4828399,0.2941378,0.10013255,0.40173143,0.36701196,0.43969804,0.4202459,0.24460638,0.19662273,0.13924487,0.22376807,0.35780323,0.26305503,0.31776452,0.20997328,0.23569818,0.1632886
0.3869865,0.26931036,0.16385183,0.36521155,0.25270286,0.10726878,0.15606697,0.21773787,0.09130895,-0.037743628,-0.060862795,0.13613555,0.12459396,-0.218068,0.12771375,0.0058791204,0.2686001,0.2097676
0.25284034,0.42972594,0.17325556,0.32973543,0.4170469,0.21318334,0.31826046,0.26969695,0.40475112,0.051366694,0.0034539006,0.24270645,0.18863785,0.13369712,0.28612635,0.096495986,0.25097185,0.30731893
0.18010646,0.060317792,-0.1744821,-0.018976245,0.079267785,0.21506825,0.15180185,0.107647955,0.08737424,0.2453619,0.0511644,-0.002822943,0.06229587,0.15763932,0.020589154,0.062891066,0.017504128,-0.19558497
0.25460684,0.3326432,0.094826065,0.123634994,0.33326262,0.3679752,0.27350786,0.3748958,0.20602384,0.26934877,0.029802663,0.28788143,0.26255277,-0.0012363214,0.22450805,0.08798048,0.28738827,-0.0909888
0.12871464,0.31828117,0.23234335,0.22102068,0.41878968,0.29880098,0.23877935,0.43922764,0.36602616,0.17236134,0.14845651,0.2681286,0.31195423,0.1573918,0.21686742,0.14777464,0.18468429,0.13133857
0.21056157,0.2175806,0.24223953,0.016410979,0.29676625,0.21260083,0.24707225,0.285411,0.00031514186,0.11677576,0.13581829,0.20868117,0.18118848,-0.0028895368,0.14737679,0.15950537,0.37233955,0.29880393
0.14514962,0.08104184,0.13209264,0.043054625,0.13440558,0.25092095,0.41615283,0.16846263,-0.024241844,0.16981995,0.19353998,0.07384868,0.16555437,0.31919414,0.1925187,0.09493546,0.22985567,0.33341905
0.28095907,0.09454654,-0.030322313,0.15047617,0.120025724,0.08399212,0.3063055,0.26783082,0.16074826,0.08870151,0.14378151,0.08373292,0.15554863,0.15450129,0.32738316,0.09572081,0.27805245,0.076841965
0.3994677,0.3675176,0.37585863,0.040001996,0.31351852,0.40637106,0.29649776,0.28838465,0.1566942,0.19870676,0.07030452,0.30600545,0.13857833,0.33260947,0.19547555,0.06639862,0.18145144,0.17047873
-0.06255038,0.37524706,-0.016852409,-0.070691496,0.303459,0.42236575,0.35271722,0.22426629,0.36842102,0.26245946,0.24075812,0.37613755,0.16766965,0.31270474,0.40822905,0.21783955,0.39010105,-0.1301066
0.16811346,0.33794734,0.018677657,0.272208,0.2673076,0.2422854,0.2739939,0.19505996,0.22272074,0.08339121,0.04764556,0.24364883,0.22169009,0.06997581,0.2630083,0.064969175,0.28365636,0.18164226
0.14409432,0.2042949,0.046512518,-0.13008815,0.1942096,0.40159613,0.10323955,0.3113364,0.10584733,0.28349367,0.025887031,0.18720008,0.05266887,0.12245814,-0.038027447,0.026407994,0.027442247,-0.13812345
0.16522199,0.32288778,0.2668835,0.14421704,0.35534093,0.3173228,0.11928673,0.2463806,0.3150057,0.05873055,-0.1083763,0.18427667,0.16052935,0.017478263,0.073497646,0.036816873,-0.004657752,0.073088095
0.16972083,0.013286357,0.12010354,0.46928874,0.01965104,-0.093449645,0.088915035,0.0395173,0.1326701,-0.16193634,0.008942042,0.04657589,-0.002817823,-0.0070256847,0.005899052,-0.10452745,-0.021066789,0.28896606
0.07622984,0.22785935,-0.033669516,0.30986524,0.23017712,0.29306498,0.2746284,0.11545238,0.13202119,0.049071558,0.09695735,0.07207447,0.21947218,0.090753496,0.16037956,0.10384612,0.18614855,0.05968877
0.17815036,0.29541075,0.1982393,0.04800172,0.20322324,0.38405386,0.3677281,0.42615357,0.2023142,0.3388279,0.14703344,0.3803293,0.33401975,0.13874003,0.16426502,0.20599496,0.23041567,0.11940519
0.25126544,-0.02585603,0.039604902,0.2014758,-0.028349131,-0.025400786,0.29361027,-0.042811144,0.12397147,-0.01956572,0.17141236,-0.045463853,0.18171129,0.09001049,0.27166042,0.09181349,0.15488476,0.15852623
0.05489293,-0.080807924,-0.21586673,-0.12260924,-0.1445023,-0.042634696,-0.055291414,-0.040875003,-0.05296695,0.23368105,0.11643201,0.23588814,0.037157685,-0.18170254,-0.06252588,0.11372565,0.060139187,-0.17589918
0.079486035,0.4093097,0.07102308,0.39125118,0.36613935,0.2270251,0.24282631,0.16536431,0.135806,-0.0036133276,-0.07689954,0.08166197,0.11740282,-0.09422293,0.14344105,-0.025598634,0.15616114,0.055620793
0.14940323,-0.076800466,0.02867883,0.075636506,-0.016548878,0.07886328,0.30463624,-0.047292866,0.06717801,0.044685118,0.30890167,0.08706859,0.12982598,0.27003413,0.25451165,0.1639077,0.2745874,0.19348086
0.044901296,0.49478438,0.113710135,-0.030700639,0.32142755,0.44062802,0.3741563,0.20919457,0.31774384,0.19866405,0.1351107,0.44141915,0.22231928,0.12098133,0.49349448,0.21944603,0.5344077,0.059163395
0.16584408,0.28429282,-0.058472097,0.11521894,0.24101189,0.32511377,0.29061157,0.30961287,0.18364508,0.22569412,0.08146863,0.33163077,0.17630093,-0.06718633,0.29446885,0.1173372,0.4148991,-0.14379066
0.079999104,0.44695893,0.18208753,0.005292369,0.35333794,0.4187477,0.18283552,0.27821445,0.21059686,0.19195744,0.10086682,0.28972816,0.21484765,0.15453054,0.18341665,0.17274058,0.13613607,-0.075938545
0.07989202,0.4325481,0.16411379,-0.11260599,0.3998755,0.41411424,0.3446133,0.40057552,0.30251876,0.25854155,0.09920171,0.32902643,0.2282055,0.31701922,0.39079118,0.1258872,0.35314736,0.20798829
0.1868886,0.30048338,0.20650062,0.36529842,0.32953694,0.16853225,0.22791949,0.16275363,0.11826101,-0.036173884,-0.05783148,-0.007904892,0.12166333,-0.04893498,0.07174577,0.0066121616,0.084481135,0.291005
0.346933,0.06817866,-0.08218076,0.11061166,0.11975683,0.134665,0.17172687,0.15192644,-0.049754582,0.11871129,0.112619355,0.04650013,0.11791306,-0.17159793,0.06877802,0.1030414,0.17905071,-0.18134937
0.31717598,0.010146857,-0.14615422,0.19694862,-0.0042837663,0.0852571,0.0665666,0.21994472,0.17717502,0.2115162,-0.03963817,0.226912,0.14305668,-0.10299016,0.04133603,-0.014038992,0.12251095,-0.19969839
0.04455574,0.31655985,0.086834446,-0.12774263,0.2715702,0.34016085,0.37937993,0.41231468,0.2501297,0.30615115,0.18293527,0.40084863,0.20885673,0.15865672,0.3329296,0.19708306,0.40992272,0.097428285
0.017099276,-0.09712944,-0.2282295,-0.037588015,-0.17084631,0.03829901,0.036231086,-0.053588018,0.1695652,0.16444246,0.03745842,0.20999244,-0.080945365,0.071403325,-0.06703346,0.06436747,-0.012026604,-0.28408802
0.014921559,0.2713552,0.16131566,0.3809808,0.17896909,0.1817219,0.1053767,0.19744503,0.2724545,-0.043572515,-0.035642274,0.17029288,0.1092785,0.11908631,0.082722805,-0.0007513771,0.03214579,0.0970097
0.2808582,0.30652568,0.3690642,0.3776276,0.23702133,0.18206638,0.21552429,0.3287205,0.23636079,0.06368902,-0.13516441,0.18532403,0.30160815,-0.03893429,0.27290124,0.07415244,0.1639905,0.20544204
0.3176222,0.08440019,0.11224352,0.32739216,0.12343991,-0.13986932,0.070146635,0.08662996,0.22297244,-0.10608384,-0.035763387,-0.13605618,-0.0039481567,-0.0690509,0.0055492837,-0.113417685,-0.14635326,0.22187604
0.21577485,0.19747749,0.045221925,0.53233504,0.13151275,0.10027258,0.14245549,0.2472046,0.2685556,0.017903611,-0.086132474,0.17283194,0.119428545,0.0022355057,0.07202943,-0.048358455,0.09133324,0.107173204
-0.15590243,-0.28633982,-0.027841432,-0.17392686,-0.30043852,-0.047981728,-0.07883307,-0.004974178,-0.018622188,0.15102017,0.2468267,0.020956967,0.009431697,0.13349408,-0.2806731,0.075435326,-0.3330664,-0.014709311
-0.07079167,0.089489356,-0.12338105,-0.1703678,0.014289302,0.22182477,0.01618937,0.25084752,0.036629524,0.21662042,0.10138549,0.19589107,-0.03543429,-0.017557979,-0.011478966,-0.033416368,0.11749932,-0.114568636
0.21002974,0.19223663,-0.035591193,-0.0139996605,0.26765773,0.22966525,0.09790677,0.21608087,0.2806661,0.25298402,0.1955499,0.26640376,0.21867685,0.06232231,0.155682,0.2512611,0.19358607,-0.1544227
0.41752386,-0.17504348,0.08447391,0.32639647,-0.12469458,-0.090699255,0.13313697,-0.058993235,-0.07442458,-0.09825806,0.06326768,-0.15920746,0.04352878,-0.051877826,-0.08728129,-0.019731045,-0.09051278,0.20965375
0.024629932,0.26187772,-0.09496401,-0.12484865,0.21335185,0.39519215,0.12962735,0.18341184,0.17616929,0.23950946,0.1144743,0.34514916,0.14105189,0.031910826,0.23686522,0.16956131,0.3078918,-0.1915447
0.17518859,0.34725916,0.012064282,-0.1150758,0.33697456,0.30401585,0.3487824,0.19704342,0.14476518,0.28765827,0.14302644,0.29764795,0.1448869,0.041957073,0.30992794,0.20028532,0.36830106,-0.06897226
0.16588329,0.5258985,0.13361129,0.33597055,0.46124405,0.42612553,0.40115938,0.26964176,0.2455279,0.15555829,0.04913283,0.1995937,0.26372594,0.052680302,0.2888425,0.19622746,0.275267,0.05828812
0.2731758,0.3632782,0.096368805,0.48767275,0.26695758,0.12929408,0.20655096,0.0805578,0.22965607,-0.052345827,-0.015619319,-0.011093184,0.078847304,0.091213636,0.09133944,-0.048398398,0.004244361,0.089758545
0.27289766,0.33509612,0.44281918,-0.0044997605,0.32652596,0.40708476,0.22338393,0.44392502,0.21853489,0.19087154,-0.062058963,0.29641306,0.28360602,0.14010854,0.24818528,0.14760232,0.22376245,0.24997075
0.07824536,0.15085042,-0.002556494,0.13092998,0.15211354,0.1812214,0.11227389,0.33414358,0.3281372,0.14449835,0.04276555,0.35919848,0.07585749,0.13577819,0.14280693,0.05332984,0.2635327,-0.11861187
0.16137561,0.42248654,0.07262094,0.12168853,0.36287206,0.39622432,0.38577104,0.23855653,0.105543725,0.1889199,0.092018664,0.24778643,0.23902737,0.082038105,0.29308432,0.20741805,0.32154533,-0.035102487
0.096684396,0.5734372,0.18820703,-0.052871607,0.4954431,0.50743663,0.41085836,0.4131751,0.25132984,0.21971615,0.13788301,0.41026852,0.27388474,0.062411197,0.45676982,0.22613174,0.5128599,0.102745086
0.044055298,-0.07130857,0.0077560483,0.005527907,-0.12868232,0.060360588,0.1548762,0.11268161,-0.019562274,0.2948767,0.041817866,0.27803642,0.2145752,-0.004288586,0.07027987,0.118287176,0.07896218,-0.0910106
0.03682308,0.41608244,0.06726074,-0.06494166,0.43901038,0.3235703,0.30649343,0.25986475,0.10217601,0.28835917,0.07600917,0.13352205,0.16300571,0.22547749,0.27184597,0.1586603,0.18696223,0.022815086
-0.070304796,-0.14497444,-0.29893506,-0.0879262,-0.0766076,0.007863673,-0.08873117,0.030535119,0.12068668,0.14419943,-0.071817264,0.24265209,-0.096550256,-0.20452763,-0.04493946,0.016016593,0.16100736,-0.3912559
-0.04818128,0.10720734,0.03666284,-0.03140814,0.10209254,0.3022949,0.20369759,0.29128325,0.122564554,0.23195714,0.26301974,0.119016975,0.095516264,0.4774686,0.025600972,0.0758495,-0.05305335,0.043275494
-0.03320412,0.3295369,-0.037789952,-0.12669806,0.29630306,0.28062397,0.09443003,0.33708808,0.18827826,0.16350436,0.0034822738,0.36957943,0.06576305,-0.027006697,0.17275709,0.0043680994,0.2540375,-0.09662306
0.40352052,-0.04433112,0.23402087,0.43780673,-0.076114595,-0.16247776,0.0936189,-0.07850841,0.21908914,-0.15365213,-0.066081464,-0.03751618,0.03383495,-0.009361541,-0.0024323058,-0.030837432,-0.11088243,0.28121957
0.06911212,0.28219017,0.022375615,0.20632187,0.1972699,0.36291897,0.3817773,0.29173565,0.18834901,0.09931008,0.1721487,0.2518425,0.21484768,0.13973543,0.3471539,0.08232998,0.37913382,0.11161969
0.2713383,0.36354712,0.23477307,0.12560245,0.4031796,0.25270182,0.3884852,0.17857549,0.21052222,0.080988415,0.21573353,0.1857033,0.24114777,0.16555692,0.31654787,0.2218494,0.4155988,0.30826625
0.42759857,0.0621332,0.10905123,0.18798123,0.04942882,0.20944795,0.3143803,0.26905352,0.26147425,0.2958396,0.258277,0.30943924,0.38908163,0.12729369,0.24279615,0.25809908,0.19529456,0.04476749
0.15102819,0.22336155,0.018151244,0.24224111,0.2747283,0.3296417,0.300979,0.13857634,0.19541515,0.10338004,0.19883184,0.2087192,0.25498316,0.13182642,0.20550445,0.18351156,0.27720457,0.08122341
0.038611017,0.4568283,0.22057614,0.10122786,0.38387716,0.39373416,0.364268,0.44570512,0.13982627,0.20431173,-0.0059951586,0.39483836,0.27642047,0.019888692,0.32539958,0.10468319,0.4242841,0.230525
-0.014385851,0.08550881,-0.0029232367,0.3386909,0.09714641,0.15648517,0.27851874,0.41451478,0.20212325,0.22697484,0.08218224,0.1842714,0.30064106,0.07360746,0.24087426,0.12387105,0.251988,-0.020725165
0.11692569,0.272876,0.18722005,-0.009589851,0.3031333,0.33917734,0.2193307,0.25037062,0.106512845,0.13907295,0.2134344,0.32450056,0.1601342,0.0104932785,0.13192573,0.17694211,0.3728872,0.17707656
0.44411296,0.14515142,0.3017931,0.5516458,0.11895861,0.026233738,0.1837973,0.07774493,0.31339997,-0.12080775,-0.014525797,0.008931143,0.15586025,-0.04628831,0.07317673,0.039503478,-0.023252435,0.19436091
-0.018398847,0.24519372,-0.07767622,-0.033432372,0.2332318,0.31677544,0.26212388,0.29828423,0.18890566,0.24986006,0.22388723,0.31940252,0.19286261,-0.0034836791,0.28714266,0.19931081,0.35077247,-0.15546519
0.38588613,0.2003589,0.11105726,0.19752863,0.21214688,0.27922967,0.2015205,0.33621857,0.40613925,0.14705192,0.06954974,0.3199009,0.2936986,-0.09906173,0.26680696,0.15123466,0.29538834,-0.029845132
0.26152474,-0.06655168,-0.0857718,0.10136792,-0.021260638,0.029182851,0.27428913,0.28117177,0.27913147,0.20646514,0.14382029,0.22613055,0.18561244,0.15001942,0.3372038,0.10773617,0.34983844,-0.019445186
0.04275784,-0.048059464,-0.0076067173,-0.13058227,-0.06690851,0.127267,-0.045366712,-0.040835112,0.12532765,0.11681335,0.04459425,0.13035163,-0.0069340207,0.29519868,0.015296407,0.079324484,-0.06368402,-0.24309504
-0.042642534,0.3814307,0.25548214,-0.08848092,0.2870257,0.3631075,0.19922754,0.37416947,0.14958942,0.2273002,0.003969713,0.49111778,0.18843544,-0.05775379,0.25284111,0.14056082,0.33597246,0.05564989
0.1254415,0.4813351,0.07436077,-0.068439886,0.48292753,0.555262,0.34178835,0.38522738,0.3148185,0.23604666,0.11476101,0.3842337,0.20571947,0.08964743,0.45768273,0.16300258,0.48772395,-0.03275923
0.042017944,-0.016005483,-0.08868865,0.019585278,-0.03160597,0.18216574,0.017289903,0.24135375,0.16468218,0.22189859,-0.07696359,0.20453507,0.04876499,0.022407355,0.0078055514,-0.037461367,0.105933435,-0.26142377
0.104138754,0.121887624,0.04324905,0.11789479,0.090697445,0.11369564,0.16176881,0.38523096,0.27584022,0.23441984,0.12813407,0.353895,0.30086112,0.0043156617,0.19407973,0.16863416,0.22173381,-0.011511901
0.061318614,-0.25606328,-0.19391085,-0.19593987,-0.25989318,0.0067866254,-0.14390136,-0.12123632,-0.044061676,0.116302475,0.14187397,0.0364427,-0.040696293,0.09803324,-0.094158426,0.0456382,-0.107344806,-0.3335876
0.27845955,0.1394706,0.14936139,0.45008624,0.12133539,0.04628846,0.14323084,0.12080647,0.15462169,-0.043377288,-0.051005196,-0.06281012,0.0776339,0.205327,0.04681986,-0.024744708,-0.025168948,0.25129718
-0.05999644,-0.02701614,0.020749949,0.021402188,-0.06596512,0.10596657,0.10899299,0.16028845,0.2834807,0.20959648,0.10264921,0.23695537,0.21152237,0.22147763,0.18706256,0.17504883,0.07899636,-0.16132389
0.13861264,0.22086953,0.01100371,0.303487,0.22585455,0.107520506,0.13549548,0.23591518,0.10943331,0.064117886,-0.022835635,0.05280627,0.10972825,0.041113287,0.07196051,0.013786925,0.0988701,-0.05332257
0.071011566,0.3109803,0.014701907,-0.049504936,0.25660163,0.33160484,0.3037731,0.4064715,0.28786346,0.2912563,0.1326957,0.35759312,0.2292598,0.19821852,0.36979014,0.16137439,0.398448,0.013349454
0.40333685,0.12674631,0.4576333,0.2546277,0.15084818,0.123043075,0.10866648,0.20243862,0.3150252,-0.026361596,-0.1399547,0.0046982924,0.16205935,0.16964324,0.06781462,-0.015276873,-0.16449243,0.28116667
0.04746843,-0.018951673,-0.25069153,0.013706531,-0.07090412,0.11092558,0.2342658,-0.11673209,-0.011172341,0.22463492,0.20049545,0.08041879,0.16039246,0.02033433,0.08459865,0.16541359,0.038332734,-0.072267585
-0.087341696,0.3684212,0.20558447,0.2210457,0.2668,0.29226434,0.38619637,0.29435587,0.009046628,0.088952675,-0.008972278,0.23104098,0.22583863,0.025204524,0.24533293,0.04238211,0.30115914,0.22622323
0.08373687,0.15409559,0.2486336,0.111583054,0.11162996,0.23478617,0.15978758,0.23005301,0.039982043,0.08675812,0.12493826,0.316979,0.19851777,-0.05445151,0.009274475,0.11121993,0.210277,0.17954251
0.42701137,0.35292152,0.2592178,0.00859175,0.32513207,0.3589999,0.42302546,0.20982842,0.16182601,0.14031768,0.060767528,0.1403349,0.17260155,0.22020379,0.4106292,0.13005994,0.34063762,0.19878885
0.021374999,0.047937263,-0.13210459,0.17027089,-0.033889607,0.17778468,0.2132775,0.12693778,0.17430577,0.23977347,0.1480672,0.417977,0.18314292,0.061051436,0.21296598,0.17403105,0.3415255,-0.16494668
0.3413723,-0.09775007,0.044176362,0.08508375,-0.045677662,-0.09349457,-0.044835873,-0.059175722,0.09019877,0.075785324,-0.031632688,0.036917422,0.014579799,-0.049856093,-0.087860614,0.023874974,-0.09194751,-0.08585569
0.0062896674,0.47404003,0.3114671,0.0683036,0.3265149,0.44914,0.38898778,0.21682721,0.21635304,0.21239048,0.0511053,0.35301697,0.25744754,0.19625705,0.3756202,0.17545348,0.31301922,0.06561071
0.04851795,0.33288342,0.2982797,-0.0074401107,0.36722076,0.27134272,0.286471,0.1568026,0.12436409,0.08933746,0.18091372,0.180875,0.21119158,0.18140453,0.19812644,0.24517423,0.34879458,0.37588203
0.059003714,0.29579258,0.06259559,0.24577239,0.28318328,0.26110232,0.21134976,0.41432998,0.28674206,0.12054185,-0.06466189,0.27697226,0.17591149,0.09227216,0.24704945,0.0567249,0.32125342,0.059596207
0.38649315,0.37061504,0.37486804,0.1836584,0.3730467,0.35940897,0.32520676,0.11664541,0.07782604,-0.06846665,0.12901236,-0.06952786,0.22653678,0.13358667,0.21200791,0.073381975,0.03845018,0.34710974
0.034269743,-0.066453755,-0.15779662,-0.09729506,-0.09099425,0.1092661,0.19429615,0.075839125,0.13927937,0.19935276,0.25134438,0.3063569,0.1629475,-0.14053887,0.117316246,0.22335982,0.2727566,-0.2204676
-0.017605111,0.26988596,0.13493563,-0.041909657,0.28834704,0.35926592,0.22877282,0.49359915,0.124560155,0.21948627,-0.04394849,0.37295422,0.17272818,-0.018478215,0.32022107,0.098590836,0.47084814,0.10502626
0.48054296,0.25322312,0.2627675,0.109928325,0.29232094,0.25579807,0.3634125,0.26051676,-0.038103323,0.1600104,0.19820799,0.10414728,0.1923978,0.14624172,0.13529477,0.16967368,0.3048262,0.32288712
0.01809438,-0.0033271536,-0.16092324,-0.21032271,0.012168794,0.06229863,0.20390195,0.33018562,0.11646191,0.23428534,0.21010873,0.11952266,0.103387564,0.27236825,0.29940647,0.09565597,0.24885684,0.07954158
0.037042208,0.31584293,0.05066809,0.2876144,0.2780046,0.28633273,0.23652917,0.2669205,0.1906892,0.059331004,-0.065821186,0.26007622,0.15698372,-0.094992176,0.15075155,-0.011512611,0.2461533,0.111227825
0.41655642,0.072206944,0.38396218,0.41368675,0.11849162,0.03849666,0.105212405,0.079581164,0.25753433,-0.09284644,-0.121152654,-0.1046585,0.07751833,0.15390353,0.016439736,-0.044429477,-0.20578423,0.24904391
0.075248465,0.54895973,0.2397781,0.19977498,0.46882403,0.4863308,0.45160705,0.39457124,0.20674497,0.20411956,-0.06680745,0.3656858,0.3195309,0.018173218,0.36898583,0.1452165,0.40686035,0.14902642
-0.032280456,0.4398225,0.29325247,0.24407235,0.41649753,0.3684733,0.24093132,0.33571,0.38322824,0.08976885,-0.035140038,0.34487703,0.20320407,0.1815936,0.26792324,0.09160459,0.20769322,0.17953487
0.07143043,0.23070568,0.16334668,0.0732176,0.25897723,0.33124357,0.22074547,0.4604474,0.32745457,0.26716006,-0.027503282,0.11274627,0.29575366,0.17212696,0.2510204,0.19825777,0.14170086,-0.07299839
0.14077207,0.29916894,0.32668108,0.102392465,0.36387748,0.36020315,0.3374281,0.25508314,0.032418147,0.112972245,0.114737704,0.18138418,0.17316121,0.17759848,0.15824516,0.122408375,0.3269753,0.42300504
0.13852635,0.37287462,0.13561338,0.3471328,0.41087818,0.2716443,0.26271898,0.39348,0.20737788,0.04893241,-0.03466315,0.13356052,0.18517336,-0.043202512,0.24978942,-0.006481428,0.25467226,0.11640935
0.20892182,0.27008152,0.12076682,0.16912481,0.3321128,0.3413301,0.28542086,0.16762555,0.35287052,0.099344924,0.08784062,0.18252383,0.20233208,0.04113832,0.26536524,0.17993462,0.2720375,-0.048116013
0.06983853,0.34044135,0.10686222,0.06517321,0.27975357,0.38809124,0.18548149,0.4019624,0.21131319,0.20611301,0.02596115,0.3314675,0.26488546,-0.029489707,0.32620895,0.13134292,0.3269634,-0.0012587206
0.2067231,0.24275735,0.025187118,0.44755018,0.20216617,0.102085225,0.18775845,0.31683338,0.29093426,0.07014152,-0.024543121,0.0916432,0.23707569,-0.14041808,0.1822772,0.008169183,0.11918843,-0.027122168
0.13785836,0.3958528,0.13992247,0.0054277033,0.43068564,0.48980883,0.39848524,0.29094213,0.2780832,0.23332307,0.1090776,0.3556785,0.27360392,0.15778944,0.4351294,0.25012302,0.50237346,0.093613245
-0.0062656663,0.4555582,0.14856118,0.14308798,0.38623053,0.41466573,0.4254266,0.31503493,0.26335406,0.18565857,0.043488964,0.44778514,0.23739642,0.16837138,0.36818868,0.18752643,0.43498832,0.15803537
-0.026847426,0.36625892,0.4316329,-0.02235182,0.3782974,0.3137359,0.29468572,0.25854445,0.3148485,0.07757015,0.14056163,0.26476586,0.20627344,0.4610843,0.31663254,0.18048647,0.18035267,0.20970027
0.06569573,0.35962576,0.109744675,0.45158646,0.3101517,0.2570793,0.32387394,0.19899988,0.18022797,0.038960095,-0.003627662,0.080155104,0.24257985,-0.009985952,0.223616,0.056479864,0.1725829,0.07241149
-0.11813569,-0.08181554,-0.00023402681,0.06920831,-0.054226268,0.07017653,0.028124489,-0.20152968,-0.08459598,-0.14417225,0.2090435,-0.16378248,-0.08723872,0.019218784,-0.19904076,0.07620227,-0.055885196,0.12712714
0.19428395,0.4195208,0.1648595,0.1022775,0.4042447,0.39177886,0.4013601,0.31609595,0.27671427,0.28348458,0.1351366,0.23225147,0.2837145,0.31450057,0.2886719,0.17000662,0.23291734,-0.0018033213
0.34070325,0.25615472,0.05290971,-0.0779525,0.25022632,0.25052345,0.16744184,0.14824787,0.2868994,0.19397101,0.13679123,0.28475532,0.124568984,0.11593795,0.1961607,0.14874747,0.26363912,-0.0059604254
0.4473079,0.044435948,0.13253635,0.3697877,0.07794735,0.09135647,0.13493711,0.026910504,-0.028038856,-0.15423065,-0.010890785,-0.21926522,0.013093955,-0.08469444,-0.08864051,-0.0875033,-0.1251197,0.13984823
0.01855774,0.049875528,0.1674025,0.062421076,0.07111058,0.21186861,0.22452787,-0.121895626,0.009883445,-0.013569215,0.3300786,0.06657973,0.097095534,0.125126,-0.08379403,0.15984371,0.07323071,0.22761568
0.49925005,-0.039081026,0.07065093,0.061775535,0.01763096,0.13574807,0.03691931,0.20111525,0.23204675,0.07395877,0.07899505,0.16127022,0.07055521,-0.10829161,0.045894943,0.07305977,0.18048057,-0.10488969
0.1288289,0.4497112,0.16969576,0.08222732,0.45416078,0.3820337,0.37873605,0.3634923,0.42831278,0.18419328,0.040505208,0.3446099,0.19708627,0.26470047,0.45239806,0.20299876,0.43202215,0.1223793
0.1598523,0.08642886,-0.081106655,-0.1055191,0.06314278,0.20958915,0.260454,0.106691316,0.105248526,0.27392995,0.29819423,0.4912436,0.15233062,-0.044855013,0.17930198,0.2490918,0.4824437,-0.03351396
0.4351144,0.048609406,-0.05357333,0.09425912,0.047504466,0.19764832,0.27485913,-0.0020791949,0.025871167,0.13784695,0.2420868,0.029984647,0.16850463,0.16056053,0.1317605,0.1455912,0.16067776,-0.022910269
0.04308542,-0.10345586,-0.1813744,-0.050472394,-0.101061106,0.062249105,0.22378615,-0.16502687,-0.14671087,0.009898688,0.19546527,-0.029966187,-0.004602867,0.0008415766,0.08492787,0.07673904,0.1047288,0.023942955
0.2946596,0.44173342,0.40387756,0.4066036,0.350783,0.20412809,0.38904172,0.18751612,0.28880057,-0.0048182067,-0.052246056,0.08508001,0.20780678,0.23244646,0.23847221,-0.011017018,0.020408895,0.42349613
-0.013874337,-0.35166487,0.029201388,0.17960474,-0.34692806,-0.049938064,-0.075190395,-0.14196074,-0.03822232,-0.008446878,0.24153697,-0.0646721,0.08706277,0.20902212,-0.22058916,0.03120714,-0.4019577,0.055164203
0.11432016,-0.057440884,0.03363113,-0.042999007,0.0760435,0.20861593,0.17562664,0.13929908,-0.075174555,0.09259193,0.16657537,-0.13777134,0.016203355,0.2659119,0.006311032,-0.0057626674,0.05685196,0.22100574
0.15730928,0.29417497,0.29072642,-0.028499788,0.33791125,0.30019525,0.30059645,0.34565264,0.24203786,0.18286034,0.1454916,0.21301019,0.21418256,0.11439735,0.31018972,0.2050809,0.3109041,0.2580017
-0.09836017,-0.26419422,-0.018971104,-0.01170947,-0.20653705,0.006415726,0.03052814,-0.17461598,-0.2417653,-0.10415818,0.22344145,-0.026746307,-0.1567,-0.11029315,-0.24390958,0.007939575,0.040643018,0.17168498
0.13269901,0.50539804,0.31643885,0.0997587,0.45310485,0.38952112,0.3775825,0.40077126,0.21805733,0.2036007,0.11136277,0.37490073,0.3454194,0.13827315,0.43771553,0.19789338,0.38738298,0.21344294
0.13193363,0.44239587,0.115533024,0.10446638,0.44517708,0.35268116,0.40232164,0.47927335,0.13314584,0.2615309,0.10466261,0.2397033,0.32179916,0.056003384,0.25330257,0.2003274,0.29714268,0.13600793
-0.062179945,0.05600431,0.045358807,-0.20825416,0.014337487,0.2981528,0.18339568,0.18399344,0.042057503,0.2916357,0.20770115,0.25405666,0.12260314,0.073405355,0.09249672,0.15759951,0.10038979,-0.09467574
0.015769761,0.46882778,0.2788607,-0.034605075,0.46163937,0.37642983,0.3330037,0.3055015,0.27636904,0.176958,0.15493707,0.29917067,0.24331301,0.0757025,0.41392708,0.20741084,0.39651784,0.09589796
-0.046070196,0.35486698,0.2510904,-0.08205606,0.36707795,0.37112626,0.098875046,0.14368254,0.13986218,0.104205295,0.10433404,0.13783677,0.057485018,0.3749007,0.07769569,0.14875183,-0.02140553,-0.0887633
0.17824829,0.065172225,0.23290779,0.1621759,0.040955707,0.17252584,0.3591401,-0.054681335,-0.012668986,-0.009479146,0.19039592,-0.056099713,0.19578308,0.295069,0.23363143,0.07626726,0.034837145,0.30073535
0.09500077,0.2558825,-0.053584013,0.011433482,0.19530553,0.2558086,0.40990335,0.28855386,0.25320217,0.32202515,0.20169333,0.3475178,0.29762647,0.09309788,0.40110222,0.26406056,0.4218125,-0.084714346
0.12370223,-0.010300216,-0.050800703,0.09420666,-0.033942018,0.13629116,0.27314046,0.109598696,0.24608037,0.19105285,0.09803344,0.21410523,0.20234695,0.08629338,0.23507452,0.1839897,0.18423802,-0.14308462
-0.03168154,0.1523647,0.011609754,-0.16240734,0.19436172,0.39307973,0.38524517,0.26313788,0.17766747,0.22989783,0.37733546,0.16343603,0.20969886,0.38796777,0.38806432,0.23179507,0.37511456,0.17945595
0.12699547,0.29176763,-0.04958824,0.25718713,0.2950837,0.19622181,0.27710295,0.25464445,0.09907293,0.11287758,0.003931744,0.22823499,0.16803889,-0.08156973,0.16667056,0.07120925,0.3225469,0.044029966
0.04158405,0.26592654,0.011685579,0.13462953,0.18307489,0.23807181,0.23255286,0.37793785,0.23454961,0.15243155,0.01114056,0.38468766,0.11079015,0.06295119,0.24438281,0.06193854,0.38841423,0.040013693
-0.003519958,0.4615569,0.18047047,0.069706276,0.34693176,0.32976472,0.37828392,0.3646611,0.26360315,0.22606951,0.07173733,0.39571586,0.31294218,0.24501309,0.5338248,0.19523361,0.49836472,0.13306302
0.40781426,0.030530812,-0.048667587,0.1397185,0.046459664,0.1835384,0.21510193,0.22775783,0.16657498,0.2566293,0.036685467,0.094417214,0.15904167,0.18361491,0.040125206,0.05072938,0.03792423,-0.107597925
0.01545673,0.30840012,0.28842765,-0.008156123,0.3358037,0.24922517,0.30134177,0.26757956,0.023538167,0.13756183,0.1683869,0.19491313,0.16459745,0.20945343,0.08070474,0.1087973,0.20289415,0.3914977
0.18094483,0.46038377,0.16492096,0.053439926,0.38947335,0.30741903,0.38141215,0.31098014,0.17112535,0.20987065,-0.011849673,0.34258437,0.12158567,0.105425954,0.29797903,0.092776,0.3883,0.16192003
0.18784615,0.17627463,-0.042063244,0.06731041,0.24173918,0.22622319,0.20035887,0.24409421,0.23473243,0.1052749,0.23295975,0.11538175,0.13546872,0.0045932196,0.11276132,0.13742036,0.28944755,-0.004660728
-0.22416005,-0.0029444813,-0.22604439,-0.13347512,-0.17736574,0.21245879,0.029787388,0.15287152,0.14422654,0.14605922,0.09417959,0.37566793,-0.024445206,-0.10702837,0.14886832,0.044057976,0.30663896,-0.27196142
0.3817088,0.3706178,0.40529096,0.24630682,0.29130492,0.2790766,0.21143422,0.21216685,0.31984514,-0.04753859,-0.031323347,0.11923964,0.20895444,0.119505495,0.24204779,0.02840111,0.08278436,0.19930562
-0.018173527,0.20069009,0.028170522,-0.24232367,0.3007771,0.34211087,0.21581271,0.30896294,0.13491523,0.2707078,0.26713473,0.24490869,0.10694515,0.29401457,0.18168616,0.17187813,0.19541802,-0.052523986
0.0010563713,0.06696312,0.11693521,0.14614378,0.15122837,0.16740799,0.21830946,0.07042804,-0.16040868,-0.027283119,0.17598124,0.014960662,0.05204711,0.03421822,0.030201819,0.08132506,0.25085756,0.24835087
0.23328073,0.35790265,0.025241915,0.31456953,0.31506303,0.32053706,0.21700916,0.263223,0.2788943,0.06646411,0.03356515,0.2289697,0.14794858,-0.0072267074,0.20028496,0.08354842,0.2759694,-0.055000577
0.022193821,-0.23249178,0.00760099,-0.019347241,-0.16432947,-0.0049550836,0.07563436,-0.23498534,-0.15551312,-0.10341616,0.26501423,-0.10079468,-0.042869136,0.053526737,-0.14929059,0.079899445,-0.009718437,0.17761934
0.017935455,0.4560347,0.41714597,-0.04360774,0.43895862,0.3890588,0.38722306,0.19350855,0.13883546,0.17061037,0.09655629,0.1738462,0.19724482,0.3628798,0.27228707,0.16390586,0.13508917,0.25336254
0.09802592,0.27057374,-0.031128248,0.09094337,0.2802077,0.2884711,0.3882368,0.34146652,0.063759744,0.33081937,0.034379326,0.16832212,0.19812985,0.15446523,0.28980157,0.09429862,0.27708578,-0.06038203
-0.034761712,0.22086562,0.25539523,0.1458207,0.18923819,0.22051612,0.15083104,0.23784372,0.057574004,0.055937454,-0.050026648,0.097114444,0.13474336,0.21303125,0.17548172,-0.04105998,0.10765717,0.12345521
0.18761817,-0.10584485,-0.14038506,0.07590033,-0.06673613,0.07072596,0.19829197,0.20459744,-0.048306882,0.15710019,0.18527988,0.08109473,0.050843082,-0.008361192,0.1370635,0.0377043,0.29781783,-0.052345708
0.19896238,0.5631188,0.35775313,0.097219944,0.5301512,0.525656,0.4730155,0.287144,0.34725976,0.22683626,0.119014956,0.4159922,0.3091918,0.33538383,0.36191973,0.25880373,0.3403474,0.17552
0.19672254,0.19322675,-0.0561843,0.45565063,0.1956827,0.092378035,0.15964341,0.0971446,0.24144706,-0.0003195468,-0.009273521,0.048818856,0.07142402,-0.023138609,0.03969712,-0.024378814,0.0697062,-0.0025712652
0.032484688,0.26223734,0.04464342,0.15058348,0.25745532,0.14721906,0.10835216,0.23755547,-0.008249604,0.08181682,-0.0230127,0.12503503,0.13687888,-0.19508447,0.061340045,-0.025744602,0.19322965,-0.110318474
-0.026166432,0.22548284,-0.046791226,-0.10046703,0.122810185,0.28147274,0.22592784,0.23788318,0.24698001,0.32029647,0.23776391,0.42054516,0.28716084,0.18092304,0.32902348,0.2772262,0.28829846,-0.119705886
0.043192185,0.21085478,0.2436473,-0.05332947,0.24925408,0.3118175,0.26946715,0.46826714,0.13309333,0.28045213,-0.13211846,0.29777285,0.20809788,0.09868607,0.19120497,0.104706794,0.2146891,0.17522514
0.44333065,0.4257719,0.3924355,0.15282816,0.41222763,0.40987062,0.41087535,0.27363724,0.24550122,0.11675242,0.21378082,0.19139895,0.35299295,0.18952894,0.36209768,0.21974945,0.26344275,0.35715002
0.4964152,0.20714855,0.37447983,0.30974102,0.18226804,0.1446659,0.13049376,0.11649461,0.31236276,-0.114442885,-0.07245096,0.040423755,0.11488039,0.11279328,0.08951705,-0.0025172306,-0.05221738,0.20502988
-0.054023497,0.38242346,0.04842579,-0.08073509,0.26486984,0.4431206,0.32140017,0.3119757,0.1683099,0.20811397,0.19107848,0.4557092,0.16676468,0.16088766,0.3471216,0.15207708,0.481314,0.053908255
0.16224414,0.3344361,0.010495188,0.11534247,0.307406,0.36471885,0.41259313,0.4235558,0.32285112,0.32578105,0.19458097,0.3768248,0.30160147,0.21099019,0.29122424,0.19100666,0.41068044,0.10877057
-0.06357317,0.2768597,0.0063082147,0.14119504,0.20954297,0.17693627,0.22323856,0.26423347,0.0863536,0.10303929,-0.012884795,0.2837133,0.088501275,0.06403609,0.28218985,0.037218325,0.42298478,0.08912779
0.14703503,0.28233808,0.33599505,0.20315331,0.26070386,0.30368388,0.15721896,0.3608028,0.24140295,0.07022783,-0.09355446,0.3476048,0.25318378,-0.06731571,0.18529359,0.053599656,0.23388845,0.29725033
-0.031045219,0.14262109,0.061969966,-0.058176145,0.15033416,0.15878807,0.1583299,0.25228187,0.28292173,0.22401898,0.1820403,0.09669922,0.14081681,0.28671205,0.22275019,0.16871583,0.1162498,-0.14773525
-3.4507364e-05,0.2699176,0.1227892,0.23718129,0.31888548,0.21517156,0.26702863,0.42251575,0.39050734,0.2217839,0.09008745,0.2512276,0.3257295,0.11064932,0.31870258,0.1697773,0.2235698,0.017987426
-0.19147739,-0.050982345,-0.35328716,-0.14148003,-0.049359675,-0.0061984966,-0.052475892,-0.103794254,-0.017835729,0.13035505,0.03873187,-0.03396847,-0.055800386,-0.09335093,0.0107129235,0.058295533,-0.014660438,-0.26561707
0.12449759,0.22107016,0.0060041198,-0.027122546,0.19582722,0.17477906,-0.043711234,0.22550854,0.12537634,0.14203656,0.024185557,0.32557508,0.079642825,-0.21155813,0.036987554,0.072096,0.19246078,-0.13632879
0.31257394,0.22589561,0.1543487,0.47920418,0.23448023,0.14815176,0.28494883,0.24596456,0.22236714,0.110174924,-0.018900238,0.14945707,0.26344788,-0.018983508,0.12855186,0.030003956,0.059484996,0.055353336
-0.010616546,0.41487944,0.11593293,0.012086647,0.32072824,0.32283956,0.3383544,0.3055054,0.30224174,0.21805392,0.09675903,0.49870703,0.19101384,0.1739304,0.4839994,0.18748397,0.558714,0.08352725
0.30321962,0.0022577369,0.16969916,0.31302038,0.08713467,0.15814322,0.23405889,0.14923131,0.22544058,-0.08489354,0.15802059,0.048711956,0.14701799,0.06392936,0.118388794,0.09460974,0.14520618,0.31204116
0.30428994,0.23722473,0.11590105,0.38418055,0.14705265,-0.00525942,0.23327333,-0.033316925,0.012374296,-0.09589243,0.01575888,0.020880826,0.033589147,-0.034340177,0.10746951,-0.05208458,0.17206176,0.30848578
0.070988454,0.319258,0.23140448,0.042697944,0.42056724,0.3049265,0.40206838,0.17689541,-0.0133908605,0.097699165,0.29872894,0.11971761,0.19591516,0.2511118,0.2139161,0.20407526,0.35884258,0.48019618
0.057983626,0.033938795,-0.23701045,-0.01700653,0.03877776,0.15768564,0.16349766,-0.0033015655,0.2950033,0.15432298,0.24496299,0.22180517,0.11723074,0.18563518,0.1818212,0.17101115,0.1731644,-0.13515167
-0.23850396,-0.27370375,-0.32339698,-0.15872106,-0.30538163,-0.104028076,-0.24298984,-0.1929602,-0.09883207,0.025190445,0.13635467,-0.10995947,-0.12583657,-0.022491725,-0.21445899,-0.049583912,-0.29865307,-0.25840485
0.3284732,-0.020298649,0.14131655,0.13318506,0.057287794,0.0013683054,-0.011578398,0.088361524,0.3405681,0.08253534,0.06640687,0.15898424,0.068255685,0.052464873,-0.0028804422,0.101856776,0.013352431,-0.032333866
0.27159637,0.277838,0.2550485,0.40172786,0.25770077,-0.010562506,0.11126733,0.17823328,0.22960162,-0.10199501,-0.13087812,-0.05065117,-0.014044724,0.09390833,0.03739737,-0.17481723,-0.09528504,0.33512443
0.3656013,0.19998318,0.16976613,0.29081267,0.17801559,-0.0042559546,0.020250602,0.1434048,0.1343607,-0.0683703,-0.13355514,-0.027580244,-0.0044644102,-0.11021198,-0.027447741,-0.15032217,-0.11251773,0.10156341
0.04353854,-0.09254977,-0.29496068,-0.014833417,-0.110107005,-0.0040644747,0.020602953,-0.04290668,0.1862509,0.14885037,0.1103484,0.2380642,0.038526647,-0.10016818,0.056173936,0.13030404,0.1322915,-0.20656568
0.064872496,0.536521,0.17846924,0.039305624,0.42821342,0.4478163,0.35615337,0.27961677,0.34255135,0.26720977,0.055441007,0.38389862,0.24797726,0.2788862,0.37059033,0.2199828,0.34241337,0.02002779
-0.015027506,-0.1391257,-0.21299556,-0.14044526,-0.2219843,0.14721066,0.06297651,0.0214844,0.27082652,0.15052682,0.08268885,0.33967465,-0.056645054,0.02847539,0.019808332,0.06954689,0.120256096,-0.28740886
-0.011366718,0.3456556,-0.052562132,-0.043386877,0.26417583,0.25315696,0.28935897,0.43595484,0.22819683,0.28812873,0.1281696,0.47646686,0.25427026,-0.015545403,0.3939758,0.16480696,0.48363394,0.06658286
0.27670884,0.192011,0.25794357,0.29578853,0.20767772,0.080519214,0.11392561,0.22340532,0.2454592,-0.00063946843,-0.02620429,0.19254784,0.25097352,-0.11193398,0.14897755,0.11268441,0.18346003,0.2847039
0.29677892,0.3133825,0.066367626,0.47471228,0.25450006,0.14410111,0.20747146,0.08431026,0.041531403,-0.07596773,-0.061359897,-0.0596927,0.0876888,-0.07177806,0.041976392,-0.08552058,0.040997595,0.11151521
0.15540834,0.4255153,0.15282163,0.022607813,0.4446754,0.356053,0.4564013,0.17835245,0.028301958,0.1399096,0.20922756,0.14088845,0.15951219,0.12501468,0.34414613,0.15765506,0.48925903,0.31722772
0.2949318,-0.17566706,-0.08703719,-0.15744516,-0.21428217,-0.12335912,-0.074607156,-0.0017681303,0.17236397,0.20101273,0.1901794,0.11892885,0.08271708,0.016393956,-0.12459192,0.14157312,-0.14873615,-0.06807336
0.16073745,0.3071227,0.23907614,0.12359446,0.3300418,0.37348583,0.26285002,0.27997512,0.24620709,0.18980604,0.099923715,0.21386088,0.22710092,0.29899806,0.16283101,0.113090634,0.11975508,0.087825485
0.1326624,0.31136304,0.056037284,0.40197283,0.25942224,0.25667858,0.2954758,0.10954293,0.124166004,0.024964787,0.05921123,0.14694029,0.25048372,-0.07449127,0.17189655,0.09761797,0.17763741,0.074136615
0.32477194,-0.09771857,-0.04837562,0.04507169,-0.029155988,0.15924992,0.035127338,0.17114836,0.11345601,0.19239634,0.101351365,0.1789341,0.10574951,-0.03296892,-0.0699628,0.08319616,0.029493,-0.27501026
0.4641516,0.25993675,0.07408635,0.1375111,0.2758124,0.3793561,0.39206302,0.33361167,0.34006375,0.30145177,0.22561574,0.27344173,0.331253,0.103104815,0.30755287,0.2483964,0.29001257,-0.0671721
0.22451201,0.24323955,0.051660985,-0.11505452,0.2823265,0.21220651,0.18320394,0.25073746,0.3438381,0.27389413,0.17768863,0.4039902,0.1990656,0.12980872,0.14567885,0.25842357,0.19110057,-0.12339387
-0.11426166,0.30485708,0.212628,-0.008776959,0.21735969,0.39354503,0.12721619,0.32676706,0.24659923,0.16115993,-0.14371368,0.34588623,0.07752338,0.14132503,0.24718776,0.051609267,0.28817725,-0.08644631
0.19376506,0.46064362,0.1469251,0.058329348,0.4344753,0.51215625,0.3228261,0.25042433,0.23172915,0.2573483,0.033473715,0.26999533,0.20045556,0.2070204,0.20396477,0.15121058,0.22404519,-0.031475693
-0.11015837,0.040826075,-0.18602878,-0.16957308,-0.11745302,0.09491527,-0.037484262,0.12437133,0.16970238,0.1866264,0.080192864,0.26102406,-0.04433529,-0.06415637,-7.033814e-05,-0.011020051,0.090984195,-0.24380341
0.19845168,-0.092430584,-0.05399034,0.27647215,-0.0094420845,-0.0075677573,0.092126295,0.023674581,0.1943953,-0.07831022,0.09229219,-0.12653817,-0.013635606,0.18034491,0.035748396,-0.009762069,-0.100592494,0.07486425
0.31094268,0.099652864,0.32298478,0.2753017,0.2296023,0.16594641,0.16132447,0.042960368,0.15918884,-0.12836355,0.21663615,0.013285224,0.17673627,-0.055381566,-0.079624444,0.1539047,0.058392547,0.36371773
0.0012553227,0.34452516,0.12936445,0.2741353,0.27457392,0.2809087,0.4019062,0.25404567,0.0464471,0.1327153,-0.041338604,0.26828587,0.17778337,0.061607298,0.34862024,0.044662878,0.4340071,0.18356894
0.14877158,0.36364302,0.07297483,0.49127442,0.3741387,0.1896187,0.26595712,0.29931027,0.41187564,0.070363835,0.0075483336,0.17847535,0.19063446,0.09060583,0.18981573,0.05135577,0.14990395,0.16021898
0.09680117,0.43813077,0.055962794,0.07096097,0.39197588,0.36011732,0.3294928,0.44559225,0.18023896,0.25095135,0.006962417,0.37940097,0.28917238,-0.05773025,0.41824558,0.13312922,0.5026864,0.003699224
0.020937748,0.42984545,0.13984174,0.15632153,0.37553325,0.4840812,0.3813842,0.3974138,0.24447131,0.15940994,-0.002615721,0.33062512,0.23807006,-0.015494462,0.3061737,0.12157868,0.39609426,0.0868369
0.29023808,0.10373425,0.029578717,0.19237222,0.105315834,0.2052967,0.17780946,0.33438897,0.13906476,0.2443679,-0.0028193332,0.19966352,0.20653263,-0.004806748,0.13943124,0.034661055,0.1462343,-0.16221863
0.0039003948,0.32434285,0.28740686,-0.031282153,0.3032605,0.3321995,0.33849263,0.3253085,0.034806907,0.23884895,0.20159781,0.30411583,0.17973745,0.1427038,0.158824,0.17175427,0.32772616,0.35188526
0.25344342,0.48527378,0.25313827,0.13133924,0.4742232,0.3572384,0.4066984,0.3871742,0.14990248,0.16496766,0.1266707,0.25605345,0.2743271,0.079906635,0.329203,0.18217136,0.41090372,0.32876366
0.09493987,0.027821189,-0.11790112,-0.1033622,0.08382562,0.15799493,0.03474444,0.1496005,0.058085807,0.28216082,0.19933921,0.17635967,0.10693467,0.09419526,-0.0422835,0.18155666,0.054043636,-0.18260702
0.02934288,-0.025755487,-0.2860545,-0.038591977,-0.0036070468,0.093985386,-0.031045862,0.02597475,0.06022751,0.19694489,0.13458979,0.12215096,-0.0008851094,-0.09191047,-0.04824382,0.122021824,0.09937163,-0.3645376
0.1546693,0.4042012,0.1128847,-0.023812238,0.3889776,0.3997804,0.4163367,0.11899239,-0.004006312,0.19454719,0.3167128,0.2660147,0.19655743,0.10217576,0.25093937,0.22796325,0.44714212,0.23270783
0.074312754,0.40118578,0.12486041,0.0015317095,0.3339936,0.3238032,0.2860455,0.5034416,0.21277803,0.27912074,-0.0179775,0.44805413,0.20123172,-0.002839911,0.2732164,0.10923948,0.43518963,0.10683239
0.1950531,-0.03216433,0.004879309,0.06628831,0.026341116,0.17717887,0.116298184,0.19547927,0.26955992,0.109585285,0.106941916,0.083044946,0.13921975,0.08515926,0.105304495,0.12044646,0.057673946,-0.17778426
0.13573472,0.52637565,0.21416475,0.07414864,0.4547609,0.4483997,0.39271972,0.34073263,0.15029399,0.15648776,-0.026382223,0.26195967,0.23265328,0.09082466,0.34648657,0.12966612,0.40481442,0.13403931
0.085492134,0.43230212,0.042064153,0.017878888,0.3306495,0.3686295,0.3496974,0.36925444,0.1818217,0.23675361,0.008672308,0.4471792,0.15806368,0.038916625,0.3295735,0.10041073,0.4965688,0.06346736
0.17154215,0.36101103,0.09739792,0.03964568,0.390422,0.26850843,0.35535216,0.54292834,0.31274658,0.34555593,0.033070706,0.40950924,0.28375217,0.05864325,0.27237624,0.18326038,0.38860446,0.0075741354
0.32108352,0.25469756,0.3004892,0.46626037,0.2149468,0.1064754,0.09605573,0.23503721,0.25029558,-0.07734815,-0.1681481,0.103368744,0.07675185,0.040127218,0.101610884,-0.08879973,0.026732158,0.23654932
-0.12665628,0.044492904,-0.16020215,-0.28560418,0.03950102,0.2128521,0.14096332,0.17438594,0.073667705,0.23805207,0.348643,0.38068795,0.071407445,0.07217896,0.23123612,0.19925192,0.36584353,-0.027287748
0.06999567,0.43301505,0.01535459,0.124619104,0.37300104,0.35995913,0.39078546,0.32683006,0.13127851,0.19139323,0.01759475,0.3109677,0.16439347,-0.0051531484,0.33142054,0.15102947,0.4515896,0.0056620114
0.3160823,0.27594048,0.31108698,0.3028344,0.30253303,0.22487344,0.10416539,0.21123976,0.27089134,-0.04373081,0.017366083,-0.00026487606,0.24257442,-0.00966553,0.044867717,0.1364843,-0.054825082,0.11018343
0.34494507,0.0111002,0.26299348,0.34863287,-0.048983358,0.0261629,0.15944624,0.13899851,0.336233,-0.006839702,-0.045865364,0.27203715,0.22876376,0.00017652102,0.14062336,0.06703161,0.09184006,0.26678446
0.4754794,-0.029497914,0.124549165,0.3046204,0.02855286,0.0030008154,0.14646786,0.13142346,0.13040507,-0.10488132,0.0057733627,-0.09983864,0.11727558,-0.070229225,0.09949465,-0.009771157,0.010103749,0.09330529
-0.04669641,0.26087493,0.065060094,0.0040406664,0.15519848,0.31778657,0.06379053,0.24634081,0.23593152,0.15344337,-0.05980528,0.36578113,0.1495144,-0.07039185,0.19663438,0.085838035,0.23893745,-0.15748748
-0.24355131,0.068786286,-0.20229787,-0.05258327,-0.08755362,0.17884526,-0.036364682,0.20615894,0.14563462,0.12023612,-0.06385477,0.3383677,-0.0802827,-0.12495342,0.086855695,-0.065550596,0.24448045,-0.32968694
0.38052607,0.49906766,0.22589058,0.062456325,0.46027076,0.45532924,0.3589702,0.33881563,0.09564507,0.2105871,0.06096174,0.26330143,0.21881795,0.08085979,0.28911626,0.112424776,0.32856506,0.1012211
0.36670652,0.07674065,0.15890872,0.1417009,0.12336142,0.20262773,0.017569728,0.06279845,0.231395,-0.03562051,0.14257109,0.06968346,0.121988796,-0.04365694,-0.058865316,0.11162482,0.010253752,-0.016029852
0.5004885,0.040623374,0.056129225,0.32237375,0.039688006,0.13214594,0.10714855,0.17243135,0.18316482,-0.0052250866,0.05053439,-0.030313201,0.16237691,-0.07086823,0.017898932,0.031521834,-0.06443443,-0.022202082
0.060734846,0.19276014,-0.101123944,0.37840348,0.19659328,0.17362332,0.113028854,0.20237917,0.23903921,0.029410305,0.011053308,0.14441592,0.01570309,-0.027758,0.06242201,0.002214219,0.18358749,-0.066643514
0.07720168,0.28395373,-0.08691579,-0.11693509,0.23867574,0.35877913,0.2749114,0.1594003,0.20703799,0.28368467,0.3051975,0.27174136,0.16333997,0.16663696,0.25617886,0.23348704,0.26986915,-0.1529158
0.100846455,0.20918232,-0.08415149,-0.17359033,0.28862387,0.28115606,0.18493128,0.26683438,0.09731734,0.3243363,-0.07994313,0.14856078,0.13222015,0.04123389,0.2365985,0.073559165,0.22396392,-0.059269972
0.3345964,0.098437086,0.38010234,0.061464526,0.12203197,0.16747236,0.022445932,0.21755834,0.1938085,0.04459691,-0.018160861,0.09053314,0.07252981,0.19998059,0.059288852,0.0061213593,-0.027344912,0.041176368
-0.014403957,0.42707342,0.10742661,-0.0377199,0.3215481,0.4890839,0.35883242,0.25533873,0.15758064,0.30468777,0.13587594,0.36919194,0.29224092,0.10712732,0.33791682,0.27325547,0.35585365,-0.01933596
-0.018657314,-0.1606091,0.020201508,0.17204069,-0.1464479,-0.054430395,0.1068756,-0.19731703,-0.12583807,-0.05307365,0.22615477,0.0017095827,-0.035624944,0.083296806,-0.037408415,0.051172085,0.116445184,0.26607996
0.337972,-0.13372657,-0.11049518,0.13080886,-0.100178614,-0.03500097,0.11434847,0.19262375,0.08877625,0.24865684,0.00040481053,0.0743817,0.1507016,0.060981877,0.042804632,0.023587976,0.028698415,-0.17995882
0.12764557,0.09954259,-0.080779016,0.42159376,0.11217646,0.051827863,0.12912315,0.17924318,0.26416638,-0.0019364888,-0.041881282,-0.022612188,0.0518896,0.034204297,0.08234538,-0.07640462,0.00061581866,-0.07149196
-0.09645292,0.1855731,0.22039945,0.16350123,0.0712181,0.25075376,0.32049605,0.06469549,0.12483744,0.09815568,0.17030263,0.1722205,0.15434384,0.3997447,0.26459432,0.12984473,0.16497274,0.111631274
0.1034201,0.3828168,-0.014826362,-0.093737796,0.34266058,0.43668586,0.21404317,0.37732235,0.091146514,0.22857562,-0.017976658,0.25695986,0.056679174,-0.029489346,0.23087257,0.04560599,0.34702328,-0.10697486
0.01255614,0.19828182,0.0852498,-0.10713513,0.23062944,0.22097212,0.20777333,0.07308092,0.07759717,0.20249179,0.15903547,0.17024118,0.17497176,0.36893076,0.12673257,0.19695085,0.0024619172,-0.038845576
-0.006487825,0.16024762,0.023266777,-0.049189214,0.1487218,0.23832163,0.26571876,0.15723088,0.11397758,0.24166505,0.1350631,0.08899133,0.11005433,0.4377641,0.11137861,0.06578937,-0.058732297,-0.038023204
0.12388963,0.17953077,-0.07559347,0.2923282,0.15222651,0.12738363,0.091992065,0.11066132,0.1720272,0.021021307,-0.001099112,0.06301383,-0.008917207,0.051761683,0.016434839,-0.013311844,0.07838786,-0.054610237
0.19242291,0.25952798,0.02232105,0.09874951,0.21965313,0.13408649,0.21209905,0.289482,0.26726827,0.24017584,0.04585192,0.19218472,0.16628018,0.21039623,0.11658019,0.068009764,0.122402556,0.06352811
0.21671033,0.2512288,0.16613476,0.25924486,0.27846366,0.26072976,0.37152028,0.32832628,0.4859097,0.22829106,0.18682393,0.30702758,0.39720464,0.08220586,0.3229825,0.27043685,0.30514705,0.09149523
0.38083094,0.5783594,0.214304,0.18826681,0.5344843,0.33145833,0.39604563,0.3434649,0.21321923,0.1871984,0.033551663,0.3510044,0.26522067,0.056110863,0.4181315,0.1608437,0.5079267,0.19018355
0.36168176,0.42869294,0.16030419,0.2805199,0.34696102,0.39286125,0.40525356,0.28041124,0.12604606,0.21361893,0.026736215,0.37802994,0.290765,-0.03359571,0.2719226,0.15121083,0.352238,0.09936768
0.043707617,0.4701811,0.1984988,-0.018682726,0.3140093,0.3392099,0.31918,0.23730318,0.22409621,0.30727258,0.15588847,0.41590917,0.28453702,0.13381796,0.2028415,0.24183498,0.21694103,0.051922508
0.08337798,0.26047367,-0.021120636,-0.09308817,0.29784092,0.34911108,0.2850346,0.47109836,0.19238316,0.2834382,0.035149768,0.42115015,0.14854363,-0.03565972,0.278883,0.17776564,0.46742356,-0.047337696
0.04012954,0.2726211,0.16400206,0.28420824,0.23231333,0.31685185,0.19835238,0.22742668,0.052516926,0.03711205,0.12236628,0.13473648,0.25515038,0.11260837,0.08149838,0.024240306,0.085669145,0.25586116
0.14435434,0.45251852,0.16473843,0.06868464,0.4689018,0.37715393,0.42329246,0.4316695,0.3874812,0.27621272,0.09849221,0.46446216,0.2741095,0.25003293,0.4375166,0.22860222,0.47305453,0.03750612
0.46022016,0.111043125,-0.059760816,-0.09611308,0.046326168,0.20110588,0.24318266,0.19929019,0.112579614,0.3109632,0.17230219,0.4447053,0.13311568,0.12204923,0.22947797,0.14175044,0.38817894,0.012020249
0.06998926,0.12890673,-0.028910741,0.0764212,0.15357193,0.17224106,0.31032088,0.24173103,0.29945797,0.19889334,0.24399042,0.37905592,0.21792033,0.21408945,0.2976904,0.2004599,0.38491023,0.06704037
0.054888394,0.3532401,0.15342619,-0.032773383,0.31985646,0.3586462,0.2967801,0.34106624,0.101056755,0.34852475,0.03490044,0.3770877,0.2832751,-0.0022658515,0.28117955,0.2446096,0.33415318,0.0069596153
0.1757927,0.16895005,0.23950234,0.23581237,0.17523316,0.21691033,0.27478057,0.26395956,0.1427145,0.11160408,-0.0024495758,0.10155851,0.20676821,0.07653641,0.24100877,0.093873024,0.20513609,0.16937846
0.25465938,0.025471957,-0.19797213,-0.083553605,-0.00941319,0.16560899,-0.04554925,0.12550493,0.13157095,0.23315713,0.040854152,0.20164266,-0.0030226642,-0.12384578,-0.07851361,0.054172963,0.09801273,-0.23050195
0.26931024,0.52116776,0.28997755,0.26793772,0.47705936,0.4614765,0.38330907,0.3668276,0.35636434,0.124117814,0.037217475,0.30121398,0.27994573,0.22340006,0.31905103,0.14869426,0.28301817,0.16628504
0.1572169,0.34356093,0.33508086,-0.025074756,0.32560718,0.4082713,0.31416622,0.22911315,0.11787039,0.19452854,0.26465476,0.33702156,0.18732513,0.23185256,0.13841657,0.2199555,0.3227687,0.32709748
0.15007901,0.031808816,-0.102856904,0.22496535,0.07683936,0.17960992,0.2689625,0.09035242,-0.0008824568,0.06374237,0.11855906,0.092349775,0.12643771,0.0040977085,0.1373264,0.059672236,0.24499196,0.06238385
0.19556087,0.22376943,0.30504787,-0.093522124,0.26673242,0.3245142,0.15473875,0.21709032,0.046447217,0.11500894,0.054028053,0.103501335,-0.0005158521,0.22739625,0.0660958,0.0009545933,0.103269026,0.2492671
0.21198224,0.25140715,0.17553583,0.026180793,0.20970461,0.21826035,0.025113411,0.26607662,0.24833965,0.09725789,-0.097910136,0.26830724,0.067851365,-0.029791964,0.1259885,-0.02621587,0.1893413,-0.037690263
0.2871346,-0.16538784,-0.007057768,0.044730045,-0.12954584,-0.043073915,0.05246383,-0.045803443,0.018334975,-0.073407784,0.2130517,-0.07102296,0.10460219,-0.024253946,0.02773089,0.11086686,-0.0076242494,0.00092073437
0.06770925,0.28892738,0.2510203,0.2500267,0.3080056,0.37350965,0.30058363,0.42393786,0.283284,0.1238839,0.081082195,0.34692255,0.21937475,0.21504048,0.18966095,0.06176614,0.28423846,0.31151485
0.40770072,0.5121311,0.3243822,0.29349652,0.46134752,0.470917,0.38523802,0.40337598,0.35003734,0.20129427,0.017757729,0.29817325,0.3814348,0.105951786,0.32727197,0.1797244,0.28841266,0.061918706
-0.030625196,0.36751866,0.36425775,-0.01236504,0.36838412,0.21754906,0.31904975,0.37883115,0.1571159,0.23004737,0.23085222,0.25439337,0.29547846,0.29014438,0.25086784,0.2256546,0.1486871,0.2653206
0.058733713,0.5576552,0.28810096,0.34016612,0.46073398,0.42634588,0.40457815,0.24988967,0.29534024,0.06706481,0.012848286,0.25607783,0.26594484,0.03533165,0.30844504,0.13290825,0.26764855,0.10335831
0.17466494,0.40941668,0.33801472,0.09489026,0.41885522,0.30328122,0.43351036,0.1251917,0.022808088,0.11952849,0.2016359,0.17594317,0.22536162,0.2031798,0.26932436,0.19720909,0.4048217,0.4798785
0.16747344,0.41139734,0.25403434,0.35894734,0.3859502,0.27908826,0.38087675,0.24647415,0.17479041,0.08296454,0.032042406,0.21436813,0.25334835,0.07914643,0.27766925,0.11996345,0.27393335,0.28479874
0.45755616,0.4049315,0.19218078,0.2678514,0.36062965,0.3398022,0.2909102,0.25502264,0.30400553,0.18105257,0.01631711,0.21903154,0.20327803,0.16991499,0.2226397,0.12021567,0.24111596,0.026564622
0.0045770993,0.110017255,-0.09484205,-0.052614406,0.027660638,0.37832907,0.22132786,0.099469095,-0.05272905,0.24833797,0.24731605,0.27974743,0.07431406,0.091325864,0.09063344,0.11517923,0.26190412,-0.12958163
0.15389499,0.4156419,0.14918686,-0.07136119,0.45636478,0.34530506,0.41280293,0.3520832,0.20662895,0.314726,0.244878,0.25415012,0.2619901,0.2413171,0.30507612,0.22986022,0.25095642,0.18810302
-0.02558928,0.19006166,0.15269426,0.1634937,0.2082492,0.1467746,0.09650612,0.31522313,0.23998234,0.12190227,-0.029939134,0.21547988,0.1773017,-0.08399277,0.19410053,0.06225323,0.17451099,-0.056140438
0.43528837,-0.27683067,-0.10570936,0.16040617,-0.20522858,-0.11986025,0.028190639,0.0065236036,0.0062968195,0.13466878,0.047003612,-0.020445298,0.12242673,-0.015704244,-0.06625884,0.05715619,-0.12797749,-0.22548538
-0.017821489,0.5024307,0.12626936,-0.02729603,0.4148035,0.48473233,0.49142945,0.38998687,0.3052112,0.2508809,0.0018516663,0.33286196,0.18284684,0.33911645,0.5182985,0.118951246,0.47554243,0.1378358
0.4284491,0.46722782,0.37710595,-0.025879279,0.38830596,0.36508778,0.3523736,0.2741403,0.30439517,0.19584954,0.14489351,0.30400512,0.27586913,0.2977937,0.34172794,0.18482348,0.21151137,0.23549902
0.085193366,0.3652116,0.20577061,0.07059181,0.29727864,0.42985564,0.3024371,0.32339796,0.19887683,0.17379308,0.098079406,0.3394866,0.23994994,0.22828174,0.32129467,0.13118461,0.4228334,0.24125469
0.2580462,0.28366846,0.064771935,0.51311624,0.2279923,0.0048896167,0.12604356,0.11842427,0.22535221,-0.05709862,-0.09114642,0.039000526,0.061130494,-0.052875742,0.037369248,-0.0918753,0.03484746,0.077391714
0.11397979,0.27759805,-0.050126612,-0.09274908,0.22325386,0.27152905,0.29889226,0.36864632,0.1040804,0.36418265,0.0139686745,0.4493733,0.17910802,-0.034452315,0.26424694,0.08429228,0.41935787,-0.08737201
-0.06033629,-0.07349536,-0.29842153,-0.03971536,-0.09735748,0.114228286,0.20438366,-0.054028813,0.07582109,0.14566518,0.096593186,0.024627423,0.05805002,0.07466725,0.16431327,0.03583426,0.092093855,-0.028690433
-0.06682349,0.48852766,0.38327593,0.42857242,0.36174512,0.2778085,0.36569548,0.3106323,0.25311187,0.05331005,-0.08159432,0.2900245,0.30535707,0.104501605,0.32817364,0.036262833,0.16958652,0.3765502
0.108747914,0.4444576,0.34000126,-0.011884935,0.32986468,0.45115048,0.3442242,0.25536278,0.16314498,0.18402548,0.065881744,0.3283739,0.21218589,0.25202397,0.32550442,0.15977865,0.32220155,0.16714765
0.08841016,0.07766254,-0.1137156,0.07641169,0.06007924,0.20936635,0.18713585,0.40280873,0.28286117,0.26467806,0.10811881,0.38655823,0.17973512,0.02956754,0.19890729,0.16213089,0.29970914,-0.18725964
0.42125392,0.29169625,0.22197562,0.12871215,0.21111463,0.40856308,0.25655705,0.28861272,0.21582872,0.22426975,0.15927407,0.26876467,0.28807864,0.23490015,0.21105914,0.20585532,0.15980151,0.029276267
0.26332703,0.119129255,0.24257539,0.39041495,0.12919381,-0.061768837,0.018938461,0.068577036,0.27082092,-0.06649951,-0.1361372,-0.13171378,0.08056281,-0.0037512109,-0.11425297,-0.04133659,-0.30279434,0.21879616
0.067383066,0.08560321,0.032235913,0.15785944,0.17807332,0.18961991,0.2021223,0.20061822,0.08966588,0.14616913,0.044226885,0.05662311,0.18545732,-0.080594614,0.10759117,0.20828204,0.20850477,-0.115685925
0.089801684,0.5055877,0.14791009,0.033740334,0.4303435,0.40015835,0.45632285,0.37784946,0.27304447,0.27871382,0.07455901,0.3685043,0.24795222,0.2527313,0.43149397,0.20804289,0.48677617,0.111779265
0.35761023,0.46391237,0.21751629,0.15511292,0.428815,0.28451872,0.32817113,0.32300305,0.11212859,0.04993532,0.11243832,0.129477,0.2838527,-0.004439954,0.3719442,0.12319503,0.36589622,0.22025582
0.0019295765,0.3536855,0.063229576,-0.11616135,0.26630813,0.38039094,0.19251074,0.3990159,0.19100127,0.20014119,-0.025895476,0.4353253,0.08159487,-0.041055612,0.2628178,0.05920285,0.41508526,0.059037253
0.111216955,0.31284088,0.017494263,0.029864836,0.2614448,0.4282397,0.38095143,0.36456615,0.2981354,0.3327079,0.10439005,0.33397126,0.24229424,0.3444866,0.32097664,0.1259902,0.3484528,0.11746189
0.41840106,0.32011837,0.2979099,0.32223624,0.37160522,0.2138449,0.339293,0.093701795,-0.023889149,-0.0862066,0.14241731,-0.07060409,0.16200504,0.05249268,0.088520855,0.05137649,0.110131375,0.5632024
0.23974392,-0.2332451,-0.17109537,-0.023691174,-0.24682307,-0.18216237,-0.1646536,-0.027750421,0.16990998,0.12545677,0.06303644,0.111677274,-0.034107983,-0.021802628,-0.15467039,0.04147312,-0.1263221,-0.20979102
0.18051115,0.32496727,-0.082329914,-0.067684844,0.31154174,0.26803505,0.15055308,0.24142301,0.28946364,0.22593948,-0.015752388,0.31761807,0.038177446,-0.10081484,0.15290296,0.07132836,0.2854194,-0.16325825
0.16046758,0.2595933,0.068833776,-0.038632475,0.28503516,0.3364033,0.39676097,0.3880597,0.25036633,0.26501262,0.2085419,0.21873379,0.24691553,0.2610774,0.25702885,0.15677536,0.25726223,0.13151968
0.2974146,0.296564,0.14705127,0.078231975,0.30856457,0.22477289,0.1144254,0.3498467,0.11607529,0.22720164,0.034029868,0.17116114,0.21131125,-0.014482641,0.152289,0.10699275,0.15474331,-0.04245105
-0.084735855,0.059990715,-0.04532685,-0.20928656,0.052178383,0.24142614,0.17514029,0.06767614,0.1106312,0.23273554,0.1849207,0.24737391,0.023468845,0.15807974,0.13099515,0.16586944,0.14816539,-0.20384797
0.060351,0.4426263,0.103531495,-0.06866142,0.38303232,0.37600413,0.36816734,0.41125458,0.31273913,0.29981744,0.19735181,0.4681039,0.32018843,0.0055933935,0.3942623,0.283857,0.4291444,0.0157125
0.16812986,0.29896873,0.09814422,0.48592842,0.26034272,0.10401977,0.22477531,0.25217986,0.20567417,0.029377138,-0.09520651,0.13599767,0.12404303,-0.021087024,0.13892409,-0.02377335,0.16670781,0.06770763
0.35045123,0.20478614,0.15809035,0.23576374,0.22183245,0.35884863,0.27190977,0.25490484,0.39690626,0.13305046,0.032648962,0.300399,0.22924611,0.065970324,0.22122744,0.12597969,0.2509835,0.10497038
0.37912893,-0.0974286,-0.00865258,0.3805386,-0.09419261,-0.16516364,0.05031245,-0.13209108,-0.058891535,-0.1684216,0.021711757,-0.2597313,-0.06945941,-0.10992218,-0.12087177,-0.122796685,-0.20155075,0.09584004
-0.067528635,-0.076695055,-0.28068754,-0.069387846,-0.07828505,0.040816285,0.020989917,-0.08721706,0.13525069,0.1804477,0.054508183,0.06614013,0.028472839,0.07682201,0.02727032,0.09154461,-0.01079273,-0.24773827
0.31112593,0.43341237,0.22589785,0.3655907,0.38235325,0.34306282,0.24052033,0.27058756,0.2762224,-0.0046221516,0.0044964403,0.21228778,0.21682793,-0.056913435,0.22476524,0.023654278,0.24945807,0.19516315
-0.04538884,0.27922273,0.14854091,-0.051955752,0.16529737,0.20997211,0.30529398,0.23288044,0.2673901,0.26955467,0.26702335,0.28357327,0.27578914,0.46590966,0.23510465,0.24085821,0.07842023,0.16942546
-0.10251969,-0.1641217,-0.18632329,-0.17098728,-0.26560283,0.06800433,-0.016266428,-0.20045464,-0.107644595,0.09835337,0.07773371,-0.024827408,-0.09767903,0.21413395,-0.1106707,-0.003205949,-0.19388649,-0.17654876
0.062208153,-0.22108334,-0.09140079,0.0092679635,-0.18046816,-0.017526345,0.11683419,-0.17422998,0.1137697,-0.073200874,0.36724737,-0.0064387647,0.092354156,0.05418029,0.07893119,0.14658684,0.09134556,0.04580613
-0.03358848,0.2136445,0.0074959034,-0.03613759,0.08564623,0.20141551,-0.06641282,0.10920438,0.12328288,0.10871826,-0.029413313,0.3047518,-0.010036544,-0.0682783,0.04656975,0.03049425,0.13748768,-0.25021803
0.108707234,0.3001322,0.3199932,0.35835984,0.31707978,0.18032928,0.1624833,0.26509973,0.34454685,-0.059716783,-0.12070818,0.051027983,0.08386901,0.09791909,0.08856563,-0.058377303,-0.08611832,0.31987917
0.19112319,-0.088441685,-0.08776863,0.10311936,-0.064547345,0.09947716,0.32733124,0.11032778,0.13373522,0.17127888,0.2720226,0.11152212,0.26178133,0.13380735,0.29357478,0.14768992,0.20358394,0.012994839
0.37069005,-0.044748254,0.13753502,0.26064327,-0.070815444,0.16177815,0.05683722,0.13805576,0.2049959,0.17451611,-0.0042616185,0.19613713,0.15315896,-0.02482709,-0.046033606,0.10357934,0.03529862,-0.17400092
0.041940138,0.34863308,0.038200237,0.42878586,0.31407416,0.27638656,0.26388243,0.26439887,0.2717399,0.108354986,-0.0057913107,0.24742557,0.16263726,-0.015674695,0.18849768,0.060422696,0.25250745,0.056327973
0.048504993,0.20514992,-0.023402363,-0.08151902,0.18825361,0.38916916,0.15387781,0.3800282,0.21748883,0.21798591,0.16801003,0.2941577,0.18194105,0.051152717,0.26144412,0.18539724,0.35308373,-0.11419026
-0.05721848,0.23902102,0.16631997,-0.02308086,0.23459679,0.3261072,0.20533006,0.21057782,0.1259549,0.24129216,0.2529568,0.13294652,0.21026996,0.37871972,0.13369706,0.24810478,0.009336941,0.03588309
0.11989851,0.44225264,0.13416508,-0.073958576,0.4750533,0.34476942,0.30901983,0.39272523,0.25715336,0.24406937,0.12255796,0.37500143,0.2258926,0.1674103,0.31270757,0.16916521,0.30120134,0.09046267
-0.0369035,0.49789143,0.30406252,0.2584223,0.37989473,0.26831722,0.3711406,0.34782046,0.21972543,0.1196827,-0.0576076,0.31810892,0.30986345,0.0045789382,0.4088062,0.10628182,0.34120536,0.22141463
-0.013110844,-0.12472357,-0.3114739,-0.23332742,-0.2159313,-0.009984633,-0.0055085067,0.055881433,0.04378197,0.27196205,0.15458295,0.43218544,-0.025416583,-0.045728125,0.027510555,0.09760857,0.22700045,-0.2033284
0.07999751,0.019978197,-0.15190585,-0.0031048502,0.056992248,0.17498553,0.23568556,0.27126265,0.021750266,0.10571756,0.10212125,0.08140999,0.09377758,-0.03002274,0.26451433,0.017983109,0.37748307,-0.011476303
0.14266631,0.11209503,-0.0135149695,0.037666455,0.08190866,0.23328426,0.3242483,0.097341634,0.35104656,0.17617798,0.17945027,0.21318725,0.2589906,0.24409206,0.29418308,0.19732726,0.1522615,0.05874955
0.09028734,0.50954676,0.1544867,-0.04584351,0.4860783,0.4495595,0.41605914,0.42541617,0.13825658,0.2601897,0.1456233,0.34030908,0.3235468,0.072803065,0.32709733,0.19390152,0.3484857,0.18700358
0.21948144,0.49993247,0.26306403,0.042379282,0.37587744,0.3563246,0.33645678,0.30662477,0.28400975,0.22084765,0.04388081,0.42888275,0.26517844,0.19270074,0.31644377,0.122204475,0.36132115,0.30377588
0.03385528,0.4682102,0.2330797,0.11632968,0.4715063,0.31485125,0.4002609,0.39005417,0.3029806,0.26978862,0.10873119,0.2713912,0.36000413,0.17261317,0.43995178,0.2783339,0.38386038,0.034621555
0.016407784,-0.15078622,-0.18706237,-0.18281327,-0.13305323,0.11342687,0.1185115,0.025664747,-0.0020269242,0.19751014,0.21208042,0.091541395,0.0012266857,0.14759025,0.04562494,0.06521696,-0.027509455,-0.20264375
0.4858726,0.42030597,0.48007697,0.12681599,0.4116091,0.40375915,0.40201864,0.29291156,0.2801293,0.15333274,0.25359434,0.24284445,0.3544625,0.36232805,0.32967615,0.22459006,0.19303201,0.37514764
0.18910134,0.16698892,0.13972265,0.10592479,0.23282003,0.23954159,0.37369674,0.10096242,0.07405776,0.14565396,0.316473,0.13390994,0.18890837,0.29514283,0.21210536,0.19751021,0.3628145,0.38611078
-0.047535896,0.29205197,-0.040371623,-0.0085735805,0.30747718,0.22043255,0.20546131,0.3999247,0.033360973,0.15700048,0.01866671,0.22740723,0.07146098,-0.08959854,0.23880666,0.046580836,0.4084803,0.054914128
0.0964298,0.38059342,-0.0049011656,0.13667078,0.34704316,0.3532128,0.43596596,0.4144994,0.21462017,0.2335225,0.09232679,0.31059963,0.25594077,0.054964334,0.40929613,0.1231582,0.5422388,0.1680735
0.34437162,0.212917,0.16037902,0.42096186,0.23179269,-0.016675951,0.049807705,0.17202896,0.23636645,-0.11978541,-0.07791683,-0.042220272,0.027669828,-0.15608898,0.006204069,-0.13873653,-0.0482383,0.12886277
0.17725666,0.4315003,-0.04444582,-0.09494673,0.43202776,0.3890903,0.3956142,0.36550045,0.12850852,0.32460576,0.1280217,0.32854962,0.21182066,0.019502413,0.3683125,0.17257795,0.47438592,0.041865826
0.26206252,0.14301302,0.18976368,0.07542005,0.18401143,0.27394468,0.3925658,0.13751802,0.1159612,0.15283895,0.38043755,0.10525082,0.23944347,0.26361787,0.15233073,0.2200857,0.2586118,0.3238905
0.051865563,-0.36843836,-0.16700217,0.0378818,-0.36256295,-0.16365325,-0.19026273,-0.29362044,-0.2144604,-0.034419887,0.061161347,-0.19121042,-0.08031781,-0.09812306,-0.24102974,-0.03530763,-0.28714633,-0.20915535
0.2797431,0.12437299,0.07053042,0.0042217057,0.12257266,0.19570303,0.20391393,0.2038193,0.25681654,0.19832377,0.19564854,0.42130768,0.11692734,0.1700587,0.15828083,0.19059768,0.33734542,0.047211856
-0.06219483,0.2587294,0.22016078,0.002685135,0.1883806,0.42178577,0.0795836,0.2262101,0.26913938,0.06590437,0.06344995,0.30647624,0.08783027,0.28207248,0.049800478,0.05848784,0.011588951,0.010423049
0.103859186,0.3437795,0.37688303,-0.07122618,0.39432538,0.27179664,0.32907903,0.2975919,0.011617662,0.22866845,0.18662691,0.18441567,0.24052387,0.26549727,0.13383949,0.18086419,0.18302274,0.3858437
-0.048893005,0.33055592,0.1683848,0.036259152,0.23194952,0.2619748,0.20390394,0.35686406,0.1587657,0.10889954,-0.02737522,0.35697925,0.13729936,0.013243007,0.29136485,0.024523713,0.33282086,0.10577869
0.14851937,0.2398277,0.13652858,0.4015357,0.17706081,0.21708736,0.34502774,0.13482645,0.02097477,0.022472244,0.14754912,0.13720043,0.2937011,0.05071856,0.17270923,0.11150452,0.2234179,0.24957493
-0.012461199,0.027606063,0.033096913,0.06520522,-0.037831046,0.08549048,0.27939597,-0.026788142,-0.034307912,0.07144232,0.119412586,0.21322255,0.047150873,0.13730782,0.23323044,0.06675506,0.35979134,0.16255522
0.11772719,0.2367199,0.13461752,0.1282238,0.27895033,0.2156436,0.291956,0.35580525,0.28723747,0.22460309,0.21476586,0.20857961,0.3542278,0.17848115,0.31448874,0.19271845,0.3158595,0.1554527
-0.006155492,0.05507636,-0.10965267,-0.059541676,-0.029425476,0.14301547,0.29710582,0.17618665,-0.008455304,0.1702817,0.20299928,0.36500663,0.1190694,-0.023726318,0.2609128,0.10729535,0.42280376,0.06223814
0.18453763,0.24932343,0.09109031,0.36532164,0.204787,0.09831752,0.12373863,0.26190278,0.08532973,-0.052265547,-0.07397978,0.04235048,0.13771349,-0.2556159,0.07053517,-0.07045649,0.09974842,0.16166246
0.13935056,0.27074057,0.086719535,0.07855977,0.3160941,0.3299429,0.08063938,0.2724682,0.1526685,0.18451953,-0.11268437,0.0998256,0.06907229,0.16765243,0.058883827,0.007896327,0.0643443,-0.10507129
-0.08208077,0.22455595,-0.037129078,-0.02436388,0.14618337,0.2878317,0.10156274,0.43630478,0.1591467,0.19104294,-0.09958047,0.35130495,0.051272087,-0.071290456,0.1582017,-0.057525516,0.28487688,-0.13779083
0.09365138,0.44535404,0.02100352,0.007797212,0.42055058,0.35259205,0.35690647,0.23177305,0.15058005,0.23946945,0.22584796,0.34366006,0.21248415,0.04390233,0.2481476,0.22492035,0.4574443,-0.05387806
0.3072276,-0.24220656,-0.0789722,0.29858464,-0.21332583,-0.06928032,0.08497122,-0.14700891,-0.06862658,-0.115133055,0.2067088,-0.12234686,0.035881214,0.04752589,-0.069520146,0.015672185,-0.040120296,0.13776231
0.43152133,0.39153156,0.14698976,0.09900398,0.41379756,0.45756975,0.41482496,0.52722436,0.30885345,0.34221426,0.10368242,0.37367955,0.30758408,0.11700187,0.3205803,0.17066506,0.39234114,-0.013500601
0.20358798,0.37188476,0.17449036,-0.045706898,0.29512566,0.38996586,0.2857731,0.25870892,0.10441723,0.19779053,0.20475179,0.44724837,0.19521049,0.05788046,0.21580134,0.19392195,0.36481372,0.1206242
-0.005495681,0.11380535,-0.08740759,0.1713334,0.09496476,0.27991885,0.25081062,0.3493241,0.06442997,0.15632239,-0.009290153,0.107610025,0.14143568,-0.06276536,0.18925932,0.009745216,0.2862782,-0.099806145
0.18503775,0.4747945,0.16346103,0.06897993,0.45566505,0.402477,0.3234665,0.3315699,0.3722965,0.18461257,0.048842683,0.47069633,0.22200176,0.10463645,0.37819433,0.19816142,0.4529624,0.11958588
0.27316394,0.25603414,0.1250115,0.011945487,0.14869395,0.25891304,0.1477429,0.32832053,0.15006992,0.17351693,0.03978055,0.28184152,0.08448199,0.14125785,0.21327737,0.017728444,0.22705126,-0.016904933
0.06142614,0.17231919,-0.061451644,0.37326747,0.1474975,0.21661246,0.20184216,0.1102439,0.008436268,0.020293962,0.030075056,0.098945096,0.13371322,-0.07678492,0.06753942,0.01582059,0.17683795,0.023615487
0.42765746,0.24885312,0.3035031,0.4042875,0.2716472,0.13794625,0.17944494,0.096056625,0.07533522,-0.15307806,-0.020345692,-0.10080351,0.035538502,0.08684857,0.04711091,-0.0565776,-0.030063033,0.3385759
0.09002158,0.27133214,0.30394906,0.2419653,0.259368,0.3291686,0.24577077,0.33341745,0.46359342,0.101806775,0.04051342,0.23786698,0.31827435,0.07630268,0.17351234,0.17171888,0.07386261,0.109155566
0.13610944,0.37557378,0.13013464,0.004790897,0.44851214,0.4063182,0.35800928,0.28304332,0.3524297,0.28900957,0.18392956,0.2971756,0.2772429,0.2252049,0.327099,0.26832372,0.29673448,-0.1263643
0.3251551,0.04397013,-0.12668267,0.1882009,0.05293535,0.18546432,0.20993392,0.16665778,0.28065437,0.13952643,0.061435726,0.13429905,0.18141723,0.017109994,0.18918869,0.105732605,0.16155177,-0.042472605
0.4388361,0.43715486,0.40186158,0.05850984,0.46277398,0.2953263,0.40311238,0.35276586,0.21913621,0.20338224,0.24279305,0.28563747,0.29491103,0.27929538,0.290509,0.2248351,0.31670272,0.41587287
0.033577472,0.24885347,0.021791954,0.3374685,0.20546499,0.15904912,0.13627332,0.32004964,0.21109557,0.052197296,-0.012687588,0.23909676,0.10989186,-0.031692214,0.106397524,0.013320753,0.18211228,0.010962655
0.44857672,0.21330097,-0.004994482,0.13321146,0.28196448,0.34843862,0.30483174,0.23957364,0.10755654,0.28075367,0.08190461,0.091420695,0.2141379,0.101818904,0.19363326,0.13000461,0.17679438,-0.15019599
0.16480598,0.2551514,0.24587159,0.28624505,0.28153837,0.21096231,0.12971076,0.112634666,0.07833858,-0.1422652,0.0038750353,-0.0915998,0.009300258,0.021150634,0.00043231295,-0.094166994,-0.09871934,0.40403873
-0.12673323,-0.07963902,-0.33685023,-0.19829166,-0.17160851,0.16005063,-0.059739146,-0.03048398,0.025740005,0.25364697,0.0978151,0.35123008,0.008824848,-0.14148024,-0.026747886,0.099264815,0.1377841,-0.40968844
0.18050382,0.52618897,0.21078466,0.096000925,0.43882036,0.36885542,0.3373119,0.41988066,0.20157173,0.2640629,0.044188812,0.34029388,0.336982,0.10917239,0.34401315,0.1581243,0.3380726,0.14754122
0.28386137,0.027070686,0.09464567,0.33249342,0.047677852,-0.015596169,-0.047578774,0.070723,0.27872908,-0.11845857,-0.09167031,-0.05229424,-0.052802507,-0.024312153,-0.08343463,-0.098446235,-0.12719283,-0.033046346
0.2289435,-0.17322105,-0.07826725,-0.12554125,-0.10275628,0.030212458,-0.106926344,0.05881981,-0.010272269,0.09192523,-0.05353237,0.03520555,-0.08897355,-0.25208414,-0.076746695,-0.020228747,0.024396297,-0.17187434
0.10632169,0.44144398,0.13704029,0.033501238,0.33823246,0.37297878,0.19788471,0.27220294,0.15890017,0.20936593,0.052379012,0.40476835,0.2145503,-0.049376525,0.21827099,0.1392977,0.29895085,0.011891382
0.31974977,0.25617498,0.09830079,0.17103752,0.20841718,0.26129887,0.32761294,0.32782966,0.34164676,0.28001148,0.12441036,0.24914123,0.32264656,0.17536175,0.2942307,0.14959101,0.24754348,-0.0077604065
0.16006695,0.2147507,0.35647452,-0.037720248,0.30856535,0.26315707,0.20855564,0.2590773,-0.027225135,0.1644791,0.26085842,0.09573641,0.1645345,0.19303173,-0.022276059,0.16316473,0.10476085,0.3071344
0.07686074,0.17387867,-0.030863538,0.36696106,0.15928881,0.14157796,0.07997766,0.15645994,0.06769913,-0.08306395,-0.01071627,0.08739183,0.061845828,-0.14237697,0.024439916,-0.08080964,0.15119927,0.05402008
0.074393615,0.2763391,-0.004530097,0.47933426,0.24027163,0.094380245,0.16538146,0.08256015,0.21168266,-0.022533568,-0.04526916,0.010078453,0.010355361,0.08107917,0.04321357,-0.05475593,0.047604233,0.067529224
0.113967404,-0.013018021,-0.028857417,-0.1590688,-0.05754379,0.19496211,-0.054790232,0.1683312,0.117709875,0.27748135,0.010384558,0.2540501,0.045392856,0.034532297,-0.091437444,0.081739545,0.012547232,-0.31384614
0.12785769,0.2124843,0.09820273,0.11122167,0.25825062,0.15852058,0.12379994,0.046497963,-0.0007339949,0.049974497,0.018525396,-0.057851948,0.09271413,0.048258442,-0.056697045,0.082879566,-0.03102414,-0.06883317
0.0476204,0.20788628,0.054879565,-0.08896035,0.22900581,0.35991585,0.11914551,0.14698794,-0.012788639,0.20343018,0.022652313,0.07351169,0.119405314,0.0021657986,0.1676197,0.17037901,0.1759453,-0.1029935
0.3661137,0.1714427,0.30921888,0.49728388,0.18070206,0.04870359,0.097622104,0.007247355,0.1468378,-0.19727686,-0.00090438244,-0.17587107,0.0069123767,0.17494784,-0.062452108,-0.07670462,-0.19918427,0.33916754
0.13105458,0.3847908,0.2326056,0.059008557,0.37747204,0.3328368,0.32895547,0.2065826,0.12596492,0.16321613,0.34355485,0.18291569,0.24746853,0.20330915,0.14673993,0.21429394,0.27227104,0.29514447
0.0074583464,0.08371485,-0.18802996,-0.13298097,-0.017608307,0.17762396,0.2618031,0.14181387,0.04777383,0.2674736,0.17319661,0.4758752,0.1522137,0.04285202,0.3262787,0.14925665,0.48531863,-0.0780369
0.070256874,0.38921225,0.16415423,0.23653173,0.28194815,0.31257826,0.31237638,0.32918018,0.34508756,0.17653334,0.084438264,0.42753887,0.2596225,0.15023595,0.2862985,0.1655502,0.34656155,0.21162441
-0.06062804,0.17853716,-0.19588959,-0.034592293,0.03632307,0.23681252,0.22122033,0.131978,0.34644276,0.26867545,0.15958707,0.3913101,0.13038883,0.16259494,0.25999528,0.16442356,0.28124827,-0.20546505
0.34766257,0.5042807,0.29028073,0.06966242,0.42887348,0.42291445,0.38611457,0.37460935,0.1540274,0.2284388,0.026010714,0.36865258,0.25339222,0.06414728,0.3754039,0.14245261,0.4266971,0.12683803
0.11542069,0.33208305,-0.04146821,0.11124824,0.2776633,0.33305424,0.3593508,0.30187654,0.090370394,0.29307866,0.17166626,0.2999369,0.24386784,-0.04290647,0.18805644,0.17828505,0.28904468,-0.09606098
0.13727906,0.20869973,0.056406304,0.03923603,0.1912007,0.2972648,0.39482927,0.34514755,0.1141772,0.2334435,0.19391623,0.22739904,0.20483398,0.1812554,0.23224083,0.17285402,0.24845207,0.023593001
0.012372238,0.30421752,0.038525734,0.043261677,0.26067626,0.34674948,0.30886254,0.19894522,0.044508792,0.14063534,0.10712485,0.10225797,0.16008483,-0.09203543,0.17719543,0.12647182,0.22196537,-0.15201625
0.013088872,0.46518683,0.20690238,-0.008308131,0.396791,0.47313076,0.28163642,0.42365688,0.20501164,0.25719643,-0.014252916,0.42435244,0.273074,0.09600781,0.3159104,0.13878652,0.3453946,0.07770297
0.39952555,0.4342996,0.24958093,0.13582087,0.37598312,0.39357626,0.30425787,0.21199936,0.023898374,0.13219427,0.12098528,0.17895588,0.2185534,0.0975139,0.21341416,0.14553934,0.24009627,0.090361275
-0.08667341,0.34623992,0.1750977,-0.01638735,0.36019826,0.27533615,0.16898529,0.35694864,0.13513534,0.14387158,0.10693638,0.33613536,0.12078348,0.13254657,0.07307556,0.04793916,0.18705803,0.10999126
-0.1911803,0.0823631,-0.15535265,-0.10305285,-0.038358897,0.14749068,-0.08966997,0.18762168,0.075099915,0.117131874,0.12593295,0.32814744,-0.02902352,-0.099118836,-0.050770514,-0.021626273,0.09928016,-0.20813374
0.27728128,0.046418916,0.09526854,0.015361617,0.12640768,0.23716855,0.23403631,0.37508842,0.39438197,0.16854216,0.17534818,0.2544148,0.1980213,0.26002252,0.34743705,0.17757896,0.38626444,0.14257279
0.23856026,0.40805405,0.27190578,0.28315085,0.43675244,0.37647405,0.31450164,0.35457247,0.052229706,0.07215844,0.04615686,0.07558679,0.24530129,-0.007251867,0.22460008,0.10366367,0.26179707,0.137939
0.17714958,0.17082907,-0.007533031,0.46166807,0.106441185,0.012862824,0.24763623,0.09650604,-0.030227387,-0.02487196,-0.013951916,-0.1351638,0.0670332,-0.104382485,0.045151573,-0.14363948,-0.03862153,0.1205384
-0.032427356,0.3371196,0.054344945,0.07846222,0.29036763,0.38416344,0.3071238,0.354513,0.0391822,0.18316154,0.021791771,0.27628738,0.22772644,-0.01499545,0.26546603,0.15036328,0.38877308,0.027734436
0.26930586,0.13809955,0.1076075,0.40838665,0.16375832,0.19000226,0.3281589,0.18672958,0.2568245,0.03114539,0.1684466,-0.008190394,0.29012138,-0.0066674175,0.11330529,0.09620482,0.046506368,0.18434006
-0.047434248,0.19537222,-0.085635856,0.43695873,0.123386115,0.12109663,0.1784457,0.17915776,0.21148017,-0.0015679495,0.019958071,0.077282816,0.09803393,0.0452063,0.16587351,-0.013862991,0.10885255,0.07511982
0.309513,0.42565662,0.23539163,0.07355578,0.4475937,0.3724948,0.29769462,0.31188068,0.38853338,0.1698365,0.09104033,0.29318267,0.24868995,0.20198631,0.34978348,0.17262343,0.3128717,0.2029858
0.373685,0.08509962,0.27077574,0.29652017,0.11210893,0.09989889,0.2056424,0.08612334,0.090122096,-0.08451577,0.028529437,-0.057134427,0.13294989,0.08885601,0.1219028,-0.029953953,-0.036987554,0.2923231
-0.0037812947,0.29921332,0.37639952,0.33549082,0.3357721,0.18564169,0.23097244,0.37083802,0.37059006,0.07961024,-0.13936186,0.18359287,0.27299228,0.13690814,0.20543712,0.048730627,0.05396522,0.2694021
-0.049413357,0.2305052,-0.03840308,-0.12956181,0.11308308,0.43219543,0.07304852,0.10695183,0.04536596,0.16175413,0.21372482,0.24250387,0.02474732,0.029596642,0.027486235,0.104035355,0.1709626,-0.10859661
0.124549046,0.43342775,0.015521425,-0.029433371,0.3682028,0.3936193,0.3442717,0.4436794,0.22277945,0.25943208,0.024499334,0.37819105,0.17425327,0.04245077,0.33901864,0.08612028,0.47544718,0.09648538
0.06264565,0.10038702,-0.15665476,-0.15053204,0.10481262,0.26851946,0.096205115,0.27420056,0.23239553,0.31441367,-0.12932606,0.24062327,0.032840356,0.059571147,0.15180507,0.015719064,0.19736384,-0.22794577
0.35532087,0.49690026,0.4507364,0.07280071,0.4370239,0.40993422,0.4086095,0.21543661,0.1579113,0.17415796,0.17257294,0.28833145,0.26233512,0.30658877,0.26171997,0.18072948,0.29620358,0.4654889
-0.03420222,0.30699235,-0.09560232,-0.17287356,0.2876391,0.4469781,0.28954142,0.34604138,0.16159603,0.29439694,0.11511698,0.36950266,0.08933985,0.10413284,0.32890537,0.112369925,0.38973385,-0.11108278
-0.002696712,0.21990207,0.038562592,0.41826132,0.16674685,0.15839313,0.1807231,0.25774187,0.296616,0.028112475,-0.0348143,0.15417871,0.15009147,0.057595942,0.154294,0.03110709,0.14560366,0.05325816
0.082649395,-0.10102053,-0.16505405,-0.09261946,-0.12971938,-0.06763017,0.10285087,-0.19769296,-0.1534642,0.11440984,0.13866621,0.028174743,0.050337605,0.03450906,0.05963126,0.12704563,0.0046231975,-0.061178308
-0.052656166,0.04408793,-0.17339337,-0.055085093,0.0062837293,0.24426438,0.2800253,0.041858755,-0.096618496,0.20455365,0.11696559,0.19884752,0.02874364,-0.0138779655,0.13751125,0.11167806,0.29318365,-0.14753643
0.0017309589,0.24663614,-0.10695611,-0.026423147,0.13058235,0.3473939,0.30654728,0.41247076,0.24133919,0.2941298,0.04635123,0.44927934,0.14425817,0.079468116,0.27392715,0.093259245,0.41178986,0.0024072244
0.25271213,0.21790063,0.24570443,0.18820176,0.22804746,0.21070129,0.23134679,0.25751394,-0.11274754,0.07858553,0.13132703,0.0043739597,0.19796352,0.06757146,0.09024275,0.06750901,0.11428885,0.1773196
0.45136094,0.1406382,0.28015292,0.44557035,0.1559627,0.13695662,0.084031805,0.046550423,0.23359443,-0.12199485,-0.078271106,-0.053948842,0.061983682,-0.07243508,-0.06363946,-0.0565619,-0.15755604,0.102680236
0.0045545185,0.4556074,0.169687,0.1998488,0.37330866,0.3722878,0.30560562,0.35865015,0.24644367,0.14210612,-0.039004937,0.38760433,0.19388077,0.058917686,0.33625048,0.06639964,0.41215765,0.07543807
0.06915115,0.5083931,0.08179662,0.0023450055,0.38018253,0.4339873,0.35219395,0.29111558,0.26669282,0.24486151,0.04079236,0.35488248,0.19249454,0.19166237,0.4413735,0.14161277,0.43354368,-0.023095578
0.14337893,0.28573817,0.030403443,0.43563735,0.1989918,-0.0008945968,0.20762907,0.07739752,0.104448155,-0.0189352,-0.04533504,-0.020386228,0.055431616,0.0511379,0.06458849,-0.05664,0.016023671,0.092134036
-0.11689745,-0.009923753,-0.2391452,-0.08176482,-0.081874534,0.07481924,0.111982785,0.17517027,0.30981547,0.16693658,0.118615955,0.2835272,0.11007095,0.07818983,0.3508921,0.100145325,0.36023027,-0.16765352
0.26184547,0.48739296,0.27068505,0.14450753,0.44791847,0.35849613,0.36381975,0.39069286,0.31433547,0.20291004,0.009814513,0.4171902,0.29466748,0.0074610533,0.36713403,0.1653204,0.4152442,0.23434179
0.0886,0.52242684,0.14620623,0.06349212,0.48241878,0.4654401,0.38503754,0.49792987,0.2258474,0.23671967,0.026776467,0.3513278,0.2699652,-0.0027518664,0.3726645,0.17813541,0.46829802,0.07319395
0.26808518,0.27502015,0.10212701,0.38204625,0.29786587,0.41343924,0.34035647,0.27838188,0.34627718,0.122647986,0.08942182,0.115497366,0.2693296,0.05993058,0.21582055,0.17062232,0.16717547,-0.03248041
0.38651875,0.2927778,0.21288866,0.1969718,0.2190609,0.23926473,0.31384104,0.23953363,0.22185786,0.17007495,0.107103154,0.20822081,0.20197645,0.26166528,0.14428326,0.14763828,0.16399246,0.0978574
0.09814365,-0.024958404,-0.08651699,0.035316903,0.00053315144,0.08141117,0.12212848,0.33881882,0.24990636,0.22912589,0.13961047,0.27210683,0.21271291,-0.059649054,0.20907632,0.12644766,0.24650522,-0.18566778
0.015428711,0.3680309,-0.0073701646,-0.05008046,0.3413301,0.3164186,0.35181105,0.38730443,0.10536919,0.29550382,0.17656797,0.2486512,0.24172011,0.13873261,0.44226554,0.15158041,0.3869603,0.027494954
-0.01955623,0.25679067,0.10321368,-0.106451266,0.28972596,0.33177552,0.3585133,0.36320657,0.109640054,0.3302341,0.27692366,0.2343944,0.23148641,0.28670555,0.21415354,0.2109515,0.16521576,0.1784881
0.4106909,0.4517134,0.089112915,0.08008422,0.45293412,0.30387992,0.42208812,0.34731844,0.33578914,0.2627729,0.17694604,0.2647757,0.31851143,-0.010037738,0.3794714,0.25873733,0.38907033,0.007828601
0.08158788,0.0042964066,-0.06022092,0.3204662,-0.0050742594,0.006617642,0.12319781,0.08993171,0.24276824,-0.045426115,0.042181134,0.10577997,0.035432197,0.054055884,0.11245802,0.015844,0.14599642,0.055025276
-0.024830984,0.30038744,-0.07000233,-0.030670892,0.22601318,0.30941534,0.3570569,0.33311287,0.2031943,0.3194362,0.09623787,0.40587473,0.16597508,0.23626003,0.30061337,0.15661004,0.43100193,-0.013497014
0.057871733,0.3261001,0.27556682,0.1522681,0.37093228,0.30133235,0.35544318,0.23476037,-0.027274953,0.08599305,0.16317627,0.17219067,0.23604824,0.03659457,0.11723192,0.18685552,0.32810783,0.33746272
0.5103624,0.42313647,0.24619868,-0.0068627354,0.4405289,0.3643093,0.19650334,0.32033598,0.2722069,0.25332725,0.043286406,0.2616278,0.16592109,0.06046842,0.22094426,0.17781472,0.25809997,0.045531467
0.084610075,0.3381691,0.050347827,0.114407115,0.3257866,0.28526038,0.2606159,0.34606975,-0.0029771319,0.2078425,0.065941855,0.1899956,0.2013351,-0.07198776,0.0824457,0.12319904,0.24057607,-0.01661798
0.022781257,0.46978116,0.05908439,0.07330231,0.41210333,0.4228032,0.463684,0.2613346,0.28332,0.21673045,0.081189744,0.31820276,0.28427207,0.094052926,0.5194828,0.22386277,0.5136058,0.05165674
0.050493546,0.35350686,0.21421346,0.0234271,0.38284445,0.2742144,0.4209413,0.19624206,0.027515259,0.19072244,0.3475368,0.17966017,0.25770205,0.18374254,0.31500223,0.2715644,0.42507398,0.3648178
-0.18395871,-0.16735342,-0.27455592,-0.10961749,-0.20686433,0.06734797,-0.0495715,0.08561243,-0.14456663,0.1403266,-0.01818648,0.15107885,-0.13905865,-0.22445835,-0.05394229,-0.08982537,0.06453892,-0.19150846
0.015736107,0.05926612,-0.08077885,-0.05179002,0.08465627,0.18260354,0.13160762,0.05601231,0.25176537,0.17236845,0.027836002,0.2393314,0.106012076,0.21054885,0.20891762,0.10314983,0.121815324,-0.14322
-0.0056155324,0.19714555,-0.027315618,0.039107848,0.065482855,0.22931173,0.3829376,0.27222604,0.14761119,0.3114609,0.16688135,0.4391101,0.2060569,0.18559375,0.30161756,0.13486198,0.37619108,0.07692197
-0.087345004,0.19860154,-0.03138277,0.22354668,0.10973346,0.32546073,0.17443404,0.17056815,0.1512151,0.067600265,-0.007657191,0.38471985,0.08857344,-0.1260964,0.1432465,0.017442882,0.3284117,-0.0010698186
-0.030533,0.3040341,0.007097922,0.12578577,0.20222418,0.29253945,0.2803226,0.34282953,0.36132997,0.19296286,0.09766152,0.49099827,0.19295053,0.14927404,0.29413602,0.13435349,0.43681106,0.11067927
-0.015582619,-0.09719561,-0.07477413,0.20732746,-0.1234533,-0.05256176,0.018445045,0.07909305,0.17499033,0.05342561,0.22651115,0.12732556,0.16458993,0.13363257,0.076368734,0.10005152,0.03978741,-0.03230142
0.007536754,0.28520307,0.14227238,0.10530886,0.27555782,0.21525894,0.18118359,0.24096902,0.48889464,0.17960638,0.13327986,0.35710263,0.22071895,0.14563924,0.2506398,0.23586485,0.2357939,-0.07763186
-0.042948432,-0.13909447,-0.19368121,-0.06285844,-0.121094055,0.039330475,0.16594128,0.014199985,-0.1587829,0.033875342,0.13654079,0.09148839,-0.03911656,0.037171908,0.23571846,-0.0017274064,0.3672308,0.039595816
0.038243987,0.44392678,0.12627462,0.013494077,0.31739154,0.42206538,0.31445232,0.29709074,0.18140182,0.2880956,0.17945988,0.47031605,0.30579582,-0.005787071,0.27923328,0.27059156,0.32754123,-0.0021470683
0.08338024,0.38415772,0.0776898,0.01787972,0.3464577,0.24943885,0.33734244,0.20782916,0.12486634,0.10677628,0.29931742,0.15626672,0.25618398,-0.016687833,0.17753832,0.2545889,0.27284727,0.15709916
0.089543596,0.12362638,0.01873869,-0.068170466,0.018373678,0.10525662,-0.0028823463,0.16035685,0.12361264,0.12615876,0.044772025,0.40551746,0.085752405,-0.12537518,0.1525924,0.070371106,0.29299384,-0.08725415
0.36680785,0.2250121,0.04741884,0.23307914,0.18965128,0.2146787,0.25536045,0.38537538,0.3745988,0.15284733,0.031181972,0.33888227,0.27549964,0.061258998,0.27099758,0.09697511,0.28923666,0.009643472
-0.07458834,-0.09458114,-0.24961013,-0.041954413,-0.17163084,0.14259756,-0.17549199,0.014635399,0.08630362,0.085825115,0.06857917,0.1751192,-0.13365977,-0.077522896,-0.16729861,-0.039660253,0.010469228,-0.33604124
0.04646245,0.19414333,0.019697843,0.4988011,0.19995888,0.051982135,0.26867712,0.27731073,0.31089455,0.05987289,-0.04888506,-0.010069856,0.12636611,0.11894273,0.13309306,-0.02771537,0.025523476,0.14421861
0.22113273,0.20401135,0.09137286,0.24572098,0.13714781,0.28311896,0.14747037,0.25483176,0.012640294,0.15216365,0.04325722,0.096291795,0.22436172,-0.070605375,0.07839862,0.112649985,0.10708315,-0.1133979
0.21868378,0.08404541,-0.19354826,0.0008821301,0.22173682,0.06804733,-0.043645173,0.029725034,0.07525782,0.081206575,0.040270086,0.06902324,-0.040464662,-0.13895655,-0.07904254,0.022080213,0.07002187,-0.2537631
0.08351055,-0.18928708,-0.07396829,0.18832739,-0.22430936,0.044283174,0.06358719,0.0650771,0.08551384,0.020647334,0.122231826,0.3582301,0.10836294,-0.12096909,0.08158536,0.054214776,0.30589008,0.10791528
-0.10922016,-0.25456798,-0.34613687,0.005415897,-0.24246922,-0.14079227,-0.12646201,-0.24575077,-0.105306186,-0.012527517,0.03993106,-0.005370983,-0.0808639,-0.28554845,-0.16645338,-0.057023562,-0.092295274,-0.13914067
0.035901017,0.42424005,0.007508349,0.12119116,0.29987884,0.33673912,0.3004614,0.24860874,0.25756603,0.19063199,0.03460254,0.4172543,0.1658319,0.1000629,0.31045717,0.1133059,0.40965742,-0.026010625
0.16961786,0.18530317,-0.0035562357,0.11023492,0.1658108,0.20179844,0.27753502,0.1749906,0.19626859,0.20663868,0.038181096,0.22854578,0.18288487,0.023269955,0.17827329,0.088594116,0.2140604,-0.1323021
-0.059660498,-0.0043331776,-0.1964748,-0.15096807,-0.0041884677,0.13077533,0.30854547,-0.0056138923,0.096586816,0.20938827,0.14222643,0.10650718,0.13275784,0.082035795,0.37609315,0.15487754,0.25325963,0.021012861
0.15129328,0.36659542,-0.0054451847,0.005008585,0.33052987,0.3725908,0.19224496,0.33586922,0.27770603,0.22702003,-0.032089077,0.2832358,0.09921993,0.06506661,0.16907436,0.11516373,0.24215022,-0.2041252
0.34404382,0.4313664,0.35358262,0.015820961,0.44553524,0.29964244,0.31692535,0.34608006,0.25328884,0.2615438,0.105482206,0.2979781,0.2710148,0.07307428,0.26507136,0.20169762,0.27729464,0.14152443
-0.01041252,0.22120675,0.041506607,0.32945636,0.14199984,0.21058343,0.102971196,0.2057051,0.21664813,0.069928005,-0.03000267,0.22353992,0.15804824,-0.007182709,0.1883407,0.06322789,0.23839086,-0.045902096
0.38686323,0.3636266,0.29634404,0.016211815,0.3888132,0.40394145,0.28138655,0.34023473,0.1907027,0.24429359,0.017252158,0.1755288,0.14484155,0.18675469,0.14326192,0.11466855,0.109830566,0.040767625
0.3638169,0.005144541,0.23734248,0.31199354,0.06553957,0.13062385,0.12522468,0.03930384,-0.002053008,-0.16873798,0.08868908,-0.094604164,0.10883497,0.010955135,-0.026165944,-0.028995242,-0.057659537,0.32177848
0.29214114,0.35211354,0.20402953,0.1719853,0.3575,0.3291854,0.35254255,0.26998115,0.10167628,0.11656937,0.060542926,0.10546324,0.2685929,0.16906217,0.26272434,0.12598401,0.27271873,0.23518628
0.09550103,0.19460733,0.06552932,0.34097096,0.19431558,0.19158952,0.23391174,0.2857715,0.32763952,0.08802987,-0.060247794,0.14954838,0.22058278,0.061712418,0.1818963,-0.01950423,0.102068394,0.037500903
0.0778802,0.03437262,-0.07921668,-0.027139246,0.06792726,0.21647802,0.28236246,-0.028932197,0.021018751,0.1788695,0.1136628,0.063110955,0.109717205,0.027817786,0.1823231,0.15964544,0.14675976,-0.044162754
0.25241852,0.25294137,0.2712794,-0.09793714,0.3599252,0.33149803,0.19497034,0.4515932,0.36349154,0.24985488,0.013933048,0.2846874,0.26485065,0.17754437,0.1890824,0.16376449,0.18245634,0.19324428
0.08220524,0.5218127,0.11274197,0.20611468,0.45640415,0.42311585,0.42343572,0.3772155,0.33559373,0.21160594,0.039527446,0.42173076,0.2643233,0.07184324,0.376549,0.19171977,0.43081993,0.08382808
0.12962908,-0.29570192,-0.1815691,-0.21916635,-0.10453044,-0.022692654,-0.043605424,-0.04980792,-0.0011989535,0.13027617,0.09904683,-0.051607955,-0.07075204,0.02452572,0.0008601076,0.13532573,-0.012724115,-0.24878016
0.08741349,0.05930978,-0.07922651,-0.03129224,0.10264789,0.16739458,0.22652426,0.33196357,0.27245915,0.29592687,0.08204776,0.20409715,0.11789645,0.15218656,0.15328735,0.08732745,0.15065488,-0.09107596
-0.11529638,0.1315577,-0.11682034,-0.11700989,0.15510124,0.19109514,0.1370194,0.14358336,0.095753714,0.14549506,0.36081925,0.1495686,0.053299595,-0.06747998,0.14899331,0.13852713,0.28129137,-0.096418306
-0.0037495142,0.3013234,0.07573802,0.498378,0.2858325,0.052314747,0.15981215,0.11744687,0.19597977,-0.06356779,-0.040900927,-0.06452237,0.04377674,0.032949448,0.07660873,-0.03255286,0.021823447,0.17988491
0.11501597,0.06924132,0.13264693,0.26217026,0.12250274,0.14696395,0.18055725,0.34931195,0.23170924,0.16530958,-0.016015453,0.16905436,0.2161652,-0.0138348695,0.080581665,0.01596124,0.04699791,0.119541004
0.11336263,0.17213354,-0.090603955,0.21734576,0.07028764,0.13335103,0.29885298,0.14278457,0.2215546,0.21213952,0.1567183,0.3953144,0.2051176,0.086566724,0.28194568,0.16700606,0.383876,-0.023494018
0.28668517,0.082006335,0.10953763,0.36576802,0.058455225,-0.044803496,-0.037961885,0.026200302,0.26827323,-0.14205718,-0.032083943,-0.096448556,-0.064061426,0.09830247,-0.04550135,-0.1277315,-0.17458522,0.08180469
0.29146427,0.261594,0.121035926,0.047967464,0.22329825,0.3073058,0.23662508,0.15721181,0.16961773,0.12648986,0.10953313,0.10428725,0.22647431,0.03990414,0.14513272,0.17499074,0.17198236,0.026502881
0.016459027,0.29641005,0.13757256,-0.01816975,0.33797693,0.28538108,0.24121395,0.14043768,-0.15710093,0.047242347,0.18443835,0.12176781,0.061953515,-0.059107028,0.035103828,0.111614294,0.35019267,0.26335165
-0.09939378,0.0083243335,0.12974909,0.05150248,0.06968442,0.007443314,0.18379727,0.042445518,0.08738457,-0.008836559,0.25106847,0.0640377,0.11677245,0.09581466,0.10398939,0.22971138,0.25628483,0.2222324
0.08582477,0.46428207,0.31630194,0.011229869,0.34167832,0.5126046,0.36879423,0.23326357,0.14639036,0.17632541,0.16745336,0.33766672,0.22617613,0.23907334,0.26998216,0.15519711,0.3009748,0.20169058
0.016322317,0.06398328,-0.15426877,0.3684063,0.056364592,-0.060045585,6.0187653e-05,-0.023119483,-0.028365338,-0.08030805,-0.0954552,-0.15523611,-0.04207079,-0.10791154,-0.15656504,-0.1364001,-0.12733337,-0.11395867
0.01801693,0.49177784,0.017967306,-0.041554317,0.40969777,0.41970122,0.39605725,0.43822926,0.26565683,0.28586727,0.06895269,0.45451617,0.19710094,0.12588263,0.43597984,0.13788748,0.5512823,0.14544293
-0.0024732398,-0.05545122,-0.03264042,-0.03502111,-0.082849756,0.17032072,0.26544192,0.27677807,0.18792105,0.18256411,0.077576876,0.21795289,0.12381391,0.15546381,0.24800557,0.11153603,0.20238976,-0.009004945
0.18354613,0.31866622,0.18455122,0.23012736,0.3303337,0.2703489,0.23693517,0.47660422,0.2807752,0.1676033,0.017260779,0.29418427,0.3050092,-0.061648205,0.27081177,0.18617459,0.3580503,-0.021666475
0.025781643,0.23190722,0.09552622,0.08981386,0.15276635,0.35438243,0.1738257,0.17629471,0.20547035,0.11165945,0.19617379,0.24568279,0.22998682,-0.049068097,0.19120954,0.21732523,0.23801014,-0.16133913
0.2992615,0.034768753,-0.045728724,0.39228612,0.031162102,0.0033737645,0.14945155,0.23566249,0.14108598,0.022325175,-0.072654605,0.015910737,0.09192331,0.00847091,0.06642163,-0.042274255,0.059227362,0.031202937
0.04478047,0.16302083,0.08917317,0.1053131,0.20989877,0.31518626,0.22674909,0.12952173,-0.021375231,0.041067176,0.18076572,0.14536357,0.08329911,0.12163853,0.054659847,0.070719406,0.30256292,0.31506622
0.4129958,0.2582224,0.29393572,0.30810875,0.24475026,0.100973256,0.0618897,0.090947434,0.14401843,-0.13050632,-0.069739446,-0.18038854,0.029103644,0.009076426,-0.03673103,-0.08539577,-0.21749811,0.16496265
0.37370023,0.39344877,0.38218734,0.2128465,0.46959358,0.28524062,0.2650683,0.43608132,0.45410967,0.15167458,-0.00079187565,0.19436938,0.33186677,0.1462614,0.34546006,0.26068735,0.26724184,0.14843452
-0.04467421,0.06253114,0.34114096,0.058414318,0.07383481,0.04905758,0.11479811,0.16154811,0.2225668,0.19453622,-0.07789892,0.106800064,0.12550616,0.29998362,0.08401531,0.14346364,-0.050308682,0.07862445
0.020820681,0.47955406,0.11805319,0.068675146,0.38899115,0.34127724,0.37815148,0.30692965,0.025878184,0.17536408,0.06024131,0.32277003,0.2320402,-0.06630864,0.30904996,0.14277445,0.4592132,0.13685781
0.22304979,0.56409705,0.19407904,0.030302096,0.4211266,0.50647974,0.38563043,0.28287786,0.23733556,0.20842013,0.026083212,0.41508654,0.22467513,0.14573565,0.37933272,0.138697,0.43495938,0.16827166
-0.01845032,0.426045,0.19318348,0.09617709,0.38540065,0.32848677,0.3216287,0.37035394,0.05935598,0.17632273,0.015356089,0.37031442,0.21999407,-0.014769702,0.28998291,0.114172176,0.45772848,0.282273
-0.062274385,-0.20519836,-0.15504584,-0.21865647,-0.14496712,0.15842296,0.04964287,-0.06940913,-0.0076317294,0.1275899,0.22982636,0.05193443,-0.035167653,-0.03963891,0.048424453,0.1883342,0.17401287,-0.22874135
0.1503413,0.50534827,0.3596357,0.04924108,0.49313813,0.43047523,0.40902442,0.33569527,0.2673126,0.20890626,0.3111225,0.36927652,0.38329327,0.20379114,0.29323357,0.31738415,0.35393983,0.27532113
0.09424223,0.11661026,-0.09604789,0.17118838,0.088975914,0.21686697,0.14425582,0.327998,0.30912185,0.2003178,0.086826965,0.3006746,0.24122441,-0.08811095,0.19375366,0.08441486,0.29096982,-0.18580127
0.06546886,-0.3266,-0.2741551,-0.18158388,-0.22799365,-0.05335186,-0.15322445,-0.09187779,-0.0014119982,0.12506299,0.016796574,-0.12749517,-0.13667901,0.06511016,-0.21033457,-0.031260658,-0.23075654,-0.2657174
-0.005358546,0.18274918,0.022026423,-0.07973702,0.10764975,0.39382005,0.20695834,0.24854296,0.38236386,0.20254862,0.041636184,0.36352944,0.16788122,0.24595281,0.26619583,0.13724121,0.2603082,-0.12820737
0.25794303,0.43601084,0.07475708,0.1222155,0.3874907,0.41035664,0.35783538,0.34644374,0.21322073,0.30492306,0.060219213,0.40916175,0.32347283,-0.016460286,0.32071286,0.19288084,0.43215892,0.053093664
-0.18985456,-0.12733209,-0.29710448,-0.070567675,-0.2716592,-0.019186191,-0.16773018,-0.029685674,-0.035023365,0.122812316,-0.033119313,0.1963058,-0.08137354,-0.24754557,-0.072543085,-0.03649378,0.046487182,-0.2567277
0.15472883,0.41207057,0.021538846,-0.049434565,0.26472354,0.44552648,0.35640895,0.28361198,0.31285584,0.30761093,0.12438271,0.3434767,0.17910486,0.3393734,0.38244122,0.1447419,0.34137404,0.014422807
0.39063558,0.14650941,0.14414895,0.1536122,0.20098379,0.28605855,0.12335312,0.35699084,0.20943825,0.18438742,-0.04399743,0.23221827,0.11942451,0.09187131,0.112784594,0.0577622,0.23089013,-0.097096816
0.13175508,0.5133458,0.3870396,0.01709031,0.4588833,0.56140125,0.39208752,0.3130226,0.36905456,0.15680414,0.17719658,0.33860314,0.29692334,0.22904581,0.3377767,0.24805188,0.2643847,0.218376
0.3326028,0.1721088,0.27065867,0.104224205,0.25157756,0.25695267,0.15594977,0.060767405,-0.08029772,-0.10751097,0.13385865,-0.091503724,0.061289825,0.009469733,-0.052784856,0.050694995,0.048041336,0.24626526
0.16657293,0.40236926,0.36808228,0.09948712,0.4086823,0.29189157,0.38363248,0.21016772,0.10730964,0.1277772,0.22350946,0.2631551,0.28844148,0.13634849,0.24159457,0.25603783,0.3814872,0.43926364
0.034961943,0.47101337,0.14780918,0.17844483,0.45488203,0.36875248,0.37671053,0.48134378,0.31066477,0.20804597,-0.024826026,0.36301446,0.27229378,0.042761203,0.44012403,0.17826793,0.5090565,0.061093204
0.33690053,-0.07991798,-0.05402521,0.2149168,-0.117508575,0.0008783564,0.03937441,0.12480296,0.15292555,0.17863432,0.1385001,0.17351761,0.12742126,-0.05424582,-0.077701375,0.064449936,0.02121942,-0.17702222
0.2466689,0.085644096,0.17750117,0.22841328,0.10768232,0.21554378,0.13135698,0.1606381,0.007940183,-0.01867589,0.13842022,0.04206633,0.09100277,0.11167994,0.04346165,-0.02494934,0.07544276,0.07875725
-0.016757187,-0.06227357,0.08760737,0.14218722,-0.014345444,0.17271996,0.31242406,-0.07536946,-0.014406391,-0.031825222,0.26542458,-0.09419507,0.10703206,0.1366587,0.06512915,0.1437554,0.14054382,0.3147041
0.24379732,0.26843494,0.26878715,0.016575504,0.3021462,0.27578217,0.21726176,0.3582622,0.24482705,0.13272014,-0.045993015,0.22493124,0.14151338,0.1095278,0.26087794,0.051819537,0.30608773,0.19230688
-0.023121422,0.4475957,0.15037534,-0.060026567,0.37691107,0.49867815,0.31086963,0.41079342,0.16852576,0.25353354,-0.0096806595,0.41995704,0.22468603,0.09841015,0.27083322,0.12649508,0.32508522,-0.050227158
0.1296364,0.47084728,0.041555494,0.00726896,0.42585415,0.43020386,0.37768343,0.44889474,0.24490282,0.26609635,-0.013643753,0.35586286,0.23949738,0.012171607,0.4267231,0.15026605,0.5161585,0.012351112
0.54189694,0.23585585,0.1240536,0.1980123,0.2903471,0.2696408,0.20658118,0.34053946,0.28227064,0.17989117,0.0055064163,0.22763443,0.24007401,0.06547092,0.22452524,0.088959485,0.2440456,0.09341278
0.12730207,-0.14966953,-0.08831699,-0.26063558,-0.057362862,0.17291547,0.05279983,0.26053715,0.20570129,0.21612173,0.04664016,0.115368485,-0.07856485,0.17874259,0.14823481,0.028942112,0.13451357,-0.0912447
0.3379215,0.107354924,-0.056336407,0.40593666,0.10414643,-0.014159179,0.19630401,0.15356919,0.31710988,0.027260385,-0.0050770314,0.022621904,0.14396311,-0.017450305,0.10351722,-0.023134733,-0.008903202,0.02668709
0.11521365,0.35505795,0.14922957,0.054200172,0.3246494,0.40338054,0.33269134,0.19871396,0.07361284,0.14040399,0.23462862,0.3435182,0.2240172,0.1033117,0.2234613,0.21041675,0.35852206,0.15910393
0.15346953,0.08534147,-0.11615777,0.01723792,0.082562506,0.18978035,0.16761741,0.008761979,0.022519473,0.12973596,0.21710047,0.113101415,0.05207045,0.20867878,0.07630053,0.09659562,0.1429613,0.0005263584
0.31862175,0.45714104,0.2982355,0.3409652,0.43290108,0.3279056,0.32064414,0.21476576,0.30837986,0.0410975,-0.014573074,0.12069043,0.21842045,0.09686291,0.18575394,0.06638415,0.06693429,0.28937823
0.023437051,0.29131803,-0.028385893,-0.03273706,0.2243839,0.3765267,0.37743217,0.2451201,0.19867367,0.2765088,0.25701892,0.33160722,0.14700496,0.430152,0.27954608,0.15979637,0.2826683,0.14014088
0.36567926,0.37664738,0.29720026,0.23164392,0.3577138,0.41178125,0.3060326,0.4264856,0.25842875,0.17753626,0.095045865,0.29376704,0.29673147,0.113994,0.3036921,0.14740647,0.29161364,0.16893864
0.4833109,-0.18455532,-0.18313906,0.04347662,-0.20055082,0.0013009841,0.046365432,0.03260562,-0.037238333,0.2458349,0.12887093,0.1156155,0.13114883,-0.041085064,-0.0769178,0.095575966,-0.049836043,-0.25699472
0.03255096,0.38119078,0.16803256,0.08955452,0.31206945,0.36935645,0.15263022,0.27095228,0.22198597,0.059758436,0.049860008,0.19769311,0.12830576,0.09597053,0.18090957,0.046118803,0.20459151,0.042737458
0.38832137,0.28333732,0.19980295,0.4819575,0.25768906,0.042760514,0.13887987,0.1707125,0.2698748,-0.0662868,-0.09600827,0.007090172,0.03534871,-0.030078363,0.06096892,-0.11672038,-0.044451065,0.15784234
0.2570231,0.00525394,0.07073926,0.18924245,0.12293823,0.22306144,0.16565792,0.18175015,-0.07589894,-0.03411581,-0.000568368,-0.06385647,0.07292439,-0.08376577,0.02302665,0.021930203,0.1589858,0.04337286
0.33113343,0.2213927,0.015798833,-0.11683424,0.25464725,0.30291212,0.17655602,0.3073184,0.29375282,0.23746827,0.05652865,0.23181085,0.076275066,0.19723752,0.20798764,0.09722547,0.19481131,-0.062154368
0.13194385,-0.043684542,0.022584151,-0.13678169,-0.019184506,0.19651619,0.1038516,0.2117676,0.07862799,0.22235781,0.2619004,0.17013842,0.053542722,0.2148723,-0.035488658,0.0917068,0.11890283,0.114447355
0.13495423,0.37021232,0.14033481,0.5073033,0.29617023,0.009700335,0.22252075,0.19671533,0.28728342,-0.042195957,-0.06512437,0.014919136,0.17327127,-0.01257813,0.15798245,-0.06391071,0.026833074,0.18820739
0.15144882,0.46257678,0.23158693,-0.023274038,0.41276968,0.39230835,0.44041687,0.27902418,0.35402226,0.22567338,0.16543198,0.43260056,0.3018647,0.27238074,0.38909602,0.2639792,0.33615333,0.1821912
0.07410353,0.43763548,0.22523876,-0.05838113,0.35359472,0.40359533,0.22285938,0.22617336,0.10002179,0.14483178,0.20833033,0.26166135,0.20862967,0.1889888,0.25265473,0.14508761,0.26736325,0.147601
0.5808487,0.3410338,0.18253207,0.0012031789,0.3123686,0.42201027,0.3357248,0.28436476,0.33668476,0.2809095,0.21853633,0.33138573,0.21182567,0.19181821,0.19177045,0.22521706,0.22423418,0.03769033
0.30013633,0.29544607,0.067036904,0.088439606,0.27950484,0.24422261,0.1893067,0.40059212,-0.00032442948,0.18380234,-0.05160995,0.2288856,0.11743689,-0.11795145,0.1705325,0.0447749,0.34837654,0.027987432
0.37542772,0.26609012,0.15918946,0.2972628,0.28392893,0.30940187,0.22673501,0.26696682,0.24048042,0.053756025,0.0149374455,0.18998973,0.16803223,0.06700364,0.2123208,0.116427794,0.287742,0.016502766
0.07828443,0.3570862,-0.012971571,-0.08402549,0.3110874,0.42653295,0.3610748,0.376504,0.29685462,0.3522128,0.10531032,0.2858113,0.21399486,0.25363466,0.3556381,0.18343982,0.32807606,-0.08075246
0.061660647,0.38623214,0.04791955,-0.042189755,0.28087062,0.43005693,0.19685732,0.23032665,0.21597989,0.19928014,0.1645298,0.4621799,0.17735043,0.07998318,0.23880824,0.17762521,0.32398015,-0.011215698
0.112381496,0.16237533,0.025277268,0.3432677,0.10566976,0.04711688,0.10122073,0.18917343,0.018643297,0.030793209,-0.1206508,0.12593791,0.042331506,-0.07724053,0.038464054,-0.06473934,0.12273687,-0.049700283
0.28702825,0.023108762,-0.018770404,0.3962126,-0.017134698,-0.030932069,0.22933687,-0.047803354,-0.0005411841,-0.03809271,0.027191494,-0.14236523,0.061752614,0.011021186,0.04037215,-0.061660584,-0.023564192,0.043218106
0.29773498,0.41860312,0.19013771,0.047285534,0.44930094,0.363435,0.32359964,0.37986684,0.23476215,0.26774836,-0.007327793,0.17135447,0.22707759,0.13089208,0.17372096,0.11125568,0.15829521,0.03540717
0.05670032,0.011325693,0.043472473,0.17578971,-0.034899205,0.060706764,0.36087996,0.06612784,0.13271035,0.11109666,0.14870048,0.1902065,0.22426538,0.08788869,0.41142118,0.13438758,0.33026287,0.09758305
0.101600185,0.4542901,0.14974353,0.07257494,0.33439714,0.46702784,0.3495983,0.32325447,0.25479043,0.26413935,0.05519697,0.4738301,0.22036472,0.21023391,0.34902978,0.18052039,0.42263678,0.023494776
0.03581407,0.36856174,0.04315541,0.40846488,0.2882442,0.2760475,0.3357646,0.24442828,0.21343124,0.031214707,0.10112827,0.25574756,0.19177625,0.024118338,0.20083302,0.056499135,0.2636307,0.15486476
0.36713052,0.17737165,-0.038151413,0.098820806,0.121156365,0.20407055,0.3200702,0.3182358,0.12924758,0.27630496,0.11530967,0.3217919,0.24013487,0.005384416,0.28554723,0.16463143,0.32985145,-0.08844417
0.412838,0.25609103,0.34580272,0.41629368,0.2339123,0.19868667,0.2983335,0.17969418,0.4683345,-0.009680552,-0.05086513,0.15617713,0.25325873,0.10025142,0.21942022,0.110846,0.1262227,0.29718262
-0.18425141,-0.2536008,-0.2278337,0.025285017,-0.19701833,-0.22846505,-0.116060816,-0.24268079,-0.061486863,0.018141584,0.043038264,-0.19310135,0.010341043,-0.08646516,-0.075361915,0.050102234,-0.18017358,-0.06960578
0.017507099,0.5032175,0.011865247,-0.1011767,0.45096245,0.5030867,0.39338207,0.21211591,0.13355681,0.30735248,0.07136801,0.25181803,0.20129623,0.22064711,0.36323014,0.18091765,0.31454402,-0.027235756
0.013165369,0.3648857,0.08099413,0.3518972,0.31265783,0.26059097,0.2525943,0.25212774,0.116097376,-0.016398648,0.024166487,0.10944211,0.19509733,-0.0871544,0.1884578,-0.016023507,0.19343801,0.2342436
0.33279592,0.3668,0.25959024,0.09751698,0.2927459,0.20437373,0.39171702,0.2522767,0.19101173,0.16592789,0.1189003,0.41315722,0.27107784,0.06539964,0.3821032,0.2005336,0.52309954,0.35884336
0.17718916,-0.1542866,0.030791802,0.20272602,-0.1517069,-0.005104757,0.015278447,0.07706178,0.15434763,0.11084975,0.048890587,0.071762286,0.14159662,0.19267586,-0.028463604,0.05315136,-0.12910965,-0.15110052
-0.10280885,0.07102969,-0.2553324,-0.14793047,-0.04282263,0.18266788,-0.059862155,0.103562,0.01741218,0.1988805,0.02641428,0.172602,-0.08035337,-0.08870153,-0.12805659,0.01134377,-0.00018921867,-0.340222
-0.0849707,-0.18592723,-0.06014827,-0.1438958,-0.13287508,-0.06398456,-0.11647507,0.0242576,-0.08112924,0.12483685,0.084501036,-0.03774552,-0.06497337,0.0986025,-0.2966537,-0.0150461,-0.30507064,-0.13416252
0.0027865176,0.17972732,0.46004072,0.074374095,0.2673066,0.21961868,0.2140031,0.09141309,0.10766937,-0.013748585,0.0188273,-0.050747223,0.1184008,0.46049622,0.1958761,0.091105066,-0.0033266526,0.44202602
-0.017589651,0.0192115,-0.11487145,0.22852165,-0.0060352506,0.121938795,0.087480664,0.21772224,0.085360885,0.037911594,0.040133655,0.20207697,0.12526649,-0.19903809,0.21814631,0.035528127,0.35997015,-0.1648764
0.14798407,0.19926065,0.2022878,-0.08236972,0.26794326,0.24499005,0.085603446,0.11313521,0.26796514,0.04539737,0.17951104,0.10714097,0.0012390176,0.2756455,-0.012132829,0.15494299,-0.012818923,-0.032553047
0.03983776,0.39946994,0.022907918,0.10729335,0.36668757,0.34489015,0.3133731,0.3313635,0.06293111,0.13833442,-0.0032878062,0.17901912,0.19096403,-0.15202233,0.30387908,0.09054495,0.41767126,-0.04734073
-0.045670412,0.22697215,0.22620721,0.16577935,0.2621015,0.26170406,0.34374243,0.045133244,-0.023173198,0.045838926,0.29679757,0.12355487,0.18115428,0.18576667,0.19655049,0.2275302,0.3516581,0.43100336
0.16801298,0.1069772,0.3179708,0.37496024,0.17041218,0.14581326,0.12087068,0.01636371,-0.10412288,-0.19776654,0.019811615,-0.2252728,0.105683334,-0.047687314,-0.030849682,-0.037433647,-0.13925004,0.3980207
-0.12968689,-0.028801618,-0.090998635,0.11180924,-0.0072445977,0.20131181,0.15453789,0.18175954,-0.041803036,0.04056706,0.12957418,0.10064556,0.02600734,-0.025755044,0.07124466,0.034866005,0.21823788,-0.025926344
0.2214792,0.5011338,0.33834884,0.12240429,0.48823935,0.444171,0.4694568,0.35834903,0.28214085,0.2459541,0.06468344,0.21985841,0.29932803,0.4573853,0.35393718,0.14280179,0.24646014,0.31097
0.11672534,0.19538347,0.028546464,-0.15191585,0.19317016,0.29416835,0.26944262,0.30134648,0.13882655,0.30753386,0.22378683,0.24622223,0.108209096,0.34121257,0.13149592,0.12278722,0.22813082,0.1864675
0.11256814,0.18732816,0.0047137626,0.12803103,0.22365731,0.11943838,0.07739181,0.3036433,0.23598126,0.21817416,-0.000103795435,0.1173935,0.15190135,0.06538309,0.07932709,0.048216816,0.0557641,-0.10362772
0.11477956,0.39904788,0.30458057,0.45538455,0.28596756,0.30171967,0.24545553,0.10414806,0.21465752,-0.04805663,-0.045602538,0.13015765,0.16888908,0.15220109,0.10588688,-0.007136913,0.0011947122,0.21501413
0.05647176,0.4247825,0.12958917,0.026461435,0.38410223,0.48278093,0.3763544,0.19871542,0.22723392,0.20000963,0.14371267,0.3208375,0.2641681,0.24114873,0.3225351,0.19452764,0.2157369,0.10925576
-0.06290068,0.33548355,-0.1453849,-0.041510854,0.21747267,0.3080896,0.2976032,0.2642241,0.30373025,0.2828557,0.19627006,0.3905565,0.1992612,0.20107827,0.39818782,0.19950175,0.42503947,-0.07119478
0.0535117,0.41225317,0.11496774,0.28567618,0.35803315,0.35699296,0.38776445,0.44202462,0.3020342,0.20070317,-0.015967175,0.40015507,0.33784372,-0.0094500445,0.38234684,0.13868974,0.4114161,0.14636439
0.34343773,-0.29744968,-0.24076232,0.038054384,-0.3619594,-0.06713191,-0.17916368,-0.06420399,-0.09713766,0.13134754,-0.025509182,0.10069935,-0.09109906,-0.23276678,-0.25456527,-0.052234452,-0.1087807,-0.3373205
0.013191766,0.3397051,0.17882007,0.09952104,0.29011622,0.3492273,0.382416,0.09497926,0.11014901,0.09425502,0.2534749,0.30074507,0.21058366,0.21259886,0.26213425,0.23249817,0.43950683,0.29786342
0.5565438,0.22734362,0.1182799,-0.027804486,0.16938108,0.35252282,0.27427518,0.12253773,0.16455469,0.16887186,0.28935003,0.27782273,0.1883794,0.13381311,0.26563776,0.21370414,0.30925208,0.01807468
-0.11724694,-0.2987125,-0.1800116,-0.10382092,-0.43760842,-0.23363906,-0.25206062,-0.13775757,-0.1232551,0.11062217,0.01982186,0.178188,-0.12116495,-0.15822382,-0.31444398,-0.026035147,-0.25650552,-0.26665387
0.46565193,0.39449227,0.5324116,0.083718225,0.4139768,0.40981266,0.38963914,0.2568397,0.1660415,0.10729566,0.27328232,0.18741038,0.29406828,0.29642534,0.24405864,0.22652873,0.24627452,0.52821386
0.027866421,0.1319081,-0.068381436,0.016404219,0.045835078,0.23083511,0.21828708,0.4243381,0.13557577,0.26749596,0.052453574,0.292601,0.13751312,0.0712974,0.20022576,0.07890569,0.3195286,-0.027521294
0.021997692,0.36359146,-0.03490953,0.047795076,0.2628102,0.46804518,0.34326324,0.21736139,0.20572367,0.26731285,0.14578855,0.26345086,0.22528926,0.21206903,0.31302178,0.19347128,0.27404135,-0.0694154
0.12845142,0.14730436,0.06055594,0.36739337,0.16322511,0.21934566,0.11526482,0.0077818693,-0.072073124,-0.15170616,0.02612742,-0.05078496,0.07424204,-0.10761856,-0.036075454,-0.026153978,0.10613673,0.12183501
0.19945781,0.31183237,0.15668967,0.39655432,0.33403778,0.23029761,0.19736956,0.26269028,0.26122573,0.04815664,-0.10533739,0.0023810393,0.18141356,-0.012097591,0.13595843,0.03184731,0.01882495,0.059786312
-0.029057942,0.23828506,-0.1480068,-0.11481999,0.19841851,0.30671203,0.32500285,0.35229778,0.04579238,0.29907593,0.07781994,0.39568985,0.11231755,-0.07071001,0.3250499,0.103498876,0.54136896,-0.09015347
-0.064411186,0.15329915,0.07200134,0.03133179,0.1381323,0.28865725,-0.04870893,0.043945145,0.029311806,-0.053921722,0.15297163,0.079123974,-0.021626277,0.0033514937,-0.13765839,0.014112984,0.0018550388,-0.06501631
0.14948289,0.36772943,0.09414781,0.3392138,0.2472358,0.2991856,0.25457275,0.21132952,0.21782593,0.07128265,0.0330035,0.32355267,0.22091305,0.033872124,0.20253034,0.06627625,0.2727052,0.15500495
0.056530397,0.26662523,0.068482615,0.26690763,0.2660551,0.23940489,0.26660615,0.3436789,0.18366194,0.1527287,0.0001403438,0.16497853,0.19409686,0.13772348,0.18702558,0.113973126,0.21156986,-0.035079084
0.03636628,0.49978358,0.13705379,0.008082274,0.44298202,0.44370714,0.39440635,0.31409898,0.1954884,0.15029868,0.09354514,0.31389615,0.1955873,0.1940695,0.4148823,0.10459319,0.4365816,0.18637216
0.19882105,0.38758034,0.008187347,0.13990721,0.4597396,0.30167592,0.37642905,0.4426425,0.4186478,0.31108084,0.009859623,0.30894226,0.26687855,0.12352091,0.324566,0.1655829,0.35028693,-0.019968687
-0.05944267,0.21398063,-0.09172441,-0.10995557,0.15020308,0.2982346,0.357885,0.17778912,0.12792793,0.2619077,0.25950485,0.24488789,0.103079356,0.41597563,0.21131146,0.09712924,0.17503645,0.088657215
0.24006031,0.3467279,0.044809267,0.37567103,0.30398536,0.2399025,0.24337628,0.16167459,0.20497605,0.049454883,-0.0017399911,0.10438827,0.08434388,0.034327008,0.1149361,0.027587548,0.17548579,0.012478445
-0.048582256,0.18221918,0.20663685,-0.014346929,0.14291188,0.3768102,0.23846498,0.3362504,0.29910797,0.16743827,0.019262763,0.30183923,0.22188425,0.18037805,0.3609212,0.16715041,0.3740782,0.08057118
0.06085991,0.21484283,0.39540386,0.08936621,0.2746333,0.27590102,0.2282322,0.26537225,0.10403624,0.18986315,0.010580913,0.15931565,0.24769744,0.23126908,0.1230765,0.17963743,0.024910849,0.15925902
-0.0048190197,0.1100263,-0.11904512,-0.13594502,-0.04510406,0.3653267,0.20373023,0.085278034,0.22770905,0.2946095,0.13701296,0.38409102,0.16192819,0.09078734,0.1961213,0.17420688,0.21751663,-0.16248132
0.04764195,0.014435531,-0.069268785,0.46941188,-0.031550426,-0.09489764,0.11850205,-0.09867807,0.12734601,-0.14377958,-0.0035606702,-0.22624096,-0.013968822,0.060391884,-0.064509064,-0.11827852,-0.21408069,0.046352353
0.14758074,0.25436062,0.35419828,0.15697002,0.2584241,0.23441114,0.13753769,0.3513108,0.35635167,0.022556325,-0.025276411,0.21814016,0.19396499,0.21562731,0.10410397,0.13061354,0.07268069,0.28047717
0.13551275,0.21171615,-0.0149601055,0.06373184,0.1832183,0.25633785,0.28398848,0.2815227,0.4226907,0.2623955,0.14869729,0.23642714,0.27316797,0.23332793,0.2591824,0.18251568,0.17391667,-0.11008923
0.040494293,0.30305007,0.053020075,0.36765355,0.33347976,0.2948628,0.26103103,0.146495,0.04796578,0.0010140873,0.04524239,-0.016280342,0.18712159,-0.08716704,0.13900346,0.07928575,0.11561698,0.13861202
0.053644195,0.29608592,0.17755735,0.07321848,0.29918987,0.34000975,0.21383008,0.1425294,0.1482593,0.1896089,0.0866744,0.10584316,0.185357,0.22053969,0.12272189,0.21525493,0.059300542,-0.08550081
0.038990967,0.28573656,0.09102265,0.4223004,0.18373464,0.35332787,0.30138358,0.13202688,0.23275569,0.049644902,0.04759153,0.18850115,0.24467793,0.063521795,0.14587842,0.08167785,0.108315066,0.028266681
0.3226308,0.44344524,0.31518298,0.035833642,0.46851638,0.3430431,0.46004495,0.21903472,0.16155918,0.15382192,0.2369804,0.23238777,0.25560403,0.16208476,0.2998528,0.22817697,0.44829834,0.48682445
0.03598526,0.25203496,-0.07154167,0.042533476,0.17481959,0.3707587,0.29415238,0.45687476,0.16670369,0.29154158,-0.0430647,0.23793969,0.14182645,0.066420354,0.20754015,0.0073518106,0.28074217,-0.107448235
0.038856614,0.10607286,-0.13603476,0.2811308,0.08973691,0.029484842,0.23502451,0.18187101,-0.011758408,0.055379566,-0.0048548924,0.09382699,0.11176492,-0.07103661,0.2223611,-0.004650725,0.31980667,0.059807237
-0.018680332,0.35529068,-0.012511058,-0.13812856,0.27064472,0.44508103,0.23850115,0.17940122,0.092698224,0.27748114,0.07794645,0.2807917,0.09362415,0.02934103,0.23169965,0.19674164,0.29570338,-0.22326379
0.2543441,0.17598823,0.062260076,-0.16882393,0.18005136,0.2664684,0.04620686,0.24119723,0.19214879,0.18199277,0.108466655,0.2771011,0.07130571,0.08890653,0.0980601,0.13968015,0.1773976,-0.006610476
-0.13849857,-0.20728406,-0.2558806,-0.17309383,-0.2524302,0.0011725221,-0.0041310824,0.078505896,-0.054686725,0.20198485,0.022078045,0.17541605,-0.013804654,-0.25119907,0.04016485,0.023947578,0.06789033,-0.23608866
0.06068435,0.3075562,-7.4571e-06,0.28489798,0.3030676,0.194581,0.3173886,0.24747983,-0.0033079144,0.10594081,0.018299509,0.0068205157,0.22708015,-0.05258348,0.20542832,0.08634413,0.23843999,0.017237276
0.011517536,0.3581326,-0.00903246,-0.025056917,0.30890036,0.3616848,0.4397395,0.2790038,0.22528306,0.22929987,0.23257715,0.35714284,0.23374936,0.20256054,0.40821922,0.19232507,0.41399604,0.12135905
0.009231546,0.22720201,0.21484205,0.12642235,0.19618076,0.19025138,0.3490317,0.28567463,0.25180888,0.22046421,0.022589756,0.2506851,0.31570816,0.23108095,0.40338653,0.13423544,0.27921826,0.09064748
0.0431327,0.41329646,0.24418966,-0.005413104,0.33192557,0.49514326,0.33151835,0.3433184,0.24832422,0.19509548,0.11596281,0.2907974,0.24669063,0.22903547,0.29477632,0.10902944,0.24886853,0.17893742
0.0025157118,0.5334337,0.09130402,0.06837787,0.43581015,0.49425957,0.39861742,0.41125512,0.1652066,0.22654247,0.019522604,0.32896036,0.21862936,0.0358736,0.3757829,0.12190308,0.45766276,0.04859558
0.002683436,0.26868707,-0.10956653,0.04751149,0.13291724,0.26490504,0.25842562,0.1786699,0.122565694,0.23480545,0.07593484,0.46741378,0.09471369,0.0083570685,0.20378235,0.117158435,0.42367488,-0.04793237
0.044520393,0.3714152,0.042581446,-0.07171495,0.2898944,0.35687086,0.23311889,0.32050985,0.17655668,0.3105921,0.07151656,0.4459582,0.19338796,-0.048507854,0.26039562,0.16914481,0.34489074,-0.05164411
0.4486717,0.024443822,-0.0050419713,0.085508145,0.07387899,0.22605467,0.13710085,0.25540337,0.19214395,0.29523978,-0.013313404,0.16907498,0.14829803,-0.057352595,0.012760637,0.13582739,0.10056004,-0.2350626
-0.06273816,-0.060198028,-0.19975376,-0.023242548,-0.12830427,0.18507804,-0.13108322,-0.004503928,-0.01260704,0.096546605,0.053147756,0.091374904,-0.032768324,-0.13122578,-0.16079676,0.024045136,-0.047342353,-0.34532475
0.19390489,0.54480886,0.25148082,0.037461445,0.48011553,0.40673095,0.38013202,0.3040082,0.26149267,0.24057934,0.092832156,0.2953371,0.26048413,0.25150654,0.35949963,0.1580768,0.2648155,0.10374476
-0.06308554,0.21431386,-0.06472107,-0.19218627,0.15513541,0.31677142,0.088837214,0.23779178,0.3090673,0.24211648,-0.008428333,0.32761228,0.045071505,0.08969728,0.14443278,0.1527218,0.16902852,-0.19602004
0.12666072,0.22747011,0.023661677,-0.05701804,0.23101717,0.27791685,0.012311919,0.14172664,0.20207286,0.10076658,-0.06239944,0.16758016,-0.052257765,0.02616626,0.013388306,0.012865229,0.089214936,-0.19445856
0.3738886,-0.18130869,0.0029600179,0.35365218,-0.17476705,-0.13521078,-0.035838936,-0.032442916,-0.016567344,-0.16602206,0.034300808,-0.12149133,-0.00022959895,-0.22640072,-0.16821744,-0.06465144,-0.14663309,0.10612759
-0.13494998,0.47787964,0.0705439,-0.096804604,0.34568828,0.40871587,0.3312152,0.35287187,0.20523947,0.25538826,0.011473134,0.43608332,0.090843074,0.15541852,0.34243202,0.0592906,0.39074475,0.04151419
0.071451545,0.43831038,0.27503794,0.080899686,0.3600872,0.41214985,0.27321717,0.23874843,0.20684877,0.059211545,0.15321745,0.27612787,0.2677676,0.14089021,0.3659184,0.19139604,0.35863134,0.15761732
0.10474333,0.41281176,0.19539957,0.012419909,0.4360377,0.40052903,0.3939534,0.43411347,0.12905972,0.28439087,0.008676121,0.33564848,0.20888107,0.0990109,0.28377756,0.16307808,0.43546396,0.20235607
0.1119525,0.3666523,0.12451829,-0.09607535,0.24995376,0.29609424,0.15690213,0.20442867,0.07884276,0.18420716,0.028874958,0.4652629,0.084627755,-0.030462151,0.16973865,0.08764504,0.3911338,0.06746295
0.07982549,0.25886744,0.22233307,0.10155305,0.26032162,0.15626712,0.2175695,0.19191694,0.035275437,-0.0014617331,0.08270416,0.23373441,0.12750076,-0.010161427,0.28385,0.09344134,0.40081292,0.12845148
0.12574029,0.26578337,0.1929788,-0.0762755,0.3250273,0.32594687,0.09930119,0.18231091,0.0070346803,0.14634123,-0.071300276,0.07108602,0.03294187,0.07816701,0.117434025,0.0341415,0.11970552,-0.0010797186
0.4502083,0.21013807,0.35312787,0.29472572,0.19979003,0.2663483,0.25701076,0.25391448,0.30031472,0.068828315,0.05621033,0.12016542,0.293191,0.191532,0.14900893,0.12286169,0.024565168,0.13926756
0.20264144,0.29101473,0.1645126,0.2638796,0.32947457,0.22637415,0.22853887,0.24943262,0.28091547,0.16008693,0.112256505,0.17404711,0.35716733,0.032642234,0.2191444,0.2532218,0.15577479,0.08025406
-0.09216333,0.4245599,0.22403458,0.11560911,0.2966947,0.3581168,0.3491345,0.20453632,0.3425128,0.20527023,-0.022757603,0.31932503,0.144087,0.3104838,0.28387088,0.12683044,0.2087636,0.014364944
0.1045299,0.3701772,0.007901473,0.31129348,0.31372768,0.25609267,0.34732664,0.30725348,0.25611484,0.10011977,0.05275471,0.31934023,0.19656849,0.005455439,0.3463359,0.09928183,0.43816555,0.12932515
0.4222279,0.31711835,0.11811908,0.016341832,0.30559993,0.5016159,0.26160324,0.34880504,0.104916066,0.32295316,0.0732591,0.3743425,0.22445232,-0.034622267,0.16773798,0.17963225,0.28920394,-0.1296218
0.22631207,0.39401084,0.16918999,0.06251736,0.33934915,0.30828333,0.28459388,0.40873405,0.38527104,0.28145388,0.12218662,0.4006213,0.32183963,0.011587888,0.26394966,0.20906572,0.30866024,-0.090719454
0.054776102,0.30817413,0.08296533,0.31561106,0.3402976,0.12378758,0.2860452,0.26398498,0.008183716,0.020566747,0.027571334,0.045161784,0.20579374,-0.020880422,0.2472018,0.08461598,0.31884128,0.24018982
-0.0847399,0.31809503,0.030483868,0.03165951,0.2267212,0.3794882,0.22535932,0.4025287,0.13806291,0.1723545,0.042923987,0.27938795,0.18660596,0.018918168,0.3749882,0.08322054,0.39684853,-0.004731859
0.31445292,0.34500307,0.24926811,-0.029837947,0.3871882,0.41891876,0.27210677,0.31607863,0.23034522,0.28388268,0.1575669,0.2765345,0.21906619,0.16702834,0.1444588,0.17299852,0.1645973,0.085617825
0.05537685,0.38200143,0.023052095,0.020549709,0.3426359,0.37377197,0.39641425,0.38091466,0.27520472,0.25064322,-0.0053872108,0.37740225,0.18636408,0.10662565,0.368181,0.14738987,0.48480636,0.004898375
0.3784722,0.29231018,0.33071598,-0.042469338,0.34510025,0.4283543,0.31210905,0.2958927,0.26405382,0.2607832,0.07534475,0.20769781,0.25296372,0.21426359,0.28126276,0.23126301,0.22879274,0.09444303
0.12837312,0.49109507,0.27493632,0.009414568,0.4816735,0.34337443,0.4048813,0.45279497,0.16371357,0.25358677,0.13014433,0.2520414,0.3077099,0.16983955,0.28656247,0.11344187,0.29195362,0.35708588
0.18895647,0.1706124,0.42562956,0.36566886,0.18868774,0.16700765,0.24460168,0.15934637,0.2641466,-0.032989323,-0.054434925,-0.03332583,0.219868,0.22761953,0.11094384,0.043381058,-0.16610682,0.41797647
0.08199101,0.46810564,0.1869477,0.09951677,0.38982046,0.42174044,0.4710645,0.3594877,0.23306361,0.26629847,0.19595097,0.3324395,0.3487205,0.118161246,0.41969627,0.25277573,0.40685332,0.09790142
0.06141958,-0.27301124,-0.09143028,0.32247317,-0.22804444,-0.1732548,-0.0036200583,-0.16755691,-0.1368545,-0.1829171,0.07907136,-0.3200851,-0.089765415,-0.16166633,-0.16793105,-0.11279283,-0.24412283,0.1388577
0.15697283,0.3544516,0.13299182,0.3195403,0.28716522,0.2741364,0.33728603,0.20663258,-0.015955012,0.085790664,-0.032541934,0.13716993,0.16818833,-0.044181474,0.14069277,0.03869643,0.23333462,0.090977
0.07168038,0.40988266,0.16168793,-0.046471342,0.31202874,0.50188714,0.4143719,0.2366148,0.11440817,0.2088481,0.08022186,0.445352,0.17316936,0.17468753,0.29578218,0.13531673,0.4287489,0.17786062
0.09265585,0.10235387,0.16781187,0.21055275,0.023350675,0.16323133,0.2643462,0.093756855,0.07310182,0.09945153,0.14527981,0.31506464,0.1705372,0.17411703,0.17572713,0.10787931,0.28019136,0.18715572
0.023671687,0.053530775,-0.059223585,-0.022305094,0.037065197,0.20142323,0.25172698,0.24333014,0.22039793,0.14213958,0.1466685,0.3658427,0.091801494,0.13767898,0.28023234,0.15323502,0.43996453,0.055464856
0.022604156,0.41137928,0.082974866,-0.08856897,0.3470075,0.5125564,0.41133326,0.38846546,0.14954844,0.29321826,0.14682695,0.34105316,0.22402504,0.18202426,0.3637282,0.13940088,0.44509363,0.06805472
0.047678784,0.059198596,-0.1112032,0.22335503,0.07605459,0.06594601,0.10000998,0.17452869,0.04439394,0.028283916,0.019245142,-0.011251731,0.050954066,-0.05390782,0.08944055,-0.0110607175,0.15646508,-0.16171122
-0.025876464,0.052370433,0.036551792,-0.026419466,-0.002217976,0.29621136,0.04631593,0.06799881,0.17872411,0.08021498,-0.025530389,0.18632805,0.008420146,0.009454122,0.063964315,0.05954003,0.117376514,-0.27562833
-0.048957042,-0.10693541,0.1970759,0.1500215,-0.08551185,0.0156773,0.098592,0.0613181,0.13037363,-0.057945836,0.019611882,-0.02379376,0.14852446,-0.010094161,0.017172823,0.024184326,-0.06500487,0.09645964
0.21643427,0.41944107,0.4086179,0.052779734,0.3784883,0.42379028,0.30333626,0.09462231,0.09886299,-0.04004102,0.18815139,0.06702625,0.13578728,0.31764808,0.2274093,0.101115525,0.15426639,0.39022362
0.10066718,-0.0613219,-0.14305094,0.4356218,-0.08572185,-0.17204046,-0.026697721,0.03327842,-0.02576896,-0.06250275,-0.15299404,-0.13049759,-0.049915183,-0.25435433,-0.15469624,-0.18708903,-0.08374691,-0.10490663
0.20900571,0.21896008,0.13664562,-0.05744472,0.21828014,0.25976998,0.07726371,0.340277,0.1767091,0.11963911,0.12629558,0.34550276,0.09995565,0.030081533,0.15101382,0.09288269,0.3209522,0.10358042
0.09715864,0.17835258,0.19224781,0.09558842,0.10640204,0.16700062,0.34164238,-0.03108124,-0.055986285,0.07906386,0.25001943,0.1909145,0.15900971,0.15962753,0.10088122,0.17980511,0.28127712,0.34739175
0.43152916,0.32913348,0.30932057,0.33998364,0.2759509,0.19073746,0.28985918,0.04516333,0.09284376,-0.15680347,0.01695522,-0.11028571,0.10615358,0.03441646,0.083801046,-0.065459624,-0.06695803,0.36827034
0.041840523,0.39180237,0.07863006,0.009370256,0.29728013,0.4320925,0.26889074,0.339778,0.2341927,0.23615104,0.17922506,0.4185052,0.17260468,0.18491714,0.29518497,0.15499943,0.3805716,0.0005533581
-0.08829802,-0.04398429,-0.19876881,-0.12616047,-0.04368967,0.16755533,-0.0067820493,0.25174096,0.0057560345,0.066149354,0.14233914,0.086669944,-0.018782156,-0.08421819,0.11876877,-0.012075652,0.23274547,-0.19000393
0.070444375,0.14299175,-0.1484817,-0.020013705,0.19461393,0.22876246,0.32461965,0.32555336,0.06615341,0.33423033,0.16800505,0.122737244,0.18887359,0.24626714,0.26717764,0.1302985,0.23689143,-0.072582856
0.19596404,-0.008119684,-0.23336937,0.1732903,-0.02740325,-0.010186129,0.014511427,0.22527109,0.043478426,0.15090793,0.03923598,0.24112731,0.079453714,-0.25475818,0.016095925,-0.0062306686,0.2135812,-0.28858185
-0.08942677,-0.037494246,-0.11658311,0.2687761,-0.069746666,-0.030945648,0.05980558,0.12632832,-0.012070577,0.09843773,-0.05973443,0.14858967,0.043577373,-0.12954348,0.04259411,0.0016673272,0.14241344,-0.13677001
0.21668127,0.18918905,-0.031684775,0.32903975,0.1803342,0.18681483,0.3155212,0.102850184,0.10338901,0.034055293,0.0075009754,-0.07948639,0.09651035,0.05094993,0.123108745,0.034052677,0.062436838,-0.00016945973
-0.037461795,-0.18333673,-0.20829329,0.4347595,-0.24770275,-0.14688903,-0.04334685,-0.050273936,0.09040925,-0.045646247,0.0025691239,-0.04346472,-0.00963825,-0.08490874,-0.15596735,-0.08663964,-0.21439959,-0.05244931
0.0022287043,0.17685458,0.2912252,0.13063592,0.1594721,0.27026683,0.17734924,0.25143376,0.14879727,0.15975796,-0.0989196,0.11636956,0.06816688,0.26183662,0.023653032,0.00077388366,-0.030649852,0.05462995
0.15075974,0.31543326,0.07172763,0.47291744,0.23334566,0.24851684,0.13687778,0.1669762,0.25861835,-0.005845837,-0.06807982,0.08999516,0.12636863,-0.04150207,0.07136322,-0.018071221,0.08396408,-0.06489457
-0.16125754,0.0413159,0.048098236,0.05959446,0.009532753,0.18557972,0.14747548,0.14023963,0.063042745,0.08767755,0.24854606,0.23782296,0.13690934,-0.13339078,0.061486043,0.16864331,0.2469992,-0.13203987
0.11771267,0.46661472,0.12586041,0.03048121,0.41728508,0.46446127,0.34677756,0.3665197,0.22382922,0.31039244,0.14543305,0.34099114,0.24085534,0.065649,0.29604426,0.17056218,0.34682736,0.0054286853
0.27297026,0.50845647,0.30096278,0.057834096,0.49387679,0.3889243,0.34947556,0.34437755,0.24556404,0.1356791,0.0952274,0.24523437,0.28205636,-0.027867768,0.3154449,0.21957871,0.3997702,0.24881694
0.365393,0.41963583,0.28389925,0.466962,0.36731678,0.21821216,0.25752017,0.32697076,0.34574938,-0.0040472383,-0.08252908,0.1517747,0.22754401,-0.011474262,0.23284283,0.04362581,0.16818522,0.17308116
0.40914452,0.1253939,0.15037274,0.2653009,0.1763887,0.12803742,0.08196193,0.12434233,0.07915504,-0.13191648,0.031334225,-0.094070405,0.1076997,-0.1267381,0.022840198,0.052200258,0.035870183,0.046066992
0.4294086,0.015972923,0.29299647,0.39548287,0.014865979,-0.0829688,0.025073305,0.13094282,0.22417028,-0.12278922,-0.1590432,-0.11553101,0.042955205,0.026837002,-0.06543532,-0.13662744,-0.24756293,0.14108719
0.114334434,0.19677943,0.3503333,0.07021732,0.21109718,0.17889053,0.14986357,0.23009491,0.09012294,0.053072367,0.038255036,0.11341581,0.076561585,0.10296289,0.047859065,0.024185337,0.05819845,0.23238549
0.48193043,0.35457513,0.32390976,-0.04924235,0.37506193,0.40328747,0.34504172,0.38926244,0.20027494,0.28704774,0.08692636,0.30987966,0.2731318,0.19123933,0.3786597,0.20260683,0.33411628,0.19806606
0.13673115,0.15939453,0.061279465,0.08193033,0.1880467,0.18053395,0.11426939,0.326693,0.2319943,0.24133927,-0.0106367655,0.17232995,0.1154164,0.22505128,-0.02063812,0.039712314,-0.009330822,-0.18246733
0.060780622,0.18397094,0.19309008,0.11982658,0.17117143,0.19764821,0.20506015,0.37788558,0.2920108,0.14663234,-0.14760257,0.32844928,0.21511273,0.047490615,0.33424252,0.09524213,0.34044474,0.1264145
0.3367507,0.17615446,0.3319881,0.28979135,0.20281404,0.18439373,0.09973614,0.34580204,0.27302337,0.055799298,-0.08162645,0.18930332,0.17040609,-0.008052661,0.10412101,-0.029471317,0.017820701,0.21845594
0.00924829,0.41795117,0.30146068,0.3793054,0.34570622,0.2790557,0.31352246,0.3307231,0.09372342,-0.014216375,-0.03832203,0.154371,0.25650817,-0.06181869,0.2179017,0.0039633843,0.19222471,0.3701094
-0.020661755,0.20740902,0.066752315,-0.06162174,0.16701451,0.32948202,0.080146104,0.19756237,0.3399235,0.16547441,0.04373561,0.38442254,0.042020664,0.25276208,0.14113525,0.11340429,0.17397735,-0.16358584
0.2821618,0.031475246,-0.0056642545,0.12642376,0.0021317936,0.12701721,0.3023299,0.22749823,0.2498422,0.10204144,0.14980403,0.24596485,0.20808274,0.11961344,0.3826711,0.12060954,0.3962081,0.11514216
0.17471856,0.375686,0.21641462,0.3770491,0.34448674,0.3040805,0.37153643,0.17241472,0.29620588,0.06650369,-0.007140469,0.17654493,0.22594944,0.12493124,0.22010139,0.085516416,0.1762478,0.16309401
0.031444915,0.3850826,0.14318046,0.29364568,0.27348354,0.2855036,0.35700405,0.28461045,0.10769628,0.12103597,-0.0031313743,0.17519528,0.29191256,-0.024295904,0.31504577,0.107039094,0.27949727,0.07757499
0.07045636,0.3923555,0.09449809,-0.10445701,0.35364258,0.38193733,0.34944397,0.41120416,0.104895934,0.28561276,0.072756305,0.27017564,0.105165005,0.109767266,0.22965282,0.08159416,0.26854572,0.12607005
-0.006873415,0.36454266,0.15704587,-0.06797599,0.33196163,0.3742109,0.12630284,0.41131774,0.20723942,0.16735773,-0.05899927,0.36424077,0.17214602,-0.073352896,0.3442728,0.10782311,0.3934546,0.02404859
0.20679617,0.22336236,-0.0015862982,0.013860074,0.11969915,0.2559436,0.18463147,0.27528453,0.38619852,0.27997524,0.04545544,0.3979802,0.17951226,0.1426584,0.18287244,0.17010191,0.24350557,-0.07641284
0.12312262,0.38664636,-0.010671113,-0.10070541,0.35602725,0.36020195,0.34924278,0.36236995,0.14520934,0.32990354,0.035130758,0.4186176,0.13206567,0.100847654,0.29301912,0.11313801,0.38158396,0.055844653
-0.08145596,0.09649249,0.0033078464,0.42839843,0.107466415,0.04066767,0.12324779,0.031097028,-0.14051819,-0.094238386,-0.0073325727,-0.03738857,0.092291996,-0.15200059,-0.000498313,-0.0900039,0.091037035,0.16010377
0.018323049,-0.30087054,-0.15203848,0.34787226,-0.30098343,-0.29249394,-0.015677184,-0.22671026,-0.061329216,-0.14645249,0.04794787,-0.24890237,-0.056479465,-0.15117681,-0.16960189,-0.11348122,-0.21492702,0.10533914
0.21276706,0.10483495,-0.20365739,-0.040146288,0.11422138,0.17085773,0.16507554,-0.05727733,0.0807316,0.17726806,0.123471625,0.07737772,0.09009567,0.011632195,0.11632059,0.12907027,0.16924042,-0.03347605
0.46587068,0.19435357,0.19480434,0.10809697,0.21994588,0.26603734,0.4205215,0.12453316,0.12097761,0.15282898,0.27855033,0.1710845,0.16969988,0.21008044,0.2216239,0.1957882,0.37671575,0.32094407
0.43079725,-0.035909593,-0.020134907,0.37018573,-0.043189652,-0.10275275,0.1329714,-0.040527225,0.14503166,-0.053129837,0.00076129753,-0.09791439,-0.01674785,0.15543324,0.010094262,-0.09022451,-0.09816301,0.07022985
0.37805873,0.1339238,0.030141687,-0.054762132,0.18635222,0.17360383,0.23851183,0.24538192,0.2458038,0.2535737,0.15502986,0.21939018,0.15132383,0.2175929,0.24935234,0.1843976,0.24955815,0.043585144
-0.22413447,-0.086786374,-0.21945259,-0.13062993,-0.20572248,0.070952624,-0.1606411,0.02805138,-0.044881683,0.17753783,-0.10560912,0.23501623,-0.118442096,-0.19755149,-0.17254001,-0.07444907,-0.0028728272,-0.4350086
0.08608477,0.35220376,0.029593248,-0.15390603,0.33801913,0.44699627,0.18669091,0.14424507,0.023573127,0.21446577,0.094551235,0.09414011,0.03981138,0.2142105,0.045145918,0.09362602,0.015120177,-0.12729642
-0.10212847,0.086161576,-0.20154274,0.03075815,0.0057788794,0.21409091,0.10107869,0.2581702,0.118708245,0.17801963,0.044747382,0.43427134,0.038828574,-0.08194472,0.080442205,0.03604485,0.3227948,-0.21042693
-0.11988333,0.3724734,-0.027686551,-0.04835412,0.21267575,0.37236357,0.23114929,0.29962194,0.29456532,0.26810437,0.11961411,0.42683548,0.14719191,0.1998902,0.30460915,0.13382098,0.2868394,-0.12491217
0.048042253,0.11922009,0.014848159,-0.07983135,0.23476939,0.10893696,0.12454874,0.13498458,0.11917311,0.21529424,-0.008229425,-0.025079917,0.12394498,0.15581605,0.17655306,0.22174764,0.10071558,-0.06937203
0.062146917,0.3935452,0.29083714,0.04318291,0.37091547,0.3541736,0.44162852,0.23393041,0.10966472,0.16330804,0.23433277,0.230427,0.2639338,0.30107218,0.25300366,0.21020505,0.32477522,0.47082585
0.14383766,-0.102617964,-0.14529343,-0.056049258,-0.13427624,-0.023035068,0.03752517,0.15105602,0.19023302,0.20946509,0.1333032,0.40345216,0.059798017,0.14312118,0.08945201,0.11021714,0.22787404,-0.07368135
-0.08418031,0.36374965,0.13803655,-0.1435679,0.26462713,0.4316143,0.32293,0.3790475,0.21396433,0.29451764,0.11668186,0.40890235,0.21148005,0.27628952,0.18726799,0.13391003,0.2083805,0.07483238
0.36260927,0.21451274,0.18716773,0.30358922,0.17667457,0.33377308,0.3862869,0.3463696,0.27114913,0.14500591,0.14528856,0.20759845,0.32745218,0.2088134,0.23847416,0.18215391,0.14445683,0.10983966
0.2748198,0.35386553,0.37313092,0.23191851,0.25589186,0.43304592,0.38246393,0.28479955,0.35852945,0.08134878,0.033610217,0.32275224,0.32683778,0.22658186,0.4438284,0.18914446,0.31313354,0.15109721
-0.024804916,-0.30570772,-0.29676956,-0.10469274,-0.31608033,-0.012744863,-0.1556401,-0.2839317,-0.23584332,-0.03430883,0.029814653,-0.12772262,-0.16080755,-0.0041565965,-0.15672447,-0.04703115,-0.17679195,-0.23142824
-0.044476558,-0.08748986,-0.028038587,-0.092186764,-0.050008856,0.071607426,-0.12932056,-0.06651275,-0.102564596,0.00299378,0.15923703,-0.1085843,-0.09640272,0.101069435,-0.28223342,-0.07506287,-0.22610635,-0.104980096
0.16187823,0.3271488,0.12664673,0.3485021,0.31308162,0.1440745,0.25868306,0.22827315,0.23194498,0.02565893,-0.06412071,0.10528067,0.114753455,0.09040786,0.13956565,-0.0026272219,0.13336045,0.18732911
0.17470765,-0.10933949,0.09131517,0.37253672,-0.16804415,-0.14240521,-0.0057597077,-0.04053475,0.21207994,0.01702805,0.10532276,0.013188509,0.11516753,0.034996793,-0.23936236,0.027174417,-0.3757986,0.1435153
0.1988306,0.2556182,0.27366382,0.13566968,0.3126497,0.26853868,0.30327082,0.20471954,-0.105744034,0.111767195,0.15336227,0.14683753,0.14719003,0.044980556,0.14240691,0.13283077,0.3810048,0.32895026
0.28527033,0.24159886,0.26832718,0.44212788,0.29286256,0.13578878,0.30476803,0.11824259,0.051532187,-0.104943365,0.082116395,0.016115956,0.16788821,0.05931604,0.09583789,0.006496474,0.10897175,0.46196428
-0.0025476967,0.22553134,-0.011834646,0.11954531,0.23451903,0.38598716,0.35854042,0.079533786,-0.08185208,0.11487103,0.18551867,0.112165056,0.1193846,-0.008387696,0.17528868,0.13751528,0.31173664,-0.00512824
0.28561497,-0.032685652,0.16387087,0.43353912,-0.026827946,0.023587078,0.14659047,0.12604783,0.08122775,-0.094473675,-0.012540328,-0.05535899,0.10659517,-0.118669495,-0.04397855,-0.092767,-0.11406541,0.15871993
0.016672656,0.11220384,-0.124232486,-0.04905951,0.06790206,0.14864923,0.23319575,0.10563014,0.19042721,0.2704122,0.1032508,0.36700147,0.10410467,-0.03912326,0.16876388,0.18601424,0.2591102,-0.1515382
0.031556334,0.14343828,-0.07243915,0.24878053,0.0947348,0.17537989,0.28911957,0.11559089,0.03843885,0.15664923,0.109675854,0.14700265,0.15426135,0.09366657,0.16560128,0.13526022,0.20615818,-0.109138384
0.12558427,0.42527848,0.35722065,0.02800503,0.46220642,0.35842508,0.46450296,0.28508174,0.039628442,0.14748602,0.24979019,0.21218693,0.26042646,0.2536072,0.2720921,0.20221405,0.36670572,0.5128418
-0.062345624,-0.21336615,-0.3201579,-0.11312249,-0.274886,-0.009240375,-0.077095106,0.099980466,0.16301471,0.13350084,0.065865576,0.3570646,-0.079865426,-0.07404456,0.015149906,0.02555538,0.22921047,-0.2838943
-0.010266917,0.009555977,0.088133074,0.12009815,0.014855337,0.23031406,0.15732372,0.23898248,0.2439385,0.07819897,0.058553007,0.13730247,0.223622,0.17926526,0.20043623,0.093815,0.17317335,-0.049294773
0.3139175,0.14923921,0.22826606,0.34854412,0.15616873,0.24116609,0.18763259,0.18517236,0.033495147,-0.014103601,0.12302667,-0.06358886,0.29720682,-0.14001161,0.05868375,0.15827757,0.05524187,0.13381961
0.005595818,0.24592957,0.19279514,0.3734073,0.24437132,0.14888564,0.22535476,0.3199625,0.14225492,0.07528245,-0.16966465,0.15475132,0.14727746,0.019168973,0.17314856,-0.007479501,0.22482938,0.20772842
0.08848697,0.22630069,0.0110800695,0.3913057,0.20400193,0.004653624,0.042757526,0.11601009,0.17270154,-0.034551375,0.007899467,0.008395137,0.0034998478,0.043165494,0.012552755,-0.036587648,0.028069189,0.12339035
0.14437006,0.4772049,0.0977342,-0.020624645,0.45355716,0.4301141,0.45085597,0.5266274,0.23827323,0.3161376,0.02316521,0.35117364,0.25327596,0.09712027,0.41500795,0.122802496,0.4874782,0.1808246
0.47195196,0.32881963,0.28198203,0.09479249,0.31273848,0.3508768,0.21889342,0.23207244,0.36229074,0.14382014,0.15474649,0.24687234,0.24851456,0.18781479,0.23427106,0.20761923,0.15393189,-0.031218905
0.026695771,0.25826243,0.20168449,-0.10692561,0.2649508,0.28782135,0.17801234,0.3897965,0.39605153,0.21490178,0.008791727,0.2729777,0.14963074,0.31569466,0.3288471,0.1474431,0.20746529,0.0771538
0.1507698,0.26216707,0.08165836,0.044833153,0.28785425,0.27095133,0.23215872,0.4633257,0.3355233,0.20839548,0.090729415,0.3119782,0.20665336,0.19725475,0.23899198,0.14943612,0.28859723,0.043488532
0.22372282,0.38238293,0.313966,0.11293971,0.32876223,0.2505448,0.251062,0.36964506,0.121804565,0.10983409,0.031499043,0.33505425,0.21056113,0.042751472,0.21838722,0.12242297,0.37362134,0.21636695
0.06584531,0.42176557,0.26125968,0.13058208,0.33551097,0.37266123,0.30224764,0.47200793,0.33393344,0.19865057,-0.05471822,0.2680995,0.28377604,0.21523046,0.29115304,0.11074709,0.20438236,-0.009685306
0.06298405,0.19151439,0.30382535,0.19263817,0.2650762,0.0586337,0.26589006,0.21062054,0.27964184,0.08278416,0.12137121,0.07812442,0.30506784,0.2751773,0.20131055,0.15677586,0.080108866,0.30015254
0.118742056,-0.23998517,-0.109830216,-0.081459425,-0.20803052,0.05203092,-0.13925639,-0.039030336,-0.046269625,0.039688304,-0.0043777153,-0.019117922,-0.06817494,-0.0999533,-0.23813215,-0.0034493206,-0.2143063,-0.20219976
-0.067958124,-0.0047843913,-0.1279478,-0.11115665,-0.08444727,0.13530488,-0.11448354,0.1498047,0.10671917,0.18036649,0.047046587,0.21358423,-0.014373384,-0.03715764,-0.21500698,-0.01758972,-0.12047258,-0.22262734
0.06832948,0.5392668,0.1839616,0.12522738,0.5254009,0.40046835,0.42330194,0.26706904,0.18144917,0.22940308,0.09081026,0.22891624,0.2689249,0.21790962,0.36046636,0.20003355,0.28233004,0.052688718
0.14691253,0.3054074,0.10655468,0.3523706,0.33627358,0.26782835,0.2754544,0.25185663,0.21016416,0.030821145,0.039921872,0.16801035,0.17842424,0.064381585,0.21263216,0.11971617,0.25407666,0.10625968
0.17432591,0.3381553,0.38891405,-0.023543311,0.33869398,0.37702,0.14594415,0.3033753,0.3290205,0.14717975,0.01330509,0.32750326,0.24656361,0.10632336,0.18603702,0.20841241,0.184297,0.13495803
0.02549385,0.4877631,0.14134325,-0.024023063,0.43753856,0.4654784,0.44455564,0.27273685,0.22963423,0.13382311,0.119658306,0.25580004,0.19460498,0.19963905,0.52101797,0.1849061,0.52065516,0.11625395
0.40608835,0.092879504,0.08899299,0.16426536,0.11225289,0.29369467,0.2481943,0.19263738,0.04625462,0.10974304,0.12466885,0.05239007,0.18014303,0.02074847,0.08582568,0.1588084,0.1003332,-0.09620718
0.08460163,0.37572837,0.1825647,-0.07477474,0.39990675,0.33851165,0.4048757,0.37601486,0.076974005,0.22584125,0.201224,0.30311382,0.20004444,0.13646194,0.2585755,0.15531877,0.4226496,0.37505168
0.067296356,0.5058316,0.22876489,-0.01721466,0.53346133,0.4117074,0.3500799,0.3853899,0.25744653,0.27454484,0.043015108,0.3211798,0.2488887,0.11495553,0.41642654,0.1932634,0.41550615,0.079647556
0.052472726,0.04618458,-0.0708185,0.2284103,0.033563927,0.024000097,0.24485815,0.04938953,-0.16043517,0.059721053,0.067604266,-0.048628785,0.16082752,-0.15660527,0.0675277,0.073828936,0.16187795,0.005210508
0.45770854,0.4111917,0.2890919,-0.011660017,0.3242467,0.5115428,0.26091945,0.23079388,0.1971704,0.16740645,0.16304511,0.34333408,0.2083615,0.20282139,0.2583549,0.15325384,0.2511405,0.098040804
0.120245114,0.18534158,-0.04396427,0.20568597,0.15142813,0.27582735,0.3059073,0.22406334,0.09750506,0.14123788,0.27267426,0.14622757,0.26115754,0.13721782,0.18073809,0.16233054,0.2342514,0.09298276
0.26125962,0.35821593,0.21706572,0.10922785,0.40882277,0.35088873,0.42570987,0.16054541,0.0035397578,0.06794057,0.22587858,0.080124,0.23532858,0.07717641,0.34556746,0.19749942,0.48151904,0.37161797
0.38437206,-0.16896379,0.1327835,0.4411851,-0.13842571,-0.1769859,0.10559065,-0.06103769,-0.008393792,-0.11063878,-0.050276525,-0.1992045,-0.023028458,0.074174285,-0.05583675,-0.08598697,-0.16381334,0.22010222
0.2665422,0.4240493,0.24572054,0.1636993,0.4390723,0.31943274,0.41448492,0.30087134,0.07512379,0.10537023,0.046383858,0.12279905,0.21564311,0.10580836,0.2959118,0.14017645,0.27884716,0.12743697
0.08919381,0.43357962,0.15885416,0.0675191,0.33745676,0.5147995,0.37300396,0.28456154,0.10815268,0.20633978,0.16043779,0.1802257,0.30559775,0.14335182,0.29065454,0.20388028,0.22372438,0.054845307
0.13078107,-0.004194361,-0.062514156,0.05638904,0.023255387,0.1420369,0.3411268,0.20125699,0.060873836,0.22506005,0.27265334,0.20823154,0.2056697,0.118412875,0.30827013,0.15566337,0.3873059,0.03339893
-0.064149305,0.11227865,0.06872085,-0.048713755,0.18798521,0.1795648,0.11378209,0.12906317,0.037373662,0.03002207,0.3238489,0.06411041,0.03800459,-0.0022090958,0.008286923,0.19619763,0.26586294,0.15837699
0.09305853,0.37994564,0.15078935,0.0733622,0.28565097,0.3511011,0.19544253,0.35390553,0.0775671,0.18201193,-0.0039272215,0.34641898,0.15532541,-0.09053643,0.18689096,0.052311894,0.3633162,0.037670903
0.09675939,0.28249246,0.29789764,0.24434257,0.2909696,0.29551747,0.16047652,0.3133003,0.21743515,0.112417854,-0.05374209,0.14165351,0.3321894,0.065825745,0.21327591,0.09934069,0.059133753,0.18906394
-0.015248761,0.39213502,0.11286923,0.2614327,0.2906394,0.2505672,0.23726213,0.3203025,0.24383032,0.08748295,-0.013088029,0.30778456,0.24691999,-0.029282179,0.27434033,0.064790234,0.32741618,0.1660685
0.240758,0.1838404,0.048391145,0.31053212,0.22381076,0.12007993,0.1575501,0.18479079,-0.115019746,-0.0394174,0.012686301,-0.025667557,0.12849627,-0.21785355,0.020516867,0.011619988,0.17510852,0.09514153
0.298815,0.44448993,0.21437289,0.009655339,0.4617733,0.47258878,0.26909435,0.3742705,0.33991218,0.2235225,0.06677313,0.31923366,0.23849067,0.09467422,0.32044017,0.20358494,0.36580122,0.030957032
-0.023624212,0.12428346,0.14992395,0.027548939,0.20048524,0.29056543,0.26934153,-0.030840363,0.021947669,-0.01055393,0.30073625,0.05453836,0.059071936,0.090200715,0.08034063,0.2365588,0.31721628,0.19490284
0.4505143,0.44067162,0.37200612,0.06865673,0.44130975,0.4330027,0.48289004,0.33477163,0.16335078,0.16960843,0.21922657,0.26423556,0.25878215,0.22659323,0.3773104,0.1856601,0.4276501,0.35775495
0.007341861,0.08540304,-0.21295953,-0.0038326848,0.02290209,0.17936662,0.2667954,0.19036491,0.014607734,0.24415952,0.18798722,0.23094583,0.09457104,0.12719658,0.21651018,0.097348884,0.30871618,-0.061517492
0.0374672,0.47949603,0.14688386,0.08693817,0.38231823,0.45907176,0.4188814,0.31582755,0.24065891,0.2543854,0.059684683,0.31558463,0.3055417,0.058366694,0.4123221,0.22676969,0.3673157,-0.016152972
-0.041951526,0.528358,0.2188969,0.0032705544,0.50926065,0.45713875,0.4446204,0.46974,0.20978105,0.20891471,0.17851155,0.22916315,0.32102874,0.22736189,0.47569492,0.18222418,0.3888046,0.2317476
0.21593094,0.07096814,0.026159406,0.1068465,0.065606,0.10239364,0.13305399,0.2100428,0.15707788,0.06366961,0.118869446,0.27934757,0.14887941,-0.078321785,0.14107418,0.14157383,0.28285724,0.04058493
0.102614924,-0.11100315,-0.24153969,0.41728318,-0.13448355,-0.17416713,-0.048289172,-0.07543363,0.049194567,-0.16290899,-0.026287189,-0.120049864,-0.07209113,-0.17415047,-0.12755436,-0.1482757,-0.07184459,-0.11293772
0.3598684,-0.093715556,0.0836019,0.47932723,-0.1191396,-0.2166596,0.05524088,-0.1498062,0.12982497,-0.16394003,-0.0064163753,-0.20133132,-0.08643031,0.056008063,-0.11929999,-0.14877361,-0.2950764,0.19973873
0.09954767,0.32254246,-0.043880515,-0.14691384,0.2918766,0.30519837,0.3170387,0.112377465,0.23230313,0.22012363,0.1375096,0.19830686,0.092199296,0.3146053,0.24363686,0.1424262,0.1510393,-0.02436262
0.10266635,0.45496255,0.17899743,0.08480322,0.41046146,0.36774302,0.32749984,0.4532284,0.20927781,0.21689579,0.044641666,0.41909534,0.30976078,-0.05643931,0.37766385,0.19045961,0.49962673,0.17342876
0.17225677,0.3991316,0.2306127,0.061661407,0.4105078,0.33963615,0.40436274,0.24023141,0.11102362,0.15939716,0.29469094,0.301983,0.25954258,0.18639773,0.31572086,0.25293165,0.48579806,0.37309736
0.05569291,0.42094785,0.42321667,0.2659703,0.34524423,0.3359351,0.35397804,0.065627456,0.14151704,0.045569193,-0.0014711302,0.05508014,0.20426075,0.3987742,0.15449566,0.08055802,-0.049457878,0.21249846
0.051445246,0.2731779,0.36410046,0.4261188,0.26826143,0.115122706,0.1630031,0.26142418,0.233223,0.0019279746,-0.17438667,-0.10997841,0.16741629,0.030645177,0.07863757,-0.03340137,-0.1878176,0.20471855
0.1962361,-0.07145825,-0.095513925,-0.14623573,-0.15074961,-0.08656973,-0.09602886,0.03815534,0.10319103,0.21470517,0.01797425,0.35518545,0.03638504,-0.1851023,-0.05021603,0.09866165,0.059242256,-0.15165645
0.44522992,0.28825054,0.27573502,0.06056858,0.2935323,0.3328452,0.21293421,0.32056594,0.20195997,0.15416917,-0.040019408,0.35647613,0.18578511,0.030855166,0.2504766,0.117366195,0.3466063,0.16079262
0.37787735,0.1656841,0.14215708,0.20154405,0.1666341,0.2911318,0.43620276,0.11812696,0.08848007,0.13314769,0.31707877,0.08974449,0.22231597,0.3944627,0.16445193,0.16599727,0.18685713,0.35384768
0.04397978,0.42636812,0.11435262,-0.026456362,0.38981053,0.36400375,0.31346783,0.47258136,0.101568654,0.24658859,-0.053234987,0.32161826,0.17999062,9.81763e-05,0.33965734,0.07706013,0.40236974,0.12631264
0.2574963,0.47951472,0.19035867,-0.0146928225,0.42908576,0.42078933,0.3794986,0.23261878,0.18310076,0.17010376,0.092102066,0.33341843,0.18159172,0.1033752,0.36186144,0.16600685,0.44634378,0.15840162
0.11886534,0.3108789,0.026050428,0.3948693,0.28501964,0.12690412,0.23290966,0.2453446,0.19427323,0.022034682,0.027046807,0.15290472,0.16361901,0.0026601697,0.21874148,0.051295042,0.26058632,0.061637696
-0.05703386,0.012612678,-0.24907507,0.006642865,-0.0470492,0.14047171,0.12617058,0.17173526,-0.05578042,0.13415444,0.07441723,0.14623547,-0.010982718,-0.002747526,0.1442528,0.004539042,0.28093827,-0.14665052
0.22606048,0.25698537,0.061701063,0.47823972,0.20637095,0.22493646,0.1908743,0.22288308,0.29917735,0.08688491,-0.05753859,0.039677117,0.164302,0.030543417,0.035634406,-0.034050114,-0.07951139,0.12353437
0.22747983,0.45591146,0.3896042,0.21476577,0.37202442,0.42839307,0.4740576,0.16101831,0.024586309,0.02636075,0.12761539,0.05858425,0.26844415,0.20534036,0.29082972,0.14373744,0.24391635,0.35998696
0.043668937,0.24343325,0.31096584,-0.08034836,0.2530086,0.25263923,0.07569492,0.2664315,0.26822352,0.113449275,-0.081981316,0.23562366,0.11716917,0.103134684,0.13124034,0.094497785,0.103886046,0.03843592
0.10335863,0.053944066,0.10030111,0.36818188,0.06080375,0.015122931,0.18195227,0.21837172,0.27202636,0.036831595,0.02318053,0.08250943,0.21248233,0.07499402,0.13230577,-0.040436067,-0.004909049,0.18800908
0.39856106,-0.10339172,0.034450807,0.37958062,-0.085628055,-0.10546713,0.17930752,-0.058884088,-0.04370261,-0.093983375,0.061732724,-0.12770852,0.035919257,-0.021163428,-0.04484223,-0.05109612,-0.053219385,0.22701116
0.14377682,0.37320212,0.07960437,-0.02997096,0.43774194,0.39493144,0.28811297,0.3946974,0.28584802,0.26399547,0.23982386,0.36846286,0.22068667,0.079572275,0.28713825,0.2354126,0.3883807,-0.07267997
0.09623133,0.21550626,-0.020026132,0.06465289,0.28879544,0.2288878,0.09243402,0.26817453,0.13577639,0.19657871,0.03805352,0.19895363,0.13817963,-0.0959156,0.043151632,0.07811921,0.18467867,-0.21952806
0.32161456,0.4289661,0.16933896,0.008121321,0.35394776,0.42100132,0.2788428,0.28041464,0.40740317,0.25926465,0.03707636,0.44550854,0.23320249,0.049424134,0.25179517,0.18375155,0.33921096,-0.08128783
0.47747612,0.29918703,0.3654093,0.388887,0.24813269,0.19960618,0.28144866,0.12407264,0.3678813,-0.01990467,-0.044187956,0.08847721,0.17371017,0.13007623,0.08262071,0.006840609,-0.10242446,0.27660814
-0.023094706,0.20584509,-0.12899636,0.04682115,0.16689338,0.19922373,0.24935323,0.3950585,0.20720243,0.3415703,0.11832023,0.36861014,0.23506123,-0.010873757,0.34355164,0.14239487,0.4016727,-0.20861125
0.20053518,0.04879711,0.054775015,0.089575544,0.12511617,0.2312512,0.19896711,0.07840109,-0.042462416,0.09140637,0.2346941,0.011207245,0.092210926,0.0789682,-0.045295436,0.12463972,0.21046397,0.20974791
0.25192186,-0.007528724,-0.033420682,0.024583463,0.01264173,0.24162938,0.050132513,0.1306762,0.00724802,0.2187117,0.07025196,0.017437434,0.10380477,0.12527499,-0.103221506,0.06826655,-0.09037287,-0.25334838
0.08989154,0.3756563,0.25629342,-0.018372659,0.34361494,0.39064604,0.30091828,0.36469206,0.12726748,0.11082245,0.0054755807,0.28853494,0.12886395,0.12679291,0.28003877,0.05155179,0.36823934,0.16107634
0.422773,-0.0122634005,0.25427443,0.13730907,0.021289282,0.24885266,0.12808472,0.18749484,0.041721717,0.21025693,0.0012983247,0.10860404,0.12551092,0.19627467,-0.026422787,0.098221615,-0.07101163,-0.09612631
0.03669322,0.2717169,-0.015752904,0.38674837,0.2927047,0.27110812,0.3099795,0.23939276,0.11007783,0.01838021,0.02690726,0.08821209,0.1489118,-0.043906786,0.26242453,0.039446324,0.28222287,0.1281145
0.15269886,-0.050745424,-0.16494897,0.36554933,-0.07079875,-0.06561796,0.17494649,-0.036899794,0.1090586,0.01638554,0.08837936,-0.006505559,0.05876643,0.07303533,0.049319703,0.020555101,0.04013234,0.031180546
0.073849246,0.26945627,-0.08852559,-0.14848462,0.11376209,0.34150556,0.24470156,0.17452008,0.15246959,0.34822878,0.11807588,0.52557755,0.17592785,-0.051595956,0.20557421,0.19942707,0.3548476,-0.17216885
-0.15839426,-0.497567,-0.29540718,-0.18665889,-0.53641987,-0.30035877,-0.34655827,-0.25361386,-0.17768821,-0.11731511,0.237427,-0.06921557,-0.19304617,-0.23577416,-0.40580523,-0.1015133,-0.3138385,-0.2080375
-0.057305105,0.072286636,0.19777665,0.04982079,0.20326003,0.21382739,0.17501909,0.010027308,-0.18751949,-0.07402325,0.15023072,-0.20537144,-0.020882402,0.24617887,-0.019574171,-0.0036451381,-0.0080509465,0.34776846
0.30655771,0.22685088,0.047778763,0.14519104,0.27373147,0.22601041,0.21746811,0.29961586,0.2815361,0.1515485,-0.06516375,0.23072699,0.10108039,0.010482261,0.22116232,0.106467724,0.35408062,-0.027026813
0.00033448776,0.45763925,0.4278229,0.20783702,0.35783827,0.36955234,0.29398733,0.16123171,0.038004566,0.04623865,0.044975746,0.23537466,0.24909627,0.08937394,0.18163401,0.053140096,0.1479578,0.24199559
0.12648396,0.2249362,0.24419385,0.023475574,0.1998303,0.23703375,0.2255286,0.428715,0.23069738,0.13128412,0.1114926,0.31831834,0.193925,0.041970193,0.27089489,0.1178596,0.3188258,0.056450635
-0.15000275,-0.25583783,-0.17401215,-0.020733187,-0.241104,-0.16562939,-0.13720873,-0.018379234,0.14053789,0.16876507,0.037657566,0.044025406,-0.0320242,0.00084011804,-0.07848775,0.08643776,-0.09327552,-0.30276185
-0.039651163,0.04221387,-0.23005514,-0.1277907,-0.07310575,0.15149148,-0.029429587,0.22535735,0.11176823,0.26402313,-0.051149506,0.42613024,-0.006499972,-0.17072365,0.07883493,-0.0035486217,0.26692724,-0.22911395
0.036099937,-0.07476863,-0.18899277,-0.08450121,-0.10355936,0.10322264,0.11980133,0.10371311,0.046279065,0.200896,0.036713086,0.25268722,0.05658375,-0.17426136,0.13136573,0.064515926,0.18736218,-0.23977292
-0.031512894,0.41098523,-0.030154176,-0.11386396,0.38839385,0.35827023,0.3920909,0.22828549,0.116370365,0.302316,0.23284909,0.2539692,0.20114402,0.06244748,0.40101075,0.21625654,0.42122555,-0.013426084
0.038045056,0.35724932,0.26823768,0.058434512,0.40806973,0.3296178,0.37917125,0.09517042,0.020368211,0.07706625,0.32963562,0.1256535,0.21550596,0.22149396,0.2099447,0.27094194,0.3585083,0.39396003
0.095596395,0.49245697,0.42081892,-0.004943002,0.42102057,0.3955425,0.32383832,0.37342456,0.15235311,0.20872867,0.12638529,0.31123883,0.2846674,0.19935098,0.27378792,0.17651209,0.23184484,0.30685914
0.10923324,0.12202768,0.09585729,0.02298735,0.07716547,0.34746698,0.20447308,0.12722054,0.116809055,0.24854241,0.24411991,0.38415772,0.10843971,0.25469315,0.04055576,0.20172364,0.20301186,-0.009420245
0.12372467,0.38797975,0.060803913,0.2205506,0.30530903,0.32402128,0.34707314,0.29240054,0.362817,0.23527484,0.051558375,0.3899599,0.28436458,0.17801249,0.2819854,0.14034137,0.30083796,0.02404766
0.2000491,-0.17486846,-0.008523556,0.16773605,-0.15345111,0.002636041,0.16545969,-0.16211233,-0.09626868,-0.014104672,0.20761007,-0.13745141,0.050079208,0.12272839,-0.019031912,0.1395279,0.020266399,0.029492678
-0.15339026,0.068535835,-0.14164168,-0.0984358,-0.0387059,0.23702797,-0.017654004,0.13235869,0.16027233,0.12166368,0.036276326,0.36987683,-0.039624315,0.013209311,0.035804827,0.02638668,0.18095523,-0.2957092
0.15094952,0.60133064,0.1269797,-0.021006206,0.5435939,0.49517852,0.48038918,0.38415462,0.29658943,0.27011505,0.050942652,0.40913442,0.24507737,0.13122272,0.5060458,0.19119939,0.5371156,0.1065498
0.12828554,0.5640757,0.22225189,-0.053269595,0.5407953,0.463066,0.46408445,0.25619292,0.20597132,0.2895249,0.12846605,0.25310707,0.21975064,0.29256886,0.33914033,0.20532854,0.30034387,0.14656779
-0.2083073,-0.08359737,-0.26680505,-0.024670199,-0.14218107,-0.024143491,-0.027671726,0.10319898,0.3091835,0.17874512,0.029588614,0.24606684,0.025586925,0.010479873,0.18587664,0.107409485,0.17145145,-0.28200263
-0.08496009,0.26747,0.027453145,0.32051894,0.23640466,0.18527994,0.2875157,0.24741647,0.13203737,0.08412227,0.026582995,0.07199723,0.14673796,0.16828617,0.20894705,0.031622797,0.12574285,0.076671675
0.18837327,0.23493138,-0.0460402,0.19768292,0.24660066,0.34125057,0.3527856,0.24634707,0.2420426,0.19709189,0.13568448,0.33321077,0.25614792,-0.021314034,0.20524359,0.15807477,0.3178609,0.048718855
-0.0237984,0.30731666,0.03140778,0.05825694,0.22453192,0.32795474,0.39330202,0.16821197,0.06923531,0.13323523,0.1975793,0.34609306,0.17638803,0.15713039,0.36136544,0.13448972,0.5392864,0.24450287
0.3400066,0.2668706,0.17001769,0.11718176,0.34230715,0.26253432,0.25917655,0.29053515,0.114299364,0.18419506,0.10411695,0.06901723,0.2862829,-0.03007353,0.010639122,0.14691502,0.07721971,0.052753877
-0.10811728,0.38533866,0.27395004,0.2009561,0.2866525,0.2253647,0.2634653,0.38997275,0.17776017,0.15054728,-0.028477937,0.2930418,0.27318776,-0.027257837,0.30965605,0.105308436,0.2746687,0.13945019
0.13387607,0.31043914,0.08041088,-0.04921826,0.36743742,0.40021157,0.39007547,0.18438226,-0.0052844333,0.14868727,0.3647964,0.11873661,0.1472084,0.16582756,0.17002255,0.203365,0.40667075,0.33266562
-0.2145249,-0.41109493,-0.21808043,-0.13541058,-0.44322377,-0.2266658,-0.16816033,-0.17663854,-0.09457519,0.06243261,0.17420827,-0.09370769,-0.05619322,0.009298695,-0.19396088,-0.010698748,-0.32783145,-0.05104863
0.43837816,0.49206328,0.36151537,0.08077133,0.46149462,0.45035866,0.4368431,0.42109582,0.24920048,0.2681815,0.05715582,0.3135463,0.24443974,0.25108606,0.2980575,0.14907557,0.28775215,0.20264369
0.05593016,0.28675306,0.05505023,-0.013630613,0.2752423,0.23161012,0.23953187,0.41856188,0.12732108,0.21676227,-0.08077644,0.3747364,0.1489017,-0.16183984,0.27884477,0.07665007,0.4566431,-0.0015416811
0.19149359,0.33380997,0.33262518,0.16786727,0.3082512,0.25860512,0.29066515,0.26883563,0.14000624,0.10465233,0.11205129,0.15661147,0.33226252,0.17300203,0.2837242,0.18263601,0.14782044,0.119971156
0.08569198,0.14181519,-0.06579384,-0.08234958,0.25433373,0.14138545,-0.024845544,0.22565526,0.15081891,0.116872415,0.18429616,0.22266722,0.07499379,-0.11075652,-0.023606904,0.09995563,0.123523295,-0.22046438
0.074120566,0.46379894,0.16783506,0.16895437,0.4077067,0.3917688,0.41100323,0.16325971,0.012423991,0.047170125,0.14189464,0.08940031,0.24916752,0.07852789,0.3251642,0.17549175,0.37115404,0.21637127
0.16327214,0.065954186,-0.0927777,-0.06582191,0.028503858,0.090280056,0.14308903,0.19171177,0.252416,0.24197283,0.07926457,0.22274779,0.10699436,0.10344585,0.21170408,0.1715818,0.24109668,-0.14384429
0.15777947,0.58178926,0.32400358,0.1260908,0.53684306,0.43453947,0.4550804,0.4545211,0.31357348,0.27137694,0.10011894,0.4060474,0.36712462,0.25491908,0.37531054,0.2149886,0.32359236,0.2256835
0.30850405,-0.08840242,-0.10605281,0.070325725,-0.056938916,0.15413535,0.2493962,-0.041984662,-0.07420163,0.08009751,0.32091796,-0.09630133,0.095750876,0.25535935,0.08569146,0.06136201,0.07720716,0.11975855
0.14457446,0.12694614,-0.06241542,0.031479333,0.16796243,0.20915335,0.24014165,0.0820404,0.0547763,0.22668937,0.14130253,0.13219768,0.2156458,-0.029914306,0.12881511,0.18873523,0.16154228,-0.1457904
0.42784983,0.030369872,0.19788885,0.3578964,0.0143727055,-0.082329534,-0.027303435,0.013404215,0.11700368,-0.17489171,-0.03773006,-0.16463716,0.0024168855,0.019596953,-0.087363124,-0.13318595,-0.22588015,0.20361653
0.08003748,0.46146092,0.33900332,0.042774774,0.35071352,0.35364556,0.29299027,0.41972,0.23712927,0.20771983,-0.07792741,0.4337936,0.23960087,0.022447344,0.3281138,0.085134834,0.33763632,0.21794605
0.33611885,0.22010753,0.12232801,-0.014940532,0.32660282,0.1607412,0.18661433,0.32670802,0.39614666,0.22463451,0.17088571,0.28940362,0.19558513,0.1403157,0.2590833,0.23133552,0.2830143,0.0063729677
0.07385775,0.3604694,0.38742155,0.045140684,0.41715693,0.33925486,0.45947868,0.101395905,0.033532858,0.09258124,0.27039254,0.15353686,0.206727,0.36282277,0.2809132,0.22262989,0.35826075,0.5321631
0.20063356,0.3013789,0.1754785,-0.15433863,0.30658385,0.40383026,0.20918253,0.3570209,0.16757864,0.18580037,0.097492516,0.30211142,0.10823063,0.035760883,0.19438614,0.08780061,0.34403124,0.09266566
0.40430796,0.4695557,0.29175186,0.08297229,0.4373204,0.4321343,0.39617538,0.29273027,0.24257891,0.15860738,0.07603881,0.31762093,0.24391997,0.15600935,0.3665076,0.15556629,0.37633887,0.23130085
0.17994507,0.3508704,0.10623738,0.09501991,0.35891587,0.40198034,0.2695998,0.47253832,0.3136317,0.23132735,-0.004222249,0.4383975,0.27147457,-0.044156432,0.31413144,0.14570153,0.46663994,-0.019523185
0.1404104,-0.026419453,0.11857356,0.1404264,0.020093936,0.21997038,0.3930457,-0.070483744,-0.08256718,0.011130083,0.2654012,-0.03701626,0.11528206,0.23663121,0.20309445,0.14105088,0.22626121,0.33773223
0.08138316,0.23793265,0.14885625,-0.06642985,0.25930917,0.27894545,0.2177398,0.5450947,0.26051193,0.3039788,-0.015355744,0.268583,0.20037785,0.16766421,0.20909739,0.13531515,0.2850073,0.18071213
-0.0907969,0.14952771,-0.07962568,0.05028017,0.035410926,0.2131632,-0.002705366,0.2718411,0.19233029,0.14338502,0.05090268,0.2153335,0.0624888,-0.029946618,0.13970713,-0.0023784977,0.17276147,-0.1339618
-0.04121746,-0.06909083,-0.11665106,0.4024997,-0.12570569,0.031742793,0.1293804,-0.023426497,-0.058517616,-0.019652449,0.023805317,-0.0012231423,0.07730216,-0.07324651,-0.12753615,-0.037205122,-0.055938415,0.038787223
0.34409535,0.34577724,0.29951334,0.064722374,0.29574198,0.3404033,0.15847972,0.30708277,0.22816008,0.105110064,-0.00096286926,0.39944988,0.22089374,-0.04151731,0.2655046,0.11176045,0.34323025,0.1270015
0.11435955,0.35312486,0.2915085,0.11051148,0.30356473,0.46847332,0.41601607,0.19400468,0.12965304,0.13161793,0.16899824,0.24178284,0.27268013,0.16307804,0.19342147,0.15019095,0.28810513,0.24243075
-0.06553765,0.36048278,0.082880124,0.052586764,0.36694384,0.2441805,0.23682109,0.4077862,0.075491205,0.13695756,-0.021966808,0.33362144,0.16749638,-0.0674391,0.2689674,0.08119396,0.46507353,0.19411373
-0.001042482,0.21420616,-0.0006923652,-0.12028367,0.27007106,0.15524529,0.14344302,0.36351943,0.32837278,0.23763373,-0.004594373,0.28479928,0.11641422,0.14572927,0.28360194,0.073420174,0.21719119,-0.025073789
0.043582223,0.445983,0.18756951,-0.053936604,0.42762852,0.3651534,0.40029168,0.40012914,0.22148398,0.25980806,0.07345385,0.34932283,0.1754751,0.3488437,0.34064758,0.11952628,0.35380474,0.32420325
0.1605013,-0.33338904,-0.20299111,-0.14394246,-0.30930516,-0.06473632,-0.076982826,-0.2222963,-0.13895732,0.04200325,0.17491585,-0.13589986,-0.0581669,0.09059173,-0.22782071,0.04078897,-0.32136554,-0.19995685
-0.01265852,0.43898386,0.14367878,0.09095927,0.37948284,0.38348505,0.35824698,0.4014521,0.15733403,0.2895283,-0.022952255,0.41152337,0.20799246,0.08934082,0.27875495,0.10596733,0.4101775,0.12570098
0.025006387,0.223539,-0.15141326,0.08381887,0.09218285,0.16223422,0.19955753,0.16199061,0.22741228,0.3117466,0.12353053,0.40354896,0.1823613,-0.015385417,0.1842084,0.17982072,0.2918784,-0.14595595
0.15343085,-0.1282866,-0.063903764,-0.0063979765,-0.043886673,0.112100214,0.048546955,0.15902203,0.033083603,0.21839792,-0.06642711,-0.08528828,0.012794247,0.12973577,-0.085477754,0.030475747,-0.12611064,-0.1473754
0.033649907,0.44140476,0.08117671,0.29853255,0.36196804,0.30752748,0.32694682,0.33955103,0.18523738,0.12049447,0.023038123,0.27371615,0.25859436,0.076655254,0.3533345,0.09988827,0.38611007,0.13464189
-0.14885016,-0.07530789,-0.05721111,-0.13163619,-0.14401978,0.15549341,0.15024954,0.33667177,0.09148596,0.27460915,0.010831124,0.29437405,0.082120016,0.11362773,0.12209024,0.049287587,0.23662484,0.08378138
-0.051306065,0.36354375,0.17617372,-0.029005282,0.33097228,0.3112707,0.2903921,0.238347,0.17370477,0.12040809,0.16382286,0.449087,0.16103393,0.02331911,0.27942824,0.20039816,0.4613484,0.13164762
0.066320464,0.02217915,-0.12459099,0.2895652,0.024962507,0.061345242,0.16203888,0.10479215,0.1944055,0.034316607,0.033816613,0.06025774,0.039858036,0.09510983,0.085935414,0.034499776,0.12427761,-0.018739983
-0.037198182,0.25640106,0.27444166,0.1807304,0.16342595,0.23834854,0.29621482,0.07391612,0.10191229,0.13789354,0.01677917,0.10334954,0.13612732,0.34315675,0.15649372,0.07269915,0.0037720874,0.0416876
0.062196597,-0.13205983,-0.24538267,-0.14369304,-0.06987712,0.11851598,0.03518597,0.14884146,0.20904933,0.23407122,-0.0069163907,0.17474352,-0.033080287,0.072180405,0.0858981,0.06382056,0.16109258,-0.17527948
0.21212491,0.029586766,-0.15185377,0.11423001,0.059275318,0.1336923,0.21251611,0.10769941,0.2388339,0.13825698,0.021751586,0.08438188,0.096822985,0.1298796,0.15244816,0.06788504,0.1356713,-0.12419796
0.107269615,0.43259764,0.21450686,0.3051586,0.34363568,0.28359795,0.3654757,0.20527783,0.10855092,0.16401082,0.063823625,0.1328764,0.32520366,0.044519775,0.136816,0.16822085,0.076279566,0.027207121
-0.1073602,-0.12682092,-0.32774955,-0.16474262,-0.14271016,0.05406781,-0.14172643,0.058027897,-0.12406257,0.11405424,-0.033649623,-0.060108963,-0.20482722,-0.10554302,-0.14647621,-0.13938564,-0.07876021,-0.29911608
0.0016751993,0.20291644,-0.15515262,-0.07890801,0.12501234,0.24097341,0.10953464,0.2758638,0.27808437,0.22330928,-0.0023455522,0.3807622,0.099423654,-0.0009421874,0.1750451,0.038937166,0.26292536,-0.1656135
0.16821234,-0.042985216,-0.13990115,0.010230826,-0.047813676,0.028761476,-0.14093167,0.066704184,0.060350902,0.1342183,0.010424365,0.0609861,-0.058134206,-0.026340133,-0.26954097,-0.0392698,-0.10882513,-0.21670279
0.10824779,0.43451557,0.24021947,0.03135375,0.35711515,0.5139332,0.4615885,0.41144377,0.20628041,0.27606812,0.027991038,0.31340528,0.26534957,0.29415095,0.3128792,0.09757277,0.33211568,0.20815897
0.28779963,0.26820743,0.073489614,0.17700468,0.2827887,0.32938004,0.28398773,0.16723615,0.106550366,0.11154936,0.043948658,0.15096572,0.12893301,-0.010827003,0.13249525,0.13344753,0.2463756,-0.049852945
0.4058866,0.014356831,0.40512717,0.21139349,0.06436497,0.09224654,0.14947724,0.112545356,0.15022485,-0.0016267775,0.15154281,-0.036390148,0.19239078,0.25747696,0.02369582,0.12094724,-0.18299693,0.20257485
0.21177953,0.22918162,0.034043316,-0.092797324,0.1745519,0.2307055,0.24858567,0.26507348,0.18585375,0.2673347,0.10942648,0.5074394,0.16048236,0.092908934,0.2926497,0.14904031,0.43891874,0.11679792
0.15421918,0.15494618,-0.021634772,-0.1134133,0.09323857,0.2837379,0.24392822,0.24017796,0.22831362,0.2710654,0.14499772,0.32418257,0.1497064,0.34522855,0.27272835,0.09102762,0.26147783,0.09803229
0.3134706,0.33287996,0.47051832,0.04068261,0.38709375,0.38553882,0.3367601,0.18682453,0.0077764587,0.07886866,0.25375128,0.14841394,0.20125932,0.15366119,0.12758505,0.21466205,0.28882474,0.47873473
-0.11199834,0.3139003,0.17245087,0.17885861,0.25698847,0.21157265,0.2570353,0.3377323,0.008045759,0.115308784,-0.12286909,0.1883258,0.07547446,0.034903824,0.15328673,-0.026730184,0.24774557,0.1326315
0.26123297,0.47303843,0.35593358,0.43266392,0.379273,0.24090101,0.34229603,0.1776034,0.2995335,-0.05528573,0.040390916,0.11109866,0.30162764,-0.0010030102,0.27961266,0.07317692,0.13652325,0.3630967
0.009084653,0.13540196,-0.16909209,-0.025589345,0.05507268,0.22382024,0.28595322,0.1962217,0.019443654,0.20369902,0.16355255,0.2117086,0.05460853,0.13707155,0.2196838,0.064790025,0.3200848,0.0030466286
-0.038655896,0.025212314,-0.22334826,-0.18863764,0.039223947,0.28257808,0.09111723,0.07956144,-0.061317623,0.1865438,0.08371622,0.06998872,0.055946276,-0.02323693,0.17438608,0.10623965,0.17925335,-0.13839021
0.058474295,0.5438204,0.13789168,0.13621008,0.46768144,0.45865154,0.38796645,0.42157036,0.31212068,0.20309919,0.02136793,0.38544592,0.2851906,0.09075603,0.43233752,0.17981878,0.4587096,0.06705178
-0.012271759,0.07669315,-0.15035433,-0.087030336,0.053920254,0.27535447,0.17602395,0.20853908,0.35515898,0.23195365,0.28216934,0.30173665,0.17998579,0.2758143,0.23786044,0.16878307,0.21521041,-0.20234613
0.016970957,-0.023978889,0.1478927,0.17343423,0.00011123391,0.14184007,-0.046562657,0.039355546,0.058940634,-0.07496579,0.18290329,-0.0018936112,0.06824553,-0.05442712,-0.25595316,0.0119309435,-0.25279295,0.11440495
0.21935502,0.38858858,0.26725596,0.45179635,0.42304102,0.20721623,0.340894,0.41993478,0.39396,0.08871111,-0.02342213,0.20804355,0.2949979,0.10664666,0.23146582,0.08026464,0.18524134,0.29969296
-0.08061248,0.046552178,-0.0566938,-0.07120383,0.06293991,0.1928691,-0.03586852,0.12004162,-0.07241562,0.16828312,-0.11587092,0.11240722,-0.08562605,-0.20758379,-0.0040856274,-0.014652827,0.1381996,-0.25633472
0.086825445,-0.32863766,-0.029762456,-0.037867695,-0.28749907,-0.039777316,0.13256565,-0.020148234,0.012275801,0.03987232,0.24495347,-0.057659805,0.11134659,0.11000818,0.056109093,0.094228834,0.018381502,0.10637407
0.10039126,0.17962588,0.1946082,0.55182254,0.16323106,0.037859023,0.22592774,0.2459361,0.37178028,0.012057701,-0.054778814,-0.038564976,0.23840517,0.13989437,0.06959798,0.06308509,-0.13961843,0.16218644
0.09100108,0.15329915,0.20234635,0.4138174,0.15991372,0.13391715,0.19207934,0.19792964,0.1668413,-0.008339727,0.029600162,-0.020687662,0.29861248,0.04958367,0.15107976,0.122540705,0.0390474,0.14665279
0.34400102,0.08712891,0.34190822,0.3769572,0.094594896,0.013695227,0.13794687,-0.044469893,0.07314554,-0.21620935,-0.06386912,-0.14321353,-0.0028868834,0.099587366,0.037745997,-0.14033064,-0.1431264,0.3616941
0.13345373,-0.073676825,0.017607883,0.08479275,-0.058194086,0.0046775537,0.043423817,0.030310936,0.06187553,0.052169614,0.27173775,0.11014496,0.05697596,0.10102288,-0.11369261,0.09271403,0.06728329,0.1670933
0.057652686,0.0014362643,-0.1754829,-0.089595616,-0.04820425,0.14782923,0.26301822,0.12386024,-0.014542902,0.31240135,0.12175945,0.28863895,0.1648198,-0.04912051,0.15302123,0.1573312,0.18418199,-0.20621982
0.22284144,0.38485426,0.2492028,0.1513053,0.34065813,0.31339827,0.3026303,0.3702733,0.27027962,0.14449741,-0.06152451,0.41181427,0.2581962,0.071967915,0.38590452,0.13610473,0.41356242,0.07850574
0.21697155,0.24499165,0.19110078,0.35366827,0.22167927,0.22227938,0.25437483,0.21319126,0.36255512,0.07865816,0.0089804055,0.21010856,0.23207338,0.13716793,0.22085023,0.042688593,0.090213485,0.20688894
0.092859164,0.46054155,0.108362556,0.06407038,0.47003102,0.4111623,0.45509633,0.43549934,0.11727306,0.27421224,0.14466086,0.29945612,0.2970527,0.15500486,0.36425018,0.18021709,0.44745916,0.23700202
0.437571,0.49435538,0.3401054,0.16693842,0.45089012,0.3538883,0.4301113,0.3077217,0.20461038,0.11847727,0.09143512,0.12318432,0.20204636,0.18635452,0.28755134,0.1494806,0.19983867,0.18383318
0.18798679,0.1053397,0.059076097,0.16104132,0.08365459,0.11523257,0.16760252,0.23356408,0.14177409,0.16265154,-0.016923804,0.08534042,0.13809285,0.15051243,0.0374828,0.021607738,0.016365914,-0.10926624
0.2972837,0.49747616,0.2996078,0.10000405,0.46047136,0.39069745,0.4217641,0.4321897,0.38501006,0.21224692,-0.025716139,0.34951898,0.28592235,0.15423177,0.4606737,0.15015194,0.44814512,0.22986266
0.20145234,0.5197001,0.17548281,0.06535566,0.5200203,0.45699626,0.51219535,0.4293577,0.29431993,0.29530734,0.2390388,0.3498087,0.37126723,0.20498285,0.44067067,0.25673747,0.37614015,0.11448112
0.022643501,0.051883712,-0.20227535,-0.08700071,0.039109133,0.098538876,0.22898021,0.30067104,0.095802106,0.2859407,-0.012740001,0.30753422,0.094788834,-0.02411056,0.28523034,0.09457985,0.42096052,-0.171436
0.054181598,0.09998965,-0.011192819,0.4323286,0.09883438,0.04584683,0.26964557,0.19380847,0.25413758,0.12425729,0.07032655,0.12863794,0.332013,-0.02078237,0.20032087,0.082683325,0.17303544,0.05047466
-0.0013481872,0.23185998,-0.02950377,0.088569745,0.15676558,0.20434625,0.22492245,0.24372888,0.08557758,0.2345584,0.011666998,0.21741335,0.10308481,0.13325633,0.10175706,0.11697039,0.17518733,-0.108876824
0.2194618,0.49354374,0.33480415,0.19419326,0.43596703,0.35072526,0.32969794,0.4672235,0.3168123,0.1845866,-0.004498209,0.42060143,0.3815872,0.015380198,0.39302576,0.16176009,0.40646344,0.2744755
0.060317524,-0.108878866,-0.28505254,0.06186627,-0.13125852,-0.062697,0.13262427,-0.17898111,-0.08257563,0.120450035,0.16712615,-0.040848695,0.0761602,0.016889563,0.0091821365,0.08301942,-0.062304817,-0.11312101
-0.21350801,-0.2911561,-0.2481437,0.019925093,-0.39145193,-0.16847047,-0.2745899,-0.20342737,-0.050701037,0.019022346,0.010063141,0.10855298,-0.09202105,-0.24521607,-0.25037462,-0.038239725,-0.19400224,-0.27232176
0.35436726,0.23198855,0.12706518,0.42252272,0.24126801,0.032929666,0.2443783,0.24805972,0.15906285,-0.021928236,-0.052379776,0.0018875366,0.1371487,-0.1339349,0.15220316,-0.046895698,0.060043037,0.20445842
-0.030423542,-0.13112935,-0.25268573,-0.05423943,-0.17469195,0.033691145,-0.003968189,0.16213568,0.24861594,0.20041683,0.14984098,0.17957821,-0.0502809,0.17989129,-0.014776506,0.022797894,0.03293354,-0.274827
0.08243703,0.3472035,0.08708027,0.29074496,0.24246734,0.3529227,0.3422732,0.21809945,0.23655108,0.1384663,0.015888575,0.28961796,0.2236623,0.1317994,0.24329439,0.107200444,0.24667701,0.078762345
0.02454799,0.3984779,0.27945036,0.43513942,0.3552779,0.28255165,0.3102,0.2482008,0.1927146,0.042206325,-0.045934446,0.13543184,0.25196338,0.015692772,0.1960567,0.039644696,0.12118425,0.20038658
0.068238184,0.44959202,0.20697913,0.13021407,0.33893022,0.49575812,0.2871683,0.35591596,0.33861235,0.20653465,0.047427163,0.34734452,0.31776077,0.11646599,0.3650114,0.17180273,0.31592566,0.026362447
0.050124746,0.46075016,0.3015563,0.23113894,0.38768703,0.3441382,0.3281675,0.4360371,0.21582466,0.14252704,-0.06480204,0.30571985,0.33936816,0.016542818,0.33940226,0.10246877,0.32707554,0.19204758
0.17067759,0.54298985,0.09586088,0.2709278,0.4953602,0.3874901,0.37395483,0.4189406,0.29620457,0.18244356,-0.0049483394,0.33681798,0.29937673,-0.0420053,0.39113295,0.13439839,0.43841803,0.08692678
0.36566556,0.21804646,0.09736249,0.37793696,0.20917302,0.17508925,0.1667341,0.13150537,0.18935695,-0.058024757,-0.06714718,-0.07856859,0.05040571,0.048748087,0.054760642,-0.054699056,-0.048668683,0.018149018
0.08280414,0.31143522,0.16463818,-0.01945286,0.24132428,0.39102083,0.28821748,0.43755192,0.2398655,0.23586504,0.08051546,0.32460326,0.24710718,0.2188528,0.29842448,0.16176863,0.32158655,0.24929126
0.13536654,-0.053101324,-0.06694046,0.0031707252,-0.009389561,0.1362732,0.26736552,0.14420567,-0.015431296,0.108275734,0.107535526,0.16878322,0.059623785,0.09675638,0.3012609,0.05348456,0.43197918,0.10922583
0.10908288,0.44512528,0.31490833,-0.06142112,0.47213325,0.41857457,0.35225993,0.31821108,0.20592915,0.18156324,0.2620639,0.31106845,0.25272766,0.24188074,0.28268906,0.19944482,0.30390334,0.35200414
0.3288687,-0.298851,-0.24882594,-0.06783581,-0.25826406,-0.024422424,0.049228914,-0.11470507,-0.11707778,0.078889064,0.20787522,0.0061790636,-0.05602622,-0.0348943,0.020252831,0.058107063,0.08308111,-0.17656735
0.21258964,0.27101862,0.27784383,0.0559258,0.30602783,0.35430834,0.38948888,0.1936115,0.109867245,0.16235079,0.23152718,0.1941376,0.22818291,0.17137964,0.21590552,0.24235533,0.43869352,0.39769834
-0.05227054,0.42309076,0.12713143,0.16559032,0.36639613,0.37731427,0.37624615,0.38736403,0.27655232,0.17104912,0.14283113,0.40050298,0.325247,0.054969236,0.3826594,0.18791504,0.45037597,0.14481315
0.22883922,0.53859985,0.16977736,0.049927518,0.51882637,0.39692658,0.41112673,0.5113419,0.27792668,0.25301778,-0.029361412,0.3101943,0.24004509,0.04909374,0.3892289,0.13227323,0.451699,0.21114156
-0.005326594,0.39618137,0.34777328,0.11819668,0.37345368,0.3135054,0.37265822,0.23291743,0.033701904,0.09378283,0.13862927,0.23232472,0.21438429,0.08094173,0.26457268,0.14972088,0.40140885,0.38477683
0.26315528,0.29481614,0.33511138,0.029170213,0.39878118,0.33302414,0.23838165,0.27649468,0.032165356,0.04342183,0.23928261,0.07309619,0.2081526,-0.0028383983,0.11404665,0.2220509,0.30429572,0.39490268
0.44809395,0.4618175,0.2460893,0.03319614,0.34423745,0.4296309,0.28471172,0.28140616,0.28199577,0.18319215,0.053356335,0.43775016,0.25776652,0.039499834,0.33464065,0.17302364,0.36835378,0.08974417
0.028850535,-0.019392207,-0.21939364,-0.11037337,-0.04843565,0.15313697,0.06526768,-0.19620082,-0.06871632,0.091951236,0.12559707,0.053662296,0.056504637,-0.06776161,0.088743106,0.12582844,0.06596998,-0.12290037
0.047292896,0.06906726,-0.19399855,-0.079087734,0.017391969,0.30079165,0.16998173,0.19153374,0.13066095,0.2251775,0.10284857,0.18271106,0.049161937,0.11026791,0.10999425,0.09738644,0.1983831,-0.2040703
0.0459819,0.4477236,0.1735099,0.3180051,0.41323164,0.24050051,0.42516226,0.386919,0.18316154,0.13488187,0.029571401,0.2003337,0.3030531,0.09473596,0.37186256,0.09965501,0.33905157,0.31074303
0.11953245,0.35641557,0.22566292,0.11241846,0.4012395,0.3711275,0.40135807,0.24696949,0.13548651,0.13685185,0.1997225,0.27885956,0.23287497,0.18091854,0.22510225,0.18325555,0.32089007,0.4169616
-0.056421578,-0.24280229,-0.21337488,0.0025981134,-0.2341049,-0.15924135,0.010737069,0.058825344,0.062713355,0.12366836,0.030401893,0.08860402,-0.020468734,-0.013331879,0.1736696,0.06239685,0.16324194,-0.22802138
0.16351247,0.42326823,0.092045516,0.16706191,0.32852662,0.41325527,0.28815657,0.25414303,0.31580546,0.15885712,0.15168956,0.32515198,0.25948346,0.14867613,0.2745559,0.21769404,0.29142582,-0.021906119
0.15237159,0.5329057,0.13950992,0.011349029,0.46876103,0.46559742,0.41021007,0.45980978,0.19183013,0.27755702,-0.001267855,0.39094204,0.28186348,-0.014817994,0.40498516,0.15521745,0.4686804,0.10342475
0.1048373,0.32016113,-0.07074429,-0.03192299,0.39097756,0.309368,0.27724725,0.23385426,0.10713875,0.2784652,0.1392386,0.18319538,0.19172418,0.023648769,0.2550831,0.17408246,0.27843168,-0.17032687
0.33723474,0.16462609,0.0062608533,0.4561851,0.08824769,-0.08120491,0.17368257,-0.006105353,0.05982904,-0.06466588,-0.018473618,-0.18333724,-0.010881854,-0.083286226,-0.017979449,-0.10616685,-0.15809506,0.021572752
0.0047291936,0.43382287,0.03227721,0.039561167,0.40099597,0.41693616,0.41685593,0.3263226,0.12501238,0.2782694,0.095323145,0.3013649,0.20293497,0.11026989,0.30555385,0.17822169,0.37577528,-0.00046897586
-0.15697974,-0.25189948,-0.3792594,-0.118025124,-0.3990981,-0.142189,-0.17188293,-0.053441513,-0.050454933,0.16798899,-0.010752735,0.3479367,-0.1274202,-0.2438079,-0.07049951,-0.052153885,0.123673804,-0.33659256
0.17101532,0.26438877,0.23131365,0.058639422,0.195831,0.34675336,0.15864521,0.34596944,0.2816935,0.16953617,0.09804826,0.30273393,0.30747044,0.022281071,0.26272365,0.17955199,0.22969285,0.01742456
0.073663086,0.3729991,-0.030022746,0.035995707,0.31489378,0.29942518,0.372712,0.2128216,0.30653673,0.25656924,0.23524895,0.35280555,0.25708443,0.064018965,0.42595232,0.2827284,0.45274022,-0.073089376
0.102007896,0.09025802,-0.20286936,-0.018327732,0.11930415,0.2667026,0.13630858,0.11169501,0.20894565,0.117496714,0.20697904,0.17332101,0.13275701,-0.017499674,0.19654363,0.20454408,0.2896843,-0.22255847
0.08600976,0.19446003,0.022644237,0.0043405094,0.15712407,0.3493815,0.31616706,0.21328871,0.13499421,0.25916314,0.16417864,0.0639085,0.14512432,0.5437354,0.1394332,0.08935776,0.0050038854,0.025924591
0.1295977,-0.24626216,-0.0049774502,0.3364061,-0.22080532,-0.079079404,0.022113673,-0.11129066,0.16573909,-0.10684133,0.09484182,-0.08959358,0.052331865,0.15920661,-0.051430445,0.0029626125,-0.19266847,0.07632542
-0.015515242,0.34349358,0.2803135,0.06380375,0.31081915,0.33650506,0.2815342,0.17608881,0.0135555975,0.067256145,0.094390966,0.112026945,0.25792676,0.15025994,0.27581647,0.142541,0.22353089,0.22396326
-0.006725221,0.38342613,-0.0017162734,-0.036955826,0.29464746,0.3076294,0.2573886,0.36863372,0.17443088,0.22885153,0.0560341,0.4665754,0.13654992,0.053124018,0.30079943,0.117566004,0.46410823,0.03788905
0.065758064,0.18924564,-0.051976338,-0.090633556,0.14656405,0.28427604,-0.041277193,0.19016448,0.14944245,0.12868997,0.03767512,0.3680486,0.01520111,-0.12642927,0.060125418,0.038385212,0.22547555,-0.17340928
0.105998956,0.11215635,-0.042673726,0.10570814,0.117945306,0.19053529,0.084585525,0.20918544,0.13758554,0.033088308,0.20232362,0.17690003,0.13447452,-0.071253315,0.10997394,0.1560653,0.29546803,-0.027875436
0.15337297,0.35573718,0.15415676,-0.099589944,0.32546985,0.45213062,0.23399672,0.3559983,0.14718875,0.22739455,0.08628619,0.3835743,0.1529884,0.016558375,0.14177111,0.14311685,0.20519105,-0.03630899
0.3075835,0.2182664,0.17964616,0.0860122,0.318545,0.20925826,0.28794336,0.2609515,0.095285825,0.088312864,0.14169388,0.14152895,0.13097571,0.045423087,0.17437632,0.16303115,0.36934078,0.29451895
0.49484074,0.087949544,0.09178951,0.15938649,0.044355363,0.28593192,0.34605575,0.07576997,0.14449832,0.25394136,0.07312669,0.12384715,0.18043938,0.19944128,0.09835331,0.15193541,0.040727794,-0.087116726
0.120678894,0.34148735,0.099626824,0.026970863,0.36583856,0.384518,0.38318616,0.4023474,0.19502008,0.28213543,0.16236663,0.19944045,0.24734639,0.1798946,0.24258229,0.12657893,0.3044854,0.08520145
0.039385244,0.2576933,-0.072268635,-0.038493194,0.17713764,0.30996436,0.31628543,0.27873194,0.37449098,0.3009354,0.09536703,0.40719312,0.16582143,0.19512483,0.4042072,0.15704165,0.4451782,-0.06983523
0.23056918,0.14973176,0.324162,0.15490225,0.16368309,0.20127907,0.18217021,0.19672075,0.16474175,0.06584964,-0.011051125,0.13202418,0.17799053,0.08190006,0.104161546,0.1535613,0.08878003,0.026026897
0.017530302,0.26540893,0.3223766,0.3958293,0.20000854,0.15067506,0.21725585,0.23598546,0.2420071,0.014530239,-0.064863995,0.0470988,0.2846458,0.13544936,0.13999934,0.03479796,-0.042567693,0.17925172
0.22977531,0.39697126,0.24033798,0.20891508,0.30979615,0.3431684,0.21746388,0.2920264,0.34424162,0.13150436,0.08123025,0.32352543,0.3579718,0.01887836,0.23982814,0.1999534,0.19449285,0.10673243
0.2734912,0.014797836,-0.039924406,0.26088908,0.010568159,0.014168836,0.20214707,0.249601,0.019922568,0.031269126,0.0028206543,-0.0054472885,0.11553286,-0.114259265,0.12493953,-0.06854912,0.10008204,0.19436057
0.38320023,-0.08951296,0.19577283,0.27551502,-0.039045084,-0.05182176,0.11556663,-0.07222756,0.0235986,-0.15869203,0.12592071,-0.049177006,0.083132386,0.035878498,0.00625805,0.065201335,0.0069956845,0.24020025
0.24213728,0.4482391,0.25846273,0.4627952,0.39342898,0.058636896,0.28006303,0.19080894,0.38554624,-0.024424966,-0.07427644,0.099335745,0.17972654,-0.057824068,0.2107456,0.0010058729,0.1342004,0.34830847
-0.010535057,0.1601871,0.25588953,0.114648744,0.096708834,0.21052644,0.070386074,0.28912777,0.39340627,0.08060655,0.102409646,0.3399017,0.26910278,0.06579624,0.20546761,0.20014665,0.16550982,0.052856475
-0.038824596,-0.2690823,-0.24917662,-0.1332148,-0.2125892,-0.07978454,-0.109712295,-0.122971,-0.06017148,0.04808473,-0.02921383,-0.17532887,-0.08293281,-0.03503777,-0.14860907,-0.04959297,-0.25263557,-0.23209655
0.05259406,0.48761076,0.22715196,0.112032816,0.36164144,0.32437068,0.34721583,0.3198486,0.26981795,0.17386663,0.13153055,0.38894236,0.28446388,0.23408413,0.3458925,0.19607113,0.36988783,0.2537542
0.20335078,0.5122771,0.15784079,0.04039097,0.4297042,0.5067707,0.38113102,0.2862072,0.10262948,0.12550032,0.14267075,0.35051543,0.2329647,0.12470697,0.34735274,0.132045,0.4402306,0.2474106
0.2807452,0.029809508,0.041219003,0.41884977,0.02840063,0.113404654,0.12705126,0.24200393,0.3158064,0.046204083,0.05643987,0.06626552,0.22252233,-0.096613586,-0.006144223,0.03962621,-0.039643705,0.04706856
-0.03989865,0.43488336,0.17311901,-0.08361243,0.34755382,0.4822713,0.26374525,0.32135737,0.11068968,0.28565085,0.068957925,0.30395034,0.20806007,0.27068084,0.15794976,0.1262196,0.11283353,0.00553296
0.022795033,-0.12804201,-0.22913918,-0.10698718,-0.18914454,0.07511331,0.055908374,-0.12717606,0.21629143,0.106431365,0.26008058,0.22428912,0.068854295,0.038135104,0.05818618,0.14952841,0.10230081,-0.112043545
0.18121624,0.013529576,-0.079631,0.06572179,0.0028593014,0.17424467,0.1854957,0.27741352,0.037654877,0.16076626,-0.05881563,0.30993024,-0.00019869208,-0.018150108,0.1541664,-0.0028969613,0.37957716,-0.07348846
0.007035208,0.22088417,0.3219335,-0.04518002,0.28912207,0.19323945,0.105678126,0.29003134,0.18262714,0.16388893,-0.07191648,0.13368952,0.138107,0.3006443,0.078077644,0.07720423,-0.047433913,0.047486242
-0.05664215,0.043673955,-0.007570153,-0.094010256,-7.0484355e-05,0.29523358,-0.04634905,0.16291249,0.047831602,0.12136766,0.18498385,0.16843936,0.018280983,0.14797562,-0.21045458,0.024070442,-0.14784348,-0.1923717
0.068700366,0.24040437,0.12536262,0.10277552,0.27453297,0.24636444,0.4242777,0.2453603,0.19063444,0.18590014,0.31254345,0.2829747,0.23511794,0.35034755,0.29877317,0.21587464,0.42733714,0.38388005
-0.0062337127,0.2569442,-0.058444187,-0.016202772,0.1528625,0.36878657,0.2474376,0.42422912,0.17485587,0.25393888,-0.037277434,0.35882896,0.07387273,0.023710266,0.206101,-0.008903482,0.3683265,0.017242301
0.23279071,0.3984162,0.22038049,0.109403096,0.381024,0.372609,0.35040984,0.34310853,0.24738398,0.28443784,0.17162274,0.19738671,0.33731252,0.3004964,0.25022465,0.2004438,0.16929524,0.06399387
-0.09183879,-0.043783687,-0.1508517,-0.030942984,-0.0926225,0.11185174,0.24062389,0.09181534,0.044077244,0.04783673,0.17692117,0.11290235,0.048726358,0.17953728,0.33221495,0.030102469,0.3456331,0.07304895
0.266643,-0.07902148,-0.18368486,0.018160746,-0.083761215,0.05307118,0.29383844,0.13493952,0.07700867,0.20802653,0.11595602,0.16423047,0.14123291,0.11358847,0.27288228,0.07226321,0.27145022,-0.04906133
0.3249092,0.050388847,-0.008886441,0.44446844,0.04094425,0.052229643,0.06122105,0.14764994,0.27314338,-0.027127778,-0.056704596,0.051320363,0.084001034,-0.13430598,-0.02403604,-0.04207525,-0.05503507,-0.08110502
0.1369671,0.09351893,-0.019953772,-0.12794583,0.104263544,0.23683259,0.23396924,0.18685305,0.42779714,0.23387522,0.15255314,0.47366935,0.17042312,0.16051899,0.40658465,0.25919265,0.52015066,-0.012008678
0.1509104,-0.000111524016,-0.0996778,0.4448501,0.031147681,0.041647043,0.084257215,0.09012583,0.19040439,-0.016982608,0.040273853,0.008966308,0.114590526,-0.05955528,0.044253707,0.048150018,0.07519629,-0.08684701
0.33054358,0.3052659,0.29680002,0.3703156,0.3058211,0.2400123,0.25461406,0.076577865,0.0015974543,-0.1051106,0.11405167,-0.029479463,0.10302813,0.066123605,0.05848556,-0.017968113,0.030903287,0.4867249
0.13097711,0.24474695,0.20784402,0.45449126,0.14013243,0.093299985,0.22101486,-0.037684344,0.19641688,-0.17246002,0.031038025,0.03334891,0.104414724,0.057734035,0.074255794,-0.061050788,-0.03457869,0.22376755
0.14511362,0.19895574,0.031119587,0.2482318,0.21546398,0.18843937,0.29461586,0.12582149,0.02777733,0.06761412,0.13335481,0.00038246275,0.19390279,0.120944485,0.09747243,0.036427043,0.16396609,0.14936522
0.27383104,0.066002294,0.030034203,0.07866521,0.059082013,0.24889803,0.31273812,0.10464765,0.091959566,0.09356962,0.13290326,0.049890965,0.19609982,-0.010262852,0.23335278,0.1323989,0.19798562,-0.026148468
0.14162818,0.33998477,-0.0060666185,0.13828805,0.28549057,0.33564422,0.21239921,0.2895701,0.15027405,0.1452002,0.20250443,0.33137316,0.23657943,-0.044024922,0.22175872,0.15162161,0.35016814,-0.016481005
0.31649196,0.47944576,0.17246777,0.1252377,0.39582294,0.33921748,0.3838297,0.39334005,0.17241955,0.20255113,0.021555424,0.42423695,0.27633977,-0.03737732,0.39270598,0.1634332,0.5371289,0.1169743
0.04099682,0.35187972,-0.007917756,0.08102041,0.3263834,0.27742288,0.35497338,0.3125991,-0.020065552,0.1923149,0.016234033,0.14184289,0.22175542,-0.02914067,0.30617422,0.097375855,0.34187326,0.02380007
-0.018032026,0.13792963,0.186519,0.19354916,0.1467284,0.18044105,0.31303173,0.100436844,0.04227172,0.075911954,0.20414378,-0.047213364,0.27986795,0.27730596,0.031732954,0.16963723,-0.0762608,0.1775665
0.1603309,0.44521385,0.24567276,0.1691438,0.35571924,0.319305,0.29630202,0.29146594,0.067404285,0.168501,0.018020777,0.269625,0.22439536,0.076216295,0.28605962,0.13969494,0.33358818,0.10246956
0.10084647,0.10771204,0.34312186,0.18287413,0.28872663,0.13814144,0.25311288,0.18961556,0.11537072,0.02742076,0.1923617,-0.039707117,0.2531705,0.26811478,0.12393885,0.18835992,0.120448165,0.49828315
-0.19051713,-0.2499153,-0.20279509,-0.12992257,-0.33317134,-0.18128332,-0.23943692,-0.22668022,-0.22348797,0.024007643,-0.040128008,-0.0060562156,-0.08220345,-0.2380836,-0.15763366,-0.019991297,-0.19075191,-0.20204723
0.22419587,0.25799453,0.49335355,0.26948372,0.32188112,0.25299323,0.15507862,0.23284048,0.3228194,-0.02085259,0.04730089,0.117977396,0.23009703,0.25016126,0.07781729,0.1451572,-0.057259716,0.116769016
0.020590737,0.33494273,0.23049673,0.35762343,0.30760962,0.3378098,0.25814798,0.37745422,0.14539924,0.06099573,-0.07099089,0.2622878,0.22961217,-0.061957873,0.17722203,0.02115292,0.29691467,0.27592844
-0.009525905,0.08099051,-0.116665214,-0.023051228,0.07927655,0.22778851,0.12461671,0.4299513,0.16279358,0.21551484,-0.036614973,0.26950496,0.041893706,-0.08401625,0.15675496,-0.0018936829,0.3316177,-0.10702499
0.14068624,0.20897555,0.22791162,-0.117270336,0.33501506,0.3693752,0.16564354,0.4066199,0.20260203,0.21882282,0.037655897,0.17802873,0.20242855,0.17578845,0.21662359,0.1887277,0.18199706,0.07699886
0.2377961,0.37125888,0.34186035,0.113677755,0.42816645,0.3689019,0.46355647,0.32649815,0.24134508,0.25892186,0.09773205,0.20197752,0.27233794,0.53735316,0.28188634,0.16745497,0.1554164,0.2358726
0.32909036,0.3542006,0.18008429,0.36698693,0.30209595,0.24577436,0.20242123,0.15568268,0.09684543,-0.063034795,-0.039032683,0.12178649,0.11106467,-0.0661408,0.1128134,-0.00037963688,0.18487409,0.14649725
0.022228371,0.3321441,0.1492674,-0.0386982,0.21250422,0.23883657,0.10960543,0.32142103,0.13687953,0.13421185,0.0019284883,0.38678026,0.14389496,-0.08115049,0.22693145,0.05964581,0.33217657,0.019206325
0.058396902,0.16559875,0.0682399,0.43420753,0.19982824,0.08415834,0.14009927,0.30311,0.32174152,0.060126107,-0.065775625,0.13290825,0.21289772,-0.09423147,0.08193816,-0.0038483078,0.020591386,-0.015200941
0.1863868,0.49738577,0.22616567,0.18084195,0.38677114,0.38012648,0.35200417,0.308946,0.28270838,0.14544317,0.088262126,0.38404155,0.33346784,0.05702895,0.38411897,0.18394819,0.4008055,0.22494903
0.55934316,0.3815915,0.2952412,-0.023586513,0.38079637,0.46385774,0.39100945,0.27930713,0.26210397,0.24604183,0.1343738,0.21959418,0.23270515,0.24501161,0.33145002,0.20629811,0.28120965,0.110346615
0.39797705,0.02369912,0.030551014,0.34680247,0.047800787,-0.050103046,0.057372734,0.100037485,0.09490815,-0.10889952,-0.07396749,-0.090590075,-0.014829449,-0.13331723,0.010755898,-0.14643127,-0.03331283,0.06504233
0.003480265,0.25398442,0.14154062,-0.017859602,0.22200161,0.45309824,0.086852714,0.2651604,0.03346671,0.17822246,-0.062873214,0.22072396,0.09652324,-0.051713992,0.10110158,0.060281336,0.17361082,-0.12613355
0.06368398,0.31379455,0.13434732,0.14065848,0.26020277,0.2681678,0.35401964,0.117620006,0.26642305,0.18084325,0.1252092,0.17974931,0.1528059,0.3606984,0.21327472,0.16886427,0.14039424,0.063151106
-0.032262847,0.24142958,0.04651692,0.013743469,0.2222375,0.22923984,0.14995098,0.3509956,0.2814222,0.14467128,0.0426751,0.32253367,0.114722975,-0.058262046,0.27336252,0.09034507,0.3316416,-0.1205399
0.13527052,0.19050173,0.23963219,0.0796174,0.3225881,0.19791056,0.2693153,0.10463941,0.004014803,0.05505651,0.29374647,0.06949502,0.19749604,0.03722301,0.12304593,0.2800345,0.36041516,0.35308856
0.17926484,0.3265051,0.20365357,0.042567745,0.32284734,0.2587769,0.16345862,0.33759928,0.12494772,0.2444587,0.09576048,0.37806505,0.280312,-0.016983494,0.22856714,0.22469008,0.32215646,0.0596741
0.09278859,0.46007127,0.2824387,0.080095634,0.41168848,0.35125864,0.40102923,0.24165124,0.13454702,0.16995163,0.16824403,0.36605427,0.25201857,0.19597757,0.33195737,0.2151663,0.48095748,0.38038963
0.033643298,-0.26942044,-0.14404656,0.28922266,-0.32202882,-0.060827207,0.063147284,-0.059017703,0.107329704,-0.0020358767,0.08547558,0.0557526,0.13727352,-0.1021447,-0.053093128,0.04785265,-0.118863665,-0.011116625
-0.0442124,0.22906338,-0.1149438,-0.05606851,0.18258497,0.25059307,0.33491617,0.3848815,0.15418191,0.24516076,0.06933571,0.4085437,0.14054933,-0.029249815,0.35651582,0.10609098,0.5305015,0.005133746
0.051275272,0.4607308,0.19740382,0.43588084,0.34999293,0.3310192,0.29885298,0.38785613,0.3452782,0.10347615,-0.07380326,0.3024286,0.2692067,-0.010187523,0.24969032,0.050873637,0.23369887,0.09318103
0.45907688,0.3837431,0.30852187,0.04469733,0.3893335,0.31034428,0.30392858,0.41397613,0.2895873,0.23538244,0.21118219,0.31056044,0.3031781,0.17760575,0.31263527,0.19252369,0.2825037,0.17633119
0.29363793,0.10761179,0.038373157,0.0771219,0.16076788,0.25633442,0.09833522,0.30825692,0.15342782,0.2477883,0.007469345,0.112442836,0.17434335,0.029560931,0.06912437,0.0483613,0.079429954,-0.1627604
0.43411693,0.44884434,0.46698737,0.22466742,0.33244497,0.44616735,0.30838948,0.24085313,0.28614756,0.07938002,0.04362154,0.29000574,0.26539743,0.23235643,0.19738993,0.099488094,0.08413656,0.28577885
0.07034554,0.29720628,0.037280355,0.19139302,0.2646342,0.25269747,0.2628858,0.34912473,0.17999125,0.1664207,0.006759447,0.35088122,0.19422014,-0.06651539,0.24400611,0.096213244,0.44245934,0.11333884
0.016468823,0.08134704,-0.09724922,-0.1803868,0.10603705,0.27676123,0.03884278,0.08943632,0.16945508,0.15265459,0.17987429,0.089636974,0.041577823,0.1177942,-0.023736432,0.20809561,0.024814133,-0.2556052
0.02668387,0.19489907,0.04028716,0.012772788,0.1740889,0.3308913,0.14688455,0.38716,0.105140164,0.19707441,0.11017399,0.23867455,0.17698583,-0.09484559,0.15558992,0.09959295,0.2541495,-0.09314398
0.25751597,0.10667669,0.015383182,-0.056958623,0.20932783,0.28537312,0.07405905,0.34754005,0.17713702,0.2449767,-0.08633978,0.1348868,0.0595632,-0.00894006,0.036124013,-0.00013585715,0.10836296,-0.22160879
0.10715713,0.07611233,0.07536492,0.1704944,0.07187761,0.1179724,0.43463892,0.15237518,-0.06433242,0.15968621,0.13431007,0.093053706,0.22568344,0.11760108,0.28127098,0.09616524,0.30214262,0.25303978
-0.07951507,0.3651936,0.07535359,-0.062738866,0.33314794,0.29922047,0.1875528,0.12093208,0.13513926,0.18876363,0.12532066,0.17356515,0.15264338,0.31582177,0.18687464,0.14949219,0.061797682,-0.09899387
0.2803159,0.4656415,0.28422463,0.11125183,0.39799044,0.3666312,0.35270545,0.27085733,0.06009974,0.12563512,0.033828937,0.252108,0.18438739,0.0602791,0.30435443,0.10021345,0.33191514,0.165974
0.101255834,0.056878667,-0.18315506,0.03476817,-0.01696811,0.07382256,0.0730934,0.17850873,0.018336162,0.2271152,0.103564605,0.2761361,0.032298177,-0.05206788,0.062511995,-0.004534145,0.25713795,-0.1317074
0.15537143,0.30575603,0.26098645,-0.014993949,0.3516134,0.33011502,0.2766127,0.27807522,0.16163723,0.17435032,0.30126026,0.38305146,0.24910232,-0.028670818,0.16053861,0.2785167,0.43643272,0.32276696
0.04399736,0.19428706,0.16095035,0.15226519,0.17665678,0.18136737,0.34346223,0.18773323,0.25109217,0.13603058,0.23201525,0.20845927,0.2575667,0.14771053,0.24511415,0.2212421,0.3301043,0.08920927
0.15934114,0.38424784,0.4606544,0.2585463,0.36263132,0.26893413,0.33516812,0.2875185,0.26715475,0.1114147,-0.037253696,0.17154193,0.2702064,0.24594739,0.2161262,0.08024444,0.082117274,0.41162795
0.033254948,-0.03678837,-0.12510186,-0.0019312787,-0.03825897,0.060817026,0.3112092,-0.00750301,-0.10048556,0.05405546,0.16974698,0.011687508,0.055180907,0.12103732,0.26930255,0.053324215,0.29452777,0.1257464
-0.22402106,-0.38285697,-0.2050178,-0.121267855,-0.38037983,-0.12707227,-0.16002268,-0.28148633,-0.101308465,-0.17224094,0.12383662,-0.120639235,-0.22420815,-0.14504367,-0.2869128,-0.08592565,-0.13777909,-0.1063479
-0.08774009,-0.38235867,-0.32455403,0.011374141,-0.37063384,-0.10608987,-0.037567317,-0.22960642,-0.2945782,-0.093592376,0.15465692,-0.14021713,-0.1261807,-0.21135339,-0.18739769,-0.034101985,-0.042003404,-0.23559138
0.33972463,-0.12752616,0.08394021,0.2576056,-0.08770572,-0.16829029,0.04546765,-0.02829776,0.04320126,-0.09678835,-0.007666122,-0.13911016,0.021732345,-0.12699085,-0.098174065,-0.09727801,-0.20949495,0.15372126
0.4456801,0.040588483,0.28622478,0.29623216,0.081260905,-0.058163673,0.0966277,-0.013314622,0.089368775,-0.19138539,0.010123212,-0.20286882,0.0127385445,-0.016177934,-0.04516387,-0.04010724,-0.19934568,0.29534322
0.038349446,0.21219021,0.34541595,0.5344381,0.25926715,0.05838283,0.22604708,0.25549954,0.22551055,-0.0065145986,-0.089827076,-0.038913563,0.22987857,0.16648203,0.115707375,0.009726673,-0.13612327,0.27072245
0.31082517,0.17443924,-0.093564734,0.033652395,0.10598338,0.31353396,0.276697,0.32190043,0.090860404,0.29090875,0.0018278975,0.29949933,0.13712876,-0.040102884,0.1947214,0.1231401,0.37145615,-0.21009108
0.11794726,-0.058734402,-0.15857705,0.3040948,-0.053217515,-0.06848451,0.04819757,0.027408,0.16127753,0.026433786,0.06662969,0.10928549,-0.003846461,0.04519777,-0.02625018,0.027851325,0.019890176,-0.085462674
0.23834261,0.22216317,0.27005965,0.12919378,0.24575073,0.33011568,0.15363374,0.20242167,0.29123777,0.050797086,0.01722562,0.23252961,0.16842774,-0.015155821,0.14910343,0.111526415,0.18986139,0.10193406
0.0054081175,0.085432194,-0.212089,0.078439765,-0.014009039,0.06352126,0.18289506,0.06470378,0.23064806,0.25313354,0.22454521,0.3832742,0.20287812,0.06547439,0.25826198,0.19822933,0.32023194,-0.08542046
0.15993756,0.46210748,0.09757112,0.07205536,0.38125467,0.3576653,0.37799582,0.3885476,0.18442822,0.2125591,0.013698855,0.30298278,0.21749377,0.08305823,0.2823829,0.1267463,0.36847392,0.08786763
0.14760053,0.3706591,0.17246465,0.3099383,0.33852845,0.24171144,0.30657935,0.34463555,0.365507,0.14673948,0.06025192,0.31091315,0.2556737,0.21768996,0.2809831,0.18148085,0.2858074,0.13351874
0.05655829,0.38347667,0.17027539,0.23701571,0.36153916,0.28053874,0.21939749,0.3952342,0.20263949,0.14202404,-0.11178586,0.22364554,0.23723361,-0.085443765,0.24502449,0.11997755,0.33933234,0.0606596
0.04087138,0.38917685,0.040689584,0.119769536,0.2935306,0.42836213,0.35944802,0.3669597,0.3115247,0.27640265,0.11092664,0.41065323,0.29112267,0.072737515,0.37858582,0.22025353,0.40709803,-0.06757398
0.38099355,0.29173046,0.4471746,0.11198549,0.2649333,0.24734434,0.24126029,0.22475854,0.20790526,0.043403026,0.12382004,0.1625924,0.29692394,0.18765497,0.27429894,0.20204613,0.19237843,0.2722869
0.06411636,0.5333221,0.15615284,0.11771647,0.45698944,0.36936247,0.43708375,0.43885022,0.31098783,0.20974733,0.10897572,0.33829302,0.3275597,0.11289522,0.45528716,0.21118113,0.43479037,0.20069498
-0.027348652,0.18791094,-0.082118034,-0.041336037,0.04697356,0.30075157,0.24139595,0.09080973,0.2203153,0.24743687,0.16603106,0.27570868,0.17453933,0.17868514,0.16939683,0.21662778,0.14252752,-0.13470331
0.0561544,0.279769,0.08992709,0.09337549,0.24798188,0.4095167,0.24521497,0.24129936,0.017991934,0.11630708,-0.025662765,0.11308476,0.07481283,0.107906066,0.178648,0.065921284,0.23741138,-0.07157832
0.38455826,-0.23443234,-0.17484035,-0.007526658,-0.22729543,0.028787905,0.09003918,0.07954158,-0.081865326,0.20516124,0.078691274,0.23816451,0.011168841,-0.0843154,0.065122336,0.043602902,0.16191643,-0.16586712
0.072986305,0.07984441,0.11337821,-0.030201728,0.046393663,0.21951306,-0.08927145,0.016272245,0.04928571,0.08454491,-0.0864796,0.037381522,-0.092940174,0.11017428,-0.24258387,-0.04975187,-0.19570535,-0.2534882
0.42419434,0.26067376,0.25523025,0.10592078,0.22040454,0.2679035,0.21568412,0.21522024,0.225941,0.110135645,0.11522925,0.16093972,0.16681701,0.1702093,0.19393253,0.07184483,0.12501366,0.047754623
0.43107927,0.08239764,0.36676228,-0.0017020514,0.10376884,0.27092743,0.073877044,0.020032492,-0.042184804,-0.008781293,0.21056737,-0.08238456,-0.00309264,0.3470287,-0.14953138,0.06591617,-0.16307612,0.198984
0.1854471,0.24252495,-0.066066466,0.34634417,0.23668951,0.23624238,0.23046175,0.10723855,0.20200226,0.08931943,-0.0011744914,0.06245379,0.087102026,0.060622353,0.09174915,0.017334925,0.11702703,-0.030657636
0.027194705,0.2602469,-0.049703762,0.47331867,0.24317756,-0.010623927,0.14923528,0.13185653,0.033638705,-0.070382796,-0.07125737,-0.068238445,0.0504665,-0.1384072,0.10330649,-0.079436004,0.112383425,0.16490676
-0.035139266,0.25317076,0.040936146,-0.03340671,0.26512638,0.28705025,0.1330351,0.4003864,0.33462727,0.22663385,0.0037548915,0.2744154,0.15530267,0.1772095,0.2437408,0.12951095,0.2229813,-0.13586494
0.13018763,0.18056518,0.12584282,0.21891595,0.24041481,0.18104208,0.20975155,0.2029368,0.2075364,0.021765022,0.17110977,0.05093785,0.27808437,0.017279409,0.24947459,0.2117264,0.2105887,0.054465733
0.06892313,0.18855324,-0.108755864,-0.08782005,0.18090719,0.29299444,0.30550104,0.3002773,0.25816506,0.30743316,0.13701732,0.4291954,0.11187936,0.04150054,0.31147307,0.17704938,0.450352,-0.16172472
0.112491935,0.3692375,0.114590466,0.35386318,0.36386144,0.2756061,0.36644578,0.21489596,0.080346465,0.0005357154,0.1376865,0.07089651,0.26909128,-0.053879198,0.22411999,0.11618885,0.26843542,0.3307278
0.2336059,-0.27138627,-0.2762662,-0.12957905,-0.3264997,-0.032660507,-0.12481059,-0.065702334,-0.12319292,0.16924563,0.09008924,0.07923217,-0.0550568,-0.16607738,-0.16851634,0.033621047,-0.12710895,-0.30975568
0.21506333,-0.05689908,0.09239762,0.002425585,0.040579915,0.111308865,0.17355308,0.047903486,0.011909128,0.02644064,0.27096558,0.10692643,0.039906967,0.04309198,0.08963779,0.12406773,0.23357101,0.12266152
0.015467332,0.37834543,0.15627363,0.060439665,0.3695283,0.3883575,0.2003081,0.3308238,0.15745229,0.22122146,-0.0412743,0.26585534,0.17686778,0.011155561,0.17899317,0.09862868,0.21910551,-0.14890358
0.15576799,0.40003332,0.17682156,-0.060993884,0.4335912,0.4102807,0.37401175,0.22477224,0.17532605,0.20558372,0.20838058,0.3244974,0.18611805,0.27046016,0.2851493,0.22470969,0.34508854,0.22010082
0.13741134,0.2143265,0.33887208,-0.023844613,0.22686052,0.20137638,0.17647462,0.37228787,0.21765122,0.23558578,-0.13076094,0.27717024,0.2021268,0.035458636,0.18618414,0.13237523,0.18007085,0.03250115
0.24406843,0.5283176,0.3827299,0.053610753,0.49298036,0.48399284,0.3107655,0.27247974,0.24758554,0.1066083,0.05537894,0.22360948,0.24445489,0.13009788,0.22084714,0.119302526,0.14800891,0.21484861
0.5189739,0.22409156,0.24744008,0.008082267,0.20412451,0.32223392,0.2767778,0.31931472,0.28644046,0.29129162,0.1639607,0.48464352,0.2645281,0.08217992,0.21796729,0.2319969,0.28313422,0.078747384
0.13710013,-0.043204825,-0.20962262,0.07113639,-0.037894815,0.123727515,0.08381677,0.16252974,0.09222008,0.1497663,0.21357024,0.15909168,0.104846254,0.024398962,0.049478695,0.07047566,0.1684533,-0.122789115
-0.060786672,0.3796404,0.10639249,0.006383289,0.32919493,0.34387267,0.21262029,0.37830812,0.077672705,0.20547545,0.024055108,0.38078892,0.15100598,-0.018712573,0.33632284,0.08521928,0.4032299,0.004152897
0.17778601,0.30865803,0.093978845,0.2726792,0.25886583,0.31858358,0.30056527,0.4011535,0.3119579,0.20071504,0.0029959837,0.32874864,0.23456386,0.10429194,0.21938974,0.06476752,0.3112377,0.0779403
-0.044808194,0.40218464,0.015245681,-0.0929278,0.31703687,0.34723988,0.3158487,0.31402254,0.16591981,0.29823163,0.10794838,0.4189168,0.16255733,0.15218747,0.19913453,0.107797354,0.24478081,-0.006699862
0.19569197,0.2373609,-0.003967464,-0.085129075,0.31221917,0.34863555,0.18508758,0.36772865,0.28632933,0.27329582,0.2024962,0.3766277,0.1703523,0.05491451,0.24707428,0.225095,0.35143244,-0.07985014
0.0701943,0.25980097,0.095730014,-0.012737859,0.17368415,0.28053564,0.07219573,0.24810387,0.28248176,0.16244523,0.036524396,0.4569757,0.119875655,0.0121275075,0.048529744,0.091672376,0.17551836,-0.10824913
0.14825304,0.5574901,0.32338277,0.16828504,0.5355867,0.42502326,0.43949652,0.38292384,0.36271617,0.16665134,0.09746738,0.27380934,0.38782862,0.17803526,0.51655877,0.2401653,0.43180913,0.21549414
0.05873099,0.3464552,0.4047541,0.03315939,0.33381972,0.32673687,0.38016674,0.20191213,0.013990093,0.11978878,0.18584424,0.17929806,0.19846821,0.24997221,0.21359888,0.12900361,0.26419666,0.5096958
0.04877896,0.42270747,0.12741329,-0.011852652,0.45744637,0.35491216,0.38071442,0.5181763,0.20930016,0.28675458,-0.003101373,0.28324097,0.20738086,0.17182873,0.35317138,0.054535322,0.35178554,0.20934041
0.05884202,0.31053257,-0.030104306,-0.13735208,0.32628846,0.28209674,0.1379683,0.29913005,0.09806396,0.25548518,0.03130132,0.46295118,0.09547367,-0.14120671,0.22968327,0.15298149,0.4309953,-0.08952992
0.2508307,0.36270797,0.33592224,0.32917538,0.33681834,0.4336139,0.45969382,0.2646764,0.37054127,0.063428424,0.164988,0.07209905,0.3566741,0.24388692,0.21324961,0.197979,0.03416118,0.2625653
0.38695884,0.019828698,0.34964782,0.04254072,0.04287045,0.13153957,0.12507465,0.21784633,0.16212003,0.09065503,-0.018812375,0.10412978,0.10766312,0.22036064,0.094314426,0.020544184,-0.035049755,0.11279148
0.11819193,0.391472,0.039151803,-0.048121054,0.43662143,0.35668764,0.3673705,0.26979673,0.120544806,0.2733202,0.18718618,0.25103286,0.26871568,-0.008141847,0.37476593,0.31480053,0.42545396,0.005248515
0.5024222,0.03085747,0.026846848,0.07200537,0.046658974,0.2890342,0.34213036,0.053245783,0.045955658,0.23159003,0.19249901,0.1460141,0.21859613,0.21166185,0.13207138,0.18895271,0.07741945,-0.075819075
0.23376298,0.27893847,0.17865546,0.32474375,0.29766783,0.25977185,0.20934583,0.28664428,0.24172507,0.039096445,-0.010008465,0.12830031,0.18976776,0.11806753,0.19463184,0.11376619,0.2123505,0.09539071
0.50915074,0.2673486,-0.067132294,0.0093723815,0.2902879,0.36145115,0.3062541,0.20348865,0.27531147,0.28737766,0.07515402,0.22472902,0.17639966,0.040064793,0.26439553,0.17839648,0.2986583,-0.15408072
0.07626848,0.45989704,0.16822034,0.34561354,0.38921532,0.25952435,0.35799086,0.1968618,0.04609693,0.018090433,-0.016309379,0.12192143,0.24259108,-0.044749286,0.2229932,0.043630436,0.21737236,0.28073946
0.392082,0.3956283,0.12940568,0.15099806,0.3526431,0.34430355,0.30987826,0.48603964,0.20744197,0.2737577,-0.025933092,0.31686658,0.30754536,-0.06903415,0.34056777,0.11578004,0.40992802,0.029521806
-0.06939094,-0.017045716,-0.18762401,-0.0067032203,-0.086421914,0.17199162,0.1074244,0.34701332,0.122554526,0.17816341,0.10800725,0.30378497,0.080203995,-0.017609213,0.09588274,0.015981372,0.28025618,-0.06477893
0.11720252,0.2673577,-0.06781989,-0.050768085,0.204008,0.4241449,0.29511592,0.20401232,0.21369559,0.27829474,0.23862371,0.35262117,0.30056828,-0.08588521,0.28172678,0.29736072,0.33168656,-0.12736437
0.31788856,-0.16592227,-0.07729668,0.14240618,-0.092702836,-0.0141966455,0.15848169,0.08701881,-0.11570118,0.005650968,0.10980337,-0.11733284,0.050337374,-0.02565369,0.08042364,0.007859049,0.12904683,0.020753091
0.19164795,-0.082472146,-0.22210053,-0.11659162,-0.049664915,0.123216756,0.16360644,0.0058600977,0.10436814,0.15412602,0.21925797,0.15507208,0.07773218,0.12464397,0.13930425,0.12896055,0.18927154,-0.070707545
0.35617536,-0.07071334,-0.015113864,0.09716771,-0.013229682,0.1076773,0.30014247,0.09632762,-0.08886288,0.12545088,0.15289296,0.063261144,0.09374276,0.18918857,0.22407949,0.09502257,0.33880162,0.22332563
0.20588687,0.30721083,0.38416427,-0.043931823,0.34162754,0.41368318,0.24638455,0.2516526,0.05319635,0.13800435,0.22632301,0.21710137,0.15491632,0.11373856,0.083206356,0.15340224,0.25023526,0.3947064
0.3212008,-0.03321042,0.25695997,0.33920223,-0.010061031,-0.052406207,0.17006317,0.04913773,0.12179184,-0.11462645,-0.064628474,-0.060382962,0.031754903,0.191144,0.11347408,-0.09136765,-0.033021677,0.2405754
0.34343374,0.41957754,0.09140579,0.4055208,0.37198052,0.31628197,0.29723078,0.28452793,0.23597932,0.1238731,0.014148029,0.14650324,0.2527458,-0.031385545,0.19081086,0.1236909,0.21009398,-0.036431447
0.33945358,0.22450605,-0.0036859969,0.32791457,0.19449437,0.15310398,0.20599425,0.07808246,0.07828241,0.04201801,0.034308597,0.09639943,0.10102574,-0.05894379,0.03382828,0.029268729,0.15665016,0.020587362
0.0022155335,0.32027227,0.20491081,-0.035971876,0.24311006,0.32557863,0.13623591,0.31931368,0.2553094,0.17301667,-0.018413164,0.3291989,0.1384167,0.10962562,0.27302685,0.09992171,0.24156034,0.028340746
0.2902081,0.032011095,0.01733757,0.059344627,0.024240233,0.19226424,0.050714046,0.13010609,0.24057075,0.23643401,-0.039092463,0.10581637,0.06527728,0.25198874,-0.083986245,0.076889604,-0.106152184,-0.13158444
0.16060942,0.42514342,0.10113971,0.043542713,0.37257323,0.46156716,0.35892308,0.40911356,0.27717113,0.30774426,0.08553782,0.5074038,0.24839337,0.08096818,0.33106202,0.17807901,0.50556004,-0.042881887
-0.06954037,-0.07413003,-0.066342905,0.0882417,-0.06357457,0.03283358,0.18592504,0.0971684,-0.08474572,0.0030651754,0.16716728,0.0190124,0.059447095,0.0281828,0.17376903,0.044304356,0.19695494,0.06438281
0.03901485,0.32515118,0.054495454,-0.08567691,0.41001713,0.1579562,0.12181091,0.4380923,0.2548982,0.22464617,-0.05400623,0.28318003,0.11373792,-0.0567023,0.19681942,0.070471704,0.3198397,0.003882966
0.06896052,0.17609043,-0.029283902,0.23326784,0.15232052,0.19772053,0.20911667,0.33388737,0.22513738,0.1413576,-0.037478417,0.15157196,0.19790494,0.0012391307,0.23562051,0.027583078,0.24230577,-0.098518774
0.1319918,-0.0770845,-0.010881075,0.16230768,-0.015901854,0.09747511,0.061333004,0.2149528,0.19265687,0.12719426,0.014472665,0.12510511,0.12502854,0.05025834,0.025944902,-0.030479565,0.030755213,-0.1380285
0.057485744,0.4716986,0.07357481,0.06746557,0.41803974,0.3791622,0.36959243,0.45934588,0.10787799,0.27375615,-0.0431823,0.35196897,0.21471465,-0.06417118,0.34767354,0.09573822,0.4573019,0.04816925
-0.10110499,-0.0069073723,0.17264652,0.014727385,-0.031135458,0.12339747,-0.07125638,0.030878963,0.0025545047,0.060109112,-0.010069478,0.07090326,-0.030110534,0.22735259,-0.22103566,-0.0057944385,-0.23470642,-0.05592119
0.071625,-0.21569991,0.071824946,0.32283282,-0.19541356,-0.09167302,0.19193606,-0.11726862,-0.05803752,-0.050444674,0.14964902,-0.15163527,0.11964755,0.093290806,-0.049255818,0.047682226,-0.07067156,0.24621293
-0.044147428,0.19449858,0.09337512,0.11259557,0.15480553,0.3129375,0.2663619,0.008901781,-0.034536988,-0.00826426,0.2493035,0.10213138,0.08209567,0.17483196,0.106876396,0.11530137,0.30674076,0.26452678
0.3594212,0.06748696,-0.009299968,0.12388277,0.023328234,0.2551103,0.20859435,0.17517006,0.19065967,0.24152258,0.17337152,0.25291383,0.24609222,0.12289954,0.10880394,0.14951324,0.15096751,-0.04529246
-0.006938467,0.4369217,0.10621178,0.42689598,0.35251135,0.19316247,0.21343425,0.29234445,0.1984164,0.008619193,-0.101144224,0.1795193,0.14234075,-0.02001708,0.23108633,-0.019299844,0.25196075,0.16794431
0.022582402,0.17853326,0.2930483,0.44904894,0.14250883,0.2148266,0.30732387,0.034219705,-0.008513858,-0.076060936,0.13139535,-0.030959614,0.25612503,0.13852666,0.0834558,0.031422827,-0.010701636,0.38719586
0.035092108,0.2465415,0.07022023,0.4374982,0.22785571,0.09347329,0.1896402,0.22272716,0.19440982,-0.0046200287,-0.06851984,-0.016371617,0.10804721,0.07712668,0.044329498,-0.075795576,-0.06534523,0.11942001
0.31185207,0.46088493,0.19692306,0.31192398,0.40099236,0.34906465,0.3860243,0.18391064,0.065701656,-0.010199014,0.06000312,0.0880923,0.25809598,-0.051092684,0.25422305,0.052787967,0.24745108,0.226257
0.44015503,0.12578797,0.2676366,0.2674181,0.060379248,0.17603564,0.24330059,-0.09356083,0.021332264,-0.08334312,0.26096046,-0.013780637,0.10369341,0.25791878,-0.016099196,0.01744939,-0.0628427,0.3674045
0.14954063,0.47867617,0.092741,0.07489439,0.41712636,0.42766887,0.31291506,0.47657573,0.31305867,0.2380195,0.029971847,0.3807467,0.2122018,0.09977204,0.35782954,0.085367195,0.43805254,0.018625421
0.4168269,0.3157225,0.16860154,0.1545305,0.28918046,0.34193555,0.37327653,0.21526444,0.019115478,0.12698743,0.1240906,0.19214134,0.15112701,0.15983436,0.1498895,0.06856248,0.3138653,0.2724579
-0.121011466,0.30842644,0.14576519,0.31068474,0.22941369,0.15219623,0.16673672,0.28635874,0.15668446,0.008559424,-0.06865266,0.19633518,0.19111583,-0.083404884,0.231897,0.0023533502,0.2080834,0.016333533
-0.10597609,0.13340569,0.15954298,0.19893119,0.048416734,0.26445654,0.095116705,0.2267887,0.14955857,0.12681231,0.09317722,0.21236387,0.195529,0.11386293,-0.05584225,0.0801823,-0.066226065,-0.039539114
0.37628162,0.38573077,0.30633736,0.33572024,0.3266884,0.30402386,0.2439083,0.22577505,0.3803728,0.023381945,0.06983264,0.18402156,0.2831481,0.14757435,0.20830335,0.09951142,0.0604249,0.2510051
-0.010850675,0.28874975,-0.0074523343,-0.07525861,0.23977154,0.2869206,0.12254839,0.3680768,0.096781835,0.16170242,0.05316355,0.40632254,0.09829158,-0.06285498,0.20844334,0.021957532,0.39145344,0.07118702
-0.007859651,0.34887192,0.11497924,-0.06850581,0.26574332,0.4033396,0.36884457,0.4124487,0.07626929,0.35398534,0.0747663,0.4271242,0.20314309,0.10224485,0.28296417,0.13497028,0.32924664,0.056757078
0.30726123,0.29179084,0.09727785,0.10111531,0.29726687,0.30524904,0.13226564,0.4411956,0.2760058,0.23512009,-0.04823093,0.2589476,0.2039271,-0.036460698,0.18180901,0.10064496,0.24641937,-0.08842823
0.033083793,0.37859297,0.0345084,-0.03098971,0.33719438,0.39271477,0.36993212,0.44826657,0.20550124,0.26572174,0.056804664,0.47660172,0.2442783,-0.0015962725,0.42681372,0.1678862,0.5874561,0.066245444
0.07435331,0.3673773,0.12415254,-0.029670272,0.43619746,0.38765347,0.3697152,0.32803354,0.17044038,0.19690126,0.38366628,0.1803626,0.32034272,0.026994608,0.29197496,0.29370385,0.35891503,0.1080718
0.2626016,0.4338581,0.029604033,0.022861488,0.38912356,0.4222824,0.39830172,0.31420773,0.17251614,0.30586687,0.12878779,0.34383768,0.24971533,0.01231697,0.37715268,0.21495011,0.4243071,0.008408178
0.3321545,0.27721804,0.2595833,0.46190947,0.30820313,0.17427398,0.26254982,0.23846301,0.20957571,-0.013351092,-0.022342985,-0.046387836,0.19859277,0.16037184,0.15575959,0.096280746,0.062207043,0.27421898
0.4799152,0.38059723,0.42894915,0.059768617,0.35939968,0.41337377,0.27001804,0.26758188,0.2194789,0.10284275,0.02683533,0.20787154,0.20155224,0.18382496,0.25063092,0.11698496,0.16160308,0.14763623
0.087409325,0.49236086,0.2083644,0.008764887,0.5117806,0.4273907,0.43601984,0.4340718,0.23363954,0.22064716,0.16527458,0.35904396,0.31217143,0.20146748,0.53139865,0.21440056,0.52756894,0.30016142
0.057919513,0.24696684,0.06786938,0.15915993,0.14222799,0.24188972,0.21106794,0.256407,0.14807889,0.16538389,0.017953245,0.40051234,0.14805324,0.03600075,0.22857869,0.09854716,0.34339413,-0.038774624
0.37712336,0.3479362,0.3745923,0.34242606,0.325096,0.15739307,0.32985643,0.123248324,0.044144247,-0.09093961,0.094649464,0.021471268,0.17417733,0.017532192,0.17691702,0.02745818,0.18767062,0.5323117
0.15224776,0.19222249,0.103136875,-0.05457128,0.2161676,0.2824086,0.37007678,0.19599487,0.27013782,0.19347495,0.34594715,0.17598772,0.22222477,0.39703077,0.28939584,0.21331933,0.25234956,0.1735329
0.43838543,0.4105162,0.31901693,-0.016660146,0.33044702,0.5040873,0.2744399,0.26864985,0.19548759,0.2020635,0.02666697,0.29387295,0.22090392,0.15000965,0.24030304,0.14947507,0.21760386,0.031163486
0.09795269,0.1498195,-0.10478974,-0.031080827,0.12434779,0.32054627,0.2627042,0.34255034,0.19772263,0.36870533,0.07651076,0.22590442,0.1529915,0.21720558,0.14885393,0.08381037,0.1719836,-0.03217783
0.28462255,0.30302158,0.15051,0.07089158,0.27142894,0.29750913,0.33186078,0.34554282,0.023176676,0.26528507,0.011422446,0.24694096,0.21379617,0.15350223,0.23462585,0.1305366,0.30928087,0.049869843
-0.14855847,0.1810143,0.1662561,-0.07422281,0.19980356,0.31333065,0.15852362,0.29686826,0.1395688,0.2269359,0.090012014,0.4238586,0.066523395,0.07311507,0.18959802,0.13925254,0.328091,-0.048259504
0.10595308,0.18219754,-0.14290208,0.066469744,0.1600903,0.2766847,0.24414039,0.0486345,0.0451418,0.145094,0.29676127,0.1383293,0.16748092,-0.102171704,0.10376331,0.15471977,0.23823732,-0.14158273
0.2455373,0.42547193,0.1547113,-0.018446203,0.33695734,0.3131981,0.3760607,0.21816453,0.19138591,0.25283396,0.19502161,0.4376669,0.23140389,0.20035082,0.33041078,0.2047709,0.38722247,0.0809065
0.28744245,0.29937837,0.1449377,-0.011461208,0.2014642,0.26893184,0.20774019,0.23754174,0.037361212,0.25142485,0.0047139316,0.4690351,0.11607978,-0.012968613,0.15298274,0.09251973,0.36022633,-0.017940965
0.1615727,0.43887556,0.13531306,-0.03184198,0.3928088,0.5230354,0.3401763,0.2735446,0.39892274,0.25467062,0.08289465,0.33122313,0.23216142,0.2503674,0.29895592,0.2448963,0.24875434,-0.104389176
0.1267873,0.0063320603,-0.18292521,-0.08267212,0.07791144,0.18602951,0.043972075,0.20192623,0.00807329,0.21497297,-0.03084099,0.062035054,-0.045672968,-0.13073266,0.004657793,-0.027528007,0.14222166,-0.3097422
0.025937434,0.31542093,-0.048229493,-0.104855135,0.22557634,0.36621207,0.38873732,0.38063854,0.18429005,0.29448926,0.1677646,0.32222295,0.1497044,0.23081362,0.29041958,0.11945328,0.37537035,0.13035914
0.046058796,0.4052672,0.016035397,0.1177167,0.3400226,0.29668853,0.37753278,0.46704894,0.2907075,0.25660968,0.025245,0.45416486,0.2414156,0.082237385,0.39923137,0.103193596,0.51538265,0.07696481
0.05595848,0.40779337,0.26724136,0.2396155,0.40482196,0.28541303,0.34325036,0.3750904,0.19192877,0.1382887,0.14711362,0.21929157,0.31829774,0.16828096,0.30982456,0.18852285,0.2675839,0.19094616
0.18451321,0.18043232,-0.06902735,0.30280417,0.15329862,0.116963,0.29148465,0.29547215,0.1586724,0.14829224,0.061999973,0.10198506,0.18494621,0.043617897,0.18706378,0.066813275,0.19846438,-0.013973451
0.05270523,0.010848296,0.137202,0.39606315,0.047040787,-0.0063887793,0.10837073,-0.040331796,-0.1181764,-0.1531465,0.037023857,-0.19514823,0.029230095,-0.1081796,-0.109758504,-0.03307172,-0.14551637,0.25918725
0.14148268,0.19741619,-0.013789782,0.307929,0.18748958,0.23356932,0.20900309,0.33001816,0.27545518,0.11427665,-0.06551241,0.19839701,0.15644547,0.04071537,0.1301429,0.026692653,0.23275156,0.03582464
0.047676124,0.51131094,0.22481063,0.10975456,0.44859117,0.3671491,0.33406717,0.39398247,0.051030137,0.1781919,0.0005561812,0.2900123,0.20392907,0.02931467,0.25095817,0.08782783,0.36461222,0.2189242
0.29141387,0.4042904,0.30667987,0.40818086,0.31499556,0.09633091,0.22911897,0.017220959,0.2531449,-0.11623222,0.034930423,-0.0165851,0.10857205,0.063805476,0.08386043,-0.014613301,-0.08329563,0.4021555
0.07148954,-0.032524616,0.08625531,-0.10590473,0.032435976,0.2816671,0.24437064,0.028831623,0.06754291,0.039409667,0.3838861,0.042525813,0.00950063,0.23295544,0.026203237,0.1747914,0.16732042,0.13835731
0.30252188,-0.08893676,-0.03075742,0.42153078,-0.10227834,-0.15309566,0.13328692,0.05623769,0.12589441,-0.12443463,-0.049435887,0.01415577,0.031715706,-0.08082467,0.12457541,-0.12037784,0.08823673,0.15031289
0.12528601,0.56906664,0.4282756,0.042710498,0.4785326,0.42252743,0.44944996,0.27446365,0.13211033,0.19136095,0.08599392,0.3430252,0.31895402,0.19551873,0.3673025,0.21326122,0.36241227,0.43279073
0.16883762,0.46079034,0.20935926,0.035402738,0.34194636,0.32622015,0.37222475,0.3298331,0.1902723,0.22138178,0.09708387,0.26620096,0.26766032,0.21451053,0.35923442,0.11049242,0.27841794,0.18750373
0.11392018,0.23405975,-0.043862507,0.31018484,0.25784436,0.21369168,0.22947171,0.2611998,0.24326488,0.074140966,0.08183963,0.13527897,0.1308499,0.08922163,0.18586037,0.07996963,0.24676941,-0.008598925
-0.11022866,0.33851886,0.10375233,-0.044898555,0.25207004,0.40202016,0.28814667,0.2557311,0.12063284,0.33852482,0.018816603,0.53388536,0.17735723,0.04125058,0.29110688,0.19005305,0.4540967,-0.11567586
0.08942321,0.20333713,0.38118985,0.15888306,0.17338467,0.28156495,0.1620515,0.23112902,0.30809757,0.15500599,-0.047382496,0.22911477,0.22011971,0.3461553,0.09022737,0.17977257,-0.011371904,0.06873131
-0.09534711,0.04181543,-0.24278727,-0.07252163,-0.08258903,0.18104532,0.022811785,0.17913711,0.24038735,0.2642907,0.032028943,0.47424445,0.032161534,-0.08002934,0.09817414,0.096918315,0.27221876,-0.3503942
0.09886941,0.29901868,0.041949145,0.12693214,0.2730847,0.28418654,0.20605496,0.45841134,0.2642262,0.22289902,-0.09307306,0.30984765,0.15636894,0.111382246,0.17354625,0.011087311,0.22978699,-0.041144375
0.11169243,0.50082177,0.104751766,-0.031821724,0.48220086,0.5033139,0.39158493,0.38884175,0.24784067,0.2963766,0.08406262,0.26789713,0.24371207,0.30603313,0.43987232,0.1521868,0.40939158,0.07789078
0.19898498,0.20826076,0.1156258,0.019279672,0.22944768,0.23720783,0.10870948,0.14987154,0.18246347,0.10962684,0.019163318,0.21098873,0.045527082,0.026649266,0.036079258,0.01317855,0.13095525,-0.009645207
0.19249985,0.36251962,0.06337854,0.14461523,0.31257105,0.39200896,0.4228738,0.27924383,0.1338684,0.2114155,0.18655345,0.2436697,0.2224709,0.23735514,0.23033753,0.13815162,0.33068717,0.13206825
0.023434218,0.23361976,-0.011825953,0.054029692,0.08256306,0.30125093,0.3163282,0.1760263,0.07963349,0.3537745,0.09823321,0.34783602,0.18971288,0.16749159,0.098649085,0.17925806,0.1679133,-0.10869864
0.28610247,0.26358813,0.30683914,0.08053756,0.32729775,0.26815367,0.22452474,0.2119321,9.482959e-05,0.04832799,0.18146835,0.12193757,0.16281806,0.0042202747,0.08362313,0.13875374,0.310377,0.3583746
0.45665002,0.2518388,0.2411649,0.042201705,0.24507916,0.24809885,0.17447722,0.4058708,0.20660101,0.22255066,0.007060242,0.38409933,0.16071832,0.0044641425,0.20140007,0.080559224,0.2865014,0.06314958
0.11266155,0.4483387,0.2906444,0.103995785,0.37086213,0.34628332,0.27847627,0.46788487,0.2386797,0.16601714,-0.091592126,0.31007338,0.292458,0.029367462,0.28399372,0.074475594,0.2800431,0.16349354
-0.036930244,0.3338731,0.23125398,0.031064242,0.22827342,0.33669224,0.30781627,0.3025298,0.31526834,0.25346386,0.2640291,0.38066083,0.36606276,0.33789718,0.2961328,0.29433864,0.19895616,0.17490786
0.37304503,0.31004477,0.16151865,-0.0014152231,0.2602312,0.37674367,0.1674417,0.3223074,0.081018835,0.22865397,0.041177586,0.37406182,0.13209365,-0.0859426,0.080142885,0.09261455,0.2672003,-0.051615342
0.06556384,-0.29910818,-0.13795099,-0.10585153,-0.27305204,0.0034871628,0.09726244,-0.05471792,-0.20553264,0.062469818,0.26251715,-0.07265742,-0.0082736965,0.12039409,-0.021242538,0.07365769,0.030938882,0.03549938
0.3434019,0.294704,0.27849966,-0.06248154,0.26749498,0.2965402,0.37162435,0.2831107,0.28297144,0.2757591,0.20645323,0.34915346,0.28406912,0.33026582,0.30029893,0.24655795,0.28615502,0.27214924
0.11125412,0.0021947217,0.003555716,0.019237304,-0.10249595,0.13172501,0.22893019,0.0069196885,0.3444092,0.17755814,0.07663089,0.30757537,0.2138959,0.12920147,0.22510944,0.19568577,0.1536498,-0.028364189
0.12448492,0.52032185,0.19493622,-0.026398301,0.47427624,0.35364085,0.39202863,0.42466265,0.21333036,0.26612395,0.12718101,0.43894434,0.25973126,0.043829575,0.30849403,0.16132757,0.44915053,0.24306129
-0.055045787,0.39605892,0.14148115,0.20077235,0.33473682,0.3637906,0.31358767,0.30615008,0.13278292,0.05872319,0.012796695,0.1511876,0.15704244,0.0665701,0.3360539,0.11174238,0.34751624,0.026876794
-0.09752138,0.15215035,-0.25092107,-0.097156584,0.06345298,0.25053367,0.19769457,0.27518377,0.3569846,0.3085727,0.08135348,0.35359466,0.08589651,0.08084048,0.2674369,0.1165752,0.2880375,-0.27585167
0.2643336,0.40728542,0.27845046,0.28380615,0.3596784,0.19537507,0.38145024,0.263745,0.15107886,0.09247275,0.0062935906,0.102063656,0.17903154,0.05891949,0.20757803,-0.024418544,0.1493716,0.5165841
0.04907471,0.38952816,0.12206787,-0.020937044,0.2975778,0.47166753,0.29811358,0.3696767,0.19638412,0.29906395,0.101691365,0.2971992,0.29414767,0.19670416,0.20670882,0.120360136,0.16624203,0.05607246
0.18732737,0.068776205,-0.16962323,-0.078716114,0.011618559,0.20587073,0.15008923,0.24654476,0.17115101,0.30478805,0.10111841,0.42404753,0.12794252,0.0069370503,0.16819586,0.09004405,0.3392743,-0.089713834
0.17190698,0.19894028,-0.07902928,0.3399006,0.14759412,0.19531024,0.298242,0.24541229,0.12102085,0.09444679,-0.015681079,0.154055,0.11440626,-0.09324056,0.11831529,0.011009408,0.20529453,0.02633494
0.15223193,-0.010417601,0.21813603,0.44378564,0.038783647,0.08394006,0.05509849,0.022190612,0.16786113,-0.18357922,0.047416896,-0.05180558,0.1745184,-0.109850824,-0.107643,0.05118724,-0.10503514,0.21943364
-0.04679086,0.37486103,0.29700035,0.17217761,0.23151974,0.25197646,0.3129956,0.26813853,0.2338829,0.21547079,0.013758908,0.3410719,0.3385107,0.1073824,0.3694172,0.20634085,0.27621233,0.1722371
0.16751195,0.53552485,0.18525007,0.3122909,0.5129627,0.34038666,0.34975868,0.40177,0.34901226,0.12981924,0.03425731,0.29950434,0.29327226,0.044876155,0.33383292,0.16849642,0.36739552,0.11045954
0.10025099,0.36146128,0.2269356,0.07352397,0.3974179,0.3017949,0.29681182,0.40825933,0.32740194,0.20462772,0.07414247,0.43498886,0.2178041,0.16161005,0.2892313,0.12434531,0.36169165,0.32270646
0.456962,0.48744816,0.17108549,0.14334853,0.41491592,0.45007125,0.32651222,0.3091805,0.17647213,0.27247512,0.14237885,0.36005598,0.271001,0.0021367637,0.16322774,0.20346716,0.30280602,0.028003689
0.2870847,0.3500167,0.36521572,0.035371922,0.32984528,0.39301133,0.36681202,0.16067564,0.06948067,0.09010987,0.20690338,0.06214035,0.16000283,0.3143016,0.18877514,0.119045325,0.12521477,0.3371226
-0.1009638,0.00815933,-0.16608927,-0.08436318,-0.055279706,0.1327834,-0.00150158,0.1664549,-0.03867376,0.12907252,0.0863162,0.2737641,-0.018043283,-0.045091793,-0.14434737,-0.02511336,0.08464979,-0.14285594
-0.13993427,0.17557198,-0.10781467,-0.067374825,0.12257378,0.32269758,0.16169685,0.35593766,0.23852095,0.1588394,0.0055052345,0.26414782,0.08310951,0.054705486,0.30886972,0.035286605,0.33504033,-0.16497713
0.15452987,0.23227893,0.25314277,0.41506678,0.23395133,-0.047019124,0.094891146,0.16274819,0.321242,-0.07345861,-0.14060043,-0.07247774,0.07310273,-0.0027057473,0.06574456,-0.04096746,-0.124357015,0.16288266
0.08853328,0.05487299,-0.005160833,-0.2081254,0.09056726,0.3866654,0.094364196,0.30970258,0.0918584,0.30806005,-0.0712363,0.26156121,0.07322168,-0.016751284,0.12399167,0.059474938,0.24393281,-0.22160327
-0.09123641,0.13853955,-0.19797534,-0.1084532,0.0150111625,0.19527908,-0.047859166,0.20070499,0.1478684,0.16800867,-0.0019062948,0.2727242,-0.033807173,-0.12455584,0.0237619,-0.027624868,0.15157229,-0.27959162
0.37382102,0.32898176,0.28483072,0.41830736,0.30345333,0.18741216,0.19372451,0.23687446,0.27795148,-0.030738756,-0.010273872,0.050847672,0.15232864,0.020728622,0.12742516,0.014432316,-0.032175325,0.2583437
-0.22023396,0.044855148,-0.13897985,-0.15742546,0.015260987,0.14561965,-0.062103402,0.1716216,0.12447491,0.0690458,0.011399107,0.17572446,-0.12868339,0.15538284,0.06679498,-0.05039236,0.16745475,-0.20644575
0.31972754,0.1354154,0.14345355,0.042294912,0.07493706,0.27216673,0.010540114,0.24359503,0.09535485,0.15228435,-0.016716013,0.33746254,0.13182966,-0.067266256,0.062040012,0.04583276,0.17909747,-0.14029296
0.28898388,0.26888484,0.46780038,0.29227626,0.23811871,0.14585882,0.16632983,0.24554454,0.1955705,-0.048112065,-0.113304496,0.0817294,0.15405786,0.18999387,0.14915846,-0.07933988,-0.06277231,0.43446314
0.058882236,0.07634471,-0.1727848,0.046355084,0.06978074,0.17042331,0.24231325,0.27997118,0.31345937,0.28201428,0.019566864,0.35180765,0.18559942,-0.012786701,0.27083424,0.13025987,0.34605193,-0.24959102
0.047909107,0.18512791,-0.06145636,0.4558843,0.13314827,0.20040685,0.21267545,0.079142004,0.17536551,0.027886312,-0.0037788888,0.07270684,0.14997032,0.025093282,0.08698042,0.03219098,0.092320226,-0.024003744
0.4304724,0.21647274,0.24782388,0.22698767,0.21382232,0.18027195,0.35050124,0.15319395,0.19516034,0.1685276,-0.027564159,0.08542733,0.19165072,0.15235925,0.18632013,0.08180848,0.104046695,0.0832802
-0.08030689,-0.089021824,-0.17774767,-0.23423299,-0.11461021,0.09698863,0.15112269,0.083531536,0.005403741,0.21174598,0.1707273,0.237317,0.13219929,0.028158661,0.32192457,0.13491218,0.27505875,-0.06615419
0.37213236,0.34160244,0.23066089,0.4538333,0.24525651,-0.03924034,0.22363123,0.015658367,0.20372729,-0.12214847,-0.04633411,0.007695117,0.08161923,-0.10731396,0.09477821,-0.03847798,-0.010254502,0.26237357
0.20375025,0.022933166,-0.03167457,0.37457255,-0.01670218,-0.020829197,0.08160141,-0.025659867,0.27016145,-0.006151518,0.016258478,-0.083142206,0.010182224,0.16677831,-0.04440391,-0.014933989,-0.16433083,0.11240968
0.47239828,0.22668165,0.082798555,0.21597898,0.22513942,0.28836992,0.3442095,0.2718493,0.2078376,0.17142601,0.13628857,0.19105697,0.29174218,0.042460673,0.3202304,0.16364805,0.35605854,0.026300011
-0.08484946,0.08832362,0.25728065,0.113856554,0.09207134,0.15539946,0.12995794,0.32783735,0.28296226,0.22695997,0.02262501,0.21256548,0.21719605,0.3554296,0.047465753,0.113105275,-0.050982226,0.014562938
0.16207732,0.3264212,0.3260259,0.23136327,0.2279411,0.25986874,0.27318066,0.2568906,0.25387573,0.13963278,0.08143096,0.31874454,0.32949787,0.119124204,0.22434941,0.11227049,0.17284325,0.13780448
0.040780216,0.4696133,0.09526093,0.13912871,0.44726878,0.35309553,0.2903867,0.45388812,0.3182869,0.25550508,0.046124335,0.43335214,0.2554493,-0.00069327257,0.28583938,0.12910411,0.3900696,-0.04599806
0.21024215,0.54745287,0.19684261,0.06697358,0.44642752,0.45832527,0.35524303,0.27212936,0.2757883,0.1876969,0.049584422,0.28314096,0.27589473,0.054416433,0.31071895,0.18127811,0.29646242,0.014477009
0.10669775,0.24761856,-0.07559095,-0.013325801,0.1663957,0.37980676,0.09405084,0.21215203,0.08949077,0.17474023,0.12626514,0.3294776,0.12272442,-0.042345013,0.15142214,0.092187405,0.33621132,-0.14410631
0.32442227,0.25162783,0.3838591,0.25843817,0.23214108,0.1285219,0.070138015,0.119214326,0.34525013,-0.08913021,0.075802416,0.07673381,0.15371437,0.22973102,0.02043179,0.060260363,-0.11173314,0.2960391
0.09805453,0.4644214,0.13020232,0.016511071,0.39964086,0.45131516,0.40612042,0.4954732,0.22563204,0.32129174,-0.016054146,0.2770504,0.25753632,0.07337471,0.32434857,0.11187245,0.33773285,0.009639893
0.21641852,0.36308146,0.35338682,0.55352736,0.35312533,0.10823722,0.17290446,0.20256251,0.33249575,-0.08241941,-0.10202314,0.0072193844,0.1038253,0.1038883,0.042189546,-0.026760733,-0.10700576,0.32018262
0.21458003,0.43306592,0.12470583,0.28143415,0.40789688,0.268633,0.30902857,0.3415081,0.18727216,0.1697669,-0.025712285,0.29821107,0.18530187,0.030139428,0.27155894,0.065570384,0.40292782,0.11984209
0.030813698,0.10729216,-0.091277905,-0.16359901,0.22750998,0.16967258,0.17552716,0.19286014,0.055797655,0.18434742,0.22829549,0.2184326,0.07194957,0.13142827,0.1978836,0.15803203,0.31314778,0.046520736
0.012719776,0.2140851,0.12201117,-0.10939155,0.20288868,0.34433284,0.2137544,0.43853384,0.16619754,0.2529427,-0.09012529,0.21558915,0.1059205,0.3152746,0.2726143,0.013812872,0.25393227,0.104959905
0.35129693,0.38920254,0.0667668,-0.09012371,0.37299305,0.48581037,0.3487522,0.32686624,0.16889793,0.301404,0.17147534,0.43352365,0.20201069,0.052059747,0.30265287,0.18716761,0.40213013,0.014518796
0.034888096,0.56358695,0.13816628,0.056700733,0.44113392,0.4569714,0.3995518,0.3650354,0.19688773,0.2412291,0.0012263278,0.40515816,0.26566175,0.12503034,0.37182862,0.14555074,0.43869632,0.15337363
0.122367576,0.3183897,0.00068106526,0.069657296,0.29903185,0.2630987,0.20247233,0.3293896,0.30889916,0.21528861,0.090585925,0.2847203,0.23478241,0.112488315,0.27394533,0.16222164,0.26511455,-0.03483102
-0.19112234,0.1468944,-0.08195113,0.0799045,0.061779425,0.13156772,0.14737654,0.21315837,0.14251748,0.087826505,0.14872351,0.18582301,0.12385461,0.1381956,0.27327284,0.015412953,0.24574804,-0.0113090575
0.08330728,0.38002783,0.051800385,-0.077889875,0.38732898,0.37433857,0.3076783,0.46682936,0.17909366,0.29786837,0.10762191,0.42244402,0.22843453,-0.06170287,0.36074466,0.144547,0.45877784,0.05754079
0.33908758,0.23275216,0.1082204,0.11011836,0.18526128,0.30381384,0.37460804,0.1713016,0.019257084,0.13192105,0.090921074,0.2562451,0.142824,0.16546625,0.3548294,0.12126602,0.49470407,0.1638795
0.20514137,0.21632811,-0.015542825,0.45243177,0.14546871,0.1143008,0.09117677,0.24696046,0.26290667,0.018434621,-0.09253228,0.099999905,0.11587946,-0.11898015,0.04276434,-0.088217825,0.02058005,-0.029072732
0.027404945,0.31399006,0.014407363,0.00059378985,0.23908268,0.25194666,0.27656287,0.13624015,0.09916453,0.29383054,0.16724175,0.2767157,0.1667853,0.19647193,0.17822067,0.21038078,0.19761096,-0.0040652715
0.33313978,0.41888615,0.17291814,0.18014923,0.47275066,0.30034563,0.38915503,0.458198,0.30812067,0.14272043,-0.0028326456,0.26220474,0.27475822,0.015639246,0.3424763,0.14282446,0.38463727,0.18424894
0.18481958,0.2626115,-0.011724062,0.06075962,0.26477176,0.41737425,0.3092795,0.031705655,-0.093058854,0.08183346,0.18641517,0.021865547,0.07530674,0.04184506,0.063161105,0.12644884,0.25447166,0.051378176
0.12374193,0.4464448,0.22195488,0.08530803,0.37729988,0.3795053,0.43549904,0.36094224,0.070517674,0.2388844,0.071933866,0.4135391,0.26589683,0.02358616,0.26357204,0.16381666,0.4581322,0.24958605
-0.12916848,-0.4816568,-0.4247042,-0.1136892,-0.5327791,-0.23340735,-0.2672618,-0.314269,-0.21503821,-0.06527196,0.2624883,-0.047841005,-0.20312274,-0.29457417,-0.4201169,-0.057807982,-0.25215486,-0.3324845
-0.01811742,0.2834848,-0.010106136,-0.0342974,0.24689496,0.32124674,0.14161628,0.38728416,0.29068175,0.14809906,-0.026092619,0.27451867,0.106852874,0.13211493,0.2557392,-0.0021894672,0.2481485,-0.05526016
0.25343335,0.2071555,-0.0022243108,0.39907753,0.25797772,0.07264007,0.22565421,0.10809128,0.062247943,-0.038017526,0.098089285,-0.09783964,0.048668925,-0.070762604,-0.0059942384,-0.013335249,0.075554326,0.30863968
0.21756662,0.56292206,0.22853115,-0.040523704,0.49939126,0.45270652,0.39014438,0.37978667,0.22316116,0.2748596,0.08164269,0.498545,0.30149817,0.050276555,0.38371015,0.18936497,0.44368383,0.097856
0.42489627,0.023125311,-0.050314378,0.023430225,0.054056905,0.19173552,0.26181298,0.21402767,0.113815516,0.24845195,0.2618204,0.10212623,0.21627492,0.19378036,0.10422174,0.12821531,0.071702115,-0.017331116
-0.076600954,-0.20514062,-0.26278096,-0.18472221,-0.24963415,-0.12231313,-0.038019158,0.012841279,0.0047264826,0.15541965,0.1651589,0.445013,-0.037364762,-0.17089377,0.034011267,0.060488664,0.20287643,-0.12305842
0.03758789,0.11396838,-0.08872302,0.44039214,0.0043885177,0.13434103,0.22899851,0.14647633,0.26089722,0.09059788,0.057035945,0.063787885,0.13566118,0.030521233,0.08117131,-0.022058114,-0.06384933,0.103683665
0.30024773,0.03812881,-0.07447169,0.39352715,0.041723095,0.033130724,0.08038455,0.09661041,0.17567326,0.01191009,-0.011638117,0.036157276,-0.00162242,0.05119028,-0.0052804127,-0.041593865,0.050763145,-0.026110811
0.11510049,0.29301852,0.0783379,0.44161004,0.26446572,0.16182312,0.15342134,0.270097,0.15874432,-0.038656034,-0.15657574,0.016425457,0.06874527,-0.13518143,0.065698214,-0.11659819,0.04243934,0.076698296
0.06064134,0.19541521,0.1773081,0.274974,0.14187458,0.2731086,0.03635027,0.14585197,-0.0073841484,-0.07162115,0.05073657,0.09154566,0.16179979,-0.15981877,-0.081820756,0.0032509887,0.03527583,0.04867301
0.20281431,0.45762587,0.23773849,0.19446091,0.42159262,0.2190126,0.2782096,0.29879534,0.16018665,0.046773966,0.006746667,0.29254115,0.21451092,-0.04574892,0.31539822,0.10163096,0.3961959,0.34587628
0.012385943,0.39097446,0.13110533,0.07210041,0.26646277,0.3802659,0.28771687,0.3895374,0.19233498,0.22542036,0.022926806,0.4789458,0.21731707,0.03468287,0.29277483,0.16276768,0.40352842,-0.032821566
0.10367641,0.09398721,-0.049996283,0.43873066,0.08686523,0.01894202,0.21151674,0.054339986,0.1423997,-0.013432377,0.06410675,0.036689054,0.059941128,0.12452865,0.060059376,-0.009639728,0.069206685,0.15249074
0.11545591,-0.028342895,-0.16235937,-0.048018258,-0.036761396,0.1533208,-0.06361888,0.25750774,0.036745083,0.21382429,0.22019866,0.34513333,0.004599829,-0.23318933,-0.10379247,0.044449117,0.21254715,-0.2144371
0.41985095,0.23396021,0.14542496,0.4083506,0.23129255,0.14739753,0.10605903,0.29832828,0.3195399,-0.017335007,-0.067985356,0.019132208,0.13246442,-0.03092951,0.08186093,-0.042748988,-0.028958406,0.042456914
-0.02446453,0.42068675,0.21275336,0.4126761,0.34015214,0.25174874,0.23250611,0.25847778,0.31255227,-0.031539075,-0.046849847,0.13870914,0.15755212,0.106883496,0.22023404,0.028783143,0.13871491,0.1973361
0.09001354,0.36294132,0.055747718,0.060796574,0.31136847,0.3147949,0.2758069,0.40765023,0.23153171,0.24312454,0.102055505,0.37898463,0.26176363,0.12124172,0.3651067,0.16631152,0.43908668,0.07704094
0.4320978,0.44831732,0.23602593,-0.01166696,0.41343683,0.39037716,0.3695441,0.47191548,0.207549,0.2926528,-0.000484813,0.36080796,0.25047356,0.0047713183,0.38046575,0.12969312,0.46185645,0.15842423
0.06280622,0.3285948,0.473808,0.43481982,0.29623973,0.28741843,0.34861895,0.24190763,0.3139109,-0.009366554,0.008853843,0.0890076,0.26986384,0.29503375,0.2515028,0.03186184,0.021472983,0.46100503
0.22539556,0.27265367,0.2665066,0.099748,0.37595725,0.23519011,0.41211915,0.06757334,-0.05588931,0.094359435,0.32441324,0.055156615,0.19895276,0.17645031,0.13594358,0.23569968,0.30329517,0.37800235
0.34144652,0.4560104,0.14223608,0.060601667,0.4213544,0.42640454,0.37590945,0.5043558,0.19140136,0.29598758,-0.030542996,0.36002195,0.23413536,0.023192171,0.33049792,0.10793521,0.45988908,0.08165109
0.4351473,0.46588302,0.36158246,0.06491423,0.40966868,0.45564356,0.35978383,0.2654063,0.16652098,0.11638178,0.08249483,0.22830915,0.2555294,0.1268786,0.35934657,0.13681716,0.32056344,0.19984868
0.4015234,-0.047805164,0.057840653,0.057681922,-0.08179946,0.15662503,-0.0040709497,0.05446985,0.19654444,0.13423347,0.06266881,0.13541281,0.089319326,0.08636944,-0.081801265,0.10981251,-0.070814654,-0.17136517
0.18814936,0.34930888,0.07136638,0.34484357,0.38387784,0.295255,0.23854011,0.3643352,0.28974974,0.12962127,0.020963209,0.23931915,0.2274707,-0.13117976,0.20219992,0.13010848,0.2546615,0.017698675
-0.1904293,-0.120127,-0.23153889,-0.11921346,-0.18592636,0.046180077,-0.020027684,0.2905663,0.11416858,0.15284678,-0.0070093153,0.26660058,-0.051711164,-0.027499571,0.040057275,-0.065225035,0.19908723,-0.09304613
0.24034594,0.44043997,0.079410836,0.06240632,0.40555,0.3269491,0.30884084,0.400397,0.21492626,0.3058709,-0.015740313,0.51160663,0.18775538,-0.031643853,0.29995397,0.16392139,0.5190164,0.016695417
0.002128488,0.13686253,0.16945317,-0.047350395,0.20926183,0.21666756,0.047446854,0.29393065,0.24795672,0.10127063,0.34259474,0.29744625,0.20018977,-0.067846164,0.026524976,0.20292187,0.17665102,0.014358262
-0.031010533,0.17998219,0.18358974,-0.06127178,0.19277762,0.31341392,0.21896666,0.068787396,0.02395321,0.06984821,0.26737028,0.16823897,0.020691244,0.25630015,0.016094675,0.1136296,0.19519576,0.25674236
0.08381726,0.38259917,0.20122173,0.34665334,0.33988374,0.2996508,0.33813208,0.3850179,0.14589778,0.07556171,0.08511627,0.2768213,0.3370176,-0.010073438,0.28892606,0.12202779,0.3208446,0.35674113
-0.013914611,0.14381814,0.044449747,0.41489953,0.14101085,0.14495791,0.17399997,0.31937942,0.3041734,0.05093723,-0.08312495,0.20775679,0.14728406,0.074158035,0.19188958,0.023584735,0.18443313,0.14914635
-0.115526825,0.10039098,-0.035515077,-0.12034031,0.054524858,0.16825822,-0.029165864,0.18012607,0.39198923,0.11572665,-0.017190475,0.2157985,-0.007915079,0.16022995,0.17022839,0.096073,0.115403704,-0.20884608
-0.0815306,0.037086014,0.11968109,-0.15912104,0.03937293,0.2874447,0.014642174,0.1442356,0.14141256,0.118675634,0.09157812,0.16593179,0.022371853,0.2234201,-0.076680854,0.047199734,-0.14746484,-0.12615955
0.14398034,0.30349034,0.18795927,0.3940645,0.2251551,0.21209319,0.21933402,0.25656387,0.08523884,0.021435719,-0.06156796,0.07780327,0.16079551,0.03532963,0.12769842,0.025675012,0.1545017,0.26770425
0.27472752,0.50537,0.17473237,0.06066019,0.47469908,0.4510771,0.3796955,0.39858347,0.22169667,0.30113387,0.09290311,0.30522895,0.35459775,0.089938864,0.38058168,0.19426394,0.38461626,0.11996069
0.13614765,0.384529,-0.005946433,-0.070829615,0.36720476,0.37728158,0.25278783,0.24233134,0.3618183,0.23345965,0.13309473,0.35117438,0.19956318,0.19375221,0.32755125,0.19839266,0.35272196,-0.086339295
0.37812555,0.15261209,0.1403926,0.19294673,0.17520505,0.22017694,0.24705623,0.25913984,0.39926368,0.16412804,0.051512588,0.2028301,0.24650964,0.15294996,0.19494131,0.19626725,0.20707135,-0.041530542
-0.04753506,-0.092276454,-0.2609509,-0.032611728,-0.16743204,-0.012564431,0.086376935,0.17661475,0.14502206,0.19396222,0.13648309,0.3306446,0.051820748,-0.061438113,0.16114655,0.044573694,0.26834536,-0.16037677
0.08761223,0.023458693,-0.05896683,0.41063765,0.018053407,-0.03598558,0.05565907,-0.043118514,0.08288652,-0.1140285,0.060870115,-0.12580465,-0.037902765,0.061550863,-0.081050225,-0.052691296,-0.06933555,0.025509775
-0.08038028,0.29613632,0.15421155,0.3883274,0.2572772,0.13379945,0.20138085,0.26715922,0.15017521,0.024356212,-0.053430807,0.08205783,0.16346562,0.10169327,0.14910898,0.026192848,0.15109612,0.3243897
0.31400996,0.33743757,0.060294136,-0.012217833,0.41995853,0.44648385,0.29830262,0.4011507,0.20047945,0.30782327,0.08656431,0.23104966,0.22184668,0.12508702,0.3520708,0.18751454,0.37390918,-0.07845241
0.0488497,0.20263255,-0.048013233,-0.04810655,0.32028985,0.308043,0.13692105,0.15516527,0.07116785,0.20313728,0.08981761,0.08518107,0.10386717,0.026193094,0.21285272,0.15388735,0.24043041,-0.1257384
-0.09067684,0.28084424,-0.11836057,-0.09205122,0.20176712,0.26622027,0.31206822,0.346487,0.14325108,0.23980966,0.029974092,0.41336,0.0816453,-0.082441494,0.3701843,0.07257663,0.5443065,-0.06553372
0.20457312,-0.04982418,0.1998462,0.25602105,0.011332121,0.049107786,0.18862283,0.123017006,0.1686213,0.087572195,0.15385509,0.10880104,0.17188464,0.23527493,0.0699533,0.15682584,0.0025026065,0.079649076
0.19794247,0.4428081,0.043768458,-0.13833849,0.4832951,0.3728065,0.29514456,0.30470058,0.15342657,0.2982114,0.068551466,0.2931301,0.13302416,0.023837356,0.2658945,0.175728,0.3548983,-0.024791155
0.35283172,0.063484,0.10236959,0.48863956,0.03706698,0.09329967,0.22654939,0.0566348,-0.040468212,-0.004738824,0.05689685,0.03804729,0.19104156,-0.113323525,-0.04140633,0.03512936,0.047969643,0.08562461
0.4148843,0.5005491,0.41041827,0.1612851,0.43408263,0.3789317,0.41962972,0.36466527,0.38079247,0.21213141,0.1576643,0.30556554,0.35605764,0.41388077,0.3294163,0.18920875,0.17193592,0.29313838
0.051148172,0.18721643,0.25576848,0.44249564,0.16328448,0.06893879,0.14393035,0.26790962,0.17997858,-0.059440203,-0.17914534,0.13939647,0.0883822,0.0704821,0.08912015,-0.13232845,0.059509464,0.21373919
0.031198764,0.27816325,-0.0071851914,-0.022570793,0.24647143,0.40755326,0.42207652,0.33284712,0.065634236,0.3332137,0.12412982,0.1964854,0.21879973,0.18297237,0.3744784,0.13850065,0.32866418,-0.10525954
0.022844635,0.045669474,-0.19240457,-0.05117729,0.047296375,0.11941816,0.017929688,0.07497251,0.25914204,0.111798756,0.054268718,0.21985573,0.038035855,0.052904055,0.09999657,0.0743731,0.13224028,-0.26140365
0.07519245,0.23404121,0.4097881,0.33970535,0.17978446,0.20632362,0.39254403,0.18133016,0.12215628,0.030028477,-0.020118253,0.07365857,0.21419172,0.19044691,0.21378279,0.011703353,-0.013813659,0.41182727
0.30722463,-0.032955065,0.050482236,-0.017143989,-0.064914964,0.30132064,0.13917312,0.13337141,0.0908624,0.22132686,0.12094933,0.08249797,0.06911299,0.2917766,-0.115389176,0.059556134,-0.1741439,-0.14091873
0.2667547,0.051028088,0.029928144,0.057241365,0.046845846,0.15305857,0.39005488,0.13059926,0.12958953,0.23866169,0.32126307,0.15559961,0.28187665,0.3549484,0.30968362,0.19974795,0.17139593,0.10143757
0.42631447,0.21958451,0.100462295,0.020321947,0.17289177,0.27985686,0.22025907,0.35748956,0.13832356,0.26771206,0.0896329,0.34010732,0.17826302,0.08111789,0.17527434,0.08507772,0.23753157,0.011471478
-0.19551504,0.23083183,-0.06547544,-0.030952478,0.13055402,0.3407572,0.15305978,0.29194114,0.2844934,0.10910523,-0.006110541,0.3087331,0.07896427,0.031459972,0.3180628,0.06052334,0.4189545,-0.14809272
0.051244944,0.06328744,-0.079328716,0.25118852,0.080409706,0.02029312,0.21486299,0.32487422,0.3437341,0.2122286,0.0030362555,0.21262354,0.25818604,0.052289397,0.21070209,0.06235438,0.14761998,-0.14068171
0.21904662,0.2705711,0.37578124,5.378388e-05,0.29411045,0.16854258,0.14292878,0.29973477,0.3376913,0.07284075,0.1379019,0.184932,0.26427522,0.06329428,0.16448012,0.23725094,0.08469889,0.10824239
0.0720042,0.0784563,-0.13901734,0.32967138,0.09047718,0.1293354,0.21098301,0.21120192,0.11869018,0.09644015,-0.03920608,0.06056724,0.11504497,0.020663511,0.11927252,-0.026668768,0.19516362,-0.025438666
0.46259508,-0.11901702,0.029367989,0.34068665,-0.094604425,-0.08213386,0.15692401,-0.1279977,-0.07845679,-0.10517108,0.06226574,-0.21856289,0.008734008,-0.06733073,-0.09842731,-0.02830312,-0.12623996,0.18444899
0.06923102,0.1860942,-0.011588029,-0.055374093,0.16735016,0.25432226,0.23363408,0.47512698,0.11840061,0.27819937,-0.02045654,0.23681693,0.10501332,-0.021783363,0.16884843,-0.005152845,0.24427998,-0.0323131
0.03305726,0.3816833,0.18115252,0.04345653,0.37839034,0.3678506,0.4453018,0.44547072,0.28800946,0.3181671,0.17657071,0.27966923,0.43026918,0.14736325,0.36476785,0.34315085,0.33281338,0.09490247
0.20510264,0.3960665,0.18994144,-0.07772325,0.4114093,0.4342807,0.34396392,0.39922765,0.2896867,0.30123147,-0.019085214,0.35038507,0.24269697,0.09858794,0.42533728,0.24482015,0.43319455,-0.012628859
0.4110255,0.02185765,0.0647452,0.14394706,0.018556258,0.15311103,0.11137016,0.22461829,0.37454236,0.18095474,0.14152575,0.3490895,0.23067439,0.10343279,0.12887773,0.13044706,0.17344162,-0.10311946
0.14691314,0.5002402,0.12516749,-0.00967506,0.3859445,0.4346651,0.33098602,0.42049718,0.2364271,0.27185512,0.09458564,0.44970477,0.25657657,0.075130716,0.31933776,0.17611286,0.4173106,0.1555237
-0.081038415,0.17736934,-0.15858838,-0.08085723,0.064203314,0.29433236,0.10274352,0.112552784,0.1794077,0.19991755,0.029999474,0.21404332,-0.03266225,0.052624017,0.041507624,0.050130606,0.10559618,-0.2617746
0.053865243,-0.12003571,-0.18622789,0.069016635,-0.13431399,-0.09099279,0.14028725,-0.098892346,0.08233765,0.19830805,0.15726876,0.07225253,0.12882292,0.058112193,-0.012528727,0.1373715,-0.071120426,-0.014896646
0.41808757,0.40565327,0.09922935,0.027206663,0.33738273,0.45488083,0.30993074,0.26335543,0.12723723,0.18684663,0.15933672,0.2708248,0.25938806,0.011628076,0.2717645,0.19275522,0.33366522,-0.018594356
0.05033884,0.26834512,-0.0541878,0.46050438,0.20316038,0.07521509,0.18513525,0.0056918636,0.046547145,-0.059436824,-0.018635605,-0.010006347,0.07865707,-0.11809226,0.012583495,-0.03885729,0.06072733,0.081279635
0.12319869,0.3585295,0.21304065,-0.014130691,0.30749494,0.27082497,0.2500984,0.27868718,0.11321966,0.22788638,0.26915276,0.3318645,0.27354908,0.036909454,0.11950393,0.17359605,0.24806267,0.19313297
0.098236054,0.40275612,0.0075513413,-0.0234056,0.32645118,0.3497128,0.38207167,0.32591695,0.25229207,0.31236064,0.16641286,0.41020375,0.16228783,0.20941892,0.31785327,0.16595823,0.42994446,0.05682218
0.18240035,0.37373906,0.054327637,0.39034152,0.35465413,0.2956839,0.3097471,0.265002,0.24447504,0.13614535,0.06353212,0.055423297,0.23444676,0.09321612,0.14999846,0.12732463,0.05774252,0.007594115
0.010747147,0.36697182,0.24699353,0.1846616,0.22382629,0.2656217,0.20199388,0.20105231,0.45442897,0.19467515,0.10067934,0.4429391,0.30657786,0.18070464,0.25876978,0.23454922,0.2078251,0.12177652
0.13920605,-0.023437846,-0.17933449,-0.082375556,-0.046071175,0.06260963,0.13454327,0.05617202,0.03335963,0.21653897,0.04971027,0.26628935,0.0133588705,0.11743976,0.15047383,0.067584604,0.29321936,-0.06924327
0.4073778,0.27159494,0.41932008,-0.021119133,0.26479673,0.3871842,0.21042517,0.35225034,0.23094612,0.13839331,0.06987603,0.26017126,0.16904579,0.21242562,0.15466796,0.14746556,0.1306181,0.15448692
0.35683215,0.44067508,0.18331562,0.067858666,0.44967172,0.37592745,0.46654767,0.4726848,0.41176,0.32659164,0.11955316,0.48272538,0.3414541,0.16676156,0.40777245,0.24534532,0.43154445,0.07572357
-0.16261254,-0.064372614,-0.13925798,-0.069027446,-0.0856158,0.10362017,0.08485982,0.28847083,0.2643009,0.19425693,0.015095918,0.33031338,-0.014183333,0.11465673,0.18770683,0.049538445,0.25198066,-0.28972846
0.27551848,0.17464389,0.098022036,0.10830285,0.06896645,0.27364495,0.32075554,0.14357159,0.3448081,0.2912901,0.14009082,0.37136292,0.26212177,0.11279935,0.2615409,0.24621126,0.24771416,-0.09827317
0.3810623,0.4448803,0.19442984,0.11287174,0.40235522,0.3669722,0.34250334,0.28045,0.036983304,0.15239848,0.06571294,0.17766455,0.19778195,-0.029262643,0.21687225,0.120091416,0.31877023,0.1543538
0.42248312,0.49859774,0.30793536,0.10206624,0.43674934,0.3822508,0.4127842,0.27079076,0.113864124,0.1559501,0.13144112,0.38753188,0.27484405,0.019018535,0.31795636,0.21628004,0.49834692,0.3112281
0.07265161,0.30472356,0.04538767,0.03319344,0.3290879,0.34044904,0.3952459,0.24328208,-0.030325267,0.13058347,0.23903155,0.00023653684,0.23274378,0.10261138,0.2192685,0.12975481,0.27306756,0.23179168
0.1335482,0.46835184,0.108689696,0.26847696,0.47848627,0.28306937,0.3663296,0.41935945,0.26734802,0.16185215,0.040016383,0.20232774,0.29639003,0.105003044,0.34380913,0.11228415,0.33269638,0.091358006
-0.08245752,0.19933298,-0.08050017,-0.041295126,0.10575223,0.31004468,0.11984358,0.08627044,-0.08969166,0.11726244,0.21587607,0.21219227,0.06590937,-0.077153526,0.009041053,0.10033329,0.18864246,-0.113208756
0.068251565,0.42920795,0.089988455,-0.028691774,0.37013805,0.33446255,0.33074602,0.4364704,0.10748196,0.2956521,-0.008090807,0.39534426,0.171002,0.050540276,0.28778225,0.07426609,0.4364399,0.13582754
0.07690391,0.23217098,0.07339385,0.4289223,0.20559284,0.24224503,0.29514804,0.0985973,0.10518405,-0.0011967644,0.17650649,0.017555133,0.2998883,0.056750394,0.14254323,0.07632745,0.07850138,0.17983179
-0.049159694,-0.33335298,-0.17950857,-0.13285899,-0.37197584,-0.13834706,-0.24975678,-0.05051577,0.013178127,0.05204232,0.03666263,0.061400756,-0.08346294,-0.270087,-0.21326333,0.021671647,-0.13040322,-0.3768195
0.39943302,0.2645626,0.25389034,0.47953725,0.24829255,0.12221409,0.2557087,0.21020839,0.28817266,-0.035189223,-0.043647222,-0.08947995,0.19733292,0.06684457,0.0758264,0.0029578535,-0.14950216,0.109996125
0.09884764,0.18579572,-0.018921599,0.4007928,0.23935083,0.10076614,0.18033983,0.19412556,0.10751821,-0.03313973,0.0067507313,-0.004697142,0.05679017,-0.008770275,0.11011426,0.0073201368,0.18479082,0.14266464
-0.023676127,0.1957719,0.16119176,-0.015283211,0.14361727,0.23120327,0.062092803,0.05788354,0.14773875,0.023626413,0.16551611,0.24061017,0.0023750733,0.26887363,0.11405534,0.09962048,0.18222046,-0.03560597
-0.030442119,0.1267913,0.043028403,0.04938839,0.1676814,0.2975874,0.16703963,0.23512071,0.053477682,0.10690834,0.077680424,0.20339356,0.051318146,0.034005716,0.19979757,0.04992266,0.2935764,0.027159289
0.19495872,-0.16600445,-0.089744724,-0.18376656,-0.17547438,0.02042367,-0.036349438,0.13052347,0.1138967,0.12469024,0.04360956,0.0595887,0.07876505,-0.021801563,0.11612818,0.11638492,0.027792256,-0.20653456
-0.071912155,0.1659956,-0.086825475,-0.02222925,0.06444451,0.34401983,0.11778487,0.32677066,0.10742828,0.27028763,0.07021573,0.42838156,0.050245665,0.026176155,0.055111654,0.037098467,0.2319431,-0.2095704
0.077958815,0.26148283,-0.006280275,0.44208372,0.19692042,0.109858096,0.1832972,0.050292067,0.1157356,-0.0048120082,-0.009799954,0.020403631,0.07479807,0.06418923,0.015160973,-0.037932627,0.022932889,0.10986444
0.09324221,0.29108867,0.19536573,0.47021246,0.26538125,0.18725541,0.31811568,0.2779451,0.37552005,0.055651538,0.0038246321,0.00927904,0.19751775,0.10285733,0.17846689,0.018476471,-0.061921336,0.28094158
0.07125661,0.31058443,0.38935038,0.19871524,0.32563683,0.2723978,0.42122954,0.1558953,0.07780018,0.06417328,0.19259259,0.11092187,0.2505079,0.38716224,0.28175232,0.17471263,0.29896772,0.5747001
-0.0034317537,0.25740832,0.165869,0.1613773,0.20795445,0.28139713,0.24648443,0.33205217,0.388202,0.18983799,-0.022475757,0.17815426,0.307544,0.27097654,0.35759515,0.15458441,0.20197132,0.08117633
0.1623871,0.4625128,0.42943382,0.3498929,0.38163418,0.3070819,0.31343645,0.20758869,0.33893022,-0.044973277,-0.0038542564,0.105121136,0.2779949,0.16225018,0.2632349,0.10474956,-0.0019611742,0.33049494
-0.18966717,0.12418809,-0.045775846,-0.035778485,0.07112826,0.23525904,0.3820584,0.3907215,0.2685616,0.2983691,0.10312757,0.3121098,0.17856964,0.33665633,0.3795792,0.113434486,0.3001176,-0.008233877
0.19060706,0.32433966,0.047277927,0.26557833,0.2713433,0.31235594,0.1980614,0.25337952,0.3451226,0.18889788,0.07083325,0.36650085,0.271378,0.052988585,0.22701506,0.13701564,0.28792232,-0.037244692
-0.075377196,-0.14179057,0.005266021,0.0027891053,-0.14461352,0.10643984,0.071639165,-0.21557127,0.0045658946,-0.10669552,0.22691922,0.008345269,-0.050907858,0.0019685281,-0.17881066,0.102445364,0.034226928,0.03390081
0.2285346,0.42262915,0.0682791,0.32431775,0.37788242,0.28840363,0.4052816,0.15667132,0.19777721,0.11160349,0.04982105,0.039781593,0.19118708,0.14651918,0.20934159,0.13876235,0.1574204,0.037645664
0.25014147,0.38744944,0.07952444,0.060840555,0.37064564,0.39663246,0.37920564,0.34773576,0.25713882,0.24701692,0.18636648,0.44405848,0.2753874,-0.04897589,0.28686112,0.21717662,0.45770878,0.051331557
0.1461511,0.40500826,0.31228864,0.4517907,0.35740107,0.35214445,0.3923189,0.12255774,0.1522308,-0.043395862,0.10424858,0.006568371,0.28400338,0.29854837,0.2060388,0.07557623,0.0044965697,0.36614746
0.11113523,0.41694683,0.06477475,-0.042951472,0.4168623,0.39147744,0.33132413,0.24971002,0.23004892,0.27554965,0.051864363,0.39525506,0.18182449,0.14944747,0.33254388,0.14232036,0.34375197,-0.0474424
0.11847946,0.452902,0.28996474,-0.026086373,0.4539007,0.4668433,0.29443425,0.31621808,0.10575555,0.2982858,0.059653003,0.3511449,0.24874671,0.15930441,0.21386606,0.17160891,0.2309869,0.024673171
0.049748663,0.2622732,-0.13809401,-0.16515055,0.17293876,0.3621245,0.26641816,0.16729216,0.20678312,0.2869776,0.1280452,0.3739832,0.14848553,0.06991779,0.22952995,0.17989622,0.27282107,-0.08543776
0.32841986,-0.18257676,-0.15157449,-0.11832457,-0.20016071,0.011996755,0.0693397,0.07870286,0.15321572,0.17243138,0.23594993,0.28853744,0.08528937,0.124569625,0.20951223,0.17588924,0.2502305,-0.15197644
0.30260068,0.39883864,0.12090267,0.07307957,0.36553565,0.43977973,0.4014221,0.24461935,0.18503734,0.30214742,0.10617616,0.2060745,0.2953307,0.2023704,0.3376671,0.2609838,0.29358655,-0.057462774
0.40987998,0.33926642,0.09607644,0.17505533,0.31248724,0.2772184,0.2823037,0.1848886,0.13219626,0.13406047,0.113235936,0.19917595,0.14125174,0.18495348,0.14457265,0.052784353,0.24699661,0.13433427
0.38961262,0.4093948,0.20426005,0.09161695,0.3735208,0.31486613,0.28563237,0.3280661,0.21538675,0.159556,0.026315466,0.3111552,0.18612489,0.0879195,0.3904534,0.16105568,0.46327907,0.09390874
0.28409234,0.33061373,-0.05195865,0.04149567,0.35313565,0.34503877,0.24769996,0.27833152,0.18282038,0.25899956,0.17884636,0.28631115,0.22166082,0.047670163,0.28405172,0.20305376,0.37052107,-0.049868345
-0.07621426,-0.022502393,-0.05115216,-0.0767616,-0.108163424,0.25988042,0.23388538,0.21256897,0.25604495,0.30257204,0.20944932,0.38981813,0.19959544,0.29482335,0.114420325,0.19471489,0.11520521,-0.028100066
0.08354175,0.35107365,0.28258857,0.1395391,0.3698604,0.29394302,0.326451,0.23701707,0.072248966,0.027869632,0.10292377,0.16070087,0.19288938,0.25831935,0.30037057,0.14534257,0.35520583,0.3776304
0.0374932,0.32565713,0.053869218,0.4246032,0.24448183,0.16947562,0.27339995,0.045707263,0.105482414,0.018838046,0.018485297,0.10972178,0.15413553,0.051346652,0.13215289,0.044892848,0.14600165,0.13639218
0.030388905,-0.12494345,-0.028963216,-0.06677431,-0.046690796,0.12145256,0.10096769,-0.028887484,0.1315977,0.0010427034,0.32261902,0.041518033,-0.021746043,0.047965467,-0.008684715,0.17822433,0.20918584,0.08374485
0.024721673,0.30670857,0.07106017,0.3707173,0.20683293,0.23122463,0.29031658,0.2001238,0.26655528,0.08390841,0.014916598,0.34730142,0.22394058,0.094848424,0.3057683,0.094030745,0.3493961,0.13300484
0.10554892,0.46878383,0.13175488,0.0053390423,0.42461184,0.35152906,0.47535956,0.26416653,0.15849055,0.20491692,0.18466672,0.26368415,0.29065937,0.21645409,0.4119862,0.26093727,0.3957703,0.1109704
0.26416972,0.25072652,-0.010141043,0.38830572,0.2780346,0.22609365,0.31676242,0.25378835,0.15263392,0.05088243,0.03731648,0.09302656,0.2470056,-0.19017129,0.19897899,0.03767711,0.23588157,0.1127112
0.0953236,0.18462932,-0.13032612,0.09084317,0.20968303,0.24657066,0.17283934,0.32565206,0.10938993,0.17643803,0.018859992,0.24034649,0.050167054,0.0328079,0.18756309,0.009856507,0.36892003,-0.080121174
-0.019089462,0.071364544,0.22236657,0.42104518,0.0048447815,0.09417929,0.30432907,-0.040822145,-0.117700905,-0.120605744,0.055387065,-0.048414018,0.13042119,0.04305549,0.085299045,-0.06115791,0.018248579,0.41019106
0.41386855,0.08841559,0.22978657,0.4908685,0.16495427,0.18627262,0.20449427,0.20050335,0.09809542,-0.048551485,0.12565307,0.0010160585,0.25039238,0.046225533,0.0651563,0.069352165,0.12671432,0.27173597
-0.0364532,0.05757485,-0.09865858,0.21792215,-0.027661378,0.11896424,0.057232726,0.16834582,0.10688859,0.07935808,-0.010764633,0.36389714,0.12827915,-0.14449418,0.09070705,0.03204014,0.27487308,-0.07682169
0.16175932,0.24593806,-0.0051806825,0.116506785,0.24568367,0.3145026,0.1797193,0.35134804,0.14593032,0.20094404,0.14715002,0.25584173,0.17355236,0.11162916,0.15590927,0.11791029,0.21165514,-0.121946156
0.14294219,0.43642998,0.22458756,0.05457978,0.3125217,0.31417102,0.3624723,0.29055935,0.0723862,0.23440039,0.09908907,0.4361021,0.247985,0.051059365,0.29814693,0.15033463,0.44877136,0.2445024
-0.08553288,0.24284804,0.117942005,0.047192328,0.19624671,0.26557297,0.14556417,0.30192715,0.17898086,0.1247372,0.06363121,0.285772,0.14883256,0.10809478,0.18505713,0.101199895,0.24240313,-0.026765127
0.010951576,0.26416218,-0.05475805,-0.034458,0.23136386,0.40859473,0.2052168,0.35904709,0.1822246,0.2719301,0.033965945,0.19328165,0.10646318,0.114538595,0.20993525,0.054604962,0.23077312,-0.15068117
0.29082713,0.38161713,0.11841142,0.21970281,0.3513125,0.28325343,0.3143717,0.2334643,0.17344327,0.17440137,0.072037034,0.33614445,0.21143404,-0.0045282207,0.23483214,0.12731528,0.37666613,0.1073056
0.116011634,0.30183977,0.16455418,0.25132072,0.28298315,0.15053901,0.25911444,0.36772674,0.0753037,0.09526001,-0.08321963,0.19468966,0.19231996,-0.17479098,0.24441218,0.023853732,0.3231448,0.1048069
0.018803695,0.0022206903,-0.09651939,-0.11500414,0.018052995,0.16982257,0.046201266,0.13276273,0.053713024,0.12630697,0.17700125,0.09713182,-0.050927073,0.23555923,0.027454272,-0.026631217,0.09362524,0.03531085
0.098822944,0.04816081,-0.12244315,0.08576676,0.050401516,0.05677563,0.1326643,0.2586751,0.12792256,0.27724883,0.06435385,0.15118015,0.19590524,0.03364622,0.11082029,0.052457675,0.09432128,-0.22911984
-0.117155194,0.2679436,-0.015518948,0.07494162,0.16607639,0.27307725,0.11160581,0.3816593,0.21142578,0.13030748,-0.10527401,0.31151676,0.09327187,-0.10836205,0.25214297,0.013724156,0.35594285,-0.120528944
0.19812104,0.21571362,0.05915966,0.19435152,0.17340778,0.19303969,0.15728745,0.2167404,0.2768804,0.19355465,0.057959065,0.2539236,0.23283416,0.12632167,0.03575296,0.10165045,0.0342504,0.043065123
0.06525353,0.11801103,0.026329841,0.3938026,0.06954713,0.11562644,0.07855308,0.19893426,0.22525647,0.028989546,0.059606038,0.2799222,0.23011342,-0.06494586,0.1461541,0.087573834,0.20785335,0.04757952
0.4868799,-0.04732452,0.044908173,0.37054348,0.010766638,-0.057431467,0.13923374,-0.05507538,-0.030814048,-0.12314369,0.10163685,-0.27405402,0.04557708,-0.025594613,-0.040753216,-0.011048017,-0.11518459,0.13792144
0.11170486,0.20292106,0.1110972,0.50865006,0.121709414,-0.0012918347,0.13728595,0.032999888,0.30662712,-0.037884824,-0.02931127,-0.05314973,0.07557593,0.01100572,-0.009465285,-0.06145408,-0.1885028,0.1228676
0.051063765,0.42821455,0.071021765,-0.014317233,0.34710622,0.48980138,0.43522525,0.42025054,0.33284226,0.24892405,0.19759965,0.29688257,0.24134818,0.40240818,0.4692049,0.17807764,0.39414796,0.07787169
-0.21291086,-0.1575216,-0.20918936,-0.1586623,-0.2188868,0.020071344,-0.089041434,0.11279199,0.026267216,0.15444061,-0.054835208,0.22407918,-0.0720164,0.00012540538,0.037773777,-0.04795573,0.1360716,-0.3430972
0.13411176,0.36690938,0.29608434,0.12730414,0.37861532,0.37339616,0.40287954,0.39465803,0.2684481,0.18821035,0.1591142,0.38764328,0.28426766,0.26838848,0.36294076,0.20638473,0.4713794,0.38732094
0.06960116,0.40454176,0.21428658,0.28816321,0.3229742,0.28958312,0.29367697,0.16348812,0.124929935,0.03962317,0.08949803,0.21078637,0.3246112,0.005007036,0.19177853,0.15468436,0.18086612,0.16534469
0.10942078,0.42406002,0.09549302,-0.059132688,0.38169193,0.42557123,0.2658763,0.4342953,0.22635117,0.32408166,-0.013475902,0.39096147,0.18342996,0.18217328,0.18189782,0.1041093,0.22973144,-0.03647974
0.24341114,0.17477292,0.04922644,-0.03987868,0.12259203,0.10392458,0.13737929,0.27359068,0.192777,0.34938028,0.008340118,0.30506754,0.21106204,0.05098745,0.089011565,0.19713832,0.16682872,-0.055567436
0.09489135,-0.2040702,-0.21711075,-0.07212549,-0.18689373,-0.0825218,0.06348012,-0.08493463,0.00797074,0.08508846,0.10740595,0.0889298,0.08544417,-0.11625314,0.15079121,0.105921805,0.10287825,-0.1542499
0.2784476,0.052047644,0.078793846,-0.0648763,0.08526799,0.1752182,0.053596444,0.22177166,0.17728041,0.19921727,-0.023344971,0.23192763,0.051565632,-0.06704479,0.035825115,0.095142215,0.17690763,-0.15996799
0.1852989,0.29462588,0.17023842,0.33834004,0.29258692,0.30671394,0.21953243,0.38048995,0.41608417,0.17426874,0.108611666,0.3119489,0.3272801,0.14921033,0.23718539,0.20425497,0.20405936,0.0382997
0.16381636,0.3789482,0.14459348,-0.05992749,0.34230608,0.4054637,0.3839416,0.25758982,0.21416779,0.31310898,0.13605775,0.28652495,0.20504233,0.3611945,0.26473758,0.19768205,0.21871895,-0.022287453
-0.05519456,0.27902064,-0.012470519,0.047245286,0.2705494,0.19141102,0.12616467,0.28101873,0.0982219,0.20620285,0.1155461,0.20646271,0.1812034,-0.008610884,0.08943854,0.09652504,0.13912715,-0.11995883
-0.008735589,-0.24197933,-0.34400523,-0.07990871,-0.30208737,-0.08984249,-0.056611568,0.01526753,-0.008150702,0.13521525,0.066651985,0.34585986,-0.029445738,-0.13658129,0.02622576,-0.01985734,0.18678318,-0.23567052
0.25743657,0.44776565,0.4190368,0.1374982,0.4405204,0.34500277,0.3028074,0.36284408,0.38336366,0.13986747,-0.0027000755,0.2963426,0.29938293,0.12858918,0.23323533,0.1285179,0.17515224,0.17038739
0.109161556,0.55643654,0.30879125,0.101002455,0.5695977,0.35320848,0.46168116,0.37545848,0.27878165,0.19771984,0.21880949,0.33536232,0.29753274,0.20634148,0.33762544,0.24225138,0.40418607,0.3234622
-0.03300747,0.19275872,-0.08093048,-0.15977588,0.15048054,0.23292926,0.30515003,0.40567106,0.08860111,0.34454978,0.090720564,0.3875811,0.15351982,0.0756515,0.2570885,0.11305973,0.3196503,0.016757306
0.11326979,0.36164492,0.27197388,0.24244663,0.35352212,0.2567888,0.3044365,0.26226586,0.08264534,0.033158828,0.02305277,0.18694998,0.19413495,0.17055047,0.26767424,0.0928068,0.34336582,0.33142984
0.08490096,0.2659874,0.20827875,0.29491383,0.29036984,0.3597566,0.37485993,0.11105402,-0.0752572,0.0065715127,0.24451971,0.08939269,0.22548395,0.22808167,0.17831618,0.08958836,0.21184021,0.4997512
-0.07490665,0.3858974,0.06253952,-0.008868989,0.30957508,0.40325728,0.34213084,0.36514652,0.0690184,0.2619624,0.05027323,0.38048327,0.1531955,-0.0027600317,0.22758615,0.14922193,0.39910543,0.034302942
-0.046192605,0.26002944,-0.13401723,0.040206783,0.22926751,0.29647976,0.2758602,0.34191704,0.26839992,0.1918663,0.15275258,0.374762,0.0924169,0.017168636,0.34150046,0.11622339,0.4731298,-0.08266352
0.12375973,0.31617022,0.42297134,0.062026955,0.4136489,0.44484872,0.266344,0.17045893,0.04287727,0.072723344,0.30125463,0.14783871,0.22122048,0.11635204,0.058975928,0.24437697,0.22846487,0.41046602
0.29520297,0.28851324,0.053571764,0.2080954,0.23968068,0.28832793,0.4315564,0.2728122,0.31744242,0.2309579,0.26344103,0.26486757,0.29911017,0.31823123,0.37692854,0.2096279,0.28677702,0.11738184
0.30383873,0.1400691,0.21975367,0.06437949,0.15688093,0.3061824,0.13668773,0.23042244,0.32361084,0.07979606,0.13344719,0.12435245,0.22489543,0.14684507,0.21635899,0.2083269,0.097846106,-0.08477656
0.113615125,0.099675,-0.07536028,0.13937475,0.01614065,0.27512157,0.19052829,0.24516773,0.22121172,0.2874931,0.09057391,0.28126705,0.24231666,0.05957587,0.080407664,0.08644453,0.07846424,-0.052877378
0.016376147,0.29010612,0.2714158,0.42683384,0.23653674,0.047812022,0.14687419,0.19656765,0.07792346,-0.10167751,-0.13159052,-0.063042104,0.036273014,-0.0062788217,0.014508693,-0.1739606,-0.09641449,0.39718503
0.2674132,0.2360295,0.30701828,0.19537112,0.30597106,0.24692476,0.19598451,0.20847434,0.28551394,0.018798137,0.0002836585,0.077763826,0.18132225,0.12557843,0.21783349,0.15291338,0.18741727,0.16555375
0.16293661,0.41040492,0.25045437,0.17742278,0.3119625,0.261243,0.20475216,0.3738169,0.160366,0.12723505,-0.07845437,0.24093229,0.22446951,0.04019982,0.21919382,0.011689298,0.24503714,0.16780792
-0.00383732,0.21268746,0.036745146,0.034498207,0.22960594,0.20212567,0.20477384,0.32092407,0.15233967,0.14226782,0.09778667,0.20826879,0.14721343,0.13030747,0.22265296,0.0970226,0.2564835,-0.060620863
0.022510547,0.226635,-0.102971256,0.13295239,0.16148466,0.24019766,0.24801323,0.33969063,0.27440816,0.22841184,0.05945746,0.4528888,0.18106164,0.046019513,0.2945804,0.13776599,0.44126886,-0.096779406
0.11990163,-0.17070277,-0.21340293,0.0023581046,-0.19612044,0.05323042,0.19906789,0.033728622,0.08584144,0.16558331,0.23910734,0.20281292,0.15386155,0.08491036,0.33499756,0.1279701,0.3061306,-0.0254732
0.46951497,-0.14042944,-0.12229882,-0.023227613,-0.08532822,0.005431112,0.15533689,0.20803037,0.09001063,0.2648951,0.24070707,0.21172154,0.1924758,-0.053284198,0.10863581,0.19266419,0.1866903,-0.09668795
0.008812204,0.35958228,0.3407365,0.45401776,0.27558395,0.058302157,0.18329187,0.11673117,0.2629858,-0.14485806,-0.07028884,0.0033384003,0.09757199,0.077528834,0.0705238,-0.08245003,-0.11707359,0.3072067
0.3175608,0.053733394,0.015238085,0.464229,0.06183254,-0.014330723,0.06466773,0.098619476,0.24447188,-0.04846681,-0.03845488,-0.03022582,0.010150093,0.06989305,-0.020205691,-0.052110538,-0.07054275,-0.01924423
0.28750807,0.25091356,0.22642976,0.24408197,0.2567919,0.28877574,0.2488719,0.33676207,0.2563969,0.15252611,0.055324852,0.3035018,0.24264447,0.16650392,0.13876566,0.13301879,0.30685562,0.30417663
0.10656481,0.5064276,0.33994648,0.11961414,0.46471137,0.41610146,0.26707274,0.40762556,0.4173661,0.13189489,-0.0026824991,0.379705,0.2911744,0.12874055,0.3854137,0.17686269,0.31583846,0.18666506
0.09389614,0.30459064,0.12860149,0.4065526,0.282216,0.021569256,0.14037348,0.22947845,0.12642041,-0.045065828,-0.114877686,-0.02659518,0.085020795,-0.13412626,0.11532271,-0.02196123,0.09808526,0.20622033
0.02012431,-0.076755896,-0.08120997,0.08039637,-0.028166935,0.12558624,0.027535178,-0.15906614,0.107227236,-0.10851458,0.25900477,-0.0342117,0.057027537,0.07116646,-0.0063480344,0.10320824,0.06281215,0.03404129
0.37134373,0.37197995,0.38274348,-0.0023614303,0.32693702,0.43466017,0.25756457,0.27409655,0.16943502,0.09469186,0.1377296,0.24555746,0.19019245,0.17068702,0.21580839,0.1454465,0.18985103,0.18554777
0.060789034,0.3990562,0.2007451,-0.06770912,0.39782763,0.38002035,0.3478557,0.30077964,-0.02340139,0.19806947,0.2147076,0.2537143,0.21413049,0.046652563,0.14087531,0.17905305,0.35246512,0.34177375
0.10437612,0.21584456,-0.0065652365,0.19831532,0.099004254,0.22808802,0.23466268,0.21183893,0.29245597,0.22784252,0.18283719,0.56907004,0.30368465,0.036789984,0.29133692,0.24037658,0.42334437,-0.036223613
0.4765526,0.13204347,0.11140519,0.3928998,0.18032399,0.042654864,0.16681436,0.019561885,0.08336069,-0.14169183,0.055711903,-0.22719346,-0.045040872,0.033583388,-0.030435648,-0.04918069,-0.054794032,0.19313812
0.113708265,-0.013902836,-0.058751576,0.038919844,-0.018276133,0.107820705,0.07208032,0.21582389,0.4770367,0.22098576,0.0766863,0.31415176,0.13961062,0.09513387,0.15379673,0.2149792,0.20824051,-0.13387199
0.1764192,-0.19275743,-0.08387195,0.25465333,-0.17728157,0.013281008,0.07496326,0.045449965,0.20719287,0.03368014,0.05578509,0.06513224,0.10729147,0.05926176,0.059032016,0.05899562,0.048688464,-0.074361786
0.29361963,0.0336424,0.050774,0.35642588,0.058646984,0.10469984,0.31472987,0.073657684,0.17658989,-0.04035254,0.11669192,0.037043802,0.19035655,0.08065668,0.2499052,0.04538365,0.18813774,0.19835998
0.15823394,0.39388067,0.14248806,0.15692967,0.33635905,0.39740413,0.27252558,0.37551546,0.06288141,0.10275102,0.037081167,0.22828957,0.23268405,-0.028772939,0.29960275,0.065598026,0.4098965,0.13714321
0.063982375,0.33813417,0.033965513,0.23680265,0.28352147,0.20005555,0.1756104,0.2605229,0.3450327,0.14518052,0.09520693,0.3892582,0.20343606,0.034637243,0.26512727,0.15373406,0.3494339,-0.07436042
0.15869609,0.27848446,0.18384823,0.07542248,0.36857992,0.3108625,0.3972618,0.21238904,-0.062238913,0.09301171,0.2640444,0.085533336,0.15729146,0.088198945,0.13117093,0.17420468,0.3339392,0.38794127
0.09209326,0.35506815,0.17148659,0.3382247,0.38963336,0.1986799,0.31895143,0.3344493,0.21898802,0.04240632,0.11272897,0.20791084,0.30721658,-0.028420474,0.31174222,0.10092056,0.38401195,0.3906756
-0.08566213,-0.09386126,-0.28849468,0.078983046,-0.18614696,-0.11561933,-0.04796229,-0.15021263,-0.05443739,0.12346412,0.040466018,0.09940823,-0.037768796,-0.24829896,-0.14674792,-0.0028177788,-0.026173465,-0.24937269
0.07996955,0.42371926,0.14584106,0.1584621,0.41286317,0.32828012,0.30780646,0.4719593,0.21135907,0.20388258,0.009761487,0.37747902,0.23447108,0.046829414,0.2410233,0.12072006,0.36394197,0.10688959
0.084509775,0.3345363,0.21645692,0.04981923,0.35423175,0.27168167,0.40056282,0.17544654,0.032595813,0.117752954,0.2831775,0.21762031,0.23595463,0.11167933,0.16696379,0.21893537,0.36154735,0.23841488
0.28162926,0.45481372,0.35466874,0.121549815,0.5200988,0.4159187,0.43547443,0.39732254,0.40067506,0.32499766,0.11329552,0.35319024,0.37543303,0.19760841,0.38438767,0.30227536,0.36950693,0.16013634
0.13185498,0.007456363,-0.11203393,-0.069651686,-0.070904195,-0.045805834,-0.062040575,0.05573175,0.09367461,0.009048263,0.17097287,0.19832942,-0.031397223,-0.12650831,0.013858524,0.0004101675,0.21434483,-0.044671386
-0.008367173,0.29093283,0.35718828,0.12413965,0.25779372,0.3258356,0.2896092,0.1812201,0.29855746,0.17034912,-0.027417112,0.1571882,0.18903491,0.34885266,0.163046,0.19961104,0.028860554,0.059294067
0.07535974,0.41509944,0.18690136,0.15084708,0.34294295,0.30622053,0.24941352,0.39941376,0.22185308,0.17629278,-0.037584968,0.36179993,0.18942699,0.108578,0.26034585,0.10336931,0.36228582,0.10606831
0.1821905,0.36516392,0.0908331,0.017783448,0.41158938,0.3386398,0.35964632,0.41605115,0.28799716,0.30043232,0.19775209,0.24854979,0.32268715,0.15108803,0.38024056,0.21954301,0.38234013,-0.014297031
0.27095804,0.46321368,0.24667016,0.2530747,0.4053198,0.32734132,0.40582865,0.24681954,0.2567361,0.1520901,0.004441317,0.26033008,0.2697071,0.10066119,0.3214302,0.11565315,0.3003499,0.047439773
0.06664826,0.35246664,-0.029144783,0.44097072,0.26930374,0.21806486,0.2784576,0.19113079,0.26894987,0.021060186,0.04499971,0.0849617,0.14390346,0.08189607,0.1938923,0.012501107,0.12544188,0.10863648
0.19621494,0.23062456,0.11970067,0.022697637,0.17488039,0.108864844,0.11891621,0.20796576,0.17114049,0.2269458,0.11252655,0.15620068,0.222393,0.114302844,0.08493252,0.16837837,0.0642347,0.088946566
-0.007912265,-0.049478702,-0.035786614,-0.047937214,-0.01568025,0.2803352,0.19056225,0.18225294,-0.1507772,0.09202096,0.18148828,0.0794901,-0.016896587,0.08508492,0.06770481,-0.014983272,0.24942127,0.11601646
-0.0034174654,-0.24818444,-0.36399817,-0.172001,-0.29339948,-0.062407427,-0.10374342,0.10449892,0.05240389,0.12901756,0.053232253,0.2953233,-0.112490565,-0.1632214,0.06815788,-0.031794745,0.26870084,-0.28788048
-0.01726855,7.56667e-05,0.02506695,0.050347507,0.019832127,0.12465857,0.034992285,-0.09353462,-0.05404702,-0.065681666,0.27475494,0.020338245,-0.056742914,-0.00640356,-0.21583179,0.10239707,0.08172456,0.1525329
0.1329172,0.4629047,0.22367561,-0.021024028,0.5077051,0.42783093,0.37280625,0.3344836,0.4005435,0.2686553,0.20809698,0.41031328,0.27580026,0.1886743,0.3426708,0.29781878,0.36308828,0.016188852
0.12873575,0.3157787,0.014674596,0.38581976,0.21401824,0.25770068,0.27494937,0.18512851,0.24064177,0.11086267,0.04904283,0.3482269,0.27638316,-0.04896287,0.19412532,0.117000125,0.25310272,0.042382106
0.20188755,0.30547225,0.09351497,-0.047669016,0.33406767,0.2763754,0.29782152,0.37570107,0.2641918,0.31212038,0.23526517,0.41529495,0.3096819,0.018558588,0.2243043,0.26152393,0.2944724,-0.024619844
0.31832784,0.070961155,0.04548288,0.31158355,0.12187834,0.08741441,0.10882823,0.12775567,-0.007910191,-0.06220924,0.10243949,0.098701395,0.121148765,-0.16097058,0.026576465,0.038060818,0.235331,0.1372823
0.14507487,0.23363572,0.21389315,0.29303503,0.16133954,0.20228219,0.16718541,0.26606846,0.25301555,0.085200265,0.030204633,0.20571367,0.3036152,0.040986396,0.14893755,0.09482522,0.08279748,-0.035861325
-0.12395576,-0.28373688,-0.2860456,-0.06495566,-0.3393699,-0.08852434,-0.046014383,-0.023343131,-0.04575389,0.084103666,0.10555427,0.21971875,-0.085032746,-0.073056094,0.018375605,-0.012938729,0.1810932,-0.21324727
0.40295035,0.052729554,-0.034296904,0.11503554,0.03106146,0.25654364,0.26309916,0.16537458,0.16817623,0.25596687,0.10985099,0.17634004,0.20021024,0.20406795,0.11199829,0.10661786,0.05358021,-0.11506875
0.29802063,0.3290807,0.26562828,0.38044852,0.29883856,0.26026976,0.21857825,0.39123935,0.3113292,0.079400316,-0.040909316,0.27150074,0.2745896,-0.08701287,0.2691104,0.10912608,0.30031297,0.13530615
0.07499416,0.19782719,0.052081622,-0.12210822,0.2391231,0.3087587,0.2920773,0.26269978,0.19502735,0.21245337,0.30015254,0.21304888,0.16042691,0.34423387,0.27476472,0.16029039,0.26289144,0.16678101
0.3946045,0.07190835,0.12616938,0.43946686,0.05443699,-0.14070211,0.021956779,0.0075626974,0.23638594,-0.1311472,-0.089673914,-0.11097817,-0.010135564,0.023951996,-0.04836742,-0.08419415,-0.15407959,0.15217677
0.27264285,0.46930704,0.26832375,0.15695667,0.4656605,0.32534707,0.3755604,0.3796605,0.21878318,0.16305554,0.17270175,0.29205155,0.30713218,0.14293694,0.33574027,0.17654409,0.44197065,0.35178566
0.062568836,0.16275612,-0.20955405,0.027059082,0.14440967,0.2139681,0.095400855,0.08015567,0.083685726,0.22134599,0.08409643,0.14393134,0.058597386,-0.02297913,0.075418845,0.12844457,0.17384052,-0.27550223
0.33553517,0.38290974,0.33925453,0.52639085,0.29420727,0.1203289,0.30793908,0.19470921,0.20213223,-0.08279653,-0.09046659,0.023780944,0.16750193,0.04197613,0.1601562,-0.077634715,0.006964556,0.3169186
0.16784047,0.3466794,0.26036435,0.07585785,0.40127668,0.30858856,0.2187635,0.37883034,0.3822527,0.24806462,-0.0068591805,0.24260633,0.23926547,0.26838505,0.23372248,0.19541037,0.20611224,0.071506076
0.20609932,0.32909787,0.084116384,-0.091933176,0.37613255,0.40853107,0.30348414,0.31807518,0.24308297,0.25131088,0.1799868,0.24638738,0.16831882,0.25482234,0.27687055,0.18099633,0.27061552,0.05243221
0.04021275,0.097013324,-0.048765264,0.15711552,0.11392689,0.18962546,0.1530252,0.23203208,0.35528004,0.12900399,0.13322183,0.2565124,0.118846886,0.19575143,0.15009683,0.14741367,0.19914745,-0.07437156
0.011709784,0.50112844,0.13847744,0.09002538,0.39015663,0.45571437,0.39712775,0.24080598,0.25832435,0.24844909,0.19163305,0.3719137,0.31327242,0.1665622,0.33835265,0.28025758,0.34324035,0.028575815
0.40210742,0.2801597,0.22871552,0.3759732,0.28740197,0.10669713,0.16289093,0.22282448,0.26169145,-0.07186575,-0.101649605,-0.073452294,0.0720084,0.030977208,0.1136155,-0.12667884,-0.06694329,0.21765804
0.017207649,0.2272532,0.031275667,0.042561106,0.21031883,0.15492839,0.08431935,0.29366928,0.15625061,0.20340577,0.033071965,0.23717707,0.15664497,0.03812056,0.036564723,0.07035109,0.03915388,-0.078952745
-0.005410578,0.26765206,-0.025620556,-0.0829394,0.27112362,0.34229183,0.11863914,0.23090926,0.023494614,0.19507736,-0.08520601,0.19350177,0.022386238,-0.00012166612,0.035658456,0.024453003,0.15754995,-0.26498008
0.21232182,0.53598547,0.23435888,-0.10539665,0.51525944,0.42226654,0.36536014,0.28610107,0.3094133,0.2216768,0.089448735,0.35955012,0.21139939,0.10857925,0.33907962,0.18809023,0.3816802,0.21416694
0.08556413,-0.0081015965,0.0067557693,0.46250623,-0.025463087,-0.014463287,0.27969176,0.23865342,0.3453393,0.10352126,0.018771619,0.18497047,0.2567026,0.019403294,0.17621098,0.06405856,0.096191205,0.08906451
0.033533715,0.1855377,-0.0859181,0.16059072,0.14723693,0.18041897,0.31814766,0.06630753,-0.06992844,0.08412335,0.1197197,0.09791508,0.048560366,0.07073625,0.1871027,0.0622213,0.2994057,0.04825679
0.1993522,0.3696741,0.31680936,0.33988562,0.40241125,0.3183564,0.41125774,0.06876935,0.057948038,-0.06001542,0.1970366,0.04322917,0.31407154,0.1149877,0.19406465,0.1606696,0.22212434,0.4518611
0.18057178,0.0866369,-0.04331953,0.053603843,0.035838477,0.1962076,0.31454086,0.28986964,0.090115026,0.29398388,0.18488,0.2782033,0.25293982,0.18819907,0.22136608,0.13659899,0.20278671,0.0077731614
0.21923742,0.15563385,0.28751945,0.31347287,0.124038815,0.11812117,0.2482331,0.22704628,0.32745153,0.022339625,-0.027470779,0.12547906,0.18786763,0.19081095,0.1877991,0.053807676,0.06400649,0.4070263
0.10946206,0.47679573,0.13934982,-0.05605886,0.41797256,0.46715844,0.46303827,0.3851864,0.10076097,0.36867672,0.03181182,0.2954041,0.214699,0.23103085,0.30139947,0.15043336,0.35567895,0.03944486
0.30459195,-0.07298153,-0.11359347,-0.13717714,-0.12659924,0.10335451,-0.05343745,0.12486152,0.035615034,0.2530692,0.109338075,0.348511,0.026400672,-0.07677926,-0.06888624,0.09399731,0.11492935,-0.3145432
0.18422396,0.17027469,-0.14881815,-0.12960353,0.18272147,0.28880692,0.30642417,0.18043289,0.17287454,0.2801892,0.065403596,0.1403262,0.03822891,0.26278883,0.1945866,0.0766122,0.18098253,-0.09690678
0.23309892,0.40556806,0.11592467,0.14285968,0.36197937,0.373345,0.3955686,0.3142506,0.23008107,0.20523322,0.17760448,0.24876407,0.30230892,0.14699838,0.30229422,0.16704963,0.3790691,0.14009541
0.08614555,0.38665298,0.113460794,-0.02631896,0.3940883,0.4711588,0.31856728,0.31627548,0.14415774,0.31006938,0.18376291,0.30462408,0.28270456,0.09277055,0.2894159,0.23030755,0.32662553,0.012098112
0.4301921,0.107600644,0.34514648,0.38005662,0.13574363,0.17739178,0.14553422,-0.004437417,0.13661335,-0.24241188,0.055426296,-0.038833775,0.09429374,0.050127417,0.030294497,-0.008381138,-0.0038381596,0.3328518
-0.12766112,0.33306056,-0.046289787,-0.085477695,0.1893375,0.25431466,0.23000467,0.33971846,0.3619322,0.29455918,0.020734813,0.39455026,0.13883448,0.12678613,0.3569885,0.12166312,0.33130178,-0.117687136
0.03798262,0.1709227,0.35669398,0.11876589,0.19336697,0.18190601,0.24324596,0.040808804,0.10949729,-0.06906857,0.103842705,0.04813336,-0.0006777091,0.34756267,0.10253531,0.013859374,0.08059809,0.36855587
0.103547946,0.508081,0.036197767,0.0549106,0.49050313,0.35388482,0.37961137,0.26424116,0.13751544,0.286832,0.11050254,0.3233419,0.25267524,-0.024377462,0.3709789,0.22707927,0.46271417,-0.049853183
0.3758785,-0.11959306,0.103842266,0.3282089,-0.102360725,0.02548719,0.18567337,0.12124573,0.1400173,-0.020324104,0.037455976,0.06316003,0.11157381,0.0027721762,0.07700685,-0.009321781,0.06573647,0.11750979
0.038279116,0.47996798,0.038249746,-0.042095587,0.38842487,0.37684524,0.4054703,0.40349498,0.32482302,0.3059833,0.06910057,0.45742366,0.17185038,0.18112195,0.4164794,0.16992883,0.47523695,0.03977022
0.35289592,0.17243299,0.47045624,0.35485774,0.20475984,0.19696109,0.22965486,0.29528376,0.16184822,0.0945075,-0.015401248,0.115680374,0.26660183,0.20268792,0.16070803,0.04716775,0.0035176668,0.3704673
0.38195467,0.37629375,0.139736,0.13455415,0.32428756,0.33954835,0.21113744,0.3566486,0.19864017,0.1348968,0.0019888468,0.2916627,0.13710922,-0.015259556,0.2790297,0.10156652,0.40150002,0.007041883
-0.013966292,0.31839022,0.27562279,0.19140221,0.27301705,0.2860164,0.25676817,0.2597077,0.2154987,0.042988576,0.13579616,0.21300252,0.26507652,0.23396477,0.2372562,0.12412315,0.15917781,0.16416967
0.23074514,0.32432163,0.2144218,-0.06928017,0.32346004,0.34982008,0.25319874,0.39285702,0.38483495,0.23523982,0.109001614,0.42941803,0.2781535,0.19207767,0.43092093,0.24013461,0.47791284,0.023707323
-0.18791078,-0.27090806,-0.06829329,-0.0933107,-0.34039494,-0.13202251,-0.24912883,-0.12089762,-0.0010643923,-0.0011780234,0.036285877,-0.008885102,-0.19465862,0.08643857,-0.4298687,-0.07494372,-0.42458203,-0.22017185
-0.0011298871,0.19309808,-0.10451405,0.07062434,0.16400726,0.27600265,0.32986277,0.38292485,0.25028652,0.21177098,0.033617187,0.25764826,0.13046461,0.04550264,0.31444943,0.103834964,0.41929668,-0.06255881
-0.068078056,0.09495494,-0.1406589,-0.07692178,0.053843312,0.083891556,-0.09316485,0.11590696,0.14851946,0.017023547,0.15767872,0.20653993,0.0033401595,-0.163611,0.017612293,0.025174309,0.19052206,-0.16427407
0.065317,0.2891871,0.01604266,-0.096356824,0.24198195,0.27100927,0.088968575,0.30587506,0.15266658,0.11742688,-0.03259113,0.40042305,0.050051898,-0.18289328,0.16626151,0.0075521553,0.36202997,-0.06809898
-0.0972649,0.34263554,-0.00549489,-0.028393343,0.18307468,0.26819703,0.25542843,0.3165304,0.25839624,0.27352914,0.15890816,0.3646952,0.26553625,0.15148039,0.38821667,0.18093048,0.3339928,-0.008388438
0.051464386,0.3431852,0.40520513,0.017743029,0.33403736,0.30274022,0.2277872,0.28262097,0.29212004,0.1396727,-0.049016196,0.21110664,0.1842252,0.35015288,0.25293624,0.17672421,0.14017956,0.23486882
0.2444633,0.37442636,0.054027393,0.1159361,0.36763734,0.22881173,0.3122949,0.29728025,0.42194873,0.2093597,0.19297409,0.43433583,0.26484954,0.13726786,0.3273724,0.24172063,0.42315793,0.017491482
0.104047984,-0.037609998,-0.12894523,0.37685713,-0.052801788,0.0055460297,0.15354587,0.008008554,0.21866904,-0.024532381,0.015161983,-0.042794496,0.0032090107,0.10835691,0.012972925,-0.05458924,-0.06889771,0.002804533
0.15806596,0.2807467,-0.019278748,0.38592786,0.24226779,0.16683671,0.27663088,0.061231554,0.14596255,-0.027815526,0.06885962,0.034540348,0.09287152,0.079559684,0.121455595,0.02456383,0.13784288,0.08332969
0.2835886,0.4296653,0.20747238,0.0001564112,0.40029946,0.31736565,0.31262723,0.3028651,0.23270044,0.22975382,0.08783804,0.17382525,0.22289945,0.34176278,0.2781735,0.119079344,0.16937482,0.22498783
0.0069410177,0.3320679,0.014046767,0.031060915,0.28561077,0.3608715,0.19585168,0.2940403,0.2505711,0.22895302,0.14164516,0.33433795,0.14883333,-0.034458596,0.25551373,0.1813247,0.3532725,-0.082297504
0.07540109,0.31599104,0.012643806,0.21028788,0.35945803,0.26821595,0.3697837,0.4431581,0.3035733,0.2304483,0.025994482,0.289546,0.21344887,0.10748362,0.40904003,0.16684963,0.47074857,0.037963115
0.3255229,0.2258632,0.031972624,-0.066464655,0.123672016,0.2609826,0.19210729,0.2668451,0.3030579,0.3158726,0.10789692,0.37155664,0.21597323,0.09998822,0.20101054,0.17147797,0.23401377,0.014006705
0.09384038,0.3575379,0.3998064,0.24847075,0.27855313,0.32484472,0.41423,0.1584076,0.1158026,0.062960014,0.15319484,0.21743828,0.31456235,0.26861775,0.3165917,0.13391826,0.1909501,0.2993065
0.1318818,0.2333588,0.18122457,0.19385383,0.2361098,0.1970498,0.109886274,0.2632908,0.15445703,-0.063955426,-0.064507045,0.14817946,0.163014,-0.17508957,0.15558156,0.022983965,0.18626973,0.14324348
0.14001867,-0.011788367,-0.09554802,0.42250687,-0.031641446,-0.14136407,0.1111913,-0.06312528,0.13330628,-0.06296959,0.09540944,-0.03379498,0.027456103,0.082325384,-0.010813031,-0.0067661414,-0.055929467,0.02211599
0.20321986,0.20276186,0.19143721,0.04639247,0.22884345,0.29507798,0.42139506,0.23129964,0.20696175,0.19511694,0.20292753,0.16468215,0.19218591,0.49113083,0.29383114,0.15308964,0.2908136,0.30833286
0.2537791,0.22762157,0.069305874,0.10801466,0.15112278,0.2958838,0.12081705,0.23102748,0.12229413,0.14803022,0.072944134,0.15464625,0.089479715,0.053950436,0.108593136,0.060941916,0.13565019,-0.13193487
0.14545941,0.46515763,0.06294678,0.03958408,0.41998658,0.3950606,0.3535211,0.25524974,0.15514544,0.19245774,0.15403162,0.33597052,0.19856852,0.15679096,0.30115747,0.21007322,0.38208598,0.06453659
0.0656544,0.25768048,0.14523539,0.119319335,0.34644866,0.25817803,0.31246698,0.20042232,-0.12044369,0.03446604,0.1783219,0.027339913,0.113572516,-0.010068398,0.15594271,0.12911212,0.3719889,0.34075361
0.25182027,0.35878685,0.123443514,-0.041077085,0.30003262,0.50163674,0.40818006,0.35026735,0.23061362,0.29131988,0.06440219,0.43258092,0.2229087,0.07387474,0.32996678,0.16618718,0.41601098,-0.0445375
0.012195813,0.3105777,0.0844211,0.04722832,0.22548704,0.3296147,0.25916916,0.40498817,0.20363629,0.24653263,-0.00026046706,0.3490429,0.1698192,0.10733648,0.22881445,0.10934846,0.29144192,-0.10085705
0.0760507,0.21103743,-0.059873417,-0.16928202,0.13530904,0.38202858,0.12223831,0.12778127,0.11167339,0.21591392,0.0595006,0.25074357,0.008423215,0.05150591,0.009620175,0.10788019,0.0660276,-0.23961991
0.14052624,0.3891642,0.052505136,-0.020727344,0.36302328,0.41375524,0.29333228,0.29015887,0.1891909,0.29746202,0.10077436,0.35944605,0.21831708,-0.016876858,0.31635153,0.21879688,0.41100338,-0.02868624
0.079121634,0.21490386,0.13466787,0.306175,0.16171831,0.27098423,0.42940062,0.04438208,-0.0007514036,0.005836335,0.17314833,0.067327365,0.23653504,0.15325856,0.25336316,0.12638202,0.24942878,0.18659419
0.095047355,0.2993629,0.16247584,0.14382464,0.34986597,0.34304333,0.3806026,0.3167606,0.16543564,0.1888847,0.076461144,0.25454685,0.2566558,0.20185423,0.39882648,0.16553143,0.41696435,0.18138507
0.23858686,0.38696754,0.14348042,0.06605442,0.38145736,0.37919992,0.3971781,0.46033275,0.3309211,0.25676677,0.05018639,0.33747172,0.23663107,0.13352847,0.35072505,0.14954035,0.40422937,0.22663298
-0.027977869,0.005331126,0.012505874,-0.00806267,-0.00861468,0.24196638,0.25899124,0.095762104,0.16094461,0.1721071,0.27182472,0.17456144,0.2286273,0.42638707,0.17155577,0.1493546,-0.003128558,0.121622354
0.14184302,0.42953333,0.03486699,0.21528317,0.38268626,0.373186,0.41500542,0.33470678,0.21259335,0.23895618,0.057291597,0.31624806,0.23131278,0.012563532,0.31548345,0.18364152,0.39332306,-0.06080836
0.25247854,0.31194544,0.13838688,-0.0706082,0.20448768,0.24177131,0.15359263,0.19976307,0.29104412,0.31407338,0.06366597,0.29322743,0.19096288,0.14267519,0.10943116,0.19262981,0.097706184,-0.022275109
0.16091275,0.25477752,0.065583244,0.13187943,0.22731546,0.3613885,0.27743906,0.36123443,0.30893368,0.198707,0.074486285,0.2929367,0.21382757,0.14809598,0.23783684,0.15504315,0.2943141,0.023686226
0.15873036,0.40240777,0.37412888,0.37975278,0.3170795,0.10440022,0.26981848,0.13491006,0.2641832,-0.05300895,-0.04603477,0.14324969,0.14149842,0.058700126,0.2080653,-0.046113253,0.0352175,0.4482739
0.33410808,0.08785945,-0.0007599755,0.15352345,0.04774092,0.09356025,0.27477336,0.19079967,0.09750244,0.110879496,0.076647796,0.26990324,0.10948757,0.08750635,0.3098173,0.0731924,0.42609453,0.11607242
0.081965476,0.53125954,0.1397299,0.07223873,0.47319815,0.47997445,0.42646268,0.44691008,0.30011243,0.23592284,0.09865839,0.48198205,0.32174176,0.02279931,0.49521497,0.20938826,0.5923476,0.14110255
0.44330502,0.1748441,0.23483227,0.42583495,0.20885897,0.008700376,0.076096475,0.17951082,0.28655303,-0.08981359,-0.0775636,-0.09277672,0.12209384,-0.099359706,-0.025337,0.0043691136,-0.1461562,0.06427616
0.095136896,0.44365063,0.053913884,0.12361716,0.43589324,0.3554942,0.33071637,0.39024085,0.2009392,0.2119475,0.064180344,0.3455326,0.2251369,-0.046668302,0.3448755,0.17945339,0.4693355,-0.031308033
0.42315423,0.26453054,0.36018595,0.13650954,0.28624988,0.28969792,0.2386367,0.5087886,0.33353007,0.22108144,-0.09271129,0.27490836,0.20122902,0.17251393,0.228707,0.052080087,0.20164958,0.19564225
-0.0917898,0.24409285,-0.03629622,-0.14586993,0.09898977,0.2446456,0.15188672,0.32429415,0.2478092,0.27489904,0.045716308,0.3880703,0.04952222,0.10327762,0.16321519,0.038490426,0.2096518,-0.09849979
0.2166732,0.33310574,0.0801298,0.45520315,0.27621073,0.22395855,0.3122201,0.30907327,0.24176922,0.104841486,-0.020414898,0.21357043,0.26009798,-0.13104597,0.15576306,0.031192187,0.15790229,0.067562655
0.16163307,-0.033214092,-0.14571285,0.11247909,-0.07508188,0.088996336,0.20101814,0.19644907,0.093401894,0.311532,0.13603333,0.31741154,0.29039237,-0.009691189,0.20142156,0.1498983,0.21152222,-0.14722347
0.08494817,0.26228493,-0.011500165,-0.038729064,0.19893762,0.3380615,0.14022326,0.2737819,0.21017173,0.30528367,0.19943962,0.39229092,0.24719721,-0.014850892,0.1320163,0.20493078,0.24850735,-0.109060474
0.20875347,0.4832707,0.1649384,-0.0334317,0.36293766,0.35582715,0.2958796,0.40162185,0.32945377,0.2618821,-7.205177e-06,0.4109504,0.25909185,0.054789767,0.34830657,0.15807895,0.42161554,0.15646073
0.027901256,-0.014451292,-0.2219156,-0.23111708,0.0013084635,0.1754364,0.1343947,0.28389055,0.23089556,0.24820402,0.09179231,0.32441628,0.051103473,0.055958025,0.33215928,0.11832103,0.41590622,-0.12604973
-0.014135023,0.44587117,0.23092729,0.30806983,0.39460295,0.26170766,0.24954034,0.27614525,0.19997114,0.018211048,0.03086757,0.26153702,0.19903369,-0.062748566,0.25986975,0.08543354,0.33700854,0.1876228
0.11491363,0.20048314,0.006530893,0.3912322,0.111564726,0.062515415,0.24855646,0.011949924,0.23575805,-0.013502156,0.03483453,0.07685266,0.07059707,0.13484018,0.12732346,0.016667206,0.07784121,0.09004149
0.07921025,0.26194865,0.0824265,0.1843523,0.17974362,0.2471695,0.18608584,0.2008794,0.3424512,0.16996416,0.10761329,0.21856427,0.23886889,0.24762441,0.16749077,0.17745042,0.08683847,-0.071354926
0.07784799,0.21173277,0.10550808,-0.1633395,0.20729588,0.2712674,0.13065752,0.26523134,0.018232506,0.31116617,-0.059335448,0.23641613,0.09331012,0.043847963,0.14542344,0.1131493,0.17634636,-0.04809037
-0.032836415,-0.016712962,0.036761872,0.0121798,0.058934454,0.14599589,0.098574445,0.0066667506,-0.016075902,-0.018618638,0.21853155,0.05290077,-0.058552712,0.071090706,-0.09082332,0.0398957,0.14670613,0.24894825
0.026545634,0.3020465,0.023322158,-0.037749715,0.2851162,0.35098925,0.28450015,0.17697169,0.04752716,0.29560238,0.194451,0.2898289,0.19436479,-0.032265063,0.2183005,0.21654242,0.2867617,-0.082148075
0.019008934,0.51472604,0.28671652,0.26134747,0.414609,0.4357245,0.39198905,0.3005566,0.22715056,0.10503696,0.0022336235,0.34582803,0.23213613,0.22927278,0.30975324,0.11960764,0.33005533,0.2976968
-0.01559101,0.32944098,0.070283875,0.38422236,0.3279565,0.12250881,0.16691509,0.35245198,0.23818816,0.03397176,-0.078988224,0.28271216,0.1578241,-0.108468235,0.21831504,0.0054466263,0.2848751,0.16197711
0.11552785,0.0055231927,-0.0931673,0.0631741,0.012497593,0.10156545,0.2342187,0.15333208,0.21863079,0.17441902,0.10204911,0.34894451,0.16049847,0.14157364,0.27578914,0.119427145,0.29081196,-0.01100794
0.2012564,0.18032005,0.10148135,0.47901553,0.18101746,0.03038922,0.116547406,0.0893722,0.13590975,-0.16061279,-0.016624186,-0.073574774,0.08009931,-0.26211283,-0.059402805,-0.040042587,-0.035169404,0.09292906
0.09956235,0.58765185,0.34365463,0.16119635,0.56474274,0.43093902,0.43015367,0.40019125,0.36968124,0.1856193,0.09462619,0.347414,0.36056423,0.19710815,0.4300474,0.25795007,0.40350622,0.15462095
0.15006644,0.31514752,0.11740007,0.28214547,0.2736135,0.34294358,0.31414443,0.28251886,0.4365381,0.1890519,0.1523021,0.35895073,0.2980793,0.17952645,0.31451803,0.2245758,0.27772972,0.110882826
-0.03747583,0.26556173,0.060040787,-0.078690074,0.2937066,0.38540918,0.2970004,0.33702713,0.20834568,0.25161147,0.20095769,0.25216806,0.16468573,0.37359673,0.30804774,0.1345302,0.25159454,0.1041971
0.40889293,0.40663737,0.41191933,0.43494338,0.33535314,0.28849855,0.30434108,0.24543914,0.33016527,-0.034514792,0.016366137,0.22086293,0.29159868,0.0111194495,0.2443747,0.07783905,0.13770694,0.29525143
0.06689921,0.2386238,0.22054185,-0.010669274,0.25107992,0.22177288,0.19031799,0.37512642,0.10311991,0.27824783,0.056304123,0.29161236,0.20216188,0.051011235,0.14710031,0.14145282,0.16844591,0.029682152
0.44108897,0.07748778,0.20343542,0.25842443,0.09398547,0.14625138,0.17092332,0.19177765,0.3356598,0.007276735,0.04395078,0.008701523,0.22184509,0.006057103,0.12333139,0.15083498,-0.0387223,-0.0042439625
0.45705435,0.26589274,0.35507125,0.005174035,0.32630354,0.30897567,0.2464898,0.54726386,0.36504543,0.25417894,-0.08035801,0.23313925,0.25731945,0.1894848,0.26300493,0.108015105,0.2237482,0.24247475
0.44294754,0.40674138,0.3158086,-0.03116287,0.42853016,0.37409493,0.26983196,0.25146353,0.26722568,0.25555798,-0.046129968,0.12197954,0.18117848,0.3744505,0.19376434,0.13663521,0.06733151,0.093578294
0.23717198,0.2923543,0.46141917,0.040879086,0.37341946,0.29498866,0.30626214,0.13743287,0.06101712,0.05260578,0.28690904,0.10683733,0.1501094,0.24164811,0.061640836,0.19446929,0.18060315,0.44211507
0.024873462,0.29352778,0.050092988,-0.1715233,0.32614493,0.30641896,0.31103018,0.5071454,0.22429535,0.2894733,0.0970926,0.3241396,0.14973426,0.10026218,0.32122752,0.09110159,0.38461566,0.1271966
-0.03292603,0.29935378,0.2287173,-0.014178582,0.24543996,0.30672792,0.4084314,0.21053329,0.15546587,0.23692507,0.30709505,0.2297907,0.22829342,0.43870148,0.1969629,0.19156492,0.182899,0.30383778
0.043509237,0.3706357,0.013618253,-0.009532264,0.34085488,0.39543617,0.3707881,0.49740064,0.21266457,0.34982502,0.040950052,0.3846063,0.16843686,0.118282914,0.26847586,0.08221832,0.34407976,0.019151527
-0.0021802122,0.03983126,-0.12559094,-0.031041805,0.11683363,0.05409673,-0.04077737,0.13164727,-0.05647227,0.14098656,-0.026520912,0.04049407,-0.08274001,-0.27127886,-0.04271608,-0.014117773,0.10507192,-0.2713557
0.06312067,0.031174053,0.09838215,0.49621546,-0.012981088,-0.11902946,0.14625385,-0.23078245,-0.03295452,-0.23493381,0.12124277,-0.20322713,0.029156495,-0.01184662,-0.07395689,-0.060818974,-0.20567976,0.31526
0.42501754,0.24011642,0.33130184,0.35631716,0.23108451,0.10185687,0.072193615,0.23328966,0.3265261,-0.0469798,-0.13184139,0.024414422,0.103646666,-0.035981532,0.0015534549,-0.057553496,-0.15171498,0.16447374
-0.15701327,0.092089474,-0.052793443,-0.010060561,0.11630437,0.19072156,0.021682229,0.15553021,-0.011394463,0.16797122,-0.030759644,0.0841977,-0.03810852,-0.15113533,-0.036076777,0.008563655,0.047049344,-0.31369525
0.16935012,0.22936141,0.095416255,-0.040691137,0.22390652,0.34227723,0.09601687,0.30372983,0.16137537,0.17806625,0.004613463,0.18871187,0.08064881,0.17575231,0.027420487,0.023962341,0.0659723,-0.0012951454
0.111386,0.013560494,0.102734104,0.035767987,0.13351756,0.16975985,0.23472515,0.03508544,-0.016321499,0.07883555,0.22204387,0.068326086,0.095658466,0.08743142,0.12416037,0.19500007,0.36959594,0.2760969
0.29426444,0.33908495,0.042319465,-0.070041806,0.40580016,0.29741588,0.32928932,0.2147343,0.15776692,0.3331903,0.26553935,0.33532482,0.23142381,0.15400967,0.29131147,0.3094523,0.4050044,0.006758992
0.053508323,0.19790022,-0.01577841,0.06511447,0.15990046,0.29758167,0.09636946,0.3030576,0.3494555,0.1961019,0.042596314,0.35244173,0.10895379,0.1554166,0.1481651,0.13642812,0.2223359,-0.24212158
0.07300797,0.28631717,-0.02864329,0.37844962,0.28922132,0.18352795,0.2700777,0.1740468,0.21684583,0.022683285,0.0493511,0.14709482,0.10240519,0.02447741,0.18512008,0.056477826,0.2667794,0.13084331
0.009545055,-0.20863298,0.030456884,0.50164133,-0.17296547,-0.20203188,0.098420456,-0.16770051,-0.06493524,-0.1897453,0.021873191,-0.31079212,-0.032538634,-0.041453958,-0.066589914,-0.14173794,-0.2274985,0.24696548
-0.03538336,0.19478959,-0.02662588,0.035020173,0.13252155,0.35148805,0.3009291,0.1970936,0.1937261,0.23806024,0.077247925,0.29516262,0.1806101,0.2538442,0.31407508,0.16164057,0.31594485,-0.089901194
-0.06371081,0.08410746,-0.15144059,-0.006376383,0.017958248,0.16330053,-0.028038166,0.10381587,0.09791666,0.10144773,0.094017915,0.25974077,-0.05292184,-0.1052786,-0.028535254,0.040633798,0.23317021,-0.1842251
0.072852835,0.15397689,0.03242001,-0.077897504,0.20498015,0.2405774,0.26757103,0.28273106,0.24623889,0.30114764,0.2433832,0.23802906,0.16218409,0.28122666,0.19722688,0.17137086,0.18156426,-0.06001704
-0.031777296,0.24266404,0.29071838,-0.105945885,0.24757339,0.26698005,0.13831738,0.21474135,0.2095927,0.0917989,0.18061614,0.33541936,0.16329463,0.13182801,0.15144086,0.18301794,0.15093042,0.071111746
0.23414502,0.25042918,0.4086218,0.1374011,0.36896828,0.29040354,0.32497227,0.1501163,0.0043072626,0.03957925,0.21737549,0.046309426,0.18944536,0.18939197,0.14889291,0.18737754,0.2806912,0.5478512
0.35186198,0.4769612,0.2040648,0.12286825,0.42389023,0.3551705,0.33524144,0.337627,0.1890041,0.17865035,0.034877233,0.3489689,0.23493187,-0.028065369,0.30250707,0.12750895,0.41895166,0.16790158
0.012672344,0.14428116,-0.021970848,0.39852744,0.10252945,0.055545237,0.18323264,0.02218213,0.13520704,-0.0834773,0.029659923,-0.008787841,0.02469258,0.100699976,0.04765941,-0.03810629,0.03171035,0.08392364
-0.028871533,0.034953274,0.044947717,0.16934603,0.044143297,0.14723833,0.16330144,0.12773095,-0.12371426,0.11872654,0.069394544,0.013717053,0.13545577,0.011850797,-0.074917495,0.09339477,0.100030445,-0.029654033
0.17900497,0.36206153,0.13346338,0.04070894,0.37607157,0.3557913,0.43953937,0.30060095,0.21300319,0.21750328,0.21114789,0.25465,0.18742847,0.3439438,0.34127754,0.13781524,0.4371877,0.2771806
0.16569835,-0.15909746,-0.25248024,-0.050765425,-0.14772123,0.049833857,-0.0028682984,0.13188584,0.06594479,0.2909307,0.018329311,0.08406891,-0.03478343,0.09328225,-0.10004555,0.0063817035,-0.028772764,-0.23528004
0.21243109,-0.13133757,-0.17813753,-0.13759166,-0.06321,0.08840723,0.020895055,0.064573064,0.20885953,0.16923487,0.12237488,0.15321359,0.06036086,0.18447927,0.07316896,0.13753748,0.044637673,-0.26729673
-0.05674035,0.33729672,0.064554945,-0.14133486,0.32500064,0.36452967,0.26577228,0.28907686,0.1357398,0.26356715,0.28003508,0.2801172,0.21438286,0.1616267,0.16046256,0.16346338,0.15060441,0.05007962
-0.06382598,0.113572,0.123859,-0.027007304,0.085532784,0.20347261,0.22199675,0.07393491,0.047018312,0.09900592,0.3207447,0.31039488,0.13113244,0.022332383,0.053701065,0.24321337,0.32841697,0.24149789
0.21996903,0.29981148,0.27031207,0.19351606,0.41676015,0.21854964,0.2323587,0.34812447,0.38709354,0.091411605,0.04788184,0.2087264,0.22701249,0.23077121,0.2829165,0.2290444,0.29991978,0.21405408
0.31112754,0.31664073,0.08311893,-0.0044631166,0.4120469,0.27601165,0.3528673,0.49689457,0.36701733,0.31947786,0.027444167,0.245806,0.26635867,0.16254294,0.38985604,0.14830256,0.3573947,0.13904679
0.014375313,0.42599633,0.1512858,-0.077801675,0.39873794,0.39785886,0.36009485,0.2775739,0.16394427,0.2363759,0.22713012,0.29093343,0.23817344,0.23404367,0.22294754,0.15031391,0.17362094,0.14533399
-0.022153672,0.24658626,-0.021438316,-0.0026636394,0.17338076,0.31856304,0.34611562,0.41896474,0.14127709,0.39964327,0.13013074,0.420474,0.21316034,0.19810437,0.28564107,0.13541651,0.3771147,1.3961457e-05
0.07831627,0.21660972,-0.19562156,-0.119575396,0.110958636,0.28337812,0.3269921,0.3135636,0.2958939,0.2978408,0.11365205,0.3965183,0.17137656,0.14752413,0.42546225,0.14050417,0.493625,-0.046847567
0.3200392,0.39919168,0.21999994,-0.070670426,0.43130857,0.38701183,0.3301543,0.25118715,0.109209806,0.28128707,0.16779862,0.17106625,0.21518305,0.22031882,0.23620403,0.20281385,0.19855238,0.14023061
0.12365109,0.3864617,0.056887016,0.29491508,0.36001515,0.26319912,0.33505303,0.28203744,0.075700715,0.075788595,0.059365336,0.18147096,0.20447162,-0.03613736,0.24649961,0.08779131,0.37870413,0.08445886
0.19744025,0.42910042,0.35859227,-0.017215133,0.40651733,0.37775594,0.27488083,0.3139014,0.2553354,0.12195883,-0.0073286043,0.2756235,0.1987648,0.14138576,0.25816125,0.08897148,0.1963659,0.1508614
0.25100476,0.110361874,0.13324973,0.2816646,0.15518539,0.064779386,0.102030054,0.31950104,0.32758796,0.0901517,-0.0416288,0.16586901,0.25510848,-0.0452503,0.20102544,0.040711287,0.16114062,-0.058218986
0.10780024,0.28688177,-0.063994505,-0.063182525,0.22749406,0.35014877,0.2586907,0.23926944,0.13293853,0.2265344,0.02007008,0.38291568,0.08546497,0.011142827,0.2384101,0.109363355,0.4278212,-0.089227654
0.017422523,0.43953767,0.20429936,-0.034516037,0.35566315,0.47795427,0.28874388,0.3341671,0.32046956,0.17320055,0.027286537,0.33835542,0.18712735,0.25188768,0.36557633,0.12806034,0.33306363,0.0104173105
-0.06605851,-0.007418022,-0.1429605,-0.004799544,0.008497028,0.171164,0.25363106,0.33725002,0.22543651,0.26864326,0.08356541,0.34827912,0.1508735,0.08508514,0.27658623,0.1692113,0.38529837,-0.13598865
0.19876961,0.296811,0.11018641,0.3011067,0.21584883,0.1349723,0.3477066,0.11471814,0.12904957,0.056984827,0.08644766,0.06794447,0.20201804,0.19227923,0.3011896,0.11503062,0.2560802,0.18167314
0.07420656,0.3564586,0.18751064,0.22201914,0.3289006,0.19474852,0.26248032,0.4011843,0.08351807,0.12693553,-0.05514257,0.21233281,0.23631944,-0.13408025,0.23933831,0.054515325,0.3034254,0.07684864
0.08802535,0.48236018,0.13713723,0.07778306,0.39431906,0.50929224,0.37762097,0.40511334,0.32611156,0.23780894,0.11113988,0.39025033,0.2951691,0.13947856,0.41523772,0.18861644,0.41386572,-0.020967491
0.0049211755,0.2542634,0.2556575,0.31613183,0.25202656,0.24485233,0.12357104,0.30160445,0.22192743,0.062658034,-0.1152437,0.19960241,0.2036561,-0.023446092,0.08127057,-0.048649825,0.065183,0.060663335
0.097643055,0.2271919,0.2763554,0.084447466,0.22934218,0.2807104,0.15999372,0.12001362,-0.022576418,0.20861661,-0.03858985,0.013209868,0.09434482,0.27629262,0.0040915404,0.09229536,-0.025822753,0.027390894
0.4641611,-0.1097781,0.20331442,0.082618415,-0.025349258,0.016818138,0.031196974,0.12604457,0.28954232,0.06333089,0.053341564,0.120678484,0.103070855,0.04228223,0.096670486,0.07902755,0.099562764,0.061886434
0.002745836,-0.092521474,0.0069544516,0.15944198,-0.007887405,0.18415001,0.08144428,-0.060988702,0.13122544,-0.102752574,0.3170762,-0.06232661,0.08473723,0.065827794,-0.06450698,0.14658692,0.093421854,0.09953277
-0.073611066,0.1652813,-0.032213733,-0.13016975,0.11478098,0.2798891,0.37326932,0.38970885,0.311337,0.31263444,0.1638594,0.3465795,0.17174283,0.3782497,0.32686976,0.15930015,0.29271287,-0.018112779
0.14711651,-0.03498214,0.16197473,-0.067036055,0.037586622,0.26395565,-0.03614376,0.10484085,0.034578368,0.111900166,-0.0827306,-0.07148411,0.002638829,0.11572645,-0.13483836,0.045962296,-0.16846238,-0.11671434
0.09778274,0.40883166,0.13754353,0.47598994,0.41621828,0.23353021,0.40415424,0.29260933,0.29638237,0.093022645,0.005837246,0.1756796,0.25952664,0.026780827,0.3107558,0.08125779,0.2546361,0.30833203
0.16940725,0.36542082,0.20933849,0.3585502,0.35098207,0.14752704,0.34766933,0.3240137,0.34624705,0.037295878,-0.08445507,0.06956,0.17749456,0.09567042,0.2526018,-0.01584059,0.072538,0.327476
0.21321577,0.20607346,0.04742431,-0.05367296,0.21698917,0.21414724,-0.0018761428,0.30198318,0.22326276,0.11625206,0.00704523,0.25061917,0.071117684,-0.12792191,0.0597649,-6.7727175e-05,0.18342918,-0.084573925
0.14733604,0.01093633,0.092140645,0.1588514,0.010883365,0.19808921,0.11699579,0.17884561,0.26099816,0.04442142,-0.037678197,0.22396357,0.09102974,0.10687354,0.11984741,0.0601789,0.16654077,-0.002119416
0.017931178,0.33187824,0.05788617,0.244406,0.26726002,0.1648775,0.21416655,0.27887815,0.123696364,0.08294213,-0.09408935,0.29187632,0.09004964,-0.0214127,0.19649003,-0.0068394477,0.35058886,0.1309552
0.06922275,0.4946578,0.14407837,-0.0050963117,0.37137637,0.4165666,0.34614617,0.41884366,0.17864853,0.281819,0.048746392,0.4787653,0.2423829,0.072289556,0.3022885,0.14965859,0.41712895,0.17628343
0.38303998,0.18889016,0.072277896,0.22207394,0.22302124,0.21856007,0.1468643,0.159092,-0.07395853,0.13578117,-0.011858332,-0.03738198,0.11990027,-0.10810594,-0.06655873,0.086105295,0.06993827,-0.118315846
0.08762083,0.3960572,0.014366837,0.15638645,0.35918438,0.19629805,0.342309,0.33482918,0.00461026,0.21393356,-0.019400762,0.22926405,0.19595653,-0.07751082,0.25021425,0.081881754,0.37217548,0.030823404
0.30703592,0.42230368,0.07825424,0.1285238,0.3700751,0.3982597,0.41229147,0.3500535,0.20912305,0.19589207,0.105371974,0.4106798,0.25668037,0.021132713,0.41978502,0.20003024,0.53166723,0.071893275
-0.13312034,-0.108496666,-0.20247196,-0.19710325,-0.120918885,0.016453173,-0.1525202,0.050811946,0.20227787,0.16530275,-0.052172765,0.24522068,-0.03561213,-0.0767508,-0.055157024,0.06299049,-0.019708976,-0.40017056
0.094265796,0.41268873,0.18722592,-0.03498042,0.39339477,0.398837,0.2920261,0.38226894,0.43836057,0.25457507,0.10383405,0.4297026,0.32235774,0.056943055,0.4124047,0.3033245,0.4223949,-0.043121688
0.13566056,0.32607383,0.09575652,-0.13520345,0.33439863,0.3862002,0.35654002,0.3352747,0.050443143,0.27364585,0.19459319,0.239586,0.104741946,0.28525895,0.18647128,0.095672324,0.29753807,0.27306437
-0.08440107,0.3218819,0.32205376,0.29704964,0.25342137,0.30917162,0.18446139,0.34031618,0.19643146,0.05048897,-0.06509148,0.34822035,0.21685988,-0.019905621,0.20251837,0.048700817,0.21659401,0.27879745
0.35081375,0.062334307,-0.14583462,-0.10853025,-0.001208907,0.13285394,0.22948103,0.12134273,0.20457557,0.25128815,0.20414317,0.44003835,0.1179548,0.10408236,0.28974968,0.18779284,0.37687287,-0.08512576
0.08242321,0.26764977,0.056400746,0.124175146,0.3303482,0.29354686,0.3575577,0.33511028,0.041728847,0.11424214,0.26148844,0.1627278,0.31080547,-0.1216393,0.22065565,0.17715012,0.30348316,0.15821265
0.003927205,0.23049714,0.27426803,0.2641776,0.2263382,0.2859053,0.35192138,0.1252429,0.026674032,0.036546517,0.29472905,0.085501164,0.27251923,0.24192119,0.14170954,0.08174947,0.14581618,0.35990697
-0.00719054,0.46591038,0.31029382,0.09763127,0.40812778,0.2772252,0.32947463,0.26477975,0.21012491,0.18294097,0.18236929,0.26998425,0.28359613,0.19210134,0.2743982,0.18939427,0.2040851,0.1392129
0.09226966,-0.13227017,0.15812302,0.20237076,-0.0041439463,0.14398733,0.26027405,0.09426126,0.118873425,0.024869245,0.24859628,0.08911535,0.21273449,0.13983831,0.156017,0.22686955,0.28385985,0.2895962
0.21851611,0.34116286,0.07886269,0.1769437,0.35804218,0.3882564,0.258416,0.301364,0.2584694,0.18004817,0.12809473,0.21666333,0.2932414,-3.2525975e-05,0.18480247,0.18411206,0.26158383,-0.041054618
0.13451707,0.26976806,0.104058474,-0.03664226,0.30082482,0.37208518,0.14485934,0.21784168,0.005597796,0.17134415,0.15688294,0.1357735,0.09359935,-0.018861257,0.100810155,0.13631031,0.27344406,-0.0913246
-0.003743482,0.060313903,0.18915185,0.51890695,0.05966585,0.096740454,0.18343014,0.13360204,0.008995358,-0.09697355,0.10046741,-0.10295749,0.18307574,-0.0036332149,0.032821864,-0.018261788,-0.08514609,0.28031576
0.14963616,0.5558287,0.30697352,0.014658326,0.5353381,0.52106965,0.4456501,0.3534345,0.21806498,0.29561606,0.103319645,0.25457472,0.28716147,0.40197495,0.3375741,0.16798311,0.24184959,0.16206346
-0.033835724,0.06974228,-0.016525052,0.06379491,-0.004452532,0.18166482,0.14949864,0.45012224,0.17130086,0.25862417,-0.089049995,0.30462393,0.15086214,-0.032040194,0.15899402,0.0022032997,0.2549082,-0.059123173
0.0696353,0.24343136,0.23638341,0.21487302,0.18253592,0.17295608,0.2899741,0.2501436,0.2057266,0.18973017,0.064917535,0.18480593,0.25549775,0.3417817,0.2935235,0.11330139,0.13618442,0.076441266
-0.09476098,-0.14369811,-0.19234693,-0.061425306,-0.2195239,0.030530805,0.11278134,-0.12267395,-0.046635497,0.09088318,0.28386658,0.07439907,0.07581177,0.0067041414,0.14275596,0.12495804,0.12609594,-0.13011976
0.11942614,0.48908183,0.16512278,0.08566999,0.40373772,0.5386075,0.39981073,0.38553703,0.38874322,0.25154352,0.059936415,0.45890462,0.30232376,0.20671183,0.45013344,0.21425107,0.4742427,0.07216313
0.11276225,0.014123227,-0.08087188,0.028574582,-0.057700977,0.1595763,0.0064379177,0.17263696,0.36824656,0.16787843,0.01539124,0.30817938,0.023587685,-0.0070616286,0.005604589,0.07887784,0.10726921,-0.2570397
0.20362368,0.4206112,0.17038053,0.1933063,0.32642505,0.39061925,0.28477398,0.43638906,0.27313343,0.20832166,-0.030358728,0.43736914,0.31864315,-0.10451246,0.34582782,0.12597884,0.44138777,0.025822718
-0.04808653,0.33156174,0.17985058,0.0099822935,0.27992004,0.4208309,0.17918693,0.37627536,0.34443614,0.16337332,-0.038874302,0.36618453,0.19290346,0.0873387,0.33271956,0.1633339,0.3382439,-0.10129551
0.2756254,0.20587006,0.25385648,-0.06794649,0.27273828,0.18274698,0.005054764,0.17645097,0.082482204,0.12748148,-0.10488557,-0.03819695,0.029230159,0.13620137,-0.066745475,0.034750126,-0.11699247,-0.025847126
-0.0746223,0.055346698,-0.1820249,0.077266455,0.014307157,0.14553107,0.22297353,0.29114652,0.23041855,0.22885859,0.11895605,0.30425873,0.11238997,0.1704824,0.33078566,0.087956786,0.39138645,-0.09268476
0.23752385,0.28582472,0.088420615,0.06856392,0.2310136,0.293168,0.25982183,0.23775142,0.14495152,0.067800626,0.09603083,0.29188356,0.1573196,0.012845194,0.3285375,0.09101419,0.48862728,0.06661554
-0.016760848,0.47836328,0.100168616,0.109293155,0.37436563,0.4719083,0.39586827,0.39994603,0.28103435,0.2440781,0.038404174,0.42524695,0.24426365,0.065051146,0.44118446,0.15895414,0.52432275,0.040279727
0.06833739,0.47773877,0.16170654,-0.0015575928,0.42264608,0.44119638,0.4520203,0.2663249,0.072998896,0.17243055,0.15615624,0.37758422,0.2151703,0.15639582,0.400573,0.18024722,0.5493802,0.30127487
0.08496472,0.39312744,0.035693977,0.17389306,0.38520223,0.3608997,0.36938617,0.35012272,0.2230375,0.26393119,0.020962596,0.31895816,0.20733458,0.019342527,0.3449378,0.18314871,0.4414313,-0.045349717
0.36972898,0.027919125,-0.1057044,0.14230411,0.0083293,0.20738652,0.31223065,0.12610358,0.08799195,0.15713264,0.2613886,0.2299263,0.15117157,0.114677906,0.17578109,0.14625978,0.26954442,0.03676288
0.29270393,0.17549683,0.10473101,0.3791212,0.12886308,0.1812365,0.1921303,0.11534057,0.07017003,-0.021624055,0.07461092,0.04892414,0.2361413,-0.057980344,0.10968895,0.08425875,0.15652806,0.20893818
0.1534255,0.26106322,0.04634418,0.1469562,0.28446585,0.14298433,0.25709498,0.3895232,0.3624031,0.18833494,0.024123406,0.3317182,0.22842701,0.044683427,0.31073362,0.061459284,0.31820315,-0.04656335
0.07279877,0.17589639,0.00036860898,-0.03024244,0.25347027,0.27247906,0.15348637,0.26717764,0.049839556,0.19233972,0.13730668,0.18246642,0.10708532,-0.04071066,0.17351533,0.09865302,0.27864224,-0.08113737
0.17104198,0.47845367,0.12281774,0.02595329,0.3666669,0.36443508,0.3065099,0.40154067,0.33428997,0.23776846,0.017494226,0.33250725,0.2620753,0.073436335,0.37336177,0.15396625,0.4041317,0.14971021
0.02933589,0.18728042,0.29286146,0.35528976,0.21265018,0.22459015,0.2739437,0.2547981,0.28044018,0.07892425,-0.08951506,0.046668965,0.25119382,0.23551404,0.22631331,0.10952054,0.05623668,0.17767473
0.14938694,0.23626268,0.10430232,0.26564306,0.21978058,0.23786299,0.10310237,0.2219477,0.15341583,-0.0650992,0.049728535,0.21534339,0.1827725,-0.13874263,0.112032294,0.046907824,0.24950673,0.09742714
-0.20896469,0.08377777,-0.19623569,-0.07521057,-0.0086495355,0.20076644,0.056873616,0.2775874,0.18699342,0.14869952,0.02851326,0.28614685,-0.0060750535,0.025158864,0.22953247,-0.021927377,0.34582603,-0.14082852
0.22410838,0.43620417,0.17679873,-0.08109292,0.4934584,0.41600955,0.28184432,0.29239103,0.1708973,0.25683326,0.12997909,0.25959173,0.2062034,0.13608238,0.27013075,0.2597896,0.2899304,-0.024860915
0.047025487,0.22902453,0.3219235,0.018261319,0.21906036,0.33196998,0.3046251,0.21669337,0.19753936,0.218812,0.00102075,0.08687702,0.17960528,0.52261645,0.273642,0.20654863,0.06240162,0.13144039
0.16981293,0.2923102,0.3882465,0.3388443,0.33838767,0.30258608,0.28579527,0.2840963,0.35760224,0.09498857,-0.02642484,0.05870165,0.26516247,0.3511268,0.21449667,0.13749918,0.02481624,0.20820926
-0.05963946,0.08819476,0.102838434,-0.098816544,0.12152402,0.20341939,-0.018823147,0.17243399,-0.10140524,0.16295457,0.027356394,0.064588696,-0.06468025,-0.012903533,-0.147652,0.0019435768,-0.07908558,-0.19950905
0.48347306,0.2532469,0.07513846,0.17423871,0.28400394,0.30490845,0.33487195,0.28438097,0.1979638,0.3098535,0.15961513,0.17318328,0.2946,0.1400949,0.220424,0.22206712,0.21253802,-0.03293777
0.102672756,-0.0049548727,0.21392277,0.048901606,0.06098509,0.11435062,0.048001528,0.10227519,0.06712904,0.14581874,-0.06817008,0.053193316,0.0698936,-0.02306211,0.043366276,0.07883203,0.0539197,-0.045111835
0.06748836,0.11901358,-0.01751313,0.4000243,0.07970068,-0.01740992,0.21502799,0.054707743,0.17737338,0.006394084,0.012608647,0.010038144,0.05542437,0.18084858,0.09698432,0.013273441,0.053764682,0.117999256
0.11935188,0.18451828,-0.09352885,0.27174664,0.15980873,0.29336923,0.24986151,0.18211699,0.24379975,0.09397526,0.15901044,0.17381668,0.21647066,0.11990231,0.18170154,0.11234642,0.23165435,0.0054588118
0.1637153,0.055101708,-0.039509386,-0.025459196,0.061276603,0.13420786,0.2478891,0.16179928,0.30561233,0.24404973,0.0804195,0.3714027,0.18965642,0.19476022,0.26973066,0.19027843,0.23988281,-0.0698929
0.27465397,0.42571825,0.3623966,0.03145811,0.3983128,0.4425259,0.3491364,0.31603146,0.210675,0.14996086,0.17126375,0.23706737,0.33759686,0.14692967,0.2794125,0.20163761,0.16549747,0.20029035
0.046355024,0.2952004,0.056820296,0.40687156,0.22212282,0.19094756,0.23594739,0.19502234,0.22164336,0.062064603,-0.017932981,0.30980986,0.17222549,0.039059274,0.21512309,0.03355638,0.2830577,0.09218402
0.33382276,-0.0034919484,0.15469308,0.30085665,0.013258801,0.14563406,0.20752594,0.22707634,0.29915777,0.09129368,0.17499965,0.088179715,0.290882,-0.048342347,0.11950904,0.17028838,0.016321747,0.10327905
0.018422317,0.16487847,0.20204729,0.24345948,0.2047778,0.26865745,0.30576044,0.2730776,-0.022914005,0.01486212,0.12415804,0.0054097762,0.22478318,-0.06319673,0.05870308,0.09768319,0.083152846,0.2858812
0.059081092,0.26722732,-0.06386716,-0.0917616,0.26563448,0.30182755,0.0533685,0.17804092,0.027740836,0.16210113,-0.07272062,0.17511572,-0.033831723,-0.20435396,0.16353795,0.030703705,0.31645226,-0.23811886
0.13996026,-0.31979716,-0.3269722,-0.013295026,-0.20003515,-0.081220694,-0.10265863,-0.11480786,-0.022255018,0.07276134,-0.06441429,-0.1903722,-0.08731051,-0.068089046,-0.15969726,-0.04329869,-0.14851403,-0.25400555
0.575168,0.112647,0.15690613,0.05154979,0.061961077,0.24087541,0.17867765,0.083453596,0.22484574,0.20372978,0.103630684,0.24913275,0.11183557,0.113223046,0.081977904,0.13261327,0.10294236,-0.09143078
0.002333778,0.45497596,0.16522256,0.09313294,0.41319722,0.4552049,0.41874126,0.5047918,0.2534612,0.3134235,0.07511136,0.36541653,0.2949518,0.18154806,0.29625034,0.13678524,0.28618574,0.0680052
0.15129617,0.5205867,0.25219387,0.04968418,0.48308715,0.44808832,0.48781052,0.30665183,0.10433952,0.16669665,0.14287826,0.34055528,0.24625993,0.19858004,0.40717527,0.1816548,0.5064386,0.38070992
0.036764733,0.4023549,0.1286471,0.17871748,0.38725117,0.24742335,0.24343716,0.28348964,0.2451885,0.1956068,0.07495832,0.3362987,0.18924342,0.033400696,0.20035592,0.13356486,0.26694667,-0.06736779
-0.011697,0.23882794,0.013593085,0.49187744,0.160826,0.13928287,0.17827341,0.22777131,0.3072586,0.011630785,-0.06917396,0.14013353,0.15394342,-0.066252105,0.13389565,-0.013489364,0.086724535,0.08962168
-0.019121103,0.40800872,0.23846643,0.0032313904,0.3147128,0.35582024,0.37111753,0.19832894,0.112308174,0.18472031,0.22034326,0.22175679,0.19200101,0.4282822,0.15232378,0.13721868,0.13321397,0.3189077
0.1232173,0.34357888,0.03578017,0.033846647,0.30449218,0.4579676,0.36222404,0.32429188,0.32250577,0.28398523,0.24566506,0.32266814,0.33788195,0.1808168,0.36675322,0.22674593,0.36804333,-0.03213089
0.0311969,0.12089249,0.049510308,0.20378062,0.09080459,0.2244643,0.11691087,0.17785653,-0.04277564,0.031367008,0.12574878,0.12382836,0.17083153,-0.13384259,0.054781202,0.06934788,0.13605389,-0.134527
0.23667108,0.27864957,0.33273417,0.10082354,0.37560913,0.29176304,0.31178957,0.25489986,-0.027608564,0.07485716,0.032599248,0.025996156,0.2795934,0.033410095,0.20936313,0.21527159,0.24710482,0.28124934
0.049460992,0.2329526,0.15526481,0.08428018,0.3775744,0.2961988,0.3678506,0.19914883,-0.06290057,0.050402522,0.25901848,0.029570058,0.16265647,0.097965874,0.2184821,0.20504268,0.42210764,0.37404984
-0.059681814,0.0151232965,0.06067064,-0.0965222,0.001120125,0.21663392,0.22802693,-0.103434905,-0.10659051,0.05941511,0.33942205,-0.024658615,0.016388204,0.4467852,0.04129099,0.074434824,-0.042421564,0.06893498
0.019419922,0.038032852,-0.18090086,0.025239304,-0.010709412,0.16313678,0.0010074871,0.09852963,0.18031317,0.10532039,0.12741104,0.33086938,-0.039947838,-0.018566335,-0.015237061,0.04898427,0.244179,-0.14061204
0.10386583,0.48004544,0.305351,0.29772478,0.41376823,0.2912777,0.42832965,0.28707382,0.1224045,0.07846671,-0.007910397,0.16701332,0.25807092,0.14345518,0.25650284,0.042466152,0.19923824,0.47041774
-0.023985064,0.2731617,0.036555212,-0.055798523,0.30070594,0.2663875,0.14331025,0.34931877,0.20135668,0.20557024,0.10890132,0.23257682,0.1476484,-0.00567833,0.2391746,0.124096096,0.27184352,-0.07951077
0.16863182,-0.09872581,-0.10091524,0.0044925115,-0.061310507,0.09380249,0.19208294,0.3043544,0.15813443,0.310382,-0.0025568455,0.10148747,0.1695572,0.23541307,0.20536003,0.09263508,0.16860227,-0.13283819
0.28300124,0.38002774,0.40078792,0.017946675,0.41013712,0.33509907,0.25863287,0.2197633,0.3366694,0.09666213,-0.015426782,0.06210679,0.23586354,0.26795432,0.3006434,0.20707668,0.13771772,0.20004554
-0.017506938,0.07215054,-0.06540879,-0.055439804,0.07751298,0.18349661,0.088918544,0.10724041,-0.08678958,0.10078862,0.22846597,0.19260085,-0.038198534,0.0816365,0.060029443,0.08233167,0.1905627,-0.08193472
0.10126294,0.49731195,0.28596047,0.0045428616,0.44957492,0.39383882,0.46006358,0.32243398,0.20289606,0.1953002,0.19240241,0.33906484,0.20644507,0.43310702,0.36953014,0.18401468,0.39632523,0.33628482
0.11647402,0.14189637,0.007992953,0.30199763,0.16934684,0.23510556,0.2689485,0.25943965,0.44364485,0.14149846,0.12480995,0.25750482,0.22469327,0.23837878,0.20414367,0.17153063,0.1796191,0.05485477
0.26307407,0.46946105,0.3599676,0.17508385,0.48011225,0.41420153,0.3569212,0.41092014,0.2759189,0.12959003,0.14118728,0.34580627,0.3701142,0.04844178,0.35282928,0.20698366,0.43525082,0.27079934
0.44888833,0.22646825,0.36421475,0.3601992,0.16035855,0.056720573,0.17241544,0.03147406,0.22089264,-0.13903688,-0.0027602436,-0.066058986,0.11854656,0.10803272,0.042609096,-0.0783259,-0.19542998,0.2691921
0.13048396,0.24592222,0.03171289,0.37347335,0.25000682,0.24466905,0.21375263,0.2238619,0.33293074,0.0028864883,0.0089087235,0.1066077,0.14169559,0.042751297,0.09774722,0.030404061,0.07455115,0.070846885
0.48292506,0.12062919,0.037332717,0.17183664,0.17556673,0.21014908,0.22782752,0.25865948,0.21301636,0.29431736,0.15687017,0.18867874,0.23293221,0.095471695,0.14240655,0.21462038,0.17731214,-0.14412999
-0.056691032,0.4247809,0.07441576,0.10434549,0.30282104,0.35163125,0.31661242,0.42757565,0.3387382,0.24819893,0.056515798,0.4444506,0.2286359,0.09178625,0.40740293,0.17987674,0.47380996,-0.066319875
0.4117627,-0.12274023,0.22756076,0.34248322,-0.11953434,-0.11049862,0.06305979,0.056772873,0.10780424,-0.07497874,-0.021711804,-0.08111545,0.057708733,0.06965509,-0.031789646,-0.10475612,-0.19749433,0.2602929
0.17339784,0.40219647,0.087052576,0.07014905,0.34616512,0.30300108,0.38698,0.24066971,0.29511333,0.26994056,0.017388172,0.42282167,0.15203953,0.13963604,0.27570975,0.13586809,0.38768095,0.05520554
0.14217389,0.3145522,0.13122492,0.4836198,0.27748376,0.1759576,0.29732674,0.17771791,0.1811191,0.051918756,-0.019549437,0.061095443,0.17622945,0.1340295,0.102568276,0.05202078,0.049917355,0.10837445
0.09783529,0.23173675,-0.07946821,-0.010575684,0.19177145,0.19754396,0.17699999,0.29090214,0.08597073,0.21586475,0.08116508,0.34142497,0.11039402,-0.09149116,0.1582807,0.10687958,0.30801845,-0.12591352
0.12265617,0.25116387,0.4492176,0.25761247,0.29556808,0.2993311,0.21144155,0.23331308,0.20803578,0.086660855,0.017477158,0.074964955,0.3235924,0.20861802,0.17734185,0.19181824,-0.028463375,0.27161208
-0.041193247,0.2786099,0.24063702,0.1352399,0.18706569,0.33805728,0.21073487,0.41385692,0.11357978,0.20137705,-0.07282706,0.36857533,0.1731838,0.08875856,0.15389726,0.049868442,0.27404308,0.13996401
-0.18956271,-0.33955353,-0.3278841,-0.082561985,-0.3509247,-0.06940298,-0.1549198,-0.12307018,-0.07574261,-0.03932734,0.13160412,-0.100339115,-0.109244,-0.162628,-0.18941134,-0.05497148,-0.13294566,-0.25470346
0.46213394,0.27743876,0.007797964,-0.13311613,0.26454318,0.3613336,0.18682867,0.21618833,0.20204169,0.29880777,0.09869437,0.25788075,0.1604668,0.12534599,0.19390604,0.14203107,0.23990092,-0.09685527
-0.03644263,0.035285477,0.20650506,0.1507208,0.0128054,0.06859208,0.14456311,0.10154365,0.06409505,-0.008274107,0.14899841,0.21179318,0.21212292,-0.07313482,0.09749341,0.21332954,0.2757877,0.1725736
0.17696902,0.37338996,0.13805518,0.026856454,0.4045235,0.39587688,0.45104527,0.33963755,0.14988296,0.26271927,0.1800516,0.22733986,0.23873273,0.20736915,0.25074714,0.13141274,0.34553593,0.26480275
0.22255939,0.15332705,-0.047603592,0.39044154,0.1366738,0.20196238,0.23866431,0.25824052,0.21911733,0.07361156,0.06738705,0.14941409,0.13330774,0.050964087,0.13338163,0.06800364,0.19347087,0.009254571
0.44200557,0.12159986,0.31512272,0.109084666,0.15688583,0.26338878,0.05284175,0.22915915,0.20460007,0.071946785,-0.027435059,0.09798166,0.05774341,0.10379882,0.01444676,0.009849905,0.0022244244,-0.010222344
0.3647008,0.21747962,0.08657217,0.40583646,0.17007154,0.10417217,0.14805686,0.09163605,0.26018858,-0.04394537,0.020502282,0.08135418,0.041018073,0.08225645,0.03772809,-0.018993009,0.047509722,0.052536123
0.15034619,0.3581079,-0.027280848,-0.01037655,0.29924935,0.32953995,0.3546266,0.12194355,0.21519099,0.22727942,0.2605986,0.38084918,0.15031335,0.1332142,0.30769077,0.253045,0.5011791,0.059960697
0.11925092,0.38715607,0.078856006,0.19203526,0.34956443,0.37639102,0.3772179,0.3591994,0.076285765,0.1906293,0.07865814,0.26272464,0.24025255,0.03991477,0.28735134,0.15504813,0.38527346,0.062423505
0.050604805,0.5675243,0.18987224,0.051863816,0.51132596,0.5012114,0.46499923,0.512121,0.23840381,0.25437403,0.061697412,0.36216635,0.31501192,0.08017014,0.43721625,0.18739983,0.49482134,0.21129176
0.018280534,0.2316182,0.010154747,0.12643658,0.20032653,0.2520371,0.31117526,0.35431677,0.23248127,0.24743487,0.028050985,0.42915678,0.20102903,0.07151668,0.24743178,0.13808945,0.39523175,0.08768064
0.09252701,0.30458748,0.37061107,0.29200682,0.26121235,0.113158174,0.26826632,0.2014978,0.25375426,-0.018208217,-0.1422585,0.104025334,0.1446831,0.1782342,0.18219861,-0.08937223,0.029044593,0.35102767
-0.031661432,0.3006578,0.39037162,0.16213083,0.2410518,0.2762573,0.30144906,0.11592376,0.049064167,-0.0044263816,0.112551466,0.15205014,0.13987918,0.3816951,0.24423516,0.064030595,0.20378286,0.4008373
0.07014002,0.431373,0.12666802,0.15510422,0.35673323,0.26029438,0.3047192,0.33873257,0.17518185,0.1741272,-0.016552962,0.3153551,0.19010794,0.12677492,0.27830306,0.09991823,0.37405503,0.15964751
0.29141027,-0.01673172,0.1442007,0.31057066,-0.0036813896,0.22160679,0.15056106,0.0027555001,-0.15612565,-0.028689701,0.098391265,-0.10100976,0.11225724,0.024387676,-0.13167669,0.04121335,-0.04563348,0.02996749
-0.04905379,0.08321448,-0.21766508,0.012820498,0.014542483,0.16141762,0.11805612,0.24069819,0.23014554,0.3198446,0.14801519,0.303494,0.14934927,0.11052555,0.20263034,0.13447475,0.25483662,-0.26294732
0.22650129,0.33109966,0.2085649,0.18451098,0.24089912,0.2518785,0.21984886,0.33593726,0.36487037,0.16605937,0.09459178,0.29549694,0.3242771,0.09022063,0.3441112,0.20029771,0.29053807,-0.010974677
0.26391518,0.5054499,0.24227881,-0.06158652,0.5195833,0.45122197,0.35753068,0.38005602,0.1889044,0.25379074,0.038896758,0.18794382,0.20690802,0.24018717,0.33263034,0.13485214,0.2739517,0.15783182
0.20616013,0.5035527,0.33350366,0.10097155,0.52016497,0.50263774,0.40254372,0.3420081,0.27707613,0.22673693,0.104568526,0.37495118,0.3286306,0.17190513,0.36619142,0.22593743,0.3604963,0.16478701
-0.09850109,0.3249098,0.2619508,-0.08188386,0.29764903,0.31069583,0.22241235,0.36501545,0.07390478,0.2467302,0.08940871,0.41021228,0.18753314,0.07118155,0.1459662,0.15329054,0.19865483,0.109204985
0.11928066,0.49735665,0.14048314,0.16073895,0.424074,0.3869363,0.3939525,0.38021854,0.27666128,0.20706716,0.0063961763,0.3656175,0.21223903,0.18952066,0.36738455,0.13544542,0.41729498,0.12162927
0.046172794,0.43896812,0.049900755,0.037599266,0.37964487,0.35972002,0.38674024,0.25849706,0.05802068,0.21493396,0.029117469,0.25162953,0.14849144,0.06415056,0.26896596,0.11740803,0.33762553,0.0037152888
-0.027629025,0.35588992,-0.04070896,-0.03263921,0.31294203,0.29677868,0.2958523,0.25924858,0.2010693,0.29505748,0.101697326,0.34028298,0.1595598,-0.055327363,0.31340235,0.21482804,0.40571943,-0.19395351
-0.0022817617,0.17383987,0.073766604,0.090865076,0.18409154,0.18175678,0.08176637,0.36886752,0.23869485,0.17493379,-0.038706467,0.3087652,0.15524687,-0.06762618,0.09673003,0.02192952,0.18584391,-0.19362648
0.21946615,-0.014031216,-0.19890778,-0.065598726,-0.017565701,0.13559015,0.07380228,-0.019905426,0.06177464,0.18635836,-0.013645412,0.10661936,-0.01997941,0.115297735,-0.014442723,-0.0099728275,-0.012343129,-0.21079972
0.2696306,0.25531825,0.08452371,0.42993608,0.27307516,0.1736191,0.24378687,0.43869692,0.3082164,0.13733332,0.004928097,0.21688496,0.24800394,-0.0043673264,0.1783812,0.055062257,0.1642806,0.05356478
0.03234853,0.47149646,0.11888629,-0.03334734,0.37567335,0.47436705,0.33205515,0.25956643,0.31312475,0.21330428,0.28692245,0.365955,0.26732266,0.2225333,0.3589824,0.23952171,0.3420154,0.020744761
0.07200113,0.28085032,0.017238434,-0.013094218,0.16635469,0.32369578,0.18889016,0.33584744,0.28765947,0.3320076,0.12435251,0.45382342,0.25138196,0.055422958,0.1900486,0.16745739,0.28099048,-0.055737756
0.16204458,-0.017833062,-0.08216731,0.38950807,0.021329701,-0.032169186,0.16929169,0.027108915,0.14990395,-0.056628972,0.15646812,-0.00022153417,0.08993909,0.07049097,0.060020123,0.068661675,0.06300991,0.05703528
0.18638644,0.050169386,0.014134289,0.023444524,-0.015731335,0.043028623,0.03926926,0.1627194,0.1741536,0.26287252,0.03963976,0.1843295,0.14510494,0.061962277,-0.011287307,0.15265736,0.019407697,-0.111618534
-0.012479516,0.07238886,-0.08662324,-0.09624931,0.09931518,0.23552528,0.14266494,0.17969465,0.07302494,0.18261835,0.18085751,0.15686339,0.03676797,0.29942495,0.08950025,0.0320741,0.15887162,0.09195684
-0.060519807,0.08725297,-0.16973263,-0.030318659,0.06823167,0.14878309,0.036386967,0.10422248,0.21369305,0.10128276,0.19817689,0.34184602,0.05357924,-0.054297395,0.16118017,0.17547736,0.37102884,-0.11203894
0.13061082,0.40035316,0.11505132,0.23407578,0.43790466,0.30990526,0.3572817,0.42924312,0.30805516,0.13053277,-0.02267198,0.1960262,0.25612468,0.046352066,0.32611227,0.11640623,0.28319,0.12515134
0.057853065,0.279801,0.044232354,0.06693345,0.3214083,0.39572763,0.3152314,0.43407422,0.096777946,0.23968856,0.0408143,0.25643882,0.17145163,-0.0024536531,0.21983086,0.13509904,0.4051532,0.044863462
-0.1358048,0.33255568,0.040402144,-0.098270416,0.2648477,0.3078057,0.18306962,0.43366978,0.22094159,0.20930809,0.074099526,0.42319277,0.11827066,0.016786577,0.21710671,0.06055682,0.38099417,0.052634638
0.101160154,0.4856969,0.11260955,0.14194372,0.46527383,0.3109489,0.33713666,0.32908648,0.21237537,0.33136737,0.042234827,0.35442758,0.22615007,0.032375626,0.2585725,0.22184858,0.3648591,-0.049069636
0.17145765,0.40896612,0.044258803,0.46331018,0.3592863,0.20486826,0.26456755,0.21849762,0.16591778,0.016373668,-0.0043401616,0.06835392,0.11875139,-0.024105785,0.15572415,0.008038148,0.17035565,0.11038115
0.14655127,0.21280563,0.06382416,0.4631388,0.15993506,0.1565643,0.2727,0.33855653,0.1697264,0.11920188,-0.0022127186,0.19245532,0.19580013,-0.02084376,0.12726007,-0.028143952,0.20358431,0.11946201
0.11522909,0.44342804,0.30226958,0.043613534,0.42198202,0.45688456,0.40204084,0.34878647,0.21719125,0.27731717,0.059347596,0.3402401,0.27197587,0.23285294,0.33003074,0.15798542,0.28994772,0.094559275
0.24120894,0.4242972,0.28031415,0.2641689,0.49673602,0.3769111,0.36583728,0.39257896,0.40452114,0.13115174,0.13834861,0.20959654,0.29600716,0.358765,0.36218283,0.205466,0.31318575,0.22653955
0.14024952,0.4168802,0.37108624,0.17772967,0.37781692,0.2851354,0.42063183,0.17870714,0.31215715,0.08526758,0.24734642,0.28174275,0.3214658,0.35360608,0.2943199,0.25831395,0.3039586,0.37581605
0.030783713,0.39996383,0.19867511,0.013186045,0.3660485,0.45158547,0.4982564,0.3956141,0.18263075,0.21129265,0.13250127,0.23382345,0.25783134,0.25328666,0.4093318,0.20111188,0.43459913,0.25841826
0.36852446,0.011966176,0.009597383,0.459121,-0.0011621881,-0.08135524,0.12243429,0.038910206,0.1732215,-0.07859045,-0.0844612,-0.1631253,0.002756117,-0.023324616,-0.056228414,-0.103129596,-0.16553432,-0.03183766
0.1622782,-0.040316366,0.051945373,0.27442104,-0.0154992845,0.085922085,0.08852012,0.14152506,0.27793646,-0.0342714,-0.0059561576,0.10851678,0.07617184,0.062215533,0.079864085,0.04812789,0.0851209,0.025498398
0.42174977,-0.15371972,0.026427496,0.39668703,-0.12253256,-0.12642083,0.051928263,-0.0476875,0.0023041023,-0.14926602,0.017674208,-0.1926459,0.021564322,-0.23312001,-0.089526996,-0.031814378,-0.08858761,0.01592988
0.04071437,0.4554333,0.16681825,0.053688385,0.35310534,0.3919986,0.35281914,0.3857882,0.19173294,0.24662542,-0.06183485,0.47152662,0.1871952,0.124763966,0.30790782,0.09893446,0.42568085,0.12732515
0.13446957,0.22328082,0.051847085,0.061833024,0.26810932,0.29713202,0.19149189,0.49888337,0.25200224,0.2097463,0.0091999415,0.22677317,0.22312215,-0.04149518,0.23485811,0.067416474,0.27542308,-0.06305665
0.41381004,-0.031282533,0.09221144,0.06952789,-0.014622664,0.042830873,0.12602699,0.018427517,0.05102227,0.09123353,0.08628684,-0.00207044,0.117388934,0.19755793,0.0018005096,0.09192308,-0.08015735,-0.0294514
0.06312101,-0.052993715,-0.02717808,-0.058003016,-0.10177721,0.09590864,-0.11200001,0.06286368,0.12822059,0.1273138,-0.02582605,0.18659547,-0.011219902,0.07023347,-0.22570026,-0.036193825,-0.15576255,-0.25383657
0.32400647,-0.01080754,-0.16004506,0.039173964,-0.06475217,0.1286076,0.05151526,0.23604883,0.025187146,0.30260345,-0.0031879963,0.26783466,0.10469878,-0.1166929,0.00026274286,0.035779074,0.14042398,-0.24909472
-0.046798397,0.16646707,-0.14860833,-0.043330967,0.14903468,0.27089196,0.30333608,0.19290695,0.2027506,0.30648375,0.17578991,0.30684823,0.15790196,0.029111166,0.3221459,0.2045905,0.3652924,-0.2026599
0.41977882,0.21548629,0.09946148,0.23245385,0.15862,0.22461578,0.23517892,0.15025185,0.2189397,0.14635247,0.12949124,0.24410799,0.21733725,0.042401675,0.07924929,0.16310471,0.2230989,-0.006925046
0.0857757,0.22680624,-0.08135763,0.0020127667,0.148467,0.2472155,0.12961191,0.35351005,0.18070963,0.2576574,-0.010478114,0.38525355,0.08710159,-0.09221679,0.18920933,0.057543054,0.32993448,-0.15422094
0.16412154,0.28654808,-0.00051061646,0.31737435,0.2925629,0.20536025,0.12401786,0.29348722,0.3022676,0.09566791,-0.010439584,0.19622245,0.101386845,0.045393087,0.0758556,0.046163347,0.1786081,-0.09202036
0.10038684,0.45037442,0.12170033,0.29837707,0.420397,0.24521284,0.31828845,0.40392703,0.3218053,0.16355148,-0.0447369,0.38705596,0.26745063,0.0033534693,0.35294357,0.12867482,0.4141743,0.17495367
0.09155669,0.45999348,0.13793655,0.052386366,0.34225148,0.40786025,0.3063236,0.443266,0.20941696,0.2637133,0.03814821,0.4697221,0.25815302,0.048011474,0.2815522,0.15366583,0.394826,0.108777575
0.44264635,0.44409147,0.37065816,0.036517516,0.4378447,0.42541784,0.42764312,0.30295864,0.24867247,0.11418155,0.17721555,0.26866704,0.27463546,0.18389648,0.3984766,0.20545936,0.4133809,0.27658543
0.12796758,0.36723053,0.11938159,-0.05896586,0.36451837,0.31965348,0.38491392,0.27960652,0.11269151,0.2682413,0.31038278,0.2874164,0.23194054,0.23641747,0.27541417,0.18152544,0.3951895,0.32019734
0.055334892,-0.19598722,-0.16541609,-0.03961534,-0.23360583,-0.013492693,0.1444098,-0.03313851,0.00080391567,0.17959195,0.23277128,0.24060065,0.20980905,-0.075727224,0.14594607,0.16783324,0.08335083,-0.120902255
0.1624681,0.15199003,0.1269836,0.5374791,0.15735312,0.01932459,0.15021615,0.21053866,0.4219702,-0.07751093,-0.018901605,0.03197199,0.18146661,0.007645413,0.09448969,0.013500398,0.015611602,0.18732506
0.34173492,0.21666674,-0.014122691,0.067814246,0.19221348,0.3092907,0.24678747,0.2937597,0.29002428,0.25032067,0.20941666,0.25652993,0.2131193,0.24013053,0.25945705,0.17087324,0.24646112,0.02084671
0.29218197,-0.052034736,0.0984963,-0.039111145,0.017840361,0.016070586,-0.079800844,0.11749929,0.15763175,0.12478688,0.11044003,0.14874208,0.062215794,-0.13390298,-0.105120525,0.119833514,0.049581386,-0.03879301
-0.036103617,0.13676532,-0.1600946,0.002723357,0.08835301,0.18461853,0.30206162,0.19072263,0.10887114,0.21738747,0.1277078,0.27478617,0.07154362,0.05481351,0.21318111,0.12023926,0.3380276,-0.10064885
0.05269307,0.30671275,0.02705172,0.070004195,0.279425,0.36501557,0.30882192,0.4248333,0.3588096,0.20960948,0.08112496,0.22189264,0.19629124,0.29084435,0.36799714,0.14715704,0.3369577,-0.10074662
0.015739039,-0.11807765,-0.085168615,0.27458894,-0.107378595,0.04838924,0.07397728,0.1434272,0.27100745,0.09636365,0.07814339,0.19833836,0.14579862,0.07092863,0.033139065,0.11068157,0.07282156,-0.03895692
0.24319787,0.35631317,0.14284068,-0.18551506,0.34042728,0.27394563,0.21845067,0.24800248,0.10436922,0.2159118,0.1312794,0.25298768,0.06340204,0.25696498,0.17358479,0.08824102,0.19806743,0.15933177
0.01122993,0.13158539,0.02520145,0.022210883,0.09009169,0.18515977,0.0059089107,0.28480992,0.2218629,0.14771456,-0.04626255,0.32467902,0.046456546,0.027722167,0.01835483,-0.024343647,0.16545364,-0.1404598
0.19829969,0.16689694,-0.09068826,-0.0878094,0.18785606,0.35213977,0.17364112,0.36101395,0.23349129,0.36068016,0.059916284,0.33014244,0.16157527,-0.05802788,0.17737207,0.12044266,0.30274165,-0.24198426
0.038117796,0.2034098,0.0105246445,0.21959573,0.20083693,0.18531114,0.06335079,0.23029687,0.30485073,0.0994348,0.01339297,0.33025485,0.12095291,0.019531304,0.159053,0.1414173,0.283223,-0.14135148
0.13045843,0.36686414,0.341595,0.044288896,0.44206434,0.2846883,0.41881832,0.23261866,0.05737727,0.14786753,0.26118037,0.188124,0.27799654,0.2707597,0.3162402,0.24280477,0.43288398,0.5112591
-0.13588786,0.0477705,-0.22908556,-0.10210028,-0.0666109,0.23688814,0.07370159,0.2546965,0.18580037,0.23544647,0.006861166,0.282154,0.010518314,0.076514564,0.07175647,-0.04311098,0.11373051,-0.23168938
0.38552362,0.30367732,0.36898497,0.26774862,0.26934808,0.32916868,0.25756782,0.28090698,0.28120136,0.031919047,-0.0117417555,0.1727083,0.1854908,0.2505286,0.16477078,0.0058746776,-0.007066134,0.28966594
0.11609757,0.57375574,0.26362464,0.12776172,0.51156163,0.3802859,0.39078158,0.4531537,0.17167166,0.22987688,0.081420615,0.29567075,0.3257385,0.123093136,0.37835035,0.16730598,0.38112974,0.27154
0.4255852,0.2138139,0.07162398,0.32472354,0.2334221,-0.0039936127,0.17216656,0.18393856,0.11427355,-0.05835929,-0.02985907,-0.097591646,0.07814172,-0.15448563,0.096849754,-0.035611033,0.05054316,0.13396275
-0.054815367,0.18036973,-0.2032186,-0.07172695,0.07934141,0.20746824,0.14716858,0.10753113,0.20177034,0.26668233,0.3152271,0.29320657,0.18185708,0.00612878,0.22402698,0.19144173,0.21179172,-0.19512981
0.23957166,0.38904792,0.12766859,0.07985783,0.45775002,0.34518337,0.40107238,0.41117415,0.32706907,0.3107366,0.2754823,0.28279203,0.37825802,0.16170684,0.30773264,0.26045024,0.316869,0.074689806
0.19303736,0.4907207,0.053206634,0.050220065,0.55161595,0.36954927,0.36412418,0.4371621,0.36172867,0.2582237,0.035488036,0.3551758,0.22159025,0.12521061,0.36974183,0.17839739,0.44603485,-0.020893127
0.15307859,0.18657842,0.0573066,0.15059122,0.17185283,0.24528474,0.2825132,0.26701427,0.19296598,0.15929124,0.060324647,0.161618,0.16275816,0.24724223,0.13402715,0.03377948,0.17798133,0.10348216
0.09621845,-0.094431974,-0.09265417,0.058724433,-0.06461458,0.094085164,0.18547447,0.23476109,0.110375166,0.075659394,0.16905226,0.11775199,0.14074396,0.05640342,0.20934893,0.08620114,0.18264566,0.030545462
-0.1417956,-0.16501302,-0.28343827,-0.06280748,-0.18085471,-0.01882043,-0.086628266,0.03751964,0.055537798,0.10740603,0.0620597,0.19292983,-0.08833116,-0.10001987,-0.15313649,0.04061946,0.03898839,-0.3854613
0.12926424,0.3563499,0.1577598,0.3709315,0.3149891,0.14759238,0.27809355,0.31453744,0.14338416,0.061611764,-0.11329747,0.13380994,0.15782732,-0.076315895,0.21460006,0.0017177097,0.25267306,0.13278496
0.037898522,0.12238406,0.10856001,0.28931016,0.15532538,0.17073494,0.077751,0.30377644,0.34976703,0.085950315,0.1327442,0.27732137,0.25050628,0.073673815,0.1437333,0.16489796,0.1296463,0.078901455
0.21242571,0.31785727,0.25121373,0.22502679,0.42496762,0.33576894,0.37477311,0.18964174,-0.09583768,-0.0020260746,0.28441286,-0.01710192,0.19182774,0.05452518,0.07201828,0.16604519,0.21321063,0.4179682
-0.021662557,0.045854483,0.12070298,0.015935536,0.12123071,0.16607665,0.208642,0.3184737,-0.024641443,0.1543414,0.25014532,0.067245975,0.21904945,0.19143477,0.2057212,0.12566581,0.21035111,0.23928796
0.17389724,0.46401045,0.15502542,0.069797054,0.4126674,0.43946987,0.39475304,0.42175883,0.20776209,0.27206245,-0.0023797126,0.44652015,0.25404802,0.1455842,0.3182438,0.153485,0.4322389,0.13096142
0.5009196,0.2076287,0.2758409,-0.008513968,0.16619731,0.3545293,0.21652424,0.1969825,0.17815265,0.20488332,0.114419244,0.22697584,0.10759042,0.35744804,0.13368954,0.09749895,0.07086608,0.10420293
0.1071161,0.09115436,0.13166979,0.40635777,0.08249298,0.04971463,0.2820943,0.19013256,0.28783625,-0.0046028728,0.0026770933,0.1439876,0.25342792,-0.043401897,0.2182483,0.027562607,0.14493465,0.13327518
0.440406,-0.046613157,-0.113296956,0.03754309,-0.052771963,0.080978274,0.28293633,0.08433251,0.084218815,0.17948782,0.31851763,0.25086814,0.18799084,-0.003881482,0.16180658,0.20005776,0.21564335,0.0041655097
-0.06231102,0.14754403,0.3119201,0.03349153,0.1855784,0.22470704,0.18343413,0.24165605,0.049017362,0.1214385,0.18501797,0.11400187,0.16027932,0.13315561,0.03897681,0.14834684,0.0994457,0.13844395
-0.03319013,0.27495557,0.10419079,0.021233799,0.27817547,0.3166421,0.18225962,0.41103083,0.26733357,0.1853937,0.026736895,0.51991993,0.1527763,-0.06778094,0.24027906,0.09034207,0.41658217,0.0852281
0.041576594,0.32969177,0.08563758,-0.027455695,0.33275256,0.26265603,0.20947511,0.34200472,0.27208632,0.16903138,0.13113067,0.32792282,0.17405117,0.19613057,0.31538948,0.13060802,0.33120853,0.03165292
0.11832512,0.26235658,0.07551381,0.093043596,0.2991161,0.20656994,0.24564794,0.34970367,0.077481955,0.19045466,0.0075175837,0.032783076,0.1769359,0.040580142,0.12690194,0.0758753,0.16352776,-0.031489726
0.057273425,-0.024165628,-0.24224405,-0.014291049,-0.114049956,0.09800775,0.18950844,0.045569155,0.1026245,0.27591234,0.32457376,0.26173288,0.17070003,0.08038163,0.06070671,0.16439942,0.05433988,-0.13504669
0.30558604,0.15248746,0.31209466,0.38348138,0.12044625,0.18235321,0.19204411,0.2297715,0.30072522,0.009692196,-0.088199176,0.12324234,0.1662101,0.08804186,0.066942774,-0.04549738,-0.06468084,0.18462917
0.04710512,0.6176819,0.24083686,-0.09345941,0.5672889,0.4360225,0.45966738,0.43031865,0.29414552,0.26334253,0.11188629,0.40716332,0.27653748,0.20167613,0.46588767,0.19048253,0.4684109,0.25259048
-0.011732643,0.32761654,0.3608359,0.3366662,0.2828691,0.0968847,0.19469833,0.13826042,0.20246717,-0.07459978,-0.026635014,-0.09071341,0.16548033,0.023770569,0.15956709,0.034950428,-0.09818326,0.36980307
0.3759024,0.34427834,0.08354582,0.46668392,0.336954,0.29318416,0.28702667,0.26216665,0.19159225,0.13824454,0.02196916,0.055323232,0.22684966,0.0067794845,0.1317763,0.12172804,0.11500214,-0.0131517
0.19171536,0.29901603,0.28422993,0.31186756,0.24189425,0.21110344,0.11924798,0.28879988,0.23682213,0.02946097,-0.033117972,0.18859482,0.29085648,-0.12378659,0.19228366,0.08622694,0.12299763,0.11242321
0.15636629,-0.18808402,0.091566816,0.40203393,-0.16895382,-0.035321422,0.15541932,0.16593063,0.2126753,0.07945041,-0.07145185,-0.07039417,0.22203077,0.06396302,0.022816885,0.00053880084,-0.2124778,0.14170057
-0.06806694,-0.28394267,-0.0778699,-0.12242365,-0.36199498,-0.16235095,-0.18585004,-0.15040407,-0.08090304,0.09774696,0.17829627,0.02907396,0.023319485,-0.00782195,-0.3213591,0.068012096,-0.39596558,-0.15024713
0.23774262,0.16082902,-0.028548876,0.45313495,0.098495275,0.09481409,0.18421116,-0.044172913,0.085769385,-0.050520476,-0.018341213,-0.046221983,-0.0006984407,-0.00042333454,-0.021855682,-0.042835012,-0.0018427446,-0.018104307
0.18939048,-0.18082193,-0.17085971,-0.0931848,-0.050637215,0.05749418,-0.010991791,0.12413425,0.19356869,0.17220126,-0.012998101,0.00082812825,-0.016261963,0.078652166,-0.09028702,0.029808506,-0.10269828,-0.16995041
0.07127239,0.38123268,0.115104735,0.13125925,0.30297524,0.3606853,0.24054839,0.40453416,0.106835596,0.12965032,-0.055242352,0.22944182,0.19301817,-0.051265486,0.32222465,0.048949055,0.38187075,0.06417712
0.15915436,-0.10663098,-0.15010494,0.05744701,-0.06563168,0.010506875,0.18226555,-0.02551824,-0.15204021,0.059944596,0.089112215,-0.039594594,0.02961263,0.04796533,0.15182146,-0.0044265185,0.19029719,0.0032776096
0.1369497,0.44882712,0.2535955,0.10838858,0.35550755,0.35741112,0.37523282,0.25578928,0.3941346,0.122453555,0.1631798,0.33693385,0.3033419,0.23646623,0.4308917,0.21422283,0.33526766,0.100212455
0.23264803,0.4567665,0.34570324,0.17064917,0.45736665,0.3934843,0.3473572,0.35513824,0.44760823,0.21609043,0.056259543,0.33595455,0.33578324,0.1389597,0.28110063,0.19200219,0.24102211,0.06899348
0.15513821,0.46844852,0.33745444,0.06875666,0.45236468,0.4706497,0.48855925,0.3202445,0.19916126,0.2721228,0.08822845,0.27911952,0.32776713,0.2764989,0.37855262,0.20485264,0.28091902,0.12721103
0.043791827,0.13659582,-0.05378204,0.04725974,0.15439144,0.2918985,0.24247976,0.42467457,0.31433612,0.18853569,0.018711654,0.32474965,0.13879557,0.030690629,0.31016344,0.10432294,0.44822803,-0.053426012
0.24785575,0.08136439,0.11348903,0.34328455,0.15224643,-0.040567376,0.11211638,0.036511693,-0.09490695,-0.17018023,0.017187677,-0.22547776,-0.011466363,-0.18729818,-0.04492159,-0.09562796,-0.067691766,0.2637155
0.05379437,0.2554394,0.051989667,0.10441561,0.2693526,0.21020952,0.28771597,0.32838684,0.114190385,0.2349361,0.14926311,0.23949061,0.228611,0.1439127,0.2270644,0.17355873,0.2780877,0.06414066
0.18285239,0.026025712,-0.012336023,-0.0769054,0.13399716,0.110521324,0.105150774,0.32168043,0.3336142,0.25898486,0.058445495,0.17460439,0.14757009,0.1731866,0.16076967,0.11029295,0.12126258,-0.1233463
-0.003742183,0.44204378,0.20459342,0.2912298,0.3846126,0.29477033,0.3298192,0.33310473,0.21320197,0.09515962,-0.11099893,0.29761952,0.21862641,0.11665017,0.29535618,0.038064815,0.28650033,0.30089593
-0.14005284,-0.08848354,-0.2530161,-0.11711238,-0.12678893,0.1417884,0.12753782,-0.10185084,0.010925652,0.15197049,0.07890511,0.015156037,0.0073508243,0.085259944,0.1071914,0.07688292,-0.00029660622,-0.19255307
0.36866504,0.28185597,0.10569833,0.4402906,0.21617553,0.23033035,0.2949978,0.089488536,0.28343403,0.022481227,0.071909934,0.13838512,0.1427772,0.16052414,0.14306548,0.06154457,0.10535695,0.11218317
-0.023903258,0.047709633,-0.11038092,0.026808675,0.013710531,0.11148215,-0.044633105,-0.009213309,0.09857161,0.114940956,0.18388715,0.12358186,0.12994158,-0.062934056,-0.031370733,0.15748475,-0.014384778,-0.24690273
0.43296033,0.16230819,0.17180634,0.44571522,0.16632855,0.08651172,0.28863066,0.044565596,0.2786234,-0.03950943,0.066899106,0.14666733,0.17710885,0.057233956,0.13921353,0.07271531,0.12725109,0.18910754
-0.009970291,0.42157158,0.09388578,0.14879856,0.3962139,0.30049515,0.27941728,0.3479293,0.14547291,0.19855809,-0.02635694,0.21132186,0.18493357,-0.06382393,0.25820476,0.15490696,0.35180897,-0.059102364
0.08536857,0.053177103,-0.046475884,0.4218288,-0.0020828787,0.00699642,0.11624029,0.04896357,0.22945036,-0.06048515,-0.007848654,0.027407665,-0.008928213,0.109570265,0.0038167434,-0.077654704,-0.02456594,0.059213243
-0.06934209,0.23550707,-0.11751211,0.017926898,0.14683819,0.2523052,0.25595683,0.39788985,0.32815143,0.26521116,0.028419953,0.37658095,0.20274487,0.046545453,0.4117641,0.1744612,0.49983928,-0.113275155
0.057283364,0.33650336,0.07119649,0.36594293,0.33822381,0.25395393,0.21044947,0.268457,0.2962858,0.07141967,0.03359142,0.25169963,0.23085585,-0.10511798,0.18827489,0.08945705,0.23348564,0.008503349
0.020006742,0.08365129,-0.03105193,0.38026053,0.012157114,0.07160422,0.22071503,0.11974616,0.2577091,0.072293475,0.10052524,0.2199242,0.18076909,0.15540735,0.10532025,0.07144493,0.06605589,0.12237336
0.0031526648,0.4045307,0.09431923,-0.0589633,0.4097874,0.32133192,0.32778358,0.3084047,0.07958555,0.33598924,0.11957137,0.25173864,0.23378499,-0.024225168,0.28815275,0.19613856,0.33453858,-0.042042237
0.34958982,0.17514452,0.35925448,-0.017323801,0.18958086,0.3130171,0.1257873,0.105132684,-0.001061324,-0.031218583,0.14185074,0.0153042395,0.032751508,0.19647479,0.050656684,0.014685144,0.03677317,0.18138784
0.463049,0.3764242,0.27740282,0.20148441,0.34941792,0.26590785,0.3390902,0.34444922,0.1152356,0.12385683,-0.0061379327,0.0846972,0.247824,0.13858342,0.21333532,0.09884168,0.1735746,0.22695225
0.08461747,0.33636302,0.12510812,0.22684278,0.3063477,0.42553836,0.20442411,0.29343846,0.20770314,0.13784623,0.098150074,0.3163519,0.22677663,-0.036913857,0.17797786,0.04664065,0.22650164,0.089708656
0.12485479,0.3814311,0.18540378,0.28209513,0.33456933,0.28975815,0.33433038,0.30424458,0.2287477,0.10055545,-0.012684567,0.35486794,0.22677472,0.112883136,0.26957458,0.092108294,0.3411377,0.3477432
0.19844532,0.15390024,0.15963492,0.4567315,0.09310152,-0.11997827,0.17510067,-0.0018021367,0.39616895,-0.048920326,-0.044178452,-0.033022996,0.107315674,0.07494529,0.01420562,0.0055054687,-0.1877881,0.23805055
0.13350701,-0.055360697,0.046765357,0.24937448,0.04656744,0.24944386,0.09542262,-0.11224686,0.019632936,-0.17394821,0.20285602,-0.18370542,0.092552155,-0.05690934,-0.05847525,0.08600189,0.01849735,0.11534828
0.116170004,0.3716154,-0.04867296,0.057355218,0.2926104,0.346832,0.35683858,0.4081632,0.32291925,0.31396884,0.03688009,0.4642926,0.21750024,0.10247085,0.37738937,0.15678802,0.45779508,-0.08536172
0.023391908,0.33652616,0.048256807,0.14097598,0.38067505,0.28577095,0.25892243,0.3955921,0.34116232,0.17288038,0.008142986,0.35206878,0.2204496,0.03823514,0.39236274,0.14499322,0.4133086,-0.10290344
0.3176923,-0.036007583,0.27343103,0.35223264,-0.019349596,0.060548767,0.07839148,-0.06971503,-0.037341297,-0.18882109,-0.011899987,-0.11477576,-0.002575995,-0.011341123,-0.066782184,-0.09518424,-0.14959227,0.26293403
0.07935825,0.36465675,0.09886938,0.102923825,0.31614998,0.28084922,0.2661466,0.33881378,0.17429732,0.14373726,0.017656302,0.30239952,0.11372633,0.15971571,0.26326978,0.073758386,0.37636137,0.12452704
-0.0028928602,0.24102668,0.0020525157,0.0057514845,0.21811861,0.35414076,0.182733,0.45141712,0.2983392,0.19807407,-0.026607145,0.311605,0.09840898,0.19538197,0.27616394,0.06792795,0.33380315,-0.044999644
0.19223335,0.43243408,0.17023563,0.03224986,0.4484256,0.39081883,0.42976236,0.35032207,0.21158439,0.21913046,0.14425617,0.4144622,0.23996496,0.17186016,0.38316157,0.218124,0.54839504,0.29191744
0.34113857,0.41438514,0.12212323,0.38978797,0.40801513,0.19617482,0.28698057,0.31389803,0.290425,0.06141319,0.028257249,0.21082065,0.19502553,-0.012806347,0.25936663,0.045472644,0.25194445,0.20969784
0.16539991,-0.09571393,-0.031627633,0.16361156,-0.0113745015,0.07060981,0.09165907,0.18164286,0.3468335,0.08510591,0.073653445,0.24361232,0.15566611,0.04581169,0.18781532,0.15376359,0.2188097,-0.101881236
0.4632874,-0.15407187,-0.18502297,0.081099674,-0.111674055,-0.029350966,0.13259107,0.058970287,-0.029774528,0.17046076,0.26397324,0.080898196,0.11342516,-0.047077782,0.037427768,0.1311497,0.09407218,-0.12664774
0.07588631,0.017926699,-0.07006795,0.038296506,0.0102386605,0.13481414,0.17434883,0.2979452,0.26629496,0.1989744,0.11632303,0.25537828,0.21359849,0.05589409,0.28871787,0.17256275,0.27919608,-0.124083
0.2832333,-0.2597409,-0.0026993034,0.019425413,-0.17650604,0.04409133,0.04346487,-0.17120603,-0.106894076,-0.15300538,0.23129323,-0.19106734,-0.025654629,0.049432166,-0.030493326,0.053476878,-0.045037203,0.084861085
0.25081447,0.01634394,0.10218918,0.3829212,-0.07062736,0.099672906,0.28016853,-0.009865954,0.019361295,-0.035415716,0.11016553,0.032481026,0.13543296,0.0951972,0.041160297,-0.031195879,-0.060548738,0.28555146
-0.13189852,0.2325358,-0.039571844,-0.12421171,0.117108986,0.30091769,0.065627694,0.28184962,0.12234223,0.18319485,-0.020130042,0.4321822,0.043091256,-0.011729524,0.20421712,0.034133337,0.3319164,-0.11966342
0.10036118,0.28442007,0.24391109,0.017594535,0.33343136,0.41868073,0.41829014,0.11744889,-0.029114254,0.10818616,0.31773198,0.17797565,0.14219472,0.23377034,0.1926368,0.21224445,0.4058609,0.39976072
-0.03907352,0.34919792,0.07327317,0.04167354,0.25260925,0.28588343,0.25363117,0.43284425,0.30234426,0.2473338,0.115291595,0.33654666,0.26281986,0.23360382,0.35040095,0.1300979,0.2780066,0.05179422
-0.025749765,0.094074935,-0.13541856,0.1266573,0.10489084,0.17520997,0.20791212,0.3625699,0.118075356,0.21837527,0.058329068,0.31776583,0.14995965,0.00085319206,0.25242776,0.090096876,0.41100287,-0.13061944
0.274768,0.3334809,0.034090906,-0.05615446,0.36655715,0.35971433,0.29444736,0.15178114,0.22326249,0.11270198,0.21939236,0.2400129,0.1364891,0.055703443,0.29607183,0.12482382,0.34891224,0.07976087
0.0922913,0.17597604,-0.1869151,-0.021282759,0.103337996,0.27665257,0.13171925,0.15121007,0.1646469,0.31037015,0.1466456,0.490264,0.208874,-0.21789175,0.16294588,0.2313196,0.3773778,-0.31904477
0.11771921,0.11251246,-0.17453481,-0.19045737,0.13364285,0.3072362,0.18243212,0.28379986,0.04794824,0.3285482,0.0034803227,0.31417102,0.046687532,0.053176187,0.16950567,0.05359079,0.29898465,-0.07927175
0.022792302,0.08594495,-0.09886351,0.05890924,-0.008110186,0.17975113,0.06665914,0.23136246,0.16249494,0.25941584,0.11266049,0.29003626,0.15242259,-0.058949944,-0.012463941,0.06550734,0.105411656,-0.19127339
0.05353261,0.08981383,-0.03374172,-0.025905607,0.07658517,0.28232884,0.09356927,0.43894935,0.18500218,0.19412947,-0.053593148,0.16894668,0.08911045,0.11703434,0.20040792,0.044369806,0.20077246,-0.2108359
0.106653325,0.48107693,0.04930009,0.08723846,0.46969035,0.30031604,0.31777006,0.29196864,0.15958738,0.28103775,0.10722153,0.3463214,0.2387003,-0.06545763,0.28751686,0.21234486,0.4046026,-0.035598345
0.07544576,0.18220747,-0.08647074,0.17892912,0.16851851,0.18838975,0.31319427,0.07949824,-0.029647047,0.07609357,0.21418923,0.10175814,0.17158319,0.07026225,0.14838767,0.13757583,0.27657357,0.12714635
0.2654276,0.1167849,0.1505762,0.44733006,0.15554616,0.062554255,0.23198935,-0.005637682,0.13681883,-0.07180403,0.07910165,0.038515095,0.1432071,0.019528914,0.025938995,0.033638462,0.092099175,0.21031183
0.109636135,0.08761105,-0.017153936,0.10956594,0.075530685,0.18877253,0.18416908,0.2349057,0.26371968,0.20321676,0.070212774,0.4587577,0.14551054,0.03169352,0.18098971,0.15599822,0.37006477,-0.15843612
0.014340524,0.17852587,-0.034531876,0.12740695,0.13178614,0.17157316,0.30007833,0.33005607,0.16746292,0.24252215,0.055513076,0.44961137,0.14341809,0.06719679,0.250591,0.097663835,0.43109602,0.031990204
0.023368906,-0.24479723,-0.39147875,-0.11132781,-0.24586087,0.013007237,-0.24928133,-0.06098184,-0.04041306,0.067151174,-0.06873253,-0.08049339,-0.19042005,-0.093086705,-0.26791042,-0.1548449,-0.19333652,-0.3721369
0.11061892,0.21194424,0.24955645,0.5030229,0.19905037,-0.019351032,0.10974708,0.06665231,0.23802644,-0.19781694,-0.1434902,-0.120262444,0.02165672,-0.0641202,0.059566185,-0.14626408,-0.09058417,0.22471055
0.15163653,0.24464233,-0.0064481623,0.11540672,0.16199896,0.23087193,0.31656158,0.13880692,0.14517295,0.18649167,0.32409465,0.23122525,0.2893207,0.15387996,0.28168038,0.25373244,0.28094664,0.057828847
0.14584607,0.42908698,0.13613838,0.38809502,0.43369484,0.3611901,0.39048082,0.26770478,0.21782237,0.13537131,0.07048627,0.062459454,0.29140592,0.080802366,0.23420662,0.19006902,0.14889684,0.10413038
-0.09913826,0.47628936,0.39796114,-0.008570956,0.4756537,0.47152287,0.37154633,0.21365437,0.11296354,0.15668333,0.17656589,0.1758225,0.19005208,0.5811127,0.24774939,0.14227875,0.06244028,0.27751863
0.166266,0.3134796,-0.0046749506,0.28573275,0.3312828,0.29490602,0.37416708,0.25339863,0.12103064,0.10629312,0.09258671,0.11973473,0.19001237,0.023373082,0.22269645,0.13387057,0.28615808,0.075241804
0.06460079,0.22458303,0.105767265,0.25103414,0.19435568,0.25733602,0.34997922,0.30997056,0.36878324,0.19784224,0.06926965,0.3653189,0.18996488,0.24807736,0.34791845,0.15478155,0.39768118,0.04347701
0.47025335,0.09558217,0.04088424,0.1351063,0.13867849,0.15138653,0.1030222,0.20966783,0.17620236,0.04891013,0.06433371,0.14399096,0.093789935,-0.01705612,0.16642012,0.089974746,0.21474315,-0.07192337
0.030760434,0.16250792,0.0055184043,0.48746604,0.14102101,0.00019240333,0.048939116,0.08385117,0.15447485,-0.055242196,-0.07937678,-0.054020412,0.016628962,-0.01605155,-0.028096125,-0.070729926,-0.056445807,0.06049963
0.32473266,-0.028906774,-0.054916933,-0.014351819,0.04147578,0.2701084,0.111498654,0.21053901,-0.046702486,0.09873541,0.23420969,0.020506319,0.045877054,-0.07943815,-0.009251334,0.07333322,0.21891275,-0.102780856
-0.0248539,0.34092277,-0.005024826,-0.017877445,0.32763952,0.2566184,0.35424277,0.38277912,0.05776174,0.2546665,0.033237062,0.2946179,0.22675544,-0.05682729,0.26242843,0.13878345,0.3869384,-0.027199568
0.37515438,0.0282518,-0.008040088,0.18506272,0.01751601,0.14062802,0.3460516,0.05563897,0.21965307,0.15598434,0.13881546,0.13095325,0.2493122,0.043974526,0.24009588,0.18917647,0.1737875,-0.053289182
0.49736965,0.4618395,0.28818893,0.07148028,0.45506206,0.4381968,0.41765973,0.49444103,0.34056866,0.26491535,0.08413644,0.3530028,0.2864535,0.14749652,0.3405064,0.16821635,0.43059546,0.21425945
-0.013880788,0.16473949,-0.08326687,-0.016582275,0.1797259,0.29682133,0.12604496,0.11884914,0.022952871,0.09559509,0.24780557,-0.024736555,0.08473453,0.1604909,0.09125157,0.122482665,0.09882766,-0.04998956
-0.08496689,0.032197773,-0.2094092,-0.07505194,-0.09848775,0.14877103,0.24986133,-0.01776261,0.09536274,0.25788087,0.15947145,0.16025722,0.083840705,0.11876674,0.13469629,0.11847086,0.09441517,-0.10988434
0.34167808,0.3358609,0.30899453,0.13806835,0.35284525,0.28791893,0.29159093,0.27679384,0.042341493,0.1118512,0.09027332,0.17742419,0.19084418,0.20764145,0.18246812,0.13489106,0.32257372,0.3345437
0.11905501,0.48495018,0.024292685,-0.0033130061,0.4035908,0.40012503,0.37441605,0.33251017,0.29966193,0.271563,0.071338356,0.48635513,0.17343484,0.111883745,0.3749549,0.17777698,0.5133219,-0.01089038
0.21501629,0.24444334,-0.0369071,0.06185942,0.26425424,0.27258253,0.34996822,0.23551723,0.22800328,0.2991394,0.07211483,0.3710196,0.13782951,0.09643446,0.28176624,0.18029538,0.41623384,0.024489608
0.10716556,0.5408235,0.13172795,0.11479769,0.49533677,0.38440344,0.41625875,0.47901958,0.3210178,0.28680247,-0.02298683,0.408401,0.27838504,0.07348144,0.44723406,0.14027402,0.50920296,0.06396098
0.2960044,0.18306586,0.09819777,-0.07298167,0.13670206,0.27686822,0.23425785,0.34861752,0.4231162,0.33608925,0.07352473,0.3156544,0.24233371,0.28504324,0.18971077,0.17525947,0.13700044,-0.030325774
0.31815952,0.32907158,0.32314253,0.19785914,0.3289109,0.2470575,0.22229064,0.16521342,0.0060407175,-0.009616781,0.14656861,0.091801345,0.22365114,-0.110906556,0.121616684,0.14173785,0.28405648,0.35719764
0.04784797,-0.07698855,-0.08886537,0.22089583,0.010250125,0.18629009,0.11728787,-0.052518394,0.0772471,-0.14664829,0.21040702,-0.071755245,0.10606474,0.024270948,0.10994586,0.06560251,0.17201434,0.11576426
0.08451619,0.35014918,0.31364834,0.3147243,0.31793872,0.37216687,0.40103444,-0.009790748,0.10700551,-0.10408349,0.15022632,0.06627764,0.14772561,0.21851858,0.28389135,0.04546791,0.26054496,0.43768072
0.08887374,0.38364476,0.17215529,-0.19850528,0.31919843,0.40741456,0.26632547,0.15431355,0.111062154,0.22695789,0.32224956,0.22272083,0.17396802,0.28346717,0.10599728,0.2346079,0.15927175,0.20681685
0.0498193,0.20760845,0.04064318,0.26048106,0.2228131,0.27987397,0.30006048,0.2974315,0.38014275,0.16990753,0.12006937,0.2801292,0.24421418,0.24456577,0.28076494,0.19782856,0.2604276,-0.0087872
0.30537558,0.40608475,0.12744999,0.35874373,0.3595659,0.23175551,0.28454596,0.28561994,0.14040157,0.058694668,0.00454773,0.18517362,0.18121254,-0.01698692,0.23736097,0.024988469,0.2712342,0.16790387
0.22915775,0.28945768,0.06381562,0.02963657,0.24460348,0.33873007,0.37280846,0.30824447,0.13748835,0.24473153,0.21661054,0.3588477,0.21681425,0.21328212,0.3422288,0.12154003,0.43856704,0.17537889
0.09340008,0.39892855,0.20984098,0.05148711,0.41249165,0.43788242,0.35809362,0.34535068,0.15923764,0.17432615,0.18280871,0.41619414,0.22864473,0.09687495,0.36320975,0.21215697,0.5862166,0.27908558
0.12054444,0.43853924,0.1799385,-0.06267633,0.38649482,0.3717704,0.37424827,0.35549214,0.12990148,0.2778408,0.06310714,0.22834256,0.16313335,0.3818077,0.17768787,0.09474354,0.17478068,0.24231726
0.020755226,-0.1546676,-0.22566667,-0.052254193,-0.08723,0.048116572,-0.12675112,0.020887546,-0.050092645,0.058397412,0.30937058,-0.030053498,-0.038251925,-0.118811406,-0.3207036,0.023691108,-0.11432331,-0.2047868
0.2209821,0.3219397,0.3534127,0.18921211,0.37353647,0.33780658,0.22636335,0.33157462,0.40677047,0.14496014,0.13827357,0.37114084,0.2761516,0.1482749,0.23993048,0.22134301,0.2901408,0.05344598
0.13385876,0.048369654,-0.107838616,0.46759266,0.036186993,-0.025991276,0.17899564,0.13400762,0.2058171,-0.009098945,0.038396988,-0.050577246,0.08114381,0.049578533,0.080322474,-0.03475333,-0.033660024,0.06250751
-0.1705536,-0.04535801,-0.31990945,-0.0889615,-0.062831685,0.06706263,-0.054764822,0.18478912,0.13581416,0.15731402,-0.0065113357,0.25377217,-0.07849194,-0.26468933,0.072728604,-0.04245611,0.21928371,-0.35694742
-0.05580895,0.29707488,0.117474206,0.040197976,0.27136058,0.33915278,0.26766354,0.3560297,0.13536207,0.18959247,0.013345258,0.27746102,0.15339336,0.27702886,0.25875393,0.0037134008,0.18620875,0.08395046
-0.13033026,0.08698046,-0.17859596,-0.17743501,0.031038864,0.19659847,0.17302652,0.38832834,0.07348138,0.2929688,0.027180236,0.36150312,0.037092045,-0.057614625,0.17928517,0.034391284,0.30465817,-0.15645419
0.100392655,0.20718756,0.24809656,-0.00029906537,0.2098545,0.16932973,0.28320652,0.37194002,0.07068229,0.25333124,0.09664206,0.3811108,0.21286243,0.09337242,0.25016597,0.1703512,0.4225005,0.25978124
0.116431676,0.21547794,0.021924425,0.0429722,0.21565256,0.29132804,0.37366426,0.26574865,0.11414475,0.20689665,0.09820338,0.15792921,0.16589603,0.21076019,0.20706028,0.09813574,0.32830608,0.1302666
0.2103701,0.5161501,0.24460082,0.058360673,0.4608978,0.47319645,0.5102931,0.39636686,0.18625283,0.26723158,0.16925813,0.3598557,0.27606225,0.26808095,0.3522037,0.19842893,0.37077975,0.30410495
-0.0049477927,0.39817882,0.05673659,0.4534688,0.34802723,0.24148574,0.3233072,0.26928198,0.13634363,0.053299896,0.0428049,0.0048449803,0.24078333,0.0060004275,0.25446254,0.06172054,0.15646288,0.13128841
0.11283151,0.17846462,0.115890004,0.3158745,0.21565083,0.22562498,0.25358778,0.27464682,0.08431863,0.07027405,-0.009881532,0.13041693,0.16700774,-0.013898583,0.053645022,-0.04831493,0.11579285,0.26642025
-0.011537323,0.17058094,-0.013045743,0.060737066,0.10036592,0.19093661,0.11387445,0.2729659,0.24868843,0.1887502,0.23601916,0.32274926,0.22740199,-0.027054863,0.23294798,0.23347947,0.2693606,-0.14833723
0.2665801,0.07700235,0.08704121,0.23634933,0.11005187,0.19823843,0.10960865,0.19848493,0.27806935,0.019731883,-0.05138985,0.1662753,0.07255236,0.06798488,0.08136548,0.034987602,0.1446414,-0.0007297667
0.19184741,0.37991577,0.3742293,0.1897212,0.38760823,0.37293962,0.3315574,0.24762174,0.15068612,0.21383297,0.0950156,0.17932323,0.32892263,0.26453143,0.23163174,0.2102042,0.14272392,0.1729355
0.13051301,0.20859453,0.15401259,0.046721157,0.25612387,0.1890034,0.37576407,0.11594298,0.006983287,0.10792522,0.2380495,0.22307521,0.18918233,0.08549605,0.21703154,0.226903,0.43096095,0.37108728
0.11213574,0.35893068,0.05177401,0.27146578,0.32163638,0.25853035,0.37540865,0.21314886,0.2072938,0.114528105,0.059105497,0.20281258,0.15235732,0.14457494,0.28889343,0.11946581,0.3192947,0.08759886
-0.024550643,0.39926717,0.0306666,0.18852518,0.3019979,0.3591833,0.36889055,0.29377818,0.20841941,0.23407272,0.009385854,0.29993862,0.18791774,0.027172945,0.28262365,0.15215184,0.34926742,-0.08768906
0.0070116725,0.34264317,0.028037228,-0.14802517,0.30448967,0.4943999,0.1785683,0.32346937,0.16668877,0.25350994,0.10914473,0.372859,0.1118135,0.090061694,0.18634225,0.12279964,0.24480373,-0.21381968
-0.11630772,-0.088073224,-0.10493358,0.065677345,-0.16933054,0.022836253,0.14270443,0.1262343,0.15370369,0.19849065,0.17405242,0.3238647,0.13508663,0.036834396,0.10446122,0.16227706,0.16338587,-0.115916505
0.12484264,0.4758032,0.05109892,-0.044625416,0.45060122,0.48743397,0.27955902,0.30642152,0.20656586,0.268898,0.050046805,0.35060573,0.16044354,0.021368941,0.33679265,0.16362606,0.41158321,-0.114772126
0.22698446,0.44456494,0.07107489,0.10337662,0.4818449,0.35893455,0.3254145,0.4818747,0.4170191,0.27143532,0.0098082395,0.39856464,0.23605955,0.11383268,0.35645777,0.19481602,0.45541787,-0.016194515
-0.10685398,0.15052195,0.21630378,0.045794435,0.035183676,0.15824692,0.18054976,0.17590979,0.16395369,0.24183396,0.13953449,0.26553383,0.14287892,0.36245176,0.009943165,0.11767602,-0.06471582,-0.04677237
0.11747987,0.23009625,-0.03147298,0.32228273,0.27215743,0.19726712,0.12593937,0.24121976,0.24557142,0.060385626,0.009623793,0.12017052,0.056290966,0.069675244,0.0649948,0.040648006,0.15123768,-0.073070854
0.13774624,0.32984406,0.16360131,0.25156718,0.2268055,0.25505596,0.12599492,0.23655152,0.24264441,0.098149635,0.048500117,0.23508042,0.24389389,-0.03918928,0.15578407,0.10863472,0.1701226,0.04025834
0.34628338,0.07241288,0.27659708,0.29609635,0.10752989,0.08962319,0.095312804,0.13678142,0.2242462,-0.07985675,-0.0733078,0.028951414,0.050839044,0.10618147,0.09583758,-0.07822274,-0.01899435,0.3038356
-0.17561033,0.1510894,-0.0310016,-0.13038099,0.12000058,0.25045753,0.11979094,0.37190723,0.12991744,0.18961123,0.081019916,0.37196022,0.049097408,-0.020109596,0.12494673,0.038015176,0.34063068,0.012744924
0.02280282,0.3503277,0.026321305,0.13048284,0.3189145,0.1441723,0.34119758,0.26831037,-0.051493213,0.18725279,-0.02687463,0.14543015,0.16208512,-0.05841424,0.23997709,0.07952556,0.31388372,0.04940384
-0.007573546,0.100448385,-0.16798364,-0.19987062,0.16755486,0.25220466,0.120566495,0.16439596,0.059185106,0.1650942,0.4190286,0.19722828,0.015040403,0.008350955,0.103817046,0.122528456,0.27451357,-0.14826569
0.09003747,0.4573707,0.15304562,-0.12785776,0.402529,0.42403668,0.3788074,0.3704188,0.25747934,0.29771993,0.14692828,0.38491744,0.1855468,0.33681148,0.24295272,0.15405443,0.25971907,0.15176825
-0.007135202,0.33236933,0.047786333,0.01663843,0.2582038,0.3105115,0.3338616,0.42842373,0.16005382,0.27059627,0.0765463,0.4650849,0.2261129,0.07886118,0.29583818,0.13973612,0.45244044,0.18195191
0.17231819,0.473575,0.30976892,-0.010010919,0.44891465,0.46471524,0.38637292,0.4324174,0.24769905,0.24819598,-0.008475832,0.3224135,0.26395184,0.17266892,0.41266313,0.115274206,0.3948812,0.17079514
0.080729656,0.04803423,-0.16576988,0.07425096,0.08137836,0.11874361,0.18606453,0.1577183,0.28080413,0.2559343,0.103428215,0.33280426,0.102382734,0.017358929,0.20589054,0.18541226,0.36250353,-0.17814124
0.41985044,0.1709499,0.24200895,0.16808602,0.25768128,0.29159144,0.27802616,0.10998496,0.010198956,0.011053421,0.2863844,0.058541246,0.15928075,0.15312561,0.09603761,0.179461,0.27595377,0.37742558
0.25948137,0.12764335,-0.046038307,0.008805125,0.16158387,0.29250517,0.34290886,0.25847143,0.14960048,0.21054725,0.19370101,0.2222012,0.2373507,0.083124876,0.35752636,0.19867414,0.41034305,0.02217951
0.24617335,0.28691354,-0.019871598,-0.0012189688,0.24012992,0.2862143,0.13117099,0.3003369,0.09101577,0.14689013,0.027765065,0.2687183,0.13152558,-0.12962654,0.20498756,0.05563766,0.35668015,-0.0785485
0.008667264,0.22484884,-0.044909604,0.1927244,0.119704634,0.32910874,0.36127973,0.15957737,0.31821015,0.12922391,0.13473144,0.3499835,0.20560363,0.21645233,0.42158854,0.14351645,0.4322487,0.10809623
0.04270206,0.2978031,0.15991974,0.35825562,0.32085776,0.16630507,0.25975126,0.38775074,0.12404126,0.08655554,-0.07532388,0.1162439,0.2381677,-0.082037434,0.24247116,0.06862278,0.25525457,0.1279747
0.038465023,0.47233254,0.20604005,0.013891322,0.39495838,0.37619895,0.31089562,0.4085567,0.18354249,0.21998966,0.01994772,0.39622444,0.21736512,0.012312694,0.3570834,0.10462664,0.4542591,0.14663719
0.063246936,0.32981673,0.23760968,0.14342797,0.31253523,0.2688979,0.2839051,0.22334293,0.10808259,0.05308345,0.07173591,0.27703857,0.15859455,0.19922496,0.25394958,0.12992886,0.39583823,0.3442369
0.07361257,0.1927056,0.22128129,-0.029645965,0.20493443,0.26258934,0.14987633,0.46275073,0.095292926,0.20772249,0.014798919,0.2723214,0.111042984,0.14785981,0.11818578,0.025777938,0.22733815,0.15303671
0.2175625,0.1472531,0.03627295,0.2653452,0.15953064,0.078248516,0.013004666,0.20418477,0.17297065,0.022412077,-0.040670972,0.1881946,0.05662902,-0.16474111,0.052016146,-0.03476097,0.16419911,-0.06241513
0.19211665,0.2010315,-0.053969502,0.32254562,0.2274189,0.18098691,0.15871644,0.24363497,0.22902456,0.11893726,0.025479259,0.15345573,0.07512733,0.05411353,0.06305447,0.05639382,0.1833176,-0.09644009
0.013235805,0.32662198,0.16601446,0.071321934,0.3956796,0.3850354,0.4345485,0.31708398,-0.027483655,0.12764318,0.31936875,0.11496864,0.2559854,0.24180678,0.30858994,0.15248829,0.32900545,0.39877337
0.10083082,0.2573403,0.28924367,-0.11592239,0.2763068,0.3151192,0.11046118,0.25772148,0.1828467,0.12364954,-0.04737342,0.22821972,0.03821736,0.13430618,0.13584381,0.047012374,0.17047189,-0.015623246
-0.012034228,0.15855223,-0.117872596,0.036296025,0.09275526,0.25406402,0.36144653,0.3275494,0.2661417,0.2950984,0.13233626,0.29726794,0.1864469,0.2519574,0.3836791,0.16753197,0.4068179,-0.055997025
0.25298715,0.36431384,0.11487165,-0.026118092,0.25372145,0.26321474,0.20136213,0.23278148,0.28177756,0.31947833,0.030761478,0.2925007,0.22147453,0.12845351,0.15002,0.17879635,0.14361754,0.014842615
0.2722658,0.5832608,0.2750667,0.10156802,0.5166286,0.48829508,0.40583733,0.30845845,0.30110314,0.19337717,0.07194278,0.3108142,0.31555223,0.19191206,0.37184978,0.1883958,0.34014794,0.15099242
0.1544103,0.4208734,0.36479706,0.21614632,0.35370648,0.26180694,0.35710186,0.22252527,0.16212538,0.07861258,-0.06156583,0.15175043,0.23596916,0.18905967,0.23370788,-0.0022728455,0.093091734,0.23491701
0.08495364,0.28406754,0.40924948,0.029447269,0.34681028,0.3125408,0.34332013,0.2637174,0.30781686,0.10401414,0.0687799,0.22884026,0.17530383,0.44558775,0.29253495,0.14294755,0.19461906,0.38753116
0.18602964,0.31027514,0.058438025,0.099496365,0.27818003,0.31802166,0.4219584,0.18190607,0.22686268,0.11810371,0.14706859,0.14386332,0.12545681,0.22989497,0.3644632,0.10990888,0.44001448,0.18748161
0.17987168,0.2773765,0.032218926,0.078690946,0.26289442,0.33011007,0.17195354,0.17780802,0.046398513,0.1666383,0.0720354,0.1817478,0.14866555,0.030303592,0.13553974,0.17705747,0.23715591,-0.09448469
0.24183863,0.23659258,-0.1629774,-0.00962229,0.19586295,0.33760804,0.255748,0.18586238,0.2329176,0.31390664,0.12360808,0.37342313,0.24134311,-0.071648434,0.23885173,0.2037596,0.368096,-0.19179308
-0.08075691,0.3271104,-0.025444355,0.070878185,0.19784214,0.3528729,0.20623943,0.36378565,0.23092364,0.19748378,-0.022400353,0.367007,0.14532244,0.019646311,0.2845653,0.09947403,0.3867705,-0.12438047
0.40694827,0.19003677,0.12064539,0.4578582,0.21418893,0.046146862,0.098334044,0.08654767,0.090869345,-0.15874767,-0.04977568,-0.18293016,0.024538608,-0.24401122,-0.04638404,-0.10141669,-0.07354854,0.08555911
-0.08119017,0.15089625,-0.003224989,-0.17338337,0.131262,0.32467705,0.3829027,0.40603042,0.2668208,0.29562384,0.12531924,0.34512648,0.14650391,0.31670424,0.35403514,0.15828663,0.36936882,0.008216557
0.16527227,0.18535778,0.18381186,0.03535814,0.3332134,0.26054227,0.26100793,0.15737298,-0.09604049,0.046476852,0.30270466,0.0028789262,0.11345331,0.036752947,-0.008300746,0.19800651,0.24248497,0.32448268
0.13930097,-0.108654015,-0.22966897,-0.046634294,-0.012322405,0.10103335,0.0038092246,0.034447845,0.03553781,0.19509238,0.024211608,0.12150866,0.08701857,-0.04065981,0.00082707545,0.049357623,0.047938198,-0.2913988
0.13422267,0.27842796,0.068566546,-0.009395825,0.27718234,0.31175372,0.3347992,0.2433446,0.07048138,0.22071536,0.3333016,0.22896916,0.17543736,0.2179844,0.18852422,0.13522267,0.31347805,0.19008592
0.42744935,0.31020606,0.41043591,0.0032098936,0.31720442,0.32152504,0.22448562,0.41088414,0.18003759,0.2554565,-0.019152418,0.334598,0.20969677,0.15680514,0.21754122,0.12668884,0.25347102,0.1474212
0.27887583,0.42873883,0.15624093,0.3768519,0.40130103,0.27180648,0.34612685,0.2815036,0.14667758,0.0646491,0.03901072,0.18936005,0.2082038,-0.004624016,0.26797417,0.05549519,0.29489535,0.21913506
0.37200975,-0.093647964,-0.15220614,0.15820643,-0.024839994,0.10384421,0.1845547,0.157653,0.22157307,0.105311714,0.14374793,0.08265152,0.15612599,-0.12887725,0.17006467,0.104968265,0.19558531,-0.21520609
0.1773421,0.3521225,0.21567556,0.2536268,0.3298347,0.40431625,0.3172245,0.4148985,0.22438604,0.15965953,0.034178924,0.34656543,0.3005641,0.010650458,0.30843788,0.09432008,0.30565763,0.13463151
-0.09682147,0.18411243,0.13215342,0.060727686,0.22408542,0.3125788,0.25402933,-0.012792166,-0.051341224,-0.042712018,0.2580171,0.075978324,0.019922068,0.22879605,0.08252895,0.080470145,0.21665896,0.2910089
0.15550113,0.34132317,-0.0041133463,0.050181963,0.31447124,0.30932075,0.2945361,0.27417022,0.29651666,0.29786095,0.20393057,0.22208773,0.23137239,0.2627976,0.23157349,0.1874415,0.20815536,-0.021898339
0.2841406,0.3269335,0.27081802,0.055231914,0.40711358,0.25336206,0.23272501,0.41848612,0.24798647,0.18137172,0.08146251,0.16078487,0.27872035,-0.06987221,0.17695469,0.21623404,0.22896168,0.081699595
0.12682515,0.12918983,0.080245,0.34667552,0.13947442,0.24005388,0.18342318,0.28209049,0.38150573,0.12731603,0.11959396,0.25703523,0.2603495,0.11461263,0.20801467,0.17288592,0.15720484,0.06531911
0.059473466,0.25020432,0.24900144,-0.06259833,0.28264868,0.30507773,0.0870737,0.2807396,0.26626247,0.17979378,-0.04730659,0.25596884,0.14781645,0.18843547,0.13313943,0.17906857,0.088225365,-0.03323781
0.041792225,0.23469338,-0.03159665,-0.05493918,0.2279374,0.36501163,0.08314265,0.34796482,0.13709751,0.18413463,-0.015053049,0.28138745,0.022007398,-0.059936367,0.17223696,0.027869275,0.3090825,-0.21390954
0.30903578,0.57558405,0.29085344,0.018716607,0.52428055,0.44453156,0.40621346,0.27357063,0.17304833,0.23551236,0.06769378,0.26175755,0.2592085,0.1405573,0.35470563,0.23005542,0.31250596,0.12686501
0.009143243,-0.14217848,0.092128575,-0.004082291,-0.110558406,0.066333055,0.010079878,0.18400747,0.25624067,0.14899385,-0.07669402,0.15904397,0.14726791,0.14769702,0.003909216,0.11981554,-0.068288065,-0.1845728
0.28061986,0.33293915,0.15803285,0.11016775,0.3889922,0.38800728,0.31227046,0.1646077,0.06663246,0.007816612,0.15794837,-0.06471833,0.16323815,0.09578791,0.17611426,0.10328908,0.11275861,0.21734537
0.22399709,0.2847469,0.096797295,0.006389162,0.30123115,0.28044474,0.20807742,0.35998464,0.22876571,0.25869596,-0.029014442,0.29405713,0.16686946,0.25539953,0.24943532,0.0949256,0.29735762,0.07927099
0.10583308,0.23591307,0.31234664,0.09103146,0.3092915,0.22793482,0.31901518,0.14764169,-0.051758513,0.07566593,0.19010195,0.1368861,0.17473388,0.105432734,0.10582908,0.2016529,0.31295413,0.44105208
0.22704005,0.06981374,-0.08226813,0.47068244,0.041252594,-0.1262207,0.05499571,0.07154843,0.15145516,-0.0383406,-0.079138085,-0.15154845,-0.0019260324,-0.03589692,-0.061961524,-0.13627931,-0.1670948,-0.082527354
0.0070327655,0.07505007,0.15259787,0.30031508,0.08565223,0.17874286,0.19844812,0.2696814,0.3429562,0.10720409,-0.008986347,0.22075526,0.14944655,0.14362234,0.23637456,0.12555155,0.2737047,-0.01803895
0.46647492,0.28791946,0.31106415,0.23093173,0.30705756,0.22637211,0.25253966,0.3464597,0.35389015,0.08661086,0.115155935,0.07444562,0.35595053,0.12699476,0.18991798,0.17096357,0.07511604,0.13043168
0.07802279,0.37606448,0.1366513,0.09060051,0.39832604,0.33829355,0.22202969,0.47688782,0.33182597,0.21441291,-0.010287041,0.32620922,0.2674899,-0.03969449,0.2936757,0.15310416,0.33894253,-0.12315496
0.12659313,0.32454485,0.2850569,0.030197507,0.38379025,0.3300304,0.31331033,0.37679133,0.19483528,0.18053132,0.17612067,0.36335063,0.23795484,0.16999276,0.24886161,0.19247964,0.43502456,0.3482609
-0.16603741,0.27458686,0.16337097,-0.058160633,0.17552051,0.2888891,0.10701375,0.29840523,0.07040617,0.14294809,0.055130012,0.37008107,0.090685815,-0.096173644,0.033309236,0.050106198,0.16173644,0.014284273
-0.08984801,0.102829196,0.047068536,0.18857235,0.07641603,0.17444867,0.14557755,0.27185476,0.25132066,0.12957224,-0.042481337,0.24032226,0.07206033,0.089801855,0.17398682,0.05739617,0.26267904,-0.16533317
0.013512328,-0.072984785,-0.27784675,-0.14961952,-0.12734649,0.05710596,0.062380876,0.17403385,0.10152288,0.1820992,0.06780186,0.3299597,-0.031481173,-0.03402304,0.16918166,0.0053028762,0.35489726,-0.16697869
0.30537504,0.20600885,0.30101803,0.31898195,0.17949009,0.3714112,0.2283543,0.09942504,0.15523398,-0.057921987,0.14607874,0.15200649,0.15689257,0.14180174,0.124610156,0.040948555,0.16995443,0.19000337
-0.008749367,0.086354844,-0.05892407,-0.0149196,0.09132026,0.21478212,0.16629602,0.3989045,0.20952311,0.15265061,0.059724104,0.23835844,0.077665314,-0.011546793,0.24228425,0.061501984,0.37436652,-0.058302917
0.1012299,0.4168719,0.15711641,0.34380934,0.3751524,0.184051,0.38658404,0.3244129,0.07263042,0.07820782,-0.05069018,0.14190525,0.24438739,-0.08996487,0.31403038,0.038231507,0.3337233,0.21607715
0.13434392,0.48925298,0.059474245,0.014340156,0.4388891,0.21444035,0.31968677,0.30450177,0.2520154,0.22678742,0.07912918,0.5014259,0.22639471,0.011656374,0.3984844,0.20995888,0.54571176,0.16326505
0.19061984,0.27417836,0.18367761,0.111473784,0.39791173,0.35035717,0.40352476,0.23713127,-0.047355633,0.13244712,0.32257414,0.015286783,0.20128006,0.1890423,0.10876284,0.19126695,0.27761894,0.43404663
-0.07746106,0.22200218,0.1577591,0.17920557,0.14131227,0.12754248,0.13430053,0.2373827,0.22434485,0.08293242,0.13060614,0.20783709,0.25255606,0.058183573,0.29153234,0.15373348,0.22574168,-0.009658556
0.16261578,0.2746769,0.13115871,0.44393644,0.15300968,0.18178804,0.19934654,0.2593379,0.31020403,0.007028777,0.0076247705,0.13148633,0.257644,-0.09335968,0.20216122,0.08182046,0.109772995,0.064547956
0.018805712,0.072030686,0.11919643,-0.19741085,0.16152751,0.24549651,0.09150705,0.21386015,0.031041339,0.1269705,0.24375905,0.14639607,0.02491301,0.19770873,0.07643599,0.102183044,0.16502918,0.15323529
0.08016437,-0.05642099,0.09113246,0.43416718,-0.05131927,-0.04463977,0.06789227,-0.078630604,0.04038287,-0.16929278,0.010699971,-0.255932,0.039916866,-0.11035448,-0.13883132,-0.048177525,-0.23929673,0.06259965
0.14101645,0.28141534,0.33437976,0.4202571,0.21533464,0.061331827,0.14182362,0.16466145,0.36501652,-0.053607434,-0.08647221,-0.009302052,0.18719469,0.019223476,0.12475663,0.021412412,-0.128351,0.28516212
0.40203387,0.032013338,-0.040476903,0.18861784,-0.008212941,0.15616107,0.18924282,0.25226137,0.1263726,0.21669273,0.09490852,0.24599575,0.25156578,-0.080293834,0.10001192,0.119572744,0.152975,-0.13276571
0.071056545,0.21283144,0.043299522,0.124604076,0.19558747,0.14259411,0.36018172,0.1985482,0.11596997,0.32809192,0.13866258,0.25772923,0.2985795,0.03694676,0.25325233,0.24841851,0.25825316,-0.07793817
0.2456805,0.1165752,-0.050200507,0.36149943,0.057576105,-0.00281017,0.11551909,0.1506846,0.21360412,-0.026146088,-0.04591588,0.020391095,0.14892142,-0.15861638,0.09267095,0.0033074643,0.071964756,0.06152563
0.100139976,0.49556494,0.24410526,0.29414397,0.40280947,0.35012552,0.3262739,0.3674358,0.32915637,0.10387765,-0.03733449,0.31967086,0.33693877,0.022380283,0.3731599,0.11636107,0.35220474,0.11852043
0.10293866,0.22490488,0.011005706,0.049359873,0.19872282,0.26665872,0.14845508,0.29158014,0.19132799,0.2391004,-0.0333891,0.31708655,0.11263667,-0.06089061,0.20782635,0.08687683,0.3141698,-0.19233763
0.108423054,0.4947573,0.075748436,0.052908666,0.3696197,0.39748776,0.28174567,0.42797434,0.31342077,0.26247635,-0.015366681,0.3619814,0.22221705,0.06967734,0.3307705,0.114222914,0.36420435,-0.010962012
0.13369712,-0.08423142,-0.20348728,-0.16600893,-0.053793743,0.2104778,-0.0563831,0.22361512,-0.025106102,0.19905773,-0.10654915,0.12709945,-0.0687367,-0.09769972,-0.005115716,-0.05839629,0.11053893,-0.22259805
0.08587125,0.51377106,0.13599876,0.07070215,0.48083615,0.4247983,0.39337814,0.31702015,0.21499312,0.29244322,0.10031723,0.3188221,0.3017881,-0.02501715,0.3917567,0.22589542,0.41447324,-0.06691355
-0.14846247,0.11199897,0.2917573,0.069112994,0.070101246,0.2596595,0.05849933,0.13426775,0.15676844,0.07020557,0.0111703575,0.20014948,0.034615904,0.34534,-0.021632303,0.03979922,-0.08967698,-0.013576077
0.22983155,0.37132168,0.087086484,-0.04600767,0.41703987,0.3552984,0.39753383,0.45148158,0.20927256,0.34255302,0.034651607,0.23517758,0.19708088,0.17083119,0.27656922,0.11208219,0.3135,0.16294728
0.37614894,0.43069303,0.29450753,0.32138097,0.44257113,0.35618997,0.35360685,0.33177766,0.38712883,0.12061214,0.07044688,0.24392821,0.28803527,0.2379391,0.3225265,0.22854207,0.3083381,0.17659414
0.37892333,0.014403645,-0.14209351,0.16539407,-0.015176177,0.03853496,0.22236682,0.01448551,-0.04606297,0.10791977,0.15987527,0.11873314,0.08297113,-0.054755207,0.071731426,0.09634845,0.20929787,-0.04762697
0.3516013,0.082514234,0.1900316,-0.045074612,0.18716621,0.1358042,0.10824924,0.2113286,0.3133485,0.18193498,0.17863348,0.19960953,0.17171608,0.054600045,0.09767531,0.19653064,0.14733255,0.00203316
0.32543397,0.5047624,0.42671943,0.17301676,0.40739113,0.37352377,0.3288059,0.34989488,0.33420283,0.13055634,0.114558,0.31942427,0.34729308,0.20619285,0.34386033,0.21337834,0.24401814,0.32601872
0.088720724,0.49029747,0.2939852,0.07117331,0.4194819,0.4243462,0.39345112,0.2515901,0.1841163,0.13437185,0.10051009,0.28468642,0.23257025,0.20420289,0.3257411,0.10178212,0.31048846,0.12286539
0.11680536,0.40836915,-0.021915646,0.09714785,0.36388874,0.30113995,0.31602496,0.21010491,0.20065545,0.25920248,0.18643034,0.35028392,0.2745102,-0.07975045,0.32433063,0.273534,0.45516568,-0.09959118
0.016410185,0.47802877,0.020323686,-0.024904616,0.41062182,0.3850682,0.3409859,0.35504693,0.23941979,0.2578244,0.013129308,0.48115295,0.17523682,0.0246801,0.31620663,0.100466534,0.4037109,-0.04821753
0.2553848,0.20934471,-0.020991586,0.21539105,0.22437158,0.18008643,0.24938813,0.14110057,0.43879116,0.1896535,0.12619692,0.3431657,0.21293494,0.02659449,0.22145003,0.22527389,0.2684822,-0.12545893
0.20739418,0.25796977,-0.11826694,-0.03245441,0.23172833,0.2702561,0.28872776,0.23241985,0.013989865,0.24612726,0.11028099,0.224772,0.10019356,0.049869068,0.20924214,0.0455172,0.3450817,-0.10635826
0.14417948,0.24764359,-0.028912231,0.40690196,0.261855,0.21140885,0.13303559,0.19980893,0.19666892,0.040779263,-0.022895232,0.078890435,0.04641168,-0.001191515,0.036001265,0.00017950195,0.11684674,-0.08782134
0.17935054,0.4946908,0.21877892,-0.036449276,0.47683597,0.38113368,0.26977384,0.3524259,0.18332937,0.23178938,-0.02267361,0.26276052,0.12626174,-0.023609096,0.28589743,0.11606434,0.3379017,0.06602925
0.37698612,0.19191888,0.3974535,0.3547063,0.17451145,0.11841678,0.20958266,0.12661068,0.20248279,-0.041247264,-0.07243984,-0.007793968,0.15165782,0.14148307,0.054905616,-0.06035833,-0.16159156,0.2585558
0.11015128,0.33056736,0.12323597,0.14172195,0.2905538,0.26678973,0.467432,0.2361981,0.30845606,0.19901444,0.31441844,0.27460203,0.32154164,0.3766473,0.42653847,0.25245437,0.3182391,0.22795364
0.411898,0.17872243,0.20424676,0.16236266,0.14234081,0.278704,0.42834842,0.05062738,-0.054843675,0.05879193,0.24978885,0.095027186,0.21189882,0.2074701,0.18344,0.1458233,0.22868554,0.33857852
0.046192124,0.35708028,0.28368396,0.31371614,0.34739712,0.3476762,0.40907693,0.18064469,0.23420453,0.15484527,0.12379527,0.16021091,0.3675269,0.22927226,0.40193588,0.21822488,0.25713378,0.1815776
0.02526201,-0.22315432,-0.27270386,-0.03218595,-0.16422933,-0.14333656,-0.089892834,0.08675419,0.3370357,0.16072297,0.14488035,0.16271505,-0.013523095,0.02686331,0.052579105,0.07454254,0.10962339,-0.2806005
0.4778779,0.279168,0.371358,0.20268588,0.31434828,0.25991374,0.30241778,0.20356078,0.36975485,0.11061721,0.05552054,0.17646882,0.2528782,0.20228425,0.23769383,0.15775254,0.17883052,0.20714895
0.36612552,0.09343366,0.21586397,0.0148311425,0.13846734,0.24947494,0.060266573,0.20587565,0.16239244,0.008503457,0.14076132,0.18456481,0.072676,-0.033967227,0.071213275,0.07754274,0.21997344,0.053545058
0.17958575,0.29832503,-0.04377224,0.41537234,0.28898472,0.15787444,0.26842505,0.11189743,0.19274011,0.017493699,0.046135183,0.047159974,0.0788861,0.0050742617,0.12773037,0.021185093,0.14466688,0.041253872
-0.043076552,0.21207333,0.14055744,0.10787684,0.13775834,0.29243696,0.19324279,0.30783248,0.25578004,0.19446275,0.010369228,0.31480375,0.1381696,0.049171627,0.14279509,0.075688705,0.2015767,-0.09449163
0.1926986,-0.12610859,-0.09806116,0.41021454,-0.13156128,0.052795954,0.17557628,-0.0494202,0.22853392,0.029615426,0.16187674,0.059881985,0.22422631,0.014147242,0.055886723,0.10998493,-0.06660931,0.05189921
-0.004109287,-0.22528496,0.006296841,-0.047151368,-0.20574203,-0.12983932,-0.13025512,0.09518232,0.16196255,0.1034929,0.146999,0.14650446,0.056854375,-0.15593325,-0.09110144,0.061798915,-0.0853293,-0.15809956
0.06771338,0.15166456,0.16682869,0.47000557,0.15880185,0.1957161,0.26076633,0.0060528778,-0.0673887,-0.12766862,0.09229498,-0.1567232,0.15915233,0.10447369,-0.044320084,-0.047462244,-0.13958538,0.30212873
0.50445753,0.12622458,0.29740596,0.46405154,0.18678516,0.16047129,0.214998,0.19551533,0.13132493,-0.07776862,0.067558736,-0.03435668,0.21467882,0.092953354,0.06841223,0.03940298,0.061007377,0.31140202
0.1213641,0.23199669,0.050706774,0.3250903,0.22362182,0.35156578,0.3123132,0.25529006,0.24813303,0.10486174,0.19960064,0.21527302,0.30209607,0.08074351,0.23577383,0.17449027,0.22837359,0.15263304
0.14246365,0.37910777,0.07267169,0.13739525,0.38105533,0.37578064,0.28895646,0.41081214,0.22647603,0.205855,-0.031530265,0.39279348,0.17428416,-0.03151391,0.2924958,0.145836,0.4688454,-0.047150172
0.38844517,0.2296688,0.35751662,0.3697068,0.22173227,0.066385165,0.063649386,0.21254066,0.20193343,-0.120188326,-0.02568566,0.075427696,0.16392082,-0.034407835,0.07560386,-0.043418184,0.009060649,0.3319599
-0.00074587343,-0.24050567,0.019241821,0.43017173,-0.22298041,-0.19513363,0.11314112,-0.173978,-0.15250805,-0.15334025,0.03149508,-0.20635802,0.007655033,-0.09025325,-0.048508555,-0.07774161,-0.061205924,0.14530396
0.033115357,-0.23859893,-0.17527539,0.030776134,-0.1856304,0.00027688686,0.15955985,-0.108991995,-0.17540789,-0.031246837,0.16056249,-0.1120207,-0.07103906,0.03682649,0.078574404,0.025900561,0.13351598,0.06757778
-0.013074809,0.4590184,0.33030763,-0.09781394,0.3996817,0.38320348,0.37483856,0.36438918,0.201629,0.26785225,0.12330383,0.4828155,0.29720837,0.1553396,0.30282554,0.24360369,0.33262652,0.20664293
-0.0019395677,0.42805845,0.035649233,-0.017654195,0.27933812,0.47920543,0.2927323,0.28967386,0.15715225,0.3165319,0.064364195,0.4471236,0.22595677,0.1033815,0.30914468,0.14711125,0.37154245,-0.024985624
0.10548544,0.39165223,0.038554832,0.017062314,0.31713808,0.32491103,0.34730658,0.4199776,0.2780163,0.30584648,0.11719671,0.4879939,0.20913443,0.145879,0.31940055,0.14051947,0.49250305,0.1345893
0.33394933,0.4947272,0.15364034,0.18470915,0.43162206,0.33457187,0.32359552,0.3132912,0.11867394,0.14406449,0.0792442,0.18574281,0.28809673,-0.060331803,0.29902735,0.1284154,0.38723904,0.10178404
0.09588945,0.29579014,0.2987083,0.34234166,0.30449972,0.37030977,0.39122897,0.042607076,0.13626274,-0.087902695,0.16020791,0.046908475,0.183288,0.25137526,0.2514985,0.062323086,0.21013592,0.4500155
0.39511746,-0.03364793,0.044830136,0.29719877,-0.011721655,0.110822186,0.111299366,0.13153204,0.14907211,0.036493465,0.0474783,0.11452545,0.15381089,-0.120882824,-0.00649834,0.09027232,0.13760155,-0.08714698
0.33233595,0.23826171,-0.012126182,0.23298469,0.20398925,0.2275982,0.29506648,0.31611496,0.18901062,0.21264091,0.08323907,0.25700867,0.1738854,0.11284976,0.18105045,0.10526687,0.25007814,-0.053397093
0.47675878,0.45628875,0.28774905,0.052754525,0.3789488,0.40226308,0.29815686,0.35227433,0.36688665,0.22246176,0.07580473,0.34862402,0.29194194,0.11184522,0.24742763,0.18369168,0.25188076,0.11052637
0.11282261,0.2496789,0.008548063,-0.05756377,0.27191627,0.30888528,0.06369964,0.24889904,0.088461526,0.18002921,-0.09171837,0.23467895,0.0075668055,-0.13447648,0.05078903,-0.042338148,0.18833408,-0.15683904
-0.108024195,0.22792864,0.10145947,-0.055582322,0.21960536,0.27623367,0.17248395,0.19780007,0.04824495,0.052696925,0.18595219,0.3630216,0.02538405,-0.027789256,0.12593867,0.091534585,0.4488976,0.17598984
-0.008513709,-0.17980528,-0.07533659,0.019427042,-0.21149656,0.055760123,-0.029713815,0.11655541,0.05489166,0.17636006,0.035378583,0.035352904,0.11102505,0.042136572,-0.1275202,0.0040167756,-0.16993085,-0.21120663
0.1708859,-0.19744805,0.020680055,-0.070360616,-0.18373773,0.16905728,0.0396376,0.027703471,0.10688113,0.10746013,0.1341855,0.12416051,0.05424079,0.07829969,0.024449352,0.110133946,0.036990218,-0.18479651
0.18867883,0.3016084,0.0727939,0.14881322,0.25124627,0.38541695,0.29216087,0.25365925,0.27782246,0.15556589,0.19711554,0.3033355,0.22085983,0.13685298,0.22411698,0.14099105,0.36607426,0.056802526
0.22329499,0.45214045,0.25400257,0.17692442,0.43937087,0.28827247,0.22682595,0.44521144,0.25407043,0.20297694,-0.033047587,0.26025155,0.27246362,0.0005690502,0.25073403,0.0725594,0.2456243,0.09851308
0.3094346,0.30430293,0.0775476,0.27223438,0.2702177,0.20966244,0.25147784,0.2292551,0.22350855,0.11176583,0.009302314,0.2558533,0.1579883,-0.0688413,0.17939624,0.0588831,0.28442115,0.06737081
0.06166499,0.07725151,-0.015704691,0.048343144,0.15675175,0.14371464,0.012769873,0.09356305,0.06626856,0.13352084,0.07040985,0.15538013,0.02063983,-0.06292964,-0.095804095,0.064457096,0.0625563,-0.2873168
0.11250654,0.1766551,0.19398344,-0.0018812772,0.3489732,0.21257716,0.3349271,0.2892902,-0.005136884,0.12639411,0.23339052,0.0313942,0.18586934,0.15065166,0.20565873,0.21170959,0.36087966,0.44580543
0.018464426,0.24921821,-0.16732243,0.030260596,0.0847111,0.23393887,0.31014407,0.18938589,0.2735869,0.28355834,0.20224082,0.48036912,0.14269775,0.104931496,0.29341114,0.18553922,0.40594336,-0.11272892
0.076666005,0.30653983,0.071848,0.12725942,0.30591843,0.28342593,0.27298796,0.45087165,0.09103,0.16612309,-0.07020269,0.2853602,0.12697865,-0.034054022,0.23405248,0.021353202,0.37021977,0.0977377
0.2016809,0.2615751,0.014869306,0.11654803,0.24665004,0.35135877,0.31790277,0.3797096,0.3720043,0.26122832,0.14504465,0.29584977,0.25467953,0.24281058,0.23973824,0.17000061,0.2565915,0.007985467
-0.0059373365,-0.030462146,-0.029096179,0.1923444,-0.017535876,0.12074646,0.10498968,0.23469332,0.41376764,0.08392949,0.0658064,0.38764352,0.15439653,-0.0088078175,0.21804245,0.1197368,0.34767562,-0.03808719
0.11591244,0.40024817,0.1493898,0.26405868,0.3206182,0.21187511,0.22943509,0.29495493,0.23123999,0.14661077,-0.024253387,0.32614237,0.26293218,-0.012097232,0.24319397,0.108511195,0.29601824,0.11692627
0.18242401,-0.1615808,-0.15143593,-0.029993284,-0.022604726,-0.009325077,-0.004648705,0.15845802,0.23298854,0.21543643,-0.04114277,0.030962069,0.054577507,0.07137306,-0.019367293,0.045574844,-0.04971183,-0.25748408
0.05896619,0.1793853,0.120428465,0.046165057,0.09146406,0.2998938,0.29160243,0.112305276,0.11434673,0.29783517,0.22974443,0.29833478,0.23766644,0.30116075,0.04950065,0.22528404,0.026777342,0.016354173
0.17992176,0.02499143,-0.03550695,0.36365682,0.023985036,-0.047907107,0.18040079,0.0041677738,0.046548262,-0.03554812,-0.00580961,-0.12621066,0.12976752,-0.101169035,-0.006901608,0.008927809,-0.047705337,-0.04019066
0.29777643,0.20970602,-0.018369168,0.06029875,0.18485568,0.33384725,0.108747624,0.23733835,0.08045522,0.104807906,0.081811324,0.22615571,0.14543816,-0.1156473,0.17023873,0.09690358,0.31647998,-0.13211182
0.11911805,0.1639615,-0.116401196,0.117965996,0.14547238,0.2638582,0.21715611,0.32381737,0.23460776,0.26267177,0.05729724,0.33553553,0.11338393,0.11564713,0.14772785,0.09534094,0.33039233,-0.078284755
0.46292472,0.11694503,0.19005568,0.41373134,0.09773645,-0.059326883,0.19038424,0.021129247,0.20772122,-0.11899862,-0.08144531,-0.12366468,0.05671377,0.04861195,0.07115452,-0.09196798,-0.117111266,0.17152765
0.14992963,0.3412384,0.07900989,-0.0005033561,0.322806,0.47415587,0.34972358,0.53103507,0.2246856,0.3528098,0.03215167,0.32431206,0.2740436,0.0039728144,0.30680698,0.14107655,0.37177277,-0.09105976
0.0038096192,0.07204181,-0.13917011,-0.097656384,0.061892625,0.19502427,0.14027819,0.06722642,0.10767691,0.20026651,0.07855169,0.36103112,0.13118806,0.04958383,0.14045653,0.07119073,0.12656845,-0.16055688
-0.017740369,0.255196,-0.011793612,0.03282635,0.17424478,0.32422802,0.3312198,0.3915084,0.16981587,0.3757732,0.09941797,0.45710698,0.20690936,0.1742244,0.2530931,0.15482281,0.355179,-0.05623755
-0.008302821,0.3585915,0.043579325,-0.06878631,0.19510806,0.35598695,0.26796764,0.3731286,0.19530484,0.34812915,-0.022258531,0.5498512,0.19256638,-0.019431401,0.25676554,0.14725223,0.4014905,-0.09926819
-0.073588796,0.20240578,0.031989623,0.049680334,0.07599056,0.46345502,0.17834935,0.1764138,0.11006535,0.20861405,-0.06269621,0.22458565,0.06780041,0.017159114,0.10357439,0.05395239,0.16172233,-0.2500249
0.18475047,0.4763537,0.07957395,0.1433062,0.45552462,0.34067097,0.39713013,0.43672687,0.31768394,0.25218946,0.09134305,0.33897513,0.27010554,0.08246117,0.42960963,0.2039737,0.4912222,0.09284723
0.12584129,0.22735915,-0.036324672,-0.2339206,0.29804474,0.31588584,0.19569948,0.28423077,0.10930987,0.2849414,0.15570056,0.193761,0.060418837,0.0961365,0.1880733,0.1486915,0.2185508,-0.10478921
-0.09565967,0.39467376,0.088950396,0.04675238,0.31675738,0.45145237,0.3224197,0.41823742,0.27636874,0.23433284,0.04855773,0.43192583,0.21711102,0.04213989,0.44415247,0.16174103,0.53221965,0.010906516
-0.06365588,0.100556195,-0.18743986,-0.2100635,0.18329552,0.24061024,0.03343855,0.22103693,0.061656594,0.20714086,0.16107453,0.21610606,0.041646365,-0.0006277878,0.19676745,0.122604124,0.25844336,-0.30708086
-0.10224791,0.16075307,-0.10720893,-0.022515297,0.09892036,0.26187378,0.014089869,0.25807598,0.14981958,0.17047319,-0.02825495,0.34528184,0.02008628,-0.03296891,0.10571024,-0.011097437,0.24327311,-0.22328664
0.4038247,0.20172225,0.27811584,-0.008932209,0.22804642,0.30488604,0.16468829,0.37823042,0.12599166,0.26132149,0.0117752105,0.24930188,0.16082187,0.051796228,0.19601804,0.10491851,0.20651655,-0.0077750566
0.04457335,0.4110235,0.18879771,0.29280046,0.39380103,0.33592084,0.3403306,0.37799016,0.2261659,0.0767349,-0.02080625,0.20246054,0.23212047,0.036523923,0.26991072,0.10931374,0.2511334,0.12346173
0.37869364,0.222274,0.2665609,0.08914143,0.24942704,0.22252455,0.07414224,0.38260344,0.14564992,0.18812275,-0.038744815,0.24335754,0.11517517,0.002655134,0.066096395,0.03368056,0.17366609,-0.031239374
0.18984497,0.2560714,0.30029273,-0.056673564,0.25317422,0.23724103,0.17020369,0.31561303,0.14051542,0.19285768,0.0944189,0.3383212,0.16672203,0.1288724,0.04261981,0.16861233,0.17924827,0.28031802
0.10731486,0.092950225,0.056872234,-0.116370514,0.07122508,0.20014603,-0.07163901,0.06987669,0.079498425,0.067026764,-0.05475612,0.10650104,-0.1108848,0.08163273,-0.18196432,-0.04749376,-0.132961,-0.24288908
0.0054360367,0.13889691,-0.017932415,0.13430686,0.10056058,0.23160413,0.3365633,0.16702679,-0.05282207,0.18842897,0.18412215,0.09822263,0.20811296,0.15104344,0.112495676,0.13595504,0.22156507,0.09048368
0.25799108,0.25896317,-0.12443284,-0.012142916,0.23539567,0.30479178,0.24280357,0.2470293,0.26874167,0.354437,0.10636705,0.37236005,0.25434655,-0.083348975,0.2337443,0.20965081,0.36455536,-0.17746359
0.019718532,0.43411374,0.010412732,-0.017101137,0.37225676,0.39822584,0.33281803,0.40535504,0.35064742,0.25207424,0.043559447,0.5486233,0.16481617,0.061515562,0.35811323,0.12279664,0.4779198,-0.016742134
-0.007102892,0.035330813,-0.22888282,-0.15943302,-0.017989274,0.2765134,0.22502282,-0.038045667,0.12510937,0.19975066,0.18853295,0.18212448,0.1231558,0.17551541,0.29949757,0.1173075,0.22116205,-0.044275936
0.13481557,0.08594063,0.25318778,0.5412399,0.12006982,-0.043217756,0.07997492,0.04047243,0.17559467,-0.181196,-0.15035705,-0.15270558,0.04372998,0.082709275,0.017386409,-0.115622394,-0.18392219,0.17097189
0.40347534,0.115056396,0.28575313,0.45256382,0.106035456,-0.05351814,0.036020525,0.052467473,0.25754833,-0.12473011,-0.10048595,-0.086150855,0.016409736,-0.0070442986,-0.1010138,-0.104161695,-0.27116317,0.22784752
0.08172926,0.2767361,0.1121747,-0.0090376735,0.32103652,0.2843292,0.270508,0.35625067,0.11864807,0.18788356,0.13295597,0.243904,0.14383917,0.06570103,0.12312922,0.05906932,0.28330106,0.16598165
0.106175385,0.2096442,0.3072651,0.43657535,0.2779699,0.1501883,0.27476048,0.09567958,0.0965092,-0.11217868,0.16023684,-0.08984096,0.19786835,0.04041902,0.14170673,0.1268858,0.105163634,0.5107181
0.33699036,0.19822662,-0.08309355,0.091414705,0.2160391,0.24513295,0.21997997,0.28026524,0.2382976,0.23767409,0.22576544,0.44801822,0.20787609,-0.003575961,0.26126358,0.18349601,0.43660504,-0.10170677
0.16516307,0.39333272,0.2170392,0.23330653,0.3554184,0.32076862,0.26864475,0.19862539,0.18692242,0.098867185,0.024000768,0.25118718,0.1727727,0.15220536,0.13761787,0.12874748,0.17574391,0.03015463
-0.03262436,0.29095572,0.10093595,-0.0781347,0.3336087,0.30187196,0.3135169,0.08447248,-0.061074965,0.11622453,0.34019816,0.15197748,0.08399519,0.067488775,0.068250775,0.19737315,0.3318959,0.23797347
0.24882272,0.28127545,0.029423144,0.4205617,0.27030265,0.056723,0.23683399,0.18325444,0.2626258,-0.0054915436,-0.048594467,0.05942525,0.11682532,-0.10635697,0.13457835,-0.018350147,0.10400464,0.1159682
0.11474928,-0.13388418,-0.27208224,-0.10207808,-0.05783968,0.1521796,0.0031802016,-0.06172209,-0.08253416,0.11117152,0.0066330386,-0.17320101,-0.0985753,0.1446426,-0.07430014,-0.06507611,-0.10186561,-0.173966
-0.012216866,-0.037521318,-0.09238528,0.05547423,-0.02161249,0.10076308,0.15141456,0.19390285,0.38983887,0.10061708,0.19040403,0.19835345,0.16421098,0.2352715,0.29244882,0.20798782,0.29476634,-0.009896215
0.3782953,0.2409061,0.35729083,0.39400327,0.255337,0.11811722,0.08461989,0.2496683,0.30585837,-0.02400127,-0.10506618,0.04332994,0.0890225,0.112966254,0.045070566,-0.04409284,-0.0780274,0.25076106
0.12739187,0.20287791,0.40584537,0.18695289,0.24105337,0.27810234,0.29385585,0.23975977,0.2155678,0.017800204,-0.018967211,0.09683421,0.21707585,0.30382404,0.2591195,0.14011215,0.124909185,0.2558144
-0.023799744,0.13934264,-0.032277435,-0.1012716,0.08978216,0.2640843,0.032067366,0.30777597,0.010978555,0.20899838,-0.13245746,0.26634654,-0.01039319,0.0020858417,-0.05155883,-0.05934915,0.104580425,-0.14528896
0.2838192,0.02445684,-0.09088288,-0.061483935,-0.00115092,0.19151784,0.18453653,0.01409925,0.14792052,0.22245154,0.11343158,0.10829583,0.17075759,0.16851026,0.112937495,0.14084241,0.010673169,-0.11049008
0.19203895,-0.0004063449,0.0077096527,0.23105848,0.0031972518,0.16426267,0.26032192,-0.082623884,-0.06554249,0.034817837,0.2553864,-0.023281718,0.13042416,0.14779708,0.061169796,0.11767394,0.18546991,0.20062181
-0.01693067,0.21606785,-0.02304176,-0.016442997,0.16900522,0.3801981,0.23013186,0.437587,0.13911752,0.2971174,0.008629476,0.2703099,0.16767076,-0.0832205,0.18718626,0.067506745,0.29196173,-0.19004937
0.23453091,0.17937154,0.32342875,0.45476547,0.13822253,0.093780555,0.13054591,0.1450716,0.2600807,-0.1171605,-0.04597905,-0.050395824,0.15518212,-0.039582297,0.050818346,-0.0049316413,-0.12754902,0.31255925
0.086337574,0.07765375,-0.050724275,-0.068210125,-0.020975318,0.2710486,0.093239024,0.1370045,0.2688303,0.27988672,0.19186576,0.31842577,0.19684571,0.032451242,0.12046266,0.22402,0.14168829,-0.0963603
0.45439494,0.0637981,-0.100998275,0.08921239,0.04459417,0.28843483,0.2890203,0.15444186,0.20151117,0.22872254,0.17925698,0.18034315,0.17247486,0.21524689,0.2290589,0.12006059,0.17812003,-0.15149155
0.11657716,0.12346127,-0.15601711,-0.039267465,0.064723775,0.13419208,0.26273337,-0.103575796,0.09692809,0.20640962,0.16416672,0.12955418,0.1612991,0.05315141,0.19995002,0.19708253,0.16323748,0.013543282
0.10523493,0.39948717,0.18881115,-0.01592654,0.40779346,0.49767262,0.31344295,0.19518343,0.18351215,0.24052724,0.11283949,0.26330525,0.25592262,0.2839368,0.2558294,0.25521502,0.21900095,0.027020441
0.11611703,0.5500597,0.23385507,0.19024745,0.500816,0.43178082,0.42245138,0.37134618,0.2745962,0.19180432,0.04060628,0.3814575,0.25744283,0.24844229,0.39164898,0.16648665,0.4362197,0.26592413
0.34943858,0.20328403,0.3291093,0.33366376,0.14514723,0.06881255,0.11275469,0.006907559,0.109306626,-0.18096675,0.028053068,-0.063921705,0.07315627,0.12467511,0.0109627,-0.10325837,-0.11601106,0.40579975
0.40977085,-0.060014807,0.038928837,0.30228648,-0.026941273,0.053074606,0.15115386,0.11289958,0.14460278,0.07680689,0.14560083,0.07266806,0.23736066,-0.04003363,0.03278935,0.17382586,0.14204153,0.013460941
0.109475814,0.32636705,0.15817642,-0.17774123,0.3372725,0.32122695,0.14463222,0.24600577,0.23475009,0.2646085,0.02247029,0.33412117,0.17075726,0.1453689,0.2117962,0.26621252,0.24100828,-0.010319103
-0.09543435,0.3306421,0.28509933,0.10168496,0.22957179,0.23653692,0.12865975,0.23146528,0.11103216,0.12976146,0.020127503,0.22066876,0.21131113,0.15077244,0.2002534,0.13708478,0.07846079,-0.01800961
-0.0162967,0.17271614,-0.0071245944,0.0767903,0.15056595,0.2905944,0.2903716,0.3817464,0.2860736,0.16534755,0.03709924,0.31784087,0.13680373,0.07659974,0.35261586,0.09677614,0.48018402,0.028420076
0.07512003,0.24584796,0.4108272,0.19274428,0.3195156,0.27842972,0.27603173,0.1116333,0.055808783,-0.045293514,0.19057468,0.15802035,0.22798495,0.1301667,0.18854573,0.1820366,0.3318779,0.47895962
0.1395388,0.48675126,0.26936573,0.04140427,0.4293968,0.49901694,0.4780817,0.29911703,0.15282236,0.23258968,0.23802653,0.37216738,0.25126755,0.3146798,0.28739598,0.19786036,0.3895368,0.35247934
0.37545645,0.35770082,0.12660754,0.02331668,0.29241163,0.34453005,0.273054,0.41377753,0.1077496,0.25395876,0.010200785,0.35652018,0.17184357,0.033891037,0.26588985,0.08140932,0.37017328,-0.004305502
0.108891204,0.47312722,0.17317978,0.20280337,0.3422783,0.29156297,0.3421861,0.3739367,0.3064883,0.20814672,0.08972232,0.40234727,0.32590175,0.08772722,0.4013247,0.2090418,0.42474693,0.050735235
0.05691239,0.16811165,0.23678169,0.10008119,0.08242542,0.15317951,0.06741661,0.15528035,0.26703814,0.059842646,0.15572125,0.22668727,0.21404523,0.2294869,0.18665245,0.15025279,0.07684256,0.0527776
0.08435288,0.0892731,0.1901845,0.24195355,0.11652039,0.21109772,0.26302207,0.2955519,0.4580207,0.17645524,0.04883703,0.43068576,0.3098619,0.17378804,0.3400073,0.24358639,0.36651078,0.08842051
-0.0070711365,0.28366005,0.003260027,0.09712525,0.26223928,0.35598338,0.31362933,0.33161563,0.3515793,0.25405762,0.11702928,0.46372002,0.27876836,0.02168182,0.31119245,0.18445131,0.40365458,0.0189696
0.08912036,0.28976017,-0.004703566,0.35107744,0.26694554,0.22143999,0.27501574,0.31113136,0.15553376,0.1054111,-0.006253426,0.21633127,0.14197585,-0.024689786,0.21366371,0.06651573,0.3338064,0.04737187
0.09914895,0.38583452,0.18462874,0.06096957,0.43961835,0.3462592,0.41131884,0.2536033,-0.055386767,0.08389175,0.22776002,0.12933362,0.15075935,0.08078395,0.21565573,0.16081595,0.4221142,0.3852271
0.06873615,0.13474064,0.24907969,0.44839802,0.18821669,-0.018852409,0.12706548,0.03123833,0.15232836,-0.18511404,-0.10659717,-0.17155643,0.07168223,0.11488034,0.06943988,-0.07278731,-0.075027645,0.27945566
0.0028062402,-0.12321147,-0.28898203,-0.13285528,-0.20748797,-0.06593439,0.02097388,-0.16339056,-0.12887843,0.1532309,0.22604242,0.21515138,0.037760593,-0.12579735,0.07503668,0.093605906,0.09455228,-0.12099589
0.24013008,0.19644552,0.15990153,0.105010584,0.31596327,0.29845157,0.19891746,0.25357574,0.23769525,0.06766557,0.12963718,0.2022906,0.18901888,0.025420608,0.18335971,0.20885095,0.22107542,0.03184923
0.35738343,0.07759137,0.10486411,0.45215932,0.07052295,-0.03805123,0.056952596,0.043517705,0.07861455,-0.16192049,-0.079649,-0.10870457,-0.01945809,-0.088303104,-0.10285695,-0.11744524,-0.14234304,0.0860689
-0.057059117,0.06261506,-0.04912577,-0.09070925,-0.04433547,0.10668415,0.10755403,0.08802998,0.28327644,0.24904388,0.15786555,0.31436145,0.1215902,0.17027225,-0.01103829,0.1425815,-0.030715175,-0.1623682
0.18573861,0.36093104,0.10905646,0.02565693,0.36477482,0.37904614,0.34812537,0.42518908,0.14138979,0.36935908,0.055209413,0.43062592,0.24119228,0.059006765,0.28480855,0.14947572,0.3953851,0.0055644196
0.1944724,0.08234387,0.17276026,-0.027160555,0.21986555,0.1769394,0.18419784,0.16130233,0.012941912,0.064913094,0.23319714,0.08177164,0.04469464,0.10903007,0.064145744,0.1129132,0.3028028,0.34662598
0.038016923,0.22120744,0.23016202,0.37927213,0.2495631,0.15271261,0.23537117,0.24109057,0.27240324,0.05510164,-0.06621063,0.21239029,0.2536333,-0.03141266,0.21868373,0.11179728,0.18458864,0.31003815
0.13349393,0.38097262,0.061414607,0.27823067,0.35148048,0.28265202,0.23066264,0.2796117,0.3818345,0.19809979,0.07770597,0.40583444,0.23350604,0.041445784,0.21118164,0.21930325,0.32996032,-0.115808055
0.10977113,0.43595865,0.20608978,0.16882947,0.39281297,0.31677827,0.3392607,0.32763448,0.22465503,0.19510305,0.028738504,0.33722046,0.24864712,0.126228,0.28217363,0.08444199,0.29745716,0.019850254
0.04502639,0.12720163,0.15716457,0.0034163566,0.1514921,0.3296645,0.22397599,0.12079634,0.014414532,0.17152485,0.28056836,0.18386224,0.104134366,0.18764356,-0.065623865,0.18126772,0.15512037,0.25327387
0.12592748,0.28038764,0.028521251,0.22816914,0.25602376,0.23223759,0.15089601,0.2654152,0.18283108,0.11474379,-0.014062072,0.23120248,0.0750673,0.020079095,0.07882196,0.033298824,0.20077744,-0.14449555
-0.04822166,0.114108674,-0.1609326,-0.10427554,0.09019525,0.18397747,-0.033459954,0.09768347,0.19503722,0.12604953,0.19806525,0.42433342,0.047756784,-0.12920919,0.111250974,0.20558727,0.3225795,-0.2437973
0.10015277,0.33386767,-0.02277866,0.14139464,0.2907755,0.22591719,0.3081332,0.301572,0.32398123,0.23056164,0.022360226,0.37917852,0.20885669,-0.008223751,0.2853619,0.11144976,0.36219707,-0.13179956
-0.1365981,0.16856058,-0.13807605,-0.19203866,0.14435871,0.23077792,0.0490031,0.18381667,0.14096966,0.14578563,0.14120671,0.3453353,-0.009374609,0.08707692,0.08987189,0.00603837,0.16178146,-0.18148683
-0.052719906,0.14501148,-0.008619595,0.1084815,0.13034602,0.23678258,0.05234369,0.23002242,0.25950003,0.1821302,0.07995869,0.23690078,0.16302268,0.19324319,0.15237069,0.19021979,0.15726918,-0.17679216
0.33663255,0.11963511,-0.010396173,0.44446182,0.075944744,0.04551186,0.18806668,0.034399107,0.2369299,-0.036924034,0.010027494,0.049089584,0.056449875,0.026225006,0.047994036,-0.0077262446,0.043966446,0.036380336
-0.018005725,0.15460256,0.2514428,0.06272721,0.248275,0.32122362,0.30527854,0.071921125,0.06181267,0.07606752,0.24489449,0.10553977,0.16809419,0.32990146,0.15843028,0.1883902,0.25992632,0.41517282
-0.023795918,0.33563787,0.09268853,0.26133925,0.29415268,0.31120235,0.3298307,0.3193447,0.10123347,0.09519687,0.18823442,0.075453945,0.29573485,0.039453894,0.28595713,0.17682053,0.24045014,0.14852244
0.25422516,0.4109432,0.07373137,-0.046926145,0.38300568,0.33750752,0.3586198,0.40928146,0.31127542,0.2675879,0.006752879,0.34217182,0.14516948,0.09903019,0.3649671,0.12568007,0.47507244,0.11755729
0.04776564,0.2160385,0.15000835,0.029625265,0.22606505,0.40898782,0.29223347,0.19042961,0.1342662,0.24257132,0.11677055,0.20595351,0.21898228,0.32506838,0.14793226,0.17522413,0.044913225,-0.06708717
-0.071142614,0.0848886,-0.1341913,-0.0007524332,-0.005517759,0.17180905,-0.028408226,0.08017039,0.20501629,0.110840544,0.11476487,0.38355604,-0.02242362,-0.06713453,0.011039957,0.08262266,0.2627974,-0.17201483
-0.00033278996,0.21394673,0.35291338,0.18337429,0.3396076,0.24332783,0.27760896,0.027650816,-0.1238457,-0.06010907,0.18246078,-0.090458184,0.12508184,0.089452416,0.051480398,0.16146074,0.13567203,0.43739784
0.1738202,0.6010597,0.28277767,0.1545662,0.5736793,0.43051344,0.47087383,0.4170275,0.3449243,0.17698944,0.13261375,0.30356807,0.3615293,0.20276001,0.5673015,0.23864087,0.51642746,0.25089294
0.049492538,0.39617282,-0.009928424,0.034852684,0.25199488,0.42541397,0.35816514,0.35000533,0.23646867,0.3054511,0.058950737,0.3814946,0.19594392,0.15249453,0.2727214,0.13700268,0.3136943,-0.066995844
-0.04659141,0.38781977,0.14501208,-0.097026154,0.2943823,0.47304314,0.42896825,0.18531637,0.093064114,0.2016308,0.17411938,0.24118379,0.1348413,0.3524588,0.37287524,0.11365489,0.28827932,0.08952764
0.22075614,0.15585265,-0.1353118,-0.034890026,0.21840617,0.16222207,0.12183598,0.19733776,0.21057238,0.23928481,0.05468631,0.31688187,0.038698047,-0.08516343,0.13853204,0.13320811,0.35045195,-0.12662867
0.2644653,0.16359803,0.24574395,0.37323987,0.18318085,0.27684724,0.11532332,0.21688509,0.3245585,-0.043245435,-0.016022485,0.18343198,0.22439292,0.020973533,0.111002594,0.064336464,0.084322274,0.09520142
0.0004466381,0.1881159,-0.047226913,-0.02178655,0.090079874,0.22931491,0.22875632,0.24653025,0.15876234,0.28445855,0.1722607,0.2909436,0.17855658,0.18894368,0.28704536,0.1285083,0.2681019,-0.06542926
-0.08153177,-0.17433797,-0.28119448,-0.13028541,-0.19156758,0.026022805,-0.06561741,0.16259092,0.06492758,0.256639,0.045190744,0.2286366,0.036581423,0.030022312,0.01505786,0.032019444,0.008473797,-0.28415322
0.042225566,0.15316212,-0.012764545,-0.18769372,0.27789253,0.13116437,-0.04150246,0.11831075,0.039802033,0.0998704,0.16687256,0.13144156,-0.015884247,-0.08212997,-0.02690262,0.07448473,0.06560833,-0.16038787
0.14041865,0.13040724,0.17738092,0.20837039,0.12053533,0.13659741,0.06534241,0.27659264,0.29280657,0.016207121,-0.09974396,0.26001185,0.17368364,-0.049800105,0.14121044,0.006326697,0.1684235,-0.038292
0.0666028,0.21665914,0.18393536,0.086018704,0.24369119,0.2941134,0.34956446,0.21414351,-0.00023488887,0.17019577,0.25060546,0.29561257,0.19287804,0.0374502,0.16064274,0.21040365,0.45721012,0.32713455
0.12253253,0.43393162,0.13146374,0.131607,0.43704927,0.36906046,0.40006596,0.37648493,0.13863814,0.14292547,0.079566196,0.24399172,0.22018337,0.057364367,0.30499303,0.15153839,0.44654846,0.16158338
0.03575088,0.40202647,-0.027693024,-0.07741439,0.30824977,0.3691309,0.30911586,0.33515984,0.26975593,0.27038527,0.039055765,0.4982144,0.12407171,0.09273676,0.36884856,0.14436954,0.5069928,-0.03165793
0.34921187,0.12355479,0.08266849,0.42481887,0.09131432,-0.03560804,0.06548902,0.04102787,0.12166655,-0.1277592,-0.12568922,-0.09303856,-0.027108196,-0.025650216,-0.04531158,-0.17306136,-0.08263056,0.043559533
0.12855926,0.51464045,0.07979767,0.027093789,0.47832996,0.37129572,0.4696855,0.3296597,0.28672713,0.2648443,0.14175063,0.3206512,0.2821656,0.22025192,0.46485892,0.23379007,0.43549493,0.08516641
0.23019393,0.46957803,0.19929416,0.19316807,0.4040811,0.3851182,0.37634188,0.4160806,0.32554215,0.22053543,0.00972476,0.44550085,0.34483662,-0.053026244,0.38043118,0.13856858,0.37077883,0.08740608
0.094412506,-0.036115013,0.03944592,0.05347666,-0.06372397,0.22864625,-0.024191473,0.17445901,0.071752615,0.13706242,-0.092255905,0.1371812,0.00029477756,0.10367879,-0.097669564,-0.07384801,-0.023297016,-0.20225078
0.15510067,0.3655073,0.3071239,0.09720848,0.38373297,0.28106904,0.23916158,0.40828413,0.18418825,0.17608418,0.06494894,0.18883815,0.22123423,0.021627387,0.1730483,0.098540425,0.17677683,0.17791484
0.070821166,0.4770838,0.23022209,0.0015157764,0.40216875,0.4587372,0.35176212,0.2637877,0.2412323,0.1866581,0.20506808,0.30794227,0.3136878,0.16570035,0.36391294,0.26520696,0.37838614,0.13093075
0.38013613,0.12984219,0.17918412,0.36245418,0.050803717,-0.038238008,0.15544543,-0.0017905338,0.23202392,-0.07962529,0.031888235,0.012181649,0.1058656,0.12728286,0.060810305,-0.09047387,-0.08159967,0.31967345
-0.061484735,0.20309812,-0.021307359,-0.20631407,0.06643191,0.26951545,0.18702324,0.25314066,0.13160911,0.34832466,0.09627614,0.46809864,0.18662041,-0.06398593,0.22245282,0.1820221,0.29329953,-0.20299953
-0.07565894,0.06332484,0.18771222,-0.17191792,0.038505208,0.34612688,0.07151708,0.37026218,0.12497185,0.28734633,-0.0545633,0.2622533,0.1587303,0.22137551,0.0614733,0.0827145,0.06619346,-0.034378987
0.29026228,0.16327852,0.39684576,0.13704374,0.10675952,0.23550157,0.065555684,0.20895475,0.19558287,-0.009272416,0.038930103,0.17458592,0.1692338,0.10784595,0.04540967,0.066510424,0.007902765,0.17262638
0.12306667,0.2752689,-0.033861868,0.2513364,0.23227409,0.30501163,0.29211384,0.28906247,0.4075092,0.16637275,0.111686945,0.31335664,0.24546975,0.14973421,0.29207128,0.13145134,0.3174792,-0.0003452534
0.043366943,-0.26460057,-0.064168885,0.4116543,-0.27558658,-0.17385451,0.03135111,-0.20228973,-0.076416515,-0.17506427,0.079484686,-0.26566058,-0.046856463,-0.056466,-0.184258,-0.13305303,-0.29296717,0.22613432
0.3586799,0.15004241,0.29287893,0.079245545,0.25286376,0.1441789,0.29179782,0.20682791,0.19284442,0.120553866,0.23588218,0.20733052,0.20814177,0.10404707,0.1462397,0.22896644,0.33513376,0.40867558
0.10306431,0.15916285,-0.12941805,-0.11229949,0.12573577,0.2650907,-0.0069875773,0.25407824,0.062671684,0.25286493,-0.011531898,0.32371026,0.007581516,-0.10930431,0.015420329,0.022790719,0.21493904,-0.23294872
0.21713994,0.2965055,0.11473604,0.23103623,0.20056589,0.23297481,0.23707843,0.25344446,0.37450773,0.14388129,0.12759957,0.3007933,0.31928548,0.019653894,0.3375823,0.22343406,0.3060187,-0.03127329
-0.14603658,-0.07396554,-0.1476568,0.05306434,-0.15022504,0.07242811,-0.06258541,0.1504637,0.027016979,0.16689792,0.0368142,0.21818912,0.05513652,-0.110239044,-0.11685933,-0.01961423,-0.028282348,-0.16373223
0.25676712,0.292184,0.1416741,-0.0152245825,0.2850814,0.4381364,0.2554778,0.16161673,0.24631199,0.17069685,0.23834307,0.25465447,0.21342781,0.107019044,0.15841363,0.21510717,0.27010173,0.00931612
-0.071285695,0.09078742,-0.0907584,-0.10292876,0.055436414,0.1299358,0.10001041,0.18654159,0.30198917,0.22056285,0.057661273,0.24935386,0.040786844,0.110473976,0.05390764,0.05194561,0.034491144,-0.2579221
-0.067828625,0.25813413,-0.018254496,-0.11692789,0.25606558,0.20347905,0.33184946,0.36479342,0.07089983,0.25846338,0.2747097,0.24726933,0.16234347,0.15380846,0.33552438,0.1149408,0.35976684,0.1656523
0.0541813,-0.24039902,-0.0071574133,0.2554615,-0.21344596,-0.11026205,0.0926439,-0.22131541,-0.1537211,-0.14975676,0.12500468,-0.28193352,0.002525805,-0.007735096,-0.11743784,-0.07143361,-0.25110042,0.31820795
-0.0138214715,0.08636251,-0.002328891,0.08843045,0.00587518,0.06296934,-0.036193207,0.12918621,0.16736141,0.11269908,0.058298096,0.14918347,0.03694509,0.0073821805,-0.042638384,0.05397144,-0.003280742,-0.20234779
-0.04582627,0.37786722,0.10089922,-0.041984163,0.37062445,0.32481906,0.23431872,0.22929382,0.0811894,0.25320354,0.06937763,0.31445676,0.11733276,0.036773328,0.22566237,0.09618712,0.29454508,-0.09363497
-0.020497028,0.4687996,0.27698913,0.011422446,0.3454795,0.34661597,0.3505757,0.18570107,0.1518188,0.15920869,0.21374318,0.29744607,0.21771643,0.40347636,0.18678683,0.18871275,0.17774417,0.27906573
0.15227923,0.35569242,0.2814541,0.17959747,0.383196,0.31850493,0.4882052,0.032496914,0.08191295,0.005400622,0.20428215,0.035832927,0.22440343,0.31067753,0.3361948,0.21122356,0.32919163,0.41012305
0.06033564,0.178472,0.17978793,0.4072575,0.1867513,0.23702407,0.12690035,0.3264023,0.34183803,0.09235353,0.07181659,0.24681509,0.26349688,0.074557796,0.1477203,0.14614958,0.13557468,0.07919833
0.18577547,0.4052454,0.15423322,0.37973702,0.4307987,0.3507008,0.3551029,0.24608725,0.2571593,0.13840812,0.054254457,0.23818944,0.2774788,0.042103,0.26816094,0.14665845,0.29327375,0.1764822
0.044873953,0.1523335,-0.049171947,0.3989368,0.20167673,0.08595006,0.11261811,0.13307115,0.20196363,-0.03553381,0.0062360875,0.055444837,-0.004820221,0.0007637129,0.042823493,0.0008145715,0.11514798,0.048174128
0.035364576,0.2685588,0.018406417,0.055439923,0.21726008,0.26292384,0.18784237,0.39806485,0.19393024,0.18406203,0.07929326,0.38336235,0.09099822,0.0755672,0.23467427,0.05050478,0.38435018,0.06657317
-0.057887338,-0.057960358,0.06609982,0.067676775,-0.0012807604,-0.0023086313,0.038902722,-0.096668914,-0.07780583,-0.07765491,0.23391888,0.075054064,-0.045766145,-0.09118968,-0.18763,0.07272172,0.116442725,0.19182079
0.080609344,0.14927834,-0.018223453,0.37328252,0.15028588,0.069759645,0.11564057,0.17084014,0.14169587,-0.024355303,0.016657824,0.1102588,0.08634573,-0.052299686,0.10356734,0.026516372,0.22098608,0.091587305
0.095103726,0.4390424,0.1670016,0.039557256,0.39117116,0.36861452,0.32533708,0.4975578,0.17756452,0.24735759,-0.0035641214,0.26226553,0.26410282,0.03748464,0.33547664,0.12732078,0.35847175,0.16949578
0.070874244,0.14272276,-0.13694352,-0.032969337,0.17043892,0.23775463,0.28913683,-0.061830938,0.042737283,0.08441536,0.2672466,0.10827963,0.118419,0.056323677,0.25864983,0.13295391,0.29447758,0.041847833
0.101062,0.56246936,0.2677656,0.19527921,0.51632667,0.40969068,0.37391937,0.3675695,0.40537947,0.18914315,0.08898407,0.4106961,0.34853733,0.04225185,0.33917046,0.22434871,0.37737378,0.06146412
0.14314032,0.41835028,0.11258649,-0.019485798,0.35321853,0.45364016,0.34398025,0.200767,0.17076415,0.26532483,0.18172969,0.2479757,0.21041968,0.09994922,0.26350236,0.24622767,0.35970354,-0.058281362
0.13636671,0.43658262,0.25277,0.19114785,0.4127868,0.3228755,0.37944648,0.30837414,0.21994758,0.18331465,0.046299446,0.28615296,0.2802896,0.14663583,0.3004489,0.13702351,0.30136,0.06520957
0.08586345,0.40922406,0.23206308,-0.074827865,0.46372667,0.4014523,0.26584086,0.38710913,0.22022095,0.27641207,0.0766353,0.3516147,0.28319886,0.124500655,0.38787073,0.23947322,0.37303284,0.15300088
0.4484054,0.33689266,0.3825379,0.03070591,0.32486206,0.41201183,0.25727576,0.31493208,0.20757279,0.10503773,0.11236646,0.30778682,0.17369345,0.12202662,0.25806072,0.14761576,0.33345795,0.15990853
0.28656858,0.35542488,0.10017554,0.28169852,0.2766034,0.20465827,0.2656591,0.14595586,0.045999713,0.032515682,-0.0076604425,0.10868476,0.1838362,-0.086795054,0.23482932,0.06833252,0.2855149,0.0535207
0.2646141,0.07378049,-0.03514277,0.36714038,0.1169786,0.1708771,0.10914662,0.25203365,0.3703395,0.070257545,0.042187486,0.14363864,0.14965236,0.101693764,0.09880288,0.06133971,0.09700605,-0.010937663
0.23397137,-0.16331214,-0.13658911,0.5227177,-0.1936163,-0.15599568,-0.018560834,-0.10387166,0.1813986,-0.10913004,0.0112448875,-0.058215152,-0.046431318,-0.047887735,-0.122871086,-0.10684292,-0.1607663,-0.011375403
0.4078335,0.10448372,0.42534146,0.11100502,0.15867971,0.16237599,0.21714655,0.15886627,0.11122678,0.016322974,0.033141874,-0.02355563,0.09869978,0.33656263,0.12070953,0.004665544,-0.07035577,0.28253138
0.029758643,0.31618267,-0.08282161,-0.16720739,0.35434496,0.41774994,0.30122325,0.22320884,0.10743272,0.29236126,0.24615593,0.27528858,0.17843297,0.1334137,0.3271122,0.19058207,0.33769792,-0.12861839
0.08875045,0.21657932,0.011725874,0.22867623,0.18768683,0.19717586,0.28661633,0.20566149,0.2566132,0.13081856,0.05488141,0.2610416,0.14088462,0.18622819,0.26168948,0.10737589,0.33580196,0.055442497
0.100643076,0.40324306,0.063946195,0.14854407,0.34434527,0.33669063,0.3336843,0.42629772,0.16127424,0.23235676,-0.009150504,0.3009726,0.17106894,0.0031968737,0.2649692,0.07410558,0.35062188,-0.013874824
-0.11690963,0.19353056,0.11018735,-0.005342174,0.16446291,0.3941263,0.19653869,0.19033647,0.21234697,0.06303997,0.11282528,0.32654142,0.1655854,-0.15538262,0.22987564,0.20342693,0.38881803,-0.08101429
0.12176574,-0.24683416,-0.26062042,-0.19089392,-0.30214137,-0.0011023656,-0.050977454,0.14528069,0.088368095,0.18062092,0.07211704,0.32724392,-0.04955768,-0.006361737,0.02446239,0.0010628793,0.16192317,-0.23987216
0.1932925,0.32127047,0.19563061,-0.019459577,0.31122592,0.45419747,0.3823829,0.19505376,0.087263726,0.20233224,0.33553925,0.26624674,0.2584285,0.17579731,0.16165748,0.23946328,0.369052,0.32091892
0.055235177,0.32660514,0.23866645,0.005515662,0.23697332,0.2737956,0.39946818,0.22760284,0.038721997,0.23158915,0.23092563,0.42025322,0.24005386,0.12454498,0.24081767,0.18618712,0.42318162,0.32706952
0.4311003,0.44399264,0.27728146,0.43240502,0.40348125,0.24917617,0.33059865,0.20692155,0.20782,-0.044846553,0.03421222,0.031865127,0.2196594,0.015685787,0.23501074,0.0864643,0.14792258,0.26742136
-0.013843128,0.040772673,-0.25819373,-0.13296345,0.04508911,0.17376155,0.19192412,0.08168642,0.15340203,0.18365552,0.24061151,0.12129184,0.07343692,0.33726227,0.2641023,0.053370215,0.1766405,-0.027990788
0.41270226,0.40587348,0.23553994,0.3229449,0.40010533,0.20223683,0.33399856,0.2499848,0.1126626,-0.0074281553,-0.03630411,0.043301437,0.17630213,-0.04367743,0.2707497,0.026933437,0.25073346,0.28094834
0.05029326,0.3434294,0.31789434,0.43018216,0.36531952,0.1389825,0.20267804,0.3120827,0.23501289,0.0069910605,-0.02197709,0.18218273,0.23688132,-0.045754824,0.15067847,0.10760967,0.18637386,0.31846392
0.10278325,0.17538579,0.031924244,-0.08284244,0.23045504,0.3350644,0.045519486,0.24292323,0.088062316,0.15710714,-0.005618266,0.26020974,0.03453659,-0.12100536,0.07452637,0.047215812,0.19838257,-0.21556166
0.15103927,0.3326134,0.011529442,0.39089453,0.36017573,0.16484459,0.2814535,0.17122635,0.22678177,0.023610413,0.03159246,0.09580841,0.09757992,0.046755318,0.18848892,0.052568696,0.24187568,0.16558093
0.20076463,0.18227279,0.036649868,0.10962634,0.21985893,0.18090878,0.19591305,0.37794894,0.20168728,0.26192933,-0.0068869637,0.25049236,0.20292252,0.15254962,0.14125071,0.11982991,0.22993973,0.046552308
0.24049282,0.19787793,-0.060213253,0.02545009,0.110408165,0.1394706,0.20189855,0.20220265,0.19349094,0.26477346,0.09188531,0.24725471,0.19335803,-0.05623004,0.101469114,0.17720044,0.17742123,-0.11575919
0.23383333,0.3075422,0.062106974,0.18950057,0.35189885,0.20431623,0.25399488,0.41101527,0.40670478,0.24687573,0.09685005,0.28404683,0.29280522,0.008946388,0.23723692,0.16930985,0.27859154,-0.103842124
0.17573147,0.2700975,0.01192049,0.012408327,0.2265177,0.1887044,0.30510753,0.2927251,0.1463486,0.22226027,0.24894896,0.3553207,0.28312504,-0.027636716,0.29312527,0.18724123,0.43792897,0.058041994
0.17439586,0.37763157,0.50322986,0.27166647,0.420483,0.26848614,0.34675926,0.16879034,0.1797432,-0.05419894,0.28177553,0.09988384,0.3920848,0.20029375,0.2454583,0.26641434,0.13264564,0.4418594
-0.0899239,0.074572936,-0.26089537,-0.1338818,-0.047483385,0.17241661,0.09029922,0.25876665,0.20927829,0.20776257,0.06251999,0.4315964,0.022205522,-0.00092582963,0.22262153,0.05732891,0.43010604,-0.15091553
0.1109678,0.3023857,0.010173875,0.3545537,0.25331104,0.21730408,0.18452154,0.18870549,0.23093382,0.058800235,0.06559261,0.21305338,0.20218891,-0.032994572,0.14858255,0.092829466,0.20727898,0.049381934
0.27891657,-0.05315771,-0.014815623,-0.02214345,0.08380996,0.10773384,0.22007799,0.022832846,0.0872258,0.069208525,0.23660567,-0.034692477,0.13401665,0.11377148,0.18582891,0.20492925,0.17592463,-0.030721636
0.12147566,0.026070941,0.09810369,0.14863192,0.13741222,0.0737673,0.12502666,-0.042063113,-0.14410406,-0.07693603,0.16209032,-0.008447498,0.06117437,-0.14141673,-0.04076539,0.13129303,0.24094878,0.08542258
-0.087144494,0.34246874,0.1809566,-0.0245918,0.31714243,0.30748427,0.23528078,0.4358787,0.21863037,0.24242741,0.06783888,0.46409285,0.22803187,-0.06870699,0.2507441,0.20727961,0.37871483,0.064711094
0.2463301,-0.004599076,-0.022953024,0.34108627,0.034582425,-0.013251966,0.101890855,0.05322057,0.29171094,-0.04763319,0.02545856,0.008527777,-0.00048692524,0.08064086,-0.0015121656,-0.028405797,-0.044065177,0.110915765
0.06477195,0.39714974,0.10578899,-0.04468745,0.3919875,0.4840508,0.24025804,0.38577488,0.2253142,0.23838133,0.11088474,0.34322977,0.17698509,0.116391465,0.34403294,0.15509033,0.39052874,-0.039779622
0.47955033,0.15067469,0.21353354,0.4283638,0.21823736,0.16186686,0.16763031,0.12076937,0.10925749,-0.15176341,0.07838023,-0.1691347,0.057321645,0.12331545,0.0009999117,-0.02737395,-0.07735211,0.23279372
0.40107888,0.29748255,0.20103338,0.042699687,0.26492935,0.27519786,0.16864936,0.35925835,0.2565984,0.19436044,-0.029127508,0.37572953,0.15524337,0.059272632,0.32310557,0.14464507,0.41212624,0.016255938
0.42108247,0.2926386,0.24700528,0.4061069,0.30095434,0.078002855,0.18384105,0.23650458,0.30473402,-0.048302215,-0.10010208,-0.071563035,0.11106572,-0.032419015,0.11466548,-0.035143107,-0.028035544,0.17196459
0.18861243,0.2834834,0.24822283,0.10088534,0.3736114,0.26220945,0.39043084,-0.0067977654,-0.044428475,-0.009927416,0.2595902,-0.008227795,0.084076315,0.3034028,0.16737878,0.1477161,0.24117544,0.44349498
0.47142345,0.22759968,0.13740706,0.0076028253,0.23357946,0.28633595,0.15812251,0.42684984,0.23863694,0.19709092,0.025783485,0.34701616,0.11954556,0.0030288731,0.19501063,0.060151935,0.3559488,-0.010375373
0.34101766,0.13885668,0.24383292,0.16484186,0.16479224,0.2375787,0.3054011,0.28096318,0.3626716,0.25561965,0.11965196,0.28070465,0.29630554,0.26480085,0.16503143,0.20150124,0.096633375,0.054795697
0.41926685,0.013053138,0.2714582,0.06355212,0.048653692,0.08424986,0.18997356,0.13100994,0.2814852,0.12887676,-0.012287106,0.08347614,0.15074423,0.21747057,0.18116009,0.06912106,0.031600606,0.14189437
0.052871875,0.35445106,0.074172504,-0.035085455,0.30899307,0.40637594,0.16243806,0.28214133,0.097658455,0.22722144,0.07948113,0.3155952,0.1442146,-0.07497147,0.22251114,0.13986424,0.3305991,-0.08940495
-0.0027491925,0.4489888,-0.039509676,0.058593933,0.32298994,0.34005535,0.41476214,0.37167567,0.3010541,0.2625435,0.068051636,0.39717296,0.24590333,0.07820496,0.46751416,0.1770994,0.54078597,0.0052331416
0.37519437,-0.15786064,-0.13330188,0.16283251,-0.15396821,0.06875242,0.059954815,0.060238753,-0.15510327,0.039230414,0.1308065,0.016379828,0.013465421,-0.21064052,-0.13377161,0.029281765,0.073259525,-0.1607856
0.1550202,0.26059908,0.05565899,0.17283545,0.23127541,0.2870496,0.27136004,0.26476973,0.26364875,0.22360772,0.12839578,0.27478248,0.22388798,0.30960682,0.15593226,0.114064135,0.1911108,0.063906476
-0.03714903,0.33063418,0.034257025,0.24178529,0.27729183,0.3168652,0.35820234,0.2334717,0.13829549,0.17194219,0.027091846,0.2735865,0.14944918,0.043907147,0.2770298,0.12273209,0.37665454,-0.019764684
0.27942815,0.45741522,0.34435415,0.06457423,0.38825628,0.34711334,0.3160895,0.28735968,0.149144,0.17039804,0.07339895,0.20315242,0.24796064,0.19057944,0.09371866,0.1880098,0.086232245,0.19404115
0.0852614,0.2119677,0.00079729967,-0.1678167,0.25903028,0.24423209,0.19638194,0.29837328,-0.0068610553,0.2563749,0.18580833,0.35167384,0.06301284,-0.07088022,0.16424304,0.14466572,0.41575298,0.06794949
0.14644365,0.023091372,0.045396015,0.39635032,-0.006418919,0.11669141,0.1492266,0.063802935,0.041785967,-0.06463048,0.084949404,-0.078706995,0.118923016,0.09184637,-0.019007638,-0.07094745,-0.10455173,0.22560826
0.04672845,0.21259347,-0.028805787,0.44835794,0.19038816,0.102525905,0.18032494,0.1266058,0.17296526,0.02792675,-0.015893478,0.08437843,0.08207837,0.01580032,0.05132427,-0.021799337,0.08201586,0.060966995
0.3439707,-0.22344318,-0.19745147,0.008316406,-0.25666857,0.057877332,0.049901552,-0.0684036,-0.1222497,0.15439132,0.18375942,0.035411797,0.039249312,-0.04268065,-0.07575267,0.101539806,0.00091065466,-0.25211915
0.11382181,0.41162485,0.20418996,0.20934872,0.36806372,0.47974467,0.30055797,0.33959642,0.2429237,0.20520507,0.00892696,0.29663193,0.27706343,6.946083e-05,0.23481895,0.11102031,0.2785623,0.007547174
0.17223433,0.25326186,0.106537916,-0.025525576,0.21121469,0.3943355,0.35303444,0.5014499,0.2657706,0.2712325,0.15594482,0.2973535,0.2827859,0.22635056,0.24806514,0.16379532,0.2411123,0.10852206
0.01930595,0.2522219,0.049731724,-0.008886287,0.22684738,0.21918574,0.3679899,0.16719604,0.16828576,0.23083796,0.3301209,0.26308298,0.2110281,0.341044,0.21700962,0.18152526,0.297229,0.32693097
-0.07192105,0.067566276,-0.12277818,-0.013720679,-0.020017117,0.20074509,0.25114337,0.23025788,0.1521674,0.29364443,0.012395377,0.31291562,0.1465837,0.07724983,0.2849057,0.052883934,0.28073633,-0.19050258
0.0038185935,-0.025988653,0.10930026,0.04212606,0.004345916,0.10760463,-0.03550926,0.06504643,0.33664718,-0.017050397,0.22430731,0.10780138,0.14173883,0.019639064,-0.040101252,0.13826436,-0.0329448,-0.06749337
0.36930743,0.20945826,0.122419156,0.0009596208,0.21831049,0.23575205,0.01996321,0.2914275,0.057128824,0.1844806,0.025476135,0.17503417,0.09512227,-0.15784036,0.011566807,0.059637025,0.12733361,-0.12962613
0.05202683,0.30938303,0.20298767,0.21714015,0.31909582,0.3402264,0.3739307,0.23198563,0.40859184,0.092642576,0.23549178,0.37500104,0.2787709,0.078423135,0.36935157,0.24391809,0.46014845,0.20045844
-0.015364569,0.04146167,-0.1571769,-0.06434134,-0.04879968,0.18859817,-0.0803878,0.24171339,0.034719802,0.21609265,-0.02260327,0.25159538,0.02314513,-0.14401641,-0.10637832,-0.046546444,0.0700835,-0.2708192
0.27260464,0.30231345,0.086799875,0.068974964,0.2975886,0.39302284,0.36065793,0.40271103,0.41395363,0.3167745,0.15901795,0.4295131,0.34281185,0.2632289,0.39043647,0.25389925,0.41982555,-0.03613458
0.06982885,0.31660601,0.044246763,0.38980746,0.2659551,0.21071424,0.106430665,0.15163566,0.21524939,0.004025113,-0.07851298,0.11532261,0.03529284,-0.11099475,0.02836119,-0.031794123,0.10780594,-0.036056954
0.011381484,0.06299291,-0.067198396,-0.06406337,0.09772152,0.22562003,0.33013642,0.09556723,0.114916,0.12404308,0.3093711,0.23659009,0.044875965,0.24555722,0.31442794,0.16732922,0.47566503,0.12505428
0.050676875,0.07878494,0.10723072,0.13811623,0.11009866,0.18553375,0.19958621,0.2709899,0.2525202,0.23052579,0.03917958,0.44110078,0.2028825,0.1005611,0.18551804,0.20736602,0.3505214,-0.036497265
0.17881355,0.3818569,0.2043378,0.21378025,0.33593267,0.3620733,0.2997904,0.44383025,0.28085446,0.21008858,0.03092833,0.40316236,0.3361114,-0.03510642,0.30147567,0.13870749,0.322389,0.08272447
0.09238635,0.21514145,-0.19742629,-0.06551774,0.32933432,0.19051525,0.28352556,0.18171926,0.117407605,0.29375648,0.0837189,0.17931841,0.12121591,0.045916185,0.2547658,0.16817892,0.3003915,-0.13219006
0.21378034,0.29096192,0.22753808,0.07509163,0.40741333,0.29433566,0.43128455,0.25752082,0.115170196,0.11514895,0.1904207,0.13992119,0.21267456,0.23701361,0.30953956,0.2098791,0.4513719,0.4755351
0.035903487,0.31662798,-0.0448285,0.15929614,0.29689667,0.15185708,0.27070278,0.27235624,-0.06889787,0.16382346,-0.014561961,0.13598716,0.12777993,-0.15729901,0.17898607,0.03447278,0.3274688,-0.048071038
0.12331101,0.27982488,0.21287817,0.25035673,0.25400186,0.29073936,0.43796793,0.06184003,0.08092682,0.06455515,0.26686573,0.15583216,0.2779389,0.2803117,0.29141808,0.20851271,0.34218848,0.4297122
0.1194208,0.2825907,0.12242732,0.34469146,0.26523954,0.15761766,0.21636136,0.33384442,0.07222341,0.060655944,-0.098747484,0.1093378,0.15993838,-0.1322974,0.13767561,-0.005506892,0.19298317,0.035748623
0.0064172996,-0.03896811,-0.24613813,-0.08622399,-0.017166892,0.0500248,-0.06327269,-0.09793317,-0.10688277,0.062447168,-0.03616759,-0.12007716,-0.07779704,0.037969492,-0.07641564,-0.050901614,-0.13293302,-0.18734881
0.30866086,0.36370915,0.19966987,0.20992038,0.32892787,0.22038826,0.18155243,0.19687876,0.03498325,0.0017067837,0.002128426,0.11693171,0.094970874,-0.037077993,0.08389125,0.002448638,0.14039925,0.089136414
-0.087541655,0.010895725,-0.056016475,-0.07085256,0.0017077234,0.28246194,0.13710216,0.4477887,0.007590026,0.29548395,-0.06086322,0.2663095,0.13474734,-0.017199555,0.14342645,0.026928242,0.21840954,-0.08640887
0.1168562,0.34976196,0.15192553,-0.06411621,0.34320533,0.3746469,0.44344723,0.17540927,0.089784324,0.19174257,0.3414026,0.1855093,0.17573386,0.4055723,0.2767114,0.188335,0.34026012,0.41360477
0.37120855,-0.009960615,0.19208533,0.45209128,-0.028855577,0.008717144,0.23662311,-0.04405512,0.031860113,-0.12575988,0.00599315,-0.17939115,0.07471007,0.06964372,-0.038803,-0.085365586,-0.21024647,0.23554283
-0.09958127,0.18236768,0.26282483,0.1037544,0.19668879,0.22521332,0.054865226,0.25318527,0.14487475,0.06636265,-0.09594504,0.12675413,0.08386676,0.12642768,0.044673055,-0.0064358185,-0.0057997424,-0.06800808
-0.014659902,0.41786256,0.27759844,0.35116816,0.3013918,0.17405131,0.27418774,0.20428649,0.090382636,-0.044357486,-0.06590584,0.15417755,0.23134923,-0.12277219,0.28759146,0.0070196595,0.24363774,0.33932036
0.28496924,0.23812014,0.19765745,-0.025634812,0.26876462,0.18386418,0.1739435,0.16942285,0.41749892,0.1472281,0.11418921,0.25941366,0.1494607,0.20452109,0.14786103,0.21037842,0.12377769,0.082878485
-0.2287778,-0.16527157,-0.32632816,-0.15806937,-0.27975005,0.09599605,-0.081223786,0.048961014,0.15936115,0.1631168,0.016591921,0.33693308,-0.1287913,-0.013612185,-0.047335245,-0.035907276,0.07119471,-0.37782353
0.2731765,0.49492973,0.10253179,0.04955535,0.4914674,0.3486844,0.38016057,0.519323,0.33514002,0.2890131,0.061705824,0.35361466,0.34839308,0.026065787,0.4209272,0.17899106,0.4590478,0.06219219
0.42676908,0.3001598,0.52161086,0.023101928,0.33498475,0.41581696,0.20446993,0.25794235,0.14925507,0.10935131,0.090760835,0.122895405,0.16346978,0.3357452,0.078715175,0.10021319,-0.019754628,0.31127882
0.042031318,0.20608687,-0.0038825974,0.003080648,0.1788794,0.16308616,0.12826738,0.38409728,0.23879674,0.25919062,0.08877699,0.3622265,0.14929551,0.05724445,0.16954806,0.12195695,0.2370626,-0.09393203
0.088004306,0.49793863,0.2775523,0.31766635,0.49985033,0.33363408,0.42212233,0.34704697,0.2513703,0.1161217,0.054013796,0.14653078,0.38227355,-0.00043212948,0.33130336,0.20084961,0.23056507,0.27442396
0.17572507,0.44914252,0.069738224,-0.07996012,0.4250568,0.35031196,0.25851977,0.4247559,0.2310027,0.20763473,-0.016503783,0.36347806,0.13061216,-0.08939669,0.31830814,0.08296893,0.4586102,0.086550474
0.07097316,0.35068792,0.25385925,0.24525541,0.30820006,0.330303,0.13079756,0.32104534,0.24199224,0.02736149,-0.013937508,0.33008504,0.18231602,0.0067914478,0.17163005,0.034349214,0.1984097,0.16584417
0.091682345,0.24026206,0.16417882,-0.08438623,0.27434856,0.3084374,0.25245726,0.40852708,0.12800281,0.24615827,0.026817191,0.1633851,0.10130943,0.27486813,0.116570935,0.03921364,0.16830264,0.27975112
0.06671661,0.4790542,0.09763305,0.046664137,0.4402199,0.24062099,0.3351472,0.3649069,0.22581223,0.23681638,0.03332278,0.4604954,0.21362242,0.017868735,0.3882355,0.16918951,0.5297512,0.16305241
0.06557753,0.36833918,0.14220399,0.43123728,0.31182045,0.21457887,0.30901808,0.05545769,0.11250514,-0.058511075,-0.034600016,0.017360717,0.07905121,0.042122126,0.13611293,-0.024422964,0.08264628,0.21686947
0.19884193,0.38062057,0.2469675,0.04980061,0.39192456,0.30815423,0.12756053,0.28733075,0.25568944,0.18710577,0.01832809,0.28311434,0.25444698,0.032698896,0.2634083,0.17897382,0.2523855,0.027037378
0.11433028,0.5553208,0.079404086,0.10065785,0.5050359,0.3119989,0.34689295,0.39283556,0.30205446,0.2293891,0.013717923,0.42220402,0.21901661,0.017932003,0.41565913,0.17300722,0.5055481,0.040957842
-0.15831321,-0.22819468,-0.24761254,-0.1681354,-0.26595223,-0.056453153,-0.06640011,-0.08831294,-0.0836192,0.06181739,-0.011628633,0.058019273,-0.10247077,-0.21171197,0.036879696,-0.0045529613,0.034580983,-0.2028006
0.17937684,0.115569085,-0.12249684,0.0055675935,0.09112568,0.23216848,0.07920253,0.34984124,0.12603122,0.20839012,0.025289994,0.39819103,0.050774515,-0.12889165,0.15028283,0.031223739,0.39363357,-0.19349292
0.026784815,0.14691794,0.103878215,0.020872781,0.15560253,0.31271884,0.14842759,0.2541052,0.12116292,0.17176417,-0.04341066,0.17282003,0.1356937,-0.0013125199,0.1549724,0.08157299,0.14862213,-0.13553032
0.021941872,0.37999663,0.41407788,0.1984273,0.3305849,0.26349348,0.17890865,0.14741781,0.059942193,0.032078415,0.0736347,0.17130385,0.23612127,0.12717903,0.05734601,0.113282375,0.01099143,0.15537587
0.32890368,0.16108036,0.36616042,-0.02146841,0.27122506,0.16163494,0.06857692,0.21164013,0.1527727,0.2098836,-0.026957732,0.05397564,0.16045398,0.2553761,0.038671486,0.18203595,-0.025649745,0.122450635
0.11701345,0.31213117,0.10017298,0.2376197,0.31293178,0.2792964,0.2797944,0.31820026,0.19475773,0.14420483,0.026478902,0.24794403,0.14481837,0.14871897,0.23901632,0.12208717,0.3213451,0.040686805
0.5131966,-0.11395098,-0.10237625,0.053356763,-0.15060781,0.017182875,0.010285408,-0.069589324,0.05579842,0.19436666,0.06460795,0.13094895,0.058349688,-0.032970153,-0.12526438,0.10542451,-0.04465083,-0.16884056
0.34347665,0.2626099,0.38019875,0.3289875,0.22848791,0.25662285,0.12862252,0.12834299,0.2517578,-0.11307968,0.0004178118,0.07582814,0.12078724,0.22118172,0.11499132,-0.041631427,-0.06735752,0.30579615
0.10407174,0.50383604,0.19245732,0.033421252,0.50369996,0.40637687,0.3895663,0.51696485,0.25184837,0.23977739,0.013402797,0.38386565,0.23153387,0.14200296,0.45600381,0.11068676,0.5092909,0.1933932
-0.008838496,0.25317723,0.026210422,-0.063268766,0.27771837,0.3171373,0.2765901,0.32444,0.23699939,0.16368115,0.23116496,0.40733045,0.12666692,0.048504256,0.30673224,0.19879577,0.5406027,-0.012955531
0.30365348,0.35566264,0.10443072,0.06302433,0.30231065,0.26019153,0.15984666,0.30729908,0.12528117,0.14243901,0.026501732,0.30144522,0.15157239,-0.13268389,0.1461663,0.061002992,0.3070089,0.04311868
0.43534446,0.16261016,0.1658912,0.4476936,0.10652985,0.00050947256,0.1497248,0.032065473,0.22820935,-0.113701135,-0.053829204,-0.035519842,0.033237875,0.0341616,-0.025852203,-0.1317684,-0.10963025,0.18006678
0.21409932,0.22831562,-0.04936075,0.018938476,0.18559639,0.32577324,0.34530258,0.3851843,0.21039009,0.34914142,0.099921934,0.2975551,0.23978604,0.26019323,0.21889997,0.108714536,0.2146802,-0.050661124
0.25830758,0.16474795,0.054618515,0.0011303478,0.2012431,0.2831874,0.18670344,0.38268185,0.20073164,0.2430233,0.09226361,0.23271485,0.19041932,0.008260784,0.13614342,0.15479106,0.2212351,-0.10628705
0.53534836,0.2852701,0.37327272,0.44364023,0.29198498,0.14314261,0.24745551,0.09952899,0.2692991,-0.116641216,0.081126355,-0.110324204,0.22131029,0.07116186,0.08648533,0.12664504,-0.06240069,0.26022285
0.05557441,0.47061014,0.100546815,0.18921617,0.37956125,0.3615278,0.34879166,0.36862534,0.28909662,0.19854216,-0.017729977,0.38051778,0.29514396,-0.022167558,0.40346947,0.15864179,0.4804758,0.0544595
0.20302668,0.4066126,0.080223806,0.3711729,0.36653203,0.43532974,0.3266952,0.3337221,0.19217452,0.10757889,0.03431937,0.10491706,0.23576348,-0.049975276,0.23652008,0.11469525,0.24030143,-0.0051105674
0.22422828,0.2394422,-0.11742508,-0.08109641,0.25228637,0.34197122,0.3268984,0.26657507,0.28599116,0.3211352,0.03730283,0.25782445,0.15950523,0.0147618,0.28440034,0.17200509,0.3569506,-0.14574459
0.14987423,0.443248,0.20553583,0.019601455,0.45628724,0.4533681,0.36380374,0.41476327,0.19322203,0.23486541,0.12688327,0.450705,0.21603483,0.13616243,0.34687442,0.17475125,0.53623605,0.23532158
-0.035679284,0.08935726,-0.08608641,0.025967142,0.07438377,0.26985645,0.24593602,0.37710208,0.23163064,0.16745198,0.069494694,0.27069506,0.073863596,0.071975,0.28558826,0.06320983,0.42615253,-0.038659655
0.390817,0.46184787,0.15616499,-0.010157011,0.38684136,0.38962898,0.35067266,0.3743413,0.120992206,0.26923275,0.0708693,0.304842,0.1567536,0.13869685,0.26223004,0.10613542,0.32496732,0.040305257
-0.015064547,-0.03607452,-0.30598053,-0.08989037,-0.11236428,0.13773316,0.1675829,0.01943129,0.036005616,0.17645401,0.2755639,0.21144488,0.05834912,0.11265957,0.21581426,0.06970875,0.24483037,-0.118639246
0.15423238,0.27330494,0.027325809,0.42781544,0.23275818,0.117254585,0.14689274,0.108643435,0.19889918,0.008798471,-0.02265159,0.038389623,0.086288154,0.025347557,0.027128914,0.0029218288,0.039746035,0.026237302
0.36004448,0.1737889,0.07805057,0.44670385,0.11020268,0.08138636,0.18179898,0.06526071,0.22942963,-0.036849022,-0.006177655,0.08136749,0.045965597,0.080513075,0.04194562,-0.05252976,0.027410205,0.096723124
0.30579168,0.15881291,0.22646347,0.037804812,0.23933052,0.29463607,0.16367105,0.36120582,0.2004939,0.21523611,0.036183037,0.10124336,0.24545178,0.27552295,0.1412164,0.13782698,0.05844143,0.13096991
0.22996375,0.1445486,0.065865055,0.28648686,0.2265154,0.11112939,0.22890931,0.30298686,0.19350725,0.0013823723,-0.005795801,-0.019632788,0.17652687,-0.030326895,0.25370845,0.08185927,0.24009429,0.12757121
-0.02358615,0.2846623,0.21795382,0.4618863,0.24793507,0.060912997,0.26727915,-0.025992863,0.1471018,-0.15703927,0.00052239164,-0.1239755,0.020983431,0.26006752,0.11126443,-0.122334994,-0.10009071,0.3886463
0.053654775,-0.023385536,-0.1662514,-0.25766426,0.118914664,0.09997669,0.1706698,0.18373126,0.13950971,0.27346754,0.03600203,0.06694162,0.092203744,0.2000355,0.27640265,0.11100559,0.14218038,-0.05182147
-0.11671084,-0.00012209872,0.014964086,-0.2220611,0.073312975,0.25096962,0.13582233,0.24822631,0.17889023,0.15240744,0.08529581,0.06808702,0.0060245446,0.3477387,0.20134911,0.05279021,0.1438388,-0.03641054
0.047504697,0.29888856,-0.014296363,0.08461237,0.27745527,0.32795036,0.28384262,0.38404626,0.14499345,0.18666714,0.032282084,0.2876202,0.13622108,-0.084456496,0.19090599,0.047621306,0.38421434,0.04772381
0.07707506,0.34712744,0.06633715,0.049595367,0.35333723,0.4256673,0.44366795,0.30576754,0.021760916,0.12795676,0.16170889,0.20231119,0.2479923,0.06372122,0.39466628,0.13707395,0.5032352,0.2457684
-0.0278472,0.08722167,-0.15006772,0.39688146,0.06392975,-0.02596005,0.045026667,-0.00097489543,-0.059255105,-0.07319006,-0.039934367,-0.016825551,-0.01160053,-0.14580189,-0.05035527,-0.10149145,0.06374143,0.03634156
-0.062237434,-0.010611499,-0.13443273,0.07811542,-0.09047909,0.052119892,-0.115725905,0.12540051,0.16910553,0.10717675,0.09424424,0.2691257,0.048544165,-0.072112694,-0.043280985,0.039548554,0.058386475,-0.2067168
0.13951121,0.33124548,0.08265224,0.3645218,0.32889867,0.19625604,0.14394376,0.19136576,0.29162768,-0.0030884484,-0.07810453,0.096731275,0.06137852,-0.071686536,0.11578381,0.004257546,0.13938132,0.023212548
0.024670903,-0.4681698,-0.2843048,0.032653794,-0.4252802,-0.24314487,-0.16396704,-0.1936472,-0.17773868,-0.09406067,0.19447507,-0.152928,-0.044557296,-0.33427685,-0.2902913,-0.03823372,-0.18298954,-0.23075022
0.042572327,0.29879078,0.12925014,0.33580607,0.26318857,0.11876495,0.18641736,0.3031721,0.07423022,0.017764607,-0.13403417,0.15524197,0.13455415,-0.16617143,0.15904085,-0.049598686,0.2484279,0.079433054
0.15695089,0.19977075,0.06686906,0.06413169,0.23143804,0.16881213,0.12590131,0.3879907,0.20502551,0.21320957,-0.021480508,0.24388206,0.16761723,0.04239167,0.1629655,-0.0076291654,0.20312148,-0.089665264
0.09087455,0.19910836,0.0077615036,0.43299693,0.17785147,0.06550283,0.061087053,0.106077135,0.17084478,-0.035868384,-0.05171127,0.0075394,0.03796669,-0.019675504,-0.013315233,-0.036890276,0.007685135,0.009491762
-0.009730164,0.3336718,0.1042993,-0.0010666514,0.27732933,0.26815057,0.31136525,0.15088394,0.39420587,0.2087415,0.18260399,0.3094985,0.17263219,0.44758624,0.29480004,0.23166725,0.20554683,0.007581548
0.14444302,0.3100363,0.19968046,0.25880164,0.3046552,0.21460685,0.16855544,0.28418908,0.10293423,0.11323255,0.0018320559,0.22190164,0.20519465,-0.06514931,0.16687545,0.08787917,0.2837177,0.13221739
0.24352378,0.50843817,0.3333263,0.15988787,0.34685254,0.3202473,0.31946722,0.25126106,0.23798168,0.115965396,0.075795315,0.33564562,0.2594468,0.17095554,0.31993985,0.16520146,0.2913891,0.2467617
-0.053371042,0.051797442,-0.13626051,0.064184345,0.010997834,0.19786608,0.1482774,0.13204134,0.16881286,0.14466426,0.18204877,0.15919745,0.16988027,-0.07259553,0.21503162,0.12456522,0.2772262,-0.20082551
0.38124478,0.07432651,0.2593275,0.4452523,0.019624636,-0.05844394,-0.021307612,0.05869314,0.28357607,-0.16222793,-0.09990549,-0.050994456,0.03336412,-0.091023624,-0.080158964,-0.122691885,-0.20809568,0.13803844
0.51328224,0.28124234,0.20539454,0.0674313,0.32421374,0.50586706,0.34495825,0.30659866,0.26587278,0.337335,0.17971745,0.2950532,0.3041701,0.29450542,0.19294643,0.27596664,0.20734265,-0.048739452
-0.024177287,0.0030790572,-0.1108448,-0.049300376,-0.0878945,0.17162704,0.03505772,0.119240835,0.26352188,0.14294067,0.09992809,0.3557778,-0.0107600335,-0.0040948074,0.06364939,0.10173985,0.23809877,-0.24639222
0.11767021,0.053081196,-0.083589226,0.35395128,0.04659993,-0.051325835,0.14844602,-0.003930946,0.17231555,-0.034014426,0.04752955,-0.050604552,-0.0038270159,0.112748474,0.03573063,-0.021247694,-0.03164406,0.06399814
0.2314747,0.0018907096,0.027960625,0.38889492,0.045338705,0.08581112,0.23555288,0.3561133,0.37282348,0.17809008,0.0805535,0.20996824,0.30266887,0.013519666,0.16665348,0.09540366,0.15626922,-0.0005857395
-0.0026791757,0.2016351,0.03149773,0.29218912,0.1596927,0.21789458,0.20810887,0.3105896,0.2809276,0.12957735,0.031168377,0.29767555,0.12090394,0.062214244,0.229702,0.06797929,0.33251745,-0.10341893
-0.053379454,0.19068325,-0.08247328,-0.14119682,0.18449524,0.35523444,0.26531595,0.1624825,0.0156587,0.22372352,0.37201095,0.34092176,0.06469862,0.14826664,0.17529617,0.1203547,0.38656873,0.024602715
0.137822,0.2775069,0.008063567,0.19453669,0.2873019,0.25278315,0.1294823,0.35646677,0.10840814,0.09507324,-0.07782014,0.25241125,0.119183764,-0.15528607,0.12723841,-0.0037595467,0.32678354,-0.107068524
-0.019849513,0.21205944,-0.05097768,0.039426737,0.22302642,0.2332653,0.33138824,0.3591548,-0.006211872,0.17404503,0.076646045,0.15587607,0.17092642,0.04169099,0.2939729,0.022700708,0.40798384,0.086842224
0.19317275,0.37607023,0.35206926,0.01132318,0.37694934,0.4251873,0.2367447,0.36512056,0.19774777,0.15853873,0.173508,0.27059656,0.31317073,0.09427372,0.16798487,0.1923449,0.122337185,0.22012566
0.057466596,-0.039533235,-0.23028582,-0.08536707,-0.13710162,-0.015104085,-0.07072875,0.15399069,0.11196354,0.2404192,0.02453813,0.41224223,0.015354979,-0.19244787,0.04837979,0.05685807,0.21561864,-0.30356437
0.16499075,0.23795617,0.27825874,-0.0561694,0.30862796,0.28731173,0.13037291,0.21008727,0.1997202,0.09449645,0.22354506,0.050659746,0.13818073,0.33629373,0.008825723,0.12285943,-0.019307058,0.24669252
0.50968724,-0.0087401755,0.072699085,0.11295562,-0.034408923,0.2458316,0.10624528,0.17368053,0.15371916,0.16902466,0.011523774,0.13055812,0.12277818,0.10214314,0.017717177,0.06196007,-0.016691197,-0.2321266
0.13546637,0.020149443,-0.151716,-0.16756782,-0.06438835,0.11799431,0.2121124,0.1709531,0.23566061,0.30124596,0.16164938,0.44481164,0.16274774,0.12406489,0.29151177,0.2087157,0.34744313,-0.13917026
0.31106126,0.42659086,0.1618715,0.06088627,0.44786024,0.36895096,0.4419772,0.2879616,0.22533761,0.1585468,0.15099841,0.2008489,0.23380664,0.17629784,0.41268966,0.13043407,0.3961227,0.25636494
0.43557847,0.37861902,0.5007375,0.14011872,0.40227795,0.35857022,0.34699273,0.34365857,0.22244123,0.12631488,0.17229421,0.35322368,0.28906867,0.23101096,0.2767172,0.2324709,0.3666436,0.44202137
0.25568387,0.2644838,0.22834376,-0.03398083,0.23680082,0.18853359,0.021117494,0.28742093,0.053447943,0.10628645,-0.04669072,0.1555932,0.05902625,0.1087996,0.07091992,-0.015266135,0.08433527,0.05965337
0.27489987,0.30774236,0.11878613,0.050891645,0.29652655,0.288567,0.35789716,0.4035365,0.1904036,0.3516022,0.21302006,0.27323732,0.35355496,0.1676532,0.28251904,0.26751518,0.24610414,-0.036825232
0.49758297,0.05736426,-0.059851874,0.18292168,0.083649874,0.20719874,0.23253003,0.19186124,0.26888305,0.24814723,0.08983013,0.22180507,0.2251777,-0.0475723,0.15177292,0.17225541,0.18452273,-0.23504627
0.06267753,-0.08223174,-0.0014582612,0.41162765,-0.11181252,0.088742234,0.16024627,0.038663782,0.018475885,-0.074653916,0.1092325,-0.09736121,0.11752109,0.01955555,-0.031142335,-0.0027841735,-0.044789717,0.081699654
-0.0738499,0.25030345,0.09479821,-0.04727833,0.25355768,0.30929163,0.1783225,0.07470384,-0.09827487,-0.010735872,0.15814121,-0.018141834,0.07960802,0.037483662,0.12077461,0.055583827,0.111819685,0.042200994
0.1426552,-0.2966146,-0.27029806,-0.18730214,-0.24726672,-0.041804034,-0.14905939,0.025601713,0.030001007,0.12892488,-0.04170654,0.08596788,-0.05217213,-0.25850695,-0.08918986,-0.023035727,0.009470893,-0.37678158
-0.07185912,0.20608437,0.2744647,0.123006485,0.098051995,0.2015234,0.1621006,0.15493274,0.16175497,0.04791403,0.08183317,0.22712566,0.171456,-0.00068741385,0.19183725,0.083572775,0.18962038,0.031079382
0.29204932,0.1726417,0.0007897427,-0.07443528,0.23866343,0.19307885,0.049864806,0.24534908,0.24842928,0.22420636,-0.032722354,0.17302993,0.07801443,0.06887402,0.078108326,0.078921944,0.14948511,-0.0707849
0.100958034,0.09054867,-0.030001635,-0.012640707,0.053593855,0.39499402,0.36167872,0.12879145,0.092693,0.261783,0.20388424,0.252196,0.2153161,0.14993596,0.2669577,0.19598912,0.25916648,-0.09026994
-0.1443148,-0.16964462,-0.18795373,-0.07883978,-0.21152157,-0.06543431,-0.053307578,0.16778335,0.09072636,0.17096682,0.028427195,0.06956564,-0.047497466,0.031166958,-0.035942353,-0.063152045,-0.07252611,-0.1530393
-0.052592173,0.09904513,-0.036122818,0.46579465,0.019409284,0.117238514,0.2596195,0.23658521,0.20624813,0.07851291,-0.009720689,0.0976929,0.19656375,-0.06984463,0.13105161,-0.008013537,0.08041376,0.07908616
0.16347925,0.318067,0.30274546,0.17226751,0.26377174,0.35499015,0.24121979,0.27344877,0.055807956,0.1152124,0.120747544,0.25025058,0.24278888,0.14568296,0.06506707,0.13304965,0.1798253,0.08791691
0.47854817,0.31064326,0.3523506,0.18613604,0.29295498,0.29698625,0.17431536,0.2520285,0.17360201,0.105636284,0.05332136,0.14383799,0.22461179,0.09444474,0.010400565,0.1221928,-0.020899255,0.023867797
0.12740934,0.00901372,-0.10381503,0.010264078,0.025886312,0.18692335,0.30586246,0.16674456,-0.0070662,0.1263537,0.21442732,0.051067844,0.1814023,0.15385602,0.36966965,0.051619798,0.29939342,0.05309598
-0.13846162,0.19852337,0.13985763,0.021999463,0.12766817,0.23614565,0.23026174,0.1431183,0.052516524,0.11079395,0.12367527,0.24765924,0.060526542,0.29728603,0.104348525,0.090094686,0.13363498,0.033712752
0.43713474,0.17494941,0.38892835,0.1638906,0.17537268,0.25208917,0.1209984,0.21475786,0.236675,0.03753917,-0.041069213,0.06184898,0.13313738,0.3185531,0.052638974,-0.0025751495,-0.117902294,0.09538488
0.45488694,0.3772645,0.32865205,0.19318116,0.33074203,0.24824435,0.3068598,0.37082684,0.35945076,0.109626666,-0.03254445,0.24159193,0.29053187,0.020776616,0.26449627,0.11008769,0.15184182,0.30651188
0.1546165,0.28560787,0.05045396,0.15974507,0.27636766,0.27440506,0.3155338,0.3016709,0.1934497,0.19652604,-0.034435544,0.35681972,0.16564399,-0.030606125,0.26394743,0.09159048,0.4272788,0.067225575
0.033201694,0.12102179,-0.13264507,-0.0150622185,0.08356036,0.19840339,0.34089595,0.28164858,0.15486483,0.2600636,0.22581305,0.2417469,0.15911973,0.33797455,0.33570814,0.10086121,0.30920118,0.12644786
0.035600975,0.09123054,-0.14897236,-0.036909483,0.037037328,0.19181216,0.2844216,0.31672525,0.39779872,0.23830412,0.15366212,0.31378675,0.1776441,0.23487432,0.42968643,0.16109002,0.4112506,-0.058282144
0.11183488,0.26756507,0.040427968,-0.117641225,0.16198665,0.46269035,0.33777463,0.20724577,0.21587664,0.3258809,0.14016959,0.3246549,0.129925,0.40387112,0.21781805,0.14186278,0.21779458,-0.014475411
0.433912,0.29456168,0.1735369,0.13185193,0.30637366,0.36849096,0.2668162,0.4223789,0.22259033,0.3090117,0.07697217,0.28909454,0.30848968,0.07298896,0.22375637,0.19010448,0.27196935,0.0026041446
0.09592508,0.25993377,0.054601163,0.20016813,0.23105422,0.14548115,0.17842352,0.3047468,0.33065715,0.15153888,0.048393514,0.36359355,0.15668148,0.08736852,0.2592947,0.15370555,0.36340642,-0.042481914
-0.03370578,0.26459467,0.16777033,0.17364362,0.20093405,0.33108878,0.25667167,0.35494304,0.20203808,0.10341561,0.04125243,0.27104002,0.15615332,0.1994929,0.18954502,0.045787245,0.13958493,0.0041717645
-0.049798675,0.2566833,-0.0115568675,0.046396807,0.1559732,0.3137064,0.34387425,0.3563785,0.2560556,0.27301216,0.1399556,0.37876087,0.11092391,0.32126993,0.28352085,0.12275891,0.37306803,0.03225282
0.3283441,0.40241128,0.17046194,-0.062258586,0.43374056,0.40078378,0.3304128,0.37877873,0.24375059,0.32083645,0.03491228,0.25628018,0.20337689,0.12096722,0.25930524,0.14260367,0.26942718,0.12327542
0.011262661,0.20290098,-0.2191413,-0.18174255,0.06470312,0.3669955,0.23327789,0.18865237,0.22758558,0.32408708,0.10597246,0.49337107,0.06658793,0.11698786,0.26948375,0.12068947,0.3984962,-0.15755825
0.25724503,0.16629452,0.112806134,0.4763853,0.20087954,0.04719004,0.1912843,0.0149986185,0.26212752,-0.14167422,-0.025109394,-0.14978862,-0.006773987,0.1000631,0.028051995,-0.03521214,-0.054825008,0.1759071
0.029397964,0.42033553,0.062658295,0.060496733,0.42659742,0.38660744,0.43135366,0.48325133,0.12600005,0.28339267,0.019259911,0.27507633,0.28416467,-0.024464322,0.32008958,0.10021412,0.4193627,0.11906961
-0.021600485,0.40021846,0.059304886,0.09777822,0.23924719,0.37291035,0.32875717,0.3914712,0.19257312,0.22192466,0.06277633,0.4078704,0.26249528,0.02305666,0.34038574,0.12128134,0.42351323,0.08330461
0.25005865,0.3793325,0.10552941,-0.03333783,0.26514822,0.3888029,0.2824712,0.36855412,0.3353179,0.33756295,0.018540744,0.3543775,0.23214458,0.19718881,0.2571977,0.13607766,0.26935124,0.07507299
0.24927494,0.2510639,0.47410288,0.22014059,0.18408874,0.18951325,0.27809083,0.13769189,0.2121833,-0.048014022,0.064946115,0.16097121,0.26042002,0.25957507,0.27871984,0.058402456,0.10261675,0.38071325
0.4362857,-0.11470532,0.075396955,0.23351821,-0.083904676,0.017584244,0.19970958,0.16001847,0.14548776,0.11604454,0.12526114,0.05110213,0.23306254,0.03556206,0.02810887,0.12701595,-0.015346358,0.030199261
-0.049369432,0.45199472,0.1124225,0.029445171,0.3504396,0.3856913,0.31549764,0.20575678,0.21939895,0.24410723,0.120915376,0.23331138,0.20385504,0.2716859,0.2973296,0.21280651,0.22522448,-0.09346169
0.30121386,-0.049895864,-0.0884957,0.18298714,-0.11009632,0.06077247,0.08215496,0.15977967,0.23483358,0.16039585,0.055778995,0.29428828,0.07581887,0.07737835,0.10274075,0.057984117,0.20744315,-0.14300652
0.07934272,0.3618852,0.048510395,-0.021157093,0.30647618,0.356489,0.13541828,0.36551428,0.345558,0.15329012,-0.06797081,0.37114212,0.066840306,0.004443612,0.17734456,0.034624733,0.28806186,-0.10741947
0.13167782,0.4142555,0.04831457,0.069237754,0.28926778,0.29613426,0.3628834,0.32848942,0.19561876,0.2718203,0.14547609,0.45647174,0.20973587,0.114706464,0.25891012,0.14118072,0.34006017,0.018009573
0.5850133,-0.09716811,-0.085792154,0.06481667,-0.0060039004,0.08202505,0.13974586,-0.009616304,-0.0016952862,0.19758454,0.13440174,0.065336876,0.13126175,-0.066939324,-0.00841835,0.17891794,0.06529342,-0.17056221
-0.048614234,-0.10189216,-0.2219995,-0.10460569,-0.1853486,0.051082768,0.16338757,0.048128385,0.13767266,0.20218813,0.21595323,0.36082608,0.056439996,0.09942244,0.30937865,0.12224569,0.39931417,-0.102214694
-0.012560062,-0.2163028,-0.13572353,0.014461858,-0.17513976,0.082704306,0.06942181,-0.14613357,-0.15756944,0.03515339,0.15985738,0.04713548,-0.06310393,-0.10734363,-0.10554596,0.08294834,0.06820042,-0.10297258
0.23028201,0.29734814,0.078492284,0.46575892,0.21555376,0.045521177,0.27118182,0.0911053,0.12633204,-0.035661332,0.03417992,0.067761146,0.082393005,-0.08274865,0.1491139,-0.07538675,0.13943768,0.3361455
0.07097311,-0.2175352,0.0017934504,0.033142976,-0.23038733,-0.007990373,0.114916876,-0.2656992,-0.15148845,-0.04925117,0.38685334,-0.10708426,0.030999247,0.05296224,-0.21911949,0.11600079,-0.10749884,0.18408376
0.077703245,0.20545638,0.119833425,0.14315182,0.18057999,0.33639336,0.3793038,0.1450018,0.03002946,0.11609165,0.27010998,0.26322395,0.17712612,0.121258944,0.27792692,0.20784654,0.47820288,0.16906929
0.0356563,0.42446917,0.11775037,-0.0061200745,0.40364665,0.3992438,0.47027075,0.3901168,0.15863356,0.23232245,0.27377003,0.2867572,0.33480328,0.15516615,0.47728467,0.2356134,0.49660143,0.17036775
0.2641024,0.39439133,0.2932311,0.043404423,0.45156538,0.3551191,0.39476252,0.36521095,0.29497874,0.22064961,0.1924904,0.2540992,0.27821696,0.21024722,0.2162271,0.18113363,0.25129524,0.39818633
0.06559473,0.52450025,0.22125754,0.07386959,0.4392294,0.48631662,0.43946725,0.39661434,0.16152158,0.25012848,-0.011823186,0.38681895,0.27033764,0.11108686,0.42035967,0.12201699,0.4462356,0.2228788
0.16267858,0.339125,0.16271865,0.09766129,0.32388985,0.25507328,0.31735498,0.32474136,0.27994826,0.2881179,0.06145576,0.30539256,0.27858794,0.17444217,0.29920578,0.15083832,0.27692556,0.038802624
-0.18994233,0.24566448,0.03322532,-0.19781917,0.15016887,0.36192626,0.09919268,0.23568876,0.2218029,0.21263576,0.08535282,0.44832984,0.0049773627,0.1683165,0.12149064,0.06958419,0.23175798,-0.13180688
0.033473715,-0.24103491,-0.13617809,-0.16356525,-0.24013384,-0.1426315,-0.16710393,-0.017928427,-0.03434229,0.12006157,0.01707018,0.04519172,0.0065150643,-0.20431517,-0.13929671,0.03886815,-0.1671009,-0.30871123
0.47858,-0.12634748,0.08590399,0.3303971,-0.08389978,-0.11581076,0.029020533,0.049991854,0.2085622,-0.097869575,0.034663133,-0.09211152,0.070162386,-0.12760445,-0.07910329,-0.024372833,-0.16818929,0.068833776
0.034991562,0.3588684,0.057588693,0.19760898,0.2993713,0.20939696,0.33176428,0.34032667,0.069640696,0.17198893,-0.01125029,0.3345152,0.23170373,-0.04403565,0.32488784,0.09318298,0.4451035,0.066209525
0.20705497,0.23445134,0.28900248,0.23334955,0.29717547,0.16188762,0.19460711,0.36266547,0.19330126,0.07221972,-0.10352902,0.16428505,0.2630811,-0.08342908,0.21510017,0.094176635,0.266618,0.23351246
-0.019510001,0.2905408,0.06302729,-0.025313124,0.24794345,0.32126418,0.33309355,0.3785506,0.098911606,0.31075907,0.022152772,0.4117968,0.14754307,0.05904028,0.21157308,0.13329673,0.41023603,0.03432947
-0.053873464,0.394152,0.1165779,0.13863131,0.2934511,0.3535634,0.34820384,0.45642033,0.12020874,0.24642351,-0.014220122,0.28873247,0.29782674,0.04885882,0.36407626,0.10403366,0.38038296,0.13843568
0.022747587,0.11659426,0.17906731,0.098790616,0.16480598,0.18361679,0.1114875,-0.07453823,-0.18050602,-0.15454994,0.1269652,-0.16613254,-0.05537416,-0.0135722915,-0.07115312,-0.02351013,-0.019934705,0.11198418
0.058771092,0.26691908,0.21454838,-0.03223671,0.29652214,0.32420522,0.22195294,0.15702936,-0.053603113,0.055912152,0.25947756,0.2239504,0.10214903,0.053246975,0.082406364,0.18004975,0.3821608,0.2852602
0.021409629,0.19423416,0.3934353,-0.029614141,0.25278187,0.23268114,0.20120533,0.28649318,0.33116996,0.1189518,-0.049364172,0.17571828,0.13800645,0.3860227,0.24731688,0.12864628,0.091985285,0.22971156
-0.064395204,0.3927518,-0.013556051,-0.02476263,0.32993472,0.37944314,0.15638524,0.22878201,0.15605894,0.107100934,0.037387826,0.22048932,0.10660307,-0.0059356214,0.25267512,0.036226146,0.29402673,-0.10860199
0.49944225,0.009870177,0.18687701,0.3033362,0.021167051,0.03227146,0.096432656,0.07115781,0.18743968,-0.08853637,-0.0335873,0.012739842,0.09061797,-0.08412261,0.02225175,0.011746007,-0.012630377,0.022984268
0.08429021,0.46856493,0.07641728,0.032241166,0.48062462,0.3469768,0.37447923,0.23009141,0.018942561,0.077270664,0.17815104,0.17390963,0.14057522,0.08375253,0.31943133,0.06516579,0.43075728,0.223266
-0.053442433,0.37482452,0.20521772,-0.01725436,0.29202682,0.32892343,0.22868566,0.32596308,0.13566518,0.12488766,-0.027355485,0.3368224,0.14802891,0.07480405,0.29650086,0.0446164,0.4170831,0.19373712
0.18712953,0.30982935,0.4158615,0.4369385,0.28782856,0.09354823,0.22153154,0.25139332,0.2869174,-0.09878227,-0.09600185,-0.02666711,0.25619015,0.04645491,0.13148157,0.04583411,-0.027186487,0.47542137
0.04586672,0.4308346,0.0773395,-0.034430347,0.36007392,0.38561314,0.30573952,0.46326035,0.21584392,0.2832172,-0.004339641,0.4935271,0.243812,0.042932432,0.28049934,0.09895482,0.37944704,0.046280377
0.09821813,0.4190211,-0.0055754585,0.3236148,0.34750775,0.243732,0.2605884,0.21368545,0.20565829,0.09783864,-0.04572074,0.15656285,0.12004291,-0.033448413,0.17335063,0.042581774,0.22463793,0.028768323
0.41117272,-0.0973452,-0.09690182,0.20662722,-0.049276613,-0.01702924,0.08694802,0.19471902,0.102907605,0.14447959,0.18244846,0.13987741,0.15042564,-0.07581855,0.037067004,0.075609475,0.13236684,-0.13739109
0.04108517,-0.040876593,0.006486787,0.038412973,-0.041266046,0.07410505,0.35019484,0.04777567,0.13651334,0.08844191,0.25423536,0.06457903,0.1387882,0.37816405,0.30413204,0.15959504,0.18028706,0.16386183
0.022987276,0.16408613,-0.10943632,-0.038610626,0.15095098,0.29193902,0.11578328,0.41893786,0.23982573,0.20064835,0.022032954,0.27957207,0.11498154,-0.0938765,0.15402788,0.012210745,0.31931257,-0.1958256
0.095092736,0.22063035,-0.1219154,0.013279621,0.15989761,0.26619768,0.23613752,0.296987,0.2112517,0.35395482,0.12714922,0.30285317,0.19650225,0.17404772,0.22069734,0.12080051,0.24723639,-0.1525899
0.30187482,0.42876375,0.21049479,0.41477698,0.3917091,0.18511839,0.30756623,0.18012984,0.15833391,-0.02585684,0.12242122,0.07772324,0.2726584,0.010843158,0.20285723,0.09907895,0.23312426,0.36408377
0.08015377,0.37884307,-0.025307022,0.33656037,0.30743778,0.21223332,0.20479192,0.21434343,0.20772766,0.063773826,-0.035526942,0.14215317,0.08474049,-0.041530468,0.12188638,0.01662533,0.17853302,-0.0106527265
0.041158207,0.3690788,0.24074322,0.02585056,0.34252834,0.35739398,0.48475146,0.20563535,0.0002240939,0.17606413,0.23256461,0.23211354,0.229561,0.21321145,0.26134965,0.2062486,0.38335148,0.45392823
0.028781712,0.2916968,0.008412888,-0.03326857,0.24655944,0.29508394,0.1813913,0.16368648,0.20912932,0.13539301,0.32514265,0.29429185,0.12315653,0.10376401,0.14843899,0.1944273,0.2534463,-0.022596909
0.0477562,-0.015919767,-0.10433186,-0.105845466,0.014544269,0.09670354,0.21834484,-0.104740545,0.010872313,0.15886155,0.2758113,0.10745833,0.09182669,0.20793386,0.0864476,0.1763738,0.023011222,-0.10027303
0.14043988,0.11046414,-0.1858206,-0.106113866,0.16614361,0.16069806,0.041820295,0.18512559,0.27978727,0.19317812,0.026952233,0.21126384,-0.057788093,0.0016235085,0.084425464,0.07027812,0.17786787,-0.21728817
0.16726403,0.09082572,0.11813832,0.24680445,0.1188519,0.27596152,0.14670224,0.19222544,0.3302257,0.037404098,0.030759562,0.24579859,0.18180777,-0.07342316,0.08667011,0.05385662,0.17470467,-0.0382831
-0.022446288,0.057255343,0.028716488,0.076639146,0.09802942,0.24272859,0.2936769,0.11069767,-0.043458972,0.09092115,0.12712312,0.118430614,0.061639406,0.117013395,0.21619079,0.11241123,0.40274572,0.13247955
0.36606902,0.41486022,0.35549235,0.14613056,0.43373236,0.33294234,0.39462167,0.3374402,0.23243104,0.11237912,0.19682848,0.30385032,0.2891811,0.18919589,0.34873042,0.1715886,0.42219508,0.42296162
0.12313916,0.13891354,0.2719884,0.17114758,0.08053893,0.14995894,0.081603065,-0.020607868,0.03579457,-0.055642575,0.30339688,0.013652982,0.21936928,-0.011860735,-0.118940406,0.20783266,-0.07636632,0.18081665
-0.013830539,0.14813726,0.010496939,0.13489321,0.085131176,0.23448372,0.083485864,0.25195813,0.21670073,0.0840278,-0.04340051,0.4331475,0.092618495,-0.026824206,0.16467562,0.026662827,0.3409908,-0.057364374
0.08886377,0.09394768,-0.08089003,0.017958786,0.1587697,0.16415367,-0.06250617,0.084259614,0.04363926,0.09442732,-0.014821947,0.083351076,-0.049257856,-0.06343794,-0.08945476,0.010584591,0.04205742,-0.24593368
0.044972003,0.3713767,0.08387691,-0.010949208,0.2700351,0.40573907,0.29106432,0.4203503,0.15794268,0.27578333,0.10206817,0.37429255,0.218073,0.18722603,0.2511908,0.1046233,0.35993618,0.15045905
0.28157347,0.015513226,-0.0056676976,0.34454536,-0.011808261,0.05651097,0.121102095,0.09719649,0.36915606,0.024473406,0.026262224,0.10563564,0.16160503,0.022219803,0.03142548,0.059445262,-0.033703923,0.05448632
0.16084318,0.016863532,0.025107913,0.44456008,-0.012695201,-0.059344716,0.22883762,0.031812567,0.35291928,-0.023066698,0.107875824,-0.04935558,0.21316767,0.000531618,0.09429589,0.049102258,-0.13686892,0.16089965
0.047808126,0.46263534,0.055372864,-0.11550388,0.3985998,0.44221288,0.37045664,0.2964971,0.19888642,0.2577347,0.12996314,0.37845236,0.19688842,0.16708738,0.3609467,0.14318603,0.4174875,0.049464516
0.08184967,0.21196663,0.1033736,0.14573178,0.12652928,0.16491818,0.22015527,0.22266845,0.4441232,0.15603054,0.13742357,0.21544029,0.28541768,0.18117407,0.29013485,0.22755449,0.2233535,0.07277791
0.06184786,0.28503025,0.10893555,0.28577858,0.23938265,0.35626268,0.24119756,0.23026793,0.32027557,0.15020496,0.11433205,0.2763474,0.31686658,0.08532998,0.23129568,0.19749033,0.19713703,-0.013445336
-0.0564439,-0.0018134224,-0.20741645,-0.11988716,-0.06845304,0.27466276,0.11303975,0.26731488,0.24043354,0.225647,0.0806884,0.46982878,0.12864661,-0.13005763,0.18390298,0.10997753,0.31197354,-0.36620036
0.44534406,0.13749743,-0.03196574,0.14387429,0.08913256,0.2626976,0.27420598,0.16525026,0.2842828,0.2543675,0.18196595,0.35590196,0.17199291,0.18039644,0.1725103,0.17235042,0.29274365,-0.088186845
0.037181444,0.36962867,0.20663528,0.04424505,0.28302675,0.41685063,0.27499646,0.177327,0.1392748,0.091481715,0.073120326,0.24976872,0.24089476,0.061121076,0.3473183,0.1935952,0.39364016,0.09777248
0.0634834,0.23252782,0.12645711,0.39242333,0.19554722,0.08427842,0.1943223,-0.0011819638,0.092900336,-0.15443125,0.012760967,-0.10922769,0.0730855,0.09047833,0.074953035,-0.121471226,-0.083534084,0.18434063
-0.13706852,0.1686548,-0.07720563,-0.029646894,0.07520853,0.2594088,0.119268686,0.21215004,0.08892532,0.14438102,0.107511185,0.3435094,0.03786262,0.044519473,0.13520364,0.10155325,0.32550335,-0.10291609
0.11611135,0.35458058,0.10927005,0.4599862,0.30511048,0.15551835,0.18076923,0.35016608,0.2391108,0.049460106,-0.15199858,0.13817802,0.1848506,-0.07153643,0.15558657,-0.028312549,0.14045253,0.12192041
0.34470844,0.13635805,0.16033557,0.4241814,0.12497424,0.06253978,0.2191956,0.09787835,0.24902305,-0.010391718,0.015553189,0.031443898,0.15698506,0.2608722,0.12143977,0.06676841,0.024258964,0.17568663
-0.09561247,0.21221086,-0.10135344,0.057663314,0.10344444,0.28656214,0.21488617,0.2709753,0.26617548,0.18140347,0.091396466,0.40003484,0.093630075,0.09314171,0.349436,0.09367931,0.44946676,-0.1017202
0.16771603,0.106119566,0.24909559,0.10042284,0.19956969,0.24889314,0.29188663,0.25590158,-0.020146346,0.17024003,0.12640704,0.10684611,0.20218603,0.08652222,0.031752884,0.15840408,0.2633446,0.3334229
0.018520128,0.2502826,-0.12812088,-0.06282194,0.13559522,0.29658943,0.24555579,-0.038771786,0.11059865,0.2509988,0.14623052,0.30511737,0.13014984,0.040748626,0.16912675,0.2147106,0.21274883,-0.12706296
-0.098658755,-0.08552843,-0.081423044,-0.12830378,-0.17440009,0.15344442,0.26480347,0.12847522,0.06089571,0.2796435,0.24868879,0.30575407,0.20496824,0.08359956,0.10623148,0.23214248,0.1480932,-0.005497795
0.14163662,0.28502917,0.036561146,0.25939056,0.25645888,0.25548735,0.4185679,0.17086507,0.156219,0.0907385,0.20660853,0.2785027,0.22272927,0.20963305,0.3592897,0.10570033,0.41846007,0.3127904
-0.01885337,-0.013788804,-0.14633644,0.13755481,-0.01983945,0.08725727,0.23643321,0.19106285,0.03524509,0.13774154,0.02768274,0.1718731,0.10453877,0.02089909,0.1809471,0.02889232,0.23366532,-0.024430268
0.35378334,0.075795636,0.053484716,0.12341073,0.089990765,0.11504498,0.15695001,0.26604348,0.07069433,0.2628256,0.07316479,0.020008346,0.19540681,0.14335719,0.025186332,0.11296642,0.0097584585,-0.09321383
0.32546735,0.13094576,0.28444654,0.34601155,0.13359196,0.12968834,0.13143823,0.10784468,0.1362167,-0.09213855,-0.016183302,-0.01157717,0.053486332,0.120892435,0.049995027,-0.12706918,-0.10227056,0.28257453
0.08010927,0.29575747,-0.14417627,-0.09010814,0.25119576,0.38928685,0.3126107,0.27018124,0.099785715,0.3013087,0.17761658,0.25732803,0.1103076,0.20873335,0.25181764,0.1312125,0.3176068,-0.042015098
0.1953718,0.23997325,-0.04761617,0.36548162,0.18967631,0.18700403,0.25550222,0.11875345,0.26044083,0.05263599,0.012316244,0.07809387,0.08529124,0.08786922,0.124944806,0.030062087,0.116762705,0.007282825
0.14052272,0.22241251,0.057826515,0.025521398,0.31587547,0.33936423,0.20682596,0.20226768,0.08469869,0.076459944,0.0768047,0.10189373,0.19630086,-0.004434586,0.20514904,0.15413779,0.26365635,-0.002216538
0.07931364,0.2953028,0.010012224,-0.049072336,0.19554609,0.27707383,0.09670134,0.36416918,0.29050148,0.22542854,-0.010372412,0.43952015,0.15434477,-0.0465831,0.23534383,0.12088836,0.35399696,-0.12201594
0.18815625,0.43186408,0.090658985,0.3916406,0.37609333,0.29523808,0.2713254,0.3204265,0.2737157,0.10500692,0.008867819,0.15615417,0.24023545,-0.097053066,0.19610941,0.051441073,0.20099878,0.0021645576
0.1681844,0.22412089,-0.034678604,-0.09621962,0.31836474,0.28932482,0.16143216,0.13252772,0.16444546,0.114034764,0.41017127,0.17110541,0.067685306,0.047849674,0.093080714,0.23507401,0.27606434,-0.04248312
0.46961844,0.20079997,0.42477247,0.27735892,0.26920933,0.1556271,0.17786014,0.18650481,0.36209264,-0.06540067,-0.04154808,-0.0029369665,0.22194757,0.1890935,0.20727974,0.1188218,0.022328597,0.34278184
-0.029566215,0.27799714,-0.070040464,0.05508329,0.19428426,0.3056109,0.38091302,0.39663345,0.15926993,0.2666645,0.094670236,0.38536748,0.22589603,-0.007847483,0.3597718,0.130344,0.5011372,0.050335363
0.022651633,0.24996787,-0.122936875,-0.00047309697,0.13040829,0.22323972,0.1579358,0.2281093,0.2828408,0.2649207,0.21604122,0.52507675,0.23121782,0.0032692766,0.21878913,0.18796101,0.35444844,-0.11305472
0.00630695,-0.017610388,-0.25273985,-0.14081633,-0.118735455,0.09126237,0.10940652,0.1907253,0.1497227,0.27883035,0.04640904,0.25094682,0.03214042,0.05393352,0.14931528,0.07640371,0.20745069,-0.26222065
0.04782996,0.3413325,0.13226578,0.46347642,0.30039835,0.086855516,0.29633293,0.2555406,0.31171238,0.060917072,-0.021746267,0.2329999,0.17283788,0.032224715,0.24475434,0.03219161,0.23316446,0.17632565
-0.010536141,0.39176238,0.06981258,0.19105679,0.36859706,0.37014323,0.44006166,0.38862002,0.17277943,0.21337624,0.10387229,0.2316607,0.28573638,0.09536644,0.39774764,0.15488443,0.37150863,0.077745296
0.02422224,0.25480795,0.108593956,0.05718632,0.13299605,0.26605868,0.00427866,0.2118184,0.15173233,0.10250672,-0.026620645,0.32371497,0.12981085,-0.090962924,0.09384639,0.04838801,0.16896589,-0.07579748
0.16657922,0.16430274,-0.11307147,0.3361323,0.15366809,0.19017783,0.3049176,0.18898752,0.258784,0.10819672,0.10528902,0.18428117,0.16579998,0.072420865,0.23416424,0.11664352,0.27839446,-0.058802355
0.013958815,0.0168559,0.12565725,-0.041186243,0.011688644,0.072312996,0.1313861,0.15338904,0.2040256,0.2236115,0.22660029,0.11952779,0.22519617,0.38419777,-0.006046583,0.22673357,-0.14963418,0.15151982
0.17586815,0.06923957,0.056772865,0.07329555,0.1425474,0.21462962,0.10354365,0.3661556,0.29097176,0.17253868,0.05229832,0.20091185,0.21219647,-0.01218297,0.2809644,0.13523199,0.24532883,-0.18880573
-0.08062458,0.2232225,-0.115021326,0.08522858,0.09518677,0.2701419,0.26767915,0.24822919,0.08798896,0.23463666,0.062012583,0.33775192,0.06094957,0.09664799,0.19395489,0.05601952,0.34413776,-0.09990569
-0.030571274,-0.05991265,-0.14731735,0.034323007,-0.056233913,0.10949355,0.24424118,0.18047307,-0.043794468,0.11689289,0.062379345,0.11504093,0.052035443,0.07721324,0.28817874,-0.014307361,0.36604416,0.015986737
0.023421828,0.0037924945,-0.010772272,0.28699017,0.019826453,-0.015159503,0.08842982,0.025546912,0.079653546,0.06908862,-0.09259035,-0.05723834,0.006598649,0.073573396,-0.016088706,-0.026857512,-0.045574274,-0.1049043
0.049529634,0.44541344,0.09696343,0.07027942,0.40641224,0.34970918,0.32504335,0.47487146,0.13444696,0.20934561,-0.031313345,0.3517724,0.24297696,-0.11657952,0.36900008,0.073610604,0.47315168,0.08018331
0.03361914,0.040557392,0.37551123,0.21087417,0.03249874,0.19907302,0.24231559,0.18499276,0.15356737,0.1010298,0.016020112,0.019438097,0.19637945,0.48426783,0.056549847,0.05810602,-0.19196191,0.18898493
0.3668496,0.44121572,0.2044214,0.21365589,0.41983634,0.3782773,0.33323938,0.33084998,0.08401162,0.11931567,0.007182016,0.14754492,0.205831,0.034420125,0.25760722,0.088174224,0.2846449,0.05478867
0.14797851,0.5190598,0.19350936,-0.053799205,0.4955874,0.48825145,0.40702248,0.39452314,0.14060965,0.270315,0.097391695,0.31507033,0.2339932,0.16787753,0.39145494,0.13482364,0.4083048,0.24808472
0.17016992,0.030862173,0.06234189,0.46002328,-0.022728354,0.027736332,0.23102832,0.052599832,0.3531443,0.012574811,0.17532724,0.095717534,0.2012441,-0.014374743,-0.057422698,0.118254006,-0.1254248,0.21959409
0.15807036,-0.056988586,0.02365186,0.3872463,-0.11913936,-0.14216979,0.21320078,-0.061816476,0.2018398,-0.043707155,0.025879698,0.009196487,0.07051049,-0.10613635,0.03399241,-0.005061171,-0.04975119,0.26557612
0.20252946,0.19763106,0.24766302,0.14271435,0.35346276,0.2772774,0.2742796,0.13643011,0.049668692,0.009877522,0.29778212,0.04899414,0.18378812,0.123321205,0.058782477,0.22261098,0.2871587,0.38829702
0.10841467,0.4875708,0.037331626,-0.05035828,0.47279882,0.3392861,0.43335202,0.343369,0.21887243,0.24083126,0.11471333,0.3374126,0.25841284,0.016906276,0.49804646,0.21544296,0.56702065,0.027655866
0.3909617,0.38931644,0.32206064,0.15979853,0.37440616,0.2675788,0.22580254,0.46244687,0.29096574,0.15485072,-0.017505433,0.35599068,0.22552915,0.06762239,0.27956507,0.10000956,0.34773958,0.28339553
0.04956387,0.3532564,0.3102134,0.0706639,0.35572058,0.3229129,0.24735337,0.48853993,0.26102066,0.18664327,-0.017170325,0.36939794,0.32400456,0.117327526,0.35583428,0.19029957,0.3618885,0.26262903
-0.14870824,-0.00290476,0.060575962,-0.014696972,0.0060648513,0.21383464,0.202721,0.14914516,0.05071024,0.11019957,0.25385377,0.034605213,0.05546344,0.47865427,0.10996969,0.074697495,0.066378415,0.19572687
-0.08691717,0.17630814,-0.11894857,-0.0608766,0.10432759,0.21763825,0.13133366,0.24482387,0.015353192,0.18128133,0.085298605,0.36121163,0.011637195,-0.038316503,0.0808533,0.020480283,0.30171058,-0.106377795
0.1418711,0.17393756,0.09545821,0.1932746,0.17839727,0.19694382,0.21046376,0.2654804,0.13015372,0.2318761,0.06472271,0.09433827,0.26229006,0.23375088,0.06746641,0.10947287,-0.018241614,-0.041059405
0.118907645,0.25294286,0.07264054,0.06982398,0.23156044,0.3144189,0.16500393,0.39253116,0.226224,0.21704724,-0.052961692,0.44012046,0.16740492,-0.010677022,0.16154116,0.11010446,0.4010042,0.0097645605
0.050496556,0.46121794,0.26012725,0.41915172,0.32571054,0.31384963,0.27052528,0.20634931,0.32035547,0.0038650162,-0.0074330396,0.24654298,0.2718851,-0.00322589,0.2477237,0.051688027,0.15382232,0.23188198
0.18883535,0.38959372,0.11354022,0.44127417,0.3556096,0.18172485,0.23979282,0.14687708,0.27662873,0.014371743,0.0074877646,0.1437822,0.17301482,-0.07551496,0.14484125,0.0453932,0.13039854,0.17961395
0.06713297,0.035076458,-0.17486653,-0.05601292,0.06499037,0.22163141,0.1305494,0.37218612,0.076177046,0.19927344,0.004334235,0.13993002,0.015981395,0.00010201242,0.15429458,-0.031997677,0.35605782,-0.0277771
0.35214663,0.5833396,0.4961833,0.040701173,0.55284584,0.41293055,0.46873206,0.3196683,0.30537885,0.14249119,0.13477612,0.26932847,0.32281986,0.37246016,0.40288478,0.18280101,0.2664498,0.40197736
-0.0524664,-0.023665156,-0.20464799,-0.040705837,-0.11036871,0.07642507,-0.085661754,0.17386746,0.17092678,0.1709547,0.10094042,0.2747026,0.052337166,-0.16358417,0.012110404,0.039970856,0.12007156,-0.3279208
0.36710992,0.07399443,0.22953355,0.40799314,0.10822962,-0.044517368,0.09393767,0.034172133,0.07745589,-0.22156724,-0.05864636,-0.1732373,-0.03008141,0.0715297,0.036277626,-0.1720185,-0.069918185,0.34001255
0.105217054,0.1282289,0.27553427,0.2778183,0.11584781,0.26040363,0.16709238,0.2024,0.29423085,0.092019,-0.0087263035,0.21788438,0.19317944,0.043432884,0.040688664,0.09711647,0.002506148,0.044730388
-0.058912996,-0.09000078,-0.14694047,-0.089896016,-0.111524835,0.10720862,0.2532367,-0.1413885,0.03710878,0.040682714,0.29695913,0.091718584,0.0051428373,0.26728094,0.3061763,0.119007334,0.3103873,0.10588526
-0.07939191,0.35530046,0.05478395,-0.029449342,0.25196844,0.30598038,0.33873215,0.4145171,0.10286417,0.29297847,-0.014934459,0.4322878,0.15252398,0.08531597,0.2668287,0.08929561,0.37963963,0.08543129
0.06898701,-0.060395576,-0.04343959,0.06624907,-0.094611175,0.15040487,0.3290714,0.010958771,0.1796421,0.08518651,0.2959293,0.18183665,0.1823434,0.22789295,0.2990986,0.18188837,0.28796014,0.1198735
0.08909319,0.3206262,-0.021979585,0.42207736,0.28741544,0.22355527,0.22586402,0.1648888,0.28152084,0.03403517,0.03307352,0.111883596,0.08659311,0.09964968,0.13634446,0.028678898,0.14322266,0.047108315
0.16661912,0.288222,0.13553667,0.42433494,0.17995378,0.33975363,0.2277216,0.18621087,0.2895399,0.14641082,0.07494521,0.27067065,0.28784826,0.08862058,0.089210376,0.16554794,0.06679692,-0.012937869
-0.046173375,0.2940986,0.13538352,0.0024887528,0.24407023,0.32782298,0.28018743,0.3656262,0.06406861,0.21725959,0.07553765,0.33749348,0.19391353,0.11150518,0.13642949,0.14248587,0.23306635,0.13779524
-0.074107215,-0.022505026,-0.11555006,0.054168336,-0.013442198,0.12267284,0.2742303,0.20658118,-0.002904668,0.11015034,0.05813367,0.1241426,0.053364206,0.10309802,0.30492926,0.009292817,0.38488936,0.018073967
0.33457345,0.03079027,0.25495106,0.3192152,0.025864396,-0.04473196,0.006411048,0.025155514,0.17590746,-0.19973826,-0.10612788,-0.099271715,-0.032714896,0.032810345,0.025683772,-0.14873329,-0.11114286,0.19428152
0.100588545,-0.04247899,-0.14767382,0.22304964,-0.046688206,-0.034695365,0.14296024,3.1160656e-05,0.043600716,-0.058612417,0.013963671,0.060063243,-0.000650445,-0.030972175,0.18514659,-0.022385376,0.24380158,0.04109684
0.023057263,-0.035298236,-0.11871355,-0.09191618,-0.068081215,0.09502597,0.27988356,0.1922217,0.07107481,0.23500386,0.31791764,0.30560648,0.1521844,0.090186216,0.17163718,0.18168268,0.3114085,0.118973136
0.09705341,0.18616645,0.21684834,-0.083373666,0.13655901,0.23348561,0.3130486,0.08836244,0.17495681,0.27318045,0.2372601,0.3413192,0.20702142,0.2993732,0.16188186,0.25714076,0.13125774,0.0794089
0.13588613,0.37223724,-0.024768993,0.02542406,0.27749243,0.45220274,0.3437834,0.18840267,0.26579577,0.25049928,0.1523194,0.41713798,0.25554428,0.13993135,0.35589695,0.22958401,0.4447888,-0.1065597
0.12489813,0.4099366,0.024613654,-0.0036240327,0.4169441,0.43233722,0.41251335,0.41327724,0.32970503,0.26308316,0.13307852,0.41010228,0.2465873,0.19706148,0.48021924,0.18934678,0.5466021,0.051311366
-0.015692744,0.40984255,0.028687637,-0.0046516797,0.29983306,0.34566665,0.3968453,0.42090976,0.1863067,0.29742512,-0.01963065,0.42247945,0.17645022,0.105985165,0.36054784,0.1082813,0.4404196,0.06744472
0.13671947,0.49429,0.19954938,0.07305834,0.49036902,0.4536561,0.42851597,0.4560653,0.32545906,0.2617172,-0.024077311,0.2523678,0.2709786,0.2437408,0.46579367,0.14020804,0.39972624,0.112106666
0.08880806,0.445938,0.19879383,0.069894224,0.3846411,0.37382942,0.27854395,0.4803772,0.26351717,0.22076842,-0.007768737,0.33673567,0.27205187,0.008559316,0.3427269,0.08627725,0.35434598,0.04765076
0.30991656,-0.021794569,-0.107726015,0.16271085,-0.049222745,0.1410177,-0.008191044,0.19095083,0.12032673,0.18641606,-0.04193628,0.15785344,0.103119716,-0.14709312,-0.009857286,0.037018433,0.10475845,-0.28922966
0.05484305,0.46882027,0.13478625,-0.016319688,0.4032501,0.43426946,0.33784944,0.4166477,0.17375265,0.26625636,0.067814425,0.37134644,0.24123622,0.11070573,0.3755899,0.10364258,0.43799776,0.108708784
0.07505977,0.33491048,0.008861925,-0.120815605,0.37183386,0.29688656,0.36042753,0.36833045,0.09782413,0.29691827,0.1134198,0.25231165,0.1686256,0.25799805,0.3602968,0.081203654,0.35524088,0.036315307
0.21064174,0.02852613,0.16060907,0.42798525,0.079348594,0.029526338,0.05197577,0.15839744,0.16327079,-0.048230276,-0.014655761,0.108773574,0.088332914,-0.23728871,-0.079892024,-0.03725485,0.03684103,0.26696998
0.2875692,0.30213898,0.32309037,0.11720824,0.28332967,0.2998295,0.13175511,0.25284624,0.3624928,0.09472252,0.07914464,0.2542304,0.23440112,0.17692082,0.13771802,0.17234264,0.110645935,0.10667142
0.119705,0.12962292,0.06669551,0.27095503,0.11438474,0.20478174,0.23374218,-0.0016121208,0.0042650863,-0.07658811,0.19568646,0.09540522,0.12999047,0.03837371,0.088632286,0.085245505,0.25502807,0.20644957
0.19773936,0.3348068,0.29215047,0.0653615,0.33700186,0.2637316,0.39124426,0.27497572,0.02649941,0.14025915,0.24453829,0.24813548,0.26339734,0.08365026,0.21953696,0.21313533,0.3633554,0.36580828
0.28179187,0.29738533,0.197061,0.029062731,0.3140995,0.3481189,0.22729406,0.43621475,0.24410924,0.26035538,-0.06986497,0.29777187,0.1702033,0.09141516,0.2508328,0.0961671,0.36894006,0.035239488
0.08993977,0.4113982,0.07154128,-0.098137185,0.38001266,0.40345123,0.35278162,0.13551454,0.06240101,0.20636965,0.15389223,0.29987252,0.15832123,0.19327444,0.31975138,0.2394793,0.41196427,0.092018545
0.10273172,0.24140553,0.039701946,0.3768152,0.18438277,0.07286936,0.13515669,0.19004194,0.20214382,0.002700535,-0.060429163,0.13104454,0.076554574,0.021547519,0.1195135,-0.023131106,0.16552976,0.16169366
0.22473869,0.4399966,0.08439611,0.2523384,0.42133543,0.35817784,0.33440486,0.3370082,0.29155385,0.20144483,0.09672393,0.40666088,0.23868665,0.035496168,0.31641108,0.17404482,0.43167567,0.064209886
0.2209692,0.52264,0.19364217,0.24121971,0.5114173,0.38401568,0.44708526,0.271034,0.13714162,0.115462884,0.10630049,0.21497802,0.26200277,0.12376093,0.32755214,0.17536007,0.4137842,0.31085402
-0.02449556,0.33508483,0.34479555,-0.05830389,0.28064913,0.3357752,0.29403305,0.26774755,0.47752914,0.18196201,0.038998332,0.34470028,0.2792218,0.41528422,0.45106706,0.21621574,0.28321838,0.21784258
-0.060078148,0.26418144,0.26987627,0.07865892,0.17854163,0.31379813,0.38793755,0.32314283,0.07661036,0.18277645,0.081523955,0.29814222,0.26324427,0.33192194,0.2791023,0.08704405,0.1888929,0.31220335
-0.056218237,0.41644672,0.15747729,0.05829658,0.2554577,0.4245963,0.26720494,0.21911487,0.34977254,0.16561556,0.08607258,0.4168614,0.24044219,0.15577736,0.35505873,0.1984418,0.32937586,-0.013827122
0.27182555,0.2028957,-0.03028218,-0.083326206,0.2363978,0.2990371,0.2302089,0.11745746,0.11850147,0.290825,0.049658142,0.10051173,0.11499657,0.2168285,0.10503002,0.11655906,0.081513315,-0.15902503
-0.07973911,0.24950784,0.07198377,0.062120825,0.20297112,0.1597646,0.071634606,0.31865907,0.11434531,0.035475492,-0.071235165,0.27087018,0.09391208,-0.09307267,0.1802888,-0.048591748,0.26954603,-0.004468905
0.03299161,-0.0340623,-0.19980974,-0.05427479,-0.005646577,0.13251658,0.25021237,-0.026682232,-0.053443518,0.1548906,0.15355411,0.06160896,0.12223093,0.0116100935,0.17215508,0.13192733,0.1164896,-0.07430434
0.19963849,0.40882555,0.26585436,0.4174307,0.39274043,0.21316029,0.38412684,0.28695858,0.25061536,0.020657983,-0.023057947,0.17425413,0.2178316,0.0972164,0.2983765,0.066554144,0.29295027,0.3088395
0.47426623,0.011519154,0.06756423,0.31102836,0.038617395,-0.026636695,0.22776356,-0.12030661,0.0126940105,-0.11086358,0.1608508,-0.20942396,0.07469958,-0.023562271,0.0025395167,0.03834455,-0.097788736,0.21918152
0.27436417,0.45258626,0.24437982,0.13509363,0.43625247,0.29546976,0.33607596,0.11762074,0.06901151,0.051148206,0.059963003,0.046927575,0.14142248,0.11663795,0.16133517,0.11556737,0.16163002,0.17898126
0.17988008,0.4438945,0.13290355,0.18661827,0.38167152,0.37977415,0.27450293,0.26698846,0.27008012,0.17385858,0.1042567,0.25900674,0.23535427,0.17377417,0.23515177,0.19180253,0.25231683,0.023331849
0.042812712,0.40378645,0.20155287,0.16835402,0.28828037,0.2657556,0.38335735,0.19324023,-0.0037172628,0.18750568,0.077072516,0.27543923,0.21649627,0.07220298,0.151684,0.1439296,0.28720254,0.153977
0.042770267,-0.054859713,-0.1492987,-0.08204211,-0.020580925,0.004951379,0.22010559,0.013536053,-0.0509582,0.18023401,0.48996687,0.089512885,0.17477769,-0.019111253,0.12886676,0.2023775,0.19366461,0.018598862
0.3206327,0.05598274,-0.097081676,0.46542808,-0.00055243727,0.0051057744,0.08179319,0.018527329,0.26079643,-0.020837974,0.020192862,0.033348497,0.08634387,-0.10781804,0.019705884,-0.019276086,-0.0031401832,-0.017152999
-0.13054195,-0.11371328,-0.23588102,-0.13569072,-0.12780592,0.12615523,-0.11536959,-0.0042001978,0.14840889,0.1268138,0.08183409,0.044820618,-0.020427074,-0.0676519,-0.025613077,0.11178687,0.01912861,-0.35084814
0.021813264,0.19516444,-0.023164313,-0.1086096,0.21676603,0.20866393,0.30064756,0.39382732,0.34226876,0.30449626,0.13971677,0.3316973,0.13788426,0.2970934,0.28300077,0.105492026,0.34771276,0.12430534
-0.1801694,-0.23281074,-0.16278231,-0.2543628,-0.31459725,-0.07120964,-0.115764216,0.011571558,0.009808602,0.27607095,-0.04796759,0.34810883,-0.025877595,-0.14030021,-0.10261952,0.07385176,0.043240793,-0.18672368
-0.03651279,-0.01968078,-0.14733747,-0.0018065991,-0.062219173,0.20007695,0.12418309,0.24127334,0.20046099,0.2030421,0.06198121,0.3202087,0.03484276,0.1516222,0.08567023,0.05194638,0.25137132,-0.12731189
0.22259012,-0.07047679,-0.049870644,0.19178887,-0.04621342,0.13223523,0.28507516,0.059453025,-0.041660123,0.084171414,0.14830685,0.0057910797,0.088241175,0.13185804,0.11487026,0.033571124,0.21258503,0.20186344
0.20957156,0.008775147,0.18315794,0.3959059,0.000533374,-0.05872603,0.115163855,0.08904928,0.052210912,-0.14951208,-0.022603178,-0.021118678,0.14586794,-0.15838999,0.14376158,-0.029571082,0.09321049,0.20407006
0.099925265,0.5068822,0.09670043,-0.07109526,0.48415267,0.48021138,0.4129936,0.29549414,0.11120878,0.3041759,0.09292598,0.24958783,0.19262272,0.19753438,0.31177747,0.13161588,0.29035875,0.035650708
0.13579488,0.42699867,0.016923374,0.14189827,0.35756058,0.37579408,0.33205897,0.14578475,0.07446923,0.20470873,0.064955056,0.20240456,0.18845999,0.038737018,0.21108696,0.19411492,0.2902703,-0.07068537
0.0814608,0.24696305,0.3037164,0.01564061,0.30484635,0.29817122,0.26155964,0.41886574,0.2994085,0.20513073,-0.0053892247,0.13894872,0.21184757,0.36360097,0.28823847,0.17521691,0.20015167,0.18217516
-0.15601045,-0.14670584,-0.2904215,-0.08953467,-0.2107729,0.061580945,-0.16743103,-0.18119186,0.013223946,-0.026855292,-0.022692893,-0.018263318,-0.18126214,-0.047244202,-0.16880214,-0.072450496,-0.14993444,-0.34358913
0.33326575,0.037111614,0.30015793,0.39347443,0.08131224,-0.06289003,0.08646914,0.08512002,0.17236274,-0.14525682,-0.08159,-0.111637115,0.01690571,0.11989965,0.043270197,-0.14725378,-0.13829839,0.3592863
0.09174214,0.18805198,-0.0029890968,0.2139967,0.20477602,0.2770596,0.25152844,0.43224478,0.1699807,0.22773877,-0.093061075,0.19488278,0.16773717,0.040044606,0.14724962,0.042786684,0.20001431,-0.020927873
-0.025340855,0.26619953,0.03920743,-0.015686093,0.19757605,0.3646161,0.16998136,0.32108247,0.25424242,0.14524291,-0.011270954,0.40926495,0.08811238,0.063565955,0.348727,0.084492974,0.45251882,-0.07350396
0.06276288,0.42562222,0.38489994,0.016225707,0.3888537,0.3072676,0.30705827,0.36115706,0.1729669,0.14590874,-0.0057126004,0.38779664,0.18867311,0.15440351,0.30199188,0.117615744,0.40971422,0.37415758
-0.076208904,0.088116765,-0.03661281,-0.256068,0.008541667,0.22003067,-0.046487126,0.2591812,0.12525034,0.19509736,-0.07023192,0.30320936,0.015295417,-0.13443318,0.122685544,0.05256982,0.19198972,-0.2891464
0.24099472,0.41105345,0.17519999,0.13200106,0.3782341,0.27425095,0.34331018,0.32334742,0.20357063,0.18366942,-0.028698184,0.26093385,0.17846477,0.048554786,0.3505059,0.10174416,0.39172783,0.080933385
0.36755612,-0.089039624,-0.074959666,0.407952,-0.112362504,-0.053399332,0.15630521,-0.0052080974,0.1353829,-0.05134773,0.0695202,-0.010425774,0.06662149,-0.11099741,0.037177257,-0.06977395,-0.06621723,0.05646283
0.20993112,0.49931207,0.23259765,0.0326958,0.44331422,0.51783717,0.4154873,0.27243027,0.32961744,0.20526685,0.1332003,0.30377108,0.29649052,0.2577801,0.35396284,0.22294208,0.31258363,0.03834738
0.035612136,0.15394923,-0.052520994,-0.25760192,0.21174616,0.24375808,0.085444584,0.1500924,0.2047006,0.16711967,0.10392578,0.1231288,0.063732944,-0.102292694,0.17449167,0.16467705,0.22885099,-0.185054
0.15859833,0.3500813,0.29186752,0.44832045,0.35635453,0.10111097,0.2132901,0.2903579,0.37247384,-0.019077562,-0.033980574,0.2572754,0.248177,-0.07761006,0.23062783,0.09664354,0.25788504,0.35221326
0.24592453,0.14271715,0.0030511124,0.20457089,0.12536108,0.20360583,0.07645136,0.25541386,0.24864373,0.17644373,-0.0025830127,0.1800831,0.11924062,0.061134093,0.008333224,0.03835943,0.062642515,-0.18579999
0.06693208,0.43487674,0.1456673,-0.095258504,0.41362664,0.4274367,0.44237587,0.32414246,0.12684067,0.30306214,0.055616632,0.25868523,0.21567416,0.2302912,0.31936723,0.11878826,0.24487154,0.084589064
0.16371614,0.2027083,-0.013030597,0.49662763,0.21859848,-0.005592998,0.091898754,0.14361158,0.20282567,-0.016312037,-0.06122557,-0.052664768,0.02689454,-0.019806907,-0.04203035,-0.080865726,-0.071895964,-0.061454054
0.35577136,0.36420265,0.41254595,0.20861137,0.37215078,0.3306327,0.23710251,0.28006956,0.023681764,0.073577255,0.091802604,0.21116099,0.25332874,-0.06148013,0.08209133,0.14114788,0.2937852,0.31542116
0.31056663,0.35162377,0.17010124,0.29537547,0.3580092,0.22594589,0.17104052,0.20443329,0.31518203,-0.005820125,-0.015557606,0.16924548,0.17039077,-0.0147937415,0.18301669,0.068646826,0.17147489,0.11806293
0.44240028,0.18667506,0.39171118,0.2787888,0.2239838,0.11122213,0.15276846,0.40597436,0.33169502,0.09666921,-0.1203997,0.112549745,0.29809633,0.021916147,0.109192684,0.06942727,-0.0009403608,0.3139605
0.24354918,0.4378792,0.44288847,0.3008694,0.4025283,0.37138838,0.38791102,0.23883763,0.29132566,0.077689424,0.087218225,0.20700128,0.38457698,0.18887839,0.3407428,0.1915788,0.167715,0.3216902
0.13998392,0.25995782,0.18924507,0.060272925,0.32565752,0.15068309,0.27825963,0.28750813,0.07349404,0.022168536,0.14811035,0.071943045,0.22633272,0.05599767,0.34765774,0.182773,0.38994557,0.25211388
0.025650699,0.11893161,-0.04659177,0.04802632,0.16049713,0.2638842,0.08631795,0.19429061,0.11689986,0.15581393,-0.018344253,0.19761482,0.045290943,-0.026930809,0.051679745,0.12170614,0.21214037,-0.2417323
0.028695725,0.22404155,0.0709658,-0.09866902,0.21364379,0.28611547,0.23675136,0.34618533,0.12783265,0.2642129,0.22147009,0.19225213,0.1499574,0.26887786,0.06400007,0.10602604,0.13298297,0.18980287
0.311002,0.35388607,0.29555118,0.27665246,0.3348621,0.30634156,0.33486715,0.28599986,0.24379194,0.055408217,0.14542818,0.27112907,0.24335584,0.2755468,0.2505609,0.15285447,0.2661447,0.25193596
0.07051708,0.37354982,0.23526508,0.17797475,0.30383623,0.29950744,0.26779652,0.3491328,0.34725243,0.16729277,0.16004997,0.36623037,0.35512906,0.092523955,0.34725714,0.2505508,0.29472727,0.071219645
0.22870034,0.49370676,0.16981414,0.053898193,0.39329088,0.51468027,0.45063448,0.3881113,0.13128406,0.3071521,-0.011303464,0.35339165,0.25138122,0.14991069,0.29881474,0.1426869,0.40352076,0.13516752
0.14227074,0.030401483,-0.12360993,0.37551022,0.0076226606,-0.11434904,0.012132622,0.19177346,0.07016936,0.017887872,-0.041251145,0.07746169,0.0840269,-0.15678373,0.024710514,-0.12695086,0.055894278,-0.01581721
-0.07500298,0.3851583,-0.11952455,-0.085398525,0.33719653,0.28375736,0.14101379,0.22708309,0.18268877,0.19087715,0.039467867,0.32297146,0.017330382,-0.019921556,0.1908341,0.031251185,0.2907127,-0.20550197
0.06623615,0.2478845,0.13675717,-0.08519916,0.26496807,0.34267765,0.20732737,0.47665668,0.30032033,0.23159131,-0.0020582392,0.29051483,0.21123394,0.11104602,0.385905,0.16028245,0.41854167,0.13782203
0.44987646,0.51116586,0.3636416,0.019748516,0.440833,0.47301304,0.46092394,0.4320704,0.19871195,0.30794767,0.18458997,0.33182263,0.32920474,0.27629232,0.3469913,0.20643683,0.29573822,0.26817095
0.060205184,0.38137776,0.012075289,0.0038573388,0.36779052,0.45402616,0.39589918,0.27624363,0.028615765,0.15637435,0.18022788,0.20048718,0.23008391,0.11431545,0.42871964,0.12088757,0.4885069,0.11565763
0.37792093,0.4874007,0.34032947,0.3758058,0.435569,0.300785,0.41026002,0.36025548,0.31583965,0.087733895,0.051883906,0.28477266,0.28727308,0.15432335,0.30801085,0.1165908,0.29619533,0.44017878
0.042956352,0.44925153,0.18790302,0.06588121,0.39129394,0.42313302,0.36413983,0.36278936,0.19939405,0.20048136,0.17729081,0.35268438,0.27110833,0.30438578,0.30850804,0.16046716,0.3336618,0.17117575
0.16622202,0.43832964,0.15892744,-0.025311548,0.34954336,0.36211604,0.2946949,0.28663665,0.22441213,0.23949255,0.26227129,0.28585953,0.28847647,0.18354675,0.27458972,0.2413117,0.2604215,0.19284868
0.02319841,0.014459899,-0.13773388,0.034838315,0.06248135,0.046737626,0.14011632,0.040232144,0.08029072,0.016351806,0.20909095,0.021870917,0.054633543,0.037423372,0.042958617,0.07815875,0.1428012,-0.023461185
0.25724867,0.114076406,0.014180753,0.19313058,0.06634518,0.15502204,0.017544635,0.1785548,0.06538992,0.036301408,-0.051293742,0.1919527,0.03515383,-0.080503516,-0.039330833,-0.0657406,0.11306309,-0.082107686
0.37239444,0.3089229,0.21546972,0.19077015,0.29009807,0.41536093,0.29246053,0.36992592,0.20647618,0.18615231,0.23568946,0.26107585,0.35718253,0.1698221,0.21337989,0.2221098,0.21477741,0.16206737
0.009079692,0.2556924,-0.04751533,-0.041151382,0.19069162,0.36628747,0.14399679,0.36016333,0.27063093,0.19883296,0.09916206,0.30723095,0.11738722,0.044878088,0.16385198,0.14231509,0.22894792,-0.14305906
0.5126053,0.1869047,0.25877112,0.24946824,0.15398948,0.25967833,0.26384893,0.25289646,0.34123942,0.101028,0.17872775,0.26882327,0.2820245,0.11871799,0.17462027,0.1863401,0.17342946,0.11955571
0.09120184,0.22522932,-0.10357343,0.11406897,0.22883236,0.24088848,0.25702608,0.28975648,0.21568625,0.14842485,0.18920095,0.26131582,0.19325858,0.00069339434,0.3297982,0.19049829,0.41902256,-0.103660285
-0.098910645,0.01963037,0.07988498,-0.013541554,-0.017483577,0.30580342,0.1232304,0.17530811,0.028514776,0.17347531,0.21406506,0.075953394,0.14976066,0.38495246,0.07258687,0.14125647,-0.030644044,0.0072677936
0.241142,0.3247073,0.21349633,0.13444756,0.2434882,0.34128928,0.16332063,0.19601476,0.011812161,0.059083283,0.0711547,0.08638382,0.20056199,0.0070179943,0.12332962,0.08710885,0.10176572,0.0074155265
0.013714932,0.25803366,0.08531983,0.07898682,0.19380498,0.2539013,0.25715315,0.2363552,0.18845947,0.29152215,0.16231301,0.29176342,0.28945148,0.27184463,0.11527074,0.18830591,0.061169587,0.010338005
-0.043179687,0.18576628,0.0670137,-0.07330997,0.085109875,0.29510993,0.023448393,0.25786805,0.20566559,0.16078411,-0.0973817,0.37787032,0.06646177,0.038831368,0.18829824,0.014135189,0.3078118,-0.097696126
0.20940983,0.025653597,0.047081884,-0.026302826,0.036613896,0.13133273,0.0794664,0.07541348,0.3087859,0.14232098,0.113029666,0.31379873,0.04808055,0.2025755,0.04403644,0.19509594,0.10114868,-0.18658999
0.25941622,0.34300986,0.40820894,0.04303589,0.4212432,0.20966077,0.31350207,0.25274134,0.078436635,0.06671815,0.19350731,0.11681601,0.2129564,0.16402856,0.11375057,0.18014818,0.21767017,0.5216551
-0.012682904,0.50993085,0.15029359,0.005028281,0.3531753,0.5010095,0.36639273,0.2558055,0.25807568,0.18100765,0.08590508,0.44331658,0.26499116,0.12744911,0.4746817,0.19750603,0.48449755,0.094698906
0.14733568,0.22432534,0.26944107,0.44902092,0.15716983,0.22389486,0.22710732,0.16743131,0.317665,-0.024450464,-0.06179706,0.08388208,0.19164947,0.18034977,0.070681244,-0.02330009,-0.104980424,0.13682583
-0.15334833,0.17374769,-0.02037514,-0.11740235,0.23530716,0.11023479,0.08011618,0.118912384,0.20791224,0.066476926,0.22621626,0.16494162,0.102195054,0.10126768,0.19010672,0.13456234,0.16392738,-0.016995259
0.02836999,0.5230847,0.18914706,-0.012176296,0.40190005,0.4712543,0.35744125,0.39197034,0.23043011,0.2608346,0.031859744,0.4231906,0.24640995,0.13032126,0.38777897,0.15953103,0.4550169,0.13528931
0.1560668,0.3097335,0.022512976,0.1406219,0.27168602,0.26706237,0.20007789,0.35195476,0.23909044,0.16152564,0.0709447,0.41790178,0.1867421,-0.007581545,0.2958532,0.10497702,0.44920567,-0.053758845
0.14717022,0.059811387,-0.044303395,0.50536245,0.038925916,-0.039417714,0.037886813,0.079714194,0.18850517,-0.02628587,-0.05830727,0.026795957,0.022256138,-0.00015270663,-0.049703613,-0.06024689,-0.0019348359,-0.017087141
0.2614931,0.17199641,0.056539312,0.39504272,0.1512171,0.174692,0.2425639,0.30247808,0.30743146,0.13327143,0.0026605176,0.21977648,0.282153,-0.092700586,0.101676464,0.076724015,0.13349187,0.031981096
0.16627726,0.230608,0.36845124,0.1570208,0.37135622,0.18073802,0.3341869,0.12645525,0.1169049,0.047273524,0.2636854,0.13595884,0.21619399,0.1970787,0.21451417,0.26161274,0.3761424,0.48025948
0.14639612,0.3778184,0.0434823,-0.027464267,0.44185036,0.40841168,0.25442505,0.36739966,0.17244726,0.26776627,0.21952447,0.30097413,0.22434635,0.07435161,0.24184568,0.15935689,0.29751027,-0.034196045
0.08567162,0.17718604,0.011626881,-0.09534877,0.11390491,0.29790258,-0.003063431,0.21736121,0.05916579,0.20208009,0.004569821,0.37117386,0.016585687,-0.09921526,-0.0032473705,0.021777593,0.1687355,-0.17126712
0.08369325,0.077564135,-0.06663115,0.46495485,0.06897954,-0.050044324,0.16181965,0.08111249,0.016370002,-0.08910009,0.027497098,-0.11705625,0.038297735,-0.16359368,0.00842153,-0.122278735,-0.024608158,0.18300308
0.052329317,0.46419895,0.039957054,-0.025984092,0.3875618,0.42513263,0.39502954,0.30261084,0.39292765,0.34146404,0.064696535,0.41858333,0.22432718,0.21987087,0.3784447,0.19686328,0.37589583,-0.07608497
-0.009692885,0.29446286,-0.039535664,-0.05644403,0.26628113,0.22517684,0.27623445,0.27824795,0.3779615,0.26552474,0.15378873,0.35283595,0.2402867,0.22759354,0.33469233,0.18665072,0.29015896,-0.07673454
0.10013154,0.14984599,0.11084524,0.45140773,0.18726495,0.22046766,0.20218335,0.048957743,0.02293002,-0.11485836,0.12109962,0.01336606,0.11927123,-0.1639922,0.051490456,0.003953999,0.10029941,0.16777876
-0.20410943,-4.4464134e-05,-0.03725841,0.054029275,-0.05358016,0.1752117,0.06954361,-6.625778e-05,-0.119239055,-0.02557,0.21530136,0.012903798,-0.005370369,0.01577815,-0.047702,0.068746075,0.10623565,-0.07682979
0.3862939,0.0542261,-0.06319644,0.09924503,0.053672023,0.23914728,0.26848924,0.14654097,0.12377891,0.094170235,0.1894799,0.10796516,0.21912588,-0.022651684,0.3074745,0.13627523,0.27876955,0.0042315237
0.073840156,0.119793,0.0055348515,-0.07002619,0.21496508,0.2265786,0.11352961,0.37762737,0.19175246,0.26420832,-0.015058699,0.16501006,0.11921805,-0.027439654,0.055904247,0.05127693,0.17798343,-0.15638606
-0.019554202,0.2939704,0.40038866,0.01749546,0.29466084,0.2759812,0.335548,0.28667933,0.14423302,0.15638193,0.1330288,0.31573698,0.22025812,0.26983345,0.25870627,0.17548779,0.3435389,0.44571128
0.36767718,0.16741687,0.3056208,0.44729632,0.10912377,-0.053438783,0.1691378,0.015643124,0.30227798,-0.17664361,-0.053128496,-0.056292277,0.046882205,0.0030998318,0.05842967,-0.09244038,-0.12573078,0.33916408
0.1558311,0.34415275,0.018202173,-0.11516084,0.31952885,0.43039843,0.36982983,0.39536583,0.2319273,0.29051358,0.072227746,0.45329118,0.2081026,0.05628661,0.33655182,0.1707374,0.47705838,0.027870577
0.27532542,0.25929528,0.39353815,0.3185457,0.30713227,0.096039124,0.2538141,0.1569894,0.19336066,-0.0329373,0.060511075,0.14672458,0.26753235,0.04192046,0.18376043,0.18229564,0.23386818,0.4664645
0.30003375,0.3161676,-0.0039152494,0.05430358,0.30540514,0.32364565,0.30894244,0.38286853,0.27636987,0.27804726,0.04424482,0.2820413,0.20231473,0.11185649,0.25236467,0.08749312,0.28958207,-0.04585651
0.42952204,-0.078212544,0.20393133,0.3808203,-0.03648119,-0.130426,0.011224974,0.006879543,0.16398416,-0.13114937,-0.01900947,-0.058141056,0.027658656,0.0038649333,-0.01652929,-0.05965341,-0.15914553,0.19434538
0.4131099,0.49834102,0.25162542,0.0494815,0.43221325,0.40875918,0.41159615,0.38366973,0.113950364,0.2197201,0.04656838,0.34703255,0.25602233,0.08126494,0.38978773,0.13812098,0.4649266,0.2551754
0.015769836,-0.08911924,0.10573301,-0.0044428,0.011930299,0.07430124,0.18609707,0.3046559,0.2441698,0.2201739,0.051378615,0.0590635,0.15781306,0.28617468,0.14073671,0.13018982,0.028794508,0.014151956
0.2683028,0.17467828,0.24077022,0.43708035,0.17465445,0.017769327,0.0501523,0.26665592,0.41644472,-0.017940957,-0.035040528,0.10218513,0.18231787,-0.09746604,-0.0046987813,-0.0061410135,-0.045198046,0.061826855
-0.086333826,0.054056723,-0.060587678,-0.058380783,-0.062018383,0.23795515,0.20018493,0.16690841,0.15410005,0.26665592,0.22424263,0.2940872,0.12321018,0.22669275,-0.0035249342,0.14078179,0.058634352,-0.12149539
-0.097809434,0.14093241,-0.06240089,-0.1300486,0.1691572,0.21328782,0.04915694,0.37338054,0.0713162,0.19775186,0.09750256,0.28277564,0.0011079372,-0.035887904,0.026698686,-0.0241013,0.15455884,-0.10846383
0.04422209,0.15858732,-0.061342984,0.45881116,0.11298264,-0.026826162,0.05027244,0.029122658,0.16002807,-0.00016527204,-0.019191023,-0.0078000077,-0.027746534,0.06134112,-0.04462497,-0.05066288,-0.030880371,-0.010959829
0.10722516,0.3222486,0.03950991,-0.1237624,0.33624902,0.4730468,0.3403533,0.23390943,0.22793052,0.28853473,0.20131713,0.38093767,0.2343129,0.0711165,0.29012698,0.27401054,0.34277105,-0.07345852
0.23669922,0.47533557,0.29799378,0.2861624,0.4010301,0.25351834,0.35236013,0.20327426,0.12259954,0.012165871,0.032830812,0.21550669,0.27371782,-0.050597988,0.28332463,0.101270616,0.33055046,0.38615197
0.07293177,0.5255356,0.12737729,0.09247894,0.49319774,0.4329359,0.4634031,0.4415298,0.29978198,0.32593405,0.056663394,0.373034,0.2382196,0.15636803,0.43784553,0.19908708,0.49140346,0.026041586
0.016008392,0.3977304,0.24425685,0.14060736,0.2967295,0.3871717,0.2869894,0.419261,0.08906023,0.1550352,0.052635066,0.3105425,0.22957385,-0.027620092,0.22013552,0.06516522,0.3192748,0.17639723
0.062562734,0.47754025,0.28070366,0.13930011,0.39581436,0.36377174,0.2974556,0.37978032,0.14550865,0.17105669,-0.03966879,0.3926875,0.25289357,0.037667535,0.3641044,0.12341602,0.4046792,0.13992977
-0.103348866,0.12161797,0.33185607,-0.017756088,0.18774807,0.21262792,0.18721928,0.1606876,0.13915694,0.053036146,0.2553807,0.08856645,0.20792663,0.14551455,0.1062175,0.22533825,0.1556834,0.33479163
0.07011396,0.31907237,0.28445566,0.1904025,0.3555653,0.29072115,0.42577404,0.18916917,0.041878767,0.114131734,0.24543601,0.20999563,0.24863209,0.17099941,0.22966461,0.21086225,0.38734728,0.49560124
0.039319802,0.25854033,0.27429795,0.2184208,0.2948177,0.19638968,0.27842122,0.48848277,0.32768524,0.13716915,-0.10603286,0.33800143,0.26150274,0.10432319,0.28674117,0.052884735,0.28329957,0.29949635
0.14698291,0.46548748,0.2807673,0.16726673,0.37932977,0.4096338,0.3954425,0.33052075,0.03788727,0.20704183,0.11243061,0.35634574,0.3149104,-0.038595513,0.21943656,0.16497186,0.36421728,0.18293697
0.13407683,0.49405232,-0.021519396,-0.06759267,0.5159724,0.31444865,0.3663274,0.31053716,0.2990601,0.3067276,0.065371335,0.3145264,0.19144171,0.10973708,0.40296632,0.14786343,0.39128658,0.013464228
0.14429346,0.24209309,0.06780487,-0.07651571,0.23484662,0.29191464,0.06927096,0.20337294,0.13153721,0.23250398,0.12618533,0.41487384,0.18435651,-0.00086020515,0.115688294,0.19426444,0.25392783,-0.06661368
-0.037129726,0.38271567,0.06660228,0.004192768,0.36318916,0.29320097,0.19712964,0.16654436,0.15709399,0.1871054,0.11262982,0.15449926,0.12140407,0.10942488,0.19055882,0.12990656,0.12870538,-0.10272315
-0.06350856,-0.01569738,-0.094647035,-0.06306578,-0.14726703,0.0815137,0.07933731,0.17591408,0.20608279,0.25926146,0.16169104,0.31648082,0.12559202,0.06808688,0.084759444,0.09162225,0.08266855,-0.1588341
-0.07098555,0.27274787,-0.04168073,-0.016289264,0.119192265,0.38058013,0.23538202,0.16230018,0.33498582,0.23807058,0.150511,0.4305187,0.19055375,0.17546928,0.31835115,0.20791936,0.32672313,-0.17054015
0.3247119,0.08996239,0.3944534,0.27430868,0.19139159,0.27741897,0.32960063,0.29437542,0.33173347,0.14783585,0.086240046,0.10589403,0.3405087,0.30296618,0.1528315,0.18319915,0.020203602,0.29885018
0.06814209,0.48977762,0.100581944,0.37930444,0.45303667,0.34132957,0.31738102,0.406663,0.36973554,0.1267115,-0.03900741,0.2520316,0.26246995,0.024557222,0.28380653,0.047163334,0.22894974,0.18120152
-0.1181913,0.19358608,-0.07669692,-0.07986449,0.15620059,0.39053023,0.16998357,0.39942387,0.03902136,0.28024143,-0.04915688,0.3267923,0.045356143,-0.14187348,0.08456911,0.055363074,0.32303885,-0.16973594
-0.11394235,0.04724682,0.18017407,0.18970206,-0.045275204,0.07135913,0.039802898,0.08295983,0.23311155,0.015261527,-0.025070328,0.15820912,0.057815984,0.22991827,0.078926355,0.029759822,0.009132932,0.010960152
-0.12181676,0.07983999,-0.09897618,1.1953991e-05,0.080047294,0.2710731,0.14053565,0.34842128,-0.068410836,0.21529725,-0.034125533,0.20428507,0.043830205,-0.10114123,0.0008503557,0.01165273,0.18889266,-0.16418523
0.23340249,0.22325337,0.03700951,0.040275164,0.15374562,0.2522707,0.32001042,0.2473991,0.27008238,0.27758226,0.10761317,0.2638576,0.15752771,0.2978906,0.22539863,0.14812782,0.26978847,0.053907372
0.2750817,-0.01976176,0.17205817,0.44481567,-0.02310425,-0.14036441,0.06336873,-0.00210079,0.08643074,-0.12660263,-0.10775323,-0.18814713,-0.07526557,0.018894482,-0.08881356,-0.21056643,-0.25567582,0.2904328
-0.040329427,0.38683164,0.025294334,-0.05935894,0.24719335,0.44369674,0.35129958,0.22391957,0.32153022,0.22690842,0.16378146,0.3794226,0.2519465,0.19295804,0.46178174,0.23727027,0.46710104,-0.04314124
0.11851331,0.062576294,0.0826844,0.1762822,0.112864316,0.13056888,0.054385923,0.25583628,0.15482517,0.20805824,-0.1003173,0.03247137,0.11387128,0.11092889,-0.04303143,0.02022203,-0.052770607,-0.17983618
0.08469629,0.355281,0.033867314,0.2318222,0.3052596,0.24468356,0.4002486,0.37961626,0.18860596,0.1666552,0.07494317,0.2557346,0.2658258,0.072144575,0.41725785,0.11122838,0.46013767,0.09987183
-0.09352736,0.11115171,-0.035341583,-0.11860208,0.09484219,0.33956617,0.072547786,0.29853517,0.24150032,0.17564625,0.11254257,0.31004566,0.12255873,-0.036358558,0.2208074,0.09139937,0.33307135,-0.21511334
0.067048,-0.18785086,-0.11381516,0.28873217,-0.14168864,-0.02814972,0.13527782,-0.0014260304,-0.08958495,-0.009727158,0.016706033,-0.21653879,0.0524316,0.08483046,-0.07971719,-0.02311085,-0.14261778,0.021591228
0.2797496,0.26130262,0.09803009,0.13363406,0.32605052,0.1665717,0.3307231,0.21651322,0.27914894,0.17969151,0.22678748,0.32117182,0.1840918,0.10840632,0.312859,0.20473433,0.42537612,0.117954046
-0.015070483,0.433276,0.11164309,0.16409487,0.30902624,0.4024895,0.32165593,0.24669884,0.2848006,0.17815804,0.04067361,0.36431128,0.19578224,0.1907548,0.3192655,0.15712391,0.35798037,0.034562014
0.3222032,0.41698667,0.17852649,0.26719892,0.36308187,0.31317914,0.29026437,0.3424291,0.27198428,0.14797825,0.07080425,0.23756528,0.31595588,0.11455195,0.24429017,0.15633994,0.24641567,0.027110206
0.17945206,0.33934426,0.29366708,-0.022632524,0.3235288,0.37205017,0.21984926,0.30865708,0.20254669,0.12658338,0.033971578,0.21178582,0.101173654,0.25841296,0.20998682,0.042037535,0.19732767,0.22323823
0.13801244,0.40505075,0.13819808,0.09740892,0.33959657,0.355983,0.26017317,0.4276536,0.17405781,0.19991747,0.04250536,0.36514175,0.288062,-0.06632544,0.31556046,0.15378518,0.4065366,0.06557101
0.31545246,0.34018314,0.19286335,0.07751998,0.26530048,0.2541432,0.23839799,0.23374063,0.16806933,0.11485125,0.19236624,0.28512725,0.25015217,0.060872376,0.21131277,0.19102974,0.27759683,0.13518634
-0.10006348,-0.18949863,-0.25790608,-0.10894784,-0.25759387,-0.05883915,0.030440275,-0.050227806,-0.13907333,0.08049199,0.14842404,0.18961,-0.08289744,-0.04555065,0.06373992,0.005596752,0.2918542,-0.09124507
0.41297835,0.31429982,0.2678768,0.37093967,0.2729656,0.18616463,0.18299162,0.19550014,0.2511122,-0.020810071,-0.07517718,-0.029216193,0.071919695,0.07150686,0.021863531,-0.1007645,-0.14363143,0.2369751
0.39150476,-0.13125965,0.077341676,0.39132276,-0.08410628,-0.15742451,0.06381277,-0.05511255,0.05194362,-0.17370546,0.040288165,-0.10813829,-0.0007933364,-0.15234083,-0.04268505,-0.03730863,-0.037086938,0.14117974
0.042905085,0.3517899,0.016377943,0.15770236,0.29115131,0.31739053,0.363747,0.210798,0.07369138,0.20639269,0.03519668,0.096500084,0.22297059,0.141113,0.2173317,0.15078254,0.17664629,-0.040010903
0.084234774,0.35653526,0.061721496,0.053536013,0.3457728,0.32153255,0.27327296,0.44053268,0.16584256,0.2463432,0.038199622,0.4395941,0.20243943,-0.04174453,0.3303339,0.10948571,0.47279394,-0.014381569
-0.051610384,0.063700266,-0.011037406,-0.10215731,0.17137791,0.1716705,0.03980694,0.21521112,0.14306521,0.18101579,0.13458401,0.1854335,0.12080237,0.08980665,0.06129737,0.09627236,0.03277956,-0.109334394
0.07383202,0.049699746,-0.092558585,0.13382058,0.08650359,0.13340442,0.043780565,0.30977702,0.1071748,0.17574692,0.021629302,0.18241867,0.13139942,-0.104426086,0.029280845,-0.017684262,0.13953748,-0.18244019
0.16692583,0.38257635,0.05339472,0.1781794,0.33722216,0.33621258,0.3731503,0.17019588,0.027999809,0.15834318,0.10644076,0.16154073,0.23765251,0.061516166,0.24953291,0.14405704,0.3345182,0.06216059
0.22310062,0.43112642,0.27309245,-0.06608144,0.48685226,0.30330008,0.30998102,0.43762913,0.33764192,0.20897204,0.12099241,0.40793532,0.28264663,0.07649438,0.408144,0.24722934,0.5368616,0.301953
0.28125978,0.41196725,0.24537483,0.0009410577,0.42014995,0.40840042,0.33737597,0.44232675,0.2778116,0.2057515,0.07220439,0.36895946,0.22608224,0.09360087,0.43495673,0.13925195,0.50012845,0.19619481
0.40612742,-0.019868763,0.1358929,0.34705314,-0.0007558423,-0.031477332,0.13161421,0.036106993,-0.042478047,-0.14633201,-0.031825837,-0.19868606,0.060411856,-0.11962676,0.004794405,-0.05264879,-0.03653677,0.16987717
0.2867074,0.003147081,0.124813944,0.5399797,-0.036521584,-0.01864074,0.1020287,0.03201638,0.27876344,-0.15090619,-0.11626166,-0.053596493,0.026927296,0.071976945,0.013580668,-0.112444624,-0.108262256,0.11826809
0.011275493,0.322389,0.35439795,-0.083495215,0.37480736,0.36245427,0.18059975,0.089619994,0.24871656,0.040337313,0.22491387,0.11634141,0.100800455,0.3909421,0.14601669,0.20565438,0.044437237,0.12943128
0.2776913,0.14809653,0.0792838,0.16774264,0.13487336,0.20384336,0.037821196,0.21421853,0.25160334,0.10874221,-0.05267837,0.18846259,0.03694631,0.04332345,-0.055152606,0.02000574,0.061243378,-0.16146237
-0.089696676,-0.07940742,-0.21994945,-0.19057265,-0.13590936,0.1270613,-0.10565452,0.088851675,-0.024352748,0.14733064,0.06330459,0.098338574,-0.14833191,-0.026553113,-0.14554237,-0.051650174,-0.01982335,-0.2730192
0.4739256,0.041955717,0.34504545,0.43364793,0.08044869,-0.021594375,0.1066957,0.061453503,0.25267357,-0.14197192,0.010780778,-0.06629113,0.09072894,0.11539653,-0.03635238,-0.0077129463,-0.20432228,0.32047772
0.12221537,-0.041810602,-0.18689115,0.25047952,-0.057532556,-0.010762077,0.115167975,0.004050358,0.062316604,-0.05432094,-0.015105799,0.08807897,-0.056331955,-0.07319531,0.13275078,-0.05315137,0.23549299,-0.01717437
0.12630136,0.27838832,0.26709604,0.49278182,0.19849655,0.09071242,0.11207035,0.09357899,0.251528,-0.10649965,-0.016955357,-0.035424113,0.08777991,0.10914581,0.002777875,-0.016168486,-0.18354312,0.18107644
0.20540765,0.38166046,0.21438286,0.36097443,0.4136805,0.28260866,0.34915942,0.33031315,0.32334018,0.06077022,0.109055676,0.25529143,0.2714417,0.056883786,0.26634443,0.15835378,0.33827537,0.19869094
0.25586438,0.034715887,-0.032998987,0.4783259,-0.030470984,-0.04198561,0.0043628346,0.07800059,0.17733476,-0.07718093,-0.05255714,-0.035304457,-0.003566267,-0.034080092,-0.08555305,-0.118899,-0.11282386,-0.017469421
-0.04502586,0.33709595,0.105849266,0.038337477,0.30863482,0.30598754,0.11118458,0.24337055,0.31417847,0.13261771,0.064066686,0.27863866,0.13878274,0.20433837,0.23705918,0.1743724,0.215868,-0.09708283
-0.018125102,0.23735821,0.36941427,0.045434043,0.23806435,0.24182294,0.15737131,0.22770226,0.21938673,0.15111399,-0.10514919,0.10334541,0.17566183,0.35874915,0.12254161,0.10525712,-0.075200215,0.10449714
0.26034266,0.5089768,0.11266206,-0.03386323,0.53499746,0.3938922,0.40646568,0.27595457,0.21958949,0.30164006,0.061650593,0.24014968,0.22807923,0.22067916,0.27094403,0.18694264,0.24063343,0.0501732
-0.07206224,0.31674865,0.07850224,-0.05248398,0.19833168,0.3565183,0.23327693,0.18954676,0.22550681,0.25729865,0.15513444,0.36494577,0.13495338,0.31796283,0.122958615,0.19708702,0.09475527,-0.08694339
0.16217822,-0.0062855426,0.0311231,0.21276543,-0.0017074924,0.08245052,0.26056644,0.10279694,0.075224176,0.012449639,0.048788227,0.082859255,0.06533598,0.16782667,0.19330058,0.038648475,0.25329098,0.16322902
0.4499071,-0.27312094,-0.089214355,-0.06275193,-0.28968897,0.028007042,-0.050870996,-0.05050553,-0.101665124,0.1471537,0.1084605,0.0016124211,-0.029362611,0.10194281,-0.22322462,0.016103432,-0.20254222,-0.20096725
0.25425607,0.35952204,0.19157328,0.011428601,0.32135406,0.2843622,0.3527127,0.30525774,0.3109581,0.2813313,0.064809196,0.3670339,0.2190853,0.08082549,0.31882197,0.18994686,0.341803,0.06786107
0.35137373,-0.18300161,-0.008212697,0.2481786,-0.14479646,0.122574955,0.018787796,-0.00760781,-0.024862587,-0.0060886247,0.20182025,-0.040597044,0.017292753,-0.041916393,-0.13732962,0.030807488,-0.021019276,-0.13481186
0.03259464,0.1094494,-0.019206325,0.4117416,0.1390776,0.14989562,0.14977947,0.13618131,0.08937084,-0.003999787,0.03685243,-0.07135944,0.1307073,0.03631353,-0.019029487,0.0030403342,-0.08862693,0.021492735
0.038066987,0.5038501,0.14987013,-0.054697916,0.4967859,0.38758075,0.43780643,0.4569172,0.31788236,0.2934566,-5.1550567e-05,0.3847831,0.22771026,0.16817561,0.49659175,0.1766389,0.51730204,0.086536445
0.046145484,0.42215425,0.17565578,0.031004936,0.33635384,0.41648227,0.2609951,0.37585622,0.2008271,0.20516562,0.09256131,0.39268833,0.18848225,0.15895648,0.2624616,0.110857174,0.35863745,0.21207839
0.066767864,0.5265293,0.36227876,0.15359096,0.50927544,0.36067536,0.43514186,0.15225187,0.09275803,0.074863926,0.24973784,0.22848351,0.25204653,0.23526904,0.17921948,0.17895642,0.26183948,0.45311368
0.15111843,0.4031003,0.240563,0.123955525,0.3186745,0.49357712,0.3004201,0.197503,0.24708995,0.21506351,0.04175744,0.20146096,0.17371878,0.28354597,0.090424344,0.11615496,0.058395255,0.05810165
0.14544979,0.28286785,-0.11921873,-0.08183606,0.22427285,0.39175013,0.29639068,0.116695374,0.25674683,0.26628554,0.22938007,0.28547055,0.16186446,0.21904096,0.2931338,0.22972856,0.30131602,-0.028477572
0.17697108,0.32896823,0.11467183,0.12438748,0.38227642,0.25051773,0.2443879,0.41875237,0.16828623,0.093571424,0.11494699,0.1797487,0.2671129,-0.13164616,0.22035837,0.12984356,0.34958988,0.1756607
0.22868375,0.3410635,0.2892603,0.41819772,0.24935839,0.072797894,0.37327564,0.22514813,0.25338608,0.060042385,-0.0020208005,0.13453002,0.25271618,0.085656434,0.23807907,0.020948911,0.119430535,0.22918434
0.06493162,0.1533341,-0.040685587,-0.054586552,0.15563172,0.072071746,0.12428576,0.14195481,0.010149494,0.09987293,0.23314801,0.31924543,0.07364616,-0.089888185,0.13364366,0.102073975,0.4314273,0.08010179
0.27391052,0.2267188,0.3625383,0.60887253,0.15090871,0.048735827,0.28607583,0.052384157,0.24678946,-0.093856946,-0.08210112,-0.052462697,0.13695192,0.12910703,0.09451027,-0.0622466,-0.15107465,0.29029363
0.1401626,0.18113169,0.08539294,0.18806663,0.15243335,0.11560532,0.3389602,0.24457026,0.16477105,0.12930062,0.10202879,0.33834463,0.21695621,0.027421191,0.2796592,0.14960787,0.44059813,0.29144496
-0.08555248,0.33975473,0.094660565,-0.013715897,0.2950044,0.25274578,0.22130376,0.3444636,0.2731124,0.25007862,-0.008515811,0.31937116,0.1743868,-0.012763903,0.3498938,0.1409502,0.31840524,-0.09805149
-0.068823144,0.2430015,0.017661229,-0.13488337,0.19348349,0.27360278,0.17282152,0.26664203,0.22957978,0.23665942,0.17870338,0.2899326,0.12559083,0.2233306,0.10978268,0.14280051,0.051766872,-0.053210076
0.27747262,0.3495187,0.11118919,0.152822,0.36357987,0.35155803,0.20876268,0.23466912,0.21589482,0.09590937,0.060186125,0.2484304,0.20756209,-0.12859166,0.16542765,0.11956172,0.32947606,-0.010255186
-0.09721652,0.25362226,0.06239196,-0.020591244,0.11618239,0.29554075,0.07553566,0.23787035,0.062310014,0.23911229,0.031068467,0.28901187,0.059983514,0.014931648,-0.026900081,0.037477292,0.047315698,-0.21302146
-0.07911469,-0.2153585,-0.29053426,-0.061678793,-0.26319802,-0.22979432,-0.14333797,-0.21225952,-0.04982795,0.042102866,0.06269863,0.05965183,-0.08560536,-0.23924068,-0.105928056,0.026536338,-0.10032469,-0.18061176
0.06375324,0.2492907,0.114336625,0.078726634,0.24836487,0.270577,0.3075894,0.19188413,0.09181278,0.20316085,0.05240002,0.17751466,0.17544535,0.16090855,0.21025099,0.11684181,0.17666751,-0.09535281
0.15058237,0.38516277,0.27272892,0.06964299,0.38780862,0.3097059,0.42769438,0.19750491,-0.016407162,0.09925766,0.30009747,0.21232715,0.269858,0.11379975,0.23097222,0.23790675,0.37948364,0.3894654
0.17502658,0.19777739,0.10731034,0.41657707,0.11765644,0.13308923,0.22484255,0.20769557,0.18488902,0.025314707,-0.064600244,0.173641,0.15743388,0.07345103,0.17523716,0.0021203142,0.16514798,0.12060813
-0.12632309,0.25184703,0.008747015,0.04587824,0.17067954,0.10406542,0.17177323,0.32288086,0.10012317,0.17401859,-0.047974303,0.41029206,0.043215327,-0.10574811,0.21757875,0.014225553,0.43462664,-0.008147266
0.058918804,0.342946,0.010631432,0.20077316,0.26877463,0.23369998,0.21354908,0.22186014,0.16821525,0.06408585,-0.02833725,0.33638954,0.14916974,-0.08103776,0.25675777,0.03275326,0.3781668,0.08335341
0.42784727,0.40085846,0.45663917,0.34279457,0.33479548,0.28582364,0.2189195,0.25011948,0.3179263,-0.04924271,-0.023024835,0.10439603,0.26034614,0.09299433,0.22139679,0.044693097,0.06293733,0.26388317
0.13573192,0.43156517,0.106469296,0.1155349,0.44169018,0.34756196,0.38906795,0.37830073,0.30897582,0.22126544,-0.020826234,0.2495026,0.19824968,0.252533,0.34272444,0.15359792,0.33980262,0.103711866
0.1728197,0.4329816,0.039101895,0.012714169,0.28771996,0.43484074,0.37457538,0.3623445,0.2797572,0.3614859,0.11126269,0.5146539,0.2600537,0.091620445,0.30492407,0.23397449,0.3755622,-0.16306847
0.15466437,0.22451386,0.014230676,0.4923345,0.15748286,0.041659936,0.22365874,0.2119742,0.0411888,0.02312502,-0.07691257,0.068162754,0.113722384,-0.09660818,0.14923044,-0.06456444,0.21113917,0.2595602
0.15292239,0.19585454,0.3401127,0.41022363,0.18062642,0.0583449,0.086207286,0.20208707,0.24503314,-0.024109246,-0.10370771,-0.03662842,0.25028536,0.05096538,0.032163583,-0.011969123,-0.10668962,0.15647124
0.24542822,0.35391396,0.10368031,0.026061356,0.31451023,0.3173505,0.33082643,0.25374404,0.39264113,0.24943805,0.27427828,0.48508817,0.35073298,0.11741053,0.3562569,0.32668823,0.4062118,0.086208984
0.06000855,0.48525548,0.011129932,-0.08480008,0.43085718,0.46278512,0.35108876,0.35505104,0.16882488,0.3416304,0.08340449,0.53008425,0.2280845,0.014608486,0.38241625,0.19612378,0.51539505,-0.024518412
-0.035521924,0.21597086,-0.02395532,0.023869595,0.21261248,0.30292547,0.16574976,0.2566464,0.2612161,0.16814661,0.027197767,0.3215824,0.08959399,-0.026527181,0.24024513,0.11276472,0.35612065,-0.20678714
-0.02278163,-0.18230674,-0.23571014,-0.046227366,-0.19995633,0.029280312,-0.06089685,-0.033526704,0.160494,0.0782132,-0.04410693,0.24763843,-0.07286905,-0.17371075,0.11746094,0.032479186,0.25791368,-0.293518
0.105893426,0.18273103,-0.03848903,0.42510816,0.2018143,0.24436647,0.26099876,0.09636423,0.11307076,-0.056733232,0.14810659,-0.09675476,0.13357624,0.18686679,0.12123206,0.023010852,0.10759538,0.2153478
-0.027884567,0.44593453,0.15024845,-0.058879778,0.392663,0.44901016,0.3543133,0.2799107,0.07049924,0.25055712,0.24993998,0.4423177,0.24368945,0.06962836,0.20476443,0.25519428,0.3925259,0.08860625
0.22284408,-0.011140918,-0.114619136,0.056140848,-0.077874824,0.09624303,0.17754169,0.02135234,0.2599191,0.24793166,0.19867946,0.33949527,0.1691638,0.14932778,0.11838488,0.19365224,0.1336996,-0.17689623
0.21163915,0.22409986,0.27352855,0.39691433,0.21735574,0.16377375,0.1619077,0.1995461,0.21310502,-0.025099877,0.057181515,0.07748543,0.24799222,0.08529833,0.13583235,0.093997896,0.07735425,0.19493246
0.096694335,0.36796272,0.34771425,0.4170583,0.33746427,0.20310043,0.16581064,0.33744702,0.3301649,-0.014997365,-0.14529634,0.11502204,0.17150971,0.030949518,0.18191645,-0.037335746,0.050316256,0.29662108
0.06256654,0.31423846,0.2087928,-0.15010998,0.4224558,0.36979058,0.24486955,0.30900413,0.16033658,0.24470925,0.02436677,0.13625845,0.17862579,0.31018764,0.21382234,0.12326017,0.07375358,0.08143214
-0.06788576,0.39733943,0.17131387,-0.027655836,0.34569633,0.46493345,0.25971013,0.16154802,-0.008689685,0.2400261,0.08567252,0.18848997,0.15290637,0.19064319,0.13360491,0.1401889,0.0972499,-0.116837844
