Path,TotalSegPath
/data4/haoranlai/Dataset/RAD_ChestCT/image/trn24737.nii.gz,/data4/haoranlai/Dataset/RAD_ChestCT/RadchestCTseg/trn24737/trn24737.nii.gz
/data4/haoranlai/Dataset/RAD_ChestCT/image/trn08439.nii.gz,/data4/haoranlai/Dataset/RAD_ChestCT/RadchestCTseg/trn08439/trn08439.nii.gz
/data4/haoranlai/Dataset/RAD_ChestCT/image/trn11613.nii.gz,/data4/haoranlai/Dataset/RAD_ChestCT/RadchestCTseg/trn11613/trn11613.nii.gz
/data4/haoranlai/Dataset/RAD_ChestCT/image/trn15638.nii.gz,/data4/haoranlai/Dataset/RAD_ChestCT/RadchestCTseg/trn15638/trn15638.nii.gz
/data4/haoranlai/Dataset/RAD_ChestCT/image/trn03087.nii.gz,/data4/haoranlai/Dataset/RAD_ChestCT/RadchestCTseg/trn03087/trn03087.nii.gz
/data4/haoranlai/Dataset/RAD_ChestCT/image/trn09140.nii.gz,/data4/haoranlai/Dataset/RAD_ChestCT/RadchestCTseg/trn09140/trn09140.nii.gz
/data4/haoranlai/Dataset/RAD_ChestCT/image/trn21206.nii.gz,/data4/haoranlai/Dataset/RAD_ChestCT/RadchestCTseg/trn21206/trn21206.nii.gz
/data4/haoranlai/Dataset/RAD_ChestCT/image/trn15152.nii.gz,/data4/haoranlai/Dataset/RAD_ChestCT/RadchestCTseg/trn15152/trn15152.nii.gz
/data4/haoranlai/Dataset/RAD_ChestCT/image/trn23381.nii.gz,/data4/haoranlai/Dataset/RAD_ChestCT/RadchestCTseg/trn23381/trn23381.nii.gz
/data4/haoranlai/Dataset/RAD_ChestCT/image/trn17497.nii.gz,/data4/haoranlai/Dataset/RAD_ChestCT/RadchestCTseg/trn17497/trn17497.nii.gz
/data4/haoranlai/Dataset/RAD_ChestCT/image/trn06162.nii.gz,/data4/haoranlai/Dataset/RAD_ChestCT/RadchestCTseg/trn06162/trn06162.nii.gz
/data4/haoranlai/Dataset/RAD_ChestCT/image/trn08149.nii.gz,/data4/haoranlai/Dataset/RAD_ChestCT/RadchestCTseg/trn08149/trn08149.nii.gz
/data4/haoranlai/Dataset/RAD_ChestCT/image/trn11496.nii.gz,/data4/haoranlai/Dataset/RAD_ChestCT/RadchestCTseg/trn11496/trn11496.nii.gz
/data4/haoranlai/Dataset/RAD_ChestCT/image/trn13476.nii.gz,/data4/haoranlai/Dataset/RAD_ChestCT/RadchestCTseg/trn13476/trn13476.nii.gz
/data4/haoranlai/Dataset/RAD_ChestCT/image/trn13236.nii.gz,/data4/haoranlai/Dataset/RAD_ChestCT/RadchestCTseg/trn13236/trn13236.nii.gz
/data4/haoranlai/Dataset/RAD_ChestCT/image/trn17401.nii.gz,/data4/haoranlai/Dataset/RAD_ChestCT/RadchestCTseg/trn17401/trn17401.nii.gz
/data4/haoranlai/Dataset/RAD_ChestCT/image/trn04604.nii.gz,/data4/haoranlai/Dataset/RAD_ChestCT/RadchestCTseg/trn04604/trn04604.nii.gz
/data4/haoranlai/Dataset/RAD_ChestCT/image/trn24177.nii.gz,/data4/haoranlai/Dataset/RAD_ChestCT/RadchestCTseg/trn24177/trn24177.nii.gz
/data4/haoranlai/Dataset/RAD_ChestCT/image/trn22454.nii.gz,/data4/haoranlai/Dataset/RAD_ChestCT/RadchestCTseg/trn22454/trn22454.nii.gz
/data4/haoranlai/Dataset/RAD_ChestCT/image/trn17229.nii.gz,/data4/haoranlai/Dataset/RAD_ChestCT/RadchestCTseg/trn17229/trn17229.nii.gz
/data4/haoranlai/Dataset/RAD_ChestCT/image/trn08448.nii.gz,/data4/haoranlai/Dataset/RAD_ChestCT/RadchestCTseg/trn08448/trn08448.nii.gz
/data4/haoranlai/Dataset/RAD_ChestCT/image/trn12816.nii.gz,/data4/haoranlai/Dataset/RAD_ChestCT/RadchestCTseg/trn12816/trn12816.nii.gz
/data4/haoranlai/Dataset/RAD_ChestCT/image/trn14768.nii.gz,/data4/haoranlai/Dataset/RAD_ChestCT/RadchestCTseg/trn14768/trn14768.nii.gz
/data4/haoranlai/Dataset/RAD_ChestCT/image/trn06904.nii.gz,/data4/haoranlai/Dataset/RAD_ChestCT/RadchestCTseg/trn06904/trn06904.nii.gz
/data4/haoranlai/Dataset/RAD_ChestCT/image/trn00067.nii.gz,/data4/haoranlai/Dataset/RAD_ChestCT/RadchestCTseg/trn00067/trn00067.nii.gz
/data4/haoranlai/Dataset/RAD_ChestCT/image/trn06557.nii.gz,/data4/haoranlai/Dataset/RAD_ChestCT/RadchestCTseg/trn06557/trn06557.nii.gz
/data4/haoranlai/Dataset/RAD_ChestCT/image/trn07495.nii.gz,/data4/haoranlai/Dataset/RAD_ChestCT/RadchestCTseg/trn07495/trn07495.nii.gz
/data4/haoranlai/Dataset/RAD_ChestCT/image/trn10144.nii.gz,/data4/haoranlai/Dataset/RAD_ChestCT/RadchestCTseg/trn10144/trn10144.nii.gz
/data4/haoranlai/Dataset/RAD_ChestCT/image/trn16245.nii.gz,/data4/haoranlai/Dataset/RAD_ChestCT/RadchestCTseg/trn16245/trn16245.nii.gz
/data4/haoranlai/Dataset/RAD_ChestCT/image/trn01513.nii.gz,/data4/haoranlai/Dataset/RAD_ChestCT/RadchestCTseg/trn01513/trn01513.nii.gz
/data4/haoranlai/Dataset/RAD_ChestCT/image/trn07732.nii.gz,/data4/haoranlai/Dataset/RAD_ChestCT/RadchestCTseg/trn07732/trn07732.nii.gz
/data4/haoranlai/Dataset/RAD_ChestCT/image/trn03035.nii.gz,/data4/haoranlai/Dataset/RAD_ChestCT/RadchestCTseg/trn03035/trn03035.nii.gz
/data4/haoranlai/Dataset/RAD_ChestCT/image/trn03443.nii.gz,/data4/haoranlai/Dataset/RAD_ChestCT/RadchestCTseg/trn03443/trn03443.nii.gz
/data4/haoranlai/Dataset/RAD_ChestCT/image/trn03999.nii.gz,/data4/haoranlai/Dataset/RAD_ChestCT/RadchestCTseg/trn03999/trn03999.nii.gz
/data4/haoranlai/Dataset/RAD_ChestCT/image/trn06110.nii.gz,/data4/haoranlai/Dataset/RAD_ChestCT/RadchestCTseg/trn06110/trn06110.nii.gz
/data4/haoranlai/Dataset/RAD_ChestCT/image/trn14819.nii.gz,/data4/haoranlai/Dataset/RAD_ChestCT/RadchestCTseg/trn14819/trn14819.nii.gz
/data4/haoranlai/Dataset/RAD_ChestCT/image/trn03256.nii.gz,/data4/haoranlai/Dataset/RAD_ChestCT/RadchestCTseg/trn03256/trn03256.nii.gz
/data4/haoranlai/Dataset/RAD_ChestCT/image/trn24100.nii.gz,/data4/haoranlai/Dataset/RAD_ChestCT/RadchestCTseg/trn24100/trn24100.nii.gz
/data4/haoranlai/Dataset/RAD_ChestCT/image/trn11734.nii.gz,/data4/haoranlai/Dataset/RAD_ChestCT/RadchestCTseg/trn11734/trn11734.nii.gz
/data4/haoranlai/Dataset/RAD_ChestCT/image/trn21178.nii.gz,/data4/haoranlai/Dataset/RAD_ChestCT/RadchestCTseg/trn21178/trn21178.nii.gz
/data4/haoranlai/Dataset/RAD_ChestCT/image/trn06918.nii.gz,/data4/haoranlai/Dataset/RAD_ChestCT/RadchestCTseg/trn06918/trn06918.nii.gz
/data4/haoranlai/Dataset/RAD_ChestCT/image/trn24593.nii.gz,/data4/haoranlai/Dataset/RAD_ChestCT/RadchestCTseg/trn24593/trn24593.nii.gz
/data4/haoranlai/Dataset/RAD_ChestCT/image/trn06847.nii.gz,/data4/haoranlai/Dataset/RAD_ChestCT/RadchestCTseg/trn06847/trn06847.nii.gz
/data4/haoranlai/Dataset/RAD_ChestCT/image/trn14165.nii.gz,/data4/haoranlai/Dataset/RAD_ChestCT/RadchestCTseg/trn14165/trn14165.nii.gz
/data4/haoranlai/Dataset/RAD_ChestCT/image/trn21294.nii.gz,/data4/haoranlai/Dataset/RAD_ChestCT/RadchestCTseg/trn21294/trn21294.nii.gz
/data4/haoranlai/Dataset/RAD_ChestCT/image/trn21532.nii.gz,/data4/haoranlai/Dataset/RAD_ChestCT/RadchestCTseg/trn21532/trn21532.nii.gz
/data4/haoranlai/Dataset/RAD_ChestCT/image/trn11615.nii.gz,/data4/haoranlai/Dataset/RAD_ChestCT/RadchestCTseg/trn11615/trn11615.nii.gz
/data4/haoranlai/Dataset/RAD_ChestCT/image/trn00437.nii.gz,/data4/haoranlai/Dataset/RAD_ChestCT/RadchestCTseg/trn00437/trn00437.nii.gz
/data4/haoranlai/Dataset/RAD_ChestCT/image/trn20166.nii.gz,/data4/haoranlai/Dataset/RAD_ChestCT/RadchestCTseg/trn20166/trn20166.nii.gz
/data4/haoranlai/Dataset/RAD_ChestCT/image/trn01226.nii.gz,/data4/haoranlai/Dataset/RAD_ChestCT/RadchestCTseg/trn01226/trn01226.nii.gz
/data4/haoranlai/Dataset/RAD_ChestCT/image/trn03909.nii.gz,/data4/haoranlai/Dataset/RAD_ChestCT/RadchestCTseg/trn03909/trn03909.nii.gz
/data4/haoranlai/Dataset/RAD_ChestCT/image/trn16596.nii.gz,/data4/haoranlai/Dataset/RAD_ChestCT/RadchestCTseg/trn16596/trn16596.nii.gz
/data4/haoranlai/Dataset/RAD_ChestCT/image/trn01694.nii.gz,/data4/haoranlai/Dataset/RAD_ChestCT/RadchestCTseg/trn01694/trn01694.nii.gz
/data4/haoranlai/Dataset/RAD_ChestCT/image/trn25009.nii.gz,/data4/haoranlai/Dataset/RAD_ChestCT/RadchestCTseg/trn25009/trn25009.nii.gz
/data4/haoranlai/Dataset/RAD_ChestCT/image/trn07955.nii.gz,/data4/haoranlai/Dataset/RAD_ChestCT/RadchestCTseg/trn07955/trn07955.nii.gz
/data4/haoranlai/Dataset/RAD_ChestCT/image/trn08497.nii.gz,/data4/haoranlai/Dataset/RAD_ChestCT/RadchestCTseg/trn08497/trn08497.nii.gz
/data4/haoranlai/Dataset/RAD_ChestCT/image/trn21343.nii.gz,/data4/haoranlai/Dataset/RAD_ChestCT/RadchestCTseg/trn21343/trn21343.nii.gz
/data4/haoranlai/Dataset/RAD_ChestCT/image/trn02502.nii.gz,/data4/haoranlai/Dataset/RAD_ChestCT/RadchestCTseg/trn02502/trn02502.nii.gz
/data4/haoranlai/Dataset/RAD_ChestCT/image/trn02354.nii.gz,/data4/haoranlai/Dataset/RAD_ChestCT/RadchestCTseg/trn02354/trn02354.nii.gz
/data4/haoranlai/Dataset/RAD_ChestCT/image/trn13865.nii.gz,/data4/haoranlai/Dataset/RAD_ChestCT/RadchestCTseg/trn13865/trn13865.nii.gz
/data4/haoranlai/Dataset/RAD_ChestCT/image/trn18762.nii.gz,/data4/haoranlai/Dataset/RAD_ChestCT/RadchestCTseg/trn18762/trn18762.nii.gz
/data4/haoranlai/Dataset/RAD_ChestCT/image/trn01928.nii.gz,/data4/haoranlai/Dataset/RAD_ChestCT/RadchestCTseg/trn01928/trn01928.nii.gz
/data4/haoranlai/Dataset/RAD_ChestCT/image/trn10666.nii.gz,/data4/haoranlai/Dataset/RAD_ChestCT/RadchestCTseg/trn10666/trn10666.nii.gz
/data4/haoranlai/Dataset/RAD_ChestCT/image/trn14337.nii.gz,/data4/haoranlai/Dataset/RAD_ChestCT/RadchestCTseg/trn14337/trn14337.nii.gz
/data4/haoranlai/Dataset/RAD_ChestCT/image/trn14214.nii.gz,/data4/haoranlai/Dataset/RAD_ChestCT/RadchestCTseg/trn14214/trn14214.nii.gz
/data4/haoranlai/Dataset/RAD_ChestCT/image/trn09298.nii.gz,/data4/haoranlai/Dataset/RAD_ChestCT/RadchestCTseg/trn09298/trn09298.nii.gz
/data4/haoranlai/Dataset/RAD_ChestCT/image/trn01181.nii.gz,/data4/haoranlai/Dataset/RAD_ChestCT/RadchestCTseg/trn01181/trn01181.nii.gz
/data4/haoranlai/Dataset/RAD_ChestCT/image/trn02929.nii.gz,/data4/haoranlai/Dataset/RAD_ChestCT/RadchestCTseg/trn02929/trn02929.nii.gz
/data4/haoranlai/Dataset/RAD_ChestCT/image/trn03119.nii.gz,/data4/haoranlai/Dataset/RAD_ChestCT/RadchestCTseg/trn03119/trn03119.nii.gz
/data4/haoranlai/Dataset/RAD_ChestCT/image/trn03330.nii.gz,/data4/haoranlai/Dataset/RAD_ChestCT/RadchestCTseg/trn03330/trn03330.nii.gz
/data4/haoranlai/Dataset/RAD_ChestCT/image/trn10188.nii.gz,/data4/haoranlai/Dataset/RAD_ChestCT/RadchestCTseg/trn10188/trn10188.nii.gz
/data4/haoranlai/Dataset/RAD_ChestCT/image/trn08247.nii.gz,/data4/haoranlai/Dataset/RAD_ChestCT/RadchestCTseg/trn08247/trn08247.nii.gz
/data4/haoranlai/Dataset/RAD_ChestCT/image/trn12140.nii.gz,/data4/haoranlai/Dataset/RAD_ChestCT/RadchestCTseg/trn12140/trn12140.nii.gz
/data4/haoranlai/Dataset/RAD_ChestCT/image/trn02845.nii.gz,/data4/haoranlai/Dataset/RAD_ChestCT/RadchestCTseg/trn02845/trn02845.nii.gz
/data4/haoranlai/Dataset/RAD_ChestCT/image/trn10485.nii.gz,/data4/haoranlai/Dataset/RAD_ChestCT/RadchestCTseg/trn10485/trn10485.nii.gz
/data4/haoranlai/Dataset/RAD_ChestCT/image/trn15394.nii.gz,/data4/haoranlai/Dataset/RAD_ChestCT/RadchestCTseg/trn15394/trn15394.nii.gz
/data4/haoranlai/Dataset/RAD_ChestCT/image/trn07743.nii.gz,/data4/haoranlai/Dataset/RAD_ChestCT/RadchestCTseg/trn07743/trn07743.nii.gz
/data4/haoranlai/Dataset/RAD_ChestCT/image/trn21336.nii.gz,/data4/haoranlai/Dataset/RAD_ChestCT/RadchestCTseg/trn21336/trn21336.nii.gz
/data4/haoranlai/Dataset/RAD_ChestCT/image/trn02652.nii.gz,/data4/haoranlai/Dataset/RAD_ChestCT/RadchestCTseg/trn02652/trn02652.nii.gz
/data4/haoranlai/Dataset/RAD_ChestCT/image/trn02318.nii.gz,/data4/haoranlai/Dataset/RAD_ChestCT/RadchestCTseg/trn02318/trn02318.nii.gz
/data4/haoranlai/Dataset/RAD_ChestCT/image/trn11935.nii.gz,/data4/haoranlai/Dataset/RAD_ChestCT/RadchestCTseg/trn11935/trn11935.nii.gz
/data4/haoranlai/Dataset/RAD_ChestCT/image/trn21625.nii.gz,/data4/haoranlai/Dataset/RAD_ChestCT/RadchestCTseg/trn21625/trn21625.nii.gz
/data4/haoranlai/Dataset/RAD_ChestCT/image/trn07130.nii.gz,/data4/haoranlai/Dataset/RAD_ChestCT/RadchestCTseg/trn07130/trn07130.nii.gz
/data4/haoranlai/Dataset/RAD_ChestCT/image/trn06845.nii.gz,/data4/haoranlai/Dataset/RAD_ChestCT/RadchestCTseg/trn06845/trn06845.nii.gz
/data4/haoranlai/Dataset/RAD_ChestCT/image/trn06232.nii.gz,/data4/haoranlai/Dataset/RAD_ChestCT/RadchestCTseg/trn06232/trn06232.nii.gz
/data4/haoranlai/Dataset/RAD_ChestCT/image/trn24387.nii.gz,/data4/haoranlai/Dataset/RAD_ChestCT/RadchestCTseg/trn24387/trn24387.nii.gz
/data4/haoranlai/Dataset/RAD_ChestCT/image/trn21475.nii.gz,/data4/haoranlai/Dataset/RAD_ChestCT/RadchestCTseg/trn21475/trn21475.nii.gz
/data4/haoranlai/Dataset/RAD_ChestCT/image/trn10119.nii.gz,/data4/haoranlai/Dataset/RAD_ChestCT/RadchestCTseg/trn10119/trn10119.nii.gz
/data4/haoranlai/Dataset/RAD_ChestCT/image/trn13164.nii.gz,/data4/haoranlai/Dataset/RAD_ChestCT/RadchestCTseg/trn13164/trn13164.nii.gz
/data4/haoranlai/Dataset/RAD_ChestCT/image/trn14688.nii.gz,/data4/haoranlai/Dataset/RAD_ChestCT/RadchestCTseg/trn14688/trn14688.nii.gz
/data4/haoranlai/Dataset/RAD_ChestCT/image/trn22096.nii.gz,/data4/haoranlai/Dataset/RAD_ChestCT/RadchestCTseg/trn22096/trn22096.nii.gz
/data4/haoranlai/Dataset/RAD_ChestCT/image/trn22334.nii.gz,/data4/haoranlai/Dataset/RAD_ChestCT/RadchestCTseg/trn22334/trn22334.nii.gz
/data4/haoranlai/Dataset/RAD_ChestCT/image/trn16990.nii.gz,/data4/haoranlai/Dataset/RAD_ChestCT/RadchestCTseg/trn16990/trn16990.nii.gz
/data4/haoranlai/Dataset/RAD_ChestCT/image/trn01863.nii.gz,/data4/haoranlai/Dataset/RAD_ChestCT/RadchestCTseg/trn01863/trn01863.nii.gz
/data4/haoranlai/Dataset/RAD_ChestCT/image/trn23262.nii.gz,/data4/haoranlai/Dataset/RAD_ChestCT/RadchestCTseg/trn23262/trn23262.nii.gz
/data4/haoranlai/Dataset/RAD_ChestCT/image/trn20037.nii.gz,/data4/haoranlai/Dataset/RAD_ChestCT/RadchestCTseg/trn20037/trn20037.nii.gz
/data4/haoranlai/Dataset/RAD_ChestCT/image/trn05925.nii.gz,/data4/haoranlai/Dataset/RAD_ChestCT/RadchestCTseg/trn05925/trn05925.nii.gz
/data4/haoranlai/Dataset/RAD_ChestCT/image/trn21816.nii.gz,/data4/haoranlai/Dataset/RAD_ChestCT/RadchestCTseg/trn21816/trn21816.nii.gz
/data4/haoranlai/Dataset/RAD_ChestCT/image/trn00556.nii.gz,/data4/haoranlai/Dataset/RAD_ChestCT/RadchestCTseg/trn00556/trn00556.nii.gz
/data4/haoranlai/Dataset/RAD_ChestCT/image/trn18587.nii.gz,/data4/haoranlai/Dataset/RAD_ChestCT/RadchestCTseg/trn18587/trn18587.nii.gz
/data4/haoranlai/Dataset/RAD_ChestCT/image/trn22017.nii.gz,/data4/haoranlai/Dataset/RAD_ChestCT/RadchestCTseg/trn22017/trn22017.nii.gz
/data4/haoranlai/Dataset/RAD_ChestCT/image/trn19331.nii.gz,/data4/haoranlai/Dataset/RAD_ChestCT/RadchestCTseg/trn19331/trn19331.nii.gz
/data4/haoranlai/Dataset/RAD_ChestCT/image/trn21654.nii.gz,/data4/haoranlai/Dataset/RAD_ChestCT/RadchestCTseg/trn21654/trn21654.nii.gz
/data4/haoranlai/Dataset/RAD_ChestCT/image/trn02799.nii.gz,/data4/haoranlai/Dataset/RAD_ChestCT/RadchestCTseg/trn02799/trn02799.nii.gz
/data4/haoranlai/Dataset/RAD_ChestCT/image/trn24427.nii.gz,/data4/haoranlai/Dataset/RAD_ChestCT/RadchestCTseg/trn24427/trn24427.nii.gz
/data4/haoranlai/Dataset/RAD_ChestCT/image/trn19716.nii.gz,/data4/haoranlai/Dataset/RAD_ChestCT/RadchestCTseg/trn19716/trn19716.nii.gz
/data4/haoranlai/Dataset/RAD_ChestCT/image/trn01855.nii.gz,/data4/haoranlai/Dataset/RAD_ChestCT/RadchestCTseg/trn01855/trn01855.nii.gz
/data4/haoranlai/Dataset/RAD_ChestCT/image/trn18770.nii.gz,/data4/haoranlai/Dataset/RAD_ChestCT/RadchestCTseg/trn18770/trn18770.nii.gz
/data4/haoranlai/Dataset/RAD_ChestCT/image/trn10754.nii.gz,/data4/haoranlai/Dataset/RAD_ChestCT/RadchestCTseg/trn10754/trn10754.nii.gz
/data4/haoranlai/Dataset/RAD_ChestCT/image/trn17181.nii.gz,/data4/haoranlai/Dataset/RAD_ChestCT/RadchestCTseg/trn17181/trn17181.nii.gz
/data4/haoranlai/Dataset/RAD_ChestCT/image/trn11304.nii.gz,/data4/haoranlai/Dataset/RAD_ChestCT/RadchestCTseg/trn11304/trn11304.nii.gz
/data4/haoranlai/Dataset/RAD_ChestCT/image/trn04529.nii.gz,/data4/haoranlai/Dataset/RAD_ChestCT/RadchestCTseg/trn04529/trn04529.nii.gz
/data4/haoranlai/Dataset/RAD_ChestCT/image/trn09625.nii.gz,/data4/haoranlai/Dataset/RAD_ChestCT/RadchestCTseg/trn09625/trn09625.nii.gz
/data4/haoranlai/Dataset/RAD_ChestCT/image/trn16706.nii.gz,/data4/haoranlai/Dataset/RAD_ChestCT/RadchestCTseg/trn16706/trn16706.nii.gz
/data4/haoranlai/Dataset/RAD_ChestCT/image/trn23250.nii.gz,/data4/haoranlai/Dataset/RAD_ChestCT/RadchestCTseg/trn23250/trn23250.nii.gz
/data4/haoranlai/Dataset/RAD_ChestCT/image/trn08822.nii.gz,/data4/haoranlai/Dataset/RAD_ChestCT/RadchestCTseg/trn08822/trn08822.nii.gz
/data4/haoranlai/Dataset/RAD_ChestCT/image/trn13120.nii.gz,/data4/haoranlai/Dataset/RAD_ChestCT/RadchestCTseg/trn13120/trn13120.nii.gz
/data4/haoranlai/Dataset/RAD_ChestCT/image/trn04920.nii.gz,/data4/haoranlai/Dataset/RAD_ChestCT/RadchestCTseg/trn04920/trn04920.nii.gz
/data4/haoranlai/Dataset/RAD_ChestCT/image/trn00396.nii.gz,/data4/haoranlai/Dataset/RAD_ChestCT/RadchestCTseg/trn00396/trn00396.nii.gz
/data4/haoranlai/Dataset/RAD_ChestCT/image/trn09613.nii.gz,/data4/haoranlai/Dataset/RAD_ChestCT/RadchestCTseg/trn09613/trn09613.nii.gz
/data4/haoranlai/Dataset/RAD_ChestCT/image/trn06043.nii.gz,/data4/haoranlai/Dataset/RAD_ChestCT/RadchestCTseg/trn06043/trn06043.nii.gz
/data4/haoranlai/Dataset/RAD_ChestCT/image/trn21539.nii.gz,/data4/haoranlai/Dataset/RAD_ChestCT/RadchestCTseg/trn21539/trn21539.nii.gz
/data4/haoranlai/Dataset/RAD_ChestCT/image/trn12335.nii.gz,/data4/haoranlai/Dataset/RAD_ChestCT/RadchestCTseg/trn12335/trn12335.nii.gz
/data4/haoranlai/Dataset/RAD_ChestCT/image/trn19234.nii.gz,/data4/haoranlai/Dataset/RAD_ChestCT/RadchestCTseg/trn19234/trn19234.nii.gz
/data4/haoranlai/Dataset/RAD_ChestCT/image/trn22909.nii.gz,/data4/haoranlai/Dataset/RAD_ChestCT/RadchestCTseg/trn22909/trn22909.nii.gz
/data4/haoranlai/Dataset/RAD_ChestCT/image/trn04144.nii.gz,/data4/haoranlai/Dataset/RAD_ChestCT/RadchestCTseg/trn04144/trn04144.nii.gz
/data4/haoranlai/Dataset/RAD_ChestCT/image/trn01976.nii.gz,/data4/haoranlai/Dataset/RAD_ChestCT/RadchestCTseg/trn01976/trn01976.nii.gz
/data4/haoranlai/Dataset/RAD_ChestCT/image/trn20945.nii.gz,/data4/haoranlai/Dataset/RAD_ChestCT/RadchestCTseg/trn20945/trn20945.nii.gz
/data4/haoranlai/Dataset/RAD_ChestCT/image/trn16638.nii.gz,/data4/haoranlai/Dataset/RAD_ChestCT/RadchestCTseg/trn16638/trn16638.nii.gz
/data4/haoranlai/Dataset/RAD_ChestCT/image/trn14682.nii.gz,/data4/haoranlai/Dataset/RAD_ChestCT/RadchestCTseg/trn14682/trn14682.nii.gz
/data4/haoranlai/Dataset/RAD_ChestCT/image/trn24157.nii.gz,/data4/haoranlai/Dataset/RAD_ChestCT/RadchestCTseg/trn24157/trn24157.nii.gz
/data4/haoranlai/Dataset/RAD_ChestCT/image/trn06948.nii.gz,/data4/haoranlai/Dataset/RAD_ChestCT/RadchestCTseg/trn06948/trn06948.nii.gz
/data4/haoranlai/Dataset/RAD_ChestCT/image/trn09669.nii.gz,/data4/haoranlai/Dataset/RAD_ChestCT/RadchestCTseg/trn09669/trn09669.nii.gz
/data4/haoranlai/Dataset/RAD_ChestCT/image/trn24571.nii.gz,/data4/haoranlai/Dataset/RAD_ChestCT/RadchestCTseg/trn24571/trn24571.nii.gz
/data4/haoranlai/Dataset/RAD_ChestCT/image/trn06991.nii.gz,/data4/haoranlai/Dataset/RAD_ChestCT/RadchestCTseg/trn06991/trn06991.nii.gz
/data4/haoranlai/Dataset/RAD_ChestCT/image/trn02025.nii.gz,/data4/haoranlai/Dataset/RAD_ChestCT/RadchestCTseg/trn02025/trn02025.nii.gz
/data4/haoranlai/Dataset/RAD_ChestCT/image/trn13897.nii.gz,/data4/haoranlai/Dataset/RAD_ChestCT/RadchestCTseg/trn13897/trn13897.nii.gz
/data4/haoranlai/Dataset/RAD_ChestCT/image/trn15296.nii.gz,/data4/haoranlai/Dataset/RAD_ChestCT/RadchestCTseg/trn15296/trn15296.nii.gz
/data4/haoranlai/Dataset/RAD_ChestCT/image/trn13420.nii.gz,/data4/haoranlai/Dataset/RAD_ChestCT/RadchestCTseg/trn13420/trn13420.nii.gz
/data4/haoranlai/Dataset/RAD_ChestCT/image/trn17495.nii.gz,/data4/haoranlai/Dataset/RAD_ChestCT/RadchestCTseg/trn17495/trn17495.nii.gz
/data4/haoranlai/Dataset/RAD_ChestCT/image/trn17476.nii.gz,/data4/haoranlai/Dataset/RAD_ChestCT/RadchestCTseg/trn17476/trn17476.nii.gz
/data4/haoranlai/Dataset/RAD_ChestCT/image/trn17834.nii.gz,/data4/haoranlai/Dataset/RAD_ChestCT/RadchestCTseg/trn17834/trn17834.nii.gz
/data4/haoranlai/Dataset/RAD_ChestCT/image/trn20792.nii.gz,/data4/haoranlai/Dataset/RAD_ChestCT/RadchestCTseg/trn20792/trn20792.nii.gz
/data4/haoranlai/Dataset/RAD_ChestCT/image/trn11031.nii.gz,/data4/haoranlai/Dataset/RAD_ChestCT/RadchestCTseg/trn11031/trn11031.nii.gz
/data4/haoranlai/Dataset/RAD_ChestCT/image/trn18348.nii.gz,/data4/haoranlai/Dataset/RAD_ChestCT/RadchestCTseg/trn18348/trn18348.nii.gz
/data4/haoranlai/Dataset/RAD_ChestCT/image/trn09784.nii.gz,/data4/haoranlai/Dataset/RAD_ChestCT/RadchestCTseg/trn09784/trn09784.nii.gz
/data4/haoranlai/Dataset/RAD_ChestCT/image/trn23106.nii.gz,/data4/haoranlai/Dataset/RAD_ChestCT/RadchestCTseg/trn23106/trn23106.nii.gz
/data4/haoranlai/Dataset/RAD_ChestCT/image/trn00525.nii.gz,/data4/haoranlai/Dataset/RAD_ChestCT/RadchestCTseg/trn00525/trn00525.nii.gz
/data4/haoranlai/Dataset/RAD_ChestCT/image/trn18124.nii.gz,/data4/haoranlai/Dataset/RAD_ChestCT/RadchestCTseg/trn18124/trn18124.nii.gz
/data4/haoranlai/Dataset/RAD_ChestCT/image/trn02868.nii.gz,/data4/haoranlai/Dataset/RAD_ChestCT/RadchestCTseg/trn02868/trn02868.nii.gz
/data4/haoranlai/Dataset/RAD_ChestCT/image/trn21960.nii.gz,/data4/haoranlai/Dataset/RAD_ChestCT/RadchestCTseg/trn21960/trn21960.nii.gz
/data4/haoranlai/Dataset/RAD_ChestCT/image/trn15973.nii.gz,/data4/haoranlai/Dataset/RAD_ChestCT/RadchestCTseg/trn15973/trn15973.nii.gz
/data4/haoranlai/Dataset/RAD_ChestCT/image/trn08054.nii.gz,/data4/haoranlai/Dataset/RAD_ChestCT/RadchestCTseg/trn08054/trn08054.nii.gz
/data4/haoranlai/Dataset/RAD_ChestCT/image/trn18273.nii.gz,/data4/haoranlai/Dataset/RAD_ChestCT/RadchestCTseg/trn18273/trn18273.nii.gz
/data4/haoranlai/Dataset/RAD_ChestCT/image/trn05143.nii.gz,/data4/haoranlai/Dataset/RAD_ChestCT/RadchestCTseg/trn05143/trn05143.nii.gz
/data4/haoranlai/Dataset/RAD_ChestCT/image/trn15433.nii.gz,/data4/haoranlai/Dataset/RAD_ChestCT/RadchestCTseg/trn15433/trn15433.nii.gz
/data4/haoranlai/Dataset/RAD_ChestCT/image/trn17776.nii.gz,/data4/haoranlai/Dataset/RAD_ChestCT/RadchestCTseg/trn17776/trn17776.nii.gz
/data4/haoranlai/Dataset/RAD_ChestCT/image/trn08795.nii.gz,/data4/haoranlai/Dataset/RAD_ChestCT/RadchestCTseg/trn08795/trn08795.nii.gz
/data4/haoranlai/Dataset/RAD_ChestCT/image/trn17852.nii.gz,/data4/haoranlai/Dataset/RAD_ChestCT/RadchestCTseg/trn17852/trn17852.nii.gz
/data4/haoranlai/Dataset/RAD_ChestCT/image/trn14334.nii.gz,/data4/haoranlai/Dataset/RAD_ChestCT/RadchestCTseg/trn14334/trn14334.nii.gz
/data4/haoranlai/Dataset/RAD_ChestCT/image/trn00869.nii.gz,/data4/haoranlai/Dataset/RAD_ChestCT/RadchestCTseg/trn00869/trn00869.nii.gz
/data4/haoranlai/Dataset/RAD_ChestCT/image/trn19181.nii.gz,/data4/haoranlai/Dataset/RAD_ChestCT/RadchestCTseg/trn19181/trn19181.nii.gz
/data4/haoranlai/Dataset/RAD_ChestCT/image/trn00370.nii.gz,/data4/haoranlai/Dataset/RAD_ChestCT/RadchestCTseg/trn00370/trn00370.nii.gz
/data4/haoranlai/Dataset/RAD_ChestCT/image/trn14230.nii.gz,/data4/haoranlai/Dataset/RAD_ChestCT/RadchestCTseg/trn14230/trn14230.nii.gz
/data4/haoranlai/Dataset/RAD_ChestCT/image/trn01194.nii.gz,/data4/haoranlai/Dataset/RAD_ChestCT/RadchestCTseg/trn01194/trn01194.nii.gz
/data4/haoranlai/Dataset/RAD_ChestCT/image/trn17525.nii.gz,/data4/haoranlai/Dataset/RAD_ChestCT/RadchestCTseg/trn17525/trn17525.nii.gz
/data4/haoranlai/Dataset/RAD_ChestCT/image/trn10649.nii.gz,/data4/haoranlai/Dataset/RAD_ChestCT/RadchestCTseg/trn10649/trn10649.nii.gz
/data4/haoranlai/Dataset/RAD_ChestCT/image/trn13271.nii.gz,/data4/haoranlai/Dataset/RAD_ChestCT/RadchestCTseg/trn13271/trn13271.nii.gz
/data4/haoranlai/Dataset/RAD_ChestCT/image/trn11796.nii.gz,/data4/haoranlai/Dataset/RAD_ChestCT/RadchestCTseg/trn11796/trn11796.nii.gz
/data4/haoranlai/Dataset/RAD_ChestCT/image/trn07179.nii.gz,/data4/haoranlai/Dataset/RAD_ChestCT/RadchestCTseg/trn07179/trn07179.nii.gz
/data4/haoranlai/Dataset/RAD_ChestCT/image/trn08024.nii.gz,/data4/haoranlai/Dataset/RAD_ChestCT/RadchestCTseg/trn08024/trn08024.nii.gz
/data4/haoranlai/Dataset/RAD_ChestCT/image/trn22024.nii.gz,/data4/haoranlai/Dataset/RAD_ChestCT/RadchestCTseg/trn22024/trn22024.nii.gz
/data4/haoranlai/Dataset/RAD_ChestCT/image/trn06672.nii.gz,/data4/haoranlai/Dataset/RAD_ChestCT/RadchestCTseg/trn06672/trn06672.nii.gz
/data4/haoranlai/Dataset/RAD_ChestCT/image/trn21996.nii.gz,/data4/haoranlai/Dataset/RAD_ChestCT/RadchestCTseg/trn21996/trn21996.nii.gz
/data4/haoranlai/Dataset/RAD_ChestCT/image/trn03623.nii.gz,/data4/haoranlai/Dataset/RAD_ChestCT/RadchestCTseg/trn03623/trn03623.nii.gz
/data4/haoranlai/Dataset/RAD_ChestCT/image/trn02010.nii.gz,/data4/haoranlai/Dataset/RAD_ChestCT/RadchestCTseg/trn02010/trn02010.nii.gz
/data4/haoranlai/Dataset/RAD_ChestCT/image/trn13127.nii.gz,/data4/haoranlai/Dataset/RAD_ChestCT/RadchestCTseg/trn13127/trn13127.nii.gz
/data4/haoranlai/Dataset/RAD_ChestCT/image/trn16988.nii.gz,/data4/haoranlai/Dataset/RAD_ChestCT/RadchestCTseg/trn16988/trn16988.nii.gz
/data4/haoranlai/Dataset/RAD_ChestCT/image/trn06173.nii.gz,/data4/haoranlai/Dataset/RAD_ChestCT/RadchestCTseg/trn06173/trn06173.nii.gz
/data4/haoranlai/Dataset/RAD_ChestCT/image/trn04542.nii.gz,/data4/haoranlai/Dataset/RAD_ChestCT/RadchestCTseg/trn04542/trn04542.nii.gz
/data4/haoranlai/Dataset/RAD_ChestCT/image/trn15124.nii.gz,/data4/haoranlai/Dataset/RAD_ChestCT/RadchestCTseg/trn15124/trn15124.nii.gz
/data4/haoranlai/Dataset/RAD_ChestCT/image/trn15988.nii.gz,/data4/haoranlai/Dataset/RAD_ChestCT/RadchestCTseg/trn15988/trn15988.nii.gz
/data4/haoranlai/Dataset/RAD_ChestCT/image/trn11859.nii.gz,/data4/haoranlai/Dataset/RAD_ChestCT/RadchestCTseg/trn11859/trn11859.nii.gz
/data4/haoranlai/Dataset/RAD_ChestCT/image/trn04258.nii.gz,/data4/haoranlai/Dataset/RAD_ChestCT/RadchestCTseg/trn04258/trn04258.nii.gz
/data4/haoranlai/Dataset/RAD_ChestCT/image/trn23508.nii.gz,/data4/haoranlai/Dataset/RAD_ChestCT/RadchestCTseg/trn23508/trn23508.nii.gz
/data4/haoranlai/Dataset/RAD_ChestCT/image/trn10538.nii.gz,/data4/haoranlai/Dataset/RAD_ChestCT/RadchestCTseg/trn10538/trn10538.nii.gz
/data4/haoranlai/Dataset/RAD_ChestCT/image/trn12928.nii.gz,/data4/haoranlai/Dataset/RAD_ChestCT/RadchestCTseg/trn12928/trn12928.nii.gz
/data4/haoranlai/Dataset/RAD_ChestCT/image/trn22364.nii.gz,/data4/haoranlai/Dataset/RAD_ChestCT/RadchestCTseg/trn22364/trn22364.nii.gz
/data4/haoranlai/Dataset/RAD_ChestCT/image/trn24462.nii.gz,/data4/haoranlai/Dataset/RAD_ChestCT/RadchestCTseg/trn24462/trn24462.nii.gz
/data4/haoranlai/Dataset/RAD_ChestCT/image/trn14996.nii.gz,/data4/haoranlai/Dataset/RAD_ChestCT/RadchestCTseg/trn14996/trn14996.nii.gz
/data4/haoranlai/Dataset/RAD_ChestCT/image/trn10022.nii.gz,/data4/haoranlai/Dataset/RAD_ChestCT/RadchestCTseg/trn10022/trn10022.nii.gz
/data4/haoranlai/Dataset/RAD_ChestCT/image/trn11607.nii.gz,/data4/haoranlai/Dataset/RAD_ChestCT/RadchestCTseg/trn11607/trn11607.nii.gz
/data4/haoranlai/Dataset/RAD_ChestCT/image/trn12220.nii.gz,/data4/haoranlai/Dataset/RAD_ChestCT/RadchestCTseg/trn12220/trn12220.nii.gz
/data4/haoranlai/Dataset/RAD_ChestCT/image/trn22644.nii.gz,/data4/haoranlai/Dataset/RAD_ChestCT/RadchestCTseg/trn22644/trn22644.nii.gz
/data4/haoranlai/Dataset/RAD_ChestCT/image/trn01766.nii.gz,/data4/haoranlai/Dataset/RAD_ChestCT/RadchestCTseg/trn01766/trn01766.nii.gz
/data4/haoranlai/Dataset/RAD_ChestCT/image/trn09444.nii.gz,/data4/haoranlai/Dataset/RAD_ChestCT/RadchestCTseg/trn09444/trn09444.nii.gz
/data4/haoranlai/Dataset/RAD_ChestCT/image/trn02415.nii.gz,/data4/haoranlai/Dataset/RAD_ChestCT/RadchestCTseg/trn02415/trn02415.nii.gz
/data4/haoranlai/Dataset/RAD_ChestCT/image/trn16100.nii.gz,/data4/haoranlai/Dataset/RAD_ChestCT/RadchestCTseg/trn16100/trn16100.nii.gz
/data4/haoranlai/Dataset/RAD_ChestCT/image/trn21280.nii.gz,/data4/haoranlai/Dataset/RAD_ChestCT/RadchestCTseg/trn21280/trn21280.nii.gz
/data4/haoranlai/Dataset/RAD_ChestCT/image/trn09546.nii.gz,/data4/haoranlai/Dataset/RAD_ChestCT/RadchestCTseg/trn09546/trn09546.nii.gz
/data4/haoranlai/Dataset/RAD_ChestCT/image/trn21285.nii.gz,/data4/haoranlai/Dataset/RAD_ChestCT/RadchestCTseg/trn21285/trn21285.nii.gz
/data4/haoranlai/Dataset/RAD_ChestCT/image/trn05841.nii.gz,/data4/haoranlai/Dataset/RAD_ChestCT/RadchestCTseg/trn05841/trn05841.nii.gz
/data4/haoranlai/Dataset/RAD_ChestCT/image/trn07974.nii.gz,/data4/haoranlai/Dataset/RAD_ChestCT/RadchestCTseg/trn07974/trn07974.nii.gz
/data4/haoranlai/Dataset/RAD_ChestCT/image/trn20912.nii.gz,/data4/haoranlai/Dataset/RAD_ChestCT/RadchestCTseg/trn20912/trn20912.nii.gz
/data4/haoranlai/Dataset/RAD_ChestCT/image/trn24768.nii.gz,/data4/haoranlai/Dataset/RAD_ChestCT/RadchestCTseg/trn24768/trn24768.nii.gz
/data4/haoranlai/Dataset/RAD_ChestCT/image/trn18897.nii.gz,/data4/haoranlai/Dataset/RAD_ChestCT/RadchestCTseg/trn18897/trn18897.nii.gz
/data4/haoranlai/Dataset/RAD_ChestCT/image/trn19852.nii.gz,/data4/haoranlai/Dataset/RAD_ChestCT/RadchestCTseg/trn19852/trn19852.nii.gz
/data4/haoranlai/Dataset/RAD_ChestCT/image/trn09065.nii.gz,/data4/haoranlai/Dataset/RAD_ChestCT/RadchestCTseg/trn09065/trn09065.nii.gz
/data4/haoranlai/Dataset/RAD_ChestCT/image/trn16247.nii.gz,/data4/haoranlai/Dataset/RAD_ChestCT/RadchestCTseg/trn16247/trn16247.nii.gz
/data4/haoranlai/Dataset/RAD_ChestCT/image/trn03764.nii.gz,/data4/haoranlai/Dataset/RAD_ChestCT/RadchestCTseg/trn03764/trn03764.nii.gz
/data4/haoranlai/Dataset/RAD_ChestCT/image/trn21417.nii.gz,/data4/haoranlai/Dataset/RAD_ChestCT/RadchestCTseg/trn21417/trn21417.nii.gz
/data4/haoranlai/Dataset/RAD_ChestCT/image/trn09309.nii.gz,/data4/haoranlai/Dataset/RAD_ChestCT/RadchestCTseg/trn09309/trn09309.nii.gz
/data4/haoranlai/Dataset/RAD_ChestCT/image/trn09452.nii.gz,/data4/haoranlai/Dataset/RAD_ChestCT/RadchestCTseg/trn09452/trn09452.nii.gz
/data4/haoranlai/Dataset/RAD_ChestCT/image/trn04712.nii.gz,/data4/haoranlai/Dataset/RAD_ChestCT/RadchestCTseg/trn04712/trn04712.nii.gz
/data4/haoranlai/Dataset/RAD_ChestCT/image/trn07585.nii.gz,/data4/haoranlai/Dataset/RAD_ChestCT/RadchestCTseg/trn07585/trn07585.nii.gz
/data4/haoranlai/Dataset/RAD_ChestCT/image/trn08158.nii.gz,/data4/haoranlai/Dataset/RAD_ChestCT/RadchestCTseg/trn08158/trn08158.nii.gz
/data4/haoranlai/Dataset/RAD_ChestCT/image/trn07259.nii.gz,/data4/haoranlai/Dataset/RAD_ChestCT/RadchestCTseg/trn07259/trn07259.nii.gz
/data4/haoranlai/Dataset/RAD_ChestCT/image/trn19901.nii.gz,/data4/haoranlai/Dataset/RAD_ChestCT/RadchestCTseg/trn19901/trn19901.nii.gz
/data4/haoranlai/Dataset/RAD_ChestCT/image/trn18362.nii.gz,/data4/haoranlai/Dataset/RAD_ChestCT/RadchestCTseg/trn18362/trn18362.nii.gz
/data4/haoranlai/Dataset/RAD_ChestCT/image/trn00450.nii.gz,/data4/haoranlai/Dataset/RAD_ChestCT/RadchestCTseg/trn00450/trn00450.nii.gz
/data4/haoranlai/Dataset/RAD_ChestCT/image/trn23547.nii.gz,/data4/haoranlai/Dataset/RAD_ChestCT/RadchestCTseg/trn23547/trn23547.nii.gz
/data4/haoranlai/Dataset/RAD_ChestCT/image/trn03261.nii.gz,/data4/haoranlai/Dataset/RAD_ChestCT/RadchestCTseg/trn03261/trn03261.nii.gz
/data4/haoranlai/Dataset/RAD_ChestCT/image/trn24037.nii.gz,/data4/haoranlai/Dataset/RAD_ChestCT/RadchestCTseg/trn24037/trn24037.nii.gz
/data4/haoranlai/Dataset/RAD_ChestCT/image/trn17205.nii.gz,/data4/haoranlai/Dataset/RAD_ChestCT/RadchestCTseg/trn17205/trn17205.nii.gz
/data4/haoranlai/Dataset/RAD_ChestCT/image/trn14318.nii.gz,/data4/haoranlai/Dataset/RAD_ChestCT/RadchestCTseg/trn14318/trn14318.nii.gz
/data4/haoranlai/Dataset/RAD_ChestCT/image/trn15413.nii.gz,/data4/haoranlai/Dataset/RAD_ChestCT/RadchestCTseg/trn15413/trn15413.nii.gz
/data4/haoranlai/Dataset/RAD_ChestCT/image/trn22803.nii.gz,/data4/haoranlai/Dataset/RAD_ChestCT/RadchestCTseg/trn22803/trn22803.nii.gz
/data4/haoranlai/Dataset/RAD_ChestCT/image/trn12309.nii.gz,/data4/haoranlai/Dataset/RAD_ChestCT/RadchestCTseg/trn12309/trn12309.nii.gz
/data4/haoranlai/Dataset/RAD_ChestCT/image/trn25053.nii.gz,/data4/haoranlai/Dataset/RAD_ChestCT/RadchestCTseg/trn25053/trn25053.nii.gz
/data4/haoranlai/Dataset/RAD_ChestCT/image/trn20155.nii.gz,/data4/haoranlai/Dataset/RAD_ChestCT/RadchestCTseg/trn20155/trn20155.nii.gz
/data4/haoranlai/Dataset/RAD_ChestCT/image/trn04600.nii.gz,/data4/haoranlai/Dataset/RAD_ChestCT/RadchestCTseg/trn04600/trn04600.nii.gz
/data4/haoranlai/Dataset/RAD_ChestCT/image/trn23538.nii.gz,/data4/haoranlai/Dataset/RAD_ChestCT/RadchestCTseg/trn23538/trn23538.nii.gz
/data4/haoranlai/Dataset/RAD_ChestCT/image/trn11373.nii.gz,/data4/haoranlai/Dataset/RAD_ChestCT/RadchestCTseg/trn11373/trn11373.nii.gz
/data4/haoranlai/Dataset/RAD_ChestCT/image/trn25180.nii.gz,/data4/haoranlai/Dataset/RAD_ChestCT/RadchestCTseg/trn25180/trn25180.nii.gz
/data4/haoranlai/Dataset/RAD_ChestCT/image/trn18402.nii.gz,/data4/haoranlai/Dataset/RAD_ChestCT/RadchestCTseg/trn18402/trn18402.nii.gz
/data4/haoranlai/Dataset/RAD_ChestCT/image/trn04711.nii.gz,/data4/haoranlai/Dataset/RAD_ChestCT/RadchestCTseg/trn04711/trn04711.nii.gz
/data4/haoranlai/Dataset/RAD_ChestCT/image/trn09561.nii.gz,/data4/haoranlai/Dataset/RAD_ChestCT/RadchestCTseg/trn09561/trn09561.nii.gz
/data4/haoranlai/Dataset/RAD_ChestCT/image/trn20266.nii.gz,/data4/haoranlai/Dataset/RAD_ChestCT/RadchestCTseg/trn20266/trn20266.nii.gz
/data4/haoranlai/Dataset/RAD_ChestCT/image/trn21414.nii.gz,/data4/haoranlai/Dataset/RAD_ChestCT/RadchestCTseg/trn21414/trn21414.nii.gz
/data4/haoranlai/Dataset/RAD_ChestCT/image/trn06206.nii.gz,/data4/haoranlai/Dataset/RAD_ChestCT/RadchestCTseg/trn06206/trn06206.nii.gz
/data4/haoranlai/Dataset/RAD_ChestCT/image/trn07730.nii.gz,/data4/haoranlai/Dataset/RAD_ChestCT/RadchestCTseg/trn07730/trn07730.nii.gz
/data4/haoranlai/Dataset/RAD_ChestCT/image/trn18386.nii.gz,/data4/haoranlai/Dataset/RAD_ChestCT/RadchestCTseg/trn18386/trn18386.nii.gz
/data4/haoranlai/Dataset/RAD_ChestCT/image/trn19607.nii.gz,/data4/haoranlai/Dataset/RAD_ChestCT/RadchestCTseg/trn19607/trn19607.nii.gz
/data4/haoranlai/Dataset/RAD_ChestCT/image/trn08293.nii.gz,/data4/haoranlai/Dataset/RAD_ChestCT/RadchestCTseg/trn08293/trn08293.nii.gz
/data4/haoranlai/Dataset/RAD_ChestCT/image/trn06195.nii.gz,/data4/haoranlai/Dataset/RAD_ChestCT/RadchestCTseg/trn06195/trn06195.nii.gz
/data4/haoranlai/Dataset/RAD_ChestCT/image/trn08006.nii.gz,/data4/haoranlai/Dataset/RAD_ChestCT/RadchestCTseg/trn08006/trn08006.nii.gz
/data4/haoranlai/Dataset/RAD_ChestCT/image/trn07749.nii.gz,/data4/haoranlai/Dataset/RAD_ChestCT/RadchestCTseg/trn07749/trn07749.nii.gz
/data4/haoranlai/Dataset/RAD_ChestCT/image/trn12539.nii.gz,/data4/haoranlai/Dataset/RAD_ChestCT/RadchestCTseg/trn12539/trn12539.nii.gz
/data4/haoranlai/Dataset/RAD_ChestCT/image/trn24110.nii.gz,/data4/haoranlai/Dataset/RAD_ChestCT/RadchestCTseg/trn24110/trn24110.nii.gz
/data4/haoranlai/Dataset/RAD_ChestCT/image/trn00367.nii.gz,/data4/haoranlai/Dataset/RAD_ChestCT/RadchestCTseg/trn00367/trn00367.nii.gz
/data4/haoranlai/Dataset/RAD_ChestCT/image/trn08280.nii.gz,/data4/haoranlai/Dataset/RAD_ChestCT/RadchestCTseg/trn08280/trn08280.nii.gz
/data4/haoranlai/Dataset/RAD_ChestCT/image/trn09115.nii.gz,/data4/haoranlai/Dataset/RAD_ChestCT/RadchestCTseg/trn09115/trn09115.nii.gz
/data4/haoranlai/Dataset/RAD_ChestCT/image/trn13938.nii.gz,/data4/haoranlai/Dataset/RAD_ChestCT/RadchestCTseg/trn13938/trn13938.nii.gz
/data4/haoranlai/Dataset/RAD_ChestCT/image/trn00309.nii.gz,/data4/haoranlai/Dataset/RAD_ChestCT/RadchestCTseg/trn00309/trn00309.nii.gz
/data4/haoranlai/Dataset/RAD_ChestCT/image/trn00653.nii.gz,/data4/haoranlai/Dataset/RAD_ChestCT/RadchestCTseg/trn00653/trn00653.nii.gz
/data4/haoranlai/Dataset/RAD_ChestCT/image/trn14935.nii.gz,/data4/haoranlai/Dataset/RAD_ChestCT/RadchestCTseg/trn14935/trn14935.nii.gz
/data4/haoranlai/Dataset/RAD_ChestCT/image/trn11867.nii.gz,/data4/haoranlai/Dataset/RAD_ChestCT/RadchestCTseg/trn11867/trn11867.nii.gz
/data4/haoranlai/Dataset/RAD_ChestCT/image/trn00268.nii.gz,/data4/haoranlai/Dataset/RAD_ChestCT/RadchestCTseg/trn00268/trn00268.nii.gz
/data4/haoranlai/Dataset/RAD_ChestCT/image/trn24270.nii.gz,/data4/haoranlai/Dataset/RAD_ChestCT/RadchestCTseg/trn24270/trn24270.nii.gz
/data4/haoranlai/Dataset/RAD_ChestCT/image/trn11330.nii.gz,/data4/haoranlai/Dataset/RAD_ChestCT/RadchestCTseg/trn11330/trn11330.nii.gz
/data4/haoranlai/Dataset/RAD_ChestCT/image/trn15008.nii.gz,/data4/haoranlai/Dataset/RAD_ChestCT/RadchestCTseg/trn15008/trn15008.nii.gz
/data4/haoranlai/Dataset/RAD_ChestCT/image/trn22404.nii.gz,/data4/haoranlai/Dataset/RAD_ChestCT/RadchestCTseg/trn22404/trn22404.nii.gz
/data4/haoranlai/Dataset/RAD_ChestCT/image/trn20547.nii.gz,/data4/haoranlai/Dataset/RAD_ChestCT/RadchestCTseg/trn20547/trn20547.nii.gz
/data4/haoranlai/Dataset/RAD_ChestCT/image/trn15063.nii.gz,/data4/haoranlai/Dataset/RAD_ChestCT/RadchestCTseg/trn15063/trn15063.nii.gz
/data4/haoranlai/Dataset/RAD_ChestCT/image/trn07047.nii.gz,/data4/haoranlai/Dataset/RAD_ChestCT/RadchestCTseg/trn07047/trn07047.nii.gz
/data4/haoranlai/Dataset/RAD_ChestCT/image/trn17319.nii.gz,/data4/haoranlai/Dataset/RAD_ChestCT/RadchestCTseg/trn17319/trn17319.nii.gz
/data4/haoranlai/Dataset/RAD_ChestCT/image/trn11851.nii.gz,/data4/haoranlai/Dataset/RAD_ChestCT/RadchestCTseg/trn11851/trn11851.nii.gz
/data4/haoranlai/Dataset/RAD_ChestCT/image/trn12437.nii.gz,/data4/haoranlai/Dataset/RAD_ChestCT/RadchestCTseg/trn12437/trn12437.nii.gz
/data4/haoranlai/Dataset/RAD_ChestCT/image/trn17576.nii.gz,/data4/haoranlai/Dataset/RAD_ChestCT/RadchestCTseg/trn17576/trn17576.nii.gz
/data4/haoranlai/Dataset/RAD_ChestCT/image/trn04206.nii.gz,/data4/haoranlai/Dataset/RAD_ChestCT/RadchestCTseg/trn04206/trn04206.nii.gz
/data4/haoranlai/Dataset/RAD_ChestCT/image/trn16357.nii.gz,/data4/haoranlai/Dataset/RAD_ChestCT/RadchestCTseg/trn16357/trn16357.nii.gz
/data4/haoranlai/Dataset/RAD_ChestCT/image/trn13749.nii.gz,/data4/haoranlai/Dataset/RAD_ChestCT/RadchestCTseg/trn13749/trn13749.nii.gz
/data4/haoranlai/Dataset/RAD_ChestCT/image/trn12119.nii.gz,/data4/haoranlai/Dataset/RAD_ChestCT/RadchestCTseg/trn12119/trn12119.nii.gz
/data4/haoranlai/Dataset/RAD_ChestCT/image/trn15706.nii.gz,/data4/haoranlai/Dataset/RAD_ChestCT/RadchestCTseg/trn15706/trn15706.nii.gz
/data4/haoranlai/Dataset/RAD_ChestCT/image/trn07751.nii.gz,/data4/haoranlai/Dataset/RAD_ChestCT/RadchestCTseg/trn07751/trn07751.nii.gz
/data4/haoranlai/Dataset/RAD_ChestCT/image/trn17848.nii.gz,/data4/haoranlai/Dataset/RAD_ChestCT/RadchestCTseg/trn17848/trn17848.nii.gz
/data4/haoranlai/Dataset/RAD_ChestCT/image/trn03088.nii.gz,/data4/haoranlai/Dataset/RAD_ChestCT/RadchestCTseg/trn03088/trn03088.nii.gz
/data4/haoranlai/Dataset/RAD_ChestCT/image/trn01621.nii.gz,/data4/haoranlai/Dataset/RAD_ChestCT/RadchestCTseg/trn01621/trn01621.nii.gz
/data4/haoranlai/Dataset/RAD_ChestCT/image/trn18584.nii.gz,/data4/haoranlai/Dataset/RAD_ChestCT/RadchestCTseg/trn18584/trn18584.nii.gz
/data4/haoranlai/Dataset/RAD_ChestCT/image/trn14570.nii.gz,/data4/haoranlai/Dataset/RAD_ChestCT/RadchestCTseg/trn14570/trn14570.nii.gz
/data4/haoranlai/Dataset/RAD_ChestCT/image/trn01453.nii.gz,/data4/haoranlai/Dataset/RAD_ChestCT/RadchestCTseg/trn01453/trn01453.nii.gz
/data4/haoranlai/Dataset/RAD_ChestCT/image/trn16065.nii.gz,/data4/haoranlai/Dataset/RAD_ChestCT/RadchestCTseg/trn16065/trn16065.nii.gz
/data4/haoranlai/Dataset/RAD_ChestCT/image/trn20769.nii.gz,/data4/haoranlai/Dataset/RAD_ChestCT/RadchestCTseg/trn20769/trn20769.nii.gz
/data4/haoranlai/Dataset/RAD_ChestCT/image/trn20596.nii.gz,/data4/haoranlai/Dataset/RAD_ChestCT/RadchestCTseg/trn20596/trn20596.nii.gz
/data4/haoranlai/Dataset/RAD_ChestCT/image/trn03043.nii.gz,/data4/haoranlai/Dataset/RAD_ChestCT/RadchestCTseg/trn03043/trn03043.nii.gz
/data4/haoranlai/Dataset/RAD_ChestCT/image/trn05641.nii.gz,/data4/haoranlai/Dataset/RAD_ChestCT/RadchestCTseg/trn05641/trn05641.nii.gz
/data4/haoranlai/Dataset/RAD_ChestCT/image/trn20210.nii.gz,/data4/haoranlai/Dataset/RAD_ChestCT/RadchestCTseg/trn20210/trn20210.nii.gz
/data4/haoranlai/Dataset/RAD_ChestCT/image/trn09324.nii.gz,/data4/haoranlai/Dataset/RAD_ChestCT/RadchestCTseg/trn09324/trn09324.nii.gz
/data4/haoranlai/Dataset/RAD_ChestCT/image/trn06907.nii.gz,/data4/haoranlai/Dataset/RAD_ChestCT/RadchestCTseg/trn06907/trn06907.nii.gz
/data4/haoranlai/Dataset/RAD_ChestCT/image/trn16987.nii.gz,/data4/haoranlai/Dataset/RAD_ChestCT/RadchestCTseg/trn16987/trn16987.nii.gz
/data4/haoranlai/Dataset/RAD_ChestCT/image/trn15109.nii.gz,/data4/haoranlai/Dataset/RAD_ChestCT/RadchestCTseg/trn15109/trn15109.nii.gz
/data4/haoranlai/Dataset/RAD_ChestCT/image/trn23590.nii.gz,/data4/haoranlai/Dataset/RAD_ChestCT/RadchestCTseg/trn23590/trn23590.nii.gz
/data4/haoranlai/Dataset/RAD_ChestCT/image/trn09342.nii.gz,/data4/haoranlai/Dataset/RAD_ChestCT/RadchestCTseg/trn09342/trn09342.nii.gz
/data4/haoranlai/Dataset/RAD_ChestCT/image/trn02100.nii.gz,/data4/haoranlai/Dataset/RAD_ChestCT/RadchestCTseg/trn02100/trn02100.nii.gz
/data4/haoranlai/Dataset/RAD_ChestCT/image/trn15297.nii.gz,/data4/haoranlai/Dataset/RAD_ChestCT/RadchestCTseg/trn15297/trn15297.nii.gz
/data4/haoranlai/Dataset/RAD_ChestCT/image/trn00636.nii.gz,/data4/haoranlai/Dataset/RAD_ChestCT/RadchestCTseg/trn00636/trn00636.nii.gz
/data4/haoranlai/Dataset/RAD_ChestCT/image/trn07860.nii.gz,/data4/haoranlai/Dataset/RAD_ChestCT/RadchestCTseg/trn07860/trn07860.nii.gz
/data4/haoranlai/Dataset/RAD_ChestCT/image/trn25174.nii.gz,/data4/haoranlai/Dataset/RAD_ChestCT/RadchestCTseg/trn25174/trn25174.nii.gz
/data4/haoranlai/Dataset/RAD_ChestCT/image/trn01451.nii.gz,/data4/haoranlai/Dataset/RAD_ChestCT/RadchestCTseg/trn01451/trn01451.nii.gz
/data4/haoranlai/Dataset/RAD_ChestCT/image/trn13716.nii.gz,/data4/haoranlai/Dataset/RAD_ChestCT/RadchestCTseg/trn13716/trn13716.nii.gz
/data4/haoranlai/Dataset/RAD_ChestCT/image/trn08386.nii.gz,/data4/haoranlai/Dataset/RAD_ChestCT/RadchestCTseg/trn08386/trn08386.nii.gz
/data4/haoranlai/Dataset/RAD_ChestCT/image/trn12362.nii.gz,/data4/haoranlai/Dataset/RAD_ChestCT/RadchestCTseg/trn12362/trn12362.nii.gz
/data4/haoranlai/Dataset/RAD_ChestCT/image/trn24982.nii.gz,/data4/haoranlai/Dataset/RAD_ChestCT/RadchestCTseg/trn24982/trn24982.nii.gz
/data4/haoranlai/Dataset/RAD_ChestCT/image/trn02914.nii.gz,/data4/haoranlai/Dataset/RAD_ChestCT/RadchestCTseg/trn02914/trn02914.nii.gz
/data4/haoranlai/Dataset/RAD_ChestCT/image/trn12470.nii.gz,/data4/haoranlai/Dataset/RAD_ChestCT/RadchestCTseg/trn12470/trn12470.nii.gz
/data4/haoranlai/Dataset/RAD_ChestCT/image/trn25014.nii.gz,/data4/haoranlai/Dataset/RAD_ChestCT/RadchestCTseg/trn25014/trn25014.nii.gz
/data4/haoranlai/Dataset/RAD_ChestCT/image/trn08153.nii.gz,/data4/haoranlai/Dataset/RAD_ChestCT/RadchestCTseg/trn08153/trn08153.nii.gz
/data4/haoranlai/Dataset/RAD_ChestCT/image/trn24687.nii.gz,/data4/haoranlai/Dataset/RAD_ChestCT/RadchestCTseg/trn24687/trn24687.nii.gz
/data4/haoranlai/Dataset/RAD_ChestCT/image/trn16881.nii.gz,/data4/haoranlai/Dataset/RAD_ChestCT/RadchestCTseg/trn16881/trn16881.nii.gz
/data4/haoranlai/Dataset/RAD_ChestCT/image/trn19729.nii.gz,/data4/haoranlai/Dataset/RAD_ChestCT/RadchestCTseg/trn19729/trn19729.nii.gz
/data4/haoranlai/Dataset/RAD_ChestCT/image/trn04682.nii.gz,/data4/haoranlai/Dataset/RAD_ChestCT/RadchestCTseg/trn04682/trn04682.nii.gz
/data4/haoranlai/Dataset/RAD_ChestCT/image/trn22077.nii.gz,/data4/haoranlai/Dataset/RAD_ChestCT/RadchestCTseg/trn22077/trn22077.nii.gz
/data4/haoranlai/Dataset/RAD_ChestCT/image/trn03126.nii.gz,/data4/haoranlai/Dataset/RAD_ChestCT/RadchestCTseg/trn03126/trn03126.nii.gz
/data4/haoranlai/Dataset/RAD_ChestCT/image/trn22892.nii.gz,/data4/haoranlai/Dataset/RAD_ChestCT/RadchestCTseg/trn22892/trn22892.nii.gz
/data4/haoranlai/Dataset/RAD_ChestCT/image/trn24923.nii.gz,/data4/haoranlai/Dataset/RAD_ChestCT/RadchestCTseg/trn24923/trn24923.nii.gz
/data4/haoranlai/Dataset/RAD_ChestCT/image/trn20503.nii.gz,/data4/haoranlai/Dataset/RAD_ChestCT/RadchestCTseg/trn20503/trn20503.nii.gz
/data4/haoranlai/Dataset/RAD_ChestCT/image/trn22455.nii.gz,/data4/haoranlai/Dataset/RAD_ChestCT/RadchestCTseg/trn22455/trn22455.nii.gz
/data4/haoranlai/Dataset/RAD_ChestCT/image/trn22521.nii.gz,/data4/haoranlai/Dataset/RAD_ChestCT/RadchestCTseg/trn22521/trn22521.nii.gz
/data4/haoranlai/Dataset/RAD_ChestCT/image/trn13804.nii.gz,/data4/haoranlai/Dataset/RAD_ChestCT/RadchestCTseg/trn13804/trn13804.nii.gz
/data4/haoranlai/Dataset/RAD_ChestCT/image/trn07132.nii.gz,/data4/haoranlai/Dataset/RAD_ChestCT/RadchestCTseg/trn07132/trn07132.nii.gz
/data4/haoranlai/Dataset/RAD_ChestCT/image/trn06185.nii.gz,/data4/haoranlai/Dataset/RAD_ChestCT/RadchestCTseg/trn06185/trn06185.nii.gz
/data4/haoranlai/Dataset/RAD_ChestCT/image/trn09358.nii.gz,/data4/haoranlai/Dataset/RAD_ChestCT/RadchestCTseg/trn09358/trn09358.nii.gz
/data4/haoranlai/Dataset/RAD_ChestCT/image/trn11267.nii.gz,/data4/haoranlai/Dataset/RAD_ChestCT/RadchestCTseg/trn11267/trn11267.nii.gz
/data4/haoranlai/Dataset/RAD_ChestCT/image/trn18326.nii.gz,/data4/haoranlai/Dataset/RAD_ChestCT/RadchestCTseg/trn18326/trn18326.nii.gz
/data4/haoranlai/Dataset/RAD_ChestCT/image/trn07735.nii.gz,/data4/haoranlai/Dataset/RAD_ChestCT/RadchestCTseg/trn07735/trn07735.nii.gz
/data4/haoranlai/Dataset/RAD_ChestCT/image/trn08302.nii.gz,/data4/haoranlai/Dataset/RAD_ChestCT/RadchestCTseg/trn08302/trn08302.nii.gz
/data4/haoranlai/Dataset/RAD_ChestCT/image/trn15370.nii.gz,/data4/haoranlai/Dataset/RAD_ChestCT/RadchestCTseg/trn15370/trn15370.nii.gz
/data4/haoranlai/Dataset/RAD_ChestCT/image/trn01067.nii.gz,/data4/haoranlai/Dataset/RAD_ChestCT/RadchestCTseg/trn01067/trn01067.nii.gz
/data4/haoranlai/Dataset/RAD_ChestCT/image/trn13108.nii.gz,/data4/haoranlai/Dataset/RAD_ChestCT/RadchestCTseg/trn13108/trn13108.nii.gz
/data4/haoranlai/Dataset/RAD_ChestCT/image/trn17322.nii.gz,/data4/haoranlai/Dataset/RAD_ChestCT/RadchestCTseg/trn17322/trn17322.nii.gz
/data4/haoranlai/Dataset/RAD_ChestCT/image/trn23733.nii.gz,/data4/haoranlai/Dataset/RAD_ChestCT/RadchestCTseg/trn23733/trn23733.nii.gz
/data4/haoranlai/Dataset/RAD_ChestCT/image/trn14541.nii.gz,/data4/haoranlai/Dataset/RAD_ChestCT/RadchestCTseg/trn14541/trn14541.nii.gz
/data4/haoranlai/Dataset/RAD_ChestCT/image/trn24216.nii.gz,/data4/haoranlai/Dataset/RAD_ChestCT/RadchestCTseg/trn24216/trn24216.nii.gz
/data4/haoranlai/Dataset/RAD_ChestCT/image/trn24805.nii.gz,/data4/haoranlai/Dataset/RAD_ChestCT/RadchestCTseg/trn24805/trn24805.nii.gz
/data4/haoranlai/Dataset/RAD_ChestCT/image/trn12350.nii.gz,/data4/haoranlai/Dataset/RAD_ChestCT/RadchestCTseg/trn12350/trn12350.nii.gz
/data4/haoranlai/Dataset/RAD_ChestCT/image/trn17239.nii.gz,/data4/haoranlai/Dataset/RAD_ChestCT/RadchestCTseg/trn17239/trn17239.nii.gz
/data4/haoranlai/Dataset/RAD_ChestCT/image/trn07837.nii.gz,/data4/haoranlai/Dataset/RAD_ChestCT/RadchestCTseg/trn07837/trn07837.nii.gz
/data4/haoranlai/Dataset/RAD_ChestCT/image/trn21644.nii.gz,/data4/haoranlai/Dataset/RAD_ChestCT/RadchestCTseg/trn21644/trn21644.nii.gz
/data4/haoranlai/Dataset/RAD_ChestCT/image/trn16377.nii.gz,/data4/haoranlai/Dataset/RAD_ChestCT/RadchestCTseg/trn16377/trn16377.nii.gz
/data4/haoranlai/Dataset/RAD_ChestCT/image/trn12980.nii.gz,/data4/haoranlai/Dataset/RAD_ChestCT/RadchestCTseg/trn12980/trn12980.nii.gz
/data4/haoranlai/Dataset/RAD_ChestCT/image/trn23276.nii.gz,/data4/haoranlai/Dataset/RAD_ChestCT/RadchestCTseg/trn23276/trn23276.nii.gz
/data4/haoranlai/Dataset/RAD_ChestCT/image/trn03249.nii.gz,/data4/haoranlai/Dataset/RAD_ChestCT/RadchestCTseg/trn03249/trn03249.nii.gz
/data4/haoranlai/Dataset/RAD_ChestCT/image/trn14424.nii.gz,/data4/haoranlai/Dataset/RAD_ChestCT/RadchestCTseg/trn14424/trn14424.nii.gz
/data4/haoranlai/Dataset/RAD_ChestCT/image/trn25156.nii.gz,/data4/haoranlai/Dataset/RAD_ChestCT/RadchestCTseg/trn25156/trn25156.nii.gz
/data4/haoranlai/Dataset/RAD_ChestCT/image/trn02045.nii.gz,/data4/haoranlai/Dataset/RAD_ChestCT/RadchestCTseg/trn02045/trn02045.nii.gz
/data4/haoranlai/Dataset/RAD_ChestCT/image/trn16382.nii.gz,/data4/haoranlai/Dataset/RAD_ChestCT/RadchestCTseg/trn16382/trn16382.nii.gz
/data4/haoranlai/Dataset/RAD_ChestCT/image/trn12520.nii.gz,/data4/haoranlai/Dataset/RAD_ChestCT/RadchestCTseg/trn12520/trn12520.nii.gz
/data4/haoranlai/Dataset/RAD_ChestCT/image/trn00149.nii.gz,/data4/haoranlai/Dataset/RAD_ChestCT/RadchestCTseg/trn00149/trn00149.nii.gz
/data4/haoranlai/Dataset/RAD_ChestCT/image/trn06276.nii.gz,/data4/haoranlai/Dataset/RAD_ChestCT/RadchestCTseg/trn06276/trn06276.nii.gz
/data4/haoranlai/Dataset/RAD_ChestCT/image/trn06508.nii.gz,/data4/haoranlai/Dataset/RAD_ChestCT/RadchestCTseg/trn06508/trn06508.nii.gz
/data4/haoranlai/Dataset/RAD_ChestCT/image/trn05367.nii.gz,/data4/haoranlai/Dataset/RAD_ChestCT/RadchestCTseg/trn05367/trn05367.nii.gz
/data4/haoranlai/Dataset/RAD_ChestCT/image/trn15811.nii.gz,/data4/haoranlai/Dataset/RAD_ChestCT/RadchestCTseg/trn15811/trn15811.nii.gz
/data4/haoranlai/Dataset/RAD_ChestCT/image/trn12108.nii.gz,/data4/haoranlai/Dataset/RAD_ChestCT/RadchestCTseg/trn12108/trn12108.nii.gz
/data4/haoranlai/Dataset/RAD_ChestCT/image/trn00317.nii.gz,/data4/haoranlai/Dataset/RAD_ChestCT/RadchestCTseg/trn00317/trn00317.nii.gz
/data4/haoranlai/Dataset/RAD_ChestCT/image/trn00318.nii.gz,/data4/haoranlai/Dataset/RAD_ChestCT/RadchestCTseg/trn00318/trn00318.nii.gz
/data4/haoranlai/Dataset/RAD_ChestCT/image/trn02255.nii.gz,/data4/haoranlai/Dataset/RAD_ChestCT/RadchestCTseg/trn02255/trn02255.nii.gz
/data4/haoranlai/Dataset/RAD_ChestCT/image/trn05620.nii.gz,/data4/haoranlai/Dataset/RAD_ChestCT/RadchestCTseg/trn05620/trn05620.nii.gz
/data4/haoranlai/Dataset/RAD_ChestCT/image/trn07778.nii.gz,/data4/haoranlai/Dataset/RAD_ChestCT/RadchestCTseg/trn07778/trn07778.nii.gz
/data4/haoranlai/Dataset/RAD_ChestCT/image/trn00042.nii.gz,/data4/haoranlai/Dataset/RAD_ChestCT/RadchestCTseg/trn00042/trn00042.nii.gz
/data4/haoranlai/Dataset/RAD_ChestCT/image/trn01572.nii.gz,/data4/haoranlai/Dataset/RAD_ChestCT/RadchestCTseg/trn01572/trn01572.nii.gz
/data4/haoranlai/Dataset/RAD_ChestCT/image/trn21569.nii.gz,/data4/haoranlai/Dataset/RAD_ChestCT/RadchestCTseg/trn21569/trn21569.nii.gz
/data4/haoranlai/Dataset/RAD_ChestCT/image/trn25168.nii.gz,/data4/haoranlai/Dataset/RAD_ChestCT/RadchestCTseg/trn25168/trn25168.nii.gz
/data4/haoranlai/Dataset/RAD_ChestCT/image/trn12979.nii.gz,/data4/haoranlai/Dataset/RAD_ChestCT/RadchestCTseg/trn12979/trn12979.nii.gz
/data4/haoranlai/Dataset/RAD_ChestCT/image/trn19952.nii.gz,/data4/haoranlai/Dataset/RAD_ChestCT/RadchestCTseg/trn19952/trn19952.nii.gz
/data4/haoranlai/Dataset/RAD_ChestCT/image/trn07914.nii.gz,/data4/haoranlai/Dataset/RAD_ChestCT/RadchestCTseg/trn07914/trn07914.nii.gz
/data4/haoranlai/Dataset/RAD_ChestCT/image/trn15963.nii.gz,/data4/haoranlai/Dataset/RAD_ChestCT/RadchestCTseg/trn15963/trn15963.nii.gz
/data4/haoranlai/Dataset/RAD_ChestCT/image/trn19588.nii.gz,/data4/haoranlai/Dataset/RAD_ChestCT/RadchestCTseg/trn19588/trn19588.nii.gz
/data4/haoranlai/Dataset/RAD_ChestCT/image/trn13373.nii.gz,/data4/haoranlai/Dataset/RAD_ChestCT/RadchestCTseg/trn13373/trn13373.nii.gz
/data4/haoranlai/Dataset/RAD_ChestCT/image/trn19495.nii.gz,/data4/haoranlai/Dataset/RAD_ChestCT/RadchestCTseg/trn19495/trn19495.nii.gz
/data4/haoranlai/Dataset/RAD_ChestCT/image/trn09118.nii.gz,/data4/haoranlai/Dataset/RAD_ChestCT/RadchestCTseg/trn09118/trn09118.nii.gz
/data4/haoranlai/Dataset/RAD_ChestCT/image/trn14464.nii.gz,/data4/haoranlai/Dataset/RAD_ChestCT/RadchestCTseg/trn14464/trn14464.nii.gz
/data4/haoranlai/Dataset/RAD_ChestCT/image/trn04291.nii.gz,/data4/haoranlai/Dataset/RAD_ChestCT/RadchestCTseg/trn04291/trn04291.nii.gz
/data4/haoranlai/Dataset/RAD_ChestCT/image/trn12432.nii.gz,/data4/haoranlai/Dataset/RAD_ChestCT/RadchestCTseg/trn12432/trn12432.nii.gz
/data4/haoranlai/Dataset/RAD_ChestCT/image/trn11611.nii.gz,/data4/haoranlai/Dataset/RAD_ChestCT/RadchestCTseg/trn11611/trn11611.nii.gz
/data4/haoranlai/Dataset/RAD_ChestCT/image/trn18172.nii.gz,/data4/haoranlai/Dataset/RAD_ChestCT/RadchestCTseg/trn18172/trn18172.nii.gz
/data4/haoranlai/Dataset/RAD_ChestCT/image/trn11228.nii.gz,/data4/haoranlai/Dataset/RAD_ChestCT/RadchestCTseg/trn11228/trn11228.nii.gz
/data4/haoranlai/Dataset/RAD_ChestCT/image/trn01504.nii.gz,/data4/haoranlai/Dataset/RAD_ChestCT/RadchestCTseg/trn01504/trn01504.nii.gz
/data4/haoranlai/Dataset/RAD_ChestCT/image/trn21017.nii.gz,/data4/haoranlai/Dataset/RAD_ChestCT/RadchestCTseg/trn21017/trn21017.nii.gz
/data4/haoranlai/Dataset/RAD_ChestCT/image/trn02300.nii.gz,/data4/haoranlai/Dataset/RAD_ChestCT/RadchestCTseg/trn02300/trn02300.nii.gz
/data4/haoranlai/Dataset/RAD_ChestCT/image/trn06182.nii.gz,/data4/haoranlai/Dataset/RAD_ChestCT/RadchestCTseg/trn06182/trn06182.nii.gz
/data4/haoranlai/Dataset/RAD_ChestCT/image/trn19737.nii.gz,/data4/haoranlai/Dataset/RAD_ChestCT/RadchestCTseg/trn19737/trn19737.nii.gz
/data4/haoranlai/Dataset/RAD_ChestCT/image/trn16662.nii.gz,/data4/haoranlai/Dataset/RAD_ChestCT/RadchestCTseg/trn16662/trn16662.nii.gz
/data4/haoranlai/Dataset/RAD_ChestCT/image/trn19765.nii.gz,/data4/haoranlai/Dataset/RAD_ChestCT/RadchestCTseg/trn19765/trn19765.nii.gz
/data4/haoranlai/Dataset/RAD_ChestCT/image/trn10341.nii.gz,/data4/haoranlai/Dataset/RAD_ChestCT/RadchestCTseg/trn10341/trn10341.nii.gz
/data4/haoranlai/Dataset/RAD_ChestCT/image/trn19025.nii.gz,/data4/haoranlai/Dataset/RAD_ChestCT/RadchestCTseg/trn19025/trn19025.nii.gz
/data4/haoranlai/Dataset/RAD_ChestCT/image/trn00039.nii.gz,/data4/haoranlai/Dataset/RAD_ChestCT/RadchestCTseg/trn00039/trn00039.nii.gz
/data4/haoranlai/Dataset/RAD_ChestCT/image/trn07180.nii.gz,/data4/haoranlai/Dataset/RAD_ChestCT/RadchestCTseg/trn07180/trn07180.nii.gz
/data4/haoranlai/Dataset/RAD_ChestCT/image/trn05234.nii.gz,/data4/haoranlai/Dataset/RAD_ChestCT/RadchestCTseg/trn05234/trn05234.nii.gz
/data4/haoranlai/Dataset/RAD_ChestCT/image/trn09108.nii.gz,/data4/haoranlai/Dataset/RAD_ChestCT/RadchestCTseg/trn09108/trn09108.nii.gz
/data4/haoranlai/Dataset/RAD_ChestCT/image/trn05983.nii.gz,/data4/haoranlai/Dataset/RAD_ChestCT/RadchestCTseg/trn05983/trn05983.nii.gz
/data4/haoranlai/Dataset/RAD_ChestCT/image/trn11978.nii.gz,/data4/haoranlai/Dataset/RAD_ChestCT/RadchestCTseg/trn11978/trn11978.nii.gz
/data4/haoranlai/Dataset/RAD_ChestCT/image/trn24016.nii.gz,/data4/haoranlai/Dataset/RAD_ChestCT/RadchestCTseg/trn24016/trn24016.nii.gz
/data4/haoranlai/Dataset/RAD_ChestCT/image/trn25346.nii.gz,/data4/haoranlai/Dataset/RAD_ChestCT/RadchestCTseg/trn25346/trn25346.nii.gz
/data4/haoranlai/Dataset/RAD_ChestCT/image/trn22325.nii.gz,/data4/haoranlai/Dataset/RAD_ChestCT/RadchestCTseg/trn22325/trn22325.nii.gz
/data4/haoranlai/Dataset/RAD_ChestCT/image/trn19072.nii.gz,/data4/haoranlai/Dataset/RAD_ChestCT/RadchestCTseg/trn19072/trn19072.nii.gz
/data4/haoranlai/Dataset/RAD_ChestCT/image/trn02314.nii.gz,/data4/haoranlai/Dataset/RAD_ChestCT/RadchestCTseg/trn02314/trn02314.nii.gz
/data4/haoranlai/Dataset/RAD_ChestCT/image/trn12773.nii.gz,/data4/haoranlai/Dataset/RAD_ChestCT/RadchestCTseg/trn12773/trn12773.nii.gz
/data4/haoranlai/Dataset/RAD_ChestCT/image/trn18292.nii.gz,/data4/haoranlai/Dataset/RAD_ChestCT/RadchestCTseg/trn18292/trn18292.nii.gz
/data4/haoranlai/Dataset/RAD_ChestCT/image/trn21730.nii.gz,/data4/haoranlai/Dataset/RAD_ChestCT/RadchestCTseg/trn21730/trn21730.nii.gz
/data4/haoranlai/Dataset/RAD_ChestCT/image/trn13351.nii.gz,/data4/haoranlai/Dataset/RAD_ChestCT/RadchestCTseg/trn13351/trn13351.nii.gz
/data4/haoranlai/Dataset/RAD_ChestCT/image/trn12916.nii.gz,/data4/haoranlai/Dataset/RAD_ChestCT/RadchestCTseg/trn12916/trn12916.nii.gz
/data4/haoranlai/Dataset/RAD_ChestCT/image/trn13262.nii.gz,/data4/haoranlai/Dataset/RAD_ChestCT/RadchestCTseg/trn13262/trn13262.nii.gz
/data4/haoranlai/Dataset/RAD_ChestCT/image/trn16574.nii.gz,/data4/haoranlai/Dataset/RAD_ChestCT/RadchestCTseg/trn16574/trn16574.nii.gz
/data4/haoranlai/Dataset/RAD_ChestCT/image/trn25311.nii.gz,/data4/haoranlai/Dataset/RAD_ChestCT/RadchestCTseg/trn25311/trn25311.nii.gz
/data4/haoranlai/Dataset/RAD_ChestCT/image/trn24720.nii.gz,/data4/haoranlai/Dataset/RAD_ChestCT/RadchestCTseg/trn24720/trn24720.nii.gz
/data4/haoranlai/Dataset/RAD_ChestCT/image/trn18000.nii.gz,/data4/haoranlai/Dataset/RAD_ChestCT/RadchestCTseg/trn18000/trn18000.nii.gz
/data4/haoranlai/Dataset/RAD_ChestCT/image/trn16983.nii.gz,/data4/haoranlai/Dataset/RAD_ChestCT/RadchestCTseg/trn16983/trn16983.nii.gz
/data4/haoranlai/Dataset/RAD_ChestCT/image/trn23952.nii.gz,/data4/haoranlai/Dataset/RAD_ChestCT/RadchestCTseg/trn23952/trn23952.nii.gz
/data4/haoranlai/Dataset/RAD_ChestCT/image/trn03410.nii.gz,/data4/haoranlai/Dataset/RAD_ChestCT/RadchestCTseg/trn03410/trn03410.nii.gz
/data4/haoranlai/Dataset/RAD_ChestCT/image/trn04888.nii.gz,/data4/haoranlai/Dataset/RAD_ChestCT/RadchestCTseg/trn04888/trn04888.nii.gz
/data4/haoranlai/Dataset/RAD_ChestCT/image/trn22310.nii.gz,/data4/haoranlai/Dataset/RAD_ChestCT/RadchestCTseg/trn22310/trn22310.nii.gz
/data4/haoranlai/Dataset/RAD_ChestCT/image/trn13086.nii.gz,/data4/haoranlai/Dataset/RAD_ChestCT/RadchestCTseg/trn13086/trn13086.nii.gz
/data4/haoranlai/Dataset/RAD_ChestCT/image/trn07514.nii.gz,/data4/haoranlai/Dataset/RAD_ChestCT/RadchestCTseg/trn07514/trn07514.nii.gz
/data4/haoranlai/Dataset/RAD_ChestCT/image/trn12997.nii.gz,/data4/haoranlai/Dataset/RAD_ChestCT/RadchestCTseg/trn12997/trn12997.nii.gz
/data4/haoranlai/Dataset/RAD_ChestCT/image/trn03750.nii.gz,/data4/haoranlai/Dataset/RAD_ChestCT/RadchestCTseg/trn03750/trn03750.nii.gz
/data4/haoranlai/Dataset/RAD_ChestCT/image/trn12112.nii.gz,/data4/haoranlai/Dataset/RAD_ChestCT/RadchestCTseg/trn12112/trn12112.nii.gz
/data4/haoranlai/Dataset/RAD_ChestCT/image/trn03561.nii.gz,/data4/haoranlai/Dataset/RAD_ChestCT/RadchestCTseg/trn03561/trn03561.nii.gz
/data4/haoranlai/Dataset/RAD_ChestCT/image/trn21830.nii.gz,/data4/haoranlai/Dataset/RAD_ChestCT/RadchestCTseg/trn21830/trn21830.nii.gz
/data4/haoranlai/Dataset/RAD_ChestCT/image/trn10598.nii.gz,/data4/haoranlai/Dataset/RAD_ChestCT/RadchestCTseg/trn10598/trn10598.nii.gz
/data4/haoranlai/Dataset/RAD_ChestCT/image/trn16172.nii.gz,/data4/haoranlai/Dataset/RAD_ChestCT/RadchestCTseg/trn16172/trn16172.nii.gz
/data4/haoranlai/Dataset/RAD_ChestCT/image/trn15059.nii.gz,/data4/haoranlai/Dataset/RAD_ChestCT/RadchestCTseg/trn15059/trn15059.nii.gz
/data4/haoranlai/Dataset/RAD_ChestCT/image/trn22879.nii.gz,/data4/haoranlai/Dataset/RAD_ChestCT/RadchestCTseg/trn22879/trn22879.nii.gz
/data4/haoranlai/Dataset/RAD_ChestCT/image/trn04989.nii.gz,/data4/haoranlai/Dataset/RAD_ChestCT/RadchestCTseg/trn04989/trn04989.nii.gz
/data4/haoranlai/Dataset/RAD_ChestCT/image/trn09860.nii.gz,/data4/haoranlai/Dataset/RAD_ChestCT/RadchestCTseg/trn09860/trn09860.nii.gz
/data4/haoranlai/Dataset/RAD_ChestCT/image/trn10774.nii.gz,/data4/haoranlai/Dataset/RAD_ChestCT/RadchestCTseg/trn10774/trn10774.nii.gz
/data4/haoranlai/Dataset/RAD_ChestCT/image/trn24586.nii.gz,/data4/haoranlai/Dataset/RAD_ChestCT/RadchestCTseg/trn24586/trn24586.nii.gz
/data4/haoranlai/Dataset/RAD_ChestCT/image/trn13866.nii.gz,/data4/haoranlai/Dataset/RAD_ChestCT/RadchestCTseg/trn13866/trn13866.nii.gz
/data4/haoranlai/Dataset/RAD_ChestCT/image/trn15311.nii.gz,/data4/haoranlai/Dataset/RAD_ChestCT/RadchestCTseg/trn15311/trn15311.nii.gz
/data4/haoranlai/Dataset/RAD_ChestCT/image/trn19675.nii.gz,/data4/haoranlai/Dataset/RAD_ChestCT/RadchestCTseg/trn19675/trn19675.nii.gz
/data4/haoranlai/Dataset/RAD_ChestCT/image/trn05109.nii.gz,/data4/haoranlai/Dataset/RAD_ChestCT/RadchestCTseg/trn05109/trn05109.nii.gz
/data4/haoranlai/Dataset/RAD_ChestCT/image/trn22733.nii.gz,/data4/haoranlai/Dataset/RAD_ChestCT/RadchestCTseg/trn22733/trn22733.nii.gz
/data4/haoranlai/Dataset/RAD_ChestCT/image/trn04055.nii.gz,/data4/haoranlai/Dataset/RAD_ChestCT/RadchestCTseg/trn04055/trn04055.nii.gz
/data4/haoranlai/Dataset/RAD_ChestCT/image/trn04139.nii.gz,/data4/haoranlai/Dataset/RAD_ChestCT/RadchestCTseg/trn04139/trn04139.nii.gz
/data4/haoranlai/Dataset/RAD_ChestCT/image/trn05937.nii.gz,/data4/haoranlai/Dataset/RAD_ChestCT/RadchestCTseg/trn05937/trn05937.nii.gz
/data4/haoranlai/Dataset/RAD_ChestCT/image/trn22136.nii.gz,/data4/haoranlai/Dataset/RAD_ChestCT/RadchestCTseg/trn22136/trn22136.nii.gz
/data4/haoranlai/Dataset/RAD_ChestCT/image/trn04235.nii.gz,/data4/haoranlai/Dataset/RAD_ChestCT/RadchestCTseg/trn04235/trn04235.nii.gz
/data4/haoranlai/Dataset/RAD_ChestCT/image/trn20046.nii.gz,/data4/haoranlai/Dataset/RAD_ChestCT/RadchestCTseg/trn20046/trn20046.nii.gz
/data4/haoranlai/Dataset/RAD_ChestCT/image/trn05536.nii.gz,/data4/haoranlai/Dataset/RAD_ChestCT/RadchestCTseg/trn05536/trn05536.nii.gz
/data4/haoranlai/Dataset/RAD_ChestCT/image/trn20630.nii.gz,/data4/haoranlai/Dataset/RAD_ChestCT/RadchestCTseg/trn20630/trn20630.nii.gz
/data4/haoranlai/Dataset/RAD_ChestCT/image/trn05137.nii.gz,/data4/haoranlai/Dataset/RAD_ChestCT/RadchestCTseg/trn05137/trn05137.nii.gz
/data4/haoranlai/Dataset/RAD_ChestCT/image/trn20014.nii.gz,/data4/haoranlai/Dataset/RAD_ChestCT/RadchestCTseg/trn20014/trn20014.nii.gz
/data4/haoranlai/Dataset/RAD_ChestCT/image/trn23593.nii.gz,/data4/haoranlai/Dataset/RAD_ChestCT/RadchestCTseg/trn23593/trn23593.nii.gz
/data4/haoranlai/Dataset/RAD_ChestCT/image/trn07987.nii.gz,/data4/haoranlai/Dataset/RAD_ChestCT/RadchestCTseg/trn07987/trn07987.nii.gz
/data4/haoranlai/Dataset/RAD_ChestCT/image/trn09753.nii.gz,/data4/haoranlai/Dataset/RAD_ChestCT/RadchestCTseg/trn09753/trn09753.nii.gz
/data4/haoranlai/Dataset/RAD_ChestCT/image/trn11061.nii.gz,/data4/haoranlai/Dataset/RAD_ChestCT/RadchestCTseg/trn11061/trn11061.nii.gz
/data4/haoranlai/Dataset/RAD_ChestCT/image/trn19771.nii.gz,/data4/haoranlai/Dataset/RAD_ChestCT/RadchestCTseg/trn19771/trn19771.nii.gz
/data4/haoranlai/Dataset/RAD_ChestCT/image/trn06611.nii.gz,/data4/haoranlai/Dataset/RAD_ChestCT/RadchestCTseg/trn06611/trn06611.nii.gz
/data4/haoranlai/Dataset/RAD_ChestCT/image/trn21006.nii.gz,/data4/haoranlai/Dataset/RAD_ChestCT/RadchestCTseg/trn21006/trn21006.nii.gz
/data4/haoranlai/Dataset/RAD_ChestCT/image/trn02252.nii.gz,/data4/haoranlai/Dataset/RAD_ChestCT/RadchestCTseg/trn02252/trn02252.nii.gz
/data4/haoranlai/Dataset/RAD_ChestCT/image/trn06035.nii.gz,/data4/haoranlai/Dataset/RAD_ChestCT/RadchestCTseg/trn06035/trn06035.nii.gz
/data4/haoranlai/Dataset/RAD_ChestCT/image/trn05038.nii.gz,/data4/haoranlai/Dataset/RAD_ChestCT/RadchestCTseg/trn05038/trn05038.nii.gz
/data4/haoranlai/Dataset/RAD_ChestCT/image/trn18514.nii.gz,/data4/haoranlai/Dataset/RAD_ChestCT/RadchestCTseg/trn18514/trn18514.nii.gz
/data4/haoranlai/Dataset/RAD_ChestCT/image/trn24835.nii.gz,/data4/haoranlai/Dataset/RAD_ChestCT/RadchestCTseg/trn24835/trn24835.nii.gz
/data4/haoranlai/Dataset/RAD_ChestCT/image/trn06166.nii.gz,/data4/haoranlai/Dataset/RAD_ChestCT/RadchestCTseg/trn06166/trn06166.nii.gz
/data4/haoranlai/Dataset/RAD_ChestCT/image/trn15406.nii.gz,/data4/haoranlai/Dataset/RAD_ChestCT/RadchestCTseg/trn15406/trn15406.nii.gz
/data4/haoranlai/Dataset/RAD_ChestCT/image/trn21652.nii.gz,/data4/haoranlai/Dataset/RAD_ChestCT/RadchestCTseg/trn21652/trn21652.nii.gz
/data4/haoranlai/Dataset/RAD_ChestCT/image/trn23625.nii.gz,/data4/haoranlai/Dataset/RAD_ChestCT/RadchestCTseg/trn23625/trn23625.nii.gz
/data4/haoranlai/Dataset/RAD_ChestCT/image/trn09524.nii.gz,/data4/haoranlai/Dataset/RAD_ChestCT/RadchestCTseg/trn09524/trn09524.nii.gz
/data4/haoranlai/Dataset/RAD_ChestCT/image/trn16842.nii.gz,/data4/haoranlai/Dataset/RAD_ChestCT/RadchestCTseg/trn16842/trn16842.nii.gz
/data4/haoranlai/Dataset/RAD_ChestCT/image/trn20784.nii.gz,/data4/haoranlai/Dataset/RAD_ChestCT/RadchestCTseg/trn20784/trn20784.nii.gz
/data4/haoranlai/Dataset/RAD_ChestCT/image/trn11692.nii.gz,/data4/haoranlai/Dataset/RAD_ChestCT/RadchestCTseg/trn11692/trn11692.nii.gz
/data4/haoranlai/Dataset/RAD_ChestCT/image/trn09874.nii.gz,/data4/haoranlai/Dataset/RAD_ChestCT/RadchestCTseg/trn09874/trn09874.nii.gz
/data4/haoranlai/Dataset/RAD_ChestCT/image/trn19210.nii.gz,/data4/haoranlai/Dataset/RAD_ChestCT/RadchestCTseg/trn19210/trn19210.nii.gz
/data4/haoranlai/Dataset/RAD_ChestCT/image/trn06213.nii.gz,/data4/haoranlai/Dataset/RAD_ChestCT/RadchestCTseg/trn06213/trn06213.nii.gz
/data4/haoranlai/Dataset/RAD_ChestCT/image/trn22786.nii.gz,/data4/haoranlai/Dataset/RAD_ChestCT/RadchestCTseg/trn22786/trn22786.nii.gz
/data4/haoranlai/Dataset/RAD_ChestCT/image/trn20872.nii.gz,/data4/haoranlai/Dataset/RAD_ChestCT/RadchestCTseg/trn20872/trn20872.nii.gz
/data4/haoranlai/Dataset/RAD_ChestCT/image/trn13325.nii.gz,/data4/haoranlai/Dataset/RAD_ChestCT/RadchestCTseg/trn13325/trn13325.nii.gz
/data4/haoranlai/Dataset/RAD_ChestCT/image/trn21495.nii.gz,/data4/haoranlai/Dataset/RAD_ChestCT/RadchestCTseg/trn21495/trn21495.nii.gz
/data4/haoranlai/Dataset/RAD_ChestCT/image/trn15486.nii.gz,/data4/haoranlai/Dataset/RAD_ChestCT/RadchestCTseg/trn15486/trn15486.nii.gz
/data4/haoranlai/Dataset/RAD_ChestCT/image/trn04407.nii.gz,/data4/haoranlai/Dataset/RAD_ChestCT/RadchestCTseg/trn04407/trn04407.nii.gz
/data4/haoranlai/Dataset/RAD_ChestCT/image/trn10122.nii.gz,/data4/haoranlai/Dataset/RAD_ChestCT/RadchestCTseg/trn10122/trn10122.nii.gz
/data4/haoranlai/Dataset/RAD_ChestCT/image/trn03470.nii.gz,/data4/haoranlai/Dataset/RAD_ChestCT/RadchestCTseg/trn03470/trn03470.nii.gz
/data4/haoranlai/Dataset/RAD_ChestCT/image/trn08237.nii.gz,/data4/haoranlai/Dataset/RAD_ChestCT/RadchestCTseg/trn08237/trn08237.nii.gz
/data4/haoranlai/Dataset/RAD_ChestCT/image/trn05480.nii.gz,/data4/haoranlai/Dataset/RAD_ChestCT/RadchestCTseg/trn05480/trn05480.nii.gz
/data4/haoranlai/Dataset/RAD_ChestCT/image/trn16374.nii.gz,/data4/haoranlai/Dataset/RAD_ChestCT/RadchestCTseg/trn16374/trn16374.nii.gz
/data4/haoranlai/Dataset/RAD_ChestCT/image/trn00167.nii.gz,/data4/haoranlai/Dataset/RAD_ChestCT/RadchestCTseg/trn00167/trn00167.nii.gz
/data4/haoranlai/Dataset/RAD_ChestCT/image/trn04382.nii.gz,/data4/haoranlai/Dataset/RAD_ChestCT/RadchestCTseg/trn04382/trn04382.nii.gz
/data4/haoranlai/Dataset/RAD_ChestCT/image/trn25113.nii.gz,/data4/haoranlai/Dataset/RAD_ChestCT/RadchestCTseg/trn25113/trn25113.nii.gz
/data4/haoranlai/Dataset/RAD_ChestCT/image/trn01165.nii.gz,/data4/haoranlai/Dataset/RAD_ChestCT/RadchestCTseg/trn01165/trn01165.nii.gz
/data4/haoranlai/Dataset/RAD_ChestCT/image/trn18317.nii.gz,/data4/haoranlai/Dataset/RAD_ChestCT/RadchestCTseg/trn18317/trn18317.nii.gz
/data4/haoranlai/Dataset/RAD_ChestCT/image/trn07624.nii.gz,/data4/haoranlai/Dataset/RAD_ChestCT/RadchestCTseg/trn07624/trn07624.nii.gz
/data4/haoranlai/Dataset/RAD_ChestCT/image/trn18579.nii.gz,/data4/haoranlai/Dataset/RAD_ChestCT/RadchestCTseg/trn18579/trn18579.nii.gz
/data4/haoranlai/Dataset/RAD_ChestCT/image/trn21841.nii.gz,/data4/haoranlai/Dataset/RAD_ChestCT/RadchestCTseg/trn21841/trn21841.nii.gz
/data4/haoranlai/Dataset/RAD_ChestCT/image/trn17426.nii.gz,/data4/haoranlai/Dataset/RAD_ChestCT/RadchestCTseg/trn17426/trn17426.nii.gz
/data4/haoranlai/Dataset/RAD_ChestCT/image/trn01841.nii.gz,/data4/haoranlai/Dataset/RAD_ChestCT/RadchestCTseg/trn01841/trn01841.nii.gz
/data4/haoranlai/Dataset/RAD_ChestCT/image/trn21647.nii.gz,/data4/haoranlai/Dataset/RAD_ChestCT/RadchestCTseg/trn21647/trn21647.nii.gz
/data4/haoranlai/Dataset/RAD_ChestCT/image/trn05512.nii.gz,/data4/haoranlai/Dataset/RAD_ChestCT/RadchestCTseg/trn05512/trn05512.nii.gz
/data4/haoranlai/Dataset/RAD_ChestCT/image/trn16527.nii.gz,/data4/haoranlai/Dataset/RAD_ChestCT/RadchestCTseg/trn16527/trn16527.nii.gz
/data4/haoranlai/Dataset/RAD_ChestCT/image/trn04531.nii.gz,/data4/haoranlai/Dataset/RAD_ChestCT/RadchestCTseg/trn04531/trn04531.nii.gz
/data4/haoranlai/Dataset/RAD_ChestCT/image/trn08524.nii.gz,/data4/haoranlai/Dataset/RAD_ChestCT/RadchestCTseg/trn08524/trn08524.nii.gz
/data4/haoranlai/Dataset/RAD_ChestCT/image/trn03659.nii.gz,/data4/haoranlai/Dataset/RAD_ChestCT/RadchestCTseg/trn03659/trn03659.nii.gz
/data4/haoranlai/Dataset/RAD_ChestCT/image/trn19706.nii.gz,/data4/haoranlai/Dataset/RAD_ChestCT/RadchestCTseg/trn19706/trn19706.nii.gz
/data4/haoranlai/Dataset/RAD_ChestCT/image/trn12157.nii.gz,/data4/haoranlai/Dataset/RAD_ChestCT/RadchestCTseg/trn12157/trn12157.nii.gz
/data4/haoranlai/Dataset/RAD_ChestCT/image/trn00593.nii.gz,/data4/haoranlai/Dataset/RAD_ChestCT/RadchestCTseg/trn00593/trn00593.nii.gz
/data4/haoranlai/Dataset/RAD_ChestCT/image/trn16103.nii.gz,/data4/haoranlai/Dataset/RAD_ChestCT/RadchestCTseg/trn16103/trn16103.nii.gz
/data4/haoranlai/Dataset/RAD_ChestCT/image/trn04468.nii.gz,/data4/haoranlai/Dataset/RAD_ChestCT/RadchestCTseg/trn04468/trn04468.nii.gz
/data4/haoranlai/Dataset/RAD_ChestCT/image/trn06745.nii.gz,/data4/haoranlai/Dataset/RAD_ChestCT/RadchestCTseg/trn06745/trn06745.nii.gz
/data4/haoranlai/Dataset/RAD_ChestCT/image/trn24233.nii.gz,/data4/haoranlai/Dataset/RAD_ChestCT/RadchestCTseg/trn24233/trn24233.nii.gz
/data4/haoranlai/Dataset/RAD_ChestCT/image/trn07107.nii.gz,/data4/haoranlai/Dataset/RAD_ChestCT/RadchestCTseg/trn07107/trn07107.nii.gz
/data4/haoranlai/Dataset/RAD_ChestCT/image/trn14357.nii.gz,/data4/haoranlai/Dataset/RAD_ChestCT/RadchestCTseg/trn14357/trn14357.nii.gz
/data4/haoranlai/Dataset/RAD_ChestCT/image/trn04164.nii.gz,/data4/haoranlai/Dataset/RAD_ChestCT/RadchestCTseg/trn04164/trn04164.nii.gz
/data4/haoranlai/Dataset/RAD_ChestCT/image/trn07380.nii.gz,/data4/haoranlai/Dataset/RAD_ChestCT/RadchestCTseg/trn07380/trn07380.nii.gz
/data4/haoranlai/Dataset/RAD_ChestCT/image/trn02687.nii.gz,/data4/haoranlai/Dataset/RAD_ChestCT/RadchestCTseg/trn02687/trn02687.nii.gz
/data4/haoranlai/Dataset/RAD_ChestCT/image/trn18153.nii.gz,/data4/haoranlai/Dataset/RAD_ChestCT/RadchestCTseg/trn18153/trn18153.nii.gz
/data4/haoranlai/Dataset/RAD_ChestCT/image/trn05380.nii.gz,/data4/haoranlai/Dataset/RAD_ChestCT/RadchestCTseg/trn05380/trn05380.nii.gz
/data4/haoranlai/Dataset/RAD_ChestCT/image/trn03324.nii.gz,/data4/haoranlai/Dataset/RAD_ChestCT/RadchestCTseg/trn03324/trn03324.nii.gz
/data4/haoranlai/Dataset/RAD_ChestCT/image/trn07907.nii.gz,/data4/haoranlai/Dataset/RAD_ChestCT/RadchestCTseg/trn07907/trn07907.nii.gz
/data4/haoranlai/Dataset/RAD_ChestCT/image/trn01856.nii.gz,/data4/haoranlai/Dataset/RAD_ChestCT/RadchestCTseg/trn01856/trn01856.nii.gz
/data4/haoranlai/Dataset/RAD_ChestCT/image/trn03179.nii.gz,/data4/haoranlai/Dataset/RAD_ChestCT/RadchestCTseg/trn03179/trn03179.nii.gz
/data4/haoranlai/Dataset/RAD_ChestCT/image/trn16458.nii.gz,/data4/haoranlai/Dataset/RAD_ChestCT/RadchestCTseg/trn16458/trn16458.nii.gz
/data4/haoranlai/Dataset/RAD_ChestCT/image/trn11582.nii.gz,/data4/haoranlai/Dataset/RAD_ChestCT/RadchestCTseg/trn11582/trn11582.nii.gz
/data4/haoranlai/Dataset/RAD_ChestCT/image/trn07311.nii.gz,/data4/haoranlai/Dataset/RAD_ChestCT/RadchestCTseg/trn07311/trn07311.nii.gz
/data4/haoranlai/Dataset/RAD_ChestCT/image/trn16068.nii.gz,/data4/haoranlai/Dataset/RAD_ChestCT/RadchestCTseg/trn16068/trn16068.nii.gz
/data4/haoranlai/Dataset/RAD_ChestCT/image/trn21465.nii.gz,/data4/haoranlai/Dataset/RAD_ChestCT/RadchestCTseg/trn21465/trn21465.nii.gz
/data4/haoranlai/Dataset/RAD_ChestCT/image/trn06885.nii.gz,/data4/haoranlai/Dataset/RAD_ChestCT/RadchestCTseg/trn06885/trn06885.nii.gz
/data4/haoranlai/Dataset/RAD_ChestCT/image/trn14823.nii.gz,/data4/haoranlai/Dataset/RAD_ChestCT/RadchestCTseg/trn14823/trn14823.nii.gz
/data4/haoranlai/Dataset/RAD_ChestCT/image/trn21911.nii.gz,/data4/haoranlai/Dataset/RAD_ChestCT/RadchestCTseg/trn21911/trn21911.nii.gz
/data4/haoranlai/Dataset/RAD_ChestCT/image/trn02181.nii.gz,/data4/haoranlai/Dataset/RAD_ChestCT/RadchestCTseg/trn02181/trn02181.nii.gz
/data4/haoranlai/Dataset/RAD_ChestCT/image/trn03707.nii.gz,/data4/haoranlai/Dataset/RAD_ChestCT/RadchestCTseg/trn03707/trn03707.nii.gz
/data4/haoranlai/Dataset/RAD_ChestCT/image/trn05056.nii.gz,/data4/haoranlai/Dataset/RAD_ChestCT/RadchestCTseg/trn05056/trn05056.nii.gz
/data4/haoranlai/Dataset/RAD_ChestCT/image/trn21093.nii.gz,/data4/haoranlai/Dataset/RAD_ChestCT/RadchestCTseg/trn21093/trn21093.nii.gz
/data4/haoranlai/Dataset/RAD_ChestCT/image/trn16226.nii.gz,/data4/haoranlai/Dataset/RAD_ChestCT/RadchestCTseg/trn16226/trn16226.nii.gz
/data4/haoranlai/Dataset/RAD_ChestCT/image/trn03208.nii.gz,/data4/haoranlai/Dataset/RAD_ChestCT/RadchestCTseg/trn03208/trn03208.nii.gz
/data4/haoranlai/Dataset/RAD_ChestCT/image/trn03566.nii.gz,/data4/haoranlai/Dataset/RAD_ChestCT/RadchestCTseg/trn03566/trn03566.nii.gz
/data4/haoranlai/Dataset/RAD_ChestCT/image/trn15720.nii.gz,/data4/haoranlai/Dataset/RAD_ChestCT/RadchestCTseg/trn15720/trn15720.nii.gz
/data4/haoranlai/Dataset/RAD_ChestCT/image/trn06059.nii.gz,/data4/haoranlai/Dataset/RAD_ChestCT/RadchestCTseg/trn06059/trn06059.nii.gz
/data4/haoranlai/Dataset/RAD_ChestCT/image/trn05335.nii.gz,/data4/haoranlai/Dataset/RAD_ChestCT/RadchestCTseg/trn05335/trn05335.nii.gz
/data4/haoranlai/Dataset/RAD_ChestCT/image/trn17900.nii.gz,/data4/haoranlai/Dataset/RAD_ChestCT/RadchestCTseg/trn17900/trn17900.nii.gz
/data4/haoranlai/Dataset/RAD_ChestCT/image/trn25270.nii.gz,/data4/haoranlai/Dataset/RAD_ChestCT/RadchestCTseg/trn25270/trn25270.nii.gz
/data4/haoranlai/Dataset/RAD_ChestCT/image/trn16091.nii.gz,/data4/haoranlai/Dataset/RAD_ChestCT/RadchestCTseg/trn16091/trn16091.nii.gz
/data4/haoranlai/Dataset/RAD_ChestCT/image/trn21785.nii.gz,/data4/haoranlai/Dataset/RAD_ChestCT/RadchestCTseg/trn21785/trn21785.nii.gz
/data4/haoranlai/Dataset/RAD_ChestCT/image/trn24326.nii.gz,/data4/haoranlai/Dataset/RAD_ChestCT/RadchestCTseg/trn24326/trn24326.nii.gz
/data4/haoranlai/Dataset/RAD_ChestCT/image/trn12089.nii.gz,/data4/haoranlai/Dataset/RAD_ChestCT/RadchestCTseg/trn12089/trn12089.nii.gz
/data4/haoranlai/Dataset/RAD_ChestCT/image/trn16832.nii.gz,/data4/haoranlai/Dataset/RAD_ChestCT/RadchestCTseg/trn16832/trn16832.nii.gz
/data4/haoranlai/Dataset/RAD_ChestCT/image/trn19694.nii.gz,/data4/haoranlai/Dataset/RAD_ChestCT/RadchestCTseg/trn19694/trn19694.nii.gz
/data4/haoranlai/Dataset/RAD_ChestCT/image/trn04437.nii.gz,/data4/haoranlai/Dataset/RAD_ChestCT/RadchestCTseg/trn04437/trn04437.nii.gz
/data4/haoranlai/Dataset/RAD_ChestCT/image/trn01683.nii.gz,/data4/haoranlai/Dataset/RAD_ChestCT/RadchestCTseg/trn01683/trn01683.nii.gz
/data4/haoranlai/Dataset/RAD_ChestCT/image/trn23763.nii.gz,/data4/haoranlai/Dataset/RAD_ChestCT/RadchestCTseg/trn23763/trn23763.nii.gz
/data4/haoranlai/Dataset/RAD_ChestCT/image/trn23911.nii.gz,/data4/haoranlai/Dataset/RAD_ChestCT/RadchestCTseg/trn23911/trn23911.nii.gz
/data4/haoranlai/Dataset/RAD_ChestCT/image/trn23518.nii.gz,/data4/haoranlai/Dataset/RAD_ChestCT/RadchestCTseg/trn23518/trn23518.nii.gz
/data4/haoranlai/Dataset/RAD_ChestCT/image/trn02031.nii.gz,/data4/haoranlai/Dataset/RAD_ChestCT/RadchestCTseg/trn02031/trn02031.nii.gz
/data4/haoranlai/Dataset/RAD_ChestCT/image/trn12641.nii.gz,/data4/haoranlai/Dataset/RAD_ChestCT/RadchestCTseg/trn12641/trn12641.nii.gz
/data4/haoranlai/Dataset/RAD_ChestCT/image/trn01740.nii.gz,/data4/haoranlai/Dataset/RAD_ChestCT/RadchestCTseg/trn01740/trn01740.nii.gz
/data4/haoranlai/Dataset/RAD_ChestCT/image/trn02068.nii.gz,/data4/haoranlai/Dataset/RAD_ChestCT/RadchestCTseg/trn02068/trn02068.nii.gz
/data4/haoranlai/Dataset/RAD_ChestCT/image/trn05370.nii.gz,/data4/haoranlai/Dataset/RAD_ChestCT/RadchestCTseg/trn05370/trn05370.nii.gz
/data4/haoranlai/Dataset/RAD_ChestCT/image/trn02643.nii.gz,/data4/haoranlai/Dataset/RAD_ChestCT/RadchestCTseg/trn02643/trn02643.nii.gz
/data4/haoranlai/Dataset/RAD_ChestCT/image/trn06119.nii.gz,/data4/haoranlai/Dataset/RAD_ChestCT/RadchestCTseg/trn06119/trn06119.nii.gz
/data4/haoranlai/Dataset/RAD_ChestCT/image/trn19462.nii.gz,/data4/haoranlai/Dataset/RAD_ChestCT/RadchestCTseg/trn19462/trn19462.nii.gz
/data4/haoranlai/Dataset/RAD_ChestCT/image/trn18652.nii.gz,/data4/haoranlai/Dataset/RAD_ChestCT/RadchestCTseg/trn18652/trn18652.nii.gz
/data4/haoranlai/Dataset/RAD_ChestCT/image/trn00324.nii.gz,/data4/haoranlai/Dataset/RAD_ChestCT/RadchestCTseg/trn00324/trn00324.nii.gz
/data4/haoranlai/Dataset/RAD_ChestCT/image/trn18395.nii.gz,/data4/haoranlai/Dataset/RAD_ChestCT/RadchestCTseg/trn18395/trn18395.nii.gz
/data4/haoranlai/Dataset/RAD_ChestCT/image/trn15121.nii.gz,/data4/haoranlai/Dataset/RAD_ChestCT/RadchestCTseg/trn15121/trn15121.nii.gz
/data4/haoranlai/Dataset/RAD_ChestCT/image/trn21954.nii.gz,/data4/haoranlai/Dataset/RAD_ChestCT/RadchestCTseg/trn21954/trn21954.nii.gz
/data4/haoranlai/Dataset/RAD_ChestCT/image/trn02826.nii.gz,/data4/haoranlai/Dataset/RAD_ChestCT/RadchestCTseg/trn02826/trn02826.nii.gz
/data4/haoranlai/Dataset/RAD_ChestCT/image/trn17533.nii.gz,/data4/haoranlai/Dataset/RAD_ChestCT/RadchestCTseg/trn17533/trn17533.nii.gz
/data4/haoranlai/Dataset/RAD_ChestCT/image/trn08973.nii.gz,/data4/haoranlai/Dataset/RAD_ChestCT/RadchestCTseg/trn08973/trn08973.nii.gz
/data4/haoranlai/Dataset/RAD_ChestCT/image/trn17116.nii.gz,/data4/haoranlai/Dataset/RAD_ChestCT/RadchestCTseg/trn17116/trn17116.nii.gz
/data4/haoranlai/Dataset/RAD_ChestCT/image/trn02365.nii.gz,/data4/haoranlai/Dataset/RAD_ChestCT/RadchestCTseg/trn02365/trn02365.nii.gz
/data4/haoranlai/Dataset/RAD_ChestCT/image/trn04629.nii.gz,/data4/haoranlai/Dataset/RAD_ChestCT/RadchestCTseg/trn04629/trn04629.nii.gz
/data4/haoranlai/Dataset/RAD_ChestCT/image/trn11955.nii.gz,/data4/haoranlai/Dataset/RAD_ChestCT/RadchestCTseg/trn11955/trn11955.nii.gz
/data4/haoranlai/Dataset/RAD_ChestCT/image/trn00347.nii.gz,/data4/haoranlai/Dataset/RAD_ChestCT/RadchestCTseg/trn00347/trn00347.nii.gz
/data4/haoranlai/Dataset/RAD_ChestCT/image/trn24006.nii.gz,/data4/haoranlai/Dataset/RAD_ChestCT/RadchestCTseg/trn24006/trn24006.nii.gz
/data4/haoranlai/Dataset/RAD_ChestCT/image/trn08177.nii.gz,/data4/haoranlai/Dataset/RAD_ChestCT/RadchestCTseg/trn08177/trn08177.nii.gz
/data4/haoranlai/Dataset/RAD_ChestCT/image/trn03670.nii.gz,/data4/haoranlai/Dataset/RAD_ChestCT/RadchestCTseg/trn03670/trn03670.nii.gz
/data4/haoranlai/Dataset/RAD_ChestCT/image/trn19991.nii.gz,/data4/haoranlai/Dataset/RAD_ChestCT/RadchestCTseg/trn19991/trn19991.nii.gz
/data4/haoranlai/Dataset/RAD_ChestCT/image/trn12045.nii.gz,/data4/haoranlai/Dataset/RAD_ChestCT/RadchestCTseg/trn12045/trn12045.nii.gz
/data4/haoranlai/Dataset/RAD_ChestCT/image/trn22406.nii.gz,/data4/haoranlai/Dataset/RAD_ChestCT/RadchestCTseg/trn22406/trn22406.nii.gz
/data4/haoranlai/Dataset/RAD_ChestCT/image/trn21635.nii.gz,/data4/haoranlai/Dataset/RAD_ChestCT/RadchestCTseg/trn21635/trn21635.nii.gz
/data4/haoranlai/Dataset/RAD_ChestCT/image/trn07219.nii.gz,/data4/haoranlai/Dataset/RAD_ChestCT/RadchestCTseg/trn07219/trn07219.nii.gz
/data4/haoranlai/Dataset/RAD_ChestCT/image/trn00673.nii.gz,/data4/haoranlai/Dataset/RAD_ChestCT/RadchestCTseg/trn00673/trn00673.nii.gz
/data4/haoranlai/Dataset/RAD_ChestCT/image/trn20368.nii.gz,/data4/haoranlai/Dataset/RAD_ChestCT/RadchestCTseg/trn20368/trn20368.nii.gz
/data4/haoranlai/Dataset/RAD_ChestCT/image/trn00544.nii.gz,/data4/haoranlai/Dataset/RAD_ChestCT/RadchestCTseg/trn00544/trn00544.nii.gz
/data4/haoranlai/Dataset/RAD_ChestCT/image/trn20444.nii.gz,/data4/haoranlai/Dataset/RAD_ChestCT/RadchestCTseg/trn20444/trn20444.nii.gz
/data4/haoranlai/Dataset/RAD_ChestCT/image/trn07190.nii.gz,/data4/haoranlai/Dataset/RAD_ChestCT/RadchestCTseg/trn07190/trn07190.nii.gz
/data4/haoranlai/Dataset/RAD_ChestCT/image/trn07589.nii.gz,/data4/haoranlai/Dataset/RAD_ChestCT/RadchestCTseg/trn07589/trn07589.nii.gz
/data4/haoranlai/Dataset/RAD_ChestCT/image/trn02606.nii.gz,/data4/haoranlai/Dataset/RAD_ChestCT/RadchestCTseg/trn02606/trn02606.nii.gz
/data4/haoranlai/Dataset/RAD_ChestCT/image/trn10796.nii.gz,/data4/haoranlai/Dataset/RAD_ChestCT/RadchestCTseg/trn10796/trn10796.nii.gz
/data4/haoranlai/Dataset/RAD_ChestCT/image/trn04847.nii.gz,/data4/haoranlai/Dataset/RAD_ChestCT/RadchestCTseg/trn04847/trn04847.nii.gz
/data4/haoranlai/Dataset/RAD_ChestCT/image/trn24686.nii.gz,/data4/haoranlai/Dataset/RAD_ChestCT/RadchestCTseg/trn24686/trn24686.nii.gz
/data4/haoranlai/Dataset/RAD_ChestCT/image/trn11693.nii.gz,/data4/haoranlai/Dataset/RAD_ChestCT/RadchestCTseg/trn11693/trn11693.nii.gz
/data4/haoranlai/Dataset/RAD_ChestCT/image/trn06413.nii.gz,/data4/haoranlai/Dataset/RAD_ChestCT/RadchestCTseg/trn06413/trn06413.nii.gz
/data4/haoranlai/Dataset/RAD_ChestCT/image/trn18569.nii.gz,/data4/haoranlai/Dataset/RAD_ChestCT/RadchestCTseg/trn18569/trn18569.nii.gz
/data4/haoranlai/Dataset/RAD_ChestCT/image/trn04746.nii.gz,/data4/haoranlai/Dataset/RAD_ChestCT/RadchestCTseg/trn04746/trn04746.nii.gz
/data4/haoranlai/Dataset/RAD_ChestCT/image/trn06586.nii.gz,/data4/haoranlai/Dataset/RAD_ChestCT/RadchestCTseg/trn06586/trn06586.nii.gz
/data4/haoranlai/Dataset/RAD_ChestCT/image/trn20982.nii.gz,/data4/haoranlai/Dataset/RAD_ChestCT/RadchestCTseg/trn20982/trn20982.nii.gz
/data4/haoranlai/Dataset/RAD_ChestCT/image/trn14780.nii.gz,/data4/haoranlai/Dataset/RAD_ChestCT/RadchestCTseg/trn14780/trn14780.nii.gz
/data4/haoranlai/Dataset/RAD_ChestCT/image/trn02404.nii.gz,/data4/haoranlai/Dataset/RAD_ChestCT/RadchestCTseg/trn02404/trn02404.nii.gz
/data4/haoranlai/Dataset/RAD_ChestCT/image/trn17243.nii.gz,/data4/haoranlai/Dataset/RAD_ChestCT/RadchestCTseg/trn17243/trn17243.nii.gz
/data4/haoranlai/Dataset/RAD_ChestCT/image/trn22685.nii.gz,/data4/haoranlai/Dataset/RAD_ChestCT/RadchestCTseg/trn22685/trn22685.nii.gz
/data4/haoranlai/Dataset/RAD_ChestCT/image/trn08995.nii.gz,/data4/haoranlai/Dataset/RAD_ChestCT/RadchestCTseg/trn08995/trn08995.nii.gz
/data4/haoranlai/Dataset/RAD_ChestCT/image/trn18886.nii.gz,/data4/haoranlai/Dataset/RAD_ChestCT/RadchestCTseg/trn18886/trn18886.nii.gz
/data4/haoranlai/Dataset/RAD_ChestCT/image/trn02452.nii.gz,/data4/haoranlai/Dataset/RAD_ChestCT/RadchestCTseg/trn02452/trn02452.nii.gz
/data4/haoranlai/Dataset/RAD_ChestCT/image/trn09216.nii.gz,/data4/haoranlai/Dataset/RAD_ChestCT/RadchestCTseg/trn09216/trn09216.nii.gz
/data4/haoranlai/Dataset/RAD_ChestCT/image/trn07013.nii.gz,/data4/haoranlai/Dataset/RAD_ChestCT/RadchestCTseg/trn07013/trn07013.nii.gz
/data4/haoranlai/Dataset/RAD_ChestCT/image/trn08353.nii.gz,/data4/haoranlai/Dataset/RAD_ChestCT/RadchestCTseg/trn08353/trn08353.nii.gz
/data4/haoranlai/Dataset/RAD_ChestCT/image/trn23987.nii.gz,/data4/haoranlai/Dataset/RAD_ChestCT/RadchestCTseg/trn23987/trn23987.nii.gz
/data4/haoranlai/Dataset/RAD_ChestCT/image/trn18519.nii.gz,/data4/haoranlai/Dataset/RAD_ChestCT/RadchestCTseg/trn18519/trn18519.nii.gz
/data4/haoranlai/Dataset/RAD_ChestCT/image/trn12507.nii.gz,/data4/haoranlai/Dataset/RAD_ChestCT/RadchestCTseg/trn12507/trn12507.nii.gz
/data4/haoranlai/Dataset/RAD_ChestCT/image/trn07640.nii.gz,/data4/haoranlai/Dataset/RAD_ChestCT/RadchestCTseg/trn07640/trn07640.nii.gz
/data4/haoranlai/Dataset/RAD_ChestCT/image/trn03000.nii.gz,/data4/haoranlai/Dataset/RAD_ChestCT/RadchestCTseg/trn03000/trn03000.nii.gz
/data4/haoranlai/Dataset/RAD_ChestCT/image/trn09828.nii.gz,/data4/haoranlai/Dataset/RAD_ChestCT/RadchestCTseg/trn09828/trn09828.nii.gz
/data4/haoranlai/Dataset/RAD_ChestCT/image/trn10087.nii.gz,/data4/haoranlai/Dataset/RAD_ChestCT/RadchestCTseg/trn10087/trn10087.nii.gz
/data4/haoranlai/Dataset/RAD_ChestCT/image/trn00646.nii.gz,/data4/haoranlai/Dataset/RAD_ChestCT/RadchestCTseg/trn00646/trn00646.nii.gz
/data4/haoranlai/Dataset/RAD_ChestCT/image/trn11405.nii.gz,/data4/haoranlai/Dataset/RAD_ChestCT/RadchestCTseg/trn11405/trn11405.nii.gz
/data4/haoranlai/Dataset/RAD_ChestCT/image/trn02245.nii.gz,/data4/haoranlai/Dataset/RAD_ChestCT/RadchestCTseg/trn02245/trn02245.nii.gz
/data4/haoranlai/Dataset/RAD_ChestCT/image/trn01000.nii.gz,/data4/haoranlai/Dataset/RAD_ChestCT/RadchestCTseg/trn01000/trn01000.nii.gz
/data4/haoranlai/Dataset/RAD_ChestCT/image/trn17550.nii.gz,/data4/haoranlai/Dataset/RAD_ChestCT/RadchestCTseg/trn17550/trn17550.nii.gz
/data4/haoranlai/Dataset/RAD_ChestCT/image/trn16156.nii.gz,/data4/haoranlai/Dataset/RAD_ChestCT/RadchestCTseg/trn16156/trn16156.nii.gz
/data4/haoranlai/Dataset/RAD_ChestCT/image/trn03255.nii.gz,/data4/haoranlai/Dataset/RAD_ChestCT/RadchestCTseg/trn03255/trn03255.nii.gz
/data4/haoranlai/Dataset/RAD_ChestCT/image/trn21564.nii.gz,/data4/haoranlai/Dataset/RAD_ChestCT/RadchestCTseg/trn21564/trn21564.nii.gz
/data4/haoranlai/Dataset/RAD_ChestCT/image/trn11403.nii.gz,/data4/haoranlai/Dataset/RAD_ChestCT/RadchestCTseg/trn11403/trn11403.nii.gz
/data4/haoranlai/Dataset/RAD_ChestCT/image/trn23983.nii.gz,/data4/haoranlai/Dataset/RAD_ChestCT/RadchestCTseg/trn23983/trn23983.nii.gz
/data4/haoranlai/Dataset/RAD_ChestCT/image/trn20767.nii.gz,/data4/haoranlai/Dataset/RAD_ChestCT/RadchestCTseg/trn20767/trn20767.nii.gz
/data4/haoranlai/Dataset/RAD_ChestCT/image/trn04203.nii.gz,/data4/haoranlai/Dataset/RAD_ChestCT/RadchestCTseg/trn04203/trn04203.nii.gz
/data4/haoranlai/Dataset/RAD_ChestCT/image/trn18344.nii.gz,/data4/haoranlai/Dataset/RAD_ChestCT/RadchestCTseg/trn18344/trn18344.nii.gz
/data4/haoranlai/Dataset/RAD_ChestCT/image/trn00565.nii.gz,/data4/haoranlai/Dataset/RAD_ChestCT/RadchestCTseg/trn00565/trn00565.nii.gz
/data4/haoranlai/Dataset/RAD_ChestCT/image/trn04617.nii.gz,/data4/haoranlai/Dataset/RAD_ChestCT/RadchestCTseg/trn04617/trn04617.nii.gz
/data4/haoranlai/Dataset/RAD_ChestCT/image/trn22169.nii.gz,/data4/haoranlai/Dataset/RAD_ChestCT/RadchestCTseg/trn22169/trn22169.nii.gz
/data4/haoranlai/Dataset/RAD_ChestCT/image/trn20371.nii.gz,/data4/haoranlai/Dataset/RAD_ChestCT/RadchestCTseg/trn20371/trn20371.nii.gz
/data4/haoranlai/Dataset/RAD_ChestCT/image/trn07688.nii.gz,/data4/haoranlai/Dataset/RAD_ChestCT/RadchestCTseg/trn07688/trn07688.nii.gz
/data4/haoranlai/Dataset/RAD_ChestCT/image/trn07836.nii.gz,/data4/haoranlai/Dataset/RAD_ChestCT/RadchestCTseg/trn07836/trn07836.nii.gz
/data4/haoranlai/Dataset/RAD_ChestCT/image/trn02078.nii.gz,/data4/haoranlai/Dataset/RAD_ChestCT/RadchestCTseg/trn02078/trn02078.nii.gz
/data4/haoranlai/Dataset/RAD_ChestCT/image/trn17503.nii.gz,/data4/haoranlai/Dataset/RAD_ChestCT/RadchestCTseg/trn17503/trn17503.nii.gz
/data4/haoranlai/Dataset/RAD_ChestCT/image/trn15748.nii.gz,/data4/haoranlai/Dataset/RAD_ChestCT/RadchestCTseg/trn15748/trn15748.nii.gz
/data4/haoranlai/Dataset/RAD_ChestCT/image/trn02094.nii.gz,/data4/haoranlai/Dataset/RAD_ChestCT/RadchestCTseg/trn02094/trn02094.nii.gz
/data4/haoranlai/Dataset/RAD_ChestCT/image/trn03804.nii.gz,/data4/haoranlai/Dataset/RAD_ChestCT/RadchestCTseg/trn03804/trn03804.nii.gz
/data4/haoranlai/Dataset/RAD_ChestCT/image/trn05069.nii.gz,/data4/haoranlai/Dataset/RAD_ChestCT/RadchestCTseg/trn05069/trn05069.nii.gz
/data4/haoranlai/Dataset/RAD_ChestCT/image/trn15157.nii.gz,/data4/haoranlai/Dataset/RAD_ChestCT/RadchestCTseg/trn15157/trn15157.nii.gz
/data4/haoranlai/Dataset/RAD_ChestCT/image/trn01574.nii.gz,/data4/haoranlai/Dataset/RAD_ChestCT/RadchestCTseg/trn01574/trn01574.nii.gz
/data4/haoranlai/Dataset/RAD_ChestCT/image/trn19333.nii.gz,/data4/haoranlai/Dataset/RAD_ChestCT/RadchestCTseg/trn19333/trn19333.nii.gz
/data4/haoranlai/Dataset/RAD_ChestCT/image/trn16534.nii.gz,/data4/haoranlai/Dataset/RAD_ChestCT/RadchestCTseg/trn16534/trn16534.nii.gz
/data4/haoranlai/Dataset/RAD_ChestCT/image/trn12169.nii.gz,/data4/haoranlai/Dataset/RAD_ChestCT/RadchestCTseg/trn12169/trn12169.nii.gz
/data4/haoranlai/Dataset/RAD_ChestCT/image/trn19250.nii.gz,/data4/haoranlai/Dataset/RAD_ChestCT/RadchestCTseg/trn19250/trn19250.nii.gz
/data4/haoranlai/Dataset/RAD_ChestCT/image/trn03851.nii.gz,/data4/haoranlai/Dataset/RAD_ChestCT/RadchestCTseg/trn03851/trn03851.nii.gz
/data4/haoranlai/Dataset/RAD_ChestCT/image/trn16491.nii.gz,/data4/haoranlai/Dataset/RAD_ChestCT/RadchestCTseg/trn16491/trn16491.nii.gz
/data4/haoranlai/Dataset/RAD_ChestCT/image/trn02763.nii.gz,/data4/haoranlai/Dataset/RAD_ChestCT/RadchestCTseg/trn02763/trn02763.nii.gz
/data4/haoranlai/Dataset/RAD_ChestCT/image/trn09558.nii.gz,/data4/haoranlai/Dataset/RAD_ChestCT/RadchestCTseg/trn09558/trn09558.nii.gz
/data4/haoranlai/Dataset/RAD_ChestCT/image/trn23754.nii.gz,/data4/haoranlai/Dataset/RAD_ChestCT/RadchestCTseg/trn23754/trn23754.nii.gz
/data4/haoranlai/Dataset/RAD_ChestCT/image/trn04075.nii.gz,/data4/haoranlai/Dataset/RAD_ChestCT/RadchestCTseg/trn04075/trn04075.nii.gz
/data4/haoranlai/Dataset/RAD_ChestCT/image/trn24504.nii.gz,/data4/haoranlai/Dataset/RAD_ChestCT/RadchestCTseg/trn24504/trn24504.nii.gz
/data4/haoranlai/Dataset/RAD_ChestCT/image/trn07302.nii.gz,/data4/haoranlai/Dataset/RAD_ChestCT/RadchestCTseg/trn07302/trn07302.nii.gz
/data4/haoranlai/Dataset/RAD_ChestCT/image/trn18871.nii.gz,/data4/haoranlai/Dataset/RAD_ChestCT/RadchestCTseg/trn18871/trn18871.nii.gz
/data4/haoranlai/Dataset/RAD_ChestCT/image/trn15335.nii.gz,/data4/haoranlai/Dataset/RAD_ChestCT/RadchestCTseg/trn15335/trn15335.nii.gz
/data4/haoranlai/Dataset/RAD_ChestCT/image/trn11993.nii.gz,/data4/haoranlai/Dataset/RAD_ChestCT/RadchestCTseg/trn11993/trn11993.nii.gz
/data4/haoranlai/Dataset/RAD_ChestCT/image/trn09063.nii.gz,/data4/haoranlai/Dataset/RAD_ChestCT/RadchestCTseg/trn09063/trn09063.nii.gz
/data4/haoranlai/Dataset/RAD_ChestCT/image/trn10781.nii.gz,/data4/haoranlai/Dataset/RAD_ChestCT/RadchestCTseg/trn10781/trn10781.nii.gz
/data4/haoranlai/Dataset/RAD_ChestCT/image/trn22614.nii.gz,/data4/haoranlai/Dataset/RAD_ChestCT/RadchestCTseg/trn22614/trn22614.nii.gz
/data4/haoranlai/Dataset/RAD_ChestCT/image/trn17975.nii.gz,/data4/haoranlai/Dataset/RAD_ChestCT/RadchestCTseg/trn17975/trn17975.nii.gz
/data4/haoranlai/Dataset/RAD_ChestCT/image/trn13026.nii.gz,/data4/haoranlai/Dataset/RAD_ChestCT/RadchestCTseg/trn13026/trn13026.nii.gz
/data4/haoranlai/Dataset/RAD_ChestCT/image/trn00687.nii.gz,/data4/haoranlai/Dataset/RAD_ChestCT/RadchestCTseg/trn00687/trn00687.nii.gz
/data4/haoranlai/Dataset/RAD_ChestCT/image/trn20167.nii.gz,/data4/haoranlai/Dataset/RAD_ChestCT/RadchestCTseg/trn20167/trn20167.nii.gz
/data4/haoranlai/Dataset/RAD_ChestCT/image/trn04501.nii.gz,/data4/haoranlai/Dataset/RAD_ChestCT/RadchestCTseg/trn04501/trn04501.nii.gz
/data4/haoranlai/Dataset/RAD_ChestCT/image/trn17095.nii.gz,/data4/haoranlai/Dataset/RAD_ChestCT/RadchestCTseg/trn17095/trn17095.nii.gz
/data4/haoranlai/Dataset/RAD_ChestCT/image/trn11809.nii.gz,/data4/haoranlai/Dataset/RAD_ChestCT/RadchestCTseg/trn11809/trn11809.nii.gz
/data4/haoranlai/Dataset/RAD_ChestCT/image/trn09881.nii.gz,/data4/haoranlai/Dataset/RAD_ChestCT/RadchestCTseg/trn09881/trn09881.nii.gz
/data4/haoranlai/Dataset/RAD_ChestCT/image/trn03548.nii.gz,/data4/haoranlai/Dataset/RAD_ChestCT/RadchestCTseg/trn03548/trn03548.nii.gz
/data4/haoranlai/Dataset/RAD_ChestCT/image/trn18605.nii.gz,/data4/haoranlai/Dataset/RAD_ChestCT/RadchestCTseg/trn18605/trn18605.nii.gz
/data4/haoranlai/Dataset/RAD_ChestCT/image/trn05094.nii.gz,/data4/haoranlai/Dataset/RAD_ChestCT/RadchestCTseg/trn05094/trn05094.nii.gz
/data4/haoranlai/Dataset/RAD_ChestCT/image/trn13293.nii.gz,/data4/haoranlai/Dataset/RAD_ChestCT/RadchestCTseg/trn13293/trn13293.nii.gz
/data4/haoranlai/Dataset/RAD_ChestCT/image/trn02410.nii.gz,/data4/haoranlai/Dataset/RAD_ChestCT/RadchestCTseg/trn02410/trn02410.nii.gz
/data4/haoranlai/Dataset/RAD_ChestCT/image/trn10614.nii.gz,/data4/haoranlai/Dataset/RAD_ChestCT/RadchestCTseg/trn10614/trn10614.nii.gz
/data4/haoranlai/Dataset/RAD_ChestCT/image/trn11641.nii.gz,/data4/haoranlai/Dataset/RAD_ChestCT/RadchestCTseg/trn11641/trn11641.nii.gz
/data4/haoranlai/Dataset/RAD_ChestCT/image/trn21421.nii.gz,/data4/haoranlai/Dataset/RAD_ChestCT/RadchestCTseg/trn21421/trn21421.nii.gz
/data4/haoranlai/Dataset/RAD_ChestCT/image/trn09770.nii.gz,/data4/haoranlai/Dataset/RAD_ChestCT/RadchestCTseg/trn09770/trn09770.nii.gz
/data4/haoranlai/Dataset/RAD_ChestCT/image/trn01691.nii.gz,/data4/haoranlai/Dataset/RAD_ChestCT/RadchestCTseg/trn01691/trn01691.nii.gz
/data4/haoranlai/Dataset/RAD_ChestCT/image/trn03353.nii.gz,/data4/haoranlai/Dataset/RAD_ChestCT/RadchestCTseg/trn03353/trn03353.nii.gz
/data4/haoranlai/Dataset/RAD_ChestCT/image/trn22307.nii.gz,/data4/haoranlai/Dataset/RAD_ChestCT/RadchestCTseg/trn22307/trn22307.nii.gz
/data4/haoranlai/Dataset/RAD_ChestCT/image/trn07119.nii.gz,/data4/haoranlai/Dataset/RAD_ChestCT/RadchestCTseg/trn07119/trn07119.nii.gz
/data4/haoranlai/Dataset/RAD_ChestCT/image/trn15892.nii.gz,/data4/haoranlai/Dataset/RAD_ChestCT/RadchestCTseg/trn15892/trn15892.nii.gz
/data4/haoranlai/Dataset/RAD_ChestCT/image/trn08391.nii.gz,/data4/haoranlai/Dataset/RAD_ChestCT/RadchestCTseg/trn08391/trn08391.nii.gz
/data4/haoranlai/Dataset/RAD_ChestCT/image/trn12986.nii.gz,/data4/haoranlai/Dataset/RAD_ChestCT/RadchestCTseg/trn12986/trn12986.nii.gz
/data4/haoranlai/Dataset/RAD_ChestCT/image/trn21809.nii.gz,/data4/haoranlai/Dataset/RAD_ChestCT/RadchestCTseg/trn21809/trn21809.nii.gz
/data4/haoranlai/Dataset/RAD_ChestCT/image/trn11077.nii.gz,/data4/haoranlai/Dataset/RAD_ChestCT/RadchestCTseg/trn11077/trn11077.nii.gz
/data4/haoranlai/Dataset/RAD_ChestCT/image/trn07215.nii.gz,/data4/haoranlai/Dataset/RAD_ChestCT/RadchestCTseg/trn07215/trn07215.nii.gz
/data4/haoranlai/Dataset/RAD_ChestCT/image/trn22984.nii.gz,/data4/haoranlai/Dataset/RAD_ChestCT/RadchestCTseg/trn22984/trn22984.nii.gz
/data4/haoranlai/Dataset/RAD_ChestCT/image/trn17119.nii.gz,/data4/haoranlai/Dataset/RAD_ChestCT/RadchestCTseg/trn17119/trn17119.nii.gz
/data4/haoranlai/Dataset/RAD_ChestCT/image/trn07329.nii.gz,/data4/haoranlai/Dataset/RAD_ChestCT/RadchestCTseg/trn07329/trn07329.nii.gz
/data4/haoranlai/Dataset/RAD_ChestCT/image/trn25122.nii.gz,/data4/haoranlai/Dataset/RAD_ChestCT/RadchestCTseg/trn25122/trn25122.nii.gz
/data4/haoranlai/Dataset/RAD_ChestCT/image/trn21041.nii.gz,/data4/haoranlai/Dataset/RAD_ChestCT/RadchestCTseg/trn21041/trn21041.nii.gz
/data4/haoranlai/Dataset/RAD_ChestCT/image/trn01580.nii.gz,/data4/haoranlai/Dataset/RAD_ChestCT/RadchestCTseg/trn01580/trn01580.nii.gz
/data4/haoranlai/Dataset/RAD_ChestCT/image/trn23133.nii.gz,/data4/haoranlai/Dataset/RAD_ChestCT/RadchestCTseg/trn23133/trn23133.nii.gz
/data4/haoranlai/Dataset/RAD_ChestCT/image/trn20606.nii.gz,/data4/haoranlai/Dataset/RAD_ChestCT/RadchestCTseg/trn20606/trn20606.nii.gz
/data4/haoranlai/Dataset/RAD_ChestCT/image/trn09085.nii.gz,/data4/haoranlai/Dataset/RAD_ChestCT/RadchestCTseg/trn09085/trn09085.nii.gz
/data4/haoranlai/Dataset/RAD_ChestCT/image/trn04538.nii.gz,/data4/haoranlai/Dataset/RAD_ChestCT/RadchestCTseg/trn04538/trn04538.nii.gz
/data4/haoranlai/Dataset/RAD_ChestCT/image/trn09955.nii.gz,/data4/haoranlai/Dataset/RAD_ChestCT/RadchestCTseg/trn09955/trn09955.nii.gz
/data4/haoranlai/Dataset/RAD_ChestCT/image/trn23627.nii.gz,/data4/haoranlai/Dataset/RAD_ChestCT/RadchestCTseg/trn23627/trn23627.nii.gz
/data4/haoranlai/Dataset/RAD_ChestCT/image/trn05029.nii.gz,/data4/haoranlai/Dataset/RAD_ChestCT/RadchestCTseg/trn05029/trn05029.nii.gz
/data4/haoranlai/Dataset/RAD_ChestCT/image/trn12445.nii.gz,/data4/haoranlai/Dataset/RAD_ChestCT/RadchestCTseg/trn12445/trn12445.nii.gz
/data4/haoranlai/Dataset/RAD_ChestCT/image/trn14527.nii.gz,/data4/haoranlai/Dataset/RAD_ChestCT/RadchestCTseg/trn14527/trn14527.nii.gz
/data4/haoranlai/Dataset/RAD_ChestCT/image/trn13886.nii.gz,/data4/haoranlai/Dataset/RAD_ChestCT/RadchestCTseg/trn13886/trn13886.nii.gz
/data4/haoranlai/Dataset/RAD_ChestCT/image/trn23859.nii.gz,/data4/haoranlai/Dataset/RAD_ChestCT/RadchestCTseg/trn23859/trn23859.nii.gz
/data4/haoranlai/Dataset/RAD_ChestCT/image/trn01692.nii.gz,/data4/haoranlai/Dataset/RAD_ChestCT/RadchestCTseg/trn01692/trn01692.nii.gz
/data4/haoranlai/Dataset/RAD_ChestCT/image/trn17410.nii.gz,/data4/haoranlai/Dataset/RAD_ChestCT/RadchestCTseg/trn17410/trn17410.nii.gz
/data4/haoranlai/Dataset/RAD_ChestCT/image/trn12689.nii.gz,/data4/haoranlai/Dataset/RAD_ChestCT/RadchestCTseg/trn12689/trn12689.nii.gz
/data4/haoranlai/Dataset/RAD_ChestCT/image/trn05384.nii.gz,/data4/haoranlai/Dataset/RAD_ChestCT/RadchestCTseg/trn05384/trn05384.nii.gz
/data4/haoranlai/Dataset/RAD_ChestCT/image/trn23258.nii.gz,/data4/haoranlai/Dataset/RAD_ChestCT/RadchestCTseg/trn23258/trn23258.nii.gz
/data4/haoranlai/Dataset/RAD_ChestCT/image/trn10697.nii.gz,/data4/haoranlai/Dataset/RAD_ChestCT/RadchestCTseg/trn10697/trn10697.nii.gz
/data4/haoranlai/Dataset/RAD_ChestCT/image/trn03163.nii.gz,/data4/haoranlai/Dataset/RAD_ChestCT/RadchestCTseg/trn03163/trn03163.nii.gz
/data4/haoranlai/Dataset/RAD_ChestCT/image/trn16045.nii.gz,/data4/haoranlai/Dataset/RAD_ChestCT/RadchestCTseg/trn16045/trn16045.nii.gz
/data4/haoranlai/Dataset/RAD_ChestCT/image/trn17876.nii.gz,/data4/haoranlai/Dataset/RAD_ChestCT/RadchestCTseg/trn17876/trn17876.nii.gz
/data4/haoranlai/Dataset/RAD_ChestCT/image/trn24631.nii.gz,/data4/haoranlai/Dataset/RAD_ChestCT/RadchestCTseg/trn24631/trn24631.nii.gz
/data4/haoranlai/Dataset/RAD_ChestCT/image/trn12278.nii.gz,/data4/haoranlai/Dataset/RAD_ChestCT/RadchestCTseg/trn12278/trn12278.nii.gz
/data4/haoranlai/Dataset/RAD_ChestCT/image/trn00859.nii.gz,/data4/haoranlai/Dataset/RAD_ChestCT/RadchestCTseg/trn00859/trn00859.nii.gz
/data4/haoranlai/Dataset/RAD_ChestCT/image/trn00655.nii.gz,/data4/haoranlai/Dataset/RAD_ChestCT/RadchestCTseg/trn00655/trn00655.nii.gz
/data4/haoranlai/Dataset/RAD_ChestCT/image/trn17016.nii.gz,/data4/haoranlai/Dataset/RAD_ChestCT/RadchestCTseg/trn17016/trn17016.nii.gz
/data4/haoranlai/Dataset/RAD_ChestCT/image/trn18624.nii.gz,/data4/haoranlai/Dataset/RAD_ChestCT/RadchestCTseg/trn18624/trn18624.nii.gz
/data4/haoranlai/Dataset/RAD_ChestCT/image/trn24472.nii.gz,/data4/haoranlai/Dataset/RAD_ChestCT/RadchestCTseg/trn24472/trn24472.nii.gz
/data4/haoranlai/Dataset/RAD_ChestCT/image/trn23647.nii.gz,/data4/haoranlai/Dataset/RAD_ChestCT/RadchestCTseg/trn23647/trn23647.nii.gz
/data4/haoranlai/Dataset/RAD_ChestCT/image/trn09895.nii.gz,/data4/haoranlai/Dataset/RAD_ChestCT/RadchestCTseg/trn09895/trn09895.nii.gz
/data4/haoranlai/Dataset/RAD_ChestCT/image/trn06028.nii.gz,/data4/haoranlai/Dataset/RAD_ChestCT/RadchestCTseg/trn06028/trn06028.nii.gz
/data4/haoranlai/Dataset/RAD_ChestCT/image/trn24681.nii.gz,/data4/haoranlai/Dataset/RAD_ChestCT/RadchestCTseg/trn24681/trn24681.nii.gz
/data4/haoranlai/Dataset/RAD_ChestCT/image/trn06507.nii.gz,/data4/haoranlai/Dataset/RAD_ChestCT/RadchestCTseg/trn06507/trn06507.nii.gz
/data4/haoranlai/Dataset/RAD_ChestCT/image/trn24295.nii.gz,/data4/haoranlai/Dataset/RAD_ChestCT/RadchestCTseg/trn24295/trn24295.nii.gz
/data4/haoranlai/Dataset/RAD_ChestCT/image/trn07192.nii.gz,/data4/haoranlai/Dataset/RAD_ChestCT/RadchestCTseg/trn07192/trn07192.nii.gz
/data4/haoranlai/Dataset/RAD_ChestCT/image/trn08828.nii.gz,/data4/haoranlai/Dataset/RAD_ChestCT/RadchestCTseg/trn08828/trn08828.nii.gz
/data4/haoranlai/Dataset/RAD_ChestCT/image/trn07249.nii.gz,/data4/haoranlai/Dataset/RAD_ChestCT/RadchestCTseg/trn07249/trn07249.nii.gz
/data4/haoranlai/Dataset/RAD_ChestCT/image/trn06669.nii.gz,/data4/haoranlai/Dataset/RAD_ChestCT/RadchestCTseg/trn06669/trn06669.nii.gz
/data4/haoranlai/Dataset/RAD_ChestCT/image/trn23418.nii.gz,/data4/haoranlai/Dataset/RAD_ChestCT/RadchestCTseg/trn23418/trn23418.nii.gz
/data4/haoranlai/Dataset/RAD_ChestCT/image/trn18459.nii.gz,/data4/haoranlai/Dataset/RAD_ChestCT/RadchestCTseg/trn18459/trn18459.nii.gz
/data4/haoranlai/Dataset/RAD_ChestCT/image/trn08620.nii.gz,/data4/haoranlai/Dataset/RAD_ChestCT/RadchestCTseg/trn08620/trn08620.nii.gz
/data4/haoranlai/Dataset/RAD_ChestCT/image/trn18938.nii.gz,/data4/haoranlai/Dataset/RAD_ChestCT/RadchestCTseg/trn18938/trn18938.nii.gz
/data4/haoranlai/Dataset/RAD_ChestCT/image/trn09152.nii.gz,/data4/haoranlai/Dataset/RAD_ChestCT/RadchestCTseg/trn09152/trn09152.nii.gz
/data4/haoranlai/Dataset/RAD_ChestCT/image/trn22085.nii.gz,/data4/haoranlai/Dataset/RAD_ChestCT/RadchestCTseg/trn22085/trn22085.nii.gz
/data4/haoranlai/Dataset/RAD_ChestCT/image/trn06315.nii.gz,/data4/haoranlai/Dataset/RAD_ChestCT/RadchestCTseg/trn06315/trn06315.nii.gz
/data4/haoranlai/Dataset/RAD_ChestCT/image/trn11842.nii.gz,/data4/haoranlai/Dataset/RAD_ChestCT/RadchestCTseg/trn11842/trn11842.nii.gz
/data4/haoranlai/Dataset/RAD_ChestCT/image/trn17557.nii.gz,/data4/haoranlai/Dataset/RAD_ChestCT/RadchestCTseg/trn17557/trn17557.nii.gz
/data4/haoranlai/Dataset/RAD_ChestCT/image/trn24133.nii.gz,/data4/haoranlai/Dataset/RAD_ChestCT/RadchestCTseg/trn24133/trn24133.nii.gz
/data4/haoranlai/Dataset/RAD_ChestCT/image/trn19568.nii.gz,/data4/haoranlai/Dataset/RAD_ChestCT/RadchestCTseg/trn19568/trn19568.nii.gz
/data4/haoranlai/Dataset/RAD_ChestCT/image/trn00918.nii.gz,/data4/haoranlai/Dataset/RAD_ChestCT/RadchestCTseg/trn00918/trn00918.nii.gz
/data4/haoranlai/Dataset/RAD_ChestCT/image/trn11148.nii.gz,/data4/haoranlai/Dataset/RAD_ChestCT/RadchestCTseg/trn11148/trn11148.nii.gz
/data4/haoranlai/Dataset/RAD_ChestCT/image/trn10778.nii.gz,/data4/haoranlai/Dataset/RAD_ChestCT/RadchestCTseg/trn10778/trn10778.nii.gz
/data4/haoranlai/Dataset/RAD_ChestCT/image/trn09840.nii.gz,/data4/haoranlai/Dataset/RAD_ChestCT/RadchestCTseg/trn09840/trn09840.nii.gz
/data4/haoranlai/Dataset/RAD_ChestCT/image/trn06426.nii.gz,/data4/haoranlai/Dataset/RAD_ChestCT/RadchestCTseg/trn06426/trn06426.nii.gz
/data4/haoranlai/Dataset/RAD_ChestCT/image/trn20844.nii.gz,/data4/haoranlai/Dataset/RAD_ChestCT/RadchestCTseg/trn20844/trn20844.nii.gz
/data4/haoranlai/Dataset/RAD_ChestCT/image/trn15082.nii.gz,/data4/haoranlai/Dataset/RAD_ChestCT/RadchestCTseg/trn15082/trn15082.nii.gz
/data4/haoranlai/Dataset/RAD_ChestCT/image/trn05991.nii.gz,/data4/haoranlai/Dataset/RAD_ChestCT/RadchestCTseg/trn05991/trn05991.nii.gz
/data4/haoranlai/Dataset/RAD_ChestCT/image/trn14695.nii.gz,/data4/haoranlai/Dataset/RAD_ChestCT/RadchestCTseg/trn14695/trn14695.nii.gz
/data4/haoranlai/Dataset/RAD_ChestCT/image/trn12361.nii.gz,/data4/haoranlai/Dataset/RAD_ChestCT/RadchestCTseg/trn12361/trn12361.nii.gz
/data4/haoranlai/Dataset/RAD_ChestCT/image/trn18896.nii.gz,/data4/haoranlai/Dataset/RAD_ChestCT/RadchestCTseg/trn18896/trn18896.nii.gz
/data4/haoranlai/Dataset/RAD_ChestCT/image/trn13493.nii.gz,/data4/haoranlai/Dataset/RAD_ChestCT/RadchestCTseg/trn13493/trn13493.nii.gz
/data4/haoranlai/Dataset/RAD_ChestCT/image/trn09692.nii.gz,/data4/haoranlai/Dataset/RAD_ChestCT/RadchestCTseg/trn09692/trn09692.nii.gz
/data4/haoranlai/Dataset/RAD_ChestCT/image/trn09548.nii.gz,/data4/haoranlai/Dataset/RAD_ChestCT/RadchestCTseg/trn09548/trn09548.nii.gz
/data4/haoranlai/Dataset/RAD_ChestCT/image/trn18953.nii.gz,/data4/haoranlai/Dataset/RAD_ChestCT/RadchestCTseg/trn18953/trn18953.nii.gz
/data4/haoranlai/Dataset/RAD_ChestCT/image/trn20616.nii.gz,/data4/haoranlai/Dataset/RAD_ChestCT/RadchestCTseg/trn20616/trn20616.nii.gz
/data4/haoranlai/Dataset/RAD_ChestCT/image/trn08563.nii.gz,/data4/haoranlai/Dataset/RAD_ChestCT/RadchestCTseg/trn08563/trn08563.nii.gz
/data4/haoranlai/Dataset/RAD_ChestCT/image/trn19976.nii.gz,/data4/haoranlai/Dataset/RAD_ChestCT/RadchestCTseg/trn19976/trn19976.nii.gz
/data4/haoranlai/Dataset/RAD_ChestCT/image/trn00842.nii.gz,/data4/haoranlai/Dataset/RAD_ChestCT/RadchestCTseg/trn00842/trn00842.nii.gz
/data4/haoranlai/Dataset/RAD_ChestCT/image/trn14888.nii.gz,/data4/haoranlai/Dataset/RAD_ChestCT/RadchestCTseg/trn14888/trn14888.nii.gz
/data4/haoranlai/Dataset/RAD_ChestCT/image/trn02772.nii.gz,/data4/haoranlai/Dataset/RAD_ChestCT/RadchestCTseg/trn02772/trn02772.nii.gz
/data4/haoranlai/Dataset/RAD_ChestCT/image/trn08637.nii.gz,/data4/haoranlai/Dataset/RAD_ChestCT/RadchestCTseg/trn08637/trn08637.nii.gz
/data4/haoranlai/Dataset/RAD_ChestCT/image/trn16355.nii.gz,/data4/haoranlai/Dataset/RAD_ChestCT/RadchestCTseg/trn16355/trn16355.nii.gz
/data4/haoranlai/Dataset/RAD_ChestCT/image/trn17223.nii.gz,/data4/haoranlai/Dataset/RAD_ChestCT/RadchestCTseg/trn17223/trn17223.nii.gz
/data4/haoranlai/Dataset/RAD_ChestCT/image/trn12954.nii.gz,/data4/haoranlai/Dataset/RAD_ChestCT/RadchestCTseg/trn12954/trn12954.nii.gz
/data4/haoranlai/Dataset/RAD_ChestCT/image/trn13220.nii.gz,/data4/haoranlai/Dataset/RAD_ChestCT/RadchestCTseg/trn13220/trn13220.nii.gz
/data4/haoranlai/Dataset/RAD_ChestCT/image/trn18831.nii.gz,/data4/haoranlai/Dataset/RAD_ChestCT/RadchestCTseg/trn18831/trn18831.nii.gz
/data4/haoranlai/Dataset/RAD_ChestCT/image/trn04985.nii.gz,/data4/haoranlai/Dataset/RAD_ChestCT/RadchestCTseg/trn04985/trn04985.nii.gz
/data4/haoranlai/Dataset/RAD_ChestCT/image/trn11210.nii.gz,/data4/haoranlai/Dataset/RAD_ChestCT/RadchestCTseg/trn11210/trn11210.nii.gz
/data4/haoranlai/Dataset/RAD_ChestCT/image/trn21195.nii.gz,/data4/haoranlai/Dataset/RAD_ChestCT/RadchestCTseg/trn21195/trn21195.nii.gz
/data4/haoranlai/Dataset/RAD_ChestCT/image/trn01264.nii.gz,/data4/haoranlai/Dataset/RAD_ChestCT/RadchestCTseg/trn01264/trn01264.nii.gz
/data4/haoranlai/Dataset/RAD_ChestCT/image/trn00878.nii.gz,/data4/haoranlai/Dataset/RAD_ChestCT/RadchestCTseg/trn00878/trn00878.nii.gz
/data4/haoranlai/Dataset/RAD_ChestCT/image/trn16211.nii.gz,/data4/haoranlai/Dataset/RAD_ChestCT/RadchestCTseg/trn16211/trn16211.nii.gz
/data4/haoranlai/Dataset/RAD_ChestCT/image/trn20360.nii.gz,/data4/haoranlai/Dataset/RAD_ChestCT/RadchestCTseg/trn20360/trn20360.nii.gz
/data4/haoranlai/Dataset/RAD_ChestCT/image/trn10026.nii.gz,/data4/haoranlai/Dataset/RAD_ChestCT/RadchestCTseg/trn10026/trn10026.nii.gz
/data4/haoranlai/Dataset/RAD_ChestCT/image/trn20685.nii.gz,/data4/haoranlai/Dataset/RAD_ChestCT/RadchestCTseg/trn20685/trn20685.nii.gz
/data4/haoranlai/Dataset/RAD_ChestCT/image/trn23901.nii.gz,/data4/haoranlai/Dataset/RAD_ChestCT/RadchestCTseg/trn23901/trn23901.nii.gz
/data4/haoranlai/Dataset/RAD_ChestCT/image/trn15565.nii.gz,/data4/haoranlai/Dataset/RAD_ChestCT/RadchestCTseg/trn15565/trn15565.nii.gz
/data4/haoranlai/Dataset/RAD_ChestCT/image/trn14040.nii.gz,/data4/haoranlai/Dataset/RAD_ChestCT/RadchestCTseg/trn14040/trn14040.nii.gz
/data4/haoranlai/Dataset/RAD_ChestCT/image/trn15646.nii.gz,/data4/haoranlai/Dataset/RAD_ChestCT/RadchestCTseg/trn15646/trn15646.nii.gz
/data4/haoranlai/Dataset/RAD_ChestCT/image/trn18985.nii.gz,/data4/haoranlai/Dataset/RAD_ChestCT/RadchestCTseg/trn18985/trn18985.nii.gz
/data4/haoranlai/Dataset/RAD_ChestCT/image/trn19927.nii.gz,/data4/haoranlai/Dataset/RAD_ChestCT/RadchestCTseg/trn19927/trn19927.nii.gz
/data4/haoranlai/Dataset/RAD_ChestCT/image/trn19753.nii.gz,/data4/haoranlai/Dataset/RAD_ChestCT/RadchestCTseg/trn19753/trn19753.nii.gz
/data4/haoranlai/Dataset/RAD_ChestCT/image/trn07317.nii.gz,/data4/haoranlai/Dataset/RAD_ChestCT/RadchestCTseg/trn07317/trn07317.nii.gz
/data4/haoranlai/Dataset/RAD_ChestCT/image/trn16381.nii.gz,/data4/haoranlai/Dataset/RAD_ChestCT/RadchestCTseg/trn16381/trn16381.nii.gz
/data4/haoranlai/Dataset/RAD_ChestCT/image/trn10289.nii.gz,/data4/haoranlai/Dataset/RAD_ChestCT/RadchestCTseg/trn10289/trn10289.nii.gz
/data4/haoranlai/Dataset/RAD_ChestCT/image/trn02271.nii.gz,/data4/haoranlai/Dataset/RAD_ChestCT/RadchestCTseg/trn02271/trn02271.nii.gz
/data4/haoranlai/Dataset/RAD_ChestCT/image/trn01296.nii.gz,/data4/haoranlai/Dataset/RAD_ChestCT/RadchestCTseg/trn01296/trn01296.nii.gz
/data4/haoranlai/Dataset/RAD_ChestCT/image/trn05185.nii.gz,/data4/haoranlai/Dataset/RAD_ChestCT/RadchestCTseg/trn05185/trn05185.nii.gz
/data4/haoranlai/Dataset/RAD_ChestCT/image/trn20043.nii.gz,/data4/haoranlai/Dataset/RAD_ChestCT/RadchestCTseg/trn20043/trn20043.nii.gz
/data4/haoranlai/Dataset/RAD_ChestCT/image/trn09082.nii.gz,/data4/haoranlai/Dataset/RAD_ChestCT/RadchestCTseg/trn09082/trn09082.nii.gz
/data4/haoranlai/Dataset/RAD_ChestCT/image/trn07793.nii.gz,/data4/haoranlai/Dataset/RAD_ChestCT/RadchestCTseg/trn07793/trn07793.nii.gz
/data4/haoranlai/Dataset/RAD_ChestCT/image/trn12864.nii.gz,/data4/haoranlai/Dataset/RAD_ChestCT/RadchestCTseg/trn12864/trn12864.nii.gz
/data4/haoranlai/Dataset/RAD_ChestCT/image/trn05190.nii.gz,/data4/haoranlai/Dataset/RAD_ChestCT/RadchestCTseg/trn05190/trn05190.nii.gz
/data4/haoranlai/Dataset/RAD_ChestCT/image/trn11075.nii.gz,/data4/haoranlai/Dataset/RAD_ChestCT/RadchestCTseg/trn11075/trn11075.nii.gz
/data4/haoranlai/Dataset/RAD_ChestCT/image/trn06838.nii.gz,/data4/haoranlai/Dataset/RAD_ChestCT/RadchestCTseg/trn06838/trn06838.nii.gz
/data4/haoranlai/Dataset/RAD_ChestCT/image/trn06984.nii.gz,/data4/haoranlai/Dataset/RAD_ChestCT/RadchestCTseg/trn06984/trn06984.nii.gz
/data4/haoranlai/Dataset/RAD_ChestCT/image/trn07846.nii.gz,/data4/haoranlai/Dataset/RAD_ChestCT/RadchestCTseg/trn07846/trn07846.nii.gz
/data4/haoranlai/Dataset/RAD_ChestCT/image/trn12632.nii.gz,/data4/haoranlai/Dataset/RAD_ChestCT/RadchestCTseg/trn12632/trn12632.nii.gz
/data4/haoranlai/Dataset/RAD_ChestCT/image/trn15403.nii.gz,/data4/haoranlai/Dataset/RAD_ChestCT/RadchestCTseg/trn15403/trn15403.nii.gz
/data4/haoranlai/Dataset/RAD_ChestCT/image/trn03728.nii.gz,/data4/haoranlai/Dataset/RAD_ChestCT/RadchestCTseg/trn03728/trn03728.nii.gz
/data4/haoranlai/Dataset/RAD_ChestCT/image/trn13905.nii.gz,/data4/haoranlai/Dataset/RAD_ChestCT/RadchestCTseg/trn13905/trn13905.nii.gz
/data4/haoranlai/Dataset/RAD_ChestCT/image/trn21880.nii.gz,/data4/haoranlai/Dataset/RAD_ChestCT/RadchestCTseg/trn21880/trn21880.nii.gz
/data4/haoranlai/Dataset/RAD_ChestCT/image/trn03511.nii.gz,/data4/haoranlai/Dataset/RAD_ChestCT/RadchestCTseg/trn03511/trn03511.nii.gz
/data4/haoranlai/Dataset/RAD_ChestCT/image/trn20240.nii.gz,/data4/haoranlai/Dataset/RAD_ChestCT/RadchestCTseg/trn20240/trn20240.nii.gz
/data4/haoranlai/Dataset/RAD_ChestCT/image/trn13764.nii.gz,/data4/haoranlai/Dataset/RAD_ChestCT/RadchestCTseg/trn13764/trn13764.nii.gz
/data4/haoranlai/Dataset/RAD_ChestCT/image/trn10051.nii.gz,/data4/haoranlai/Dataset/RAD_ChestCT/RadchestCTseg/trn10051/trn10051.nii.gz
/data4/haoranlai/Dataset/RAD_ChestCT/image/trn06132.nii.gz,/data4/haoranlai/Dataset/RAD_ChestCT/RadchestCTseg/trn06132/trn06132.nii.gz
/data4/haoranlai/Dataset/RAD_ChestCT/image/trn18431.nii.gz,/data4/haoranlai/Dataset/RAD_ChestCT/RadchestCTseg/trn18431/trn18431.nii.gz
/data4/haoranlai/Dataset/RAD_ChestCT/image/trn12794.nii.gz,/data4/haoranlai/Dataset/RAD_ChestCT/RadchestCTseg/trn12794/trn12794.nii.gz
/data4/haoranlai/Dataset/RAD_ChestCT/image/trn08159.nii.gz,/data4/haoranlai/Dataset/RAD_ChestCT/RadchestCTseg/trn08159/trn08159.nii.gz
/data4/haoranlai/Dataset/RAD_ChestCT/image/trn14422.nii.gz,/data4/haoranlai/Dataset/RAD_ChestCT/RadchestCTseg/trn14422/trn14422.nii.gz
/data4/haoranlai/Dataset/RAD_ChestCT/image/trn17664.nii.gz,/data4/haoranlai/Dataset/RAD_ChestCT/RadchestCTseg/trn17664/trn17664.nii.gz
/data4/haoranlai/Dataset/RAD_ChestCT/image/trn07916.nii.gz,/data4/haoranlai/Dataset/RAD_ChestCT/RadchestCTseg/trn07916/trn07916.nii.gz
/data4/haoranlai/Dataset/RAD_ChestCT/image/trn03771.nii.gz,/data4/haoranlai/Dataset/RAD_ChestCT/RadchestCTseg/trn03771/trn03771.nii.gz
/data4/haoranlai/Dataset/RAD_ChestCT/image/trn21587.nii.gz,/data4/haoranlai/Dataset/RAD_ChestCT/RadchestCTseg/trn21587/trn21587.nii.gz
/data4/haoranlai/Dataset/RAD_ChestCT/image/trn05900.nii.gz,/data4/haoranlai/Dataset/RAD_ChestCT/RadchestCTseg/trn05900/trn05900.nii.gz
/data4/haoranlai/Dataset/RAD_ChestCT/image/trn04558.nii.gz,/data4/haoranlai/Dataset/RAD_ChestCT/RadchestCTseg/trn04558/trn04558.nii.gz
/data4/haoranlai/Dataset/RAD_ChestCT/image/trn07648.nii.gz,/data4/haoranlai/Dataset/RAD_ChestCT/RadchestCTseg/trn07648/trn07648.nii.gz
/data4/haoranlai/Dataset/RAD_ChestCT/image/trn04618.nii.gz,/data4/haoranlai/Dataset/RAD_ChestCT/RadchestCTseg/trn04618/trn04618.nii.gz
/data4/haoranlai/Dataset/RAD_ChestCT/image/trn05485.nii.gz,/data4/haoranlai/Dataset/RAD_ChestCT/RadchestCTseg/trn05485/trn05485.nii.gz
/data4/haoranlai/Dataset/RAD_ChestCT/image/trn00783.nii.gz,/data4/haoranlai/Dataset/RAD_ChestCT/RadchestCTseg/trn00783/trn00783.nii.gz
/data4/haoranlai/Dataset/RAD_ChestCT/image/trn16466.nii.gz,/data4/haoranlai/Dataset/RAD_ChestCT/RadchestCTseg/trn16466/trn16466.nii.gz
/data4/haoranlai/Dataset/RAD_ChestCT/image/trn13321.nii.gz,/data4/haoranlai/Dataset/RAD_ChestCT/RadchestCTseg/trn13321/trn13321.nii.gz
/data4/haoranlai/Dataset/RAD_ChestCT/image/trn14020.nii.gz,/data4/haoranlai/Dataset/RAD_ChestCT/RadchestCTseg/trn14020/trn14020.nii.gz
/data4/haoranlai/Dataset/RAD_ChestCT/image/trn00936.nii.gz,/data4/haoranlai/Dataset/RAD_ChestCT/RadchestCTseg/trn00936/trn00936.nii.gz
/data4/haoranlai/Dataset/RAD_ChestCT/image/trn25080.nii.gz,/data4/haoranlai/Dataset/RAD_ChestCT/RadchestCTseg/trn25080/trn25080.nii.gz
/data4/haoranlai/Dataset/RAD_ChestCT/image/trn01688.nii.gz,/data4/haoranlai/Dataset/RAD_ChestCT/RadchestCTseg/trn01688/trn01688.nii.gz
/data4/haoranlai/Dataset/RAD_ChestCT/image/trn05542.nii.gz,/data4/haoranlai/Dataset/RAD_ChestCT/RadchestCTseg/trn05542/trn05542.nii.gz
/data4/haoranlai/Dataset/RAD_ChestCT/image/trn18706.nii.gz,/data4/haoranlai/Dataset/RAD_ChestCT/RadchestCTseg/trn18706/trn18706.nii.gz
/data4/haoranlai/Dataset/RAD_ChestCT/image/trn02578.nii.gz,/data4/haoranlai/Dataset/RAD_ChestCT/RadchestCTseg/trn02578/trn02578.nii.gz
/data4/haoranlai/Dataset/RAD_ChestCT/image/trn16220.nii.gz,/data4/haoranlai/Dataset/RAD_ChestCT/RadchestCTseg/trn16220/trn16220.nii.gz
/data4/haoranlai/Dataset/RAD_ChestCT/image/trn17412.nii.gz,/data4/haoranlai/Dataset/RAD_ChestCT/RadchestCTseg/trn17412/trn17412.nii.gz
/data4/haoranlai/Dataset/RAD_ChestCT/image/trn19909.nii.gz,/data4/haoranlai/Dataset/RAD_ChestCT/RadchestCTseg/trn19909/trn19909.nii.gz
/data4/haoranlai/Dataset/RAD_ChestCT/image/trn02953.nii.gz,/data4/haoranlai/Dataset/RAD_ChestCT/RadchestCTseg/trn02953/trn02953.nii.gz
/data4/haoranlai/Dataset/RAD_ChestCT/image/trn00468.nii.gz,/data4/haoranlai/Dataset/RAD_ChestCT/RadchestCTseg/trn00468/trn00468.nii.gz
/data4/haoranlai/Dataset/RAD_ChestCT/image/trn21792.nii.gz,/data4/haoranlai/Dataset/RAD_ChestCT/RadchestCTseg/trn21792/trn21792.nii.gz
/data4/haoranlai/Dataset/RAD_ChestCT/image/trn09518.nii.gz,/data4/haoranlai/Dataset/RAD_ChestCT/RadchestCTseg/trn09518/trn09518.nii.gz
/data4/haoranlai/Dataset/RAD_ChestCT/image/trn10211.nii.gz,/data4/haoranlai/Dataset/RAD_ChestCT/RadchestCTseg/trn10211/trn10211.nii.gz
/data4/haoranlai/Dataset/RAD_ChestCT/image/trn04237.nii.gz,/data4/haoranlai/Dataset/RAD_ChestCT/RadchestCTseg/trn04237/trn04237.nii.gz
/data4/haoranlai/Dataset/RAD_ChestCT/image/trn07847.nii.gz,/data4/haoranlai/Dataset/RAD_ChestCT/RadchestCTseg/trn07847/trn07847.nii.gz
/data4/haoranlai/Dataset/RAD_ChestCT/image/trn20678.nii.gz,/data4/haoranlai/Dataset/RAD_ChestCT/RadchestCTseg/trn20678/trn20678.nii.gz
/data4/haoranlai/Dataset/RAD_ChestCT/image/trn05048.nii.gz,/data4/haoranlai/Dataset/RAD_ChestCT/RadchestCTseg/trn05048/trn05048.nii.gz
/data4/haoranlai/Dataset/RAD_ChestCT/image/trn19341.nii.gz,/data4/haoranlai/Dataset/RAD_ChestCT/RadchestCTseg/trn19341/trn19341.nii.gz
/data4/haoranlai/Dataset/RAD_ChestCT/image/trn00252.nii.gz,/data4/haoranlai/Dataset/RAD_ChestCT/RadchestCTseg/trn00252/trn00252.nii.gz
/data4/haoranlai/Dataset/RAD_ChestCT/image/trn01680.nii.gz,/data4/haoranlai/Dataset/RAD_ChestCT/RadchestCTseg/trn01680/trn01680.nii.gz
/data4/haoranlai/Dataset/RAD_ChestCT/image/trn23948.nii.gz,/data4/haoranlai/Dataset/RAD_ChestCT/RadchestCTseg/trn23948/trn23948.nii.gz
/data4/haoranlai/Dataset/RAD_ChestCT/image/trn13628.nii.gz,/data4/haoranlai/Dataset/RAD_ChestCT/RadchestCTseg/trn13628/trn13628.nii.gz
/data4/haoranlai/Dataset/RAD_ChestCT/image/trn05183.nii.gz,/data4/haoranlai/Dataset/RAD_ChestCT/RadchestCTseg/trn05183/trn05183.nii.gz
/data4/haoranlai/Dataset/RAD_ChestCT/image/trn09651.nii.gz,/data4/haoranlai/Dataset/RAD_ChestCT/RadchestCTseg/trn09651/trn09651.nii.gz
/data4/haoranlai/Dataset/RAD_ChestCT/image/trn12446.nii.gz,/data4/haoranlai/Dataset/RAD_ChestCT/RadchestCTseg/trn12446/trn12446.nii.gz
/data4/haoranlai/Dataset/RAD_ChestCT/image/trn11273.nii.gz,/data4/haoranlai/Dataset/RAD_ChestCT/RadchestCTseg/trn11273/trn11273.nii.gz
/data4/haoranlai/Dataset/RAD_ChestCT/image/trn19671.nii.gz,/data4/haoranlai/Dataset/RAD_ChestCT/RadchestCTseg/trn19671/trn19671.nii.gz
/data4/haoranlai/Dataset/RAD_ChestCT/image/trn04481.nii.gz,/data4/haoranlai/Dataset/RAD_ChestCT/RadchestCTseg/trn04481/trn04481.nii.gz
/data4/haoranlai/Dataset/RAD_ChestCT/image/trn04037.nii.gz,/data4/haoranlai/Dataset/RAD_ChestCT/RadchestCTseg/trn04037/trn04037.nii.gz
/data4/haoranlai/Dataset/RAD_ChestCT/image/trn06313.nii.gz,/data4/haoranlai/Dataset/RAD_ChestCT/RadchestCTseg/trn06313/trn06313.nii.gz
/data4/haoranlai/Dataset/RAD_ChestCT/image/trn09320.nii.gz,/data4/haoranlai/Dataset/RAD_ChestCT/RadchestCTseg/trn09320/trn09320.nii.gz
/data4/haoranlai/Dataset/RAD_ChestCT/image/trn12987.nii.gz,/data4/haoranlai/Dataset/RAD_ChestCT/RadchestCTseg/trn12987/trn12987.nii.gz
/data4/haoranlai/Dataset/RAD_ChestCT/image/trn17647.nii.gz,/data4/haoranlai/Dataset/RAD_ChestCT/RadchestCTseg/trn17647/trn17647.nii.gz
/data4/haoranlai/Dataset/RAD_ChestCT/image/trn18747.nii.gz,/data4/haoranlai/Dataset/RAD_ChestCT/RadchestCTseg/trn18747/trn18747.nii.gz
/data4/haoranlai/Dataset/RAD_ChestCT/image/trn09164.nii.gz,/data4/haoranlai/Dataset/RAD_ChestCT/RadchestCTseg/trn09164/trn09164.nii.gz
/data4/haoranlai/Dataset/RAD_ChestCT/image/trn02341.nii.gz,/data4/haoranlai/Dataset/RAD_ChestCT/RadchestCTseg/trn02341/trn02341.nii.gz
/data4/haoranlai/Dataset/RAD_ChestCT/image/trn11546.nii.gz,/data4/haoranlai/Dataset/RAD_ChestCT/RadchestCTseg/trn11546/trn11546.nii.gz
/data4/haoranlai/Dataset/RAD_ChestCT/image/trn17853.nii.gz,/data4/haoranlai/Dataset/RAD_ChestCT/RadchestCTseg/trn17853/trn17853.nii.gz
/data4/haoranlai/Dataset/RAD_ChestCT/image/trn01269.nii.gz,/data4/haoranlai/Dataset/RAD_ChestCT/RadchestCTseg/trn01269/trn01269.nii.gz
/data4/haoranlai/Dataset/RAD_ChestCT/image/trn13640.nii.gz,/data4/haoranlai/Dataset/RAD_ChestCT/RadchestCTseg/trn13640/trn13640.nii.gz
/data4/haoranlai/Dataset/RAD_ChestCT/image/trn11772.nii.gz,/data4/haoranlai/Dataset/RAD_ChestCT/RadchestCTseg/trn11772/trn11772.nii.gz
/data4/haoranlai/Dataset/RAD_ChestCT/image/trn14505.nii.gz,/data4/haoranlai/Dataset/RAD_ChestCT/RadchestCTseg/trn14505/trn14505.nii.gz
/data4/haoranlai/Dataset/RAD_ChestCT/image/trn12772.nii.gz,/data4/haoranlai/Dataset/RAD_ChestCT/RadchestCTseg/trn12772/trn12772.nii.gz
/data4/haoranlai/Dataset/RAD_ChestCT/image/trn05702.nii.gz,/data4/haoranlai/Dataset/RAD_ChestCT/RadchestCTseg/trn05702/trn05702.nii.gz
/data4/haoranlai/Dataset/RAD_ChestCT/image/trn10452.nii.gz,/data4/haoranlai/Dataset/RAD_ChestCT/RadchestCTseg/trn10452/trn10452.nii.gz
/data4/haoranlai/Dataset/RAD_ChestCT/image/trn02347.nii.gz,/data4/haoranlai/Dataset/RAD_ChestCT/RadchestCTseg/trn02347/trn02347.nii.gz
/data4/haoranlai/Dataset/RAD_ChestCT/image/trn12917.nii.gz,/data4/haoranlai/Dataset/RAD_ChestCT/RadchestCTseg/trn12917/trn12917.nii.gz
/data4/haoranlai/Dataset/RAD_ChestCT/image/trn23883.nii.gz,/data4/haoranlai/Dataset/RAD_ChestCT/RadchestCTseg/trn23883/trn23883.nii.gz
/data4/haoranlai/Dataset/RAD_ChestCT/image/trn08152.nii.gz,/data4/haoranlai/Dataset/RAD_ChestCT/RadchestCTseg/trn08152/trn08152.nii.gz
/data4/haoranlai/Dataset/RAD_ChestCT/image/trn10287.nii.gz,/data4/haoranlai/Dataset/RAD_ChestCT/RadchestCTseg/trn10287/trn10287.nii.gz
/data4/haoranlai/Dataset/RAD_ChestCT/image/trn18254.nii.gz,/data4/haoranlai/Dataset/RAD_ChestCT/RadchestCTseg/trn18254/trn18254.nii.gz
/data4/haoranlai/Dataset/RAD_ChestCT/image/trn12059.nii.gz,/data4/haoranlai/Dataset/RAD_ChestCT/RadchestCTseg/trn12059/trn12059.nii.gz
/data4/haoranlai/Dataset/RAD_ChestCT/image/trn13417.nii.gz,/data4/haoranlai/Dataset/RAD_ChestCT/RadchestCTseg/trn13417/trn13417.nii.gz
/data4/haoranlai/Dataset/RAD_ChestCT/image/trn13465.nii.gz,/data4/haoranlai/Dataset/RAD_ChestCT/RadchestCTseg/trn13465/trn13465.nii.gz
/data4/haoranlai/Dataset/RAD_ChestCT/image/trn17380.nii.gz,/data4/haoranlai/Dataset/RAD_ChestCT/RadchestCTseg/trn17380/trn17380.nii.gz
/data4/haoranlai/Dataset/RAD_ChestCT/image/trn03981.nii.gz,/data4/haoranlai/Dataset/RAD_ChestCT/RadchestCTseg/trn03981/trn03981.nii.gz
/data4/haoranlai/Dataset/RAD_ChestCT/image/trn02152.nii.gz,/data4/haoranlai/Dataset/RAD_ChestCT/RadchestCTseg/trn02152/trn02152.nii.gz
/data4/haoranlai/Dataset/RAD_ChestCT/image/trn00857.nii.gz,/data4/haoranlai/Dataset/RAD_ChestCT/RadchestCTseg/trn00857/trn00857.nii.gz
/data4/haoranlai/Dataset/RAD_ChestCT/image/trn18808.nii.gz,/data4/haoranlai/Dataset/RAD_ChestCT/RadchestCTseg/trn18808/trn18808.nii.gz
/data4/haoranlai/Dataset/RAD_ChestCT/image/trn06947.nii.gz,/data4/haoranlai/Dataset/RAD_ChestCT/RadchestCTseg/trn06947/trn06947.nii.gz
/data4/haoranlai/Dataset/RAD_ChestCT/image/trn12375.nii.gz,/data4/haoranlai/Dataset/RAD_ChestCT/RadchestCTseg/trn12375/trn12375.nii.gz
/data4/haoranlai/Dataset/RAD_ChestCT/image/trn22106.nii.gz,/data4/haoranlai/Dataset/RAD_ChestCT/RadchestCTseg/trn22106/trn22106.nii.gz
/data4/haoranlai/Dataset/RAD_ChestCT/image/trn21242.nii.gz,/data4/haoranlai/Dataset/RAD_ChestCT/RadchestCTseg/trn21242/trn21242.nii.gz
/data4/haoranlai/Dataset/RAD_ChestCT/image/trn03527.nii.gz,/data4/haoranlai/Dataset/RAD_ChestCT/RadchestCTseg/trn03527/trn03527.nii.gz
/data4/haoranlai/Dataset/RAD_ChestCT/image/trn15885.nii.gz,/data4/haoranlai/Dataset/RAD_ChestCT/RadchestCTseg/trn15885/trn15885.nii.gz
/data4/haoranlai/Dataset/RAD_ChestCT/image/trn17692.nii.gz,/data4/haoranlai/Dataset/RAD_ChestCT/RadchestCTseg/trn17692/trn17692.nii.gz
/data4/haoranlai/Dataset/RAD_ChestCT/image/trn20030.nii.gz,/data4/haoranlai/Dataset/RAD_ChestCT/RadchestCTseg/trn20030/trn20030.nii.gz
/data4/haoranlai/Dataset/RAD_ChestCT/image/trn18191.nii.gz,/data4/haoranlai/Dataset/RAD_ChestCT/RadchestCTseg/trn18191/trn18191.nii.gz
/data4/haoranlai/Dataset/RAD_ChestCT/image/trn04638.nii.gz,/data4/haoranlai/Dataset/RAD_ChestCT/RadchestCTseg/trn04638/trn04638.nii.gz
/data4/haoranlai/Dataset/RAD_ChestCT/image/trn03189.nii.gz,/data4/haoranlai/Dataset/RAD_ChestCT/RadchestCTseg/trn03189/trn03189.nii.gz
/data4/haoranlai/Dataset/RAD_ChestCT/image/trn20132.nii.gz,/data4/haoranlai/Dataset/RAD_ChestCT/RadchestCTseg/trn20132/trn20132.nii.gz
/data4/haoranlai/Dataset/RAD_ChestCT/image/trn02755.nii.gz,/data4/haoranlai/Dataset/RAD_ChestCT/RadchestCTseg/trn02755/trn02755.nii.gz
/data4/haoranlai/Dataset/RAD_ChestCT/image/trn07418.nii.gz,/data4/haoranlai/Dataset/RAD_ChestCT/RadchestCTseg/trn07418/trn07418.nii.gz
/data4/haoranlai/Dataset/RAD_ChestCT/image/trn12304.nii.gz,/data4/haoranlai/Dataset/RAD_ChestCT/RadchestCTseg/trn12304/trn12304.nii.gz
/data4/haoranlai/Dataset/RAD_ChestCT/image/trn24548.nii.gz,/data4/haoranlai/Dataset/RAD_ChestCT/RadchestCTseg/trn24548/trn24548.nii.gz
/data4/haoranlai/Dataset/RAD_ChestCT/image/trn22444.nii.gz,/data4/haoranlai/Dataset/RAD_ChestCT/RadchestCTseg/trn22444/trn22444.nii.gz
/data4/haoranlai/Dataset/RAD_ChestCT/image/trn12116.nii.gz,/data4/haoranlai/Dataset/RAD_ChestCT/RadchestCTseg/trn12116/trn12116.nii.gz
/data4/haoranlai/Dataset/RAD_ChestCT/image/trn05870.nii.gz,/data4/haoranlai/Dataset/RAD_ChestCT/RadchestCTseg/trn05870/trn05870.nii.gz
/data4/haoranlai/Dataset/RAD_ChestCT/image/trn04884.nii.gz,/data4/haoranlai/Dataset/RAD_ChestCT/RadchestCTseg/trn04884/trn04884.nii.gz
/data4/haoranlai/Dataset/RAD_ChestCT/image/trn02187.nii.gz,/data4/haoranlai/Dataset/RAD_ChestCT/RadchestCTseg/trn02187/trn02187.nii.gz
/data4/haoranlai/Dataset/RAD_ChestCT/image/trn06071.nii.gz,/data4/haoranlai/Dataset/RAD_ChestCT/RadchestCTseg/trn06071/trn06071.nii.gz
/data4/haoranlai/Dataset/RAD_ChestCT/image/trn04184.nii.gz,/data4/haoranlai/Dataset/RAD_ChestCT/RadchestCTseg/trn04184/trn04184.nii.gz
/data4/haoranlai/Dataset/RAD_ChestCT/image/trn10094.nii.gz,/data4/haoranlai/Dataset/RAD_ChestCT/RadchestCTseg/trn10094/trn10094.nii.gz
/data4/haoranlai/Dataset/RAD_ChestCT/image/trn14243.nii.gz,/data4/haoranlai/Dataset/RAD_ChestCT/RadchestCTseg/trn14243/trn14243.nii.gz
/data4/haoranlai/Dataset/RAD_ChestCT/image/trn12842.nii.gz,/data4/haoranlai/Dataset/RAD_ChestCT/RadchestCTseg/trn12842/trn12842.nii.gz
/data4/haoranlai/Dataset/RAD_ChestCT/image/trn22585.nii.gz,/data4/haoranlai/Dataset/RAD_ChestCT/RadchestCTseg/trn22585/trn22585.nii.gz
/data4/haoranlai/Dataset/RAD_ChestCT/image/trn18863.nii.gz,/data4/haoranlai/Dataset/RAD_ChestCT/RadchestCTseg/trn18863/trn18863.nii.gz
/data4/haoranlai/Dataset/RAD_ChestCT/image/trn20477.nii.gz,/data4/haoranlai/Dataset/RAD_ChestCT/RadchestCTseg/trn20477/trn20477.nii.gz
/data4/haoranlai/Dataset/RAD_ChestCT/image/trn10386.nii.gz,/data4/haoranlai/Dataset/RAD_ChestCT/RadchestCTseg/trn10386/trn10386.nii.gz
/data4/haoranlai/Dataset/RAD_ChestCT/image/trn10203.nii.gz,/data4/haoranlai/Dataset/RAD_ChestCT/RadchestCTseg/trn10203/trn10203.nii.gz
/data4/haoranlai/Dataset/RAD_ChestCT/image/trn08978.nii.gz,/data4/haoranlai/Dataset/RAD_ChestCT/RadchestCTseg/trn08978/trn08978.nii.gz
/data4/haoranlai/Dataset/RAD_ChestCT/image/trn25096.nii.gz,/data4/haoranlai/Dataset/RAD_ChestCT/RadchestCTseg/trn25096/trn25096.nii.gz
/data4/haoranlai/Dataset/RAD_ChestCT/image/trn11260.nii.gz,/data4/haoranlai/Dataset/RAD_ChestCT/RadchestCTseg/trn11260/trn11260.nii.gz
/data4/haoranlai/Dataset/RAD_ChestCT/image/trn24327.nii.gz,/data4/haoranlai/Dataset/RAD_ChestCT/RadchestCTseg/trn24327/trn24327.nii.gz
/data4/haoranlai/Dataset/RAD_ChestCT/image/trn01661.nii.gz,/data4/haoranlai/Dataset/RAD_ChestCT/RadchestCTseg/trn01661/trn01661.nii.gz
/data4/haoranlai/Dataset/RAD_ChestCT/image/trn08759.nii.gz,/data4/haoranlai/Dataset/RAD_ChestCT/RadchestCTseg/trn08759/trn08759.nii.gz
/data4/haoranlai/Dataset/RAD_ChestCT/image/trn03808.nii.gz,/data4/haoranlai/Dataset/RAD_ChestCT/RadchestCTseg/trn03808/trn03808.nii.gz
/data4/haoranlai/Dataset/RAD_ChestCT/image/trn04771.nii.gz,/data4/haoranlai/Dataset/RAD_ChestCT/RadchestCTseg/trn04771/trn04771.nii.gz
/data4/haoranlai/Dataset/RAD_ChestCT/image/trn00506.nii.gz,/data4/haoranlai/Dataset/RAD_ChestCT/RadchestCTseg/trn00506/trn00506.nii.gz
/data4/haoranlai/Dataset/RAD_ChestCT/image/trn10917.nii.gz,/data4/haoranlai/Dataset/RAD_ChestCT/RadchestCTseg/trn10917/trn10917.nii.gz
/data4/haoranlai/Dataset/RAD_ChestCT/image/trn08283.nii.gz,/data4/haoranlai/Dataset/RAD_ChestCT/RadchestCTseg/trn08283/trn08283.nii.gz
/data4/haoranlai/Dataset/RAD_ChestCT/image/trn15040.nii.gz,/data4/haoranlai/Dataset/RAD_ChestCT/RadchestCTseg/trn15040/trn15040.nii.gz
/data4/haoranlai/Dataset/RAD_ChestCT/image/trn24742.nii.gz,/data4/haoranlai/Dataset/RAD_ChestCT/RadchestCTseg/trn24742/trn24742.nii.gz
/data4/haoranlai/Dataset/RAD_ChestCT/image/trn17599.nii.gz,/data4/haoranlai/Dataset/RAD_ChestCT/RadchestCTseg/trn17599/trn17599.nii.gz
/data4/haoranlai/Dataset/RAD_ChestCT/image/trn21493.nii.gz,/data4/haoranlai/Dataset/RAD_ChestCT/RadchestCTseg/trn21493/trn21493.nii.gz
/data4/haoranlai/Dataset/RAD_ChestCT/image/trn20782.nii.gz,/data4/haoranlai/Dataset/RAD_ChestCT/RadchestCTseg/trn20782/trn20782.nii.gz
/data4/haoranlai/Dataset/RAD_ChestCT/image/trn03541.nii.gz,/data4/haoranlai/Dataset/RAD_ChestCT/RadchestCTseg/trn03541/trn03541.nii.gz
/data4/haoranlai/Dataset/RAD_ChestCT/image/trn21131.nii.gz,/data4/haoranlai/Dataset/RAD_ChestCT/RadchestCTseg/trn21131/trn21131.nii.gz
/data4/haoranlai/Dataset/RAD_ChestCT/image/trn23655.nii.gz,/data4/haoranlai/Dataset/RAD_ChestCT/RadchestCTseg/trn23655/trn23655.nii.gz
/data4/haoranlai/Dataset/RAD_ChestCT/image/trn12996.nii.gz,/data4/haoranlai/Dataset/RAD_ChestCT/RadchestCTseg/trn12996/trn12996.nii.gz
/data4/haoranlai/Dataset/RAD_ChestCT/image/trn11760.nii.gz,/data4/haoranlai/Dataset/RAD_ChestCT/RadchestCTseg/trn11760/trn11760.nii.gz
/data4/haoranlai/Dataset/RAD_ChestCT/image/trn04556.nii.gz,/data4/haoranlai/Dataset/RAD_ChestCT/RadchestCTseg/trn04556/trn04556.nii.gz
/data4/haoranlai/Dataset/RAD_ChestCT/image/trn13224.nii.gz,/data4/haoranlai/Dataset/RAD_ChestCT/RadchestCTseg/trn13224/trn13224.nii.gz
/data4/haoranlai/Dataset/RAD_ChestCT/image/trn09775.nii.gz,/data4/haoranlai/Dataset/RAD_ChestCT/RadchestCTseg/trn09775/trn09775.nii.gz
/data4/haoranlai/Dataset/RAD_ChestCT/image/trn10367.nii.gz,/data4/haoranlai/Dataset/RAD_ChestCT/RadchestCTseg/trn10367/trn10367.nii.gz
/data4/haoranlai/Dataset/RAD_ChestCT/image/trn11943.nii.gz,/data4/haoranlai/Dataset/RAD_ChestCT/RadchestCTseg/trn11943/trn11943.nii.gz
/data4/haoranlai/Dataset/RAD_ChestCT/image/trn00866.nii.gz,/data4/haoranlai/Dataset/RAD_ChestCT/RadchestCTseg/trn00866/trn00866.nii.gz
/data4/haoranlai/Dataset/RAD_ChestCT/image/trn01886.nii.gz,/data4/haoranlai/Dataset/RAD_ChestCT/RadchestCTseg/trn01886/trn01886.nii.gz
/data4/haoranlai/Dataset/RAD_ChestCT/image/trn07024.nii.gz,/data4/haoranlai/Dataset/RAD_ChestCT/RadchestCTseg/trn07024/trn07024.nii.gz
/data4/haoranlai/Dataset/RAD_ChestCT/image/trn14319.nii.gz,/data4/haoranlai/Dataset/RAD_ChestCT/RadchestCTseg/trn14319/trn14319.nii.gz
/data4/haoranlai/Dataset/RAD_ChestCT/image/trn01571.nii.gz,/data4/haoranlai/Dataset/RAD_ChestCT/RadchestCTseg/trn01571/trn01571.nii.gz
/data4/haoranlai/Dataset/RAD_ChestCT/image/trn15541.nii.gz,/data4/haoranlai/Dataset/RAD_ChestCT/RadchestCTseg/trn15541/trn15541.nii.gz
/data4/haoranlai/Dataset/RAD_ChestCT/image/trn22957.nii.gz,/data4/haoranlai/Dataset/RAD_ChestCT/RadchestCTseg/trn22957/trn22957.nii.gz
/data4/haoranlai/Dataset/RAD_ChestCT/image/trn11187.nii.gz,/data4/haoranlai/Dataset/RAD_ChestCT/RadchestCTseg/trn11187/trn11187.nii.gz
/data4/haoranlai/Dataset/RAD_ChestCT/image/trn13711.nii.gz,/data4/haoranlai/Dataset/RAD_ChestCT/RadchestCTseg/trn13711/trn13711.nii.gz
/data4/haoranlai/Dataset/RAD_ChestCT/image/trn14325.nii.gz,/data4/haoranlai/Dataset/RAD_ChestCT/RadchestCTseg/trn14325/trn14325.nii.gz
/data4/haoranlai/Dataset/RAD_ChestCT/image/trn04587.nii.gz,/data4/haoranlai/Dataset/RAD_ChestCT/RadchestCTseg/trn04587/trn04587.nii.gz
/data4/haoranlai/Dataset/RAD_ChestCT/image/trn16248.nii.gz,/data4/haoranlai/Dataset/RAD_ChestCT/RadchestCTseg/trn16248/trn16248.nii.gz
/data4/haoranlai/Dataset/RAD_ChestCT/image/trn24854.nii.gz,/data4/haoranlai/Dataset/RAD_ChestCT/RadchestCTseg/trn24854/trn24854.nii.gz
/data4/haoranlai/Dataset/RAD_ChestCT/image/trn03836.nii.gz,/data4/haoranlai/Dataset/RAD_ChestCT/RadchestCTseg/trn03836/trn03836.nii.gz
/data4/haoranlai/Dataset/RAD_ChestCT/image/trn08072.nii.gz,/data4/haoranlai/Dataset/RAD_ChestCT/RadchestCTseg/trn08072/trn08072.nii.gz
/data4/haoranlai/Dataset/RAD_ChestCT/image/trn00270.nii.gz,/data4/haoranlai/Dataset/RAD_ChestCT/RadchestCTseg/trn00270/trn00270.nii.gz
/data4/haoranlai/Dataset/RAD_ChestCT/image/trn08582.nii.gz,/data4/haoranlai/Dataset/RAD_ChestCT/RadchestCTseg/trn08582/trn08582.nii.gz
/data4/haoranlai/Dataset/RAD_ChestCT/image/trn05036.nii.gz,/data4/haoranlai/Dataset/RAD_ChestCT/RadchestCTseg/trn05036/trn05036.nii.gz
/data4/haoranlai/Dataset/RAD_ChestCT/image/trn21074.nii.gz,/data4/haoranlai/Dataset/RAD_ChestCT/RadchestCTseg/trn21074/trn21074.nii.gz
/data4/haoranlai/Dataset/RAD_ChestCT/image/trn08275.nii.gz,/data4/haoranlai/Dataset/RAD_ChestCT/RadchestCTseg/trn08275/trn08275.nii.gz
/data4/haoranlai/Dataset/RAD_ChestCT/image/trn16085.nii.gz,/data4/haoranlai/Dataset/RAD_ChestCT/RadchestCTseg/trn16085/trn16085.nii.gz
/data4/haoranlai/Dataset/RAD_ChestCT/image/trn22365.nii.gz,/data4/haoranlai/Dataset/RAD_ChestCT/RadchestCTseg/trn22365/trn22365.nii.gz
/data4/haoranlai/Dataset/RAD_ChestCT/image/trn10379.nii.gz,/data4/haoranlai/Dataset/RAD_ChestCT/RadchestCTseg/trn10379/trn10379.nii.gz
/data4/haoranlai/Dataset/RAD_ChestCT/image/trn12912.nii.gz,/data4/haoranlai/Dataset/RAD_ChestCT/RadchestCTseg/trn12912/trn12912.nii.gz
/data4/haoranlai/Dataset/RAD_ChestCT/image/trn19497.nii.gz,/data4/haoranlai/Dataset/RAD_ChestCT/RadchestCTseg/trn19497/trn19497.nii.gz
/data4/haoranlai/Dataset/RAD_ChestCT/image/trn11237.nii.gz,/data4/haoranlai/Dataset/RAD_ChestCT/RadchestCTseg/trn11237/trn11237.nii.gz
/data4/haoranlai/Dataset/RAD_ChestCT/image/trn20482.nii.gz,/data4/haoranlai/Dataset/RAD_ChestCT/RadchestCTseg/trn20482/trn20482.nii.gz
/data4/haoranlai/Dataset/RAD_ChestCT/image/trn17033.nii.gz,/data4/haoranlai/Dataset/RAD_ChestCT/RadchestCTseg/trn17033/trn17033.nii.gz
/data4/haoranlai/Dataset/RAD_ChestCT/image/trn19141.nii.gz,/data4/haoranlai/Dataset/RAD_ChestCT/RadchestCTseg/trn19141/trn19141.nii.gz
/data4/haoranlai/Dataset/RAD_ChestCT/image/trn17337.nii.gz,/data4/haoranlai/Dataset/RAD_ChestCT/RadchestCTseg/trn17337/trn17337.nii.gz
/data4/haoranlai/Dataset/RAD_ChestCT/image/trn13452.nii.gz,/data4/haoranlai/Dataset/RAD_ChestCT/RadchestCTseg/trn13452/trn13452.nii.gz
/data4/haoranlai/Dataset/RAD_ChestCT/image/trn11901.nii.gz,/data4/haoranlai/Dataset/RAD_ChestCT/RadchestCTseg/trn11901/trn11901.nii.gz
/data4/haoranlai/Dataset/RAD_ChestCT/image/trn13423.nii.gz,/data4/haoranlai/Dataset/RAD_ChestCT/RadchestCTseg/trn13423/trn13423.nii.gz
/data4/haoranlai/Dataset/RAD_ChestCT/image/trn17019.nii.gz,/data4/haoranlai/Dataset/RAD_ChestCT/RadchestCTseg/trn17019/trn17019.nii.gz
/data4/haoranlai/Dataset/RAD_ChestCT/image/trn21046.nii.gz,/data4/haoranlai/Dataset/RAD_ChestCT/RadchestCTseg/trn21046/trn21046.nii.gz
/data4/haoranlai/Dataset/RAD_ChestCT/image/trn02653.nii.gz,/data4/haoranlai/Dataset/RAD_ChestCT/RadchestCTseg/trn02653/trn02653.nii.gz
/data4/haoranlai/Dataset/RAD_ChestCT/image/trn24008.nii.gz,/data4/haoranlai/Dataset/RAD_ChestCT/RadchestCTseg/trn24008/trn24008.nii.gz
/data4/haoranlai/Dataset/RAD_ChestCT/image/trn13250.nii.gz,/data4/haoranlai/Dataset/RAD_ChestCT/RadchestCTseg/trn13250/trn13250.nii.gz
/data4/haoranlai/Dataset/RAD_ChestCT/image/trn19974.nii.gz,/data4/haoranlai/Dataset/RAD_ChestCT/RadchestCTseg/trn19974/trn19974.nii.gz
/data4/haoranlai/Dataset/RAD_ChestCT/image/trn20290.nii.gz,/data4/haoranlai/Dataset/RAD_ChestCT/RadchestCTseg/trn20290/trn20290.nii.gz
/data4/haoranlai/Dataset/RAD_ChestCT/image/trn16577.nii.gz,/data4/haoranlai/Dataset/RAD_ChestCT/RadchestCTseg/trn16577/trn16577.nii.gz
/data4/haoranlai/Dataset/RAD_ChestCT/image/trn15992.nii.gz,/data4/haoranlai/Dataset/RAD_ChestCT/RadchestCTseg/trn15992/trn15992.nii.gz
/data4/haoranlai/Dataset/RAD_ChestCT/image/trn04692.nii.gz,/data4/haoranlai/Dataset/RAD_ChestCT/RadchestCTseg/trn04692/trn04692.nii.gz
/data4/haoranlai/Dataset/RAD_ChestCT/image/trn16652.nii.gz,/data4/haoranlai/Dataset/RAD_ChestCT/RadchestCTseg/trn16652/trn16652.nii.gz
/data4/haoranlai/Dataset/RAD_ChestCT/image/trn00994.nii.gz,/data4/haoranlai/Dataset/RAD_ChestCT/RadchestCTseg/trn00994/trn00994.nii.gz
/data4/haoranlai/Dataset/RAD_ChestCT/image/trn20260.nii.gz,/data4/haoranlai/Dataset/RAD_ChestCT/RadchestCTseg/trn20260/trn20260.nii.gz
/data4/haoranlai/Dataset/RAD_ChestCT/image/trn07859.nii.gz,/data4/haoranlai/Dataset/RAD_ChestCT/RadchestCTseg/trn07859/trn07859.nii.gz
/data4/haoranlai/Dataset/RAD_ChestCT/image/trn06094.nii.gz,/data4/haoranlai/Dataset/RAD_ChestCT/RadchestCTseg/trn06094/trn06094.nii.gz
/data4/haoranlai/Dataset/RAD_ChestCT/image/trn07990.nii.gz,/data4/haoranlai/Dataset/RAD_ChestCT/RadchestCTseg/trn07990/trn07990.nii.gz
/data4/haoranlai/Dataset/RAD_ChestCT/image/trn21180.nii.gz,/data4/haoranlai/Dataset/RAD_ChestCT/RadchestCTseg/trn21180/trn21180.nii.gz
/data4/haoranlai/Dataset/RAD_ChestCT/image/trn06347.nii.gz,/data4/haoranlai/Dataset/RAD_ChestCT/RadchestCTseg/trn06347/trn06347.nii.gz
/data4/haoranlai/Dataset/RAD_ChestCT/image/trn23319.nii.gz,/data4/haoranlai/Dataset/RAD_ChestCT/RadchestCTseg/trn23319/trn23319.nii.gz
/data4/haoranlai/Dataset/RAD_ChestCT/image/trn08651.nii.gz,/data4/haoranlai/Dataset/RAD_ChestCT/RadchestCTseg/trn08651/trn08651.nii.gz
/data4/haoranlai/Dataset/RAD_ChestCT/image/trn12046.nii.gz,/data4/haoranlai/Dataset/RAD_ChestCT/RadchestCTseg/trn12046/trn12046.nii.gz
/data4/haoranlai/Dataset/RAD_ChestCT/image/trn12416.nii.gz,/data4/haoranlai/Dataset/RAD_ChestCT/RadchestCTseg/trn12416/trn12416.nii.gz
/data4/haoranlai/Dataset/RAD_ChestCT/image/trn05839.nii.gz,/data4/haoranlai/Dataset/RAD_ChestCT/RadchestCTseg/trn05839/trn05839.nii.gz
/data4/haoranlai/Dataset/RAD_ChestCT/image/trn03572.nii.gz,/data4/haoranlai/Dataset/RAD_ChestCT/RadchestCTseg/trn03572/trn03572.nii.gz
/data4/haoranlai/Dataset/RAD_ChestCT/image/trn11164.nii.gz,/data4/haoranlai/Dataset/RAD_ChestCT/RadchestCTseg/trn11164/trn11164.nii.gz
/data4/haoranlai/Dataset/RAD_ChestCT/image/trn13499.nii.gz,/data4/haoranlai/Dataset/RAD_ChestCT/RadchestCTseg/trn13499/trn13499.nii.gz
/data4/haoranlai/Dataset/RAD_ChestCT/image/trn08614.nii.gz,/data4/haoranlai/Dataset/RAD_ChestCT/RadchestCTseg/trn08614/trn08614.nii.gz
/data4/haoranlai/Dataset/RAD_ChestCT/image/trn11603.nii.gz,/data4/haoranlai/Dataset/RAD_ChestCT/RadchestCTseg/trn11603/trn11603.nii.gz
/data4/haoranlai/Dataset/RAD_ChestCT/image/trn19235.nii.gz,/data4/haoranlai/Dataset/RAD_ChestCT/RadchestCTseg/trn19235/trn19235.nii.gz
/data4/haoranlai/Dataset/RAD_ChestCT/image/trn16094.nii.gz,/data4/haoranlai/Dataset/RAD_ChestCT/RadchestCTseg/trn16094/trn16094.nii.gz
/data4/haoranlai/Dataset/RAD_ChestCT/image/trn04475.nii.gz,/data4/haoranlai/Dataset/RAD_ChestCT/RadchestCTseg/trn04475/trn04475.nii.gz
/data4/haoranlai/Dataset/RAD_ChestCT/image/trn12153.nii.gz,/data4/haoranlai/Dataset/RAD_ChestCT/RadchestCTseg/trn12153/trn12153.nii.gz
/data4/haoranlai/Dataset/RAD_ChestCT/image/trn08105.nii.gz,/data4/haoranlai/Dataset/RAD_ChestCT/RadchestCTseg/trn08105/trn08105.nii.gz
/data4/haoranlai/Dataset/RAD_ChestCT/image/trn19356.nii.gz,/data4/haoranlai/Dataset/RAD_ChestCT/RadchestCTseg/trn19356/trn19356.nii.gz
/data4/haoranlai/Dataset/RAD_ChestCT/image/trn05119.nii.gz,/data4/haoranlai/Dataset/RAD_ChestCT/RadchestCTseg/trn05119/trn05119.nii.gz
/data4/haoranlai/Dataset/RAD_ChestCT/image/trn00907.nii.gz,/data4/haoranlai/Dataset/RAD_ChestCT/RadchestCTseg/trn00907/trn00907.nii.gz
/data4/haoranlai/Dataset/RAD_ChestCT/image/trn07949.nii.gz,/data4/haoranlai/Dataset/RAD_ChestCT/RadchestCTseg/trn07949/trn07949.nii.gz
/data4/haoranlai/Dataset/RAD_ChestCT/image/trn18846.nii.gz,/data4/haoranlai/Dataset/RAD_ChestCT/RadchestCTseg/trn18846/trn18846.nii.gz
/data4/haoranlai/Dataset/RAD_ChestCT/image/trn13975.nii.gz,/data4/haoranlai/Dataset/RAD_ChestCT/RadchestCTseg/trn13975/trn13975.nii.gz
/data4/haoranlai/Dataset/RAD_ChestCT/image/trn24859.nii.gz,/data4/haoranlai/Dataset/RAD_ChestCT/RadchestCTseg/trn24859/trn24859.nii.gz
/data4/haoranlai/Dataset/RAD_ChestCT/image/trn11474.nii.gz,/data4/haoranlai/Dataset/RAD_ChestCT/RadchestCTseg/trn11474/trn11474.nii.gz
/data4/haoranlai/Dataset/RAD_ChestCT/image/trn04051.nii.gz,/data4/haoranlai/Dataset/RAD_ChestCT/RadchestCTseg/trn04051/trn04051.nii.gz
/data4/haoranlai/Dataset/RAD_ChestCT/image/trn22063.nii.gz,/data4/haoranlai/Dataset/RAD_ChestCT/RadchestCTseg/trn22063/trn22063.nii.gz
/data4/haoranlai/Dataset/RAD_ChestCT/image/trn03638.nii.gz,/data4/haoranlai/Dataset/RAD_ChestCT/RadchestCTseg/trn03638/trn03638.nii.gz
/data4/haoranlai/Dataset/RAD_ChestCT/image/trn07463.nii.gz,/data4/haoranlai/Dataset/RAD_ChestCT/RadchestCTseg/trn07463/trn07463.nii.gz
/data4/haoranlai/Dataset/RAD_ChestCT/image/trn06739.nii.gz,/data4/haoranlai/Dataset/RAD_ChestCT/RadchestCTseg/trn06739/trn06739.nii.gz
/data4/haoranlai/Dataset/RAD_ChestCT/image/trn13942.nii.gz,/data4/haoranlai/Dataset/RAD_ChestCT/RadchestCTseg/trn13942/trn13942.nii.gz
/data4/haoranlai/Dataset/RAD_ChestCT/image/trn15218.nii.gz,/data4/haoranlai/Dataset/RAD_ChestCT/RadchestCTseg/trn15218/trn15218.nii.gz
/data4/haoranlai/Dataset/RAD_ChestCT/image/trn15587.nii.gz,/data4/haoranlai/Dataset/RAD_ChestCT/RadchestCTseg/trn15587/trn15587.nii.gz
/data4/haoranlai/Dataset/RAD_ChestCT/image/trn02150.nii.gz,/data4/haoranlai/Dataset/RAD_ChestCT/RadchestCTseg/trn02150/trn02150.nii.gz
/data4/haoranlai/Dataset/RAD_ChestCT/image/trn11998.nii.gz,/data4/haoranlai/Dataset/RAD_ChestCT/RadchestCTseg/trn11998/trn11998.nii.gz
/data4/haoranlai/Dataset/RAD_ChestCT/image/trn09891.nii.gz,/data4/haoranlai/Dataset/RAD_ChestCT/RadchestCTseg/trn09891/trn09891.nii.gz
/data4/haoranlai/Dataset/RAD_ChestCT/image/trn02716.nii.gz,/data4/haoranlai/Dataset/RAD_ChestCT/RadchestCTseg/trn02716/trn02716.nii.gz
/data4/haoranlai/Dataset/RAD_ChestCT/image/trn25044.nii.gz,/data4/haoranlai/Dataset/RAD_ChestCT/RadchestCTseg/trn25044/trn25044.nii.gz
/data4/haoranlai/Dataset/RAD_ChestCT/image/trn01969.nii.gz,/data4/haoranlai/Dataset/RAD_ChestCT/RadchestCTseg/trn01969/trn01969.nii.gz
/data4/haoranlai/Dataset/RAD_ChestCT/image/trn19612.nii.gz,/data4/haoranlai/Dataset/RAD_ChestCT/RadchestCTseg/trn19612/trn19612.nii.gz
/data4/haoranlai/Dataset/RAD_ChestCT/image/trn24764.nii.gz,/data4/haoranlai/Dataset/RAD_ChestCT/RadchestCTseg/trn24764/trn24764.nii.gz
/data4/haoranlai/Dataset/RAD_ChestCT/image/trn10115.nii.gz,/data4/haoranlai/Dataset/RAD_ChestCT/RadchestCTseg/trn10115/trn10115.nii.gz
/data4/haoranlai/Dataset/RAD_ChestCT/image/trn04585.nii.gz,/data4/haoranlai/Dataset/RAD_ChestCT/RadchestCTseg/trn04585/trn04585.nii.gz
/data4/haoranlai/Dataset/RAD_ChestCT/image/trn12885.nii.gz,/data4/haoranlai/Dataset/RAD_ChestCT/RadchestCTseg/trn12885/trn12885.nii.gz
/data4/haoranlai/Dataset/RAD_ChestCT/image/trn23916.nii.gz,/data4/haoranlai/Dataset/RAD_ChestCT/RadchestCTseg/trn23916/trn23916.nii.gz
/data4/haoranlai/Dataset/RAD_ChestCT/image/trn16884.nii.gz,/data4/haoranlai/Dataset/RAD_ChestCT/RadchestCTseg/trn16884/trn16884.nii.gz
/data4/haoranlai/Dataset/RAD_ChestCT/image/trn19876.nii.gz,/data4/haoranlai/Dataset/RAD_ChestCT/RadchestCTseg/trn19876/trn19876.nii.gz
/data4/haoranlai/Dataset/RAD_ChestCT/image/trn24986.nii.gz,/data4/haoranlai/Dataset/RAD_ChestCT/RadchestCTseg/trn24986/trn24986.nii.gz
/data4/haoranlai/Dataset/RAD_ChestCT/image/trn17971.nii.gz,/data4/haoranlai/Dataset/RAD_ChestCT/RadchestCTseg/trn17971/trn17971.nii.gz
/data4/haoranlai/Dataset/RAD_ChestCT/image/trn17411.nii.gz,/data4/haoranlai/Dataset/RAD_ChestCT/RadchestCTseg/trn17411/trn17411.nii.gz
/data4/haoranlai/Dataset/RAD_ChestCT/image/trn09411.nii.gz,/data4/haoranlai/Dataset/RAD_ChestCT/RadchestCTseg/trn09411/trn09411.nii.gz
/data4/haoranlai/Dataset/RAD_ChestCT/image/trn16960.nii.gz,/data4/haoranlai/Dataset/RAD_ChestCT/RadchestCTseg/trn16960/trn16960.nii.gz
/data4/haoranlai/Dataset/RAD_ChestCT/image/trn23385.nii.gz,/data4/haoranlai/Dataset/RAD_ChestCT/RadchestCTseg/trn23385/trn23385.nii.gz
/data4/haoranlai/Dataset/RAD_ChestCT/image/trn11531.nii.gz,/data4/haoranlai/Dataset/RAD_ChestCT/RadchestCTseg/trn11531/trn11531.nii.gz
/data4/haoranlai/Dataset/RAD_ChestCT/image/trn15879.nii.gz,/data4/haoranlai/Dataset/RAD_ChestCT/RadchestCTseg/trn15879/trn15879.nii.gz
/data4/haoranlai/Dataset/RAD_ChestCT/image/trn10366.nii.gz,/data4/haoranlai/Dataset/RAD_ChestCT/RadchestCTseg/trn10366/trn10366.nii.gz
/data4/haoranlai/Dataset/RAD_ChestCT/image/trn17598.nii.gz,/data4/haoranlai/Dataset/RAD_ChestCT/RadchestCTseg/trn17598/trn17598.nii.gz
/data4/haoranlai/Dataset/RAD_ChestCT/image/trn02927.nii.gz,/data4/haoranlai/Dataset/RAD_ChestCT/RadchestCTseg/trn02927/trn02927.nii.gz
/data4/haoranlai/Dataset/RAD_ChestCT/image/trn17676.nii.gz,/data4/haoranlai/Dataset/RAD_ChestCT/RadchestCTseg/trn17676/trn17676.nii.gz
/data4/haoranlai/Dataset/RAD_ChestCT/image/trn09263.nii.gz,/data4/haoranlai/Dataset/RAD_ChestCT/RadchestCTseg/trn09263/trn09263.nii.gz
/data4/haoranlai/Dataset/RAD_ChestCT/image/trn19569.nii.gz,/data4/haoranlai/Dataset/RAD_ChestCT/RadchestCTseg/trn19569/trn19569.nii.gz
/data4/haoranlai/Dataset/RAD_ChestCT/image/trn02382.nii.gz,/data4/haoranlai/Dataset/RAD_ChestCT/RadchestCTseg/trn02382/trn02382.nii.gz
/data4/haoranlai/Dataset/RAD_ChestCT/image/trn04092.nii.gz,/data4/haoranlai/Dataset/RAD_ChestCT/RadchestCTseg/trn04092/trn04092.nii.gz
/data4/haoranlai/Dataset/RAD_ChestCT/image/trn00180.nii.gz,/data4/haoranlai/Dataset/RAD_ChestCT/RadchestCTseg/trn00180/trn00180.nii.gz
/data4/haoranlai/Dataset/RAD_ChestCT/image/trn25329.nii.gz,/data4/haoranlai/Dataset/RAD_ChestCT/RadchestCTseg/trn25329/trn25329.nii.gz
/data4/haoranlai/Dataset/RAD_ChestCT/image/trn18439.nii.gz,/data4/haoranlai/Dataset/RAD_ChestCT/RadchestCTseg/trn18439/trn18439.nii.gz
/data4/haoranlai/Dataset/RAD_ChestCT/image/trn13612.nii.gz,/data4/haoranlai/Dataset/RAD_ChestCT/RadchestCTseg/trn13612/trn13612.nii.gz
/data4/haoranlai/Dataset/RAD_ChestCT/image/trn11838.nii.gz,/data4/haoranlai/Dataset/RAD_ChestCT/RadchestCTseg/trn11838/trn11838.nii.gz
/data4/haoranlai/Dataset/RAD_ChestCT/image/trn12411.nii.gz,/data4/haoranlai/Dataset/RAD_ChestCT/RadchestCTseg/trn12411/trn12411.nii.gz
/data4/haoranlai/Dataset/RAD_ChestCT/image/trn18296.nii.gz,/data4/haoranlai/Dataset/RAD_ChestCT/RadchestCTseg/trn18296/trn18296.nii.gz
/data4/haoranlai/Dataset/RAD_ChestCT/image/trn00141.nii.gz,/data4/haoranlai/Dataset/RAD_ChestCT/RadchestCTseg/trn00141/trn00141.nii.gz
/data4/haoranlai/Dataset/RAD_ChestCT/image/trn08731.nii.gz,/data4/haoranlai/Dataset/RAD_ChestCT/RadchestCTseg/trn08731/trn08731.nii.gz
/data4/haoranlai/Dataset/RAD_ChestCT/image/trn09590.nii.gz,/data4/haoranlai/Dataset/RAD_ChestCT/RadchestCTseg/trn09590/trn09590.nii.gz
/data4/haoranlai/Dataset/RAD_ChestCT/image/trn14926.nii.gz,/data4/haoranlai/Dataset/RAD_ChestCT/RadchestCTseg/trn14926/trn14926.nii.gz
/data4/haoranlai/Dataset/RAD_ChestCT/image/trn12276.nii.gz,/data4/haoranlai/Dataset/RAD_ChestCT/RadchestCTseg/trn12276/trn12276.nii.gz
/data4/haoranlai/Dataset/RAD_ChestCT/image/trn19173.nii.gz,/data4/haoranlai/Dataset/RAD_ChestCT/RadchestCTseg/trn19173/trn19173.nii.gz
/data4/haoranlai/Dataset/RAD_ChestCT/image/trn09382.nii.gz,/data4/haoranlai/Dataset/RAD_ChestCT/RadchestCTseg/trn09382/trn09382.nii.gz
/data4/haoranlai/Dataset/RAD_ChestCT/image/trn19449.nii.gz,/data4/haoranlai/Dataset/RAD_ChestCT/RadchestCTseg/trn19449/trn19449.nii.gz
/data4/haoranlai/Dataset/RAD_ChestCT/image/trn21009.nii.gz,/data4/haoranlai/Dataset/RAD_ChestCT/RadchestCTseg/trn21009/trn21009.nii.gz
/data4/haoranlai/Dataset/RAD_ChestCT/image/trn17714.nii.gz,/data4/haoranlai/Dataset/RAD_ChestCT/RadchestCTseg/trn17714/trn17714.nii.gz
/data4/haoranlai/Dataset/RAD_ChestCT/image/trn03558.nii.gz,/data4/haoranlai/Dataset/RAD_ChestCT/RadchestCTseg/trn03558/trn03558.nii.gz
/data4/haoranlai/Dataset/RAD_ChestCT/image/trn04860.nii.gz,/data4/haoranlai/Dataset/RAD_ChestCT/RadchestCTseg/trn04860/trn04860.nii.gz
/data4/haoranlai/Dataset/RAD_ChestCT/image/trn08465.nii.gz,/data4/haoranlai/Dataset/RAD_ChestCT/RadchestCTseg/trn08465/trn08465.nii.gz
/data4/haoranlai/Dataset/RAD_ChestCT/image/trn13603.nii.gz,/data4/haoranlai/Dataset/RAD_ChestCT/RadchestCTseg/trn13603/trn13603.nii.gz
/data4/haoranlai/Dataset/RAD_ChestCT/image/trn07617.nii.gz,/data4/haoranlai/Dataset/RAD_ChestCT/RadchestCTseg/trn07617/trn07617.nii.gz
/data4/haoranlai/Dataset/RAD_ChestCT/image/trn02610.nii.gz,/data4/haoranlai/Dataset/RAD_ChestCT/RadchestCTseg/trn02610/trn02610.nii.gz
/data4/haoranlai/Dataset/RAD_ChestCT/image/trn21223.nii.gz,/data4/haoranlai/Dataset/RAD_ChestCT/RadchestCTseg/trn21223/trn21223.nii.gz
/data4/haoranlai/Dataset/RAD_ChestCT/image/trn15703.nii.gz,/data4/haoranlai/Dataset/RAD_ChestCT/RadchestCTseg/trn15703/trn15703.nii.gz
/data4/haoranlai/Dataset/RAD_ChestCT/image/trn14364.nii.gz,/data4/haoranlai/Dataset/RAD_ChestCT/RadchestCTseg/trn14364/trn14364.nii.gz
/data4/haoranlai/Dataset/RAD_ChestCT/image/trn14227.nii.gz,/data4/haoranlai/Dataset/RAD_ChestCT/RadchestCTseg/trn14227/trn14227.nii.gz
/data4/haoranlai/Dataset/RAD_ChestCT/image/trn08431.nii.gz,/data4/haoranlai/Dataset/RAD_ChestCT/RadchestCTseg/trn08431/trn08431.nii.gz
/data4/haoranlai/Dataset/RAD_ChestCT/image/trn00915.nii.gz,/data4/haoranlai/Dataset/RAD_ChestCT/RadchestCTseg/trn00915/trn00915.nii.gz
/data4/haoranlai/Dataset/RAD_ChestCT/image/trn03712.nii.gz,/data4/haoranlai/Dataset/RAD_ChestCT/RadchestCTseg/trn03712/trn03712.nii.gz
/data4/haoranlai/Dataset/RAD_ChestCT/image/trn13754.nii.gz,/data4/haoranlai/Dataset/RAD_ChestCT/RadchestCTseg/trn13754/trn13754.nii.gz
/data4/haoranlai/Dataset/RAD_ChestCT/image/trn00420.nii.gz,/data4/haoranlai/Dataset/RAD_ChestCT/RadchestCTseg/trn00420/trn00420.nii.gz
/data4/haoranlai/Dataset/RAD_ChestCT/image/trn25269.nii.gz,/data4/haoranlai/Dataset/RAD_ChestCT/RadchestCTseg/trn25269/trn25269.nii.gz
/data4/haoranlai/Dataset/RAD_ChestCT/image/trn01402.nii.gz,/data4/haoranlai/Dataset/RAD_ChestCT/RadchestCTseg/trn01402/trn01402.nii.gz
/data4/haoranlai/Dataset/RAD_ChestCT/image/trn03601.nii.gz,/data4/haoranlai/Dataset/RAD_ChestCT/RadchestCTseg/trn03601/trn03601.nii.gz
/data4/haoranlai/Dataset/RAD_ChestCT/image/trn16196.nii.gz,/data4/haoranlai/Dataset/RAD_ChestCT/RadchestCTseg/trn16196/trn16196.nii.gz
/data4/haoranlai/Dataset/RAD_ChestCT/image/trn08433.nii.gz,/data4/haoranlai/Dataset/RAD_ChestCT/RadchestCTseg/trn08433/trn08433.nii.gz
/data4/haoranlai/Dataset/RAD_ChestCT/image/trn13198.nii.gz,/data4/haoranlai/Dataset/RAD_ChestCT/RadchestCTseg/trn13198/trn13198.nii.gz
/data4/haoranlai/Dataset/RAD_ChestCT/image/trn17912.nii.gz,/data4/haoranlai/Dataset/RAD_ChestCT/RadchestCTseg/trn17912/trn17912.nii.gz
/data4/haoranlai/Dataset/RAD_ChestCT/image/trn09499.nii.gz,/data4/haoranlai/Dataset/RAD_ChestCT/RadchestCTseg/trn09499/trn09499.nii.gz
/data4/haoranlai/Dataset/RAD_ChestCT/image/trn11071.nii.gz,/data4/haoranlai/Dataset/RAD_ChestCT/RadchestCTseg/trn11071/trn11071.nii.gz
/data4/haoranlai/Dataset/RAD_ChestCT/image/trn04400.nii.gz,/data4/haoranlai/Dataset/RAD_ChestCT/RadchestCTseg/trn04400/trn04400.nii.gz
/data4/haoranlai/Dataset/RAD_ChestCT/image/trn16854.nii.gz,/data4/haoranlai/Dataset/RAD_ChestCT/RadchestCTseg/trn16854/trn16854.nii.gz
/data4/haoranlai/Dataset/RAD_ChestCT/image/trn17831.nii.gz,/data4/haoranlai/Dataset/RAD_ChestCT/RadchestCTseg/trn17831/trn17831.nii.gz
/data4/haoranlai/Dataset/RAD_ChestCT/image/trn15652.nii.gz,/data4/haoranlai/Dataset/RAD_ChestCT/RadchestCTseg/trn15652/trn15652.nii.gz
/data4/haoranlai/Dataset/RAD_ChestCT/image/trn10329.nii.gz,/data4/haoranlai/Dataset/RAD_ChestCT/RadchestCTseg/trn10329/trn10329.nii.gz
/data4/haoranlai/Dataset/RAD_ChestCT/image/trn12158.nii.gz,/data4/haoranlai/Dataset/RAD_ChestCT/RadchestCTseg/trn12158/trn12158.nii.gz
/data4/haoranlai/Dataset/RAD_ChestCT/image/trn20728.nii.gz,/data4/haoranlai/Dataset/RAD_ChestCT/RadchestCTseg/trn20728/trn20728.nii.gz
/data4/haoranlai/Dataset/RAD_ChestCT/image/trn02665.nii.gz,/data4/haoranlai/Dataset/RAD_ChestCT/RadchestCTseg/trn02665/trn02665.nii.gz
/data4/haoranlai/Dataset/RAD_ChestCT/image/trn08930.nii.gz,/data4/haoranlai/Dataset/RAD_ChestCT/RadchestCTseg/trn08930/trn08930.nii.gz
/data4/haoranlai/Dataset/RAD_ChestCT/image/trn24777.nii.gz,/data4/haoranlai/Dataset/RAD_ChestCT/RadchestCTseg/trn24777/trn24777.nii.gz
/data4/haoranlai/Dataset/RAD_ChestCT/image/trn24991.nii.gz,/data4/haoranlai/Dataset/RAD_ChestCT/RadchestCTseg/trn24991/trn24991.nii.gz
/data4/haoranlai/Dataset/RAD_ChestCT/image/trn21962.nii.gz,/data4/haoranlai/Dataset/RAD_ChestCT/RadchestCTseg/trn21962/trn21962.nii.gz
/data4/haoranlai/Dataset/RAD_ChestCT/image/trn11919.nii.gz,/data4/haoranlai/Dataset/RAD_ChestCT/RadchestCTseg/trn11919/trn11919.nii.gz
/data4/haoranlai/Dataset/RAD_ChestCT/image/trn20904.nii.gz,/data4/haoranlai/Dataset/RAD_ChestCT/RadchestCTseg/trn20904/trn20904.nii.gz
/data4/haoranlai/Dataset/RAD_ChestCT/image/trn14692.nii.gz,/data4/haoranlai/Dataset/RAD_ChestCT/RadchestCTseg/trn14692/trn14692.nii.gz
/data4/haoranlai/Dataset/RAD_ChestCT/image/trn24988.nii.gz,/data4/haoranlai/Dataset/RAD_ChestCT/RadchestCTseg/trn24988/trn24988.nii.gz
/data4/haoranlai/Dataset/RAD_ChestCT/image/trn09976.nii.gz,/data4/haoranlai/Dataset/RAD_ChestCT/RadchestCTseg/trn09976/trn09976.nii.gz
/data4/haoranlai/Dataset/RAD_ChestCT/image/trn01980.nii.gz,/data4/haoranlai/Dataset/RAD_ChestCT/RadchestCTseg/trn01980/trn01980.nii.gz
/data4/haoranlai/Dataset/RAD_ChestCT/image/trn14799.nii.gz,/data4/haoranlai/Dataset/RAD_ChestCT/RadchestCTseg/trn14799/trn14799.nii.gz
/data4/haoranlai/Dataset/RAD_ChestCT/image/trn16920.nii.gz,/data4/haoranlai/Dataset/RAD_ChestCT/RadchestCTseg/trn16920/trn16920.nii.gz
/data4/haoranlai/Dataset/RAD_ChestCT/image/trn02615.nii.gz,/data4/haoranlai/Dataset/RAD_ChestCT/RadchestCTseg/trn02615/trn02615.nii.gz
/data4/haoranlai/Dataset/RAD_ChestCT/image/trn19788.nii.gz,/data4/haoranlai/Dataset/RAD_ChestCT/RadchestCTseg/trn19788/trn19788.nii.gz
/data4/haoranlai/Dataset/RAD_ChestCT/image/trn17201.nii.gz,/data4/haoranlai/Dataset/RAD_ChestCT/RadchestCTseg/trn17201/trn17201.nii.gz
/data4/haoranlai/Dataset/RAD_ChestCT/image/trn20225.nii.gz,/data4/haoranlai/Dataset/RAD_ChestCT/RadchestCTseg/trn20225/trn20225.nii.gz
/data4/haoranlai/Dataset/RAD_ChestCT/image/trn01113.nii.gz,/data4/haoranlai/Dataset/RAD_ChestCT/RadchestCTseg/trn01113/trn01113.nii.gz
/data4/haoranlai/Dataset/RAD_ChestCT/image/trn19444.nii.gz,/data4/haoranlai/Dataset/RAD_ChestCT/RadchestCTseg/trn19444/trn19444.nii.gz
/data4/haoranlai/Dataset/RAD_ChestCT/image/trn17501.nii.gz,/data4/haoranlai/Dataset/RAD_ChestCT/RadchestCTseg/trn17501/trn17501.nii.gz
/data4/haoranlai/Dataset/RAD_ChestCT/image/trn10799.nii.gz,/data4/haoranlai/Dataset/RAD_ChestCT/RadchestCTseg/trn10799/trn10799.nii.gz
/data4/haoranlai/Dataset/RAD_ChestCT/image/trn09371.nii.gz,/data4/haoranlai/Dataset/RAD_ChestCT/RadchestCTseg/trn09371/trn09371.nii.gz
/data4/haoranlai/Dataset/RAD_ChestCT/image/trn07869.nii.gz,/data4/haoranlai/Dataset/RAD_ChestCT/RadchestCTseg/trn07869/trn07869.nii.gz
/data4/haoranlai/Dataset/RAD_ChestCT/image/trn15368.nii.gz,/data4/haoranlai/Dataset/RAD_ChestCT/RadchestCTseg/trn15368/trn15368.nii.gz
/data4/haoranlai/Dataset/RAD_ChestCT/image/trn22908.nii.gz,/data4/haoranlai/Dataset/RAD_ChestCT/RadchestCTseg/trn22908/trn22908.nii.gz
/data4/haoranlai/Dataset/RAD_ChestCT/image/trn10103.nii.gz,/data4/haoranlai/Dataset/RAD_ChestCT/RadchestCTseg/trn10103/trn10103.nii.gz
/data4/haoranlai/Dataset/RAD_ChestCT/image/trn14385.nii.gz,/data4/haoranlai/Dataset/RAD_ChestCT/RadchestCTseg/trn14385/trn14385.nii.gz
/data4/haoranlai/Dataset/RAD_ChestCT/image/trn20510.nii.gz,/data4/haoranlai/Dataset/RAD_ChestCT/RadchestCTseg/trn20510/trn20510.nii.gz
/data4/haoranlai/Dataset/RAD_ChestCT/image/trn12301.nii.gz,/data4/haoranlai/Dataset/RAD_ChestCT/RadchestCTseg/trn12301/trn12301.nii.gz
/data4/haoranlai/Dataset/RAD_ChestCT/image/trn16093.nii.gz,/data4/haoranlai/Dataset/RAD_ChestCT/RadchestCTseg/trn16093/trn16093.nii.gz
/data4/haoranlai/Dataset/RAD_ChestCT/image/trn11707.nii.gz,/data4/haoranlai/Dataset/RAD_ChestCT/RadchestCTseg/trn11707/trn11707.nii.gz
/data4/haoranlai/Dataset/RAD_ChestCT/image/trn07596.nii.gz,/data4/haoranlai/Dataset/RAD_ChestCT/RadchestCTseg/trn07596/trn07596.nii.gz
/data4/haoranlai/Dataset/RAD_ChestCT/image/trn02724.nii.gz,/data4/haoranlai/Dataset/RAD_ChestCT/RadchestCTseg/trn02724/trn02724.nii.gz
/data4/haoranlai/Dataset/RAD_ChestCT/image/trn08698.nii.gz,/data4/haoranlai/Dataset/RAD_ChestCT/RadchestCTseg/trn08698/trn08698.nii.gz
/data4/haoranlai/Dataset/RAD_ChestCT/image/trn15633.nii.gz,/data4/haoranlai/Dataset/RAD_ChestCT/RadchestCTseg/trn15633/trn15633.nii.gz
/data4/haoranlai/Dataset/RAD_ChestCT/image/trn13458.nii.gz,/data4/haoranlai/Dataset/RAD_ChestCT/RadchestCTseg/trn13458/trn13458.nii.gz
/data4/haoranlai/Dataset/RAD_ChestCT/image/trn23941.nii.gz,/data4/haoranlai/Dataset/RAD_ChestCT/RadchestCTseg/trn23941/trn23941.nii.gz
/data4/haoranlai/Dataset/RAD_ChestCT/image/trn02654.nii.gz,/data4/haoranlai/Dataset/RAD_ChestCT/RadchestCTseg/trn02654/trn02654.nii.gz
/data4/haoranlai/Dataset/RAD_ChestCT/image/trn00518.nii.gz,/data4/haoranlai/Dataset/RAD_ChestCT/RadchestCTseg/trn00518/trn00518.nii.gz
/data4/haoranlai/Dataset/RAD_ChestCT/image/trn05102.nii.gz,/data4/haoranlai/Dataset/RAD_ChestCT/RadchestCTseg/trn05102/trn05102.nii.gz
/data4/haoranlai/Dataset/RAD_ChestCT/image/trn03614.nii.gz,/data4/haoranlai/Dataset/RAD_ChestCT/RadchestCTseg/trn03614/trn03614.nii.gz
/data4/haoranlai/Dataset/RAD_ChestCT/image/trn01596.nii.gz,/data4/haoranlai/Dataset/RAD_ChestCT/RadchestCTseg/trn01596/trn01596.nii.gz
/data4/haoranlai/Dataset/RAD_ChestCT/image/trn03241.nii.gz,/data4/haoranlai/Dataset/RAD_ChestCT/RadchestCTseg/trn03241/trn03241.nii.gz
/data4/haoranlai/Dataset/RAD_ChestCT/image/trn14024.nii.gz,/data4/haoranlai/Dataset/RAD_ChestCT/RadchestCTseg/trn14024/trn14024.nii.gz
/data4/haoranlai/Dataset/RAD_ChestCT/image/trn24891.nii.gz,/data4/haoranlai/Dataset/RAD_ChestCT/RadchestCTseg/trn24891/trn24891.nii.gz
/data4/haoranlai/Dataset/RAD_ChestCT/image/trn22511.nii.gz,/data4/haoranlai/Dataset/RAD_ChestCT/RadchestCTseg/trn22511/trn22511.nii.gz
/data4/haoranlai/Dataset/RAD_ChestCT/image/trn08008.nii.gz,/data4/haoranlai/Dataset/RAD_ChestCT/RadchestCTseg/trn08008/trn08008.nii.gz
/data4/haoranlai/Dataset/RAD_ChestCT/image/trn07141.nii.gz,/data4/haoranlai/Dataset/RAD_ChestCT/RadchestCTseg/trn07141/trn07141.nii.gz
/data4/haoranlai/Dataset/RAD_ChestCT/image/trn06006.nii.gz,/data4/haoranlai/Dataset/RAD_ChestCT/RadchestCTseg/trn06006/trn06006.nii.gz
/data4/haoranlai/Dataset/RAD_ChestCT/image/trn06908.nii.gz,/data4/haoranlai/Dataset/RAD_ChestCT/RadchestCTseg/trn06908/trn06908.nii.gz
/data4/haoranlai/Dataset/RAD_ChestCT/image/trn12422.nii.gz,/data4/haoranlai/Dataset/RAD_ChestCT/RadchestCTseg/trn12422/trn12422.nii.gz
/data4/haoranlai/Dataset/RAD_ChestCT/image/trn01325.nii.gz,/data4/haoranlai/Dataset/RAD_ChestCT/RadchestCTseg/trn01325/trn01325.nii.gz
/data4/haoranlai/Dataset/RAD_ChestCT/image/trn05760.nii.gz,/data4/haoranlai/Dataset/RAD_ChestCT/RadchestCTseg/trn05760/trn05760.nii.gz
/data4/haoranlai/Dataset/RAD_ChestCT/image/trn09586.nii.gz,/data4/haoranlai/Dataset/RAD_ChestCT/RadchestCTseg/trn09586/trn09586.nii.gz
/data4/haoranlai/Dataset/RAD_ChestCT/image/trn18873.nii.gz,/data4/haoranlai/Dataset/RAD_ChestCT/RadchestCTseg/trn18873/trn18873.nii.gz
/data4/haoranlai/Dataset/RAD_ChestCT/image/trn21463.nii.gz,/data4/haoranlai/Dataset/RAD_ChestCT/RadchestCTseg/trn21463/trn21463.nii.gz
/data4/haoranlai/Dataset/RAD_ChestCT/image/trn02613.nii.gz,/data4/haoranlai/Dataset/RAD_ChestCT/RadchestCTseg/trn02613/trn02613.nii.gz
/data4/haoranlai/Dataset/RAD_ChestCT/image/trn21556.nii.gz,/data4/haoranlai/Dataset/RAD_ChestCT/RadchestCTseg/trn21556/trn21556.nii.gz
/data4/haoranlai/Dataset/RAD_ChestCT/image/trn10260.nii.gz,/data4/haoranlai/Dataset/RAD_ChestCT/RadchestCTseg/trn10260/trn10260.nii.gz
/data4/haoranlai/Dataset/RAD_ChestCT/image/trn22873.nii.gz,/data4/haoranlai/Dataset/RAD_ChestCT/RadchestCTseg/trn22873/trn22873.nii.gz
/data4/haoranlai/Dataset/RAD_ChestCT/image/trn02140.nii.gz,/data4/haoranlai/Dataset/RAD_ChestCT/RadchestCTseg/trn02140/trn02140.nii.gz
/data4/haoranlai/Dataset/RAD_ChestCT/image/trn14816.nii.gz,/data4/haoranlai/Dataset/RAD_ChestCT/RadchestCTseg/trn14816/trn14816.nii.gz
/data4/haoranlai/Dataset/RAD_ChestCT/image/trn10204.nii.gz,/data4/haoranlai/Dataset/RAD_ChestCT/RadchestCTseg/trn10204/trn10204.nii.gz
/data4/haoranlai/Dataset/RAD_ChestCT/image/trn15740.nii.gz,/data4/haoranlai/Dataset/RAD_ChestCT/RadchestCTseg/trn15740/trn15740.nii.gz
/data4/haoranlai/Dataset/RAD_ChestCT/image/trn05559.nii.gz,/data4/haoranlai/Dataset/RAD_ChestCT/RadchestCTseg/trn05559/trn05559.nii.gz
/data4/haoranlai/Dataset/RAD_ChestCT/image/trn13125.nii.gz,/data4/haoranlai/Dataset/RAD_ChestCT/RadchestCTseg/trn13125/trn13125.nii.gz
/data4/haoranlai/Dataset/RAD_ChestCT/image/trn22897.nii.gz,/data4/haoranlai/Dataset/RAD_ChestCT/RadchestCTseg/trn22897/trn22897.nii.gz
/data4/haoranlai/Dataset/RAD_ChestCT/image/trn21546.nii.gz,/data4/haoranlai/Dataset/RAD_ChestCT/RadchestCTseg/trn21546/trn21546.nii.gz
/data4/haoranlai/Dataset/RAD_ChestCT/image/trn13581.nii.gz,/data4/haoranlai/Dataset/RAD_ChestCT/RadchestCTseg/trn13581/trn13581.nii.gz
/data4/haoranlai/Dataset/RAD_ChestCT/image/trn01405.nii.gz,/data4/haoranlai/Dataset/RAD_ChestCT/RadchestCTseg/trn01405/trn01405.nii.gz
/data4/haoranlai/Dataset/RAD_ChestCT/image/trn22282.nii.gz,/data4/haoranlai/Dataset/RAD_ChestCT/RadchestCTseg/trn22282/trn22282.nii.gz
/data4/haoranlai/Dataset/RAD_ChestCT/image/trn17793.nii.gz,/data4/haoranlai/Dataset/RAD_ChestCT/RadchestCTseg/trn17793/trn17793.nii.gz
/data4/haoranlai/Dataset/RAD_ChestCT/image/trn04307.nii.gz,/data4/haoranlai/Dataset/RAD_ChestCT/RadchestCTseg/trn04307/trn04307.nii.gz
/data4/haoranlai/Dataset/RAD_ChestCT/image/trn15499.nii.gz,/data4/haoranlai/Dataset/RAD_ChestCT/RadchestCTseg/trn15499/trn15499.nii.gz
/data4/haoranlai/Dataset/RAD_ChestCT/image/trn00601.nii.gz,/data4/haoranlai/Dataset/RAD_ChestCT/RadchestCTseg/trn00601/trn00601.nii.gz
/data4/haoranlai/Dataset/RAD_ChestCT/image/trn20949.nii.gz,/data4/haoranlai/Dataset/RAD_ChestCT/RadchestCTseg/trn20949/trn20949.nii.gz
/data4/haoranlai/Dataset/RAD_ChestCT/image/trn01254.nii.gz,/data4/haoranlai/Dataset/RAD_ChestCT/RadchestCTseg/trn01254/trn01254.nii.gz
/data4/haoranlai/Dataset/RAD_ChestCT/image/trn00625.nii.gz,/data4/haoranlai/Dataset/RAD_ChestCT/RadchestCTseg/trn00625/trn00625.nii.gz
/data4/haoranlai/Dataset/RAD_ChestCT/image/trn09872.nii.gz,/data4/haoranlai/Dataset/RAD_ChestCT/RadchestCTseg/trn09872/trn09872.nii.gz
/data4/haoranlai/Dataset/RAD_ChestCT/image/trn24518.nii.gz,/data4/haoranlai/Dataset/RAD_ChestCT/RadchestCTseg/trn24518/trn24518.nii.gz
/data4/haoranlai/Dataset/RAD_ChestCT/image/trn03342.nii.gz,/data4/haoranlai/Dataset/RAD_ChestCT/RadchestCTseg/trn03342/trn03342.nii.gz
/data4/haoranlai/Dataset/RAD_ChestCT/image/trn12172.nii.gz,/data4/haoranlai/Dataset/RAD_ChestCT/RadchestCTseg/trn12172/trn12172.nii.gz
/data4/haoranlai/Dataset/RAD_ChestCT/image/trn12225.nii.gz,/data4/haoranlai/Dataset/RAD_ChestCT/RadchestCTseg/trn12225/trn12225.nii.gz
/data4/haoranlai/Dataset/RAD_ChestCT/image/trn00817.nii.gz,/data4/haoranlai/Dataset/RAD_ChestCT/RadchestCTseg/trn00817/trn00817.nii.gz
/data4/haoranlai/Dataset/RAD_ChestCT/image/trn17290.nii.gz,/data4/haoranlai/Dataset/RAD_ChestCT/RadchestCTseg/trn17290/trn17290.nii.gz
/data4/haoranlai/Dataset/RAD_ChestCT/image/trn23026.nii.gz,/data4/haoranlai/Dataset/RAD_ChestCT/RadchestCTseg/trn23026/trn23026.nii.gz
/data4/haoranlai/Dataset/RAD_ChestCT/image/trn15654.nii.gz,/data4/haoranlai/Dataset/RAD_ChestCT/RadchestCTseg/trn15654/trn15654.nii.gz
/data4/haoranlai/Dataset/RAD_ChestCT/image/trn12370.nii.gz,/data4/haoranlai/Dataset/RAD_ChestCT/RadchestCTseg/trn12370/trn12370.nii.gz
/data4/haoranlai/Dataset/RAD_ChestCT/image/trn15185.nii.gz,/data4/haoranlai/Dataset/RAD_ChestCT/RadchestCTseg/trn15185/trn15185.nii.gz
/data4/haoranlai/Dataset/RAD_ChestCT/image/trn10248.nii.gz,/data4/haoranlai/Dataset/RAD_ChestCT/RadchestCTseg/trn10248/trn10248.nii.gz
/data4/haoranlai/Dataset/RAD_ChestCT/image/trn05011.nii.gz,/data4/haoranlai/Dataset/RAD_ChestCT/RadchestCTseg/trn05011/trn05011.nii.gz
/data4/haoranlai/Dataset/RAD_ChestCT/image/trn20843.nii.gz,/data4/haoranlai/Dataset/RAD_ChestCT/RadchestCTseg/trn20843/trn20843.nii.gz
/data4/haoranlai/Dataset/RAD_ChestCT/image/trn24397.nii.gz,/data4/haoranlai/Dataset/RAD_ChestCT/RadchestCTseg/trn24397/trn24397.nii.gz
/data4/haoranlai/Dataset/RAD_ChestCT/image/trn05822.nii.gz,/data4/haoranlai/Dataset/RAD_ChestCT/RadchestCTseg/trn05822/trn05822.nii.gz
/data4/haoranlai/Dataset/RAD_ChestCT/image/trn01039.nii.gz,/data4/haoranlai/Dataset/RAD_ChestCT/RadchestCTseg/trn01039/trn01039.nii.gz
/data4/haoranlai/Dataset/RAD_ChestCT/image/trn22856.nii.gz,/data4/haoranlai/Dataset/RAD_ChestCT/RadchestCTseg/trn22856/trn22856.nii.gz
/data4/haoranlai/Dataset/RAD_ChestCT/image/trn21217.nii.gz,/data4/haoranlai/Dataset/RAD_ChestCT/RadchestCTseg/trn21217/trn21217.nii.gz
/data4/haoranlai/Dataset/RAD_ChestCT/image/trn18983.nii.gz,/data4/haoranlai/Dataset/RAD_ChestCT/RadchestCTseg/trn18983/trn18983.nii.gz
/data4/haoranlai/Dataset/RAD_ChestCT/image/trn23274.nii.gz,/data4/haoranlai/Dataset/RAD_ChestCT/RadchestCTseg/trn23274/trn23274.nii.gz
/data4/haoranlai/Dataset/RAD_ChestCT/image/trn15249.nii.gz,/data4/haoranlai/Dataset/RAD_ChestCT/RadchestCTseg/trn15249/trn15249.nii.gz
/data4/haoranlai/Dataset/RAD_ChestCT/image/trn03914.nii.gz,/data4/haoranlai/Dataset/RAD_ChestCT/RadchestCTseg/trn03914/trn03914.nii.gz
/data4/haoranlai/Dataset/RAD_ChestCT/image/trn19817.nii.gz,/data4/haoranlai/Dataset/RAD_ChestCT/RadchestCTseg/trn19817/trn19817.nii.gz
/data4/haoranlai/Dataset/RAD_ChestCT/image/trn06974.nii.gz,/data4/haoranlai/Dataset/RAD_ChestCT/RadchestCTseg/trn06974/trn06974.nii.gz
/data4/haoranlai/Dataset/RAD_ChestCT/image/trn06283.nii.gz,/data4/haoranlai/Dataset/RAD_ChestCT/RadchestCTseg/trn06283/trn06283.nii.gz
/data4/haoranlai/Dataset/RAD_ChestCT/image/trn00520.nii.gz,/data4/haoranlai/Dataset/RAD_ChestCT/RadchestCTseg/trn00520/trn00520.nii.gz
/data4/haoranlai/Dataset/RAD_ChestCT/image/trn24025.nii.gz,/data4/haoranlai/Dataset/RAD_ChestCT/RadchestCTseg/trn24025/trn24025.nii.gz
/data4/haoranlai/Dataset/RAD_ChestCT/image/trn15923.nii.gz,/data4/haoranlai/Dataset/RAD_ChestCT/RadchestCTseg/trn15923/trn15923.nii.gz
/data4/haoranlai/Dataset/RAD_ChestCT/image/trn06271.nii.gz,/data4/haoranlai/Dataset/RAD_ChestCT/RadchestCTseg/trn06271/trn06271.nii.gz
/data4/haoranlai/Dataset/RAD_ChestCT/image/trn17112.nii.gz,/data4/haoranlai/Dataset/RAD_ChestCT/RadchestCTseg/trn17112/trn17112.nii.gz
/data4/haoranlai/Dataset/RAD_ChestCT/image/trn20299.nii.gz,/data4/haoranlai/Dataset/RAD_ChestCT/RadchestCTseg/trn20299/trn20299.nii.gz
/data4/haoranlai/Dataset/RAD_ChestCT/image/trn06667.nii.gz,/data4/haoranlai/Dataset/RAD_ChestCT/RadchestCTseg/trn06667/trn06667.nii.gz
/data4/haoranlai/Dataset/RAD_ChestCT/image/trn01714.nii.gz,/data4/haoranlai/Dataset/RAD_ChestCT/RadchestCTseg/trn01714/trn01714.nii.gz
/data4/haoranlai/Dataset/RAD_ChestCT/image/trn15447.nii.gz,/data4/haoranlai/Dataset/RAD_ChestCT/RadchestCTseg/trn15447/trn15447.nii.gz
/data4/haoranlai/Dataset/RAD_ChestCT/image/trn24642.nii.gz,/data4/haoranlai/Dataset/RAD_ChestCT/RadchestCTseg/trn24642/trn24642.nii.gz
/data4/haoranlai/Dataset/RAD_ChestCT/image/trn04632.nii.gz,/data4/haoranlai/Dataset/RAD_ChestCT/RadchestCTseg/trn04632/trn04632.nii.gz
/data4/haoranlai/Dataset/RAD_ChestCT/image/trn10790.nii.gz,/data4/haoranlai/Dataset/RAD_ChestCT/RadchestCTseg/trn10790/trn10790.nii.gz
/data4/haoranlai/Dataset/RAD_ChestCT/image/trn15067.nii.gz,/data4/haoranlai/Dataset/RAD_ChestCT/RadchestCTseg/trn15067/trn15067.nii.gz
/data4/haoranlai/Dataset/RAD_ChestCT/image/trn08810.nii.gz,/data4/haoranlai/Dataset/RAD_ChestCT/RadchestCTseg/trn08810/trn08810.nii.gz
/data4/haoranlai/Dataset/RAD_ChestCT/image/trn13587.nii.gz,/data4/haoranlai/Dataset/RAD_ChestCT/RadchestCTseg/trn13587/trn13587.nii.gz
/data4/haoranlai/Dataset/RAD_ChestCT/image/trn00540.nii.gz,/data4/haoranlai/Dataset/RAD_ChestCT/RadchestCTseg/trn00540/trn00540.nii.gz
/data4/haoranlai/Dataset/RAD_ChestCT/image/trn02433.nii.gz,/data4/haoranlai/Dataset/RAD_ChestCT/RadchestCTseg/trn02433/trn02433.nii.gz
/data4/haoranlai/Dataset/RAD_ChestCT/image/trn04857.nii.gz,/data4/haoranlai/Dataset/RAD_ChestCT/RadchestCTseg/trn04857/trn04857.nii.gz
/data4/haoranlai/Dataset/RAD_ChestCT/image/trn07896.nii.gz,/data4/haoranlai/Dataset/RAD_ChestCT/RadchestCTseg/trn07896/trn07896.nii.gz
/data4/haoranlai/Dataset/RAD_ChestCT/image/trn02302.nii.gz,/data4/haoranlai/Dataset/RAD_ChestCT/RadchestCTseg/trn02302/trn02302.nii.gz
/data4/haoranlai/Dataset/RAD_ChestCT/image/trn03306.nii.gz,/data4/haoranlai/Dataset/RAD_ChestCT/RadchestCTseg/trn03306/trn03306.nii.gz
/data4/haoranlai/Dataset/RAD_ChestCT/image/trn20824.nii.gz,/data4/haoranlai/Dataset/RAD_ChestCT/RadchestCTseg/trn20824/trn20824.nii.gz
/data4/haoranlai/Dataset/RAD_ChestCT/image/trn09680.nii.gz,/data4/haoranlai/Dataset/RAD_ChestCT/RadchestCTseg/trn09680/trn09680.nii.gz
/data4/haoranlai/Dataset/RAD_ChestCT/image/trn02040.nii.gz,/data4/haoranlai/Dataset/RAD_ChestCT/RadchestCTseg/trn02040/trn02040.nii.gz
/data4/haoranlai/Dataset/RAD_ChestCT/image/trn02443.nii.gz,/data4/haoranlai/Dataset/RAD_ChestCT/RadchestCTseg/trn02443/trn02443.nii.gz
/data4/haoranlai/Dataset/RAD_ChestCT/image/trn08550.nii.gz,/data4/haoranlai/Dataset/RAD_ChestCT/RadchestCTseg/trn08550/trn08550.nii.gz
/data4/haoranlai/Dataset/RAD_ChestCT/image/trn23492.nii.gz,/data4/haoranlai/Dataset/RAD_ChestCT/RadchestCTseg/trn23492/trn23492.nii.gz
/data4/haoranlai/Dataset/RAD_ChestCT/image/trn19629.nii.gz,/data4/haoranlai/Dataset/RAD_ChestCT/RadchestCTseg/trn19629/trn19629.nii.gz
/data4/haoranlai/Dataset/RAD_ChestCT/image/trn08994.nii.gz,/data4/haoranlai/Dataset/RAD_ChestCT/RadchestCTseg/trn08994/trn08994.nii.gz
/data4/haoranlai/Dataset/RAD_ChestCT/image/trn11023.nii.gz,/data4/haoranlai/Dataset/RAD_ChestCT/RadchestCTseg/trn11023/trn11023.nii.gz
/data4/haoranlai/Dataset/RAD_ChestCT/image/trn07019.nii.gz,/data4/haoranlai/Dataset/RAD_ChestCT/RadchestCTseg/trn07019/trn07019.nii.gz
/data4/haoranlai/Dataset/RAD_ChestCT/image/trn05738.nii.gz,/data4/haoranlai/Dataset/RAD_ChestCT/RadchestCTseg/trn05738/trn05738.nii.gz
/data4/haoranlai/Dataset/RAD_ChestCT/image/trn10730.nii.gz,/data4/haoranlai/Dataset/RAD_ChestCT/RadchestCTseg/trn10730/trn10730.nii.gz
/data4/haoranlai/Dataset/RAD_ChestCT/image/trn09995.nii.gz,/data4/haoranlai/Dataset/RAD_ChestCT/RadchestCTseg/trn09995/trn09995.nii.gz
/data4/haoranlai/Dataset/RAD_ChestCT/image/trn12942.nii.gz,/data4/haoranlai/Dataset/RAD_ChestCT/RadchestCTseg/trn12942/trn12942.nii.gz
/data4/haoranlai/Dataset/RAD_ChestCT/image/trn02624.nii.gz,/data4/haoranlai/Dataset/RAD_ChestCT/RadchestCTseg/trn02624/trn02624.nii.gz
/data4/haoranlai/Dataset/RAD_ChestCT/image/trn23092.nii.gz,/data4/haoranlai/Dataset/RAD_ChestCT/RadchestCTseg/trn23092/trn23092.nii.gz
/data4/haoranlai/Dataset/RAD_ChestCT/image/trn02261.nii.gz,/data4/haoranlai/Dataset/RAD_ChestCT/RadchestCTseg/trn02261/trn02261.nii.gz
/data4/haoranlai/Dataset/RAD_ChestCT/image/trn18075.nii.gz,/data4/haoranlai/Dataset/RAD_ChestCT/RadchestCTseg/trn18075/trn18075.nii.gz
/data4/haoranlai/Dataset/RAD_ChestCT/image/trn12761.nii.gz,/data4/haoranlai/Dataset/RAD_ChestCT/RadchestCTseg/trn12761/trn12761.nii.gz
/data4/haoranlai/Dataset/RAD_ChestCT/image/trn21123.nii.gz,/data4/haoranlai/Dataset/RAD_ChestCT/RadchestCTseg/trn21123/trn21123.nii.gz
/data4/haoranlai/Dataset/RAD_ChestCT/image/trn12948.nii.gz,/data4/haoranlai/Dataset/RAD_ChestCT/RadchestCTseg/trn12948/trn12948.nii.gz
/data4/haoranlai/Dataset/RAD_ChestCT/image/trn15165.nii.gz,/data4/haoranlai/Dataset/RAD_ChestCT/RadchestCTseg/trn15165/trn15165.nii.gz
/data4/haoranlai/Dataset/RAD_ChestCT/image/trn00336.nii.gz,/data4/haoranlai/Dataset/RAD_ChestCT/RadchestCTseg/trn00336/trn00336.nii.gz
/data4/haoranlai/Dataset/RAD_ChestCT/image/trn01340.nii.gz,/data4/haoranlai/Dataset/RAD_ChestCT/RadchestCTseg/trn01340/trn01340.nii.gz
/data4/haoranlai/Dataset/RAD_ChestCT/image/trn07488.nii.gz,/data4/haoranlai/Dataset/RAD_ChestCT/RadchestCTseg/trn07488/trn07488.nii.gz
/data4/haoranlai/Dataset/RAD_ChestCT/image/trn17849.nii.gz,/data4/haoranlai/Dataset/RAD_ChestCT/RadchestCTseg/trn17849/trn17849.nii.gz
/data4/haoranlai/Dataset/RAD_ChestCT/image/trn07400.nii.gz,/data4/haoranlai/Dataset/RAD_ChestCT/RadchestCTseg/trn07400/trn07400.nii.gz
/data4/haoranlai/Dataset/RAD_ChestCT/image/trn10237.nii.gz,/data4/haoranlai/Dataset/RAD_ChestCT/RadchestCTseg/trn10237/trn10237.nii.gz
/data4/haoranlai/Dataset/RAD_ChestCT/image/trn09435.nii.gz,/data4/haoranlai/Dataset/RAD_ChestCT/RadchestCTseg/trn09435/trn09435.nii.gz
/data4/haoranlai/Dataset/RAD_ChestCT/image/trn19996.nii.gz,/data4/haoranlai/Dataset/RAD_ChestCT/RadchestCTseg/trn19996/trn19996.nii.gz
/data4/haoranlai/Dataset/RAD_ChestCT/image/trn01576.nii.gz,/data4/haoranlai/Dataset/RAD_ChestCT/RadchestCTseg/trn01576/trn01576.nii.gz
/data4/haoranlai/Dataset/RAD_ChestCT/image/trn13083.nii.gz,/data4/haoranlai/Dataset/RAD_ChestCT/RadchestCTseg/trn13083/trn13083.nii.gz
/data4/haoranlai/Dataset/RAD_ChestCT/image/trn17873.nii.gz,/data4/haoranlai/Dataset/RAD_ChestCT/RadchestCTseg/trn17873/trn17873.nii.gz
/data4/haoranlai/Dataset/RAD_ChestCT/image/trn16254.nii.gz,/data4/haoranlai/Dataset/RAD_ChestCT/RadchestCTseg/trn16254/trn16254.nii.gz
/data4/haoranlai/Dataset/RAD_ChestCT/image/trn22716.nii.gz,/data4/haoranlai/Dataset/RAD_ChestCT/RadchestCTseg/trn22716/trn22716.nii.gz
/data4/haoranlai/Dataset/RAD_ChestCT/image/trn09788.nii.gz,/data4/haoranlai/Dataset/RAD_ChestCT/RadchestCTseg/trn09788/trn09788.nii.gz
/data4/haoranlai/Dataset/RAD_ChestCT/image/trn18063.nii.gz,/data4/haoranlai/Dataset/RAD_ChestCT/RadchestCTseg/trn18063/trn18063.nii.gz
/data4/haoranlai/Dataset/RAD_ChestCT/image/trn07517.nii.gz,/data4/haoranlai/Dataset/RAD_ChestCT/RadchestCTseg/trn07517/trn07517.nii.gz
/data4/haoranlai/Dataset/RAD_ChestCT/image/trn05435.nii.gz,/data4/haoranlai/Dataset/RAD_ChestCT/RadchestCTseg/trn05435/trn05435.nii.gz
/data4/haoranlai/Dataset/RAD_ChestCT/image/trn05155.nii.gz,/data4/haoranlai/Dataset/RAD_ChestCT/RadchestCTseg/trn05155/trn05155.nii.gz
/data4/haoranlai/Dataset/RAD_ChestCT/image/trn18684.nii.gz,/data4/haoranlai/Dataset/RAD_ChestCT/RadchestCTseg/trn18684/trn18684.nii.gz
/data4/haoranlai/Dataset/RAD_ChestCT/image/trn16021.nii.gz,/data4/haoranlai/Dataset/RAD_ChestCT/RadchestCTseg/trn16021/trn16021.nii.gz
/data4/haoranlai/Dataset/RAD_ChestCT/image/trn22923.nii.gz,/data4/haoranlai/Dataset/RAD_ChestCT/RadchestCTseg/trn22923/trn22923.nii.gz
/data4/haoranlai/Dataset/RAD_ChestCT/image/trn07503.nii.gz,/data4/haoranlai/Dataset/RAD_ChestCT/RadchestCTseg/trn07503/trn07503.nii.gz
/data4/haoranlai/Dataset/RAD_ChestCT/image/trn07559.nii.gz,/data4/haoranlai/Dataset/RAD_ChestCT/RadchestCTseg/trn07559/trn07559.nii.gz
/data4/haoranlai/Dataset/RAD_ChestCT/image/trn00732.nii.gz,/data4/haoranlai/Dataset/RAD_ChestCT/RadchestCTseg/trn00732/trn00732.nii.gz
/data4/haoranlai/Dataset/RAD_ChestCT/image/trn10266.nii.gz,/data4/haoranlai/Dataset/RAD_ChestCT/RadchestCTseg/trn10266/trn10266.nii.gz
/data4/haoranlai/Dataset/RAD_ChestCT/image/trn22196.nii.gz,/data4/haoranlai/Dataset/RAD_ChestCT/RadchestCTseg/trn22196/trn22196.nii.gz
/data4/haoranlai/Dataset/RAD_ChestCT/image/trn08234.nii.gz,/data4/haoranlai/Dataset/RAD_ChestCT/RadchestCTseg/trn08234/trn08234.nii.gz
/data4/haoranlai/Dataset/RAD_ChestCT/image/trn21624.nii.gz,/data4/haoranlai/Dataset/RAD_ChestCT/RadchestCTseg/trn21624/trn21624.nii.gz
/data4/haoranlai/Dataset/RAD_ChestCT/image/trn00335.nii.gz,/data4/haoranlai/Dataset/RAD_ChestCT/RadchestCTseg/trn00335/trn00335.nii.gz
/data4/haoranlai/Dataset/RAD_ChestCT/image/trn03699.nii.gz,/data4/haoranlai/Dataset/RAD_ChestCT/RadchestCTseg/trn03699/trn03699.nii.gz
/data4/haoranlai/Dataset/RAD_ChestCT/image/trn21992.nii.gz,/data4/haoranlai/Dataset/RAD_ChestCT/RadchestCTseg/trn21992/trn21992.nii.gz
/data4/haoranlai/Dataset/RAD_ChestCT/image/trn21616.nii.gz,/data4/haoranlai/Dataset/RAD_ChestCT/RadchestCTseg/trn21616/trn21616.nii.gz
/data4/haoranlai/Dataset/RAD_ChestCT/image/trn08827.nii.gz,/data4/haoranlai/Dataset/RAD_ChestCT/RadchestCTseg/trn08827/trn08827.nii.gz
/data4/haoranlai/Dataset/RAD_ChestCT/image/trn20372.nii.gz,/data4/haoranlai/Dataset/RAD_ChestCT/RadchestCTseg/trn20372/trn20372.nii.gz
/data4/haoranlai/Dataset/RAD_ChestCT/image/trn25263.nii.gz,/data4/haoranlai/Dataset/RAD_ChestCT/RadchestCTseg/trn25263/trn25263.nii.gz
/data4/haoranlai/Dataset/RAD_ChestCT/image/trn20637.nii.gz,/data4/haoranlai/Dataset/RAD_ChestCT/RadchestCTseg/trn20637/trn20637.nii.gz
/data4/haoranlai/Dataset/RAD_ChestCT/image/trn16392.nii.gz,/data4/haoranlai/Dataset/RAD_ChestCT/RadchestCTseg/trn16392/trn16392.nii.gz
/data4/haoranlai/Dataset/RAD_ChestCT/image/trn08474.nii.gz,/data4/haoranlai/Dataset/RAD_ChestCT/RadchestCTseg/trn08474/trn08474.nii.gz
/data4/haoranlai/Dataset/RAD_ChestCT/image/trn02122.nii.gz,/data4/haoranlai/Dataset/RAD_ChestCT/RadchestCTseg/trn02122/trn02122.nii.gz
/data4/haoranlai/Dataset/RAD_ChestCT/image/trn11956.nii.gz,/data4/haoranlai/Dataset/RAD_ChestCT/RadchestCTseg/trn11956/trn11956.nii.gz
/data4/haoranlai/Dataset/RAD_ChestCT/image/trn05685.nii.gz,/data4/haoranlai/Dataset/RAD_ChestCT/RadchestCTseg/trn05685/trn05685.nii.gz
/data4/haoranlai/Dataset/RAD_ChestCT/image/trn08279.nii.gz,/data4/haoranlai/Dataset/RAD_ChestCT/RadchestCTseg/trn08279/trn08279.nii.gz
/data4/haoranlai/Dataset/RAD_ChestCT/image/trn12633.nii.gz,/data4/haoranlai/Dataset/RAD_ChestCT/RadchestCTseg/trn12633/trn12633.nii.gz
/data4/haoranlai/Dataset/RAD_ChestCT/image/trn13124.nii.gz,/data4/haoranlai/Dataset/RAD_ChestCT/RadchestCTseg/trn13124/trn13124.nii.gz
/data4/haoranlai/Dataset/RAD_ChestCT/image/trn17882.nii.gz,/data4/haoranlai/Dataset/RAD_ChestCT/RadchestCTseg/trn17882/trn17882.nii.gz
/data4/haoranlai/Dataset/RAD_ChestCT/image/trn14443.nii.gz,/data4/haoranlai/Dataset/RAD_ChestCT/RadchestCTseg/trn14443/trn14443.nii.gz
/data4/haoranlai/Dataset/RAD_ChestCT/image/trn02381.nii.gz,/data4/haoranlai/Dataset/RAD_ChestCT/RadchestCTseg/trn02381/trn02381.nii.gz
/data4/haoranlai/Dataset/RAD_ChestCT/image/trn01511.nii.gz,/data4/haoranlai/Dataset/RAD_ChestCT/RadchestCTseg/trn01511/trn01511.nii.gz
/data4/haoranlai/Dataset/RAD_ChestCT/image/trn14186.nii.gz,/data4/haoranlai/Dataset/RAD_ChestCT/RadchestCTseg/trn14186/trn14186.nii.gz
/data4/haoranlai/Dataset/RAD_ChestCT/image/trn17528.nii.gz,/data4/haoranlai/Dataset/RAD_ChestCT/RadchestCTseg/trn17528/trn17528.nii.gz
/data4/haoranlai/Dataset/RAD_ChestCT/image/trn00552.nii.gz,/data4/haoranlai/Dataset/RAD_ChestCT/RadchestCTseg/trn00552/trn00552.nii.gz
/data4/haoranlai/Dataset/RAD_ChestCT/image/trn04388.nii.gz,/data4/haoranlai/Dataset/RAD_ChestCT/RadchestCTseg/trn04388/trn04388.nii.gz
/data4/haoranlai/Dataset/RAD_ChestCT/image/trn16844.nii.gz,/data4/haoranlai/Dataset/RAD_ChestCT/RadchestCTseg/trn16844/trn16844.nii.gz
/data4/haoranlai/Dataset/RAD_ChestCT/image/trn14068.nii.gz,/data4/haoranlai/Dataset/RAD_ChestCT/RadchestCTseg/trn14068/trn14068.nii.gz
/data4/haoranlai/Dataset/RAD_ChestCT/image/trn09954.nii.gz,/data4/haoranlai/Dataset/RAD_ChestCT/RadchestCTseg/trn09954/trn09954.nii.gz
/data4/haoranlai/Dataset/RAD_ChestCT/image/trn05852.nii.gz,/data4/haoranlai/Dataset/RAD_ChestCT/RadchestCTseg/trn05852/trn05852.nii.gz
/data4/haoranlai/Dataset/RAD_ChestCT/image/trn17588.nii.gz,/data4/haoranlai/Dataset/RAD_ChestCT/RadchestCTseg/trn17588/trn17588.nii.gz
/data4/haoranlai/Dataset/RAD_ChestCT/image/trn14843.nii.gz,/data4/haoranlai/Dataset/RAD_ChestCT/RadchestCTseg/trn14843/trn14843.nii.gz
/data4/haoranlai/Dataset/RAD_ChestCT/image/trn03313.nii.gz,/data4/haoranlai/Dataset/RAD_ChestCT/RadchestCTseg/trn03313/trn03313.nii.gz
/data4/haoranlai/Dataset/RAD_ChestCT/image/trn06252.nii.gz,/data4/haoranlai/Dataset/RAD_ChestCT/RadchestCTseg/trn06252/trn06252.nii.gz
/data4/haoranlai/Dataset/RAD_ChestCT/image/trn13998.nii.gz,/data4/haoranlai/Dataset/RAD_ChestCT/RadchestCTseg/trn13998/trn13998.nii.gz
/data4/haoranlai/Dataset/RAD_ChestCT/image/trn16828.nii.gz,/data4/haoranlai/Dataset/RAD_ChestCT/RadchestCTseg/trn16828/trn16828.nii.gz
/data4/haoranlai/Dataset/RAD_ChestCT/image/trn19099.nii.gz,/data4/haoranlai/Dataset/RAD_ChestCT/RadchestCTseg/trn19099/trn19099.nii.gz
/data4/haoranlai/Dataset/RAD_ChestCT/image/trn17905.nii.gz,/data4/haoranlai/Dataset/RAD_ChestCT/RadchestCTseg/trn17905/trn17905.nii.gz
/data4/haoranlai/Dataset/RAD_ChestCT/image/trn19295.nii.gz,/data4/haoranlai/Dataset/RAD_ChestCT/RadchestCTseg/trn19295/trn19295.nii.gz
/data4/haoranlai/Dataset/RAD_ChestCT/image/trn01420.nii.gz,/data4/haoranlai/Dataset/RAD_ChestCT/RadchestCTseg/trn01420/trn01420.nii.gz
/data4/haoranlai/Dataset/RAD_ChestCT/image/trn24124.nii.gz,/data4/haoranlai/Dataset/RAD_ChestCT/RadchestCTseg/trn24124/trn24124.nii.gz
/data4/haoranlai/Dataset/RAD_ChestCT/image/trn08644.nii.gz,/data4/haoranlai/Dataset/RAD_ChestCT/RadchestCTseg/trn08644/trn08644.nii.gz
/data4/haoranlai/Dataset/RAD_ChestCT/image/trn19757.nii.gz,/data4/haoranlai/Dataset/RAD_ChestCT/RadchestCTseg/trn19757/trn19757.nii.gz
/data4/haoranlai/Dataset/RAD_ChestCT/image/trn11173.nii.gz,/data4/haoranlai/Dataset/RAD_ChestCT/RadchestCTseg/trn11173/trn11173.nii.gz
/data4/haoranlai/Dataset/RAD_ChestCT/image/trn23055.nii.gz,/data4/haoranlai/Dataset/RAD_ChestCT/RadchestCTseg/trn23055/trn23055.nii.gz
/data4/haoranlai/Dataset/RAD_ChestCT/image/trn21695.nii.gz,/data4/haoranlai/Dataset/RAD_ChestCT/RadchestCTseg/trn21695/trn21695.nii.gz
/data4/haoranlai/Dataset/RAD_ChestCT/image/trn23185.nii.gz,/data4/haoranlai/Dataset/RAD_ChestCT/RadchestCTseg/trn23185/trn23185.nii.gz
/data4/haoranlai/Dataset/RAD_ChestCT/image/trn23910.nii.gz,/data4/haoranlai/Dataset/RAD_ChestCT/RadchestCTseg/trn23910/trn23910.nii.gz
/data4/haoranlai/Dataset/RAD_ChestCT/image/trn22610.nii.gz,/data4/haoranlai/Dataset/RAD_ChestCT/RadchestCTseg/trn22610/trn22610.nii.gz
/data4/haoranlai/Dataset/RAD_ChestCT/image/trn02762.nii.gz,/data4/haoranlai/Dataset/RAD_ChestCT/RadchestCTseg/trn02762/trn02762.nii.gz
/data4/haoranlai/Dataset/RAD_ChestCT/image/trn01611.nii.gz,/data4/haoranlai/Dataset/RAD_ChestCT/RadchestCTseg/trn01611/trn01611.nii.gz
/data4/haoranlai/Dataset/RAD_ChestCT/image/trn04573.nii.gz,/data4/haoranlai/Dataset/RAD_ChestCT/RadchestCTseg/trn04573/trn04573.nii.gz
/data4/haoranlai/Dataset/RAD_ChestCT/image/trn20615.nii.gz,/data4/haoranlai/Dataset/RAD_ChestCT/RadchestCTseg/trn20615/trn20615.nii.gz
/data4/haoranlai/Dataset/RAD_ChestCT/image/trn15227.nii.gz,/data4/haoranlai/Dataset/RAD_ChestCT/RadchestCTseg/trn15227/trn15227.nii.gz
/data4/haoranlai/Dataset/RAD_ChestCT/image/trn00798.nii.gz,/data4/haoranlai/Dataset/RAD_ChestCT/RadchestCTseg/trn00798/trn00798.nii.gz
/data4/haoranlai/Dataset/RAD_ChestCT/image/trn13134.nii.gz,/data4/haoranlai/Dataset/RAD_ChestCT/RadchestCTseg/trn13134/trn13134.nii.gz
/data4/haoranlai/Dataset/RAD_ChestCT/image/trn01711.nii.gz,/data4/haoranlai/Dataset/RAD_ChestCT/RadchestCTseg/trn01711/trn01711.nii.gz
/data4/haoranlai/Dataset/RAD_ChestCT/image/trn06900.nii.gz,/data4/haoranlai/Dataset/RAD_ChestCT/RadchestCTseg/trn06900/trn06900.nii.gz
/data4/haoranlai/Dataset/RAD_ChestCT/image/trn09559.nii.gz,/data4/haoranlai/Dataset/RAD_ChestCT/RadchestCTseg/trn09559/trn09559.nii.gz
/data4/haoranlai/Dataset/RAD_ChestCT/image/trn05755.nii.gz,/data4/haoranlai/Dataset/RAD_ChestCT/RadchestCTseg/trn05755/trn05755.nii.gz
/data4/haoranlai/Dataset/RAD_ChestCT/image/trn24932.nii.gz,/data4/haoranlai/Dataset/RAD_ChestCT/RadchestCTseg/trn24932/trn24932.nii.gz
/data4/haoranlai/Dataset/RAD_ChestCT/image/trn24225.nii.gz,/data4/haoranlai/Dataset/RAD_ChestCT/RadchestCTseg/trn24225/trn24225.nii.gz
/data4/haoranlai/Dataset/RAD_ChestCT/image/trn07944.nii.gz,/data4/haoranlai/Dataset/RAD_ChestCT/RadchestCTseg/trn07944/trn07944.nii.gz
/data4/haoranlai/Dataset/RAD_ChestCT/image/trn09889.nii.gz,/data4/haoranlai/Dataset/RAD_ChestCT/RadchestCTseg/trn09889/trn09889.nii.gz
/data4/haoranlai/Dataset/RAD_ChestCT/image/trn12343.nii.gz,/data4/haoranlai/Dataset/RAD_ChestCT/RadchestCTseg/trn12343/trn12343.nii.gz
/data4/haoranlai/Dataset/RAD_ChestCT/image/trn07016.nii.gz,/data4/haoranlai/Dataset/RAD_ChestCT/RadchestCTseg/trn07016/trn07016.nii.gz
/data4/haoranlai/Dataset/RAD_ChestCT/image/trn20519.nii.gz,/data4/haoranlai/Dataset/RAD_ChestCT/RadchestCTseg/trn20519/trn20519.nii.gz
/data4/haoranlai/Dataset/RAD_ChestCT/image/trn02705.nii.gz,/data4/haoranlai/Dataset/RAD_ChestCT/RadchestCTseg/trn02705/trn02705.nii.gz
/data4/haoranlai/Dataset/RAD_ChestCT/image/trn21502.nii.gz,/data4/haoranlai/Dataset/RAD_ChestCT/RadchestCTseg/trn21502/trn21502.nii.gz
/data4/haoranlai/Dataset/RAD_ChestCT/image/trn17698.nii.gz,/data4/haoranlai/Dataset/RAD_ChestCT/RadchestCTseg/trn17698/trn17698.nii.gz
/data4/haoranlai/Dataset/RAD_ChestCT/image/trn07770.nii.gz,/data4/haoranlai/Dataset/RAD_ChestCT/RadchestCTseg/trn07770/trn07770.nii.gz
/data4/haoranlai/Dataset/RAD_ChestCT/image/trn02626.nii.gz,/data4/haoranlai/Dataset/RAD_ChestCT/RadchestCTseg/trn02626/trn02626.nii.gz
/data4/haoranlai/Dataset/RAD_ChestCT/image/trn19460.nii.gz,/data4/haoranlai/Dataset/RAD_ChestCT/RadchestCTseg/trn19460/trn19460.nii.gz
/data4/haoranlai/Dataset/RAD_ChestCT/image/trn12549.nii.gz,/data4/haoranlai/Dataset/RAD_ChestCT/RadchestCTseg/trn12549/trn12549.nii.gz
/data4/haoranlai/Dataset/RAD_ChestCT/image/trn10976.nii.gz,/data4/haoranlai/Dataset/RAD_ChestCT/RadchestCTseg/trn10976/trn10976.nii.gz
/data4/haoranlai/Dataset/RAD_ChestCT/image/trn13697.nii.gz,/data4/haoranlai/Dataset/RAD_ChestCT/RadchestCTseg/trn13697/trn13697.nii.gz
/data4/haoranlai/Dataset/RAD_ChestCT/image/trn15214.nii.gz,/data4/haoranlai/Dataset/RAD_ChestCT/RadchestCTseg/trn15214/trn15214.nii.gz
/data4/haoranlai/Dataset/RAD_ChestCT/image/trn01568.nii.gz,/data4/haoranlai/Dataset/RAD_ChestCT/RadchestCTseg/trn01568/trn01568.nii.gz
/data4/haoranlai/Dataset/RAD_ChestCT/image/trn22717.nii.gz,/data4/haoranlai/Dataset/RAD_ChestCT/RadchestCTseg/trn22717/trn22717.nii.gz
/data4/haoranlai/Dataset/RAD_ChestCT/image/trn24522.nii.gz,/data4/haoranlai/Dataset/RAD_ChestCT/RadchestCTseg/trn24522/trn24522.nii.gz
/data4/haoranlai/Dataset/RAD_ChestCT/image/trn13660.nii.gz,/data4/haoranlai/Dataset/RAD_ChestCT/RadchestCTseg/trn13660/trn13660.nii.gz
/data4/haoranlai/Dataset/RAD_ChestCT/image/trn03604.nii.gz,/data4/haoranlai/Dataset/RAD_ChestCT/RadchestCTseg/trn03604/trn03604.nii.gz
/data4/haoranlai/Dataset/RAD_ChestCT/image/trn04717.nii.gz,/data4/haoranlai/Dataset/RAD_ChestCT/RadchestCTseg/trn04717/trn04717.nii.gz
/data4/haoranlai/Dataset/RAD_ChestCT/image/trn16741.nii.gz,/data4/haoranlai/Dataset/RAD_ChestCT/RadchestCTseg/trn16741/trn16741.nii.gz
/data4/haoranlai/Dataset/RAD_ChestCT/image/trn04844.nii.gz,/data4/haoranlai/Dataset/RAD_ChestCT/RadchestCTseg/trn04844/trn04844.nii.gz
/data4/haoranlai/Dataset/RAD_ChestCT/image/trn03701.nii.gz,/data4/haoranlai/Dataset/RAD_ChestCT/RadchestCTseg/trn03701/trn03701.nii.gz
/data4/haoranlai/Dataset/RAD_ChestCT/image/trn24821.nii.gz,/data4/haoranlai/Dataset/RAD_ChestCT/RadchestCTseg/trn24821/trn24821.nii.gz
/data4/haoranlai/Dataset/RAD_ChestCT/image/trn11535.nii.gz,/data4/haoranlai/Dataset/RAD_ChestCT/RadchestCTseg/trn11535/trn11535.nii.gz
/data4/haoranlai/Dataset/RAD_ChestCT/image/trn22894.nii.gz,/data4/haoranlai/Dataset/RAD_ChestCT/RadchestCTseg/trn22894/trn22894.nii.gz
/data4/haoranlai/Dataset/RAD_ChestCT/image/trn04714.nii.gz,/data4/haoranlai/Dataset/RAD_ChestCT/RadchestCTseg/trn04714/trn04714.nii.gz
/data4/haoranlai/Dataset/RAD_ChestCT/image/trn11290.nii.gz,/data4/haoranlai/Dataset/RAD_ChestCT/RadchestCTseg/trn11290/trn11290.nii.gz
/data4/haoranlai/Dataset/RAD_ChestCT/image/trn23225.nii.gz,/data4/haoranlai/Dataset/RAD_ChestCT/RadchestCTseg/trn23225/trn23225.nii.gz
/data4/haoranlai/Dataset/RAD_ChestCT/image/trn22414.nii.gz,/data4/haoranlai/Dataset/RAD_ChestCT/RadchestCTseg/trn22414/trn22414.nii.gz
/data4/haoranlai/Dataset/RAD_ChestCT/image/trn12096.nii.gz,/data4/haoranlai/Dataset/RAD_ChestCT/RadchestCTseg/trn12096/trn12096.nii.gz
/data4/haoranlai/Dataset/RAD_ChestCT/image/trn13257.nii.gz,/data4/haoranlai/Dataset/RAD_ChestCT/RadchestCTseg/trn13257/trn13257.nii.gz
/data4/haoranlai/Dataset/RAD_ChestCT/image/trn18306.nii.gz,/data4/haoranlai/Dataset/RAD_ChestCT/RadchestCTseg/trn18306/trn18306.nii.gz
/data4/haoranlai/Dataset/RAD_ChestCT/image/trn21817.nii.gz,/data4/haoranlai/Dataset/RAD_ChestCT/RadchestCTseg/trn21817/trn21817.nii.gz
/data4/haoranlai/Dataset/RAD_ChestCT/image/trn25135.nii.gz,/data4/haoranlai/Dataset/RAD_ChestCT/RadchestCTseg/trn25135/trn25135.nii.gz
/data4/haoranlai/Dataset/RAD_ChestCT/image/trn19595.nii.gz,/data4/haoranlai/Dataset/RAD_ChestCT/RadchestCTseg/trn19595/trn19595.nii.gz
/data4/haoranlai/Dataset/RAD_ChestCT/image/trn16376.nii.gz,/data4/haoranlai/Dataset/RAD_ChestCT/RadchestCTseg/trn16376/trn16376.nii.gz
/data4/haoranlai/Dataset/RAD_ChestCT/image/trn21808.nii.gz,/data4/haoranlai/Dataset/RAD_ChestCT/RadchestCTseg/trn21808/trn21808.nii.gz
/data4/haoranlai/Dataset/RAD_ChestCT/image/trn16074.nii.gz,/data4/haoranlai/Dataset/RAD_ChestCT/RadchestCTseg/trn16074/trn16074.nii.gz
/data4/haoranlai/Dataset/RAD_ChestCT/image/trn01920.nii.gz,/data4/haoranlai/Dataset/RAD_ChestCT/RadchestCTseg/trn01920/trn01920.nii.gz
/data4/haoranlai/Dataset/RAD_ChestCT/image/trn23432.nii.gz,/data4/haoranlai/Dataset/RAD_ChestCT/RadchestCTseg/trn23432/trn23432.nii.gz
/data4/haoranlai/Dataset/RAD_ChestCT/image/trn14817.nii.gz,/data4/haoranlai/Dataset/RAD_ChestCT/RadchestCTseg/trn14817/trn14817.nii.gz
/data4/haoranlai/Dataset/RAD_ChestCT/image/trn16557.nii.gz,/data4/haoranlai/Dataset/RAD_ChestCT/RadchestCTseg/trn16557/trn16557.nii.gz
/data4/haoranlai/Dataset/RAD_ChestCT/image/trn01374.nii.gz,/data4/haoranlai/Dataset/RAD_ChestCT/RadchestCTseg/trn01374/trn01374.nii.gz
/data4/haoranlai/Dataset/RAD_ChestCT/image/trn07904.nii.gz,/data4/haoranlai/Dataset/RAD_ChestCT/RadchestCTseg/trn07904/trn07904.nii.gz
/data4/haoranlai/Dataset/RAD_ChestCT/image/trn00982.nii.gz,/data4/haoranlai/Dataset/RAD_ChestCT/RadchestCTseg/trn00982/trn00982.nii.gz
/data4/haoranlai/Dataset/RAD_ChestCT/image/trn24706.nii.gz,/data4/haoranlai/Dataset/RAD_ChestCT/RadchestCTseg/trn24706/trn24706.nii.gz
/data4/haoranlai/Dataset/RAD_ChestCT/image/trn05892.nii.gz,/data4/haoranlai/Dataset/RAD_ChestCT/RadchestCTseg/trn05892/trn05892.nii.gz
/data4/haoranlai/Dataset/RAD_ChestCT/image/trn20687.nii.gz,/data4/haoranlai/Dataset/RAD_ChestCT/RadchestCTseg/trn20687/trn20687.nii.gz
/data4/haoranlai/Dataset/RAD_ChestCT/image/trn24136.nii.gz,/data4/haoranlai/Dataset/RAD_ChestCT/RadchestCTseg/trn24136/trn24136.nii.gz
/data4/haoranlai/Dataset/RAD_ChestCT/image/trn17255.nii.gz,/data4/haoranlai/Dataset/RAD_ChestCT/RadchestCTseg/trn17255/trn17255.nii.gz
/data4/haoranlai/Dataset/RAD_ChestCT/image/trn03626.nii.gz,/data4/haoranlai/Dataset/RAD_ChestCT/RadchestCTseg/trn03626/trn03626.nii.gz
/data4/haoranlai/Dataset/RAD_ChestCT/image/trn07800.nii.gz,/data4/haoranlai/Dataset/RAD_ChestCT/RadchestCTseg/trn07800/trn07800.nii.gz
/data4/haoranlai/Dataset/RAD_ChestCT/image/trn22874.nii.gz,/data4/haoranlai/Dataset/RAD_ChestCT/RadchestCTseg/trn22874/trn22874.nii.gz
/data4/haoranlai/Dataset/RAD_ChestCT/image/trn03162.nii.gz,/data4/haoranlai/Dataset/RAD_ChestCT/RadchestCTseg/trn03162/trn03162.nii.gz
/data4/haoranlai/Dataset/RAD_ChestCT/image/trn07336.nii.gz,/data4/haoranlai/Dataset/RAD_ChestCT/RadchestCTseg/trn07336/trn07336.nii.gz
/data4/haoranlai/Dataset/RAD_ChestCT/image/trn20907.nii.gz,/data4/haoranlai/Dataset/RAD_ChestCT/RadchestCTseg/trn20907/trn20907.nii.gz
/data4/haoranlai/Dataset/RAD_ChestCT/image/trn24699.nii.gz,/data4/haoranlai/Dataset/RAD_ChestCT/RadchestCTseg/trn24699/trn24699.nii.gz
/data4/haoranlai/Dataset/RAD_ChestCT/image/trn08355.nii.gz,/data4/haoranlai/Dataset/RAD_ChestCT/RadchestCTseg/trn08355/trn08355.nii.gz
/data4/haoranlai/Dataset/RAD_ChestCT/image/trn15404.nii.gz,/data4/haoranlai/Dataset/RAD_ChestCT/RadchestCTseg/trn15404/trn15404.nii.gz
/data4/haoranlai/Dataset/RAD_ChestCT/image/trn20251.nii.gz,/data4/haoranlai/Dataset/RAD_ChestCT/RadchestCTseg/trn20251/trn20251.nii.gz
/data4/haoranlai/Dataset/RAD_ChestCT/image/trn07208.nii.gz,/data4/haoranlai/Dataset/RAD_ChestCT/RadchestCTseg/trn07208/trn07208.nii.gz
/data4/haoranlai/Dataset/RAD_ChestCT/image/trn06332.nii.gz,/data4/haoranlai/Dataset/RAD_ChestCT/RadchestCTseg/trn06332/trn06332.nii.gz
/data4/haoranlai/Dataset/RAD_ChestCT/image/trn03169.nii.gz,/data4/haoranlai/Dataset/RAD_ChestCT/RadchestCTseg/trn03169/trn03169.nii.gz
/data4/haoranlai/Dataset/RAD_ChestCT/image/trn09284.nii.gz,/data4/haoranlai/Dataset/RAD_ChestCT/RadchestCTseg/trn09284/trn09284.nii.gz
/data4/haoranlai/Dataset/RAD_ChestCT/image/trn05585.nii.gz,/data4/haoranlai/Dataset/RAD_ChestCT/RadchestCTseg/trn05585/trn05585.nii.gz
/data4/haoranlai/Dataset/RAD_ChestCT/image/trn07898.nii.gz,/data4/haoranlai/Dataset/RAD_ChestCT/RadchestCTseg/trn07898/trn07898.nii.gz
/data4/haoranlai/Dataset/RAD_ChestCT/image/trn02109.nii.gz,/data4/haoranlai/Dataset/RAD_ChestCT/RadchestCTseg/trn02109/trn02109.nii.gz
/data4/haoranlai/Dataset/RAD_ChestCT/image/trn06212.nii.gz,/data4/haoranlai/Dataset/RAD_ChestCT/RadchestCTseg/trn06212/trn06212.nii.gz
/data4/haoranlai/Dataset/RAD_ChestCT/image/trn13010.nii.gz,/data4/haoranlai/Dataset/RAD_ChestCT/RadchestCTseg/trn13010/trn13010.nii.gz
/data4/haoranlai/Dataset/RAD_ChestCT/image/trn17600.nii.gz,/data4/haoranlai/Dataset/RAD_ChestCT/RadchestCTseg/trn17600/trn17600.nii.gz
/data4/haoranlai/Dataset/RAD_ChestCT/image/trn05248.nii.gz,/data4/haoranlai/Dataset/RAD_ChestCT/RadchestCTseg/trn05248/trn05248.nii.gz
/data4/haoranlai/Dataset/RAD_ChestCT/image/trn08167.nii.gz,/data4/haoranlai/Dataset/RAD_ChestCT/RadchestCTseg/trn08167/trn08167.nii.gz
/data4/haoranlai/Dataset/RAD_ChestCT/image/trn24066.nii.gz,/data4/haoranlai/Dataset/RAD_ChestCT/RadchestCTseg/trn24066/trn24066.nii.gz
/data4/haoranlai/Dataset/RAD_ChestCT/image/trn23390.nii.gz,/data4/haoranlai/Dataset/RAD_ChestCT/RadchestCTseg/trn23390/trn23390.nii.gz
/data4/haoranlai/Dataset/RAD_ChestCT/image/trn22184.nii.gz,/data4/haoranlai/Dataset/RAD_ChestCT/RadchestCTseg/trn22184/trn22184.nii.gz
/data4/haoranlai/Dataset/RAD_ChestCT/image/trn24843.nii.gz,/data4/haoranlai/Dataset/RAD_ChestCT/RadchestCTseg/trn24843/trn24843.nii.gz
/data4/haoranlai/Dataset/RAD_ChestCT/image/trn22471.nii.gz,/data4/haoranlai/Dataset/RAD_ChestCT/RadchestCTseg/trn22471/trn22471.nii.gz
/data4/haoranlai/Dataset/RAD_ChestCT/image/trn18546.nii.gz,/data4/haoranlai/Dataset/RAD_ChestCT/RadchestCTseg/trn18546/trn18546.nii.gz
/data4/haoranlai/Dataset/RAD_ChestCT/image/trn21434.nii.gz,/data4/haoranlai/Dataset/RAD_ChestCT/RadchestCTseg/trn21434/trn21434.nii.gz
/data4/haoranlai/Dataset/RAD_ChestCT/image/trn04908.nii.gz,/data4/haoranlai/Dataset/RAD_ChestCT/RadchestCTseg/trn04908/trn04908.nii.gz
/data4/haoranlai/Dataset/RAD_ChestCT/image/trn24162.nii.gz,/data4/haoranlai/Dataset/RAD_ChestCT/RadchestCTseg/trn24162/trn24162.nii.gz
/data4/haoranlai/Dataset/RAD_ChestCT/image/trn16623.nii.gz,/data4/haoranlai/Dataset/RAD_ChestCT/RadchestCTseg/trn16623/trn16623.nii.gz
/data4/haoranlai/Dataset/RAD_ChestCT/image/trn05115.nii.gz,/data4/haoranlai/Dataset/RAD_ChestCT/RadchestCTseg/trn05115/trn05115.nii.gz
/data4/haoranlai/Dataset/RAD_ChestCT/image/trn20714.nii.gz,/data4/haoranlai/Dataset/RAD_ChestCT/RadchestCTseg/trn20714/trn20714.nii.gz
/data4/haoranlai/Dataset/RAD_ChestCT/image/trn17217.nii.gz,/data4/haoranlai/Dataset/RAD_ChestCT/RadchestCTseg/trn17217/trn17217.nii.gz
/data4/haoranlai/Dataset/RAD_ChestCT/image/trn21620.nii.gz,/data4/haoranlai/Dataset/RAD_ChestCT/RadchestCTseg/trn21620/trn21620.nii.gz
/data4/haoranlai/Dataset/RAD_ChestCT/image/trn07755.nii.gz,/data4/haoranlai/Dataset/RAD_ChestCT/RadchestCTseg/trn07755/trn07755.nii.gz
/data4/haoranlai/Dataset/RAD_ChestCT/image/trn14175.nii.gz,/data4/haoranlai/Dataset/RAD_ChestCT/RadchestCTseg/trn14175/trn14175.nii.gz
/data4/haoranlai/Dataset/RAD_ChestCT/image/trn20017.nii.gz,/data4/haoranlai/Dataset/RAD_ChestCT/RadchestCTseg/trn20017/trn20017.nii.gz
/data4/haoranlai/Dataset/RAD_ChestCT/image/trn13568.nii.gz,/data4/haoranlai/Dataset/RAD_ChestCT/RadchestCTseg/trn13568/trn13568.nii.gz
/data4/haoranlai/Dataset/RAD_ChestCT/image/trn09220.nii.gz,/data4/haoranlai/Dataset/RAD_ChestCT/RadchestCTseg/trn09220/trn09220.nii.gz
/data4/haoranlai/Dataset/RAD_ChestCT/image/trn12696.nii.gz,/data4/haoranlai/Dataset/RAD_ChestCT/RadchestCTseg/trn12696/trn12696.nii.gz
/data4/haoranlai/Dataset/RAD_ChestCT/image/trn03948.nii.gz,/data4/haoranlai/Dataset/RAD_ChestCT/RadchestCTseg/trn03948/trn03948.nii.gz
/data4/haoranlai/Dataset/RAD_ChestCT/image/trn02844.nii.gz,/data4/haoranlai/Dataset/RAD_ChestCT/RadchestCTseg/trn02844/trn02844.nii.gz
/data4/haoranlai/Dataset/RAD_ChestCT/image/trn19801.nii.gz,/data4/haoranlai/Dataset/RAD_ChestCT/RadchestCTseg/trn19801/trn19801.nii.gz
/data4/haoranlai/Dataset/RAD_ChestCT/image/trn09163.nii.gz,/data4/haoranlai/Dataset/RAD_ChestCT/RadchestCTseg/trn09163/trn09163.nii.gz
/data4/haoranlai/Dataset/RAD_ChestCT/image/trn05959.nii.gz,/data4/haoranlai/Dataset/RAD_ChestCT/RadchestCTseg/trn05959/trn05959.nii.gz
/data4/haoranlai/Dataset/RAD_ChestCT/image/trn22191.nii.gz,/data4/haoranlai/Dataset/RAD_ChestCT/RadchestCTseg/trn22191/trn22191.nii.gz
/data4/haoranlai/Dataset/RAD_ChestCT/image/trn22622.nii.gz,/data4/haoranlai/Dataset/RAD_ChestCT/RadchestCTseg/trn22622/trn22622.nii.gz
/data4/haoranlai/Dataset/RAD_ChestCT/image/trn17755.nii.gz,/data4/haoranlai/Dataset/RAD_ChestCT/RadchestCTseg/trn17755/trn17755.nii.gz
/data4/haoranlai/Dataset/RAD_ChestCT/image/trn14560.nii.gz,/data4/haoranlai/Dataset/RAD_ChestCT/RadchestCTseg/trn14560/trn14560.nii.gz
/data4/haoranlai/Dataset/RAD_ChestCT/image/trn21676.nii.gz,/data4/haoranlai/Dataset/RAD_ChestCT/RadchestCTseg/trn21676/trn21676.nii.gz
/data4/haoranlai/Dataset/RAD_ChestCT/image/trn20182.nii.gz,/data4/haoranlai/Dataset/RAD_ChestCT/RadchestCTseg/trn20182/trn20182.nii.gz
/data4/haoranlai/Dataset/RAD_ChestCT/image/trn25265.nii.gz,/data4/haoranlai/Dataset/RAD_ChestCT/RadchestCTseg/trn25265/trn25265.nii.gz
/data4/haoranlai/Dataset/RAD_ChestCT/image/trn21318.nii.gz,/data4/haoranlai/Dataset/RAD_ChestCT/RadchestCTseg/trn21318/trn21318.nii.gz
/data4/haoranlai/Dataset/RAD_ChestCT/image/trn01472.nii.gz,/data4/haoranlai/Dataset/RAD_ChestCT/RadchestCTseg/trn01472/trn01472.nii.gz
/data4/haoranlai/Dataset/RAD_ChestCT/image/trn23184.nii.gz,/data4/haoranlai/Dataset/RAD_ChestCT/RadchestCTseg/trn23184/trn23184.nii.gz
/data4/haoranlai/Dataset/RAD_ChestCT/image/trn04541.nii.gz,/data4/haoranlai/Dataset/RAD_ChestCT/RadchestCTseg/trn04541/trn04541.nii.gz
/data4/haoranlai/Dataset/RAD_ChestCT/image/trn05383.nii.gz,/data4/haoranlai/Dataset/RAD_ChestCT/RadchestCTseg/trn05383/trn05383.nii.gz
/data4/haoranlai/Dataset/RAD_ChestCT/image/trn09832.nii.gz,/data4/haoranlai/Dataset/RAD_ChestCT/RadchestCTseg/trn09832/trn09832.nii.gz
/data4/haoranlai/Dataset/RAD_ChestCT/image/trn12082.nii.gz,/data4/haoranlai/Dataset/RAD_ChestCT/RadchestCTseg/trn12082/trn12082.nii.gz
/data4/haoranlai/Dataset/RAD_ChestCT/image/trn13769.nii.gz,/data4/haoranlai/Dataset/RAD_ChestCT/RadchestCTseg/trn13769/trn13769.nii.gz
/data4/haoranlai/Dataset/RAD_ChestCT/image/trn22972.nii.gz,/data4/haoranlai/Dataset/RAD_ChestCT/RadchestCTseg/trn22972/trn22972.nii.gz
/data4/haoranlai/Dataset/RAD_ChestCT/image/trn14989.nii.gz,/data4/haoranlai/Dataset/RAD_ChestCT/RadchestCTseg/trn14989/trn14989.nii.gz
/data4/haoranlai/Dataset/RAD_ChestCT/image/trn07609.nii.gz,/data4/haoranlai/Dataset/RAD_ChestCT/RadchestCTseg/trn07609/trn07609.nii.gz
/data4/haoranlai/Dataset/RAD_ChestCT/image/trn00717.nii.gz,/data4/haoranlai/Dataset/RAD_ChestCT/RadchestCTseg/trn00717/trn00717.nii.gz
/data4/haoranlai/Dataset/RAD_ChestCT/image/trn16718.nii.gz,/data4/haoranlai/Dataset/RAD_ChestCT/RadchestCTseg/trn16718/trn16718.nii.gz
/data4/haoranlai/Dataset/RAD_ChestCT/image/trn11577.nii.gz,/data4/haoranlai/Dataset/RAD_ChestCT/RadchestCTseg/trn11577/trn11577.nii.gz
/data4/haoranlai/Dataset/RAD_ChestCT/image/trn22005.nii.gz,/data4/haoranlai/Dataset/RAD_ChestCT/RadchestCTseg/trn22005/trn22005.nii.gz
/data4/haoranlai/Dataset/RAD_ChestCT/image/trn03132.nii.gz,/data4/haoranlai/Dataset/RAD_ChestCT/RadchestCTseg/trn03132/trn03132.nii.gz
/data4/haoranlai/Dataset/RAD_ChestCT/image/trn21279.nii.gz,/data4/haoranlai/Dataset/RAD_ChestCT/RadchestCTseg/trn21279/trn21279.nii.gz
/data4/haoranlai/Dataset/RAD_ChestCT/image/trn06039.nii.gz,/data4/haoranlai/Dataset/RAD_ChestCT/RadchestCTseg/trn06039/trn06039.nii.gz
/data4/haoranlai/Dataset/RAD_ChestCT/image/trn22395.nii.gz,/data4/haoranlai/Dataset/RAD_ChestCT/RadchestCTseg/trn22395/trn22395.nii.gz
/data4/haoranlai/Dataset/RAD_ChestCT/image/trn19693.nii.gz,/data4/haoranlai/Dataset/RAD_ChestCT/RadchestCTseg/trn19693/trn19693.nii.gz
/data4/haoranlai/Dataset/RAD_ChestCT/image/trn14561.nii.gz,/data4/haoranlai/Dataset/RAD_ChestCT/RadchestCTseg/trn14561/trn14561.nii.gz
/data4/haoranlai/Dataset/RAD_ChestCT/image/trn12975.nii.gz,/data4/haoranlai/Dataset/RAD_ChestCT/RadchestCTseg/trn12975/trn12975.nii.gz
/data4/haoranlai/Dataset/RAD_ChestCT/image/trn03827.nii.gz,/data4/haoranlai/Dataset/RAD_ChestCT/RadchestCTseg/trn03827/trn03827.nii.gz
/data4/haoranlai/Dataset/RAD_ChestCT/image/trn20084.nii.gz,/data4/haoranlai/Dataset/RAD_ChestCT/RadchestCTseg/trn20084/trn20084.nii.gz
/data4/haoranlai/Dataset/RAD_ChestCT/image/trn10763.nii.gz,/data4/haoranlai/Dataset/RAD_ChestCT/RadchestCTseg/trn10763/trn10763.nii.gz
/data4/haoranlai/Dataset/RAD_ChestCT/image/trn17506.nii.gz,/data4/haoranlai/Dataset/RAD_ChestCT/RadchestCTseg/trn17506/trn17506.nii.gz
/data4/haoranlai/Dataset/RAD_ChestCT/image/trn10323.nii.gz,/data4/haoranlai/Dataset/RAD_ChestCT/RadchestCTseg/trn10323/trn10323.nii.gz
/data4/haoranlai/Dataset/RAD_ChestCT/image/trn17808.nii.gz,/data4/haoranlai/Dataset/RAD_ChestCT/RadchestCTseg/trn17808/trn17808.nii.gz
/data4/haoranlai/Dataset/RAD_ChestCT/image/trn12862.nii.gz,/data4/haoranlai/Dataset/RAD_ChestCT/RadchestCTseg/trn12862/trn12862.nii.gz
/data4/haoranlai/Dataset/RAD_ChestCT/image/trn17732.nii.gz,/data4/haoranlai/Dataset/RAD_ChestCT/RadchestCTseg/trn17732/trn17732.nii.gz
/data4/haoranlai/Dataset/RAD_ChestCT/image/trn23580.nii.gz,/data4/haoranlai/Dataset/RAD_ChestCT/RadchestCTseg/trn23580/trn23580.nii.gz
/data4/haoranlai/Dataset/RAD_ChestCT/image/trn14754.nii.gz,/data4/haoranlai/Dataset/RAD_ChestCT/RadchestCTseg/trn14754/trn14754.nii.gz
/data4/haoranlai/Dataset/RAD_ChestCT/image/trn24398.nii.gz,/data4/haoranlai/Dataset/RAD_ChestCT/RadchestCTseg/trn24398/trn24398.nii.gz
/data4/haoranlai/Dataset/RAD_ChestCT/image/trn08621.nii.gz,/data4/haoranlai/Dataset/RAD_ChestCT/RadchestCTseg/trn08621/trn08621.nii.gz
/data4/haoranlai/Dataset/RAD_ChestCT/image/trn12532.nii.gz,/data4/haoranlai/Dataset/RAD_ChestCT/RadchestCTseg/trn12532/trn12532.nii.gz
/data4/haoranlai/Dataset/RAD_ChestCT/image/trn25085.nii.gz,/data4/haoranlai/Dataset/RAD_ChestCT/RadchestCTseg/trn25085/trn25085.nii.gz
/data4/haoranlai/Dataset/RAD_ChestCT/image/trn09806.nii.gz,/data4/haoranlai/Dataset/RAD_ChestCT/RadchestCTseg/trn09806/trn09806.nii.gz
/data4/haoranlai/Dataset/RAD_ChestCT/image/trn23960.nii.gz,/data4/haoranlai/Dataset/RAD_ChestCT/RadchestCTseg/trn23960/trn23960.nii.gz
/data4/haoranlai/Dataset/RAD_ChestCT/image/trn05787.nii.gz,/data4/haoranlai/Dataset/RAD_ChestCT/RadchestCTseg/trn05787/trn05787.nii.gz
/data4/haoranlai/Dataset/RAD_ChestCT/image/trn12936.nii.gz,/data4/haoranlai/Dataset/RAD_ChestCT/RadchestCTseg/trn12936/trn12936.nii.gz
/data4/haoranlai/Dataset/RAD_ChestCT/image/trn19437.nii.gz,/data4/haoranlai/Dataset/RAD_ChestCT/RadchestCTseg/trn19437/trn19437.nii.gz
/data4/haoranlai/Dataset/RAD_ChestCT/image/trn19074.nii.gz,/data4/haoranlai/Dataset/RAD_ChestCT/RadchestCTseg/trn19074/trn19074.nii.gz
/data4/haoranlai/Dataset/RAD_ChestCT/image/trn14044.nii.gz,/data4/haoranlai/Dataset/RAD_ChestCT/RadchestCTseg/trn14044/trn14044.nii.gz
/data4/haoranlai/Dataset/RAD_ChestCT/image/trn14708.nii.gz,/data4/haoranlai/Dataset/RAD_ChestCT/RadchestCTseg/trn14708/trn14708.nii.gz
/data4/haoranlai/Dataset/RAD_ChestCT/image/trn10268.nii.gz,/data4/haoranlai/Dataset/RAD_ChestCT/RadchestCTseg/trn10268/trn10268.nii.gz
/data4/haoranlai/Dataset/RAD_ChestCT/image/trn11478.nii.gz,/data4/haoranlai/Dataset/RAD_ChestCT/RadchestCTseg/trn11478/trn11478.nii.gz
/data4/haoranlai/Dataset/RAD_ChestCT/image/trn02767.nii.gz,/data4/haoranlai/Dataset/RAD_ChestCT/RadchestCTseg/trn02767/trn02767.nii.gz
/data4/haoranlai/Dataset/RAD_ChestCT/image/trn05285.nii.gz,/data4/haoranlai/Dataset/RAD_ChestCT/RadchestCTseg/trn05285/trn05285.nii.gz
/data4/haoranlai/Dataset/RAD_ChestCT/image/trn05125.nii.gz,/data4/haoranlai/Dataset/RAD_ChestCT/RadchestCTseg/trn05125/trn05125.nii.gz
/data4/haoranlai/Dataset/RAD_ChestCT/image/trn24722.nii.gz,/data4/haoranlai/Dataset/RAD_ChestCT/RadchestCTseg/trn24722/trn24722.nii.gz
/data4/haoranlai/Dataset/RAD_ChestCT/image/trn18446.nii.gz,/data4/haoranlai/Dataset/RAD_ChestCT/RadchestCTseg/trn18446/trn18446.nii.gz
/data4/haoranlai/Dataset/RAD_ChestCT/image/trn20098.nii.gz,/data4/haoranlai/Dataset/RAD_ChestCT/RadchestCTseg/trn20098/trn20098.nii.gz
/data4/haoranlai/Dataset/RAD_ChestCT/image/trn10011.nii.gz,/data4/haoranlai/Dataset/RAD_ChestCT/RadchestCTseg/trn10011/trn10011.nii.gz
/data4/haoranlai/Dataset/RAD_ChestCT/image/trn13776.nii.gz,/data4/haoranlai/Dataset/RAD_ChestCT/RadchestCTseg/trn13776/trn13776.nii.gz
/data4/haoranlai/Dataset/RAD_ChestCT/image/trn18476.nii.gz,/data4/haoranlai/Dataset/RAD_ChestCT/RadchestCTseg/trn18476/trn18476.nii.gz
/data4/haoranlai/Dataset/RAD_ChestCT/image/trn02679.nii.gz,/data4/haoranlai/Dataset/RAD_ChestCT/RadchestCTseg/trn02679/trn02679.nii.gz
/data4/haoranlai/Dataset/RAD_ChestCT/image/trn01426.nii.gz,/data4/haoranlai/Dataset/RAD_ChestCT/RadchestCTseg/trn01426/trn01426.nii.gz
/data4/haoranlai/Dataset/RAD_ChestCT/image/trn21595.nii.gz,/data4/haoranlai/Dataset/RAD_ChestCT/RadchestCTseg/trn21595/trn21595.nii.gz
/data4/haoranlai/Dataset/RAD_ChestCT/image/trn15573.nii.gz,/data4/haoranlai/Dataset/RAD_ChestCT/RadchestCTseg/trn15573/trn15573.nii.gz
/data4/haoranlai/Dataset/RAD_ChestCT/image/trn00131.nii.gz,/data4/haoranlai/Dataset/RAD_ChestCT/RadchestCTseg/trn00131/trn00131.nii.gz
/data4/haoranlai/Dataset/RAD_ChestCT/image/trn21694.nii.gz,/data4/haoranlai/Dataset/RAD_ChestCT/RadchestCTseg/trn21694/trn21694.nii.gz
/data4/haoranlai/Dataset/RAD_ChestCT/image/trn01913.nii.gz,/data4/haoranlai/Dataset/RAD_ChestCT/RadchestCTseg/trn01913/trn01913.nii.gz
/data4/haoranlai/Dataset/RAD_ChestCT/image/trn08882.nii.gz,/data4/haoranlai/Dataset/RAD_ChestCT/RadchestCTseg/trn08882/trn08882.nii.gz
/data4/haoranlai/Dataset/RAD_ChestCT/image/trn20173.nii.gz,/data4/haoranlai/Dataset/RAD_ChestCT/RadchestCTseg/trn20173/trn20173.nii.gz
/data4/haoranlai/Dataset/RAD_ChestCT/image/trn20848.nii.gz,/data4/haoranlai/Dataset/RAD_ChestCT/RadchestCTseg/trn20848/trn20848.nii.gz
/data4/haoranlai/Dataset/RAD_ChestCT/image/trn10102.nii.gz,/data4/haoranlai/Dataset/RAD_ChestCT/RadchestCTseg/trn10102/trn10102.nii.gz
/data4/haoranlai/Dataset/RAD_ChestCT/image/trn11744.nii.gz,/data4/haoranlai/Dataset/RAD_ChestCT/RadchestCTseg/trn11744/trn11744.nii.gz
/data4/haoranlai/Dataset/RAD_ChestCT/image/trn02490.nii.gz,/data4/haoranlai/Dataset/RAD_ChestCT/RadchestCTseg/trn02490/trn02490.nii.gz
/data4/haoranlai/Dataset/RAD_ChestCT/image/trn15989.nii.gz,/data4/haoranlai/Dataset/RAD_ChestCT/RadchestCTseg/trn15989/trn15989.nii.gz
/data4/haoranlai/Dataset/RAD_ChestCT/image/trn13829.nii.gz,/data4/haoranlai/Dataset/RAD_ChestCT/RadchestCTseg/trn13829/trn13829.nii.gz
/data4/haoranlai/Dataset/RAD_ChestCT/image/trn23323.nii.gz,/data4/haoranlai/Dataset/RAD_ChestCT/RadchestCTseg/trn23323/trn23323.nii.gz
/data4/haoranlai/Dataset/RAD_ChestCT/image/trn00277.nii.gz,/data4/haoranlai/Dataset/RAD_ChestCT/RadchestCTseg/trn00277/trn00277.nii.gz
/data4/haoranlai/Dataset/RAD_ChestCT/image/trn16006.nii.gz,/data4/haoranlai/Dataset/RAD_ChestCT/RadchestCTseg/trn16006/trn16006.nii.gz
/data4/haoranlai/Dataset/RAD_ChestCT/image/trn25029.nii.gz,/data4/haoranlai/Dataset/RAD_ChestCT/RadchestCTseg/trn25029/trn25029.nii.gz
/data4/haoranlai/Dataset/RAD_ChestCT/image/trn05593.nii.gz,/data4/haoranlai/Dataset/RAD_ChestCT/RadchestCTseg/trn05593/trn05593.nii.gz
/data4/haoranlai/Dataset/RAD_ChestCT/image/trn09214.nii.gz,/data4/haoranlai/Dataset/RAD_ChestCT/RadchestCTseg/trn09214/trn09214.nii.gz
/data4/haoranlai/Dataset/RAD_ChestCT/image/trn03258.nii.gz,/data4/haoranlai/Dataset/RAD_ChestCT/RadchestCTseg/trn03258/trn03258.nii.gz
/data4/haoranlai/Dataset/RAD_ChestCT/image/trn09393.nii.gz,/data4/haoranlai/Dataset/RAD_ChestCT/RadchestCTseg/trn09393/trn09393.nii.gz
/data4/haoranlai/Dataset/RAD_ChestCT/image/trn20817.nii.gz,/data4/haoranlai/Dataset/RAD_ChestCT/RadchestCTseg/trn20817/trn20817.nii.gz
/data4/haoranlai/Dataset/RAD_ChestCT/image/trn23998.nii.gz,/data4/haoranlai/Dataset/RAD_ChestCT/RadchestCTseg/trn23998/trn23998.nii.gz
/data4/haoranlai/Dataset/RAD_ChestCT/image/trn24863.nii.gz,/data4/haoranlai/Dataset/RAD_ChestCT/RadchestCTseg/trn24863/trn24863.nii.gz
/data4/haoranlai/Dataset/RAD_ChestCT/image/trn18475.nii.gz,/data4/haoranlai/Dataset/RAD_ChestCT/RadchestCTseg/trn18475/trn18475.nii.gz
/data4/haoranlai/Dataset/RAD_ChestCT/image/trn08938.nii.gz,/data4/haoranlai/Dataset/RAD_ChestCT/RadchestCTseg/trn08938/trn08938.nii.gz
/data4/haoranlai/Dataset/RAD_ChestCT/image/trn06080.nii.gz,/data4/haoranlai/Dataset/RAD_ChestCT/RadchestCTseg/trn06080/trn06080.nii.gz
/data4/haoranlai/Dataset/RAD_ChestCT/image/trn06634.nii.gz,/data4/haoranlai/Dataset/RAD_ChestCT/RadchestCTseg/trn06634/trn06634.nii.gz
/data4/haoranlai/Dataset/RAD_ChestCT/image/trn18763.nii.gz,/data4/haoranlai/Dataset/RAD_ChestCT/RadchestCTseg/trn18763/trn18763.nii.gz
/data4/haoranlai/Dataset/RAD_ChestCT/image/trn11227.nii.gz,/data4/haoranlai/Dataset/RAD_ChestCT/RadchestCTseg/trn11227/trn11227.nii.gz
/data4/haoranlai/Dataset/RAD_ChestCT/image/trn24406.nii.gz,/data4/haoranlai/Dataset/RAD_ChestCT/RadchestCTseg/trn24406/trn24406.nii.gz
/data4/haoranlai/Dataset/RAD_ChestCT/image/trn24628.nii.gz,/data4/haoranlai/Dataset/RAD_ChestCT/RadchestCTseg/trn24628/trn24628.nii.gz
/data4/haoranlai/Dataset/RAD_ChestCT/image/trn23749.nii.gz,/data4/haoranlai/Dataset/RAD_ChestCT/RadchestCTseg/trn23749/trn23749.nii.gz
/data4/haoranlai/Dataset/RAD_ChestCT/image/trn18356.nii.gz,/data4/haoranlai/Dataset/RAD_ChestCT/RadchestCTseg/trn18356/trn18356.nii.gz
/data4/haoranlai/Dataset/RAD_ChestCT/image/trn09459.nii.gz,/data4/haoranlai/Dataset/RAD_ChestCT/RadchestCTseg/trn09459/trn09459.nii.gz
/data4/haoranlai/Dataset/RAD_ChestCT/image/trn23153.nii.gz,/data4/haoranlai/Dataset/RAD_ChestCT/RadchestCTseg/trn23153/trn23153.nii.gz
/data4/haoranlai/Dataset/RAD_ChestCT/image/trn19827.nii.gz,/data4/haoranlai/Dataset/RAD_ChestCT/RadchestCTseg/trn19827/trn19827.nii.gz
/data4/haoranlai/Dataset/RAD_ChestCT/image/trn00323.nii.gz,/data4/haoranlai/Dataset/RAD_ChestCT/RadchestCTseg/trn00323/trn00323.nii.gz
/data4/haoranlai/Dataset/RAD_ChestCT/image/trn13803.nii.gz,/data4/haoranlai/Dataset/RAD_ChestCT/RadchestCTseg/trn13803/trn13803.nii.gz
/data4/haoranlai/Dataset/RAD_ChestCT/image/trn11663.nii.gz,/data4/haoranlai/Dataset/RAD_ChestCT/RadchestCTseg/trn11663/trn11663.nii.gz
/data4/haoranlai/Dataset/RAD_ChestCT/image/trn17643.nii.gz,/data4/haoranlai/Dataset/RAD_ChestCT/RadchestCTseg/trn17643/trn17643.nii.gz
/data4/haoranlai/Dataset/RAD_ChestCT/image/trn11392.nii.gz,/data4/haoranlai/Dataset/RAD_ChestCT/RadchestCTseg/trn11392/trn11392.nii.gz
/data4/haoranlai/Dataset/RAD_ChestCT/image/trn08122.nii.gz,/data4/haoranlai/Dataset/RAD_ChestCT/RadchestCTseg/trn08122/trn08122.nii.gz
/data4/haoranlai/Dataset/RAD_ChestCT/image/trn14700.nii.gz,/data4/haoranlai/Dataset/RAD_ChestCT/RadchestCTseg/trn14700/trn14700.nii.gz
/data4/haoranlai/Dataset/RAD_ChestCT/image/trn15428.nii.gz,/data4/haoranlai/Dataset/RAD_ChestCT/RadchestCTseg/trn15428/trn15428.nii.gz
/data4/haoranlai/Dataset/RAD_ChestCT/image/trn23477.nii.gz,/data4/haoranlai/Dataset/RAD_ChestCT/RadchestCTseg/trn23477/trn23477.nii.gz
/data4/haoranlai/Dataset/RAD_ChestCT/image/trn16075.nii.gz,/data4/haoranlai/Dataset/RAD_ChestCT/RadchestCTseg/trn16075/trn16075.nii.gz
/data4/haoranlai/Dataset/RAD_ChestCT/image/trn14248.nii.gz,/data4/haoranlai/Dataset/RAD_ChestCT/RadchestCTseg/trn14248/trn14248.nii.gz
/data4/haoranlai/Dataset/RAD_ChestCT/image/trn18027.nii.gz,/data4/haoranlai/Dataset/RAD_ChestCT/RadchestCTseg/trn18027/trn18027.nii.gz
/data4/haoranlai/Dataset/RAD_ChestCT/image/trn00932.nii.gz,/data4/haoranlai/Dataset/RAD_ChestCT/RadchestCTseg/trn00932/trn00932.nii.gz
/data4/haoranlai/Dataset/RAD_ChestCT/image/trn15723.nii.gz,/data4/haoranlai/Dataset/RAD_ChestCT/RadchestCTseg/trn15723/trn15723.nii.gz
/data4/haoranlai/Dataset/RAD_ChestCT/image/trn05357.nii.gz,/data4/haoranlai/Dataset/RAD_ChestCT/RadchestCTseg/trn05357/trn05357.nii.gz
/data4/haoranlai/Dataset/RAD_ChestCT/image/trn03745.nii.gz,/data4/haoranlai/Dataset/RAD_ChestCT/RadchestCTseg/trn03745/trn03745.nii.gz
/data4/haoranlai/Dataset/RAD_ChestCT/image/trn15348.nii.gz,/data4/haoranlai/Dataset/RAD_ChestCT/RadchestCTseg/trn15348/trn15348.nii.gz
/data4/haoranlai/Dataset/RAD_ChestCT/image/trn21329.nii.gz,/data4/haoranlai/Dataset/RAD_ChestCT/RadchestCTseg/trn21329/trn21329.nii.gz
/data4/haoranlai/Dataset/RAD_ChestCT/image/trn17199.nii.gz,/data4/haoranlai/Dataset/RAD_ChestCT/RadchestCTseg/trn17199/trn17199.nii.gz
/data4/haoranlai/Dataset/RAD_ChestCT/image/trn02060.nii.gz,/data4/haoranlai/Dataset/RAD_ChestCT/RadchestCTseg/trn02060/trn02060.nii.gz
/data4/haoranlai/Dataset/RAD_ChestCT/image/trn21909.nii.gz,/data4/haoranlai/Dataset/RAD_ChestCT/RadchestCTseg/trn21909/trn21909.nii.gz
/data4/haoranlai/Dataset/RAD_ChestCT/image/trn00802.nii.gz,/data4/haoranlai/Dataset/RAD_ChestCT/RadchestCTseg/trn00802/trn00802.nii.gz
/data4/haoranlai/Dataset/RAD_ChestCT/image/trn04128.nii.gz,/data4/haoranlai/Dataset/RAD_ChestCT/RadchestCTseg/trn04128/trn04128.nii.gz
/data4/haoranlai/Dataset/RAD_ChestCT/image/trn17162.nii.gz,/data4/haoranlai/Dataset/RAD_ChestCT/RadchestCTseg/trn17162/trn17162.nii.gz
/data4/haoranlai/Dataset/RAD_ChestCT/image/trn11224.nii.gz,/data4/haoranlai/Dataset/RAD_ChestCT/RadchestCTseg/trn11224/trn11224.nii.gz
/data4/haoranlai/Dataset/RAD_ChestCT/image/trn24267.nii.gz,/data4/haoranlai/Dataset/RAD_ChestCT/RadchestCTseg/trn24267/trn24267.nii.gz
/data4/haoranlai/Dataset/RAD_ChestCT/image/trn24570.nii.gz,/data4/haoranlai/Dataset/RAD_ChestCT/RadchestCTseg/trn24570/trn24570.nii.gz
/data4/haoranlai/Dataset/RAD_ChestCT/image/trn14731.nii.gz,/data4/haoranlai/Dataset/RAD_ChestCT/RadchestCTseg/trn14731/trn14731.nii.gz
/data4/haoranlai/Dataset/RAD_ChestCT/image/trn18158.nii.gz,/data4/haoranlai/Dataset/RAD_ChestCT/RadchestCTseg/trn18158/trn18158.nii.gz
/data4/haoranlai/Dataset/RAD_ChestCT/image/trn18927.nii.gz,/data4/haoranlai/Dataset/RAD_ChestCT/RadchestCTseg/trn18927/trn18927.nii.gz
/data4/haoranlai/Dataset/RAD_ChestCT/image/trn21617.nii.gz,/data4/haoranlai/Dataset/RAD_ChestCT/RadchestCTseg/trn21617/trn21617.nii.gz
/data4/haoranlai/Dataset/RAD_ChestCT/image/trn12420.nii.gz,/data4/haoranlai/Dataset/RAD_ChestCT/RadchestCTseg/trn12420/trn12420.nii.gz
/data4/haoranlai/Dataset/RAD_ChestCT/image/trn19841.nii.gz,/data4/haoranlai/Dataset/RAD_ChestCT/RadchestCTseg/trn19841/trn19841.nii.gz
/data4/haoranlai/Dataset/RAD_ChestCT/image/trn03302.nii.gz,/data4/haoranlai/Dataset/RAD_ChestCT/RadchestCTseg/trn03302/trn03302.nii.gz
/data4/haoranlai/Dataset/RAD_ChestCT/image/trn05024.nii.gz,/data4/haoranlai/Dataset/RAD_ChestCT/RadchestCTseg/trn05024/trn05024.nii.gz
/data4/haoranlai/Dataset/RAD_ChestCT/image/trn00550.nii.gz,/data4/haoranlai/Dataset/RAD_ChestCT/RadchestCTseg/trn00550/trn00550.nii.gz
/data4/haoranlai/Dataset/RAD_ChestCT/image/trn18452.nii.gz,/data4/haoranlai/Dataset/RAD_ChestCT/RadchestCTseg/trn18452/trn18452.nii.gz
/data4/haoranlai/Dataset/RAD_ChestCT/image/trn04461.nii.gz,/data4/haoranlai/Dataset/RAD_ChestCT/RadchestCTseg/trn04461/trn04461.nii.gz
/data4/haoranlai/Dataset/RAD_ChestCT/image/trn19113.nii.gz,/data4/haoranlai/Dataset/RAD_ChestCT/RadchestCTseg/trn19113/trn19113.nii.gz
/data4/haoranlai/Dataset/RAD_ChestCT/image/trn21474.nii.gz,/data4/haoranlai/Dataset/RAD_ChestCT/RadchestCTseg/trn21474/trn21474.nii.gz
/data4/haoranlai/Dataset/RAD_ChestCT/image/trn01011.nii.gz,/data4/haoranlai/Dataset/RAD_ChestCT/RadchestCTseg/trn01011/trn01011.nii.gz
/data4/haoranlai/Dataset/RAD_ChestCT/image/trn18021.nii.gz,/data4/haoranlai/Dataset/RAD_ChestCT/RadchestCTseg/trn18021/trn18021.nii.gz
/data4/haoranlai/Dataset/RAD_ChestCT/image/trn11999.nii.gz,/data4/haoranlai/Dataset/RAD_ChestCT/RadchestCTseg/trn11999/trn11999.nii.gz
/data4/haoranlai/Dataset/RAD_ChestCT/image/trn12080.nii.gz,/data4/haoranlai/Dataset/RAD_ChestCT/RadchestCTseg/trn12080/trn12080.nii.gz
/data4/haoranlai/Dataset/RAD_ChestCT/image/trn00637.nii.gz,/data4/haoranlai/Dataset/RAD_ChestCT/RadchestCTseg/trn00637/trn00637.nii.gz
/data4/haoranlai/Dataset/RAD_ChestCT/image/trn11996.nii.gz,/data4/haoranlai/Dataset/RAD_ChestCT/RadchestCTseg/trn11996/trn11996.nii.gz
/data4/haoranlai/Dataset/RAD_ChestCT/image/trn22150.nii.gz,/data4/haoranlai/Dataset/RAD_ChestCT/RadchestCTseg/trn22150/trn22150.nii.gz
/data4/haoranlai/Dataset/RAD_ChestCT/image/trn11966.nii.gz,/data4/haoranlai/Dataset/RAD_ChestCT/RadchestCTseg/trn11966/trn11966.nii.gz
/data4/haoranlai/Dataset/RAD_ChestCT/image/trn15618.nii.gz,/data4/haoranlai/Dataset/RAD_ChestCT/RadchestCTseg/trn15618/trn15618.nii.gz
/data4/haoranlai/Dataset/RAD_ChestCT/image/trn12615.nii.gz,/data4/haoranlai/Dataset/RAD_ChestCT/RadchestCTseg/trn12615/trn12615.nii.gz
/data4/haoranlai/Dataset/RAD_ChestCT/image/trn18392.nii.gz,/data4/haoranlai/Dataset/RAD_ChestCT/RadchestCTseg/trn18392/trn18392.nii.gz
/data4/haoranlai/Dataset/RAD_ChestCT/image/trn18409.nii.gz,/data4/haoranlai/Dataset/RAD_ChestCT/RadchestCTseg/trn18409/trn18409.nii.gz
/data4/haoranlai/Dataset/RAD_ChestCT/image/trn14769.nii.gz,/data4/haoranlai/Dataset/RAD_ChestCT/RadchestCTseg/trn14769/trn14769.nii.gz
/data4/haoranlai/Dataset/RAD_ChestCT/image/trn00345.nii.gz,/data4/haoranlai/Dataset/RAD_ChestCT/RadchestCTseg/trn00345/trn00345.nii.gz
/data4/haoranlai/Dataset/RAD_ChestCT/image/trn19724.nii.gz,/data4/haoranlai/Dataset/RAD_ChestCT/RadchestCTseg/trn19724/trn19724.nii.gz
/data4/haoranlai/Dataset/RAD_ChestCT/image/trn07081.nii.gz,/data4/haoranlai/Dataset/RAD_ChestCT/RadchestCTseg/trn07081/trn07081.nii.gz
/data4/haoranlai/Dataset/RAD_ChestCT/image/trn11394.nii.gz,/data4/haoranlai/Dataset/RAD_ChestCT/RadchestCTseg/trn11394/trn11394.nii.gz
/data4/haoranlai/Dataset/RAD_ChestCT/image/trn04761.nii.gz,/data4/haoranlai/Dataset/RAD_ChestCT/RadchestCTseg/trn04761/trn04761.nii.gz
/data4/haoranlai/Dataset/RAD_ChestCT/image/trn04665.nii.gz,/data4/haoranlai/Dataset/RAD_ChestCT/RadchestCTseg/trn04665/trn04665.nii.gz
/data4/haoranlai/Dataset/RAD_ChestCT/image/trn25353.nii.gz,/data4/haoranlai/Dataset/RAD_ChestCT/RadchestCTseg/trn25353/trn25353.nii.gz
/data4/haoranlai/Dataset/RAD_ChestCT/image/trn23495.nii.gz,/data4/haoranlai/Dataset/RAD_ChestCT/RadchestCTseg/trn23495/trn23495.nii.gz
/data4/haoranlai/Dataset/RAD_ChestCT/image/trn03810.nii.gz,/data4/haoranlai/Dataset/RAD_ChestCT/RadchestCTseg/trn03810/trn03810.nii.gz
/data4/haoranlai/Dataset/RAD_ChestCT/image/trn20384.nii.gz,/data4/haoranlai/Dataset/RAD_ChestCT/RadchestCTseg/trn20384/trn20384.nii.gz
/data4/haoranlai/Dataset/RAD_ChestCT/image/trn12371.nii.gz,/data4/haoranlai/Dataset/RAD_ChestCT/RadchestCTseg/trn12371/trn12371.nii.gz
/data4/haoranlai/Dataset/RAD_ChestCT/image/trn00384.nii.gz,/data4/haoranlai/Dataset/RAD_ChestCT/RadchestCTseg/trn00384/trn00384.nii.gz
/data4/haoranlai/Dataset/RAD_ChestCT/image/trn00695.nii.gz,/data4/haoranlai/Dataset/RAD_ChestCT/RadchestCTseg/trn00695/trn00695.nii.gz
/data4/haoranlai/Dataset/RAD_ChestCT/image/trn16659.nii.gz,/data4/haoranlai/Dataset/RAD_ChestCT/RadchestCTseg/trn16659/trn16659.nii.gz
/data4/haoranlai/Dataset/RAD_ChestCT/image/trn07265.nii.gz,/data4/haoranlai/Dataset/RAD_ChestCT/RadchestCTseg/trn07265/trn07265.nii.gz
/data4/haoranlai/Dataset/RAD_ChestCT/image/trn13937.nii.gz,/data4/haoranlai/Dataset/RAD_ChestCT/RadchestCTseg/trn13937/trn13937.nii.gz
/data4/haoranlai/Dataset/RAD_ChestCT/image/trn09454.nii.gz,/data4/haoranlai/Dataset/RAD_ChestCT/RadchestCTseg/trn09454/trn09454.nii.gz
/data4/haoranlai/Dataset/RAD_ChestCT/image/trn22109.nii.gz,/data4/haoranlai/Dataset/RAD_ChestCT/RadchestCTseg/trn22109/trn22109.nii.gz
/data4/haoranlai/Dataset/RAD_ChestCT/image/trn20706.nii.gz,/data4/haoranlai/Dataset/RAD_ChestCT/RadchestCTseg/trn20706/trn20706.nii.gz
/data4/haoranlai/Dataset/RAD_ChestCT/image/trn11685.nii.gz,/data4/haoranlai/Dataset/RAD_ChestCT/RadchestCTseg/trn11685/trn11685.nii.gz
/data4/haoranlai/Dataset/RAD_ChestCT/image/trn25030.nii.gz,/data4/haoranlai/Dataset/RAD_ChestCT/RadchestCTseg/trn25030/trn25030.nii.gz
/data4/haoranlai/Dataset/RAD_ChestCT/image/trn08743.nii.gz,/data4/haoranlai/Dataset/RAD_ChestCT/RadchestCTseg/trn08743/trn08743.nii.gz
/data4/haoranlai/Dataset/RAD_ChestCT/image/trn21900.nii.gz,/data4/haoranlai/Dataset/RAD_ChestCT/RadchestCTseg/trn21900/trn21900.nii.gz
/data4/haoranlai/Dataset/RAD_ChestCT/image/trn24138.nii.gz,/data4/haoranlai/Dataset/RAD_ChestCT/RadchestCTseg/trn24138/trn24138.nii.gz
/data4/haoranlai/Dataset/RAD_ChestCT/image/trn10090.nii.gz,/data4/haoranlai/Dataset/RAD_ChestCT/RadchestCTseg/trn10090/trn10090.nii.gz
/data4/haoranlai/Dataset/RAD_ChestCT/image/trn25060.nii.gz,/data4/haoranlai/Dataset/RAD_ChestCT/RadchestCTseg/trn25060/trn25060.nii.gz
/data4/haoranlai/Dataset/RAD_ChestCT/image/trn14299.nii.gz,/data4/haoranlai/Dataset/RAD_ChestCT/RadchestCTseg/trn14299/trn14299.nii.gz
/data4/haoranlai/Dataset/RAD_ChestCT/image/trn21506.nii.gz,/data4/haoranlai/Dataset/RAD_ChestCT/RadchestCTseg/trn21506/trn21506.nii.gz
/data4/haoranlai/Dataset/RAD_ChestCT/image/trn00193.nii.gz,/data4/haoranlai/Dataset/RAD_ChestCT/RadchestCTseg/trn00193/trn00193.nii.gz
/data4/haoranlai/Dataset/RAD_ChestCT/image/trn13455.nii.gz,/data4/haoranlai/Dataset/RAD_ChestCT/RadchestCTseg/trn13455/trn13455.nii.gz
/data4/haoranlai/Dataset/RAD_ChestCT/image/trn22451.nii.gz,/data4/haoranlai/Dataset/RAD_ChestCT/RadchestCTseg/trn22451/trn22451.nii.gz
/data4/haoranlai/Dataset/RAD_ChestCT/image/trn12513.nii.gz,/data4/haoranlai/Dataset/RAD_ChestCT/RadchestCTseg/trn12513/trn12513.nii.gz
/data4/haoranlai/Dataset/RAD_ChestCT/image/trn16697.nii.gz,/data4/haoranlai/Dataset/RAD_ChestCT/RadchestCTseg/trn16697/trn16697.nii.gz
/data4/haoranlai/Dataset/RAD_ChestCT/image/trn22244.nii.gz,/data4/haoranlai/Dataset/RAD_ChestCT/RadchestCTseg/trn22244/trn22244.nii.gz
/data4/haoranlai/Dataset/RAD_ChestCT/image/trn10009.nii.gz,/data4/haoranlai/Dataset/RAD_ChestCT/RadchestCTseg/trn10009/trn10009.nii.gz
/data4/haoranlai/Dataset/RAD_ChestCT/image/trn06468.nii.gz,/data4/haoranlai/Dataset/RAD_ChestCT/RadchestCTseg/trn06468/trn06468.nii.gz
/data4/haoranlai/Dataset/RAD_ChestCT/image/trn22029.nii.gz,/data4/haoranlai/Dataset/RAD_ChestCT/RadchestCTseg/trn22029/trn22029.nii.gz
/data4/haoranlai/Dataset/RAD_ChestCT/image/trn01227.nii.gz,/data4/haoranlai/Dataset/RAD_ChestCT/RadchestCTseg/trn01227/trn01227.nii.gz
/data4/haoranlai/Dataset/RAD_ChestCT/image/trn03078.nii.gz,/data4/haoranlai/Dataset/RAD_ChestCT/RadchestCTseg/trn03078/trn03078.nii.gz
/data4/haoranlai/Dataset/RAD_ChestCT/image/trn00093.nii.gz,/data4/haoranlai/Dataset/RAD_ChestCT/RadchestCTseg/trn00093/trn00093.nii.gz
/data4/haoranlai/Dataset/RAD_ChestCT/image/trn08380.nii.gz,/data4/haoranlai/Dataset/RAD_ChestCT/RadchestCTseg/trn08380/trn08380.nii.gz
/data4/haoranlai/Dataset/RAD_ChestCT/image/trn25097.nii.gz,/data4/haoranlai/Dataset/RAD_ChestCT/RadchestCTseg/trn25097/trn25097.nii.gz
/data4/haoranlai/Dataset/RAD_ChestCT/image/trn01092.nii.gz,/data4/haoranlai/Dataset/RAD_ChestCT/RadchestCTseg/trn01092/trn01092.nii.gz
/data4/haoranlai/Dataset/RAD_ChestCT/image/trn01901.nii.gz,/data4/haoranlai/Dataset/RAD_ChestCT/RadchestCTseg/trn01901/trn01901.nii.gz
/data4/haoranlai/Dataset/RAD_ChestCT/image/trn12505.nii.gz,/data4/haoranlai/Dataset/RAD_ChestCT/RadchestCTseg/trn12505/trn12505.nii.gz
/data4/haoranlai/Dataset/RAD_ChestCT/image/trn21610.nii.gz,/data4/haoranlai/Dataset/RAD_ChestCT/RadchestCTseg/trn21610/trn21610.nii.gz
/data4/haoranlai/Dataset/RAD_ChestCT/image/trn13887.nii.gz,/data4/haoranlai/Dataset/RAD_ChestCT/RadchestCTseg/trn13887/trn13887.nii.gz
/data4/haoranlai/Dataset/RAD_ChestCT/image/trn05184.nii.gz,/data4/haoranlai/Dataset/RAD_ChestCT/RadchestCTseg/trn05184/trn05184.nii.gz
/data4/haoranlai/Dataset/RAD_ChestCT/image/trn20812.nii.gz,/data4/haoranlai/Dataset/RAD_ChestCT/RadchestCTseg/trn20812/trn20812.nii.gz
/data4/haoranlai/Dataset/RAD_ChestCT/image/trn07235.nii.gz,/data4/haoranlai/Dataset/RAD_ChestCT/RadchestCTseg/trn07235/trn07235.nii.gz
/data4/haoranlai/Dataset/RAD_ChestCT/image/trn05988.nii.gz,/data4/haoranlai/Dataset/RAD_ChestCT/RadchestCTseg/trn05988/trn05988.nii.gz
/data4/haoranlai/Dataset/RAD_ChestCT/image/trn24251.nii.gz,/data4/haoranlai/Dataset/RAD_ChestCT/RadchestCTseg/trn24251/trn24251.nii.gz
/data4/haoranlai/Dataset/RAD_ChestCT/image/trn20549.nii.gz,/data4/haoranlai/Dataset/RAD_ChestCT/RadchestCTseg/trn20549/trn20549.nii.gz
/data4/haoranlai/Dataset/RAD_ChestCT/image/trn19511.nii.gz,/data4/haoranlai/Dataset/RAD_ChestCT/RadchestCTseg/trn19511/trn19511.nii.gz
/data4/haoranlai/Dataset/RAD_ChestCT/image/trn01221.nii.gz,/data4/haoranlai/Dataset/RAD_ChestCT/RadchestCTseg/trn01221/trn01221.nii.gz
/data4/haoranlai/Dataset/RAD_ChestCT/image/trn09687.nii.gz,/data4/haoranlai/Dataset/RAD_ChestCT/RadchestCTseg/trn09687/trn09687.nii.gz
/data4/haoranlai/Dataset/RAD_ChestCT/image/trn14502.nii.gz,/data4/haoranlai/Dataset/RAD_ChestCT/RadchestCTseg/trn14502/trn14502.nii.gz
/data4/haoranlai/Dataset/RAD_ChestCT/image/trn12705.nii.gz,/data4/haoranlai/Dataset/RAD_ChestCT/RadchestCTseg/trn12705/trn12705.nii.gz
/data4/haoranlai/Dataset/RAD_ChestCT/image/trn13230.nii.gz,/data4/haoranlai/Dataset/RAD_ChestCT/RadchestCTseg/trn13230/trn13230.nii.gz
/data4/haoranlai/Dataset/RAD_ChestCT/image/trn04447.nii.gz,/data4/haoranlai/Dataset/RAD_ChestCT/RadchestCTseg/trn04447/trn04447.nii.gz
/data4/haoranlai/Dataset/RAD_ChestCT/image/trn00425.nii.gz,/data4/haoranlai/Dataset/RAD_ChestCT/RadchestCTseg/trn00425/trn00425.nii.gz
/data4/haoranlai/Dataset/RAD_ChestCT/image/trn15592.nii.gz,/data4/haoranlai/Dataset/RAD_ChestCT/RadchestCTseg/trn15592/trn15592.nii.gz
/data4/haoranlai/Dataset/RAD_ChestCT/image/trn16827.nii.gz,/data4/haoranlai/Dataset/RAD_ChestCT/RadchestCTseg/trn16827/trn16827.nii.gz
/data4/haoranlai/Dataset/RAD_ChestCT/image/trn07274.nii.gz,/data4/haoranlai/Dataset/RAD_ChestCT/RadchestCTseg/trn07274/trn07274.nii.gz
/data4/haoranlai/Dataset/RAD_ChestCT/image/trn17529.nii.gz,/data4/haoranlai/Dataset/RAD_ChestCT/RadchestCTseg/trn17529/trn17529.nii.gz
/data4/haoranlai/Dataset/RAD_ChestCT/image/trn23346.nii.gz,/data4/haoranlai/Dataset/RAD_ChestCT/RadchestCTseg/trn23346/trn23346.nii.gz
/data4/haoranlai/Dataset/RAD_ChestCT/image/trn21246.nii.gz,/data4/haoranlai/Dataset/RAD_ChestCT/RadchestCTseg/trn21246/trn21246.nii.gz
/data4/haoranlai/Dataset/RAD_ChestCT/image/trn03526.nii.gz,/data4/haoranlai/Dataset/RAD_ChestCT/RadchestCTseg/trn03526/trn03526.nii.gz
/data4/haoranlai/Dataset/RAD_ChestCT/image/trn17604.nii.gz,/data4/haoranlai/Dataset/RAD_ChestCT/RadchestCTseg/trn17604/trn17604.nii.gz
/data4/haoranlai/Dataset/RAD_ChestCT/image/trn14720.nii.gz,/data4/haoranlai/Dataset/RAD_ChestCT/RadchestCTseg/trn14720/trn14720.nii.gz
/data4/haoranlai/Dataset/RAD_ChestCT/image/trn16578.nii.gz,/data4/haoranlai/Dataset/RAD_ChestCT/RadchestCTseg/trn16578/trn16578.nii.gz
/data4/haoranlai/Dataset/RAD_ChestCT/image/trn07627.nii.gz,/data4/haoranlai/Dataset/RAD_ChestCT/RadchestCTseg/trn07627/trn07627.nii.gz
/data4/haoranlai/Dataset/RAD_ChestCT/image/trn13766.nii.gz,/data4/haoranlai/Dataset/RAD_ChestCT/RadchestCTseg/trn13766/trn13766.nii.gz
/data4/haoranlai/Dataset/RAD_ChestCT/image/trn03424.nii.gz,/data4/haoranlai/Dataset/RAD_ChestCT/RadchestCTseg/trn03424/trn03424.nii.gz
/data4/haoranlai/Dataset/RAD_ChestCT/image/trn18339.nii.gz,/data4/haoranlai/Dataset/RAD_ChestCT/RadchestCTseg/trn18339/trn18339.nii.gz
/data4/haoranlai/Dataset/RAD_ChestCT/image/trn18186.nii.gz,/data4/haoranlai/Dataset/RAD_ChestCT/RadchestCTseg/trn18186/trn18186.nii.gz
/data4/haoranlai/Dataset/RAD_ChestCT/image/trn01921.nii.gz,/data4/haoranlai/Dataset/RAD_ChestCT/RadchestCTseg/trn01921/trn01921.nii.gz
/data4/haoranlai/Dataset/RAD_ChestCT/image/trn21003.nii.gz,/data4/haoranlai/Dataset/RAD_ChestCT/RadchestCTseg/trn21003/trn21003.nii.gz
/data4/haoranlai/Dataset/RAD_ChestCT/image/trn21674.nii.gz,/data4/haoranlai/Dataset/RAD_ChestCT/RadchestCTseg/trn21674/trn21674.nii.gz
/data4/haoranlai/Dataset/RAD_ChestCT/image/trn11770.nii.gz,/data4/haoranlai/Dataset/RAD_ChestCT/RadchestCTseg/trn11770/trn11770.nii.gz
/data4/haoranlai/Dataset/RAD_ChestCT/image/trn20712.nii.gz,/data4/haoranlai/Dataset/RAD_ChestCT/RadchestCTseg/trn20712/trn20712.nii.gz
/data4/haoranlai/Dataset/RAD_ChestCT/image/trn08615.nii.gz,/data4/haoranlai/Dataset/RAD_ChestCT/RadchestCTseg/trn08615/trn08615.nii.gz
/data4/haoranlai/Dataset/RAD_ChestCT/image/trn22597.nii.gz,/data4/haoranlai/Dataset/RAD_ChestCT/RadchestCTseg/trn22597/trn22597.nii.gz
/data4/haoranlai/Dataset/RAD_ChestCT/image/trn09190.nii.gz,/data4/haoranlai/Dataset/RAD_ChestCT/RadchestCTseg/trn09190/trn09190.nii.gz
/data4/haoranlai/Dataset/RAD_ChestCT/image/trn17370.nii.gz,/data4/haoranlai/Dataset/RAD_ChestCT/RadchestCTseg/trn17370/trn17370.nii.gz
/data4/haoranlai/Dataset/RAD_ChestCT/image/trn20669.nii.gz,/data4/haoranlai/Dataset/RAD_ChestCT/RadchestCTseg/trn20669/trn20669.nii.gz
/data4/haoranlai/Dataset/RAD_ChestCT/image/trn16931.nii.gz,/data4/haoranlai/Dataset/RAD_ChestCT/RadchestCTseg/trn16931/trn16931.nii.gz
/data4/haoranlai/Dataset/RAD_ChestCT/image/trn03592.nii.gz,/data4/haoranlai/Dataset/RAD_ChestCT/RadchestCTseg/trn03592/trn03592.nii.gz
/data4/haoranlai/Dataset/RAD_ChestCT/image/trn20310.nii.gz,/data4/haoranlai/Dataset/RAD_ChestCT/RadchestCTseg/trn20310/trn20310.nii.gz
/data4/haoranlai/Dataset/RAD_ChestCT/image/trn13129.nii.gz,/data4/haoranlai/Dataset/RAD_ChestCT/RadchestCTseg/trn13129/trn13129.nii.gz
/data4/haoranlai/Dataset/RAD_ChestCT/image/trn03025.nii.gz,/data4/haoranlai/Dataset/RAD_ChestCT/RadchestCTseg/trn03025/trn03025.nii.gz
/data4/haoranlai/Dataset/RAD_ChestCT/image/trn21933.nii.gz,/data4/haoranlai/Dataset/RAD_ChestCT/RadchestCTseg/trn21933/trn21933.nii.gz
/data4/haoranlai/Dataset/RAD_ChestCT/image/trn21102.nii.gz,/data4/haoranlai/Dataset/RAD_ChestCT/RadchestCTseg/trn21102/trn21102.nii.gz
/data4/haoranlai/Dataset/RAD_ChestCT/image/trn01021.nii.gz,/data4/haoranlai/Dataset/RAD_ChestCT/RadchestCTseg/trn01021/trn01021.nii.gz
/data4/haoranlai/Dataset/RAD_ChestCT/image/trn05951.nii.gz,/data4/haoranlai/Dataset/RAD_ChestCT/RadchestCTseg/trn05951/trn05951.nii.gz
/data4/haoranlai/Dataset/RAD_ChestCT/image/trn24453.nii.gz,/data4/haoranlai/Dataset/RAD_ChestCT/RadchestCTseg/trn24453/trn24453.nii.gz
/data4/haoranlai/Dataset/RAD_ChestCT/image/trn00785.nii.gz,/data4/haoranlai/Dataset/RAD_ChestCT/RadchestCTseg/trn00785/trn00785.nii.gz
/data4/haoranlai/Dataset/RAD_ChestCT/image/trn22329.nii.gz,/data4/haoranlai/Dataset/RAD_ChestCT/RadchestCTseg/trn22329/trn22329.nii.gz
/data4/haoranlai/Dataset/RAD_ChestCT/image/trn16725.nii.gz,/data4/haoranlai/Dataset/RAD_ChestCT/RadchestCTseg/trn16725/trn16725.nii.gz
/data4/haoranlai/Dataset/RAD_ChestCT/image/trn17208.nii.gz,/data4/haoranlai/Dataset/RAD_ChestCT/RadchestCTseg/trn17208/trn17208.nii.gz
/data4/haoranlai/Dataset/RAD_ChestCT/image/trn23506.nii.gz,/data4/haoranlai/Dataset/RAD_ChestCT/RadchestCTseg/trn23506/trn23506.nii.gz
/data4/haoranlai/Dataset/RAD_ChestCT/image/trn15198.nii.gz,/data4/haoranlai/Dataset/RAD_ChestCT/RadchestCTseg/trn15198/trn15198.nii.gz
/data4/haoranlai/Dataset/RAD_ChestCT/image/trn16039.nii.gz,/data4/haoranlai/Dataset/RAD_ChestCT/RadchestCTseg/trn16039/trn16039.nii.gz
/data4/haoranlai/Dataset/RAD_ChestCT/image/trn13972.nii.gz,/data4/haoranlai/Dataset/RAD_ChestCT/RadchestCTseg/trn13972/trn13972.nii.gz
/data4/haoranlai/Dataset/RAD_ChestCT/image/trn01142.nii.gz,/data4/haoranlai/Dataset/RAD_ChestCT/RadchestCTseg/trn01142/trn01142.nii.gz
/data4/haoranlai/Dataset/RAD_ChestCT/image/trn21529.nii.gz,/data4/haoranlai/Dataset/RAD_ChestCT/RadchestCTseg/trn21529/trn21529.nii.gz
/data4/haoranlai/Dataset/RAD_ChestCT/image/trn00824.nii.gz,/data4/haoranlai/Dataset/RAD_ChestCT/RadchestCTseg/trn00824/trn00824.nii.gz
/data4/haoranlai/Dataset/RAD_ChestCT/image/trn24237.nii.gz,/data4/haoranlai/Dataset/RAD_ChestCT/RadchestCTseg/trn24237/trn24237.nii.gz
/data4/haoranlai/Dataset/RAD_ChestCT/image/trn14589.nii.gz,/data4/haoranlai/Dataset/RAD_ChestCT/RadchestCTseg/trn14589/trn14589.nii.gz
/data4/haoranlai/Dataset/RAD_ChestCT/image/trn14045.nii.gz,/data4/haoranlai/Dataset/RAD_ChestCT/RadchestCTseg/trn14045/trn14045.nii.gz
/data4/haoranlai/Dataset/RAD_ChestCT/image/trn13353.nii.gz,/data4/haoranlai/Dataset/RAD_ChestCT/RadchestCTseg/trn13353/trn13353.nii.gz
/data4/haoranlai/Dataset/RAD_ChestCT/image/trn22094.nii.gz,/data4/haoranlai/Dataset/RAD_ChestCT/RadchestCTseg/trn22094/trn22094.nii.gz
/data4/haoranlai/Dataset/RAD_ChestCT/image/trn15206.nii.gz,/data4/haoranlai/Dataset/RAD_ChestCT/RadchestCTseg/trn15206/trn15206.nii.gz
/data4/haoranlai/Dataset/RAD_ChestCT/image/trn07142.nii.gz,/data4/haoranlai/Dataset/RAD_ChestCT/RadchestCTseg/trn07142/trn07142.nii.gz
/data4/haoranlai/Dataset/RAD_ChestCT/image/trn09402.nii.gz,/data4/haoranlai/Dataset/RAD_ChestCT/RadchestCTseg/trn09402/trn09402.nii.gz
/data4/haoranlai/Dataset/RAD_ChestCT/image/trn09436.nii.gz,/data4/haoranlai/Dataset/RAD_ChestCT/RadchestCTseg/trn09436/trn09436.nii.gz
/data4/haoranlai/Dataset/RAD_ChestCT/image/trn23087.nii.gz,/data4/haoranlai/Dataset/RAD_ChestCT/RadchestCTseg/trn23087/trn23087.nii.gz
/data4/haoranlai/Dataset/RAD_ChestCT/image/trn03943.nii.gz,/data4/haoranlai/Dataset/RAD_ChestCT/RadchestCTseg/trn03943/trn03943.nii.gz
/data4/haoranlai/Dataset/RAD_ChestCT/image/trn13853.nii.gz,/data4/haoranlai/Dataset/RAD_ChestCT/RadchestCTseg/trn13853/trn13853.nii.gz
/data4/haoranlai/Dataset/RAD_ChestCT/image/trn24123.nii.gz,/data4/haoranlai/Dataset/RAD_ChestCT/RadchestCTseg/trn24123/trn24123.nii.gz
/data4/haoranlai/Dataset/RAD_ChestCT/image/trn05282.nii.gz,/data4/haoranlai/Dataset/RAD_ChestCT/RadchestCTseg/trn05282/trn05282.nii.gz
/data4/haoranlai/Dataset/RAD_ChestCT/image/trn10072.nii.gz,/data4/haoranlai/Dataset/RAD_ChestCT/RadchestCTseg/trn10072/trn10072.nii.gz
/data4/haoranlai/Dataset/RAD_ChestCT/image/trn01556.nii.gz,/data4/haoranlai/Dataset/RAD_ChestCT/RadchestCTseg/trn01556/trn01556.nii.gz
/data4/haoranlai/Dataset/RAD_ChestCT/image/trn19556.nii.gz,/data4/haoranlai/Dataset/RAD_ChestCT/RadchestCTseg/trn19556/trn19556.nii.gz
/data4/haoranlai/Dataset/RAD_ChestCT/image/trn02771.nii.gz,/data4/haoranlai/Dataset/RAD_ChestCT/RadchestCTseg/trn02771/trn02771.nii.gz
/data4/haoranlai/Dataset/RAD_ChestCT/image/trn16081.nii.gz,/data4/haoranlai/Dataset/RAD_ChestCT/RadchestCTseg/trn16081/trn16081.nii.gz
/data4/haoranlai/Dataset/RAD_ChestCT/image/trn11235.nii.gz,/data4/haoranlai/Dataset/RAD_ChestCT/RadchestCTseg/trn11235/trn11235.nii.gz
/data4/haoranlai/Dataset/RAD_ChestCT/image/trn21128.nii.gz,/data4/haoranlai/Dataset/RAD_ChestCT/RadchestCTseg/trn21128/trn21128.nii.gz
/data4/haoranlai/Dataset/RAD_ChestCT/image/trn10224.nii.gz,/data4/haoranlai/Dataset/RAD_ChestCT/RadchestCTseg/trn10224/trn10224.nii.gz
/data4/haoranlai/Dataset/RAD_ChestCT/image/trn05385.nii.gz,/data4/haoranlai/Dataset/RAD_ChestCT/RadchestCTseg/trn05385/trn05385.nii.gz
/data4/haoranlai/Dataset/RAD_ChestCT/image/trn01824.nii.gz,/data4/haoranlai/Dataset/RAD_ChestCT/RadchestCTseg/trn01824/trn01824.nii.gz
/data4/haoranlai/Dataset/RAD_ChestCT/image/trn13843.nii.gz,/data4/haoranlai/Dataset/RAD_ChestCT/RadchestCTseg/trn13843/trn13843.nii.gz
/data4/haoranlai/Dataset/RAD_ChestCT/image/trn23966.nii.gz,/data4/haoranlai/Dataset/RAD_ChestCT/RadchestCTseg/trn23966/trn23966.nii.gz
/data4/haoranlai/Dataset/RAD_ChestCT/image/trn24511.nii.gz,/data4/haoranlai/Dataset/RAD_ChestCT/RadchestCTseg/trn24511/trn24511.nii.gz
/data4/haoranlai/Dataset/RAD_ChestCT/image/trn15248.nii.gz,/data4/haoranlai/Dataset/RAD_ChestCT/RadchestCTseg/trn15248/trn15248.nii.gz
/data4/haoranlai/Dataset/RAD_ChestCT/image/trn06814.nii.gz,/data4/haoranlai/Dataset/RAD_ChestCT/RadchestCTseg/trn06814/trn06814.nii.gz
/data4/haoranlai/Dataset/RAD_ChestCT/image/trn14735.nii.gz,/data4/haoranlai/Dataset/RAD_ChestCT/RadchestCTseg/trn14735/trn14735.nii.gz
/data4/haoranlai/Dataset/RAD_ChestCT/image/trn10210.nii.gz,/data4/haoranlai/Dataset/RAD_ChestCT/RadchestCTseg/trn10210/trn10210.nii.gz
/data4/haoranlai/Dataset/RAD_ChestCT/image/trn10858.nii.gz,/data4/haoranlai/Dataset/RAD_ChestCT/RadchestCTseg/trn10858/trn10858.nii.gz
/data4/haoranlai/Dataset/RAD_ChestCT/image/trn10270.nii.gz,/data4/haoranlai/Dataset/RAD_ChestCT/RadchestCTseg/trn10270/trn10270.nii.gz
/data4/haoranlai/Dataset/RAD_ChestCT/image/trn05123.nii.gz,/data4/haoranlai/Dataset/RAD_ChestCT/RadchestCTseg/trn05123/trn05123.nii.gz
/data4/haoranlai/Dataset/RAD_ChestCT/image/trn14706.nii.gz,/data4/haoranlai/Dataset/RAD_ChestCT/RadchestCTseg/trn14706/trn14706.nii.gz
/data4/haoranlai/Dataset/RAD_ChestCT/image/trn00460.nii.gz,/data4/haoranlai/Dataset/RAD_ChestCT/RadchestCTseg/trn00460/trn00460.nii.gz
/data4/haoranlai/Dataset/RAD_ChestCT/image/trn02419.nii.gz,/data4/haoranlai/Dataset/RAD_ChestCT/RadchestCTseg/trn02419/trn02419.nii.gz
/data4/haoranlai/Dataset/RAD_ChestCT/image/trn22881.nii.gz,/data4/haoranlai/Dataset/RAD_ChestCT/RadchestCTseg/trn22881/trn22881.nii.gz
/data4/haoranlai/Dataset/RAD_ChestCT/image/trn20207.nii.gz,/data4/haoranlai/Dataset/RAD_ChestCT/RadchestCTseg/trn20207/trn20207.nii.gz
/data4/haoranlai/Dataset/RAD_ChestCT/image/trn11782.nii.gz,/data4/haoranlai/Dataset/RAD_ChestCT/RadchestCTseg/trn11782/trn11782.nii.gz
/data4/haoranlai/Dataset/RAD_ChestCT/image/trn11300.nii.gz,/data4/haoranlai/Dataset/RAD_ChestCT/RadchestCTseg/trn11300/trn11300.nii.gz
/data4/haoranlai/Dataset/RAD_ChestCT/image/trn18332.nii.gz,/data4/haoranlai/Dataset/RAD_ChestCT/RadchestCTseg/trn18332/trn18332.nii.gz
/data4/haoranlai/Dataset/RAD_ChestCT/image/trn01512.nii.gz,/data4/haoranlai/Dataset/RAD_ChestCT/RadchestCTseg/trn01512/trn01512.nii.gz
/data4/haoranlai/Dataset/RAD_ChestCT/image/trn22158.nii.gz,/data4/haoranlai/Dataset/RAD_ChestCT/RadchestCTseg/trn22158/trn22158.nii.gz
/data4/haoranlai/Dataset/RAD_ChestCT/image/trn07443.nii.gz,/data4/haoranlai/Dataset/RAD_ChestCT/RadchestCTseg/trn07443/trn07443.nii.gz
/data4/haoranlai/Dataset/RAD_ChestCT/image/trn18436.nii.gz,/data4/haoranlai/Dataset/RAD_ChestCT/RadchestCTseg/trn18436/trn18436.nii.gz
/data4/haoranlai/Dataset/RAD_ChestCT/image/trn07852.nii.gz,/data4/haoranlai/Dataset/RAD_ChestCT/RadchestCTseg/trn07852/trn07852.nii.gz
/data4/haoranlai/Dataset/RAD_ChestCT/image/trn11193.nii.gz,/data4/haoranlai/Dataset/RAD_ChestCT/RadchestCTseg/trn11193/trn11193.nii.gz
/data4/haoranlai/Dataset/RAD_ChestCT/image/trn23176.nii.gz,/data4/haoranlai/Dataset/RAD_ChestCT/RadchestCTseg/trn23176/trn23176.nii.gz
/data4/haoranlai/Dataset/RAD_ChestCT/image/trn18472.nii.gz,/data4/haoranlai/Dataset/RAD_ChestCT/RadchestCTseg/trn18472/trn18472.nii.gz
/data4/haoranlai/Dataset/RAD_ChestCT/image/trn22060.nii.gz,/data4/haoranlai/Dataset/RAD_ChestCT/RadchestCTseg/trn22060/trn22060.nii.gz
/data4/haoranlai/Dataset/RAD_ChestCT/image/trn13934.nii.gz,/data4/haoranlai/Dataset/RAD_ChestCT/RadchestCTseg/trn13934/trn13934.nii.gz
/data4/haoranlai/Dataset/RAD_ChestCT/image/trn18280.nii.gz,/data4/haoranlai/Dataset/RAD_ChestCT/RadchestCTseg/trn18280/trn18280.nii.gz
/data4/haoranlai/Dataset/RAD_ChestCT/image/trn18179.nii.gz,/data4/haoranlai/Dataset/RAD_ChestCT/RadchestCTseg/trn18179/trn18179.nii.gz
/data4/haoranlai/Dataset/RAD_ChestCT/image/trn01783.nii.gz,/data4/haoranlai/Dataset/RAD_ChestCT/RadchestCTseg/trn01783/trn01783.nii.gz
/data4/haoranlai/Dataset/RAD_ChestCT/image/trn02634.nii.gz,/data4/haoranlai/Dataset/RAD_ChestCT/RadchestCTseg/trn02634/trn02634.nii.gz
/data4/haoranlai/Dataset/RAD_ChestCT/image/trn15316.nii.gz,/data4/haoranlai/Dataset/RAD_ChestCT/RadchestCTseg/trn15316/trn15316.nii.gz
/data4/haoranlai/Dataset/RAD_ChestCT/image/trn18423.nii.gz,/data4/haoranlai/Dataset/RAD_ChestCT/RadchestCTseg/trn18423/trn18423.nii.gz
/data4/haoranlai/Dataset/RAD_ChestCT/image/trn15970.nii.gz,/data4/haoranlai/Dataset/RAD_ChestCT/RadchestCTseg/trn15970/trn15970.nii.gz
/data4/haoranlai/Dataset/RAD_ChestCT/image/trn20113.nii.gz,/data4/haoranlai/Dataset/RAD_ChestCT/RadchestCTseg/trn20113/trn20113.nii.gz
/data4/haoranlai/Dataset/RAD_ChestCT/image/trn18294.nii.gz,/data4/haoranlai/Dataset/RAD_ChestCT/RadchestCTseg/trn18294/trn18294.nii.gz
/data4/haoranlai/Dataset/RAD_ChestCT/image/trn10936.nii.gz,/data4/haoranlai/Dataset/RAD_ChestCT/RadchestCTseg/trn10936/trn10936.nii.gz
/data4/haoranlai/Dataset/RAD_ChestCT/image/trn20781.nii.gz,/data4/haoranlai/Dataset/RAD_ChestCT/RadchestCTseg/trn20781/trn20781.nii.gz
/data4/haoranlai/Dataset/RAD_ChestCT/image/trn22619.nii.gz,/data4/haoranlai/Dataset/RAD_ChestCT/RadchestCTseg/trn22619/trn22619.nii.gz
/data4/haoranlai/Dataset/RAD_ChestCT/image/trn09021.nii.gz,/data4/haoranlai/Dataset/RAD_ChestCT/RadchestCTseg/trn09021/trn09021.nii.gz
/data4/haoranlai/Dataset/RAD_ChestCT/image/trn13627.nii.gz,/data4/haoranlai/Dataset/RAD_ChestCT/RadchestCTseg/trn13627/trn13627.nii.gz
/data4/haoranlai/Dataset/RAD_ChestCT/image/trn01848.nii.gz,/data4/haoranlai/Dataset/RAD_ChestCT/RadchestCTseg/trn01848/trn01848.nii.gz
/data4/haoranlai/Dataset/RAD_ChestCT/image/trn24981.nii.gz,/data4/haoranlai/Dataset/RAD_ChestCT/RadchestCTseg/trn24981/trn24981.nii.gz
/data4/haoranlai/Dataset/RAD_ChestCT/image/trn12233.nii.gz,/data4/haoranlai/Dataset/RAD_ChestCT/RadchestCTseg/trn12233/trn12233.nii.gz
/data4/haoranlai/Dataset/RAD_ChestCT/image/trn04341.nii.gz,/data4/haoranlai/Dataset/RAD_ChestCT/RadchestCTseg/trn04341/trn04341.nii.gz
/data4/haoranlai/Dataset/RAD_ChestCT/image/trn13015.nii.gz,/data4/haoranlai/Dataset/RAD_ChestCT/RadchestCTseg/trn13015/trn13015.nii.gz
/data4/haoranlai/Dataset/RAD_ChestCT/image/trn15207.nii.gz,/data4/haoranlai/Dataset/RAD_ChestCT/RadchestCTseg/trn15207/trn15207.nii.gz
/data4/haoranlai/Dataset/RAD_ChestCT/image/trn24121.nii.gz,/data4/haoranlai/Dataset/RAD_ChestCT/RadchestCTseg/trn24121/trn24121.nii.gz
/data4/haoranlai/Dataset/RAD_ChestCT/image/trn10713.nii.gz,/data4/haoranlai/Dataset/RAD_ChestCT/RadchestCTseg/trn10713/trn10713.nii.gz
/data4/haoranlai/Dataset/RAD_ChestCT/image/trn23906.nii.gz,/data4/haoranlai/Dataset/RAD_ChestCT/RadchestCTseg/trn23906/trn23906.nii.gz
/data4/haoranlai/Dataset/RAD_ChestCT/image/trn02511.nii.gz,/data4/haoranlai/Dataset/RAD_ChestCT/RadchestCTseg/trn02511/trn02511.nii.gz
/data4/haoranlai/Dataset/RAD_ChestCT/image/trn05473.nii.gz,/data4/haoranlai/Dataset/RAD_ChestCT/RadchestCTseg/trn05473/trn05473.nii.gz
/data4/haoranlai/Dataset/RAD_ChestCT/image/trn23790.nii.gz,/data4/haoranlai/Dataset/RAD_ChestCT/RadchestCTseg/trn23790/trn23790.nii.gz
/data4/haoranlai/Dataset/RAD_ChestCT/image/trn01817.nii.gz,/data4/haoranlai/Dataset/RAD_ChestCT/RadchestCTseg/trn01817/trn01817.nii.gz
/data4/haoranlai/Dataset/RAD_ChestCT/image/trn18071.nii.gz,/data4/haoranlai/Dataset/RAD_ChestCT/RadchestCTseg/trn18071/trn18071.nii.gz
/data4/haoranlai/Dataset/RAD_ChestCT/image/trn18588.nii.gz,/data4/haoranlai/Dataset/RAD_ChestCT/RadchestCTseg/trn18588/trn18588.nii.gz
/data4/haoranlai/Dataset/RAD_ChestCT/image/trn23404.nii.gz,/data4/haoranlai/Dataset/RAD_ChestCT/RadchestCTseg/trn23404/trn23404.nii.gz
/data4/haoranlai/Dataset/RAD_ChestCT/image/trn05888.nii.gz,/data4/haoranlai/Dataset/RAD_ChestCT/RadchestCTseg/trn05888/trn05888.nii.gz
/data4/haoranlai/Dataset/RAD_ChestCT/image/trn00870.nii.gz,/data4/haoranlai/Dataset/RAD_ChestCT/RadchestCTseg/trn00870/trn00870.nii.gz
/data4/haoranlai/Dataset/RAD_ChestCT/image/trn21824.nii.gz,/data4/haoranlai/Dataset/RAD_ChestCT/RadchestCTseg/trn21824/trn21824.nii.gz
/data4/haoranlai/Dataset/RAD_ChestCT/image/trn18687.nii.gz,/data4/haoranlai/Dataset/RAD_ChestCT/RadchestCTseg/trn18687/trn18687.nii.gz
/data4/haoranlai/Dataset/RAD_ChestCT/image/trn21061.nii.gz,/data4/haoranlai/Dataset/RAD_ChestCT/RadchestCTseg/trn21061/trn21061.nii.gz
/data4/haoranlai/Dataset/RAD_ChestCT/image/trn18583.nii.gz,/data4/haoranlai/Dataset/RAD_ChestCT/RadchestCTseg/trn18583/trn18583.nii.gz
/data4/haoranlai/Dataset/RAD_ChestCT/image/trn09485.nii.gz,/data4/haoranlai/Dataset/RAD_ChestCT/RadchestCTseg/trn09485/trn09485.nii.gz
/data4/haoranlai/Dataset/RAD_ChestCT/image/trn15628.nii.gz,/data4/haoranlai/Dataset/RAD_ChestCT/RadchestCTseg/trn15628/trn15628.nii.gz
/data4/haoranlai/Dataset/RAD_ChestCT/image/trn00485.nii.gz,/data4/haoranlai/Dataset/RAD_ChestCT/RadchestCTseg/trn00485/trn00485.nii.gz
/data4/haoranlai/Dataset/RAD_ChestCT/image/trn16615.nii.gz,/data4/haoranlai/Dataset/RAD_ChestCT/RadchestCTseg/trn16615/trn16615.nii.gz
/data4/haoranlai/Dataset/RAD_ChestCT/image/trn02197.nii.gz,/data4/haoranlai/Dataset/RAD_ChestCT/RadchestCTseg/trn02197/trn02197.nii.gz
/data4/haoranlai/Dataset/RAD_ChestCT/image/trn05501.nii.gz,/data4/haoranlai/Dataset/RAD_ChestCT/RadchestCTseg/trn05501/trn05501.nii.gz
/data4/haoranlai/Dataset/RAD_ChestCT/image/trn10975.nii.gz,/data4/haoranlai/Dataset/RAD_ChestCT/RadchestCTseg/trn10975/trn10975.nii.gz
/data4/haoranlai/Dataset/RAD_ChestCT/image/trn04445.nii.gz,/data4/haoranlai/Dataset/RAD_ChestCT/RadchestCTseg/trn04445/trn04445.nii.gz
/data4/haoranlai/Dataset/RAD_ChestCT/image/trn23927.nii.gz,/data4/haoranlai/Dataset/RAD_ChestCT/RadchestCTseg/trn23927/trn23927.nii.gz
/data4/haoranlai/Dataset/RAD_ChestCT/image/trn18093.nii.gz,/data4/haoranlai/Dataset/RAD_ChestCT/RadchestCTseg/trn18093/trn18093.nii.gz
/data4/haoranlai/Dataset/RAD_ChestCT/image/trn01777.nii.gz,/data4/haoranlai/Dataset/RAD_ChestCT/RadchestCTseg/trn01777/trn01777.nii.gz
/data4/haoranlai/Dataset/RAD_ChestCT/image/trn16788.nii.gz,/data4/haoranlai/Dataset/RAD_ChestCT/RadchestCTseg/trn16788/trn16788.nii.gz
/data4/haoranlai/Dataset/RAD_ChestCT/image/trn05618.nii.gz,/data4/haoranlai/Dataset/RAD_ChestCT/RadchestCTseg/trn05618/trn05618.nii.gz
/data4/haoranlai/Dataset/RAD_ChestCT/image/trn20804.nii.gz,/data4/haoranlai/Dataset/RAD_ChestCT/RadchestCTseg/trn20804/trn20804.nii.gz
/data4/haoranlai/Dataset/RAD_ChestCT/image/trn18363.nii.gz,/data4/haoranlai/Dataset/RAD_ChestCT/RadchestCTseg/trn18363/trn18363.nii.gz
/data4/haoranlai/Dataset/RAD_ChestCT/image/trn23587.nii.gz,/data4/haoranlai/Dataset/RAD_ChestCT/RadchestCTseg/trn23587/trn23587.nii.gz
/data4/haoranlai/Dataset/RAD_ChestCT/image/trn10632.nii.gz,/data4/haoranlai/Dataset/RAD_ChestCT/RadchestCTseg/trn10632/trn10632.nii.gz
/data4/haoranlai/Dataset/RAD_ChestCT/image/trn10095.nii.gz,/data4/haoranlai/Dataset/RAD_ChestCT/RadchestCTseg/trn10095/trn10095.nii.gz
/data4/haoranlai/Dataset/RAD_ChestCT/image/trn11553.nii.gz,/data4/haoranlai/Dataset/RAD_ChestCT/RadchestCTseg/trn11553/trn11553.nii.gz
/data4/haoranlai/Dataset/RAD_ChestCT/image/trn15096.nii.gz,/data4/haoranlai/Dataset/RAD_ChestCT/RadchestCTseg/trn15096/trn15096.nii.gz
/data4/haoranlai/Dataset/RAD_ChestCT/image/trn20507.nii.gz,/data4/haoranlai/Dataset/RAD_ChestCT/RadchestCTseg/trn20507/trn20507.nii.gz
/data4/haoranlai/Dataset/RAD_ChestCT/image/trn10539.nii.gz,/data4/haoranlai/Dataset/RAD_ChestCT/RadchestCTseg/trn10539/trn10539.nii.gz
/data4/haoranlai/Dataset/RAD_ChestCT/image/trn19402.nii.gz,/data4/haoranlai/Dataset/RAD_ChestCT/RadchestCTseg/trn19402/trn19402.nii.gz
/data4/haoranlai/Dataset/RAD_ChestCT/image/trn23603.nii.gz,/data4/haoranlai/Dataset/RAD_ChestCT/RadchestCTseg/trn23603/trn23603.nii.gz
/data4/haoranlai/Dataset/RAD_ChestCT/image/trn12320.nii.gz,/data4/haoranlai/Dataset/RAD_ChestCT/RadchestCTseg/trn12320/trn12320.nii.gz
/data4/haoranlai/Dataset/RAD_ChestCT/image/trn17731.nii.gz,/data4/haoranlai/Dataset/RAD_ChestCT/RadchestCTseg/trn17731/trn17731.nii.gz
/data4/haoranlai/Dataset/RAD_ChestCT/image/trn06004.nii.gz,/data4/haoranlai/Dataset/RAD_ChestCT/RadchestCTseg/trn06004/trn06004.nii.gz
/data4/haoranlai/Dataset/RAD_ChestCT/image/trn17700.nii.gz,/data4/haoranlai/Dataset/RAD_ChestCT/RadchestCTseg/trn17700/trn17700.nii.gz
/data4/haoranlai/Dataset/RAD_ChestCT/image/trn07982.nii.gz,/data4/haoranlai/Dataset/RAD_ChestCT/RadchestCTseg/trn07982/trn07982.nii.gz
/data4/haoranlai/Dataset/RAD_ChestCT/image/trn22735.nii.gz,/data4/haoranlai/Dataset/RAD_ChestCT/RadchestCTseg/trn22735/trn22735.nii.gz
/data4/haoranlai/Dataset/RAD_ChestCT/image/trn03887.nii.gz,/data4/haoranlai/Dataset/RAD_ChestCT/RadchestCTseg/trn03887/trn03887.nii.gz
/data4/haoranlai/Dataset/RAD_ChestCT/image/trn12894.nii.gz,/data4/haoranlai/Dataset/RAD_ChestCT/RadchestCTseg/trn12894/trn12894.nii.gz
/data4/haoranlai/Dataset/RAD_ChestCT/image/trn01271.nii.gz,/data4/haoranlai/Dataset/RAD_ChestCT/RadchestCTseg/trn01271/trn01271.nii.gz
/data4/haoranlai/Dataset/RAD_ChestCT/image/trn01671.nii.gz,/data4/haoranlai/Dataset/RAD_ChestCT/RadchestCTseg/trn01671/trn01671.nii.gz
/data4/haoranlai/Dataset/RAD_ChestCT/image/trn18595.nii.gz,/data4/haoranlai/Dataset/RAD_ChestCT/RadchestCTseg/trn18595/trn18595.nii.gz
/data4/haoranlai/Dataset/RAD_ChestCT/image/trn05188.nii.gz,/data4/haoranlai/Dataset/RAD_ChestCT/RadchestCTseg/trn05188/trn05188.nii.gz
/data4/haoranlai/Dataset/RAD_ChestCT/image/trn21407.nii.gz,/data4/haoranlai/Dataset/RAD_ChestCT/RadchestCTseg/trn21407/trn21407.nii.gz
/data4/haoranlai/Dataset/RAD_ChestCT/image/trn01538.nii.gz,/data4/haoranlai/Dataset/RAD_ChestCT/RadchestCTseg/trn01538/trn01538.nii.gz
/data4/haoranlai/Dataset/RAD_ChestCT/image/trn08227.nii.gz,/data4/haoranlai/Dataset/RAD_ChestCT/RadchestCTseg/trn08227/trn08227.nii.gz
/data4/haoranlai/Dataset/RAD_ChestCT/image/trn11738.nii.gz,/data4/haoranlai/Dataset/RAD_ChestCT/RadchestCTseg/trn11738/trn11738.nii.gz
/data4/haoranlai/Dataset/RAD_ChestCT/image/trn04311.nii.gz,/data4/haoranlai/Dataset/RAD_ChestCT/RadchestCTseg/trn04311/trn04311.nii.gz
/data4/haoranlai/Dataset/RAD_ChestCT/image/trn14848.nii.gz,/data4/haoranlai/Dataset/RAD_ChestCT/RadchestCTseg/trn14848/trn14848.nii.gz
/data4/haoranlai/Dataset/RAD_ChestCT/image/trn11563.nii.gz,/data4/haoranlai/Dataset/RAD_ChestCT/RadchestCTseg/trn11563/trn11563.nii.gz
/data4/haoranlai/Dataset/RAD_ChestCT/image/trn13434.nii.gz,/data4/haoranlai/Dataset/RAD_ChestCT/RadchestCTseg/trn13434/trn13434.nii.gz
/data4/haoranlai/Dataset/RAD_ChestCT/image/trn09796.nii.gz,/data4/haoranlai/Dataset/RAD_ChestCT/RadchestCTseg/trn09796/trn09796.nii.gz
/data4/haoranlai/Dataset/RAD_ChestCT/image/trn22410.nii.gz,/data4/haoranlai/Dataset/RAD_ChestCT/RadchestCTseg/trn22410/trn22410.nii.gz
/data4/haoranlai/Dataset/RAD_ChestCT/image/trn12533.nii.gz,/data4/haoranlai/Dataset/RAD_ChestCT/RadchestCTseg/trn12533/trn12533.nii.gz
/data4/haoranlai/Dataset/RAD_ChestCT/image/trn13687.nii.gz,/data4/haoranlai/Dataset/RAD_ChestCT/RadchestCTseg/trn13687/trn13687.nii.gz
/data4/haoranlai/Dataset/RAD_ChestCT/image/trn09182.nii.gz,/data4/haoranlai/Dataset/RAD_ChestCT/RadchestCTseg/trn09182/trn09182.nii.gz
/data4/haoranlai/Dataset/RAD_ChestCT/image/trn04863.nii.gz,/data4/haoranlai/Dataset/RAD_ChestCT/RadchestCTseg/trn04863/trn04863.nii.gz
/data4/haoranlai/Dataset/RAD_ChestCT/image/trn06046.nii.gz,/data4/haoranlai/Dataset/RAD_ChestCT/RadchestCTseg/trn06046/trn06046.nii.gz
/data4/haoranlai/Dataset/RAD_ChestCT/image/trn13229.nii.gz,/data4/haoranlai/Dataset/RAD_ChestCT/RadchestCTseg/trn13229/trn13229.nii.gz
/data4/haoranlai/Dataset/RAD_ChestCT/image/trn20325.nii.gz,/data4/haoranlai/Dataset/RAD_ChestCT/RadchestCTseg/trn20325/trn20325.nii.gz
/data4/haoranlai/Dataset/RAD_ChestCT/image/trn10863.nii.gz,/data4/haoranlai/Dataset/RAD_ChestCT/RadchestCTseg/trn10863/trn10863.nii.gz
/data4/haoranlai/Dataset/RAD_ChestCT/image/trn23009.nii.gz,/data4/haoranlai/Dataset/RAD_ChestCT/RadchestCTseg/trn23009/trn23009.nii.gz
/data4/haoranlai/Dataset/RAD_ChestCT/image/trn23455.nii.gz,/data4/haoranlai/Dataset/RAD_ChestCT/RadchestCTseg/trn23455/trn23455.nii.gz
/data4/haoranlai/Dataset/RAD_ChestCT/image/trn23781.nii.gz,/data4/haoranlai/Dataset/RAD_ChestCT/RadchestCTseg/trn23781/trn23781.nii.gz
/data4/haoranlai/Dataset/RAD_ChestCT/image/trn21210.nii.gz,/data4/haoranlai/Dataset/RAD_ChestCT/RadchestCTseg/trn21210/trn21210.nii.gz
/data4/haoranlai/Dataset/RAD_ChestCT/image/trn14515.nii.gz,/data4/haoranlai/Dataset/RAD_ChestCT/RadchestCTseg/trn14515/trn14515.nii.gz
/data4/haoranlai/Dataset/RAD_ChestCT/image/trn02849.nii.gz,/data4/haoranlai/Dataset/RAD_ChestCT/RadchestCTseg/trn02849/trn02849.nii.gz
/data4/haoranlai/Dataset/RAD_ChestCT/image/trn13301.nii.gz,/data4/haoranlai/Dataset/RAD_ChestCT/RadchestCTseg/trn13301/trn13301.nii.gz
/data4/haoranlai/Dataset/RAD_ChestCT/image/trn03744.nii.gz,/data4/haoranlai/Dataset/RAD_ChestCT/RadchestCTseg/trn03744/trn03744.nii.gz
/data4/haoranlai/Dataset/RAD_ChestCT/image/trn24956.nii.gz,/data4/haoranlai/Dataset/RAD_ChestCT/RadchestCTseg/trn24956/trn24956.nii.gz
/data4/haoranlai/Dataset/RAD_ChestCT/image/trn24779.nii.gz,/data4/haoranlai/Dataset/RAD_ChestCT/RadchestCTseg/trn24779/trn24779.nii.gz
/data4/haoranlai/Dataset/RAD_ChestCT/image/trn02791.nii.gz,/data4/haoranlai/Dataset/RAD_ChestCT/RadchestCTseg/trn02791/trn02791.nii.gz
/data4/haoranlai/Dataset/RAD_ChestCT/image/trn21045.nii.gz,/data4/haoranlai/Dataset/RAD_ChestCT/RadchestCTseg/trn21045/trn21045.nii.gz
/data4/haoranlai/Dataset/RAD_ChestCT/image/trn06100.nii.gz,/data4/haoranlai/Dataset/RAD_ChestCT/RadchestCTseg/trn06100/trn06100.nii.gz
/data4/haoranlai/Dataset/RAD_ChestCT/image/trn20793.nii.gz,/data4/haoranlai/Dataset/RAD_ChestCT/RadchestCTseg/trn20793/trn20793.nii.gz
/data4/haoranlai/Dataset/RAD_ChestCT/image/trn08221.nii.gz,/data4/haoranlai/Dataset/RAD_ChestCT/RadchestCTseg/trn08221/trn08221.nii.gz
/data4/haoranlai/Dataset/RAD_ChestCT/image/trn09679.nii.gz,/data4/haoranlai/Dataset/RAD_ChestCT/RadchestCTseg/trn09679/trn09679.nii.gz
/data4/haoranlai/Dataset/RAD_ChestCT/image/trn07600.nii.gz,/data4/haoranlai/Dataset/RAD_ChestCT/RadchestCTseg/trn07600/trn07600.nii.gz
/data4/haoranlai/Dataset/RAD_ChestCT/image/trn23377.nii.gz,/data4/haoranlai/Dataset/RAD_ChestCT/RadchestCTseg/trn23377/trn23377.nii.gz
/data4/haoranlai/Dataset/RAD_ChestCT/image/trn16603.nii.gz,/data4/haoranlai/Dataset/RAD_ChestCT/RadchestCTseg/trn16603/trn16603.nii.gz
/data4/haoranlai/Dataset/RAD_ChestCT/image/trn03898.nii.gz,/data4/haoranlai/Dataset/RAD_ChestCT/RadchestCTseg/trn03898/trn03898.nii.gz
/data4/haoranlai/Dataset/RAD_ChestCT/image/trn23192.nii.gz,/data4/haoranlai/Dataset/RAD_ChestCT/RadchestCTseg/trn23192/trn23192.nii.gz
/data4/haoranlai/Dataset/RAD_ChestCT/image/trn10532.nii.gz,/data4/haoranlai/Dataset/RAD_ChestCT/RadchestCTseg/trn10532/trn10532.nii.gz
/data4/haoranlai/Dataset/RAD_ChestCT/image/trn21301.nii.gz,/data4/haoranlai/Dataset/RAD_ChestCT/RadchestCTseg/trn21301/trn21301.nii.gz
/data4/haoranlai/Dataset/RAD_ChestCT/image/trn07742.nii.gz,/data4/haoranlai/Dataset/RAD_ChestCT/RadchestCTseg/trn07742/trn07742.nii.gz
/data4/haoranlai/Dataset/RAD_ChestCT/image/trn21952.nii.gz,/data4/haoranlai/Dataset/RAD_ChestCT/RadchestCTseg/trn21952/trn21952.nii.gz
/data4/haoranlai/Dataset/RAD_ChestCT/image/trn17020.nii.gz,/data4/haoranlai/Dataset/RAD_ChestCT/RadchestCTseg/trn17020/trn17020.nii.gz
/data4/haoranlai/Dataset/RAD_ChestCT/image/trn22913.nii.gz,/data4/haoranlai/Dataset/RAD_ChestCT/RadchestCTseg/trn22913/trn22913.nii.gz
/data4/haoranlai/Dataset/RAD_ChestCT/image/trn21114.nii.gz,/data4/haoranlai/Dataset/RAD_ChestCT/RadchestCTseg/trn21114/trn21114.nii.gz
/data4/haoranlai/Dataset/RAD_ChestCT/image/trn02497.nii.gz,/data4/haoranlai/Dataset/RAD_ChestCT/RadchestCTseg/trn02497/trn02497.nii.gz
/data4/haoranlai/Dataset/RAD_ChestCT/image/trn03006.nii.gz,/data4/haoranlai/Dataset/RAD_ChestCT/RadchestCTseg/trn03006/trn03006.nii.gz
/data4/haoranlai/Dataset/RAD_ChestCT/image/trn06990.nii.gz,/data4/haoranlai/Dataset/RAD_ChestCT/RadchestCTseg/trn06990/trn06990.nii.gz
/data4/haoranlai/Dataset/RAD_ChestCT/image/trn17902.nii.gz,/data4/haoranlai/Dataset/RAD_ChestCT/RadchestCTseg/trn17902/trn17902.nii.gz
/data4/haoranlai/Dataset/RAD_ChestCT/image/trn10143.nii.gz,/data4/haoranlai/Dataset/RAD_ChestCT/RadchestCTseg/trn10143/trn10143.nii.gz
/data4/haoranlai/Dataset/RAD_ChestCT/image/trn05329.nii.gz,/data4/haoranlai/Dataset/RAD_ChestCT/RadchestCTseg/trn05329/trn05329.nii.gz
/data4/haoranlai/Dataset/RAD_ChestCT/image/trn02798.nii.gz,/data4/haoranlai/Dataset/RAD_ChestCT/RadchestCTseg/trn02798/trn02798.nii.gz
/data4/haoranlai/Dataset/RAD_ChestCT/image/trn06657.nii.gz,/data4/haoranlai/Dataset/RAD_ChestCT/RadchestCTseg/trn06657/trn06657.nii.gz
/data4/haoranlai/Dataset/RAD_ChestCT/image/trn19983.nii.gz,/data4/haoranlai/Dataset/RAD_ChestCT/RadchestCTseg/trn19983/trn19983.nii.gz
/data4/haoranlai/Dataset/RAD_ChestCT/image/trn07187.nii.gz,/data4/haoranlai/Dataset/RAD_ChestCT/RadchestCTseg/trn07187/trn07187.nii.gz
/data4/haoranlai/Dataset/RAD_ChestCT/image/trn16436.nii.gz,/data4/haoranlai/Dataset/RAD_ChestCT/RadchestCTseg/trn16436/trn16436.nii.gz
/data4/haoranlai/Dataset/RAD_ChestCT/image/trn05550.nii.gz,/data4/haoranlai/Dataset/RAD_ChestCT/RadchestCTseg/trn05550/trn05550.nii.gz
/data4/haoranlai/Dataset/RAD_ChestCT/image/trn13300.nii.gz,/data4/haoranlai/Dataset/RAD_ChestCT/RadchestCTseg/trn13300/trn13300.nii.gz
/data4/haoranlai/Dataset/RAD_ChestCT/image/trn10527.nii.gz,/data4/haoranlai/Dataset/RAD_ChestCT/RadchestCTseg/trn10527/trn10527.nii.gz
/data4/haoranlai/Dataset/RAD_ChestCT/image/trn06096.nii.gz,/data4/haoranlai/Dataset/RAD_ChestCT/RadchestCTseg/trn06096/trn06096.nii.gz
/data4/haoranlai/Dataset/RAD_ChestCT/image/trn00685.nii.gz,/data4/haoranlai/Dataset/RAD_ChestCT/RadchestCTseg/trn00685/trn00685.nii.gz
/data4/haoranlai/Dataset/RAD_ChestCT/image/trn06686.nii.gz,/data4/haoranlai/Dataset/RAD_ChestCT/RadchestCTseg/trn06686/trn06686.nii.gz
/data4/haoranlai/Dataset/RAD_ChestCT/image/trn24667.nii.gz,/data4/haoranlai/Dataset/RAD_ChestCT/RadchestCTseg/trn24667/trn24667.nii.gz
/data4/haoranlai/Dataset/RAD_ChestCT/image/trn25342.nii.gz,/data4/haoranlai/Dataset/RAD_ChestCT/RadchestCTseg/trn25342/trn25342.nii.gz
/data4/haoranlai/Dataset/RAD_ChestCT/image/trn06535.nii.gz,/data4/haoranlai/Dataset/RAD_ChestCT/RadchestCTseg/trn06535/trn06535.nii.gz
/data4/haoranlai/Dataset/RAD_ChestCT/image/trn08023.nii.gz,/data4/haoranlai/Dataset/RAD_ChestCT/RadchestCTseg/trn08023/trn08023.nii.gz
/data4/haoranlai/Dataset/RAD_ChestCT/image/trn11669.nii.gz,/data4/haoranlai/Dataset/RAD_ChestCT/RadchestCTseg/trn11669/trn11669.nii.gz
/data4/haoranlai/Dataset/RAD_ChestCT/image/trn22484.nii.gz,/data4/haoranlai/Dataset/RAD_ChestCT/RadchestCTseg/trn22484/trn22484.nii.gz
/data4/haoranlai/Dataset/RAD_ChestCT/image/trn21826.nii.gz,/data4/haoranlai/Dataset/RAD_ChestCT/RadchestCTseg/trn21826/trn21826.nii.gz
/data4/haoranlai/Dataset/RAD_ChestCT/image/trn19224.nii.gz,/data4/haoranlai/Dataset/RAD_ChestCT/RadchestCTseg/trn19224/trn19224.nii.gz
/data4/haoranlai/Dataset/RAD_ChestCT/image/trn11109.nii.gz,/data4/haoranlai/Dataset/RAD_ChestCT/RadchestCTseg/trn11109/trn11109.nii.gz
/data4/haoranlai/Dataset/RAD_ChestCT/image/trn22774.nii.gz,/data4/haoranlai/Dataset/RAD_ChestCT/RadchestCTseg/trn22774/trn22774.nii.gz
/data4/haoranlai/Dataset/RAD_ChestCT/image/trn18117.nii.gz,/data4/haoranlai/Dataset/RAD_ChestCT/RadchestCTseg/trn18117/trn18117.nii.gz
/data4/haoranlai/Dataset/RAD_ChestCT/image/trn17103.nii.gz,/data4/haoranlai/Dataset/RAD_ChestCT/RadchestCTseg/trn17103/trn17103.nii.gz
/data4/haoranlai/Dataset/RAD_ChestCT/image/trn10313.nii.gz,/data4/haoranlai/Dataset/RAD_ChestCT/RadchestCTseg/trn10313/trn10313.nii.gz
/data4/haoranlai/Dataset/RAD_ChestCT/image/trn11120.nii.gz,/data4/haoranlai/Dataset/RAD_ChestCT/RadchestCTseg/trn11120/trn11120.nii.gz
/data4/haoranlai/Dataset/RAD_ChestCT/image/trn13177.nii.gz,/data4/haoranlai/Dataset/RAD_ChestCT/RadchestCTseg/trn13177/trn13177.nii.gz
/data4/haoranlai/Dataset/RAD_ChestCT/image/trn09169.nii.gz,/data4/haoranlai/Dataset/RAD_ChestCT/RadchestCTseg/trn09169/trn09169.nii.gz
/data4/haoranlai/Dataset/RAD_ChestCT/image/trn19397.nii.gz,/data4/haoranlai/Dataset/RAD_ChestCT/RadchestCTseg/trn19397/trn19397.nii.gz
/data4/haoranlai/Dataset/RAD_ChestCT/image/trn05995.nii.gz,/data4/haoranlai/Dataset/RAD_ChestCT/RadchestCTseg/trn05995/trn05995.nii.gz
/data4/haoranlai/Dataset/RAD_ChestCT/image/trn01991.nii.gz,/data4/haoranlai/Dataset/RAD_ChestCT/RadchestCTseg/trn01991/trn01991.nii.gz
/data4/haoranlai/Dataset/RAD_ChestCT/image/trn02281.nii.gz,/data4/haoranlai/Dataset/RAD_ChestCT/RadchestCTseg/trn02281/trn02281.nii.gz
/data4/haoranlai/Dataset/RAD_ChestCT/image/trn10577.nii.gz,/data4/haoranlai/Dataset/RAD_ChestCT/RadchestCTseg/trn10577/trn10577.nii.gz
/data4/haoranlai/Dataset/RAD_ChestCT/image/trn03309.nii.gz,/data4/haoranlai/Dataset/RAD_ChestCT/RadchestCTseg/trn03309/trn03309.nii.gz
/data4/haoranlai/Dataset/RAD_ChestCT/image/trn16456.nii.gz,/data4/haoranlai/Dataset/RAD_ChestCT/RadchestCTseg/trn16456/trn16456.nii.gz
/data4/haoranlai/Dataset/RAD_ChestCT/image/trn05560.nii.gz,/data4/haoranlai/Dataset/RAD_ChestCT/RadchestCTseg/trn05560/trn05560.nii.gz
/data4/haoranlai/Dataset/RAD_ChestCT/image/trn12346.nii.gz,/data4/haoranlai/Dataset/RAD_ChestCT/RadchestCTseg/trn12346/trn12346.nii.gz
/data4/haoranlai/Dataset/RAD_ChestCT/image/trn18440.nii.gz,/data4/haoranlai/Dataset/RAD_ChestCT/RadchestCTseg/trn18440/trn18440.nii.gz
/data4/haoranlai/Dataset/RAD_ChestCT/image/trn18430.nii.gz,/data4/haoranlai/Dataset/RAD_ChestCT/RadchestCTseg/trn18430/trn18430.nii.gz
/data4/haoranlai/Dataset/RAD_ChestCT/image/trn09210.nii.gz,/data4/haoranlai/Dataset/RAD_ChestCT/RadchestCTseg/trn09210/trn09210.nii.gz
/data4/haoranlai/Dataset/RAD_ChestCT/image/trn13401.nii.gz,/data4/haoranlai/Dataset/RAD_ChestCT/RadchestCTseg/trn13401/trn13401.nii.gz
/data4/haoranlai/Dataset/RAD_ChestCT/image/trn16146.nii.gz,/data4/haoranlai/Dataset/RAD_ChestCT/RadchestCTseg/trn16146/trn16146.nii.gz
/data4/haoranlai/Dataset/RAD_ChestCT/image/trn16813.nii.gz,/data4/haoranlai/Dataset/RAD_ChestCT/RadchestCTseg/trn16813/trn16813.nii.gz
/data4/haoranlai/Dataset/RAD_ChestCT/image/trn22381.nii.gz,/data4/haoranlai/Dataset/RAD_ChestCT/RadchestCTseg/trn22381/trn22381.nii.gz
/data4/haoranlai/Dataset/RAD_ChestCT/image/trn24531.nii.gz,/data4/haoranlai/Dataset/RAD_ChestCT/RadchestCTseg/trn24531/trn24531.nii.gz
/data4/haoranlai/Dataset/RAD_ChestCT/image/trn11094.nii.gz,/data4/haoranlai/Dataset/RAD_ChestCT/RadchestCTseg/trn11094/trn11094.nii.gz
/data4/haoranlai/Dataset/RAD_ChestCT/image/trn12702.nii.gz,/data4/haoranlai/Dataset/RAD_ChestCT/RadchestCTseg/trn12702/trn12702.nii.gz
/data4/haoranlai/Dataset/RAD_ChestCT/image/trn02720.nii.gz,/data4/haoranlai/Dataset/RAD_ChestCT/RadchestCTseg/trn02720/trn02720.nii.gz
/data4/haoranlai/Dataset/RAD_ChestCT/image/trn16362.nii.gz,/data4/haoranlai/Dataset/RAD_ChestCT/RadchestCTseg/trn16362/trn16362.nii.gz
/data4/haoranlai/Dataset/RAD_ChestCT/image/trn02700.nii.gz,/data4/haoranlai/Dataset/RAD_ChestCT/RadchestCTseg/trn02700/trn02700.nii.gz
/data4/haoranlai/Dataset/RAD_ChestCT/image/trn15091.nii.gz,/data4/haoranlai/Dataset/RAD_ChestCT/RadchestCTseg/trn15091/trn15091.nii.gz
/data4/haoranlai/Dataset/RAD_ChestCT/image/trn11100.nii.gz,/data4/haoranlai/Dataset/RAD_ChestCT/RadchestCTseg/trn11100/trn11100.nii.gz
/data4/haoranlai/Dataset/RAD_ChestCT/image/trn03101.nii.gz,/data4/haoranlai/Dataset/RAD_ChestCT/RadchestCTseg/trn03101/trn03101.nii.gz
/data4/haoranlai/Dataset/RAD_ChestCT/image/trn19458.nii.gz,/data4/haoranlai/Dataset/RAD_ChestCT/RadchestCTseg/trn19458/trn19458.nii.gz
/data4/haoranlai/Dataset/RAD_ChestCT/image/trn13114.nii.gz,/data4/haoranlai/Dataset/RAD_ChestCT/RadchestCTseg/trn13114/trn13114.nii.gz
/data4/haoranlai/Dataset/RAD_ChestCT/image/trn02614.nii.gz,/data4/haoranlai/Dataset/RAD_ChestCT/RadchestCTseg/trn02614/trn02614.nii.gz
/data4/haoranlai/Dataset/RAD_ChestCT/image/trn18850.nii.gz,/data4/haoranlai/Dataset/RAD_ChestCT/RadchestCTseg/trn18850/trn18850.nii.gz
/data4/haoranlai/Dataset/RAD_ChestCT/image/trn13924.nii.gz,/data4/haoranlai/Dataset/RAD_ChestCT/RadchestCTseg/trn13924/trn13924.nii.gz
/data4/haoranlai/Dataset/RAD_ChestCT/image/trn20846.nii.gz,/data4/haoranlai/Dataset/RAD_ChestCT/RadchestCTseg/trn20846/trn20846.nii.gz
/data4/haoranlai/Dataset/RAD_ChestCT/image/trn01918.nii.gz,/data4/haoranlai/Dataset/RAD_ChestCT/RadchestCTseg/trn01918/trn01918.nii.gz
/data4/haoranlai/Dataset/RAD_ChestCT/image/trn05126.nii.gz,/data4/haoranlai/Dataset/RAD_ChestCT/RadchestCTseg/trn05126/trn05126.nii.gz
/data4/haoranlai/Dataset/RAD_ChestCT/image/trn03756.nii.gz,/data4/haoranlai/Dataset/RAD_ChestCT/RadchestCTseg/trn03756/trn03756.nii.gz
/data4/haoranlai/Dataset/RAD_ChestCT/image/trn02608.nii.gz,/data4/haoranlai/Dataset/RAD_ChestCT/RadchestCTseg/trn02608/trn02608.nii.gz
/data4/haoranlai/Dataset/RAD_ChestCT/image/trn17735.nii.gz,/data4/haoranlai/Dataset/RAD_ChestCT/RadchestCTseg/trn17735/trn17735.nii.gz
/data4/haoranlai/Dataset/RAD_ChestCT/image/trn21163.nii.gz,/data4/haoranlai/Dataset/RAD_ChestCT/RadchestCTseg/trn21163/trn21163.nii.gz
/data4/haoranlai/Dataset/RAD_ChestCT/image/trn19666.nii.gz,/data4/haoranlai/Dataset/RAD_ChestCT/RadchestCTseg/trn19666/trn19666.nii.gz
/data4/haoranlai/Dataset/RAD_ChestCT/image/trn03629.nii.gz,/data4/haoranlai/Dataset/RAD_ChestCT/RadchestCTseg/trn03629/trn03629.nii.gz
/data4/haoranlai/Dataset/RAD_ChestCT/image/trn07435.nii.gz,/data4/haoranlai/Dataset/RAD_ChestCT/RadchestCTseg/trn07435/trn07435.nii.gz
/data4/haoranlai/Dataset/RAD_ChestCT/image/trn20704.nii.gz,/data4/haoranlai/Dataset/RAD_ChestCT/RadchestCTseg/trn20704/trn20704.nii.gz
/data4/haoranlai/Dataset/RAD_ChestCT/image/trn14084.nii.gz,/data4/haoranlai/Dataset/RAD_ChestCT/RadchestCTseg/trn14084/trn14084.nii.gz
/data4/haoranlai/Dataset/RAD_ChestCT/image/trn12525.nii.gz,/data4/haoranlai/Dataset/RAD_ChestCT/RadchestCTseg/trn12525/trn12525.nii.gz
/data4/haoranlai/Dataset/RAD_ChestCT/image/trn25129.nii.gz,/data4/haoranlai/Dataset/RAD_ChestCT/RadchestCTseg/trn25129/trn25129.nii.gz
/data4/haoranlai/Dataset/RAD_ChestCT/image/trn11787.nii.gz,/data4/haoranlai/Dataset/RAD_ChestCT/RadchestCTseg/trn11787/trn11787.nii.gz
/data4/haoranlai/Dataset/RAD_ChestCT/image/trn20725.nii.gz,/data4/haoranlai/Dataset/RAD_ChestCT/RadchestCTseg/trn20725/trn20725.nii.gz
/data4/haoranlai/Dataset/RAD_ChestCT/image/trn12968.nii.gz,/data4/haoranlai/Dataset/RAD_ChestCT/RadchestCTseg/trn12968/trn12968.nii.gz
/data4/haoranlai/Dataset/RAD_ChestCT/image/trn16531.nii.gz,/data4/haoranlai/Dataset/RAD_ChestCT/RadchestCTseg/trn16531/trn16531.nii.gz
/data4/haoranlai/Dataset/RAD_ChestCT/image/trn00507.nii.gz,/data4/haoranlai/Dataset/RAD_ChestCT/RadchestCTseg/trn00507/trn00507.nii.gz
/data4/haoranlai/Dataset/RAD_ChestCT/image/trn24457.nii.gz,/data4/haoranlai/Dataset/RAD_ChestCT/RadchestCTseg/trn24457/trn24457.nii.gz
/data4/haoranlai/Dataset/RAD_ChestCT/image/trn02047.nii.gz,/data4/haoranlai/Dataset/RAD_ChestCT/RadchestCTseg/trn02047/trn02047.nii.gz
/data4/haoranlai/Dataset/RAD_ChestCT/image/trn05157.nii.gz,/data4/haoranlai/Dataset/RAD_ChestCT/RadchestCTseg/trn05157/trn05157.nii.gz
/data4/haoranlai/Dataset/RAD_ChestCT/image/trn14124.nii.gz,/data4/haoranlai/Dataset/RAD_ChestCT/RadchestCTseg/trn14124/trn14124.nii.gz
/data4/haoranlai/Dataset/RAD_ChestCT/image/trn04882.nii.gz,/data4/haoranlai/Dataset/RAD_ChestCT/RadchestCTseg/trn04882/trn04882.nii.gz
/data4/haoranlai/Dataset/RAD_ChestCT/image/trn05935.nii.gz,/data4/haoranlai/Dataset/RAD_ChestCT/RadchestCTseg/trn05935/trn05935.nii.gz
/data4/haoranlai/Dataset/RAD_ChestCT/image/trn16894.nii.gz,/data4/haoranlai/Dataset/RAD_ChestCT/RadchestCTseg/trn16894/trn16894.nii.gz
/data4/haoranlai/Dataset/RAD_ChestCT/image/trn15127.nii.gz,/data4/haoranlai/Dataset/RAD_ChestCT/RadchestCTseg/trn15127/trn15127.nii.gz
/data4/haoranlai/Dataset/RAD_ChestCT/image/trn03711.nii.gz,/data4/haoranlai/Dataset/RAD_ChestCT/RadchestCTseg/trn03711/trn03711.nii.gz
/data4/haoranlai/Dataset/RAD_ChestCT/image/trn07054.nii.gz,/data4/haoranlai/Dataset/RAD_ChestCT/RadchestCTseg/trn07054/trn07054.nii.gz
/data4/haoranlai/Dataset/RAD_ChestCT/image/trn11475.nii.gz,/data4/haoranlai/Dataset/RAD_ChestCT/RadchestCTseg/trn11475/trn11475.nii.gz
/data4/haoranlai/Dataset/RAD_ChestCT/image/trn15166.nii.gz,/data4/haoranlai/Dataset/RAD_ChestCT/RadchestCTseg/trn15166/trn15166.nii.gz
/data4/haoranlai/Dataset/RAD_ChestCT/image/trn02889.nii.gz,/data4/haoranlai/Dataset/RAD_ChestCT/RadchestCTseg/trn02889/trn02889.nii.gz
/data4/haoranlai/Dataset/RAD_ChestCT/image/trn08154.nii.gz,/data4/haoranlai/Dataset/RAD_ChestCT/RadchestCTseg/trn08154/trn08154.nii.gz
/data4/haoranlai/Dataset/RAD_ChestCT/image/trn18152.nii.gz,/data4/haoranlai/Dataset/RAD_ChestCT/RadchestCTseg/trn18152/trn18152.nii.gz
/data4/haoranlai/Dataset/RAD_ChestCT/image/trn00058.nii.gz,/data4/haoranlai/Dataset/RAD_ChestCT/RadchestCTseg/trn00058/trn00058.nii.gz
/data4/haoranlai/Dataset/RAD_ChestCT/image/trn13486.nii.gz,/data4/haoranlai/Dataset/RAD_ChestCT/RadchestCTseg/trn13486/trn13486.nii.gz
/data4/haoranlai/Dataset/RAD_ChestCT/image/trn15687.nii.gz,/data4/haoranlai/Dataset/RAD_ChestCT/RadchestCTseg/trn15687/trn15687.nii.gz
/data4/haoranlai/Dataset/RAD_ChestCT/image/trn15512.nii.gz,/data4/haoranlai/Dataset/RAD_ChestCT/RadchestCTseg/trn15512/trn15512.nii.gz
/data4/haoranlai/Dataset/RAD_ChestCT/image/trn25252.nii.gz,/data4/haoranlai/Dataset/RAD_ChestCT/RadchestCTseg/trn25252/trn25252.nii.gz
/data4/haoranlai/Dataset/RAD_ChestCT/image/trn23503.nii.gz,/data4/haoranlai/Dataset/RAD_ChestCT/RadchestCTseg/trn23503/trn23503.nii.gz
/data4/haoranlai/Dataset/RAD_ChestCT/image/trn18156.nii.gz,/data4/haoranlai/Dataset/RAD_ChestCT/RadchestCTseg/trn18156/trn18156.nii.gz
/data4/haoranlai/Dataset/RAD_ChestCT/image/trn01940.nii.gz,/data4/haoranlai/Dataset/RAD_ChestCT/RadchestCTseg/trn01940/trn01940.nii.gz
/data4/haoranlai/Dataset/RAD_ChestCT/image/trn05816.nii.gz,/data4/haoranlai/Dataset/RAD_ChestCT/RadchestCTseg/trn05816/trn05816.nii.gz
/data4/haoranlai/Dataset/RAD_ChestCT/image/trn22660.nii.gz,/data4/haoranlai/Dataset/RAD_ChestCT/RadchestCTseg/trn22660/trn22660.nii.gz
/data4/haoranlai/Dataset/RAD_ChestCT/image/trn15835.nii.gz,/data4/haoranlai/Dataset/RAD_ChestCT/RadchestCTseg/trn15835/trn15835.nii.gz
/data4/haoranlai/Dataset/RAD_ChestCT/image/trn19833.nii.gz,/data4/haoranlai/Dataset/RAD_ChestCT/RadchestCTseg/trn19833/trn19833.nii.gz
/data4/haoranlai/Dataset/RAD_ChestCT/image/trn06867.nii.gz,/data4/haoranlai/Dataset/RAD_ChestCT/RadchestCTseg/trn06867/trn06867.nii.gz
/data4/haoranlai/Dataset/RAD_ChestCT/image/trn24283.nii.gz,/data4/haoranlai/Dataset/RAD_ChestCT/RadchestCTseg/trn24283/trn24283.nii.gz
/data4/haoranlai/Dataset/RAD_ChestCT/image/trn08383.nii.gz,/data4/haoranlai/Dataset/RAD_ChestCT/RadchestCTseg/trn08383/trn08383.nii.gz
/data4/haoranlai/Dataset/RAD_ChestCT/image/trn13685.nii.gz,/data4/haoranlai/Dataset/RAD_ChestCT/RadchestCTseg/trn13685/trn13685.nii.gz
/data4/haoranlai/Dataset/RAD_ChestCT/image/trn10310.nii.gz,/data4/haoranlai/Dataset/RAD_ChestCT/RadchestCTseg/trn10310/trn10310.nii.gz
/data4/haoranlai/Dataset/RAD_ChestCT/image/trn09294.nii.gz,/data4/haoranlai/Dataset/RAD_ChestCT/RadchestCTseg/trn09294/trn09294.nii.gz
/data4/haoranlai/Dataset/RAD_ChestCT/image/trn17433.nii.gz,/data4/haoranlai/Dataset/RAD_ChestCT/RadchestCTseg/trn17433/trn17433.nii.gz
/data4/haoranlai/Dataset/RAD_ChestCT/image/trn22761.nii.gz,/data4/haoranlai/Dataset/RAD_ChestCT/RadchestCTseg/trn22761/trn22761.nii.gz
/data4/haoranlai/Dataset/RAD_ChestCT/image/trn14489.nii.gz,/data4/haoranlai/Dataset/RAD_ChestCT/RadchestCTseg/trn14489/trn14489.nii.gz
/data4/haoranlai/Dataset/RAD_ChestCT/image/trn08893.nii.gz,/data4/haoranlai/Dataset/RAD_ChestCT/RadchestCTseg/trn08893/trn08893.nii.gz
/data4/haoranlai/Dataset/RAD_ChestCT/image/trn01732.nii.gz,/data4/haoranlai/Dataset/RAD_ChestCT/RadchestCTseg/trn01732/trn01732.nii.gz
/data4/haoranlai/Dataset/RAD_ChestCT/image/trn12331.nii.gz,/data4/haoranlai/Dataset/RAD_ChestCT/RadchestCTseg/trn12331/trn12331.nii.gz
/data4/haoranlai/Dataset/RAD_ChestCT/image/trn07315.nii.gz,/data4/haoranlai/Dataset/RAD_ChestCT/RadchestCTseg/trn07315/trn07315.nii.gz
/data4/haoranlai/Dataset/RAD_ChestCT/image/trn12382.nii.gz,/data4/haoranlai/Dataset/RAD_ChestCT/RadchestCTseg/trn12382/trn12382.nii.gz
/data4/haoranlai/Dataset/RAD_ChestCT/image/trn07872.nii.gz,/data4/haoranlai/Dataset/RAD_ChestCT/RadchestCTseg/trn07872/trn07872.nii.gz
/data4/haoranlai/Dataset/RAD_ChestCT/image/trn10814.nii.gz,/data4/haoranlai/Dataset/RAD_ChestCT/RadchestCTseg/trn10814/trn10814.nii.gz
/data4/haoranlai/Dataset/RAD_ChestCT/image/trn06446.nii.gz,/data4/haoranlai/Dataset/RAD_ChestCT/RadchestCTseg/trn06446/trn06446.nii.gz
/data4/haoranlai/Dataset/RAD_ChestCT/image/trn18410.nii.gz,/data4/haoranlai/Dataset/RAD_ChestCT/RadchestCTseg/trn18410/trn18410.nii.gz
/data4/haoranlai/Dataset/RAD_ChestCT/image/trn11539.nii.gz,/data4/haoranlai/Dataset/RAD_ChestCT/RadchestCTseg/trn11539/trn11539.nii.gz
/data4/haoranlai/Dataset/RAD_ChestCT/image/trn17402.nii.gz,/data4/haoranlai/Dataset/RAD_ChestCT/RadchestCTseg/trn17402/trn17402.nii.gz
/data4/haoranlai/Dataset/RAD_ChestCT/image/trn08940.nii.gz,/data4/haoranlai/Dataset/RAD_ChestCT/RadchestCTseg/trn08940/trn08940.nii.gz
/data4/haoranlai/Dataset/RAD_ChestCT/image/trn07322.nii.gz,/data4/haoranlai/Dataset/RAD_ChestCT/RadchestCTseg/trn07322/trn07322.nii.gz
/data4/haoranlai/Dataset/RAD_ChestCT/image/trn16379.nii.gz,/data4/haoranlai/Dataset/RAD_ChestCT/RadchestCTseg/trn16379/trn16379.nii.gz
/data4/haoranlai/Dataset/RAD_ChestCT/image/trn12109.nii.gz,/data4/haoranlai/Dataset/RAD_ChestCT/RadchestCTseg/trn12109/trn12109.nii.gz
/data4/haoranlai/Dataset/RAD_ChestCT/image/trn19325.nii.gz,/data4/haoranlai/Dataset/RAD_ChestCT/RadchestCTseg/trn19325/trn19325.nii.gz
/data4/haoranlai/Dataset/RAD_ChestCT/image/trn13430.nii.gz,/data4/haoranlai/Dataset/RAD_ChestCT/RadchestCTseg/trn13430/trn13430.nii.gz
/data4/haoranlai/Dataset/RAD_ChestCT/image/trn11742.nii.gz,/data4/haoranlai/Dataset/RAD_ChestCT/RadchestCTseg/trn11742/trn11742.nii.gz
/data4/haoranlai/Dataset/RAD_ChestCT/image/trn04446.nii.gz,/data4/haoranlai/Dataset/RAD_ChestCT/RadchestCTseg/trn04446/trn04446.nii.gz
/data4/haoranlai/Dataset/RAD_ChestCT/image/trn22823.nii.gz,/data4/haoranlai/Dataset/RAD_ChestCT/RadchestCTseg/trn22823/trn22823.nii.gz
/data4/haoranlai/Dataset/RAD_ChestCT/image/trn05528.nii.gz,/data4/haoranlai/Dataset/RAD_ChestCT/RadchestCTseg/trn05528/trn05528.nii.gz
/data4/haoranlai/Dataset/RAD_ChestCT/image/trn07409.nii.gz,/data4/haoranlai/Dataset/RAD_ChestCT/RadchestCTseg/trn07409/trn07409.nii.gz
/data4/haoranlai/Dataset/RAD_ChestCT/image/trn22494.nii.gz,/data4/haoranlai/Dataset/RAD_ChestCT/RadchestCTseg/trn22494/trn22494.nii.gz
/data4/haoranlai/Dataset/RAD_ChestCT/image/trn13363.nii.gz,/data4/haoranlai/Dataset/RAD_ChestCT/RadchestCTseg/trn13363/trn13363.nii.gz
/data4/haoranlai/Dataset/RAD_ChestCT/image/trn21203.nii.gz,/data4/haoranlai/Dataset/RAD_ChestCT/RadchestCTseg/trn21203/trn21203.nii.gz
/data4/haoranlai/Dataset/RAD_ChestCT/image/trn18632.nii.gz,/data4/haoranlai/Dataset/RAD_ChestCT/RadchestCTseg/trn18632/trn18632.nii.gz
/data4/haoranlai/Dataset/RAD_ChestCT/image/trn09286.nii.gz,/data4/haoranlai/Dataset/RAD_ChestCT/RadchestCTseg/trn09286/trn09286.nii.gz
/data4/haoranlai/Dataset/RAD_ChestCT/image/trn11983.nii.gz,/data4/haoranlai/Dataset/RAD_ChestCT/RadchestCTseg/trn11983/trn11983.nii.gz
/data4/haoranlai/Dataset/RAD_ChestCT/image/trn10722.nii.gz,/data4/haoranlai/Dataset/RAD_ChestCT/RadchestCTseg/trn10722/trn10722.nii.gz
/data4/haoranlai/Dataset/RAD_ChestCT/image/trn00301.nii.gz,/data4/haoranlai/Dataset/RAD_ChestCT/RadchestCTseg/trn00301/trn00301.nii.gz
/data4/haoranlai/Dataset/RAD_ChestCT/image/trn23097.nii.gz,/data4/haoranlai/Dataset/RAD_ChestCT/RadchestCTseg/trn23097/trn23097.nii.gz
/data4/haoranlai/Dataset/RAD_ChestCT/image/trn16518.nii.gz,/data4/haoranlai/Dataset/RAD_ChestCT/RadchestCTseg/trn16518/trn16518.nii.gz
/data4/haoranlai/Dataset/RAD_ChestCT/image/trn04580.nii.gz,/data4/haoranlai/Dataset/RAD_ChestCT/RadchestCTseg/trn04580/trn04580.nii.gz
/data4/haoranlai/Dataset/RAD_ChestCT/image/trn01720.nii.gz,/data4/haoranlai/Dataset/RAD_ChestCT/RadchestCTseg/trn01720/trn01720.nii.gz
/data4/haoranlai/Dataset/RAD_ChestCT/image/trn06541.nii.gz,/data4/haoranlai/Dataset/RAD_ChestCT/RadchestCTseg/trn06541/trn06541.nii.gz
/data4/haoranlai/Dataset/RAD_ChestCT/image/trn18096.nii.gz,/data4/haoranlai/Dataset/RAD_ChestCT/RadchestCTseg/trn18096/trn18096.nii.gz
/data4/haoranlai/Dataset/RAD_ChestCT/image/trn19366.nii.gz,/data4/haoranlai/Dataset/RAD_ChestCT/RadchestCTseg/trn19366/trn19366.nii.gz
/data4/haoranlai/Dataset/RAD_ChestCT/image/trn11848.nii.gz,/data4/haoranlai/Dataset/RAD_ChestCT/RadchestCTseg/trn11848/trn11848.nii.gz
/data4/haoranlai/Dataset/RAD_ChestCT/image/trn22666.nii.gz,/data4/haoranlai/Dataset/RAD_ChestCT/RadchestCTseg/trn22666/trn22666.nii.gz
/data4/haoranlai/Dataset/RAD_ChestCT/image/trn20114.nii.gz,/data4/haoranlai/Dataset/RAD_ChestCT/RadchestCTseg/trn20114/trn20114.nii.gz
/data4/haoranlai/Dataset/RAD_ChestCT/image/trn21160.nii.gz,/data4/haoranlai/Dataset/RAD_ChestCT/RadchestCTseg/trn21160/trn21160.nii.gz
/data4/haoranlai/Dataset/RAD_ChestCT/image/trn08017.nii.gz,/data4/haoranlai/Dataset/RAD_ChestCT/RadchestCTseg/trn08017/trn08017.nii.gz
/data4/haoranlai/Dataset/RAD_ChestCT/image/trn14928.nii.gz,/data4/haoranlai/Dataset/RAD_ChestCT/RadchestCTseg/trn14928/trn14928.nii.gz
/data4/haoranlai/Dataset/RAD_ChestCT/image/trn14236.nii.gz,/data4/haoranlai/Dataset/RAD_ChestCT/RadchestCTseg/trn14236/trn14236.nii.gz
/data4/haoranlai/Dataset/RAD_ChestCT/image/trn08290.nii.gz,/data4/haoranlai/Dataset/RAD_ChestCT/RadchestCTseg/trn08290/trn08290.nii.gz
/data4/haoranlai/Dataset/RAD_ChestCT/image/trn04524.nii.gz,/data4/haoranlai/Dataset/RAD_ChestCT/RadchestCTseg/trn04524/trn04524.nii.gz
/data4/haoranlai/Dataset/RAD_ChestCT/image/trn19248.nii.gz,/data4/haoranlai/Dataset/RAD_ChestCT/RadchestCTseg/trn19248/trn19248.nii.gz
/data4/haoranlai/Dataset/RAD_ChestCT/image/trn22474.nii.gz,/data4/haoranlai/Dataset/RAD_ChestCT/RadchestCTseg/trn22474/trn22474.nii.gz
/data4/haoranlai/Dataset/RAD_ChestCT/image/trn24731.nii.gz,/data4/haoranlai/Dataset/RAD_ChestCT/RadchestCTseg/trn24731/trn24731.nii.gz
/data4/haoranlai/Dataset/RAD_ChestCT/image/trn13746.nii.gz,/data4/haoranlai/Dataset/RAD_ChestCT/RadchestCTseg/trn13746/trn13746.nii.gz
/data4/haoranlai/Dataset/RAD_ChestCT/image/trn15435.nii.gz,/data4/haoranlai/Dataset/RAD_ChestCT/RadchestCTseg/trn15435/trn15435.nii.gz
/data4/haoranlai/Dataset/RAD_ChestCT/image/trn24059.nii.gz,/data4/haoranlai/Dataset/RAD_ChestCT/RadchestCTseg/trn24059/trn24059.nii.gz
/data4/haoranlai/Dataset/RAD_ChestCT/image/trn09302.nii.gz,/data4/haoranlai/Dataset/RAD_ChestCT/RadchestCTseg/trn09302/trn09302.nii.gz
/data4/haoranlai/Dataset/RAD_ChestCT/image/trn16912.nii.gz,/data4/haoranlai/Dataset/RAD_ChestCT/RadchestCTseg/trn16912/trn16912.nii.gz
/data4/haoranlai/Dataset/RAD_ChestCT/image/trn24271.nii.gz,/data4/haoranlai/Dataset/RAD_ChestCT/RadchestCTseg/trn24271/trn24271.nii.gz
/data4/haoranlai/Dataset/RAD_ChestCT/image/trn19144.nii.gz,/data4/haoranlai/Dataset/RAD_ChestCT/RadchestCTseg/trn19144/trn19144.nii.gz
/data4/haoranlai/Dataset/RAD_ChestCT/image/trn06542.nii.gz,/data4/haoranlai/Dataset/RAD_ChestCT/RadchestCTseg/trn06542/trn06542.nii.gz
/data4/haoranlai/Dataset/RAD_ChestCT/image/trn12136.nii.gz,/data4/haoranlai/Dataset/RAD_ChestCT/RadchestCTseg/trn12136/trn12136.nii.gz
/data4/haoranlai/Dataset/RAD_ChestCT/image/trn03501.nii.gz,/data4/haoranlai/Dataset/RAD_ChestCT/RadchestCTseg/trn03501/trn03501.nii.gz
/data4/haoranlai/Dataset/RAD_ChestCT/image/trn05114.nii.gz,/data4/haoranlai/Dataset/RAD_ChestCT/RadchestCTseg/trn05114/trn05114.nii.gz
/data4/haoranlai/Dataset/RAD_ChestCT/image/trn04401.nii.gz,/data4/haoranlai/Dataset/RAD_ChestCT/RadchestCTseg/trn04401/trn04401.nii.gz
/data4/haoranlai/Dataset/RAD_ChestCT/image/trn13502.nii.gz,/data4/haoranlai/Dataset/RAD_ChestCT/RadchestCTseg/trn13502/trn13502.nii.gz
/data4/haoranlai/Dataset/RAD_ChestCT/image/trn18437.nii.gz,/data4/haoranlai/Dataset/RAD_ChestCT/RadchestCTseg/trn18437/trn18437.nii.gz
/data4/haoranlai/Dataset/RAD_ChestCT/image/trn20828.nii.gz,/data4/haoranlai/Dataset/RAD_ChestCT/RadchestCTseg/trn20828/trn20828.nii.gz
/data4/haoranlai/Dataset/RAD_ChestCT/image/trn00139.nii.gz,/data4/haoranlai/Dataset/RAD_ChestCT/RadchestCTseg/trn00139/trn00139.nii.gz
/data4/haoranlai/Dataset/RAD_ChestCT/image/trn12146.nii.gz,/data4/haoranlai/Dataset/RAD_ChestCT/RadchestCTseg/trn12146/trn12146.nii.gz
/data4/haoranlai/Dataset/RAD_ChestCT/image/trn08819.nii.gz,/data4/haoranlai/Dataset/RAD_ChestCT/RadchestCTseg/trn08819/trn08819.nii.gz
/data4/haoranlai/Dataset/RAD_ChestCT/image/trn03628.nii.gz,/data4/haoranlai/Dataset/RAD_ChestCT/RadchestCTseg/trn03628/trn03628.nii.gz
/data4/haoranlai/Dataset/RAD_ChestCT/image/trn09725.nii.gz,/data4/haoranlai/Dataset/RAD_ChestCT/RadchestCTseg/trn09725/trn09725.nii.gz
/data4/haoranlai/Dataset/RAD_ChestCT/image/trn12414.nii.gz,/data4/haoranlai/Dataset/RAD_ChestCT/RadchestCTseg/trn12414/trn12414.nii.gz
/data4/haoranlai/Dataset/RAD_ChestCT/image/trn18337.nii.gz,/data4/haoranlai/Dataset/RAD_ChestCT/RadchestCTseg/trn18337/trn18337.nii.gz
/data4/haoranlai/Dataset/RAD_ChestCT/image/trn12582.nii.gz,/data4/haoranlai/Dataset/RAD_ChestCT/RadchestCTseg/trn12582/trn12582.nii.gz
/data4/haoranlai/Dataset/RAD_ChestCT/image/trn08040.nii.gz,/data4/haoranlai/Dataset/RAD_ChestCT/RadchestCTseg/trn08040/trn08040.nii.gz
/data4/haoranlai/Dataset/RAD_ChestCT/image/trn23423.nii.gz,/data4/haoranlai/Dataset/RAD_ChestCT/RadchestCTseg/trn23423/trn23423.nii.gz
/data4/haoranlai/Dataset/RAD_ChestCT/image/trn15928.nii.gz,/data4/haoranlai/Dataset/RAD_ChestCT/RadchestCTseg/trn15928/trn15928.nii.gz
/data4/haoranlai/Dataset/RAD_ChestCT/image/trn15924.nii.gz,/data4/haoranlai/Dataset/RAD_ChestCT/RadchestCTseg/trn15924/trn15924.nii.gz
/data4/haoranlai/Dataset/RAD_ChestCT/image/trn21712.nii.gz,/data4/haoranlai/Dataset/RAD_ChestCT/RadchestCTseg/trn21712/trn21712.nii.gz
/data4/haoranlai/Dataset/RAD_ChestCT/image/trn13506.nii.gz,/data4/haoranlai/Dataset/RAD_ChestCT/RadchestCTseg/trn13506/trn13506.nii.gz
/data4/haoranlai/Dataset/RAD_ChestCT/image/trn10580.nii.gz,/data4/haoranlai/Dataset/RAD_ChestCT/RadchestCTseg/trn10580/trn10580.nii.gz
/data4/haoranlai/Dataset/RAD_ChestCT/image/trn23130.nii.gz,/data4/haoranlai/Dataset/RAD_ChestCT/RadchestCTseg/trn23130/trn23130.nii.gz
/data4/haoranlai/Dataset/RAD_ChestCT/image/trn14062.nii.gz,/data4/haoranlai/Dataset/RAD_ChestCT/RadchestCTseg/trn14062/trn14062.nii.gz
/data4/haoranlai/Dataset/RAD_ChestCT/image/trn09579.nii.gz,/data4/haoranlai/Dataset/RAD_ChestCT/RadchestCTseg/trn09579/trn09579.nii.gz
/data4/haoranlai/Dataset/RAD_ChestCT/image/trn11343.nii.gz,/data4/haoranlai/Dataset/RAD_ChestCT/RadchestCTseg/trn11343/trn11343.nii.gz
/data4/haoranlai/Dataset/RAD_ChestCT/image/trn21326.nii.gz,/data4/haoranlai/Dataset/RAD_ChestCT/RadchestCTseg/trn21326/trn21326.nii.gz
/data4/haoranlai/Dataset/RAD_ChestCT/image/trn24657.nii.gz,/data4/haoranlai/Dataset/RAD_ChestCT/RadchestCTseg/trn24657/trn24657.nii.gz
/data4/haoranlai/Dataset/RAD_ChestCT/image/trn07902.nii.gz,/data4/haoranlai/Dataset/RAD_ChestCT/RadchestCTseg/trn07902/trn07902.nii.gz
/data4/haoranlai/Dataset/RAD_ChestCT/image/trn02770.nii.gz,/data4/haoranlai/Dataset/RAD_ChestCT/RadchestCTseg/trn02770/trn02770.nii.gz
/data4/haoranlai/Dataset/RAD_ChestCT/image/trn02589.nii.gz,/data4/haoranlai/Dataset/RAD_ChestCT/RadchestCTseg/trn02589/trn02589.nii.gz
/data4/haoranlai/Dataset/RAD_ChestCT/image/trn20324.nii.gz,/data4/haoranlai/Dataset/RAD_ChestCT/RadchestCTseg/trn20324/trn20324.nii.gz
/data4/haoranlai/Dataset/RAD_ChestCT/image/trn19772.nii.gz,/data4/haoranlai/Dataset/RAD_ChestCT/RadchestCTseg/trn19772/trn19772.nii.gz
/data4/haoranlai/Dataset/RAD_ChestCT/image/trn00708.nii.gz,/data4/haoranlai/Dataset/RAD_ChestCT/RadchestCTseg/trn00708/trn00708.nii.gz
/data4/haoranlai/Dataset/RAD_ChestCT/image/trn02870.nii.gz,/data4/haoranlai/Dataset/RAD_ChestCT/RadchestCTseg/trn02870/trn02870.nii.gz
/data4/haoranlai/Dataset/RAD_ChestCT/image/trn23772.nii.gz,/data4/haoranlai/Dataset/RAD_ChestCT/RadchestCTseg/trn23772/trn23772.nii.gz
/data4/haoranlai/Dataset/RAD_ChestCT/image/trn13369.nii.gz,/data4/haoranlai/Dataset/RAD_ChestCT/RadchestCTseg/trn13369/trn13369.nii.gz
/data4/haoranlai/Dataset/RAD_ChestCT/image/trn12994.nii.gz,/data4/haoranlai/Dataset/RAD_ChestCT/RadchestCTseg/trn12994/trn12994.nii.gz
/data4/haoranlai/Dataset/RAD_ChestCT/image/trn06818.nii.gz,/data4/haoranlai/Dataset/RAD_ChestCT/RadchestCTseg/trn06818/trn06818.nii.gz
/data4/haoranlai/Dataset/RAD_ChestCT/image/trn04907.nii.gz,/data4/haoranlai/Dataset/RAD_ChestCT/RadchestCTseg/trn04907/trn04907.nii.gz
/data4/haoranlai/Dataset/RAD_ChestCT/image/trn03307.nii.gz,/data4/haoranlai/Dataset/RAD_ChestCT/RadchestCTseg/trn03307/trn03307.nii.gz
/data4/haoranlai/Dataset/RAD_ChestCT/image/trn03641.nii.gz,/data4/haoranlai/Dataset/RAD_ChestCT/RadchestCTseg/trn03641/trn03641.nii.gz
/data4/haoranlai/Dataset/RAD_ChestCT/image/trn21073.nii.gz,/data4/haoranlai/Dataset/RAD_ChestCT/RadchestCTseg/trn21073/trn21073.nii.gz
/data4/haoranlai/Dataset/RAD_ChestCT/image/trn22013.nii.gz,/data4/haoranlai/Dataset/RAD_ChestCT/RadchestCTseg/trn22013/trn22013.nii.gz
/data4/haoranlai/Dataset/RAD_ChestCT/image/trn15697.nii.gz,/data4/haoranlai/Dataset/RAD_ChestCT/RadchestCTseg/trn15697/trn15697.nii.gz
/data4/haoranlai/Dataset/RAD_ChestCT/image/trn21713.nii.gz,/data4/haoranlai/Dataset/RAD_ChestCT/RadchestCTseg/trn21713/trn21713.nii.gz
/data4/haoranlai/Dataset/RAD_ChestCT/image/trn19081.nii.gz,/data4/haoranlai/Dataset/RAD_ChestCT/RadchestCTseg/trn19081/trn19081.nii.gz
/data4/haoranlai/Dataset/RAD_ChestCT/image/trn02098.nii.gz,/data4/haoranlai/Dataset/RAD_ChestCT/RadchestCTseg/trn02098/trn02098.nii.gz
/data4/haoranlai/Dataset/RAD_ChestCT/image/trn14201.nii.gz,/data4/haoranlai/Dataset/RAD_ChestCT/RadchestCTseg/trn14201/trn14201.nii.gz
/data4/haoranlai/Dataset/RAD_ChestCT/image/trn19336.nii.gz,/data4/haoranlai/Dataset/RAD_ChestCT/RadchestCTseg/trn19336/trn19336.nii.gz
/data4/haoranlai/Dataset/RAD_ChestCT/image/trn24446.nii.gz,/data4/haoranlai/Dataset/RAD_ChestCT/RadchestCTseg/trn24446/trn24446.nii.gz
/data4/haoranlai/Dataset/RAD_ChestCT/image/trn18297.nii.gz,/data4/haoranlai/Dataset/RAD_ChestCT/RadchestCTseg/trn18297/trn18297.nii.gz
/data4/haoranlai/Dataset/RAD_ChestCT/image/trn13654.nii.gz,/data4/haoranlai/Dataset/RAD_ChestCT/RadchestCTseg/trn13654/trn13654.nii.gz
/data4/haoranlai/Dataset/RAD_ChestCT/image/trn03355.nii.gz,/data4/haoranlai/Dataset/RAD_ChestCT/RadchestCTseg/trn03355/trn03355.nii.gz
/data4/haoranlai/Dataset/RAD_ChestCT/image/trn04072.nii.gz,/data4/haoranlai/Dataset/RAD_ChestCT/RadchestCTseg/trn04072/trn04072.nii.gz
/data4/haoranlai/Dataset/RAD_ChestCT/image/trn15805.nii.gz,/data4/haoranlai/Dataset/RAD_ChestCT/RadchestCTseg/trn15805/trn15805.nii.gz
/data4/haoranlai/Dataset/RAD_ChestCT/image/trn05610.nii.gz,/data4/haoranlai/Dataset/RAD_ChestCT/RadchestCTseg/trn05610/trn05610.nii.gz
/data4/haoranlai/Dataset/RAD_ChestCT/image/trn19672.nii.gz,/data4/haoranlai/Dataset/RAD_ChestCT/RadchestCTseg/trn19672/trn19672.nii.gz
/data4/haoranlai/Dataset/RAD_ChestCT/image/trn16020.nii.gz,/data4/haoranlai/Dataset/RAD_ChestCT/RadchestCTseg/trn16020/trn16020.nii.gz
/data4/haoranlai/Dataset/RAD_ChestCT/image/trn02344.nii.gz,/data4/haoranlai/Dataset/RAD_ChestCT/RadchestCTseg/trn02344/trn02344.nii.gz
/data4/haoranlai/Dataset/RAD_ChestCT/image/trn23639.nii.gz,/data4/haoranlai/Dataset/RAD_ChestCT/RadchestCTseg/trn23639/trn23639.nii.gz
/data4/haoranlai/Dataset/RAD_ChestCT/image/trn06808.nii.gz,/data4/haoranlai/Dataset/RAD_ChestCT/RadchestCTseg/trn06808/trn06808.nii.gz
/data4/haoranlai/Dataset/RAD_ChestCT/image/trn10720.nii.gz,/data4/haoranlai/Dataset/RAD_ChestCT/RadchestCTseg/trn10720/trn10720.nii.gz
/data4/haoranlai/Dataset/RAD_ChestCT/image/trn21275.nii.gz,/data4/haoranlai/Dataset/RAD_ChestCT/RadchestCTseg/trn21275/trn21275.nii.gz
/data4/haoranlai/Dataset/RAD_ChestCT/image/trn09450.nii.gz,/data4/haoranlai/Dataset/RAD_ChestCT/RadchestCTseg/trn09450/trn09450.nii.gz
/data4/haoranlai/Dataset/RAD_ChestCT/image/trn15336.nii.gz,/data4/haoranlai/Dataset/RAD_ChestCT/RadchestCTseg/trn15336/trn15336.nii.gz
/data4/haoranlai/Dataset/RAD_ChestCT/image/trn07682.nii.gz,/data4/haoranlai/Dataset/RAD_ChestCT/RadchestCTseg/trn07682/trn07682.nii.gz
/data4/haoranlai/Dataset/RAD_ChestCT/image/trn08287.nii.gz,/data4/haoranlai/Dataset/RAD_ChestCT/RadchestCTseg/trn08287/trn08287.nii.gz
/data4/haoranlai/Dataset/RAD_ChestCT/image/trn03979.nii.gz,/data4/haoranlai/Dataset/RAD_ChestCT/RadchestCTseg/trn03979/trn03979.nii.gz
/data4/haoranlai/Dataset/RAD_ChestCT/image/trn22179.nii.gz,/data4/haoranlai/Dataset/RAD_ChestCT/RadchestCTseg/trn22179/trn22179.nii.gz
/data4/haoranlai/Dataset/RAD_ChestCT/image/trn10077.nii.gz,/data4/haoranlai/Dataset/RAD_ChestCT/RadchestCTseg/trn10077/trn10077.nii.gz
/data4/haoranlai/Dataset/RAD_ChestCT/image/trn07658.nii.gz,/data4/haoranlai/Dataset/RAD_ChestCT/RadchestCTseg/trn07658/trn07658.nii.gz
/data4/haoranlai/Dataset/RAD_ChestCT/image/trn05372.nii.gz,/data4/haoranlai/Dataset/RAD_ChestCT/RadchestCTseg/trn05372/trn05372.nii.gz
/data4/haoranlai/Dataset/RAD_ChestCT/image/trn10912.nii.gz,/data4/haoranlai/Dataset/RAD_ChestCT/RadchestCTseg/trn10912/trn10912.nii.gz
/data4/haoranlai/Dataset/RAD_ChestCT/image/trn07509.nii.gz,/data4/haoranlai/Dataset/RAD_ChestCT/RadchestCTseg/trn07509/trn07509.nii.gz
/data4/haoranlai/Dataset/RAD_ChestCT/image/trn08328.nii.gz,/data4/haoranlai/Dataset/RAD_ChestCT/RadchestCTseg/trn08328/trn08328.nii.gz
/data4/haoranlai/Dataset/RAD_ChestCT/image/trn20789.nii.gz,/data4/haoranlai/Dataset/RAD_ChestCT/RadchestCTseg/trn20789/trn20789.nii.gz
/data4/haoranlai/Dataset/RAD_ChestCT/image/trn07636.nii.gz,/data4/haoranlai/Dataset/RAD_ChestCT/RadchestCTseg/trn07636/trn07636.nii.gz
/data4/haoranlai/Dataset/RAD_ChestCT/image/trn00925.nii.gz,/data4/haoranlai/Dataset/RAD_ChestCT/RadchestCTseg/trn00925/trn00925.nii.gz
/data4/haoranlai/Dataset/RAD_ChestCT/image/trn12799.nii.gz,/data4/haoranlai/Dataset/RAD_ChestCT/RadchestCTseg/trn12799/trn12799.nii.gz
/data4/haoranlai/Dataset/RAD_ChestCT/image/trn23182.nii.gz,/data4/haoranlai/Dataset/RAD_ChestCT/RadchestCTseg/trn23182/trn23182.nii.gz
/data4/haoranlai/Dataset/RAD_ChestCT/image/trn07045.nii.gz,/data4/haoranlai/Dataset/RAD_ChestCT/RadchestCTseg/trn07045/trn07045.nii.gz
/data4/haoranlai/Dataset/RAD_ChestCT/image/trn12305.nii.gz,/data4/haoranlai/Dataset/RAD_ChestCT/RadchestCTseg/trn12305/trn12305.nii.gz
/data4/haoranlai/Dataset/RAD_ChestCT/image/trn21680.nii.gz,/data4/haoranlai/Dataset/RAD_ChestCT/RadchestCTseg/trn21680/trn21680.nii.gz
/data4/haoranlai/Dataset/RAD_ChestCT/image/trn13834.nii.gz,/data4/haoranlai/Dataset/RAD_ChestCT/RadchestCTseg/trn13834/trn13834.nii.gz
/data4/haoranlai/Dataset/RAD_ChestCT/image/trn17996.nii.gz,/data4/haoranlai/Dataset/RAD_ChestCT/RadchestCTseg/trn17996/trn17996.nii.gz
/data4/haoranlai/Dataset/RAD_ChestCT/image/trn05079.nii.gz,/data4/haoranlai/Dataset/RAD_ChestCT/RadchestCTseg/trn05079/trn05079.nii.gz
/data4/haoranlai/Dataset/RAD_ChestCT/image/trn16937.nii.gz,/data4/haoranlai/Dataset/RAD_ChestCT/RadchestCTseg/trn16937/trn16937.nii.gz
/data4/haoranlai/Dataset/RAD_ChestCT/image/trn00806.nii.gz,/data4/haoranlai/Dataset/RAD_ChestCT/RadchestCTseg/trn00806/trn00806.nii.gz
/data4/haoranlai/Dataset/RAD_ChestCT/image/trn21771.nii.gz,/data4/haoranlai/Dataset/RAD_ChestCT/RadchestCTseg/trn21771/trn21771.nii.gz
/data4/haoranlai/Dataset/RAD_ChestCT/image/trn17032.nii.gz,/data4/haoranlai/Dataset/RAD_ChestCT/RadchestCTseg/trn17032/trn17032.nii.gz
/data4/haoranlai/Dataset/RAD_ChestCT/image/trn24530.nii.gz,/data4/haoranlai/Dataset/RAD_ChestCT/RadchestCTseg/trn24530/trn24530.nii.gz
/data4/haoranlai/Dataset/RAD_ChestCT/image/trn14739.nii.gz,/data4/haoranlai/Dataset/RAD_ChestCT/RadchestCTseg/trn14739/trn14739.nii.gz
/data4/haoranlai/Dataset/RAD_ChestCT/image/trn08567.nii.gz,/data4/haoranlai/Dataset/RAD_ChestCT/RadchestCTseg/trn08567/trn08567.nii.gz
/data4/haoranlai/Dataset/RAD_ChestCT/image/trn10973.nii.gz,/data4/haoranlai/Dataset/RAD_ChestCT/RadchestCTseg/trn10973/trn10973.nii.gz
/data4/haoranlai/Dataset/RAD_ChestCT/image/trn11092.nii.gz,/data4/haoranlai/Dataset/RAD_ChestCT/RadchestCTseg/trn11092/trn11092.nii.gz
/data4/haoranlai/Dataset/RAD_ChestCT/image/trn02157.nii.gz,/data4/haoranlai/Dataset/RAD_ChestCT/RadchestCTseg/trn02157/trn02157.nii.gz
/data4/haoranlai/Dataset/RAD_ChestCT/image/trn18517.nii.gz,/data4/haoranlai/Dataset/RAD_ChestCT/RadchestCTseg/trn18517/trn18517.nii.gz
/data4/haoranlai/Dataset/RAD_ChestCT/image/trn17685.nii.gz,/data4/haoranlai/Dataset/RAD_ChestCT/RadchestCTseg/trn17685/trn17685.nii.gz
/data4/haoranlai/Dataset/RAD_ChestCT/image/trn08863.nii.gz,/data4/haoranlai/Dataset/RAD_ChestCT/RadchestCTseg/trn08863/trn08863.nii.gz
/data4/haoranlai/Dataset/RAD_ChestCT/image/trn14072.nii.gz,/data4/haoranlai/Dataset/RAD_ChestCT/RadchestCTseg/trn14072/trn14072.nii.gz
/data4/haoranlai/Dataset/RAD_ChestCT/image/trn10235.nii.gz,/data4/haoranlai/Dataset/RAD_ChestCT/RadchestCTseg/trn10235/trn10235.nii.gz
/data4/haoranlai/Dataset/RAD_ChestCT/image/trn23200.nii.gz,/data4/haoranlai/Dataset/RAD_ChestCT/RadchestCTseg/trn23200/trn23200.nii.gz
/data4/haoranlai/Dataset/RAD_ChestCT/image/trn14401.nii.gz,/data4/haoranlai/Dataset/RAD_ChestCT/RadchestCTseg/trn14401/trn14401.nii.gz
/data4/haoranlai/Dataset/RAD_ChestCT/image/trn18394.nii.gz,/data4/haoranlai/Dataset/RAD_ChestCT/RadchestCTseg/trn18394/trn18394.nii.gz
/data4/haoranlai/Dataset/RAD_ChestCT/image/trn15302.nii.gz,/data4/haoranlai/Dataset/RAD_ChestCT/RadchestCTseg/trn15302/trn15302.nii.gz
/data4/haoranlai/Dataset/RAD_ChestCT/image/trn21684.nii.gz,/data4/haoranlai/Dataset/RAD_ChestCT/RadchestCTseg/trn21684/trn21684.nii.gz
/data4/haoranlai/Dataset/RAD_ChestCT/image/trn04942.nii.gz,/data4/haoranlai/Dataset/RAD_ChestCT/RadchestCTseg/trn04942/trn04942.nii.gz
/data4/haoranlai/Dataset/RAD_ChestCT/image/trn04680.nii.gz,/data4/haoranlai/Dataset/RAD_ChestCT/RadchestCTseg/trn04680/trn04680.nii.gz
/data4/haoranlai/Dataset/RAD_ChestCT/image/trn11982.nii.gz,/data4/haoranlai/Dataset/RAD_ChestCT/RadchestCTseg/trn11982/trn11982.nii.gz
/data4/haoranlai/Dataset/RAD_ChestCT/image/trn23206.nii.gz,/data4/haoranlai/Dataset/RAD_ChestCT/RadchestCTseg/trn23206/trn23206.nii.gz
/data4/haoranlai/Dataset/RAD_ChestCT/image/trn10833.nii.gz,/data4/haoranlai/Dataset/RAD_ChestCT/RadchestCTseg/trn10833/trn10833.nii.gz
/data4/haoranlai/Dataset/RAD_ChestCT/image/trn15179.nii.gz,/data4/haoranlai/Dataset/RAD_ChestCT/RadchestCTseg/trn15179/trn15179.nii.gz
/data4/haoranlai/Dataset/RAD_ChestCT/image/trn24259.nii.gz,/data4/haoranlai/Dataset/RAD_ChestCT/RadchestCTseg/trn24259/trn24259.nii.gz
/data4/haoranlai/Dataset/RAD_ChestCT/image/trn10673.nii.gz,/data4/haoranlai/Dataset/RAD_ChestCT/RadchestCTseg/trn10673/trn10673.nii.gz
/data4/haoranlai/Dataset/RAD_ChestCT/image/trn14352.nii.gz,/data4/haoranlai/Dataset/RAD_ChestCT/RadchestCTseg/trn14352/trn14352.nii.gz
/data4/haoranlai/Dataset/RAD_ChestCT/image/trn05433.nii.gz,/data4/haoranlai/Dataset/RAD_ChestCT/RadchestCTseg/trn05433/trn05433.nii.gz
/data4/haoranlai/Dataset/RAD_ChestCT/image/trn24189.nii.gz,/data4/haoranlai/Dataset/RAD_ChestCT/RadchestCTseg/trn24189/trn24189.nii.gz
/data4/haoranlai/Dataset/RAD_ChestCT/image/trn04901.nii.gz,/data4/haoranlai/Dataset/RAD_ChestCT/RadchestCTseg/trn04901/trn04901.nii.gz
/data4/haoranlai/Dataset/RAD_ChestCT/image/trn03992.nii.gz,/data4/haoranlai/Dataset/RAD_ChestCT/RadchestCTseg/trn03992/trn03992.nii.gz
/data4/haoranlai/Dataset/RAD_ChestCT/image/trn20204.nii.gz,/data4/haoranlai/Dataset/RAD_ChestCT/RadchestCTseg/trn20204/trn20204.nii.gz
/data4/haoranlai/Dataset/RAD_ChestCT/image/trn04925.nii.gz,/data4/haoranlai/Dataset/RAD_ChestCT/RadchestCTseg/trn04925/trn04925.nii.gz
/data4/haoranlai/Dataset/RAD_ChestCT/image/trn15194.nii.gz,/data4/haoranlai/Dataset/RAD_ChestCT/RadchestCTseg/trn15194/trn15194.nii.gz
/data4/haoranlai/Dataset/RAD_ChestCT/image/trn23440.nii.gz,/data4/haoranlai/Dataset/RAD_ChestCT/RadchestCTseg/trn23440/trn23440.nii.gz
/data4/haoranlai/Dataset/RAD_ChestCT/image/trn08288.nii.gz,/data4/haoranlai/Dataset/RAD_ChestCT/RadchestCTseg/trn08288/trn08288.nii.gz
/data4/haoranlai/Dataset/RAD_ChestCT/image/trn07071.nii.gz,/data4/haoranlai/Dataset/RAD_ChestCT/RadchestCTseg/trn07071/trn07071.nii.gz
/data4/haoranlai/Dataset/RAD_ChestCT/image/trn21526.nii.gz,/data4/haoranlai/Dataset/RAD_ChestCT/RadchestCTseg/trn21526/trn21526.nii.gz
/data4/haoranlai/Dataset/RAD_ChestCT/image/trn14142.nii.gz,/data4/haoranlai/Dataset/RAD_ChestCT/RadchestCTseg/trn14142/trn14142.nii.gz
/data4/haoranlai/Dataset/RAD_ChestCT/image/trn09513.nii.gz,/data4/haoranlai/Dataset/RAD_ChestCT/RadchestCTseg/trn09513/trn09513.nii.gz
/data4/haoranlai/Dataset/RAD_ChestCT/image/trn03062.nii.gz,/data4/haoranlai/Dataset/RAD_ChestCT/RadchestCTseg/trn03062/trn03062.nii.gz
/data4/haoranlai/Dataset/RAD_ChestCT/image/trn21103.nii.gz,/data4/haoranlai/Dataset/RAD_ChestCT/RadchestCTseg/trn21103/trn21103.nii.gz
/data4/haoranlai/Dataset/RAD_ChestCT/image/trn24307.nii.gz,/data4/haoranlai/Dataset/RAD_ChestCT/RadchestCTseg/trn24307/trn24307.nii.gz
/data4/haoranlai/Dataset/RAD_ChestCT/image/trn04505.nii.gz,/data4/haoranlai/Dataset/RAD_ChestCT/RadchestCTseg/trn04505/trn04505.nii.gz
/data4/haoranlai/Dataset/RAD_ChestCT/image/trn07850.nii.gz,/data4/haoranlai/Dataset/RAD_ChestCT/RadchestCTseg/trn07850/trn07850.nii.gz
/data4/haoranlai/Dataset/RAD_ChestCT/image/trn20639.nii.gz,/data4/haoranlai/Dataset/RAD_ChestCT/RadchestCTseg/trn20639/trn20639.nii.gz
/data4/haoranlai/Dataset/RAD_ChestCT/image/trn15022.nii.gz,/data4/haoranlai/Dataset/RAD_ChestCT/RadchestCTseg/trn15022/trn15022.nii.gz
/data4/haoranlai/Dataset/RAD_ChestCT/image/trn00428.nii.gz,/data4/haoranlai/Dataset/RAD_ChestCT/RadchestCTseg/trn00428/trn00428.nii.gz
/data4/haoranlai/Dataset/RAD_ChestCT/image/trn00195.nii.gz,/data4/haoranlai/Dataset/RAD_ChestCT/RadchestCTseg/trn00195/trn00195.nii.gz
/data4/haoranlai/Dataset/RAD_ChestCT/image/trn22895.nii.gz,/data4/haoranlai/Dataset/RAD_ChestCT/RadchestCTseg/trn22895/trn22895.nii.gz
/data4/haoranlai/Dataset/RAD_ChestCT/image/trn18377.nii.gz,/data4/haoranlai/Dataset/RAD_ChestCT/RadchestCTseg/trn18377/trn18377.nii.gz
/data4/haoranlai/Dataset/RAD_ChestCT/image/trn14596.nii.gz,/data4/haoranlai/Dataset/RAD_ChestCT/RadchestCTseg/trn14596/trn14596.nii.gz
/data4/haoranlai/Dataset/RAD_ChestCT/image/trn06608.nii.gz,/data4/haoranlai/Dataset/RAD_ChestCT/RadchestCTseg/trn06608/trn06608.nii.gz
/data4/haoranlai/Dataset/RAD_ChestCT/image/trn10544.nii.gz,/data4/haoranlai/Dataset/RAD_ChestCT/RadchestCTseg/trn10544/trn10544.nii.gz
/data4/haoranlai/Dataset/RAD_ChestCT/image/trn00022.nii.gz,/data4/haoranlai/Dataset/RAD_ChestCT/RadchestCTseg/trn00022/trn00022.nii.gz
/data4/haoranlai/Dataset/RAD_ChestCT/image/trn08642.nii.gz,/data4/haoranlai/Dataset/RAD_ChestCT/RadchestCTseg/trn08642/trn08642.nii.gz
/data4/haoranlai/Dataset/RAD_ChestCT/image/trn06029.nii.gz,/data4/haoranlai/Dataset/RAD_ChestCT/RadchestCTseg/trn06029/trn06029.nii.gz
/data4/haoranlai/Dataset/RAD_ChestCT/image/trn23015.nii.gz,/data4/haoranlai/Dataset/RAD_ChestCT/RadchestCTseg/trn23015/trn23015.nii.gz
/data4/haoranlai/Dataset/RAD_ChestCT/image/trn06272.nii.gz,/data4/haoranlai/Dataset/RAD_ChestCT/RadchestCTseg/trn06272/trn06272.nii.gz
/data4/haoranlai/Dataset/RAD_ChestCT/image/trn14909.nii.gz,/data4/haoranlai/Dataset/RAD_ChestCT/RadchestCTseg/trn14909/trn14909.nii.gz
/data4/haoranlai/Dataset/RAD_ChestCT/image/trn15644.nii.gz,/data4/haoranlai/Dataset/RAD_ChestCT/RadchestCTseg/trn15644/trn15644.nii.gz
/data4/haoranlai/Dataset/RAD_ChestCT/image/trn16427.nii.gz,/data4/haoranlai/Dataset/RAD_ChestCT/RadchestCTseg/trn16427/trn16427.nii.gz
/data4/haoranlai/Dataset/RAD_ChestCT/image/trn08506.nii.gz,/data4/haoranlai/Dataset/RAD_ChestCT/RadchestCTseg/trn08506/trn08506.nii.gz
/data4/haoranlai/Dataset/RAD_ChestCT/image/trn11291.nii.gz,/data4/haoranlai/Dataset/RAD_ChestCT/RadchestCTseg/trn11291/trn11291.nii.gz
/data4/haoranlai/Dataset/RAD_ChestCT/image/trn18868.nii.gz,/data4/haoranlai/Dataset/RAD_ChestCT/RadchestCTseg/trn18868/trn18868.nii.gz
/data4/haoranlai/Dataset/RAD_ChestCT/image/trn11773.nii.gz,/data4/haoranlai/Dataset/RAD_ChestCT/RadchestCTseg/trn11773/trn11773.nii.gz
/data4/haoranlai/Dataset/RAD_ChestCT/image/trn02579.nii.gz,/data4/haoranlai/Dataset/RAD_ChestCT/RadchestCTseg/trn02579/trn02579.nii.gz
/data4/haoranlai/Dataset/RAD_ChestCT/image/trn07728.nii.gz,/data4/haoranlai/Dataset/RAD_ChestCT/RadchestCTseg/trn07728/trn07728.nii.gz
/data4/haoranlai/Dataset/RAD_ChestCT/image/trn03586.nii.gz,/data4/haoranlai/Dataset/RAD_ChestCT/RadchestCTseg/trn03586/trn03586.nii.gz
/data4/haoranlai/Dataset/RAD_ChestCT/image/trn17098.nii.gz,/data4/haoranlai/Dataset/RAD_ChestCT/RadchestCTseg/trn17098/trn17098.nii.gz
/data4/haoranlai/Dataset/RAD_ChestCT/image/trn03611.nii.gz,/data4/haoranlai/Dataset/RAD_ChestCT/RadchestCTseg/trn03611/trn03611.nii.gz
/data4/haoranlai/Dataset/RAD_ChestCT/image/trn20229.nii.gz,/data4/haoranlai/Dataset/RAD_ChestCT/RadchestCTseg/trn20229/trn20229.nii.gz
/data4/haoranlai/Dataset/RAD_ChestCT/image/trn13814.nii.gz,/data4/haoranlai/Dataset/RAD_ChestCT/RadchestCTseg/trn13814/trn13814.nii.gz
/data4/haoranlai/Dataset/RAD_ChestCT/image/trn17173.nii.gz,/data4/haoranlai/Dataset/RAD_ChestCT/RadchestCTseg/trn17173/trn17173.nii.gz
/data4/haoranlai/Dataset/RAD_ChestCT/image/trn12032.nii.gz,/data4/haoranlai/Dataset/RAD_ChestCT/RadchestCTseg/trn12032/trn12032.nii.gz
/data4/haoranlai/Dataset/RAD_ChestCT/image/trn18788.nii.gz,/data4/haoranlai/Dataset/RAD_ChestCT/RadchestCTseg/trn18788/trn18788.nii.gz
/data4/haoranlai/Dataset/RAD_ChestCT/image/trn16228.nii.gz,/data4/haoranlai/Dataset/RAD_ChestCT/RadchestCTseg/trn16228/trn16228.nii.gz
/data4/haoranlai/Dataset/RAD_ChestCT/image/trn06743.nii.gz,/data4/haoranlai/Dataset/RAD_ChestCT/RadchestCTseg/trn06743/trn06743.nii.gz
/data4/haoranlai/Dataset/RAD_ChestCT/image/trn13604.nii.gz,/data4/haoranlai/Dataset/RAD_ChestCT/RadchestCTseg/trn13604/trn13604.nii.gz
/data4/haoranlai/Dataset/RAD_ChestCT/image/trn15580.nii.gz,/data4/haoranlai/Dataset/RAD_ChestCT/RadchestCTseg/trn15580/trn15580.nii.gz
/data4/haoranlai/Dataset/RAD_ChestCT/image/trn19389.nii.gz,/data4/haoranlai/Dataset/RAD_ChestCT/RadchestCTseg/trn19389/trn19389.nii.gz
/data4/haoranlai/Dataset/RAD_ChestCT/image/trn12876.nii.gz,/data4/haoranlai/Dataset/RAD_ChestCT/RadchestCTseg/trn12876/trn12876.nii.gz
/data4/haoranlai/Dataset/RAD_ChestCT/image/trn23408.nii.gz,/data4/haoranlai/Dataset/RAD_ChestCT/RadchestCTseg/trn23408/trn23408.nii.gz
/data4/haoranlai/Dataset/RAD_ChestCT/image/trn24501.nii.gz,/data4/haoranlai/Dataset/RAD_ChestCT/RadchestCTseg/trn24501/trn24501.nii.gz
/data4/haoranlai/Dataset/RAD_ChestCT/image/trn01910.nii.gz,/data4/haoranlai/Dataset/RAD_ChestCT/RadchestCTseg/trn01910/trn01910.nii.gz
/data4/haoranlai/Dataset/RAD_ChestCT/image/trn20967.nii.gz,/data4/haoranlai/Dataset/RAD_ChestCT/RadchestCTseg/trn20967/trn20967.nii.gz
/data4/haoranlai/Dataset/RAD_ChestCT/image/trn12312.nii.gz,/data4/haoranlai/Dataset/RAD_ChestCT/RadchestCTseg/trn12312/trn12312.nii.gz
/data4/haoranlai/Dataset/RAD_ChestCT/image/trn21924.nii.gz,/data4/haoranlai/Dataset/RAD_ChestCT/RadchestCTseg/trn21924/trn21924.nii.gz
/data4/haoranlai/Dataset/RAD_ChestCT/image/trn23437.nii.gz,/data4/haoranlai/Dataset/RAD_ChestCT/RadchestCTseg/trn23437/trn23437.nii.gz
/data4/haoranlai/Dataset/RAD_ChestCT/image/trn16140.nii.gz,/data4/haoranlai/Dataset/RAD_ChestCT/RadchestCTseg/trn16140/trn16140.nii.gz
/data4/haoranlai/Dataset/RAD_ChestCT/image/trn06367.nii.gz,/data4/haoranlai/Dataset/RAD_ChestCT/RadchestCTseg/trn06367/trn06367.nii.gz
/data4/haoranlai/Dataset/RAD_ChestCT/image/trn12624.nii.gz,/data4/haoranlai/Dataset/RAD_ChestCT/RadchestCTseg/trn12624/trn12624.nii.gz
/data4/haoranlai/Dataset/RAD_ChestCT/image/trn01586.nii.gz,/data4/haoranlai/Dataset/RAD_ChestCT/RadchestCTseg/trn01586/trn01586.nii.gz
/data4/haoranlai/Dataset/RAD_ChestCT/image/trn15449.nii.gz,/data4/haoranlai/Dataset/RAD_ChestCT/RadchestCTseg/trn15449/trn15449.nii.gz
/data4/haoranlai/Dataset/RAD_ChestCT/image/trn19142.nii.gz,/data4/haoranlai/Dataset/RAD_ChestCT/RadchestCTseg/trn19142/trn19142.nii.gz
/data4/haoranlai/Dataset/RAD_ChestCT/image/trn02869.nii.gz,/data4/haoranlai/Dataset/RAD_ChestCT/RadchestCTseg/trn02869/trn02869.nii.gz
/data4/haoranlai/Dataset/RAD_ChestCT/image/trn23375.nii.gz,/data4/haoranlai/Dataset/RAD_ChestCT/RadchestCTseg/trn23375/trn23375.nii.gz
/data4/haoranlai/Dataset/RAD_ChestCT/image/trn24276.nii.gz,/data4/haoranlai/Dataset/RAD_ChestCT/RadchestCTseg/trn24276/trn24276.nii.gz
/data4/haoranlai/Dataset/RAD_ChestCT/image/trn05281.nii.gz,/data4/haoranlai/Dataset/RAD_ChestCT/RadchestCTseg/trn05281/trn05281.nii.gz
/data4/haoranlai/Dataset/RAD_ChestCT/image/trn25243.nii.gz,/data4/haoranlai/Dataset/RAD_ChestCT/RadchestCTseg/trn25243/trn25243.nii.gz
/data4/haoranlai/Dataset/RAD_ChestCT/image/trn14946.nii.gz,/data4/haoranlai/Dataset/RAD_ChestCT/RadchestCTseg/trn14946/trn14946.nii.gz
/data4/haoranlai/Dataset/RAD_ChestCT/image/trn01331.nii.gz,/data4/haoranlai/Dataset/RAD_ChestCT/RadchestCTseg/trn01331/trn01331.nii.gz
/data4/haoranlai/Dataset/RAD_ChestCT/image/trn06694.nii.gz,/data4/haoranlai/Dataset/RAD_ChestCT/RadchestCTseg/trn06694/trn06694.nii.gz
/data4/haoranlai/Dataset/RAD_ChestCT/image/trn13688.nii.gz,/data4/haoranlai/Dataset/RAD_ChestCT/RadchestCTseg/trn13688/trn13688.nii.gz
/data4/haoranlai/Dataset/RAD_ChestCT/image/trn04410.nii.gz,/data4/haoranlai/Dataset/RAD_ChestCT/RadchestCTseg/trn04410/trn04410.nii.gz
/data4/haoranlai/Dataset/RAD_ChestCT/image/trn09130.nii.gz,/data4/haoranlai/Dataset/RAD_ChestCT/RadchestCTseg/trn09130/trn09130.nii.gz
/data4/haoranlai/Dataset/RAD_ChestCT/image/trn00758.nii.gz,/data4/haoranlai/Dataset/RAD_ChestCT/RadchestCTseg/trn00758/trn00758.nii.gz
/data4/haoranlai/Dataset/RAD_ChestCT/image/trn18287.nii.gz,/data4/haoranlai/Dataset/RAD_ChestCT/RadchestCTseg/trn18287/trn18287.nii.gz
/data4/haoranlai/Dataset/RAD_ChestCT/image/trn10810.nii.gz,/data4/haoranlai/Dataset/RAD_ChestCT/RadchestCTseg/trn10810/trn10810.nii.gz
/data4/haoranlai/Dataset/RAD_ChestCT/image/trn02487.nii.gz,/data4/haoranlai/Dataset/RAD_ChestCT/RadchestCTseg/trn02487/trn02487.nii.gz
/data4/haoranlai/Dataset/RAD_ChestCT/image/trn01292.nii.gz,/data4/haoranlai/Dataset/RAD_ChestCT/RadchestCTseg/trn01292/trn01292.nii.gz
/data4/haoranlai/Dataset/RAD_ChestCT/image/trn07760.nii.gz,/data4/haoranlai/Dataset/RAD_ChestCT/RadchestCTseg/trn07760/trn07760.nii.gz
/data4/haoranlai/Dataset/RAD_ChestCT/image/trn06344.nii.gz,/data4/haoranlai/Dataset/RAD_ChestCT/RadchestCTseg/trn06344/trn06344.nii.gz
/data4/haoranlai/Dataset/RAD_ChestCT/image/trn03769.nii.gz,/data4/haoranlai/Dataset/RAD_ChestCT/RadchestCTseg/trn03769/trn03769.nii.gz
/data4/haoranlai/Dataset/RAD_ChestCT/image/trn08661.nii.gz,/data4/haoranlai/Dataset/RAD_ChestCT/RadchestCTseg/trn08661/trn08661.nii.gz
/data4/haoranlai/Dataset/RAD_ChestCT/image/trn15286.nii.gz,/data4/haoranlai/Dataset/RAD_ChestCT/RadchestCTseg/trn15286/trn15286.nii.gz
/data4/haoranlai/Dataset/RAD_ChestCT/image/trn03859.nii.gz,/data4/haoranlai/Dataset/RAD_ChestCT/RadchestCTseg/trn03859/trn03859.nii.gz
/data4/haoranlai/Dataset/RAD_ChestCT/image/trn13089.nii.gz,/data4/haoranlai/Dataset/RAD_ChestCT/RadchestCTseg/trn13089/trn13089.nii.gz
/data4/haoranlai/Dataset/RAD_ChestCT/image/trn21623.nii.gz,/data4/haoranlai/Dataset/RAD_ChestCT/RadchestCTseg/trn21623/trn21623.nii.gz
/data4/haoranlai/Dataset/RAD_ChestCT/image/trn19318.nii.gz,/data4/haoranlai/Dataset/RAD_ChestCT/RadchestCTseg/trn19318/trn19318.nii.gz
/data4/haoranlai/Dataset/RAD_ChestCT/image/trn07963.nii.gz,/data4/haoranlai/Dataset/RAD_ChestCT/RadchestCTseg/trn07963/trn07963.nii.gz
/data4/haoranlai/Dataset/RAD_ChestCT/image/trn24849.nii.gz,/data4/haoranlai/Dataset/RAD_ChestCT/RadchestCTseg/trn24849/trn24849.nii.gz
/data4/haoranlai/Dataset/RAD_ChestCT/image/trn17890.nii.gz,/data4/haoranlai/Dataset/RAD_ChestCT/RadchestCTseg/trn17890/trn17890.nii.gz
/data4/haoranlai/Dataset/RAD_ChestCT/image/trn05681.nii.gz,/data4/haoranlai/Dataset/RAD_ChestCT/RadchestCTseg/trn05681/trn05681.nii.gz
/data4/haoranlai/Dataset/RAD_ChestCT/image/trn04189.nii.gz,/data4/haoranlai/Dataset/RAD_ChestCT/RadchestCTseg/trn04189/trn04189.nii.gz
/data4/haoranlai/Dataset/RAD_ChestCT/image/trn10350.nii.gz,/data4/haoranlai/Dataset/RAD_ChestCT/RadchestCTseg/trn10350/trn10350.nii.gz
/data4/haoranlai/Dataset/RAD_ChestCT/image/trn13704.nii.gz,/data4/haoranlai/Dataset/RAD_ChestCT/RadchestCTseg/trn13704/trn13704.nii.gz
/data4/haoranlai/Dataset/RAD_ChestCT/image/trn02444.nii.gz,/data4/haoranlai/Dataset/RAD_ChestCT/RadchestCTseg/trn02444/trn02444.nii.gz
/data4/haoranlai/Dataset/RAD_ChestCT/image/trn18309.nii.gz,/data4/haoranlai/Dataset/RAD_ChestCT/RadchestCTseg/trn18309/trn18309.nii.gz
/data4/haoranlai/Dataset/RAD_ChestCT/image/trn04897.nii.gz,/data4/haoranlai/Dataset/RAD_ChestCT/RadchestCTseg/trn04897/trn04897.nii.gz
/data4/haoranlai/Dataset/RAD_ChestCT/image/trn15139.nii.gz,/data4/haoranlai/Dataset/RAD_ChestCT/RadchestCTseg/trn15139/trn15139.nii.gz
/data4/haoranlai/Dataset/RAD_ChestCT/image/trn03346.nii.gz,/data4/haoranlai/Dataset/RAD_ChestCT/RadchestCTseg/trn03346/trn03346.nii.gz
/data4/haoranlai/Dataset/RAD_ChestCT/image/trn01072.nii.gz,/data4/haoranlai/Dataset/RAD_ChestCT/RadchestCTseg/trn01072/trn01072.nii.gz
/data4/haoranlai/Dataset/RAD_ChestCT/image/trn00187.nii.gz,/data4/haoranlai/Dataset/RAD_ChestCT/RadchestCTseg/trn00187/trn00187.nii.gz
/data4/haoranlai/Dataset/RAD_ChestCT/image/trn04229.nii.gz,/data4/haoranlai/Dataset/RAD_ChestCT/RadchestCTseg/trn04229/trn04229.nii.gz
/data4/haoranlai/Dataset/RAD_ChestCT/image/trn16598.nii.gz,/data4/haoranlai/Dataset/RAD_ChestCT/RadchestCTseg/trn16598/trn16598.nii.gz
/data4/haoranlai/Dataset/RAD_ChestCT/image/trn12748.nii.gz,/data4/haoranlai/Dataset/RAD_ChestCT/RadchestCTseg/trn12748/trn12748.nii.gz
/data4/haoranlai/Dataset/RAD_ChestCT/image/trn25339.nii.gz,/data4/haoranlai/Dataset/RAD_ChestCT/RadchestCTseg/trn25339/trn25339.nii.gz
/data4/haoranlai/Dataset/RAD_ChestCT/image/trn11678.nii.gz,/data4/haoranlai/Dataset/RAD_ChestCT/RadchestCTseg/trn11678/trn11678.nii.gz
/data4/haoranlai/Dataset/RAD_ChestCT/image/trn16774.nii.gz,/data4/haoranlai/Dataset/RAD_ChestCT/RadchestCTseg/trn16774/trn16774.nii.gz
/data4/haoranlai/Dataset/RAD_ChestCT/image/trn15142.nii.gz,/data4/haoranlai/Dataset/RAD_ChestCT/RadchestCTseg/trn15142/trn15142.nii.gz
/data4/haoranlai/Dataset/RAD_ChestCT/image/trn11128.nii.gz,/data4/haoranlai/Dataset/RAD_ChestCT/RadchestCTseg/trn11128/trn11128.nii.gz
/data4/haoranlai/Dataset/RAD_ChestCT/image/trn16107.nii.gz,/data4/haoranlai/Dataset/RAD_ChestCT/RadchestCTseg/trn16107/trn16107.nii.gz
/data4/haoranlai/Dataset/RAD_ChestCT/image/trn24246.nii.gz,/data4/haoranlai/Dataset/RAD_ChestCT/RadchestCTseg/trn24246/trn24246.nii.gz
/data4/haoranlai/Dataset/RAD_ChestCT/image/trn24519.nii.gz,/data4/haoranlai/Dataset/RAD_ChestCT/RadchestCTseg/trn24519/trn24519.nii.gz
/data4/haoranlai/Dataset/RAD_ChestCT/image/trn09213.nii.gz,/data4/haoranlai/Dataset/RAD_ChestCT/RadchestCTseg/trn09213/trn09213.nii.gz
/data4/haoranlai/Dataset/RAD_ChestCT/image/trn21918.nii.gz,/data4/haoranlai/Dataset/RAD_ChestCT/RadchestCTseg/trn21918/trn21918.nii.gz
/data4/haoranlai/Dataset/RAD_ChestCT/image/trn19930.nii.gz,/data4/haoranlai/Dataset/RAD_ChestCT/RadchestCTseg/trn19930/trn19930.nii.gz
/data4/haoranlai/Dataset/RAD_ChestCT/image/trn00143.nii.gz,/data4/haoranlai/Dataset/RAD_ChestCT/RadchestCTseg/trn00143/trn00143.nii.gz
/data4/haoranlai/Dataset/RAD_ChestCT/image/trn06919.nii.gz,/data4/haoranlai/Dataset/RAD_ChestCT/RadchestCTseg/trn06919/trn06919.nii.gz
/data4/haoranlai/Dataset/RAD_ChestCT/image/trn09727.nii.gz,/data4/haoranlai/Dataset/RAD_ChestCT/RadchestCTseg/trn09727/trn09727.nii.gz
/data4/haoranlai/Dataset/RAD_ChestCT/image/trn14423.nii.gz,/data4/haoranlai/Dataset/RAD_ChestCT/RadchestCTseg/trn14423/trn14423.nii.gz
/data4/haoranlai/Dataset/RAD_ChestCT/image/trn10825.nii.gz,/data4/haoranlai/Dataset/RAD_ChestCT/RadchestCTseg/trn10825/trn10825.nii.gz
/data4/haoranlai/Dataset/RAD_ChestCT/image/trn08168.nii.gz,/data4/haoranlai/Dataset/RAD_ChestCT/RadchestCTseg/trn08168/trn08168.nii.gz
/data4/haoranlai/Dataset/RAD_ChestCT/image/trn11826.nii.gz,/data4/haoranlai/Dataset/RAD_ChestCT/RadchestCTseg/trn11826/trn11826.nii.gz
/data4/haoranlai/Dataset/RAD_ChestCT/image/trn19301.nii.gz,/data4/haoranlai/Dataset/RAD_ChestCT/RadchestCTseg/trn19301/trn19301.nii.gz
/data4/haoranlai/Dataset/RAD_ChestCT/image/trn23532.nii.gz,/data4/haoranlai/Dataset/RAD_ChestCT/RadchestCTseg/trn23532/trn23532.nii.gz
/data4/haoranlai/Dataset/RAD_ChestCT/image/trn10135.nii.gz,/data4/haoranlai/Dataset/RAD_ChestCT/RadchestCTseg/trn10135/trn10135.nii.gz
/data4/haoranlai/Dataset/RAD_ChestCT/image/trn00393.nii.gz,/data4/haoranlai/Dataset/RAD_ChestCT/RadchestCTseg/trn00393/trn00393.nii.gz
/data4/haoranlai/Dataset/RAD_ChestCT/image/trn07611.nii.gz,/data4/haoranlai/Dataset/RAD_ChestCT/RadchestCTseg/trn07611/trn07611.nii.gz
/data4/haoranlai/Dataset/RAD_ChestCT/image/trn05369.nii.gz,/data4/haoranlai/Dataset/RAD_ChestCT/RadchestCTseg/trn05369/trn05369.nii.gz
/data4/haoranlai/Dataset/RAD_ChestCT/image/trn17930.nii.gz,/data4/haoranlai/Dataset/RAD_ChestCT/RadchestCTseg/trn17930/trn17930.nii.gz
/data4/haoranlai/Dataset/RAD_ChestCT/image/trn05732.nii.gz,/data4/haoranlai/Dataset/RAD_ChestCT/RadchestCTseg/trn05732/trn05732.nii.gz
/data4/haoranlai/Dataset/RAD_ChestCT/image/trn02556.nii.gz,/data4/haoranlai/Dataset/RAD_ChestCT/RadchestCTseg/trn02556/trn02556.nii.gz
/data4/haoranlai/Dataset/RAD_ChestCT/image/trn23634.nii.gz,/data4/haoranlai/Dataset/RAD_ChestCT/RadchestCTseg/trn23634/trn23634.nii.gz
/data4/haoranlai/Dataset/RAD_ChestCT/image/trn21945.nii.gz,/data4/haoranlai/Dataset/RAD_ChestCT/RadchestCTseg/trn21945/trn21945.nii.gz
/data4/haoranlai/Dataset/RAD_ChestCT/image/trn17207.nii.gz,/data4/haoranlai/Dataset/RAD_ChestCT/RadchestCTseg/trn17207/trn17207.nii.gz
/data4/haoranlai/Dataset/RAD_ChestCT/image/val27291.nii.gz,/data4/haoranlai/Dataset/RAD_ChestCT/RadchestCTseg/val27291/val27291.nii.gz
/data4/haoranlai/Dataset/RAD_ChestCT/image/val26534.nii.gz,/data4/haoranlai/Dataset/RAD_ChestCT/RadchestCTseg/val26534/val26534.nii.gz
/data4/haoranlai/Dataset/RAD_ChestCT/image/val25752.nii.gz,/data4/haoranlai/Dataset/RAD_ChestCT/RadchestCTseg/val25752/val25752.nii.gz
/data4/haoranlai/Dataset/RAD_ChestCT/image/val26693.nii.gz,/data4/haoranlai/Dataset/RAD_ChestCT/RadchestCTseg/val26693/val26693.nii.gz
/data4/haoranlai/Dataset/RAD_ChestCT/image/val26969.nii.gz,/data4/haoranlai/Dataset/RAD_ChestCT/RadchestCTseg/val26969/val26969.nii.gz
/data4/haoranlai/Dataset/RAD_ChestCT/image/val26561.nii.gz,/data4/haoranlai/Dataset/RAD_ChestCT/RadchestCTseg/val26561/val26561.nii.gz
/data4/haoranlai/Dataset/RAD_ChestCT/image/val26917.nii.gz,/data4/haoranlai/Dataset/RAD_ChestCT/RadchestCTseg/val26917/val26917.nii.gz
/data4/haoranlai/Dataset/RAD_ChestCT/image/val26647.nii.gz,/data4/haoranlai/Dataset/RAD_ChestCT/RadchestCTseg/val26647/val26647.nii.gz
/data4/haoranlai/Dataset/RAD_ChestCT/image/val27025.nii.gz,/data4/haoranlai/Dataset/RAD_ChestCT/RadchestCTseg/val27025/val27025.nii.gz
/data4/haoranlai/Dataset/RAD_ChestCT/image/val25798.nii.gz,/data4/haoranlai/Dataset/RAD_ChestCT/RadchestCTseg/val25798/val25798.nii.gz
/data4/haoranlai/Dataset/RAD_ChestCT/image/val25735.nii.gz,/data4/haoranlai/Dataset/RAD_ChestCT/RadchestCTseg/val25735/val25735.nii.gz
/data4/haoranlai/Dataset/RAD_ChestCT/image/val26459.nii.gz,/data4/haoranlai/Dataset/RAD_ChestCT/RadchestCTseg/val26459/val26459.nii.gz
/data4/haoranlai/Dataset/RAD_ChestCT/image/val25794.nii.gz,/data4/haoranlai/Dataset/RAD_ChestCT/RadchestCTseg/val25794/val25794.nii.gz
/data4/haoranlai/Dataset/RAD_ChestCT/image/val25781.nii.gz,/data4/haoranlai/Dataset/RAD_ChestCT/RadchestCTseg/val25781/val25781.nii.gz
/data4/haoranlai/Dataset/RAD_ChestCT/image/val27342.nii.gz,/data4/haoranlai/Dataset/RAD_ChestCT/RadchestCTseg/val27342/val27342.nii.gz
/data4/haoranlai/Dataset/RAD_ChestCT/image/val25370.nii.gz,/data4/haoranlai/Dataset/RAD_ChestCT/RadchestCTseg/val25370/val25370.nii.gz
/data4/haoranlai/Dataset/RAD_ChestCT/image/val25912.nii.gz,/data4/haoranlai/Dataset/RAD_ChestCT/RadchestCTseg/val25912/val25912.nii.gz
/data4/haoranlai/Dataset/RAD_ChestCT/image/val26627.nii.gz,/data4/haoranlai/Dataset/RAD_ChestCT/RadchestCTseg/val26627/val26627.nii.gz
/data4/haoranlai/Dataset/RAD_ChestCT/image/val26220.nii.gz,/data4/haoranlai/Dataset/RAD_ChestCT/RadchestCTseg/val26220/val26220.nii.gz
/data4/haoranlai/Dataset/RAD_ChestCT/image/val26496.nii.gz,/data4/haoranlai/Dataset/RAD_ChestCT/RadchestCTseg/val26496/val26496.nii.gz
/data4/haoranlai/Dataset/RAD_ChestCT/image/val26954.nii.gz,/data4/haoranlai/Dataset/RAD_ChestCT/RadchestCTseg/val26954/val26954.nii.gz
/data4/haoranlai/Dataset/RAD_ChestCT/image/val25380.nii.gz,/data4/haoranlai/Dataset/RAD_ChestCT/RadchestCTseg/val25380/val25380.nii.gz
/data4/haoranlai/Dataset/RAD_ChestCT/image/val26319.nii.gz,/data4/haoranlai/Dataset/RAD_ChestCT/RadchestCTseg/val26319/val26319.nii.gz
/data4/haoranlai/Dataset/RAD_ChestCT/image/val26147.nii.gz,/data4/haoranlai/Dataset/RAD_ChestCT/RadchestCTseg/val26147/val26147.nii.gz
/data4/haoranlai/Dataset/RAD_ChestCT/image/val27221.nii.gz,/data4/haoranlai/Dataset/RAD_ChestCT/RadchestCTseg/val27221/val27221.nii.gz
/data4/haoranlai/Dataset/RAD_ChestCT/image/val27137.nii.gz,/data4/haoranlai/Dataset/RAD_ChestCT/RadchestCTseg/val27137/val27137.nii.gz
/data4/haoranlai/Dataset/RAD_ChestCT/image/val27418.nii.gz,/data4/haoranlai/Dataset/RAD_ChestCT/RadchestCTseg/val27418/val27418.nii.gz
/data4/haoranlai/Dataset/RAD_ChestCT/image/val26135.nii.gz,/data4/haoranlai/Dataset/RAD_ChestCT/RadchestCTseg/val26135/val26135.nii.gz
/data4/haoranlai/Dataset/RAD_ChestCT/image/val27268.nii.gz,/data4/haoranlai/Dataset/RAD_ChestCT/RadchestCTseg/val27268/val27268.nii.gz
/data4/haoranlai/Dataset/RAD_ChestCT/image/val26316.nii.gz,/data4/haoranlai/Dataset/RAD_ChestCT/RadchestCTseg/val26316/val26316.nii.gz
/data4/haoranlai/Dataset/RAD_ChestCT/image/val25857.nii.gz,/data4/haoranlai/Dataset/RAD_ChestCT/RadchestCTseg/val25857/val25857.nii.gz
/data4/haoranlai/Dataset/RAD_ChestCT/image/val25899.nii.gz,/data4/haoranlai/Dataset/RAD_ChestCT/RadchestCTseg/val25899/val25899.nii.gz
/data4/haoranlai/Dataset/RAD_ChestCT/image/val26895.nii.gz,/data4/haoranlai/Dataset/RAD_ChestCT/RadchestCTseg/val26895/val26895.nii.gz
/data4/haoranlai/Dataset/RAD_ChestCT/image/val27058.nii.gz,/data4/haoranlai/Dataset/RAD_ChestCT/RadchestCTseg/val27058/val27058.nii.gz
/data4/haoranlai/Dataset/RAD_ChestCT/image/val27383.nii.gz,/data4/haoranlai/Dataset/RAD_ChestCT/RadchestCTseg/val27383/val27383.nii.gz
/data4/haoranlai/Dataset/RAD_ChestCT/image/val26980.nii.gz,/data4/haoranlai/Dataset/RAD_ChestCT/RadchestCTseg/val26980/val26980.nii.gz
/data4/haoranlai/Dataset/RAD_ChestCT/image/val26272.nii.gz,/data4/haoranlai/Dataset/RAD_ChestCT/RadchestCTseg/val26272/val26272.nii.gz
/data4/haoranlai/Dataset/RAD_ChestCT/image/val26085.nii.gz,/data4/haoranlai/Dataset/RAD_ChestCT/RadchestCTseg/val26085/val26085.nii.gz
/data4/haoranlai/Dataset/RAD_ChestCT/image/val26879.nii.gz,/data4/haoranlai/Dataset/RAD_ChestCT/RadchestCTseg/val26879/val26879.nii.gz
/data4/haoranlai/Dataset/RAD_ChestCT/image/val27401.nii.gz,/data4/haoranlai/Dataset/RAD_ChestCT/RadchestCTseg/val27401/val27401.nii.gz
/data4/haoranlai/Dataset/RAD_ChestCT/image/val26930.nii.gz,/data4/haoranlai/Dataset/RAD_ChestCT/RadchestCTseg/val26930/val26930.nii.gz
/data4/haoranlai/Dataset/RAD_ChestCT/image/val27131.nii.gz,/data4/haoranlai/Dataset/RAD_ChestCT/RadchestCTseg/val27131/val27131.nii.gz
/data4/haoranlai/Dataset/RAD_ChestCT/image/val27239.nii.gz,/data4/haoranlai/Dataset/RAD_ChestCT/RadchestCTseg/val27239/val27239.nii.gz
/data4/haoranlai/Dataset/RAD_ChestCT/image/val26095.nii.gz,/data4/haoranlai/Dataset/RAD_ChestCT/RadchestCTseg/val26095/val26095.nii.gz
/data4/haoranlai/Dataset/RAD_ChestCT/image/val27312.nii.gz,/data4/haoranlai/Dataset/RAD_ChestCT/RadchestCTseg/val27312/val27312.nii.gz
/data4/haoranlai/Dataset/RAD_ChestCT/image/val27340.nii.gz,/data4/haoranlai/Dataset/RAD_ChestCT/RadchestCTseg/val27340/val27340.nii.gz
/data4/haoranlai/Dataset/RAD_ChestCT/image/val26039.nii.gz,/data4/haoranlai/Dataset/RAD_ChestCT/RadchestCTseg/val26039/val26039.nii.gz
/data4/haoranlai/Dataset/RAD_ChestCT/image/val25525.nii.gz,/data4/haoranlai/Dataset/RAD_ChestCT/RadchestCTseg/val25525/val25525.nii.gz
/data4/haoranlai/Dataset/RAD_ChestCT/image/val25921.nii.gz,/data4/haoranlai/Dataset/RAD_ChestCT/RadchestCTseg/val25921/val25921.nii.gz
/data4/haoranlai/Dataset/RAD_ChestCT/image/val26288.nii.gz,/data4/haoranlai/Dataset/RAD_ChestCT/RadchestCTseg/val26288/val26288.nii.gz
/data4/haoranlai/Dataset/RAD_ChestCT/image/val25917.nii.gz,/data4/haoranlai/Dataset/RAD_ChestCT/RadchestCTseg/val25917/val25917.nii.gz
/data4/haoranlai/Dataset/RAD_ChestCT/image/val25612.nii.gz,/data4/haoranlai/Dataset/RAD_ChestCT/RadchestCTseg/val25612/val25612.nii.gz
/data4/haoranlai/Dataset/RAD_ChestCT/image/val26324.nii.gz,/data4/haoranlai/Dataset/RAD_ChestCT/RadchestCTseg/val26324/val26324.nii.gz
/data4/haoranlai/Dataset/RAD_ChestCT/image/val25453.nii.gz,/data4/haoranlai/Dataset/RAD_ChestCT/RadchestCTseg/val25453/val25453.nii.gz
/data4/haoranlai/Dataset/RAD_ChestCT/image/val25897.nii.gz,/data4/haoranlai/Dataset/RAD_ChestCT/RadchestCTseg/val25897/val25897.nii.gz
/data4/haoranlai/Dataset/RAD_ChestCT/image/val27338.nii.gz,/data4/haoranlai/Dataset/RAD_ChestCT/RadchestCTseg/val27338/val27338.nii.gz
/data4/haoranlai/Dataset/RAD_ChestCT/image/val26122.nii.gz,/data4/haoranlai/Dataset/RAD_ChestCT/RadchestCTseg/val26122/val26122.nii.gz
/data4/haoranlai/Dataset/RAD_ChestCT/image/val26505.nii.gz,/data4/haoranlai/Dataset/RAD_ChestCT/RadchestCTseg/val26505/val26505.nii.gz
/data4/haoranlai/Dataset/RAD_ChestCT/image/val27277.nii.gz,/data4/haoranlai/Dataset/RAD_ChestCT/RadchestCTseg/val27277/val27277.nii.gz
/data4/haoranlai/Dataset/RAD_ChestCT/image/val26556.nii.gz,/data4/haoranlai/Dataset/RAD_ChestCT/RadchestCTseg/val26556/val26556.nii.gz
/data4/haoranlai/Dataset/RAD_ChestCT/image/val26323.nii.gz,/data4/haoranlai/Dataset/RAD_ChestCT/RadchestCTseg/val26323/val26323.nii.gz
/data4/haoranlai/Dataset/RAD_ChestCT/image/val26103.nii.gz,/data4/haoranlai/Dataset/RAD_ChestCT/RadchestCTseg/val26103/val26103.nii.gz
/data4/haoranlai/Dataset/RAD_ChestCT/image/val26569.nii.gz,/data4/haoranlai/Dataset/RAD_ChestCT/RadchestCTseg/val26569/val26569.nii.gz
/data4/haoranlai/Dataset/RAD_ChestCT/image/val25502.nii.gz,/data4/haoranlai/Dataset/RAD_ChestCT/RadchestCTseg/val25502/val25502.nii.gz
/data4/haoranlai/Dataset/RAD_ChestCT/image/val26743.nii.gz,/data4/haoranlai/Dataset/RAD_ChestCT/RadchestCTseg/val26743/val26743.nii.gz
/data4/haoranlai/Dataset/RAD_ChestCT/image/val25933.nii.gz,/data4/haoranlai/Dataset/RAD_ChestCT/RadchestCTseg/val25933/val25933.nii.gz
/data4/haoranlai/Dataset/RAD_ChestCT/image/val26419.nii.gz,/data4/haoranlai/Dataset/RAD_ChestCT/RadchestCTseg/val26419/val26419.nii.gz
/data4/haoranlai/Dataset/RAD_ChestCT/image/val26701.nii.gz,/data4/haoranlai/Dataset/RAD_ChestCT/RadchestCTseg/val26701/val26701.nii.gz
/data4/haoranlai/Dataset/RAD_ChestCT/image/val26720.nii.gz,/data4/haoranlai/Dataset/RAD_ChestCT/RadchestCTseg/val26720/val26720.nii.gz
/data4/haoranlai/Dataset/RAD_ChestCT/image/val25990.nii.gz,/data4/haoranlai/Dataset/RAD_ChestCT/RadchestCTseg/val25990/val25990.nii.gz
/data4/haoranlai/Dataset/RAD_ChestCT/image/val27091.nii.gz,/data4/haoranlai/Dataset/RAD_ChestCT/RadchestCTseg/val27091/val27091.nii.gz
/data4/haoranlai/Dataset/RAD_ChestCT/image/val25601.nii.gz,/data4/haoranlai/Dataset/RAD_ChestCT/RadchestCTseg/val25601/val25601.nii.gz
/data4/haoranlai/Dataset/RAD_ChestCT/image/val27200.nii.gz,/data4/haoranlai/Dataset/RAD_ChestCT/RadchestCTseg/val27200/val27200.nii.gz
/data4/haoranlai/Dataset/RAD_ChestCT/image/val27313.nii.gz,/data4/haoranlai/Dataset/RAD_ChestCT/RadchestCTseg/val27313/val27313.nii.gz
/data4/haoranlai/Dataset/RAD_ChestCT/image/val25570.nii.gz,/data4/haoranlai/Dataset/RAD_ChestCT/RadchestCTseg/val25570/val25570.nii.gz
/data4/haoranlai/Dataset/RAD_ChestCT/image/val25726.nii.gz,/data4/haoranlai/Dataset/RAD_ChestCT/RadchestCTseg/val25726/val25726.nii.gz
/data4/haoranlai/Dataset/RAD_ChestCT/image/val26294.nii.gz,/data4/haoranlai/Dataset/RAD_ChestCT/RadchestCTseg/val26294/val26294.nii.gz
/data4/haoranlai/Dataset/RAD_ChestCT/image/val26721.nii.gz,/data4/haoranlai/Dataset/RAD_ChestCT/RadchestCTseg/val26721/val26721.nii.gz
/data4/haoranlai/Dataset/RAD_ChestCT/image/val26666.nii.gz,/data4/haoranlai/Dataset/RAD_ChestCT/RadchestCTseg/val26666/val26666.nii.gz
/data4/haoranlai/Dataset/RAD_ChestCT/image/val25772.nii.gz,/data4/haoranlai/Dataset/RAD_ChestCT/RadchestCTseg/val25772/val25772.nii.gz
/data4/haoranlai/Dataset/RAD_ChestCT/image/val25983.nii.gz,/data4/haoranlai/Dataset/RAD_ChestCT/RadchestCTseg/val25983/val25983.nii.gz
/data4/haoranlai/Dataset/RAD_ChestCT/image/val27330.nii.gz,/data4/haoranlai/Dataset/RAD_ChestCT/RadchestCTseg/val27330/val27330.nii.gz
/data4/haoranlai/Dataset/RAD_ChestCT/image/val26535.nii.gz,/data4/haoranlai/Dataset/RAD_ChestCT/RadchestCTseg/val26535/val26535.nii.gz
/data4/haoranlai/Dataset/RAD_ChestCT/image/val25457.nii.gz,/data4/haoranlai/Dataset/RAD_ChestCT/RadchestCTseg/val25457/val25457.nii.gz
/data4/haoranlai/Dataset/RAD_ChestCT/image/val26035.nii.gz,/data4/haoranlai/Dataset/RAD_ChestCT/RadchestCTseg/val26035/val26035.nii.gz
/data4/haoranlai/Dataset/RAD_ChestCT/image/val26317.nii.gz,/data4/haoranlai/Dataset/RAD_ChestCT/RadchestCTseg/val26317/val26317.nii.gz
/data4/haoranlai/Dataset/RAD_ChestCT/image/val26099.nii.gz,/data4/haoranlai/Dataset/RAD_ChestCT/RadchestCTseg/val26099/val26099.nii.gz
/data4/haoranlai/Dataset/RAD_ChestCT/image/val26610.nii.gz,/data4/haoranlai/Dataset/RAD_ChestCT/RadchestCTseg/val26610/val26610.nii.gz
/data4/haoranlai/Dataset/RAD_ChestCT/image/val26552.nii.gz,/data4/haoranlai/Dataset/RAD_ChestCT/RadchestCTseg/val26552/val26552.nii.gz
/data4/haoranlai/Dataset/RAD_ChestCT/image/val26445.nii.gz,/data4/haoranlai/Dataset/RAD_ChestCT/RadchestCTseg/val26445/val26445.nii.gz
/data4/haoranlai/Dataset/RAD_ChestCT/image/val27160.nii.gz,/data4/haoranlai/Dataset/RAD_ChestCT/RadchestCTseg/val27160/val27160.nii.gz
/data4/haoranlai/Dataset/RAD_ChestCT/image/val25922.nii.gz,/data4/haoranlai/Dataset/RAD_ChestCT/RadchestCTseg/val25922/val25922.nii.gz
/data4/haoranlai/Dataset/RAD_ChestCT/image/val25478.nii.gz,/data4/haoranlai/Dataset/RAD_ChestCT/RadchestCTseg/val25478/val25478.nii.gz
/data4/haoranlai/Dataset/RAD_ChestCT/image/val27151.nii.gz,/data4/haoranlai/Dataset/RAD_ChestCT/RadchestCTseg/val27151/val27151.nii.gz
/data4/haoranlai/Dataset/RAD_ChestCT/image/val26680.nii.gz,/data4/haoranlai/Dataset/RAD_ChestCT/RadchestCTseg/val26680/val26680.nii.gz
/data4/haoranlai/Dataset/RAD_ChestCT/image/val27097.nii.gz,/data4/haoranlai/Dataset/RAD_ChestCT/RadchestCTseg/val27097/val27097.nii.gz
/data4/haoranlai/Dataset/RAD_ChestCT/image/val27390.nii.gz,/data4/haoranlai/Dataset/RAD_ChestCT/RadchestCTseg/val27390/val27390.nii.gz
/data4/haoranlai/Dataset/RAD_ChestCT/image/val25535.nii.gz,/data4/haoranlai/Dataset/RAD_ChestCT/RadchestCTseg/val25535/val25535.nii.gz
/data4/haoranlai/Dataset/RAD_ChestCT/image/val26010.nii.gz,/data4/haoranlai/Dataset/RAD_ChestCT/RadchestCTseg/val26010/val26010.nii.gz
/data4/haoranlai/Dataset/RAD_ChestCT/image/val26809.nii.gz,/data4/haoranlai/Dataset/RAD_ChestCT/RadchestCTseg/val26809/val26809.nii.gz
/data4/haoranlai/Dataset/RAD_ChestCT/image/val25424.nii.gz,/data4/haoranlai/Dataset/RAD_ChestCT/RadchestCTseg/val25424/val25424.nii.gz
/data4/haoranlai/Dataset/RAD_ChestCT/image/val25861.nii.gz,/data4/haoranlai/Dataset/RAD_ChestCT/RadchestCTseg/val25861/val25861.nii.gz
/data4/haoranlai/Dataset/RAD_ChestCT/image/val27385.nii.gz,/data4/haoranlai/Dataset/RAD_ChestCT/RadchestCTseg/val27385/val27385.nii.gz
/data4/haoranlai/Dataset/RAD_ChestCT/image/val27363.nii.gz,/data4/haoranlai/Dataset/RAD_ChestCT/RadchestCTseg/val27363/val27363.nii.gz
/data4/haoranlai/Dataset/RAD_ChestCT/image/val27015.nii.gz,/data4/haoranlai/Dataset/RAD_ChestCT/RadchestCTseg/val27015/val27015.nii.gz
/data4/haoranlai/Dataset/RAD_ChestCT/image/val25497.nii.gz,/data4/haoranlai/Dataset/RAD_ChestCT/RadchestCTseg/val25497/val25497.nii.gz
/data4/haoranlai/Dataset/RAD_ChestCT/image/val26588.nii.gz,/data4/haoranlai/Dataset/RAD_ChestCT/RadchestCTseg/val26588/val26588.nii.gz
/data4/haoranlai/Dataset/RAD_ChestCT/image/val25667.nii.gz,/data4/haoranlai/Dataset/RAD_ChestCT/RadchestCTseg/val25667/val25667.nii.gz
/data4/haoranlai/Dataset/RAD_ChestCT/image/val27416.nii.gz,/data4/haoranlai/Dataset/RAD_ChestCT/RadchestCTseg/val27416/val27416.nii.gz
/data4/haoranlai/Dataset/RAD_ChestCT/image/val25928.nii.gz,/data4/haoranlai/Dataset/RAD_ChestCT/RadchestCTseg/val25928/val25928.nii.gz
/data4/haoranlai/Dataset/RAD_ChestCT/image/val26874.nii.gz,/data4/haoranlai/Dataset/RAD_ChestCT/RadchestCTseg/val26874/val26874.nii.gz
/data4/haoranlai/Dataset/RAD_ChestCT/image/val25740.nii.gz,/data4/haoranlai/Dataset/RAD_ChestCT/RadchestCTseg/val25740/val25740.nii.gz
/data4/haoranlai/Dataset/RAD_ChestCT/image/val25422.nii.gz,/data4/haoranlai/Dataset/RAD_ChestCT/RadchestCTseg/val25422/val25422.nii.gz
/data4/haoranlai/Dataset/RAD_ChestCT/image/val26439.nii.gz,/data4/haoranlai/Dataset/RAD_ChestCT/RadchestCTseg/val26439/val26439.nii.gz
/data4/haoranlai/Dataset/RAD_ChestCT/image/val26266.nii.gz,/data4/haoranlai/Dataset/RAD_ChestCT/RadchestCTseg/val26266/val26266.nii.gz
/data4/haoranlai/Dataset/RAD_ChestCT/image/val25756.nii.gz,/data4/haoranlai/Dataset/RAD_ChestCT/RadchestCTseg/val25756/val25756.nii.gz
/data4/haoranlai/Dataset/RAD_ChestCT/image/val26821.nii.gz,/data4/haoranlai/Dataset/RAD_ChestCT/RadchestCTseg/val26821/val26821.nii.gz
/data4/haoranlai/Dataset/RAD_ChestCT/image/val26754.nii.gz,/data4/haoranlai/Dataset/RAD_ChestCT/RadchestCTseg/val26754/val26754.nii.gz
/data4/haoranlai/Dataset/RAD_ChestCT/image/val26483.nii.gz,/data4/haoranlai/Dataset/RAD_ChestCT/RadchestCTseg/val26483/val26483.nii.gz
/data4/haoranlai/Dataset/RAD_ChestCT/image/val25607.nii.gz,/data4/haoranlai/Dataset/RAD_ChestCT/RadchestCTseg/val25607/val25607.nii.gz
/data4/haoranlai/Dataset/RAD_ChestCT/image/val26595.nii.gz,/data4/haoranlai/Dataset/RAD_ChestCT/RadchestCTseg/val26595/val26595.nii.gz
/data4/haoranlai/Dataset/RAD_ChestCT/image/val26473.nii.gz,/data4/haoranlai/Dataset/RAD_ChestCT/RadchestCTseg/val26473/val26473.nii.gz
/data4/haoranlai/Dataset/RAD_ChestCT/image/val25903.nii.gz,/data4/haoranlai/Dataset/RAD_ChestCT/RadchestCTseg/val25903/val25903.nii.gz
/data4/haoranlai/Dataset/RAD_ChestCT/image/val27403.nii.gz,/data4/haoranlai/Dataset/RAD_ChestCT/RadchestCTseg/val27403/val27403.nii.gz
/data4/haoranlai/Dataset/RAD_ChestCT/image/val26236.nii.gz,/data4/haoranlai/Dataset/RAD_ChestCT/RadchestCTseg/val26236/val26236.nii.gz
/data4/haoranlai/Dataset/RAD_ChestCT/image/val27107.nii.gz,/data4/haoranlai/Dataset/RAD_ChestCT/RadchestCTseg/val27107/val27107.nii.gz
/data4/haoranlai/Dataset/RAD_ChestCT/image/val26441.nii.gz,/data4/haoranlai/Dataset/RAD_ChestCT/RadchestCTseg/val26441/val26441.nii.gz
/data4/haoranlai/Dataset/RAD_ChestCT/image/val26383.nii.gz,/data4/haoranlai/Dataset/RAD_ChestCT/RadchestCTseg/val26383/val26383.nii.gz
/data4/haoranlai/Dataset/RAD_ChestCT/image/val26047.nii.gz,/data4/haoranlai/Dataset/RAD_ChestCT/RadchestCTseg/val26047/val26047.nii.gz
/data4/haoranlai/Dataset/RAD_ChestCT/image/val27317.nii.gz,/data4/haoranlai/Dataset/RAD_ChestCT/RadchestCTseg/val27317/val27317.nii.gz
/data4/haoranlai/Dataset/RAD_ChestCT/image/val26825.nii.gz,/data4/haoranlai/Dataset/RAD_ChestCT/RadchestCTseg/val26825/val26825.nii.gz
/data4/haoranlai/Dataset/RAD_ChestCT/image/val25617.nii.gz,/data4/haoranlai/Dataset/RAD_ChestCT/RadchestCTseg/val25617/val25617.nii.gz
/data4/haoranlai/Dataset/RAD_ChestCT/image/val26516.nii.gz,/data4/haoranlai/Dataset/RAD_ChestCT/RadchestCTseg/val26516/val26516.nii.gz
/data4/haoranlai/Dataset/RAD_ChestCT/image/val25409.nii.gz,/data4/haoranlai/Dataset/RAD_ChestCT/RadchestCTseg/val25409/val25409.nii.gz
/data4/haoranlai/Dataset/RAD_ChestCT/image/val25569.nii.gz,/data4/haoranlai/Dataset/RAD_ChestCT/RadchestCTseg/val25569/val25569.nii.gz
/data4/haoranlai/Dataset/RAD_ChestCT/image/val27065.nii.gz,/data4/haoranlai/Dataset/RAD_ChestCT/RadchestCTseg/val27065/val27065.nii.gz
/data4/haoranlai/Dataset/RAD_ChestCT/image/val26202.nii.gz,/data4/haoranlai/Dataset/RAD_ChestCT/RadchestCTseg/val26202/val26202.nii.gz
/data4/haoranlai/Dataset/RAD_ChestCT/image/val26940.nii.gz,/data4/haoranlai/Dataset/RAD_ChestCT/RadchestCTseg/val26940/val26940.nii.gz
/data4/haoranlai/Dataset/RAD_ChestCT/image/val27127.nii.gz,/data4/haoranlai/Dataset/RAD_ChestCT/RadchestCTseg/val27127/val27127.nii.gz
/data4/haoranlai/Dataset/RAD_ChestCT/image/val25388.nii.gz,/data4/haoranlai/Dataset/RAD_ChestCT/RadchestCTseg/val25388/val25388.nii.gz
/data4/haoranlai/Dataset/RAD_ChestCT/image/val27297.nii.gz,/data4/haoranlai/Dataset/RAD_ChestCT/RadchestCTseg/val27297/val27297.nii.gz
/data4/haoranlai/Dataset/RAD_ChestCT/image/val26775.nii.gz,/data4/haoranlai/Dataset/RAD_ChestCT/RadchestCTseg/val26775/val26775.nii.gz
/data4/haoranlai/Dataset/RAD_ChestCT/image/val27105.nii.gz,/data4/haoranlai/Dataset/RAD_ChestCT/RadchestCTseg/val27105/val27105.nii.gz
/data4/haoranlai/Dataset/RAD_ChestCT/image/val26021.nii.gz,/data4/haoranlai/Dataset/RAD_ChestCT/RadchestCTseg/val26021/val26021.nii.gz
/data4/haoranlai/Dataset/RAD_ChestCT/image/val25864.nii.gz,/data4/haoranlai/Dataset/RAD_ChestCT/RadchestCTseg/val25864/val25864.nii.gz
/data4/haoranlai/Dataset/RAD_ChestCT/image/val26238.nii.gz,/data4/haoranlai/Dataset/RAD_ChestCT/RadchestCTseg/val26238/val26238.nii.gz
/data4/haoranlai/Dataset/RAD_ChestCT/image/val27267.nii.gz,/data4/haoranlai/Dataset/RAD_ChestCT/RadchestCTseg/val27267/val27267.nii.gz
/data4/haoranlai/Dataset/RAD_ChestCT/image/val27145.nii.gz,/data4/haoranlai/Dataset/RAD_ChestCT/RadchestCTseg/val27145/val27145.nii.gz
/data4/haoranlai/Dataset/RAD_ChestCT/image/val26300.nii.gz,/data4/haoranlai/Dataset/RAD_ChestCT/RadchestCTseg/val26300/val26300.nii.gz
/data4/haoranlai/Dataset/RAD_ChestCT/image/val27213.nii.gz,/data4/haoranlai/Dataset/RAD_ChestCT/RadchestCTseg/val27213/val27213.nii.gz
/data4/haoranlai/Dataset/RAD_ChestCT/image/val27365.nii.gz,/data4/haoranlai/Dataset/RAD_ChestCT/RadchestCTseg/val27365/val27365.nii.gz
/data4/haoranlai/Dataset/RAD_ChestCT/image/val26923.nii.gz,/data4/haoranlai/Dataset/RAD_ChestCT/RadchestCTseg/val26923/val26923.nii.gz
/data4/haoranlai/Dataset/RAD_ChestCT/image/val26432.nii.gz,/data4/haoranlai/Dataset/RAD_ChestCT/RadchestCTseg/val26432/val26432.nii.gz
/data4/haoranlai/Dataset/RAD_ChestCT/image/val26968.nii.gz,/data4/haoranlai/Dataset/RAD_ChestCT/RadchestCTseg/val26968/val26968.nii.gz
/data4/haoranlai/Dataset/RAD_ChestCT/image/val26234.nii.gz,/data4/haoranlai/Dataset/RAD_ChestCT/RadchestCTseg/val26234/val26234.nii.gz
/data4/haoranlai/Dataset/RAD_ChestCT/image/val25841.nii.gz,/data4/haoranlai/Dataset/RAD_ChestCT/RadchestCTseg/val25841/val25841.nii.gz
/data4/haoranlai/Dataset/RAD_ChestCT/image/val26318.nii.gz,/data4/haoranlai/Dataset/RAD_ChestCT/RadchestCTseg/val26318/val26318.nii.gz
/data4/haoranlai/Dataset/RAD_ChestCT/image/val25628.nii.gz,/data4/haoranlai/Dataset/RAD_ChestCT/RadchestCTseg/val25628/val25628.nii.gz
/data4/haoranlai/Dataset/RAD_ChestCT/image/val27307.nii.gz,/data4/haoranlai/Dataset/RAD_ChestCT/RadchestCTseg/val27307/val27307.nii.gz
/data4/haoranlai/Dataset/RAD_ChestCT/image/val26422.nii.gz,/data4/haoranlai/Dataset/RAD_ChestCT/RadchestCTseg/val26422/val26422.nii.gz
/data4/haoranlai/Dataset/RAD_ChestCT/image/val27047.nii.gz,/data4/haoranlai/Dataset/RAD_ChestCT/RadchestCTseg/val27047/val27047.nii.gz
/data4/haoranlai/Dataset/RAD_ChestCT/image/val26729.nii.gz,/data4/haoranlai/Dataset/RAD_ChestCT/RadchestCTseg/val26729/val26729.nii.gz
/data4/haoranlai/Dataset/RAD_ChestCT/image/val25362.nii.gz,/data4/haoranlai/Dataset/RAD_ChestCT/RadchestCTseg/val25362/val25362.nii.gz
/data4/haoranlai/Dataset/RAD_ChestCT/image/val26585.nii.gz,/data4/haoranlai/Dataset/RAD_ChestCT/RadchestCTseg/val26585/val26585.nii.gz
/data4/haoranlai/Dataset/RAD_ChestCT/image/val25696.nii.gz,/data4/haoranlai/Dataset/RAD_ChestCT/RadchestCTseg/val25696/val25696.nii.gz
/data4/haoranlai/Dataset/RAD_ChestCT/image/val26412.nii.gz,/data4/haoranlai/Dataset/RAD_ChestCT/RadchestCTseg/val26412/val26412.nii.gz
/data4/haoranlai/Dataset/RAD_ChestCT/image/val27197.nii.gz,/data4/haoranlai/Dataset/RAD_ChestCT/RadchestCTseg/val27197/val27197.nii.gz
/data4/haoranlai/Dataset/RAD_ChestCT/image/val26486.nii.gz,/data4/haoranlai/Dataset/RAD_ChestCT/RadchestCTseg/val26486/val26486.nii.gz
/data4/haoranlai/Dataset/RAD_ChestCT/image/val26807.nii.gz,/data4/haoranlai/Dataset/RAD_ChestCT/RadchestCTseg/val26807/val26807.nii.gz
/data4/haoranlai/Dataset/RAD_ChestCT/image/val27037.nii.gz,/data4/haoranlai/Dataset/RAD_ChestCT/RadchestCTseg/val27037/val27037.nii.gz
/data4/haoranlai/Dataset/RAD_ChestCT/image/val26919.nii.gz,/data4/haoranlai/Dataset/RAD_ChestCT/RadchestCTseg/val26919/val26919.nii.gz
/data4/haoranlai/Dataset/RAD_ChestCT/image/val25546.nii.gz,/data4/haoranlai/Dataset/RAD_ChestCT/RadchestCTseg/val25546/val25546.nii.gz
/data4/haoranlai/Dataset/RAD_ChestCT/image/val27393.nii.gz,/data4/haoranlai/Dataset/RAD_ChestCT/RadchestCTseg/val27393/val27393.nii.gz
/data4/haoranlai/Dataset/RAD_ChestCT/image/val25742.nii.gz,/data4/haoranlai/Dataset/RAD_ChestCT/RadchestCTseg/val25742/val25742.nii.gz
/data4/haoranlai/Dataset/RAD_ChestCT/image/val27123.nii.gz,/data4/haoranlai/Dataset/RAD_ChestCT/RadchestCTseg/val27123/val27123.nii.gz
/data4/haoranlai/Dataset/RAD_ChestCT/image/val25648.nii.gz,/data4/haoranlai/Dataset/RAD_ChestCT/RadchestCTseg/val25648/val25648.nii.gz
/data4/haoranlai/Dataset/RAD_ChestCT/image/val25619.nii.gz,/data4/haoranlai/Dataset/RAD_ChestCT/RadchestCTseg/val25619/val25619.nii.gz
/data4/haoranlai/Dataset/RAD_ChestCT/image/val27130.nii.gz,/data4/haoranlai/Dataset/RAD_ChestCT/RadchestCTseg/val27130/val27130.nii.gz
/data4/haoranlai/Dataset/RAD_ChestCT/image/val25906.nii.gz,/data4/haoranlai/Dataset/RAD_ChestCT/RadchestCTseg/val25906/val25906.nii.gz
/data4/haoranlai/Dataset/RAD_ChestCT/image/val27092.nii.gz,/data4/haoranlai/Dataset/RAD_ChestCT/RadchestCTseg/val27092/val27092.nii.gz
/data4/haoranlai/Dataset/RAD_ChestCT/image/val26322.nii.gz,/data4/haoranlai/Dataset/RAD_ChestCT/RadchestCTseg/val26322/val26322.nii.gz
/data4/haoranlai/Dataset/RAD_ChestCT/image/val26112.nii.gz,/data4/haoranlai/Dataset/RAD_ChestCT/RadchestCTseg/val26112/val26112.nii.gz
/data4/haoranlai/Dataset/RAD_ChestCT/image/val26203.nii.gz,/data4/haoranlai/Dataset/RAD_ChestCT/RadchestCTseg/val26203/val26203.nii.gz
/data4/haoranlai/Dataset/RAD_ChestCT/image/val26215.nii.gz,/data4/haoranlai/Dataset/RAD_ChestCT/RadchestCTseg/val26215/val26215.nii.gz
/data4/haoranlai/Dataset/RAD_ChestCT/image/val25361.nii.gz,/data4/haoranlai/Dataset/RAD_ChestCT/RadchestCTseg/val25361/val25361.nii.gz
/data4/haoranlai/Dataset/RAD_ChestCT/image/val26186.nii.gz,/data4/haoranlai/Dataset/RAD_ChestCT/RadchestCTseg/val26186/val26186.nii.gz
/data4/haoranlai/Dataset/RAD_ChestCT/image/val27120.nii.gz,/data4/haoranlai/Dataset/RAD_ChestCT/RadchestCTseg/val27120/val27120.nii.gz
/data4/haoranlai/Dataset/RAD_ChestCT/image/val25391.nii.gz,/data4/haoranlai/Dataset/RAD_ChestCT/RadchestCTseg/val25391/val25391.nii.gz
/data4/haoranlai/Dataset/RAD_ChestCT/image/val26672.nii.gz,/data4/haoranlai/Dataset/RAD_ChestCT/RadchestCTseg/val26672/val26672.nii.gz
/data4/haoranlai/Dataset/RAD_ChestCT/image/val27027.nii.gz,/data4/haoranlai/Dataset/RAD_ChestCT/RadchestCTseg/val27027/val27027.nii.gz
/data4/haoranlai/Dataset/RAD_ChestCT/image/val25939.nii.gz,/data4/haoranlai/Dataset/RAD_ChestCT/RadchestCTseg/val25939/val25939.nii.gz
/data4/haoranlai/Dataset/RAD_ChestCT/image/val26193.nii.gz,/data4/haoranlai/Dataset/RAD_ChestCT/RadchestCTseg/val26193/val26193.nii.gz
/data4/haoranlai/Dataset/RAD_ChestCT/image/val26683.nii.gz,/data4/haoranlai/Dataset/RAD_ChestCT/RadchestCTseg/val26683/val26683.nii.gz
/data4/haoranlai/Dataset/RAD_ChestCT/image/val25634.nii.gz,/data4/haoranlai/Dataset/RAD_ChestCT/RadchestCTseg/val25634/val25634.nii.gz
/data4/haoranlai/Dataset/RAD_ChestCT/image/val26885.nii.gz,/data4/haoranlai/Dataset/RAD_ChestCT/RadchestCTseg/val26885/val26885.nii.gz
/data4/haoranlai/Dataset/RAD_ChestCT/image/val26579.nii.gz,/data4/haoranlai/Dataset/RAD_ChestCT/RadchestCTseg/val26579/val26579.nii.gz
/data4/haoranlai/Dataset/RAD_ChestCT/image/val26841.nii.gz,/data4/haoranlai/Dataset/RAD_ChestCT/RadchestCTseg/val26841/val26841.nii.gz
/data4/haoranlai/Dataset/RAD_ChestCT/image/val26621.nii.gz,/data4/haoranlai/Dataset/RAD_ChestCT/RadchestCTseg/val26621/val26621.nii.gz
/data4/haoranlai/Dataset/RAD_ChestCT/image/val26492.nii.gz,/data4/haoranlai/Dataset/RAD_ChestCT/RadchestCTseg/val26492/val26492.nii.gz
/data4/haoranlai/Dataset/RAD_ChestCT/image/val26462.nii.gz,/data4/haoranlai/Dataset/RAD_ChestCT/RadchestCTseg/val26462/val26462.nii.gz
/data4/haoranlai/Dataset/RAD_ChestCT/image/val26989.nii.gz,/data4/haoranlai/Dataset/RAD_ChestCT/RadchestCTseg/val26989/val26989.nii.gz
/data4/haoranlai/Dataset/RAD_ChestCT/image/val26750.nii.gz,/data4/haoranlai/Dataset/RAD_ChestCT/RadchestCTseg/val26750/val26750.nii.gz
/data4/haoranlai/Dataset/RAD_ChestCT/image/val25565.nii.gz,/data4/haoranlai/Dataset/RAD_ChestCT/RadchestCTseg/val25565/val25565.nii.gz
/data4/haoranlai/Dataset/RAD_ChestCT/image/val26859.nii.gz,/data4/haoranlai/Dataset/RAD_ChestCT/RadchestCTseg/val26859/val26859.nii.gz
/data4/haoranlai/Dataset/RAD_ChestCT/image/val25815.nii.gz,/data4/haoranlai/Dataset/RAD_ChestCT/RadchestCTseg/val25815/val25815.nii.gz
/data4/haoranlai/Dataset/RAD_ChestCT/image/val26582.nii.gz,/data4/haoranlai/Dataset/RAD_ChestCT/RadchestCTseg/val26582/val26582.nii.gz
/data4/haoranlai/Dataset/RAD_ChestCT/image/val25690.nii.gz,/data4/haoranlai/Dataset/RAD_ChestCT/RadchestCTseg/val25690/val25690.nii.gz
/data4/haoranlai/Dataset/RAD_ChestCT/image/val25749.nii.gz,/data4/haoranlai/Dataset/RAD_ChestCT/RadchestCTseg/val25749/val25749.nii.gz
/data4/haoranlai/Dataset/RAD_ChestCT/image/val27283.nii.gz,/data4/haoranlai/Dataset/RAD_ChestCT/RadchestCTseg/val27283/val27283.nii.gz
/data4/haoranlai/Dataset/RAD_ChestCT/image/val25629.nii.gz,/data4/haoranlai/Dataset/RAD_ChestCT/RadchestCTseg/val25629/val25629.nii.gz
/data4/haoranlai/Dataset/RAD_ChestCT/image/val26090.nii.gz,/data4/haoranlai/Dataset/RAD_ChestCT/RadchestCTseg/val26090/val26090.nii.gz
/data4/haoranlai/Dataset/RAD_ChestCT/image/val26311.nii.gz,/data4/haoranlai/Dataset/RAD_ChestCT/RadchestCTseg/val26311/val26311.nii.gz
/data4/haoranlai/Dataset/RAD_ChestCT/image/val25460.nii.gz,/data4/haoranlai/Dataset/RAD_ChestCT/RadchestCTseg/val25460/val25460.nii.gz
/data4/haoranlai/Dataset/RAD_ChestCT/image/val25599.nii.gz,/data4/haoranlai/Dataset/RAD_ChestCT/RadchestCTseg/val25599/val25599.nii.gz
/data4/haoranlai/Dataset/RAD_ChestCT/image/val26730.nii.gz,/data4/haoranlai/Dataset/RAD_ChestCT/RadchestCTseg/val26730/val26730.nii.gz
/data4/haoranlai/Dataset/RAD_ChestCT/image/val25382.nii.gz,/data4/haoranlai/Dataset/RAD_ChestCT/RadchestCTseg/val25382/val25382.nii.gz
/data4/haoranlai/Dataset/RAD_ChestCT/image/val26079.nii.gz,/data4/haoranlai/Dataset/RAD_ChestCT/RadchestCTseg/val26079/val26079.nii.gz
/data4/haoranlai/Dataset/RAD_ChestCT/image/val26373.nii.gz,/data4/haoranlai/Dataset/RAD_ChestCT/RadchestCTseg/val26373/val26373.nii.gz
/data4/haoranlai/Dataset/RAD_ChestCT/image/val25515.nii.gz,/data4/haoranlai/Dataset/RAD_ChestCT/RadchestCTseg/val25515/val25515.nii.gz
/data4/haoranlai/Dataset/RAD_ChestCT/image/val25926.nii.gz,/data4/haoranlai/Dataset/RAD_ChestCT/RadchestCTseg/val25926/val25926.nii.gz
/data4/haoranlai/Dataset/RAD_ChestCT/image/val26261.nii.gz,/data4/haoranlai/Dataset/RAD_ChestCT/RadchestCTseg/val26261/val26261.nii.gz
/data4/haoranlai/Dataset/RAD_ChestCT/image/val27051.nii.gz,/data4/haoranlai/Dataset/RAD_ChestCT/RadchestCTseg/val27051/val27051.nii.gz
/data4/haoranlai/Dataset/RAD_ChestCT/image/val26260.nii.gz,/data4/haoranlai/Dataset/RAD_ChestCT/RadchestCTseg/val26260/val26260.nii.gz
/data4/haoranlai/Dataset/RAD_ChestCT/image/val26411.nii.gz,/data4/haoranlai/Dataset/RAD_ChestCT/RadchestCTseg/val26411/val26411.nii.gz
/data4/haoranlai/Dataset/RAD_ChestCT/image/val26658.nii.gz,/data4/haoranlai/Dataset/RAD_ChestCT/RadchestCTseg/val26658/val26658.nii.gz
/data4/haoranlai/Dataset/RAD_ChestCT/image/val25941.nii.gz,/data4/haoranlai/Dataset/RAD_ChestCT/RadchestCTseg/val25941/val25941.nii.gz
/data4/haoranlai/Dataset/RAD_ChestCT/image/val26655.nii.gz,/data4/haoranlai/Dataset/RAD_ChestCT/RadchestCTseg/val26655/val26655.nii.gz
/data4/haoranlai/Dataset/RAD_ChestCT/image/val27347.nii.gz,/data4/haoranlai/Dataset/RAD_ChestCT/RadchestCTseg/val27347/val27347.nii.gz
/data4/haoranlai/Dataset/RAD_ChestCT/image/val26950.nii.gz,/data4/haoranlai/Dataset/RAD_ChestCT/RadchestCTseg/val26950/val26950.nii.gz
/data4/haoranlai/Dataset/RAD_ChestCT/image/val27412.nii.gz,/data4/haoranlai/Dataset/RAD_ChestCT/RadchestCTseg/val27412/val27412.nii.gz
/data4/haoranlai/Dataset/RAD_ChestCT/image/val27219.nii.gz,/data4/haoranlai/Dataset/RAD_ChestCT/RadchestCTseg/val27219/val27219.nii.gz
/data4/haoranlai/Dataset/RAD_ChestCT/image/val27404.nii.gz,/data4/haoranlai/Dataset/RAD_ChestCT/RadchestCTseg/val27404/val27404.nii.gz
/data4/haoranlai/Dataset/RAD_ChestCT/image/val27230.nii.gz,/data4/haoranlai/Dataset/RAD_ChestCT/RadchestCTseg/val27230/val27230.nii.gz
/data4/haoranlai/Dataset/RAD_ChestCT/image/val25849.nii.gz,/data4/haoranlai/Dataset/RAD_ChestCT/RadchestCTseg/val25849/val25849.nii.gz
/data4/haoranlai/Dataset/RAD_ChestCT/image/val27141.nii.gz,/data4/haoranlai/Dataset/RAD_ChestCT/RadchestCTseg/val27141/val27141.nii.gz
/data4/haoranlai/Dataset/RAD_ChestCT/image/val27326.nii.gz,/data4/haoranlai/Dataset/RAD_ChestCT/RadchestCTseg/val27326/val27326.nii.gz
/data4/haoranlai/Dataset/RAD_ChestCT/image/val27049.nii.gz,/data4/haoranlai/Dataset/RAD_ChestCT/RadchestCTseg/val27049/val27049.nii.gz
/data4/haoranlai/Dataset/RAD_ChestCT/image/val25581.nii.gz,/data4/haoranlai/Dataset/RAD_ChestCT/RadchestCTseg/val25581/val25581.nii.gz
/data4/haoranlai/Dataset/RAD_ChestCT/image/val25732.nii.gz,/data4/haoranlai/Dataset/RAD_ChestCT/RadchestCTseg/val25732/val25732.nii.gz
/data4/haoranlai/Dataset/RAD_ChestCT/image/val26872.nii.gz,/data4/haoranlai/Dataset/RAD_ChestCT/RadchestCTseg/val26872/val26872.nii.gz
/data4/haoranlai/Dataset/RAD_ChestCT/image/val27415.nii.gz,/data4/haoranlai/Dataset/RAD_ChestCT/RadchestCTseg/val27415/val27415.nii.gz
/data4/haoranlai/Dataset/RAD_ChestCT/image/val25543.nii.gz,/data4/haoranlai/Dataset/RAD_ChestCT/RadchestCTseg/val25543/val25543.nii.gz
/data4/haoranlai/Dataset/RAD_ChestCT/image/val27376.nii.gz,/data4/haoranlai/Dataset/RAD_ChestCT/RadchestCTseg/val27376/val27376.nii.gz
/data4/haoranlai/Dataset/RAD_ChestCT/image/val25496.nii.gz,/data4/haoranlai/Dataset/RAD_ChestCT/RadchestCTseg/val25496/val25496.nii.gz
/data4/haoranlai/Dataset/RAD_ChestCT/image/val26598.nii.gz,/data4/haoranlai/Dataset/RAD_ChestCT/RadchestCTseg/val26598/val26598.nii.gz
/data4/haoranlai/Dataset/RAD_ChestCT/image/val26028.nii.gz,/data4/haoranlai/Dataset/RAD_ChestCT/RadchestCTseg/val26028/val26028.nii.gz
/data4/haoranlai/Dataset/RAD_ChestCT/image/val25875.nii.gz,/data4/haoranlai/Dataset/RAD_ChestCT/RadchestCTseg/val25875/val25875.nii.gz
/data4/haoranlai/Dataset/RAD_ChestCT/image/val27257.nii.gz,/data4/haoranlai/Dataset/RAD_ChestCT/RadchestCTseg/val27257/val27257.nii.gz
/data4/haoranlai/Dataset/RAD_ChestCT/image/val25462.nii.gz,/data4/haoranlai/Dataset/RAD_ChestCT/RadchestCTseg/val25462/val25462.nii.gz
/data4/haoranlai/Dataset/RAD_ChestCT/image/val25873.nii.gz,/data4/haoranlai/Dataset/RAD_ChestCT/RadchestCTseg/val25873/val25873.nii.gz
/data4/haoranlai/Dataset/RAD_ChestCT/image/val25633.nii.gz,/data4/haoranlai/Dataset/RAD_ChestCT/RadchestCTseg/val25633/val25633.nii.gz
/data4/haoranlai/Dataset/RAD_ChestCT/image/val26377.nii.gz,/data4/haoranlai/Dataset/RAD_ChestCT/RadchestCTseg/val26377/val26377.nii.gz
/data4/haoranlai/Dataset/RAD_ChestCT/image/val26037.nii.gz,/data4/haoranlai/Dataset/RAD_ChestCT/RadchestCTseg/val26037/val26037.nii.gz
/data4/haoranlai/Dataset/RAD_ChestCT/image/val26619.nii.gz,/data4/haoranlai/Dataset/RAD_ChestCT/RadchestCTseg/val26619/val26619.nii.gz
/data4/haoranlai/Dataset/RAD_ChestCT/image/val27152.nii.gz,/data4/haoranlai/Dataset/RAD_ChestCT/RadchestCTseg/val27152/val27152.nii.gz
/data4/haoranlai/Dataset/RAD_ChestCT/image/val27072.nii.gz,/data4/haoranlai/Dataset/RAD_ChestCT/RadchestCTseg/val27072/val27072.nii.gz
/data4/haoranlai/Dataset/RAD_ChestCT/image/val25774.nii.gz,/data4/haoranlai/Dataset/RAD_ChestCT/RadchestCTseg/val25774/val25774.nii.gz
/data4/haoranlai/Dataset/RAD_ChestCT/image/val27322.nii.gz,/data4/haoranlai/Dataset/RAD_ChestCT/RadchestCTseg/val27322/val27322.nii.gz
/data4/haoranlai/Dataset/RAD_ChestCT/image/val26805.nii.gz,/data4/haoranlai/Dataset/RAD_ChestCT/RadchestCTseg/val26805/val26805.nii.gz
/data4/haoranlai/Dataset/RAD_ChestCT/image/val26603.nii.gz,/data4/haoranlai/Dataset/RAD_ChestCT/RadchestCTseg/val26603/val26603.nii.gz
/data4/haoranlai/Dataset/RAD_ChestCT/image/val26001.nii.gz,/data4/haoranlai/Dataset/RAD_ChestCT/RadchestCTseg/val26001/val26001.nii.gz
/data4/haoranlai/Dataset/RAD_ChestCT/image/val27149.nii.gz,/data4/haoranlai/Dataset/RAD_ChestCT/RadchestCTseg/val27149/val27149.nii.gz
/data4/haoranlai/Dataset/RAD_ChestCT/image/val26139.nii.gz,/data4/haoranlai/Dataset/RAD_ChestCT/RadchestCTseg/val26139/val26139.nii.gz
/data4/haoranlai/Dataset/RAD_ChestCT/image/val25745.nii.gz,/data4/haoranlai/Dataset/RAD_ChestCT/RadchestCTseg/val25745/val25745.nii.gz
/data4/haoranlai/Dataset/RAD_ChestCT/image/val25375.nii.gz,/data4/haoranlai/Dataset/RAD_ChestCT/RadchestCTseg/val25375/val25375.nii.gz
/data4/haoranlai/Dataset/RAD_ChestCT/image/val27035.nii.gz,/data4/haoranlai/Dataset/RAD_ChestCT/RadchestCTseg/val27035/val27035.nii.gz
/data4/haoranlai/Dataset/RAD_ChestCT/image/val25435.nii.gz,/data4/haoranlai/Dataset/RAD_ChestCT/RadchestCTseg/val25435/val25435.nii.gz
/data4/haoranlai/Dataset/RAD_ChestCT/image/val27355.nii.gz,/data4/haoranlai/Dataset/RAD_ChestCT/RadchestCTseg/val27355/val27355.nii.gz
/data4/haoranlai/Dataset/RAD_ChestCT/image/val25828.nii.gz,/data4/haoranlai/Dataset/RAD_ChestCT/RadchestCTseg/val25828/val25828.nii.gz
/data4/haoranlai/Dataset/RAD_ChestCT/image/val27030.nii.gz,/data4/haoranlai/Dataset/RAD_ChestCT/RadchestCTseg/val27030/val27030.nii.gz
/data4/haoranlai/Dataset/RAD_ChestCT/image/val26833.nii.gz,/data4/haoranlai/Dataset/RAD_ChestCT/RadchestCTseg/val26833/val26833.nii.gz
/data4/haoranlai/Dataset/RAD_ChestCT/image/val26253.nii.gz,/data4/haoranlai/Dataset/RAD_ChestCT/RadchestCTseg/val26253/val26253.nii.gz
/data4/haoranlai/Dataset/RAD_ChestCT/image/val25854.nii.gz,/data4/haoranlai/Dataset/RAD_ChestCT/RadchestCTseg/val25854/val25854.nii.gz
/data4/haoranlai/Dataset/RAD_ChestCT/image/val27263.nii.gz,/data4/haoranlai/Dataset/RAD_ChestCT/RadchestCTseg/val27263/val27263.nii.gz
/data4/haoranlai/Dataset/RAD_ChestCT/image/val26682.nii.gz,/data4/haoranlai/Dataset/RAD_ChestCT/RadchestCTseg/val26682/val26682.nii.gz
/data4/haoranlai/Dataset/RAD_ChestCT/image/val25775.nii.gz,/data4/haoranlai/Dataset/RAD_ChestCT/RadchestCTseg/val25775/val25775.nii.gz
/data4/haoranlai/Dataset/RAD_ChestCT/image/val25915.nii.gz,/data4/haoranlai/Dataset/RAD_ChestCT/RadchestCTseg/val25915/val25915.nii.gz
/data4/haoranlai/Dataset/RAD_ChestCT/image/val26390.nii.gz,/data4/haoranlai/Dataset/RAD_ChestCT/RadchestCTseg/val26390/val26390.nii.gz
/data4/haoranlai/Dataset/RAD_ChestCT/image/val27346.nii.gz,/data4/haoranlai/Dataset/RAD_ChestCT/RadchestCTseg/val27346/val27346.nii.gz
/data4/haoranlai/Dataset/RAD_ChestCT/image/val26927.nii.gz,/data4/haoranlai/Dataset/RAD_ChestCT/RadchestCTseg/val26927/val26927.nii.gz
/data4/haoranlai/Dataset/RAD_ChestCT/image/val25503.nii.gz,/data4/haoranlai/Dataset/RAD_ChestCT/RadchestCTseg/val25503/val25503.nii.gz
/data4/haoranlai/Dataset/RAD_ChestCT/image/val26992.nii.gz,/data4/haoranlai/Dataset/RAD_ChestCT/RadchestCTseg/val26992/val26992.nii.gz
/data4/haoranlai/Dataset/RAD_ChestCT/image/val27089.nii.gz,/data4/haoranlai/Dataset/RAD_ChestCT/RadchestCTseg/val27089/val27089.nii.gz
/data4/haoranlai/Dataset/RAD_ChestCT/image/val27373.nii.gz,/data4/haoranlai/Dataset/RAD_ChestCT/RadchestCTseg/val27373/val27373.nii.gz
/data4/haoranlai/Dataset/RAD_ChestCT/image/val26799.nii.gz,/data4/haoranlai/Dataset/RAD_ChestCT/RadchestCTseg/val26799/val26799.nii.gz
/data4/haoranlai/Dataset/RAD_ChestCT/image/val26106.nii.gz,/data4/haoranlai/Dataset/RAD_ChestCT/RadchestCTseg/val26106/val26106.nii.gz
/data4/haoranlai/Dataset/RAD_ChestCT/image/val26064.nii.gz,/data4/haoranlai/Dataset/RAD_ChestCT/RadchestCTseg/val26064/val26064.nii.gz
/data4/haoranlai/Dataset/RAD_ChestCT/image/val26956.nii.gz,/data4/haoranlai/Dataset/RAD_ChestCT/RadchestCTseg/val26956/val26956.nii.gz
/data4/haoranlai/Dataset/RAD_ChestCT/image/val26863.nii.gz,/data4/haoranlai/Dataset/RAD_ChestCT/RadchestCTseg/val26863/val26863.nii.gz
/data4/haoranlai/Dataset/RAD_ChestCT/image/val26020.nii.gz,/data4/haoranlai/Dataset/RAD_ChestCT/RadchestCTseg/val26020/val26020.nii.gz
/data4/haoranlai/Dataset/RAD_ChestCT/image/val26526.nii.gz,/data4/haoranlai/Dataset/RAD_ChestCT/RadchestCTseg/val26526/val26526.nii.gz
/data4/haoranlai/Dataset/RAD_ChestCT/image/val26784.nii.gz,/data4/haoranlai/Dataset/RAD_ChestCT/RadchestCTseg/val26784/val26784.nii.gz
/data4/haoranlai/Dataset/RAD_ChestCT/image/val26448.nii.gz,/data4/haoranlai/Dataset/RAD_ChestCT/RadchestCTseg/val26448/val26448.nii.gz
/data4/haoranlai/Dataset/RAD_ChestCT/image/val26690.nii.gz,/data4/haoranlai/Dataset/RAD_ChestCT/RadchestCTseg/val26690/val26690.nii.gz
/data4/haoranlai/Dataset/RAD_ChestCT/image/val26978.nii.gz,/data4/haoranlai/Dataset/RAD_ChestCT/RadchestCTseg/val26978/val26978.nii.gz
/data4/haoranlai/Dataset/RAD_ChestCT/image/val26882.nii.gz,/data4/haoranlai/Dataset/RAD_ChestCT/RadchestCTseg/val26882/val26882.nii.gz
/data4/haoranlai/Dataset/RAD_ChestCT/image/val25695.nii.gz,/data4/haoranlai/Dataset/RAD_ChestCT/RadchestCTseg/val25695/val25695.nii.gz
/data4/haoranlai/Dataset/RAD_ChestCT/image/val27359.nii.gz,/data4/haoranlai/Dataset/RAD_ChestCT/RadchestCTseg/val27359/val27359.nii.gz
/data4/haoranlai/Dataset/RAD_ChestCT/image/val25994.nii.gz,/data4/haoranlai/Dataset/RAD_ChestCT/RadchestCTseg/val25994/val25994.nii.gz
/data4/haoranlai/Dataset/RAD_ChestCT/image/val25501.nii.gz,/data4/haoranlai/Dataset/RAD_ChestCT/RadchestCTseg/val25501/val25501.nii.gz
/data4/haoranlai/Dataset/RAD_ChestCT/image/val27216.nii.gz,/data4/haoranlai/Dataset/RAD_ChestCT/RadchestCTseg/val27216/val27216.nii.gz
/data4/haoranlai/Dataset/RAD_ChestCT/image/val27298.nii.gz,/data4/haoranlai/Dataset/RAD_ChestCT/RadchestCTseg/val27298/val27298.nii.gz
/data4/haoranlai/Dataset/RAD_ChestCT/image/val25428.nii.gz,/data4/haoranlai/Dataset/RAD_ChestCT/RadchestCTseg/val25428/val25428.nii.gz
/data4/haoranlai/Dataset/RAD_ChestCT/image/val25975.nii.gz,/data4/haoranlai/Dataset/RAD_ChestCT/RadchestCTseg/val25975/val25975.nii.gz
/data4/haoranlai/Dataset/RAD_ChestCT/image/val26707.nii.gz,/data4/haoranlai/Dataset/RAD_ChestCT/RadchestCTseg/val26707/val26707.nii.gz
/data4/haoranlai/Dataset/RAD_ChestCT/image/val25492.nii.gz,/data4/haoranlai/Dataset/RAD_ChestCT/RadchestCTseg/val25492/val25492.nii.gz
/data4/haoranlai/Dataset/RAD_ChestCT/image/val27168.nii.gz,/data4/haoranlai/Dataset/RAD_ChestCT/RadchestCTseg/val27168/val27168.nii.gz
/data4/haoranlai/Dataset/RAD_ChestCT/image/val26635.nii.gz,/data4/haoranlai/Dataset/RAD_ChestCT/RadchestCTseg/val26635/val26635.nii.gz
/data4/haoranlai/Dataset/RAD_ChestCT/image/val26140.nii.gz,/data4/haoranlai/Dataset/RAD_ChestCT/RadchestCTseg/val26140/val26140.nii.gz
/data4/haoranlai/Dataset/RAD_ChestCT/image/val26650.nii.gz,/data4/haoranlai/Dataset/RAD_ChestCT/RadchestCTseg/val26650/val26650.nii.gz
/data4/haoranlai/Dataset/RAD_ChestCT/image/val25946.nii.gz,/data4/haoranlai/Dataset/RAD_ChestCT/RadchestCTseg/val25946/val25946.nii.gz
/data4/haoranlai/Dataset/RAD_ChestCT/image/val25693.nii.gz,/data4/haoranlai/Dataset/RAD_ChestCT/RadchestCTseg/val25693/val25693.nii.gz
/data4/haoranlai/Dataset/RAD_ChestCT/image/val26544.nii.gz,/data4/haoranlai/Dataset/RAD_ChestCT/RadchestCTseg/val26544/val26544.nii.gz
/data4/haoranlai/Dataset/RAD_ChestCT/image/val25479.nii.gz,/data4/haoranlai/Dataset/RAD_ChestCT/RadchestCTseg/val25479/val25479.nii.gz
/data4/haoranlai/Dataset/RAD_ChestCT/image/val25934.nii.gz,/data4/haoranlai/Dataset/RAD_ChestCT/RadchestCTseg/val25934/val25934.nii.gz
/data4/haoranlai/Dataset/RAD_ChestCT/image/val27228.nii.gz,/data4/haoranlai/Dataset/RAD_ChestCT/RadchestCTseg/val27228/val27228.nii.gz
/data4/haoranlai/Dataset/RAD_ChestCT/image/val26471.nii.gz,/data4/haoranlai/Dataset/RAD_ChestCT/RadchestCTseg/val26471/val26471.nii.gz
/data4/haoranlai/Dataset/RAD_ChestCT/image/val26191.nii.gz,/data4/haoranlai/Dataset/RAD_ChestCT/RadchestCTseg/val26191/val26191.nii.gz
/data4/haoranlai/Dataset/RAD_ChestCT/image/val25838.nii.gz,/data4/haoranlai/Dataset/RAD_ChestCT/RadchestCTseg/val25838/val25838.nii.gz
/data4/haoranlai/Dataset/RAD_ChestCT/image/val26003.nii.gz,/data4/haoranlai/Dataset/RAD_ChestCT/RadchestCTseg/val26003/val26003.nii.gz
/data4/haoranlai/Dataset/RAD_ChestCT/image/val26829.nii.gz,/data4/haoranlai/Dataset/RAD_ChestCT/RadchestCTseg/val26829/val26829.nii.gz
/data4/haoranlai/Dataset/RAD_ChestCT/image/val25852.nii.gz,/data4/haoranlai/Dataset/RAD_ChestCT/RadchestCTseg/val25852/val25852.nii.gz
/data4/haoranlai/Dataset/RAD_ChestCT/image/val27382.nii.gz,/data4/haoranlai/Dataset/RAD_ChestCT/RadchestCTseg/val27382/val27382.nii.gz
/data4/haoranlai/Dataset/RAD_ChestCT/image/val26076.nii.gz,/data4/haoranlai/Dataset/RAD_ChestCT/RadchestCTseg/val26076/val26076.nii.gz
/data4/haoranlai/Dataset/RAD_ChestCT/image/val26532.nii.gz,/data4/haoranlai/Dataset/RAD_ChestCT/RadchestCTseg/val26532/val26532.nii.gz
/data4/haoranlai/Dataset/RAD_ChestCT/image/val26091.nii.gz,/data4/haoranlai/Dataset/RAD_ChestCT/RadchestCTseg/val26091/val26091.nii.gz
/data4/haoranlai/Dataset/RAD_ChestCT/image/val25567.nii.gz,/data4/haoranlai/Dataset/RAD_ChestCT/RadchestCTseg/val25567/val25567.nii.gz
/data4/haoranlai/Dataset/RAD_ChestCT/image/val26670.nii.gz,/data4/haoranlai/Dataset/RAD_ChestCT/RadchestCTseg/val26670/val26670.nii.gz
/data4/haoranlai/Dataset/RAD_ChestCT/image/val26363.nii.gz,/data4/haoranlai/Dataset/RAD_ChestCT/RadchestCTseg/val26363/val26363.nii.gz
/data4/haoranlai/Dataset/RAD_ChestCT/image/val27232.nii.gz,/data4/haoranlai/Dataset/RAD_ChestCT/RadchestCTseg/val27232/val27232.nii.gz
/data4/haoranlai/Dataset/RAD_ChestCT/image/val25960.nii.gz,/data4/haoranlai/Dataset/RAD_ChestCT/RadchestCTseg/val25960/val25960.nii.gz
/data4/haoranlai/Dataset/RAD_ChestCT/image/val26656.nii.gz,/data4/haoranlai/Dataset/RAD_ChestCT/RadchestCTseg/val26656/val26656.nii.gz
/data4/haoranlai/Dataset/RAD_ChestCT/image/val26508.nii.gz,/data4/haoranlai/Dataset/RAD_ChestCT/RadchestCTseg/val26508/val26508.nii.gz
/data4/haoranlai/Dataset/RAD_ChestCT/image/val26613.nii.gz,/data4/haoranlai/Dataset/RAD_ChestCT/RadchestCTseg/val26613/val26613.nii.gz
/data4/haoranlai/Dataset/RAD_ChestCT/image/val27088.nii.gz,/data4/haoranlai/Dataset/RAD_ChestCT/RadchestCTseg/val27088/val27088.nii.gz
/data4/haoranlai/Dataset/RAD_ChestCT/image/val26353.nii.gz,/data4/haoranlai/Dataset/RAD_ChestCT/RadchestCTseg/val26353/val26353.nii.gz
/data4/haoranlai/Dataset/RAD_ChestCT/image/val27354.nii.gz,/data4/haoranlai/Dataset/RAD_ChestCT/RadchestCTseg/val27354/val27354.nii.gz
/data4/haoranlai/Dataset/RAD_ChestCT/image/val26463.nii.gz,/data4/haoranlai/Dataset/RAD_ChestCT/RadchestCTseg/val26463/val26463.nii.gz
/data4/haoranlai/Dataset/RAD_ChestCT/image/val27337.nii.gz,/data4/haoranlai/Dataset/RAD_ChestCT/RadchestCTseg/val27337/val27337.nii.gz
/data4/haoranlai/Dataset/RAD_ChestCT/image/val27188.nii.gz,/data4/haoranlai/Dataset/RAD_ChestCT/RadchestCTseg/val27188/val27188.nii.gz
/data4/haoranlai/Dataset/RAD_ChestCT/image/val27034.nii.gz,/data4/haoranlai/Dataset/RAD_ChestCT/RadchestCTseg/val27034/val27034.nii.gz
/data4/haoranlai/Dataset/RAD_ChestCT/image/val26731.nii.gz,/data4/haoranlai/Dataset/RAD_ChestCT/RadchestCTseg/val26731/val26731.nii.gz
/data4/haoranlai/Dataset/RAD_ChestCT/image/val26966.nii.gz,/data4/haoranlai/Dataset/RAD_ChestCT/RadchestCTseg/val26966/val26966.nii.gz
/data4/haoranlai/Dataset/RAD_ChestCT/image/val26999.nii.gz,/data4/haoranlai/Dataset/RAD_ChestCT/RadchestCTseg/val26999/val26999.nii.gz
/data4/haoranlai/Dataset/RAD_ChestCT/image/val26764.nii.gz,/data4/haoranlai/Dataset/RAD_ChestCT/RadchestCTseg/val26764/val26764.nii.gz
/data4/haoranlai/Dataset/RAD_ChestCT/image/val26517.nii.gz,/data4/haoranlai/Dataset/RAD_ChestCT/RadchestCTseg/val26517/val26517.nii.gz
/data4/haoranlai/Dataset/RAD_ChestCT/image/val25528.nii.gz,/data4/haoranlai/Dataset/RAD_ChestCT/RadchestCTseg/val25528/val25528.nii.gz
/data4/haoranlai/Dataset/RAD_ChestCT/image/val26649.nii.gz,/data4/haoranlai/Dataset/RAD_ChestCT/RadchestCTseg/val26649/val26649.nii.gz
/data4/haoranlai/Dataset/RAD_ChestCT/image/val25630.nii.gz,/data4/haoranlai/Dataset/RAD_ChestCT/RadchestCTseg/val25630/val25630.nii.gz
/data4/haoranlai/Dataset/RAD_ChestCT/image/val25803.nii.gz,/data4/haoranlai/Dataset/RAD_ChestCT/RadchestCTseg/val25803/val25803.nii.gz
/data4/haoranlai/Dataset/RAD_ChestCT/image/val26818.nii.gz,/data4/haoranlai/Dataset/RAD_ChestCT/RadchestCTseg/val26818/val26818.nii.gz
/data4/haoranlai/Dataset/RAD_ChestCT/image/val26034.nii.gz,/data4/haoranlai/Dataset/RAD_ChestCT/RadchestCTseg/val26034/val26034.nii.gz
/data4/haoranlai/Dataset/RAD_ChestCT/image/val26424.nii.gz,/data4/haoranlai/Dataset/RAD_ChestCT/RadchestCTseg/val26424/val26424.nii.gz
/data4/haoranlai/Dataset/RAD_ChestCT/image/val26440.nii.gz,/data4/haoranlai/Dataset/RAD_ChestCT/RadchestCTseg/val26440/val26440.nii.gz
/data4/haoranlai/Dataset/RAD_ChestCT/image/val25802.nii.gz,/data4/haoranlai/Dataset/RAD_ChestCT/RadchestCTseg/val25802/val25802.nii.gz
/data4/haoranlai/Dataset/RAD_ChestCT/image/val25847.nii.gz,/data4/haoranlai/Dataset/RAD_ChestCT/RadchestCTseg/val25847/val25847.nii.gz
/data4/haoranlai/Dataset/RAD_ChestCT/image/val25653.nii.gz,/data4/haoranlai/Dataset/RAD_ChestCT/RadchestCTseg/val25653/val25653.nii.gz
/data4/haoranlai/Dataset/RAD_ChestCT/image/val26977.nii.gz,/data4/haoranlai/Dataset/RAD_ChestCT/RadchestCTseg/val26977/val26977.nii.gz
/data4/haoranlai/Dataset/RAD_ChestCT/image/val27102.nii.gz,/data4/haoranlai/Dataset/RAD_ChestCT/RadchestCTseg/val27102/val27102.nii.gz
/data4/haoranlai/Dataset/RAD_ChestCT/image/val26071.nii.gz,/data4/haoranlai/Dataset/RAD_ChestCT/RadchestCTseg/val26071/val26071.nii.gz
/data4/haoranlai/Dataset/RAD_ChestCT/image/val25791.nii.gz,/data4/haoranlai/Dataset/RAD_ChestCT/RadchestCTseg/val25791/val25791.nii.gz
/data4/haoranlai/Dataset/RAD_ChestCT/image/val25811.nii.gz,/data4/haoranlai/Dataset/RAD_ChestCT/RadchestCTseg/val25811/val25811.nii.gz
/data4/haoranlai/Dataset/RAD_ChestCT/image/val26835.nii.gz,/data4/haoranlai/Dataset/RAD_ChestCT/RadchestCTseg/val26835/val26835.nii.gz
/data4/haoranlai/Dataset/RAD_ChestCT/image/val27205.nii.gz,/data4/haoranlai/Dataset/RAD_ChestCT/RadchestCTseg/val27205/val27205.nii.gz
/data4/haoranlai/Dataset/RAD_ChestCT/image/val27077.nii.gz,/data4/haoranlai/Dataset/RAD_ChestCT/RadchestCTseg/val27077/val27077.nii.gz
/data4/haoranlai/Dataset/RAD_ChestCT/image/val26309.nii.gz,/data4/haoranlai/Dataset/RAD_ChestCT/RadchestCTseg/val26309/val26309.nii.gz
/data4/haoranlai/Dataset/RAD_ChestCT/image/val26713.nii.gz,/data4/haoranlai/Dataset/RAD_ChestCT/RadchestCTseg/val26713/val26713.nii.gz
/data4/haoranlai/Dataset/RAD_ChestCT/image/val25389.nii.gz,/data4/haoranlai/Dataset/RAD_ChestCT/RadchestCTseg/val25389/val25389.nii.gz
/data4/haoranlai/Dataset/RAD_ChestCT/image/val26832.nii.gz,/data4/haoranlai/Dataset/RAD_ChestCT/RadchestCTseg/val26832/val26832.nii.gz
/data4/haoranlai/Dataset/RAD_ChestCT/image/val26529.nii.gz,/data4/haoranlai/Dataset/RAD_ChestCT/RadchestCTseg/val26529/val26529.nii.gz
/data4/haoranlai/Dataset/RAD_ChestCT/image/val25684.nii.gz,/data4/haoranlai/Dataset/RAD_ChestCT/RadchestCTseg/val25684/val25684.nii.gz
/data4/haoranlai/Dataset/RAD_ChestCT/image/val27081.nii.gz,/data4/haoranlai/Dataset/RAD_ChestCT/RadchestCTseg/val27081/val27081.nii.gz
/data4/haoranlai/Dataset/RAD_ChestCT/image/val25699.nii.gz,/data4/haoranlai/Dataset/RAD_ChestCT/RadchestCTseg/val25699/val25699.nii.gz
/data4/haoranlai/Dataset/RAD_ChestCT/image/val26804.nii.gz,/data4/haoranlai/Dataset/RAD_ChestCT/RadchestCTseg/val26804/val26804.nii.gz
/data4/haoranlai/Dataset/RAD_ChestCT/image/val26365.nii.gz,/data4/haoranlai/Dataset/RAD_ChestCT/RadchestCTseg/val26365/val26365.nii.gz
/data4/haoranlai/Dataset/RAD_ChestCT/image/val26828.nii.gz,/data4/haoranlai/Dataset/RAD_ChestCT/RadchestCTseg/val26828/val26828.nii.gz
/data4/haoranlai/Dataset/RAD_ChestCT/image/val25721.nii.gz,/data4/haoranlai/Dataset/RAD_ChestCT/RadchestCTseg/val25721/val25721.nii.gz
/data4/haoranlai/Dataset/RAD_ChestCT/image/val27206.nii.gz,/data4/haoranlai/Dataset/RAD_ChestCT/RadchestCTseg/val27206/val27206.nii.gz
/data4/haoranlai/Dataset/RAD_ChestCT/image/val26904.nii.gz,/data4/haoranlai/Dataset/RAD_ChestCT/RadchestCTseg/val26904/val26904.nii.gz
/data4/haoranlai/Dataset/RAD_ChestCT/image/val26025.nii.gz,/data4/haoranlai/Dataset/RAD_ChestCT/RadchestCTseg/val26025/val26025.nii.gz
/data4/haoranlai/Dataset/RAD_ChestCT/image/val27421.nii.gz,/data4/haoranlai/Dataset/RAD_ChestCT/RadchestCTseg/val27421/val27421.nii.gz
/data4/haoranlai/Dataset/RAD_ChestCT/image/val27184.nii.gz,/data4/haoranlai/Dataset/RAD_ChestCT/RadchestCTseg/val27184/val27184.nii.gz
/data4/haoranlai/Dataset/RAD_ChestCT/image/val25777.nii.gz,/data4/haoranlai/Dataset/RAD_ChestCT/RadchestCTseg/val25777/val25777.nii.gz
/data4/haoranlai/Dataset/RAD_ChestCT/image/val26414.nii.gz,/data4/haoranlai/Dataset/RAD_ChestCT/RadchestCTseg/val26414/val26414.nii.gz
/data4/haoranlai/Dataset/RAD_ChestCT/image/val25755.nii.gz,/data4/haoranlai/Dataset/RAD_ChestCT/RadchestCTseg/val25755/val25755.nii.gz
/data4/haoranlai/Dataset/RAD_ChestCT/image/val25871.nii.gz,/data4/haoranlai/Dataset/RAD_ChestCT/RadchestCTseg/val25871/val25871.nii.gz
/data4/haoranlai/Dataset/RAD_ChestCT/image/val25519.nii.gz,/data4/haoranlai/Dataset/RAD_ChestCT/RadchestCTseg/val25519/val25519.nii.gz
/data4/haoranlai/Dataset/RAD_ChestCT/image/val26850.nii.gz,/data4/haoranlai/Dataset/RAD_ChestCT/RadchestCTseg/val26850/val26850.nii.gz
/data4/haoranlai/Dataset/RAD_ChestCT/image/val27161.nii.gz,/data4/haoranlai/Dataset/RAD_ChestCT/RadchestCTseg/val27161/val27161.nii.gz
/data4/haoranlai/Dataset/RAD_ChestCT/image/val26470.nii.gz,/data4/haoranlai/Dataset/RAD_ChestCT/RadchestCTseg/val26470/val26470.nii.gz
/data4/haoranlai/Dataset/RAD_ChestCT/image/val26287.nii.gz,/data4/haoranlai/Dataset/RAD_ChestCT/RadchestCTseg/val26287/val26287.nii.gz
/data4/haoranlai/Dataset/RAD_ChestCT/image/val26545.nii.gz,/data4/haoranlai/Dataset/RAD_ChestCT/RadchestCTseg/val26545/val26545.nii.gz
/data4/haoranlai/Dataset/RAD_ChestCT/image/val27214.nii.gz,/data4/haoranlai/Dataset/RAD_ChestCT/RadchestCTseg/val27214/val27214.nii.gz
/data4/haoranlai/Dataset/RAD_ChestCT/image/val25672.nii.gz,/data4/haoranlai/Dataset/RAD_ChestCT/RadchestCTseg/val25672/val25672.nii.gz
/data4/haoranlai/Dataset/RAD_ChestCT/image/val26075.nii.gz,/data4/haoranlai/Dataset/RAD_ChestCT/RadchestCTseg/val26075/val26075.nii.gz
/data4/haoranlai/Dataset/RAD_ChestCT/image/val27038.nii.gz,/data4/haoranlai/Dataset/RAD_ChestCT/RadchestCTseg/val27038/val27038.nii.gz
/data4/haoranlai/Dataset/RAD_ChestCT/image/val25465.nii.gz,/data4/haoranlai/Dataset/RAD_ChestCT/RadchestCTseg/val25465/val25465.nii.gz
/data4/haoranlai/Dataset/RAD_ChestCT/image/val26842.nii.gz,/data4/haoranlai/Dataset/RAD_ChestCT/RadchestCTseg/val26842/val26842.nii.gz
/data4/haoranlai/Dataset/RAD_ChestCT/image/val26342.nii.gz,/data4/haoranlai/Dataset/RAD_ChestCT/RadchestCTseg/val26342/val26342.nii.gz
/data4/haoranlai/Dataset/RAD_ChestCT/image/val26221.nii.gz,/data4/haoranlai/Dataset/RAD_ChestCT/RadchestCTseg/val26221/val26221.nii.gz
/data4/haoranlai/Dataset/RAD_ChestCT/image/val25399.nii.gz,/data4/haoranlai/Dataset/RAD_ChestCT/RadchestCTseg/val25399/val25399.nii.gz
/data4/haoranlai/Dataset/RAD_ChestCT/image/val25365.nii.gz,/data4/haoranlai/Dataset/RAD_ChestCT/RadchestCTseg/val25365/val25365.nii.gz
/data4/haoranlai/Dataset/RAD_ChestCT/image/val25573.nii.gz,/data4/haoranlai/Dataset/RAD_ChestCT/RadchestCTseg/val25573/val25573.nii.gz
/data4/haoranlai/Dataset/RAD_ChestCT/image/val26345.nii.gz,/data4/haoranlai/Dataset/RAD_ChestCT/RadchestCTseg/val26345/val26345.nii.gz
/data4/haoranlai/Dataset/RAD_ChestCT/image/val27314.nii.gz,/data4/haoranlai/Dataset/RAD_ChestCT/RadchestCTseg/val27314/val27314.nii.gz
/data4/haoranlai/Dataset/RAD_ChestCT/image/val26949.nii.gz,/data4/haoranlai/Dataset/RAD_ChestCT/RadchestCTseg/val26949/val26949.nii.gz
/data4/haoranlai/Dataset/RAD_ChestCT/image/val26415.nii.gz,/data4/haoranlai/Dataset/RAD_ChestCT/RadchestCTseg/val26415/val26415.nii.gz
/data4/haoranlai/Dataset/RAD_ChestCT/image/val26964.nii.gz,/data4/haoranlai/Dataset/RAD_ChestCT/RadchestCTseg/val26964/val26964.nii.gz
/data4/haoranlai/Dataset/RAD_ChestCT/image/val26134.nii.gz,/data4/haoranlai/Dataset/RAD_ChestCT/RadchestCTseg/val26134/val26134.nii.gz
/data4/haoranlai/Dataset/RAD_ChestCT/image/val27439.nii.gz,/data4/haoranlai/Dataset/RAD_ChestCT/RadchestCTseg/val27439/val27439.nii.gz
/data4/haoranlai/Dataset/RAD_ChestCT/image/val26152.nii.gz,/data4/haoranlai/Dataset/RAD_ChestCT/RadchestCTseg/val26152/val26152.nii.gz
/data4/haoranlai/Dataset/RAD_ChestCT/image/val27262.nii.gz,/data4/haoranlai/Dataset/RAD_ChestCT/RadchestCTseg/val27262/val27262.nii.gz
/data4/haoranlai/Dataset/RAD_ChestCT/image/val27293.nii.gz,/data4/haoranlai/Dataset/RAD_ChestCT/RadchestCTseg/val27293/val27293.nii.gz
/data4/haoranlai/Dataset/RAD_ChestCT/image/val26790.nii.gz,/data4/haoranlai/Dataset/RAD_ChestCT/RadchestCTseg/val26790/val26790.nii.gz
/data4/haoranlai/Dataset/RAD_ChestCT/image/val25377.nii.gz,/data4/haoranlai/Dataset/RAD_ChestCT/RadchestCTseg/val25377/val25377.nii.gz
/data4/haoranlai/Dataset/RAD_ChestCT/image/val27195.nii.gz,/data4/haoranlai/Dataset/RAD_ChestCT/RadchestCTseg/val27195/val27195.nii.gz
/data4/haoranlai/Dataset/RAD_ChestCT/image/val26442.nii.gz,/data4/haoranlai/Dataset/RAD_ChestCT/RadchestCTseg/val26442/val26442.nii.gz
/data4/haoranlai/Dataset/RAD_ChestCT/image/val27178.nii.gz,/data4/haoranlai/Dataset/RAD_ChestCT/RadchestCTseg/val27178/val27178.nii.gz
/data4/haoranlai/Dataset/RAD_ChestCT/image/val25618.nii.gz,/data4/haoranlai/Dataset/RAD_ChestCT/RadchestCTseg/val25618/val25618.nii.gz
/data4/haoranlai/Dataset/RAD_ChestCT/image/val27264.nii.gz,/data4/haoranlai/Dataset/RAD_ChestCT/RadchestCTseg/val27264/val27264.nii.gz
/data4/haoranlai/Dataset/RAD_ChestCT/image/val25360.nii.gz,/data4/haoranlai/Dataset/RAD_ChestCT/RadchestCTseg/val25360/val25360.nii.gz
/data4/haoranlai/Dataset/RAD_ChestCT/image/val27158.nii.gz,/data4/haoranlai/Dataset/RAD_ChestCT/RadchestCTseg/val27158/val27158.nii.gz
/data4/haoranlai/Dataset/RAD_ChestCT/image/val27324.nii.gz,/data4/haoranlai/Dataset/RAD_ChestCT/RadchestCTseg/val27324/val27324.nii.gz
/data4/haoranlai/Dataset/RAD_ChestCT/image/val27252.nii.gz,/data4/haoranlai/Dataset/RAD_ChestCT/RadchestCTseg/val27252/val27252.nii.gz
/data4/haoranlai/Dataset/RAD_ChestCT/image/val26352.nii.gz,/data4/haoranlai/Dataset/RAD_ChestCT/RadchestCTseg/val26352/val26352.nii.gz
/data4/haoranlai/Dataset/RAD_ChestCT/image/val26249.nii.gz,/data4/haoranlai/Dataset/RAD_ChestCT/RadchestCTseg/val26249/val26249.nii.gz
/data4/haoranlai/Dataset/RAD_ChestCT/image/val26297.nii.gz,/data4/haoranlai/Dataset/RAD_ChestCT/RadchestCTseg/val26297/val26297.nii.gz
/data4/haoranlai/Dataset/RAD_ChestCT/image/val25973.nii.gz,/data4/haoranlai/Dataset/RAD_ChestCT/RadchestCTseg/val25973/val25973.nii.gz
/data4/haoranlai/Dataset/RAD_ChestCT/image/val26359.nii.gz,/data4/haoranlai/Dataset/RAD_ChestCT/RadchestCTseg/val26359/val26359.nii.gz
/data4/haoranlai/Dataset/RAD_ChestCT/image/val26211.nii.gz,/data4/haoranlai/Dataset/RAD_ChestCT/RadchestCTseg/val26211/val26211.nii.gz
/data4/haoranlai/Dataset/RAD_ChestCT/image/val26843.nii.gz,/data4/haoranlai/Dataset/RAD_ChestCT/RadchestCTseg/val26843/val26843.nii.gz
/data4/haoranlai/Dataset/RAD_ChestCT/image/val26158.nii.gz,/data4/haoranlai/Dataset/RAD_ChestCT/RadchestCTseg/val26158/val26158.nii.gz
/data4/haoranlai/Dataset/RAD_ChestCT/image/val26962.nii.gz,/data4/haoranlai/Dataset/RAD_ChestCT/RadchestCTseg/val26962/val26962.nii.gz
/data4/haoranlai/Dataset/RAD_ChestCT/image/val26225.nii.gz,/data4/haoranlai/Dataset/RAD_ChestCT/RadchestCTseg/val26225/val26225.nii.gz
/data4/haoranlai/Dataset/RAD_ChestCT/image/val26686.nii.gz,/data4/haoranlai/Dataset/RAD_ChestCT/RadchestCTseg/val26686/val26686.nii.gz
/data4/haoranlai/Dataset/RAD_ChestCT/image/val26162.nii.gz,/data4/haoranlai/Dataset/RAD_ChestCT/RadchestCTseg/val26162/val26162.nii.gz
/data4/haoranlai/Dataset/RAD_ChestCT/image/val26197.nii.gz,/data4/haoranlai/Dataset/RAD_ChestCT/RadchestCTseg/val26197/val26197.nii.gz
/data4/haoranlai/Dataset/RAD_ChestCT/image/val26385.nii.gz,/data4/haoranlai/Dataset/RAD_ChestCT/RadchestCTseg/val26385/val26385.nii.gz
/data4/haoranlai/Dataset/RAD_ChestCT/image/val25564.nii.gz,/data4/haoranlai/Dataset/RAD_ChestCT/RadchestCTseg/val25564/val25564.nii.gz
/data4/haoranlai/Dataset/RAD_ChestCT/image/val25677.nii.gz,/data4/haoranlai/Dataset/RAD_ChestCT/RadchestCTseg/val25677/val25677.nii.gz
/data4/haoranlai/Dataset/RAD_ChestCT/image/val27100.nii.gz,/data4/haoranlai/Dataset/RAD_ChestCT/RadchestCTseg/val27100/val27100.nii.gz
/data4/haoranlai/Dataset/RAD_ChestCT/image/val25822.nii.gz,/data4/haoranlai/Dataset/RAD_ChestCT/RadchestCTseg/val25822/val25822.nii.gz
/data4/haoranlai/Dataset/RAD_ChestCT/image/val25511.nii.gz,/data4/haoranlai/Dataset/RAD_ChestCT/RadchestCTseg/val25511/val25511.nii.gz
/data4/haoranlai/Dataset/RAD_ChestCT/image/val25694.nii.gz,/data4/haoranlai/Dataset/RAD_ChestCT/RadchestCTseg/val25694/val25694.nii.gz
/data4/haoranlai/Dataset/RAD_ChestCT/image/val25631.nii.gz,/data4/haoranlai/Dataset/RAD_ChestCT/RadchestCTseg/val25631/val25631.nii.gz
/data4/haoranlai/Dataset/RAD_ChestCT/image/val25744.nii.gz,/data4/haoranlai/Dataset/RAD_ChestCT/RadchestCTseg/val25744/val25744.nii.gz
/data4/haoranlai/Dataset/RAD_ChestCT/image/val25839.nii.gz,/data4/haoranlai/Dataset/RAD_ChestCT/RadchestCTseg/val25839/val25839.nii.gz
/data4/haoranlai/Dataset/RAD_ChestCT/image/val26164.nii.gz,/data4/haoranlai/Dataset/RAD_ChestCT/RadchestCTseg/val26164/val26164.nii.gz
/data4/haoranlai/Dataset/RAD_ChestCT/image/val26659.nii.gz,/data4/haoranlai/Dataset/RAD_ChestCT/RadchestCTseg/val26659/val26659.nii.gz
/data4/haoranlai/Dataset/RAD_ChestCT/image/val25415.nii.gz,/data4/haoranlai/Dataset/RAD_ChestCT/RadchestCTseg/val25415/val25415.nii.gz
/data4/haoranlai/Dataset/RAD_ChestCT/image/val26736.nii.gz,/data4/haoranlai/Dataset/RAD_ChestCT/RadchestCTseg/val26736/val26736.nii.gz
/data4/haoranlai/Dataset/RAD_ChestCT/image/val26549.nii.gz,/data4/haoranlai/Dataset/RAD_ChestCT/RadchestCTseg/val26549/val26549.nii.gz
/data4/haoranlai/Dataset/RAD_ChestCT/image/val27068.nii.gz,/data4/haoranlai/Dataset/RAD_ChestCT/RadchestCTseg/val27068/val27068.nii.gz
/data4/haoranlai/Dataset/RAD_ChestCT/image/val26735.nii.gz,/data4/haoranlai/Dataset/RAD_ChestCT/RadchestCTseg/val26735/val26735.nii.gz
/data4/haoranlai/Dataset/RAD_ChestCT/image/val25553.nii.gz,/data4/haoranlai/Dataset/RAD_ChestCT/RadchestCTseg/val25553/val25553.nii.gz
/data4/haoranlai/Dataset/RAD_ChestCT/image/val27366.nii.gz,/data4/haoranlai/Dataset/RAD_ChestCT/RadchestCTseg/val27366/val27366.nii.gz
/data4/haoranlai/Dataset/RAD_ChestCT/image/val26060.nii.gz,/data4/haoranlai/Dataset/RAD_ChestCT/RadchestCTseg/val26060/val26060.nii.gz
/data4/haoranlai/Dataset/RAD_ChestCT/image/val25372.nii.gz,/data4/haoranlai/Dataset/RAD_ChestCT/RadchestCTseg/val25372/val25372.nii.gz
/data4/haoranlai/Dataset/RAD_ChestCT/image/val26456.nii.gz,/data4/haoranlai/Dataset/RAD_ChestCT/RadchestCTseg/val26456/val26456.nii.gz
/data4/haoranlai/Dataset/RAD_ChestCT/image/val26776.nii.gz,/data4/haoranlai/Dataset/RAD_ChestCT/RadchestCTseg/val26776/val26776.nii.gz
/data4/haoranlai/Dataset/RAD_ChestCT/image/val27303.nii.gz,/data4/haoranlai/Dataset/RAD_ChestCT/RadchestCTseg/val27303/val27303.nii.gz
/data4/haoranlai/Dataset/RAD_ChestCT/image/val25516.nii.gz,/data4/haoranlai/Dataset/RAD_ChestCT/RadchestCTseg/val25516/val25516.nii.gz
/data4/haoranlai/Dataset/RAD_ChestCT/image/val25410.nii.gz,/data4/haoranlai/Dataset/RAD_ChestCT/RadchestCTseg/val25410/val25410.nii.gz
/data4/haoranlai/Dataset/RAD_ChestCT/image/val26005.nii.gz,/data4/haoranlai/Dataset/RAD_ChestCT/RadchestCTseg/val26005/val26005.nii.gz
/data4/haoranlai/Dataset/RAD_ChestCT/image/val27394.nii.gz,/data4/haoranlai/Dataset/RAD_ChestCT/RadchestCTseg/val27394/val27394.nii.gz
/data4/haoranlai/Dataset/RAD_ChestCT/image/val26080.nii.gz,/data4/haoranlai/Dataset/RAD_ChestCT/RadchestCTseg/val26080/val26080.nii.gz
/data4/haoranlai/Dataset/RAD_ChestCT/image/val25639.nii.gz,/data4/haoranlai/Dataset/RAD_ChestCT/RadchestCTseg/val25639/val25639.nii.gz
/data4/haoranlai/Dataset/RAD_ChestCT/image/val27159.nii.gz,/data4/haoranlai/Dataset/RAD_ChestCT/RadchestCTseg/val27159/val27159.nii.gz
/data4/haoranlai/Dataset/RAD_ChestCT/image/val26905.nii.gz,/data4/haoranlai/Dataset/RAD_ChestCT/RadchestCTseg/val26905/val26905.nii.gz
/data4/haoranlai/Dataset/RAD_ChestCT/image/val27360.nii.gz,/data4/haoranlai/Dataset/RAD_ChestCT/RadchestCTseg/val27360/val27360.nii.gz
/data4/haoranlai/Dataset/RAD_ChestCT/image/val27170.nii.gz,/data4/haoranlai/Dataset/RAD_ChestCT/RadchestCTseg/val27170/val27170.nii.gz
/data4/haoranlai/Dataset/RAD_ChestCT/image/val27191.nii.gz,/data4/haoranlai/Dataset/RAD_ChestCT/RadchestCTseg/val27191/val27191.nii.gz
/data4/haoranlai/Dataset/RAD_ChestCT/image/val25680.nii.gz,/data4/haoranlai/Dataset/RAD_ChestCT/RadchestCTseg/val25680/val25680.nii.gz
/data4/haoranlai/Dataset/RAD_ChestCT/image/val26710.nii.gz,/data4/haoranlai/Dataset/RAD_ChestCT/RadchestCTseg/val26710/val26710.nii.gz
/data4/haoranlai/Dataset/RAD_ChestCT/image/val25979.nii.gz,/data4/haoranlai/Dataset/RAD_ChestCT/RadchestCTseg/val25979/val25979.nii.gz
/data4/haoranlai/Dataset/RAD_ChestCT/image/val26340.nii.gz,/data4/haoranlai/Dataset/RAD_ChestCT/RadchestCTseg/val26340/val26340.nii.gz
/data4/haoranlai/Dataset/RAD_ChestCT/image/val25539.nii.gz,/data4/haoranlai/Dataset/RAD_ChestCT/RadchestCTseg/val25539/val25539.nii.gz
/data4/haoranlai/Dataset/RAD_ChestCT/image/val26669.nii.gz,/data4/haoranlai/Dataset/RAD_ChestCT/RadchestCTseg/val26669/val26669.nii.gz
/data4/haoranlai/Dataset/RAD_ChestCT/image/val26478.nii.gz,/data4/haoranlai/Dataset/RAD_ChestCT/RadchestCTseg/val26478/val26478.nii.gz
/data4/haoranlai/Dataset/RAD_ChestCT/image/val25542.nii.gz,/data4/haoranlai/Dataset/RAD_ChestCT/RadchestCTseg/val25542/val25542.nii.gz
/data4/haoranlai/Dataset/RAD_ChestCT/image/val26571.nii.gz,/data4/haoranlai/Dataset/RAD_ChestCT/RadchestCTseg/val26571/val26571.nii.gz
/data4/haoranlai/Dataset/RAD_ChestCT/image/val25773.nii.gz,/data4/haoranlai/Dataset/RAD_ChestCT/RadchestCTseg/val25773/val25773.nii.gz
/data4/haoranlai/Dataset/RAD_ChestCT/image/val27250.nii.gz,/data4/haoranlai/Dataset/RAD_ChestCT/RadchestCTseg/val27250/val27250.nii.gz
/data4/haoranlai/Dataset/RAD_ChestCT/image/val25416.nii.gz,/data4/haoranlai/Dataset/RAD_ChestCT/RadchestCTseg/val25416/val25416.nii.gz
/data4/haoranlai/Dataset/RAD_ChestCT/image/val27022.nii.gz,/data4/haoranlai/Dataset/RAD_ChestCT/RadchestCTseg/val27022/val27022.nii.gz
/data4/haoranlai/Dataset/RAD_ChestCT/image/val26798.nii.gz,/data4/haoranlai/Dataset/RAD_ChestCT/RadchestCTseg/val26798/val26798.nii.gz
/data4/haoranlai/Dataset/RAD_ChestCT/image/val25590.nii.gz,/data4/haoranlai/Dataset/RAD_ChestCT/RadchestCTseg/val25590/val25590.nii.gz
/data4/haoranlai/Dataset/RAD_ChestCT/image/val27243.nii.gz,/data4/haoranlai/Dataset/RAD_ChestCT/RadchestCTseg/val27243/val27243.nii.gz
/data4/haoranlai/Dataset/RAD_ChestCT/image/val25961.nii.gz,/data4/haoranlai/Dataset/RAD_ChestCT/RadchestCTseg/val25961/val25961.nii.gz
/data4/haoranlai/Dataset/RAD_ChestCT/image/val27162.nii.gz,/data4/haoranlai/Dataset/RAD_ChestCT/RadchestCTseg/val27162/val27162.nii.gz
/data4/haoranlai/Dataset/RAD_ChestCT/image/val27204.nii.gz,/data4/haoranlai/Dataset/RAD_ChestCT/RadchestCTseg/val27204/val27204.nii.gz
/data4/haoranlai/Dataset/RAD_ChestCT/image/val26727.nii.gz,/data4/haoranlai/Dataset/RAD_ChestCT/RadchestCTseg/val26727/val26727.nii.gz
/data4/haoranlai/Dataset/RAD_ChestCT/image/val26631.nii.gz,/data4/haoranlai/Dataset/RAD_ChestCT/RadchestCTseg/val26631/val26631.nii.gz
/data4/haoranlai/Dataset/RAD_ChestCT/image/val26151.nii.gz,/data4/haoranlai/Dataset/RAD_ChestCT/RadchestCTseg/val26151/val26151.nii.gz
/data4/haoranlai/Dataset/RAD_ChestCT/image/val26753.nii.gz,/data4/haoranlai/Dataset/RAD_ChestCT/RadchestCTseg/val26753/val26753.nii.gz
/data4/haoranlai/Dataset/RAD_ChestCT/image/val27339.nii.gz,/data4/haoranlai/Dataset/RAD_ChestCT/RadchestCTseg/val27339/val27339.nii.gz
/data4/haoranlai/Dataset/RAD_ChestCT/image/val27083.nii.gz,/data4/haoranlai/Dataset/RAD_ChestCT/RadchestCTseg/val27083/val27083.nii.gz
/data4/haoranlai/Dataset/RAD_ChestCT/image/val25392.nii.gz,/data4/haoranlai/Dataset/RAD_ChestCT/RadchestCTseg/val25392/val25392.nii.gz
/data4/haoranlai/Dataset/RAD_ChestCT/image/val26067.nii.gz,/data4/haoranlai/Dataset/RAD_ChestCT/RadchestCTseg/val26067/val26067.nii.gz
/data4/haoranlai/Dataset/RAD_ChestCT/image/val25996.nii.gz,/data4/haoranlai/Dataset/RAD_ChestCT/RadchestCTseg/val25996/val25996.nii.gz
/data4/haoranlai/Dataset/RAD_ChestCT/image/val26088.nii.gz,/data4/haoranlai/Dataset/RAD_ChestCT/RadchestCTseg/val26088/val26088.nii.gz
/data4/haoranlai/Dataset/RAD_ChestCT/image/val25786.nii.gz,/data4/haoranlai/Dataset/RAD_ChestCT/RadchestCTseg/val25786/val25786.nii.gz
/data4/haoranlai/Dataset/RAD_ChestCT/image/val26726.nii.gz,/data4/haoranlai/Dataset/RAD_ChestCT/RadchestCTseg/val26726/val26726.nii.gz
/data4/haoranlai/Dataset/RAD_ChestCT/image/val26274.nii.gz,/data4/haoranlai/Dataset/RAD_ChestCT/RadchestCTseg/val26274/val26274.nii.gz
/data4/haoranlai/Dataset/RAD_ChestCT/image/val27409.nii.gz,/data4/haoranlai/Dataset/RAD_ChestCT/RadchestCTseg/val27409/val27409.nii.gz
/data4/haoranlai/Dataset/RAD_ChestCT/image/val27420.nii.gz,/data4/haoranlai/Dataset/RAD_ChestCT/RadchestCTseg/val27420/val27420.nii.gz
/data4/haoranlai/Dataset/RAD_ChestCT/image/val25771.nii.gz,/data4/haoranlai/Dataset/RAD_ChestCT/RadchestCTseg/val25771/val25771.nii.gz
/data4/haoranlai/Dataset/RAD_ChestCT/image/val25487.nii.gz,/data4/haoranlai/Dataset/RAD_ChestCT/RadchestCTseg/val25487/val25487.nii.gz
/data4/haoranlai/Dataset/RAD_ChestCT/image/val25902.nii.gz,/data4/haoranlai/Dataset/RAD_ChestCT/RadchestCTseg/val25902/val25902.nii.gz
/data4/haoranlai/Dataset/RAD_ChestCT/image/val27437.nii.gz,/data4/haoranlai/Dataset/RAD_ChestCT/RadchestCTseg/val27437/val27437.nii.gz
/data4/haoranlai/Dataset/RAD_ChestCT/image/val26663.nii.gz,/data4/haoranlai/Dataset/RAD_ChestCT/RadchestCTseg/val26663/val26663.nii.gz
/data4/haoranlai/Dataset/RAD_ChestCT/image/val26897.nii.gz,/data4/haoranlai/Dataset/RAD_ChestCT/RadchestCTseg/val26897/val26897.nii.gz
/data4/haoranlai/Dataset/RAD_ChestCT/image/val26739.nii.gz,/data4/haoranlai/Dataset/RAD_ChestCT/RadchestCTseg/val26739/val26739.nii.gz
/data4/haoranlai/Dataset/RAD_ChestCT/image/val26084.nii.gz,/data4/haoranlai/Dataset/RAD_ChestCT/RadchestCTseg/val26084/val26084.nii.gz
/data4/haoranlai/Dataset/RAD_ChestCT/image/val26049.nii.gz,/data4/haoranlai/Dataset/RAD_ChestCT/RadchestCTseg/val26049/val26049.nii.gz
/data4/haoranlai/Dataset/RAD_ChestCT/image/val26200.nii.gz,/data4/haoranlai/Dataset/RAD_ChestCT/RadchestCTseg/val26200/val26200.nii.gz
/data4/haoranlai/Dataset/RAD_ChestCT/image/val25692.nii.gz,/data4/haoranlai/Dataset/RAD_ChestCT/RadchestCTseg/val25692/val25692.nii.gz
/data4/haoranlai/Dataset/RAD_ChestCT/image/val27375.nii.gz,/data4/haoranlai/Dataset/RAD_ChestCT/RadchestCTseg/val27375/val27375.nii.gz
/data4/haoranlai/Dataset/RAD_ChestCT/image/val25729.nii.gz,/data4/haoranlai/Dataset/RAD_ChestCT/RadchestCTseg/val25729/val25729.nii.gz
/data4/haoranlai/Dataset/RAD_ChestCT/image/val26256.nii.gz,/data4/haoranlai/Dataset/RAD_ChestCT/RadchestCTseg/val26256/val26256.nii.gz
/data4/haoranlai/Dataset/RAD_ChestCT/image/val25572.nii.gz,/data4/haoranlai/Dataset/RAD_ChestCT/RadchestCTseg/val25572/val25572.nii.gz
/data4/haoranlai/Dataset/RAD_ChestCT/image/val26206.nii.gz,/data4/haoranlai/Dataset/RAD_ChestCT/RadchestCTseg/val26206/val26206.nii.gz
/data4/haoranlai/Dataset/RAD_ChestCT/image/val25863.nii.gz,/data4/haoranlai/Dataset/RAD_ChestCT/RadchestCTseg/val25863/val25863.nii.gz
/data4/haoranlai/Dataset/RAD_ChestCT/image/val26380.nii.gz,/data4/haoranlai/Dataset/RAD_ChestCT/RadchestCTseg/val26380/val26380.nii.gz
/data4/haoranlai/Dataset/RAD_ChestCT/image/val25977.nii.gz,/data4/haoranlai/Dataset/RAD_ChestCT/RadchestCTseg/val25977/val25977.nii.gz
/data4/haoranlai/Dataset/RAD_ChestCT/image/val26013.nii.gz,/data4/haoranlai/Dataset/RAD_ChestCT/RadchestCTseg/val26013/val26013.nii.gz
/data4/haoranlai/Dataset/RAD_ChestCT/image/val25947.nii.gz,/data4/haoranlai/Dataset/RAD_ChestCT/RadchestCTseg/val25947/val25947.nii.gz
/data4/haoranlai/Dataset/RAD_ChestCT/image/val26179.nii.gz,/data4/haoranlai/Dataset/RAD_ChestCT/RadchestCTseg/val26179/val26179.nii.gz
/data4/haoranlai/Dataset/RAD_ChestCT/image/val27128.nii.gz,/data4/haoranlai/Dataset/RAD_ChestCT/RadchestCTseg/val27128/val27128.nii.gz
/data4/haoranlai/Dataset/RAD_ChestCT/image/val26521.nii.gz,/data4/haoranlai/Dataset/RAD_ChestCT/RadchestCTseg/val26521/val26521.nii.gz
/data4/haoranlai/Dataset/RAD_ChestCT/image/val25469.nii.gz,/data4/haoranlai/Dataset/RAD_ChestCT/RadchestCTseg/val25469/val25469.nii.gz
/data4/haoranlai/Dataset/RAD_ChestCT/image/val26170.nii.gz,/data4/haoranlai/Dataset/RAD_ChestCT/RadchestCTseg/val26170/val26170.nii.gz
/data4/haoranlai/Dataset/RAD_ChestCT/image/val25733.nii.gz,/data4/haoranlai/Dataset/RAD_ChestCT/RadchestCTseg/val25733/val25733.nii.gz
/data4/haoranlai/Dataset/RAD_ChestCT/image/val27358.nii.gz,/data4/haoranlai/Dataset/RAD_ChestCT/RadchestCTseg/val27358/val27358.nii.gz
/data4/haoranlai/Dataset/RAD_ChestCT/image/val26960.nii.gz,/data4/haoranlai/Dataset/RAD_ChestCT/RadchestCTseg/val26960/val26960.nii.gz
/data4/haoranlai/Dataset/RAD_ChestCT/image/val27133.nii.gz,/data4/haoranlai/Dataset/RAD_ChestCT/RadchestCTseg/val27133/val27133.nii.gz
/data4/haoranlai/Dataset/RAD_ChestCT/image/val25588.nii.gz,/data4/haoranlai/Dataset/RAD_ChestCT/RadchestCTseg/val25588/val25588.nii.gz
/data4/haoranlai/Dataset/RAD_ChestCT/image/val25981.nii.gz,/data4/haoranlai/Dataset/RAD_ChestCT/RadchestCTseg/val25981/val25981.nii.gz
/data4/haoranlai/Dataset/RAD_ChestCT/image/val26576.nii.gz,/data4/haoranlai/Dataset/RAD_ChestCT/RadchestCTseg/val26576/val26576.nii.gz
/data4/haoranlai/Dataset/RAD_ChestCT/image/val26056.nii.gz,/data4/haoranlai/Dataset/RAD_ChestCT/RadchestCTseg/val26056/val26056.nii.gz
/data4/haoranlai/Dataset/RAD_ChestCT/image/val26435.nii.gz,/data4/haoranlai/Dataset/RAD_ChestCT/RadchestCTseg/val26435/val26435.nii.gz
/data4/haoranlai/Dataset/RAD_ChestCT/image/val26995.nii.gz,/data4/haoranlai/Dataset/RAD_ChestCT/RadchestCTseg/val26995/val26995.nii.gz
/data4/haoranlai/Dataset/RAD_ChestCT/image/val27431.nii.gz,/data4/haoranlai/Dataset/RAD_ChestCT/RadchestCTseg/val27431/val27431.nii.gz
/data4/haoranlai/Dataset/RAD_ChestCT/image/val26011.nii.gz,/data4/haoranlai/Dataset/RAD_ChestCT/RadchestCTseg/val26011/val26011.nii.gz
/data4/haoranlai/Dataset/RAD_ChestCT/image/val26040.nii.gz,/data4/haoranlai/Dataset/RAD_ChestCT/RadchestCTseg/val26040/val26040.nii.gz
/data4/haoranlai/Dataset/RAD_ChestCT/image/val26540.nii.gz,/data4/haoranlai/Dataset/RAD_ChestCT/RadchestCTseg/val26540/val26540.nii.gz
/data4/haoranlai/Dataset/RAD_ChestCT/image/val26014.nii.gz,/data4/haoranlai/Dataset/RAD_ChestCT/RadchestCTseg/val26014/val26014.nii.gz
/data4/haoranlai/Dataset/RAD_ChestCT/image/val26235.nii.gz,/data4/haoranlai/Dataset/RAD_ChestCT/RadchestCTseg/val26235/val26235.nii.gz
/data4/haoranlai/Dataset/RAD_ChestCT/image/val26213.nii.gz,/data4/haoranlai/Dataset/RAD_ChestCT/RadchestCTseg/val26213/val26213.nii.gz
/data4/haoranlai/Dataset/RAD_ChestCT/image/val25739.nii.gz,/data4/haoranlai/Dataset/RAD_ChestCT/RadchestCTseg/val25739/val25739.nii.gz
/data4/haoranlai/Dataset/RAD_ChestCT/image/val25891.nii.gz,/data4/haoranlai/Dataset/RAD_ChestCT/RadchestCTseg/val25891/val25891.nii.gz
/data4/haoranlai/Dataset/RAD_ChestCT/image/val26768.nii.gz,/data4/haoranlai/Dataset/RAD_ChestCT/RadchestCTseg/val26768/val26768.nii.gz
/data4/haoranlai/Dataset/RAD_ChestCT/image/val26232.nii.gz,/data4/haoranlai/Dataset/RAD_ChestCT/RadchestCTseg/val26232/val26232.nii.gz
/data4/haoranlai/Dataset/RAD_ChestCT/image/val27174.nii.gz,/data4/haoranlai/Dataset/RAD_ChestCT/RadchestCTseg/val27174/val27174.nii.gz
/data4/haoranlai/Dataset/RAD_ChestCT/image/val26665.nii.gz,/data4/haoranlai/Dataset/RAD_ChestCT/RadchestCTseg/val26665/val26665.nii.gz
/data4/haoranlai/Dataset/RAD_ChestCT/image/val26425.nii.gz,/data4/haoranlai/Dataset/RAD_ChestCT/RadchestCTseg/val26425/val26425.nii.gz
/data4/haoranlai/Dataset/RAD_ChestCT/image/val25767.nii.gz,/data4/haoranlai/Dataset/RAD_ChestCT/RadchestCTseg/val25767/val25767.nii.gz
/data4/haoranlai/Dataset/RAD_ChestCT/image/val26180.nii.gz,/data4/haoranlai/Dataset/RAD_ChestCT/RadchestCTseg/val26180/val26180.nii.gz
/data4/haoranlai/Dataset/RAD_ChestCT/image/val26302.nii.gz,/data4/haoranlai/Dataset/RAD_ChestCT/RadchestCTseg/val26302/val26302.nii.gz
/data4/haoranlai/Dataset/RAD_ChestCT/image/val26918.nii.gz,/data4/haoranlai/Dataset/RAD_ChestCT/RadchestCTseg/val26918/val26918.nii.gz
/data4/haoranlai/Dataset/RAD_ChestCT/image/val27299.nii.gz,/data4/haoranlai/Dataset/RAD_ChestCT/RadchestCTseg/val27299/val27299.nii.gz
/data4/haoranlai/Dataset/RAD_ChestCT/image/val26941.nii.gz,/data4/haoranlai/Dataset/RAD_ChestCT/RadchestCTseg/val26941/val26941.nii.gz
/data4/haoranlai/Dataset/RAD_ChestCT/image/val26157.nii.gz,/data4/haoranlai/Dataset/RAD_ChestCT/RadchestCTseg/val26157/val26157.nii.gz
/data4/haoranlai/Dataset/RAD_ChestCT/image/val26061.nii.gz,/data4/haoranlai/Dataset/RAD_ChestCT/RadchestCTseg/val26061/val26061.nii.gz
/data4/haoranlai/Dataset/RAD_ChestCT/image/val26921.nii.gz,/data4/haoranlai/Dataset/RAD_ChestCT/RadchestCTseg/val26921/val26921.nii.gz
/data4/haoranlai/Dataset/RAD_ChestCT/image/val26525.nii.gz,/data4/haoranlai/Dataset/RAD_ChestCT/RadchestCTseg/val26525/val26525.nii.gz
/data4/haoranlai/Dataset/RAD_ChestCT/image/val27005.nii.gz,/data4/haoranlai/Dataset/RAD_ChestCT/RadchestCTseg/val27005/val27005.nii.gz
/data4/haoranlai/Dataset/RAD_ChestCT/image/val25886.nii.gz,/data4/haoranlai/Dataset/RAD_ChestCT/RadchestCTseg/val25886/val25886.nii.gz
/data4/haoranlai/Dataset/RAD_ChestCT/image/val26653.nii.gz,/data4/haoranlai/Dataset/RAD_ChestCT/RadchestCTseg/val26653/val26653.nii.gz
/data4/haoranlai/Dataset/RAD_ChestCT/image/val25666.nii.gz,/data4/haoranlai/Dataset/RAD_ChestCT/RadchestCTseg/val25666/val25666.nii.gz
/data4/haoranlai/Dataset/RAD_ChestCT/image/val26641.nii.gz,/data4/haoranlai/Dataset/RAD_ChestCT/RadchestCTseg/val26641/val26641.nii.gz
/data4/haoranlai/Dataset/RAD_ChestCT/image/val27245.nii.gz,/data4/haoranlai/Dataset/RAD_ChestCT/RadchestCTseg/val27245/val27245.nii.gz
/data4/haoranlai/Dataset/RAD_ChestCT/image/val25604.nii.gz,/data4/haoranlai/Dataset/RAD_ChestCT/RadchestCTseg/val25604/val25604.nii.gz
/data4/haoranlai/Dataset/RAD_ChestCT/image/val26684.nii.gz,/data4/haoranlai/Dataset/RAD_ChestCT/RadchestCTseg/val26684/val26684.nii.gz
/data4/haoranlai/Dataset/RAD_ChestCT/image/val27041.nii.gz,/data4/haoranlai/Dataset/RAD_ChestCT/RadchestCTseg/val27041/val27041.nii.gz
/data4/haoranlai/Dataset/RAD_ChestCT/image/val26384.nii.gz,/data4/haoranlai/Dataset/RAD_ChestCT/RadchestCTseg/val26384/val26384.nii.gz
/data4/haoranlai/Dataset/RAD_ChestCT/image/val26273.nii.gz,/data4/haoranlai/Dataset/RAD_ChestCT/RadchestCTseg/val26273/val26273.nii.gz
/data4/haoranlai/Dataset/RAD_ChestCT/image/val26490.nii.gz,/data4/haoranlai/Dataset/RAD_ChestCT/RadchestCTseg/val26490/val26490.nii.gz
/data4/haoranlai/Dataset/RAD_ChestCT/image/val25658.nii.gz,/data4/haoranlai/Dataset/RAD_ChestCT/RadchestCTseg/val25658/val25658.nii.gz
/data4/haoranlai/Dataset/RAD_ChestCT/image/val25887.nii.gz,/data4/haoranlai/Dataset/RAD_ChestCT/RadchestCTseg/val25887/val25887.nii.gz
/data4/haoranlai/Dataset/RAD_ChestCT/image/val25378.nii.gz,/data4/haoranlai/Dataset/RAD_ChestCT/RadchestCTseg/val25378/val25378.nii.gz
/data4/haoranlai/Dataset/RAD_ChestCT/image/val25842.nii.gz,/data4/haoranlai/Dataset/RAD_ChestCT/RadchestCTseg/val25842/val25842.nii.gz
/data4/haoranlai/Dataset/RAD_ChestCT/image/val25534.nii.gz,/data4/haoranlai/Dataset/RAD_ChestCT/RadchestCTseg/val25534/val25534.nii.gz
/data4/haoranlai/Dataset/RAD_ChestCT/image/val26098.nii.gz,/data4/haoranlai/Dataset/RAD_ChestCT/RadchestCTseg/val26098/val26098.nii.gz
/data4/haoranlai/Dataset/RAD_ChestCT/image/val26436.nii.gz,/data4/haoranlai/Dataset/RAD_ChestCT/RadchestCTseg/val26436/val26436.nii.gz
/data4/haoranlai/Dataset/RAD_ChestCT/image/val27425.nii.gz,/data4/haoranlai/Dataset/RAD_ChestCT/RadchestCTseg/val27425/val27425.nii.gz
/data4/haoranlai/Dataset/RAD_ChestCT/image/val26423.nii.gz,/data4/haoranlai/Dataset/RAD_ChestCT/RadchestCTseg/val26423/val26423.nii.gz
/data4/haoranlai/Dataset/RAD_ChestCT/image/val25674.nii.gz,/data4/haoranlai/Dataset/RAD_ChestCT/RadchestCTseg/val25674/val25674.nii.gz
/data4/haoranlai/Dataset/RAD_ChestCT/image/val27050.nii.gz,/data4/haoranlai/Dataset/RAD_ChestCT/RadchestCTseg/val27050/val27050.nii.gz
/data4/haoranlai/Dataset/RAD_ChestCT/image/val25368.nii.gz,/data4/haoranlai/Dataset/RAD_ChestCT/RadchestCTseg/val25368/val25368.nii.gz
/data4/haoranlai/Dataset/RAD_ChestCT/image/val26691.nii.gz,/data4/haoranlai/Dataset/RAD_ChestCT/RadchestCTseg/val26691/val26691.nii.gz
/data4/haoranlai/Dataset/RAD_ChestCT/image/val26668.nii.gz,/data4/haoranlai/Dataset/RAD_ChestCT/RadchestCTseg/val26668/val26668.nii.gz
/data4/haoranlai/Dataset/RAD_ChestCT/image/val25759.nii.gz,/data4/haoranlai/Dataset/RAD_ChestCT/RadchestCTseg/val25759/val25759.nii.gz
/data4/haoranlai/Dataset/RAD_ChestCT/image/val25356.nii.gz,/data4/haoranlai/Dataset/RAD_ChestCT/RadchestCTseg/val25356/val25356.nii.gz
/data4/haoranlai/Dataset/RAD_ChestCT/image/val25924.nii.gz,/data4/haoranlai/Dataset/RAD_ChestCT/RadchestCTseg/val25924/val25924.nii.gz
/data4/haoranlai/Dataset/RAD_ChestCT/image/val27301.nii.gz,/data4/haoranlai/Dataset/RAD_ChestCT/RadchestCTseg/val27301/val27301.nii.gz
/data4/haoranlai/Dataset/RAD_ChestCT/image/val25626.nii.gz,/data4/haoranlai/Dataset/RAD_ChestCT/RadchestCTseg/val25626/val25626.nii.gz
/data4/haoranlai/Dataset/RAD_ChestCT/image/val27292.nii.gz,/data4/haoranlai/Dataset/RAD_ChestCT/RadchestCTseg/val27292/val27292.nii.gz
/data4/haoranlai/Dataset/RAD_ChestCT/image/val27153.nii.gz,/data4/haoranlai/Dataset/RAD_ChestCT/RadchestCTseg/val27153/val27153.nii.gz
/data4/haoranlai/Dataset/RAD_ChestCT/image/val25844.nii.gz,/data4/haoranlai/Dataset/RAD_ChestCT/RadchestCTseg/val25844/val25844.nii.gz
/data4/haoranlai/Dataset/RAD_ChestCT/image/val26172.nii.gz,/data4/haoranlai/Dataset/RAD_ChestCT/RadchestCTseg/val26172/val26172.nii.gz
/data4/haoranlai/Dataset/RAD_ChestCT/image/val26257.nii.gz,/data4/haoranlai/Dataset/RAD_ChestCT/RadchestCTseg/val26257/val26257.nii.gz
/data4/haoranlai/Dataset/RAD_ChestCT/image/val26046.nii.gz,/data4/haoranlai/Dataset/RAD_ChestCT/RadchestCTseg/val26046/val26046.nii.gz
/data4/haoranlai/Dataset/RAD_ChestCT/image/val26109.nii.gz,/data4/haoranlai/Dataset/RAD_ChestCT/RadchestCTseg/val26109/val26109.nii.gz
/data4/haoranlai/Dataset/RAD_ChestCT/image/val27142.nii.gz,/data4/haoranlai/Dataset/RAD_ChestCT/RadchestCTseg/val27142/val27142.nii.gz
/data4/haoranlai/Dataset/RAD_ChestCT/image/val26341.nii.gz,/data4/haoranlai/Dataset/RAD_ChestCT/RadchestCTseg/val26341/val26341.nii.gz
/data4/haoranlai/Dataset/RAD_ChestCT/image/val25930.nii.gz,/data4/haoranlai/Dataset/RAD_ChestCT/RadchestCTseg/val25930/val25930.nii.gz
/data4/haoranlai/Dataset/RAD_ChestCT/image/val25880.nii.gz,/data4/haoranlai/Dataset/RAD_ChestCT/RadchestCTseg/val25880/val25880.nii.gz
/data4/haoranlai/Dataset/RAD_ChestCT/image/val25865.nii.gz,/data4/haoranlai/Dataset/RAD_ChestCT/RadchestCTseg/val25865/val25865.nii.gz
/data4/haoranlai/Dataset/RAD_ChestCT/image/val27352.nii.gz,/data4/haoranlai/Dataset/RAD_ChestCT/RadchestCTseg/val27352/val27352.nii.gz
/data4/haoranlai/Dataset/RAD_ChestCT/image/val26541.nii.gz,/data4/haoranlai/Dataset/RAD_ChestCT/RadchestCTseg/val26541/val26541.nii.gz
/data4/haoranlai/Dataset/RAD_ChestCT/image/val27269.nii.gz,/data4/haoranlai/Dataset/RAD_ChestCT/RadchestCTseg/val27269/val27269.nii.gz
/data4/haoranlai/Dataset/RAD_ChestCT/image/val25874.nii.gz,/data4/haoranlai/Dataset/RAD_ChestCT/RadchestCTseg/val25874/val25874.nii.gz
/data4/haoranlai/Dataset/RAD_ChestCT/image/val26438.nii.gz,/data4/haoranlai/Dataset/RAD_ChestCT/RadchestCTseg/val26438/val26438.nii.gz
/data4/haoranlai/Dataset/RAD_ChestCT/image/val25681.nii.gz,/data4/haoranlai/Dataset/RAD_ChestCT/RadchestCTseg/val25681/val25681.nii.gz
/data4/haoranlai/Dataset/RAD_ChestCT/image/val26403.nii.gz,/data4/haoranlai/Dataset/RAD_ChestCT/RadchestCTseg/val26403/val26403.nii.gz
/data4/haoranlai/Dataset/RAD_ChestCT/image/val27043.nii.gz,/data4/haoranlai/Dataset/RAD_ChestCT/RadchestCTseg/val27043/val27043.nii.gz
/data4/haoranlai/Dataset/RAD_ChestCT/image/val26748.nii.gz,/data4/haoranlai/Dataset/RAD_ChestCT/RadchestCTseg/val26748/val26748.nii.gz
/data4/haoranlai/Dataset/RAD_ChestCT/image/val26789.nii.gz,/data4/haoranlai/Dataset/RAD_ChestCT/RadchestCTseg/val26789/val26789.nii.gz
/data4/haoranlai/Dataset/RAD_ChestCT/image/val26313.nii.gz,/data4/haoranlai/Dataset/RAD_ChestCT/RadchestCTseg/val26313/val26313.nii.gz
/data4/haoranlai/Dataset/RAD_ChestCT/image/val26788.nii.gz,/data4/haoranlai/Dataset/RAD_ChestCT/RadchestCTseg/val26788/val26788.nii.gz
/data4/haoranlai/Dataset/RAD_ChestCT/image/val27399.nii.gz,/data4/haoranlai/Dataset/RAD_ChestCT/RadchestCTseg/val27399/val27399.nii.gz
/data4/haoranlai/Dataset/RAD_ChestCT/image/val26634.nii.gz,/data4/haoranlai/Dataset/RAD_ChestCT/RadchestCTseg/val26634/val26634.nii.gz
/data4/haoranlai/Dataset/RAD_ChestCT/image/val26083.nii.gz,/data4/haoranlai/Dataset/RAD_ChestCT/RadchestCTseg/val26083/val26083.nii.gz
/data4/haoranlai/Dataset/RAD_ChestCT/image/val25652.nii.gz,/data4/haoranlai/Dataset/RAD_ChestCT/RadchestCTseg/val25652/val25652.nii.gz
/data4/haoranlai/Dataset/RAD_ChestCT/image/val26920.nii.gz,/data4/haoranlai/Dataset/RAD_ChestCT/RadchestCTseg/val26920/val26920.nii.gz
/data4/haoranlai/Dataset/RAD_ChestCT/image/val26593.nii.gz,/data4/haoranlai/Dataset/RAD_ChestCT/RadchestCTseg/val26593/val26593.nii.gz
/data4/haoranlai/Dataset/RAD_ChestCT/image/val27289.nii.gz,/data4/haoranlai/Dataset/RAD_ChestCT/RadchestCTseg/val27289/val27289.nii.gz
/data4/haoranlai/Dataset/RAD_ChestCT/image/val26219.nii.gz,/data4/haoranlai/Dataset/RAD_ChestCT/RadchestCTseg/val26219/val26219.nii.gz
/data4/haoranlai/Dataset/RAD_ChestCT/image/val26853.nii.gz,/data4/haoranlai/Dataset/RAD_ChestCT/RadchestCTseg/val26853/val26853.nii.gz
/data4/haoranlai/Dataset/RAD_ChestCT/image/val26174.nii.gz,/data4/haoranlai/Dataset/RAD_ChestCT/RadchestCTseg/val26174/val26174.nii.gz
/data4/haoranlai/Dataset/RAD_ChestCT/image/val27059.nii.gz,/data4/haoranlai/Dataset/RAD_ChestCT/RadchestCTseg/val27059/val27059.nii.gz
/data4/haoranlai/Dataset/RAD_ChestCT/image/val27329.nii.gz,/data4/haoranlai/Dataset/RAD_ChestCT/RadchestCTseg/val27329/val27329.nii.gz
/data4/haoranlai/Dataset/RAD_ChestCT/image/val26661.nii.gz,/data4/haoranlai/Dataset/RAD_ChestCT/RadchestCTseg/val26661/val26661.nii.gz
/data4/haoranlai/Dataset/RAD_ChestCT/image/val25550.nii.gz,/data4/haoranlai/Dataset/RAD_ChestCT/RadchestCTseg/val25550/val25550.nii.gz
/data4/haoranlai/Dataset/RAD_ChestCT/image/val26348.nii.gz,/data4/haoranlai/Dataset/RAD_ChestCT/RadchestCTseg/val26348/val26348.nii.gz
/data4/haoranlai/Dataset/RAD_ChestCT/image/val25707.nii.gz,/data4/haoranlai/Dataset/RAD_ChestCT/RadchestCTseg/val25707/val25707.nii.gz
/data4/haoranlai/Dataset/RAD_ChestCT/image/val25944.nii.gz,/data4/haoranlai/Dataset/RAD_ChestCT/RadchestCTseg/val25944/val25944.nii.gz
/data4/haoranlai/Dataset/RAD_ChestCT/image/val25753.nii.gz,/data4/haoranlai/Dataset/RAD_ChestCT/RadchestCTseg/val25753/val25753.nii.gz
/data4/haoranlai/Dataset/RAD_ChestCT/image/val26816.nii.gz,/data4/haoranlai/Dataset/RAD_ChestCT/RadchestCTseg/val26816/val26816.nii.gz
/data4/haoranlai/Dataset/RAD_ChestCT/image/val27281.nii.gz,/data4/haoranlai/Dataset/RAD_ChestCT/RadchestCTseg/val27281/val27281.nii.gz
/data4/haoranlai/Dataset/RAD_ChestCT/image/val27226.nii.gz,/data4/haoranlai/Dataset/RAD_ChestCT/RadchestCTseg/val27226/val27226.nii.gz
/data4/haoranlai/Dataset/RAD_ChestCT/image/val27315.nii.gz,/data4/haoranlai/Dataset/RAD_ChestCT/RadchestCTseg/val27315/val27315.nii.gz
/data4/haoranlai/Dataset/RAD_ChestCT/image/val25620.nii.gz,/data4/haoranlai/Dataset/RAD_ChestCT/RadchestCTseg/val25620/val25620.nii.gz
/data4/haoranlai/Dataset/RAD_ChestCT/image/val25436.nii.gz,/data4/haoranlai/Dataset/RAD_ChestCT/RadchestCTseg/val25436/val25436.nii.gz
/data4/haoranlai/Dataset/RAD_ChestCT/image/val25661.nii.gz,/data4/haoranlai/Dataset/RAD_ChestCT/RadchestCTseg/val25661/val25661.nii.gz
/data4/haoranlai/Dataset/RAD_ChestCT/image/val25710.nii.gz,/data4/haoranlai/Dataset/RAD_ChestCT/RadchestCTseg/val25710/val25710.nii.gz
/data4/haoranlai/Dataset/RAD_ChestCT/image/val25689.nii.gz,/data4/haoranlai/Dataset/RAD_ChestCT/RadchestCTseg/val25689/val25689.nii.gz
/data4/haoranlai/Dataset/RAD_ChestCT/image/val26679.nii.gz,/data4/haoranlai/Dataset/RAD_ChestCT/RadchestCTseg/val26679/val26679.nii.gz
/data4/haoranlai/Dataset/RAD_ChestCT/image/val27122.nii.gz,/data4/haoranlai/Dataset/RAD_ChestCT/RadchestCTseg/val27122/val27122.nii.gz
/data4/haoranlai/Dataset/RAD_ChestCT/image/val26484.nii.gz,/data4/haoranlai/Dataset/RAD_ChestCT/RadchestCTseg/val26484/val26484.nii.gz
/data4/haoranlai/Dataset/RAD_ChestCT/image/val26328.nii.gz,/data4/haoranlai/Dataset/RAD_ChestCT/RadchestCTseg/val26328/val26328.nii.gz
/data4/haoranlai/Dataset/RAD_ChestCT/image/val27220.nii.gz,/data4/haoranlai/Dataset/RAD_ChestCT/RadchestCTseg/val27220/val27220.nii.gz
/data4/haoranlai/Dataset/RAD_ChestCT/image/val27000.nii.gz,/data4/haoranlai/Dataset/RAD_ChestCT/RadchestCTseg/val27000/val27000.nii.gz
/data4/haoranlai/Dataset/RAD_ChestCT/image/val26716.nii.gz,/data4/haoranlai/Dataset/RAD_ChestCT/RadchestCTseg/val26716/val26716.nii.gz
/data4/haoranlai/Dataset/RAD_ChestCT/image/val26019.nii.gz,/data4/haoranlai/Dataset/RAD_ChestCT/RadchestCTseg/val26019/val26019.nii.gz
/data4/haoranlai/Dataset/RAD_ChestCT/image/val26269.nii.gz,/data4/haoranlai/Dataset/RAD_ChestCT/RadchestCTseg/val26269/val26269.nii.gz
/data4/haoranlai/Dataset/RAD_ChestCT/image/val25676.nii.gz,/data4/haoranlai/Dataset/RAD_ChestCT/RadchestCTseg/val25676/val25676.nii.gz
/data4/haoranlai/Dataset/RAD_ChestCT/image/val26901.nii.gz,/data4/haoranlai/Dataset/RAD_ChestCT/RadchestCTseg/val26901/val26901.nii.gz
/data4/haoranlai/Dataset/RAD_ChestCT/image/val26880.nii.gz,/data4/haoranlai/Dataset/RAD_ChestCT/RadchestCTseg/val26880/val26880.nii.gz
/data4/haoranlai/Dataset/RAD_ChestCT/image/val25895.nii.gz,/data4/haoranlai/Dataset/RAD_ChestCT/RadchestCTseg/val25895/val25895.nii.gz
/data4/haoranlai/Dataset/RAD_ChestCT/image/val26032.nii.gz,/data4/haoranlai/Dataset/RAD_ChestCT/RadchestCTseg/val26032/val26032.nii.gz
/data4/haoranlai/Dataset/RAD_ChestCT/image/val26171.nii.gz,/data4/haoranlai/Dataset/RAD_ChestCT/RadchestCTseg/val26171/val26171.nii.gz
/data4/haoranlai/Dataset/RAD_ChestCT/image/val25645.nii.gz,/data4/haoranlai/Dataset/RAD_ChestCT/RadchestCTseg/val25645/val25645.nii.gz
/data4/haoranlai/Dataset/RAD_ChestCT/image/val25520.nii.gz,/data4/haoranlai/Dataset/RAD_ChestCT/RadchestCTseg/val25520/val25520.nii.gz
/data4/haoranlai/Dataset/RAD_ChestCT/image/val25823.nii.gz,/data4/haoranlai/Dataset/RAD_ChestCT/RadchestCTseg/val25823/val25823.nii.gz
/data4/haoranlai/Dataset/RAD_ChestCT/image/val26810.nii.gz,/data4/haoranlai/Dataset/RAD_ChestCT/RadchestCTseg/val26810/val26810.nii.gz
/data4/haoranlai/Dataset/RAD_ChestCT/image/val26611.nii.gz,/data4/haoranlai/Dataset/RAD_ChestCT/RadchestCTseg/val26611/val26611.nii.gz
/data4/haoranlai/Dataset/RAD_ChestCT/image/val26943.nii.gz,/data4/haoranlai/Dataset/RAD_ChestCT/RadchestCTseg/val26943/val26943.nii.gz
/data4/haoranlai/Dataset/RAD_ChestCT/image/val26343.nii.gz,/data4/haoranlai/Dataset/RAD_ChestCT/RadchestCTseg/val26343/val26343.nii.gz
/data4/haoranlai/Dataset/RAD_ChestCT/image/val26418.nii.gz,/data4/haoranlai/Dataset/RAD_ChestCT/RadchestCTseg/val26418/val26418.nii.gz
/data4/haoranlai/Dataset/RAD_ChestCT/image/val26210.nii.gz,/data4/haoranlai/Dataset/RAD_ChestCT/RadchestCTseg/val26210/val26210.nii.gz
/data4/haoranlai/Dataset/RAD_ChestCT/image/val25784.nii.gz,/data4/haoranlai/Dataset/RAD_ChestCT/RadchestCTseg/val25784/val25784.nii.gz
/data4/haoranlai/Dataset/RAD_ChestCT/image/val26886.nii.gz,/data4/haoranlai/Dataset/RAD_ChestCT/RadchestCTseg/val26886/val26886.nii.gz
/data4/haoranlai/Dataset/RAD_ChestCT/image/val27424.nii.gz,/data4/haoranlai/Dataset/RAD_ChestCT/RadchestCTseg/val27424/val27424.nii.gz
/data4/haoranlai/Dataset/RAD_ChestCT/image/val26592.nii.gz,/data4/haoranlai/Dataset/RAD_ChestCT/RadchestCTseg/val26592/val26592.nii.gz
/data4/haoranlai/Dataset/RAD_ChestCT/image/val26124.nii.gz,/data4/haoranlai/Dataset/RAD_ChestCT/RadchestCTseg/val26124/val26124.nii.gz
/data4/haoranlai/Dataset/RAD_ChestCT/image/val27139.nii.gz,/data4/haoranlai/Dataset/RAD_ChestCT/RadchestCTseg/val27139/val27139.nii.gz
/data4/haoranlai/Dataset/RAD_ChestCT/image/val27053.nii.gz,/data4/haoranlai/Dataset/RAD_ChestCT/RadchestCTseg/val27053/val27053.nii.gz
/data4/haoranlai/Dataset/RAD_ChestCT/image/val27147.nii.gz,/data4/haoranlai/Dataset/RAD_ChestCT/RadchestCTseg/val27147/val27147.nii.gz
/data4/haoranlai/Dataset/RAD_ChestCT/image/val26503.nii.gz,/data4/haoranlai/Dataset/RAD_ChestCT/RadchestCTseg/val26503/val26503.nii.gz
/data4/haoranlai/Dataset/RAD_ChestCT/image/val25949.nii.gz,/data4/haoranlai/Dataset/RAD_ChestCT/RadchestCTseg/val25949/val25949.nii.gz
/data4/haoranlai/Dataset/RAD_ChestCT/image/val27285.nii.gz,/data4/haoranlai/Dataset/RAD_ChestCT/RadchestCTseg/val27285/val27285.nii.gz
/data4/haoranlai/Dataset/RAD_ChestCT/image/val27134.nii.gz,/data4/haoranlai/Dataset/RAD_ChestCT/RadchestCTseg/val27134/val27134.nii.gz
/data4/haoranlai/Dataset/RAD_ChestCT/image/val27117.nii.gz,/data4/haoranlai/Dataset/RAD_ChestCT/RadchestCTseg/val27117/val27117.nii.gz
/data4/haoranlai/Dataset/RAD_ChestCT/image/val25819.nii.gz,/data4/haoranlai/Dataset/RAD_ChestCT/RadchestCTseg/val25819/val25819.nii.gz
/data4/haoranlai/Dataset/RAD_ChestCT/image/val26209.nii.gz,/data4/haoranlai/Dataset/RAD_ChestCT/RadchestCTseg/val26209/val26209.nii.gz
/data4/haoranlai/Dataset/RAD_ChestCT/image/val27211.nii.gz,/data4/haoranlai/Dataset/RAD_ChestCT/RadchestCTseg/val27211/val27211.nii.gz
/data4/haoranlai/Dataset/RAD_ChestCT/image/val26063.nii.gz,/data4/haoranlai/Dataset/RAD_ChestCT/RadchestCTseg/val26063/val26063.nii.gz
/data4/haoranlai/Dataset/RAD_ChestCT/image/val26444.nii.gz,/data4/haoranlai/Dataset/RAD_ChestCT/RadchestCTseg/val26444/val26444.nii.gz
/data4/haoranlai/Dataset/RAD_ChestCT/image/val25892.nii.gz,/data4/haoranlai/Dataset/RAD_ChestCT/RadchestCTseg/val25892/val25892.nii.gz
/data4/haoranlai/Dataset/RAD_ChestCT/image/val26583.nii.gz,/data4/haoranlai/Dataset/RAD_ChestCT/RadchestCTseg/val26583/val26583.nii.gz
/data4/haoranlai/Dataset/RAD_ChestCT/image/val27036.nii.gz,/data4/haoranlai/Dataset/RAD_ChestCT/RadchestCTseg/val27036/val27036.nii.gz
/data4/haoranlai/Dataset/RAD_ChestCT/image/val26884.nii.gz,/data4/haoranlai/Dataset/RAD_ChestCT/RadchestCTseg/val26884/val26884.nii.gz
/data4/haoranlai/Dataset/RAD_ChestCT/image/val26638.nii.gz,/data4/haoranlai/Dataset/RAD_ChestCT/RadchestCTseg/val26638/val26638.nii.gz
/data4/haoranlai/Dataset/RAD_ChestCT/image/val26550.nii.gz,/data4/haoranlai/Dataset/RAD_ChestCT/RadchestCTseg/val26550/val26550.nii.gz
/data4/haoranlai/Dataset/RAD_ChestCT/image/val25589.nii.gz,/data4/haoranlai/Dataset/RAD_ChestCT/RadchestCTseg/val25589/val25589.nii.gz
/data4/haoranlai/Dataset/RAD_ChestCT/image/val27028.nii.gz,/data4/haoranlai/Dataset/RAD_ChestCT/RadchestCTseg/val27028/val27028.nii.gz
/data4/haoranlai/Dataset/RAD_ChestCT/image/val26110.nii.gz,/data4/haoranlai/Dataset/RAD_ChestCT/RadchestCTseg/val26110/val26110.nii.gz
/data4/haoranlai/Dataset/RAD_ChestCT/image/val26858.nii.gz,/data4/haoranlai/Dataset/RAD_ChestCT/RadchestCTseg/val26858/val26858.nii.gz
/data4/haoranlai/Dataset/RAD_ChestCT/image/val25369.nii.gz,/data4/haoranlai/Dataset/RAD_ChestCT/RadchestCTseg/val25369/val25369.nii.gz
/data4/haoranlai/Dataset/RAD_ChestCT/image/val26262.nii.gz,/data4/haoranlai/Dataset/RAD_ChestCT/RadchestCTseg/val26262/val26262.nii.gz
/data4/haoranlai/Dataset/RAD_ChestCT/image/val25793.nii.gz,/data4/haoranlai/Dataset/RAD_ChestCT/RadchestCTseg/val25793/val25793.nii.gz
/data4/haoranlai/Dataset/RAD_ChestCT/image/val27125.nii.gz,/data4/haoranlai/Dataset/RAD_ChestCT/RadchestCTseg/val27125/val27125.nii.gz
/data4/haoranlai/Dataset/RAD_ChestCT/image/val27172.nii.gz,/data4/haoranlai/Dataset/RAD_ChestCT/RadchestCTseg/val27172/val27172.nii.gz
/data4/haoranlai/Dataset/RAD_ChestCT/image/val26332.nii.gz,/data4/haoranlai/Dataset/RAD_ChestCT/RadchestCTseg/val26332/val26332.nii.gz
/data4/haoranlai/Dataset/RAD_ChestCT/image/val26123.nii.gz,/data4/haoranlai/Dataset/RAD_ChestCT/RadchestCTseg/val26123/val26123.nii.gz
/data4/haoranlai/Dataset/RAD_ChestCT/image/val26192.nii.gz,/data4/haoranlai/Dataset/RAD_ChestCT/RadchestCTseg/val26192/val26192.nii.gz
/data4/haoranlai/Dataset/RAD_ChestCT/image/val26233.nii.gz,/data4/haoranlai/Dataset/RAD_ChestCT/RadchestCTseg/val26233/val26233.nii.gz
/data4/haoranlai/Dataset/RAD_ChestCT/image/val27260.nii.gz,/data4/haoranlai/Dataset/RAD_ChestCT/RadchestCTseg/val27260/val27260.nii.gz
/data4/haoranlai/Dataset/RAD_ChestCT/image/val25395.nii.gz,/data4/haoranlai/Dataset/RAD_ChestCT/RadchestCTseg/val25395/val25395.nii.gz
/data4/haoranlai/Dataset/RAD_ChestCT/image/val26636.nii.gz,/data4/haoranlai/Dataset/RAD_ChestCT/RadchestCTseg/val26636/val26636.nii.gz
/data4/haoranlai/Dataset/RAD_ChestCT/image/val25494.nii.gz,/data4/haoranlai/Dataset/RAD_ChestCT/RadchestCTseg/val25494/val25494.nii.gz
/data4/haoranlai/Dataset/RAD_ChestCT/image/val26168.nii.gz,/data4/haoranlai/Dataset/RAD_ChestCT/RadchestCTseg/val26168/val26168.nii.gz
/data4/haoranlai/Dataset/RAD_ChestCT/image/val26469.nii.gz,/data4/haoranlai/Dataset/RAD_ChestCT/RadchestCTseg/val26469/val26469.nii.gz
/data4/haoranlai/Dataset/RAD_ChestCT/image/val27309.nii.gz,/data4/haoranlai/Dataset/RAD_ChestCT/RadchestCTseg/val27309/val27309.nii.gz
/data4/haoranlai/Dataset/RAD_ChestCT/image/val27207.nii.gz,/data4/haoranlai/Dataset/RAD_ChestCT/RadchestCTseg/val27207/val27207.nii.gz
/data4/haoranlai/Dataset/RAD_ChestCT/image/val27143.nii.gz,/data4/haoranlai/Dataset/RAD_ChestCT/RadchestCTseg/val27143/val27143.nii.gz
/data4/haoranlai/Dataset/RAD_ChestCT/image/val26361.nii.gz,/data4/haoranlai/Dataset/RAD_ChestCT/RadchestCTseg/val26361/val26361.nii.gz
/data4/haoranlai/Dataset/RAD_ChestCT/image/val25919.nii.gz,/data4/haoranlai/Dataset/RAD_ChestCT/RadchestCTseg/val25919/val25919.nii.gz
/data4/haoranlai/Dataset/RAD_ChestCT/image/val26446.nii.gz,/data4/haoranlai/Dataset/RAD_ChestCT/RadchestCTseg/val26446/val26446.nii.gz
/data4/haoranlai/Dataset/RAD_ChestCT/image/val25557.nii.gz,/data4/haoranlai/Dataset/RAD_ChestCT/RadchestCTseg/val25557/val25557.nii.gz
/data4/haoranlai/Dataset/RAD_ChestCT/image/val26367.nii.gz,/data4/haoranlai/Dataset/RAD_ChestCT/RadchestCTseg/val26367/val26367.nii.gz
/data4/haoranlai/Dataset/RAD_ChestCT/image/val26963.nii.gz,/data4/haoranlai/Dataset/RAD_ChestCT/RadchestCTseg/val26963/val26963.nii.gz
/data4/haoranlai/Dataset/RAD_ChestCT/image/val26974.nii.gz,/data4/haoranlai/Dataset/RAD_ChestCT/RadchestCTseg/val26974/val26974.nii.gz
/data4/haoranlai/Dataset/RAD_ChestCT/image/val26732.nii.gz,/data4/haoranlai/Dataset/RAD_ChestCT/RadchestCTseg/val26732/val26732.nii.gz
/data4/haoranlai/Dataset/RAD_ChestCT/image/val25527.nii.gz,/data4/haoranlai/Dataset/RAD_ChestCT/RadchestCTseg/val25527/val25527.nii.gz
/data4/haoranlai/Dataset/RAD_ChestCT/image/val27109.nii.gz,/data4/haoranlai/Dataset/RAD_ChestCT/RadchestCTseg/val27109/val27109.nii.gz
/data4/haoranlai/Dataset/RAD_ChestCT/image/val26408.nii.gz,/data4/haoranlai/Dataset/RAD_ChestCT/RadchestCTseg/val26408/val26408.nii.gz
/data4/haoranlai/Dataset/RAD_ChestCT/image/val25914.nii.gz,/data4/haoranlai/Dataset/RAD_ChestCT/RadchestCTseg/val25914/val25914.nii.gz
/data4/haoranlai/Dataset/RAD_ChestCT/image/val25659.nii.gz,/data4/haoranlai/Dataset/RAD_ChestCT/RadchestCTseg/val25659/val25659.nii.gz
/data4/haoranlai/Dataset/RAD_ChestCT/image/val25518.nii.gz,/data4/haoranlai/Dataset/RAD_ChestCT/RadchestCTseg/val25518/val25518.nii.gz
/data4/haoranlai/Dataset/RAD_ChestCT/image/val26546.nii.gz,/data4/haoranlai/Dataset/RAD_ChestCT/RadchestCTseg/val26546/val26546.nii.gz
/data4/haoranlai/Dataset/RAD_ChestCT/image/val26129.nii.gz,/data4/haoranlai/Dataset/RAD_ChestCT/RadchestCTseg/val26129/val26129.nii.gz
/data4/haoranlai/Dataset/RAD_ChestCT/image/val26392.nii.gz,/data4/haoranlai/Dataset/RAD_ChestCT/RadchestCTseg/val26392/val26392.nii.gz
/data4/haoranlai/Dataset/RAD_ChestCT/image/val25872.nii.gz,/data4/haoranlai/Dataset/RAD_ChestCT/RadchestCTseg/val25872/val25872.nii.gz
/data4/haoranlai/Dataset/RAD_ChestCT/image/val26036.nii.gz,/data4/haoranlai/Dataset/RAD_ChestCT/RadchestCTseg/val26036/val26036.nii.gz
/data4/haoranlai/Dataset/RAD_ChestCT/image/val27374.nii.gz,/data4/haoranlai/Dataset/RAD_ChestCT/RadchestCTseg/val27374/val27374.nii.gz
/data4/haoranlai/Dataset/RAD_ChestCT/image/val25806.nii.gz,/data4/haoranlai/Dataset/RAD_ChestCT/RadchestCTseg/val25806/val25806.nii.gz
/data4/haoranlai/Dataset/RAD_ChestCT/image/val26998.nii.gz,/data4/haoranlai/Dataset/RAD_ChestCT/RadchestCTseg/val26998/val26998.nii.gz
/data4/haoranlai/Dataset/RAD_ChestCT/image/val26224.nii.gz,/data4/haoranlai/Dataset/RAD_ChestCT/RadchestCTseg/val26224/val26224.nii.gz
/data4/haoranlai/Dataset/RAD_ChestCT/image/val26646.nii.gz,/data4/haoranlai/Dataset/RAD_ChestCT/RadchestCTseg/val26646/val26646.nii.gz
/data4/haoranlai/Dataset/RAD_ChestCT/image/val25812.nii.gz,/data4/haoranlai/Dataset/RAD_ChestCT/RadchestCTseg/val25812/val25812.nii.gz
/data4/haoranlai/Dataset/RAD_ChestCT/image/val26899.nii.gz,/data4/haoranlai/Dataset/RAD_ChestCT/RadchestCTseg/val26899/val26899.nii.gz
/data4/haoranlai/Dataset/RAD_ChestCT/image/val25468.nii.gz,/data4/haoranlai/Dataset/RAD_ChestCT/RadchestCTseg/val25468/val25468.nii.gz
/data4/haoranlai/Dataset/RAD_ChestCT/image/val25948.nii.gz,/data4/haoranlai/Dataset/RAD_ChestCT/RadchestCTseg/val25948/val25948.nii.gz
/data4/haoranlai/Dataset/RAD_ChestCT/image/val26794.nii.gz,/data4/haoranlai/Dataset/RAD_ChestCT/RadchestCTseg/val26794/val26794.nii.gz
/data4/haoranlai/Dataset/RAD_ChestCT/image/val26741.nii.gz,/data4/haoranlai/Dataset/RAD_ChestCT/RadchestCTseg/val26741/val26741.nii.gz
/data4/haoranlai/Dataset/RAD_ChestCT/image/val26500.nii.gz,/data4/haoranlai/Dataset/RAD_ChestCT/RadchestCTseg/val26500/val26500.nii.gz
/data4/haoranlai/Dataset/RAD_ChestCT/image/val25482.nii.gz,/data4/haoranlai/Dataset/RAD_ChestCT/RadchestCTseg/val25482/val25482.nii.gz
/data4/haoranlai/Dataset/RAD_ChestCT/image/val27057.nii.gz,/data4/haoranlai/Dataset/RAD_ChestCT/RadchestCTseg/val27057/val27057.nii.gz
/data4/haoranlai/Dataset/RAD_ChestCT/image/val26491.nii.gz,/data4/haoranlai/Dataset/RAD_ChestCT/RadchestCTseg/val26491/val26491.nii.gz
/data4/haoranlai/Dataset/RAD_ChestCT/image/val27209.nii.gz,/data4/haoranlai/Dataset/RAD_ChestCT/RadchestCTseg/val27209/val27209.nii.gz
/data4/haoranlai/Dataset/RAD_ChestCT/image/val25406.nii.gz,/data4/haoranlai/Dataset/RAD_ChestCT/RadchestCTseg/val25406/val25406.nii.gz
/data4/haoranlai/Dataset/RAD_ChestCT/image/val25412.nii.gz,/data4/haoranlai/Dataset/RAD_ChestCT/RadchestCTseg/val25412/val25412.nii.gz
/data4/haoranlai/Dataset/RAD_ChestCT/image/val26565.nii.gz,/data4/haoranlai/Dataset/RAD_ChestCT/RadchestCTseg/val26565/val26565.nii.gz
/data4/haoranlai/Dataset/RAD_ChestCT/image/val26452.nii.gz,/data4/haoranlai/Dataset/RAD_ChestCT/RadchestCTseg/val26452/val26452.nii.gz
/data4/haoranlai/Dataset/RAD_ChestCT/image/val25723.nii.gz,/data4/haoranlai/Dataset/RAD_ChestCT/RadchestCTseg/val25723/val25723.nii.gz
/data4/haoranlai/Dataset/RAD_ChestCT/image/val25706.nii.gz,/data4/haoranlai/Dataset/RAD_ChestCT/RadchestCTseg/val25706/val25706.nii.gz
/data4/haoranlai/Dataset/RAD_ChestCT/image/val26252.nii.gz,/data4/haoranlai/Dataset/RAD_ChestCT/RadchestCTseg/val26252/val26252.nii.gz
/data4/haoranlai/Dataset/RAD_ChestCT/image/val26042.nii.gz,/data4/haoranlai/Dataset/RAD_ChestCT/RadchestCTseg/val26042/val26042.nii.gz
/data4/haoranlai/Dataset/RAD_ChestCT/image/val27238.nii.gz,/data4/haoranlai/Dataset/RAD_ChestCT/RadchestCTseg/val27238/val27238.nii.gz
/data4/haoranlai/Dataset/RAD_ChestCT/image/val26996.nii.gz,/data4/haoranlai/Dataset/RAD_ChestCT/RadchestCTseg/val26996/val26996.nii.gz
/data4/haoranlai/Dataset/RAD_ChestCT/image/val26499.nii.gz,/data4/haoranlai/Dataset/RAD_ChestCT/RadchestCTseg/val26499/val26499.nii.gz
/data4/haoranlai/Dataset/RAD_ChestCT/image/val25448.nii.gz,/data4/haoranlai/Dataset/RAD_ChestCT/RadchestCTseg/val25448/val25448.nii.gz
/data4/haoranlai/Dataset/RAD_ChestCT/image/val25957.nii.gz,/data4/haoranlai/Dataset/RAD_ChestCT/RadchestCTseg/val25957/val25957.nii.gz
/data4/haoranlai/Dataset/RAD_ChestCT/image/val27085.nii.gz,/data4/haoranlai/Dataset/RAD_ChestCT/RadchestCTseg/val27085/val27085.nii.gz
/data4/haoranlai/Dataset/RAD_ChestCT/image/val26290.nii.gz,/data4/haoranlai/Dataset/RAD_ChestCT/RadchestCTseg/val26290/val26290.nii.gz
/data4/haoranlai/Dataset/RAD_ChestCT/image/val26231.nii.gz,/data4/haoranlai/Dataset/RAD_ChestCT/RadchestCTseg/val26231/val26231.nii.gz
/data4/haoranlai/Dataset/RAD_ChestCT/image/val26890.nii.gz,/data4/haoranlai/Dataset/RAD_ChestCT/RadchestCTseg/val26890/val26890.nii.gz
/data4/haoranlai/Dataset/RAD_ChestCT/image/val27099.nii.gz,/data4/haoranlai/Dataset/RAD_ChestCT/RadchestCTseg/val27099/val27099.nii.gz
/data4/haoranlai/Dataset/RAD_ChestCT/image/val27132.nii.gz,/data4/haoranlai/Dataset/RAD_ChestCT/RadchestCTseg/val27132/val27132.nii.gz
/data4/haoranlai/Dataset/RAD_ChestCT/image/val25679.nii.gz,/data4/haoranlai/Dataset/RAD_ChestCT/RadchestCTseg/val25679/val25679.nii.gz
/data4/haoranlai/Dataset/RAD_ChestCT/image/val27026.nii.gz,/data4/haoranlai/Dataset/RAD_ChestCT/RadchestCTseg/val27026/val27026.nii.gz
/data4/haoranlai/Dataset/RAD_ChestCT/image/val26153.nii.gz,/data4/haoranlai/Dataset/RAD_ChestCT/RadchestCTseg/val26153/val26153.nii.gz
/data4/haoranlai/Dataset/RAD_ChestCT/image/val27011.nii.gz,/data4/haoranlai/Dataset/RAD_ChestCT/RadchestCTseg/val27011/val27011.nii.gz
/data4/haoranlai/Dataset/RAD_ChestCT/image/val26289.nii.gz,/data4/haoranlai/Dataset/RAD_ChestCT/RadchestCTseg/val26289/val26289.nii.gz
/data4/haoranlai/Dataset/RAD_ChestCT/image/val25530.nii.gz,/data4/haoranlai/Dataset/RAD_ChestCT/RadchestCTseg/val25530/val25530.nii.gz
/data4/haoranlai/Dataset/RAD_ChestCT/image/val25508.nii.gz,/data4/haoranlai/Dataset/RAD_ChestCT/RadchestCTseg/val25508/val25508.nii.gz
/data4/haoranlai/Dataset/RAD_ChestCT/image/val25538.nii.gz,/data4/haoranlai/Dataset/RAD_ChestCT/RadchestCTseg/val25538/val25538.nii.gz
/data4/haoranlai/Dataset/RAD_ChestCT/image/val25757.nii.gz,/data4/haoranlai/Dataset/RAD_ChestCT/RadchestCTseg/val25757/val25757.nii.gz
/data4/haoranlai/Dataset/RAD_ChestCT/image/val25715.nii.gz,/data4/haoranlai/Dataset/RAD_ChestCT/RadchestCTseg/val25715/val25715.nii.gz
/data4/haoranlai/Dataset/RAD_ChestCT/image/val25498.nii.gz,/data4/haoranlai/Dataset/RAD_ChestCT/RadchestCTseg/val25498/val25498.nii.gz
/data4/haoranlai/Dataset/RAD_ChestCT/image/val26131.nii.gz,/data4/haoranlai/Dataset/RAD_ChestCT/RadchestCTseg/val26131/val26131.nii.gz
/data4/haoranlai/Dataset/RAD_ChestCT/image/val25551.nii.gz,/data4/haoranlai/Dataset/RAD_ChestCT/RadchestCTseg/val25551/val25551.nii.gz
/data4/haoranlai/Dataset/RAD_ChestCT/image/val25885.nii.gz,/data4/haoranlai/Dataset/RAD_ChestCT/RadchestCTseg/val25885/val25885.nii.gz
/data4/haoranlai/Dataset/RAD_ChestCT/image/val25650.nii.gz,/data4/haoranlai/Dataset/RAD_ChestCT/RadchestCTseg/val25650/val25650.nii.gz
/data4/haoranlai/Dataset/RAD_ChestCT/image/val26346.nii.gz,/data4/haoranlai/Dataset/RAD_ChestCT/RadchestCTseg/val26346/val26346.nii.gz
/data4/haoranlai/Dataset/RAD_ChestCT/image/val26259.nii.gz,/data4/haoranlai/Dataset/RAD_ChestCT/RadchestCTseg/val26259/val26259.nii.gz
/data4/haoranlai/Dataset/RAD_ChestCT/image/val27353.nii.gz,/data4/haoranlai/Dataset/RAD_ChestCT/RadchestCTseg/val27353/val27353.nii.gz
/data4/haoranlai/Dataset/RAD_ChestCT/image/val26015.nii.gz,/data4/haoranlai/Dataset/RAD_ChestCT/RadchestCTseg/val26015/val26015.nii.gz
/data4/haoranlai/Dataset/RAD_ChestCT/image/val27408.nii.gz,/data4/haoranlai/Dataset/RAD_ChestCT/RadchestCTseg/val27408/val27408.nii.gz
/data4/haoranlai/Dataset/RAD_ChestCT/image/val25671.nii.gz,/data4/haoranlai/Dataset/RAD_ChestCT/RadchestCTseg/val25671/val25671.nii.gz
/data4/haoranlai/Dataset/RAD_ChestCT/image/val26605.nii.gz,/data4/haoranlai/Dataset/RAD_ChestCT/RadchestCTseg/val26605/val26605.nii.gz
/data4/haoranlai/Dataset/RAD_ChestCT/image/val26624.nii.gz,/data4/haoranlai/Dataset/RAD_ChestCT/RadchestCTseg/val26624/val26624.nii.gz
/data4/haoranlai/Dataset/RAD_ChestCT/image/val27003.nii.gz,/data4/haoranlai/Dataset/RAD_ChestCT/RadchestCTseg/val27003/val27003.nii.gz
/data4/haoranlai/Dataset/RAD_ChestCT/image/val26194.nii.gz,/data4/haoranlai/Dataset/RAD_ChestCT/RadchestCTseg/val26194/val26194.nii.gz
/data4/haoranlai/Dataset/RAD_ChestCT/image/val26591.nii.gz,/data4/haoranlai/Dataset/RAD_ChestCT/RadchestCTseg/val26591/val26591.nii.gz
/data4/haoranlai/Dataset/RAD_ChestCT/image/val26976.nii.gz,/data4/haoranlai/Dataset/RAD_ChestCT/RadchestCTseg/val26976/val26976.nii.gz
/data4/haoranlai/Dataset/RAD_ChestCT/image/val26417.nii.gz,/data4/haoranlai/Dataset/RAD_ChestCT/RadchestCTseg/val26417/val26417.nii.gz
/data4/haoranlai/Dataset/RAD_ChestCT/image/val25955.nii.gz,/data4/haoranlai/Dataset/RAD_ChestCT/RadchestCTseg/val25955/val25955.nii.gz
/data4/haoranlai/Dataset/RAD_ChestCT/image/val26155.nii.gz,/data4/haoranlai/Dataset/RAD_ChestCT/RadchestCTseg/val26155/val26155.nii.gz
/data4/haoranlai/Dataset/RAD_ChestCT/image/val27364.nii.gz,/data4/haoranlai/Dataset/RAD_ChestCT/RadchestCTseg/val27364/val27364.nii.gz
/data4/haoranlai/Dataset/RAD_ChestCT/image/val25434.nii.gz,/data4/haoranlai/Dataset/RAD_ChestCT/RadchestCTseg/val25434/val25434.nii.gz
/data4/haoranlai/Dataset/RAD_ChestCT/image/val25952.nii.gz,/data4/haoranlai/Dataset/RAD_ChestCT/RadchestCTseg/val25952/val25952.nii.gz
/data4/haoranlai/Dataset/RAD_ChestCT/image/val25831.nii.gz,/data4/haoranlai/Dataset/RAD_ChestCT/RadchestCTseg/val25831/val25831.nii.gz
/data4/haoranlai/Dataset/RAD_ChestCT/image/val26481.nii.gz,/data4/haoranlai/Dataset/RAD_ChestCT/RadchestCTseg/val26481/val26481.nii.gz
/data4/haoranlai/Dataset/RAD_ChestCT/image/val26958.nii.gz,/data4/haoranlai/Dataset/RAD_ChestCT/RadchestCTseg/val26958/val26958.nii.gz
/data4/haoranlai/Dataset/RAD_ChestCT/image/val26983.nii.gz,/data4/haoranlai/Dataset/RAD_ChestCT/RadchestCTseg/val26983/val26983.nii.gz
/data4/haoranlai/Dataset/RAD_ChestCT/image/val26819.nii.gz,/data4/haoranlai/Dataset/RAD_ChestCT/RadchestCTseg/val26819/val26819.nii.gz
/data4/haoranlai/Dataset/RAD_ChestCT/image/val25405.nii.gz,/data4/haoranlai/Dataset/RAD_ChestCT/RadchestCTseg/val25405/val25405.nii.gz
/data4/haoranlai/Dataset/RAD_ChestCT/image/val25797.nii.gz,/data4/haoranlai/Dataset/RAD_ChestCT/RadchestCTseg/val25797/val25797.nii.gz
/data4/haoranlai/Dataset/RAD_ChestCT/image/val25608.nii.gz,/data4/haoranlai/Dataset/RAD_ChestCT/RadchestCTseg/val25608/val25608.nii.gz
/data4/haoranlai/Dataset/RAD_ChestCT/image/val25411.nii.gz,/data4/haoranlai/Dataset/RAD_ChestCT/RadchestCTseg/val25411/val25411.nii.gz
/data4/haoranlai/Dataset/RAD_ChestCT/image/val26755.nii.gz,/data4/haoranlai/Dataset/RAD_ChestCT/RadchestCTseg/val26755/val26755.nii.gz
/data4/haoranlai/Dataset/RAD_ChestCT/image/val27126.nii.gz,/data4/haoranlai/Dataset/RAD_ChestCT/RadchestCTseg/val27126/val27126.nii.gz
/data4/haoranlai/Dataset/RAD_ChestCT/image/val26932.nii.gz,/data4/haoranlai/Dataset/RAD_ChestCT/RadchestCTseg/val26932/val26932.nii.gz
/data4/haoranlai/Dataset/RAD_ChestCT/image/val26566.nii.gz,/data4/haoranlai/Dataset/RAD_ChestCT/RadchestCTseg/val26566/val26566.nii.gz
/data4/haoranlai/Dataset/RAD_ChestCT/image/val26143.nii.gz,/data4/haoranlai/Dataset/RAD_ChestCT/RadchestCTseg/val26143/val26143.nii.gz
/data4/haoranlai/Dataset/RAD_ChestCT/image/val25470.nii.gz,/data4/haoranlai/Dataset/RAD_ChestCT/RadchestCTseg/val25470/val25470.nii.gz
/data4/haoranlai/Dataset/RAD_ChestCT/image/val27208.nii.gz,/data4/haoranlai/Dataset/RAD_ChestCT/RadchestCTseg/val27208/val27208.nii.gz
/data4/haoranlai/Dataset/RAD_ChestCT/image/val26507.nii.gz,/data4/haoranlai/Dataset/RAD_ChestCT/RadchestCTseg/val26507/val26507.nii.gz
/data4/haoranlai/Dataset/RAD_ChestCT/image/val26630.nii.gz,/data4/haoranlai/Dataset/RAD_ChestCT/RadchestCTseg/val26630/val26630.nii.gz
/data4/haoranlai/Dataset/RAD_ChestCT/image/val27316.nii.gz,/data4/haoranlai/Dataset/RAD_ChestCT/RadchestCTseg/val27316/val27316.nii.gz
/data4/haoranlai/Dataset/RAD_ChestCT/image/val26878.nii.gz,/data4/haoranlai/Dataset/RAD_ChestCT/RadchestCTseg/val26878/val26878.nii.gz
/data4/haoranlai/Dataset/RAD_ChestCT/image/val26926.nii.gz,/data4/haoranlai/Dataset/RAD_ChestCT/RadchestCTseg/val26926/val26926.nii.gz
/data4/haoranlai/Dataset/RAD_ChestCT/image/val27046.nii.gz,/data4/haoranlai/Dataset/RAD_ChestCT/RadchestCTseg/val27046/val27046.nii.gz
/data4/haoranlai/Dataset/RAD_ChestCT/image/val27110.nii.gz,/data4/haoranlai/Dataset/RAD_ChestCT/RadchestCTseg/val27110/val27110.nii.gz
/data4/haoranlai/Dataset/RAD_ChestCT/image/val27400.nii.gz,/data4/haoranlai/Dataset/RAD_ChestCT/RadchestCTseg/val27400/val27400.nii.gz
/data4/haoranlai/Dataset/RAD_ChestCT/image/val25374.nii.gz,/data4/haoranlai/Dataset/RAD_ChestCT/RadchestCTseg/val25374/val25374.nii.gz
/data4/haoranlai/Dataset/RAD_ChestCT/image/val27310.nii.gz,/data4/haoranlai/Dataset/RAD_ChestCT/RadchestCTseg/val27310/val27310.nii.gz
/data4/haoranlai/Dataset/RAD_ChestCT/image/val25668.nii.gz,/data4/haoranlai/Dataset/RAD_ChestCT/RadchestCTseg/val25668/val25668.nii.gz
/data4/haoranlai/Dataset/RAD_ChestCT/image/val27119.nii.gz,/data4/haoranlai/Dataset/RAD_ChestCT/RadchestCTseg/val27119/val27119.nii.gz
/data4/haoranlai/Dataset/RAD_ChestCT/image/val26104.nii.gz,/data4/haoranlai/Dataset/RAD_ChestCT/RadchestCTseg/val26104/val26104.nii.gz
/data4/haoranlai/Dataset/RAD_ChestCT/image/val25743.nii.gz,/data4/haoranlai/Dataset/RAD_ChestCT/RadchestCTseg/val25743/val25743.nii.gz
/data4/haoranlai/Dataset/RAD_ChestCT/image/val26182.nii.gz,/data4/haoranlai/Dataset/RAD_ChestCT/RadchestCTseg/val26182/val26182.nii.gz
/data4/haoranlai/Dataset/RAD_ChestCT/image/val25440.nii.gz,/data4/haoranlai/Dataset/RAD_ChestCT/RadchestCTseg/val25440/val25440.nii.gz
/data4/haoranlai/Dataset/RAD_ChestCT/image/val26740.nii.gz,/data4/haoranlai/Dataset/RAD_ChestCT/RadchestCTseg/val26740/val26740.nii.gz
/data4/haoranlai/Dataset/RAD_ChestCT/image/val26391.nii.gz,/data4/haoranlai/Dataset/RAD_ChestCT/RadchestCTseg/val26391/val26391.nii.gz
/data4/haoranlai/Dataset/RAD_ChestCT/image/val25446.nii.gz,/data4/haoranlai/Dataset/RAD_ChestCT/RadchestCTseg/val25446/val25446.nii.gz
/data4/haoranlai/Dataset/RAD_ChestCT/image/val26601.nii.gz,/data4/haoranlai/Dataset/RAD_ChestCT/RadchestCTseg/val26601/val26601.nii.gz
/data4/haoranlai/Dataset/RAD_ChestCT/image/val26333.nii.gz,/data4/haoranlai/Dataset/RAD_ChestCT/RadchestCTseg/val26333/val26333.nii.gz
/data4/haoranlai/Dataset/RAD_ChestCT/image/val25456.nii.gz,/data4/haoranlai/Dataset/RAD_ChestCT/RadchestCTseg/val25456/val25456.nii.gz
/data4/haoranlai/Dataset/RAD_ChestCT/image/val26973.nii.gz,/data4/haoranlai/Dataset/RAD_ChestCT/RadchestCTseg/val26973/val26973.nii.gz
/data4/haoranlai/Dataset/RAD_ChestCT/image/val27386.nii.gz,/data4/haoranlai/Dataset/RAD_ChestCT/RadchestCTseg/val27386/val27386.nii.gz
/data4/haoranlai/Dataset/RAD_ChestCT/image/val26149.nii.gz,/data4/haoranlai/Dataset/RAD_ChestCT/RadchestCTseg/val26149/val26149.nii.gz
/data4/haoranlai/Dataset/RAD_ChestCT/image/val26678.nii.gz,/data4/haoranlai/Dataset/RAD_ChestCT/RadchestCTseg/val26678/val26678.nii.gz
/data4/haoranlai/Dataset/RAD_ChestCT/image/val26557.nii.gz,/data4/haoranlai/Dataset/RAD_ChestCT/RadchestCTseg/val26557/val26557.nii.gz
/data4/haoranlai/Dataset/RAD_ChestCT/image/val25623.nii.gz,/data4/haoranlai/Dataset/RAD_ChestCT/RadchestCTseg/val25623/val25623.nii.gz
/data4/haoranlai/Dataset/RAD_ChestCT/image/val27435.nii.gz,/data4/haoranlai/Dataset/RAD_ChestCT/RadchestCTseg/val27435/val27435.nii.gz
/data4/haoranlai/Dataset/RAD_ChestCT/image/val26286.nii.gz,/data4/haoranlai/Dataset/RAD_ChestCT/RadchestCTseg/val26286/val26286.nii.gz
/data4/haoranlai/Dataset/RAD_ChestCT/image/val26376.nii.gz,/data4/haoranlai/Dataset/RAD_ChestCT/RadchestCTseg/val26376/val26376.nii.gz
/data4/haoranlai/Dataset/RAD_ChestCT/image/val26062.nii.gz,/data4/haoranlai/Dataset/RAD_ChestCT/RadchestCTseg/val26062/val26062.nii.gz
/data4/haoranlai/Dataset/RAD_ChestCT/image/val27078.nii.gz,/data4/haoranlai/Dataset/RAD_ChestCT/RadchestCTseg/val27078/val27078.nii.gz
/data4/haoranlai/Dataset/RAD_ChestCT/image/val27237.nii.gz,/data4/haoranlai/Dataset/RAD_ChestCT/RadchestCTseg/val27237/val27237.nii.gz
/data4/haoranlai/Dataset/RAD_ChestCT/image/val25476.nii.gz,/data4/haoranlai/Dataset/RAD_ChestCT/RadchestCTseg/val25476/val25476.nii.gz
/data4/haoranlai/Dataset/RAD_ChestCT/image/val26264.nii.gz,/data4/haoranlai/Dataset/RAD_ChestCT/RadchestCTseg/val26264/val26264.nii.gz
/data4/haoranlai/Dataset/RAD_ChestCT/image/val25559.nii.gz,/data4/haoranlai/Dataset/RAD_ChestCT/RadchestCTseg/val25559/val25559.nii.gz
/data4/haoranlai/Dataset/RAD_ChestCT/image/val25731.nii.gz,/data4/haoranlai/Dataset/RAD_ChestCT/RadchestCTseg/val25731/val25731.nii.gz
/data4/haoranlai/Dataset/RAD_ChestCT/image/val27182.nii.gz,/data4/haoranlai/Dataset/RAD_ChestCT/RadchestCTseg/val27182/val27182.nii.gz
/data4/haoranlai/Dataset/RAD_ChestCT/image/val26409.nii.gz,/data4/haoranlai/Dataset/RAD_ChestCT/RadchestCTseg/val26409/val26409.nii.gz
/data4/haoranlai/Dataset/RAD_ChestCT/image/val27135.nii.gz,/data4/haoranlai/Dataset/RAD_ChestCT/RadchestCTseg/val27135/val27135.nii.gz
/data4/haoranlai/Dataset/RAD_ChestCT/image/val25814.nii.gz,/data4/haoranlai/Dataset/RAD_ChestCT/RadchestCTseg/val25814/val25814.nii.gz
/data4/haoranlai/Dataset/RAD_ChestCT/image/val27278.nii.gz,/data4/haoranlai/Dataset/RAD_ChestCT/RadchestCTseg/val27278/val27278.nii.gz
/data4/haoranlai/Dataset/RAD_ChestCT/image/val26902.nii.gz,/data4/haoranlai/Dataset/RAD_ChestCT/RadchestCTseg/val26902/val26902.nii.gz
/data4/haoranlai/Dataset/RAD_ChestCT/image/val25379.nii.gz,/data4/haoranlai/Dataset/RAD_ChestCT/RadchestCTseg/val25379/val25379.nii.gz
/data4/haoranlai/Dataset/RAD_ChestCT/image/val27094.nii.gz,/data4/haoranlai/Dataset/RAD_ChestCT/RadchestCTseg/val27094/val27094.nii.gz
/data4/haoranlai/Dataset/RAD_ChestCT/image/val26559.nii.gz,/data4/haoranlai/Dataset/RAD_ChestCT/RadchestCTseg/val26559/val26559.nii.gz
/data4/haoranlai/Dataset/RAD_ChestCT/image/val26270.nii.gz,/data4/haoranlai/Dataset/RAD_ChestCT/RadchestCTseg/val26270/val26270.nii.gz
/data4/haoranlai/Dataset/RAD_ChestCT/image/val26159.nii.gz,/data4/haoranlai/Dataset/RAD_ChestCT/RadchestCTseg/val26159/val26159.nii.gz
/data4/haoranlai/Dataset/RAD_ChestCT/image/val26479.nii.gz,/data4/haoranlai/Dataset/RAD_ChestCT/RadchestCTseg/val26479/val26479.nii.gz
/data4/haoranlai/Dataset/RAD_ChestCT/image/val26242.nii.gz,/data4/haoranlai/Dataset/RAD_ChestCT/RadchestCTseg/val26242/val26242.nii.gz
/data4/haoranlai/Dataset/RAD_ChestCT/image/val27157.nii.gz,/data4/haoranlai/Dataset/RAD_ChestCT/RadchestCTseg/val27157/val27157.nii.gz
/data4/haoranlai/Dataset/RAD_ChestCT/image/val25769.nii.gz,/data4/haoranlai/Dataset/RAD_ChestCT/RadchestCTseg/val25769/val25769.nii.gz
/data4/haoranlai/Dataset/RAD_ChestCT/image/val26699.nii.gz,/data4/haoranlai/Dataset/RAD_ChestCT/RadchestCTseg/val26699/val26699.nii.gz
/data4/haoranlai/Dataset/RAD_ChestCT/image/val26331.nii.gz,/data4/haoranlai/Dataset/RAD_ChestCT/RadchestCTseg/val26331/val26331.nii.gz
/data4/haoranlai/Dataset/RAD_ChestCT/image/val27013.nii.gz,/data4/haoranlai/Dataset/RAD_ChestCT/RadchestCTseg/val27013/val27013.nii.gz
/data4/haoranlai/Dataset/RAD_ChestCT/image/val26199.nii.gz,/data4/haoranlai/Dataset/RAD_ChestCT/RadchestCTseg/val26199/val26199.nii.gz
/data4/haoranlai/Dataset/RAD_ChestCT/image/val25995.nii.gz,/data4/haoranlai/Dataset/RAD_ChestCT/RadchestCTseg/val25995/val25995.nii.gz
/data4/haoranlai/Dataset/RAD_ChestCT/image/val27194.nii.gz,/data4/haoranlai/Dataset/RAD_ChestCT/RadchestCTseg/val27194/val27194.nii.gz
/data4/haoranlai/Dataset/RAD_ChestCT/image/val27436.nii.gz,/data4/haoranlai/Dataset/RAD_ChestCT/RadchestCTseg/val27436/val27436.nii.gz
/data4/haoranlai/Dataset/RAD_ChestCT/image/val25444.nii.gz,/data4/haoranlai/Dataset/RAD_ChestCT/RadchestCTseg/val25444/val25444.nii.gz
/data4/haoranlai/Dataset/RAD_ChestCT/image/val26304.nii.gz,/data4/haoranlai/Dataset/RAD_ChestCT/RadchestCTseg/val26304/val26304.nii.gz
/data4/haoranlai/Dataset/RAD_ChestCT/image/val25866.nii.gz,/data4/haoranlai/Dataset/RAD_ChestCT/RadchestCTseg/val25866/val25866.nii.gz
/data4/haoranlai/Dataset/RAD_ChestCT/image/val25929.nii.gz,/data4/haoranlai/Dataset/RAD_ChestCT/RadchestCTseg/val25929/val25929.nii.gz
/data4/haoranlai/Dataset/RAD_ChestCT/image/val26563.nii.gz,/data4/haoranlai/Dataset/RAD_ChestCT/RadchestCTseg/val26563/val26563.nii.gz
/data4/haoranlai/Dataset/RAD_ChestCT/image/val26942.nii.gz,/data4/haoranlai/Dataset/RAD_ChestCT/RadchestCTseg/val26942/val26942.nii.gz
/data4/haoranlai/Dataset/RAD_ChestCT/image/val25552.nii.gz,/data4/haoranlai/Dataset/RAD_ChestCT/RadchestCTseg/val25552/val25552.nii.gz
/data4/haoranlai/Dataset/RAD_ChestCT/image/val25593.nii.gz,/data4/haoranlai/Dataset/RAD_ChestCT/RadchestCTseg/val25593/val25593.nii.gz
/data4/haoranlai/Dataset/RAD_ChestCT/image/val25807.nii.gz,/data4/haoranlai/Dataset/RAD_ChestCT/RadchestCTseg/val25807/val25807.nii.gz
/data4/haoranlai/Dataset/RAD_ChestCT/image/val27296.nii.gz,/data4/haoranlai/Dataset/RAD_ChestCT/RadchestCTseg/val27296/val27296.nii.gz
/data4/haoranlai/Dataset/RAD_ChestCT/image/val27116.nii.gz,/data4/haoranlai/Dataset/RAD_ChestCT/RadchestCTseg/val27116/val27116.nii.gz
/data4/haoranlai/Dataset/RAD_ChestCT/image/val27062.nii.gz,/data4/haoranlai/Dataset/RAD_ChestCT/RadchestCTseg/val27062/val27062.nii.gz
/data4/haoranlai/Dataset/RAD_ChestCT/image/val26681.nii.gz,/data4/haoranlai/Dataset/RAD_ChestCT/RadchestCTseg/val26681/val26681.nii.gz
/data4/haoranlai/Dataset/RAD_ChestCT/image/val27349.nii.gz,/data4/haoranlai/Dataset/RAD_ChestCT/RadchestCTseg/val27349/val27349.nii.gz
/data4/haoranlai/Dataset/RAD_ChestCT/image/val27391.nii.gz,/data4/haoranlai/Dataset/RAD_ChestCT/RadchestCTseg/val27391/val27391.nii.gz
/data4/haoranlai/Dataset/RAD_ChestCT/image/val26847.nii.gz,/data4/haoranlai/Dataset/RAD_ChestCT/RadchestCTseg/val26847/val26847.nii.gz
/data4/haoranlai/Dataset/RAD_ChestCT/image/val26706.nii.gz,/data4/haoranlai/Dataset/RAD_ChestCT/RadchestCTseg/val26706/val26706.nii.gz
/data4/haoranlai/Dataset/RAD_ChestCT/image/val26369.nii.gz,/data4/haoranlai/Dataset/RAD_ChestCT/RadchestCTseg/val26369/val26369.nii.gz
/data4/haoranlai/Dataset/RAD_ChestCT/image/val26201.nii.gz,/data4/haoranlai/Dataset/RAD_ChestCT/RadchestCTseg/val26201/val26201.nii.gz
/data4/haoranlai/Dataset/RAD_ChestCT/image/val26498.nii.gz,/data4/haoranlai/Dataset/RAD_ChestCT/RadchestCTseg/val26498/val26498.nii.gz
/data4/haoranlai/Dataset/RAD_ChestCT/image/val26118.nii.gz,/data4/haoranlai/Dataset/RAD_ChestCT/RadchestCTseg/val26118/val26118.nii.gz
/data4/haoranlai/Dataset/RAD_ChestCT/image/val25644.nii.gz,/data4/haoranlai/Dataset/RAD_ChestCT/RadchestCTseg/val25644/val25644.nii.gz
/data4/haoranlai/Dataset/RAD_ChestCT/image/val26826.nii.gz,/data4/haoranlai/Dataset/RAD_ChestCT/RadchestCTseg/val26826/val26826.nii.gz
/data4/haoranlai/Dataset/RAD_ChestCT/image/val25580.nii.gz,/data4/haoranlai/Dataset/RAD_ChestCT/RadchestCTseg/val25580/val25580.nii.gz
/data4/haoranlai/Dataset/RAD_ChestCT/image/val26924.nii.gz,/data4/haoranlai/Dataset/RAD_ChestCT/RadchestCTseg/val26924/val26924.nii.gz
/data4/haoranlai/Dataset/RAD_ChestCT/image/val27044.nii.gz,/data4/haoranlai/Dataset/RAD_ChestCT/RadchestCTseg/val27044/val27044.nii.gz
/data4/haoranlai/Dataset/RAD_ChestCT/image/val27006.nii.gz,/data4/haoranlai/Dataset/RAD_ChestCT/RadchestCTseg/val27006/val27006.nii.gz
/data4/haoranlai/Dataset/RAD_ChestCT/image/val25970.nii.gz,/data4/haoranlai/Dataset/RAD_ChestCT/RadchestCTseg/val25970/val25970.nii.gz
/data4/haoranlai/Dataset/RAD_ChestCT/image/val26972.nii.gz,/data4/haoranlai/Dataset/RAD_ChestCT/RadchestCTseg/val26972/val26972.nii.gz
/data4/haoranlai/Dataset/RAD_ChestCT/image/val27236.nii.gz,/data4/haoranlai/Dataset/RAD_ChestCT/RadchestCTseg/val27236/val27236.nii.gz
/data4/haoranlai/Dataset/RAD_ChestCT/image/val26421.nii.gz,/data4/haoranlai/Dataset/RAD_ChestCT/RadchestCTseg/val26421/val26421.nii.gz
/data4/haoranlai/Dataset/RAD_ChestCT/image/val26074.nii.gz,/data4/haoranlai/Dataset/RAD_ChestCT/RadchestCTseg/val26074/val26074.nii.gz
/data4/haoranlai/Dataset/RAD_ChestCT/image/val25493.nii.gz,/data4/haoranlai/Dataset/RAD_ChestCT/RadchestCTseg/val25493/val25493.nii.gz
/data4/haoranlai/Dataset/RAD_ChestCT/image/val26536.nii.gz,/data4/haoranlai/Dataset/RAD_ChestCT/RadchestCTseg/val26536/val26536.nii.gz
/data4/haoranlai/Dataset/RAD_ChestCT/image/val26961.nii.gz,/data4/haoranlai/Dataset/RAD_ChestCT/RadchestCTseg/val26961/val26961.nii.gz
/data4/haoranlai/Dataset/RAD_ChestCT/image/val26258.nii.gz,/data4/haoranlai/Dataset/RAD_ChestCT/RadchestCTseg/val26258/val26258.nii.gz
/data4/haoranlai/Dataset/RAD_ChestCT/image/val25956.nii.gz,/data4/haoranlai/Dataset/RAD_ChestCT/RadchestCTseg/val25956/val25956.nii.gz
/data4/haoranlai/Dataset/RAD_ChestCT/image/val25640.nii.gz,/data4/haoranlai/Dataset/RAD_ChestCT/RadchestCTseg/val25640/val25640.nii.gz
/data4/haoranlai/Dataset/RAD_ChestCT/image/val25686.nii.gz,/data4/haoranlai/Dataset/RAD_ChestCT/RadchestCTseg/val25686/val25686.nii.gz
/data4/haoranlai/Dataset/RAD_ChestCT/image/val26664.nii.gz,/data4/haoranlai/Dataset/RAD_ChestCT/RadchestCTseg/val26664/val26664.nii.gz
/data4/haoranlai/Dataset/RAD_ChestCT/image/val25830.nii.gz,/data4/haoranlai/Dataset/RAD_ChestCT/RadchestCTseg/val25830/val25830.nii.gz
/data4/haoranlai/Dataset/RAD_ChestCT/image/val26554.nii.gz,/data4/haoranlai/Dataset/RAD_ChestCT/RadchestCTseg/val26554/val26554.nii.gz
/data4/haoranlai/Dataset/RAD_ChestCT/image/val26606.nii.gz,/data4/haoranlai/Dataset/RAD_ChestCT/RadchestCTseg/val26606/val26606.nii.gz
/data4/haoranlai/Dataset/RAD_ChestCT/image/val25384.nii.gz,/data4/haoranlai/Dataset/RAD_ChestCT/RadchestCTseg/val25384/val25384.nii.gz
/data4/haoranlai/Dataset/RAD_ChestCT/image/val25920.nii.gz,/data4/haoranlai/Dataset/RAD_ChestCT/RadchestCTseg/val25920/val25920.nii.gz
/data4/haoranlai/Dataset/RAD_ChestCT/image/val27295.nii.gz,/data4/haoranlai/Dataset/RAD_ChestCT/RadchestCTseg/val27295/val27295.nii.gz
/data4/haoranlai/Dataset/RAD_ChestCT/image/val25986.nii.gz,/data4/haoranlai/Dataset/RAD_ChestCT/RadchestCTseg/val25986/val25986.nii.gz
/data4/haoranlai/Dataset/RAD_ChestCT/image/val27215.nii.gz,/data4/haoranlai/Dataset/RAD_ChestCT/RadchestCTseg/val27215/val27215.nii.gz
/data4/haoranlai/Dataset/RAD_ChestCT/image/val26586.nii.gz,/data4/haoranlai/Dataset/RAD_ChestCT/RadchestCTseg/val26586/val26586.nii.gz
/data4/haoranlai/Dataset/RAD_ChestCT/image/val25598.nii.gz,/data4/haoranlai/Dataset/RAD_ChestCT/RadchestCTseg/val25598/val25598.nii.gz
/data4/haoranlai/Dataset/RAD_ChestCT/image/val26814.nii.gz,/data4/haoranlai/Dataset/RAD_ChestCT/RadchestCTseg/val26814/val26814.nii.gz
/data4/haoranlai/Dataset/RAD_ChestCT/image/val26997.nii.gz,/data4/haoranlai/Dataset/RAD_ChestCT/RadchestCTseg/val26997/val26997.nii.gz
/data4/haoranlai/Dataset/RAD_ChestCT/image/val27164.nii.gz,/data4/haoranlai/Dataset/RAD_ChestCT/RadchestCTseg/val27164/val27164.nii.gz
/data4/haoranlai/Dataset/RAD_ChestCT/image/val25867.nii.gz,/data4/haoranlai/Dataset/RAD_ChestCT/RadchestCTseg/val25867/val25867.nii.gz
/data4/haoranlai/Dataset/RAD_ChestCT/image/val25758.nii.gz,/data4/haoranlai/Dataset/RAD_ChestCT/RadchestCTseg/val25758/val25758.nii.gz
/data4/haoranlai/Dataset/RAD_ChestCT/image/val25840.nii.gz,/data4/haoranlai/Dataset/RAD_ChestCT/RadchestCTseg/val25840/val25840.nii.gz
/data4/haoranlai/Dataset/RAD_ChestCT/image/val25486.nii.gz,/data4/haoranlai/Dataset/RAD_ChestCT/RadchestCTseg/val25486/val25486.nii.gz
/data4/haoranlai/Dataset/RAD_ChestCT/image/val26915.nii.gz,/data4/haoranlai/Dataset/RAD_ChestCT/RadchestCTseg/val26915/val26915.nii.gz
/data4/haoranlai/Dataset/RAD_ChestCT/image/val26081.nii.gz,/data4/haoranlai/Dataset/RAD_ChestCT/RadchestCTseg/val26081/val26081.nii.gz
/data4/haoranlai/Dataset/RAD_ChestCT/image/val25366.nii.gz,/data4/haoranlai/Dataset/RAD_ChestCT/RadchestCTseg/val25366/val25366.nii.gz
/data4/haoranlai/Dataset/RAD_ChestCT/image/val27432.nii.gz,/data4/haoranlai/Dataset/RAD_ChestCT/RadchestCTseg/val27432/val27432.nii.gz
/data4/haoranlai/Dataset/RAD_ChestCT/image/val26198.nii.gz,/data4/haoranlai/Dataset/RAD_ChestCT/RadchestCTseg/val26198/val26198.nii.gz
/data4/haoranlai/Dataset/RAD_ChestCT/image/val26334.nii.gz,/data4/haoranlai/Dataset/RAD_ChestCT/RadchestCTseg/val26334/val26334.nii.gz
/data4/haoranlai/Dataset/RAD_ChestCT/image/val25461.nii.gz,/data4/haoranlai/Dataset/RAD_ChestCT/RadchestCTseg/val25461/val25461.nii.gz
/data4/haoranlai/Dataset/RAD_ChestCT/image/val26467.nii.gz,/data4/haoranlai/Dataset/RAD_ChestCT/RadchestCTseg/val26467/val26467.nii.gz
/data4/haoranlai/Dataset/RAD_ChestCT/image/val27423.nii.gz,/data4/haoranlai/Dataset/RAD_ChestCT/RadchestCTseg/val27423/val27423.nii.gz
/data4/haoranlai/Dataset/RAD_ChestCT/image/val25816.nii.gz,/data4/haoranlai/Dataset/RAD_ChestCT/RadchestCTseg/val25816/val25816.nii.gz
/data4/haoranlai/Dataset/RAD_ChestCT/image/val25764.nii.gz,/data4/haoranlai/Dataset/RAD_ChestCT/RadchestCTseg/val25764/val25764.nii.gz
/data4/haoranlai/Dataset/RAD_ChestCT/image/val27146.nii.gz,/data4/haoranlai/Dataset/RAD_ChestCT/RadchestCTseg/val27146/val27146.nii.gz
/data4/haoranlai/Dataset/RAD_ChestCT/image/val25481.nii.gz,/data4/haoranlai/Dataset/RAD_ChestCT/RadchestCTseg/val25481/val25481.nii.gz
/data4/haoranlai/Dataset/RAD_ChestCT/image/val26378.nii.gz,/data4/haoranlai/Dataset/RAD_ChestCT/RadchestCTseg/val26378/val26378.nii.gz
/data4/haoranlai/Dataset/RAD_ChestCT/image/val25363.nii.gz,/data4/haoranlai/Dataset/RAD_ChestCT/RadchestCTseg/val25363/val25363.nii.gz
/data4/haoranlai/Dataset/RAD_ChestCT/image/val25877.nii.gz,/data4/haoranlai/Dataset/RAD_ChestCT/RadchestCTseg/val25877/val25877.nii.gz
/data4/haoranlai/Dataset/RAD_ChestCT/image/val25571.nii.gz,/data4/haoranlai/Dataset/RAD_ChestCT/RadchestCTseg/val25571/val25571.nii.gz
/data4/haoranlai/Dataset/RAD_ChestCT/image/val26276.nii.gz,/data4/haoranlai/Dataset/RAD_ChestCT/RadchestCTseg/val26276/val26276.nii.gz
/data4/haoranlai/Dataset/RAD_ChestCT/image/val26477.nii.gz,/data4/haoranlai/Dataset/RAD_ChestCT/RadchestCTseg/val26477/val26477.nii.gz
/data4/haoranlai/Dataset/RAD_ChestCT/image/val26029.nii.gz,/data4/haoranlai/Dataset/RAD_ChestCT/RadchestCTseg/val26029/val26029.nii.gz
/data4/haoranlai/Dataset/RAD_ChestCT/image/val26745.nii.gz,/data4/haoranlai/Dataset/RAD_ChestCT/RadchestCTseg/val26745/val26745.nii.gz
/data4/haoranlai/Dataset/RAD_ChestCT/image/val25682.nii.gz,/data4/haoranlai/Dataset/RAD_ChestCT/RadchestCTseg/val25682/val25682.nii.gz
/data4/haoranlai/Dataset/RAD_ChestCT/image/val27009.nii.gz,/data4/haoranlai/Dataset/RAD_ChestCT/RadchestCTseg/val27009/val27009.nii.gz
/data4/haoranlai/Dataset/RAD_ChestCT/image/val25514.nii.gz,/data4/haoranlai/Dataset/RAD_ChestCT/RadchestCTseg/val25514/val25514.nii.gz
/data4/haoranlai/Dataset/RAD_ChestCT/image/val25532.nii.gz,/data4/haoranlai/Dataset/RAD_ChestCT/RadchestCTseg/val25532/val25532.nii.gz
/data4/haoranlai/Dataset/RAD_ChestCT/image/val27020.nii.gz,/data4/haoranlai/Dataset/RAD_ChestCT/RadchestCTseg/val27020/val27020.nii.gz
/data4/haoranlai/Dataset/RAD_ChestCT/image/val26570.nii.gz,/data4/haoranlai/Dataset/RAD_ChestCT/RadchestCTseg/val26570/val26570.nii.gz
/data4/haoranlai/Dataset/RAD_ChestCT/image/val26237.nii.gz,/data4/haoranlai/Dataset/RAD_ChestCT/RadchestCTseg/val26237/val26237.nii.gz
/data4/haoranlai/Dataset/RAD_ChestCT/image/val26802.nii.gz,/data4/haoranlai/Dataset/RAD_ChestCT/RadchestCTseg/val26802/val26802.nii.gz
/data4/haoranlai/Dataset/RAD_ChestCT/image/val26719.nii.gz,/data4/haoranlai/Dataset/RAD_ChestCT/RadchestCTseg/val26719/val26719.nii.gz
/data4/haoranlai/Dataset/RAD_ChestCT/image/val26946.nii.gz,/data4/haoranlai/Dataset/RAD_ChestCT/RadchestCTseg/val26946/val26946.nii.gz
/data4/haoranlai/Dataset/RAD_ChestCT/image/val27258.nii.gz,/data4/haoranlai/Dataset/RAD_ChestCT/RadchestCTseg/val27258/val27258.nii.gz
/data4/haoranlai/Dataset/RAD_ChestCT/image/val26717.nii.gz,/data4/haoranlai/Dataset/RAD_ChestCT/RadchestCTseg/val26717/val26717.nii.gz
/data4/haoranlai/Dataset/RAD_ChestCT/image/val26293.nii.gz,/data4/haoranlai/Dataset/RAD_ChestCT/RadchestCTseg/val26293/val26293.nii.gz
/data4/haoranlai/Dataset/RAD_ChestCT/image/val25685.nii.gz,/data4/haoranlai/Dataset/RAD_ChestCT/RadchestCTseg/val25685/val25685.nii.gz
/data4/haoranlai/Dataset/RAD_ChestCT/image/val27063.nii.gz,/data4/haoranlai/Dataset/RAD_ChestCT/RadchestCTseg/val27063/val27063.nii.gz
/data4/haoranlai/Dataset/RAD_ChestCT/image/val26402.nii.gz,/data4/haoranlai/Dataset/RAD_ChestCT/RadchestCTseg/val26402/val26402.nii.gz
/data4/haoranlai/Dataset/RAD_ChestCT/image/val27242.nii.gz,/data4/haoranlai/Dataset/RAD_ChestCT/RadchestCTseg/val27242/val27242.nii.gz
/data4/haoranlai/Dataset/RAD_ChestCT/image/val26066.nii.gz,/data4/haoranlai/Dataset/RAD_ChestCT/RadchestCTseg/val26066/val26066.nii.gz
/data4/haoranlai/Dataset/RAD_ChestCT/image/val26308.nii.gz,/data4/haoranlai/Dataset/RAD_ChestCT/RadchestCTseg/val26308/val26308.nii.gz
/data4/haoranlai/Dataset/RAD_ChestCT/image/val25357.nii.gz,/data4/haoranlai/Dataset/RAD_ChestCT/RadchestCTseg/val25357/val25357.nii.gz
/data4/haoranlai/Dataset/RAD_ChestCT/image/val26685.nii.gz,/data4/haoranlai/Dataset/RAD_ChestCT/RadchestCTseg/val26685/val26685.nii.gz
/data4/haoranlai/Dataset/RAD_ChestCT/image/val26161.nii.gz,/data4/haoranlai/Dataset/RAD_ChestCT/RadchestCTseg/val26161/val26161.nii.gz
/data4/haoranlai/Dataset/RAD_ChestCT/image/val26689.nii.gz,/data4/haoranlai/Dataset/RAD_ChestCT/RadchestCTseg/val26689/val26689.nii.gz
/data4/haoranlai/Dataset/RAD_ChestCT/image/val25638.nii.gz,/data4/haoranlai/Dataset/RAD_ChestCT/RadchestCTseg/val25638/val25638.nii.gz
/data4/haoranlai/Dataset/RAD_ChestCT/image/val26528.nii.gz,/data4/haoranlai/Dataset/RAD_ChestCT/RadchestCTseg/val26528/val26528.nii.gz
/data4/haoranlai/Dataset/RAD_ChestCT/image/tst34780.nii.gz,/data4/haoranlai/Dataset/RAD_ChestCT/RadchestCTseg/tst34780/tst34780.nii.gz
/data4/haoranlai/Dataset/RAD_ChestCT/image/tst33567.nii.gz,/data4/haoranlai/Dataset/RAD_ChestCT/RadchestCTseg/tst33567/tst33567.nii.gz
/data4/haoranlai/Dataset/RAD_ChestCT/image/tst36098.nii.gz,/data4/haoranlai/Dataset/RAD_ChestCT/RadchestCTseg/tst36098/tst36098.nii.gz
/data4/haoranlai/Dataset/RAD_ChestCT/image/tst30445.nii.gz,/data4/haoranlai/Dataset/RAD_ChestCT/RadchestCTseg/tst30445/tst30445.nii.gz
/data4/haoranlai/Dataset/RAD_ChestCT/image/tst31586.nii.gz,/data4/haoranlai/Dataset/RAD_ChestCT/RadchestCTseg/tst31586/tst31586.nii.gz
/data4/haoranlai/Dataset/RAD_ChestCT/image/tst35936.nii.gz,/data4/haoranlai/Dataset/RAD_ChestCT/RadchestCTseg/tst35936/tst35936.nii.gz
/data4/haoranlai/Dataset/RAD_ChestCT/image/tst33689.nii.gz,/data4/haoranlai/Dataset/RAD_ChestCT/RadchestCTseg/tst33689/tst33689.nii.gz
/data4/haoranlai/Dataset/RAD_ChestCT/image/tst32342.nii.gz,/data4/haoranlai/Dataset/RAD_ChestCT/RadchestCTseg/tst32342/tst32342.nii.gz
/data4/haoranlai/Dataset/RAD_ChestCT/image/tst31233.nii.gz,/data4/haoranlai/Dataset/RAD_ChestCT/RadchestCTseg/tst31233/tst31233.nii.gz
/data4/haoranlai/Dataset/RAD_ChestCT/image/tst33552.nii.gz,/data4/haoranlai/Dataset/RAD_ChestCT/RadchestCTseg/tst33552/tst33552.nii.gz
/data4/haoranlai/Dataset/RAD_ChestCT/image/tst35389.nii.gz,/data4/haoranlai/Dataset/RAD_ChestCT/RadchestCTseg/tst35389/tst35389.nii.gz
/data4/haoranlai/Dataset/RAD_ChestCT/image/tst35433.nii.gz,/data4/haoranlai/Dataset/RAD_ChestCT/RadchestCTseg/tst35433/tst35433.nii.gz
/data4/haoranlai/Dataset/RAD_ChestCT/image/tst29511.nii.gz,/data4/haoranlai/Dataset/RAD_ChestCT/RadchestCTseg/tst29511/tst29511.nii.gz
/data4/haoranlai/Dataset/RAD_ChestCT/image/tst32672.nii.gz,/data4/haoranlai/Dataset/RAD_ChestCT/RadchestCTseg/tst32672/tst32672.nii.gz
/data4/haoranlai/Dataset/RAD_ChestCT/image/tst35010.nii.gz,/data4/haoranlai/Dataset/RAD_ChestCT/RadchestCTseg/tst35010/tst35010.nii.gz
/data4/haoranlai/Dataset/RAD_ChestCT/image/tst35880.nii.gz,/data4/haoranlai/Dataset/RAD_ChestCT/RadchestCTseg/tst35880/tst35880.nii.gz
/data4/haoranlai/Dataset/RAD_ChestCT/image/tst35814.nii.gz,/data4/haoranlai/Dataset/RAD_ChestCT/RadchestCTseg/tst35814/tst35814.nii.gz
/data4/haoranlai/Dataset/RAD_ChestCT/image/tst30177.nii.gz,/data4/haoranlai/Dataset/RAD_ChestCT/RadchestCTseg/tst30177/tst30177.nii.gz
/data4/haoranlai/Dataset/RAD_ChestCT/image/tst30946.nii.gz,/data4/haoranlai/Dataset/RAD_ChestCT/RadchestCTseg/tst30946/tst30946.nii.gz
/data4/haoranlai/Dataset/RAD_ChestCT/image/tst29356.nii.gz,/data4/haoranlai/Dataset/RAD_ChestCT/RadchestCTseg/tst29356/tst29356.nii.gz
/data4/haoranlai/Dataset/RAD_ChestCT/image/tst33918.nii.gz,/data4/haoranlai/Dataset/RAD_ChestCT/RadchestCTseg/tst33918/tst33918.nii.gz
/data4/haoranlai/Dataset/RAD_ChestCT/image/tst31399.nii.gz,/data4/haoranlai/Dataset/RAD_ChestCT/RadchestCTseg/tst31399/tst31399.nii.gz
/data4/haoranlai/Dataset/RAD_ChestCT/image/tst33329.nii.gz,/data4/haoranlai/Dataset/RAD_ChestCT/RadchestCTseg/tst33329/tst33329.nii.gz
/data4/haoranlai/Dataset/RAD_ChestCT/image/tst35287.nii.gz,/data4/haoranlai/Dataset/RAD_ChestCT/RadchestCTseg/tst35287/tst35287.nii.gz
/data4/haoranlai/Dataset/RAD_ChestCT/image/tst29318.nii.gz,/data4/haoranlai/Dataset/RAD_ChestCT/RadchestCTseg/tst29318/tst29318.nii.gz
/data4/haoranlai/Dataset/RAD_ChestCT/image/tst33945.nii.gz,/data4/haoranlai/Dataset/RAD_ChestCT/RadchestCTseg/tst33945/tst33945.nii.gz
/data4/haoranlai/Dataset/RAD_ChestCT/image/tst35197.nii.gz,/data4/haoranlai/Dataset/RAD_ChestCT/RadchestCTseg/tst35197/tst35197.nii.gz
/data4/haoranlai/Dataset/RAD_ChestCT/image/tst32472.nii.gz,/data4/haoranlai/Dataset/RAD_ChestCT/RadchestCTseg/tst32472/tst32472.nii.gz
/data4/haoranlai/Dataset/RAD_ChestCT/image/tst31836.nii.gz,/data4/haoranlai/Dataset/RAD_ChestCT/RadchestCTseg/tst31836/tst31836.nii.gz
/data4/haoranlai/Dataset/RAD_ChestCT/image/tst33312.nii.gz,/data4/haoranlai/Dataset/RAD_ChestCT/RadchestCTseg/tst33312/tst33312.nii.gz
/data4/haoranlai/Dataset/RAD_ChestCT/image/tst33428.nii.gz,/data4/haoranlai/Dataset/RAD_ChestCT/RadchestCTseg/tst33428/tst33428.nii.gz
/data4/haoranlai/Dataset/RAD_ChestCT/image/tst29836.nii.gz,/data4/haoranlai/Dataset/RAD_ChestCT/RadchestCTseg/tst29836/tst29836.nii.gz
/data4/haoranlai/Dataset/RAD_ChestCT/image/tst33760.nii.gz,/data4/haoranlai/Dataset/RAD_ChestCT/RadchestCTseg/tst33760/tst33760.nii.gz
/data4/haoranlai/Dataset/RAD_ChestCT/image/tst30003.nii.gz,/data4/haoranlai/Dataset/RAD_ChestCT/RadchestCTseg/tst30003/tst30003.nii.gz
/data4/haoranlai/Dataset/RAD_ChestCT/image/tst29649.nii.gz,/data4/haoranlai/Dataset/RAD_ChestCT/RadchestCTseg/tst29649/tst29649.nii.gz
/data4/haoranlai/Dataset/RAD_ChestCT/image/tst31229.nii.gz,/data4/haoranlai/Dataset/RAD_ChestCT/RadchestCTseg/tst31229/tst31229.nii.gz
/data4/haoranlai/Dataset/RAD_ChestCT/image/tst32046.nii.gz,/data4/haoranlai/Dataset/RAD_ChestCT/RadchestCTseg/tst32046/tst32046.nii.gz
/data4/haoranlai/Dataset/RAD_ChestCT/image/tst30676.nii.gz,/data4/haoranlai/Dataset/RAD_ChestCT/RadchestCTseg/tst30676/tst30676.nii.gz
/data4/haoranlai/Dataset/RAD_ChestCT/image/tst31599.nii.gz,/data4/haoranlai/Dataset/RAD_ChestCT/RadchestCTseg/tst31599/tst31599.nii.gz
/data4/haoranlai/Dataset/RAD_ChestCT/image/tst30919.nii.gz,/data4/haoranlai/Dataset/RAD_ChestCT/RadchestCTseg/tst30919/tst30919.nii.gz
/data4/haoranlai/Dataset/RAD_ChestCT/image/tst29301.nii.gz,/data4/haoranlai/Dataset/RAD_ChestCT/RadchestCTseg/tst29301/tst29301.nii.gz
/data4/haoranlai/Dataset/RAD_ChestCT/image/tst33680.nii.gz,/data4/haoranlai/Dataset/RAD_ChestCT/RadchestCTseg/tst33680/tst33680.nii.gz
/data4/haoranlai/Dataset/RAD_ChestCT/image/tst35967.nii.gz,/data4/haoranlai/Dataset/RAD_ChestCT/RadchestCTseg/tst35967/tst35967.nii.gz
/data4/haoranlai/Dataset/RAD_ChestCT/image/tst29261.nii.gz,/data4/haoranlai/Dataset/RAD_ChestCT/RadchestCTseg/tst29261/tst29261.nii.gz
/data4/haoranlai/Dataset/RAD_ChestCT/image/tst29451.nii.gz,/data4/haoranlai/Dataset/RAD_ChestCT/RadchestCTseg/tst29451/tst29451.nii.gz
/data4/haoranlai/Dataset/RAD_ChestCT/image/tst33607.nii.gz,/data4/haoranlai/Dataset/RAD_ChestCT/RadchestCTseg/tst33607/tst33607.nii.gz
/data4/haoranlai/Dataset/RAD_ChestCT/image/tst33768.nii.gz,/data4/haoranlai/Dataset/RAD_ChestCT/RadchestCTseg/tst33768/tst33768.nii.gz
/data4/haoranlai/Dataset/RAD_ChestCT/image/tst33974.nii.gz,/data4/haoranlai/Dataset/RAD_ChestCT/RadchestCTseg/tst33974/tst33974.nii.gz
/data4/haoranlai/Dataset/RAD_ChestCT/image/tst34868.nii.gz,/data4/haoranlai/Dataset/RAD_ChestCT/RadchestCTseg/tst34868/tst34868.nii.gz
/data4/haoranlai/Dataset/RAD_ChestCT/image/tst36035.nii.gz,/data4/haoranlai/Dataset/RAD_ChestCT/RadchestCTseg/tst36035/tst36035.nii.gz
/data4/haoranlai/Dataset/RAD_ChestCT/image/tst30632.nii.gz,/data4/haoranlai/Dataset/RAD_ChestCT/RadchestCTseg/tst30632/tst30632.nii.gz
/data4/haoranlai/Dataset/RAD_ChestCT/image/tst30460.nii.gz,/data4/haoranlai/Dataset/RAD_ChestCT/RadchestCTseg/tst30460/tst30460.nii.gz
/data4/haoranlai/Dataset/RAD_ChestCT/image/tst34800.nii.gz,/data4/haoranlai/Dataset/RAD_ChestCT/RadchestCTseg/tst34800/tst34800.nii.gz
/data4/haoranlai/Dataset/RAD_ChestCT/image/tst33823.nii.gz,/data4/haoranlai/Dataset/RAD_ChestCT/RadchestCTseg/tst33823/tst33823.nii.gz
/data4/haoranlai/Dataset/RAD_ChestCT/image/tst32751.nii.gz,/data4/haoranlai/Dataset/RAD_ChestCT/RadchestCTseg/tst32751/tst32751.nii.gz
/data4/haoranlai/Dataset/RAD_ChestCT/image/tst30055.nii.gz,/data4/haoranlai/Dataset/RAD_ChestCT/RadchestCTseg/tst30055/tst30055.nii.gz
/data4/haoranlai/Dataset/RAD_ChestCT/image/tst31290.nii.gz,/data4/haoranlai/Dataset/RAD_ChestCT/RadchestCTseg/tst31290/tst31290.nii.gz
/data4/haoranlai/Dataset/RAD_ChestCT/image/tst30936.nii.gz,/data4/haoranlai/Dataset/RAD_ChestCT/RadchestCTseg/tst30936/tst30936.nii.gz
/data4/haoranlai/Dataset/RAD_ChestCT/image/tst35014.nii.gz,/data4/haoranlai/Dataset/RAD_ChestCT/RadchestCTseg/tst35014/tst35014.nii.gz
/data4/haoranlai/Dataset/RAD_ChestCT/image/tst34726.nii.gz,/data4/haoranlai/Dataset/RAD_ChestCT/RadchestCTseg/tst34726/tst34726.nii.gz
/data4/haoranlai/Dataset/RAD_ChestCT/image/tst31878.nii.gz,/data4/haoranlai/Dataset/RAD_ChestCT/RadchestCTseg/tst31878/tst31878.nii.gz
/data4/haoranlai/Dataset/RAD_ChestCT/image/tst31130.nii.gz,/data4/haoranlai/Dataset/RAD_ChestCT/RadchestCTseg/tst31130/tst31130.nii.gz
/data4/haoranlai/Dataset/RAD_ChestCT/image/tst32927.nii.gz,/data4/haoranlai/Dataset/RAD_ChestCT/RadchestCTseg/tst32927/tst32927.nii.gz
/data4/haoranlai/Dataset/RAD_ChestCT/image/tst29155.nii.gz,/data4/haoranlai/Dataset/RAD_ChestCT/RadchestCTseg/tst29155/tst29155.nii.gz
/data4/haoranlai/Dataset/RAD_ChestCT/image/tst36293.nii.gz,/data4/haoranlai/Dataset/RAD_ChestCT/RadchestCTseg/tst36293/tst36293.nii.gz
/data4/haoranlai/Dataset/RAD_ChestCT/image/tst35322.nii.gz,/data4/haoranlai/Dataset/RAD_ChestCT/RadchestCTseg/tst35322/tst35322.nii.gz
/data4/haoranlai/Dataset/RAD_ChestCT/image/tst35687.nii.gz,/data4/haoranlai/Dataset/RAD_ChestCT/RadchestCTseg/tst35687/tst35687.nii.gz
/data4/haoranlai/Dataset/RAD_ChestCT/image/tst29465.nii.gz,/data4/haoranlai/Dataset/RAD_ChestCT/RadchestCTseg/tst29465/tst29465.nii.gz
/data4/haoranlai/Dataset/RAD_ChestCT/image/tst30411.nii.gz,/data4/haoranlai/Dataset/RAD_ChestCT/RadchestCTseg/tst30411/tst30411.nii.gz
/data4/haoranlai/Dataset/RAD_ChestCT/image/tst31893.nii.gz,/data4/haoranlai/Dataset/RAD_ChestCT/RadchestCTseg/tst31893/tst31893.nii.gz
/data4/haoranlai/Dataset/RAD_ChestCT/image/tst34834.nii.gz,/data4/haoranlai/Dataset/RAD_ChestCT/RadchestCTseg/tst34834/tst34834.nii.gz
/data4/haoranlai/Dataset/RAD_ChestCT/image/tst30069.nii.gz,/data4/haoranlai/Dataset/RAD_ChestCT/RadchestCTseg/tst30069/tst30069.nii.gz
/data4/haoranlai/Dataset/RAD_ChestCT/image/tst32023.nii.gz,/data4/haoranlai/Dataset/RAD_ChestCT/RadchestCTseg/tst32023/tst32023.nii.gz
/data4/haoranlai/Dataset/RAD_ChestCT/image/tst32699.nii.gz,/data4/haoranlai/Dataset/RAD_ChestCT/RadchestCTseg/tst32699/tst32699.nii.gz
/data4/haoranlai/Dataset/RAD_ChestCT/image/tst33920.nii.gz,/data4/haoranlai/Dataset/RAD_ChestCT/RadchestCTseg/tst33920/tst33920.nii.gz
/data4/haoranlai/Dataset/RAD_ChestCT/image/tst35342.nii.gz,/data4/haoranlai/Dataset/RAD_ChestCT/RadchestCTseg/tst35342/tst35342.nii.gz
/data4/haoranlai/Dataset/RAD_ChestCT/image/tst34496.nii.gz,/data4/haoranlai/Dataset/RAD_ChestCT/RadchestCTseg/tst34496/tst34496.nii.gz
/data4/haoranlai/Dataset/RAD_ChestCT/image/tst32030.nii.gz,/data4/haoranlai/Dataset/RAD_ChestCT/RadchestCTseg/tst32030/tst32030.nii.gz
/data4/haoranlai/Dataset/RAD_ChestCT/image/tst30052.nii.gz,/data4/haoranlai/Dataset/RAD_ChestCT/RadchestCTseg/tst30052/tst30052.nii.gz
/data4/haoranlai/Dataset/RAD_ChestCT/image/tst29140.nii.gz,/data4/haoranlai/Dataset/RAD_ChestCT/RadchestCTseg/tst29140/tst29140.nii.gz
/data4/haoranlai/Dataset/RAD_ChestCT/image/tst29338.nii.gz,/data4/haoranlai/Dataset/RAD_ChestCT/RadchestCTseg/tst29338/tst29338.nii.gz
/data4/haoranlai/Dataset/RAD_ChestCT/image/tst33673.nii.gz,/data4/haoranlai/Dataset/RAD_ChestCT/RadchestCTseg/tst33673/tst33673.nii.gz
/data4/haoranlai/Dataset/RAD_ChestCT/image/tst32992.nii.gz,/data4/haoranlai/Dataset/RAD_ChestCT/RadchestCTseg/tst32992/tst32992.nii.gz
/data4/haoranlai/Dataset/RAD_ChestCT/image/tst30517.nii.gz,/data4/haoranlai/Dataset/RAD_ChestCT/RadchestCTseg/tst30517/tst30517.nii.gz
/data4/haoranlai/Dataset/RAD_ChestCT/image/tst35176.nii.gz,/data4/haoranlai/Dataset/RAD_ChestCT/RadchestCTseg/tst35176/tst35176.nii.gz
/data4/haoranlai/Dataset/RAD_ChestCT/image/tst35833.nii.gz,/data4/haoranlai/Dataset/RAD_ChestCT/RadchestCTseg/tst35833/tst35833.nii.gz
/data4/haoranlai/Dataset/RAD_ChestCT/image/tst34593.nii.gz,/data4/haoranlai/Dataset/RAD_ChestCT/RadchestCTseg/tst34593/tst34593.nii.gz
/data4/haoranlai/Dataset/RAD_ChestCT/image/tst35507.nii.gz,/data4/haoranlai/Dataset/RAD_ChestCT/RadchestCTseg/tst35507/tst35507.nii.gz
/data4/haoranlai/Dataset/RAD_ChestCT/image/tst34911.nii.gz,/data4/haoranlai/Dataset/RAD_ChestCT/RadchestCTseg/tst34911/tst34911.nii.gz
/data4/haoranlai/Dataset/RAD_ChestCT/image/tst31883.nii.gz,/data4/haoranlai/Dataset/RAD_ChestCT/RadchestCTseg/tst31883/tst31883.nii.gz
/data4/haoranlai/Dataset/RAD_ChestCT/image/tst34291.nii.gz,/data4/haoranlai/Dataset/RAD_ChestCT/RadchestCTseg/tst34291/tst34291.nii.gz
/data4/haoranlai/Dataset/RAD_ChestCT/image/tst31937.nii.gz,/data4/haoranlai/Dataset/RAD_ChestCT/RadchestCTseg/tst31937/tst31937.nii.gz
/data4/haoranlai/Dataset/RAD_ChestCT/image/tst34457.nii.gz,/data4/haoranlai/Dataset/RAD_ChestCT/RadchestCTseg/tst34457/tst34457.nii.gz
/data4/haoranlai/Dataset/RAD_ChestCT/image/tst30535.nii.gz,/data4/haoranlai/Dataset/RAD_ChestCT/RadchestCTseg/tst30535/tst30535.nii.gz
/data4/haoranlai/Dataset/RAD_ChestCT/image/tst32482.nii.gz,/data4/haoranlai/Dataset/RAD_ChestCT/RadchestCTseg/tst32482/tst32482.nii.gz
/data4/haoranlai/Dataset/RAD_ChestCT/image/tst30205.nii.gz,/data4/haoranlai/Dataset/RAD_ChestCT/RadchestCTseg/tst30205/tst30205.nii.gz
/data4/haoranlai/Dataset/RAD_ChestCT/image/tst35807.nii.gz,/data4/haoranlai/Dataset/RAD_ChestCT/RadchestCTseg/tst35807/tst35807.nii.gz
/data4/haoranlai/Dataset/RAD_ChestCT/image/tst36224.nii.gz,/data4/haoranlai/Dataset/RAD_ChestCT/RadchestCTseg/tst36224/tst36224.nii.gz
/data4/haoranlai/Dataset/RAD_ChestCT/image/tst34035.nii.gz,/data4/haoranlai/Dataset/RAD_ChestCT/RadchestCTseg/tst34035/tst34035.nii.gz
/data4/haoranlai/Dataset/RAD_ChestCT/image/tst34223.nii.gz,/data4/haoranlai/Dataset/RAD_ChestCT/RadchestCTseg/tst34223/tst34223.nii.gz
/data4/haoranlai/Dataset/RAD_ChestCT/image/tst33878.nii.gz,/data4/haoranlai/Dataset/RAD_ChestCT/RadchestCTseg/tst33878/tst33878.nii.gz
/data4/haoranlai/Dataset/RAD_ChestCT/image/tst31467.nii.gz,/data4/haoranlai/Dataset/RAD_ChestCT/RadchestCTseg/tst31467/tst31467.nii.gz
/data4/haoranlai/Dataset/RAD_ChestCT/image/tst32840.nii.gz,/data4/haoranlai/Dataset/RAD_ChestCT/RadchestCTseg/tst32840/tst32840.nii.gz
/data4/haoranlai/Dataset/RAD_ChestCT/image/tst32351.nii.gz,/data4/haoranlai/Dataset/RAD_ChestCT/RadchestCTseg/tst32351/tst32351.nii.gz
/data4/haoranlai/Dataset/RAD_ChestCT/image/tst35304.nii.gz,/data4/haoranlai/Dataset/RAD_ChestCT/RadchestCTseg/tst35304/tst35304.nii.gz
/data4/haoranlai/Dataset/RAD_ChestCT/image/tst30974.nii.gz,/data4/haoranlai/Dataset/RAD_ChestCT/RadchestCTseg/tst30974/tst30974.nii.gz
/data4/haoranlai/Dataset/RAD_ChestCT/image/tst34695.nii.gz,/data4/haoranlai/Dataset/RAD_ChestCT/RadchestCTseg/tst34695/tst34695.nii.gz
/data4/haoranlai/Dataset/RAD_ChestCT/image/tst34981.nii.gz,/data4/haoranlai/Dataset/RAD_ChestCT/RadchestCTseg/tst34981/tst34981.nii.gz
/data4/haoranlai/Dataset/RAD_ChestCT/image/tst30224.nii.gz,/data4/haoranlai/Dataset/RAD_ChestCT/RadchestCTseg/tst30224/tst30224.nii.gz
/data4/haoranlai/Dataset/RAD_ChestCT/image/tst30455.nii.gz,/data4/haoranlai/Dataset/RAD_ChestCT/RadchestCTseg/tst30455/tst30455.nii.gz
/data4/haoranlai/Dataset/RAD_ChestCT/image/tst32329.nii.gz,/data4/haoranlai/Dataset/RAD_ChestCT/RadchestCTseg/tst32329/tst32329.nii.gz
/data4/haoranlai/Dataset/RAD_ChestCT/image/tst36200.nii.gz,/data4/haoranlai/Dataset/RAD_ChestCT/RadchestCTseg/tst36200/tst36200.nii.gz
/data4/haoranlai/Dataset/RAD_ChestCT/image/tst34561.nii.gz,/data4/haoranlai/Dataset/RAD_ChestCT/RadchestCTseg/tst34561/tst34561.nii.gz
/data4/haoranlai/Dataset/RAD_ChestCT/image/tst34982.nii.gz,/data4/haoranlai/Dataset/RAD_ChestCT/RadchestCTseg/tst34982/tst34982.nii.gz
/data4/haoranlai/Dataset/RAD_ChestCT/image/tst35331.nii.gz,/data4/haoranlai/Dataset/RAD_ChestCT/RadchestCTseg/tst35331/tst35331.nii.gz
/data4/haoranlai/Dataset/RAD_ChestCT/image/tst32301.nii.gz,/data4/haoranlai/Dataset/RAD_ChestCT/RadchestCTseg/tst32301/tst32301.nii.gz
/data4/haoranlai/Dataset/RAD_ChestCT/image/tst30574.nii.gz,/data4/haoranlai/Dataset/RAD_ChestCT/RadchestCTseg/tst30574/tst30574.nii.gz
/data4/haoranlai/Dataset/RAD_ChestCT/image/tst29751.nii.gz,/data4/haoranlai/Dataset/RAD_ChestCT/RadchestCTseg/tst29751/tst29751.nii.gz
/data4/haoranlai/Dataset/RAD_ChestCT/image/tst35708.nii.gz,/data4/haoranlai/Dataset/RAD_ChestCT/RadchestCTseg/tst35708/tst35708.nii.gz
/data4/haoranlai/Dataset/RAD_ChestCT/image/tst30270.nii.gz,/data4/haoranlai/Dataset/RAD_ChestCT/RadchestCTseg/tst30270/tst30270.nii.gz
/data4/haoranlai/Dataset/RAD_ChestCT/image/tst33969.nii.gz,/data4/haoranlai/Dataset/RAD_ChestCT/RadchestCTseg/tst33969/tst33969.nii.gz
/data4/haoranlai/Dataset/RAD_ChestCT/image/tst31534.nii.gz,/data4/haoranlai/Dataset/RAD_ChestCT/RadchestCTseg/tst31534/tst31534.nii.gz
/data4/haoranlai/Dataset/RAD_ChestCT/image/tst33456.nii.gz,/data4/haoranlai/Dataset/RAD_ChestCT/RadchestCTseg/tst33456/tst33456.nii.gz
/data4/haoranlai/Dataset/RAD_ChestCT/image/tst30034.nii.gz,/data4/haoranlai/Dataset/RAD_ChestCT/RadchestCTseg/tst30034/tst30034.nii.gz
/data4/haoranlai/Dataset/RAD_ChestCT/image/tst34304.nii.gz,/data4/haoranlai/Dataset/RAD_ChestCT/RadchestCTseg/tst34304/tst34304.nii.gz
/data4/haoranlai/Dataset/RAD_ChestCT/image/tst29372.nii.gz,/data4/haoranlai/Dataset/RAD_ChestCT/RadchestCTseg/tst29372/tst29372.nii.gz
/data4/haoranlai/Dataset/RAD_ChestCT/image/tst34201.nii.gz,/data4/haoranlai/Dataset/RAD_ChestCT/RadchestCTseg/tst34201/tst34201.nii.gz
/data4/haoranlai/Dataset/RAD_ChestCT/image/tst32058.nii.gz,/data4/haoranlai/Dataset/RAD_ChestCT/RadchestCTseg/tst32058/tst32058.nii.gz
/data4/haoranlai/Dataset/RAD_ChestCT/image/tst33817.nii.gz,/data4/haoranlai/Dataset/RAD_ChestCT/RadchestCTseg/tst33817/tst33817.nii.gz
/data4/haoranlai/Dataset/RAD_ChestCT/image/tst35022.nii.gz,/data4/haoranlai/Dataset/RAD_ChestCT/RadchestCTseg/tst35022/tst35022.nii.gz
/data4/haoranlai/Dataset/RAD_ChestCT/image/tst30867.nii.gz,/data4/haoranlai/Dataset/RAD_ChestCT/RadchestCTseg/tst30867/tst30867.nii.gz
/data4/haoranlai/Dataset/RAD_ChestCT/image/tst29561.nii.gz,/data4/haoranlai/Dataset/RAD_ChestCT/RadchestCTseg/tst29561/tst29561.nii.gz
/data4/haoranlai/Dataset/RAD_ChestCT/image/tst35073.nii.gz,/data4/haoranlai/Dataset/RAD_ChestCT/RadchestCTseg/tst35073/tst35073.nii.gz
/data4/haoranlai/Dataset/RAD_ChestCT/image/tst30158.nii.gz,/data4/haoranlai/Dataset/RAD_ChestCT/RadchestCTseg/tst30158/tst30158.nii.gz
/data4/haoranlai/Dataset/RAD_ChestCT/image/tst35580.nii.gz,/data4/haoranlai/Dataset/RAD_ChestCT/RadchestCTseg/tst35580/tst35580.nii.gz
/data4/haoranlai/Dataset/RAD_ChestCT/image/tst29937.nii.gz,/data4/haoranlai/Dataset/RAD_ChestCT/RadchestCTseg/tst29937/tst29937.nii.gz
/data4/haoranlai/Dataset/RAD_ChestCT/image/tst30762.nii.gz,/data4/haoranlai/Dataset/RAD_ChestCT/RadchestCTseg/tst30762/tst30762.nii.gz
/data4/haoranlai/Dataset/RAD_ChestCT/image/tst35810.nii.gz,/data4/haoranlai/Dataset/RAD_ChestCT/RadchestCTseg/tst35810/tst35810.nii.gz
/data4/haoranlai/Dataset/RAD_ChestCT/image/tst35320.nii.gz,/data4/haoranlai/Dataset/RAD_ChestCT/RadchestCTseg/tst35320/tst35320.nii.gz
/data4/haoranlai/Dataset/RAD_ChestCT/image/tst32267.nii.gz,/data4/haoranlai/Dataset/RAD_ChestCT/RadchestCTseg/tst32267/tst32267.nii.gz
/data4/haoranlai/Dataset/RAD_ChestCT/image/tst32663.nii.gz,/data4/haoranlai/Dataset/RAD_ChestCT/RadchestCTseg/tst32663/tst32663.nii.gz
/data4/haoranlai/Dataset/RAD_ChestCT/image/tst32946.nii.gz,/data4/haoranlai/Dataset/RAD_ChestCT/RadchestCTseg/tst32946/tst32946.nii.gz
/data4/haoranlai/Dataset/RAD_ChestCT/image/tst34482.nii.gz,/data4/haoranlai/Dataset/RAD_ChestCT/RadchestCTseg/tst34482/tst34482.nii.gz
/data4/haoranlai/Dataset/RAD_ChestCT/image/tst36247.nii.gz,/data4/haoranlai/Dataset/RAD_ChestCT/RadchestCTseg/tst36247/tst36247.nii.gz
/data4/haoranlai/Dataset/RAD_ChestCT/image/tst29642.nii.gz,/data4/haoranlai/Dataset/RAD_ChestCT/RadchestCTseg/tst29642/tst29642.nii.gz
/data4/haoranlai/Dataset/RAD_ChestCT/image/tst31889.nii.gz,/data4/haoranlai/Dataset/RAD_ChestCT/RadchestCTseg/tst31889/tst31889.nii.gz
/data4/haoranlai/Dataset/RAD_ChestCT/image/tst36107.nii.gz,/data4/haoranlai/Dataset/RAD_ChestCT/RadchestCTseg/tst36107/tst36107.nii.gz
/data4/haoranlai/Dataset/RAD_ChestCT/image/tst29334.nii.gz,/data4/haoranlai/Dataset/RAD_ChestCT/RadchestCTseg/tst29334/tst29334.nii.gz
/data4/haoranlai/Dataset/RAD_ChestCT/image/tst31619.nii.gz,/data4/haoranlai/Dataset/RAD_ChestCT/RadchestCTseg/tst31619/tst31619.nii.gz
/data4/haoranlai/Dataset/RAD_ChestCT/image/tst29819.nii.gz,/data4/haoranlai/Dataset/RAD_ChestCT/RadchestCTseg/tst29819/tst29819.nii.gz
/data4/haoranlai/Dataset/RAD_ChestCT/image/tst33157.nii.gz,/data4/haoranlai/Dataset/RAD_ChestCT/RadchestCTseg/tst33157/tst33157.nii.gz
/data4/haoranlai/Dataset/RAD_ChestCT/image/tst35195.nii.gz,/data4/haoranlai/Dataset/RAD_ChestCT/RadchestCTseg/tst35195/tst35195.nii.gz
/data4/haoranlai/Dataset/RAD_ChestCT/image/tst34076.nii.gz,/data4/haoranlai/Dataset/RAD_ChestCT/RadchestCTseg/tst34076/tst34076.nii.gz
/data4/haoranlai/Dataset/RAD_ChestCT/image/tst36226.nii.gz,/data4/haoranlai/Dataset/RAD_ChestCT/RadchestCTseg/tst36226/tst36226.nii.gz
/data4/haoranlai/Dataset/RAD_ChestCT/image/tst36122.nii.gz,/data4/haoranlai/Dataset/RAD_ChestCT/RadchestCTseg/tst36122/tst36122.nii.gz
/data4/haoranlai/Dataset/RAD_ChestCT/image/tst32846.nii.gz,/data4/haoranlai/Dataset/RAD_ChestCT/RadchestCTseg/tst32846/tst32846.nii.gz
/data4/haoranlai/Dataset/RAD_ChestCT/image/tst34543.nii.gz,/data4/haoranlai/Dataset/RAD_ChestCT/RadchestCTseg/tst34543/tst34543.nii.gz
/data4/haoranlai/Dataset/RAD_ChestCT/image/tst33789.nii.gz,/data4/haoranlai/Dataset/RAD_ChestCT/RadchestCTseg/tst33789/tst33789.nii.gz
/data4/haoranlai/Dataset/RAD_ChestCT/image/tst34101.nii.gz,/data4/haoranlai/Dataset/RAD_ChestCT/RadchestCTseg/tst34101/tst34101.nii.gz
/data4/haoranlai/Dataset/RAD_ChestCT/image/tst31078.nii.gz,/data4/haoranlai/Dataset/RAD_ChestCT/RadchestCTseg/tst31078/tst31078.nii.gz
/data4/haoranlai/Dataset/RAD_ChestCT/image/tst31256.nii.gz,/data4/haoranlai/Dataset/RAD_ChestCT/RadchestCTseg/tst31256/tst31256.nii.gz
/data4/haoranlai/Dataset/RAD_ChestCT/image/tst31308.nii.gz,/data4/haoranlai/Dataset/RAD_ChestCT/RadchestCTseg/tst31308/tst31308.nii.gz
/data4/haoranlai/Dataset/RAD_ChestCT/image/tst34590.nii.gz,/data4/haoranlai/Dataset/RAD_ChestCT/RadchestCTseg/tst34590/tst34590.nii.gz
/data4/haoranlai/Dataset/RAD_ChestCT/image/tst33979.nii.gz,/data4/haoranlai/Dataset/RAD_ChestCT/RadchestCTseg/tst33979/tst33979.nii.gz
/data4/haoranlai/Dataset/RAD_ChestCT/image/tst29112.nii.gz,/data4/haoranlai/Dataset/RAD_ChestCT/RadchestCTseg/tst29112/tst29112.nii.gz
/data4/haoranlai/Dataset/RAD_ChestCT/image/tst34595.nii.gz,/data4/haoranlai/Dataset/RAD_ChestCT/RadchestCTseg/tst34595/tst34595.nii.gz
/data4/haoranlai/Dataset/RAD_ChestCT/image/tst32750.nii.gz,/data4/haoranlai/Dataset/RAD_ChestCT/RadchestCTseg/tst32750/tst32750.nii.gz
/data4/haoranlai/Dataset/RAD_ChestCT/image/tst30209.nii.gz,/data4/haoranlai/Dataset/RAD_ChestCT/RadchestCTseg/tst30209/tst30209.nii.gz
/data4/haoranlai/Dataset/RAD_ChestCT/image/tst32551.nii.gz,/data4/haoranlai/Dataset/RAD_ChestCT/RadchestCTseg/tst32551/tst32551.nii.gz
/data4/haoranlai/Dataset/RAD_ChestCT/image/tst33208.nii.gz,/data4/haoranlai/Dataset/RAD_ChestCT/RadchestCTseg/tst33208/tst33208.nii.gz
/data4/haoranlai/Dataset/RAD_ChestCT/image/tst32108.nii.gz,/data4/haoranlai/Dataset/RAD_ChestCT/RadchestCTseg/tst32108/tst32108.nii.gz
/data4/haoranlai/Dataset/RAD_ChestCT/image/tst29277.nii.gz,/data4/haoranlai/Dataset/RAD_ChestCT/RadchestCTseg/tst29277/tst29277.nii.gz
/data4/haoranlai/Dataset/RAD_ChestCT/image/tst33216.nii.gz,/data4/haoranlai/Dataset/RAD_ChestCT/RadchestCTseg/tst33216/tst33216.nii.gz
/data4/haoranlai/Dataset/RAD_ChestCT/image/tst33798.nii.gz,/data4/haoranlai/Dataset/RAD_ChestCT/RadchestCTseg/tst33798/tst33798.nii.gz
/data4/haoranlai/Dataset/RAD_ChestCT/image/tst35496.nii.gz,/data4/haoranlai/Dataset/RAD_ChestCT/RadchestCTseg/tst35496/tst35496.nii.gz
/data4/haoranlai/Dataset/RAD_ChestCT/image/tst34362.nii.gz,/data4/haoranlai/Dataset/RAD_ChestCT/RadchestCTseg/tst34362/tst34362.nii.gz
/data4/haoranlai/Dataset/RAD_ChestCT/image/tst36102.nii.gz,/data4/haoranlai/Dataset/RAD_ChestCT/RadchestCTseg/tst36102/tst36102.nii.gz
/data4/haoranlai/Dataset/RAD_ChestCT/image/tst29794.nii.gz,/data4/haoranlai/Dataset/RAD_ChestCT/RadchestCTseg/tst29794/tst29794.nii.gz
/data4/haoranlai/Dataset/RAD_ChestCT/image/tst30305.nii.gz,/data4/haoranlai/Dataset/RAD_ChestCT/RadchestCTseg/tst30305/tst30305.nii.gz
/data4/haoranlai/Dataset/RAD_ChestCT/image/tst34751.nii.gz,/data4/haoranlai/Dataset/RAD_ChestCT/RadchestCTseg/tst34751/tst34751.nii.gz
/data4/haoranlai/Dataset/RAD_ChestCT/image/tst32629.nii.gz,/data4/haoranlai/Dataset/RAD_ChestCT/RadchestCTseg/tst32629/tst32629.nii.gz
/data4/haoranlai/Dataset/RAD_ChestCT/image/tst34204.nii.gz,/data4/haoranlai/Dataset/RAD_ChestCT/RadchestCTseg/tst34204/tst34204.nii.gz
/data4/haoranlai/Dataset/RAD_ChestCT/image/tst32252.nii.gz,/data4/haoranlai/Dataset/RAD_ChestCT/RadchestCTseg/tst32252/tst32252.nii.gz
/data4/haoranlai/Dataset/RAD_ChestCT/image/tst31432.nii.gz,/data4/haoranlai/Dataset/RAD_ChestCT/RadchestCTseg/tst31432/tst31432.nii.gz
/data4/haoranlai/Dataset/RAD_ChestCT/image/tst36216.nii.gz,/data4/haoranlai/Dataset/RAD_ChestCT/RadchestCTseg/tst36216/tst36216.nii.gz
/data4/haoranlai/Dataset/RAD_ChestCT/image/tst34139.nii.gz,/data4/haoranlai/Dataset/RAD_ChestCT/RadchestCTseg/tst34139/tst34139.nii.gz
/data4/haoranlai/Dataset/RAD_ChestCT/image/tst29954.nii.gz,/data4/haoranlai/Dataset/RAD_ChestCT/RadchestCTseg/tst29954/tst29954.nii.gz
/data4/haoranlai/Dataset/RAD_ChestCT/image/tst33129.nii.gz,/data4/haoranlai/Dataset/RAD_ChestCT/RadchestCTseg/tst33129/tst33129.nii.gz
/data4/haoranlai/Dataset/RAD_ChestCT/image/tst35840.nii.gz,/data4/haoranlai/Dataset/RAD_ChestCT/RadchestCTseg/tst35840/tst35840.nii.gz
/data4/haoranlai/Dataset/RAD_ChestCT/image/tst31149.nii.gz,/data4/haoranlai/Dataset/RAD_ChestCT/RadchestCTseg/tst31149/tst31149.nii.gz
/data4/haoranlai/Dataset/RAD_ChestCT/image/tst32839.nii.gz,/data4/haoranlai/Dataset/RAD_ChestCT/RadchestCTseg/tst32839/tst32839.nii.gz
/data4/haoranlai/Dataset/RAD_ChestCT/image/tst31902.nii.gz,/data4/haoranlai/Dataset/RAD_ChestCT/RadchestCTseg/tst31902/tst31902.nii.gz
/data4/haoranlai/Dataset/RAD_ChestCT/image/tst29426.nii.gz,/data4/haoranlai/Dataset/RAD_ChestCT/RadchestCTseg/tst29426/tst29426.nii.gz
/data4/haoranlai/Dataset/RAD_ChestCT/image/tst29572.nii.gz,/data4/haoranlai/Dataset/RAD_ChestCT/RadchestCTseg/tst29572/tst29572.nii.gz
/data4/haoranlai/Dataset/RAD_ChestCT/image/tst31064.nii.gz,/data4/haoranlai/Dataset/RAD_ChestCT/RadchestCTseg/tst31064/tst31064.nii.gz
/data4/haoranlai/Dataset/RAD_ChestCT/image/tst34160.nii.gz,/data4/haoranlai/Dataset/RAD_ChestCT/RadchestCTseg/tst34160/tst34160.nii.gz
/data4/haoranlai/Dataset/RAD_ChestCT/image/tst34108.nii.gz,/data4/haoranlai/Dataset/RAD_ChestCT/RadchestCTseg/tst34108/tst34108.nii.gz
/data4/haoranlai/Dataset/RAD_ChestCT/image/tst36116.nii.gz,/data4/haoranlai/Dataset/RAD_ChestCT/RadchestCTseg/tst36116/tst36116.nii.gz
/data4/haoranlai/Dataset/RAD_ChestCT/image/tst30672.nii.gz,/data4/haoranlai/Dataset/RAD_ChestCT/RadchestCTseg/tst30672/tst30672.nii.gz
/data4/haoranlai/Dataset/RAD_ChestCT/image/tst33600.nii.gz,/data4/haoranlai/Dataset/RAD_ChestCT/RadchestCTseg/tst33600/tst33600.nii.gz
/data4/haoranlai/Dataset/RAD_ChestCT/image/tst34649.nii.gz,/data4/haoranlai/Dataset/RAD_ChestCT/RadchestCTseg/tst34649/tst34649.nii.gz
/data4/haoranlai/Dataset/RAD_ChestCT/image/tst30715.nii.gz,/data4/haoranlai/Dataset/RAD_ChestCT/RadchestCTseg/tst30715/tst30715.nii.gz
/data4/haoranlai/Dataset/RAD_ChestCT/image/tst35483.nii.gz,/data4/haoranlai/Dataset/RAD_ChestCT/RadchestCTseg/tst35483/tst35483.nii.gz
/data4/haoranlai/Dataset/RAD_ChestCT/image/tst35567.nii.gz,/data4/haoranlai/Dataset/RAD_ChestCT/RadchestCTseg/tst35567/tst35567.nii.gz
/data4/haoranlai/Dataset/RAD_ChestCT/image/tst35553.nii.gz,/data4/haoranlai/Dataset/RAD_ChestCT/RadchestCTseg/tst35553/tst35553.nii.gz
/data4/haoranlai/Dataset/RAD_ChestCT/image/tst32232.nii.gz,/data4/haoranlai/Dataset/RAD_ChestCT/RadchestCTseg/tst32232/tst32232.nii.gz
/data4/haoranlai/Dataset/RAD_ChestCT/image/tst32604.nii.gz,/data4/haoranlai/Dataset/RAD_ChestCT/RadchestCTseg/tst32604/tst32604.nii.gz
/data4/haoranlai/Dataset/RAD_ChestCT/image/tst35156.nii.gz,/data4/haoranlai/Dataset/RAD_ChestCT/RadchestCTseg/tst35156/tst35156.nii.gz
/data4/haoranlai/Dataset/RAD_ChestCT/image/tst35637.nii.gz,/data4/haoranlai/Dataset/RAD_ChestCT/RadchestCTseg/tst35637/tst35637.nii.gz
/data4/haoranlai/Dataset/RAD_ChestCT/image/tst29129.nii.gz,/data4/haoranlai/Dataset/RAD_ChestCT/RadchestCTseg/tst29129/tst29129.nii.gz
/data4/haoranlai/Dataset/RAD_ChestCT/image/tst30534.nii.gz,/data4/haoranlai/Dataset/RAD_ChestCT/RadchestCTseg/tst30534/tst30534.nii.gz
/data4/haoranlai/Dataset/RAD_ChestCT/image/tst36113.nii.gz,/data4/haoranlai/Dataset/RAD_ChestCT/RadchestCTseg/tst36113/tst36113.nii.gz
/data4/haoranlai/Dataset/RAD_ChestCT/image/tst31786.nii.gz,/data4/haoranlai/Dataset/RAD_ChestCT/RadchestCTseg/tst31786/tst31786.nii.gz
/data4/haoranlai/Dataset/RAD_ChestCT/image/tst31288.nii.gz,/data4/haoranlai/Dataset/RAD_ChestCT/RadchestCTseg/tst31288/tst31288.nii.gz
/data4/haoranlai/Dataset/RAD_ChestCT/image/tst29298.nii.gz,/data4/haoranlai/Dataset/RAD_ChestCT/RadchestCTseg/tst29298/tst29298.nii.gz
/data4/haoranlai/Dataset/RAD_ChestCT/image/tst32836.nii.gz,/data4/haoranlai/Dataset/RAD_ChestCT/RadchestCTseg/tst32836/tst32836.nii.gz
/data4/haoranlai/Dataset/RAD_ChestCT/image/tst36137.nii.gz,/data4/haoranlai/Dataset/RAD_ChestCT/RadchestCTseg/tst36137/tst36137.nii.gz
/data4/haoranlai/Dataset/RAD_ChestCT/image/tst35043.nii.gz,/data4/haoranlai/Dataset/RAD_ChestCT/RadchestCTseg/tst35043/tst35043.nii.gz
/data4/haoranlai/Dataset/RAD_ChestCT/image/tst35063.nii.gz,/data4/haoranlai/Dataset/RAD_ChestCT/RadchestCTseg/tst35063/tst35063.nii.gz
/data4/haoranlai/Dataset/RAD_ChestCT/image/tst29637.nii.gz,/data4/haoranlai/Dataset/RAD_ChestCT/RadchestCTseg/tst29637/tst29637.nii.gz
/data4/haoranlai/Dataset/RAD_ChestCT/image/tst29909.nii.gz,/data4/haoranlai/Dataset/RAD_ChestCT/RadchestCTseg/tst29909/tst29909.nii.gz
/data4/haoranlai/Dataset/RAD_ChestCT/image/tst32717.nii.gz,/data4/haoranlai/Dataset/RAD_ChestCT/RadchestCTseg/tst32717/tst32717.nii.gz
/data4/haoranlai/Dataset/RAD_ChestCT/image/tst35897.nii.gz,/data4/haoranlai/Dataset/RAD_ChestCT/RadchestCTseg/tst35897/tst35897.nii.gz
/data4/haoranlai/Dataset/RAD_ChestCT/image/tst32480.nii.gz,/data4/haoranlai/Dataset/RAD_ChestCT/RadchestCTseg/tst32480/tst32480.nii.gz
/data4/haoranlai/Dataset/RAD_ChestCT/image/tst31875.nii.gz,/data4/haoranlai/Dataset/RAD_ChestCT/RadchestCTseg/tst31875/tst31875.nii.gz
/data4/haoranlai/Dataset/RAD_ChestCT/image/tst31424.nii.gz,/data4/haoranlai/Dataset/RAD_ChestCT/RadchestCTseg/tst31424/tst31424.nii.gz
/data4/haoranlai/Dataset/RAD_ChestCT/image/tst29172.nii.gz,/data4/haoranlai/Dataset/RAD_ChestCT/RadchestCTseg/tst29172/tst29172.nii.gz
/data4/haoranlai/Dataset/RAD_ChestCT/image/tst30313.nii.gz,/data4/haoranlai/Dataset/RAD_ChestCT/RadchestCTseg/tst30313/tst30313.nii.gz
/data4/haoranlai/Dataset/RAD_ChestCT/image/tst33751.nii.gz,/data4/haoranlai/Dataset/RAD_ChestCT/RadchestCTseg/tst33751/tst33751.nii.gz
/data4/haoranlai/Dataset/RAD_ChestCT/image/tst30782.nii.gz,/data4/haoranlai/Dataset/RAD_ChestCT/RadchestCTseg/tst30782/tst30782.nii.gz
/data4/haoranlai/Dataset/RAD_ChestCT/image/tst32875.nii.gz,/data4/haoranlai/Dataset/RAD_ChestCT/RadchestCTseg/tst32875/tst32875.nii.gz
/data4/haoranlai/Dataset/RAD_ChestCT/image/tst33106.nii.gz,/data4/haoranlai/Dataset/RAD_ChestCT/RadchestCTseg/tst33106/tst33106.nii.gz
/data4/haoranlai/Dataset/RAD_ChestCT/image/tst29775.nii.gz,/data4/haoranlai/Dataset/RAD_ChestCT/RadchestCTseg/tst29775/tst29775.nii.gz
/data4/haoranlai/Dataset/RAD_ChestCT/image/tst32951.nii.gz,/data4/haoranlai/Dataset/RAD_ChestCT/RadchestCTseg/tst32951/tst32951.nii.gz
/data4/haoranlai/Dataset/RAD_ChestCT/image/tst31699.nii.gz,/data4/haoranlai/Dataset/RAD_ChestCT/RadchestCTseg/tst31699/tst31699.nii.gz
/data4/haoranlai/Dataset/RAD_ChestCT/image/tst34728.nii.gz,/data4/haoranlai/Dataset/RAD_ChestCT/RadchestCTseg/tst34728/tst34728.nii.gz
/data4/haoranlai/Dataset/RAD_ChestCT/image/tst30859.nii.gz,/data4/haoranlai/Dataset/RAD_ChestCT/RadchestCTseg/tst30859/tst30859.nii.gz
/data4/haoranlai/Dataset/RAD_ChestCT/image/tst31660.nii.gz,/data4/haoranlai/Dataset/RAD_ChestCT/RadchestCTseg/tst31660/tst31660.nii.gz
/data4/haoranlai/Dataset/RAD_ChestCT/image/tst30606.nii.gz,/data4/haoranlai/Dataset/RAD_ChestCT/RadchestCTseg/tst30606/tst30606.nii.gz
/data4/haoranlai/Dataset/RAD_ChestCT/image/tst35351.nii.gz,/data4/haoranlai/Dataset/RAD_ChestCT/RadchestCTseg/tst35351/tst35351.nii.gz
/data4/haoranlai/Dataset/RAD_ChestCT/image/tst29920.nii.gz,/data4/haoranlai/Dataset/RAD_ChestCT/RadchestCTseg/tst29920/tst29920.nii.gz
/data4/haoranlai/Dataset/RAD_ChestCT/image/tst30524.nii.gz,/data4/haoranlai/Dataset/RAD_ChestCT/RadchestCTseg/tst30524/tst30524.nii.gz
/data4/haoranlai/Dataset/RAD_ChestCT/image/tst29990.nii.gz,/data4/haoranlai/Dataset/RAD_ChestCT/RadchestCTseg/tst29990/tst29990.nii.gz
/data4/haoranlai/Dataset/RAD_ChestCT/image/tst30367.nii.gz,/data4/haoranlai/Dataset/RAD_ChestCT/RadchestCTseg/tst30367/tst30367.nii.gz
/data4/haoranlai/Dataset/RAD_ChestCT/image/tst33757.nii.gz,/data4/haoranlai/Dataset/RAD_ChestCT/RadchestCTseg/tst33757/tst33757.nii.gz
/data4/haoranlai/Dataset/RAD_ChestCT/image/tst33256.nii.gz,/data4/haoranlai/Dataset/RAD_ChestCT/RadchestCTseg/tst33256/tst33256.nii.gz
/data4/haoranlai/Dataset/RAD_ChestCT/image/tst29610.nii.gz,/data4/haoranlai/Dataset/RAD_ChestCT/RadchestCTseg/tst29610/tst29610.nii.gz
/data4/haoranlai/Dataset/RAD_ChestCT/image/tst33343.nii.gz,/data4/haoranlai/Dataset/RAD_ChestCT/RadchestCTseg/tst33343/tst33343.nii.gz
/data4/haoranlai/Dataset/RAD_ChestCT/image/tst36162.nii.gz,/data4/haoranlai/Dataset/RAD_ChestCT/RadchestCTseg/tst36162/tst36162.nii.gz
/data4/haoranlai/Dataset/RAD_ChestCT/image/tst30072.nii.gz,/data4/haoranlai/Dataset/RAD_ChestCT/RadchestCTseg/tst30072/tst30072.nii.gz
/data4/haoranlai/Dataset/RAD_ChestCT/image/tst29303.nii.gz,/data4/haoranlai/Dataset/RAD_ChestCT/RadchestCTseg/tst29303/tst29303.nii.gz
/data4/haoranlai/Dataset/RAD_ChestCT/image/tst30813.nii.gz,/data4/haoranlai/Dataset/RAD_ChestCT/RadchestCTseg/tst30813/tst30813.nii.gz
/data4/haoranlai/Dataset/RAD_ChestCT/image/tst29285.nii.gz,/data4/haoranlai/Dataset/RAD_ChestCT/RadchestCTseg/tst29285/tst29285.nii.gz
/data4/haoranlai/Dataset/RAD_ChestCT/image/tst35739.nii.gz,/data4/haoranlai/Dataset/RAD_ChestCT/RadchestCTseg/tst35739/tst35739.nii.gz
/data4/haoranlai/Dataset/RAD_ChestCT/image/tst29961.nii.gz,/data4/haoranlai/Dataset/RAD_ChestCT/RadchestCTseg/tst29961/tst29961.nii.gz
/data4/haoranlai/Dataset/RAD_ChestCT/image/tst29163.nii.gz,/data4/haoranlai/Dataset/RAD_ChestCT/RadchestCTseg/tst29163/tst29163.nii.gz
/data4/haoranlai/Dataset/RAD_ChestCT/image/tst34798.nii.gz,/data4/haoranlai/Dataset/RAD_ChestCT/RadchestCTseg/tst34798/tst34798.nii.gz
/data4/haoranlai/Dataset/RAD_ChestCT/image/tst31019.nii.gz,/data4/haoranlai/Dataset/RAD_ChestCT/RadchestCTseg/tst31019/tst31019.nii.gz
/data4/haoranlai/Dataset/RAD_ChestCT/image/tst35012.nii.gz,/data4/haoranlai/Dataset/RAD_ChestCT/RadchestCTseg/tst35012/tst35012.nii.gz
/data4/haoranlai/Dataset/RAD_ChestCT/image/tst36311.nii.gz,/data4/haoranlai/Dataset/RAD_ChestCT/RadchestCTseg/tst36311/tst36311.nii.gz
/data4/haoranlai/Dataset/RAD_ChestCT/image/tst32290.nii.gz,/data4/haoranlai/Dataset/RAD_ChestCT/RadchestCTseg/tst32290/tst32290.nii.gz
/data4/haoranlai/Dataset/RAD_ChestCT/image/tst29634.nii.gz,/data4/haoranlai/Dataset/RAD_ChestCT/RadchestCTseg/tst29634/tst29634.nii.gz
/data4/haoranlai/Dataset/RAD_ChestCT/image/tst30603.nii.gz,/data4/haoranlai/Dataset/RAD_ChestCT/RadchestCTseg/tst30603/tst30603.nii.gz
/data4/haoranlai/Dataset/RAD_ChestCT/image/tst31680.nii.gz,/data4/haoranlai/Dataset/RAD_ChestCT/RadchestCTseg/tst31680/tst31680.nii.gz
/data4/haoranlai/Dataset/RAD_ChestCT/image/tst34483.nii.gz,/data4/haoranlai/Dataset/RAD_ChestCT/RadchestCTseg/tst34483/tst34483.nii.gz
/data4/haoranlai/Dataset/RAD_ChestCT/image/tst30484.nii.gz,/data4/haoranlai/Dataset/RAD_ChestCT/RadchestCTseg/tst30484/tst30484.nii.gz
/data4/haoranlai/Dataset/RAD_ChestCT/image/tst35061.nii.gz,/data4/haoranlai/Dataset/RAD_ChestCT/RadchestCTseg/tst35061/tst35061.nii.gz
/data4/haoranlai/Dataset/RAD_ChestCT/image/tst35559.nii.gz,/data4/haoranlai/Dataset/RAD_ChestCT/RadchestCTseg/tst35559/tst35559.nii.gz
/data4/haoranlai/Dataset/RAD_ChestCT/image/tst34629.nii.gz,/data4/haoranlai/Dataset/RAD_ChestCT/RadchestCTseg/tst34629/tst34629.nii.gz
/data4/haoranlai/Dataset/RAD_ChestCT/image/tst31004.nii.gz,/data4/haoranlai/Dataset/RAD_ChestCT/RadchestCTseg/tst31004/tst31004.nii.gz
/data4/haoranlai/Dataset/RAD_ChestCT/image/tst33997.nii.gz,/data4/haoranlai/Dataset/RAD_ChestCT/RadchestCTseg/tst33997/tst33997.nii.gz
/data4/haoranlai/Dataset/RAD_ChestCT/image/tst35252.nii.gz,/data4/haoranlai/Dataset/RAD_ChestCT/RadchestCTseg/tst35252/tst35252.nii.gz
/data4/haoranlai/Dataset/RAD_ChestCT/image/tst35500.nii.gz,/data4/haoranlai/Dataset/RAD_ChestCT/RadchestCTseg/tst35500/tst35500.nii.gz
/data4/haoranlai/Dataset/RAD_ChestCT/image/tst30406.nii.gz,/data4/haoranlai/Dataset/RAD_ChestCT/RadchestCTseg/tst30406/tst30406.nii.gz
/data4/haoranlai/Dataset/RAD_ChestCT/image/tst31911.nii.gz,/data4/haoranlai/Dataset/RAD_ChestCT/RadchestCTseg/tst31911/tst31911.nii.gz
/data4/haoranlai/Dataset/RAD_ChestCT/image/tst34279.nii.gz,/data4/haoranlai/Dataset/RAD_ChestCT/RadchestCTseg/tst34279/tst34279.nii.gz
/data4/haoranlai/Dataset/RAD_ChestCT/image/tst30819.nii.gz,/data4/haoranlai/Dataset/RAD_ChestCT/RadchestCTseg/tst30819/tst30819.nii.gz
/data4/haoranlai/Dataset/RAD_ChestCT/image/tst29428.nii.gz,/data4/haoranlai/Dataset/RAD_ChestCT/RadchestCTseg/tst29428/tst29428.nii.gz
/data4/haoranlai/Dataset/RAD_ChestCT/image/tst31719.nii.gz,/data4/haoranlai/Dataset/RAD_ChestCT/RadchestCTseg/tst31719/tst31719.nii.gz
/data4/haoranlai/Dataset/RAD_ChestCT/image/tst34297.nii.gz,/data4/haoranlai/Dataset/RAD_ChestCT/RadchestCTseg/tst34297/tst34297.nii.gz
/data4/haoranlai/Dataset/RAD_ChestCT/image/tst33257.nii.gz,/data4/haoranlai/Dataset/RAD_ChestCT/RadchestCTseg/tst33257/tst33257.nii.gz
/data4/haoranlai/Dataset/RAD_ChestCT/image/tst33682.nii.gz,/data4/haoranlai/Dataset/RAD_ChestCT/RadchestCTseg/tst33682/tst33682.nii.gz
/data4/haoranlai/Dataset/RAD_ChestCT/image/tst33004.nii.gz,/data4/haoranlai/Dataset/RAD_ChestCT/RadchestCTseg/tst33004/tst33004.nii.gz
/data4/haoranlai/Dataset/RAD_ChestCT/image/tst33523.nii.gz,/data4/haoranlai/Dataset/RAD_ChestCT/RadchestCTseg/tst33523/tst33523.nii.gz
/data4/haoranlai/Dataset/RAD_ChestCT/image/tst36178.nii.gz,/data4/haoranlai/Dataset/RAD_ChestCT/RadchestCTseg/tst36178/tst36178.nii.gz
/data4/haoranlai/Dataset/RAD_ChestCT/image/tst33593.nii.gz,/data4/haoranlai/Dataset/RAD_ChestCT/RadchestCTseg/tst33593/tst33593.nii.gz
/data4/haoranlai/Dataset/RAD_ChestCT/image/tst29725.nii.gz,/data4/haoranlai/Dataset/RAD_ChestCT/RadchestCTseg/tst29725/tst29725.nii.gz
/data4/haoranlai/Dataset/RAD_ChestCT/image/tst29243.nii.gz,/data4/haoranlai/Dataset/RAD_ChestCT/RadchestCTseg/tst29243/tst29243.nii.gz
/data4/haoranlai/Dataset/RAD_ChestCT/image/tst33037.nii.gz,/data4/haoranlai/Dataset/RAD_ChestCT/RadchestCTseg/tst33037/tst33037.nii.gz
/data4/haoranlai/Dataset/RAD_ChestCT/image/tst33987.nii.gz,/data4/haoranlai/Dataset/RAD_ChestCT/RadchestCTseg/tst33987/tst33987.nii.gz
/data4/haoranlai/Dataset/RAD_ChestCT/image/tst29293.nii.gz,/data4/haoranlai/Dataset/RAD_ChestCT/RadchestCTseg/tst29293/tst29293.nii.gz
/data4/haoranlai/Dataset/RAD_ChestCT/image/tst32626.nii.gz,/data4/haoranlai/Dataset/RAD_ChestCT/RadchestCTseg/tst32626/tst32626.nii.gz
/data4/haoranlai/Dataset/RAD_ChestCT/image/tst32045.nii.gz,/data4/haoranlai/Dataset/RAD_ChestCT/RadchestCTseg/tst32045/tst32045.nii.gz
/data4/haoranlai/Dataset/RAD_ChestCT/image/tst30989.nii.gz,/data4/haoranlai/Dataset/RAD_ChestCT/RadchestCTseg/tst30989/tst30989.nii.gz
/data4/haoranlai/Dataset/RAD_ChestCT/image/tst30299.nii.gz,/data4/haoranlai/Dataset/RAD_ChestCT/RadchestCTseg/tst30299/tst30299.nii.gz
/data4/haoranlai/Dataset/RAD_ChestCT/image/tst29974.nii.gz,/data4/haoranlai/Dataset/RAD_ChestCT/RadchestCTseg/tst29974/tst29974.nii.gz
/data4/haoranlai/Dataset/RAD_ChestCT/image/tst35237.nii.gz,/data4/haoranlai/Dataset/RAD_ChestCT/RadchestCTseg/tst35237/tst35237.nii.gz
/data4/haoranlai/Dataset/RAD_ChestCT/image/tst33264.nii.gz,/data4/haoranlai/Dataset/RAD_ChestCT/RadchestCTseg/tst33264/tst33264.nii.gz
/data4/haoranlai/Dataset/RAD_ChestCT/image/tst31285.nii.gz,/data4/haoranlai/Dataset/RAD_ChestCT/RadchestCTseg/tst31285/tst31285.nii.gz
/data4/haoranlai/Dataset/RAD_ChestCT/image/tst30164.nii.gz,/data4/haoranlai/Dataset/RAD_ChestCT/RadchestCTseg/tst30164/tst30164.nii.gz
/data4/haoranlai/Dataset/RAD_ChestCT/image/tst31491.nii.gz,/data4/haoranlai/Dataset/RAD_ChestCT/RadchestCTseg/tst31491/tst31491.nii.gz
/data4/haoranlai/Dataset/RAD_ChestCT/image/tst29972.nii.gz,/data4/haoranlai/Dataset/RAD_ChestCT/RadchestCTseg/tst29972/tst29972.nii.gz
/data4/haoranlai/Dataset/RAD_ChestCT/image/tst34119.nii.gz,/data4/haoranlai/Dataset/RAD_ChestCT/RadchestCTseg/tst34119/tst34119.nii.gz
/data4/haoranlai/Dataset/RAD_ChestCT/image/tst30553.nii.gz,/data4/haoranlai/Dataset/RAD_ChestCT/RadchestCTseg/tst30553/tst30553.nii.gz
/data4/haoranlai/Dataset/RAD_ChestCT/image/tst30685.nii.gz,/data4/haoranlai/Dataset/RAD_ChestCT/RadchestCTseg/tst30685/tst30685.nii.gz
/data4/haoranlai/Dataset/RAD_ChestCT/image/tst31013.nii.gz,/data4/haoranlai/Dataset/RAD_ChestCT/RadchestCTseg/tst31013/tst31013.nii.gz
/data4/haoranlai/Dataset/RAD_ChestCT/image/tst30831.nii.gz,/data4/haoranlai/Dataset/RAD_ChestCT/RadchestCTseg/tst30831/tst30831.nii.gz
/data4/haoranlai/Dataset/RAD_ChestCT/image/tst31904.nii.gz,/data4/haoranlai/Dataset/RAD_ChestCT/RadchestCTseg/tst31904/tst31904.nii.gz
/data4/haoranlai/Dataset/RAD_ChestCT/image/tst31346.nii.gz,/data4/haoranlai/Dataset/RAD_ChestCT/RadchestCTseg/tst31346/tst31346.nii.gz
/data4/haoranlai/Dataset/RAD_ChestCT/image/tst36192.nii.gz,/data4/haoranlai/Dataset/RAD_ChestCT/RadchestCTseg/tst36192/tst36192.nii.gz
/data4/haoranlai/Dataset/RAD_ChestCT/image/tst35291.nii.gz,/data4/haoranlai/Dataset/RAD_ChestCT/RadchestCTseg/tst35291/tst35291.nii.gz
/data4/haoranlai/Dataset/RAD_ChestCT/image/tst29333.nii.gz,/data4/haoranlai/Dataset/RAD_ChestCT/RadchestCTseg/tst29333/tst29333.nii.gz
/data4/haoranlai/Dataset/RAD_ChestCT/image/tst29677.nii.gz,/data4/haoranlai/Dataset/RAD_ChestCT/RadchestCTseg/tst29677/tst29677.nii.gz
/data4/haoranlai/Dataset/RAD_ChestCT/image/tst30522.nii.gz,/data4/haoranlai/Dataset/RAD_ChestCT/RadchestCTseg/tst30522/tst30522.nii.gz
/data4/haoranlai/Dataset/RAD_ChestCT/image/tst29574.nii.gz,/data4/haoranlai/Dataset/RAD_ChestCT/RadchestCTseg/tst29574/tst29574.nii.gz
/data4/haoranlai/Dataset/RAD_ChestCT/image/tst31917.nii.gz,/data4/haoranlai/Dataset/RAD_ChestCT/RadchestCTseg/tst31917/tst31917.nii.gz
/data4/haoranlai/Dataset/RAD_ChestCT/image/tst35293.nii.gz,/data4/haoranlai/Dataset/RAD_ChestCT/RadchestCTseg/tst35293/tst35293.nii.gz
/data4/haoranlai/Dataset/RAD_ChestCT/image/tst36173.nii.gz,/data4/haoranlai/Dataset/RAD_ChestCT/RadchestCTseg/tst36173/tst36173.nii.gz
/data4/haoranlai/Dataset/RAD_ChestCT/image/tst33385.nii.gz,/data4/haoranlai/Dataset/RAD_ChestCT/RadchestCTseg/tst33385/tst33385.nii.gz
/data4/haoranlai/Dataset/RAD_ChestCT/image/tst34539.nii.gz,/data4/haoranlai/Dataset/RAD_ChestCT/RadchestCTseg/tst34539/tst34539.nii.gz
/data4/haoranlai/Dataset/RAD_ChestCT/image/tst31093.nii.gz,/data4/haoranlai/Dataset/RAD_ChestCT/RadchestCTseg/tst31093/tst31093.nii.gz
/data4/haoranlai/Dataset/RAD_ChestCT/image/tst29227.nii.gz,/data4/haoranlai/Dataset/RAD_ChestCT/RadchestCTseg/tst29227/tst29227.nii.gz
/data4/haoranlai/Dataset/RAD_ChestCT/image/tst32869.nii.gz,/data4/haoranlai/Dataset/RAD_ChestCT/RadchestCTseg/tst32869/tst32869.nii.gz
/data4/haoranlai/Dataset/RAD_ChestCT/image/tst33995.nii.gz,/data4/haoranlai/Dataset/RAD_ChestCT/RadchestCTseg/tst33995/tst33995.nii.gz
/data4/haoranlai/Dataset/RAD_ChestCT/image/tst34856.nii.gz,/data4/haoranlai/Dataset/RAD_ChestCT/RadchestCTseg/tst34856/tst34856.nii.gz
/data4/haoranlai/Dataset/RAD_ChestCT/image/tst30648.nii.gz,/data4/haoranlai/Dataset/RAD_ChestCT/RadchestCTseg/tst30648/tst30648.nii.gz
/data4/haoranlai/Dataset/RAD_ChestCT/image/tst30661.nii.gz,/data4/haoranlai/Dataset/RAD_ChestCT/RadchestCTseg/tst30661/tst30661.nii.gz
/data4/haoranlai/Dataset/RAD_ChestCT/image/tst34126.nii.gz,/data4/haoranlai/Dataset/RAD_ChestCT/RadchestCTseg/tst34126/tst34126.nii.gz
/data4/haoranlai/Dataset/RAD_ChestCT/image/tst35317.nii.gz,/data4/haoranlai/Dataset/RAD_ChestCT/RadchestCTseg/tst35317/tst35317.nii.gz
/data4/haoranlai/Dataset/RAD_ChestCT/image/tst34042.nii.gz,/data4/haoranlai/Dataset/RAD_ChestCT/RadchestCTseg/tst34042/tst34042.nii.gz
/data4/haoranlai/Dataset/RAD_ChestCT/image/tst30558.nii.gz,/data4/haoranlai/Dataset/RAD_ChestCT/RadchestCTseg/tst30558/tst30558.nii.gz
/data4/haoranlai/Dataset/RAD_ChestCT/image/tst33330.nii.gz,/data4/haoranlai/Dataset/RAD_ChestCT/RadchestCTseg/tst33330/tst33330.nii.gz
/data4/haoranlai/Dataset/RAD_ChestCT/image/tst32060.nii.gz,/data4/haoranlai/Dataset/RAD_ChestCT/RadchestCTseg/tst32060/tst32060.nii.gz
/data4/haoranlai/Dataset/RAD_ChestCT/image/tst31649.nii.gz,/data4/haoranlai/Dataset/RAD_ChestCT/RadchestCTseg/tst31649/tst31649.nii.gz
/data4/haoranlai/Dataset/RAD_ChestCT/image/tst29976.nii.gz,/data4/haoranlai/Dataset/RAD_ChestCT/RadchestCTseg/tst29976/tst29976.nii.gz
/data4/haoranlai/Dataset/RAD_ChestCT/image/tst31305.nii.gz,/data4/haoranlai/Dataset/RAD_ChestCT/RadchestCTseg/tst31305/tst31305.nii.gz
/data4/haoranlai/Dataset/RAD_ChestCT/image/tst34393.nii.gz,/data4/haoranlai/Dataset/RAD_ChestCT/RadchestCTseg/tst34393/tst34393.nii.gz
/data4/haoranlai/Dataset/RAD_ChestCT/image/tst33467.nii.gz,/data4/haoranlai/Dataset/RAD_ChestCT/RadchestCTseg/tst33467/tst33467.nii.gz
/data4/haoranlai/Dataset/RAD_ChestCT/image/tst32827.nii.gz,/data4/haoranlai/Dataset/RAD_ChestCT/RadchestCTseg/tst32827/tst32827.nii.gz
/data4/haoranlai/Dataset/RAD_ChestCT/image/tst31510.nii.gz,/data4/haoranlai/Dataset/RAD_ChestCT/RadchestCTseg/tst31510/tst31510.nii.gz
/data4/haoranlai/Dataset/RAD_ChestCT/image/tst33285.nii.gz,/data4/haoranlai/Dataset/RAD_ChestCT/RadchestCTseg/tst33285/tst33285.nii.gz
/data4/haoranlai/Dataset/RAD_ChestCT/image/tst33929.nii.gz,/data4/haoranlai/Dataset/RAD_ChestCT/RadchestCTseg/tst33929/tst33929.nii.gz
/data4/haoranlai/Dataset/RAD_ChestCT/image/tst32606.nii.gz,/data4/haoranlai/Dataset/RAD_ChestCT/RadchestCTseg/tst32606/tst32606.nii.gz
/data4/haoranlai/Dataset/RAD_ChestCT/image/tst29830.nii.gz,/data4/haoranlai/Dataset/RAD_ChestCT/RadchestCTseg/tst29830/tst29830.nii.gz
/data4/haoranlai/Dataset/RAD_ChestCT/image/tst34904.nii.gz,/data4/haoranlai/Dataset/RAD_ChestCT/RadchestCTseg/tst34904/tst34904.nii.gz
/data4/haoranlai/Dataset/RAD_ChestCT/image/tst32610.nii.gz,/data4/haoranlai/Dataset/RAD_ChestCT/RadchestCTseg/tst32610/tst32610.nii.gz
/data4/haoranlai/Dataset/RAD_ChestCT/image/tst32838.nii.gz,/data4/haoranlai/Dataset/RAD_ChestCT/RadchestCTseg/tst32838/tst32838.nii.gz
/data4/haoranlai/Dataset/RAD_ChestCT/image/tst29564.nii.gz,/data4/haoranlai/Dataset/RAD_ChestCT/RadchestCTseg/tst29564/tst29564.nii.gz
/data4/haoranlai/Dataset/RAD_ChestCT/image/tst33416.nii.gz,/data4/haoranlai/Dataset/RAD_ChestCT/RadchestCTseg/tst33416/tst33416.nii.gz
/data4/haoranlai/Dataset/RAD_ChestCT/image/tst35449.nii.gz,/data4/haoranlai/Dataset/RAD_ChestCT/RadchestCTseg/tst35449/tst35449.nii.gz
/data4/haoranlai/Dataset/RAD_ChestCT/image/tst32036.nii.gz,/data4/haoranlai/Dataset/RAD_ChestCT/RadchestCTseg/tst32036/tst32036.nii.gz
/data4/haoranlai/Dataset/RAD_ChestCT/image/tst35369.nii.gz,/data4/haoranlai/Dataset/RAD_ChestCT/RadchestCTseg/tst35369/tst35369.nii.gz
/data4/haoranlai/Dataset/RAD_ChestCT/image/tst35891.nii.gz,/data4/haoranlai/Dataset/RAD_ChestCT/RadchestCTseg/tst35891/tst35891.nii.gz
/data4/haoranlai/Dataset/RAD_ChestCT/image/tst31219.nii.gz,/data4/haoranlai/Dataset/RAD_ChestCT/RadchestCTseg/tst31219/tst31219.nii.gz
/data4/haoranlai/Dataset/RAD_ChestCT/image/tst33609.nii.gz,/data4/haoranlai/Dataset/RAD_ChestCT/RadchestCTseg/tst33609/tst33609.nii.gz
/data4/haoranlai/Dataset/RAD_ChestCT/image/tst29123.nii.gz,/data4/haoranlai/Dataset/RAD_ChestCT/RadchestCTseg/tst29123/tst29123.nii.gz
/data4/haoranlai/Dataset/RAD_ChestCT/image/tst34883.nii.gz,/data4/haoranlai/Dataset/RAD_ChestCT/RadchestCTseg/tst34883/tst34883.nii.gz
/data4/haoranlai/Dataset/RAD_ChestCT/image/tst34029.nii.gz,/data4/haoranlai/Dataset/RAD_ChestCT/RadchestCTseg/tst34029/tst34029.nii.gz
/data4/haoranlai/Dataset/RAD_ChestCT/image/tst34239.nii.gz,/data4/haoranlai/Dataset/RAD_ChestCT/RadchestCTseg/tst34239/tst34239.nii.gz
/data4/haoranlai/Dataset/RAD_ChestCT/image/tst32907.nii.gz,/data4/haoranlai/Dataset/RAD_ChestCT/RadchestCTseg/tst32907/tst32907.nii.gz
